Year,UNIT_MEASURE,Sex,Cause of death (as per ICD-10 codes),Value
2003,Number,Total,Total,12988
2004,Number,Total,Total,13082
2005,Number,Total,Total,13802
2006,Number,Total,Total,13232
2007,Number,Total,Total,14146
2008,Number,Total,Total,13501
2009,Number,Total,Total,13775
2010,Number,Total,Total,13517
2011,Number,Total,Total,13658
2012,Number,Total,Total,13796
2013,Number,Total,Total,13978
2014,Number,Total,Total,14409
2015,Number,Total,Total,15059
2016,Number,Total,Total,13970
2017,Number,Total,Total,14663
2018,Number,Total,Total,14763
2019,Number,Total,Total,15081
2020,Number,Total,Total,16582
2021,Number,Total,Total,19002
2022,Number,Total,Total,16263
2023,Number,Total,Total,13508
2024,Number,Total,Total,14136
2003,Number,Total,(A00-B99) Infectious and parasitic diseases,89
2004,Number,Total,(A00-B99) Infectious and parasitic diseases,124
2005,Number,Total,(A00-B99) Infectious and parasitic diseases,128
2006,Number,Total,(A00-B99) Infectious and parasitic diseases,111
2007,Number,Total,(A00-B99) Infectious and parasitic diseases,103
2008,Number,Total,(A00-B99) Infectious and parasitic diseases,118
2009,Number,Total,(A00-B99) Infectious and parasitic diseases,118
2010,Number,Total,(A00-B99) Infectious and parasitic diseases,109
2011,Number,Total,(A00-B99) Infectious and parasitic diseases,117
2012,Number,Total,(A00-B99) Infectious and parasitic diseases,135
2013,Number,Total,(A00-B99) Infectious and parasitic diseases,120
2014,Number,Total,(A00-B99) Infectious and parasitic diseases,136
2015,Number,Total,(A00-B99) Infectious and parasitic diseases,159
2016,Number,Total,(A00-B99) Infectious and parasitic diseases,187
2017,Number,Total,(A00-B99) Infectious and parasitic diseases,147
2018,Number,Total,(A00-B99) Infectious and parasitic diseases,184
2019,Number,Total,(A00-B99) Infectious and parasitic diseases,200
2020,Number,Total,(A00-B99) Infectious and parasitic diseases,162
2021,Number,Total,(A00-B99) Infectious and parasitic diseases,140
2022,Number,Total,(A00-B99) Infectious and parasitic diseases,211
2023,Number,Total,(A00-B99) Infectious and parasitic diseases,188
2024,Number,Total,(A00-B99) Infectious and parasitic diseases,221
2003,Number,Total,"(C00-C97,D00-D48) Neoplasms",2411
2004,Number,Total,"(C00-C97,D00-D48) Neoplasms",2330
2005,Number,Total,"(C00-C97,D00-D48) Neoplasms",2653
2006,Number,Total,"(C00-C97,D00-D48) Neoplasms",2551
2007,Number,Total,"(C00-C97,D00-D48) Neoplasms",2733
2008,Number,Total,"(C00-C97,D00-D48) Neoplasms",2733
2009,Number,Total,"(C00-C97,D00-D48) Neoplasms",2822
2010,Number,Total,"(C00-C97,D00-D48) Neoplasms",2700
2011,Number,Total,"(C00-C97,D00-D48) Neoplasms",2802
2012,Number,Total,"(C00-C97,D00-D48) Neoplasms",2937
2013,Number,Total,"(C00-C97,D00-D48) Neoplasms",3090
2014,Number,Total,"(C00-C97,D00-D48) Neoplasms",3154
2015,Number,Total,"(C00-C97,D00-D48) Neoplasms",3138
2016,Number,Total,"(C00-C97,D00-D48) Neoplasms",2948
2017,Number,Total,"(C00-C97,D00-D48) Neoplasms",3027
2018,Number,Total,"(C00-C97,D00-D48) Neoplasms",2938
2019,Number,Total,"(C00-C97,D00-D48) Neoplasms",2891
2020,Number,Total,"(C00-C97,D00-D48) Neoplasms",2719
2021,Number,Total,"(C00-C97,D00-D48) Neoplasms",2623
2022,Number,Total,"(C00-C97,D00-D48) Neoplasms",2635
2023,Number,Total,"(C00-C97,D00-D48) Neoplasms",2630
2024,Number,Total,"(C00-C97,D00-D48) Neoplasms",2807
2003,Number,Total,"(D50-D89) Diseases of the blood and blood-forming organs, disorders involving the immune mechanism",8
2004,Number,Total,"(D50-D89) Diseases of the blood and blood-forming organs, disorders involving the immune mechanism",13
2005,Number,Total,"(D50-D89) Diseases of the blood and blood-forming organs, disorders involving the immune mechanism",15
2006,Number,Total,"(D50-D89) Diseases of the blood and blood-forming organs, disorders involving the immune mechanism",6
2007,Number,Total,"(D50-D89) Diseases of the blood and blood-forming organs, disorders involving the immune mechanism",16
2008,Number,Total,"(D50-D89) Diseases of the blood and blood-forming organs, disorders involving the immune mechanism",8
2009,Number,Total,"(D50-D89) Diseases of the blood and blood-forming organs, disorders involving the immune mechanism",13
2010,Number,Total,"(D50-D89) Diseases of the blood and blood-forming organs, disorders involving the immune mechanism",15
2011,Number,Total,"(D50-D89) Diseases of the blood and blood-forming organs, disorders involving the immune mechanism",17
2012,Number,Total,"(D50-D89) Diseases of the blood and blood-forming organs, disorders involving the immune mechanism",15
2013,Number,Total,"(D50-D89) Diseases of the blood and blood-forming organs, disorders involving the immune mechanism",16
2014,Number,Total,"(D50-D89) Diseases of the blood and blood-forming organs, disorders involving the immune mechanism",10
2015,Number,Total,"(D50-D89) Diseases of the blood and blood-forming organs, disorders involving the immune mechanism",19
2016,Number,Total,"(D50-D89) Diseases of the blood and blood-forming organs, disorders involving the immune mechanism",24
2017,Number,Total,"(D50-D89) Diseases of the blood and blood-forming organs, disorders involving the immune mechanism",20
2018,Number,Total,"(D50-D89) Diseases of the blood and blood-forming organs, disorders involving the immune mechanism",36
2019,Number,Total,"(D50-D89) Diseases of the blood and blood-forming organs, disorders involving the immune mechanism",24
2020,Number,Total,"(D50-D89) Diseases of the blood and blood-forming organs, disorders involving the immune mechanism",27
2021,Number,Total,"(D50-D89) Diseases of the blood and blood-forming organs, disorders involving the immune mechanism",22
2022,Number,Total,"(D50-D89) Diseases of the blood and blood-forming organs, disorders involving the immune mechanism",28
2023,Number,Total,"(D50-D89) Diseases of the blood and blood-forming organs, disorders involving the immune mechanism",17
2024,Number,Total,"(D50-D89) Diseases of the blood and blood-forming organs, disorders involving the immune mechanism",26
2003,Number,Total,(E00-E90) Endocrine metabolic and nutritional diseases,180
2004,Number,Total,(E00-E90) Endocrine metabolic and nutritional diseases,160
2005,Number,Total,(E00-E90) Endocrine metabolic and nutritional diseases,727
2006,Number,Total,(E00-E90) Endocrine metabolic and nutritional diseases,790
2007,Number,Total,(E00-E90) Endocrine metabolic and nutritional diseases,791
2008,Number,Total,(E00-E90) Endocrine metabolic and nutritional diseases,764
2009,Number,Total,(E00-E90) Endocrine metabolic and nutritional diseases,891
2010,Number,Total,(E00-E90) Endocrine metabolic and nutritional diseases,691
2011,Number,Total,(E00-E90) Endocrine metabolic and nutritional diseases,654
2012,Number,Total,(E00-E90) Endocrine metabolic and nutritional diseases,561
2013,Number,Total,(E00-E90) Endocrine metabolic and nutritional diseases,800
2014,Number,Total,(E00-E90) Endocrine metabolic and nutritional diseases,912
2015,Number,Total,(E00-E90) Endocrine metabolic and nutritional diseases,762
2016,Number,Total,(E00-E90) Endocrine metabolic and nutritional diseases,691
2017,Number,Total,(E00-E90) Endocrine metabolic and nutritional diseases,825
2018,Number,Total,(E00-E90) Endocrine metabolic and nutritional diseases,844
2019,Number,Total,(E00-E90) Endocrine metabolic and nutritional diseases,604
2020,Number,Total,(E00-E90) Endocrine metabolic and nutritional diseases,825
2021,Number,Total,(E00-E90) Endocrine metabolic and nutritional diseases,921
2022,Number,Total,(E00-E90) Endocrine metabolic and nutritional diseases,994
2023,Number,Total,(E00-E90) Endocrine metabolic and nutritional diseases,904
2024,Number,Total,(E00-E90) Endocrine metabolic and nutritional diseases,934
2003,Number,Total,(F00-F99) Mental and behavioural disorders,33
2004,Number,Total,(F00-F99) Mental and behavioural disorders,58
2005,Number,Total,(F00-F99) Mental and behavioural disorders,80
2006,Number,Total,(F00-F99) Mental and behavioural disorders,82
2007,Number,Total,(F00-F99) Mental and behavioural disorders,107
2008,Number,Total,(F00-F99) Mental and behavioural disorders,101
2009,Number,Total,(F00-F99) Mental and behavioural disorders,122
2010,Number,Total,(F00-F99) Mental and behavioural disorders,84
2011,Number,Total,(F00-F99) Mental and behavioural disorders,72
2012,Number,Total,(F00-F99) Mental and behavioural disorders,58
2013,Number,Total,(F00-F99) Mental and behavioural disorders,95
2014,Number,Total,(F00-F99) Mental and behavioural disorders,84
2015,Number,Total,(F00-F99) Mental and behavioural disorders,72
2016,Number,Total,(F00-F99) Mental and behavioural disorders,98
2017,Number,Total,(F00-F99) Mental and behavioural disorders,113
2018,Number,Total,(F00-F99) Mental and behavioural disorders,85
2019,Number,Total,(F00-F99) Mental and behavioural disorders,72
2020,Number,Total,(F00-F99) Mental and behavioural disorders,72
2021,Number,Total,(F00-F99) Mental and behavioural disorders,107
2022,Number,Total,(F00-F99) Mental and behavioural disorders,132
2023,Number,Total,(F00-F99) Mental and behavioural disorders,102
2024,Number,Total,(F00-F99) Mental and behavioural disorders,105
2003,Number,Total,(G00-G99) Diseases of the nervous system,65
2004,Number,Total,(G00-G99) Diseases of the nervous system,91
2005,Number,Total,(G00-G99) Diseases of the nervous system,170
2006,Number,Total,(G00-G99) Diseases of the nervous system,184
2007,Number,Total,(G00-G99) Diseases of the nervous system,155
2008,Number,Total,(G00-G99) Diseases of the nervous system,146
2009,Number,Total,(G00-G99) Diseases of the nervous system,133
2010,Number,Total,(G00-G99) Diseases of the nervous system,152
2011,Number,Total,(G00-G99) Diseases of the nervous system,209
2012,Number,Total,(G00-G99) Diseases of the nervous system,207
2013,Number,Total,(G00-G99) Diseases of the nervous system,185
2014,Number,Total,(G00-G99) Diseases of the nervous system,186
2015,Number,Total,(G00-G99) Diseases of the nervous system,212
2016,Number,Total,(G00-G99) Diseases of the nervous system,171
2017,Number,Total,(G00-G99) Diseases of the nervous system,197
2018,Number,Total,(G00-G99) Diseases of the nervous system,169
2019,Number,Total,(G00-G99) Diseases of the nervous system,165
2020,Number,Total,(G00-G99) Diseases of the nervous system,188
2021,Number,Total,(G00-G99) Diseases of the nervous system,173
2022,Number,Total,(G00-G99) Diseases of the nervous system,168
2023,Number,Total,(G00-G99) Diseases of the nervous system,157
2024,Number,Total,(G00-G99) Diseases of the nervous system,194
2003,Number,Total,(H00-H59) Diseases of the eye,0
2004,Number,Total,(H00-H59) Diseases of the eye,0
2005,Number,Total,(H00-H59) Diseases of the eye,0
2006,Number,Total,(H00-H59) Diseases of the eye,0
2007,Number,Total,(H00-H59) Diseases of the eye,0
2008,Number,Total,(H00-H59) Diseases of the eye,0
2009,Number,Total,(H00-H59) Diseases of the eye,0
2010,Number,Total,(H00-H59) Diseases of the eye,0
2011,Number,Total,(H00-H59) Diseases of the eye,0
2012,Number,Total,(H00-H59) Diseases of the eye,0
2013,Number,Total,(H00-H59) Diseases of the eye,0
2014,Number,Total,(H00-H59) Diseases of the eye,0
2015,Number,Total,(H00-H59) Diseases of the eye,0
2016,Number,Total,(H00-H59) Diseases of the eye,0
2017,Number,Total,(H00-H59) Diseases of the eye,0
2018,Number,Total,(H00-H59) Diseases of the eye,0
2019,Number,Total,(H00-H59) Diseases of the eye,0
2020,Number,Total,(H00-H59) Diseases of the eye,0
2021,Number,Total,(H00-H59) Diseases of the eye,0
2022,Number,Total,(H00-H59) Diseases of the eye,0
2023,Number,Total,(H00-H59) Diseases of the eye,0
2024,Number,Total,(H00-H59) Diseases of the eye,0
2003,Number,Total,(H60–H93) Diseases of the ear and adnexa,0
2004,Number,Total,(H60–H93) Diseases of the ear and adnexa,0
2005,Number,Total,(H60–H93) Diseases of the ear and adnexa,1
2006,Number,Total,(H60–H93) Diseases of the ear and adnexa,0
2007,Number,Total,(H60–H93) Diseases of the ear and adnexa,1
2008,Number,Total,(H60–H93) Diseases of the ear and adnexa,0
2009,Number,Total,(H60–H93) Diseases of the ear and adnexa,0
2010,Number,Total,(H60–H93) Diseases of the ear and adnexa,0
2011,Number,Total,(H60–H93) Diseases of the ear and adnexa,0
2012,Number,Total,(H60–H93) Diseases of the ear and adnexa,0
2013,Number,Total,(H60–H93) Diseases of the ear and adnexa,0
2014,Number,Total,(H60–H93) Diseases of the ear and adnexa,0
2015,Number,Total,(H60–H93) Diseases of the ear and adnexa,0
2016,Number,Total,(H60–H93) Diseases of the ear and adnexa,0
2017,Number,Total,(H60–H93) Diseases of the ear and adnexa,0
2018,Number,Total,(H60–H93) Diseases of the ear and adnexa,0
2019,Number,Total,(H60–H93) Diseases of the ear and adnexa,0
2020,Number,Total,(H60–H93) Diseases of the ear and adnexa,0
2021,Number,Total,(H60–H93) Diseases of the ear and adnexa,0
2022,Number,Total,(H60–H93) Diseases of the ear and adnexa,0
2023,Number,Total,(H60–H93) Diseases of the ear and adnexa,0
2024,Number,Total,(H60–H93) Diseases of the ear and adnexa,0
2003,Number,Total,(I00-I99) Diseases of the circulatory system,7071
2004,Number,Total,(I00-I99) Diseases of the circulatory system,7340
2005,Number,Total,(I00-I99) Diseases of the circulatory system,7002
2006,Number,Total,(I00-I99) Diseases of the circulatory system,6463
2007,Number,Total,(I00-I99) Diseases of the circulatory system,7097
2008,Number,Total,(I00-I99) Diseases of the circulatory system,6965
2009,Number,Total,(I00-I99) Diseases of the circulatory system,7014
2010,Number,Total,(I00-I99) Diseases of the circulatory system,7211
2011,Number,Total,(I00-I99) Diseases of the circulatory system,7339
2012,Number,Total,(I00-I99) Diseases of the circulatory system,7625
2013,Number,Total,(I00-I99) Diseases of the circulatory system,6687
2014,Number,Total,(I00-I99) Diseases of the circulatory system,6777
2015,Number,Total,(I00-I99) Diseases of the circulatory system,7275
2016,Number,Total,(I00-I99) Diseases of the circulatory system,6920
2017,Number,Total,(I00-I99) Diseases of the circulatory system,7180
2018,Number,Total,(I00-I99) Diseases of the circulatory system,6989
2019,Number,Total,(I00-I99) Diseases of the circulatory system,7473
2020,Number,Total,(I00-I99) Diseases of the circulatory system,7602
2021,Number,Total,(I00-I99) Diseases of the circulatory system,7217
2022,Number,Total,(I00-I99) Diseases of the circulatory system,6791
2023,Number,Total,(I00-I99) Diseases of the circulatory system,6051
2024,Number,Total,(I00-I99) Diseases of the circulatory system,6259
2003,Number,Total,(J00-J99) Diseases of the respiratory system,304
2004,Number,Total,(J00-J99) Diseases of the respiratory system,345
2005,Number,Total,(J00-J99) Diseases of the respiratory system,504
2006,Number,Total,(J00-J99) Diseases of the respiratory system,520
2007,Number,Total,(J00-J99) Diseases of the respiratory system,493
2008,Number,Total,(J00-J99) Diseases of the respiratory system,449
2009,Number,Total,(J00-J99) Diseases of the respiratory system,430
2010,Number,Total,(J00-J99) Diseases of the respiratory system,450
2011,Number,Total,(J00-J99) Diseases of the respiratory system,536
2012,Number,Total,(J00-J99) Diseases of the respiratory system,424
2013,Number,Total,(J00-J99) Diseases of the respiratory system,556
2014,Number,Total,(J00-J99) Diseases of the respiratory system,524
2015,Number,Total,(J00-J99) Diseases of the respiratory system,618
2016,Number,Total,(J00-J99) Diseases of the respiratory system,510
2017,Number,Total,(J00-J99) Diseases of the respiratory system,576
2018,Number,Total,(J00-J99) Diseases of the respiratory system,626
2019,Number,Total,(J00-J99) Diseases of the respiratory system,596
2020,Number,Total,(J00-J99) Diseases of the respiratory system,631
2021,Number,Total,(J00-J99) Diseases of the respiratory system,640
2022,Number,Total,(J00-J99) Diseases of the respiratory system,567
2023,Number,Total,(J00-J99) Diseases of the respiratory system,586
2024,Number,Total,(J00-J99) Diseases of the respiratory system,667
2003,Number,Total,(K00-K93) Diseases of the digestive system,352
2004,Number,Total,(K00-K93) Diseases of the digestive system,347
2005,Number,Total,(K00-K93) Diseases of the digestive system,343
2006,Number,Total,(K00-K93) Diseases of the digestive system,379
2007,Number,Total,(K00-K93) Diseases of the digestive system,396
2008,Number,Total,(K00-K93) Diseases of the digestive system,366
2009,Number,Total,(K00-K93) Diseases of the digestive system,371
2010,Number,Total,(K00-K93) Diseases of the digestive system,398
2011,Number,Total,(K00-K93) Diseases of the digestive system,391
2012,Number,Total,(K00-K93) Diseases of the digestive system,393
2013,Number,Total,(K00-K93) Diseases of the digestive system,402
2014,Number,Total,(K00-K93) Diseases of the digestive system,429
2015,Number,Total,(K00-K93) Diseases of the digestive system,440
2016,Number,Total,(K00-K93) Diseases of the digestive system,450
2017,Number,Total,(K00-K93) Diseases of the digestive system,413
2018,Number,Total,(K00-K93) Diseases of the digestive system,481
2019,Number,Total,(K00-K93) Diseases of the digestive system,419
2020,Number,Total,(K00-K93) Diseases of the digestive system,438
2021,Number,Total,(K00-K93) Diseases of the digestive system,400
2022,Number,Total,(K00-K93) Diseases of the digestive system,460
2023,Number,Total,(K00-K93) Diseases of the digestive system,457
2024,Number,Total,(K00-K93) Diseases of the digestive system,441
2003,Number,Total,(L00-L99) Diseases of the skin and subcutaneous tissue,0
2004,Number,Total,(L00-L99) Diseases of the skin and subcutaneous tissue,3
2005,Number,Total,(L00-L99) Diseases of the skin and subcutaneous tissue,0
2006,Number,Total,(L00-L99) Diseases of the skin and subcutaneous tissue,1
2007,Number,Total,(L00-L99) Diseases of the skin and subcutaneous tissue,2
2008,Number,Total,(L00-L99) Diseases of the skin and subcutaneous tissue,2
2009,Number,Total,(L00-L99) Diseases of the skin and subcutaneous tissue,3
2010,Number,Total,(L00-L99) Diseases of the skin and subcutaneous tissue,6
2011,Number,Total,(L00-L99) Diseases of the skin and subcutaneous tissue,1
2012,Number,Total,(L00-L99) Diseases of the skin and subcutaneous tissue,4
2013,Number,Total,(L00-L99) Diseases of the skin and subcutaneous tissue,20
2014,Number,Total,(L00-L99) Diseases of the skin and subcutaneous tissue,22
2015,Number,Total,(L00-L99) Diseases of the skin and subcutaneous tissue,22
2016,Number,Total,(L00-L99) Diseases of the skin and subcutaneous tissue,21
2017,Number,Total,(L00-L99) Diseases of the skin and subcutaneous tissue,24
2018,Number,Total,(L00-L99) Diseases of the skin and subcutaneous tissue,22
2019,Number,Total,(L00-L99) Diseases of the skin and subcutaneous tissue,23
2020,Number,Total,(L00-L99) Diseases of the skin and subcutaneous tissue,30
2021,Number,Total,(L00-L99) Diseases of the skin and subcutaneous tissue,33
2022,Number,Total,(L00-L99) Diseases of the skin and subcutaneous tissue,31
2023,Number,Total,(L00-L99) Diseases of the skin and subcutaneous tissue,45
2024,Number,Total,(L00-L99) Diseases of the skin and subcutaneous tissue,55
2003,Number,Total,(M00-M99) Diseases of the musculoskeletal system and connective tissue,6
2004,Number,Total,(M00-M99) Diseases of the musculoskeletal system and connective tissue,3
2005,Number,Total,(M00-M99) Diseases of the musculoskeletal system and connective tissue,12
2006,Number,Total,(M00-M99) Diseases of the musculoskeletal system and connective tissue,10
2007,Number,Total,(M00-M99) Diseases of the musculoskeletal system and connective tissue,13
2008,Number,Total,(M00-M99) Diseases of the musculoskeletal system and connective tissue,17
2009,Number,Total,(M00-M99) Diseases of the musculoskeletal system and connective tissue,13
2010,Number,Total,(M00-M99) Diseases of the musculoskeletal system and connective tissue,11
2011,Number,Total,(M00-M99) Diseases of the musculoskeletal system and connective tissue,18
2012,Number,Total,(M00-M99) Diseases of the musculoskeletal system and connective tissue,16
2013,Number,Total,(M00-M99) Diseases of the musculoskeletal system and connective tissue,28
2014,Number,Total,(M00-M99) Diseases of the musculoskeletal system and connective tissue,22
2015,Number,Total,(M00-M99) Diseases of the musculoskeletal system and connective tissue,30
2016,Number,Total,(M00-M99) Diseases of the musculoskeletal system and connective tissue,19
2017,Number,Total,(M00-M99) Diseases of the musculoskeletal system and connective tissue,17
2018,Number,Total,(M00-M99) Diseases of the musculoskeletal system and connective tissue,21
2019,Number,Total,(M00-M99) Diseases of the musculoskeletal system and connective tissue,13
2020,Number,Total,(M00-M99) Diseases of the musculoskeletal system and connective tissue,28
2021,Number,Total,(M00-M99) Diseases of the musculoskeletal system and connective tissue,8
2022,Number,Total,(M00-M99) Diseases of the musculoskeletal system and connective tissue,24
2023,Number,Total,(M00-M99) Diseases of the musculoskeletal system and connective tissue,13
2024,Number,Total,(M00-M99) Diseases of the musculoskeletal system and connective tissue,17
2003,Number,Total,(N00-N99) Diseases of the genitourinary system,222
2004,Number,Total,(N00-N99) Diseases of the genitourinary system,205
2005,Number,Total,(N00-N99) Diseases of the genitourinary system,257
2006,Number,Total,(N00-N99) Diseases of the genitourinary system,266
2007,Number,Total,(N00-N99) Diseases of the genitourinary system,275
2008,Number,Total,(N00-N99) Diseases of the genitourinary system,268
2009,Number,Total,(N00-N99) Diseases of the genitourinary system,257
2010,Number,Total,(N00-N99) Diseases of the genitourinary system,255
2011,Number,Total,(N00-N99) Diseases of the genitourinary system,175
2012,Number,Total,(N00-N99) Diseases of the genitourinary system,236
2013,Number,Total,(N00-N99) Diseases of the genitourinary system,213
2014,Number,Total,(N00-N99) Diseases of the genitourinary system,150
2015,Number,Total,(N00-N99) Diseases of the genitourinary system,179
2016,Number,Total,(N00-N99) Diseases of the genitourinary system,218
2017,Number,Total,(N00-N99) Diseases of the genitourinary system,193
2018,Number,Total,(N00-N99) Diseases of the genitourinary system,220
2019,Number,Total,(N00-N99) Diseases of the genitourinary system,195
2020,Number,Total,(N00-N99) Diseases of the genitourinary system,221
2021,Number,Total,(N00-N99) Diseases of the genitourinary system,197
2022,Number,Total,(N00-N99) Diseases of the genitourinary system,254
2023,Number,Total,(N00-N99) Diseases of the genitourinary system,310
2024,Number,Total,(N00-N99) Diseases of the genitourinary system,313
2003,Number,Total,"(O00-O99) Pregnancy, childbirth and the puerperium",1
2004,Number,Total,"(O00-O99) Pregnancy, childbirth and the puerperium",0
2005,Number,Total,"(O00-O99) Pregnancy, childbirth and the puerperium",2
2006,Number,Total,"(O00-O99) Pregnancy, childbirth and the puerperium",2
2007,Number,Total,"(O00-O99) Pregnancy, childbirth and the puerperium",1
2008,Number,Total,"(O00-O99) Pregnancy, childbirth and the puerperium",1
2009,Number,Total,"(O00-O99) Pregnancy, childbirth and the puerperium",0
2010,Number,Total,"(O00-O99) Pregnancy, childbirth and the puerperium",1
2011,Number,Total,"(O00-O99) Pregnancy, childbirth and the puerperium",1
2012,Number,Total,"(O00-O99) Pregnancy, childbirth and the puerperium",0
2013,Number,Total,"(O00-O99) Pregnancy, childbirth and the puerperium",0
2014,Number,Total,"(O00-O99) Pregnancy, childbirth and the puerperium",0
2015,Number,Total,"(O00-O99) Pregnancy, childbirth and the puerperium",1
2016,Number,Total,"(O00-O99) Pregnancy, childbirth and the puerperium",1
2017,Number,Total,"(O00-O99) Pregnancy, childbirth and the puerperium",0
2018,Number,Total,"(O00-O99) Pregnancy, childbirth and the puerperium",1
2019,Number,Total,"(O00-O99) Pregnancy, childbirth and the puerperium",0
2020,Number,Total,"(O00-O99) Pregnancy, childbirth and the puerperium",3
2021,Number,Total,"(O00-O99) Pregnancy, childbirth and the puerperium",0
2022,Number,Total,"(O00-O99) Pregnancy, childbirth and the puerperium",1
2023,Number,Total,"(O00-O99) Pregnancy, childbirth and the puerperium",0
2024,Number,Total,"(O00-O99) Pregnancy, childbirth and the puerperium",0
2003,Number,Total,(P00-P96) Certain conditions originating in the perinatal period,44
2004,Number,Total,(P00-P96) Certain conditions originating in the perinatal period,38
2005,Number,Total,(P00-P96) Certain conditions originating in the perinatal period,27
2006,Number,Total,(P00-P96) Certain conditions originating in the perinatal period,38
2007,Number,Total,(P00-P96) Certain conditions originating in the perinatal period,27
2008,Number,Total,(P00-P96) Certain conditions originating in the perinatal period,20
2009,Number,Total,(P00-P96) Certain conditions originating in the perinatal period,34
2010,Number,Total,(P00-P96) Certain conditions originating in the perinatal period,29
2011,Number,Total,(P00-P96) Certain conditions originating in the perinatal period,36
2012,Number,Total,(P00-P96) Certain conditions originating in the perinatal period,29
2013,Number,Total,(P00-P96) Certain conditions originating in the perinatal period,21
2014,Number,Total,(P00-P96) Certain conditions originating in the perinatal period,16
2015,Number,Total,(P00-P96) Certain conditions originating in the perinatal period,10
2016,Number,Total,(P00-P96) Certain conditions originating in the perinatal period,18
2017,Number,Total,(P00-P96) Certain conditions originating in the perinatal period,17
2018,Number,Total,(P00-P96) Certain conditions originating in the perinatal period,10
2019,Number,Total,(P00-P96) Certain conditions originating in the perinatal period,11
2020,Number,Total,(P00-P96) Certain conditions originating in the perinatal period,34
2021,Number,Total,(P00-P96) Certain conditions originating in the perinatal period,9
2022,Number,Total,(P00-P96) Certain conditions originating in the perinatal period,19
2023,Number,Total,(P00-P96) Certain conditions originating in the perinatal period,14
2024,Number,Total,(P00-P96) Certain conditions originating in the perinatal period,25
2003,Number,Total,"(Q00-Q99) Congenital malformations, deformations and chromosomal abnormalities",10
2004,Number,Total,"(Q00-Q99) Congenital malformations, deformations and chromosomal abnormalities",11
2005,Number,Total,"(Q00-Q99) Congenital malformations, deformations and chromosomal abnormalities",14
2006,Number,Total,"(Q00-Q99) Congenital malformations, deformations and chromosomal abnormalities",14
2007,Number,Total,"(Q00-Q99) Congenital malformations, deformations and chromosomal abnormalities",14
2008,Number,Total,"(Q00-Q99) Congenital malformations, deformations and chromosomal abnormalities",15
2009,Number,Total,"(Q00-Q99) Congenital malformations, deformations and chromosomal abnormalities",20
2010,Number,Total,"(Q00-Q99) Congenital malformations, deformations and chromosomal abnormalities",17
2011,Number,Total,"(Q00-Q99) Congenital malformations, deformations and chromosomal abnormalities",9
2012,Number,Total,"(Q00-Q99) Congenital malformations, deformations and chromosomal abnormalities",6
2013,Number,Total,"(Q00-Q99) Congenital malformations, deformations and chromosomal abnormalities",10
2014,Number,Total,"(Q00-Q99) Congenital malformations, deformations and chromosomal abnormalities",10
2015,Number,Total,"(Q00-Q99) Congenital malformations, deformations and chromosomal abnormalities",7
2016,Number,Total,"(Q00-Q99) Congenital malformations, deformations and chromosomal abnormalities",5
2017,Number,Total,"(Q00-Q99) Congenital malformations, deformations and chromosomal abnormalities",5
2018,Number,Total,"(Q00-Q99) Congenital malformations, deformations and chromosomal abnormalities",5
2019,Number,Total,"(Q00-Q99) Congenital malformations, deformations and chromosomal abnormalities",4
2020,Number,Total,"(Q00-Q99) Congenital malformations, deformations and chromosomal abnormalities",6
2021,Number,Total,"(Q00-Q99) Congenital malformations, deformations and chromosomal abnormalities",5
2022,Number,Total,"(Q00-Q99) Congenital malformations, deformations and chromosomal abnormalities",13
2023,Number,Total,"(Q00-Q99) Congenital malformations, deformations and chromosomal abnormalities",7
2024,Number,Total,"(Q00-Q99) Congenital malformations, deformations and chromosomal abnormalities",11
2003,Number,Total,"(R00-R99) Symptoms, signs and abnormal clinical and laboratory findings, not elsewhere classified",1612
2004,Number,Total,"(R00-R99) Symptoms, signs and abnormal clinical and laboratory findings, not elsewhere classified",1462
2005,Number,Total,"(R00-R99) Symptoms, signs and abnormal clinical and laboratory findings, not elsewhere classified",1249
2006,Number,Total,"(R00-R99) Symptoms, signs and abnormal clinical and laboratory findings, not elsewhere classified",1200
2007,Number,Total,"(R00-R99) Symptoms, signs and abnormal clinical and laboratory findings, not elsewhere classified",1288
2008,Number,Total,"(R00-R99) Symptoms, signs and abnormal clinical and laboratory findings, not elsewhere classified",945
2009,Number,Total,"(R00-R99) Symptoms, signs and abnormal clinical and laboratory findings, not elsewhere classified",953
2010,Number,Total,"(R00-R99) Symptoms, signs and abnormal clinical and laboratory findings, not elsewhere classified",877
2011,Number,Total,"(R00-R99) Symptoms, signs and abnormal clinical and laboratory findings, not elsewhere classified",681
2012,Number,Total,"(R00-R99) Symptoms, signs and abnormal clinical and laboratory findings, not elsewhere classified",612
2013,Number,Total,"(R00-R99) Symptoms, signs and abnormal clinical and laboratory findings, not elsewhere classified",1231
2014,Number,Total,"(R00-R99) Symptoms, signs and abnormal clinical and laboratory findings, not elsewhere classified",1445
2015,Number,Total,"(R00-R99) Symptoms, signs and abnormal clinical and laboratory findings, not elsewhere classified",1556
2016,Number,Total,"(R00-R99) Symptoms, signs and abnormal clinical and laboratory findings, not elsewhere classified",1198
2017,Number,Total,"(R00-R99) Symptoms, signs and abnormal clinical and laboratory findings, not elsewhere classified",1435
2018,Number,Total,"(R00-R99) Symptoms, signs and abnormal clinical and laboratory findings, not elsewhere classified",1650
2019,Number,Total,"(R00-R99) Symptoms, signs and abnormal clinical and laboratory findings, not elsewhere classified",1961
2020,Number,Total,"(R00-R99) Symptoms, signs and abnormal clinical and laboratory findings, not elsewhere classified",1599
2021,Number,Total,"(R00-R99) Symptoms, signs and abnormal clinical and laboratory findings, not elsewhere classified",2213
2022,Number,Total,"(R00-R99) Symptoms, signs and abnormal clinical and laboratory findings, not elsewhere classified",2158
2023,Number,Total,"(R00-R99) Symptoms, signs and abnormal clinical and laboratory findings, not elsewhere classified",1431
2024,Number,Total,"(R00-R99) Symptoms, signs and abnormal clinical and laboratory findings, not elsewhere classified",1567
2003,Number,Total,"(S00-T98) Injuries, poisoning and consequences of external causes",580
2004,Number,Total,"(S00-T98) Injuries, poisoning and consequences of external causes",552
2005,Number,Total,"(S00-T98) Injuries, poisoning and consequences of external causes",618
2006,Number,Total,"(S00-T98) Injuries, poisoning and consequences of external causes",615
2007,Number,Total,"(S00-T98) Injuries, poisoning and consequences of external causes",634
2008,Number,Total,"(S00-T98) Injuries, poisoning and consequences of external causes",584
2009,Number,Total,"(S00-T98) Injuries, poisoning and consequences of external causes",581
2010,Number,Total,"(S00-T98) Injuries, poisoning and consequences of external causes",511
2011,Number,Total,"(S00-T98) Injuries, poisoning and consequences of external causes",600
2012,Number,Total,"(S00-T98) Injuries, poisoning and consequences of external causes",538
2013,Number,Total,"(S00-T98) Injuries, poisoning and consequences of external causes",504
2014,Number,Total,"(S00-T98) Injuries, poisoning and consequences of external causes",532
2015,Number,Total,"(S00-T98) Injuries, poisoning and consequences of external causes",559
2016,Number,Total,"(S00-T98) Injuries, poisoning and consequences of external causes",491
2017,Number,Total,"(S00-T98) Injuries, poisoning and consequences of external causes",474
2018,Number,Total,"(S00-T98) Injuries, poisoning and consequences of external causes",482
2019,Number,Total,"(S00-T98) Injuries, poisoning and consequences of external causes",430
2020,Number,Total,"(S00-T98) Injuries, poisoning and consequences of external causes",405
2021,Number,Total,"(S00-T98) Injuries, poisoning and consequences of external causes",448
2022,Number,Total,"(S00-T98) Injuries, poisoning and consequences of external causes",465
2023,Number,Total,"(S00-T98) Injuries, poisoning and consequences of external causes",434
2024,Number,Total,"(S00-T98) Injuries, poisoning and consequences of external causes",422
2003,Number,Total,(U00-U85) Special purpose codes,0
2004,Number,Total,(U00-U85) Special purpose codes,0
2005,Number,Total,(U00-U85) Special purpose codes,0
2006,Number,Total,(U00-U85) Special purpose codes,0
2007,Number,Total,(U00-U85) Special purpose codes,0
2008,Number,Total,(U00-U85) Special purpose codes,0
2009,Number,Total,(U00-U85) Special purpose codes,0
2010,Number,Total,(U00-U85) Special purpose codes,0
2011,Number,Total,(U00-U85) Special purpose codes,0
2012,Number,Total,(U00-U85) Special purpose codes,0
2013,Number,Total,(U00-U85) Special purpose codes,0
2014,Number,Total,(U00-U85) Special purpose codes,0
2015,Number,Total,(U00-U85) Special purpose codes,0
2016,Number,Total,(U00-U85) Special purpose codes,0
2017,Number,Total,(U00-U85) Special purpose codes,0
2018,Number,Total,(U00-U85) Special purpose codes,0
2019,Number,Total,(U00-U85) Special purpose codes,0
2020,Number,Total,(U00-U85) Special purpose codes,1592
2021,Number,Total,(U00-U85) Special purpose codes,3846
2022,Number,Total,(U00-U85) Special purpose codes,1312
2023,Number,Total,(U00-U85) Special purpose codes,162
2024,Number,Total,(U00-U85) Special purpose codes,72
2003,Number,M,Total,6804
2004,Number,M,Total,6735
2005,Number,M,Total,7239
2006,Number,M,Total,6904
2007,Number,M,Total,7302
2008,Number,M,Total,7058
2009,Number,M,Total,7099
2010,Number,M,Total,6935
2011,Number,M,Total,7001
2012,Number,M,Total,7064
2013,Number,M,Total,7237
2014,Number,M,Total,7386
2015,Number,M,Total,7640
2016,Number,M,Total,7198
2017,Number,M,Total,7363
2018,Number,M,Total,7449
2019,Number,M,Total,7753
2020,Number,M,Total,8613
2021,Number,M,Total,9943
2022,Number,M,Total,8469
2023,Number,M,Total,6978
2024,Number,M,Total,7289
2003,Number,M,(A00-B99) Infectious and parasitic diseases,59
2004,Number,M,(A00-B99) Infectious and parasitic diseases,75
2005,Number,M,(A00-B99) Infectious and parasitic diseases,78
2006,Number,M,(A00-B99) Infectious and parasitic diseases,73
2007,Number,M,(A00-B99) Infectious and parasitic diseases,70
2008,Number,M,(A00-B99) Infectious and parasitic diseases,72
2009,Number,M,(A00-B99) Infectious and parasitic diseases,75
2010,Number,M,(A00-B99) Infectious and parasitic diseases,72
2011,Number,M,(A00-B99) Infectious and parasitic diseases,79
2012,Number,M,(A00-B99) Infectious and parasitic diseases,69
2013,Number,M,(A00-B99) Infectious and parasitic diseases,73
2014,Number,M,(A00-B99) Infectious and parasitic diseases,80
2015,Number,M,(A00-B99) Infectious and parasitic diseases,92
2016,Number,M,(A00-B99) Infectious and parasitic diseases,104
2017,Number,M,(A00-B99) Infectious and parasitic diseases,85
2018,Number,M,(A00-B99) Infectious and parasitic diseases,109
2019,Number,M,(A00-B99) Infectious and parasitic diseases,119
2020,Number,M,(A00-B99) Infectious and parasitic diseases,87
2021,Number,M,(A00-B99) Infectious and parasitic diseases,86
2022,Number,M,(A00-B99) Infectious and parasitic diseases,115
2023,Number,M,(A00-B99) Infectious and parasitic diseases,105
2024,Number,M,(A00-B99) Infectious and parasitic diseases,105
2003,Number,M,"(C00-C97,D00-D48) Neoplasms",1461
2004,Number,M,"(C00-C97,D00-D48) Neoplasms",1402
2005,Number,M,"(C00-C97,D00-D48) Neoplasms",1581
2006,Number,M,"(C00-C97,D00-D48) Neoplasms",1536
2007,Number,M,"(C00-C97,D00-D48) Neoplasms",1624
2008,Number,M,"(C00-C97,D00-D48) Neoplasms",1658
2009,Number,M,"(C00-C97,D00-D48) Neoplasms",1661
2010,Number,M,"(C00-C97,D00-D48) Neoplasms",1595
2011,Number,M,"(C00-C97,D00-D48) Neoplasms",1684
2012,Number,M,"(C00-C97,D00-D48) Neoplasms",1754
2013,Number,M,"(C00-C97,D00-D48) Neoplasms",1859
2014,Number,M,"(C00-C97,D00-D48) Neoplasms",1801
2015,Number,M,"(C00-C97,D00-D48) Neoplasms",1783
2016,Number,M,"(C00-C97,D00-D48) Neoplasms",1739
2017,Number,M,"(C00-C97,D00-D48) Neoplasms",1759
2018,Number,M,"(C00-C97,D00-D48) Neoplasms",1729
2019,Number,M,"(C00-C97,D00-D48) Neoplasms",1705
2020,Number,M,"(C00-C97,D00-D48) Neoplasms",1622
2021,Number,M,"(C00-C97,D00-D48) Neoplasms",1558
2022,Number,M,"(C00-C97,D00-D48) Neoplasms",1519
2023,Number,M,"(C00-C97,D00-D48) Neoplasms",1542
2024,Number,M,"(C00-C97,D00-D48) Neoplasms",1651
2003,Number,M,"(D50-D89) Diseases of the blood and blood-forming organs, disorders involving the immune mechanism",6
2004,Number,M,"(D50-D89) Diseases of the blood and blood-forming organs, disorders involving the immune mechanism",2
2005,Number,M,"(D50-D89) Diseases of the blood and blood-forming organs, disorders involving the immune mechanism",5
2006,Number,M,"(D50-D89) Diseases of the blood and blood-forming organs, disorders involving the immune mechanism",2
2007,Number,M,"(D50-D89) Diseases of the blood and blood-forming organs, disorders involving the immune mechanism",6
2008,Number,M,"(D50-D89) Diseases of the blood and blood-forming organs, disorders involving the immune mechanism",3
2009,Number,M,"(D50-D89) Diseases of the blood and blood-forming organs, disorders involving the immune mechanism",4
2010,Number,M,"(D50-D89) Diseases of the blood and blood-forming organs, disorders involving the immune mechanism",5
2011,Number,M,"(D50-D89) Diseases of the blood and blood-forming organs, disorders involving the immune mechanism",7
2012,Number,M,"(D50-D89) Diseases of the blood and blood-forming organs, disorders involving the immune mechanism",9
2013,Number,M,"(D50-D89) Diseases of the blood and blood-forming organs, disorders involving the immune mechanism",8
2014,Number,M,"(D50-D89) Diseases of the blood and blood-forming organs, disorders involving the immune mechanism",2
2015,Number,M,"(D50-D89) Diseases of the blood and blood-forming organs, disorders involving the immune mechanism",9
2016,Number,M,"(D50-D89) Diseases of the blood and blood-forming organs, disorders involving the immune mechanism",9
2017,Number,M,"(D50-D89) Diseases of the blood and blood-forming organs, disorders involving the immune mechanism",3
2018,Number,M,"(D50-D89) Diseases of the blood and blood-forming organs, disorders involving the immune mechanism",18
2019,Number,M,"(D50-D89) Diseases of the blood and blood-forming organs, disorders involving the immune mechanism",8
2020,Number,M,"(D50-D89) Diseases of the blood and blood-forming organs, disorders involving the immune mechanism",12
2021,Number,M,"(D50-D89) Diseases of the blood and blood-forming organs, disorders involving the immune mechanism",7
2022,Number,M,"(D50-D89) Diseases of the blood and blood-forming organs, disorders involving the immune mechanism",9
2023,Number,M,"(D50-D89) Diseases of the blood and blood-forming organs, disorders involving the immune mechanism",10
2024,Number,M,"(D50-D89) Diseases of the blood and blood-forming organs, disorders involving the immune mechanism",10
2003,Number,M,(E00-E90) Endocrine metabolic and nutritional diseases,71
2004,Number,M,(E00-E90) Endocrine metabolic and nutritional diseases,68
2005,Number,M,(E00-E90) Endocrine metabolic and nutritional diseases,286
2006,Number,M,(E00-E90) Endocrine metabolic and nutritional diseases,306
2007,Number,M,(E00-E90) Endocrine metabolic and nutritional diseases,349
2008,Number,M,(E00-E90) Endocrine metabolic and nutritional diseases,310
2009,Number,M,(E00-E90) Endocrine metabolic and nutritional diseases,361
2010,Number,M,(E00-E90) Endocrine metabolic and nutritional diseases,289
2011,Number,M,(E00-E90) Endocrine metabolic and nutritional diseases,257
2012,Number,M,(E00-E90) Endocrine metabolic and nutritional diseases,211
2013,Number,M,(E00-E90) Endocrine metabolic and nutritional diseases,341
2014,Number,M,(E00-E90) Endocrine metabolic and nutritional diseases,411
2015,Number,M,(E00-E90) Endocrine metabolic and nutritional diseases,362
2016,Number,M,(E00-E90) Endocrine metabolic and nutritional diseases,313
2017,Number,M,(E00-E90) Endocrine metabolic and nutritional diseases,373
2018,Number,M,(E00-E90) Endocrine metabolic and nutritional diseases,386
2019,Number,M,(E00-E90) Endocrine metabolic and nutritional diseases,261
2020,Number,M,(E00-E90) Endocrine metabolic and nutritional diseases,340
2021,Number,M,(E00-E90) Endocrine metabolic and nutritional diseases,387
2022,Number,M,(E00-E90) Endocrine metabolic and nutritional diseases,435
2023,Number,M,(E00-E90) Endocrine metabolic and nutritional diseases,407
2024,Number,M,(E00-E90) Endocrine metabolic and nutritional diseases,428
2003,Number,M,(F00-F99) Mental and behavioural disorders,24
2004,Number,M,(F00-F99) Mental and behavioural disorders,46
2005,Number,M,(F00-F99) Mental and behavioural disorders,64
2006,Number,M,(F00-F99) Mental and behavioural disorders,67
2007,Number,M,(F00-F99) Mental and behavioural disorders,87
2008,Number,M,(F00-F99) Mental and behavioural disorders,82
2009,Number,M,(F00-F99) Mental and behavioural disorders,92
2010,Number,M,(F00-F99) Mental and behavioural disorders,73
2011,Number,M,(F00-F99) Mental and behavioural disorders,58
2012,Number,M,(F00-F99) Mental and behavioural disorders,46
2013,Number,M,(F00-F99) Mental and behavioural disorders,64
2014,Number,M,(F00-F99) Mental and behavioural disorders,63
2015,Number,M,(F00-F99) Mental and behavioural disorders,44
2016,Number,M,(F00-F99) Mental and behavioural disorders,72
2017,Number,M,(F00-F99) Mental and behavioural disorders,70
2018,Number,M,(F00-F99) Mental and behavioural disorders,55
2019,Number,M,(F00-F99) Mental and behavioural disorders,50
2020,Number,M,(F00-F99) Mental and behavioural disorders,43
2021,Number,M,(F00-F99) Mental and behavioural disorders,63
2022,Number,M,(F00-F99) Mental and behavioural disorders,94
2023,Number,M,(F00-F99) Mental and behavioural disorders,64
2024,Number,M,(F00-F99) Mental and behavioural disorders,63
2003,Number,M,(G00-G99) Diseases of the nervous system,39
2004,Number,M,(G00-G99) Diseases of the nervous system,53
2005,Number,M,(G00-G99) Diseases of the nervous system,86
2006,Number,M,(G00-G99) Diseases of the nervous system,111
2007,Number,M,(G00-G99) Diseases of the nervous system,85
2008,Number,M,(G00-G99) Diseases of the nervous system,91
2009,Number,M,(G00-G99) Diseases of the nervous system,78
2010,Number,M,(G00-G99) Diseases of the nervous system,76
2011,Number,M,(G00-G99) Diseases of the nervous system,112
2012,Number,M,(G00-G99) Diseases of the nervous system,105
2013,Number,M,(G00-G99) Diseases of the nervous system,98
2014,Number,M,(G00-G99) Diseases of the nervous system,97
2015,Number,M,(G00-G99) Diseases of the nervous system,106
2016,Number,M,(G00-G99) Diseases of the nervous system,96
2017,Number,M,(G00-G99) Diseases of the nervous system,102
2018,Number,M,(G00-G99) Diseases of the nervous system,82
2019,Number,M,(G00-G99) Diseases of the nervous system,84
2020,Number,M,(G00-G99) Diseases of the nervous system,91
2021,Number,M,(G00-G99) Diseases of the nervous system,100
2022,Number,M,(G00-G99) Diseases of the nervous system,90
2023,Number,M,(G00-G99) Diseases of the nervous system,78
2024,Number,M,(G00-G99) Diseases of the nervous system,100
2003,Number,M,(H00-H59) Diseases of the eye,0
2004,Number,M,(H00-H59) Diseases of the eye,0
2005,Number,M,(H00-H59) Diseases of the eye,0
2006,Number,M,(H00-H59) Diseases of the eye,0
2007,Number,M,(H00-H59) Diseases of the eye,0
2008,Number,M,(H00-H59) Diseases of the eye,0
2009,Number,M,(H00-H59) Diseases of the eye,0
2010,Number,M,(H00-H59) Diseases of the eye,0
2011,Number,M,(H00-H59) Diseases of the eye,0
2012,Number,M,(H00-H59) Diseases of the eye,0
2013,Number,M,(H00-H59) Diseases of the eye,0
2014,Number,M,(H00-H59) Diseases of the eye,0
2015,Number,M,(H00-H59) Diseases of the eye,0
2016,Number,M,(H00-H59) Diseases of the eye,0
2017,Number,M,(H00-H59) Diseases of the eye,0
2018,Number,M,(H00-H59) Diseases of the eye,0
2019,Number,M,(H00-H59) Diseases of the eye,0
2020,Number,M,(H00-H59) Diseases of the eye,0
2021,Number,M,(H00-H59) Diseases of the eye,0
2022,Number,M,(H00-H59) Diseases of the eye,0
2023,Number,M,(H00-H59) Diseases of the eye,0
2024,Number,M,(H00-H59) Diseases of the eye,0
2003,Number,M,(H60–H93) Diseases of the ear and adnexa,0
2004,Number,M,(H60–H93) Diseases of the ear and adnexa,0
2005,Number,M,(H60–H93) Diseases of the ear and adnexa,1
2006,Number,M,(H60–H93) Diseases of the ear and adnexa,0
2007,Number,M,(H60–H93) Diseases of the ear and adnexa,1
2008,Number,M,(H60–H93) Diseases of the ear and adnexa,0
2009,Number,M,(H60–H93) Diseases of the ear and adnexa,0
2010,Number,M,(H60–H93) Diseases of the ear and adnexa,0
2011,Number,M,(H60–H93) Diseases of the ear and adnexa,0
2012,Number,M,(H60–H93) Diseases of the ear and adnexa,0
2013,Number,M,(H60–H93) Diseases of the ear and adnexa,0
2014,Number,M,(H60–H93) Diseases of the ear and adnexa,0
2015,Number,M,(H60–H93) Diseases of the ear and adnexa,0
2016,Number,M,(H60–H93) Diseases of the ear and adnexa,0
2017,Number,M,(H60–H93) Diseases of the ear and adnexa,0
2018,Number,M,(H60–H93) Diseases of the ear and adnexa,0
2019,Number,M,(H60–H93) Diseases of the ear and adnexa,0
2020,Number,M,(H60–H93) Diseases of the ear and adnexa,0
2021,Number,M,(H60–H93) Diseases of the ear and adnexa,0
2022,Number,M,(H60–H93) Diseases of the ear and adnexa,0
2023,Number,M,(H60–H93) Diseases of the ear and adnexa,0
2024,Number,M,(H60–H93) Diseases of the ear and adnexa,0
2003,Number,M,(I00-I99) Diseases of the circulatory system,3323
2004,Number,M,(I00-I99) Diseases of the circulatory system,3383
2005,Number,M,(I00-I99) Diseases of the circulatory system,3325
2006,Number,M,(I00-I99) Diseases of the circulatory system,3005
2007,Number,M,(I00-I99) Diseases of the circulatory system,3233
2008,Number,M,(I00-I99) Diseases of the circulatory system,3209
2009,Number,M,(I00-I99) Diseases of the circulatory system,3271
2010,Number,M,(I00-I99) Diseases of the circulatory system,3285
2011,Number,M,(I00-I99) Diseases of the circulatory system,3330
2012,Number,M,(I00-I99) Diseases of the circulatory system,3516
2013,Number,M,(I00-I99) Diseases of the circulatory system,3062
2014,Number,M,(I00-I99) Diseases of the circulatory system,3142
2015,Number,M,(I00-I99) Diseases of the circulatory system,3311
2016,Number,M,(I00-I99) Diseases of the circulatory system,3177
2017,Number,M,(I00-I99) Diseases of the circulatory system,3220
2018,Number,M,(I00-I99) Diseases of the circulatory system,3084
2019,Number,M,(I00-I99) Diseases of the circulatory system,3440
2020,Number,M,(I00-I99) Diseases of the circulatory system,3452
2021,Number,M,(I00-I99) Diseases of the circulatory system,3261
2022,Number,M,(I00-I99) Diseases of the circulatory system,3175
2023,Number,M,(I00-I99) Diseases of the circulatory system,2785
2024,Number,M,(I00-I99) Diseases of the circulatory system,2885
2003,Number,M,(J00-J99) Diseases of the respiratory system,184
2004,Number,M,(J00-J99) Diseases of the respiratory system,211
2005,Number,M,(J00-J99) Diseases of the respiratory system,284
2006,Number,M,(J00-J99) Diseases of the respiratory system,292
2007,Number,M,(J00-J99) Diseases of the respiratory system,282
2008,Number,M,(J00-J99) Diseases of the respiratory system,276
2009,Number,M,(J00-J99) Diseases of the respiratory system,254
2010,Number,M,(J00-J99) Diseases of the respiratory system,277
2011,Number,M,(J00-J99) Diseases of the respiratory system,303
2012,Number,M,(J00-J99) Diseases of the respiratory system,263
2013,Number,M,(J00-J99) Diseases of the respiratory system,334
2014,Number,M,(J00-J99) Diseases of the respiratory system,315
2015,Number,M,(J00-J99) Diseases of the respiratory system,370
2016,Number,M,(J00-J99) Diseases of the respiratory system,306
2017,Number,M,(J00-J99) Diseases of the respiratory system,333
2018,Number,M,(J00-J99) Diseases of the respiratory system,344
2019,Number,M,(J00-J99) Diseases of the respiratory system,338
2020,Number,M,(J00-J99) Diseases of the respiratory system,377
2021,Number,M,(J00-J99) Diseases of the respiratory system,369
2022,Number,M,(J00-J99) Diseases of the respiratory system,311
2023,Number,M,(J00-J99) Diseases of the respiratory system,337
2024,Number,M,(J00-J99) Diseases of the respiratory system,400
2003,Number,M,(K00-K93) Diseases of the digestive system,216
2004,Number,M,(K00-K93) Diseases of the digestive system,206
2005,Number,M,(K00-K93) Diseases of the digestive system,219
2006,Number,M,(K00-K93) Diseases of the digestive system,233
2007,Number,M,(K00-K93) Diseases of the digestive system,249
2008,Number,M,(K00-K93) Diseases of the digestive system,235
2009,Number,M,(K00-K93) Diseases of the digestive system,223
2010,Number,M,(K00-K93) Diseases of the digestive system,242
2011,Number,M,(K00-K93) Diseases of the digestive system,255
2012,Number,M,(K00-K93) Diseases of the digestive system,248
2013,Number,M,(K00-K93) Diseases of the digestive system,219
2014,Number,M,(K00-K93) Diseases of the digestive system,241
2015,Number,M,(K00-K93) Diseases of the digestive system,249
2016,Number,M,(K00-K93) Diseases of the digestive system,265
2017,Number,M,(K00-K93) Diseases of the digestive system,229
2018,Number,M,(K00-K93) Diseases of the digestive system,290
2019,Number,M,(K00-K93) Diseases of the digestive system,239
2020,Number,M,(K00-K93) Diseases of the digestive system,269
2021,Number,M,(K00-K93) Diseases of the digestive system,244
2022,Number,M,(K00-K93) Diseases of the digestive system,286
2023,Number,M,(K00-K93) Diseases of the digestive system,267
2024,Number,M,(K00-K93) Diseases of the digestive system,248
2003,Number,M,(L00-L99) Diseases of the skin and subcutaneous tissue,0
2004,Number,M,(L00-L99) Diseases of the skin and subcutaneous tissue,0
2005,Number,M,(L00-L99) Diseases of the skin and subcutaneous tissue,0
2006,Number,M,(L00-L99) Diseases of the skin and subcutaneous tissue,0
2007,Number,M,(L00-L99) Diseases of the skin and subcutaneous tissue,0
2008,Number,M,(L00-L99) Diseases of the skin and subcutaneous tissue,0
2009,Number,M,(L00-L99) Diseases of the skin and subcutaneous tissue,1
2010,Number,M,(L00-L99) Diseases of the skin and subcutaneous tissue,4
2011,Number,M,(L00-L99) Diseases of the skin and subcutaneous tissue,0
2012,Number,M,(L00-L99) Diseases of the skin and subcutaneous tissue,3
2013,Number,M,(L00-L99) Diseases of the skin and subcutaneous tissue,9
2014,Number,M,(L00-L99) Diseases of the skin and subcutaneous tissue,13
2015,Number,M,(L00-L99) Diseases of the skin and subcutaneous tissue,7
2016,Number,M,(L00-L99) Diseases of the skin and subcutaneous tissue,7
2017,Number,M,(L00-L99) Diseases of the skin and subcutaneous tissue,5
2018,Number,M,(L00-L99) Diseases of the skin and subcutaneous tissue,12
2019,Number,M,(L00-L99) Diseases of the skin and subcutaneous tissue,7
2020,Number,M,(L00-L99) Diseases of the skin and subcutaneous tissue,13
2021,Number,M,(L00-L99) Diseases of the skin and subcutaneous tissue,12
2022,Number,M,(L00-L99) Diseases of the skin and subcutaneous tissue,13
2023,Number,M,(L00-L99) Diseases of the skin and subcutaneous tissue,18
2024,Number,M,(L00-L99) Diseases of the skin and subcutaneous tissue,20
2003,Number,M,(M00-M99) Diseases of the musculoskeletal system and connective tissue,3
2004,Number,M,(M00-M99) Diseases of the musculoskeletal system and connective tissue,1
2005,Number,M,(M00-M99) Diseases of the musculoskeletal system and connective tissue,5
2006,Number,M,(M00-M99) Diseases of the musculoskeletal system and connective tissue,1
2007,Number,M,(M00-M99) Diseases of the musculoskeletal system and connective tissue,4
2008,Number,M,(M00-M99) Diseases of the musculoskeletal system and connective tissue,3
2009,Number,M,(M00-M99) Diseases of the musculoskeletal system and connective tissue,2
2010,Number,M,(M00-M99) Diseases of the musculoskeletal system and connective tissue,3
2011,Number,M,(M00-M99) Diseases of the musculoskeletal system and connective tissue,4
2012,Number,M,(M00-M99) Diseases of the musculoskeletal system and connective tissue,4
2013,Number,M,(M00-M99) Diseases of the musculoskeletal system and connective tissue,9
2014,Number,M,(M00-M99) Diseases of the musculoskeletal system and connective tissue,8
2015,Number,M,(M00-M99) Diseases of the musculoskeletal system and connective tissue,12
2016,Number,M,(M00-M99) Diseases of the musculoskeletal system and connective tissue,6
2017,Number,M,(M00-M99) Diseases of the musculoskeletal system and connective tissue,8
2018,Number,M,(M00-M99) Diseases of the musculoskeletal system and connective tissue,4
2019,Number,M,(M00-M99) Diseases of the musculoskeletal system and connective tissue,4
2020,Number,M,(M00-M99) Diseases of the musculoskeletal system and connective tissue,7
2021,Number,M,(M00-M99) Diseases of the musculoskeletal system and connective tissue,5
2022,Number,M,(M00-M99) Diseases of the musculoskeletal system and connective tissue,11
2023,Number,M,(M00-M99) Diseases of the musculoskeletal system and connective tissue,4
2024,Number,M,(M00-M99) Diseases of the musculoskeletal system and connective tissue,9
2003,Number,M,(N00-N99) Diseases of the genitourinary system,123
2004,Number,M,(N00-N99) Diseases of the genitourinary system,113
2005,Number,M,(N00-N99) Diseases of the genitourinary system,160
2006,Number,M,(N00-N99) Diseases of the genitourinary system,152
2007,Number,M,(N00-N99) Diseases of the genitourinary system,163
2008,Number,M,(N00-N99) Diseases of the genitourinary system,155
2009,Number,M,(N00-N99) Diseases of the genitourinary system,139
2010,Number,M,(N00-N99) Diseases of the genitourinary system,140
2011,Number,M,(N00-N99) Diseases of the genitourinary system,101
2012,Number,M,(N00-N99) Diseases of the genitourinary system,116
2013,Number,M,(N00-N99) Diseases of the genitourinary system,121
2014,Number,M,(N00-N99) Diseases of the genitourinary system,73
2015,Number,M,(N00-N99) Diseases of the genitourinary system,93
2016,Number,M,(N00-N99) Diseases of the genitourinary system,117
2017,Number,M,(N00-N99) Diseases of the genitourinary system,96
2018,Number,M,(N00-N99) Diseases of the genitourinary system,117
2019,Number,M,(N00-N99) Diseases of the genitourinary system,104
2020,Number,M,(N00-N99) Diseases of the genitourinary system,113
2021,Number,M,(N00-N99) Diseases of the genitourinary system,107
2022,Number,M,(N00-N99) Diseases of the genitourinary system,129
2023,Number,M,(N00-N99) Diseases of the genitourinary system,157
2024,Number,M,(N00-N99) Diseases of the genitourinary system,176
2003,Number,M,(P00-P96) Certain conditions originating in the perinatal period,23
2004,Number,M,(P00-P96) Certain conditions originating in the perinatal period,28
2005,Number,M,(P00-P96) Certain conditions originating in the perinatal period,17
2006,Number,M,(P00-P96) Certain conditions originating in the perinatal period,26
2007,Number,M,(P00-P96) Certain conditions originating in the perinatal period,15
2008,Number,M,(P00-P96) Certain conditions originating in the perinatal period,12
2009,Number,M,(P00-P96) Certain conditions originating in the perinatal period,22
2010,Number,M,(P00-P96) Certain conditions originating in the perinatal period,13
2011,Number,M,(P00-P96) Certain conditions originating in the perinatal period,20
2012,Number,M,(P00-P96) Certain conditions originating in the perinatal period,18
2013,Number,M,(P00-P96) Certain conditions originating in the perinatal period,13
2014,Number,M,(P00-P96) Certain conditions originating in the perinatal period,7
2015,Number,M,(P00-P96) Certain conditions originating in the perinatal period,2
2016,Number,M,(P00-P96) Certain conditions originating in the perinatal period,13
2017,Number,M,(P00-P96) Certain conditions originating in the perinatal period,7
2018,Number,M,(P00-P96) Certain conditions originating in the perinatal period,3
2019,Number,M,(P00-P96) Certain conditions originating in the perinatal period,6
2020,Number,M,(P00-P96) Certain conditions originating in the perinatal period,16
2021,Number,M,(P00-P96) Certain conditions originating in the perinatal period,5
2022,Number,M,(P00-P96) Certain conditions originating in the perinatal period,12
2023,Number,M,(P00-P96) Certain conditions originating in the perinatal period,9
2024,Number,M,(P00-P96) Certain conditions originating in the perinatal period,11
2003,Number,M,"(Q00-Q99) Congenital malformations, deformations and chromosomal abnormalities",7
2004,Number,M,"(Q00-Q99) Congenital malformations, deformations and chromosomal abnormalities",10
2005,Number,M,"(Q00-Q99) Congenital malformations, deformations and chromosomal abnormalities",6
2006,Number,M,"(Q00-Q99) Congenital malformations, deformations and chromosomal abnormalities",7
2007,Number,M,"(Q00-Q99) Congenital malformations, deformations and chromosomal abnormalities",8
2008,Number,M,"(Q00-Q99) Congenital malformations, deformations and chromosomal abnormalities",5
2009,Number,M,"(Q00-Q99) Congenital malformations, deformations and chromosomal abnormalities",7
2010,Number,M,"(Q00-Q99) Congenital malformations, deformations and chromosomal abnormalities",10
2011,Number,M,"(Q00-Q99) Congenital malformations, deformations and chromosomal abnormalities",7
2012,Number,M,"(Q00-Q99) Congenital malformations, deformations and chromosomal abnormalities",5
2013,Number,M,"(Q00-Q99) Congenital malformations, deformations and chromosomal abnormalities",7
2014,Number,M,"(Q00-Q99) Congenital malformations, deformations and chromosomal abnormalities",3
2015,Number,M,"(Q00-Q99) Congenital malformations, deformations and chromosomal abnormalities",3
2016,Number,M,"(Q00-Q99) Congenital malformations, deformations and chromosomal abnormalities",3
2017,Number,M,"(Q00-Q99) Congenital malformations, deformations and chromosomal abnormalities",4
2018,Number,M,"(Q00-Q99) Congenital malformations, deformations and chromosomal abnormalities",2
2019,Number,M,"(Q00-Q99) Congenital malformations, deformations and chromosomal abnormalities",0
2020,Number,M,"(Q00-Q99) Congenital malformations, deformations and chromosomal abnormalities",3
2021,Number,M,"(Q00-Q99) Congenital malformations, deformations and chromosomal abnormalities",5
2022,Number,M,"(Q00-Q99) Congenital malformations, deformations and chromosomal abnormalities",11
2023,Number,M,"(Q00-Q99) Congenital malformations, deformations and chromosomal abnormalities",5
2024,Number,M,"(Q00-Q99) Congenital malformations, deformations and chromosomal abnormalities",2
2003,Number,M,"(R00-R99) Symptoms, signs and abnormal clinical and laboratory findings, not elsewhere classified",821
2004,Number,M,"(R00-R99) Symptoms, signs and abnormal clinical and laboratory findings, not elsewhere classified",726
2005,Number,M,"(R00-R99) Symptoms, signs and abnormal clinical and laboratory findings, not elsewhere classified",659
2006,Number,M,"(R00-R99) Symptoms, signs and abnormal clinical and laboratory findings, not elsewhere classified",627
2007,Number,M,"(R00-R99) Symptoms, signs and abnormal clinical and laboratory findings, not elsewhere classified",638
2008,Number,M,"(R00-R99) Symptoms, signs and abnormal clinical and laboratory findings, not elsewhere classified",496
2009,Number,M,"(R00-R99) Symptoms, signs and abnormal clinical and laboratory findings, not elsewhere classified",485
2010,Number,M,"(R00-R99) Symptoms, signs and abnormal clinical and laboratory findings, not elsewhere classified",446
2011,Number,M,"(R00-R99) Symptoms, signs and abnormal clinical and laboratory findings, not elsewhere classified",302
2012,Number,M,"(R00-R99) Symptoms, signs and abnormal clinical and laboratory findings, not elsewhere classified",277
2013,Number,M,"(R00-R99) Symptoms, signs and abnormal clinical and laboratory findings, not elsewhere classified",643
2014,Number,M,"(R00-R99) Symptoms, signs and abnormal clinical and laboratory findings, not elsewhere classified",718
2015,Number,M,"(R00-R99) Symptoms, signs and abnormal clinical and laboratory findings, not elsewhere classified",780
2016,Number,M,"(R00-R99) Symptoms, signs and abnormal clinical and laboratory findings, not elsewhere classified",598
2017,Number,M,"(R00-R99) Symptoms, signs and abnormal clinical and laboratory findings, not elsewhere classified",720
2018,Number,M,"(R00-R99) Symptoms, signs and abnormal clinical and laboratory findings, not elsewhere classified",844
2019,Number,M,"(R00-R99) Symptoms, signs and abnormal clinical and laboratory findings, not elsewhere classified",1048
2020,Number,M,"(R00-R99) Symptoms, signs and abnormal clinical and laboratory findings, not elsewhere classified",834
2021,Number,M,"(R00-R99) Symptoms, signs and abnormal clinical and laboratory findings, not elsewhere classified",1187
2022,Number,M,"(R00-R99) Symptoms, signs and abnormal clinical and laboratory findings, not elsewhere classified",1167
2023,Number,M,"(R00-R99) Symptoms, signs and abnormal clinical and laboratory findings, not elsewhere classified",768
2024,Number,M,"(R00-R99) Symptoms, signs and abnormal clinical and laboratory findings, not elsewhere classified",845
2003,Number,M,"(S00-T98) Injuries, poisoning and consequences of external causes",444
2004,Number,M,"(S00-T98) Injuries, poisoning and consequences of external causes",411
2005,Number,M,"(S00-T98) Injuries, poisoning and consequences of external causes",463
2006,Number,M,"(S00-T98) Injuries, poisoning and consequences of external causes",466
2007,Number,M,"(S00-T98) Injuries, poisoning and consequences of external causes",488
2008,Number,M,"(S00-T98) Injuries, poisoning and consequences of external causes",451
2009,Number,M,"(S00-T98) Injuries, poisoning and consequences of external causes",424
2010,Number,M,"(S00-T98) Injuries, poisoning and consequences of external causes",405
2011,Number,M,"(S00-T98) Injuries, poisoning and consequences of external causes",482
2012,Number,M,"(S00-T98) Injuries, poisoning and consequences of external causes",420
2013,Number,M,"(S00-T98) Injuries, poisoning and consequences of external causes",377
2014,Number,M,"(S00-T98) Injuries, poisoning and consequences of external causes",412
2015,Number,M,"(S00-T98) Injuries, poisoning and consequences of external causes",417
2016,Number,M,"(S00-T98) Injuries, poisoning and consequences of external causes",373
2017,Number,M,"(S00-T98) Injuries, poisoning and consequences of external causes",349
2018,Number,M,"(S00-T98) Injuries, poisoning and consequences of external causes",370
2019,Number,M,"(S00-T98) Injuries, poisoning and consequences of external causes",340
2020,Number,M,"(S00-T98) Injuries, poisoning and consequences of external causes",304
2021,Number,M,"(S00-T98) Injuries, poisoning and consequences of external causes",334
2022,Number,M,"(S00-T98) Injuries, poisoning and consequences of external causes",338
2023,Number,M,"(S00-T98) Injuries, poisoning and consequences of external causes",318
2024,Number,M,"(S00-T98) Injuries, poisoning and consequences of external causes",302
2003,Number,M,(U00-U85) Special purpose codes,0
2004,Number,M,(U00-U85) Special purpose codes,0
2005,Number,M,(U00-U85) Special purpose codes,0
2006,Number,M,(U00-U85) Special purpose codes,0
2007,Number,M,(U00-U85) Special purpose codes,0
2008,Number,M,(U00-U85) Special purpose codes,0
2009,Number,M,(U00-U85) Special purpose codes,0
2010,Number,M,(U00-U85) Special purpose codes,0
2011,Number,M,(U00-U85) Special purpose codes,0
2012,Number,M,(U00-U85) Special purpose codes,0
2013,Number,M,(U00-U85) Special purpose codes,0
2014,Number,M,(U00-U85) Special purpose codes,0
2015,Number,M,(U00-U85) Special purpose codes,0
2016,Number,M,(U00-U85) Special purpose codes,0
2017,Number,M,(U00-U85) Special purpose codes,0
2018,Number,M,(U00-U85) Special purpose codes,0
2019,Number,M,(U00-U85) Special purpose codes,0
2020,Number,M,(U00-U85) Special purpose codes,1030
2021,Number,M,(U00-U85) Special purpose codes,2213
2022,Number,M,(U00-U85) Special purpose codes,754
2023,Number,M,(U00-U85) Special purpose codes,104
2024,Number,M,(U00-U85) Special purpose codes,34
2003,Number,F,Total,6184
2004,Number,F,Total,6347
2005,Number,F,Total,6563
2006,Number,F,Total,6328
2007,Number,F,Total,6844
2008,Number,F,Total,6443
2009,Number,F,Total,6676
2010,Number,F,Total,6582
2011,Number,F,Total,6657
2012,Number,F,Total,6732
2013,Number,F,Total,6741
2014,Number,F,Total,7023
2015,Number,F,Total,7419
2016,Number,F,Total,6772
2017,Number,F,Total,7300
2018,Number,F,Total,7314
2019,Number,F,Total,7328
2020,Number,F,Total,7969
2021,Number,F,Total,9059
2022,Number,F,Total,7794
2023,Number,F,Total,6530
2024,Number,F,Total,6847
2003,Number,F,(A00-B99) Infectious and parasitic diseases,30
2004,Number,F,(A00-B99) Infectious and parasitic diseases,49
2005,Number,F,(A00-B99) Infectious and parasitic diseases,50
2006,Number,F,(A00-B99) Infectious and parasitic diseases,38
2007,Number,F,(A00-B99) Infectious and parasitic diseases,33
2008,Number,F,(A00-B99) Infectious and parasitic diseases,46
2009,Number,F,(A00-B99) Infectious and parasitic diseases,43
2010,Number,F,(A00-B99) Infectious and parasitic diseases,37
2011,Number,F,(A00-B99) Infectious and parasitic diseases,38
2012,Number,F,(A00-B99) Infectious and parasitic diseases,66
2013,Number,F,(A00-B99) Infectious and parasitic diseases,47
2014,Number,F,(A00-B99) Infectious and parasitic diseases,56
2015,Number,F,(A00-B99) Infectious and parasitic diseases,67
2016,Number,F,(A00-B99) Infectious and parasitic diseases,83
2017,Number,F,(A00-B99) Infectious and parasitic diseases,62
2018,Number,F,(A00-B99) Infectious and parasitic diseases,75
2019,Number,F,(A00-B99) Infectious and parasitic diseases,81
2020,Number,F,(A00-B99) Infectious and parasitic diseases,75
2021,Number,F,(A00-B99) Infectious and parasitic diseases,54
2022,Number,F,(A00-B99) Infectious and parasitic diseases,96
2023,Number,F,(A00-B99) Infectious and parasitic diseases,83
2024,Number,F,(A00-B99) Infectious and parasitic diseases,116
2003,Number,F,"(C00-C97,D00-D48) Neoplasms",950
2004,Number,F,"(C00-C97,D00-D48) Neoplasms",928
2005,Number,F,"(C00-C97,D00-D48) Neoplasms",1072
2006,Number,F,"(C00-C97,D00-D48) Neoplasms",1015
2007,Number,F,"(C00-C97,D00-D48) Neoplasms",1109
2008,Number,F,"(C00-C97,D00-D48) Neoplasms",1075
2009,Number,F,"(C00-C97,D00-D48) Neoplasms",1161
2010,Number,F,"(C00-C97,D00-D48) Neoplasms",1105
2011,Number,F,"(C00-C97,D00-D48) Neoplasms",1118
2012,Number,F,"(C00-C97,D00-D48) Neoplasms",1183
2013,Number,F,"(C00-C97,D00-D48) Neoplasms",1231
2014,Number,F,"(C00-C97,D00-D48) Neoplasms",1353
2015,Number,F,"(C00-C97,D00-D48) Neoplasms",1355
2016,Number,F,"(C00-C97,D00-D48) Neoplasms",1209
2017,Number,F,"(C00-C97,D00-D48) Neoplasms",1268
2018,Number,F,"(C00-C97,D00-D48) Neoplasms",1209
2019,Number,F,"(C00-C97,D00-D48) Neoplasms",1186
2020,Number,F,"(C00-C97,D00-D48) Neoplasms",1097
2021,Number,F,"(C00-C97,D00-D48) Neoplasms",1065
2022,Number,F,"(C00-C97,D00-D48) Neoplasms",1116
2023,Number,F,"(C00-C97,D00-D48) Neoplasms",1088
2024,Number,F,"(C00-C97,D00-D48) Neoplasms",1156
2003,Number,F,"(D50-D89) Diseases of the blood and blood-forming organs, disorders involving the immune mechanism",2
2004,Number,F,"(D50-D89) Diseases of the blood and blood-forming organs, disorders involving the immune mechanism",11
2005,Number,F,"(D50-D89) Diseases of the blood and blood-forming organs, disorders involving the immune mechanism",10
2006,Number,F,"(D50-D89) Diseases of the blood and blood-forming organs, disorders involving the immune mechanism",4
2007,Number,F,"(D50-D89) Diseases of the blood and blood-forming organs, disorders involving the immune mechanism",10
2008,Number,F,"(D50-D89) Diseases of the blood and blood-forming organs, disorders involving the immune mechanism",5
2009,Number,F,"(D50-D89) Diseases of the blood and blood-forming organs, disorders involving the immune mechanism",9
2010,Number,F,"(D50-D89) Diseases of the blood and blood-forming organs, disorders involving the immune mechanism",10
2011,Number,F,"(D50-D89) Diseases of the blood and blood-forming organs, disorders involving the immune mechanism",10
2012,Number,F,"(D50-D89) Diseases of the blood and blood-forming organs, disorders involving the immune mechanism",6
2013,Number,F,"(D50-D89) Diseases of the blood and blood-forming organs, disorders involving the immune mechanism",8
2014,Number,F,"(D50-D89) Diseases of the blood and blood-forming organs, disorders involving the immune mechanism",8
2015,Number,F,"(D50-D89) Diseases of the blood and blood-forming organs, disorders involving the immune mechanism",10
2016,Number,F,"(D50-D89) Diseases of the blood and blood-forming organs, disorders involving the immune mechanism",15
2017,Number,F,"(D50-D89) Diseases of the blood and blood-forming organs, disorders involving the immune mechanism",17
2018,Number,F,"(D50-D89) Diseases of the blood and blood-forming organs, disorders involving the immune mechanism",18
2019,Number,F,"(D50-D89) Diseases of the blood and blood-forming organs, disorders involving the immune mechanism",16
2020,Number,F,"(D50-D89) Diseases of the blood and blood-forming organs, disorders involving the immune mechanism",15
2021,Number,F,"(D50-D89) Diseases of the blood and blood-forming organs, disorders involving the immune mechanism",15
2022,Number,F,"(D50-D89) Diseases of the blood and blood-forming organs, disorders involving the immune mechanism",19
2023,Number,F,"(D50-D89) Diseases of the blood and blood-forming organs, disorders involving the immune mechanism",7
2024,Number,F,"(D50-D89) Diseases of the blood and blood-forming organs, disorders involving the immune mechanism",16
2003,Number,F,(E00-E90) Endocrine metabolic and nutritional diseases,109
2004,Number,F,(E00-E90) Endocrine metabolic and nutritional diseases,92
2005,Number,F,(E00-E90) Endocrine metabolic and nutritional diseases,441
2006,Number,F,(E00-E90) Endocrine metabolic and nutritional diseases,484
2007,Number,F,(E00-E90) Endocrine metabolic and nutritional diseases,442
2008,Number,F,(E00-E90) Endocrine metabolic and nutritional diseases,454
2009,Number,F,(E00-E90) Endocrine metabolic and nutritional diseases,530
2010,Number,F,(E00-E90) Endocrine metabolic and nutritional diseases,402
2011,Number,F,(E00-E90) Endocrine metabolic and nutritional diseases,397
2012,Number,F,(E00-E90) Endocrine metabolic and nutritional diseases,350
2013,Number,F,(E00-E90) Endocrine metabolic and nutritional diseases,459
2014,Number,F,(E00-E90) Endocrine metabolic and nutritional diseases,501
2015,Number,F,(E00-E90) Endocrine metabolic and nutritional diseases,400
2016,Number,F,(E00-E90) Endocrine metabolic and nutritional diseases,378
2017,Number,F,(E00-E90) Endocrine metabolic and nutritional diseases,452
2018,Number,F,(E00-E90) Endocrine metabolic and nutritional diseases,458
2019,Number,F,(E00-E90) Endocrine metabolic and nutritional diseases,343
2020,Number,F,(E00-E90) Endocrine metabolic and nutritional diseases,485
2021,Number,F,(E00-E90) Endocrine metabolic and nutritional diseases,534
2022,Number,F,(E00-E90) Endocrine metabolic and nutritional diseases,559
2023,Number,F,(E00-E90) Endocrine metabolic and nutritional diseases,497
2024,Number,F,(E00-E90) Endocrine metabolic and nutritional diseases,506
2003,Number,F,(F00-F99) Mental and behavioural disorders,9
2004,Number,F,(F00-F99) Mental and behavioural disorders,12
2005,Number,F,(F00-F99) Mental and behavioural disorders,16
2006,Number,F,(F00-F99) Mental and behavioural disorders,15
2007,Number,F,(F00-F99) Mental and behavioural disorders,20
2008,Number,F,(F00-F99) Mental and behavioural disorders,19
2009,Number,F,(F00-F99) Mental and behavioural disorders,30
2010,Number,F,(F00-F99) Mental and behavioural disorders,11
2011,Number,F,(F00-F99) Mental and behavioural disorders,14
2012,Number,F,(F00-F99) Mental and behavioural disorders,12
2013,Number,F,(F00-F99) Mental and behavioural disorders,31
2014,Number,F,(F00-F99) Mental and behavioural disorders,21
2015,Number,F,(F00-F99) Mental and behavioural disorders,28
2016,Number,F,(F00-F99) Mental and behavioural disorders,26
2017,Number,F,(F00-F99) Mental and behavioural disorders,43
2018,Number,F,(F00-F99) Mental and behavioural disorders,30
2019,Number,F,(F00-F99) Mental and behavioural disorders,22
2020,Number,F,(F00-F99) Mental and behavioural disorders,29
2021,Number,F,(F00-F99) Mental and behavioural disorders,44
2022,Number,F,(F00-F99) Mental and behavioural disorders,38
2023,Number,F,(F00-F99) Mental and behavioural disorders,38
2024,Number,F,(F00-F99) Mental and behavioural disorders,42
2003,Number,F,(G00-G99) Diseases of the nervous system,26
2004,Number,F,(G00-G99) Diseases of the nervous system,38
2005,Number,F,(G00-G99) Diseases of the nervous system,84
2006,Number,F,(G00-G99) Diseases of the nervous system,73
2007,Number,F,(G00-G99) Diseases of the nervous system,70
2008,Number,F,(G00-G99) Diseases of the nervous system,55
2009,Number,F,(G00-G99) Diseases of the nervous system,55
2010,Number,F,(G00-G99) Diseases of the nervous system,76
2011,Number,F,(G00-G99) Diseases of the nervous system,97
2012,Number,F,(G00-G99) Diseases of the nervous system,102
2013,Number,F,(G00-G99) Diseases of the nervous system,87
2014,Number,F,(G00-G99) Diseases of the nervous system,89
2015,Number,F,(G00-G99) Diseases of the nervous system,106
2016,Number,F,(G00-G99) Diseases of the nervous system,75
2017,Number,F,(G00-G99) Diseases of the nervous system,95
2018,Number,F,(G00-G99) Diseases of the nervous system,87
2019,Number,F,(G00-G99) Diseases of the nervous system,81
2020,Number,F,(G00-G99) Diseases of the nervous system,97
2021,Number,F,(G00-G99) Diseases of the nervous system,73
2022,Number,F,(G00-G99) Diseases of the nervous system,78
2023,Number,F,(G00-G99) Diseases of the nervous system,79
2024,Number,F,(G00-G99) Diseases of the nervous system,94
2003,Number,F,(H00-H59) Diseases of the eye,0
2004,Number,F,(H00-H59) Diseases of the eye,0
2005,Number,F,(H00-H59) Diseases of the eye,0
2006,Number,F,(H00-H59) Diseases of the eye,0
2007,Number,F,(H00-H59) Diseases of the eye,0
2008,Number,F,(H00-H59) Diseases of the eye,0
2009,Number,F,(H00-H59) Diseases of the eye,0
2010,Number,F,(H00-H59) Diseases of the eye,0
2011,Number,F,(H00-H59) Diseases of the eye,0
2012,Number,F,(H00-H59) Diseases of the eye,0
2013,Number,F,(H00-H59) Diseases of the eye,0
2014,Number,F,(H00-H59) Diseases of the eye,0
2015,Number,F,(H00-H59) Diseases of the eye,0
2016,Number,F,(H00-H59) Diseases of the eye,0
2017,Number,F,(H00-H59) Diseases of the eye,0
2018,Number,F,(H00-H59) Diseases of the eye,0
2019,Number,F,(H00-H59) Diseases of the eye,0
2020,Number,F,(H00-H59) Diseases of the eye,0
2021,Number,F,(H00-H59) Diseases of the eye,0
2022,Number,F,(H00-H59) Diseases of the eye,0
2023,Number,F,(H00-H59) Diseases of the eye,0
2024,Number,F,(H00-H59) Diseases of the eye,0
2003,Number,F,(H60–H93) Diseases of the ear and adnexa,0
2004,Number,F,(H60–H93) Diseases of the ear and adnexa,0
2005,Number,F,(H60–H93) Diseases of the ear and adnexa,0
2006,Number,F,(H60–H93) Diseases of the ear and adnexa,0
2007,Number,F,(H60–H93) Diseases of the ear and adnexa,0
2008,Number,F,(H60–H93) Diseases of the ear and adnexa,0
2009,Number,F,(H60–H93) Diseases of the ear and adnexa,0
2010,Number,F,(H60–H93) Diseases of the ear and adnexa,0
2011,Number,F,(H60–H93) Diseases of the ear and adnexa,0
2012,Number,F,(H60–H93) Diseases of the ear and adnexa,0
2013,Number,F,(H60–H93) Diseases of the ear and adnexa,0
2014,Number,F,(H60–H93) Diseases of the ear and adnexa,0
2015,Number,F,(H60–H93) Diseases of the ear and adnexa,0
2016,Number,F,(H60–H93) Diseases of the ear and adnexa,0
2017,Number,F,(H60–H93) Diseases of the ear and adnexa,0
2018,Number,F,(H60–H93) Diseases of the ear and adnexa,0
2019,Number,F,(H60–H93) Diseases of the ear and adnexa,0
2020,Number,F,(H60–H93) Diseases of the ear and adnexa,0
2021,Number,F,(H60–H93) Diseases of the ear and adnexa,0
2022,Number,F,(H60–H93) Diseases of the ear and adnexa,0
2023,Number,F,(H60–H93) Diseases of the ear and adnexa,0
2024,Number,F,(H60–H93) Diseases of the ear and adnexa,0
2003,Number,F,(I00-I99) Diseases of the circulatory system,3748
2004,Number,F,(I00-I99) Diseases of the circulatory system,3957
2005,Number,F,(I00-I99) Diseases of the circulatory system,3677
2006,Number,F,(I00-I99) Diseases of the circulatory system,3458
2007,Number,F,(I00-I99) Diseases of the circulatory system,3864
2008,Number,F,(I00-I99) Diseases of the circulatory system,3756
2009,Number,F,(I00-I99) Diseases of the circulatory system,3743
2010,Number,F,(I00-I99) Diseases of the circulatory system,3926
2011,Number,F,(I00-I99) Diseases of the circulatory system,4009
2012,Number,F,(I00-I99) Diseases of the circulatory system,4109
2013,Number,F,(I00-I99) Diseases of the circulatory system,3625
2014,Number,F,(I00-I99) Diseases of the circulatory system,3635
2015,Number,F,(I00-I99) Diseases of the circulatory system,3964
2016,Number,F,(I00-I99) Diseases of the circulatory system,3743
2017,Number,F,(I00-I99) Diseases of the circulatory system,3960
2018,Number,F,(I00-I99) Diseases of the circulatory system,3905
2019,Number,F,(I00-I99) Diseases of the circulatory system,4033
2020,Number,F,(I00-I99) Diseases of the circulatory system,4150
2021,Number,F,(I00-I99) Diseases of the circulatory system,3956
2022,Number,F,(I00-I99) Diseases of the circulatory system,3616
2023,Number,F,(I00-I99) Diseases of the circulatory system,3266
2024,Number,F,(I00-I99) Diseases of the circulatory system,3374
2003,Number,F,(J00-J99) Diseases of the respiratory system,120
2004,Number,F,(J00-J99) Diseases of the respiratory system,134
2005,Number,F,(J00-J99) Diseases of the respiratory system,220
2006,Number,F,(J00-J99) Diseases of the respiratory system,228
2007,Number,F,(J00-J99) Diseases of the respiratory system,211
2008,Number,F,(J00-J99) Diseases of the respiratory system,173
2009,Number,F,(J00-J99) Diseases of the respiratory system,176
2010,Number,F,(J00-J99) Diseases of the respiratory system,173
2011,Number,F,(J00-J99) Diseases of the respiratory system,233
2012,Number,F,(J00-J99) Diseases of the respiratory system,161
2013,Number,F,(J00-J99) Diseases of the respiratory system,222
2014,Number,F,(J00-J99) Diseases of the respiratory system,209
2015,Number,F,(J00-J99) Diseases of the respiratory system,248
2016,Number,F,(J00-J99) Diseases of the respiratory system,204
2017,Number,F,(J00-J99) Diseases of the respiratory system,243
2018,Number,F,(J00-J99) Diseases of the respiratory system,282
2019,Number,F,(J00-J99) Diseases of the respiratory system,258
2020,Number,F,(J00-J99) Diseases of the respiratory system,254
2021,Number,F,(J00-J99) Diseases of the respiratory system,271
2022,Number,F,(J00-J99) Diseases of the respiratory system,256
2023,Number,F,(J00-J99) Diseases of the respiratory system,249
2024,Number,F,(J00-J99) Diseases of the respiratory system,267
2003,Number,F,(K00-K93) Diseases of the digestive system,136
2004,Number,F,(K00-K93) Diseases of the digestive system,141
2005,Number,F,(K00-K93) Diseases of the digestive system,124
2006,Number,F,(K00-K93) Diseases of the digestive system,146
2007,Number,F,(K00-K93) Diseases of the digestive system,147
2008,Number,F,(K00-K93) Diseases of the digestive system,131
2009,Number,F,(K00-K93) Diseases of the digestive system,148
2010,Number,F,(K00-K93) Diseases of the digestive system,156
2011,Number,F,(K00-K93) Diseases of the digestive system,136
2012,Number,F,(K00-K93) Diseases of the digestive system,145
2013,Number,F,(K00-K93) Diseases of the digestive system,183
2014,Number,F,(K00-K93) Diseases of the digestive system,188
2015,Number,F,(K00-K93) Diseases of the digestive system,191
2016,Number,F,(K00-K93) Diseases of the digestive system,185
2017,Number,F,(K00-K93) Diseases of the digestive system,184
2018,Number,F,(K00-K93) Diseases of the digestive system,191
2019,Number,F,(K00-K93) Diseases of the digestive system,180
2020,Number,F,(K00-K93) Diseases of the digestive system,169
2021,Number,F,(K00-K93) Diseases of the digestive system,156
2022,Number,F,(K00-K93) Diseases of the digestive system,174
2023,Number,F,(K00-K93) Diseases of the digestive system,190
2024,Number,F,(K00-K93) Diseases of the digestive system,193
2003,Number,F,(L00-L99) Diseases of the skin and subcutaneous tissue,0
2004,Number,F,(L00-L99) Diseases of the skin and subcutaneous tissue,3
2005,Number,F,(L00-L99) Diseases of the skin and subcutaneous tissue,0
2006,Number,F,(L00-L99) Diseases of the skin and subcutaneous tissue,1
2007,Number,F,(L00-L99) Diseases of the skin and subcutaneous tissue,2
2008,Number,F,(L00-L99) Diseases of the skin and subcutaneous tissue,2
2009,Number,F,(L00-L99) Diseases of the skin and subcutaneous tissue,2
2010,Number,F,(L00-L99) Diseases of the skin and subcutaneous tissue,2
2011,Number,F,(L00-L99) Diseases of the skin and subcutaneous tissue,1
2012,Number,F,(L00-L99) Diseases of the skin and subcutaneous tissue,1
2013,Number,F,(L00-L99) Diseases of the skin and subcutaneous tissue,11
2014,Number,F,(L00-L99) Diseases of the skin and subcutaneous tissue,9
2015,Number,F,(L00-L99) Diseases of the skin and subcutaneous tissue,15
2016,Number,F,(L00-L99) Diseases of the skin and subcutaneous tissue,14
2017,Number,F,(L00-L99) Diseases of the skin and subcutaneous tissue,19
2018,Number,F,(L00-L99) Diseases of the skin and subcutaneous tissue,10
2019,Number,F,(L00-L99) Diseases of the skin and subcutaneous tissue,16
2020,Number,F,(L00-L99) Diseases of the skin and subcutaneous tissue,17
2021,Number,F,(L00-L99) Diseases of the skin and subcutaneous tissue,21
2022,Number,F,(L00-L99) Diseases of the skin and subcutaneous tissue,18
2023,Number,F,(L00-L99) Diseases of the skin and subcutaneous tissue,27
2024,Number,F,(L00-L99) Diseases of the skin and subcutaneous tissue,35
2003,Number,F,(M00-M99) Diseases of the musculoskeletal system and connective tissue,3
2004,Number,F,(M00-M99) Diseases of the musculoskeletal system and connective tissue,2
2005,Number,F,(M00-M99) Diseases of the musculoskeletal system and connective tissue,7
2006,Number,F,(M00-M99) Diseases of the musculoskeletal system and connective tissue,9
2007,Number,F,(M00-M99) Diseases of the musculoskeletal system and connective tissue,9
2008,Number,F,(M00-M99) Diseases of the musculoskeletal system and connective tissue,14
2009,Number,F,(M00-M99) Diseases of the musculoskeletal system and connective tissue,11
2010,Number,F,(M00-M99) Diseases of the musculoskeletal system and connective tissue,8
2011,Number,F,(M00-M99) Diseases of the musculoskeletal system and connective tissue,14
2012,Number,F,(M00-M99) Diseases of the musculoskeletal system and connective tissue,12
2013,Number,F,(M00-M99) Diseases of the musculoskeletal system and connective tissue,19
2014,Number,F,(M00-M99) Diseases of the musculoskeletal system and connective tissue,14
2015,Number,F,(M00-M99) Diseases of the musculoskeletal system and connective tissue,18
2016,Number,F,(M00-M99) Diseases of the musculoskeletal system and connective tissue,13
2017,Number,F,(M00-M99) Diseases of the musculoskeletal system and connective tissue,9
2018,Number,F,(M00-M99) Diseases of the musculoskeletal system and connective tissue,17
2019,Number,F,(M00-M99) Diseases of the musculoskeletal system and connective tissue,9
2020,Number,F,(M00-M99) Diseases of the musculoskeletal system and connective tissue,21
2021,Number,F,(M00-M99) Diseases of the musculoskeletal system and connective tissue,3
2022,Number,F,(M00-M99) Diseases of the musculoskeletal system and connective tissue,13
2023,Number,F,(M00-M99) Diseases of the musculoskeletal system and connective tissue,9
2024,Number,F,(M00-M99) Diseases of the musculoskeletal system and connective tissue,8
2003,Number,F,(N00-N99) Diseases of the genitourinary system,99
2004,Number,F,(N00-N99) Diseases of the genitourinary system,92
2005,Number,F,(N00-N99) Diseases of the genitourinary system,97
2006,Number,F,(N00-N99) Diseases of the genitourinary system,114
2007,Number,F,(N00-N99) Diseases of the genitourinary system,112
2008,Number,F,(N00-N99) Diseases of the genitourinary system,113
2009,Number,F,(N00-N99) Diseases of the genitourinary system,118
2010,Number,F,(N00-N99) Diseases of the genitourinary system,115
2011,Number,F,(N00-N99) Diseases of the genitourinary system,74
2012,Number,F,(N00-N99) Diseases of the genitourinary system,120
2013,Number,F,(N00-N99) Diseases of the genitourinary system,92
2014,Number,F,(N00-N99) Diseases of the genitourinary system,77
2015,Number,F,(N00-N99) Diseases of the genitourinary system,86
2016,Number,F,(N00-N99) Diseases of the genitourinary system,101
2017,Number,F,(N00-N99) Diseases of the genitourinary system,97
2018,Number,F,(N00-N99) Diseases of the genitourinary system,103
2019,Number,F,(N00-N99) Diseases of the genitourinary system,91
2020,Number,F,(N00-N99) Diseases of the genitourinary system,108
2021,Number,F,(N00-N99) Diseases of the genitourinary system,90
2022,Number,F,(N00-N99) Diseases of the genitourinary system,125
2023,Number,F,(N00-N99) Diseases of the genitourinary system,153
2024,Number,F,(N00-N99) Diseases of the genitourinary system,137
2003,Number,F,"(O00-O99) Pregnancy, childbirth and the puerperium",1
2004,Number,F,"(O00-O99) Pregnancy, childbirth and the puerperium",0
2005,Number,F,"(O00-O99) Pregnancy, childbirth and the puerperium",2
2006,Number,F,"(O00-O99) Pregnancy, childbirth and the puerperium",2
2007,Number,F,"(O00-O99) Pregnancy, childbirth and the puerperium",1
2008,Number,F,"(O00-O99) Pregnancy, childbirth and the puerperium",1
2009,Number,F,"(O00-O99) Pregnancy, childbirth and the puerperium",0
2010,Number,F,"(O00-O99) Pregnancy, childbirth and the puerperium",1
2011,Number,F,"(O00-O99) Pregnancy, childbirth and the puerperium",1
2012,Number,F,"(O00-O99) Pregnancy, childbirth and the puerperium",0
2013,Number,F,"(O00-O99) Pregnancy, childbirth and the puerperium",0
2014,Number,F,"(O00-O99) Pregnancy, childbirth and the puerperium",0
2015,Number,F,"(O00-O99) Pregnancy, childbirth and the puerperium",1
2016,Number,F,"(O00-O99) Pregnancy, childbirth and the puerperium",1
2017,Number,F,"(O00-O99) Pregnancy, childbirth and the puerperium",0
2018,Number,F,"(O00-O99) Pregnancy, childbirth and the puerperium",1
2019,Number,F,"(O00-O99) Pregnancy, childbirth and the puerperium",0
2020,Number,F,"(O00-O99) Pregnancy, childbirth and the puerperium",3
2021,Number,F,"(O00-O99) Pregnancy, childbirth and the puerperium",0
2022,Number,F,"(O00-O99) Pregnancy, childbirth and the puerperium",1
2023,Number,F,"(O00-O99) Pregnancy, childbirth and the puerperium",0
2024,Number,F,"(O00-O99) Pregnancy, childbirth and the puerperium",0
2003,Number,F,(P00-P96) Certain conditions originating in the perinatal period,21
2004,Number,F,(P00-P96) Certain conditions originating in the perinatal period,10
2005,Number,F,(P00-P96) Certain conditions originating in the perinatal period,10
2006,Number,F,(P00-P96) Certain conditions originating in the perinatal period,12
2007,Number,F,(P00-P96) Certain conditions originating in the perinatal period,12
2008,Number,F,(P00-P96) Certain conditions originating in the perinatal period,8
2009,Number,F,(P00-P96) Certain conditions originating in the perinatal period,12
2010,Number,F,(P00-P96) Certain conditions originating in the perinatal period,16
2011,Number,F,(P00-P96) Certain conditions originating in the perinatal period,16
2012,Number,F,(P00-P96) Certain conditions originating in the perinatal period,11
2013,Number,F,(P00-P96) Certain conditions originating in the perinatal period,8
2014,Number,F,(P00-P96) Certain conditions originating in the perinatal period,9
2015,Number,F,(P00-P96) Certain conditions originating in the perinatal period,8
2016,Number,F,(P00-P96) Certain conditions originating in the perinatal period,5
2017,Number,F,(P00-P96) Certain conditions originating in the perinatal period,10
2018,Number,F,(P00-P96) Certain conditions originating in the perinatal period,7
2019,Number,F,(P00-P96) Certain conditions originating in the perinatal period,5
2020,Number,F,(P00-P96) Certain conditions originating in the perinatal period,18
2021,Number,F,(P00-P96) Certain conditions originating in the perinatal period,4
2022,Number,F,(P00-P96) Certain conditions originating in the perinatal period,7
2023,Number,F,(P00-P96) Certain conditions originating in the perinatal period,5
2024,Number,F,(P00-P96) Certain conditions originating in the perinatal period,14
2003,Number,F,"(Q00-Q99) Congenital malformations, deformations and chromosomal abnormalities",3
2004,Number,F,"(Q00-Q99) Congenital malformations, deformations and chromosomal abnormalities",1
2005,Number,F,"(Q00-Q99) Congenital malformations, deformations and chromosomal abnormalities",8
2006,Number,F,"(Q00-Q99) Congenital malformations, deformations and chromosomal abnormalities",7
2007,Number,F,"(Q00-Q99) Congenital malformations, deformations and chromosomal abnormalities",6
2008,Number,F,"(Q00-Q99) Congenital malformations, deformations and chromosomal abnormalities",10
2009,Number,F,"(Q00-Q99) Congenital malformations, deformations and chromosomal abnormalities",13
2010,Number,F,"(Q00-Q99) Congenital malformations, deformations and chromosomal abnormalities",7
2011,Number,F,"(Q00-Q99) Congenital malformations, deformations and chromosomal abnormalities",2
2012,Number,F,"(Q00-Q99) Congenital malformations, deformations and chromosomal abnormalities",1
2013,Number,F,"(Q00-Q99) Congenital malformations, deformations and chromosomal abnormalities",3
2014,Number,F,"(Q00-Q99) Congenital malformations, deformations and chromosomal abnormalities",7
2015,Number,F,"(Q00-Q99) Congenital malformations, deformations and chromosomal abnormalities",4
2016,Number,F,"(Q00-Q99) Congenital malformations, deformations and chromosomal abnormalities",2
2017,Number,F,"(Q00-Q99) Congenital malformations, deformations and chromosomal abnormalities",1
2018,Number,F,"(Q00-Q99) Congenital malformations, deformations and chromosomal abnormalities",3
2019,Number,F,"(Q00-Q99) Congenital malformations, deformations and chromosomal abnormalities",4
2020,Number,F,"(Q00-Q99) Congenital malformations, deformations and chromosomal abnormalities",3
2021,Number,F,"(Q00-Q99) Congenital malformations, deformations and chromosomal abnormalities",0
2022,Number,F,"(Q00-Q99) Congenital malformations, deformations and chromosomal abnormalities",2
2023,Number,F,"(Q00-Q99) Congenital malformations, deformations and chromosomal abnormalities",2
2024,Number,F,"(Q00-Q99) Congenital malformations, deformations and chromosomal abnormalities",9
2003,Number,F,"(R00-R99) Symptoms, signs and abnormal clinical and laboratory findings, not elsewhere classified",791
2004,Number,F,"(R00-R99) Symptoms, signs and abnormal clinical and laboratory findings, not elsewhere classified",736
2005,Number,F,"(R00-R99) Symptoms, signs and abnormal clinical and laboratory findings, not elsewhere classified",590
2006,Number,F,"(R00-R99) Symptoms, signs and abnormal clinical and laboratory findings, not elsewhere classified",573
2007,Number,F,"(R00-R99) Symptoms, signs and abnormal clinical and laboratory findings, not elsewhere classified",650
2008,Number,F,"(R00-R99) Symptoms, signs and abnormal clinical and laboratory findings, not elsewhere classified",449
2009,Number,F,"(R00-R99) Symptoms, signs and abnormal clinical and laboratory findings, not elsewhere classified",468
2010,Number,F,"(R00-R99) Symptoms, signs and abnormal clinical and laboratory findings, not elsewhere classified",431
2011,Number,F,"(R00-R99) Symptoms, signs and abnormal clinical and laboratory findings, not elsewhere classified",379
2012,Number,F,"(R00-R99) Symptoms, signs and abnormal clinical and laboratory findings, not elsewhere classified",335
2013,Number,F,"(R00-R99) Symptoms, signs and abnormal clinical and laboratory findings, not elsewhere classified",588
2014,Number,F,"(R00-R99) Symptoms, signs and abnormal clinical and laboratory findings, not elsewhere classified",727
2015,Number,F,"(R00-R99) Symptoms, signs and abnormal clinical and laboratory findings, not elsewhere classified",776
2016,Number,F,"(R00-R99) Symptoms, signs and abnormal clinical and laboratory findings, not elsewhere classified",600
2017,Number,F,"(R00-R99) Symptoms, signs and abnormal clinical and laboratory findings, not elsewhere classified",715
2018,Number,F,"(R00-R99) Symptoms, signs and abnormal clinical and laboratory findings, not elsewhere classified",806
2019,Number,F,"(R00-R99) Symptoms, signs and abnormal clinical and laboratory findings, not elsewhere classified",913
2020,Number,F,"(R00-R99) Symptoms, signs and abnormal clinical and laboratory findings, not elsewhere classified",765
2021,Number,F,"(R00-R99) Symptoms, signs and abnormal clinical and laboratory findings, not elsewhere classified",1026
2022,Number,F,"(R00-R99) Symptoms, signs and abnormal clinical and laboratory findings, not elsewhere classified",991
2023,Number,F,"(R00-R99) Symptoms, signs and abnormal clinical and laboratory findings, not elsewhere classified",663
2024,Number,F,"(R00-R99) Symptoms, signs and abnormal clinical and laboratory findings, not elsewhere classified",722
2003,Number,F,"(S00-T98) Injuries, poisoning and consequences of external causes",136
2004,Number,F,"(S00-T98) Injuries, poisoning and consequences of external causes",141
2005,Number,F,"(S00-T98) Injuries, poisoning and consequences of external causes",155
2006,Number,F,"(S00-T98) Injuries, poisoning and consequences of external causes",149
2007,Number,F,"(S00-T98) Injuries, poisoning and consequences of external causes",146
2008,Number,F,"(S00-T98) Injuries, poisoning and consequences of external causes",133
2009,Number,F,"(S00-T98) Injuries, poisoning and consequences of external causes",157
2010,Number,F,"(S00-T98) Injuries, poisoning and consequences of external causes",106
2011,Number,F,"(S00-T98) Injuries, poisoning and consequences of external causes",118
2012,Number,F,"(S00-T98) Injuries, poisoning and consequences of external causes",118
2013,Number,F,"(S00-T98) Injuries, poisoning and consequences of external causes",127
2014,Number,F,"(S00-T98) Injuries, poisoning and consequences of external causes",120
2015,Number,F,"(S00-T98) Injuries, poisoning and consequences of external causes",142
2016,Number,F,"(S00-T98) Injuries, poisoning and consequences of external causes",118
2017,Number,F,"(S00-T98) Injuries, poisoning and consequences of external causes",125
2018,Number,F,"(S00-T98) Injuries, poisoning and consequences of external causes",112
2019,Number,F,"(S00-T98) Injuries, poisoning and consequences of external causes",90
2020,Number,F,"(S00-T98) Injuries, poisoning and consequences of external causes",101
2021,Number,F,"(S00-T98) Injuries, poisoning and consequences of external causes",114
2022,Number,F,"(S00-T98) Injuries, poisoning and consequences of external causes",127
2023,Number,F,"(S00-T98) Injuries, poisoning and consequences of external causes",116
2024,Number,F,"(S00-T98) Injuries, poisoning and consequences of external causes",120
2003,Number,F,(U00-U85) Special purpose codes,0
2004,Number,F,(U00-U85) Special purpose codes,0
2005,Number,F,(U00-U85) Special purpose codes,0
2006,Number,F,(U00-U85) Special purpose codes,0
2007,Number,F,(U00-U85) Special purpose codes,0
2008,Number,F,(U00-U85) Special purpose codes,0
2009,Number,F,(U00-U85) Special purpose codes,0
2010,Number,F,(U00-U85) Special purpose codes,0
2011,Number,F,(U00-U85) Special purpose codes,0
2012,Number,F,(U00-U85) Special purpose codes,0
2013,Number,F,(U00-U85) Special purpose codes,0
2014,Number,F,(U00-U85) Special purpose codes,0
2015,Number,F,(U00-U85) Special purpose codes,0
2016,Number,F,(U00-U85) Special purpose codes,0
2017,Number,F,(U00-U85) Special purpose codes,0
2018,Number,F,(U00-U85) Special purpose codes,0
2019,Number,F,(U00-U85) Special purpose codes,0
2020,Number,F,(U00-U85) Special purpose codes,562
2021,Number,F,(U00-U85) Special purpose codes,1633
2022,Number,F,(U00-U85) Special purpose codes,558
2023,Number,F,(U00-U85) Special purpose codes,58
2023,Number,F,(U00-U85) Special purpose codes,38
