Year,UNIT_MEASURE,City/minicipality,Number of children,Value
2013,Number,Republika Srpska,Total,518243
2013,Number,City of Banja Luka,Total,80633
2013,Number,Berkovici,Total,839
2013,Number,City of Bijeljina,Total,45729
2013,Number,Bileca,Total,4500
2013,Number,Bratunac,Total,8127
2013,Number,Brod,Total,6996
2013,Number,Visegrad,Total,4691
2013,Number,Vlasenica,Total,4738
2013,Number,Vukosavlje,Total,1849
2013,Number,Gacko,Total,3646
2013,Number,City of Gradiska,Total,22005
2013,Number,City of Derventa,Total,11515
2013,Number,City of Doboj,Total,30598
2013,Number,Donji Zabar,Total,1561
2013,Number,City of Zvornik,Total,23313
2013,Number,East Ilidza,Total,6538
2013,Number,East Drvar,Total,22
2013,Number,East Mostar,Total,93
2013,Number,East Stari Grad,Total,516
2013,Number,East Novo Sarajevo,Total,4659
2013,Number,Jezero,Total,437
2013,Number,Kalinovik,Total,898
2013,Number,Knezevo,Total,4079
2013,Number,Kozarska Dubica,Total,9386
2013,Number,Kostajnica,Total,2538
2013,Number,Kotor Varos,Total,7914
2013,Number,Krupa Na Uni,Total,628
2013,Number,Kupres,Total,127
2013,Number,Laktasi,Total,14682
2013,Number,Lopare,Total,6471
2013,Number,Ljubinje,Total,1475
2013,Number,Milici,Total,4489
2013,Number,Modrica,Total,10856
2013,Number,Mrkonjic Grad,Total,7153
2013,Number,Nevesinje,Total,5385
2013,Number,Novi Grad,Total,11191
2013,Number,Novo Gorazde,Total,1263
2013,Number,Osmaci,Total,2367
2013,Number,Ostra Luka,Total,1131
2013,Number,Pale,Total,9317
2013,Number,Pelagicevo,Total,1978
2013,Number,Petrovac,Total,160
2013,Number,Petrovo,Total,2902
2013,Number,City of Prijedor,Total,36570
2013,Number,Prnjavor,Total,15254
2013,Number,Ribnik,Total,2560
2013,Number,Rogatica,Total,4567
2013,Number,Rudo,Total,3315
2013,Number,Sokolac,Total,5142
2013,Number,Srbac,Total,7462
2013,Number,Srebrenica,Total,5260
2013,Number,Teslic,Total,16491
2013,Number,City of Trebinje,Total,12436
2013,Number,Trnovo,Total,936
2013,Number,Ugljevik,Total,6451
2013,Number,Foca,Total,7700
2013,Number,Han Pijesak,Total,1631
2013,Number,Cajnice,Total,2025
2013,Number,Celinac,Total,6555
2013,Number,Samac,Total,7431
2013,Number,Sekovici,Total,2815
2013,Number,Sipovo,Total,4247
2013,Number,Republika Srpska,Did not give birth,131752
2013,Number,City of Banja Luka,Did not give birth,22958
2013,Number,Berkovici,Did not give birth,198
2013,Number,City of Bijeljina,Did not give birth,11452
2013,Number,Bileca,Did not give birth,1303
2013,Number,Bratunac,Did not give birth,2067
2013,Number,Brod,Did not give birth,1822
2013,Number,Visegrad,Did not give birth,1278
2013,Number,Vlasenica,Did not give birth,1293
2013,Number,Vukosavlje,Did not give birth,419
2013,Number,Gacko,Did not give birth,1080
2013,Number,City of Gradiska,Did not give birth,5312
2013,Number,City of Derventa,Did not give birth,2841
2013,Number,City of Doboj,Did not give birth,7244
2013,Number,Donji Zabar,Did not give birth,394
2013,Number,City of Zvornik,Did not give birth,5530
2013,Number,East Ilidza,Did not give birth,1897
2013,Number,East Drvar,Did not give birth,5
2013,Number,East Mostar,Did not give birth,25
2013,Number,East Stari Grad,Did not give birth,122
2013,Number,East Novo Sarajevo,Did not give birth,1372
2013,Number,Jezero,Did not give birth,111
2013,Number,Kalinovik,Did not give birth,250
2013,Number,Knezevo,Did not give birth,868
2013,Number,Kozarska Dubica,Did not give birth,2106
2013,Number,Kostajnica,Did not give birth,632
2013,Number,Kotor Varos,Did not give birth,2052
2013,Number,Krupa Na Uni,Did not give birth,110
2013,Number,Kupres,Did not give birth,24
2013,Number,Laktasi,Did not give birth,3589
2013,Number,Lopare,Did not give birth,1679
2013,Number,Ljubinje,Did not give birth,377
2013,Number,Milici,Did not give birth,1235
2013,Number,Modrica,Did not give birth,2736
2013,Number,Mrkonjic Grad,Did not give birth,1571
2013,Number,Nevesinje,Did not give birth,1490
2013,Number,Novi Grad,Did not give birth,2605
2013,Number,Novo Gorazde,Did not give birth,405
2013,Number,Osmaci,Did not give birth,570
2013,Number,Ostra Luka,Did not give birth,235
2013,Number,Pale,Did not give birth,2843
2013,Number,Pelagicevo,Did not give birth,467
2013,Number,Petrovac,Did not give birth,34
2013,Number,Petrovo,Did not give birth,581
2013,Number,City of Prijedor,Did not give birth,9358
2013,Number,Prnjavor,Did not give birth,3458
2013,Number,Ribnik,Did not give birth,493
2013,Number,Rogatica,Did not give birth,1126
2013,Number,Rudo,Did not give birth,769
2013,Number,Sokolac,Did not give birth,1278
2013,Number,Srbac,Did not give birth,1710
2013,Number,Srebrenica,Did not give birth,1385
2013,Number,Teslic,Did not give birth,3716
2013,Number,City of Trebinje,Did not give birth,3394
2013,Number,Trnovo,Did not give birth,243
2013,Number,Ugljevik,Did not give birth,1598
2013,Number,Foca,Did not give birth,2037
2013,Number,Han Pijesak,Did not give birth,391
2013,Number,Cajnice,Did not give birth,525
2013,Number,Celinac,Did not give birth,1600
2013,Number,Samac,Did not give birth,1848
2013,Number,Sekovici,Did not give birth,667
2013,Number,Sipovo,Did not give birth,974
2013,Number,Republika Srpska,1 child,69805
2013,Number,City of Banja Luka,1 child,13545
2013,Number,Berkovici,1 child,72
2013,Number,City of Bijeljina,1 child,6922
2013,Number,Bileca,1 child,374
2013,Number,Bratunac,1 child,856
2013,Number,Brod,1 child,987
2013,Number,Visegrad,1 child,536
2013,Number,Vlasenica,1 child,547
2013,Number,Vukosavlje,1 child,236
2013,Number,Gacko,1 child,325
2013,Number,City of Gradiska,1 child,3293
2013,Number,City of Derventa,1 child,1633
2013,Number,City of Doboj,1 child,4512
2013,Number,Donji Zabar,1 child,205
2013,Number,City of Zvornik,1 child,2647
2013,Number,East Ilidza,1 child,1017
2013,Number,East Drvar,1 child,4
2013,Number,East Mostar,1 child,8
2013,Number,East Stari Grad,1 child,53
2013,Number,East Novo Sarajevo,1 child,832
2013,Number,Jezero,1 child,41
2013,Number,Kalinovik,1 child,62
2013,Number,Knezevo,1 child,329
2013,Number,Kozarska Dubica,1 child,1478
2013,Number,Kostajnica,1 child,460
2013,Number,Kotor Varos,1 child,706
2013,Number,Krupa Na Uni,1 child,58
2013,Number,Kupres,1 child,13
2013,Number,Laktasi,1 child,2036
2013,Number,Lopare,1 child,737
2013,Number,Ljubinje,1 child,102
2013,Number,Milici,1 child,405
2013,Number,Modrica,1 child,1389
2013,Number,Mrkonjic Grad,1 child,720
2013,Number,Nevesinje,1 child,478
2013,Number,Novi Grad,1 child,1568
2013,Number,Novo Gorazde,1 child,147
2013,Number,Osmaci,1 child,227
2013,Number,Ostra Luka,1 child,79
2013,Number,Pale,1 child,1269
2013,Number,Pelagicevo,1 child,240
2013,Number,Petrovac,1 child,23
2013,Number,Petrovo,1 child,407
2013,Number,City of Prijedor,1 child,5181
2013,Number,Prnjavor,1 child,1922
2013,Number,Ribnik,1 child,226
2013,Number,Rogatica,1 child,505
2013,Number,Rudo,1 child,299
2013,Number,Sokolac,1 child,646
2013,Number,Srbac,1 child,1066
2013,Number,Srebrenica,1 child,519
2013,Number,Teslic,1 child,1963
2013,Number,City of Trebinje,1 child,1415
2013,Number,Trnovo,1 child,114
2013,Number,Ugljevik,1 child,797
2013,Number,Foca,1 child,829
2013,Number,Han Pijesak,1 child,200
2013,Number,Cajnice,1 child,203
2013,Number,Celinac,1 child,640
2013,Number,Samac,1 child,1094
2013,Number,Sekovici,1 child,241
2013,Number,Sipovo,1 child,367
2013,Number,Republika Srpska,2 children,201271
2013,Number,City of Banja Luka,2 children,32459
2013,Number,Berkovici,2 children,239
2013,Number,City of Bijeljina,2 children,19232
2013,Number,Bileca,2 children,1326
2013,Number,Bratunac,2 children,2792
2013,Number,Brod,2 children,2580
2013,Number,Visegrad,2 children,1848
2013,Number,Vlasenica,2 children,1665
2013,Number,Vukosavlje,2 children,559
2013,Number,Gacko,2 children,1059
2013,Number,City of Gradiska,2 children,8900
2013,Number,City of Derventa,2 children,4439
2013,Number,City of Doboj,2 children,12173
2013,Number,Donji Zabar,2 children,593
2013,Number,City of Zvornik,2 children,8830
2013,Number,East Ilidza,2 children,2779
2013,Number,East Drvar,2 children,10
2013,Number,East Mostar,2 children,33
2013,Number,East Stari Grad,2 children,228
2013,Number,East Novo Sarajevo,2 children,1900
2013,Number,Jezero,2 children,148
2013,Number,Kalinovik,2 children,319
2013,Number,Knezevo,2 children,1392
2013,Number,Kozarska Dubica,2 children,4143
2013,Number,Kostajnica,2 children,1052
2013,Number,Kotor Varos,2 children,2402
2013,Number,Krupa Na Uni,2 children,192
2013,Number,Kupres,2 children,40
2013,Number,Laktasi,2 children,6184
2013,Number,Lopare,2 children,2505
2013,Number,Ljubinje,2 children,553
2013,Number,Milici,2 children,1495
2013,Number,Modrica,2 children,4165
2013,Number,Mrkonjic Grad,2 children,2860
2013,Number,Nevesinje,2 children,1754
2013,Number,Novi Grad,2 children,4409
2013,Number,Novo Gorazde,2 children,422
2013,Number,Osmaci,2 children,797
2013,Number,Ostra Luka,2 children,344
2013,Number,Pale,2 children,3827
2013,Number,Pelagicevo,2 children,665
2013,Number,Petrovac,2 children,82
2013,Number,Petrovo,2 children,1379
2013,Number,City of Prijedor,2 children,13567
2013,Number,Prnjavor,2 children,6044
2013,Number,Ribnik,2 children,909
2013,Number,Rogatica,2 children,1710
2013,Number,Rudo,2 children,1350
2013,Number,Sokolac,2 children,2140
2013,Number,Srbac,2 children,3026
2013,Number,Srebrenica,2 children,1722
2013,Number,Teslic,2 children,5747
2013,Number,City of Trebinje,2 children,4888
2013,Number,Trnovo,2 children,376
2013,Number,Ugljevik,2 children,2613
2013,Number,Foca,2 children,2985
2013,Number,Han Pijesak,2 children,636
2013,Number,Cajnice,2 children,677
2013,Number,Celinac,2 children,2447
2013,Number,Samac,2 children,3141
2013,Number,Sekovici,2 children,982
2013,Number,Sipovo,2 children,1538
2013,Number,Republika Srpska,3 children,75481
2013,Number,City of Banja Luka,3 children,8070
2013,Number,Berkovici,3 children,217
2013,Number,City of Bijeljina,3 children,5831
2013,Number,Bileca,3 children,977
2013,Number,Bratunac,3 children,1431
2013,Number,Brod,3 children,1080
2013,Number,Visegrad,3 children,712
2013,Number,Vlasenica,3 children,713
2013,Number,Vukosavlje,3 children,347
2013,Number,Gacko,3 children,776
2013,Number,City of Gradiska,3 children,3006
2013,Number,City of Derventa,3 children,1724
2013,Number,City of Doboj,3 children,4326
2013,Number,Donji Zabar,3 children,250
2013,Number,City of Zvornik,3 children,4031
2013,Number,East Ilidza,3 children,680
2013,Number,East Drvar,3 children,3
2013,Number,East Mostar,3 children,15
2013,Number,East Stari Grad,3 children,83
2013,Number,East Novo Sarajevo,3 children,443
2013,Number,Jezero,3 children,77
2013,Number,Kalinovik,3 children,171
2013,Number,Knezevo,3 children,808
2013,Number,Kozarska Dubica,3 children,1200
2013,Number,Kostajnica,3 children,277
2013,Number,Kotor Varos,3 children,1502
2013,Number,Krupa Na Uni,3 children,142
2013,Number,Kupres,3 children,27
2013,Number,Laktasi,3 children,2018
2013,Number,Lopare,3 children,1040
2013,Number,Ljubinje,3 children,328
2013,Number,Milici,3 children,838
2013,Number,Modrica,3 children,1652
2013,Number,Mrkonjic Grad,3 children,1314
2013,Number,Nevesinje,3 children,1064
2013,Number,Novi Grad,3 children,1483
2013,Number,Novo Gorazde,3 children,192
2013,Number,Osmaci,3 children,427
2013,Number,Ostra Luka,3 children,266
2013,Number,Pale,3 children,1048
2013,Number,Pelagicevo,3 children,364
2013,Number,Petrovac,3 children,19
2013,Number,Petrovo,3 children,379
2013,Number,City of Prijedor,3 children,5168
2013,Number,Prnjavor,3 children,2451
2013,Number,Ribnik,3 children,572
2013,Number,Rogatica,3 children,824
2013,Number,Rudo,3 children,604
2013,Number,Sokolac,3 children,768
2013,Number,Srbac,3 children,1137
2013,Number,Srebrenica,3 children,914
2013,Number,Teslic,3 children,2955
2013,Number,City of Trebinje,3 children,2131
2013,Number,Trnovo,3 children,136
2013,Number,Ugljevik,3 children,1018
2013,Number,Foca,3 children,1283
2013,Number,Han Pijesak,3 children,282
2013,Number,Cajnice,3 children,408
2013,Number,Celinac,3 children,1172
2013,Number,Samac,3 children,962
2013,Number,Sekovici,3 children,558
2013,Number,Sipovo,3 children,787
2013,Number,Republika Srpska,4 children,22659
2013,Number,City of Banja Luka,4 children,2049
2013,Number,Berkovici,4 children,76
2013,Number,City of Bijeljina,4 children,1410
2013,Number,Bileca,4 children,351
2013,Number,Bratunac,4 children,492
2013,Number,Brod,4 children,303
2013,Number,Visegrad,4 children,194
2013,Number,Vlasenica,4 children,266
2013,Number,Vukosavlje,4 children,148
2013,Number,Gacko,4 children,273
2013,Number,City of Gradiska,4 children,817
2013,Number,City of Derventa,4 children,506
2013,Number,City of Doboj,4 children,1337
2013,Number,Donji Zabar,4 children,69
2013,Number,City of Zvornik,4 children,1267
2013,Number,East Ilidza,4 children,111
2013,Number,East Drvar,4 children,0
2013,Number,East Mostar,4 children,5
2013,Number,East Stari Grad,4 children,23
2013,Number,East Novo Sarajevo,4 children,82
2013,Number,Jezero,4 children,34
2013,Number,Kalinovik,4 children,53
2013,Number,Knezevo,4 children,317
2013,Number,Kozarska Dubica,4 children,294
2013,Number,Kostajnica,4 children,70
2013,Number,Kotor Varos,4 children,635
2013,Number,Krupa Na Uni,4 children,61
2013,Number,Kupres,4 children,13
2013,Number,Laktasi,4 children,549
2013,Number,Lopare,4 children,301
2013,Number,Ljubinje,4 children,74
2013,Number,Milici,4 children,277
2013,Number,Modrica,4 children,548
2013,Number,Mrkonjic Grad,4 children,393
2013,Number,Nevesinje,4 children,395
2013,Number,Novi Grad,4 children,583
2013,Number,Novo Gorazde,4 children,55
2013,Number,Osmaci,4 children,171
2013,Number,Ostra Luka,4 children,105
2013,Number,Pale,4 children,235
2013,Number,Pelagicevo,4 children,133
2013,Number,Petrovac,4 children,2
2013,Number,Petrovo,4 children,91
2013,Number,City of Prijedor,4 children,1761
2013,Number,Prnjavor,4 children,769
2013,Number,Ribnik,4 children,198
2013,Number,Rogatica,4 children,259
2013,Number,Rudo,4 children,201
2013,Number,Sokolac,4 children,206
2013,Number,Srbac,4 children,306
2013,Number,Srebrenica,4 children,358
2013,Number,Teslic,4 children,1010
2013,Number,City of Trebinje,4 children,463
2013,Number,Trnovo,4 children,45
2013,Number,Ugljevik,4 children,264
2013,Number,Foca,4 children,348
2013,Number,Han Pijesak,4 children,75
2013,Number,Cajnice,4 children,140
2013,Number,Celinac,4 children,385
2013,Number,Samac,4 children,235
2013,Number,Sekovici,4 children,193
2013,Number,Sipovo,4 children,275
2013,Number,Republika Srpska,5+ children,17275
2013,Number,City of Banja Luka,5+ children,1552
2013,Number,Berkovici,5+ children,37
2013,Number,City of Bijeljina,5+ children,882
2013,Number,Bileca,5+ children,169
2013,Number,Bratunac,5+ children,489
2013,Number,Brod,5+ children,224
2013,Number,Visegrad,5+ children,123
2013,Number,Vlasenica,5+ children,254
2013,Number,Vukosavlje,5+ children,140
2013,Number,Gacko,5+ children,133
2013,Number,City of Gradiska,5+ children,677
2013,Number,City of Derventa,5+ children,372
2013,Number,City of Doboj,5+ children,1006
2013,Number,Donji Zabar,5+ children,50
2013,Number,City of Zvornik,5+ children,1008
2013,Number,East Ilidza,5+ children,54
2013,Number,East Drvar,5+ children,0
2013,Number,East Mostar,5+ children,7
2013,Number,East Stari Grad,5+ children,7
2013,Number,East Novo Sarajevo,5+ children,30
2013,Number,Jezero,5+ children,26
2013,Number,Kalinovik,5+ children,43
2013,Number,Knezevo,5+ children,365
2013,Number,Kozarska Dubica,5+ children,165
2013,Number,Kostajnica,5+ children,47
2013,Number,Kotor Varos,5+ children,617
2013,Number,Krupa Na Uni,5+ children,65
2013,Number,Kupres,5+ children,10
2013,Number,Laktasi,5+ children,306
2013,Number,Lopare,5+ children,209
2013,Number,Ljubinje,5+ children,41
2013,Number,Milici,5+ children,239
2013,Number,Modrica,5+ children,366
2013,Number,Mrkonjic Grad,5+ children,295
2013,Number,Nevesinje,5+ children,204
2013,Number,Novi Grad,5+ children,543
2013,Number,Novo Gorazde,5+ children,42
2013,Number,Osmaci,5+ children,175
2013,Number,Ostra Luka,5+ children,102
2013,Number,Pale,5+ children,95
2013,Number,Pelagicevo,5+ children,109
2013,Number,Petrovac,5+ children,0
2013,Number,Petrovo,5+ children,65
2013,Number,City of Prijedor,5+ children,1535
2013,Number,Prnjavor,5+ children,610
2013,Number,Ribnik,5+ children,162
2013,Number,Rogatica,5+ children,143
2013,Number,Rudo,5+ children,92
2013,Number,Sokolac,5+ children,104
2013,Number,Srbac,5+ children,217
2013,Number,Srebrenica,5+ children,362
2013,Number,Teslic,5+ children,1100
2013,Number,City of Trebinje,5+ children,145
2013,Number,Trnovo,5+ children,22
2013,Number,Ugljevik,5+ children,161
2013,Number,Foca,5+ children,218
2013,Number,Han Pijesak,5+ children,47
2013,Number,Cajnice,5+ children,72
2013,Number,Celinac,5+ children,311
2013,Number,Samac,5+ children,151
2013,Number,Sekovici,5+ children,174
2013,Number,Sipovo,5+ children,306
