Year,UNIT_MEASURE,Administrative area,Sex,Nationality,Value
2013,Number,Republika Srpska,Both sexes,Total,1170342
2013,Number,Republika Srpska,M,Total,571812
2013,Number,Republika Srpska,F,Total,598530
2013,Number,City of Banja Luka,Both sexes,Total,180053
2013,Number,City of Banja Luka,M,Total,86510
2013,Number,City of Banja Luka,F,Total,93543
2013,Number,Berkovici,Both sexes,Total,2041
2013,Number,Berkovici,M,Total,1032
2013,Number,Berkovici,F,Total,1009
2013,Number,City of Bijeljina,Both sexes,Total,103874
2013,Number,City of Bijeljina,M,Total,50760
2013,Number,City of Bijeljina,F,Total,53114
2013,Number,Bileca,Both sexes,Total,10607
2013,Number,Bileca,M,Total,5346
2013,Number,Bileca,F,Total,5261
2013,Number,Bratunac,Both sexes,Total,18651
2013,Number,Bratunac,M,Total,9210
2013,Number,Bratunac,F,Total,9441
2013,Number,Brod,Both sexes,Total,15720
2013,Number,Brod,M,Total,7670
2013,Number,Brod,F,Total,8050
2013,Number,Visegrad,Both sexes,Total,10118
2013,Number,Visegrad,M,Total,4834
2013,Number,Visegrad,F,Total,5284
2013,Number,Vlasenica,Both sexes,Total,10657
2013,Number,Vlasenica,M,Total,5193
2013,Number,Vlasenica,F,Total,5464
2013,Number,Vukosavlje,Both sexes,Total,4363
2013,Number,Vukosavlje,M,Total,2185
2013,Number,Vukosavlje,F,Total,2178
2013,Number,Gacko,Both sexes,Total,8710
2013,Number,Gacko,M,Total,4423
2013,Number,Gacko,F,Total,4287
2013,Number,City of Gradiska,Both sexes,Total,49196
2013,Number,City of Gradiska,M,Total,23944
2013,Number,City of Gradiska,F,Total,25252
2013,Number,City of Derventa,Both sexes,Total,25922
2013,Number,City of Derventa,M,Total,12629
2013,Number,City of Derventa,F,Total,13293
2013,Number,City of Doboj,Both sexes,Total,68514
2013,Number,City of Doboj,M,Total,33222
2013,Number,City of Doboj,F,Total,35292
2013,Number,Donji Zabar,Both sexes,Total,3669
2013,Number,Donji Zabar,M,Total,1853
2013,Number,Donji Zabar,F,Total,1816
2013,Number,City of Zvornik,Both sexes,Total,54407
2013,Number,City of Zvornik,M,Total,26803
2013,Number,City of Zvornik,F,Total,27604
2013,Number,East Ilidza,Both sexes,Total,14437
2013,Number,East Ilidza,M,Total,6905
2013,Number,East Ilidza,F,Total,7532
2013,Number,East Drvar,Both sexes,Total,66
2013,Number,East Drvar,M,Total,44
2013,Number,East Drvar,F,Total,22
2013,Number,East Mostar,Both sexes,Total,244
2013,Number,East Mostar,M,Total,138
2013,Number,East Mostar,F,Total,106
2013,Number,East Stari Grad,Both sexes,Total,1116
2013,Number,East Stari Grad,M,Total,552
2013,Number,East Stari Grad,F,Total,564
2013,Number,East Novo Sarajevo,Both sexes,Total,10401
2013,Number,East Novo Sarajevo,M,Total,4936
2013,Number,East Novo Sarajevo,F,Total,5465
2013,Number,Jezero,Both sexes,Total,1039
2013,Number,Jezero,M,Total,534
2013,Number,Jezero,F,Total,505
2013,Number,Kalinovik,Both sexes,Total,1962
2013,Number,Kalinovik,M,Total,950
2013,Number,Kalinovik,F,Total,1012
2013,Number,Knezevo,Both sexes,Total,9368
2013,Number,Knezevo,M,Total,4632
2013,Number,Knezevo,F,Total,4736
2013,Number,Kozarska Dubica,Both sexes,Total,20681
2013,Number,Kozarska Dubica,M,Total,10094
2013,Number,Kozarska Dubica,F,Total,10587
2013,Number,Kostajnica,Both sexes,Total,5645
2013,Number,Kostajnica,M,Total,2780
2013,Number,Kostajnica,F,Total,2865
2013,Number,Kotor Varos,Both sexes,Total,18361
2013,Number,Kotor Varos,M,Total,9007
2013,Number,Kotor Varos,F,Total,9354
2013,Number,Krupa Na Uni,Both sexes,Total,1560
2013,Number,Krupa Na Uni,M,Total,841
2013,Number,Krupa Na Uni,F,Total,719
2013,Number,Kupres,Both sexes,Total,293
2013,Number,Kupres,M,Total,157
2013,Number,Kupres,F,Total,136
2013,Number,Laktasi,Both sexes,Total,34210
2013,Number,Laktasi,M,Total,16905
2013,Number,Laktasi,F,Total,17305
2013,Number,Lopare,Both sexes,Total,14689
2013,Number,Lopare,M,Total,7377
2013,Number,Lopare,F,Total,7312
2013,Number,Ljubinje,Both sexes,Total,3319
2013,Number,Ljubinje,M,Total,1633
2013,Number,Ljubinje,F,Total,1686
2013,Number,Milici,Both sexes,Total,10445
2013,Number,Milici,M,Total,5252
2013,Number,Milici,F,Total,5193
2013,Number,Modrica,Both sexes,Total,24490
2013,Number,Modrica,M,Total,11969
2013,Number,Modrica,F,Total,12521
2013,Number,Mrkonjic Grad,Both sexes,Total,15926
2013,Number,Mrkonjic Grad,M,Total,7660
2013,Number,Mrkonjic Grad,F,Total,8266
2013,Number,Nevesinje,Both sexes,Total,12542
2013,Number,Nevesinje,M,Total,6236
2013,Number,Nevesinje,F,Total,6306
2013,Number,Novi Grad,Both sexes,Total,25240
2013,Number,Novi Grad,M,Total,12580
2013,Number,Novi Grad,F,Total,12660
2013,Number,Novo Gorazde,Both sexes,Total,2915
2013,Number,Novo Gorazde,M,Total,1500
2013,Number,Novo Gorazde,F,Total,1415
2013,Number,Osmaci,Both sexes,Total,5546
2013,Number,Osmaci,M,Total,2779
2013,Number,Osmaci,F,Total,2767
2013,Number,Ostra Luka,Both sexes,Total,2705
2013,Number,Ostra Luka,M,Total,1386
2013,Number,Ostra Luka,F,Total,1319
2013,Number,Pale,Both sexes,Total,20359
2013,Number,Pale,M,Total,9744
2013,Number,Pale,F,Total,10615
2013,Number,Pelagicevo,Both sexes,Total,4358
2013,Number,Pelagicevo,M,Total,2151
2013,Number,Pelagicevo,F,Total,2207
2013,Number,Petrovac,Both sexes,Total,354
2013,Number,Petrovac,M,Total,169
2013,Number,Petrovac,F,Total,185
2013,Number,Petrovo,Both sexes,Total,6317
2013,Number,Petrovo,M,Total,3043
2013,Number,Petrovo,F,Total,3274
2013,Number,City of Prijedor,Both sexes,Total,80916
2013,Number,City of Prijedor,M,Total,39418
2013,Number,City of Prijedor,F,Total,41498
2013,Number,Prnjavor,Both sexes,Total,34357
2013,Number,Prnjavor,M,Total,16675
2013,Number,Prnjavor,F,Total,17682
2013,Number,Ribnik,Both sexes,Total,5851
2013,Number,Ribnik,M,Total,2900
2013,Number,Ribnik,F,Total,2951
2013,Number,Rogatica,Both sexes,Total,10302
2013,Number,Rogatica,M,Total,5053
2013,Number,Rogatica,F,Total,5249
2013,Number,Rudo,Both sexes,Total,7578
2013,Number,Rudo,M,Total,3840
2013,Number,Rudo,F,Total,3738
2013,Number,Sokolac,Both sexes,Total,11620
2013,Number,Sokolac,M,Total,5723
2013,Number,Sokolac,F,Total,5897
2013,Number,Srbac,Both sexes,Total,16933
2013,Number,Srbac,M,Total,8295
2013,Number,Srbac,F,Total,8638
2013,Number,Srebrenica,Both sexes,Total,11698
2013,Number,Srebrenica,M,Total,5714
2013,Number,Srebrenica,F,Total,5984
2013,Number,Teslic,Both sexes,Total,37236
2013,Number,Teslic,M,Total,17894
2013,Number,Teslic,F,Total,19342
2013,Number,City of Trebinje,Both sexes,Total,28239
2013,Number,City of Trebinje,M,Total,13760
2013,Number,City of Trebinje,F,Total,14479
2013,Number,Trnovo,Both sexes,Total,1983
2013,Number,Trnovo,M,Total,953
2013,Number,Trnovo,F,Total,1030
2013,Number,Ugljevik,Both sexes,Total,15118
2013,Number,Ugljevik,M,Total,7626
2013,Number,Ugljevik,F,Total,7492
2013,Number,Foca,Both sexes,Total,17580
2013,Number,Foca,M,Total,8880
2013,Number,Foca,F,Total,8700
2013,Number,Han Pijesak,Both sexes,Total,3445
2013,Number,Han Pijesak,M,Total,1632
2013,Number,Han Pijesak,F,Total,1813
2013,Number,Cajnice,Both sexes,Total,4679
2013,Number,Cajnice,M,Total,2347
2013,Number,Cajnice,F,Total,2332
2013,Number,Celinac,Both sexes,Total,15117
2013,Number,Celinac,M,Total,7477
2013,Number,Celinac,F,Total,7640
2013,Number,Samac,Both sexes,Total,16308
2013,Number,Samac,M,Total,7908
2013,Number,Samac,F,Total,8400
2013,Number,Sekovici,Both sexes,Total,6323
2013,Number,Sekovici,M,Total,3103
2013,Number,Sekovici,F,Total,3220
2013,Number,Sipovo,Both sexes,Total,9969
2013,Number,Sipovo,M,Total,5046
2013,Number,Sipovo,F,Total,4923
2013,Number,Republika Srpska,Both sexes,bosniaks,148477
2013,Number,Republika Srpska,M,bosniaks,72148
2013,Number,Republika Srpska,F,bosniaks,76329
2013,Number,City of Banja Luka,Both sexes,bosniaks,6816
2013,Number,City of Banja Luka,M,bosniaks,3108
2013,Number,City of Banja Luka,F,bosniaks,3708
2013,Number,Berkovici,Both sexes,bosniaks,155
2013,Number,Berkovici,M,bosniaks,87
2013,Number,Berkovici,F,bosniaks,68
2013,Number,City of Bijeljina,Both sexes,bosniaks,11680
2013,Number,City of Bijeljina,M,bosniaks,5733
2013,Number,City of Bijeljina,F,bosniaks,5947
2013,Number,Bileca,Both sexes,bosniaks,26
2013,Number,Bileca,M,bosniaks,16
2013,Number,Bileca,F,bosniaks,10
2013,Number,Bratunac,Both sexes,bosniaks,6588
2013,Number,Bratunac,M,bosniaks,3218
2013,Number,Bratunac,F,bosniaks,3370
2013,Number,Brod,Both sexes,bosniaks,1312
2013,Number,Brod,M,bosniaks,640
2013,Number,Brod,F,bosniaks,672
2013,Number,Visegrad,Both sexes,bosniaks,895
2013,Number,Visegrad,M,bosniaks,454
2013,Number,Visegrad,F,bosniaks,441
2013,Number,Vlasenica,Both sexes,bosniaks,3360
2013,Number,Vlasenica,M,bosniaks,1646
2013,Number,Vlasenica,F,bosniaks,1714
2013,Number,Vukosavlje,Both sexes,bosniaks,2025
2013,Number,Vukosavlje,M,bosniaks,1034
2013,Number,Vukosavlje,F,bosniaks,991
2013,Number,Gacko,Both sexes,bosniaks,332
2013,Number,Gacko,M,bosniaks,179
2013,Number,Gacko,F,bosniaks,153
2013,Number,City of Gradiska,Both sexes,bosniaks,6266
2013,Number,City of Gradiska,M,bosniaks,3047
2013,Number,City of Gradiska,F,bosniaks,3219
2013,Number,City of Derventa,Both sexes,bosniaks,1686
2013,Number,City of Derventa,M,bosniaks,812
2013,Number,City of Derventa,F,bosniaks,874
2013,Number,City of Doboj,Both sexes,bosniaks,14417
2013,Number,City of Doboj,M,bosniaks,6904
2013,Number,City of Doboj,F,bosniaks,7513
2013,Number,Donji Zabar,Both sexes,bosniaks,4
2013,Number,Donji Zabar,M,bosniaks,0
2013,Number,Donji Zabar,F,bosniaks,4
2013,Number,City of Zvornik,Both sexes,bosniaks,16775
2013,Number,City of Zvornik,M,bosniaks,8206
2013,Number,City of Zvornik,F,bosniaks,8569
2013,Number,East Ilidza,Both sexes,bosniaks,632
2013,Number,East Ilidza,M,bosniaks,293
2013,Number,East Ilidza,F,bosniaks,339
2013,Number,East Drvar,Both sexes,bosniaks,0
2013,Number,East Drvar,M,bosniaks,0
2013,Number,East Drvar,F,bosniaks,0
2013,Number,East Mostar,Both sexes,bosniaks,78
2013,Number,East Mostar,M,bosniaks,45
2013,Number,East Mostar,F,bosniaks,33
2013,Number,East Stari Grad,Both sexes,bosniaks,41
2013,Number,East Stari Grad,M,bosniaks,25
2013,Number,East Stari Grad,F,bosniaks,16
2013,Number,East Novo Sarajevo,Both sexes,bosniaks,44
2013,Number,East Novo Sarajevo,M,bosniaks,14
2013,Number,East Novo Sarajevo,F,bosniaks,30
2013,Number,Jezero,Both sexes,bosniaks,251
2013,Number,Jezero,M,bosniaks,118
2013,Number,Jezero,F,bosniaks,133
2013,Number,Kalinovik,Both sexes,bosniaks,43
2013,Number,Kalinovik,M,bosniaks,19
2013,Number,Kalinovik,F,bosniaks,24
2013,Number,Knezevo,Both sexes,bosniaks,413
2013,Number,Knezevo,M,bosniaks,186
2013,Number,Knezevo,F,bosniaks,227
2013,Number,Kozarska Dubica,Both sexes,bosniaks,1883
2013,Number,Kozarska Dubica,M,bosniaks,906
2013,Number,Kozarska Dubica,F,bosniaks,977
2013,Number,Kostajnica,Both sexes,bosniaks,1276
2013,Number,Kostajnica,M,bosniaks,626
2013,Number,Kostajnica,F,bosniaks,650
2013,Number,Kotor Varos,Both sexes,bosniaks,4516
2013,Number,Kotor Varos,M,bosniaks,2173
2013,Number,Kotor Varos,F,bosniaks,2343
2013,Number,Krupa Na Uni,Both sexes,bosniaks,3
2013,Number,Krupa Na Uni,M,bosniaks,1
2013,Number,Krupa Na Uni,F,bosniaks,2
2013,Number,Kupres,Both sexes,bosniaks,0
2013,Number,Kupres,M,bosniaks,0
2013,Number,Kupres,F,bosniaks,0
2013,Number,Laktasi,Both sexes,bosniaks,104
2013,Number,Laktasi,M,bosniaks,47
2013,Number,Laktasi,F,bosniaks,57
2013,Number,Lopare,Both sexes,bosniaks,1310
2013,Number,Lopare,M,bosniaks,646
2013,Number,Lopare,F,bosniaks,664
2013,Number,Ljubinje,Both sexes,bosniaks,9
2013,Number,Ljubinje,M,bosniaks,5
2013,Number,Ljubinje,F,bosniaks,4
2013,Number,Milici,Both sexes,bosniaks,3532
2013,Number,Milici,M,bosniaks,1746
2013,Number,Milici,F,bosniaks,1786
2013,Number,Modrica,Both sexes,bosniaks,2880
2013,Number,Modrica,M,bosniaks,1364
2013,Number,Modrica,F,bosniaks,1516
2013,Number,Mrkonjic Grad,Both sexes,bosniaks,354
2013,Number,Mrkonjic Grad,M,bosniaks,170
2013,Number,Mrkonjic Grad,F,bosniaks,184
2013,Number,Nevesinje,Both sexes,bosniaks,508
2013,Number,Nevesinje,M,bosniaks,261
2013,Number,Nevesinje,F,bosniaks,247
2013,Number,Novi Grad,Both sexes,bosniaks,5214
2013,Number,Novi Grad,M,bosniaks,2606
2013,Number,Novi Grad,F,bosniaks,2608
2013,Number,Novo Gorazde,Both sexes,bosniaks,1317
2013,Number,Novo Gorazde,M,bosniaks,662
2013,Number,Novo Gorazde,F,bosniaks,655
2013,Number,Osmaci,Both sexes,bosniaks,2673
2013,Number,Osmaci,M,bosniaks,1321
2013,Number,Osmaci,F,bosniaks,1352
2013,Number,Ostra Luka,Both sexes,bosniaks,23
2013,Number,Ostra Luka,M,bosniaks,7
2013,Number,Ostra Luka,F,bosniaks,16
2013,Number,Pale,Both sexes,bosniaks,165
2013,Number,Pale,M,bosniaks,86
2013,Number,Pale,F,bosniaks,79
2013,Number,Pelagicevo,Both sexes,bosniaks,13
2013,Number,Pelagicevo,M,bosniaks,2
2013,Number,Pelagicevo,F,bosniaks,11
2013,Number,Petrovac,Both sexes,bosniaks,0
2013,Number,Petrovac,M,bosniaks,0
2013,Number,Petrovac,F,bosniaks,0
2013,Number,Petrovo,Both sexes,bosniaks,6
2013,Number,Petrovo,M,bosniaks,2
2013,Number,Petrovo,F,bosniaks,4
2013,Number,City of Prijedor,Both sexes,bosniaks,22303
2013,Number,City of Prijedor,M,bosniaks,10669
2013,Number,City of Prijedor,F,bosniaks,11634
2013,Number,Prnjavor,Both sexes,bosniaks,2749
2013,Number,Prnjavor,M,bosniaks,1329
2013,Number,Prnjavor,F,bosniaks,1420
2013,Number,Ribnik,Both sexes,bosniaks,0
2013,Number,Ribnik,M,bosniaks,0
2013,Number,Ribnik,F,bosniaks,0
2013,Number,Rogatica,Both sexes,bosniaks,1009
2013,Number,Rogatica,M,bosniaks,520
2013,Number,Rogatica,F,bosniaks,489
2013,Number,Rudo,Both sexes,bosniaks,574
2013,Number,Rudo,M,bosniaks,300
2013,Number,Rudo,F,bosniaks,274
2013,Number,Sokolac,Both sexes,bosniaks,629
2013,Number,Sokolac,M,bosniaks,329
2013,Number,Sokolac,F,bosniaks,300
2013,Number,Srbac,Both sexes,bosniaks,394
2013,Number,Srbac,M,bosniaks,184
2013,Number,Srbac,F,bosniaks,210
2013,Number,Srebrenica,Both sexes,bosniaks,6122
2013,Number,Srebrenica,M,bosniaks,2913
2013,Number,Srebrenica,F,bosniaks,3209
2013,Number,Teslic,Both sexes,bosniaks,6887
2013,Number,Teslic,M,bosniaks,3387
2013,Number,Teslic,F,bosniaks,3500
2013,Number,City of Trebinje,Both sexes,bosniaks,863
2013,Number,City of Trebinje,M,bosniaks,426
2013,Number,City of Trebinje,F,bosniaks,437
2013,Number,Trnovo,Both sexes,bosniaks,818
2013,Number,Trnovo,M,bosniaks,405
2013,Number,Trnovo,F,bosniaks,413
2013,Number,Ugljevik,Both sexes,bosniaks,1999
2013,Number,Ugljevik,M,bosniaks,974
2013,Number,Ugljevik,F,bosniaks,1025
2013,Number,Foca,Both sexes,bosniaks,1169
2013,Number,Foca,M,bosniaks,626
2013,Number,Foca,F,bosniaks,543
2013,Number,Han Pijesak,Both sexes,bosniaks,420
2013,Number,Han Pijesak,M,bosniaks,204
2013,Number,Han Pijesak,F,bosniaks,216
2013,Number,Cajnice,Both sexes,bosniaks,835
2013,Number,Cajnice,M,bosniaks,439
2013,Number,Cajnice,F,bosniaks,396
2013,Number,Celinac,Both sexes,bosniaks,395
2013,Number,Celinac,M,bosniaks,197
2013,Number,Celinac,F,bosniaks,198
2013,Number,Samac,Both sexes,bosniaks,1005
2013,Number,Samac,M,bosniaks,486
2013,Number,Samac,F,bosniaks,519
2013,Number,Sekovici,Both sexes,bosniaks,103
2013,Number,Sekovici,M,bosniaks,51
2013,Number,Sekovici,F,bosniaks,52
2013,Number,Sipovo,Both sexes,bosniaks,578
2013,Number,Sipovo,M,bosniaks,294
2013,Number,Sipovo,F,bosniaks,284
2013,Number,Republika Srpska,Both sexes,croats,26509
2013,Number,Republika Srpska,M,croats,11005
2013,Number,Republika Srpska,F,croats,15504
2013,Number,City of Banja Luka,Both sexes,croats,4887
2013,Number,City of Banja Luka,M,croats,1761
2013,Number,City of Banja Luka,F,croats,3126
2013,Number,Berkovici,Both sexes,croats,11
2013,Number,Berkovici,M,croats,1
2013,Number,Berkovici,F,croats,10
2013,Number,City of Bijeljina,Both sexes,croats,498
2013,Number,City of Bijeljina,M,croats,140
2013,Number,City of Bijeljina,F,croats,358
2013,Number,Bileca,Both sexes,croats,21
2013,Number,Bileca,M,croats,2
2013,Number,Bileca,F,croats,19
2013,Number,Bratunac,Both sexes,croats,30
2013,Number,Bratunac,M,croats,5
2013,Number,Bratunac,F,croats,25
2013,Number,Brod,Both sexes,croats,3021
2013,Number,Brod,M,croats,1413
2013,Number,Brod,F,croats,1608
2013,Number,Visegrad,Both sexes,croats,32
2013,Number,Visegrad,M,croats,5
2013,Number,Visegrad,F,croats,27
2013,Number,Vlasenica,Both sexes,croats,29
2013,Number,Vlasenica,M,croats,5
2013,Number,Vlasenica,F,croats,24
2013,Number,Vukosavlje,Both sexes,croats,698
2013,Number,Vukosavlje,M,croats,332
2013,Number,Vukosavlje,F,croats,366
2013,Number,Gacko,Both sexes,croats,13
2013,Number,Gacko,M,croats,5
2013,Number,Gacko,F,croats,8
2013,Number,City of Gradiska,Both sexes,croats,800
2013,Number,City of Gradiska,M,croats,276
2013,Number,City of Gradiska,F,croats,524
2013,Number,City of Derventa,Both sexes,croats,2181
2013,Number,City of Derventa,M,croats,1040
2013,Number,City of Derventa,F,croats,1141
2013,Number,City of Doboj,Both sexes,croats,1550
2013,Number,City of Doboj,M,croats,605
2013,Number,City of Doboj,F,croats,945
2013,Number,Donji Zabar,Both sexes,croats,991
2013,Number,Donji Zabar,M,croats,497
2013,Number,Donji Zabar,F,croats,494
2013,Number,City of Zvornik,Both sexes,croats,103
2013,Number,City of Zvornik,M,croats,17
2013,Number,City of Zvornik,F,croats,86
2013,Number,East Ilidza,Both sexes,croats,148
2013,Number,East Ilidza,M,croats,39
2013,Number,East Ilidza,F,croats,109
2013,Number,East Drvar,Both sexes,croats,1
2013,Number,East Drvar,M,croats,0
2013,Number,East Drvar,F,croats,1
2013,Number,East Mostar,Both sexes,croats,11
2013,Number,East Mostar,M,croats,8
2013,Number,East Mostar,F,croats,3
2013,Number,East Stari Grad,Both sexes,croats,6
2013,Number,East Stari Grad,M,croats,2
2013,Number,East Stari Grad,F,croats,4
2013,Number,East Novo Sarajevo,Both sexes,croats,102
2013,Number,East Novo Sarajevo,M,croats,23
2013,Number,East Novo Sarajevo,F,croats,79
2013,Number,Jezero,Both sexes,croats,6
2013,Number,Jezero,M,croats,4
2013,Number,Jezero,F,croats,2
2013,Number,Kalinovik,Both sexes,croats,8
2013,Number,Kalinovik,M,croats,2
2013,Number,Kalinovik,F,croats,6
2013,Number,Knezevo,Both sexes,croats,24
2013,Number,Knezevo,M,croats,5
2013,Number,Knezevo,F,croats,19
2013,Number,Kozarska Dubica,Both sexes,croats,261
2013,Number,Kozarska Dubica,M,croats,79
2013,Number,Kozarska Dubica,F,croats,182
2013,Number,Kostajnica,Both sexes,croats,82
2013,Number,Kostajnica,M,croats,29
2013,Number,Kostajnica,F,croats,53
2013,Number,Kotor Varos,Both sexes,croats,852
2013,Number,Kotor Varos,M,croats,410
2013,Number,Kotor Varos,F,croats,442
2013,Number,Krupa Na Uni,Both sexes,croats,2
2013,Number,Krupa Na Uni,M,croats,0
2013,Number,Krupa Na Uni,F,croats,2
2013,Number,Kupres,Both sexes,croats,0
2013,Number,Kupres,M,croats,0
2013,Number,Kupres,F,croats,0
2013,Number,Laktasi,Both sexes,croats,500
2013,Number,Laktasi,M,croats,175
2013,Number,Laktasi,F,croats,325
2013,Number,Lopare,Both sexes,croats,48
2013,Number,Lopare,M,croats,9
2013,Number,Lopare,F,croats,39
2013,Number,Ljubinje,Both sexes,croats,10
2013,Number,Ljubinje,M,croats,3
2013,Number,Ljubinje,F,croats,7
2013,Number,Milici,Both sexes,croats,22
2013,Number,Milici,M,croats,7
2013,Number,Milici,F,croats,15
2013,Number,Modrica,Both sexes,croats,1396
2013,Number,Modrica,M,croats,662
2013,Number,Modrica,F,croats,734
2013,Number,Mrkonjic Grad,Both sexes,croats,148
2013,Number,Mrkonjic Grad,M,croats,60
2013,Number,Mrkonjic Grad,F,croats,88
2013,Number,Nevesinje,Both sexes,croats,27
2013,Number,Nevesinje,M,croats,9
2013,Number,Nevesinje,F,croats,18
2013,Number,Novi Grad,Both sexes,croats,174
2013,Number,Novi Grad,M,croats,58
2013,Number,Novi Grad,F,croats,116
2013,Number,Novo Gorazde,Both sexes,croats,2
2013,Number,Novo Gorazde,M,croats,1
2013,Number,Novo Gorazde,F,croats,1
2013,Number,Osmaci,Both sexes,croats,7
2013,Number,Osmaci,M,croats,1
2013,Number,Osmaci,F,croats,6
2013,Number,Ostra Luka,Both sexes,croats,149
2013,Number,Ostra Luka,M,croats,74
2013,Number,Ostra Luka,F,croats,75
2013,Number,Pale,Both sexes,croats,126
2013,Number,Pale,M,croats,37
2013,Number,Pale,F,croats,89
2013,Number,Pelagicevo,Both sexes,croats,1182
2013,Number,Pelagicevo,M,croats,580
2013,Number,Pelagicevo,F,croats,602
2013,Number,Petrovac,Both sexes,croats,0
2013,Number,Petrovac,M,croats,0
2013,Number,Petrovac,F,croats,0
2013,Number,Petrovo,Both sexes,croats,34
2013,Number,Petrovo,M,croats,8
2013,Number,Petrovo,F,croats,26
2013,Number,City of Prijedor,Both sexes,croats,1666
2013,Number,City of Prijedor,M,croats,679
2013,Number,City of Prijedor,F,croats,987
2013,Number,Prnjavor,Both sexes,croats,423
2013,Number,Prnjavor,M,croats,150
2013,Number,Prnjavor,F,croats,273
2013,Number,Ribnik,Both sexes,croats,11
2013,Number,Ribnik,M,croats,4
2013,Number,Ribnik,F,croats,7
2013,Number,Rogatica,Both sexes,croats,18
2013,Number,Rogatica,M,croats,2
2013,Number,Rogatica,F,croats,16
2013,Number,Rudo,Both sexes,croats,7
2013,Number,Rudo,M,croats,6
2013,Number,Rudo,F,croats,1
2013,Number,Sokolac,Both sexes,croats,28
2013,Number,Sokolac,M,croats,8
2013,Number,Sokolac,F,croats,20
2013,Number,Srbac,Both sexes,croats,128
2013,Number,Srbac,M,croats,21
2013,Number,Srbac,F,croats,107
2013,Number,Srebrenica,Both sexes,croats,14
2013,Number,Srebrenica,M,croats,6
2013,Number,Srebrenica,F,croats,8
2013,Number,Teslic,Both sexes,croats,1346
2013,Number,Teslic,M,croats,581
2013,Number,Teslic,F,croats,765
2013,Number,City of Trebinje,Both sexes,croats,295
2013,Number,City of Trebinje,M,croats,99
2013,Number,City of Trebinje,F,croats,196
2013,Number,Trnovo,Both sexes,croats,15
2013,Number,Trnovo,M,croats,3
2013,Number,Trnovo,F,croats,12
2013,Number,Ugljevik,Both sexes,croats,42
2013,Number,Ugljevik,M,croats,8
2013,Number,Ugljevik,F,croats,34
2013,Number,Foca,Both sexes,croats,52
2013,Number,Foca,M,croats,16
2013,Number,Foca,F,croats,36
2013,Number,Han Pijesak,Both sexes,croats,7
2013,Number,Han Pijesak,M,croats,1
2013,Number,Han Pijesak,F,croats,6
2013,Number,Cajnice,Both sexes,croats,6
2013,Number,Cajnice,M,croats,1
2013,Number,Cajnice,F,croats,5
2013,Number,Celinac,Both sexes,croats,48
2013,Number,Celinac,M,croats,11
2013,Number,Celinac,F,croats,37
2013,Number,Samac,Both sexes,croats,2176
2013,Number,Samac,M,croats,1011
2013,Number,Samac,F,croats,1165
2013,Number,Sekovici,Both sexes,croats,8
2013,Number,Sekovici,M,croats,2
2013,Number,Sekovici,F,croats,6
2013,Number,Sipovo,Both sexes,croats,26
2013,Number,Sipovo,M,croats,7
2013,Number,Sipovo,F,croats,19
2013,Number,Republika Srpska,Both sexes,serbs,970857
2013,Number,Republika Srpska,M,serbs,477334
2013,Number,Republika Srpska,F,serbs,493523
2013,Number,City of Banja Luka,Both sexes,serbs,162057
2013,Number,City of Banja Luka,M,serbs,78827
2013,Number,City of Banja Luka,F,serbs,83230
2013,Number,Berkovici,Both sexes,serbs,1873
2013,Number,Berkovici,M,serbs,943
2013,Number,Berkovici,F,serbs,930
2013,Number,City of Bijeljina,Both sexes,serbs,89474
2013,Number,City of Bijeljina,M,serbs,43861
2013,Number,City of Bijeljina,F,serbs,45613
2013,Number,Bileca,Both sexes,serbs,10447
2013,Number,Bileca,M,serbs,5276
2013,Number,Bileca,F,serbs,5171
2013,Number,Bratunac,Both sexes,serbs,11897
2013,Number,Bratunac,M,serbs,5915
2013,Number,Bratunac,F,serbs,5982
2013,Number,Brod,Both sexes,serbs,11065
2013,Number,Brod,M,serbs,5486
2013,Number,Brod,F,serbs,5579
2013,Number,Visegrad,Both sexes,serbs,8942
2013,Number,Visegrad,M,serbs,4337
2013,Number,Visegrad,F,serbs,4605
2013,Number,Vlasenica,Both sexes,serbs,7190
2013,Number,Vlasenica,M,serbs,3505
2013,Number,Vlasenica,F,serbs,3685
2013,Number,Vukosavlje,Both sexes,serbs,1448
2013,Number,Vukosavlje,M,serbs,720
2013,Number,Vukosavlje,F,serbs,728
2013,Number,Gacko,Both sexes,serbs,8316
2013,Number,Gacko,M,serbs,4211
2013,Number,Gacko,F,serbs,4105
2013,Number,City of Gradiska,Both sexes,serbs,40707
2013,Number,City of Gradiska,M,serbs,19960
2013,Number,City of Gradiska,F,serbs,20747
2013,Number,City of Derventa,Both sexes,serbs,21495
2013,Number,City of Derventa,M,serbs,10524
2013,Number,City of Derventa,F,serbs,10971
2013,Number,City of Doboj,Both sexes,serbs,50968
2013,Number,City of Doboj,M,serbs,24968
2013,Number,City of Doboj,F,serbs,26000
2013,Number,Donji Zabar,Both sexes,serbs,2658
2013,Number,Donji Zabar,M,serbs,1352
2013,Number,Donji Zabar,F,serbs,1306
2013,Number,City of Zvornik,Both sexes,serbs,37242
2013,Number,City of Zvornik,M,serbs,18452
2013,Number,City of Zvornik,F,serbs,18790
2013,Number,East Ilidza,Both sexes,serbs,13455
2013,Number,East Ilidza,M,serbs,6486
2013,Number,East Ilidza,F,serbs,6969
2013,Number,East Drvar,Both sexes,serbs,65
2013,Number,East Drvar,M,serbs,44
2013,Number,East Drvar,F,serbs,21
2013,Number,East Mostar,Both sexes,serbs,153
2013,Number,East Mostar,M,serbs,84
2013,Number,East Mostar,F,serbs,69
2013,Number,East Stari Grad,Both sexes,serbs,1059
2013,Number,East Stari Grad,M,serbs,519
2013,Number,East Stari Grad,F,serbs,540
2013,Number,East Novo Sarajevo,Both sexes,serbs,10028
2013,Number,East Novo Sarajevo,M,serbs,4801
2013,Number,East Novo Sarajevo,F,serbs,5227
2013,Number,Jezero,Both sexes,serbs,779
2013,Number,Jezero,M,serbs,410
2013,Number,Jezero,F,serbs,369
2013,Number,Kalinovik,Both sexes,serbs,1895
2013,Number,Kalinovik,M,serbs,920
2013,Number,Kalinovik,F,serbs,975
2013,Number,Knezevo,Both sexes,serbs,8886
2013,Number,Knezevo,M,serbs,4414
2013,Number,Knezevo,F,serbs,4472
2013,Number,Kozarska Dubica,Both sexes,serbs,18144
2013,Number,Kozarska Dubica,M,serbs,8939
2013,Number,Kozarska Dubica,F,serbs,9205
2013,Number,Kostajnica,Both sexes,serbs,4177
2013,Number,Kostajnica,M,serbs,2077
2013,Number,Kostajnica,F,serbs,2100
2013,Number,Kotor Varos,Both sexes,serbs,12730
2013,Number,Kotor Varos,M,serbs,6305
2013,Number,Kotor Varos,F,serbs,6425
2013,Number,Krupa Na Uni,Both sexes,serbs,1555
2013,Number,Krupa Na Uni,M,serbs,840
2013,Number,Krupa Na Uni,F,serbs,715
2013,Number,Kupres,Both sexes,serbs,292
2013,Number,Kupres,M,serbs,156
2013,Number,Kupres,F,serbs,136
2013,Number,Laktasi,Both sexes,serbs,32761
2013,Number,Laktasi,M,serbs,16275
2013,Number,Laktasi,F,serbs,16486
2013,Number,Lopare,Both sexes,serbs,13267
2013,Number,Lopare,M,serbs,6695
2013,Number,Lopare,F,serbs,6572
2013,Number,Ljubinje,Both sexes,serbs,3280
2013,Number,Ljubinje,M,serbs,1615
2013,Number,Ljubinje,F,serbs,1665
2013,Number,Milici,Both sexes,serbs,6857
2013,Number,Milici,M,serbs,3486
2013,Number,Milici,F,serbs,3371
2013,Number,Modrica,Both sexes,serbs,19530
2013,Number,Modrica,M,serbs,9611
2013,Number,Modrica,F,serbs,9919
2013,Number,Mrkonjic Grad,Both sexes,serbs,15340
2013,Number,Mrkonjic Grad,M,serbs,7388
2013,Number,Mrkonjic Grad,F,serbs,7952
2013,Number,Nevesinje,Both sexes,serbs,11964
2013,Number,Nevesinje,M,serbs,5951
2013,Number,Nevesinje,F,serbs,6013
2013,Number,Novi Grad,Both sexes,serbs,19491
2013,Number,Novi Grad,M,serbs,9747
2013,Number,Novi Grad,F,serbs,9744
2013,Number,Novo Gorazde,Both sexes,serbs,1561
2013,Number,Novo Gorazde,M,serbs,821
2013,Number,Novo Gorazde,F,serbs,740
2013,Number,Osmaci,Both sexes,serbs,2852
2013,Number,Osmaci,M,serbs,1450
2013,Number,Osmaci,F,serbs,1402
2013,Number,Ostra Luka,Both sexes,serbs,2510
2013,Number,Ostra Luka,M,serbs,1296
2013,Number,Ostra Luka,F,serbs,1214
2013,Number,Pale,Both sexes,serbs,19932
2013,Number,Pale,M,serbs,9561
2013,Number,Pale,F,serbs,10371
2013,Number,Pelagicevo,Both sexes,serbs,3146
2013,Number,Pelagicevo,M,serbs,1563
2013,Number,Pelagicevo,F,serbs,1583
2013,Number,Petrovac,Both sexes,serbs,351
2013,Number,Petrovac,M,serbs,168
2013,Number,Petrovac,F,serbs,183
2013,Number,Petrovo,Both sexes,serbs,6222
2013,Number,Petrovo,M,serbs,3002
2013,Number,Petrovo,F,serbs,3220
2013,Number,City of Prijedor,Both sexes,serbs,54365
2013,Number,City of Prijedor,M,serbs,26834
2013,Number,City of Prijedor,F,serbs,27531
2013,Number,Prnjavor,Both sexes,serbs,29478
2013,Number,Prnjavor,M,serbs,14352
2013,Number,Prnjavor,F,serbs,15126
2013,Number,Ribnik,Both sexes,serbs,5825
2013,Number,Ribnik,M,serbs,2891
2013,Number,Ribnik,F,serbs,2934
2013,Number,Rogatica,Both sexes,serbs,9217
2013,Number,Rogatica,M,serbs,4502
2013,Number,Rogatica,F,serbs,4715
2013,Number,Rudo,Both sexes,serbs,6963
2013,Number,Rudo,M,serbs,3517
2013,Number,Rudo,F,serbs,3446
2013,Number,Sokolac,Both sexes,serbs,10894
2013,Number,Sokolac,M,serbs,5357
2013,Number,Sokolac,F,serbs,5537
2013,Number,Srbac,Both sexes,serbs,16013
2013,Number,Srbac,M,serbs,7888
2013,Number,Srbac,F,serbs,8125
2013,Number,Srebrenica,Both sexes,serbs,5467
2013,Number,Srebrenica,M,serbs,2743
2013,Number,Srebrenica,F,serbs,2724
2013,Number,Teslic,Both sexes,serbs,28166
2013,Number,Teslic,M,serbs,13545
2013,Number,Teslic,F,serbs,14621
2013,Number,City of Trebinje,Both sexes,serbs,26484
2013,Number,City of Trebinje,M,serbs,12943
2013,Number,City of Trebinje,F,serbs,13541
2013,Number,Trnovo,Both sexes,serbs,1131
2013,Number,Trnovo,M,serbs,534
2013,Number,Trnovo,F,serbs,597
2013,Number,Ugljevik,Both sexes,serbs,13007
2013,Number,Ugljevik,M,serbs,6606
2013,Number,Ugljevik,F,serbs,6401
2013,Number,Foca,Both sexes,serbs,16157
2013,Number,Foca,M,serbs,8133
2013,Number,Foca,F,serbs,8024
2013,Number,Han Pijesak,Both sexes,serbs,2994
2013,Number,Han Pijesak,M,serbs,1412
2013,Number,Han Pijesak,F,serbs,1582
2013,Number,Cajnice,Both sexes,serbs,3806
2013,Number,Cajnice,M,serbs,1891
2013,Number,Cajnice,F,serbs,1915
2013,Number,Celinac,Both sexes,serbs,14508
2013,Number,Celinac,M,serbs,7194
2013,Number,Celinac,F,serbs,7314
2013,Number,Samac,Both sexes,serbs,12832
2013,Number,Samac,M,serbs,6277
2013,Number,Samac,F,serbs,6555
2013,Number,Sekovici,Both sexes,serbs,6187
2013,Number,Sekovici,M,serbs,3038
2013,Number,Sekovici,F,serbs,3149
2013,Number,Sipovo,Both sexes,serbs,9302
2013,Number,Sipovo,M,serbs,4716
2013,Number,Sipovo,F,serbs,4586
2013,Number,Republika Srpska,Both sexes,other_ethnicity/nationality,14641
2013,Number,Republika Srpska,M,other_ethnicity/nationality,7207
2013,Number,Republika Srpska,F,other_ethnicity/nationality,7434
2013,Number,City of Banja Luka,Both sexes,other_ethnicity/nationality,3324
2013,Number,City of Banja Luka,M,other_ethnicity/nationality,1617
2013,Number,City of Banja Luka,F,other_ethnicity/nationality,1707
2013,Number,Berkovici,Both sexes,other_ethnicity/nationality,1
2013,Number,Berkovici,M,other_ethnicity/nationality,1
2013,Number,Berkovici,F,other_ethnicity/nationality,0
2013,Number,City of Bijeljina,Both sexes,other_ethnicity/nationality,1478
2013,Number,City of Bijeljina,M,other_ethnicity/nationality,717
2013,Number,City of Bijeljina,F,other_ethnicity/nationality,761
2013,Number,Bileca,Both sexes,other_ethnicity/nationality,72
2013,Number,Bileca,M,other_ethnicity/nationality,38
2013,Number,Bileca,F,other_ethnicity/nationality,34
2013,Number,Bratunac,Both sexes,other_ethnicity/nationality,79
2013,Number,Bratunac,M,other_ethnicity/nationality,45
2013,Number,Bratunac,F,other_ethnicity/nationality,34
2013,Number,Brod,Both sexes,other_ethnicity/nationality,151
2013,Number,Brod,M,other_ethnicity/nationality,69
2013,Number,Brod,F,other_ethnicity/nationality,82
2013,Number,Visegrad,Both sexes,other_ethnicity/nationality,53
2013,Number,Visegrad,M,other_ethnicity/nationality,26
2013,Number,Visegrad,F,other_ethnicity/nationality,27
2013,Number,Vlasenica,Both sexes,other_ethnicity/nationality,29
2013,Number,Vlasenica,M,other_ethnicity/nationality,13
2013,Number,Vlasenica,F,other_ethnicity/nationality,16
2013,Number,Vukosavlje,Both sexes,other_ethnicity/nationality,146
2013,Number,Vukosavlje,M,other_ethnicity/nationality,81
2013,Number,Vukosavlje,F,other_ethnicity/nationality,65
2013,Number,Gacko,Both sexes,other_ethnicity/nationality,40
2013,Number,Gacko,M,other_ethnicity/nationality,27
2013,Number,Gacko,F,other_ethnicity/nationality,13
2013,Number,City of Gradiska,Both sexes,other_ethnicity/nationality,970
2013,Number,City of Gradiska,M,other_ethnicity/nationality,468
2013,Number,City of Gradiska,F,other_ethnicity/nationality,502
2013,Number,City of Derventa,Both sexes,other_ethnicity/nationality,264
2013,Number,City of Derventa,M,other_ethnicity/nationality,116
2013,Number,City of Derventa,F,other_ethnicity/nationality,148
2013,Number,City of Doboj,Both sexes,other_ethnicity/nationality,949
2013,Number,City of Doboj,M,other_ethnicity/nationality,486
2013,Number,City of Doboj,F,other_ethnicity/nationality,463
2013,Number,Donji Zabar,Both sexes,other_ethnicity/nationality,9
2013,Number,Donji Zabar,M,other_ethnicity/nationality,1
2013,Number,Donji Zabar,F,other_ethnicity/nationality,8
2013,Number,City of Zvornik,Both sexes,other_ethnicity/nationality,120
2013,Number,City of Zvornik,M,other_ethnicity/nationality,55
2013,Number,City of Zvornik,F,other_ethnicity/nationality,65
2013,Number,East Ilidza,Both sexes,other_ethnicity/nationality,96
2013,Number,East Ilidza,M,other_ethnicity/nationality,44
2013,Number,East Ilidza,F,other_ethnicity/nationality,52
2013,Number,East Drvar,Both sexes,other_ethnicity/nationality,0
2013,Number,East Drvar,M,other_ethnicity/nationality,0
2013,Number,East Drvar,F,other_ethnicity/nationality,0
2013,Number,East Mostar,Both sexes,other_ethnicity/nationality,0
2013,Number,East Mostar,M,other_ethnicity/nationality,0
2013,Number,East Mostar,F,other_ethnicity/nationality,0
2013,Number,East Stari Grad,Both sexes,other_ethnicity/nationality,7
2013,Number,East Stari Grad,M,other_ethnicity/nationality,5
2013,Number,East Stari Grad,F,other_ethnicity/nationality,2
2013,Number,East Novo Sarajevo,Both sexes,other_ethnicity/nationality,163
2013,Number,East Novo Sarajevo,M,other_ethnicity/nationality,72
2013,Number,East Novo Sarajevo,F,other_ethnicity/nationality,91
2013,Number,Jezero,Both sexes,other_ethnicity/nationality,1
2013,Number,Jezero,M,other_ethnicity/nationality,1
2013,Number,Jezero,F,other_ethnicity/nationality,0
2013,Number,Kalinovik,Both sexes,other_ethnicity/nationality,15
2013,Number,Kalinovik,M,other_ethnicity/nationality,8
2013,Number,Kalinovik,F,other_ethnicity/nationality,7
2013,Number,Knezevo,Both sexes,other_ethnicity/nationality,37
2013,Number,Knezevo,M,other_ethnicity/nationality,21
2013,Number,Knezevo,F,other_ethnicity/nationality,16
2013,Number,Kozarska Dubica,Both sexes,other_ethnicity/nationality,219
2013,Number,Kozarska Dubica,M,other_ethnicity/nationality,102
2013,Number,Kozarska Dubica,F,other_ethnicity/nationality,117
2013,Number,Kostajnica,Both sexes,other_ethnicity/nationality,42
2013,Number,Kostajnica,M,other_ethnicity/nationality,20
2013,Number,Kostajnica,F,other_ethnicity/nationality,22
2013,Number,Kotor Varos,Both sexes,other_ethnicity/nationality,129
2013,Number,Kotor Varos,M,other_ethnicity/nationality,63
2013,Number,Kotor Varos,F,other_ethnicity/nationality,66
2013,Number,Krupa Na Uni,Both sexes,other_ethnicity/nationality,0
2013,Number,Krupa Na Uni,M,other_ethnicity/nationality,0
2013,Number,Krupa Na Uni,F,other_ethnicity/nationality,0
2013,Number,Kupres,Both sexes,other_ethnicity/nationality,0
2013,Number,Kupres,M,other_ethnicity/nationality,0
2013,Number,Kupres,F,other_ethnicity/nationality,0
2013,Number,Laktasi,Both sexes,other_ethnicity/nationality,562
2013,Number,Laktasi,M,other_ethnicity/nationality,285
2013,Number,Laktasi,F,other_ethnicity/nationality,277
2013,Number,Lopare,Both sexes,other_ethnicity/nationality,31
2013,Number,Lopare,M,other_ethnicity/nationality,16
2013,Number,Lopare,F,other_ethnicity/nationality,15
2013,Number,Ljubinje,Both sexes,other_ethnicity/nationality,13
2013,Number,Ljubinje,M,other_ethnicity/nationality,7
2013,Number,Ljubinje,F,other_ethnicity/nationality,6
2013,Number,Milici,Both sexes,other_ethnicity/nationality,19
2013,Number,Milici,M,other_ethnicity/nationality,7
2013,Number,Milici,F,other_ethnicity/nationality,12
2013,Number,Modrica,Both sexes,other_ethnicity/nationality,412
2013,Number,Modrica,M,other_ethnicity/nationality,207
2013,Number,Modrica,F,other_ethnicity/nationality,205
2013,Number,Mrkonjic Grad,Both sexes,other_ethnicity/nationality,37
2013,Number,Mrkonjic Grad,M,other_ethnicity/nationality,17
2013,Number,Mrkonjic Grad,F,other_ethnicity/nationality,20
2013,Number,Nevesinje,Both sexes,other_ethnicity/nationality,18
2013,Number,Nevesinje,M,other_ethnicity/nationality,5
2013,Number,Nevesinje,F,other_ethnicity/nationality,13
2013,Number,Novi Grad,Both sexes,other_ethnicity/nationality,200
2013,Number,Novi Grad,M,other_ethnicity/nationality,100
2013,Number,Novi Grad,F,other_ethnicity/nationality,100
2013,Number,Novo Gorazde,Both sexes,other_ethnicity/nationality,22
2013,Number,Novo Gorazde,M,other_ethnicity/nationality,11
2013,Number,Novo Gorazde,F,other_ethnicity/nationality,11
2013,Number,Osmaci,Both sexes,other_ethnicity/nationality,5
2013,Number,Osmaci,M,other_ethnicity/nationality,2
2013,Number,Osmaci,F,other_ethnicity/nationality,3
2013,Number,Ostra Luka,Both sexes,other_ethnicity/nationality,8
2013,Number,Ostra Luka,M,other_ethnicity/nationality,3
2013,Number,Ostra Luka,F,other_ethnicity/nationality,5
2013,Number,Pale,Both sexes,other_ethnicity/nationality,70
2013,Number,Pale,M,other_ethnicity/nationality,31
2013,Number,Pale,F,other_ethnicity/nationality,39
2013,Number,Pelagicevo,Both sexes,other_ethnicity/nationality,9
2013,Number,Pelagicevo,M,other_ethnicity/nationality,4
2013,Number,Pelagicevo,F,other_ethnicity/nationality,5
2013,Number,Petrovac,Both sexes,other_ethnicity/nationality,3
2013,Number,Petrovac,M,other_ethnicity/nationality,1
2013,Number,Petrovac,F,other_ethnicity/nationality,2
2013,Number,Petrovo,Both sexes,other_ethnicity/nationality,30
2013,Number,Petrovo,M,other_ethnicity/nationality,19
2013,Number,Petrovo,F,other_ethnicity/nationality,11
2013,Number,City of Prijedor,Both sexes,other_ethnicity/nationality,1495
2013,Number,City of Prijedor,M,other_ethnicity/nationality,712
2013,Number,City of Prijedor,F,other_ethnicity/nationality,783
2013,Number,Prnjavor,Both sexes,other_ethnicity/nationality,1452
2013,Number,Prnjavor,M,other_ethnicity/nationality,738
2013,Number,Prnjavor,F,other_ethnicity/nationality,714
2013,Number,Ribnik,Both sexes,other_ethnicity/nationality,11
2013,Number,Ribnik,M,other_ethnicity/nationality,3
2013,Number,Ribnik,F,other_ethnicity/nationality,8
2013,Number,Rogatica,Both sexes,other_ethnicity/nationality,41
2013,Number,Rogatica,M,other_ethnicity/nationality,20
2013,Number,Rogatica,F,other_ethnicity/nationality,21
2013,Number,Rudo,Both sexes,other_ethnicity/nationality,26
2013,Number,Rudo,M,other_ethnicity/nationality,14
2013,Number,Rudo,F,other_ethnicity/nationality,12
2013,Number,Sokolac,Both sexes,other_ethnicity/nationality,38
2013,Number,Sokolac,M,other_ethnicity/nationality,19
2013,Number,Sokolac,F,other_ethnicity/nationality,19
2013,Number,Srbac,Both sexes,other_ethnicity/nationality,280
2013,Number,Srbac,M,other_ethnicity/nationality,146
2013,Number,Srbac,F,other_ethnicity/nationality,134
2013,Number,Srebrenica,Both sexes,other_ethnicity/nationality,59
2013,Number,Srebrenica,M,other_ethnicity/nationality,34
2013,Number,Srebrenica,F,other_ethnicity/nationality,25
2013,Number,Teslic,Both sexes,other_ethnicity/nationality,454
2013,Number,Teslic,M,other_ethnicity/nationality,222
2013,Number,Teslic,F,other_ethnicity/nationality,232
2013,Number,City of Trebinje,Both sexes,other_ethnicity/nationality,398
2013,Number,City of Trebinje,M,other_ethnicity/nationality,204
2013,Number,City of Trebinje,F,other_ethnicity/nationality,194
2013,Number,Trnovo,Both sexes,other_ethnicity/nationality,10
2013,Number,Trnovo,M,other_ethnicity/nationality,7
2013,Number,Trnovo,F,other_ethnicity/nationality,3
2013,Number,Ugljevik,Both sexes,other_ethnicity/nationality,36
2013,Number,Ugljevik,M,other_ethnicity/nationality,17
2013,Number,Ugljevik,F,other_ethnicity/nationality,19
2013,Number,Foca,Both sexes,other_ethnicity/nationality,160
2013,Number,Foca,M,other_ethnicity/nationality,90
2013,Number,Foca,F,other_ethnicity/nationality,70
2013,Number,Han Pijesak,Both sexes,other_ethnicity/nationality,21
2013,Number,Han Pijesak,M,other_ethnicity/nationality,14
2013,Number,Han Pijesak,F,other_ethnicity/nationality,7
2013,Number,Cajnice,Both sexes,other_ethnicity/nationality,24
2013,Number,Cajnice,M,other_ethnicity/nationality,13
2013,Number,Cajnice,F,other_ethnicity/nationality,11
2013,Number,Celinac,Both sexes,other_ethnicity/nationality,122
2013,Number,Celinac,M,other_ethnicity/nationality,55
2013,Number,Celinac,F,other_ethnicity/nationality,67
2013,Number,Samac,Both sexes,other_ethnicity/nationality,135
2013,Number,Samac,M,other_ethnicity/nationality,67
2013,Number,Samac,F,other_ethnicity/nationality,68
2013,Number,Sekovici,Both sexes,other_ethnicity/nationality,12
2013,Number,Sekovici,M,other_ethnicity/nationality,7
2013,Number,Sekovici,F,other_ethnicity/nationality,5
2013,Number,Sipovo,Both sexes,other_ethnicity/nationality,34
2013,Number,Sipovo,M,other_ethnicity/nationality,14
2013,Number,Sipovo,F,other_ethnicity/nationality,20
2013,Number,Republika Srpska,Both sexes,does_not_declare_ethnicity/nationality,7861
2013,Number,Republika Srpska,M,does_not_declare_ethnicity/nationality,3202
2013,Number,Republika Srpska,F,does_not_declare_ethnicity/nationality,4659
2013,Number,City of Banja Luka,Both sexes,does_not_declare_ethnicity/nationality,2641
2013,Number,City of Banja Luka,M,does_not_declare_ethnicity/nationality,1044
2013,Number,City of Banja Luka,F,does_not_declare_ethnicity/nationality,1597
2013,Number,Berkovici,Both sexes,does_not_declare_ethnicity/nationality,0
2013,Number,Berkovici,M,does_not_declare_ethnicity/nationality,0
2013,Number,Berkovici,F,does_not_declare_ethnicity/nationality,0
2013,Number,City of Bijeljina,Both sexes,does_not_declare_ethnicity/nationality,654
2013,Number,City of Bijeljina,M,does_not_declare_ethnicity/nationality,272
2013,Number,City of Bijeljina,F,does_not_declare_ethnicity/nationality,382
2013,Number,Bileca,Both sexes,does_not_declare_ethnicity/nationality,30
2013,Number,Bileca,M,does_not_declare_ethnicity/nationality,10
2013,Number,Bileca,F,does_not_declare_ethnicity/nationality,20
2013,Number,Bratunac,Both sexes,does_not_declare_ethnicity/nationality,22
2013,Number,Bratunac,M,does_not_declare_ethnicity/nationality,11
2013,Number,Bratunac,F,does_not_declare_ethnicity/nationality,11
2013,Number,Brod,Both sexes,does_not_declare_ethnicity/nationality,142
2013,Number,Brod,M,does_not_declare_ethnicity/nationality,50
2013,Number,Brod,F,does_not_declare_ethnicity/nationality,92
2013,Number,Visegrad,Both sexes,does_not_declare_ethnicity/nationality,19
2013,Number,Visegrad,M,does_not_declare_ethnicity/nationality,10
2013,Number,Visegrad,F,does_not_declare_ethnicity/nationality,9
2013,Number,Vlasenica,Both sexes,does_not_declare_ethnicity/nationality,20
2013,Number,Vlasenica,M,does_not_declare_ethnicity/nationality,11
2013,Number,Vlasenica,F,does_not_declare_ethnicity/nationality,9
2013,Number,Vukosavlje,Both sexes,does_not_declare_ethnicity/nationality,32
2013,Number,Vukosavlje,M,does_not_declare_ethnicity/nationality,15
2013,Number,Vukosavlje,F,does_not_declare_ethnicity/nationality,17
2013,Number,Gacko,Both sexes,does_not_declare_ethnicity/nationality,3
2013,Number,Gacko,M,does_not_declare_ethnicity/nationality,0
2013,Number,Gacko,F,does_not_declare_ethnicity/nationality,3
2013,Number,City of Gradiska,Both sexes,does_not_declare_ethnicity/nationality,411
2013,Number,City of Gradiska,M,does_not_declare_ethnicity/nationality,174
2013,Number,City of Gradiska,F,does_not_declare_ethnicity/nationality,237
2013,Number,City of Derventa,Both sexes,does_not_declare_ethnicity/nationality,242
2013,Number,City of Derventa,M,does_not_declare_ethnicity/nationality,113
2013,Number,City of Derventa,F,does_not_declare_ethnicity/nationality,129
2013,Number,City of Doboj,Both sexes,does_not_declare_ethnicity/nationality,467
2013,Number,City of Doboj,M,does_not_declare_ethnicity/nationality,198
2013,Number,City of Doboj,F,does_not_declare_ethnicity/nationality,269
2013,Number,Donji Zabar,Both sexes,does_not_declare_ethnicity/nationality,5
2013,Number,Donji Zabar,M,does_not_declare_ethnicity/nationality,2
2013,Number,Donji Zabar,F,does_not_declare_ethnicity/nationality,3
2013,Number,City of Zvornik,Both sexes,does_not_declare_ethnicity/nationality,70
2013,Number,City of Zvornik,M,does_not_declare_ethnicity/nationality,31
2013,Number,City of Zvornik,F,does_not_declare_ethnicity/nationality,39
2013,Number,East Ilidza,Both sexes,does_not_declare_ethnicity/nationality,96
2013,Number,East Ilidza,M,does_not_declare_ethnicity/nationality,38
2013,Number,East Ilidza,F,does_not_declare_ethnicity/nationality,58
2013,Number,East Drvar,Both sexes,does_not_declare_ethnicity/nationality,0
2013,Number,East Drvar,M,does_not_declare_ethnicity/nationality,0
2013,Number,East Drvar,F,does_not_declare_ethnicity/nationality,0
2013,Number,East Mostar,Both sexes,does_not_declare_ethnicity/nationality,0
2013,Number,East Mostar,M,does_not_declare_ethnicity/nationality,0
2013,Number,East Mostar,F,does_not_declare_ethnicity/nationality,0
2013,Number,East Stari Grad,Both sexes,does_not_declare_ethnicity/nationality,2
2013,Number,East Stari Grad,M,does_not_declare_ethnicity/nationality,0
2013,Number,East Stari Grad,F,does_not_declare_ethnicity/nationality,2
2013,Number,East Novo Sarajevo,Both sexes,does_not_declare_ethnicity/nationality,61
2013,Number,East Novo Sarajevo,M,does_not_declare_ethnicity/nationality,26
2013,Number,East Novo Sarajevo,F,does_not_declare_ethnicity/nationality,35
2013,Number,Jezero,Both sexes,does_not_declare_ethnicity/nationality,1
2013,Number,Jezero,M,does_not_declare_ethnicity/nationality,0
2013,Number,Jezero,F,does_not_declare_ethnicity/nationality,1
2013,Number,Kalinovik,Both sexes,does_not_declare_ethnicity/nationality,1
2013,Number,Kalinovik,M,does_not_declare_ethnicity/nationality,1
2013,Number,Kalinovik,F,does_not_declare_ethnicity/nationality,0
2013,Number,Knezevo,Both sexes,does_not_declare_ethnicity/nationality,4
2013,Number,Knezevo,M,does_not_declare_ethnicity/nationality,3
2013,Number,Knezevo,F,does_not_declare_ethnicity/nationality,1
2013,Number,Kozarska Dubica,Both sexes,does_not_declare_ethnicity/nationality,162
2013,Number,Kozarska Dubica,M,does_not_declare_ethnicity/nationality,63
2013,Number,Kozarska Dubica,F,does_not_declare_ethnicity/nationality,99
2013,Number,Kostajnica,Both sexes,does_not_declare_ethnicity/nationality,66
2013,Number,Kostajnica,M,does_not_declare_ethnicity/nationality,28
2013,Number,Kostajnica,F,does_not_declare_ethnicity/nationality,38
2013,Number,Kotor Varos,Both sexes,does_not_declare_ethnicity/nationality,115
2013,Number,Kotor Varos,M,does_not_declare_ethnicity/nationality,42
2013,Number,Kotor Varos,F,does_not_declare_ethnicity/nationality,73
2013,Number,Krupa Na Uni,Both sexes,does_not_declare_ethnicity/nationality,0
2013,Number,Krupa Na Uni,M,does_not_declare_ethnicity/nationality,0
2013,Number,Krupa Na Uni,F,does_not_declare_ethnicity/nationality,0
2013,Number,Kupres,Both sexes,does_not_declare_ethnicity/nationality,1
2013,Number,Kupres,M,does_not_declare_ethnicity/nationality,1
2013,Number,Kupres,F,does_not_declare_ethnicity/nationality,0
2013,Number,Laktasi,Both sexes,does_not_declare_ethnicity/nationality,237
2013,Number,Laktasi,M,does_not_declare_ethnicity/nationality,103
2013,Number,Laktasi,F,does_not_declare_ethnicity/nationality,134
2013,Number,Lopare,Both sexes,does_not_declare_ethnicity/nationality,23
2013,Number,Lopare,M,does_not_declare_ethnicity/nationality,5
2013,Number,Lopare,F,does_not_declare_ethnicity/nationality,18
2013,Number,Ljubinje,Both sexes,does_not_declare_ethnicity/nationality,5
2013,Number,Ljubinje,M,does_not_declare_ethnicity/nationality,2
2013,Number,Ljubinje,F,does_not_declare_ethnicity/nationality,3
2013,Number,Milici,Both sexes,does_not_declare_ethnicity/nationality,7
2013,Number,Milici,M,does_not_declare_ethnicity/nationality,3
2013,Number,Milici,F,does_not_declare_ethnicity/nationality,4
2013,Number,Modrica,Both sexes,does_not_declare_ethnicity/nationality,156
2013,Number,Modrica,M,does_not_declare_ethnicity/nationality,63
2013,Number,Modrica,F,does_not_declare_ethnicity/nationality,93
2013,Number,Mrkonjic Grad,Both sexes,does_not_declare_ethnicity/nationality,35
2013,Number,Mrkonjic Grad,M,does_not_declare_ethnicity/nationality,19
2013,Number,Mrkonjic Grad,F,does_not_declare_ethnicity/nationality,16
2013,Number,Nevesinje,Both sexes,does_not_declare_ethnicity/nationality,18
2013,Number,Nevesinje,M,does_not_declare_ethnicity/nationality,8
2013,Number,Nevesinje,F,does_not_declare_ethnicity/nationality,10
2013,Number,Novi Grad,Both sexes,does_not_declare_ethnicity/nationality,137
2013,Number,Novi Grad,M,does_not_declare_ethnicity/nationality,56
2013,Number,Novi Grad,F,does_not_declare_ethnicity/nationality,81
2013,Number,Novo Gorazde,Both sexes,does_not_declare_ethnicity/nationality,6
2013,Number,Novo Gorazde,M,does_not_declare_ethnicity/nationality,3
2013,Number,Novo Gorazde,F,does_not_declare_ethnicity/nationality,3
2013,Number,Osmaci,Both sexes,does_not_declare_ethnicity/nationality,5
2013,Number,Osmaci,M,does_not_declare_ethnicity/nationality,3
2013,Number,Osmaci,F,does_not_declare_ethnicity/nationality,2
2013,Number,Ostra Luka,Both sexes,does_not_declare_ethnicity/nationality,12
2013,Number,Ostra Luka,M,does_not_declare_ethnicity/nationality,4
2013,Number,Ostra Luka,F,does_not_declare_ethnicity/nationality,8
2013,Number,Pale,Both sexes,does_not_declare_ethnicity/nationality,53
2013,Number,Pale,M,does_not_declare_ethnicity/nationality,20
2013,Number,Pale,F,does_not_declare_ethnicity/nationality,33
2013,Number,Pelagicevo,Both sexes,does_not_declare_ethnicity/nationality,3
2013,Number,Pelagicevo,M,does_not_declare_ethnicity/nationality,1
2013,Number,Pelagicevo,F,does_not_declare_ethnicity/nationality,2
2013,Number,Petrovac,Both sexes,does_not_declare_ethnicity/nationality,0
2013,Number,Petrovac,M,does_not_declare_ethnicity/nationality,0
2013,Number,Petrovac,F,does_not_declare_ethnicity/nationality,0
2013,Number,Petrovo,Both sexes,does_not_declare_ethnicity/nationality,21
2013,Number,Petrovo,M,does_not_declare_ethnicity/nationality,10
2013,Number,Petrovo,F,does_not_declare_ethnicity/nationality,11
2013,Number,City of Prijedor,Both sexes,does_not_declare_ethnicity/nationality,718
2013,Number,City of Prijedor,M,does_not_declare_ethnicity/nationality,267
2013,Number,City of Prijedor,F,does_not_declare_ethnicity/nationality,451
2013,Number,Prnjavor,Both sexes,does_not_declare_ethnicity/nationality,225
2013,Number,Prnjavor,M,does_not_declare_ethnicity/nationality,96
2013,Number,Prnjavor,F,does_not_declare_ethnicity/nationality,129
2013,Number,Ribnik,Both sexes,does_not_declare_ethnicity/nationality,2
2013,Number,Ribnik,M,does_not_declare_ethnicity/nationality,0
2013,Number,Ribnik,F,does_not_declare_ethnicity/nationality,2
2013,Number,Rogatica,Both sexes,does_not_declare_ethnicity/nationality,12
2013,Number,Rogatica,M,does_not_declare_ethnicity/nationality,7
2013,Number,Rogatica,F,does_not_declare_ethnicity/nationality,5
2013,Number,Rudo,Both sexes,does_not_declare_ethnicity/nationality,5
2013,Number,Rudo,M,does_not_declare_ethnicity/nationality,3
2013,Number,Rudo,F,does_not_declare_ethnicity/nationality,2
2013,Number,Sokolac,Both sexes,does_not_declare_ethnicity/nationality,13
2013,Number,Sokolac,M,does_not_declare_ethnicity/nationality,5
2013,Number,Sokolac,F,does_not_declare_ethnicity/nationality,8
2013,Number,Srbac,Both sexes,does_not_declare_ethnicity/nationality,89
2013,Number,Srbac,M,does_not_declare_ethnicity/nationality,45
2013,Number,Srbac,F,does_not_declare_ethnicity/nationality,44
2013,Number,Srebrenica,Both sexes,does_not_declare_ethnicity/nationality,22
2013,Number,Srebrenica,M,does_not_declare_ethnicity/nationality,10
2013,Number,Srebrenica,F,does_not_declare_ethnicity/nationality,12
2013,Number,Teslic,Both sexes,does_not_declare_ethnicity/nationality,339
2013,Number,Teslic,M,does_not_declare_ethnicity/nationality,136
2013,Number,Teslic,F,does_not_declare_ethnicity/nationality,203
2013,Number,City of Trebinje,Both sexes,does_not_declare_ethnicity/nationality,180
2013,Number,City of Trebinje,M,does_not_declare_ethnicity/nationality,77
2013,Number,City of Trebinje,F,does_not_declare_ethnicity/nationality,103
2013,Number,Trnovo,Both sexes,does_not_declare_ethnicity/nationality,9
2013,Number,Trnovo,M,does_not_declare_ethnicity/nationality,4
2013,Number,Trnovo,F,does_not_declare_ethnicity/nationality,5
2013,Number,Ugljevik,Both sexes,does_not_declare_ethnicity/nationality,21
2013,Number,Ugljevik,M,does_not_declare_ethnicity/nationality,10
2013,Number,Ugljevik,F,does_not_declare_ethnicity/nationality,11
2013,Number,Foca,Both sexes,does_not_declare_ethnicity/nationality,30
2013,Number,Foca,M,does_not_declare_ethnicity/nationality,10
2013,Number,Foca,F,does_not_declare_ethnicity/nationality,20
2013,Number,Han Pijesak,Both sexes,does_not_declare_ethnicity/nationality,3
2013,Number,Han Pijesak,M,does_not_declare_ethnicity/nationality,1
2013,Number,Han Pijesak,F,does_not_declare_ethnicity/nationality,2
2013,Number,Cajnice,Both sexes,does_not_declare_ethnicity/nationality,3
2013,Number,Cajnice,M,does_not_declare_ethnicity/nationality,1
2013,Number,Cajnice,F,does_not_declare_ethnicity/nationality,2
2013,Number,Celinac,Both sexes,does_not_declare_ethnicity/nationality,35
2013,Number,Celinac,M,does_not_declare_ethnicity/nationality,16
2013,Number,Celinac,F,does_not_declare_ethnicity/nationality,19
2013,Number,Samac,Both sexes,does_not_declare_ethnicity/nationality,141
2013,Number,Samac,M,does_not_declare_ethnicity/nationality,57
2013,Number,Samac,F,does_not_declare_ethnicity/nationality,84
2013,Number,Sekovici,Both sexes,does_not_declare_ethnicity/nationality,5
2013,Number,Sekovici,M,does_not_declare_ethnicity/nationality,2
2013,Number,Sekovici,F,does_not_declare_ethnicity/nationality,3
2013,Number,Sipovo,Both sexes,does_not_declare_ethnicity/nationality,24
2013,Number,Sipovo,M,does_not_declare_ethnicity/nationality,12
2013,Number,Sipovo,F,does_not_declare_ethnicity/nationality,12
2013,Number,Republika Srpska,Both sexes,unknown_ethnicity/nationality,1997
2013,Number,Republika Srpska,M,unknown_ethnicity/nationality,916
2013,Number,Republika Srpska,F,unknown_ethnicity/nationality,1081
2013,Number,City of Banja Luka,Both sexes,unknown_ethnicity/nationality,328
2013,Number,City of Banja Luka,M,unknown_ethnicity/nationality,153
2013,Number,City of Banja Luka,F,unknown_ethnicity/nationality,175
2013,Number,Berkovici,Both sexes,unknown_ethnicity/nationality,1
2013,Number,Berkovici,M,unknown_ethnicity/nationality,0
2013,Number,Berkovici,F,unknown_ethnicity/nationality,1
2013,Number,City of Bijeljina,Both sexes,unknown_ethnicity/nationality,90
2013,Number,City of Bijeljina,M,unknown_ethnicity/nationality,37
2013,Number,City of Bijeljina,F,unknown_ethnicity/nationality,53
2013,Number,Bileca,Both sexes,unknown_ethnicity/nationality,11
2013,Number,Bileca,M,unknown_ethnicity/nationality,4
2013,Number,Bileca,F,unknown_ethnicity/nationality,7
2013,Number,Bratunac,Both sexes,unknown_ethnicity/nationality,35
2013,Number,Bratunac,M,unknown_ethnicity/nationality,16
2013,Number,Bratunac,F,unknown_ethnicity/nationality,19
2013,Number,Brod,Both sexes,unknown_ethnicity/nationality,29
2013,Number,Brod,M,unknown_ethnicity/nationality,12
2013,Number,Brod,F,unknown_ethnicity/nationality,17
2013,Number,Visegrad,Both sexes,unknown_ethnicity/nationality,177
2013,Number,Visegrad,M,unknown_ethnicity/nationality,2
2013,Number,Visegrad,F,unknown_ethnicity/nationality,175
2013,Number,Vlasenica,Both sexes,unknown_ethnicity/nationality,29
2013,Number,Vlasenica,M,unknown_ethnicity/nationality,13
2013,Number,Vlasenica,F,unknown_ethnicity/nationality,16
2013,Number,Vukosavlje,Both sexes,unknown_ethnicity/nationality,14
2013,Number,Vukosavlje,M,unknown_ethnicity/nationality,3
2013,Number,Vukosavlje,F,unknown_ethnicity/nationality,11
2013,Number,Gacko,Both sexes,unknown_ethnicity/nationality,6
2013,Number,Gacko,M,unknown_ethnicity/nationality,1
2013,Number,Gacko,F,unknown_ethnicity/nationality,5
2013,Number,City of Gradiska,Both sexes,unknown_ethnicity/nationality,42
2013,Number,City of Gradiska,M,unknown_ethnicity/nationality,19
2013,Number,City of Gradiska,F,unknown_ethnicity/nationality,23
2013,Number,City of Derventa,Both sexes,unknown_ethnicity/nationality,54
2013,Number,City of Derventa,M,unknown_ethnicity/nationality,24
2013,Number,City of Derventa,F,unknown_ethnicity/nationality,30
2013,Number,City of Doboj,Both sexes,unknown_ethnicity/nationality,163
2013,Number,City of Doboj,M,unknown_ethnicity/nationality,61
2013,Number,City of Doboj,F,unknown_ethnicity/nationality,102
2013,Number,Donji Zabar,Both sexes,unknown_ethnicity/nationality,2
2013,Number,Donji Zabar,M,unknown_ethnicity/nationality,1
2013,Number,Donji Zabar,F,unknown_ethnicity/nationality,1
2013,Number,City of Zvornik,Both sexes,unknown_ethnicity/nationality,97
2013,Number,City of Zvornik,M,unknown_ethnicity/nationality,42
2013,Number,City of Zvornik,F,unknown_ethnicity/nationality,55
2013,Number,East Ilidza,Both sexes,unknown_ethnicity/nationality,10
2013,Number,East Ilidza,M,unknown_ethnicity/nationality,5
2013,Number,East Ilidza,F,unknown_ethnicity/nationality,5
2013,Number,East Drvar,Both sexes,unknown_ethnicity/nationality,0
2013,Number,East Drvar,M,unknown_ethnicity/nationality,0
2013,Number,East Drvar,F,unknown_ethnicity/nationality,0
2013,Number,East Mostar,Both sexes,unknown_ethnicity/nationality,2
2013,Number,East Mostar,M,unknown_ethnicity/nationality,1
2013,Number,East Mostar,F,unknown_ethnicity/nationality,1
2013,Number,East Stari Grad,Both sexes,unknown_ethnicity/nationality,1
2013,Number,East Stari Grad,M,unknown_ethnicity/nationality,1
2013,Number,East Stari Grad,F,unknown_ethnicity/nationality,0
2013,Number,East Novo Sarajevo,Both sexes,unknown_ethnicity/nationality,3
2013,Number,East Novo Sarajevo,M,unknown_ethnicity/nationality,0
2013,Number,East Novo Sarajevo,F,unknown_ethnicity/nationality,3
2013,Number,Jezero,Both sexes,unknown_ethnicity/nationality,1
2013,Number,Jezero,M,unknown_ethnicity/nationality,1
2013,Number,Jezero,F,unknown_ethnicity/nationality,0
2013,Number,Kalinovik,Both sexes,unknown_ethnicity/nationality,0
2013,Number,Kalinovik,M,unknown_ethnicity/nationality,0
2013,Number,Kalinovik,F,unknown_ethnicity/nationality,0
2013,Number,Knezevo,Both sexes,unknown_ethnicity/nationality,4
2013,Number,Knezevo,M,unknown_ethnicity/nationality,3
2013,Number,Knezevo,F,unknown_ethnicity/nationality,1
2013,Number,Kozarska Dubica,Both sexes,unknown_ethnicity/nationality,12
2013,Number,Kozarska Dubica,M,unknown_ethnicity/nationality,5
2013,Number,Kozarska Dubica,F,unknown_ethnicity/nationality,7
2013,Number,Kostajnica,Both sexes,unknown_ethnicity/nationality,2
2013,Number,Kostajnica,M,unknown_ethnicity/nationality,0
2013,Number,Kostajnica,F,unknown_ethnicity/nationality,2
2013,Number,Kotor Varos,Both sexes,unknown_ethnicity/nationality,19
2013,Number,Kotor Varos,M,unknown_ethnicity/nationality,14
2013,Number,Kotor Varos,F,unknown_ethnicity/nationality,5
2013,Number,Krupa Na Uni,Both sexes,unknown_ethnicity/nationality,0
2013,Number,Krupa Na Uni,M,unknown_ethnicity/nationality,0
2013,Number,Krupa Na Uni,F,unknown_ethnicity/nationality,0
2013,Number,Kupres,Both sexes,unknown_ethnicity/nationality,0
2013,Number,Kupres,M,unknown_ethnicity/nationality,0
2013,Number,Kupres,F,unknown_ethnicity/nationality,0
2013,Number,Laktasi,Both sexes,unknown_ethnicity/nationality,46
2013,Number,Laktasi,M,unknown_ethnicity/nationality,20
2013,Number,Laktasi,F,unknown_ethnicity/nationality,26
2013,Number,Lopare,Both sexes,unknown_ethnicity/nationality,10
2013,Number,Lopare,M,unknown_ethnicity/nationality,6
2013,Number,Lopare,F,unknown_ethnicity/nationality,4
2013,Number,Ljubinje,Both sexes,unknown_ethnicity/nationality,2
2013,Number,Ljubinje,M,unknown_ethnicity/nationality,1
2013,Number,Ljubinje,F,unknown_ethnicity/nationality,1
2013,Number,Milici,Both sexes,unknown_ethnicity/nationality,8
2013,Number,Milici,M,unknown_ethnicity/nationality,3
2013,Number,Milici,F,unknown_ethnicity/nationality,5
2013,Number,Modrica,Both sexes,unknown_ethnicity/nationality,116
2013,Number,Modrica,M,unknown_ethnicity/nationality,62
2013,Number,Modrica,F,unknown_ethnicity/nationality,54
2013,Number,Mrkonjic Grad,Both sexes,unknown_ethnicity/nationality,12
2013,Number,Mrkonjic Grad,M,unknown_ethnicity/nationality,6
2013,Number,Mrkonjic Grad,F,unknown_ethnicity/nationality,6
2013,Number,Nevesinje,Both sexes,unknown_ethnicity/nationality,7
2013,Number,Nevesinje,M,unknown_ethnicity/nationality,2
2013,Number,Nevesinje,F,unknown_ethnicity/nationality,5
2013,Number,Novi Grad,Both sexes,unknown_ethnicity/nationality,24
2013,Number,Novi Grad,M,unknown_ethnicity/nationality,13
2013,Number,Novi Grad,F,unknown_ethnicity/nationality,11
2013,Number,Novo Gorazde,Both sexes,unknown_ethnicity/nationality,7
2013,Number,Novo Gorazde,M,unknown_ethnicity/nationality,2
2013,Number,Novo Gorazde,F,unknown_ethnicity/nationality,5
2013,Number,Osmaci,Both sexes,unknown_ethnicity/nationality,4
2013,Number,Osmaci,M,unknown_ethnicity/nationality,2
2013,Number,Osmaci,F,unknown_ethnicity/nationality,2
2013,Number,Ostra Luka,Both sexes,unknown_ethnicity/nationality,3
2013,Number,Ostra Luka,M,unknown_ethnicity/nationality,2
2013,Number,Ostra Luka,F,unknown_ethnicity/nationality,1
2013,Number,Pale,Both sexes,unknown_ethnicity/nationality,13
2013,Number,Pale,M,unknown_ethnicity/nationality,9
2013,Number,Pale,F,unknown_ethnicity/nationality,4
2013,Number,Pelagicevo,Both sexes,unknown_ethnicity/nationality,5
2013,Number,Pelagicevo,M,unknown_ethnicity/nationality,1
2013,Number,Pelagicevo,F,unknown_ethnicity/nationality,4
2013,Number,Petrovac,Both sexes,unknown_ethnicity/nationality,0
2013,Number,Petrovac,M,unknown_ethnicity/nationality,0
2013,Number,Petrovac,F,unknown_ethnicity/nationality,0
2013,Number,Petrovo,Both sexes,unknown_ethnicity/nationality,4
2013,Number,Petrovo,M,unknown_ethnicity/nationality,2
2013,Number,Petrovo,F,unknown_ethnicity/nationality,2
2013,Number,City of Prijedor,Both sexes,unknown_ethnicity/nationality,369
2013,Number,City of Prijedor,M,unknown_ethnicity/nationality,257
2013,Number,City of Prijedor,F,unknown_ethnicity/nationality,112
2013,Number,Prnjavor,Both sexes,unknown_ethnicity/nationality,30
2013,Number,Prnjavor,M,unknown_ethnicity/nationality,10
2013,Number,Prnjavor,F,unknown_ethnicity/nationality,20
2013,Number,Ribnik,Both sexes,unknown_ethnicity/nationality,2
2013,Number,Ribnik,M,unknown_ethnicity/nationality,2
2013,Number,Ribnik,F,unknown_ethnicity/nationality,0
2013,Number,Rogatica,Both sexes,unknown_ethnicity/nationality,5
2013,Number,Rogatica,M,unknown_ethnicity/nationality,2
2013,Number,Rogatica,F,unknown_ethnicity/nationality,3
2013,Number,Rudo,Both sexes,unknown_ethnicity/nationality,3
2013,Number,Rudo,M,unknown_ethnicity/nationality,0
2013,Number,Rudo,F,unknown_ethnicity/nationality,3
2013,Number,Sokolac,Both sexes,unknown_ethnicity/nationality,18
2013,Number,Sokolac,M,unknown_ethnicity/nationality,5
2013,Number,Sokolac,F,unknown_ethnicity/nationality,13
2013,Number,Srbac,Both sexes,unknown_ethnicity/nationality,29
2013,Number,Srbac,M,unknown_ethnicity/nationality,11
2013,Number,Srbac,F,unknown_ethnicity/nationality,18
2013,Number,Srebrenica,Both sexes,unknown_ethnicity/nationality,14
2013,Number,Srebrenica,M,unknown_ethnicity/nationality,8
2013,Number,Srebrenica,F,unknown_ethnicity/nationality,6
2013,Number,Teslic,Both sexes,unknown_ethnicity/nationality,44
2013,Number,Teslic,M,unknown_ethnicity/nationality,23
2013,Number,Teslic,F,unknown_ethnicity/nationality,21
2013,Number,City of Trebinje,Both sexes,unknown_ethnicity/nationality,19
2013,Number,City of Trebinje,M,unknown_ethnicity/nationality,11
2013,Number,City of Trebinje,F,unknown_ethnicity/nationality,8
2013,Number,Trnovo,Both sexes,unknown_ethnicity/nationality,0
2013,Number,Trnovo,M,unknown_ethnicity/nationality,0
2013,Number,Trnovo,F,unknown_ethnicity/nationality,0
2013,Number,Ugljevik,Both sexes,unknown_ethnicity/nationality,13
2013,Number,Ugljevik,M,unknown_ethnicity/nationality,11
2013,Number,Ugljevik,F,unknown_ethnicity/nationality,2
2013,Number,Foca,Both sexes,unknown_ethnicity/nationality,12
2013,Number,Foca,M,unknown_ethnicity/nationality,5
2013,Number,Foca,F,unknown_ethnicity/nationality,7
2013,Number,Han Pijesak,Both sexes,unknown_ethnicity/nationality,0
2013,Number,Han Pijesak,M,unknown_ethnicity/nationality,0
2013,Number,Han Pijesak,F,unknown_ethnicity/nationality,0
2013,Number,Cajnice,Both sexes,unknown_ethnicity/nationality,5
2013,Number,Cajnice,M,unknown_ethnicity/nationality,2
2013,Number,Cajnice,F,unknown_ethnicity/nationality,3
2013,Number,Celinac,Both sexes,unknown_ethnicity/nationality,9
2013,Number,Celinac,M,unknown_ethnicity/nationality,4
2013,Number,Celinac,F,unknown_ethnicity/nationality,5
2013,Number,Samac,Both sexes,unknown_ethnicity/nationality,19
2013,Number,Samac,M,unknown_ethnicity/nationality,10
2013,Number,Samac,F,unknown_ethnicity/nationality,9
2013,Number,Sekovici,Both sexes,unknown_ethnicity/nationality,8
2013,Number,Sekovici,M,unknown_ethnicity/nationality,3
2013,Number,Sekovici,F,unknown_ethnicity/nationality,5
2013,Number,Sipovo,Both sexes,unknown_ethnicity/nationality,5
2013,Number,Sipovo,M,unknown_ethnicity/nationality,3
2013,Number,Sipovo,F,unknown_ethnicity/nationality,2
