Year,UNIT_MEASURE,Teritory,Sex,Mother tounge,Value
2013,Number,REPUBLIKA SRPSKA,Both sexes,Total,1170342
2013,Number,REPUBLIKA SRPSKA,M,Total,571812
2013,Number,REPUBLIKA SRPSKA,F,Total,598530
2013,Number,BANJA LUKA,Both sexes,Total,180053
2013,Number,BANJA LUKA,M,Total,86510
2013,Number,BANJA LUKA,F,Total,93543
2013,Number,BERKOVICI,Both sexes,Total,2041
2013,Number,BERKOVICI,M,Total,1032
2013,Number,BERKOVICI,F,Total,1009
2013,Number,BIJELJINA,Both sexes,Total,103874
2013,Number,BIJELJINA,M,Total,50760
2013,Number,BIJELJINA,F,Total,53114
2013,Number,BILECA,Both sexes,Total,10607
2013,Number,BILECA,M,Total,5346
2013,Number,BILECA,F,Total,5261
2013,Number,BRATUNAC,Both sexes,Total,18651
2013,Number,BRATUNAC,M,Total,9210
2013,Number,BRATUNAC,F,Total,9441
2013,Number,BROD,Both sexes,Total,15720
2013,Number,BROD,M,Total,7670
2013,Number,BROD,F,Total,8050
2013,Number,VISEGRAD,Both sexes,Total,10118
2013,Number,VISEGRAD,M,Total,4834
2013,Number,VISEGRAD,F,Total,5284
2013,Number,VLASENICA,Both sexes,Total,10657
2013,Number,VLASENICA,M,Total,5193
2013,Number,VLASENICA,F,Total,5464
2013,Number,VUKOSAVLJE,Both sexes,Total,4363
2013,Number,VUKOSAVLJE,M,Total,2185
2013,Number,VUKOSAVLJE,F,Total,2178
2013,Number,GACKO,Both sexes,Total,8710
2013,Number,GACKO,M,Total,4423
2013,Number,GACKO,F,Total,4287
2013,Number,GRADISKA,Both sexes,Total,49196
2013,Number,GRADISKA,M,Total,23944
2013,Number,GRADISKA,F,Total,25252
2013,Number,DERVENTA,Both sexes,Total,25922
2013,Number,DERVENTA,M,Total,12629
2013,Number,DERVENTA,F,Total,13293
2013,Number,DOBOJ,Both sexes,Total,68514
2013,Number,DOBOJ,M,Total,33222
2013,Number,DOBOJ,F,Total,35292
2013,Number,DONJI ZABAR,Both sexes,Total,3669
2013,Number,DONJI ZABAR,M,Total,1853
2013,Number,DONJI ZABAR,F,Total,1816
2013,Number,ZVORNIK,Both sexes,Total,54407
2013,Number,ZVORNIK,M,Total,26803
2013,Number,ZVORNIK,F,Total,27604
2013,Number,ISTOCNA ILIDZA,Both sexes,Total,14437
2013,Number,ISTOCNA ILIDZA,M,Total,6905
2013,Number,ISTOCNA ILIDZA,F,Total,7532
2013,Number,ISTOCNI DRVAR,Both sexes,Total,66
2013,Number,ISTOCNI DRVAR,M,Total,44
2013,Number,ISTOCNI DRVAR,F,Total,22
2013,Number,ISTOCNI MOSTAR,Both sexes,Total,244
2013,Number,ISTOCNI MOSTAR,M,Total,138
2013,Number,ISTOCNI MOSTAR,F,Total,106
2013,Number,ISTOCNI STARI GRAD,Both sexes,Total,1116
2013,Number,ISTOCNI STARI GRAD,M,Total,552
2013,Number,ISTOCNI STARI GRAD,F,Total,564
2013,Number,ISTOCNO NOVO SARAJEVO,Both sexes,Total,10401
2013,Number,ISTOCNO NOVO SARAJEVO,M,Total,4936
2013,Number,ISTOCNO NOVO SARAJEVO,F,Total,5465
2013,Number,JEZERO,Both sexes,Total,1039
2013,Number,JEZERO,M,Total,534
2013,Number,JEZERO,F,Total,505
2013,Number,KALINOVIK,Both sexes,Total,1962
2013,Number,KALINOVIK,M,Total,950
2013,Number,KALINOVIK,F,Total,1012
2013,Number,KNEZEVO,Both sexes,Total,9368
2013,Number,KNEZEVO,M,Total,4632
2013,Number,KNEZEVO,F,Total,4736
2013,Number,KOZARSKA DUBICA,Both sexes,Total,20681
2013,Number,KOZARSKA DUBICA,M,Total,10094
2013,Number,KOZARSKA DUBICA,F,Total,10587
2013,Number,KOSTAJNICA,Both sexes,Total,5645
2013,Number,KOSTAJNICA,M,Total,2780
2013,Number,KOSTAJNICA,F,Total,2865
2013,Number,KOTOR VAROS,Both sexes,Total,18361
2013,Number,KOTOR VAROS,M,Total,9007
2013,Number,KOTOR VAROS,F,Total,9354
2013,Number,KRUPA NA UNI,Both sexes,Total,1560
2013,Number,KRUPA NA UNI,M,Total,841
2013,Number,KRUPA NA UNI,F,Total,719
2013,Number,KUPRES,Both sexes,Total,293
2013,Number,KUPRES,M,Total,157
2013,Number,KUPRES,F,Total,136
2013,Number,LAKTASI,Both sexes,Total,34210
2013,Number,LAKTASI,M,Total,16905
2013,Number,LAKTASI,F,Total,17305
2013,Number,LOPARE,Both sexes,Total,14689
2013,Number,LOPARE,M,Total,7377
2013,Number,LOPARE,F,Total,7312
2013,Number,LJUBINJE,Both sexes,Total,3319
2013,Number,LJUBINJE,M,Total,1633
2013,Number,LJUBINJE,F,Total,1686
2013,Number,MILICI,Both sexes,Total,10445
2013,Number,MILICI,M,Total,5252
2013,Number,MILICI,F,Total,5193
2013,Number,MODRICA,Both sexes,Total,24490
2013,Number,MODRICA,M,Total,11969
2013,Number,MODRICA,F,Total,12521
2013,Number,MRKONJIC GRAD,Both sexes,Total,15926
2013,Number,MRKONJIC GRAD,M,Total,7660
2013,Number,MRKONJIC GRAD,F,Total,8266
2013,Number,NEVESINJE,Both sexes,Total,12542
2013,Number,NEVESINJE,M,Total,6236
2013,Number,NEVESINJE,F,Total,6306
2013,Number,NOVI GRAD,Both sexes,Total,25240
2013,Number,NOVI GRAD,M,Total,12580
2013,Number,NOVI GRAD,F,Total,12660
2013,Number,NOVO GORAZDE,Both sexes,Total,2915
2013,Number,NOVO GORAZDE,M,Total,1500
2013,Number,NOVO GORAZDE,F,Total,1415
2013,Number,OSMACI,Both sexes,Total,5546
2013,Number,OSMACI,M,Total,2779
2013,Number,OSMACI,F,Total,2767
2013,Number,OSTRA LUKA,Both sexes,Total,2705
2013,Number,OSTRA LUKA,M,Total,1386
2013,Number,OSTRA LUKA,F,Total,1319
2013,Number,PALE,Both sexes,Total,20359
2013,Number,PALE,M,Total,9744
2013,Number,PALE,F,Total,10615
2013,Number,PELAGICEVO,Both sexes,Total,4358
2013,Number,PELAGICEVO,M,Total,2151
2013,Number,PELAGICEVO,F,Total,2207
2013,Number,PETROVAC,Both sexes,Total,354
2013,Number,PETROVAC,M,Total,169
2013,Number,PETROVAC,F,Total,185
2013,Number,PETROVO,Both sexes,Total,6317
2013,Number,PETROVO,M,Total,3043
2013,Number,PETROVO,F,Total,3274
2013,Number,PRIJEDOR,Both sexes,Total,80916
2013,Number,PRIJEDOR,M,Total,39418
2013,Number,PRIJEDOR,F,Total,41498
2013,Number,PRNJAVOR,Both sexes,Total,34357
2013,Number,PRNJAVOR,M,Total,16675
2013,Number,PRNJAVOR,F,Total,17682
2013,Number,RIBNIK,Both sexes,Total,5851
2013,Number,RIBNIK,M,Total,2900
2013,Number,RIBNIK,F,Total,2951
2013,Number,ROGATICA,Both sexes,Total,10302
2013,Number,ROGATICA,M,Total,5053
2013,Number,ROGATICA,F,Total,5249
2013,Number,RUDO,Both sexes,Total,7578
2013,Number,RUDO,M,Total,3840
2013,Number,RUDO,F,Total,3738
2013,Number,SOKOLAC,Both sexes,Total,11620
2013,Number,SOKOLAC,M,Total,5723
2013,Number,SOKOLAC,F,Total,5897
2013,Number,SRBAC,Both sexes,Total,16933
2013,Number,SRBAC,M,Total,8295
2013,Number,SRBAC,F,Total,8638
2013,Number,SREBRENICA,Both sexes,Total,11698
2013,Number,SREBRENICA,M,Total,5714
2013,Number,SREBRENICA,F,Total,5984
2013,Number,TESLIC,Both sexes,Total,37236
2013,Number,TESLIC,M,Total,17894
2013,Number,TESLIC,F,Total,19342
2013,Number,TREBINJE,Both sexes,Total,28239
2013,Number,TREBINJE,M,Total,13760
2013,Number,TREBINJE,F,Total,14479
2013,Number,TRNOVO,Both sexes,Total,1983
2013,Number,TRNOVO,M,Total,953
2013,Number,TRNOVO,F,Total,1030
2013,Number,UGLJEVIK,Both sexes,Total,15118
2013,Number,UGLJEVIK,M,Total,7626
2013,Number,UGLJEVIK,F,Total,7492
2013,Number,FOCA,Both sexes,Total,17580
2013,Number,FOCA,M,Total,8880
2013,Number,FOCA,F,Total,8700
2013,Number,HAN PIJESAK,Both sexes,Total,3445
2013,Number,HAN PIJESAK,M,Total,1632
2013,Number,HAN PIJESAK,F,Total,1813
2013,Number,CAJNICE,Both sexes,Total,4679
2013,Number,CAJNICE,M,Total,2347
2013,Number,CAJNICE,F,Total,2332
2013,Number,CELINAC,Both sexes,Total,15117
2013,Number,CELINAC,M,Total,7477
2013,Number,CELINAC,F,Total,7640
2013,Number,SAMAC,Both sexes,Total,16308
2013,Number,SAMAC,M,Total,7908
2013,Number,SAMAC,F,Total,8400
2013,Number,SEKOVICI,Both sexes,Total,6323
2013,Number,SEKOVICI,M,Total,3103
2013,Number,SEKOVICI,F,Total,3220
2013,Number,SIPOVO,Both sexes,Total,9969
2013,Number,SIPOVO,M,Total,5046
2013,Number,SIPOVO,F,Total,4923
2013,Number,REPUBLIKA SRPSKA,Both sexes,bosnian,150221
2013,Number,REPUBLIKA SRPSKA,M,bosnian,73026
2013,Number,REPUBLIKA SRPSKA,F,bosnian,77195
2013,Number,BANJA LUKA,Both sexes,bosnian,6792
2013,Number,BANJA LUKA,M,bosnian,3152
2013,Number,BANJA LUKA,F,bosnian,3640
2013,Number,BERKOVICI,Both sexes,bosnian,155
2013,Number,BERKOVICI,M,bosnian,87
2013,Number,BERKOVICI,F,bosnian,68
2013,Number,BIJELJINA,Both sexes,bosnian,11651
2013,Number,BIJELJINA,M,bosnian,5712
2013,Number,BIJELJINA,F,bosnian,5939
2013,Number,BILECA,Both sexes,bosnian,21
2013,Number,BILECA,M,bosnian,14
2013,Number,BILECA,F,bosnian,7
2013,Number,BRATUNAC,Both sexes,bosnian,6596
2013,Number,BRATUNAC,M,bosnian,3217
2013,Number,BRATUNAC,F,bosnian,3379
2013,Number,BROD,Both sexes,bosnian,1397
2013,Number,BROD,M,bosnian,680
2013,Number,BROD,F,bosnian,717
2013,Number,VISEGRAD,Both sexes,bosnian,887
2013,Number,VISEGRAD,M,bosnian,449
2013,Number,VISEGRAD,F,bosnian,438
2013,Number,VLASENICA,Both sexes,bosnian,3372
2013,Number,VLASENICA,M,bosnian,1648
2013,Number,VLASENICA,F,bosnian,1724
2013,Number,VUKOSAVLJE,Both sexes,bosnian,2098
2013,Number,VUKOSAVLJE,M,bosnian,1062
2013,Number,VUKOSAVLJE,F,bosnian,1036
2013,Number,GACKO,Both sexes,bosnian,331
2013,Number,GACKO,M,bosnian,178
2013,Number,GACKO,F,bosnian,153
2013,Number,GRADISKA,Both sexes,bosnian,6335
2013,Number,GRADISKA,M,bosnian,3083
2013,Number,GRADISKA,F,bosnian,3252
2013,Number,DERVENTA,Both sexes,bosnian,1791
2013,Number,DERVENTA,M,bosnian,857
2013,Number,DERVENTA,F,bosnian,934
2013,Number,DOBOJ,Both sexes,bosnian,14749
2013,Number,DOBOJ,M,bosnian,7085
2013,Number,DOBOJ,F,bosnian,7664
2013,Number,DONJI ZABAR,Both sexes,bosnian,11
2013,Number,DONJI ZABAR,M,bosnian,3
2013,Number,DONJI ZABAR,F,bosnian,8
2013,Number,ZVORNIK,Both sexes,bosnian,16813
2013,Number,ZVORNIK,M,bosnian,8218
2013,Number,ZVORNIK,F,bosnian,8595
2013,Number,ISTOCNA ILIDZA,Both sexes,bosnian,691
2013,Number,ISTOCNA ILIDZA,M,bosnian,322
2013,Number,ISTOCNA ILIDZA,F,bosnian,369
2013,Number,ISTOCNI MOSTAR,Both sexes,bosnian,78
2013,Number,ISTOCNI MOSTAR,M,bosnian,45
2013,Number,ISTOCNI MOSTAR,F,bosnian,33
2013,Number,ISTOCNI STARI GRAD,Both sexes,bosnian,44
2013,Number,ISTOCNI STARI GRAD,M,bosnian,27
2013,Number,ISTOCNI STARI GRAD,F,bosnian,17
2013,Number,ISTOCNO NOVO SARAJEVO,Both sexes,bosnian,71
2013,Number,ISTOCNO NOVO SARAJEVO,M,bosnian,29
2013,Number,ISTOCNO NOVO SARAJEVO,F,bosnian,42
2013,Number,JEZERO,Both sexes,bosnian,252
2013,Number,JEZERO,M,bosnian,118
2013,Number,JEZERO,F,bosnian,134
2013,Number,KALINOVIK,Both sexes,bosnian,37
2013,Number,KALINOVIK,M,bosnian,15
2013,Number,KALINOVIK,F,bosnian,22
2013,Number,KNEZEVO,Both sexes,bosnian,404
2013,Number,KNEZEVO,M,bosnian,185
2013,Number,KNEZEVO,F,bosnian,219
2013,Number,KOZARSKA DUBICA,Both sexes,bosnian,1922
2013,Number,KOZARSKA DUBICA,M,bosnian,927
2013,Number,KOZARSKA DUBICA,F,bosnian,995
2013,Number,KOSTAJNICA,Both sexes,bosnian,1283
2013,Number,KOSTAJNICA,M,bosnian,626
2013,Number,KOSTAJNICA,F,bosnian,657
2013,Number,KOTOR VAROS,Both sexes,bosnian,4517
2013,Number,KOTOR VAROS,M,bosnian,2173
2013,Number,KOTOR VAROS,F,bosnian,2344
2013,Number,KRUPA NA UNI,Both sexes,bosnian,3
2013,Number,KRUPA NA UNI,M,bosnian,1
2013,Number,KRUPA NA UNI,F,bosnian,2
2013,Number,LAKTASI,Both sexes,bosnian,112
2013,Number,LAKTASI,M,bosnian,58
2013,Number,LAKTASI,F,bosnian,54
2013,Number,LOPARE,Both sexes,bosnian,1315
2013,Number,LOPARE,M,bosnian,648
2013,Number,LOPARE,F,bosnian,667
2013,Number,LJUBINJE,Both sexes,bosnian,10
2013,Number,LJUBINJE,M,bosnian,5
2013,Number,LJUBINJE,F,bosnian,5
2013,Number,MILICI,Both sexes,bosnian,3541
2013,Number,MILICI,M,bosnian,1751
2013,Number,MILICI,F,bosnian,1790
2013,Number,MODRICA,Both sexes,bosnian,3008
2013,Number,MODRICA,M,bosnian,1426
2013,Number,MODRICA,F,bosnian,1582
2013,Number,MRKONJIC GRAD,Both sexes,bosnian,358
2013,Number,MRKONJIC GRAD,M,bosnian,172
2013,Number,MRKONJIC GRAD,F,bosnian,186
2013,Number,NEVESINJE,Both sexes,bosnian,507
2013,Number,NEVESINJE,M,bosnian,261
2013,Number,NEVESINJE,F,bosnian,246
2013,Number,NOVI GRAD,Both sexes,bosnian,5260
2013,Number,NOVI GRAD,M,bosnian,2630
2013,Number,NOVI GRAD,F,bosnian,2630
2013,Number,NOVO GORAZDE,Both sexes,bosnian,1338
2013,Number,NOVO GORAZDE,M,bosnian,671
2013,Number,NOVO GORAZDE,F,bosnian,667
2013,Number,OSMACI,Both sexes,bosnian,2680
2013,Number,OSMACI,M,bosnian,1323
2013,Number,OSMACI,F,bosnian,1357
2013,Number,OSTRA LUKA,Both sexes,bosnian,39
2013,Number,OSTRA LUKA,M,bosnian,16
2013,Number,OSTRA LUKA,F,bosnian,23
2013,Number,PALE,Both sexes,bosnian,170
2013,Number,PALE,M,bosnian,89
2013,Number,PALE,F,bosnian,81
2013,Number,PELAGICEVO,Both sexes,bosnian,24
2013,Number,PELAGICEVO,M,bosnian,6
2013,Number,PELAGICEVO,F,bosnian,18
2013,Number,PETROVO,Both sexes,bosnian,7
2013,Number,PETROVO,M,bosnian,4
2013,Number,PETROVO,F,bosnian,3
2013,Number,PRIJEDOR,Both sexes,bosnian,22548
2013,Number,PRIJEDOR,M,bosnian,10781
2013,Number,PRIJEDOR,F,bosnian,11767
2013,Number,PRNJAVOR,Both sexes,bosnian,2792
2013,Number,PRNJAVOR,M,bosnian,1344
2013,Number,PRNJAVOR,F,bosnian,1448
2013,Number,RIBNIK,Both sexes,bosnian,3
2013,Number,RIBNIK,M,bosnian,1
2013,Number,RIBNIK,F,bosnian,2
2013,Number,ROGATICA,Both sexes,bosnian,1022
2013,Number,ROGATICA,M,bosnian,525
2013,Number,ROGATICA,F,bosnian,497
2013,Number,RUDO,Both sexes,bosnian,586
2013,Number,RUDO,M,bosnian,308
2013,Number,RUDO,F,bosnian,278
2013,Number,SOKOLAC,Both sexes,bosnian,645
2013,Number,SOKOLAC,M,bosnian,340
2013,Number,SOKOLAC,F,bosnian,305
2013,Number,SRBAC,Both sexes,bosnian,389
2013,Number,SRBAC,M,bosnian,181
2013,Number,SRBAC,F,bosnian,208
2013,Number,SREBRENICA,Both sexes,bosnian,6145
2013,Number,SREBRENICA,M,bosnian,2921
2013,Number,SREBRENICA,F,bosnian,3224
2013,Number,TESLIC,Both sexes,bosnian,7090
2013,Number,TESLIC,M,bosnian,3489
2013,Number,TESLIC,F,bosnian,3601
2013,Number,TREBINJE,Both sexes,bosnian,860
2013,Number,TREBINJE,M,bosnian,425
2013,Number,TREBINJE,F,bosnian,435
2013,Number,TRNOVO,Both sexes,bosnian,820
2013,Number,TRNOVO,M,bosnian,406
2013,Number,TRNOVO,F,bosnian,414
2013,Number,UGLJEVIK,Both sexes,bosnian,2000
2013,Number,UGLJEVIK,M,bosnian,975
2013,Number,UGLJEVIK,F,bosnian,1025
2013,Number,FOCA,Both sexes,bosnian,1182
2013,Number,FOCA,M,bosnian,633
2013,Number,FOCA,F,bosnian,549
2013,Number,HAN PIJESAK,Both sexes,bosnian,433
2013,Number,HAN PIJESAK,M,bosnian,211
2013,Number,HAN PIJESAK,F,bosnian,222
2013,Number,CAJNICE,Both sexes,bosnian,839
2013,Number,CAJNICE,M,bosnian,441
2013,Number,CAJNICE,F,bosnian,398
2013,Number,CELINAC,Both sexes,bosnian,391
2013,Number,CELINAC,M,bosnian,195
2013,Number,CELINAC,F,bosnian,196
2013,Number,SAMAC,Both sexes,bosnian,1110
2013,Number,SAMAC,M,bosnian,527
2013,Number,SAMAC,F,bosnian,583
2013,Number,SEKOVICI,Both sexes,bosnian,104
2013,Number,SEKOVICI,M,bosnian,52
2013,Number,SEKOVICI,F,bosnian,52
2013,Number,SIPOVO,Both sexes,bosnian,592
2013,Number,SIPOVO,M,bosnian,298
2013,Number,SIPOVO,F,bosnian,294
2013,Number,REPUBLIKA SRPSKA,Both sexes,croatian,17315
2013,Number,REPUBLIKA SRPSKA,M,croatian,7870
2013,Number,REPUBLIKA SRPSKA,F,croatian,9445
2013,Number,BANJA LUKA,Both sexes,croatian,1621
2013,Number,BANJA LUKA,M,croatian,586
2013,Number,BANJA LUKA,F,croatian,1035
2013,Number,BERKOVICI,Both sexes,croatian,4
2013,Number,BERKOVICI,M,croatian,1
2013,Number,BERKOVICI,F,croatian,3
2013,Number,BIJELJINA,Both sexes,croatian,134
2013,Number,BIJELJINA,M,croatian,34
2013,Number,BIJELJINA,F,croatian,100
2013,Number,BILECA,Both sexes,croatian,6
2013,Number,BILECA,F,croatian,6
2013,Number,BRATUNAC,Both sexes,croatian,10
2013,Number,BRATUNAC,M,croatian,2
2013,Number,BRATUNAC,F,croatian,8
2013,Number,BROD,Both sexes,croatian,2842
2013,Number,BROD,M,croatian,1369
2013,Number,BROD,F,croatian,1473
2013,Number,VISEGRAD,Both sexes,croatian,6
2013,Number,VISEGRAD,F,croatian,6
2013,Number,VLASENICA,Both sexes,croatian,7
2013,Number,VLASENICA,M,croatian,2
2013,Number,VLASENICA,F,croatian,5
2013,Number,VUKOSAVLJE,Both sexes,croatian,663
2013,Number,VUKOSAVLJE,M,croatian,326
2013,Number,VUKOSAVLJE,F,croatian,337
2013,Number,GACKO,Both sexes,croatian,4
2013,Number,GACKO,M,croatian,4
2013,Number,GRADISKA,Both sexes,croatian,358
2013,Number,GRADISKA,M,croatian,120
2013,Number,GRADISKA,F,croatian,238
2013,Number,DERVENTA,Both sexes,croatian,1861
2013,Number,DERVENTA,M,croatian,950
2013,Number,DERVENTA,F,croatian,911
2013,Number,DOBOJ,Both sexes,croatian,869
2013,Number,DOBOJ,M,croatian,378
2013,Number,DOBOJ,F,croatian,491
2013,Number,DONJI ZABAR,Both sexes,croatian,985
2013,Number,DONJI ZABAR,M,croatian,497
2013,Number,DONJI ZABAR,F,croatian,488
2013,Number,ZVORNIK,Both sexes,croatian,29
2013,Number,ZVORNIK,M,croatian,2
2013,Number,ZVORNIK,F,croatian,27
2013,Number,ISTOCNA ILIDZA,Both sexes,croatian,76
2013,Number,ISTOCNA ILIDZA,M,croatian,24
2013,Number,ISTOCNA ILIDZA,F,croatian,52
2013,Number,ISTOCNI DRVAR,Both sexes,croatian,1
2013,Number,ISTOCNI DRVAR,F,croatian,1
2013,Number,ISTOCNI MOSTAR,Both sexes,croatian,11
2013,Number,ISTOCNI MOSTAR,M,croatian,8
2013,Number,ISTOCNI MOSTAR,F,croatian,3
2013,Number,ISTOCNI STARI GRAD,Both sexes,croatian,1
2013,Number,ISTOCNI STARI GRAD,F,croatian,1
2013,Number,ISTOCNO NOVO SARAJEVO,Both sexes,croatian,44
2013,Number,ISTOCNO NOVO SARAJEVO,M,croatian,14
2013,Number,ISTOCNO NOVO SARAJEVO,F,croatian,30
2013,Number,JEZERO,Both sexes,croatian,3
2013,Number,JEZERO,M,croatian,2
2013,Number,JEZERO,F,croatian,1
2013,Number,KALINOVIK,Both sexes,croatian,3
2013,Number,KALINOVIK,M,croatian,1
2013,Number,KALINOVIK,F,croatian,2
2013,Number,KNEZEVO,Both sexes,croatian,17
2013,Number,KNEZEVO,M,croatian,4
2013,Number,KNEZEVO,F,croatian,13
2013,Number,KOZARSKA DUBICA,Both sexes,croatian,151
2013,Number,KOZARSKA DUBICA,M,croatian,39
2013,Number,KOZARSKA DUBICA,F,croatian,112
2013,Number,KOSTAJNICA,Both sexes,croatian,72
2013,Number,KOSTAJNICA,M,croatian,24
2013,Number,KOSTAJNICA,F,croatian,48
2013,Number,KOTOR VAROS,Both sexes,croatian,714
2013,Number,KOTOR VAROS,M,croatian,357
2013,Number,KOTOR VAROS,F,croatian,357
2013,Number,KRUPA NA UNI,Both sexes,croatian,3
2013,Number,KRUPA NA UNI,F,croatian,3
2013,Number,LAKTASI,Both sexes,croatian,175
2013,Number,LAKTASI,M,croatian,60
2013,Number,LAKTASI,F,croatian,115
2013,Number,LOPARE,Both sexes,croatian,23
2013,Number,LOPARE,M,croatian,1
2013,Number,LOPARE,F,croatian,22
2013,Number,LJUBINJE,Both sexes,croatian,7
2013,Number,LJUBINJE,M,croatian,2
2013,Number,LJUBINJE,F,croatian,5
2013,Number,MILICI,Both sexes,croatian,4
2013,Number,MILICI,M,croatian,1
2013,Number,MILICI,F,croatian,3
2013,Number,MODRICA,Both sexes,croatian,1246
2013,Number,MODRICA,M,croatian,624
2013,Number,MODRICA,F,croatian,622
2013,Number,MRKONJIC GRAD,Both sexes,croatian,85
2013,Number,MRKONJIC GRAD,M,croatian,37
2013,Number,MRKONJIC GRAD,F,croatian,48
2013,Number,NEVESINJE,Both sexes,croatian,14
2013,Number,NEVESINJE,M,croatian,5
2013,Number,NEVESINJE,F,croatian,9
2013,Number,NOVI GRAD,Both sexes,croatian,79
2013,Number,NOVI GRAD,M,croatian,17
2013,Number,NOVI GRAD,F,croatian,62
2013,Number,NOVO GORAZDE,Both sexes,croatian,1
2013,Number,NOVO GORAZDE,F,croatian,1
2013,Number,OSMACI,Both sexes,croatian,3
2013,Number,OSMACI,M,croatian,1
2013,Number,OSMACI,F,croatian,2
2013,Number,OSTRA LUKA,Both sexes,croatian,92
2013,Number,OSTRA LUKA,M,croatian,43
2013,Number,OSTRA LUKA,F,croatian,49
2013,Number,PALE,Both sexes,croatian,31
2013,Number,PALE,M,croatian,6
2013,Number,PALE,F,croatian,25
2013,Number,PELAGICEVO,Both sexes,croatian,1159
2013,Number,PELAGICEVO,M,croatian,571
2013,Number,PELAGICEVO,F,croatian,588
2013,Number,PETROVO,Both sexes,croatian,12
2013,Number,PETROVO,M,croatian,2
2013,Number,PETROVO,F,croatian,10
2013,Number,PRIJEDOR,Both sexes,croatian,639
2013,Number,PRIJEDOR,M,croatian,284
2013,Number,PRIJEDOR,F,croatian,355
2013,Number,PRNJAVOR,Both sexes,croatian,171
2013,Number,PRNJAVOR,M,croatian,59
2013,Number,PRNJAVOR,F,croatian,112
2013,Number,RIBNIK,Both sexes,croatian,2
2013,Number,RIBNIK,F,croatian,2
2013,Number,ROGATICA,Both sexes,croatian,7
2013,Number,ROGATICA,M,croatian,1
2013,Number,ROGATICA,F,croatian,6
2013,Number,SOKOLAC,Both sexes,croatian,8
2013,Number,SOKOLAC,M,croatian,1
2013,Number,SOKOLAC,F,croatian,7
2013,Number,SRBAC,Both sexes,croatian,54
2013,Number,SRBAC,M,croatian,8
2013,Number,SRBAC,F,croatian,46
2013,Number,SREBRENICA,Both sexes,croatian,6
2013,Number,SREBRENICA,M,croatian,2
2013,Number,SREBRENICA,F,croatian,4
2013,Number,TESLIC,Both sexes,croatian,766
2013,Number,TESLIC,M,croatian,360
2013,Number,TESLIC,F,croatian,406
2013,Number,TREBINJE,Both sexes,croatian,149
2013,Number,TREBINJE,M,croatian,66
2013,Number,TREBINJE,F,croatian,83
2013,Number,TRNOVO,Both sexes,croatian,13
2013,Number,TRNOVO,M,croatian,5
2013,Number,TRNOVO,F,croatian,8
2013,Number,UGLJEVIK,Both sexes,croatian,14
2013,Number,UGLJEVIK,M,croatian,1
2013,Number,UGLJEVIK,F,croatian,13
2013,Number,FOCA,Both sexes,croatian,19
2013,Number,FOCA,M,croatian,3
2013,Number,FOCA,F,croatian,16
2013,Number,HAN PIJESAK,Both sexes,croatian,3
2013,Number,HAN PIJESAK,F,croatian,3
2013,Number,CAJNICE,Both sexes,croatian,3
2013,Number,CAJNICE,F,croatian,3
2013,Number,CELINAC,Both sexes,croatian,15
2013,Number,CELINAC,M,croatian,2
2013,Number,CELINAC,F,croatian,13
2013,Number,SAMAC,Both sexes,croatian,2006
2013,Number,SAMAC,M,croatian,964
2013,Number,SAMAC,F,croatian,1042
2013,Number,SEKOVICI,Both sexes,croatian,3
2013,Number,SEKOVICI,F,croatian,3
2013,Number,SIPOVO,Both sexes,croatian,11
2013,Number,SIPOVO,F,croatian,11
2013,Number,REPUBLIKA SRPSKA,Both sexes,serbian,982480
2013,Number,REPUBLIKA SRPSKA,M,serbian,481743
2013,Number,REPUBLIKA SRPSKA,F,serbian,500737
2013,Number,BANJA LUKA,Both sexes,serbian,166022
2013,Number,BANJA LUKA,M,serbian,80369
2013,Number,BANJA LUKA,F,serbian,85653
2013,Number,BERKOVICI,Both sexes,serbian,1875
2013,Number,BERKOVICI,M,serbian,942
2013,Number,BERKOVICI,F,serbian,933
2013,Number,BIJELJINA,Both sexes,serbian,90547
2013,Number,BIJELJINA,M,serbian,44290
2013,Number,BIJELJINA,F,serbian,46257
2013,Number,BILECA,Both sexes,serbian,10534
2013,Number,BILECA,M,serbian,5307
2013,Number,BILECA,F,serbian,5227
2013,Number,BRATUNAC,Both sexes,serbian,11930
2013,Number,BRATUNAC,M,serbian,5937
2013,Number,BRATUNAC,F,serbian,5993
2013,Number,BROD,Both sexes,serbian,11154
2013,Number,BROD,M,serbian,5490
2013,Number,BROD,F,serbian,5664
2013,Number,VISEGRAD,Both sexes,serbian,8981
2013,Number,VISEGRAD,M,serbian,4351
2013,Number,VISEGRAD,F,serbian,4630
2013,Number,VLASENICA,Both sexes,serbian,7160
2013,Number,VLASENICA,M,serbian,3493
2013,Number,VLASENICA,F,serbian,3667
2013,Number,VUKOSAVLJE,Both sexes,serbian,1471
2013,Number,VUKOSAVLJE,M,serbian,727
2013,Number,VUKOSAVLJE,F,serbian,744
2013,Number,GACKO,Both sexes,serbian,8356
2013,Number,GACKO,M,serbian,4234
2013,Number,GACKO,F,serbian,4122
2013,Number,GRADISKA,Both sexes,serbian,41393
2013,Number,GRADISKA,M,serbian,20221
2013,Number,GRADISKA,F,serbian,21172
2013,Number,DERVENTA,Both sexes,serbian,21749
2013,Number,DERVENTA,M,serbian,10593
2013,Number,DERVENTA,F,serbian,11156
2013,Number,DOBOJ,Both sexes,serbian,51338
2013,Number,DOBOJ,M,serbian,25045
2013,Number,DOBOJ,F,serbian,26293
2013,Number,DONJI ZABAR,Both sexes,serbian,2652
2013,Number,DONJI ZABAR,M,serbian,1345
2013,Number,DONJI ZABAR,F,serbian,1307
2013,Number,ZVORNIK,Both sexes,serbian,37330
2013,Number,ZVORNIK,M,serbian,18483
2013,Number,ZVORNIK,F,serbian,18847
2013,Number,ISTOCNA ILIDZA,Both sexes,serbian,13532
2013,Number,ISTOCNA ILIDZA,M,serbian,6502
2013,Number,ISTOCNA ILIDZA,F,serbian,7030
2013,Number,ISTOCNI DRVAR,Both sexes,serbian,65
2013,Number,ISTOCNI DRVAR,M,serbian,44
2013,Number,ISTOCNI DRVAR,F,serbian,21
2013,Number,ISTOCNI MOSTAR,Both sexes,serbian,152
2013,Number,ISTOCNI MOSTAR,M,serbian,84
2013,Number,ISTOCNI MOSTAR,F,serbian,68
2013,Number,ISTOCNI STARI GRAD,Both sexes,serbian,1063
2013,Number,ISTOCNI STARI GRAD,M,serbian,521
2013,Number,ISTOCNI STARI GRAD,F,serbian,542
2013,Number,ISTOCNO NOVO SARAJEVO,Both sexes,serbian,10078
2013,Number,ISTOCNO NOVO SARAJEVO,M,serbian,4805
2013,Number,ISTOCNO NOVO SARAJEVO,F,serbian,5273
2013,Number,JEZERO,Both sexes,serbian,782
2013,Number,JEZERO,M,serbian,412
2013,Number,JEZERO,F,serbian,370
2013,Number,KALINOVIK,Both sexes,serbian,1907
2013,Number,KALINOVIK,M,serbian,924
2013,Number,KALINOVIK,F,serbian,983
2013,Number,KNEZEVO,Both sexes,serbian,8909
2013,Number,KNEZEVO,M,serbian,4431
2013,Number,KNEZEVO,F,serbian,4478
2013,Number,KOZARSKA DUBICA,Both sexes,serbian,18376
2013,Number,KOZARSKA DUBICA,M,serbian,9029
2013,Number,KOZARSKA DUBICA,F,serbian,9347
2013,Number,KOSTAJNICA,Both sexes,serbian,4175
2013,Number,KOSTAJNICA,M,serbian,2078
2013,Number,KOSTAJNICA,F,serbian,2097
2013,Number,KOTOR VAROS,Both sexes,serbian,12926
2013,Number,KOTOR VAROS,M,serbian,6387
2013,Number,KOTOR VAROS,F,serbian,6539
2013,Number,KRUPA NA UNI,Both sexes,serbian,1554
2013,Number,KRUPA NA UNI,M,serbian,840
2013,Number,KRUPA NA UNI,F,serbian,714
2013,Number,KUPRES,Both sexes,serbian,290
2013,Number,KUPRES,M,serbian,155
2013,Number,KUPRES,F,serbian,135
2013,Number,LAKTASI,Both sexes,serbian,33263
2013,Number,LAKTASI,M,serbian,16465
2013,Number,LAKTASI,F,serbian,16798
2013,Number,LOPARE,Both sexes,serbian,13299
2013,Number,LOPARE,M,serbian,6707
2013,Number,LOPARE,F,serbian,6592
2013,Number,LJUBINJE,Both sexes,serbian,3295
2013,Number,LJUBINJE,M,serbian,1623
2013,Number,LJUBINJE,F,serbian,1672
2013,Number,MILICI,Both sexes,serbian,6880
2013,Number,MILICI,M,serbian,3495
2013,Number,MILICI,F,serbian,3385
2013,Number,MODRICA,Both sexes,serbian,19633
2013,Number,MODRICA,M,serbian,9640
2013,Number,MODRICA,F,serbian,9993
2013,Number,MRKONJIC GRAD,Both sexes,serbian,15370
2013,Number,MRKONJIC GRAD,M,serbian,7392
2013,Number,MRKONJIC GRAD,F,serbian,7978
2013,Number,NEVESINJE,Both sexes,serbian,11987
2013,Number,NEVESINJE,M,serbian,5961
2013,Number,NEVESINJE,F,serbian,6026
2013,Number,NOVI GRAD,Both sexes,serbian,19602
2013,Number,NOVI GRAD,M,serbian,9805
2013,Number,NOVI GRAD,F,serbian,9797
2013,Number,NOVO GORAZDE,Both sexes,serbian,1564
2013,Number,NOVO GORAZDE,M,serbian,823
2013,Number,NOVO GORAZDE,F,serbian,741
2013,Number,OSMACI,Both sexes,serbian,2850
2013,Number,OSMACI,M,serbian,1452
2013,Number,OSMACI,F,serbian,1398
2013,Number,OSTRA LUKA,Both sexes,serbian,2540
2013,Number,OSTRA LUKA,M,serbian,1309
2013,Number,OSTRA LUKA,F,serbian,1231
2013,Number,PALE,Both sexes,serbian,20039
2013,Number,PALE,M,serbian,9599
2013,Number,PALE,F,serbian,10440
2013,Number,PELAGICEVO,Both sexes,serbian,3140
2013,Number,PELAGICEVO,M,serbian,1561
2013,Number,PELAGICEVO,F,serbian,1579
2013,Number,PETROVAC,Both sexes,serbian,353
2013,Number,PETROVAC,M,serbian,169
2013,Number,PETROVAC,F,serbian,184
2013,Number,PETROVO,Both sexes,serbian,6252
2013,Number,PETROVO,M,serbian,3020
2013,Number,PETROVO,F,serbian,3232
2013,Number,PRIJEDOR,Both sexes,serbian,55452
2013,Number,PRIJEDOR,M,serbian,27205
2013,Number,PRIJEDOR,F,serbian,28247
2013,Number,PRNJAVOR,Both sexes,serbian,30213
2013,Number,PRNJAVOR,M,serbian,14687
2013,Number,PRNJAVOR,F,serbian,15526
2013,Number,RIBNIK,Both sexes,serbian,5830
2013,Number,RIBNIK,M,serbian,2891
2013,Number,RIBNIK,F,serbian,2939
2013,Number,ROGATICA,Both sexes,serbian,9233
2013,Number,ROGATICA,M,serbian,4508
2013,Number,ROGATICA,F,serbian,4725
2013,Number,RUDO,Both sexes,serbian,6979
2013,Number,RUDO,M,serbian,3527
2013,Number,RUDO,F,serbian,3452
2013,Number,SOKOLAC,Both sexes,serbian,10911
2013,Number,SOKOLAC,M,serbian,5366
2013,Number,SOKOLAC,F,serbian,5545
2013,Number,SRBAC,Both sexes,serbian,16269
2013,Number,SRBAC,M,serbian,7994
2013,Number,SRBAC,F,serbian,8275
2013,Number,SREBRENICA,Both sexes,serbian,5469
2013,Number,SREBRENICA,M,serbian,2745
2013,Number,SREBRENICA,F,serbian,2724
2013,Number,TESLIC,Both sexes,serbian,28458
2013,Number,TESLIC,M,serbian,13628
2013,Number,TESLIC,F,serbian,14830
2013,Number,TREBINJE,Both sexes,serbian,26940
2013,Number,TREBINJE,M,serbian,13155
2013,Number,TREBINJE,F,serbian,13785
2013,Number,TRNOVO,Both sexes,serbian,1141
2013,Number,TRNOVO,M,serbian,537
2013,Number,TRNOVO,F,serbian,604
2013,Number,UGLJEVIK,Both sexes,serbian,13052
2013,Number,UGLJEVIK,M,serbian,6622
2013,Number,UGLJEVIK,F,serbian,6430
2013,Number,FOCA,Both sexes,serbian,16299
2013,Number,FOCA,M,serbian,8200
2013,Number,FOCA,F,serbian,8099
2013,Number,HAN PIJESAK,Both sexes,serbian,3002
2013,Number,HAN PIJESAK,M,serbian,1415
2013,Number,HAN PIJESAK,F,serbian,1587
2013,Number,CAJNICE,Both sexes,serbian,3820
2013,Number,CAJNICE,M,serbian,1898
2013,Number,CAJNICE,F,serbian,1922
2013,Number,CELINAC,Both sexes,serbian,14622
2013,Number,CELINAC,M,serbian,7247
2013,Number,CELINAC,F,serbian,7375
2013,Number,SAMAC,Both sexes,serbian,12894
2013,Number,SAMAC,M,serbian,6289
2013,Number,SAMAC,F,serbian,6605
2013,Number,SEKOVICI,Both sexes,serbian,6196
2013,Number,SEKOVICI,M,serbian,3044
2013,Number,SEKOVICI,F,serbian,3152
2013,Number,SIPOVO,Both sexes,serbian,9332
2013,Number,SIPOVO,M,serbian,4725
2013,Number,SIPOVO,F,serbian,4607
2013,Number,REPUBLIKA SRPSKA,Both sexes,Other,17824
2013,Number,REPUBLIKA SRPSKA,M,Other,8017
2013,Number,REPUBLIKA SRPSKA,F,Other,9807
2013,Number,BANJA LUKA,Both sexes,Other,5207
2013,Number,BANJA LUKA,M,Other,2214
2013,Number,BANJA LUKA,F,Other,2993
2013,Number,BERKOVICI,Both sexes,Other,5
2013,Number,BERKOVICI,M,Other,2
2013,Number,BERKOVICI,F,Other,3
2013,Number,BIJELJINA,Both sexes,Other,1418
2013,Number,BIJELJINA,M,Other,673
2013,Number,BIJELJINA,F,Other,745
2013,Number,BILECA,Both sexes,Other,32
2013,Number,BILECA,M,Other,18
2013,Number,BILECA,F,Other,14
2013,Number,BRATUNAC,Both sexes,Other,69
2013,Number,BRATUNAC,M,Other,33
2013,Number,BRATUNAC,F,Other,36
2013,Number,BROD,Both sexes,Other,283
2013,Number,BROD,M,Other,111
2013,Number,BROD,F,Other,172
2013,Number,VISEGRAD,Both sexes,Other,66
2013,Number,VISEGRAD,M,Other,32
2013,Number,VISEGRAD,F,Other,34
2013,Number,VLASENICA,Both sexes,Other,89
2013,Number,VLASENICA,M,Other,36
2013,Number,VLASENICA,F,Other,53
2013,Number,VUKOSAVLJE,Both sexes,Other,116
2013,Number,VUKOSAVLJE,M,Other,68
2013,Number,VUKOSAVLJE,F,Other,48
2013,Number,GACKO,Both sexes,Other,9
2013,Number,GACKO,M,Other,5
2013,Number,GACKO,F,Other,4
2013,Number,GRADISKA,Both sexes,Other,1025
2013,Number,GRADISKA,M,Other,481
2013,Number,GRADISKA,F,Other,544
2013,Number,DERVENTA,Both sexes,Other,447
2013,Number,DERVENTA,M,Other,196
2013,Number,DERVENTA,F,Other,251
2013,Number,DOBOJ,Both sexes,Other,1380
2013,Number,DOBOJ,M,Other,644
2013,Number,DOBOJ,F,Other,736
2013,Number,DONJI ZABAR,Both sexes,Other,15
2013,Number,DONJI ZABAR,M,Other,4
2013,Number,DONJI ZABAR,F,Other,11
2013,Number,ZVORNIK,Both sexes,Other,116
2013,Number,ZVORNIK,M,Other,48
2013,Number,ZVORNIK,F,Other,68
2013,Number,ISTOCNA ILIDZA,Both sexes,Other,125
2013,Number,ISTOCNA ILIDZA,M,Other,50
2013,Number,ISTOCNA ILIDZA,F,Other,75
2013,Number,ISTOCNI STARI GRAD,Both sexes,Other,6
2013,Number,ISTOCNI STARI GRAD,M,Other,2
2013,Number,ISTOCNI STARI GRAD,F,Other,4
2013,Number,ISTOCNO NOVO SARAJEVO,Both sexes,Other,199
2013,Number,ISTOCNO NOVO SARAJEVO,M,Other,86
2013,Number,ISTOCNO NOVO SARAJEVO,F,Other,113
2013,Number,JEZERO,Both sexes,Other,1
2013,Number,JEZERO,M,Other,1
2013,Number,KALINOVIK,Both sexes,Other,11
2013,Number,KALINOVIK,M,Other,8
2013,Number,KALINOVIK,F,Other,3
2013,Number,KNEZEVO,Both sexes,Other,30
2013,Number,KNEZEVO,M,Other,8
2013,Number,KNEZEVO,F,Other,22
2013,Number,KOZARSKA DUBICA,Both sexes,Other,209
2013,Number,KOZARSKA DUBICA,M,Other,89
2013,Number,KOZARSKA DUBICA,F,Other,120
2013,Number,KOSTAJNICA,Both sexes,Other,112
2013,Number,KOSTAJNICA,M,Other,51
2013,Number,KOSTAJNICA,F,Other,61
2013,Number,KOTOR VAROS,Both sexes,Other,181
2013,Number,KOTOR VAROS,M,Other,75
2013,Number,KOTOR VAROS,F,Other,106
2013,Number,KUPRES,Both sexes,Other,3
2013,Number,KUPRES,M,Other,2
2013,Number,KUPRES,F,Other,1
2013,Number,LAKTASI,Both sexes,Other,578
2013,Number,LAKTASI,M,Other,286
2013,Number,LAKTASI,F,Other,292
2013,Number,LOPARE,Both sexes,Other,28
2013,Number,LOPARE,M,Other,9
2013,Number,LOPARE,F,Other,19
2013,Number,LJUBINJE,Both sexes,Other,3
2013,Number,LJUBINJE,M,Other,1
2013,Number,LJUBINJE,F,Other,2
2013,Number,MILICI,Both sexes,Other,9
2013,Number,MILICI,M,Other,1
2013,Number,MILICI,F,Other,8
2013,Number,MODRICA,Both sexes,Other,470
2013,Number,MODRICA,M,Other,208
2013,Number,MODRICA,F,Other,262
2013,Number,MRKONJIC GRAD,Both sexes,Other,97
2013,Number,MRKONJIC GRAD,M,Other,52
2013,Number,MRKONJIC GRAD,F,Other,45
2013,Number,NEVESINJE,Both sexes,Other,17
2013,Number,NEVESINJE,M,Other,4
2013,Number,NEVESINJE,F,Other,13
2013,Number,NOVI GRAD,Both sexes,Other,263
2013,Number,NOVI GRAD,M,Other,108
2013,Number,NOVI GRAD,F,Other,155
2013,Number,NOVO GORAZDE,Both sexes,Other,4
2013,Number,NOVO GORAZDE,M,Other,3
2013,Number,NOVO GORAZDE,F,Other,1
2013,Number,OSMACI,Both sexes,Other,8
2013,Number,OSMACI,M,Other,1
2013,Number,OSMACI,F,Other,7
2013,Number,OSTRA LUKA,Both sexes,Other,32
2013,Number,OSTRA LUKA,M,Other,16
2013,Number,OSTRA LUKA,F,Other,16
2013,Number,PALE,Both sexes,Other,108
2013,Number,PALE,M,Other,42
2013,Number,PALE,F,Other,66
2013,Number,PELAGICEVO,Both sexes,Other,30
2013,Number,PELAGICEVO,M,Other,12
2013,Number,PELAGICEVO,F,Other,18
2013,Number,PETROVAC,Both sexes,Other,1
2013,Number,PETROVAC,F,Other,1
2013,Number,PETROVO,Both sexes,Other,41
2013,Number,PETROVO,M,Other,15
2013,Number,PETROVO,F,Other,26
2013,Number,PRIJEDOR,Both sexes,Other,1883
2013,Number,PRIJEDOR,M,Other,879
2013,Number,PRIJEDOR,F,Other,1004
2013,Number,PRNJAVOR,Both sexes,Other,1131
2013,Number,PRNJAVOR,M,Other,565
2013,Number,PRNJAVOR,F,Other,566
2013,Number,RIBNIK,Both sexes,Other,13
2013,Number,RIBNIK,M,Other,5
2013,Number,RIBNIK,F,Other,8
2013,Number,ROGATICA,Both sexes,Other,35
2013,Number,ROGATICA,M,Other,17
2013,Number,ROGATICA,F,Other,18
2013,Number,RUDO,Both sexes,Other,8
2013,Number,RUDO,M,Other,3
2013,Number,RUDO,F,Other,5
2013,Number,SOKOLAC,Both sexes,Other,35
2013,Number,SOKOLAC,M,Other,9
2013,Number,SOKOLAC,F,Other,26
2013,Number,SRBAC,Both sexes,Other,180
2013,Number,SRBAC,M,Other,91
2013,Number,SRBAC,F,Other,89
2013,Number,SREBRENICA,Both sexes,Other,49
2013,Number,SREBRENICA,M,Other,32
2013,Number,SREBRENICA,F,Other,17
2013,Number,TESLIC,Both sexes,Other,864
2013,Number,TESLIC,M,Other,390
2013,Number,TESLIC,F,Other,474
2013,Number,TREBINJE,Both sexes,Other,269
2013,Number,TREBINJE,M,Other,101
2013,Number,TREBINJE,F,Other,168
2013,Number,TRNOVO,Both sexes,Other,8
2013,Number,TRNOVO,M,Other,5
2013,Number,TRNOVO,F,Other,3
2013,Number,UGLJEVIK,Both sexes,Other,36
2013,Number,UGLJEVIK,M,Other,15
2013,Number,UGLJEVIK,F,Other,21
2013,Number,FOCA,Both sexes,Other,63
2013,Number,FOCA,M,Other,35
2013,Number,FOCA,F,Other,28
2013,Number,HAN PIJESAK,Both sexes,Other,7
2013,Number,HAN PIJESAK,M,Other,6
2013,Number,HAN PIJESAK,F,Other,1
2013,Number,CAJNICE,Both sexes,Other,12
2013,Number,CAJNICE,M,Other,6
2013,Number,CAJNICE,F,Other,6
2013,Number,CELINAC,Both sexes,Other,74
2013,Number,CELINAC,M,Other,26
2013,Number,CELINAC,F,Other,48
2013,Number,SAMAC,Both sexes,Other,277
2013,Number,SAMAC,M,Other,116
2013,Number,SAMAC,F,Other,161
2013,Number,SEKOVICI,Both sexes,Other,11
2013,Number,SEKOVICI,M,Other,4
2013,Number,SEKOVICI,F,Other,7
2013,Number,SIPOVO,Both sexes,Other,26
2013,Number,SIPOVO,M,Other,17
2013,Number,SIPOVO,F,Other,9
2013,Number,REPUBLIKA SRPSKA,Both sexes,Unknown,2502
2013,Number,REPUBLIKA SRPSKA,M,Unknown,1156
2013,Number,REPUBLIKA SRPSKA,F,Unknown,1346
2013,Number,BANJA LUKA,Both sexes,Unknown,411
2013,Number,BANJA LUKA,M,Unknown,189
2013,Number,BANJA LUKA,F,Unknown,222
2013,Number,BERKOVICI,Both sexes,Unknown,2
2013,Number,BERKOVICI,F,Unknown,2
2013,Number,BIJELJINA,Both sexes,Unknown,124
2013,Number,BIJELJINA,M,Unknown,51
2013,Number,BIJELJINA,F,Unknown,73
2013,Number,BILECA,Both sexes,Unknown,14
2013,Number,BILECA,M,Unknown,7
2013,Number,BILECA,F,Unknown,7
2013,Number,BRATUNAC,Both sexes,Unknown,46
2013,Number,BRATUNAC,M,Unknown,21
2013,Number,BRATUNAC,F,Unknown,25
2013,Number,BROD,Both sexes,Unknown,44
2013,Number,BROD,M,Unknown,20
2013,Number,BROD,F,Unknown,24
2013,Number,VISEGRAD,Both sexes,Unknown,178
2013,Number,VISEGRAD,M,Unknown,2
2013,Number,VISEGRAD,F,Unknown,176
2013,Number,VLASENICA,Both sexes,Unknown,29
2013,Number,VLASENICA,M,Unknown,14
2013,Number,VLASENICA,F,Unknown,15
2013,Number,VUKOSAVLJE,Both sexes,Unknown,15
2013,Number,VUKOSAVLJE,M,Unknown,2
2013,Number,VUKOSAVLJE,F,Unknown,13
2013,Number,GACKO,Both sexes,Unknown,10
2013,Number,GACKO,M,Unknown,2
2013,Number,GACKO,F,Unknown,8
2013,Number,GRADISKA,Both sexes,Unknown,85
2013,Number,GRADISKA,M,Unknown,39
2013,Number,GRADISKA,F,Unknown,46
2013,Number,DERVENTA,Both sexes,Unknown,74
2013,Number,DERVENTA,M,Unknown,33
2013,Number,DERVENTA,F,Unknown,41
2013,Number,DOBOJ,Both sexes,Unknown,178
2013,Number,DOBOJ,M,Unknown,70
2013,Number,DOBOJ,F,Unknown,108
2013,Number,DONJI ZABAR,Both sexes,Unknown,6
2013,Number,DONJI ZABAR,M,Unknown,4
2013,Number,DONJI ZABAR,F,Unknown,2
2013,Number,ZVORNIK,Both sexes,Unknown,119
2013,Number,ZVORNIK,M,Unknown,52
2013,Number,ZVORNIK,F,Unknown,67
2013,Number,ISTOCNA ILIDZA,Both sexes,Unknown,13
2013,Number,ISTOCNA ILIDZA,M,Unknown,7
2013,Number,ISTOCNA ILIDZA,F,Unknown,6
2013,Number,ISTOCNI MOSTAR,Both sexes,Unknown,3
2013,Number,ISTOCNI MOSTAR,M,Unknown,1
2013,Number,ISTOCNI MOSTAR,F,Unknown,2
2013,Number,ISTOCNI STARI GRAD,Both sexes,Unknown,2
2013,Number,ISTOCNI STARI GRAD,M,Unknown,2
2013,Number,ISTOCNO NOVO SARAJEVO,Both sexes,Unknown,9
2013,Number,ISTOCNO NOVO SARAJEVO,M,Unknown,2
2013,Number,ISTOCNO NOVO SARAJEVO,F,Unknown,7
2013,Number,JEZERO,Both sexes,Unknown,1
2013,Number,JEZERO,M,Unknown,1
2013,Number,KALINOVIK,Both sexes,Unknown,4
2013,Number,KALINOVIK,M,Unknown,2
2013,Number,KALINOVIK,F,Unknown,2
2013,Number,KNEZEVO,Both sexes,Unknown,8
2013,Number,KNEZEVO,M,Unknown,4
2013,Number,KNEZEVO,F,Unknown,4
2013,Number,KOZARSKA DUBICA,Both sexes,Unknown,23
2013,Number,KOZARSKA DUBICA,M,Unknown,10
2013,Number,KOZARSKA DUBICA,F,Unknown,13
2013,Number,KOSTAJNICA,Both sexes,Unknown,3
2013,Number,KOSTAJNICA,M,Unknown,1
2013,Number,KOSTAJNICA,F,Unknown,2
2013,Number,KOTOR VAROS,Both sexes,Unknown,23
2013,Number,KOTOR VAROS,M,Unknown,15
2013,Number,KOTOR VAROS,F,Unknown,8
2013,Number,LAKTASI,Both sexes,Unknown,82
2013,Number,LAKTASI,M,Unknown,36
2013,Number,LAKTASI,F,Unknown,46
2013,Number,LOPARE,Both sexes,Unknown,24
2013,Number,LOPARE,M,Unknown,12
2013,Number,LOPARE,F,Unknown,12
2013,Number,LJUBINJE,Both sexes,Unknown,4
2013,Number,LJUBINJE,M,Unknown,2
2013,Number,LJUBINJE,F,Unknown,2
2013,Number,MILICI,Both sexes,Unknown,11
2013,Number,MILICI,M,Unknown,4
2013,Number,MILICI,F,Unknown,7
2013,Number,MODRICA,Both sexes,Unknown,133
2013,Number,MODRICA,M,Unknown,71
2013,Number,MODRICA,F,Unknown,62
2013,Number,MRKONJIC GRAD,Both sexes,Unknown,16
2013,Number,MRKONJIC GRAD,M,Unknown,7
2013,Number,MRKONJIC GRAD,F,Unknown,9
2013,Number,NEVESINJE,Both sexes,Unknown,17
2013,Number,NEVESINJE,M,Unknown,5
2013,Number,NEVESINJE,F,Unknown,12
2013,Number,NOVI GRAD,Both sexes,Unknown,36
2013,Number,NOVI GRAD,M,Unknown,20
2013,Number,NOVI GRAD,F,Unknown,16
2013,Number,NOVO GORAZDE,Both sexes,Unknown,8
2013,Number,NOVO GORAZDE,M,Unknown,3
2013,Number,NOVO GORAZDE,F,Unknown,5
2013,Number,OSMACI,Both sexes,Unknown,5
2013,Number,OSMACI,M,Unknown,2
2013,Number,OSMACI,F,Unknown,3
2013,Number,OSTRA LUKA,Both sexes,Unknown,2
2013,Number,OSTRA LUKA,M,Unknown,2
2013,Number,PALE,Both sexes,Unknown,11
2013,Number,PALE,M,Unknown,8
2013,Number,PALE,F,Unknown,3
2013,Number,PELAGICEVO,Both sexes,Unknown,5
2013,Number,PELAGICEVO,M,Unknown,1
2013,Number,PELAGICEVO,F,Unknown,4
2013,Number,PETROVO,Both sexes,Unknown,5
2013,Number,PETROVO,M,Unknown,2
2013,Number,PETROVO,F,Unknown,3
2013,Number,PRIJEDOR,Both sexes,Unknown,394
2013,Number,PRIJEDOR,M,Unknown,269
2013,Number,PRIJEDOR,F,Unknown,125
2013,Number,PRNJAVOR,Both sexes,Unknown,50
2013,Number,PRNJAVOR,M,Unknown,20
2013,Number,PRNJAVOR,F,Unknown,30
2013,Number,RIBNIK,Both sexes,Unknown,3
2013,Number,RIBNIK,M,Unknown,3
2013,Number,ROGATICA,Both sexes,Unknown,5
2013,Number,ROGATICA,M,Unknown,2
2013,Number,ROGATICA,F,Unknown,3
2013,Number,RUDO,Both sexes,Unknown,5
2013,Number,RUDO,M,Unknown,2
2013,Number,RUDO,F,Unknown,3
2013,Number,SOKOLAC,Both sexes,Unknown,21
2013,Number,SOKOLAC,M,Unknown,7
2013,Number,SOKOLAC,F,Unknown,14
2013,Number,SRBAC,Both sexes,Unknown,41
2013,Number,SRBAC,M,Unknown,21
2013,Number,SRBAC,F,Unknown,20
2013,Number,SREBRENICA,Both sexes,Unknown,29
2013,Number,SREBRENICA,M,Unknown,14
2013,Number,SREBRENICA,F,Unknown,15
2013,Number,TESLIC,Both sexes,Unknown,58
2013,Number,TESLIC,M,Unknown,27
2013,Number,TESLIC,F,Unknown,31
2013,Number,TREBINJE,Both sexes,Unknown,21
2013,Number,TREBINJE,M,Unknown,13
2013,Number,TREBINJE,F,Unknown,8
2013,Number,TRNOVO,Both sexes,Unknown,1
2013,Number,TRNOVO,F,Unknown,1
2013,Number,UGLJEVIK,Both sexes,Unknown,16
2013,Number,UGLJEVIK,M,Unknown,13
2013,Number,UGLJEVIK,F,Unknown,3
2013,Number,FOCA,Both sexes,Unknown,17
2013,Number,FOCA,M,Unknown,9
2013,Number,FOCA,F,Unknown,8
2013,Number,CAJNICE,Both sexes,Unknown,5
2013,Number,CAJNICE,M,Unknown,2
2013,Number,CAJNICE,F,Unknown,3
2013,Number,CELINAC,Both sexes,Unknown,15
2013,Number,CELINAC,M,Unknown,7
2013,Number,CELINAC,F,Unknown,8
2013,Number,SAMAC,Both sexes,Unknown,21
2013,Number,SAMAC,M,Unknown,12
2013,Number,SAMAC,F,Unknown,9
2013,Number,SEKOVICI,Both sexes,Unknown,9
2013,Number,SEKOVICI,M,Unknown,3
2013,Number,SEKOVICI,F,Unknown,6
2013,Number,SIPOVO,Both sexes,Unknown,8
2013,Number,SIPOVO,M,Unknown,6
2013,Number,SIPOVO,F,Unknown,2
