Year,UNIT_MEASURE,Administrative area,Sex,Nationality,Value
2013,Number,Republika Srpska,Both sexes,Total,1170342
2013,Number,Republika Srpska,M,Total,571812
2013,Number,Republika Srpska,F,Total,598530
2013,Number,City of Banja Luka,Both sexes,Total,180053
2013,Number,City of Banja Luka,M,Total,86510
2013,Number,City of Banja Luka,F,Total,93543
2013,Number,Berkovici,Both sexes,Total,2041
2013,Number,Berkovici,M,Total,1032
2013,Number,Berkovici,F,Total,1009
2013,Number,City of Bijeljina,Both sexes,Total,103874
2013,Number,City of Bijeljina,M,Total,50760
2013,Number,City of Bijeljina,F,Total,53114
2013,Number,Bileca,Both sexes,Total,10607
2013,Number,Bileca,M,Total,5346
2013,Number,Bileca,F,Total,5261
2013,Number,Bratunac,Both sexes,Total,18651
2013,Number,Bratunac,M,Total,9210
2013,Number,Bratunac,F,Total,9441
2013,Number,Brod,Both sexes,Total,15720
2013,Number,Brod,M,Total,7670
2013,Number,Brod,F,Total,8050
2013,Number,Visegrad,Both sexes,Total,10118
2013,Number,Visegrad,M,Total,4834
2013,Number,Visegrad,F,Total,5284
2013,Number,Vlasenica,Both sexes,Total,10657
2013,Number,Vlasenica,M,Total,5193
2013,Number,Vlasenica,F,Total,5464
2013,Number,Vukosavlje,Both sexes,Total,4363
2013,Number,Vukosavlje,M,Total,2185
2013,Number,Vukosavlje,F,Total,2178
2013,Number,Gacko,Both sexes,Total,8710
2013,Number,Gacko,M,Total,4423
2013,Number,Gacko,F,Total,4287
2013,Number,City of Gradiska,Both sexes,Total,49196
2013,Number,City of Gradiska,M,Total,23944
2013,Number,City of Gradiska,F,Total,25252
2013,Number,City of Derventa,Both sexes,Total,25922
2013,Number,City of Derventa,M,Total,12629
2013,Number,City of Derventa,F,Total,13293
2013,Number,City of Doboj,Both sexes,Total,68514
2013,Number,City of Doboj,M,Total,33222
2013,Number,City of Doboj,F,Total,35292
2013,Number,Donji Zabar,Both sexes,Total,3669
2013,Number,Donji Zabar,M,Total,1853
2013,Number,Donji Zabar,F,Total,1816
2013,Number,City of Zvornik,Both sexes,Total,54407
2013,Number,City of Zvornik,M,Total,26803
2013,Number,City of Zvornik,F,Total,27604
2013,Number,East Ilidza,Both sexes,Total,14437
2013,Number,East Ilidza,M,Total,6905
2013,Number,East Ilidza,F,Total,7532
2013,Number,East Drvar,Both sexes,Total,66
2013,Number,East Drvar,M,Total,44
2013,Number,East Drvar,F,Total,22
2013,Number,East Mostar,Both sexes,Total,244
2013,Number,East Mostar,M,Total,138
2013,Number,East Mostar,F,Total,106
2013,Number,East Stari Grad,Both sexes,Total,1116
2013,Number,East Stari Grad,M,Total,552
2013,Number,East Stari Grad,F,Total,564
2013,Number,East Novo Sarajevo,Both sexes,Total,10401
2013,Number,East Novo Sarajevo,M,Total,4936
2013,Number,East Novo Sarajevo,F,Total,5465
2013,Number,Jezero,Both sexes,Total,1039
2013,Number,Jezero,M,Total,534
2013,Number,Jezero,F,Total,505
2013,Number,Kalinovik,Both sexes,Total,1962
2013,Number,Kalinovik,M,Total,950
2013,Number,Kalinovik,F,Total,1012
2013,Number,Knezevo,Both sexes,Total,9368
2013,Number,Knezevo,M,Total,4632
2013,Number,Knezevo,F,Total,4736
2013,Number,Kozarska Dubica,Both sexes,Total,20681
2013,Number,Kozarska Dubica,M,Total,10094
2013,Number,Kozarska Dubica,F,Total,10587
2013,Number,Kostajnica,Both sexes,Total,5645
2013,Number,Kostajnica,M,Total,2780
2013,Number,Kostajnica,F,Total,2865
2013,Number,Kotor Varos,Both sexes,Total,18361
2013,Number,Kotor Varos,M,Total,9007
2013,Number,Kotor Varos,F,Total,9354
2013,Number,Krupa Na Uni,Both sexes,Total,1560
2013,Number,Krupa Na Uni,M,Total,841
2013,Number,Krupa Na Uni,F,Total,719
2013,Number,Kupres,Both sexes,Total,293
2013,Number,Kupres,M,Total,157
2013,Number,Kupres,F,Total,136
2013,Number,Laktasi,Both sexes,Total,34210
2013,Number,Laktasi,M,Total,16905
2013,Number,Laktasi,F,Total,17305
2013,Number,Lopare,Both sexes,Total,14689
2013,Number,Lopare,M,Total,7377
2013,Number,Lopare,F,Total,7312
2013,Number,Ljubinje,Both sexes,Total,3319
2013,Number,Ljubinje,M,Total,1633
2013,Number,Ljubinje,F,Total,1686
2013,Number,Milici,Both sexes,Total,10445
2013,Number,Milici,M,Total,5252
2013,Number,Milici,F,Total,5193
2013,Number,Modrica,Both sexes,Total,24490
2013,Number,Modrica,M,Total,11969
2013,Number,Modrica,F,Total,12521
2013,Number,Mrkonjic Grad,Both sexes,Total,15926
2013,Number,Mrkonjic Grad,M,Total,7660
2013,Number,Mrkonjic Grad,F,Total,8266
2013,Number,Nevesinje,Both sexes,Total,12542
2013,Number,Nevesinje,M,Total,6236
2013,Number,Nevesinje,F,Total,6306
2013,Number,Novi Grad,Both sexes,Total,25240
2013,Number,Novi Grad,M,Total,12580
2013,Number,Novi Grad,F,Total,12660
2013,Number,Novo Gorazde,Both sexes,Total,2915
2013,Number,Novo Gorazde,M,Total,1500
2013,Number,Novo Gorazde,F,Total,1415
2013,Number,Osmaci,Both sexes,Total,5546
2013,Number,Osmaci,M,Total,2779
2013,Number,Osmaci,F,Total,2767
2013,Number,Ostra Luka,Both sexes,Total,2705
2013,Number,Ostra Luka,M,Total,1386
2013,Number,Ostra Luka,F,Total,1319
2013,Number,Pale,Both sexes,Total,20359
2013,Number,Pale,M,Total,9744
2013,Number,Pale,F,Total,10615
2013,Number,Pelagicevo,Both sexes,Total,4358
2013,Number,Pelagicevo,M,Total,2151
2013,Number,Pelagicevo,F,Total,2207
2013,Number,Petrovac,Both sexes,Total,354
2013,Number,Petrovac,M,Total,169
2013,Number,Petrovac,F,Total,185
2013,Number,Petrovo,Both sexes,Total,6317
2013,Number,Petrovo,M,Total,3043
2013,Number,Petrovo,F,Total,3274
2013,Number,City of Prijedor,Both sexes,Total,80916
2013,Number,City of Prijedor,M,Total,39418
2013,Number,City of Prijedor,F,Total,41498
2013,Number,Prnjavor,Both sexes,Total,34357
2013,Number,Prnjavor,M,Total,16675
2013,Number,Prnjavor,F,Total,17682
2013,Number,Ribnik,Both sexes,Total,5851
2013,Number,Ribnik,M,Total,2900
2013,Number,Ribnik,F,Total,2951
2013,Number,Rogatica,Both sexes,Total,10302
2013,Number,Rogatica,M,Total,5053
2013,Number,Rogatica,F,Total,5249
2013,Number,Rudo,Both sexes,Total,7578
2013,Number,Rudo,M,Total,3840
2013,Number,Rudo,F,Total,3738
2013,Number,Sokolac,Both sexes,Total,11620
2013,Number,Sokolac,M,Total,5723
2013,Number,Sokolac,F,Total,5897
2013,Number,Srbac,Both sexes,Total,16933
2013,Number,Srbac,M,Total,8295
2013,Number,Srbac,F,Total,8638
2013,Number,Srebrenica,Both sexes,Total,11698
2013,Number,Srebrenica,M,Total,5714
2013,Number,Srebrenica,F,Total,5984
2013,Number,Teslic,Both sexes,Total,37236
2013,Number,Teslic,M,Total,17894
2013,Number,Teslic,F,Total,19342
2013,Number,City of Trebinje,Both sexes,Total,28239
2013,Number,City of Trebinje,M,Total,13760
2013,Number,City of Trebinje,F,Total,14479
2013,Number,Trnovo,Both sexes,Total,1983
2013,Number,Trnovo,M,Total,953
2013,Number,Trnovo,F,Total,1030
2013,Number,Ugljevik,Both sexes,Total,15118
2013,Number,Ugljevik,M,Total,7626
2013,Number,Ugljevik,F,Total,7492
2013,Number,Foca,Both sexes,Total,17580
2013,Number,Foca,M,Total,8880
2013,Number,Foca,F,Total,8700
2013,Number,Han Pijesak,Both sexes,Total,3445
2013,Number,Han Pijesak,M,Total,1632
2013,Number,Han Pijesak,F,Total,1813
2013,Number,Cajnice,Both sexes,Total,4679
2013,Number,Cajnice,M,Total,2347
2013,Number,Cajnice,F,Total,2332
2013,Number,Celinac,Both sexes,Total,15117
2013,Number,Celinac,M,Total,7477
2013,Number,Celinac,F,Total,7640
2013,Number,Samac,Both sexes,Total,16308
2013,Number,Samac,M,Total,7908
2013,Number,Samac,F,Total,8400
2013,Number,Sekovici,Both sexes,Total,6323
2013,Number,Sekovici,M,Total,3103
2013,Number,Sekovici,F,Total,3220
2013,Number,Sipovo,Both sexes,Total,9969
2013,Number,Sipovo,M,Total,5046
2013,Number,Sipovo,F,Total,4923
2013,Number,Republika Srpska,Both sexes,Declares as Bosniak nationality,148477
2013,Number,Republika Srpska,M,Declares as Bosniak nationality,72148
2013,Number,Republika Srpska,F,Declares as Bosniak nationality,76329
2013,Number,City of Banja Luka,Both sexes,Declares as Bosniak nationality,6816
2013,Number,City of Banja Luka,M,Declares as Bosniak nationality,3108
2013,Number,City of Banja Luka,F,Declares as Bosniak nationality,3708
2013,Number,Berkovici,Both sexes,Declares as Bosniak nationality,155
2013,Number,Berkovici,M,Declares as Bosniak nationality,87
2013,Number,Berkovici,F,Declares as Bosniak nationality,68
2013,Number,City of Bijeljina,Both sexes,Declares as Bosniak nationality,11680
2013,Number,City of Bijeljina,M,Declares as Bosniak nationality,5733
2013,Number,City of Bijeljina,F,Declares as Bosniak nationality,5947
2013,Number,Bileca,Both sexes,Declares as Bosniak nationality,26
2013,Number,Bileca,M,Declares as Bosniak nationality,16
2013,Number,Bileca,F,Declares as Bosniak nationality,10
2013,Number,Bratunac,Both sexes,Declares as Bosniak nationality,6588
2013,Number,Bratunac,M,Declares as Bosniak nationality,3218
2013,Number,Bratunac,F,Declares as Bosniak nationality,3370
2013,Number,Brod,Both sexes,Declares as Bosniak nationality,1312
2013,Number,Brod,M,Declares as Bosniak nationality,640
2013,Number,Brod,F,Declares as Bosniak nationality,672
2013,Number,Visegrad,Both sexes,Declares as Bosniak nationality,895
2013,Number,Visegrad,M,Declares as Bosniak nationality,454
2013,Number,Visegrad,F,Declares as Bosniak nationality,441
2013,Number,Vlasenica,Both sexes,Declares as Bosniak nationality,3360
2013,Number,Vlasenica,M,Declares as Bosniak nationality,1646
2013,Number,Vlasenica,F,Declares as Bosniak nationality,1714
2013,Number,Vukosavlje,Both sexes,Declares as Bosniak nationality,2025
2013,Number,Vukosavlje,M,Declares as Bosniak nationality,1034
2013,Number,Vukosavlje,F,Declares as Bosniak nationality,991
2013,Number,Gacko,Both sexes,Declares as Bosniak nationality,332
2013,Number,Gacko,M,Declares as Bosniak nationality,179
2013,Number,Gacko,F,Declares as Bosniak nationality,153
2013,Number,City of Gradiska,Both sexes,Declares as Bosniak nationality,6266
2013,Number,City of Gradiska,M,Declares as Bosniak nationality,3047
2013,Number,City of Gradiska,F,Declares as Bosniak nationality,3219
2013,Number,City of Derventa,Both sexes,Declares as Bosniak nationality,1686
2013,Number,City of Derventa,M,Declares as Bosniak nationality,812
2013,Number,City of Derventa,F,Declares as Bosniak nationality,874
2013,Number,City of Doboj,Both sexes,Declares as Bosniak nationality,14417
2013,Number,City of Doboj,M,Declares as Bosniak nationality,6904
2013,Number,City of Doboj,F,Declares as Bosniak nationality,7513
2013,Number,Donji Zabar,Both sexes,Declares as Bosniak nationality,4
2013,Number,Donji Zabar,M,Declares as Bosniak nationality,0
2013,Number,Donji Zabar,F,Declares as Bosniak nationality,4
2013,Number,City of Zvornik,Both sexes,Declares as Bosniak nationality,16775
2013,Number,City of Zvornik,M,Declares as Bosniak nationality,8206
2013,Number,City of Zvornik,F,Declares as Bosniak nationality,8569
2013,Number,East Ilidza,Both sexes,Declares as Bosniak nationality,632
2013,Number,East Ilidza,M,Declares as Bosniak nationality,293
2013,Number,East Ilidza,F,Declares as Bosniak nationality,339
2013,Number,East Drvar,Both sexes,Declares as Bosniak nationality,0
2013,Number,East Drvar,M,Declares as Bosniak nationality,0
2013,Number,East Drvar,F,Declares as Bosniak nationality,0
2013,Number,East Mostar,Both sexes,Declares as Bosniak nationality,78
2013,Number,East Mostar,M,Declares as Bosniak nationality,45
2013,Number,East Mostar,F,Declares as Bosniak nationality,33
2013,Number,East Stari Grad,Both sexes,Declares as Bosniak nationality,41
2013,Number,East Stari Grad,M,Declares as Bosniak nationality,25
2013,Number,East Stari Grad,F,Declares as Bosniak nationality,16
2013,Number,East Novo Sarajevo,Both sexes,Declares as Bosniak nationality,44
2013,Number,East Novo Sarajevo,M,Declares as Bosniak nationality,14
2013,Number,East Novo Sarajevo,F,Declares as Bosniak nationality,30
2013,Number,Jezero,Both sexes,Declares as Bosniak nationality,251
2013,Number,Jezero,M,Declares as Bosniak nationality,118
2013,Number,Jezero,F,Declares as Bosniak nationality,133
2013,Number,Kalinovik,Both sexes,Declares as Bosniak nationality,43
2013,Number,Kalinovik,M,Declares as Bosniak nationality,19
2013,Number,Kalinovik,F,Declares as Bosniak nationality,24
2013,Number,Knezevo,Both sexes,Declares as Bosniak nationality,413
2013,Number,Knezevo,M,Declares as Bosniak nationality,186
2013,Number,Knezevo,F,Declares as Bosniak nationality,227
2013,Number,Kozarska Dubica,Both sexes,Declares as Bosniak nationality,1883
2013,Number,Kozarska Dubica,M,Declares as Bosniak nationality,906
2013,Number,Kozarska Dubica,F,Declares as Bosniak nationality,977
2013,Number,Kostajnica,Both sexes,Declares as Bosniak nationality,1276
2013,Number,Kostajnica,M,Declares as Bosniak nationality,626
2013,Number,Kostajnica,F,Declares as Bosniak nationality,650
2013,Number,Kotor Varos,Both sexes,Declares as Bosniak nationality,4516
2013,Number,Kotor Varos,M,Declares as Bosniak nationality,2173
2013,Number,Kotor Varos,F,Declares as Bosniak nationality,2343
2013,Number,Krupa Na Uni,Both sexes,Declares as Bosniak nationality,3
2013,Number,Krupa Na Uni,M,Declares as Bosniak nationality,1
2013,Number,Krupa Na Uni,F,Declares as Bosniak nationality,2
2013,Number,Kupres,Both sexes,Declares as Bosniak nationality,0
2013,Number,Kupres,M,Declares as Bosniak nationality,0
2013,Number,Kupres,F,Declares as Bosniak nationality,0
2013,Number,Laktasi,Both sexes,Declares as Bosniak nationality,104
2013,Number,Laktasi,M,Declares as Bosniak nationality,47
2013,Number,Laktasi,F,Declares as Bosniak nationality,57
2013,Number,Lopare,Both sexes,Declares as Bosniak nationality,1310
2013,Number,Lopare,M,Declares as Bosniak nationality,646
2013,Number,Lopare,F,Declares as Bosniak nationality,664
2013,Number,Ljubinje,Both sexes,Declares as Bosniak nationality,9
2013,Number,Ljubinje,M,Declares as Bosniak nationality,5
2013,Number,Ljubinje,F,Declares as Bosniak nationality,4
2013,Number,Milici,Both sexes,Declares as Bosniak nationality,3532
2013,Number,Milici,M,Declares as Bosniak nationality,1746
2013,Number,Milici,F,Declares as Bosniak nationality,1786
2013,Number,Modrica,Both sexes,Declares as Bosniak nationality,2880
2013,Number,Modrica,M,Declares as Bosniak nationality,1364
2013,Number,Modrica,F,Declares as Bosniak nationality,1516
2013,Number,Mrkonjic Grad,Both sexes,Declares as Bosniak nationality,354
2013,Number,Mrkonjic Grad,M,Declares as Bosniak nationality,170
2013,Number,Mrkonjic Grad,F,Declares as Bosniak nationality,184
2013,Number,Nevesinje,Both sexes,Declares as Bosniak nationality,508
2013,Number,Nevesinje,M,Declares as Bosniak nationality,261
2013,Number,Nevesinje,F,Declares as Bosniak nationality,247
2013,Number,Novi Grad,Both sexes,Declares as Bosniak nationality,5214
2013,Number,Novi Grad,M,Declares as Bosniak nationality,2606
2013,Number,Novi Grad,F,Declares as Bosniak nationality,2608
2013,Number,Novo Gorazde,Both sexes,Declares as Bosniak nationality,1317
2013,Number,Novo Gorazde,M,Declares as Bosniak nationality,662
2013,Number,Novo Gorazde,F,Declares as Bosniak nationality,655
2013,Number,Osmaci,Both sexes,Declares as Bosniak nationality,2673
2013,Number,Osmaci,M,Declares as Bosniak nationality,1321
2013,Number,Osmaci,F,Declares as Bosniak nationality,1352
2013,Number,Ostra Luka,Both sexes,Declares as Bosniak nationality,23
2013,Number,Ostra Luka,M,Declares as Bosniak nationality,7
2013,Number,Ostra Luka,F,Declares as Bosniak nationality,16
2013,Number,Pale,Both sexes,Declares as Bosniak nationality,165
2013,Number,Pale,M,Declares as Bosniak nationality,86
2013,Number,Pale,F,Declares as Bosniak nationality,79
2013,Number,Pelagicevo,Both sexes,Declares as Bosniak nationality,13
2013,Number,Pelagicevo,M,Declares as Bosniak nationality,2
2013,Number,Pelagicevo,F,Declares as Bosniak nationality,11
2013,Number,Petrovac,Both sexes,Declares as Bosniak nationality,0
2013,Number,Petrovac,M,Declares as Bosniak nationality,0
2013,Number,Petrovac,F,Declares as Bosniak nationality,0
2013,Number,Petrovo,Both sexes,Declares as Bosniak nationality,6
2013,Number,Petrovo,M,Declares as Bosniak nationality,2
2013,Number,Petrovo,F,Declares as Bosniak nationality,4
2013,Number,City of Prijedor,Both sexes,Declares as Bosniak nationality,22303
2013,Number,City of Prijedor,M,Declares as Bosniak nationality,10669
2013,Number,City of Prijedor,F,Declares as Bosniak nationality,11634
2013,Number,Prnjavor,Both sexes,Declares as Bosniak nationality,2749
2013,Number,Prnjavor,M,Declares as Bosniak nationality,1329
2013,Number,Prnjavor,F,Declares as Bosniak nationality,1420
2013,Number,Ribnik,Both sexes,Declares as Bosniak nationality,0
2013,Number,Ribnik,M,Declares as Bosniak nationality,0
2013,Number,Ribnik,F,Declares as Bosniak nationality,0
2013,Number,Rogatica,Both sexes,Declares as Bosniak nationality,1009
2013,Number,Rogatica,M,Declares as Bosniak nationality,520
2013,Number,Rogatica,F,Declares as Bosniak nationality,489
2013,Number,Rudo,Both sexes,Declares as Bosniak nationality,574
2013,Number,Rudo,M,Declares as Bosniak nationality,300
2013,Number,Rudo,F,Declares as Bosniak nationality,274
2013,Number,Sokolac,Both sexes,Declares as Bosniak nationality,629
2013,Number,Sokolac,M,Declares as Bosniak nationality,329
2013,Number,Sokolac,F,Declares as Bosniak nationality,300
2013,Number,Srbac,Both sexes,Declares as Bosniak nationality,394
2013,Number,Srbac,M,Declares as Bosniak nationality,184
2013,Number,Srbac,F,Declares as Bosniak nationality,210
2013,Number,Srebrenica,Both sexes,Declares as Bosniak nationality,6122
2013,Number,Srebrenica,M,Declares as Bosniak nationality,2913
2013,Number,Srebrenica,F,Declares as Bosniak nationality,3209
2013,Number,Teslic,Both sexes,Declares as Bosniak nationality,6887
2013,Number,Teslic,M,Declares as Bosniak nationality,3387
2013,Number,Teslic,F,Declares as Bosniak nationality,3500
2013,Number,City of Trebinje,Both sexes,Declares as Bosniak nationality,863
2013,Number,City of Trebinje,M,Declares as Bosniak nationality,426
2013,Number,City of Trebinje,F,Declares as Bosniak nationality,437
2013,Number,Trnovo,Both sexes,Declares as Bosniak nationality,818
2013,Number,Trnovo,M,Declares as Bosniak nationality,405
2013,Number,Trnovo,F,Declares as Bosniak nationality,413
2013,Number,Ugljevik,Both sexes,Declares as Bosniak nationality,1999
2013,Number,Ugljevik,M,Declares as Bosniak nationality,974
2013,Number,Ugljevik,F,Declares as Bosniak nationality,1025
2013,Number,Foca,Both sexes,Declares as Bosniak nationality,1169
2013,Number,Foca,M,Declares as Bosniak nationality,626
2013,Number,Foca,F,Declares as Bosniak nationality,543
2013,Number,Han Pijesak,Both sexes,Declares as Bosniak nationality,420
2013,Number,Han Pijesak,M,Declares as Bosniak nationality,204
2013,Number,Han Pijesak,F,Declares as Bosniak nationality,216
2013,Number,Cajnice,Both sexes,Declares as Bosniak nationality,835
2013,Number,Cajnice,M,Declares as Bosniak nationality,439
2013,Number,Cajnice,F,Declares as Bosniak nationality,396
2013,Number,Celinac,Both sexes,Declares as Bosniak nationality,395
2013,Number,Celinac,M,Declares as Bosniak nationality,197
2013,Number,Celinac,F,Declares as Bosniak nationality,198
2013,Number,Samac,Both sexes,Declares as Bosniak nationality,1005
2013,Number,Samac,M,Declares as Bosniak nationality,486
2013,Number,Samac,F,Declares as Bosniak nationality,519
2013,Number,Sekovici,Both sexes,Declares as Bosniak nationality,103
2013,Number,Sekovici,M,Declares as Bosniak nationality,51
2013,Number,Sekovici,F,Declares as Bosniak nationality,52
2013,Number,Sipovo,Both sexes,Declares as Bosniak nationality,578
2013,Number,Sipovo,M,Declares as Bosniak nationality,294
2013,Number,Sipovo,F,Declares as Bosniak nationality,284
2013,Number,Republika Srpska,Both sexes,Declares as Croat nationality,26509
2013,Number,Republika Srpska,M,Declares as Croat nationality,11005
2013,Number,Republika Srpska,F,Declares as Croat nationality,15504
2013,Number,City of Banja Luka,Both sexes,Declares as Croat nationality,4887
2013,Number,City of Banja Luka,M,Declares as Croat nationality,1761
2013,Number,City of Banja Luka,F,Declares as Croat nationality,3126
2013,Number,Berkovici,Both sexes,Declares as Croat nationality,11
2013,Number,Berkovici,M,Declares as Croat nationality,1
2013,Number,Berkovici,F,Declares as Croat nationality,10
2013,Number,City of Bijeljina,Both sexes,Declares as Croat nationality,498
2013,Number,City of Bijeljina,M,Declares as Croat nationality,140
2013,Number,City of Bijeljina,F,Declares as Croat nationality,358
2013,Number,Bileca,Both sexes,Declares as Croat nationality,21
2013,Number,Bileca,M,Declares as Croat nationality,2
2013,Number,Bileca,F,Declares as Croat nationality,19
2013,Number,Bratunac,Both sexes,Declares as Croat nationality,30
2013,Number,Bratunac,M,Declares as Croat nationality,5
2013,Number,Bratunac,F,Declares as Croat nationality,25
2013,Number,Brod,Both sexes,Declares as Croat nationality,3021
2013,Number,Brod,M,Declares as Croat nationality,1413
2013,Number,Brod,F,Declares as Croat nationality,1608
2013,Number,Visegrad,Both sexes,Declares as Croat nationality,32
2013,Number,Visegrad,M,Declares as Croat nationality,5
2013,Number,Visegrad,F,Declares as Croat nationality,27
2013,Number,Vlasenica,Both sexes,Declares as Croat nationality,29
2013,Number,Vlasenica,M,Declares as Croat nationality,5
2013,Number,Vlasenica,F,Declares as Croat nationality,24
2013,Number,Vukosavlje,Both sexes,Declares as Croat nationality,698
2013,Number,Vukosavlje,M,Declares as Croat nationality,332
2013,Number,Vukosavlje,F,Declares as Croat nationality,366
2013,Number,Gacko,Both sexes,Declares as Croat nationality,13
2013,Number,Gacko,M,Declares as Croat nationality,5
2013,Number,Gacko,F,Declares as Croat nationality,8
2013,Number,City of Gradiska,Both sexes,Declares as Croat nationality,800
2013,Number,City of Gradiska,M,Declares as Croat nationality,276
2013,Number,City of Gradiska,F,Declares as Croat nationality,524
2013,Number,City of Derventa,Both sexes,Declares as Croat nationality,2181
2013,Number,City of Derventa,M,Declares as Croat nationality,1040
2013,Number,City of Derventa,F,Declares as Croat nationality,1141
2013,Number,City of Doboj,Both sexes,Declares as Croat nationality,1550
2013,Number,City of Doboj,M,Declares as Croat nationality,605
2013,Number,City of Doboj,F,Declares as Croat nationality,945
2013,Number,Donji Zabar,Both sexes,Declares as Croat nationality,991
2013,Number,Donji Zabar,M,Declares as Croat nationality,497
2013,Number,Donji Zabar,F,Declares as Croat nationality,494
2013,Number,City of Zvornik,Both sexes,Declares as Croat nationality,103
2013,Number,City of Zvornik,M,Declares as Croat nationality,17
2013,Number,City of Zvornik,F,Declares as Croat nationality,86
2013,Number,East Ilidza,Both sexes,Declares as Croat nationality,148
2013,Number,East Ilidza,M,Declares as Croat nationality,39
2013,Number,East Ilidza,F,Declares as Croat nationality,109
2013,Number,East Drvar,Both sexes,Declares as Croat nationality,1
2013,Number,East Drvar,M,Declares as Croat nationality,0
2013,Number,East Drvar,F,Declares as Croat nationality,1
2013,Number,East Mostar,Both sexes,Declares as Croat nationality,11
2013,Number,East Mostar,M,Declares as Croat nationality,8
2013,Number,East Mostar,F,Declares as Croat nationality,3
2013,Number,East Stari Grad,Both sexes,Declares as Croat nationality,6
2013,Number,East Stari Grad,M,Declares as Croat nationality,2
2013,Number,East Stari Grad,F,Declares as Croat nationality,4
2013,Number,East Novo Sarajevo,Both sexes,Declares as Croat nationality,102
2013,Number,East Novo Sarajevo,M,Declares as Croat nationality,23
2013,Number,East Novo Sarajevo,F,Declares as Croat nationality,79
2013,Number,Jezero,Both sexes,Declares as Croat nationality,6
2013,Number,Jezero,M,Declares as Croat nationality,4
2013,Number,Jezero,F,Declares as Croat nationality,2
2013,Number,Kalinovik,Both sexes,Declares as Croat nationality,8
2013,Number,Kalinovik,M,Declares as Croat nationality,2
2013,Number,Kalinovik,F,Declares as Croat nationality,6
2013,Number,Knezevo,Both sexes,Declares as Croat nationality,24
2013,Number,Knezevo,M,Declares as Croat nationality,5
2013,Number,Knezevo,F,Declares as Croat nationality,19
2013,Number,Kozarska Dubica,Both sexes,Declares as Croat nationality,261
2013,Number,Kozarska Dubica,M,Declares as Croat nationality,79
2013,Number,Kozarska Dubica,F,Declares as Croat nationality,182
2013,Number,Kostajnica,Both sexes,Declares as Croat nationality,82
2013,Number,Kostajnica,M,Declares as Croat nationality,29
2013,Number,Kostajnica,F,Declares as Croat nationality,53
2013,Number,Kotor Varos,Both sexes,Declares as Croat nationality,852
2013,Number,Kotor Varos,M,Declares as Croat nationality,410
2013,Number,Kotor Varos,F,Declares as Croat nationality,442
2013,Number,Krupa Na Uni,Both sexes,Declares as Croat nationality,2
2013,Number,Krupa Na Uni,M,Declares as Croat nationality,0
2013,Number,Krupa Na Uni,F,Declares as Croat nationality,2
2013,Number,Kupres,Both sexes,Declares as Croat nationality,0
2013,Number,Kupres,M,Declares as Croat nationality,0
2013,Number,Kupres,F,Declares as Croat nationality,0
2013,Number,Laktasi,Both sexes,Declares as Croat nationality,500
2013,Number,Laktasi,M,Declares as Croat nationality,175
2013,Number,Laktasi,F,Declares as Croat nationality,325
2013,Number,Lopare,Both sexes,Declares as Croat nationality,48
2013,Number,Lopare,M,Declares as Croat nationality,9
2013,Number,Lopare,F,Declares as Croat nationality,39
2013,Number,Ljubinje,Both sexes,Declares as Croat nationality,10
2013,Number,Ljubinje,M,Declares as Croat nationality,3
2013,Number,Ljubinje,F,Declares as Croat nationality,7
2013,Number,Milici,Both sexes,Declares as Croat nationality,22
2013,Number,Milici,M,Declares as Croat nationality,7
2013,Number,Milici,F,Declares as Croat nationality,15
2013,Number,Modrica,Both sexes,Declares as Croat nationality,1396
2013,Number,Modrica,M,Declares as Croat nationality,662
2013,Number,Modrica,F,Declares as Croat nationality,734
2013,Number,Mrkonjic Grad,Both sexes,Declares as Croat nationality,148
2013,Number,Mrkonjic Grad,M,Declares as Croat nationality,60
2013,Number,Mrkonjic Grad,F,Declares as Croat nationality,88
2013,Number,Nevesinje,Both sexes,Declares as Croat nationality,27
2013,Number,Nevesinje,M,Declares as Croat nationality,9
2013,Number,Nevesinje,F,Declares as Croat nationality,18
2013,Number,Novi Grad,Both sexes,Declares as Croat nationality,174
2013,Number,Novi Grad,M,Declares as Croat nationality,58
2013,Number,Novi Grad,F,Declares as Croat nationality,116
2013,Number,Novo Gorazde,Both sexes,Declares as Croat nationality,2
2013,Number,Novo Gorazde,M,Declares as Croat nationality,1
2013,Number,Novo Gorazde,F,Declares as Croat nationality,1
2013,Number,Osmaci,Both sexes,Declares as Croat nationality,7
2013,Number,Osmaci,M,Declares as Croat nationality,1
2013,Number,Osmaci,F,Declares as Croat nationality,6
2013,Number,Ostra Luka,Both sexes,Declares as Croat nationality,149
2013,Number,Ostra Luka,M,Declares as Croat nationality,74
2013,Number,Ostra Luka,F,Declares as Croat nationality,75
2013,Number,Pale,Both sexes,Declares as Croat nationality,126
2013,Number,Pale,M,Declares as Croat nationality,37
2013,Number,Pale,F,Declares as Croat nationality,89
2013,Number,Pelagicevo,Both sexes,Declares as Croat nationality,1182
2013,Number,Pelagicevo,M,Declares as Croat nationality,580
2013,Number,Pelagicevo,F,Declares as Croat nationality,602
2013,Number,Petrovac,Both sexes,Declares as Croat nationality,0
2013,Number,Petrovac,M,Declares as Croat nationality,0
2013,Number,Petrovac,F,Declares as Croat nationality,0
2013,Number,Petrovo,Both sexes,Declares as Croat nationality,34
2013,Number,Petrovo,M,Declares as Croat nationality,8
2013,Number,Petrovo,F,Declares as Croat nationality,26
2013,Number,City of Prijedor,Both sexes,Declares as Croat nationality,1666
2013,Number,City of Prijedor,M,Declares as Croat nationality,679
2013,Number,City of Prijedor,F,Declares as Croat nationality,987
2013,Number,Prnjavor,Both sexes,Declares as Croat nationality,423
2013,Number,Prnjavor,M,Declares as Croat nationality,150
2013,Number,Prnjavor,F,Declares as Croat nationality,273
2013,Number,Ribnik,Both sexes,Declares as Croat nationality,11
2013,Number,Ribnik,M,Declares as Croat nationality,4
2013,Number,Ribnik,F,Declares as Croat nationality,7
2013,Number,Rogatica,Both sexes,Declares as Croat nationality,18
2013,Number,Rogatica,M,Declares as Croat nationality,2
2013,Number,Rogatica,F,Declares as Croat nationality,16
2013,Number,Rudo,Both sexes,Declares as Croat nationality,7
2013,Number,Rudo,M,Declares as Croat nationality,6
2013,Number,Rudo,F,Declares as Croat nationality,1
2013,Number,Sokolac,Both sexes,Declares as Croat nationality,28
2013,Number,Sokolac,M,Declares as Croat nationality,8
2013,Number,Sokolac,F,Declares as Croat nationality,20
2013,Number,Srbac,Both sexes,Declares as Croat nationality,128
2013,Number,Srbac,M,Declares as Croat nationality,21
2013,Number,Srbac,F,Declares as Croat nationality,107
2013,Number,Srebrenica,Both sexes,Declares as Croat nationality,14
2013,Number,Srebrenica,M,Declares as Croat nationality,6
2013,Number,Srebrenica,F,Declares as Croat nationality,8
2013,Number,Teslic,Both sexes,Declares as Croat nationality,1346
2013,Number,Teslic,M,Declares as Croat nationality,581
2013,Number,Teslic,F,Declares as Croat nationality,765
2013,Number,City of Trebinje,Both sexes,Declares as Croat nationality,295
2013,Number,City of Trebinje,M,Declares as Croat nationality,99
2013,Number,City of Trebinje,F,Declares as Croat nationality,196
2013,Number,Trnovo,Both sexes,Declares as Croat nationality,15
2013,Number,Trnovo,M,Declares as Croat nationality,3
2013,Number,Trnovo,F,Declares as Croat nationality,12
2013,Number,Ugljevik,Both sexes,Declares as Croat nationality,42
2013,Number,Ugljevik,M,Declares as Croat nationality,8
2013,Number,Ugljevik,F,Declares as Croat nationality,34
2013,Number,Foca,Both sexes,Declares as Croat nationality,52
2013,Number,Foca,M,Declares as Croat nationality,16
2013,Number,Foca,F,Declares as Croat nationality,36
2013,Number,Han Pijesak,Both sexes,Declares as Croat nationality,7
2013,Number,Han Pijesak,M,Declares as Croat nationality,1
2013,Number,Han Pijesak,F,Declares as Croat nationality,6
2013,Number,Cajnice,Both sexes,Declares as Croat nationality,6
2013,Number,Cajnice,M,Declares as Croat nationality,1
2013,Number,Cajnice,F,Declares as Croat nationality,5
2013,Number,Celinac,Both sexes,Declares as Croat nationality,48
2013,Number,Celinac,M,Declares as Croat nationality,11
2013,Number,Celinac,F,Declares as Croat nationality,37
2013,Number,Samac,Both sexes,Declares as Croat nationality,2176
2013,Number,Samac,M,Declares as Croat nationality,1011
2013,Number,Samac,F,Declares as Croat nationality,1165
2013,Number,Sekovici,Both sexes,Declares as Croat nationality,8
2013,Number,Sekovici,M,Declares as Croat nationality,2
2013,Number,Sekovici,F,Declares as Croat nationality,6
2013,Number,Sipovo,Both sexes,Declares as Croat nationality,26
2013,Number,Sipovo,M,Declares as Croat nationality,7
2013,Number,Sipovo,F,Declares as Croat nationality,19
2013,Number,Republika Srpska,Both sexes,Declares as Serb nationality,970857
2013,Number,Republika Srpska,M,Declares as Serb nationality,477334
2013,Number,Republika Srpska,F,Declares as Serb nationality,493523
2013,Number,City of Banja Luka,Both sexes,Declares as Serb nationality,162057
2013,Number,City of Banja Luka,M,Declares as Serb nationality,78827
2013,Number,City of Banja Luka,F,Declares as Serb nationality,83230
2013,Number,Berkovici,Both sexes,Declares as Serb nationality,1873
2013,Number,Berkovici,M,Declares as Serb nationality,943
2013,Number,Berkovici,F,Declares as Serb nationality,930
2013,Number,City of Bijeljina,Both sexes,Declares as Serb nationality,89474
2013,Number,City of Bijeljina,M,Declares as Serb nationality,43861
2013,Number,City of Bijeljina,F,Declares as Serb nationality,45613
2013,Number,Bileca,Both sexes,Declares as Serb nationality,10447
2013,Number,Bileca,M,Declares as Serb nationality,5276
2013,Number,Bileca,F,Declares as Serb nationality,5171
2013,Number,Bratunac,Both sexes,Declares as Serb nationality,11897
2013,Number,Bratunac,M,Declares as Serb nationality,5915
2013,Number,Bratunac,F,Declares as Serb nationality,5982
2013,Number,Brod,Both sexes,Declares as Serb nationality,11065
2013,Number,Brod,M,Declares as Serb nationality,5486
2013,Number,Brod,F,Declares as Serb nationality,5579
2013,Number,Visegrad,Both sexes,Declares as Serb nationality,8942
2013,Number,Visegrad,M,Declares as Serb nationality,4337
2013,Number,Visegrad,F,Declares as Serb nationality,4605
2013,Number,Vlasenica,Both sexes,Declares as Serb nationality,7190
2013,Number,Vlasenica,M,Declares as Serb nationality,3505
2013,Number,Vlasenica,F,Declares as Serb nationality,3685
2013,Number,Vukosavlje,Both sexes,Declares as Serb nationality,1448
2013,Number,Vukosavlje,M,Declares as Serb nationality,720
2013,Number,Vukosavlje,F,Declares as Serb nationality,728
2013,Number,Gacko,Both sexes,Declares as Serb nationality,8316
2013,Number,Gacko,M,Declares as Serb nationality,4211
2013,Number,Gacko,F,Declares as Serb nationality,4105
2013,Number,City of Gradiska,Both sexes,Declares as Serb nationality,40707
2013,Number,City of Gradiska,M,Declares as Serb nationality,19960
2013,Number,City of Gradiska,F,Declares as Serb nationality,20747
2013,Number,City of Derventa,Both sexes,Declares as Serb nationality,21495
2013,Number,City of Derventa,M,Declares as Serb nationality,10524
2013,Number,City of Derventa,F,Declares as Serb nationality,10971
2013,Number,City of Doboj,Both sexes,Declares as Serb nationality,50968
2013,Number,City of Doboj,M,Declares as Serb nationality,24968
2013,Number,City of Doboj,F,Declares as Serb nationality,26000
2013,Number,Donji Zabar,Both sexes,Declares as Serb nationality,2658
2013,Number,Donji Zabar,M,Declares as Serb nationality,1352
2013,Number,Donji Zabar,F,Declares as Serb nationality,1306
2013,Number,City of Zvornik,Both sexes,Declares as Serb nationality,37242
2013,Number,City of Zvornik,M,Declares as Serb nationality,18452
2013,Number,City of Zvornik,F,Declares as Serb nationality,18790
2013,Number,East Ilidza,Both sexes,Declares as Serb nationality,13455
2013,Number,East Ilidza,M,Declares as Serb nationality,6486
2013,Number,East Ilidza,F,Declares as Serb nationality,6969
2013,Number,East Drvar,Both sexes,Declares as Serb nationality,65
2013,Number,East Drvar,M,Declares as Serb nationality,44
2013,Number,East Drvar,F,Declares as Serb nationality,21
2013,Number,East Mostar,Both sexes,Declares as Serb nationality,153
2013,Number,East Mostar,M,Declares as Serb nationality,84
2013,Number,East Mostar,F,Declares as Serb nationality,69
2013,Number,East Stari Grad,Both sexes,Declares as Serb nationality,1059
2013,Number,East Stari Grad,M,Declares as Serb nationality,519
2013,Number,East Stari Grad,F,Declares as Serb nationality,540
2013,Number,East Novo Sarajevo,Both sexes,Declares as Serb nationality,10028
2013,Number,East Novo Sarajevo,M,Declares as Serb nationality,4801
2013,Number,East Novo Sarajevo,F,Declares as Serb nationality,5227
2013,Number,Jezero,Both sexes,Declares as Serb nationality,779
2013,Number,Jezero,M,Declares as Serb nationality,410
2013,Number,Jezero,F,Declares as Serb nationality,369
2013,Number,Kalinovik,Both sexes,Declares as Serb nationality,1895
2013,Number,Kalinovik,M,Declares as Serb nationality,920
2013,Number,Kalinovik,F,Declares as Serb nationality,975
2013,Number,Knezevo,Both sexes,Declares as Serb nationality,8886
2013,Number,Knezevo,M,Declares as Serb nationality,4414
2013,Number,Knezevo,F,Declares as Serb nationality,4472
2013,Number,Kozarska Dubica,Both sexes,Declares as Serb nationality,18144
2013,Number,Kozarska Dubica,M,Declares as Serb nationality,8939
2013,Number,Kozarska Dubica,F,Declares as Serb nationality,9205
2013,Number,Kostajnica,Both sexes,Declares as Serb nationality,4177
2013,Number,Kostajnica,M,Declares as Serb nationality,2077
2013,Number,Kostajnica,F,Declares as Serb nationality,2100
2013,Number,Kotor Varos,Both sexes,Declares as Serb nationality,12730
2013,Number,Kotor Varos,M,Declares as Serb nationality,6305
2013,Number,Kotor Varos,F,Declares as Serb nationality,6425
2013,Number,Krupa Na Uni,Both sexes,Declares as Serb nationality,1555
2013,Number,Krupa Na Uni,M,Declares as Serb nationality,840
2013,Number,Krupa Na Uni,F,Declares as Serb nationality,715
2013,Number,Kupres,Both sexes,Declares as Serb nationality,292
2013,Number,Kupres,M,Declares as Serb nationality,156
2013,Number,Kupres,F,Declares as Serb nationality,136
2013,Number,Laktasi,Both sexes,Declares as Serb nationality,32761
2013,Number,Laktasi,M,Declares as Serb nationality,16275
2013,Number,Laktasi,F,Declares as Serb nationality,16486
2013,Number,Lopare,Both sexes,Declares as Serb nationality,13267
2013,Number,Lopare,M,Declares as Serb nationality,6695
2013,Number,Lopare,F,Declares as Serb nationality,6572
2013,Number,Ljubinje,Both sexes,Declares as Serb nationality,3280
2013,Number,Ljubinje,M,Declares as Serb nationality,1615
2013,Number,Ljubinje,F,Declares as Serb nationality,1665
2013,Number,Milici,Both sexes,Declares as Serb nationality,6857
2013,Number,Milici,M,Declares as Serb nationality,3486
2013,Number,Milici,F,Declares as Serb nationality,3371
2013,Number,Modrica,Both sexes,Declares as Serb nationality,19530
2013,Number,Modrica,M,Declares as Serb nationality,9611
2013,Number,Modrica,F,Declares as Serb nationality,9919
2013,Number,Mrkonjic Grad,Both sexes,Declares as Serb nationality,15340
2013,Number,Mrkonjic Grad,M,Declares as Serb nationality,7388
2013,Number,Mrkonjic Grad,F,Declares as Serb nationality,7952
2013,Number,Nevesinje,Both sexes,Declares as Serb nationality,11964
2013,Number,Nevesinje,M,Declares as Serb nationality,5951
2013,Number,Nevesinje,F,Declares as Serb nationality,6013
2013,Number,Novi Grad,Both sexes,Declares as Serb nationality,19491
2013,Number,Novi Grad,M,Declares as Serb nationality,9747
2013,Number,Novi Grad,F,Declares as Serb nationality,9744
2013,Number,Novo Gorazde,Both sexes,Declares as Serb nationality,1561
2013,Number,Novo Gorazde,M,Declares as Serb nationality,821
2013,Number,Novo Gorazde,F,Declares as Serb nationality,740
2013,Number,Osmaci,Both sexes,Declares as Serb nationality,2852
2013,Number,Osmaci,M,Declares as Serb nationality,1450
2013,Number,Osmaci,F,Declares as Serb nationality,1402
2013,Number,Ostra Luka,Both sexes,Declares as Serb nationality,2510
2013,Number,Ostra Luka,M,Declares as Serb nationality,1296
2013,Number,Ostra Luka,F,Declares as Serb nationality,1214
2013,Number,Pale,Both sexes,Declares as Serb nationality,19932
2013,Number,Pale,M,Declares as Serb nationality,9561
2013,Number,Pale,F,Declares as Serb nationality,10371
2013,Number,Pelagicevo,Both sexes,Declares as Serb nationality,3146
2013,Number,Pelagicevo,M,Declares as Serb nationality,1563
2013,Number,Pelagicevo,F,Declares as Serb nationality,1583
2013,Number,Petrovac,Both sexes,Declares as Serb nationality,351
2013,Number,Petrovac,M,Declares as Serb nationality,168
2013,Number,Petrovac,F,Declares as Serb nationality,183
2013,Number,Petrovo,Both sexes,Declares as Serb nationality,6222
2013,Number,Petrovo,M,Declares as Serb nationality,3002
2013,Number,Petrovo,F,Declares as Serb nationality,3220
2013,Number,City of Prijedor,Both sexes,Declares as Serb nationality,54365
2013,Number,City of Prijedor,M,Declares as Serb nationality,26834
2013,Number,City of Prijedor,F,Declares as Serb nationality,27531
2013,Number,Prnjavor,Both sexes,Declares as Serb nationality,29478
2013,Number,Prnjavor,M,Declares as Serb nationality,14352
2013,Number,Prnjavor,F,Declares as Serb nationality,15126
2013,Number,Ribnik,Both sexes,Declares as Serb nationality,5825
2013,Number,Ribnik,M,Declares as Serb nationality,2891
2013,Number,Ribnik,F,Declares as Serb nationality,2934
2013,Number,Rogatica,Both sexes,Declares as Serb nationality,9217
2013,Number,Rogatica,M,Declares as Serb nationality,4502
2013,Number,Rogatica,F,Declares as Serb nationality,4715
2013,Number,Rudo,Both sexes,Declares as Serb nationality,6963
2013,Number,Rudo,M,Declares as Serb nationality,3517
2013,Number,Rudo,F,Declares as Serb nationality,3446
2013,Number,Sokolac,Both sexes,Declares as Serb nationality,10894
2013,Number,Sokolac,M,Declares as Serb nationality,5357
2013,Number,Sokolac,F,Declares as Serb nationality,5537
2013,Number,Srbac,Both sexes,Declares as Serb nationality,16013
2013,Number,Srbac,M,Declares as Serb nationality,7888
2013,Number,Srbac,F,Declares as Serb nationality,8125
2013,Number,Srebrenica,Both sexes,Declares as Serb nationality,5467
2013,Number,Srebrenica,M,Declares as Serb nationality,2743
2013,Number,Srebrenica,F,Declares as Serb nationality,2724
2013,Number,Teslic,Both sexes,Declares as Serb nationality,28166
2013,Number,Teslic,M,Declares as Serb nationality,13545
2013,Number,Teslic,F,Declares as Serb nationality,14621
2013,Number,City of Trebinje,Both sexes,Declares as Serb nationality,26484
2013,Number,City of Trebinje,M,Declares as Serb nationality,12943
2013,Number,City of Trebinje,F,Declares as Serb nationality,13541
2013,Number,Trnovo,Both sexes,Declares as Serb nationality,1131
2013,Number,Trnovo,M,Declares as Serb nationality,534
2013,Number,Trnovo,F,Declares as Serb nationality,597
2013,Number,Ugljevik,Both sexes,Declares as Serb nationality,13007
2013,Number,Ugljevik,M,Declares as Serb nationality,6606
2013,Number,Ugljevik,F,Declares as Serb nationality,6401
2013,Number,Foca,Both sexes,Declares as Serb nationality,16157
2013,Number,Foca,M,Declares as Serb nationality,8133
2013,Number,Foca,F,Declares as Serb nationality,8024
2013,Number,Han Pijesak,Both sexes,Declares as Serb nationality,2994
2013,Number,Han Pijesak,M,Declares as Serb nationality,1412
2013,Number,Han Pijesak,F,Declares as Serb nationality,1582
2013,Number,Cajnice,Both sexes,Declares as Serb nationality,3806
2013,Number,Cajnice,M,Declares as Serb nationality,1891
2013,Number,Cajnice,F,Declares as Serb nationality,1915
2013,Number,Celinac,Both sexes,Declares as Serb nationality,14508
2013,Number,Celinac,M,Declares as Serb nationality,7194
2013,Number,Celinac,F,Declares as Serb nationality,7314
2013,Number,Samac,Both sexes,Declares as Serb nationality,12832
2013,Number,Samac,M,Declares as Serb nationality,6277
2013,Number,Samac,F,Declares as Serb nationality,6555
2013,Number,Sekovici,Both sexes,Declares as Serb nationality,6187
2013,Number,Sekovici,M,Declares as Serb nationality,3038
2013,Number,Sekovici,F,Declares as Serb nationality,3149
2013,Number,Sipovo,Both sexes,Declares as Serb nationality,9302
2013,Number,Sipovo,M,Declares as Serb nationality,4716
2013,Number,Sipovo,F,Declares as Serb nationality,4586
2013,Number,Republika Srpska,Both sexes,"Religion other than Islam, Catholic Crsitian, Ortodox Cristian",14641
2013,Number,Republika Srpska,M,"Religion other than Islam, Catholic Crsitian, Ortodox Cristian",7207
2013,Number,Republika Srpska,F,"Religion other than Islam, Catholic Crsitian, Ortodox Cristian",7434
2013,Number,City of Banja Luka,Both sexes,"Religion other than Islam, Catholic Crsitian, Ortodox Cristian",3324
2013,Number,City of Banja Luka,M,"Religion other than Islam, Catholic Crsitian, Ortodox Cristian",1617
2013,Number,City of Banja Luka,F,"Religion other than Islam, Catholic Crsitian, Ortodox Cristian",1707
2013,Number,Berkovici,Both sexes,"Religion other than Islam, Catholic Crsitian, Ortodox Cristian",1
2013,Number,Berkovici,M,"Religion other than Islam, Catholic Crsitian, Ortodox Cristian",1
2013,Number,Berkovici,F,"Religion other than Islam, Catholic Crsitian, Ortodox Cristian",0
2013,Number,City of Bijeljina,Both sexes,"Religion other than Islam, Catholic Crsitian, Ortodox Cristian",1478
2013,Number,City of Bijeljina,M,"Religion other than Islam, Catholic Crsitian, Ortodox Cristian",717
2013,Number,City of Bijeljina,F,"Religion other than Islam, Catholic Crsitian, Ortodox Cristian",761
2013,Number,Bileca,Both sexes,"Religion other than Islam, Catholic Crsitian, Ortodox Cristian",72
2013,Number,Bileca,M,"Religion other than Islam, Catholic Crsitian, Ortodox Cristian",38
2013,Number,Bileca,F,"Religion other than Islam, Catholic Crsitian, Ortodox Cristian",34
2013,Number,Bratunac,Both sexes,"Religion other than Islam, Catholic Crsitian, Ortodox Cristian",79
2013,Number,Bratunac,M,"Religion other than Islam, Catholic Crsitian, Ortodox Cristian",45
2013,Number,Bratunac,F,"Religion other than Islam, Catholic Crsitian, Ortodox Cristian",34
2013,Number,Brod,Both sexes,"Religion other than Islam, Catholic Crsitian, Ortodox Cristian",151
2013,Number,Brod,M,"Religion other than Islam, Catholic Crsitian, Ortodox Cristian",69
2013,Number,Brod,F,"Religion other than Islam, Catholic Crsitian, Ortodox Cristian",82
2013,Number,Visegrad,Both sexes,"Religion other than Islam, Catholic Crsitian, Ortodox Cristian",53
2013,Number,Visegrad,M,"Religion other than Islam, Catholic Crsitian, Ortodox Cristian",26
2013,Number,Visegrad,F,"Religion other than Islam, Catholic Crsitian, Ortodox Cristian",27
2013,Number,Vlasenica,Both sexes,"Religion other than Islam, Catholic Crsitian, Ortodox Cristian",29
2013,Number,Vlasenica,M,"Religion other than Islam, Catholic Crsitian, Ortodox Cristian",13
2013,Number,Vlasenica,F,"Religion other than Islam, Catholic Crsitian, Ortodox Cristian",16
2013,Number,Vukosavlje,Both sexes,"Religion other than Islam, Catholic Crsitian, Ortodox Cristian",146
2013,Number,Vukosavlje,M,"Religion other than Islam, Catholic Crsitian, Ortodox Cristian",81
2013,Number,Vukosavlje,F,"Religion other than Islam, Catholic Crsitian, Ortodox Cristian",65
2013,Number,Gacko,Both sexes,"Religion other than Islam, Catholic Crsitian, Ortodox Cristian",40
2013,Number,Gacko,M,"Religion other than Islam, Catholic Crsitian, Ortodox Cristian",27
2013,Number,Gacko,F,"Religion other than Islam, Catholic Crsitian, Ortodox Cristian",13
2013,Number,City of Gradiska,Both sexes,"Religion other than Islam, Catholic Crsitian, Ortodox Cristian",970
2013,Number,City of Gradiska,M,"Religion other than Islam, Catholic Crsitian, Ortodox Cristian",468
2013,Number,City of Gradiska,F,"Religion other than Islam, Catholic Crsitian, Ortodox Cristian",502
2013,Number,City of Derventa,Both sexes,"Religion other than Islam, Catholic Crsitian, Ortodox Cristian",264
2013,Number,City of Derventa,M,"Religion other than Islam, Catholic Crsitian, Ortodox Cristian",116
2013,Number,City of Derventa,F,"Religion other than Islam, Catholic Crsitian, Ortodox Cristian",148
2013,Number,City of Doboj,Both sexes,"Religion other than Islam, Catholic Crsitian, Ortodox Cristian",949
2013,Number,City of Doboj,M,"Religion other than Islam, Catholic Crsitian, Ortodox Cristian",486
2013,Number,City of Doboj,F,"Religion other than Islam, Catholic Crsitian, Ortodox Cristian",463
2013,Number,Donji Zabar,Both sexes,"Religion other than Islam, Catholic Crsitian, Ortodox Cristian",9
2013,Number,Donji Zabar,M,"Religion other than Islam, Catholic Crsitian, Ortodox Cristian",1
2013,Number,Donji Zabar,F,"Religion other than Islam, Catholic Crsitian, Ortodox Cristian",8
2013,Number,City of Zvornik,Both sexes,"Religion other than Islam, Catholic Crsitian, Ortodox Cristian",120
2013,Number,City of Zvornik,M,"Religion other than Islam, Catholic Crsitian, Ortodox Cristian",55
2013,Number,City of Zvornik,F,"Religion other than Islam, Catholic Crsitian, Ortodox Cristian",65
2013,Number,East Ilidza,Both sexes,"Religion other than Islam, Catholic Crsitian, Ortodox Cristian",96
2013,Number,East Ilidza,M,"Religion other than Islam, Catholic Crsitian, Ortodox Cristian",44
2013,Number,East Ilidza,F,"Religion other than Islam, Catholic Crsitian, Ortodox Cristian",52
2013,Number,East Drvar,Both sexes,"Religion other than Islam, Catholic Crsitian, Ortodox Cristian",0
2013,Number,East Drvar,M,"Religion other than Islam, Catholic Crsitian, Ortodox Cristian",0
2013,Number,East Drvar,F,"Religion other than Islam, Catholic Crsitian, Ortodox Cristian",0
2013,Number,East Mostar,Both sexes,"Religion other than Islam, Catholic Crsitian, Ortodox Cristian",0
2013,Number,East Mostar,M,"Religion other than Islam, Catholic Crsitian, Ortodox Cristian",0
2013,Number,East Mostar,F,"Religion other than Islam, Catholic Crsitian, Ortodox Cristian",0
2013,Number,East Stari Grad,Both sexes,"Religion other than Islam, Catholic Crsitian, Ortodox Cristian",7
2013,Number,East Stari Grad,M,"Religion other than Islam, Catholic Crsitian, Ortodox Cristian",5
2013,Number,East Stari Grad,F,"Religion other than Islam, Catholic Crsitian, Ortodox Cristian",2
2013,Number,East Novo Sarajevo,Both sexes,"Religion other than Islam, Catholic Crsitian, Ortodox Cristian",163
2013,Number,East Novo Sarajevo,M,"Religion other than Islam, Catholic Crsitian, Ortodox Cristian",72
2013,Number,East Novo Sarajevo,F,"Religion other than Islam, Catholic Crsitian, Ortodox Cristian",91
2013,Number,Jezero,Both sexes,"Religion other than Islam, Catholic Crsitian, Ortodox Cristian",1
2013,Number,Jezero,M,"Religion other than Islam, Catholic Crsitian, Ortodox Cristian",1
2013,Number,Jezero,F,"Religion other than Islam, Catholic Crsitian, Ortodox Cristian",0
2013,Number,Kalinovik,Both sexes,"Religion other than Islam, Catholic Crsitian, Ortodox Cristian",15
2013,Number,Kalinovik,M,"Religion other than Islam, Catholic Crsitian, Ortodox Cristian",8
2013,Number,Kalinovik,F,"Religion other than Islam, Catholic Crsitian, Ortodox Cristian",7
2013,Number,Knezevo,Both sexes,"Religion other than Islam, Catholic Crsitian, Ortodox Cristian",37
2013,Number,Knezevo,M,"Religion other than Islam, Catholic Crsitian, Ortodox Cristian",21
2013,Number,Knezevo,F,"Religion other than Islam, Catholic Crsitian, Ortodox Cristian",16
2013,Number,Kozarska Dubica,Both sexes,"Religion other than Islam, Catholic Crsitian, Ortodox Cristian",219
2013,Number,Kozarska Dubica,M,"Religion other than Islam, Catholic Crsitian, Ortodox Cristian",102
2013,Number,Kozarska Dubica,F,"Religion other than Islam, Catholic Crsitian, Ortodox Cristian",117
2013,Number,Kostajnica,Both sexes,"Religion other than Islam, Catholic Crsitian, Ortodox Cristian",42
2013,Number,Kostajnica,M,"Religion other than Islam, Catholic Crsitian, Ortodox Cristian",20
2013,Number,Kostajnica,F,"Religion other than Islam, Catholic Crsitian, Ortodox Cristian",22
2013,Number,Kotor Varos,Both sexes,"Religion other than Islam, Catholic Crsitian, Ortodox Cristian",129
2013,Number,Kotor Varos,M,"Religion other than Islam, Catholic Crsitian, Ortodox Cristian",63
2013,Number,Kotor Varos,F,"Religion other than Islam, Catholic Crsitian, Ortodox Cristian",66
2013,Number,Krupa Na Uni,Both sexes,"Religion other than Islam, Catholic Crsitian, Ortodox Cristian",0
2013,Number,Krupa Na Uni,M,"Religion other than Islam, Catholic Crsitian, Ortodox Cristian",0
2013,Number,Krupa Na Uni,F,"Religion other than Islam, Catholic Crsitian, Ortodox Cristian",0
2013,Number,Kupres,Both sexes,"Religion other than Islam, Catholic Crsitian, Ortodox Cristian",0
2013,Number,Kupres,M,"Religion other than Islam, Catholic Crsitian, Ortodox Cristian",0
2013,Number,Kupres,F,"Religion other than Islam, Catholic Crsitian, Ortodox Cristian",0
2013,Number,Laktasi,Both sexes,"Religion other than Islam, Catholic Crsitian, Ortodox Cristian",562
2013,Number,Laktasi,M,"Religion other than Islam, Catholic Crsitian, Ortodox Cristian",285
2013,Number,Laktasi,F,"Religion other than Islam, Catholic Crsitian, Ortodox Cristian",277
2013,Number,Lopare,Both sexes,"Religion other than Islam, Catholic Crsitian, Ortodox Cristian",31
2013,Number,Lopare,M,"Religion other than Islam, Catholic Crsitian, Ortodox Cristian",16
2013,Number,Lopare,F,"Religion other than Islam, Catholic Crsitian, Ortodox Cristian",15
2013,Number,Ljubinje,Both sexes,"Religion other than Islam, Catholic Crsitian, Ortodox Cristian",13
2013,Number,Ljubinje,M,"Religion other than Islam, Catholic Crsitian, Ortodox Cristian",7
2013,Number,Ljubinje,F,"Religion other than Islam, Catholic Crsitian, Ortodox Cristian",6
2013,Number,Milici,Both sexes,"Religion other than Islam, Catholic Crsitian, Ortodox Cristian",19
2013,Number,Milici,M,"Religion other than Islam, Catholic Crsitian, Ortodox Cristian",7
2013,Number,Milici,F,"Religion other than Islam, Catholic Crsitian, Ortodox Cristian",12
2013,Number,Modrica,Both sexes,"Religion other than Islam, Catholic Crsitian, Ortodox Cristian",412
2013,Number,Modrica,M,"Religion other than Islam, Catholic Crsitian, Ortodox Cristian",207
2013,Number,Modrica,F,"Religion other than Islam, Catholic Crsitian, Ortodox Cristian",205
2013,Number,Mrkonjic Grad,Both sexes,"Religion other than Islam, Catholic Crsitian, Ortodox Cristian",37
2013,Number,Mrkonjic Grad,M,"Religion other than Islam, Catholic Crsitian, Ortodox Cristian",17
2013,Number,Mrkonjic Grad,F,"Religion other than Islam, Catholic Crsitian, Ortodox Cristian",20
2013,Number,Nevesinje,Both sexes,"Religion other than Islam, Catholic Crsitian, Ortodox Cristian",18
2013,Number,Nevesinje,M,"Religion other than Islam, Catholic Crsitian, Ortodox Cristian",5
2013,Number,Nevesinje,F,"Religion other than Islam, Catholic Crsitian, Ortodox Cristian",13
2013,Number,Novi Grad,Both sexes,"Religion other than Islam, Catholic Crsitian, Ortodox Cristian",200
2013,Number,Novi Grad,M,"Religion other than Islam, Catholic Crsitian, Ortodox Cristian",100
2013,Number,Novi Grad,F,"Religion other than Islam, Catholic Crsitian, Ortodox Cristian",100
2013,Number,Novo Gorazde,Both sexes,"Religion other than Islam, Catholic Crsitian, Ortodox Cristian",22
2013,Number,Novo Gorazde,M,"Religion other than Islam, Catholic Crsitian, Ortodox Cristian",11
2013,Number,Novo Gorazde,F,"Religion other than Islam, Catholic Crsitian, Ortodox Cristian",11
2013,Number,Osmaci,Both sexes,"Religion other than Islam, Catholic Crsitian, Ortodox Cristian",5
2013,Number,Osmaci,M,"Religion other than Islam, Catholic Crsitian, Ortodox Cristian",2
2013,Number,Osmaci,F,"Religion other than Islam, Catholic Crsitian, Ortodox Cristian",3
2013,Number,Ostra Luka,Both sexes,"Religion other than Islam, Catholic Crsitian, Ortodox Cristian",8
2013,Number,Ostra Luka,M,"Religion other than Islam, Catholic Crsitian, Ortodox Cristian",3
2013,Number,Ostra Luka,F,"Religion other than Islam, Catholic Crsitian, Ortodox Cristian",5
2013,Number,Pale,Both sexes,"Religion other than Islam, Catholic Crsitian, Ortodox Cristian",70
2013,Number,Pale,M,"Religion other than Islam, Catholic Crsitian, Ortodox Cristian",31
2013,Number,Pale,F,"Religion other than Islam, Catholic Crsitian, Ortodox Cristian",39
2013,Number,Pelagicevo,Both sexes,"Religion other than Islam, Catholic Crsitian, Ortodox Cristian",9
2013,Number,Pelagicevo,M,"Religion other than Islam, Catholic Crsitian, Ortodox Cristian",4
2013,Number,Pelagicevo,F,"Religion other than Islam, Catholic Crsitian, Ortodox Cristian",5
2013,Number,Petrovac,Both sexes,"Religion other than Islam, Catholic Crsitian, Ortodox Cristian",3
2013,Number,Petrovac,M,"Religion other than Islam, Catholic Crsitian, Ortodox Cristian",1
2013,Number,Petrovac,F,"Religion other than Islam, Catholic Crsitian, Ortodox Cristian",2
2013,Number,Petrovo,Both sexes,"Religion other than Islam, Catholic Crsitian, Ortodox Cristian",30
2013,Number,Petrovo,M,"Religion other than Islam, Catholic Crsitian, Ortodox Cristian",19
2013,Number,Petrovo,F,"Religion other than Islam, Catholic Crsitian, Ortodox Cristian",11
2013,Number,City of Prijedor,Both sexes,"Religion other than Islam, Catholic Crsitian, Ortodox Cristian",1495
2013,Number,City of Prijedor,M,"Religion other than Islam, Catholic Crsitian, Ortodox Cristian",712
2013,Number,City of Prijedor,F,"Religion other than Islam, Catholic Crsitian, Ortodox Cristian",783
2013,Number,Prnjavor,Both sexes,"Religion other than Islam, Catholic Crsitian, Ortodox Cristian",1452
2013,Number,Prnjavor,M,"Religion other than Islam, Catholic Crsitian, Ortodox Cristian",738
2013,Number,Prnjavor,F,"Religion other than Islam, Catholic Crsitian, Ortodox Cristian",714
2013,Number,Ribnik,Both sexes,"Religion other than Islam, Catholic Crsitian, Ortodox Cristian",11
2013,Number,Ribnik,M,"Religion other than Islam, Catholic Crsitian, Ortodox Cristian",3
2013,Number,Ribnik,F,"Religion other than Islam, Catholic Crsitian, Ortodox Cristian",8
2013,Number,Rogatica,Both sexes,"Religion other than Islam, Catholic Crsitian, Ortodox Cristian",41
2013,Number,Rogatica,M,"Religion other than Islam, Catholic Crsitian, Ortodox Cristian",20
2013,Number,Rogatica,F,"Religion other than Islam, Catholic Crsitian, Ortodox Cristian",21
2013,Number,Rudo,Both sexes,"Religion other than Islam, Catholic Crsitian, Ortodox Cristian",26
2013,Number,Rudo,M,"Religion other than Islam, Catholic Crsitian, Ortodox Cristian",14
2013,Number,Rudo,F,"Religion other than Islam, Catholic Crsitian, Ortodox Cristian",12
2013,Number,Sokolac,Both sexes,"Religion other than Islam, Catholic Crsitian, Ortodox Cristian",38
2013,Number,Sokolac,M,"Religion other than Islam, Catholic Crsitian, Ortodox Cristian",19
2013,Number,Sokolac,F,"Religion other than Islam, Catholic Crsitian, Ortodox Cristian",19
2013,Number,Srbac,Both sexes,"Religion other than Islam, Catholic Crsitian, Ortodox Cristian",280
2013,Number,Srbac,M,"Religion other than Islam, Catholic Crsitian, Ortodox Cristian",146
2013,Number,Srbac,F,"Religion other than Islam, Catholic Crsitian, Ortodox Cristian",134
2013,Number,Srebrenica,Both sexes,"Religion other than Islam, Catholic Crsitian, Ortodox Cristian",59
2013,Number,Srebrenica,M,"Religion other than Islam, Catholic Crsitian, Ortodox Cristian",34
2013,Number,Srebrenica,F,"Religion other than Islam, Catholic Crsitian, Ortodox Cristian",25
2013,Number,Teslic,Both sexes,"Religion other than Islam, Catholic Crsitian, Ortodox Cristian",454
2013,Number,Teslic,M,"Religion other than Islam, Catholic Crsitian, Ortodox Cristian",222
2013,Number,Teslic,F,"Religion other than Islam, Catholic Crsitian, Ortodox Cristian",232
2013,Number,City of Trebinje,Both sexes,"Religion other than Islam, Catholic Crsitian, Ortodox Cristian",398
2013,Number,City of Trebinje,M,"Religion other than Islam, Catholic Crsitian, Ortodox Cristian",204
2013,Number,City of Trebinje,F,"Religion other than Islam, Catholic Crsitian, Ortodox Cristian",194
2013,Number,Trnovo,Both sexes,"Religion other than Islam, Catholic Crsitian, Ortodox Cristian",10
2013,Number,Trnovo,M,"Religion other than Islam, Catholic Crsitian, Ortodox Cristian",7
2013,Number,Trnovo,F,"Religion other than Islam, Catholic Crsitian, Ortodox Cristian",3
2013,Number,Ugljevik,Both sexes,"Religion other than Islam, Catholic Crsitian, Ortodox Cristian",36
2013,Number,Ugljevik,M,"Religion other than Islam, Catholic Crsitian, Ortodox Cristian",17
2013,Number,Ugljevik,F,"Religion other than Islam, Catholic Crsitian, Ortodox Cristian",19
2013,Number,Foca,Both sexes,"Religion other than Islam, Catholic Crsitian, Ortodox Cristian",160
2013,Number,Foca,M,"Religion other than Islam, Catholic Crsitian, Ortodox Cristian",90
2013,Number,Foca,F,"Religion other than Islam, Catholic Crsitian, Ortodox Cristian",70
2013,Number,Han Pijesak,Both sexes,"Religion other than Islam, Catholic Crsitian, Ortodox Cristian",21
2013,Number,Han Pijesak,M,"Religion other than Islam, Catholic Crsitian, Ortodox Cristian",14
2013,Number,Han Pijesak,F,"Religion other than Islam, Catholic Crsitian, Ortodox Cristian",7
2013,Number,Cajnice,Both sexes,"Religion other than Islam, Catholic Crsitian, Ortodox Cristian",24
2013,Number,Cajnice,M,"Religion other than Islam, Catholic Crsitian, Ortodox Cristian",13
2013,Number,Cajnice,F,"Religion other than Islam, Catholic Crsitian, Ortodox Cristian",11
2013,Number,Celinac,Both sexes,"Religion other than Islam, Catholic Crsitian, Ortodox Cristian",122
2013,Number,Celinac,M,"Religion other than Islam, Catholic Crsitian, Ortodox Cristian",55
2013,Number,Celinac,F,"Religion other than Islam, Catholic Crsitian, Ortodox Cristian",67
2013,Number,Samac,Both sexes,"Religion other than Islam, Catholic Crsitian, Ortodox Cristian",135
2013,Number,Samac,M,"Religion other than Islam, Catholic Crsitian, Ortodox Cristian",67
2013,Number,Samac,F,"Religion other than Islam, Catholic Crsitian, Ortodox Cristian",68
2013,Number,Sekovici,Both sexes,"Religion other than Islam, Catholic Crsitian, Ortodox Cristian",12
2013,Number,Sekovici,M,"Religion other than Islam, Catholic Crsitian, Ortodox Cristian",7
2013,Number,Sekovici,F,"Religion other than Islam, Catholic Crsitian, Ortodox Cristian",5
2013,Number,Sipovo,Both sexes,"Religion other than Islam, Catholic Crsitian, Ortodox Cristian",34
2013,Number,Sipovo,M,"Religion other than Islam, Catholic Crsitian, Ortodox Cristian",14
2013,Number,Sipovo,F,"Religion other than Islam, Catholic Crsitian, Ortodox Cristian",20
2013,Number,Republika Srpska,Both sexes,Does not declare about religion,7861
2013,Number,Republika Srpska,M,Does not declare about religion,3202
2013,Number,Republika Srpska,F,Does not declare about religion,4659
2013,Number,City of Banja Luka,Both sexes,Does not declare about religion,2641
2013,Number,City of Banja Luka,M,Does not declare about religion,1044
2013,Number,City of Banja Luka,F,Does not declare about religion,1597
2013,Number,Berkovici,Both sexes,Does not declare about religion,0
2013,Number,Berkovici,M,Does not declare about religion,0
2013,Number,Berkovici,F,Does not declare about religion,0
2013,Number,City of Bijeljina,Both sexes,Does not declare about religion,654
2013,Number,City of Bijeljina,M,Does not declare about religion,272
2013,Number,City of Bijeljina,F,Does not declare about religion,382
2013,Number,Bileca,Both sexes,Does not declare about religion,30
2013,Number,Bileca,M,Does not declare about religion,10
2013,Number,Bileca,F,Does not declare about religion,20
2013,Number,Bratunac,Both sexes,Does not declare about religion,22
2013,Number,Bratunac,M,Does not declare about religion,11
2013,Number,Bratunac,F,Does not declare about religion,11
2013,Number,Brod,Both sexes,Does not declare about religion,142
2013,Number,Brod,M,Does not declare about religion,50
2013,Number,Brod,F,Does not declare about religion,92
2013,Number,Visegrad,Both sexes,Does not declare about religion,19
2013,Number,Visegrad,M,Does not declare about religion,10
2013,Number,Visegrad,F,Does not declare about religion,9
2013,Number,Vlasenica,Both sexes,Does not declare about religion,20
2013,Number,Vlasenica,M,Does not declare about religion,11
2013,Number,Vlasenica,F,Does not declare about religion,9
2013,Number,Vukosavlje,Both sexes,Does not declare about religion,32
2013,Number,Vukosavlje,M,Does not declare about religion,15
2013,Number,Vukosavlje,F,Does not declare about religion,17
2013,Number,Gacko,Both sexes,Does not declare about religion,3
2013,Number,Gacko,M,Does not declare about religion,0
2013,Number,Gacko,F,Does not declare about religion,3
2013,Number,City of Gradiska,Both sexes,Does not declare about religion,411
2013,Number,City of Gradiska,M,Does not declare about religion,174
2013,Number,City of Gradiska,F,Does not declare about religion,237
2013,Number,City of Derventa,Both sexes,Does not declare about religion,242
2013,Number,City of Derventa,M,Does not declare about religion,113
2013,Number,City of Derventa,F,Does not declare about religion,129
2013,Number,City of Doboj,Both sexes,Does not declare about religion,467
2013,Number,City of Doboj,M,Does not declare about religion,198
2013,Number,City of Doboj,F,Does not declare about religion,269
2013,Number,Donji Zabar,Both sexes,Does not declare about religion,5
2013,Number,Donji Zabar,M,Does not declare about religion,2
2013,Number,Donji Zabar,F,Does not declare about religion,3
2013,Number,City of Zvornik,Both sexes,Does not declare about religion,70
2013,Number,City of Zvornik,M,Does not declare about religion,31
2013,Number,City of Zvornik,F,Does not declare about religion,39
2013,Number,East Ilidza,Both sexes,Does not declare about religion,96
2013,Number,East Ilidza,M,Does not declare about religion,38
2013,Number,East Ilidza,F,Does not declare about religion,58
2013,Number,East Drvar,Both sexes,Does not declare about religion,0
2013,Number,East Drvar,M,Does not declare about religion,0
2013,Number,East Drvar,F,Does not declare about religion,0
2013,Number,East Mostar,Both sexes,Does not declare about religion,0
2013,Number,East Mostar,M,Does not declare about religion,0
2013,Number,East Mostar,F,Does not declare about religion,0
2013,Number,East Stari Grad,Both sexes,Does not declare about religion,2
2013,Number,East Stari Grad,M,Does not declare about religion,0
2013,Number,East Stari Grad,F,Does not declare about religion,2
2013,Number,East Novo Sarajevo,Both sexes,Does not declare about religion,61
2013,Number,East Novo Sarajevo,M,Does not declare about religion,26
2013,Number,East Novo Sarajevo,F,Does not declare about religion,35
2013,Number,Jezero,Both sexes,Does not declare about religion,1
2013,Number,Jezero,M,Does not declare about religion,0
2013,Number,Jezero,F,Does not declare about religion,1
2013,Number,Kalinovik,Both sexes,Does not declare about religion,1
2013,Number,Kalinovik,M,Does not declare about religion,1
2013,Number,Kalinovik,F,Does not declare about religion,0
2013,Number,Knezevo,Both sexes,Does not declare about religion,4
2013,Number,Knezevo,M,Does not declare about religion,3
2013,Number,Knezevo,F,Does not declare about religion,1
2013,Number,Kozarska Dubica,Both sexes,Does not declare about religion,162
2013,Number,Kozarska Dubica,M,Does not declare about religion,63
2013,Number,Kozarska Dubica,F,Does not declare about religion,99
2013,Number,Kostajnica,Both sexes,Does not declare about religion,66
2013,Number,Kostajnica,M,Does not declare about religion,28
2013,Number,Kostajnica,F,Does not declare about religion,38
2013,Number,Kotor Varos,Both sexes,Does not declare about religion,115
2013,Number,Kotor Varos,M,Does not declare about religion,42
2013,Number,Kotor Varos,F,Does not declare about religion,73
2013,Number,Krupa Na Uni,Both sexes,Does not declare about religion,0
2013,Number,Krupa Na Uni,M,Does not declare about religion,0
2013,Number,Krupa Na Uni,F,Does not declare about religion,0
2013,Number,Kupres,Both sexes,Does not declare about religion,1
2013,Number,Kupres,M,Does not declare about religion,1
2013,Number,Kupres,F,Does not declare about religion,0
2013,Number,Laktasi,Both sexes,Does not declare about religion,237
2013,Number,Laktasi,M,Does not declare about religion,103
2013,Number,Laktasi,F,Does not declare about religion,134
2013,Number,Lopare,Both sexes,Does not declare about religion,23
2013,Number,Lopare,M,Does not declare about religion,5
2013,Number,Lopare,F,Does not declare about religion,18
2013,Number,Ljubinje,Both sexes,Does not declare about religion,5
2013,Number,Ljubinje,M,Does not declare about religion,2
2013,Number,Ljubinje,F,Does not declare about religion,3
2013,Number,Milici,Both sexes,Does not declare about religion,7
2013,Number,Milici,M,Does not declare about religion,3
2013,Number,Milici,F,Does not declare about religion,4
2013,Number,Modrica,Both sexes,Does not declare about religion,156
2013,Number,Modrica,M,Does not declare about religion,63
2013,Number,Modrica,F,Does not declare about religion,93
2013,Number,Mrkonjic Grad,Both sexes,Does not declare about religion,35
2013,Number,Mrkonjic Grad,M,Does not declare about religion,19
2013,Number,Mrkonjic Grad,F,Does not declare about religion,16
2013,Number,Nevesinje,Both sexes,Does not declare about religion,18
2013,Number,Nevesinje,M,Does not declare about religion,8
2013,Number,Nevesinje,F,Does not declare about religion,10
2013,Number,Novi Grad,Both sexes,Does not declare about religion,137
2013,Number,Novi Grad,M,Does not declare about religion,56
2013,Number,Novi Grad,F,Does not declare about religion,81
2013,Number,Novo Gorazde,Both sexes,Does not declare about religion,6
2013,Number,Novo Gorazde,M,Does not declare about religion,3
2013,Number,Novo Gorazde,F,Does not declare about religion,3
2013,Number,Osmaci,Both sexes,Does not declare about religion,5
2013,Number,Osmaci,M,Does not declare about religion,3
2013,Number,Osmaci,F,Does not declare about religion,2
2013,Number,Ostra Luka,Both sexes,Does not declare about religion,12
2013,Number,Ostra Luka,M,Does not declare about religion,4
2013,Number,Ostra Luka,F,Does not declare about religion,8
2013,Number,Pale,Both sexes,Does not declare about religion,53
2013,Number,Pale,M,Does not declare about religion,20
2013,Number,Pale,F,Does not declare about religion,33
2013,Number,Pelagicevo,Both sexes,Does not declare about religion,3
2013,Number,Pelagicevo,M,Does not declare about religion,1
2013,Number,Pelagicevo,F,Does not declare about religion,2
2013,Number,Petrovac,Both sexes,Does not declare about religion,0
2013,Number,Petrovac,M,Does not declare about religion,0
2013,Number,Petrovac,F,Does not declare about religion,0
2013,Number,Petrovo,Both sexes,Does not declare about religion,21
2013,Number,Petrovo,M,Does not declare about religion,10
2013,Number,Petrovo,F,Does not declare about religion,11
2013,Number,City of Prijedor,Both sexes,Does not declare about religion,718
2013,Number,City of Prijedor,M,Does not declare about religion,267
2013,Number,City of Prijedor,F,Does not declare about religion,451
2013,Number,Prnjavor,Both sexes,Does not declare about religion,225
2013,Number,Prnjavor,M,Does not declare about religion,96
2013,Number,Prnjavor,F,Does not declare about religion,129
2013,Number,Ribnik,Both sexes,Does not declare about religion,2
2013,Number,Ribnik,M,Does not declare about religion,0
2013,Number,Ribnik,F,Does not declare about religion,2
2013,Number,Rogatica,Both sexes,Does not declare about religion,12
2013,Number,Rogatica,M,Does not declare about religion,7
2013,Number,Rogatica,F,Does not declare about religion,5
2013,Number,Rudo,Both sexes,Does not declare about religion,5
2013,Number,Rudo,M,Does not declare about religion,3
2013,Number,Rudo,F,Does not declare about religion,2
2013,Number,Sokolac,Both sexes,Does not declare about religion,13
2013,Number,Sokolac,M,Does not declare about religion,5
2013,Number,Sokolac,F,Does not declare about religion,8
2013,Number,Srbac,Both sexes,Does not declare about religion,89
2013,Number,Srbac,M,Does not declare about religion,45
2013,Number,Srbac,F,Does not declare about religion,44
2013,Number,Srebrenica,Both sexes,Does not declare about religion,22
2013,Number,Srebrenica,M,Does not declare about religion,10
2013,Number,Srebrenica,F,Does not declare about religion,12
2013,Number,Teslic,Both sexes,Does not declare about religion,339
2013,Number,Teslic,M,Does not declare about religion,136
2013,Number,Teslic,F,Does not declare about religion,203
2013,Number,City of Trebinje,Both sexes,Does not declare about religion,180
2013,Number,City of Trebinje,M,Does not declare about religion,77
2013,Number,City of Trebinje,F,Does not declare about religion,103
2013,Number,Trnovo,Both sexes,Does not declare about religion,9
2013,Number,Trnovo,M,Does not declare about religion,4
2013,Number,Trnovo,F,Does not declare about religion,5
2013,Number,Ugljevik,Both sexes,Does not declare about religion,21
2013,Number,Ugljevik,M,Does not declare about religion,10
2013,Number,Ugljevik,F,Does not declare about religion,11
2013,Number,Foca,Both sexes,Does not declare about religion,30
2013,Number,Foca,M,Does not declare about religion,10
2013,Number,Foca,F,Does not declare about religion,20
2013,Number,Han Pijesak,Both sexes,Does not declare about religion,3
2013,Number,Han Pijesak,M,Does not declare about religion,1
2013,Number,Han Pijesak,F,Does not declare about religion,2
2013,Number,Cajnice,Both sexes,Does not declare about religion,3
2013,Number,Cajnice,M,Does not declare about religion,1
2013,Number,Cajnice,F,Does not declare about religion,2
2013,Number,Celinac,Both sexes,Does not declare about religion,35
2013,Number,Celinac,M,Does not declare about religion,16
2013,Number,Celinac,F,Does not declare about religion,19
2013,Number,Samac,Both sexes,Does not declare about religion,141
2013,Number,Samac,M,Does not declare about religion,57
2013,Number,Samac,F,Does not declare about religion,84
2013,Number,Sekovici,Both sexes,Does not declare about religion,5
2013,Number,Sekovici,M,Does not declare about religion,2
2013,Number,Sekovici,F,Does not declare about religion,3
2013,Number,Sipovo,Both sexes,Does not declare about religion,24
2013,Number,Sipovo,M,Does not declare about religion,12
2013,Number,Sipovo,F,Does not declare about religion,12
2013,Number,Republika Srpska,Both sexes,Unknown computer literacy rate,1997
2013,Number,Republika Srpska,M,Unknown computer literacy rate,916
2013,Number,Republika Srpska,F,Unknown computer literacy rate,1081
2013,Number,City of Banja Luka,Both sexes,Unknown computer literacy rate,328
2013,Number,City of Banja Luka,M,Unknown computer literacy rate,153
2013,Number,City of Banja Luka,F,Unknown computer literacy rate,175
2013,Number,Berkovici,Both sexes,Unknown computer literacy rate,1
2013,Number,Berkovici,M,Unknown computer literacy rate,0
2013,Number,Berkovici,F,Unknown computer literacy rate,1
2013,Number,City of Bijeljina,Both sexes,Unknown computer literacy rate,90
2013,Number,City of Bijeljina,M,Unknown computer literacy rate,37
2013,Number,City of Bijeljina,F,Unknown computer literacy rate,53
2013,Number,Bileca,Both sexes,Unknown computer literacy rate,11
2013,Number,Bileca,M,Unknown computer literacy rate,4
2013,Number,Bileca,F,Unknown computer literacy rate,7
2013,Number,Bratunac,Both sexes,Unknown computer literacy rate,35
2013,Number,Bratunac,M,Unknown computer literacy rate,16
2013,Number,Bratunac,F,Unknown computer literacy rate,19
2013,Number,Brod,Both sexes,Unknown computer literacy rate,29
2013,Number,Brod,M,Unknown computer literacy rate,12
2013,Number,Brod,F,Unknown computer literacy rate,17
2013,Number,Visegrad,Both sexes,Unknown computer literacy rate,177
2013,Number,Visegrad,M,Unknown computer literacy rate,2
2013,Number,Visegrad,F,Unknown computer literacy rate,175
2013,Number,Vlasenica,Both sexes,Unknown computer literacy rate,29
2013,Number,Vlasenica,M,Unknown computer literacy rate,13
2013,Number,Vlasenica,F,Unknown computer literacy rate,16
2013,Number,Vukosavlje,Both sexes,Unknown computer literacy rate,14
2013,Number,Vukosavlje,M,Unknown computer literacy rate,3
2013,Number,Vukosavlje,F,Unknown computer literacy rate,11
2013,Number,Gacko,Both sexes,Unknown computer literacy rate,6
2013,Number,Gacko,M,Unknown computer literacy rate,1
2013,Number,Gacko,F,Unknown computer literacy rate,5
2013,Number,City of Gradiska,Both sexes,Unknown computer literacy rate,42
2013,Number,City of Gradiska,M,Unknown computer literacy rate,19
2013,Number,City of Gradiska,F,Unknown computer literacy rate,23
2013,Number,City of Derventa,Both sexes,Unknown computer literacy rate,54
2013,Number,City of Derventa,M,Unknown computer literacy rate,24
2013,Number,City of Derventa,F,Unknown computer literacy rate,30
2013,Number,City of Doboj,Both sexes,Unknown computer literacy rate,163
2013,Number,City of Doboj,M,Unknown computer literacy rate,61
2013,Number,City of Doboj,F,Unknown computer literacy rate,102
2013,Number,Donji Zabar,Both sexes,Unknown computer literacy rate,2
2013,Number,Donji Zabar,M,Unknown computer literacy rate,1
2013,Number,Donji Zabar,F,Unknown computer literacy rate,1
2013,Number,City of Zvornik,Both sexes,Unknown computer literacy rate,97
2013,Number,City of Zvornik,M,Unknown computer literacy rate,42
2013,Number,City of Zvornik,F,Unknown computer literacy rate,55
2013,Number,East Ilidza,Both sexes,Unknown computer literacy rate,10
2013,Number,East Ilidza,M,Unknown computer literacy rate,5
2013,Number,East Ilidza,F,Unknown computer literacy rate,5
2013,Number,East Drvar,Both sexes,Unknown computer literacy rate,0
2013,Number,East Drvar,M,Unknown computer literacy rate,0
2013,Number,East Drvar,F,Unknown computer literacy rate,0
2013,Number,East Mostar,Both sexes,Unknown computer literacy rate,2
2013,Number,East Mostar,M,Unknown computer literacy rate,1
2013,Number,East Mostar,F,Unknown computer literacy rate,1
2013,Number,East Stari Grad,Both sexes,Unknown computer literacy rate,1
2013,Number,East Stari Grad,M,Unknown computer literacy rate,1
2013,Number,East Stari Grad,F,Unknown computer literacy rate,0
2013,Number,East Novo Sarajevo,Both sexes,Unknown computer literacy rate,3
2013,Number,East Novo Sarajevo,M,Unknown computer literacy rate,0
2013,Number,East Novo Sarajevo,F,Unknown computer literacy rate,3
2013,Number,Jezero,Both sexes,Unknown computer literacy rate,1
2013,Number,Jezero,M,Unknown computer literacy rate,1
2013,Number,Jezero,F,Unknown computer literacy rate,0
2013,Number,Kalinovik,Both sexes,Unknown computer literacy rate,0
2013,Number,Kalinovik,M,Unknown computer literacy rate,0
2013,Number,Kalinovik,F,Unknown computer literacy rate,0
2013,Number,Knezevo,Both sexes,Unknown computer literacy rate,4
2013,Number,Knezevo,M,Unknown computer literacy rate,3
2013,Number,Knezevo,F,Unknown computer literacy rate,1
2013,Number,Kozarska Dubica,Both sexes,Unknown computer literacy rate,12
2013,Number,Kozarska Dubica,M,Unknown computer literacy rate,5
2013,Number,Kozarska Dubica,F,Unknown computer literacy rate,7
2013,Number,Kostajnica,Both sexes,Unknown computer literacy rate,2
2013,Number,Kostajnica,M,Unknown computer literacy rate,0
2013,Number,Kostajnica,F,Unknown computer literacy rate,2
2013,Number,Kotor Varos,Both sexes,Unknown computer literacy rate,19
2013,Number,Kotor Varos,M,Unknown computer literacy rate,14
2013,Number,Kotor Varos,F,Unknown computer literacy rate,5
2013,Number,Krupa Na Uni,Both sexes,Unknown computer literacy rate,0
2013,Number,Krupa Na Uni,M,Unknown computer literacy rate,0
2013,Number,Krupa Na Uni,F,Unknown computer literacy rate,0
2013,Number,Kupres,Both sexes,Unknown computer literacy rate,0
2013,Number,Kupres,M,Unknown computer literacy rate,0
2013,Number,Kupres,F,Unknown computer literacy rate,0
2013,Number,Laktasi,Both sexes,Unknown computer literacy rate,46
2013,Number,Laktasi,M,Unknown computer literacy rate,20
2013,Number,Laktasi,F,Unknown computer literacy rate,26
2013,Number,Lopare,Both sexes,Unknown computer literacy rate,10
2013,Number,Lopare,M,Unknown computer literacy rate,6
2013,Number,Lopare,F,Unknown computer literacy rate,4
2013,Number,Ljubinje,Both sexes,Unknown computer literacy rate,2
2013,Number,Ljubinje,M,Unknown computer literacy rate,1
2013,Number,Ljubinje,F,Unknown computer literacy rate,1
2013,Number,Milici,Both sexes,Unknown computer literacy rate,8
2013,Number,Milici,M,Unknown computer literacy rate,3
2013,Number,Milici,F,Unknown computer literacy rate,5
2013,Number,Modrica,Both sexes,Unknown computer literacy rate,116
2013,Number,Modrica,M,Unknown computer literacy rate,62
2013,Number,Modrica,F,Unknown computer literacy rate,54
2013,Number,Mrkonjic Grad,Both sexes,Unknown computer literacy rate,12
2013,Number,Mrkonjic Grad,M,Unknown computer literacy rate,6
2013,Number,Mrkonjic Grad,F,Unknown computer literacy rate,6
2013,Number,Nevesinje,Both sexes,Unknown computer literacy rate,7
2013,Number,Nevesinje,M,Unknown computer literacy rate,2
2013,Number,Nevesinje,F,Unknown computer literacy rate,5
2013,Number,Novi Grad,Both sexes,Unknown computer literacy rate,24
2013,Number,Novi Grad,M,Unknown computer literacy rate,13
2013,Number,Novi Grad,F,Unknown computer literacy rate,11
2013,Number,Novo Gorazde,Both sexes,Unknown computer literacy rate,7
2013,Number,Novo Gorazde,M,Unknown computer literacy rate,2
2013,Number,Novo Gorazde,F,Unknown computer literacy rate,5
2013,Number,Osmaci,Both sexes,Unknown computer literacy rate,4
2013,Number,Osmaci,M,Unknown computer literacy rate,2
2013,Number,Osmaci,F,Unknown computer literacy rate,2
2013,Number,Ostra Luka,Both sexes,Unknown computer literacy rate,3
2013,Number,Ostra Luka,M,Unknown computer literacy rate,2
2013,Number,Ostra Luka,F,Unknown computer literacy rate,1
2013,Number,Pale,Both sexes,Unknown computer literacy rate,13
2013,Number,Pale,M,Unknown computer literacy rate,9
2013,Number,Pale,F,Unknown computer literacy rate,4
2013,Number,Pelagicevo,Both sexes,Unknown computer literacy rate,5
2013,Number,Pelagicevo,M,Unknown computer literacy rate,1
2013,Number,Pelagicevo,F,Unknown computer literacy rate,4
2013,Number,Petrovac,Both sexes,Unknown computer literacy rate,0
2013,Number,Petrovac,M,Unknown computer literacy rate,0
2013,Number,Petrovac,F,Unknown computer literacy rate,0
2013,Number,Petrovo,Both sexes,Unknown computer literacy rate,4
2013,Number,Petrovo,M,Unknown computer literacy rate,2
2013,Number,Petrovo,F,Unknown computer literacy rate,2
2013,Number,City of Prijedor,Both sexes,Unknown computer literacy rate,369
2013,Number,City of Prijedor,M,Unknown computer literacy rate,257
2013,Number,City of Prijedor,F,Unknown computer literacy rate,112
2013,Number,Prnjavor,Both sexes,Unknown computer literacy rate,30
2013,Number,Prnjavor,M,Unknown computer literacy rate,10
2013,Number,Prnjavor,F,Unknown computer literacy rate,20
2013,Number,Ribnik,Both sexes,Unknown computer literacy rate,2
2013,Number,Ribnik,M,Unknown computer literacy rate,2
2013,Number,Ribnik,F,Unknown computer literacy rate,0
2013,Number,Rogatica,Both sexes,Unknown computer literacy rate,5
2013,Number,Rogatica,M,Unknown computer literacy rate,2
2013,Number,Rogatica,F,Unknown computer literacy rate,3
2013,Number,Rudo,Both sexes,Unknown computer literacy rate,3
2013,Number,Rudo,M,Unknown computer literacy rate,0
2013,Number,Rudo,F,Unknown computer literacy rate,3
2013,Number,Sokolac,Both sexes,Unknown computer literacy rate,18
2013,Number,Sokolac,M,Unknown computer literacy rate,5
2013,Number,Sokolac,F,Unknown computer literacy rate,13
2013,Number,Srbac,Both sexes,Unknown computer literacy rate,29
2013,Number,Srbac,M,Unknown computer literacy rate,11
2013,Number,Srbac,F,Unknown computer literacy rate,18
2013,Number,Srebrenica,Both sexes,Unknown computer literacy rate,14
2013,Number,Srebrenica,M,Unknown computer literacy rate,8
2013,Number,Srebrenica,F,Unknown computer literacy rate,6
2013,Number,Teslic,Both sexes,Unknown computer literacy rate,44
2013,Number,Teslic,M,Unknown computer literacy rate,23
2013,Number,Teslic,F,Unknown computer literacy rate,21
2013,Number,City of Trebinje,Both sexes,Unknown computer literacy rate,19
2013,Number,City of Trebinje,M,Unknown computer literacy rate,11
2013,Number,City of Trebinje,F,Unknown computer literacy rate,8
2013,Number,Trnovo,Both sexes,Unknown computer literacy rate,0
2013,Number,Trnovo,M,Unknown computer literacy rate,0
2013,Number,Trnovo,F,Unknown computer literacy rate,0
2013,Number,Ugljevik,Both sexes,Unknown computer literacy rate,13
2013,Number,Ugljevik,M,Unknown computer literacy rate,11
2013,Number,Ugljevik,F,Unknown computer literacy rate,2
2013,Number,Foca,Both sexes,Unknown computer literacy rate,12
2013,Number,Foca,M,Unknown computer literacy rate,5
2013,Number,Foca,F,Unknown computer literacy rate,7
2013,Number,Han Pijesak,Both sexes,Unknown computer literacy rate,0
2013,Number,Han Pijesak,M,Unknown computer literacy rate,0
2013,Number,Han Pijesak,F,Unknown computer literacy rate,0
2013,Number,Cajnice,Both sexes,Unknown computer literacy rate,5
2013,Number,Cajnice,M,Unknown computer literacy rate,2
2013,Number,Cajnice,F,Unknown computer literacy rate,3
2013,Number,Celinac,Both sexes,Unknown computer literacy rate,9
2013,Number,Celinac,M,Unknown computer literacy rate,4
2013,Number,Celinac,F,Unknown computer literacy rate,5
2013,Number,Samac,Both sexes,Unknown computer literacy rate,19
2013,Number,Samac,M,Unknown computer literacy rate,10
2013,Number,Samac,F,Unknown computer literacy rate,9
2013,Number,Sekovici,Both sexes,Unknown computer literacy rate,8
2013,Number,Sekovici,M,Unknown computer literacy rate,3
2013,Number,Sekovici,F,Unknown computer literacy rate,5
2013,Number,Sipovo,Both sexes,Unknown computer literacy rate,5
2013,Number,Sipovo,M,Unknown computer literacy rate,3
2013,Number,Sipovo,F,Unknown computer literacy rate,2
