Year,UNIT_MEASURE,Administrative area,Sex,Mother tongue,Value
2013,Number,Republika Srpska,Both sexes,Total,1170342
2013,Number,Republika Srpska,M,Total,571812
2013,Number,Republika Srpska,F,Total,598530
2013,Number,City of Banja Luka,Both sexes,Total,180053
2013,Number,City of Banja Luka,M,Total,86510
2013,Number,City of Banja Luka,F,Total,93543
2013,Number,Berkovici,Both sexes,Total,2041
2013,Number,Berkovici,M,Total,1032
2013,Number,Berkovici,F,Total,1009
2013,Number,City of Bijeljina,Both sexes,Total,103874
2013,Number,City of Bijeljina,M,Total,50760
2013,Number,City of Bijeljina,F,Total,53114
2013,Number,Bileca,Both sexes,Total,10607
2013,Number,Bileca,M,Total,5346
2013,Number,Bileca,F,Total,5261
2013,Number,Bratunac,Both sexes,Total,18651
2013,Number,Bratunac,M,Total,9210
2013,Number,Bratunac,F,Total,9441
2013,Number,Brod,Both sexes,Total,15720
2013,Number,Brod,M,Total,7670
2013,Number,Brod,F,Total,8050
2013,Number,Visegrad,Both sexes,Total,10118
2013,Number,Visegrad,M,Total,4834
2013,Number,Visegrad,F,Total,5284
2013,Number,Vlasenica,Both sexes,Total,10657
2013,Number,Vlasenica,M,Total,5193
2013,Number,Vlasenica,F,Total,5464
2013,Number,Vukosavlje,Both sexes,Total,4363
2013,Number,Vukosavlje,M,Total,2185
2013,Number,Vukosavlje,F,Total,2178
2013,Number,Gacko,Both sexes,Total,8710
2013,Number,Gacko,M,Total,4423
2013,Number,Gacko,F,Total,4287
2013,Number,City of Gradiska,Both sexes,Total,49196
2013,Number,City of Gradiska,M,Total,23944
2013,Number,City of Gradiska,F,Total,25252
2013,Number,City of Derventa,Both sexes,Total,25922
2013,Number,City of Derventa,M,Total,12629
2013,Number,City of Derventa,F,Total,13293
2013,Number,City of Doboj,Both sexes,Total,68514
2013,Number,City of Doboj,M,Total,33222
2013,Number,City of Doboj,F,Total,35292
2013,Number,Donji Zabar,Both sexes,Total,3669
2013,Number,Donji Zabar,M,Total,1853
2013,Number,Donji Zabar,F,Total,1816
2013,Number,City of Zvornik,Both sexes,Total,54407
2013,Number,City of Zvornik,M,Total,26803
2013,Number,City of Zvornik,F,Total,27604
2013,Number,East Ilidza,Both sexes,Total,14437
2013,Number,East Ilidza,M,Total,6905
2013,Number,East Ilidza,F,Total,7532
2013,Number,East Drvar,Both sexes,Total,66
2013,Number,East Drvar,M,Total,44
2013,Number,East Drvar,F,Total,22
2013,Number,East Mostar,Both sexes,Total,244
2013,Number,East Mostar,M,Total,138
2013,Number,East Mostar,F,Total,106
2013,Number,East Stari Grad,Both sexes,Total,1116
2013,Number,East Stari Grad,M,Total,552
2013,Number,East Stari Grad,F,Total,564
2013,Number,East Novo Sarajevo,Both sexes,Total,10401
2013,Number,East Novo Sarajevo,M,Total,4936
2013,Number,East Novo Sarajevo,F,Total,5465
2013,Number,Jezero,Both sexes,Total,1039
2013,Number,Jezero,M,Total,534
2013,Number,Jezero,F,Total,505
2013,Number,Kalinovik,Both sexes,Total,1962
2013,Number,Kalinovik,M,Total,950
2013,Number,Kalinovik,F,Total,1012
2013,Number,Knezevo,Both sexes,Total,9368
2013,Number,Knezevo,M,Total,4632
2013,Number,Knezevo,F,Total,4736
2013,Number,Kozarska Dubica,Both sexes,Total,20681
2013,Number,Kozarska Dubica,M,Total,10094
2013,Number,Kozarska Dubica,F,Total,10587
2013,Number,Kostajnica,Both sexes,Total,5645
2013,Number,Kostajnica,M,Total,2780
2013,Number,Kostajnica,F,Total,2865
2013,Number,Kotor Varos,Both sexes,Total,18361
2013,Number,Kotor Varos,M,Total,9007
2013,Number,Kotor Varos,F,Total,9354
2013,Number,Krupa Na Uni,Both sexes,Total,1560
2013,Number,Krupa Na Uni,M,Total,841
2013,Number,Krupa Na Uni,F,Total,719
2013,Number,Kupres,Both sexes,Total,293
2013,Number,Kupres,M,Total,157
2013,Number,Kupres,F,Total,136
2013,Number,Laktasi,Both sexes,Total,34210
2013,Number,Laktasi,M,Total,16905
2013,Number,Laktasi,F,Total,17305
2013,Number,Lopare,Both sexes,Total,14689
2013,Number,Lopare,M,Total,7377
2013,Number,Lopare,F,Total,7312
2013,Number,Ljubinje,Both sexes,Total,3319
2013,Number,Ljubinje,M,Total,1633
2013,Number,Ljubinje,F,Total,1686
2013,Number,Milici,Both sexes,Total,10445
2013,Number,Milici,M,Total,5252
2013,Number,Milici,F,Total,5193
2013,Number,Modrica,Both sexes,Total,24490
2013,Number,Modrica,M,Total,11969
2013,Number,Modrica,F,Total,12521
2013,Number,Mrkonjic Grad,Both sexes,Total,15926
2013,Number,Mrkonjic Grad,M,Total,7660
2013,Number,Mrkonjic Grad,F,Total,8266
2013,Number,Nevesinje,Both sexes,Total,12542
2013,Number,Nevesinje,M,Total,6236
2013,Number,Nevesinje,F,Total,6306
2013,Number,Novi Grad,Both sexes,Total,25240
2013,Number,Novi Grad,M,Total,12580
2013,Number,Novi Grad,F,Total,12660
2013,Number,Novo Gorazde,Both sexes,Total,2915
2013,Number,Novo Gorazde,M,Total,1500
2013,Number,Novo Gorazde,F,Total,1415
2013,Number,Osmaci,Both sexes,Total,5546
2013,Number,Osmaci,M,Total,2779
2013,Number,Osmaci,F,Total,2767
2013,Number,Ostra Luka,Both sexes,Total,2705
2013,Number,Ostra Luka,M,Total,1386
2013,Number,Ostra Luka,F,Total,1319
2013,Number,Pale,Both sexes,Total,20359
2013,Number,Pale,M,Total,9744
2013,Number,Pale,F,Total,10615
2013,Number,Pelagicevo,Both sexes,Total,4358
2013,Number,Pelagicevo,M,Total,2151
2013,Number,Pelagicevo,F,Total,2207
2013,Number,Petrovac,Both sexes,Total,354
2013,Number,Petrovac,M,Total,169
2013,Number,Petrovac,F,Total,185
2013,Number,Petrovo,Both sexes,Total,6317
2013,Number,Petrovo,M,Total,3043
2013,Number,Petrovo,F,Total,3274
2013,Number,City of Prijedor,Both sexes,Total,80916
2013,Number,City of Prijedor,M,Total,39418
2013,Number,City of Prijedor,F,Total,41498
2013,Number,Prnjavor,Both sexes,Total,34357
2013,Number,Prnjavor,M,Total,16675
2013,Number,Prnjavor,F,Total,17682
2013,Number,Ribnik,Both sexes,Total,5851
2013,Number,Ribnik,M,Total,2900
2013,Number,Ribnik,F,Total,2951
2013,Number,Rogatica,Both sexes,Total,10302
2013,Number,Rogatica,M,Total,5053
2013,Number,Rogatica,F,Total,5249
2013,Number,Rudo,Both sexes,Total,7578
2013,Number,Rudo,M,Total,3840
2013,Number,Rudo,F,Total,3738
2013,Number,Sokolac,Both sexes,Total,11620
2013,Number,Sokolac,M,Total,5723
2013,Number,Sokolac,F,Total,5897
2013,Number,Srbac,Both sexes,Total,16933
2013,Number,Srbac,M,Total,8295
2013,Number,Srbac,F,Total,8638
2013,Number,Srebrenica,Both sexes,Total,11698
2013,Number,Srebrenica,M,Total,5714
2013,Number,Srebrenica,F,Total,5984
2013,Number,Teslic,Both sexes,Total,37236
2013,Number,Teslic,M,Total,17894
2013,Number,Teslic,F,Total,19342
2013,Number,City of Trebinje,Both sexes,Total,28239
2013,Number,City of Trebinje,M,Total,13760
2013,Number,City of Trebinje,F,Total,14479
2013,Number,Trnovo,Both sexes,Total,1983
2013,Number,Trnovo,M,Total,953
2013,Number,Trnovo,F,Total,1030
2013,Number,Ugljevik,Both sexes,Total,15118
2013,Number,Ugljevik,M,Total,7626
2013,Number,Ugljevik,F,Total,7492
2013,Number,Foca,Both sexes,Total,17580
2013,Number,Foca,M,Total,8880
2013,Number,Foca,F,Total,8700
2013,Number,Han Pijesak,Both sexes,Total,3445
2013,Number,Han Pijesak,M,Total,1632
2013,Number,Han Pijesak,F,Total,1813
2013,Number,Cajnice,Both sexes,Total,4679
2013,Number,Cajnice,M,Total,2347
2013,Number,Cajnice,F,Total,2332
2013,Number,Celinac,Both sexes,Total,15117
2013,Number,Celinac,M,Total,7477
2013,Number,Celinac,F,Total,7640
2013,Number,Samac,Both sexes,Total,16308
2013,Number,Samac,M,Total,7908
2013,Number,Samac,F,Total,8400
2013,Number,Sekovici,Both sexes,Total,6323
2013,Number,Sekovici,M,Total,3103
2013,Number,Sekovici,F,Total,3220
2013,Number,Sipovo,Both sexes,Total,9969
2013,Number,Sipovo,M,Total,5046
2013,Number,Sipovo,F,Total,4923
2013,Number,Republika Srpska,Both sexes,Bosnian,150221
2013,Number,Republika Srpska,M,Bosnian,73026
2013,Number,Republika Srpska,F,Bosnian,77195
2013,Number,City of Banja Luka,Both sexes,Bosnian,6792
2013,Number,City of Banja Luka,M,Bosnian,3152
2013,Number,City of Banja Luka,F,Bosnian,3640
2013,Number,Berkovici,Both sexes,Bosnian,155
2013,Number,Berkovici,M,Bosnian,87
2013,Number,Berkovici,F,Bosnian,68
2013,Number,City of Bijeljina,Both sexes,Bosnian,11651
2013,Number,City of Bijeljina,M,Bosnian,5712
2013,Number,City of Bijeljina,F,Bosnian,5939
2013,Number,Bileca,Both sexes,Bosnian,21
2013,Number,Bileca,M,Bosnian,14
2013,Number,Bileca,F,Bosnian,7
2013,Number,Bratunac,Both sexes,Bosnian,6596
2013,Number,Bratunac,M,Bosnian,3217
2013,Number,Bratunac,F,Bosnian,3379
2013,Number,Brod,Both sexes,Bosnian,1397
2013,Number,Brod,M,Bosnian,680
2013,Number,Brod,F,Bosnian,717
2013,Number,Visegrad,Both sexes,Bosnian,887
2013,Number,Visegrad,M,Bosnian,449
2013,Number,Visegrad,F,Bosnian,438
2013,Number,Vlasenica,Both sexes,Bosnian,3372
2013,Number,Vlasenica,M,Bosnian,1648
2013,Number,Vlasenica,F,Bosnian,1724
2013,Number,Vukosavlje,Both sexes,Bosnian,2098
2013,Number,Vukosavlje,M,Bosnian,1062
2013,Number,Vukosavlje,F,Bosnian,1036
2013,Number,Gacko,Both sexes,Bosnian,331
2013,Number,Gacko,M,Bosnian,178
2013,Number,Gacko,F,Bosnian,153
2013,Number,City of Gradiska,Both sexes,Bosnian,6335
2013,Number,City of Gradiska,M,Bosnian,3083
2013,Number,City of Gradiska,F,Bosnian,3252
2013,Number,City of Derventa,Both sexes,Bosnian,1791
2013,Number,City of Derventa,M,Bosnian,857
2013,Number,City of Derventa,F,Bosnian,934
2013,Number,City of Doboj,Both sexes,Bosnian,14749
2013,Number,City of Doboj,M,Bosnian,7085
2013,Number,City of Doboj,F,Bosnian,7664
2013,Number,Donji Zabar,Both sexes,Bosnian,11
2013,Number,Donji Zabar,M,Bosnian,3
2013,Number,Donji Zabar,F,Bosnian,8
2013,Number,City of Zvornik,Both sexes,Bosnian,16813
2013,Number,City of Zvornik,M,Bosnian,8218
2013,Number,City of Zvornik,F,Bosnian,8595
2013,Number,East Ilidza,Both sexes,Bosnian,691
2013,Number,East Ilidza,M,Bosnian,322
2013,Number,East Ilidza,F,Bosnian,369
2013,Number,East Drvar,Both sexes,Bosnian,0
2013,Number,East Drvar,M,Bosnian,0
2013,Number,East Drvar,F,Bosnian,0
2013,Number,East Mostar,Both sexes,Bosnian,78
2013,Number,East Mostar,M,Bosnian,45
2013,Number,East Mostar,F,Bosnian,33
2013,Number,East Stari Grad,Both sexes,Bosnian,44
2013,Number,East Stari Grad,M,Bosnian,27
2013,Number,East Stari Grad,F,Bosnian,17
2013,Number,East Novo Sarajevo,Both sexes,Bosnian,71
2013,Number,East Novo Sarajevo,M,Bosnian,29
2013,Number,East Novo Sarajevo,F,Bosnian,42
2013,Number,Jezero,Both sexes,Bosnian,252
2013,Number,Jezero,M,Bosnian,118
2013,Number,Jezero,F,Bosnian,134
2013,Number,Kalinovik,Both sexes,Bosnian,37
2013,Number,Kalinovik,M,Bosnian,15
2013,Number,Kalinovik,F,Bosnian,22
2013,Number,Knezevo,Both sexes,Bosnian,404
2013,Number,Knezevo,M,Bosnian,185
2013,Number,Knezevo,F,Bosnian,219
2013,Number,Kozarska Dubica,Both sexes,Bosnian,1922
2013,Number,Kozarska Dubica,M,Bosnian,927
2013,Number,Kozarska Dubica,F,Bosnian,995
2013,Number,Kostajnica,Both sexes,Bosnian,1283
2013,Number,Kostajnica,M,Bosnian,626
2013,Number,Kostajnica,F,Bosnian,657
2013,Number,Kotor Varos,Both sexes,Bosnian,4517
2013,Number,Kotor Varos,M,Bosnian,2173
2013,Number,Kotor Varos,F,Bosnian,2344
2013,Number,Krupa Na Uni,Both sexes,Bosnian,3
2013,Number,Krupa Na Uni,M,Bosnian,1
2013,Number,Krupa Na Uni,F,Bosnian,2
2013,Number,Kupres,Both sexes,Bosnian,0
2013,Number,Kupres,M,Bosnian,0
2013,Number,Kupres,F,Bosnian,0
2013,Number,Laktasi,Both sexes,Bosnian,112
2013,Number,Laktasi,M,Bosnian,58
2013,Number,Laktasi,F,Bosnian,54
2013,Number,Lopare,Both sexes,Bosnian,1315
2013,Number,Lopare,M,Bosnian,648
2013,Number,Lopare,F,Bosnian,667
2013,Number,Ljubinje,Both sexes,Bosnian,10
2013,Number,Ljubinje,M,Bosnian,5
2013,Number,Ljubinje,F,Bosnian,5
2013,Number,Milici,Both sexes,Bosnian,3541
2013,Number,Milici,M,Bosnian,1751
2013,Number,Milici,F,Bosnian,1790
2013,Number,Modrica,Both sexes,Bosnian,3008
2013,Number,Modrica,M,Bosnian,1426
2013,Number,Modrica,F,Bosnian,1582
2013,Number,Mrkonjic Grad,Both sexes,Bosnian,358
2013,Number,Mrkonjic Grad,M,Bosnian,172
2013,Number,Mrkonjic Grad,F,Bosnian,186
2013,Number,Nevesinje,Both sexes,Bosnian,507
2013,Number,Nevesinje,M,Bosnian,261
2013,Number,Nevesinje,F,Bosnian,246
2013,Number,Novi Grad,Both sexes,Bosnian,5260
2013,Number,Novi Grad,M,Bosnian,2630
2013,Number,Novi Grad,F,Bosnian,2630
2013,Number,Novo Gorazde,Both sexes,Bosnian,1338
2013,Number,Novo Gorazde,M,Bosnian,671
2013,Number,Novo Gorazde,F,Bosnian,667
2013,Number,Osmaci,Both sexes,Bosnian,2680
2013,Number,Osmaci,M,Bosnian,1323
2013,Number,Osmaci,F,Bosnian,1357
2013,Number,Ostra Luka,Both sexes,Bosnian,39
2013,Number,Ostra Luka,M,Bosnian,16
2013,Number,Ostra Luka,F,Bosnian,23
2013,Number,Pale,Both sexes,Bosnian,170
2013,Number,Pale,M,Bosnian,89
2013,Number,Pale,F,Bosnian,81
2013,Number,Pelagicevo,Both sexes,Bosnian,24
2013,Number,Pelagicevo,M,Bosnian,6
2013,Number,Pelagicevo,F,Bosnian,18
2013,Number,Petrovac,Both sexes,Bosnian,0
2013,Number,Petrovac,M,Bosnian,0
2013,Number,Petrovac,F,Bosnian,0
2013,Number,Petrovo,Both sexes,Bosnian,7
2013,Number,Petrovo,M,Bosnian,4
2013,Number,Petrovo,F,Bosnian,3
2013,Number,City of Prijedor,Both sexes,Bosnian,22548
2013,Number,City of Prijedor,M,Bosnian,10781
2013,Number,City of Prijedor,F,Bosnian,11767
2013,Number,Prnjavor,Both sexes,Bosnian,2792
2013,Number,Prnjavor,M,Bosnian,1344
2013,Number,Prnjavor,F,Bosnian,1448
2013,Number,Ribnik,Both sexes,Bosnian,3
2013,Number,Ribnik,M,Bosnian,1
2013,Number,Ribnik,F,Bosnian,2
2013,Number,Rogatica,Both sexes,Bosnian,1022
2013,Number,Rogatica,M,Bosnian,525
2013,Number,Rogatica,F,Bosnian,497
2013,Number,Rudo,Both sexes,Bosnian,586
2013,Number,Rudo,M,Bosnian,308
2013,Number,Rudo,F,Bosnian,278
2013,Number,Sokolac,Both sexes,Bosnian,645
2013,Number,Sokolac,M,Bosnian,340
2013,Number,Sokolac,F,Bosnian,305
2013,Number,Srbac,Both sexes,Bosnian,389
2013,Number,Srbac,M,Bosnian,181
2013,Number,Srbac,F,Bosnian,208
2013,Number,Srebrenica,Both sexes,Bosnian,6145
2013,Number,Srebrenica,M,Bosnian,2921
2013,Number,Srebrenica,F,Bosnian,3224
2013,Number,Teslic,Both sexes,Bosnian,7090
2013,Number,Teslic,M,Bosnian,3489
2013,Number,Teslic,F,Bosnian,3601
2013,Number,City of Trebinje,Both sexes,Bosnian,860
2013,Number,City of Trebinje,M,Bosnian,425
2013,Number,City of Trebinje,F,Bosnian,435
2013,Number,Trnovo,Both sexes,Bosnian,820
2013,Number,Trnovo,M,Bosnian,406
2013,Number,Trnovo,F,Bosnian,414
2013,Number,Ugljevik,Both sexes,Bosnian,2000
2013,Number,Ugljevik,M,Bosnian,975
2013,Number,Ugljevik,F,Bosnian,1025
2013,Number,Foca,Both sexes,Bosnian,1182
2013,Number,Foca,M,Bosnian,633
2013,Number,Foca,F,Bosnian,549
2013,Number,Han Pijesak,Both sexes,Bosnian,433
2013,Number,Han Pijesak,M,Bosnian,211
2013,Number,Han Pijesak,F,Bosnian,222
2013,Number,Cajnice,Both sexes,Bosnian,839
2013,Number,Cajnice,M,Bosnian,441
2013,Number,Cajnice,F,Bosnian,398
2013,Number,Celinac,Both sexes,Bosnian,391
2013,Number,Celinac,M,Bosnian,195
2013,Number,Celinac,F,Bosnian,196
2013,Number,Samac,Both sexes,Bosnian,1110
2013,Number,Samac,M,Bosnian,527
2013,Number,Samac,F,Bosnian,583
2013,Number,Sekovici,Both sexes,Bosnian,104
2013,Number,Sekovici,M,Bosnian,52
2013,Number,Sekovici,F,Bosnian,52
2013,Number,Sipovo,Both sexes,Bosnian,592
2013,Number,Sipovo,M,Bosnian,298
2013,Number,Sipovo,F,Bosnian,294
2013,Number,Republika Srpska,Both sexes,Croatian,17315
2013,Number,Republika Srpska,M,Croatian,7870
2013,Number,Republika Srpska,F,Croatian,9445
2013,Number,City of Banja Luka,Both sexes,Croatian,1621
2013,Number,City of Banja Luka,M,Croatian,586
2013,Number,City of Banja Luka,F,Croatian,1035
2013,Number,Berkovici,Both sexes,Croatian,4
2013,Number,Berkovici,M,Croatian,1
2013,Number,Berkovici,F,Croatian,3
2013,Number,City of Bijeljina,Both sexes,Croatian,134
2013,Number,City of Bijeljina,M,Croatian,34
2013,Number,City of Bijeljina,F,Croatian,100
2013,Number,Bileca,Both sexes,Croatian,6
2013,Number,Bileca,M,Croatian,0
2013,Number,Bileca,F,Croatian,6
2013,Number,Bratunac,Both sexes,Croatian,10
2013,Number,Bratunac,M,Croatian,2
2013,Number,Bratunac,F,Croatian,8
2013,Number,Brod,Both sexes,Croatian,2842
2013,Number,Brod,M,Croatian,1369
2013,Number,Brod,F,Croatian,1473
2013,Number,Visegrad,Both sexes,Croatian,6
2013,Number,Visegrad,M,Croatian,0
2013,Number,Visegrad,F,Croatian,6
2013,Number,Vlasenica,Both sexes,Croatian,7
2013,Number,Vlasenica,M,Croatian,2
2013,Number,Vlasenica,F,Croatian,5
2013,Number,Vukosavlje,Both sexes,Croatian,663
2013,Number,Vukosavlje,M,Croatian,326
2013,Number,Vukosavlje,F,Croatian,337
2013,Number,Gacko,Both sexes,Croatian,4
2013,Number,Gacko,M,Croatian,4
2013,Number,Gacko,F,Croatian,0
2013,Number,City of Gradiska,Both sexes,Croatian,358
2013,Number,City of Gradiska,M,Croatian,120
2013,Number,City of Gradiska,F,Croatian,238
2013,Number,City of Derventa,Both sexes,Croatian,1861
2013,Number,City of Derventa,M,Croatian,950
2013,Number,City of Derventa,F,Croatian,911
2013,Number,City of Doboj,Both sexes,Croatian,869
2013,Number,City of Doboj,M,Croatian,378
2013,Number,City of Doboj,F,Croatian,491
2013,Number,Donji Zabar,Both sexes,Croatian,985
2013,Number,Donji Zabar,M,Croatian,497
2013,Number,Donji Zabar,F,Croatian,488
2013,Number,City of Zvornik,Both sexes,Croatian,29
2013,Number,City of Zvornik,M,Croatian,2
2013,Number,City of Zvornik,F,Croatian,27
2013,Number,East Ilidza,Both sexes,Croatian,76
2013,Number,East Ilidza,M,Croatian,24
2013,Number,East Ilidza,F,Croatian,52
2013,Number,East Drvar,Both sexes,Croatian,1
2013,Number,East Drvar,M,Croatian,0
2013,Number,East Drvar,F,Croatian,1
2013,Number,East Mostar,Both sexes,Croatian,11
2013,Number,East Mostar,M,Croatian,8
2013,Number,East Mostar,F,Croatian,3
2013,Number,East Stari Grad,Both sexes,Croatian,1
2013,Number,East Stari Grad,M,Croatian,0
2013,Number,East Stari Grad,F,Croatian,1
2013,Number,East Novo Sarajevo,Both sexes,Croatian,44
2013,Number,East Novo Sarajevo,M,Croatian,14
2013,Number,East Novo Sarajevo,F,Croatian,30
2013,Number,Jezero,Both sexes,Croatian,3
2013,Number,Jezero,M,Croatian,2
2013,Number,Jezero,F,Croatian,1
2013,Number,Kalinovik,Both sexes,Croatian,3
2013,Number,Kalinovik,M,Croatian,1
2013,Number,Kalinovik,F,Croatian,2
2013,Number,Knezevo,Both sexes,Croatian,17
2013,Number,Knezevo,M,Croatian,4
2013,Number,Knezevo,F,Croatian,13
2013,Number,Kozarska Dubica,Both sexes,Croatian,151
2013,Number,Kozarska Dubica,M,Croatian,39
2013,Number,Kozarska Dubica,F,Croatian,112
2013,Number,Kostajnica,Both sexes,Croatian,72
2013,Number,Kostajnica,M,Croatian,24
2013,Number,Kostajnica,F,Croatian,48
2013,Number,Kotor Varos,Both sexes,Croatian,714
2013,Number,Kotor Varos,M,Croatian,357
2013,Number,Kotor Varos,F,Croatian,357
2013,Number,Krupa Na Uni,Both sexes,Croatian,3
2013,Number,Krupa Na Uni,M,Croatian,0
2013,Number,Krupa Na Uni,F,Croatian,3
2013,Number,Kupres,Both sexes,Croatian,0
2013,Number,Kupres,M,Croatian,0
2013,Number,Kupres,F,Croatian,0
2013,Number,Laktasi,Both sexes,Croatian,175
2013,Number,Laktasi,M,Croatian,60
2013,Number,Laktasi,F,Croatian,115
2013,Number,Lopare,Both sexes,Croatian,23
2013,Number,Lopare,M,Croatian,1
2013,Number,Lopare,F,Croatian,22
2013,Number,Ljubinje,Both sexes,Croatian,7
2013,Number,Ljubinje,M,Croatian,2
2013,Number,Ljubinje,F,Croatian,5
2013,Number,Milici,Both sexes,Croatian,4
2013,Number,Milici,M,Croatian,1
2013,Number,Milici,F,Croatian,3
2013,Number,Modrica,Both sexes,Croatian,1246
2013,Number,Modrica,M,Croatian,624
2013,Number,Modrica,F,Croatian,622
2013,Number,Mrkonjic Grad,Both sexes,Croatian,85
2013,Number,Mrkonjic Grad,M,Croatian,37
2013,Number,Mrkonjic Grad,F,Croatian,48
2013,Number,Nevesinje,Both sexes,Croatian,14
2013,Number,Nevesinje,M,Croatian,5
2013,Number,Nevesinje,F,Croatian,9
2013,Number,Novi Grad,Both sexes,Croatian,79
2013,Number,Novi Grad,M,Croatian,17
2013,Number,Novi Grad,F,Croatian,62
2013,Number,Novo Gorazde,Both sexes,Croatian,1
2013,Number,Novo Gorazde,M,Croatian,0
2013,Number,Novo Gorazde,F,Croatian,1
2013,Number,Osmaci,Both sexes,Croatian,3
2013,Number,Osmaci,M,Croatian,1
2013,Number,Osmaci,F,Croatian,2
2013,Number,Ostra Luka,Both sexes,Croatian,92
2013,Number,Ostra Luka,M,Croatian,43
2013,Number,Ostra Luka,F,Croatian,49
2013,Number,Pale,Both sexes,Croatian,31
2013,Number,Pale,M,Croatian,6
2013,Number,Pale,F,Croatian,25
2013,Number,Pelagicevo,Both sexes,Croatian,1159
2013,Number,Pelagicevo,M,Croatian,571
2013,Number,Pelagicevo,F,Croatian,588
2013,Number,Petrovac,Both sexes,Croatian,0
2013,Number,Petrovac,M,Croatian,0
2013,Number,Petrovac,F,Croatian,0
2013,Number,Petrovo,Both sexes,Croatian,12
2013,Number,Petrovo,M,Croatian,2
2013,Number,Petrovo,F,Croatian,10
2013,Number,City of Prijedor,Both sexes,Croatian,639
2013,Number,City of Prijedor,M,Croatian,284
2013,Number,City of Prijedor,F,Croatian,355
2013,Number,Prnjavor,Both sexes,Croatian,171
2013,Number,Prnjavor,M,Croatian,59
2013,Number,Prnjavor,F,Croatian,112
2013,Number,Ribnik,Both sexes,Croatian,2
2013,Number,Ribnik,M,Croatian,0
2013,Number,Ribnik,F,Croatian,2
2013,Number,Rogatica,Both sexes,Croatian,7
2013,Number,Rogatica,M,Croatian,1
2013,Number,Rogatica,F,Croatian,6
2013,Number,Rudo,Both sexes,Croatian,0
2013,Number,Rudo,M,Croatian,0
2013,Number,Rudo,F,Croatian,0
2013,Number,Sokolac,Both sexes,Croatian,8
2013,Number,Sokolac,M,Croatian,1
2013,Number,Sokolac,F,Croatian,7
2013,Number,Srbac,Both sexes,Croatian,54
2013,Number,Srbac,M,Croatian,8
2013,Number,Srbac,F,Croatian,46
2013,Number,Srebrenica,Both sexes,Croatian,6
2013,Number,Srebrenica,M,Croatian,2
2013,Number,Srebrenica,F,Croatian,4
2013,Number,Teslic,Both sexes,Croatian,766
2013,Number,Teslic,M,Croatian,360
2013,Number,Teslic,F,Croatian,406
2013,Number,City of Trebinje,Both sexes,Croatian,149
2013,Number,City of Trebinje,M,Croatian,66
2013,Number,City of Trebinje,F,Croatian,83
2013,Number,Trnovo,Both sexes,Croatian,13
2013,Number,Trnovo,M,Croatian,5
2013,Number,Trnovo,F,Croatian,8
2013,Number,Ugljevik,Both sexes,Croatian,14
2013,Number,Ugljevik,M,Croatian,1
2013,Number,Ugljevik,F,Croatian,13
2013,Number,Foca,Both sexes,Croatian,19
2013,Number,Foca,M,Croatian,3
2013,Number,Foca,F,Croatian,16
2013,Number,Han Pijesak,Both sexes,Croatian,3
2013,Number,Han Pijesak,M,Croatian,0
2013,Number,Han Pijesak,F,Croatian,3
2013,Number,Cajnice,Both sexes,Croatian,3
2013,Number,Cajnice,M,Croatian,0
2013,Number,Cajnice,F,Croatian,3
2013,Number,Celinac,Both sexes,Croatian,15
2013,Number,Celinac,M,Croatian,2
2013,Number,Celinac,F,Croatian,13
2013,Number,Samac,Both sexes,Croatian,2006
2013,Number,Samac,M,Croatian,964
2013,Number,Samac,F,Croatian,1042
2013,Number,Sekovici,Both sexes,Croatian,3
2013,Number,Sekovici,M,Croatian,0
2013,Number,Sekovici,F,Croatian,3
2013,Number,Sipovo,Both sexes,Croatian,11
2013,Number,Sipovo,M,Croatian,0
2013,Number,Sipovo,F,Croatian,11
2013,Number,Republika Srpska,Both sexes,Serbian,982480
2013,Number,Republika Srpska,M,Serbian,481743
2013,Number,Republika Srpska,F,Serbian,500737
2013,Number,City of Banja Luka,Both sexes,Serbian,166022
2013,Number,City of Banja Luka,M,Serbian,80369
2013,Number,City of Banja Luka,F,Serbian,85653
2013,Number,Berkovici,Both sexes,Serbian,1875
2013,Number,Berkovici,M,Serbian,942
2013,Number,Berkovici,F,Serbian,933
2013,Number,City of Bijeljina,Both sexes,Serbian,90547
2013,Number,City of Bijeljina,M,Serbian,44290
2013,Number,City of Bijeljina,F,Serbian,46257
2013,Number,Bileca,Both sexes,Serbian,10534
2013,Number,Bileca,M,Serbian,5307
2013,Number,Bileca,F,Serbian,5227
2013,Number,Bratunac,Both sexes,Serbian,11930
2013,Number,Bratunac,M,Serbian,5937
2013,Number,Bratunac,F,Serbian,5993
2013,Number,Brod,Both sexes,Serbian,11154
2013,Number,Brod,M,Serbian,5490
2013,Number,Brod,F,Serbian,5664
2013,Number,Visegrad,Both sexes,Serbian,8981
2013,Number,Visegrad,M,Serbian,4351
2013,Number,Visegrad,F,Serbian,4630
2013,Number,Vlasenica,Both sexes,Serbian,7160
2013,Number,Vlasenica,M,Serbian,3493
2013,Number,Vlasenica,F,Serbian,3667
2013,Number,Vukosavlje,Both sexes,Serbian,1471
2013,Number,Vukosavlje,M,Serbian,727
2013,Number,Vukosavlje,F,Serbian,744
2013,Number,Gacko,Both sexes,Serbian,8356
2013,Number,Gacko,M,Serbian,4234
2013,Number,Gacko,F,Serbian,4122
2013,Number,City of Gradiska,Both sexes,Serbian,41393
2013,Number,City of Gradiska,M,Serbian,20221
2013,Number,City of Gradiska,F,Serbian,21172
2013,Number,City of Derventa,Both sexes,Serbian,21749
2013,Number,City of Derventa,M,Serbian,10593
2013,Number,City of Derventa,F,Serbian,11156
2013,Number,City of Doboj,Both sexes,Serbian,51338
2013,Number,City of Doboj,M,Serbian,25045
2013,Number,City of Doboj,F,Serbian,26293
2013,Number,Donji Zabar,Both sexes,Serbian,2652
2013,Number,Donji Zabar,M,Serbian,1345
2013,Number,Donji Zabar,F,Serbian,1307
2013,Number,City of Zvornik,Both sexes,Serbian,37330
2013,Number,City of Zvornik,M,Serbian,18483
2013,Number,City of Zvornik,F,Serbian,18847
2013,Number,East Ilidza,Both sexes,Serbian,13532
2013,Number,East Ilidza,M,Serbian,6502
2013,Number,East Ilidza,F,Serbian,7030
2013,Number,East Drvar,Both sexes,Serbian,65
2013,Number,East Drvar,M,Serbian,44
2013,Number,East Drvar,F,Serbian,21
2013,Number,East Mostar,Both sexes,Serbian,152
2013,Number,East Mostar,M,Serbian,84
2013,Number,East Mostar,F,Serbian,68
2013,Number,East Stari Grad,Both sexes,Serbian,1063
2013,Number,East Stari Grad,M,Serbian,521
2013,Number,East Stari Grad,F,Serbian,542
2013,Number,East Novo Sarajevo,Both sexes,Serbian,10078
2013,Number,East Novo Sarajevo,M,Serbian,4805
2013,Number,East Novo Sarajevo,F,Serbian,5273
2013,Number,Jezero,Both sexes,Serbian,782
2013,Number,Jezero,M,Serbian,412
2013,Number,Jezero,F,Serbian,370
2013,Number,Kalinovik,Both sexes,Serbian,1907
2013,Number,Kalinovik,M,Serbian,924
2013,Number,Kalinovik,F,Serbian,983
2013,Number,Knezevo,Both sexes,Serbian,8909
2013,Number,Knezevo,M,Serbian,4431
2013,Number,Knezevo,F,Serbian,4478
2013,Number,Kozarska Dubica,Both sexes,Serbian,18376
2013,Number,Kozarska Dubica,M,Serbian,9029
2013,Number,Kozarska Dubica,F,Serbian,9347
2013,Number,Kostajnica,Both sexes,Serbian,4175
2013,Number,Kostajnica,M,Serbian,2078
2013,Number,Kostajnica,F,Serbian,2097
2013,Number,Kotor Varos,Both sexes,Serbian,12926
2013,Number,Kotor Varos,M,Serbian,6387
2013,Number,Kotor Varos,F,Serbian,6539
2013,Number,Krupa Na Uni,Both sexes,Serbian,1554
2013,Number,Krupa Na Uni,M,Serbian,840
2013,Number,Krupa Na Uni,F,Serbian,714
2013,Number,Kupres,Both sexes,Serbian,290
2013,Number,Kupres,M,Serbian,155
2013,Number,Kupres,F,Serbian,135
2013,Number,Laktasi,Both sexes,Serbian,33263
2013,Number,Laktasi,M,Serbian,16465
2013,Number,Laktasi,F,Serbian,16798
2013,Number,Lopare,Both sexes,Serbian,13299
2013,Number,Lopare,M,Serbian,6707
2013,Number,Lopare,F,Serbian,6592
2013,Number,Ljubinje,Both sexes,Serbian,3295
2013,Number,Ljubinje,M,Serbian,1623
2013,Number,Ljubinje,F,Serbian,1672
2013,Number,Milici,Both sexes,Serbian,6880
2013,Number,Milici,M,Serbian,3495
2013,Number,Milici,F,Serbian,3385
2013,Number,Modrica,Both sexes,Serbian,19633
2013,Number,Modrica,M,Serbian,9640
2013,Number,Modrica,F,Serbian,9993
2013,Number,Mrkonjic Grad,Both sexes,Serbian,15370
2013,Number,Mrkonjic Grad,M,Serbian,7392
2013,Number,Mrkonjic Grad,F,Serbian,7978
2013,Number,Nevesinje,Both sexes,Serbian,11987
2013,Number,Nevesinje,M,Serbian,5961
2013,Number,Nevesinje,F,Serbian,6026
2013,Number,Novi Grad,Both sexes,Serbian,19602
2013,Number,Novi Grad,M,Serbian,9805
2013,Number,Novi Grad,F,Serbian,9797
2013,Number,Novo Gorazde,Both sexes,Serbian,1564
2013,Number,Novo Gorazde,M,Serbian,823
2013,Number,Novo Gorazde,F,Serbian,741
2013,Number,Osmaci,Both sexes,Serbian,2850
2013,Number,Osmaci,M,Serbian,1452
2013,Number,Osmaci,F,Serbian,1398
2013,Number,Ostra Luka,Both sexes,Serbian,2540
2013,Number,Ostra Luka,M,Serbian,1309
2013,Number,Ostra Luka,F,Serbian,1231
2013,Number,Pale,Both sexes,Serbian,20039
2013,Number,Pale,M,Serbian,9599
2013,Number,Pale,F,Serbian,10440
2013,Number,Pelagicevo,Both sexes,Serbian,3140
2013,Number,Pelagicevo,M,Serbian,1561
2013,Number,Pelagicevo,F,Serbian,1579
2013,Number,Petrovac,Both sexes,Serbian,353
2013,Number,Petrovac,M,Serbian,169
2013,Number,Petrovac,F,Serbian,184
2013,Number,Petrovo,Both sexes,Serbian,6252
2013,Number,Petrovo,M,Serbian,3020
2013,Number,Petrovo,F,Serbian,3232
2013,Number,City of Prijedor,Both sexes,Serbian,55452
2013,Number,City of Prijedor,M,Serbian,27205
2013,Number,City of Prijedor,F,Serbian,28247
2013,Number,Prnjavor,Both sexes,Serbian,30213
2013,Number,Prnjavor,M,Serbian,14687
2013,Number,Prnjavor,F,Serbian,15526
2013,Number,Ribnik,Both sexes,Serbian,5830
2013,Number,Ribnik,M,Serbian,2891
2013,Number,Ribnik,F,Serbian,2939
2013,Number,Rogatica,Both sexes,Serbian,9233
2013,Number,Rogatica,M,Serbian,4508
2013,Number,Rogatica,F,Serbian,4725
2013,Number,Rudo,Both sexes,Serbian,6979
2013,Number,Rudo,M,Serbian,3527
2013,Number,Rudo,F,Serbian,3452
2013,Number,Sokolac,Both sexes,Serbian,10911
2013,Number,Sokolac,M,Serbian,5366
2013,Number,Sokolac,F,Serbian,5545
2013,Number,Srbac,Both sexes,Serbian,16269
2013,Number,Srbac,M,Serbian,7994
2013,Number,Srbac,F,Serbian,8275
2013,Number,Srebrenica,Both sexes,Serbian,5469
2013,Number,Srebrenica,M,Serbian,2745
2013,Number,Srebrenica,F,Serbian,2724
2013,Number,Teslic,Both sexes,Serbian,28458
2013,Number,Teslic,M,Serbian,13628
2013,Number,Teslic,F,Serbian,14830
2013,Number,City of Trebinje,Both sexes,Serbian,26940
2013,Number,City of Trebinje,M,Serbian,13155
2013,Number,City of Trebinje,F,Serbian,13785
2013,Number,Trnovo,Both sexes,Serbian,1141
2013,Number,Trnovo,M,Serbian,537
2013,Number,Trnovo,F,Serbian,604
2013,Number,Ugljevik,Both sexes,Serbian,13052
2013,Number,Ugljevik,M,Serbian,6622
2013,Number,Ugljevik,F,Serbian,6430
2013,Number,Foca,Both sexes,Serbian,16299
2013,Number,Foca,M,Serbian,8200
2013,Number,Foca,F,Serbian,8099
2013,Number,Han Pijesak,Both sexes,Serbian,3002
2013,Number,Han Pijesak,M,Serbian,1415
2013,Number,Han Pijesak,F,Serbian,1587
2013,Number,Cajnice,Both sexes,Serbian,3820
2013,Number,Cajnice,M,Serbian,1898
2013,Number,Cajnice,F,Serbian,1922
2013,Number,Celinac,Both sexes,Serbian,14622
2013,Number,Celinac,M,Serbian,7247
2013,Number,Celinac,F,Serbian,7375
2013,Number,Samac,Both sexes,Serbian,12894
2013,Number,Samac,M,Serbian,6289
2013,Number,Samac,F,Serbian,6605
2013,Number,Sekovici,Both sexes,Serbian,6196
2013,Number,Sekovici,M,Serbian,3044
2013,Number,Sekovici,F,Serbian,3152
2013,Number,Sipovo,Both sexes,Serbian,9332
2013,Number,Sipovo,M,Serbian,4725
2013,Number,Sipovo,F,Serbian,4607
2013,Number,Republika Srpska,Both sexes,Other language,17824
2013,Number,Republika Srpska,M,Other language,8017
2013,Number,Republika Srpska,F,Other language,9807
2013,Number,City of Banja Luka,Both sexes,Other language,5207
2013,Number,City of Banja Luka,M,Other language,2214
2013,Number,City of Banja Luka,F,Other language,2993
2013,Number,Berkovici,Both sexes,Other language,5
2013,Number,Berkovici,M,Other language,2
2013,Number,Berkovici,F,Other language,3
2013,Number,City of Bijeljina,Both sexes,Other language,1418
2013,Number,City of Bijeljina,M,Other language,673
2013,Number,City of Bijeljina,F,Other language,745
2013,Number,Bileca,Both sexes,Other language,32
2013,Number,Bileca,M,Other language,18
2013,Number,Bileca,F,Other language,14
2013,Number,Bratunac,Both sexes,Other language,69
2013,Number,Bratunac,M,Other language,33
2013,Number,Bratunac,F,Other language,36
2013,Number,Brod,Both sexes,Other language,283
2013,Number,Brod,M,Other language,111
2013,Number,Brod,F,Other language,172
2013,Number,Visegrad,Both sexes,Other language,66
2013,Number,Visegrad,M,Other language,32
2013,Number,Visegrad,F,Other language,34
2013,Number,Vlasenica,Both sexes,Other language,89
2013,Number,Vlasenica,M,Other language,36
2013,Number,Vlasenica,F,Other language,53
2013,Number,Vukosavlje,Both sexes,Other language,116
2013,Number,Vukosavlje,M,Other language,68
2013,Number,Vukosavlje,F,Other language,48
2013,Number,Gacko,Both sexes,Other language,9
2013,Number,Gacko,M,Other language,5
2013,Number,Gacko,F,Other language,4
2013,Number,City of Gradiska,Both sexes,Other language,1025
2013,Number,City of Gradiska,M,Other language,481
2013,Number,City of Gradiska,F,Other language,544
2013,Number,City of Derventa,Both sexes,Other language,447
2013,Number,City of Derventa,M,Other language,196
2013,Number,City of Derventa,F,Other language,251
2013,Number,City of Doboj,Both sexes,Other language,1380
2013,Number,City of Doboj,M,Other language,644
2013,Number,City of Doboj,F,Other language,736
2013,Number,Donji Zabar,Both sexes,Other language,15
2013,Number,Donji Zabar,M,Other language,4
2013,Number,Donji Zabar,F,Other language,11
2013,Number,City of Zvornik,Both sexes,Other language,116
2013,Number,City of Zvornik,M,Other language,48
2013,Number,City of Zvornik,F,Other language,68
2013,Number,East Ilidza,Both sexes,Other language,125
2013,Number,East Ilidza,M,Other language,50
2013,Number,East Ilidza,F,Other language,75
2013,Number,East Drvar,Both sexes,Other language,0
2013,Number,East Drvar,M,Other language,0
2013,Number,East Drvar,F,Other language,0
2013,Number,East Mostar,Both sexes,Other language,0
2013,Number,East Mostar,M,Other language,0
2013,Number,East Mostar,F,Other language,0
2013,Number,East Stari Grad,Both sexes,Other language,6
2013,Number,East Stari Grad,M,Other language,2
2013,Number,East Stari Grad,F,Other language,4
2013,Number,East Novo Sarajevo,Both sexes,Other language,199
2013,Number,East Novo Sarajevo,M,Other language,86
2013,Number,East Novo Sarajevo,F,Other language,113
2013,Number,Jezero,Both sexes,Other language,1
2013,Number,Jezero,M,Other language,1
2013,Number,Jezero,F,Other language,0
2013,Number,Kalinovik,Both sexes,Other language,11
2013,Number,Kalinovik,M,Other language,8
2013,Number,Kalinovik,F,Other language,3
2013,Number,Knezevo,Both sexes,Other language,30
2013,Number,Knezevo,M,Other language,8
2013,Number,Knezevo,F,Other language,22
2013,Number,Kozarska Dubica,Both sexes,Other language,209
2013,Number,Kozarska Dubica,M,Other language,89
2013,Number,Kozarska Dubica,F,Other language,120
2013,Number,Kostajnica,Both sexes,Other language,112
2013,Number,Kostajnica,M,Other language,51
2013,Number,Kostajnica,F,Other language,61
2013,Number,Kotor Varos,Both sexes,Other language,181
2013,Number,Kotor Varos,M,Other language,75
2013,Number,Kotor Varos,F,Other language,106
2013,Number,Krupa Na Uni,Both sexes,Other language,0
2013,Number,Krupa Na Uni,M,Other language,0
2013,Number,Krupa Na Uni,F,Other language,0
2013,Number,Kupres,Both sexes,Other language,3
2013,Number,Kupres,M,Other language,2
2013,Number,Kupres,F,Other language,1
2013,Number,Laktasi,Both sexes,Other language,578
2013,Number,Laktasi,M,Other language,286
2013,Number,Laktasi,F,Other language,292
2013,Number,Lopare,Both sexes,Other language,28
2013,Number,Lopare,M,Other language,9
2013,Number,Lopare,F,Other language,19
2013,Number,Ljubinje,Both sexes,Other language,3
2013,Number,Ljubinje,M,Other language,1
2013,Number,Ljubinje,F,Other language,2
2013,Number,Milici,Both sexes,Other language,9
2013,Number,Milici,M,Other language,1
2013,Number,Milici,F,Other language,8
2013,Number,Modrica,Both sexes,Other language,470
2013,Number,Modrica,M,Other language,208
2013,Number,Modrica,F,Other language,262
2013,Number,Mrkonjic Grad,Both sexes,Other language,97
2013,Number,Mrkonjic Grad,M,Other language,52
2013,Number,Mrkonjic Grad,F,Other language,45
2013,Number,Nevesinje,Both sexes,Other language,17
2013,Number,Nevesinje,M,Other language,4
2013,Number,Nevesinje,F,Other language,13
2013,Number,Novi Grad,Both sexes,Other language,263
2013,Number,Novi Grad,M,Other language,108
2013,Number,Novi Grad,F,Other language,155
2013,Number,Novo Gorazde,Both sexes,Other language,4
2013,Number,Novo Gorazde,M,Other language,3
2013,Number,Novo Gorazde,F,Other language,1
2013,Number,Osmaci,Both sexes,Other language,8
2013,Number,Osmaci,M,Other language,1
2013,Number,Osmaci,F,Other language,7
2013,Number,Ostra Luka,Both sexes,Other language,32
2013,Number,Ostra Luka,M,Other language,16
2013,Number,Ostra Luka,F,Other language,16
2013,Number,Pale,Both sexes,Other language,108
2013,Number,Pale,M,Other language,42
2013,Number,Pale,F,Other language,66
2013,Number,Pelagicevo,Both sexes,Other language,30
2013,Number,Pelagicevo,M,Other language,12
2013,Number,Pelagicevo,F,Other language,18
2013,Number,Petrovac,Both sexes,Other language,1
2013,Number,Petrovac,M,Other language,0
2013,Number,Petrovac,F,Other language,1
2013,Number,Petrovo,Both sexes,Other language,41
2013,Number,Petrovo,M,Other language,15
2013,Number,Petrovo,F,Other language,26
2013,Number,City of Prijedor,Both sexes,Other language,1883
2013,Number,City of Prijedor,M,Other language,879
2013,Number,City of Prijedor,F,Other language,1004
2013,Number,Prnjavor,Both sexes,Other language,1131
2013,Number,Prnjavor,M,Other language,565
2013,Number,Prnjavor,F,Other language,566
2013,Number,Ribnik,Both sexes,Other language,13
2013,Number,Ribnik,M,Other language,5
2013,Number,Ribnik,F,Other language,8
2013,Number,Rogatica,Both sexes,Other language,35
2013,Number,Rogatica,M,Other language,17
2013,Number,Rogatica,F,Other language,18
2013,Number,Rudo,Both sexes,Other language,8
2013,Number,Rudo,M,Other language,3
2013,Number,Rudo,F,Other language,5
2013,Number,Sokolac,Both sexes,Other language,35
2013,Number,Sokolac,M,Other language,9
2013,Number,Sokolac,F,Other language,26
2013,Number,Srbac,Both sexes,Other language,180
2013,Number,Srbac,M,Other language,91
2013,Number,Srbac,F,Other language,89
2013,Number,Srebrenica,Both sexes,Other language,49
2013,Number,Srebrenica,M,Other language,32
2013,Number,Srebrenica,F,Other language,17
2013,Number,Teslic,Both sexes,Other language,864
2013,Number,Teslic,M,Other language,390
2013,Number,Teslic,F,Other language,474
2013,Number,City of Trebinje,Both sexes,Other language,269
2013,Number,City of Trebinje,M,Other language,101
2013,Number,City of Trebinje,F,Other language,168
2013,Number,Trnovo,Both sexes,Other language,8
2013,Number,Trnovo,M,Other language,5
2013,Number,Trnovo,F,Other language,3
2013,Number,Ugljevik,Both sexes,Other language,36
2013,Number,Ugljevik,M,Other language,15
2013,Number,Ugljevik,F,Other language,21
2013,Number,Foca,Both sexes,Other language,63
2013,Number,Foca,M,Other language,35
2013,Number,Foca,F,Other language,28
2013,Number,Han Pijesak,Both sexes,Other language,7
2013,Number,Han Pijesak,M,Other language,6
2013,Number,Han Pijesak,F,Other language,1
2013,Number,Cajnice,Both sexes,Other language,12
2013,Number,Cajnice,M,Other language,6
2013,Number,Cajnice,F,Other language,6
2013,Number,Celinac,Both sexes,Other language,74
2013,Number,Celinac,M,Other language,26
2013,Number,Celinac,F,Other language,48
2013,Number,Samac,Both sexes,Other language,277
2013,Number,Samac,M,Other language,116
2013,Number,Samac,F,Other language,161
2013,Number,Sekovici,Both sexes,Other language,11
2013,Number,Sekovici,M,Other language,4
2013,Number,Sekovici,F,Other language,7
2013,Number,Sipovo,Both sexes,Other language,26
2013,Number,Sipovo,M,Other language,17
2013,Number,Sipovo,F,Other language,9
2013,Number,Republika Srpska,Both sexes,Unknown language,2502
2013,Number,Republika Srpska,M,Unknown language,1156
2013,Number,Republika Srpska,F,Unknown language,1346
2013,Number,City of Banja Luka,Both sexes,Unknown language,411
2013,Number,City of Banja Luka,M,Unknown language,189
2013,Number,City of Banja Luka,F,Unknown language,222
2013,Number,Berkovici,Both sexes,Unknown language,2
2013,Number,Berkovici,M,Unknown language,0
2013,Number,Berkovici,F,Unknown language,2
2013,Number,City of Bijeljina,Both sexes,Unknown language,124
2013,Number,City of Bijeljina,M,Unknown language,51
2013,Number,City of Bijeljina,F,Unknown language,73
2013,Number,Bileca,Both sexes,Unknown language,14
2013,Number,Bileca,M,Unknown language,7
2013,Number,Bileca,F,Unknown language,7
2013,Number,Bratunac,Both sexes,Unknown language,46
2013,Number,Bratunac,M,Unknown language,21
2013,Number,Bratunac,F,Unknown language,25
2013,Number,Brod,Both sexes,Unknown language,44
2013,Number,Brod,M,Unknown language,20
2013,Number,Brod,F,Unknown language,24
2013,Number,Visegrad,Both sexes,Unknown language,178
2013,Number,Visegrad,M,Unknown language,2
2013,Number,Visegrad,F,Unknown language,176
2013,Number,Vlasenica,Both sexes,Unknown language,29
2013,Number,Vlasenica,M,Unknown language,14
2013,Number,Vlasenica,F,Unknown language,15
2013,Number,Vukosavlje,Both sexes,Unknown language,15
2013,Number,Vukosavlje,M,Unknown language,2
2013,Number,Vukosavlje,F,Unknown language,13
2013,Number,Gacko,Both sexes,Unknown language,10
2013,Number,Gacko,M,Unknown language,2
2013,Number,Gacko,F,Unknown language,8
2013,Number,City of Gradiska,Both sexes,Unknown language,85
2013,Number,City of Gradiska,M,Unknown language,39
2013,Number,City of Gradiska,F,Unknown language,46
2013,Number,City of Derventa,Both sexes,Unknown language,74
2013,Number,City of Derventa,M,Unknown language,33
2013,Number,City of Derventa,F,Unknown language,41
2013,Number,City of Doboj,Both sexes,Unknown language,178
2013,Number,City of Doboj,M,Unknown language,70
2013,Number,City of Doboj,F,Unknown language,108
2013,Number,Donji Zabar,Both sexes,Unknown language,6
2013,Number,Donji Zabar,M,Unknown language,4
2013,Number,Donji Zabar,F,Unknown language,2
2013,Number,City of Zvornik,Both sexes,Unknown language,119
2013,Number,City of Zvornik,M,Unknown language,52
2013,Number,City of Zvornik,F,Unknown language,67
2013,Number,East Ilidza,Both sexes,Unknown language,13
2013,Number,East Ilidza,M,Unknown language,7
2013,Number,East Ilidza,F,Unknown language,6
2013,Number,East Drvar,Both sexes,Unknown language,0
2013,Number,East Drvar,M,Unknown language,0
2013,Number,East Drvar,F,Unknown language,0
2013,Number,East Mostar,Both sexes,Unknown language,3
2013,Number,East Mostar,M,Unknown language,1
2013,Number,East Mostar,F,Unknown language,2
2013,Number,East Stari Grad,Both sexes,Unknown language,2
2013,Number,East Stari Grad,M,Unknown language,2
2013,Number,East Stari Grad,F,Unknown language,0
2013,Number,East Novo Sarajevo,Both sexes,Unknown language,9
2013,Number,East Novo Sarajevo,M,Unknown language,2
2013,Number,East Novo Sarajevo,F,Unknown language,7
2013,Number,Jezero,Both sexes,Unknown language,1
2013,Number,Jezero,M,Unknown language,1
2013,Number,Jezero,F,Unknown language,0
2013,Number,Kalinovik,Both sexes,Unknown language,4
2013,Number,Kalinovik,M,Unknown language,2
2013,Number,Kalinovik,F,Unknown language,2
2013,Number,Knezevo,Both sexes,Unknown language,8
2013,Number,Knezevo,M,Unknown language,4
2013,Number,Knezevo,F,Unknown language,4
2013,Number,Kozarska Dubica,Both sexes,Unknown language,23
2013,Number,Kozarska Dubica,M,Unknown language,10
2013,Number,Kozarska Dubica,F,Unknown language,13
2013,Number,Kostajnica,Both sexes,Unknown language,3
2013,Number,Kostajnica,M,Unknown language,1
2013,Number,Kostajnica,F,Unknown language,2
2013,Number,Kotor Varos,Both sexes,Unknown language,23
2013,Number,Kotor Varos,M,Unknown language,15
2013,Number,Kotor Varos,F,Unknown language,8
2013,Number,Krupa Na Uni,Both sexes,Unknown language,0
2013,Number,Krupa Na Uni,M,Unknown language,0
2013,Number,Krupa Na Uni,F,Unknown language,0
2013,Number,Kupres,Both sexes,Unknown language,0
2013,Number,Kupres,M,Unknown language,0
2013,Number,Kupres,F,Unknown language,0
2013,Number,Laktasi,Both sexes,Unknown language,82
2013,Number,Laktasi,M,Unknown language,36
2013,Number,Laktasi,F,Unknown language,46
2013,Number,Lopare,Both sexes,Unknown language,24
2013,Number,Lopare,M,Unknown language,12
2013,Number,Lopare,F,Unknown language,12
2013,Number,Ljubinje,Both sexes,Unknown language,4
2013,Number,Ljubinje,M,Unknown language,2
2013,Number,Ljubinje,F,Unknown language,2
2013,Number,Milici,Both sexes,Unknown language,11
2013,Number,Milici,M,Unknown language,4
2013,Number,Milici,F,Unknown language,7
2013,Number,Modrica,Both sexes,Unknown language,133
2013,Number,Modrica,M,Unknown language,71
2013,Number,Modrica,F,Unknown language,62
2013,Number,Mrkonjic Grad,Both sexes,Unknown language,16
2013,Number,Mrkonjic Grad,M,Unknown language,7
2013,Number,Mrkonjic Grad,F,Unknown language,9
2013,Number,Nevesinje,Both sexes,Unknown language,17
2013,Number,Nevesinje,M,Unknown language,5
2013,Number,Nevesinje,F,Unknown language,12
2013,Number,Novi Grad,Both sexes,Unknown language,36
2013,Number,Novi Grad,M,Unknown language,20
2013,Number,Novi Grad,F,Unknown language,16
2013,Number,Novo Gorazde,Both sexes,Unknown language,8
2013,Number,Novo Gorazde,M,Unknown language,3
2013,Number,Novo Gorazde,F,Unknown language,5
2013,Number,Osmaci,Both sexes,Unknown language,5
2013,Number,Osmaci,M,Unknown language,2
2013,Number,Osmaci,F,Unknown language,3
2013,Number,Ostra Luka,Both sexes,Unknown language,2
2013,Number,Ostra Luka,M,Unknown language,2
2013,Number,Ostra Luka,F,Unknown language,0
2013,Number,Pale,Both sexes,Unknown language,11
2013,Number,Pale,M,Unknown language,8
2013,Number,Pale,F,Unknown language,3
2013,Number,Pelagicevo,Both sexes,Unknown language,5
2013,Number,Pelagicevo,M,Unknown language,1
2013,Number,Pelagicevo,F,Unknown language,4
2013,Number,Petrovac,Both sexes,Unknown language,0
2013,Number,Petrovac,M,Unknown language,0
2013,Number,Petrovac,F,Unknown language,0
2013,Number,Petrovo,Both sexes,Unknown language,5
2013,Number,Petrovo,M,Unknown language,2
2013,Number,Petrovo,F,Unknown language,3
2013,Number,City of Prijedor,Both sexes,Unknown language,394
2013,Number,City of Prijedor,M,Unknown language,269
2013,Number,City of Prijedor,F,Unknown language,125
2013,Number,Prnjavor,Both sexes,Unknown language,50
2013,Number,Prnjavor,M,Unknown language,20
2013,Number,Prnjavor,F,Unknown language,30
2013,Number,Ribnik,Both sexes,Unknown language,3
2013,Number,Ribnik,M,Unknown language,3
2013,Number,Ribnik,F,Unknown language,0
2013,Number,Rogatica,Both sexes,Unknown language,5
2013,Number,Rogatica,M,Unknown language,2
2013,Number,Rogatica,F,Unknown language,3
2013,Number,Rudo,Both sexes,Unknown language,5
2013,Number,Rudo,M,Unknown language,2
2013,Number,Rudo,F,Unknown language,3
2013,Number,Sokolac,Both sexes,Unknown language,21
2013,Number,Sokolac,M,Unknown language,7
2013,Number,Sokolac,F,Unknown language,14
2013,Number,Srbac,Both sexes,Unknown language,41
2013,Number,Srbac,M,Unknown language,21
2013,Number,Srbac,F,Unknown language,20
2013,Number,Srebrenica,Both sexes,Unknown language,29
2013,Number,Srebrenica,M,Unknown language,14
2013,Number,Srebrenica,F,Unknown language,15
2013,Number,Teslic,Both sexes,Unknown language,58
2013,Number,Teslic,M,Unknown language,27
2013,Number,Teslic,F,Unknown language,31
2013,Number,City of Trebinje,Both sexes,Unknown language,21
2013,Number,City of Trebinje,M,Unknown language,13
2013,Number,City of Trebinje,F,Unknown language,8
2013,Number,Trnovo,Both sexes,Unknown language,1
2013,Number,Trnovo,M,Unknown language,0
2013,Number,Trnovo,F,Unknown language,1
2013,Number,Ugljevik,Both sexes,Unknown language,16
2013,Number,Ugljevik,M,Unknown language,13
2013,Number,Ugljevik,F,Unknown language,3
2013,Number,Foca,Both sexes,Unknown language,17
2013,Number,Foca,M,Unknown language,9
2013,Number,Foca,F,Unknown language,8
2013,Number,Han Pijesak,Both sexes,Unknown language,0
2013,Number,Han Pijesak,M,Unknown language,0
2013,Number,Han Pijesak,F,Unknown language,0
2013,Number,Cajnice,Both sexes,Unknown language,5
2013,Number,Cajnice,M,Unknown language,2
2013,Number,Cajnice,F,Unknown language,3
2013,Number,Celinac,Both sexes,Unknown language,15
2013,Number,Celinac,M,Unknown language,7
2013,Number,Celinac,F,Unknown language,8
2013,Number,Samac,Both sexes,Unknown language,21
2013,Number,Samac,M,Unknown language,12
2013,Number,Samac,F,Unknown language,9
2013,Number,Sekovici,Both sexes,Unknown language,9
2013,Number,Sekovici,M,Unknown language,3
2013,Number,Sekovici,F,Unknown language,6
2013,Number,Sipovo,Both sexes,Unknown language,8
2013,Number,Sipovo,M,Unknown language,6
2013,Number,Sipovo,F,Unknown language,2
