Year,UNIT_MEASURE,Administrative area,Sex,Ethnicity/nationality,Value
2013,Number,Republika Srpska,Total,Total,1170342
2013,Number,Republika Srpska,M,Total,571812
2013,Number,Republika Srpska,F,Total,598530
2013,Number,City of Banja Luka,Total,Total,180053
2013,Number,City of Banja Luka,M,Total,86510
2013,Number,City of Banja Luka,F,Total,93543
2013,Number,Berkovici,Total,Total,2041
2013,Number,Berkovici,M,Total,1032
2013,Number,Berkovici,F,Total,1009
2013,Number,City of Bijeljina,Total,Total,103874
2013,Number,City of Bijeljina,M,Total,50760
2013,Number,City of Bijeljina,F,Total,53114
2013,Number,Bileca,Total,Total,10607
2013,Number,Bileca,M,Total,5346
2013,Number,Bileca,F,Total,5261
2013,Number,Bratunac,Total,Total,18651
2013,Number,Bratunac,M,Total,9210
2013,Number,Bratunac,F,Total,9441
2013,Number,Brod,Total,Total,15720
2013,Number,Brod,M,Total,7670
2013,Number,Brod,F,Total,8050
2013,Number,Visegrad,Total,Total,10118
2013,Number,Visegrad,M,Total,4834
2013,Number,Visegrad,F,Total,5284
2013,Number,Vlasenica,Total,Total,10657
2013,Number,Vlasenica,M,Total,5193
2013,Number,Vlasenica,F,Total,5464
2013,Number,Vukosavlje,Total,Total,4363
2013,Number,Vukosavlje,M,Total,2185
2013,Number,Vukosavlje,F,Total,2178
2013,Number,Gacko,Total,Total,8710
2013,Number,Gacko,M,Total,4423
2013,Number,Gacko,F,Total,4287
2013,Number,City of Gradiska,Total,Total,49196
2013,Number,City of Gradiska,M,Total,23944
2013,Number,City of Gradiska,F,Total,25252
2013,Number,City of Derventa,Total,Total,25922
2013,Number,City of Derventa,M,Total,12629
2013,Number,City of Derventa,F,Total,13293
2013,Number,City of Doboj,Total,Total,68514
2013,Number,City of Doboj,M,Total,33222
2013,Number,City of Doboj,F,Total,35292
2013,Number,Donji Zabar,Total,Total,3669
2013,Number,Donji Zabar,M,Total,1853
2013,Number,Donji Zabar,F,Total,1816
2013,Number,City of Zvornik,Total,Total,54407
2013,Number,City of Zvornik,M,Total,26803
2013,Number,City of Zvornik,F,Total,27604
2013,Number,East Ilidza,Total,Total,14437
2013,Number,East Ilidza,M,Total,6905
2013,Number,East Ilidza,F,Total,7532
2013,Number,East Drvar,Total,Total,66
2013,Number,East Drvar,M,Total,44
2013,Number,East Drvar,F,Total,22
2013,Number,East Mostar,Total,Total,244
2013,Number,East Mostar,M,Total,138
2013,Number,East Mostar,F,Total,106
2013,Number,East Stari Grad,Total,Total,1116
2013,Number,East Stari Grad,M,Total,552
2013,Number,East Stari Grad,F,Total,564
2013,Number,East Novo Sarajevo,Total,Total,10401
2013,Number,East Novo Sarajevo,M,Total,4936
2013,Number,East Novo Sarajevo,F,Total,5465
2013,Number,Jezero,Total,Total,1039
2013,Number,Jezero,M,Total,534
2013,Number,Jezero,F,Total,505
2013,Number,Kalinovik,Total,Total,1962
2013,Number,Kalinovik,M,Total,950
2013,Number,Kalinovik,F,Total,1012
2013,Number,Knezevo,Total,Total,9368
2013,Number,Knezevo,M,Total,4632
2013,Number,Knezevo,F,Total,4736
2013,Number,Kozarska Dubica,Total,Total,20681
2013,Number,Kozarska Dubica,M,Total,10094
2013,Number,Kozarska Dubica,F,Total,10587
2013,Number,Kostajnica,Total,Total,5645
2013,Number,Kostajnica,M,Total,2780
2013,Number,Kostajnica,F,Total,2865
2013,Number,Kotor Varos,Total,Total,18361
2013,Number,Kotor Varos,M,Total,9007
2013,Number,Kotor Varos,F,Total,9354
2013,Number,Krupa Na Uni,Total,Total,1560
2013,Number,Krupa Na Uni,M,Total,841
2013,Number,Krupa Na Uni,F,Total,719
2013,Number,Kupres,Total,Total,293
2013,Number,Kupres,M,Total,157
2013,Number,Kupres,F,Total,136
2013,Number,Laktasi,Total,Total,34210
2013,Number,Laktasi,M,Total,16905
2013,Number,Laktasi,F,Total,17305
2013,Number,Lopare,Total,Total,14689
2013,Number,Lopare,M,Total,7377
2013,Number,Lopare,F,Total,7312
2013,Number,Ljubinje,Total,Total,3319
2013,Number,Ljubinje,M,Total,1633
2013,Number,Ljubinje,F,Total,1686
2013,Number,Milici,Total,Total,10445
2013,Number,Milici,M,Total,5252
2013,Number,Milici,F,Total,5193
2013,Number,Modrica,Total,Total,24490
2013,Number,Modrica,M,Total,11969
2013,Number,Modrica,F,Total,12521
2013,Number,Mrkonjic Grad,Total,Total,15926
2013,Number,Mrkonjic Grad,M,Total,7660
2013,Number,Mrkonjic Grad,F,Total,8266
2013,Number,Nevesinje,Total,Total,12542
2013,Number,Nevesinje,M,Total,6236
2013,Number,Nevesinje,F,Total,6306
2013,Number,Novi Grad,Total,Total,25240
2013,Number,Novi Grad,M,Total,12580
2013,Number,Novi Grad,F,Total,12660
2013,Number,Novo Gorazde,Total,Total,2915
2013,Number,Novo Gorazde,M,Total,1500
2013,Number,Novo Gorazde,F,Total,1415
2013,Number,Osmaci,Total,Total,5546
2013,Number,Osmaci,M,Total,2779
2013,Number,Osmaci,F,Total,2767
2013,Number,Ostra Luka,Total,Total,2705
2013,Number,Ostra Luka,M,Total,1386
2013,Number,Ostra Luka,F,Total,1319
2013,Number,Pale,Total,Total,20359
2013,Number,Pale,M,Total,9744
2013,Number,Pale,F,Total,10615
2013,Number,Pelagicevo,Total,Total,4358
2013,Number,Pelagicevo,M,Total,2151
2013,Number,Pelagicevo,F,Total,2207
2013,Number,Petrovac,Total,Total,354
2013,Number,Petrovac,M,Total,169
2013,Number,Petrovac,F,Total,185
2013,Number,Petrovo,Total,Total,6317
2013,Number,Petrovo,M,Total,3043
2013,Number,Petrovo,F,Total,3274
2013,Number,City of Prijedor,Total,Total,80916
2013,Number,City of Prijedor,M,Total,39418
2013,Number,City of Prijedor,F,Total,41498
2013,Number,Prnjavor,Total,Total,34357
2013,Number,Prnjavor,M,Total,16675
2013,Number,Prnjavor,F,Total,17682
2013,Number,Ribnik,Total,Total,5851
2013,Number,Ribnik,M,Total,2900
2013,Number,Ribnik,F,Total,2951
2013,Number,Rogatica,Total,Total,10302
2013,Number,Rogatica,M,Total,5053
2013,Number,Rogatica,F,Total,5249
2013,Number,Rudo,Total,Total,7578
2013,Number,Rudo,M,Total,3840
2013,Number,Rudo,F,Total,3738
2013,Number,Sokolac,Total,Total,11620
2013,Number,Sokolac,M,Total,5723
2013,Number,Sokolac,F,Total,5897
2013,Number,Srbac,Total,Total,16933
2013,Number,Srbac,M,Total,8295
2013,Number,Srbac,F,Total,8638
2013,Number,Srebrenica,Total,Total,11698
2013,Number,Srebrenica,M,Total,5714
2013,Number,Srebrenica,F,Total,5984
2013,Number,Teslic,Total,Total,37236
2013,Number,Teslic,M,Total,17894
2013,Number,Teslic,F,Total,19342
2013,Number,City of Trebinje,Total,Total,28239
2013,Number,City of Trebinje,M,Total,13760
2013,Number,City of Trebinje,F,Total,14479
2013,Number,Trnovo,Total,Total,1983
2013,Number,Trnovo,M,Total,953
2013,Number,Trnovo,F,Total,1030
2013,Number,Ugljevik,Total,Total,15118
2013,Number,Ugljevik,M,Total,7626
2013,Number,Ugljevik,F,Total,7492
2013,Number,Foca,Total,Total,17580
2013,Number,Foca,M,Total,8880
2013,Number,Foca,F,Total,8700
2013,Number,Han Pijesak,Total,Total,3445
2013,Number,Han Pijesak,M,Total,1632
2013,Number,Han Pijesak,F,Total,1813
2013,Number,Cajnice,Total,Total,4679
2013,Number,Cajnice,M,Total,2347
2013,Number,Cajnice,F,Total,2332
2013,Number,Celinac,Total,Total,15117
2013,Number,Celinac,M,Total,7477
2013,Number,Celinac,F,Total,7640
2013,Number,Samac,Total,Total,16308
2013,Number,Samac,M,Total,7908
2013,Number,Samac,F,Total,8400
2013,Number,Sekovici,Total,Total,6323
2013,Number,Sekovici,M,Total,3103
2013,Number,Sekovici,F,Total,3220
2013,Number,Sipovo,Total,Total,9969
2013,Number,Sipovo,M,Total,5046
2013,Number,Sipovo,F,Total,4923
2013,Number,Republika Srpska,Total,Bosniak,148477
2013,Number,Republika Srpska,M,Bosniak,72148
2013,Number,Republika Srpska,F,Bosniak,76329
2013,Number,City of Banja Luka,Total,Bosniak,6816
2013,Number,City of Banja Luka,M,Bosniak,3108
2013,Number,City of Banja Luka,F,Bosniak,3708
2013,Number,Berkovici,Total,Bosniak,155
2013,Number,Berkovici,M,Bosniak,87
2013,Number,Berkovici,F,Bosniak,68
2013,Number,City of Bijeljina,Total,Bosniak,11680
2013,Number,City of Bijeljina,M,Bosniak,5733
2013,Number,City of Bijeljina,F,Bosniak,5947
2013,Number,Bileca,Total,Bosniak,26
2013,Number,Bileca,M,Bosniak,16
2013,Number,Bileca,F,Bosniak,10
2013,Number,Bratunac,Total,Bosniak,6588
2013,Number,Bratunac,M,Bosniak,3218
2013,Number,Bratunac,F,Bosniak,3370
2013,Number,Brod,Total,Bosniak,1312
2013,Number,Brod,M,Bosniak,640
2013,Number,Brod,F,Bosniak,672
2013,Number,Visegrad,Total,Bosniak,895
2013,Number,Visegrad,M,Bosniak,454
2013,Number,Visegrad,F,Bosniak,441
2013,Number,Vlasenica,Total,Bosniak,3360
2013,Number,Vlasenica,M,Bosniak,1646
2013,Number,Vlasenica,F,Bosniak,1714
2013,Number,Vukosavlje,Total,Bosniak,2025
2013,Number,Vukosavlje,M,Bosniak,1034
2013,Number,Vukosavlje,F,Bosniak,991
2013,Number,Gacko,Total,Bosniak,332
2013,Number,Gacko,M,Bosniak,179
2013,Number,Gacko,F,Bosniak,153
2013,Number,City of Gradiska,Total,Bosniak,6266
2013,Number,City of Gradiska,M,Bosniak,3047
2013,Number,City of Gradiska,F,Bosniak,3219
2013,Number,City of Derventa,Total,Bosniak,1686
2013,Number,City of Derventa,M,Bosniak,812
2013,Number,City of Derventa,F,Bosniak,874
2013,Number,City of Doboj,Total,Bosniak,14417
2013,Number,City of Doboj,M,Bosniak,6904
2013,Number,City of Doboj,F,Bosniak,7513
2013,Number,Donji Zabar,Total,Bosniak,4
2013,Number,Donji Zabar,M,Bosniak,0
2013,Number,Donji Zabar,F,Bosniak,4
2013,Number,City of Zvornik,Total,Bosniak,16775
2013,Number,City of Zvornik,M,Bosniak,8206
2013,Number,City of Zvornik,F,Bosniak,8569
2013,Number,East Ilidza,Total,Bosniak,632
2013,Number,East Ilidza,M,Bosniak,293
2013,Number,East Ilidza,F,Bosniak,339
2013,Number,East Drvar,Total,Bosniak,0
2013,Number,East Drvar,M,Bosniak,0
2013,Number,East Drvar,F,Bosniak,0
2013,Number,East Mostar,Total,Bosniak,78
2013,Number,East Mostar,M,Bosniak,45
2013,Number,East Mostar,F,Bosniak,33
2013,Number,East Stari Grad,Total,Bosniak,41
2013,Number,East Stari Grad,M,Bosniak,25
2013,Number,East Stari Grad,F,Bosniak,16
2013,Number,East Novo Sarajevo,Total,Bosniak,44
2013,Number,East Novo Sarajevo,M,Bosniak,14
2013,Number,East Novo Sarajevo,F,Bosniak,30
2013,Number,Jezero,Total,Bosniak,251
2013,Number,Jezero,M,Bosniak,118
2013,Number,Jezero,F,Bosniak,133
2013,Number,Kalinovik,Total,Bosniak,43
2013,Number,Kalinovik,M,Bosniak,19
2013,Number,Kalinovik,F,Bosniak,24
2013,Number,Knezevo,Total,Bosniak,413
2013,Number,Knezevo,M,Bosniak,186
2013,Number,Knezevo,F,Bosniak,227
2013,Number,Kozarska Dubica,Total,Bosniak,1883
2013,Number,Kozarska Dubica,M,Bosniak,906
2013,Number,Kozarska Dubica,F,Bosniak,977
2013,Number,Kostajnica,Total,Bosniak,1276
2013,Number,Kostajnica,M,Bosniak,626
2013,Number,Kostajnica,F,Bosniak,650
2013,Number,Kotor Varos,Total,Bosniak,4516
2013,Number,Kotor Varos,M,Bosniak,2173
2013,Number,Kotor Varos,F,Bosniak,2343
2013,Number,Krupa Na Uni,Total,Bosniak,3
2013,Number,Krupa Na Uni,M,Bosniak,1
2013,Number,Krupa Na Uni,F,Bosniak,2
2013,Number,Kupres,Total,Bosniak,0
2013,Number,Kupres,M,Bosniak,0
2013,Number,Kupres,F,Bosniak,0
2013,Number,Laktasi,Total,Bosniak,104
2013,Number,Laktasi,M,Bosniak,47
2013,Number,Laktasi,F,Bosniak,57
2013,Number,Lopare,Total,Bosniak,1310
2013,Number,Lopare,M,Bosniak,646
2013,Number,Lopare,F,Bosniak,664
2013,Number,Ljubinje,Total,Bosniak,9
2013,Number,Ljubinje,M,Bosniak,5
2013,Number,Ljubinje,F,Bosniak,4
2013,Number,Milici,Total,Bosniak,3532
2013,Number,Milici,M,Bosniak,1746
2013,Number,Milici,F,Bosniak,1786
2013,Number,Modrica,Total,Bosniak,2880
2013,Number,Modrica,M,Bosniak,1364
2013,Number,Modrica,F,Bosniak,1516
2013,Number,Mrkonjic Grad,Total,Bosniak,354
2013,Number,Mrkonjic Grad,M,Bosniak,170
2013,Number,Mrkonjic Grad,F,Bosniak,184
2013,Number,Nevesinje,Total,Bosniak,508
2013,Number,Nevesinje,M,Bosniak,261
2013,Number,Nevesinje,F,Bosniak,247
2013,Number,Novi Grad,Total,Bosniak,5214
2013,Number,Novi Grad,M,Bosniak,2606
2013,Number,Novi Grad,F,Bosniak,2608
2013,Number,Novo Gorazde,Total,Bosniak,1317
2013,Number,Novo Gorazde,M,Bosniak,662
2013,Number,Novo Gorazde,F,Bosniak,655
2013,Number,Osmaci,Total,Bosniak,2673
2013,Number,Osmaci,M,Bosniak,1321
2013,Number,Osmaci,F,Bosniak,1352
2013,Number,Ostra Luka,Total,Bosniak,23
2013,Number,Ostra Luka,M,Bosniak,7
2013,Number,Ostra Luka,F,Bosniak,16
2013,Number,Pale,Total,Bosniak,165
2013,Number,Pale,M,Bosniak,86
2013,Number,Pale,F,Bosniak,79
2013,Number,Pelagicevo,Total,Bosniak,13
2013,Number,Pelagicevo,M,Bosniak,2
2013,Number,Pelagicevo,F,Bosniak,11
2013,Number,Petrovac,Total,Bosniak,0
2013,Number,Petrovac,M,Bosniak,0
2013,Number,Petrovac,F,Bosniak,0
2013,Number,Petrovo,Total,Bosniak,6
2013,Number,Petrovo,M,Bosniak,2
2013,Number,Petrovo,F,Bosniak,4
2013,Number,City of Prijedor,Total,Bosniak,22303
2013,Number,City of Prijedor,M,Bosniak,10669
2013,Number,City of Prijedor,F,Bosniak,11634
2013,Number,Prnjavor,Total,Bosniak,2749
2013,Number,Prnjavor,M,Bosniak,1329
2013,Number,Prnjavor,F,Bosniak,1420
2013,Number,Ribnik,Total,Bosniak,0
2013,Number,Ribnik,M,Bosniak,0
2013,Number,Ribnik,F,Bosniak,0
2013,Number,Rogatica,Total,Bosniak,1009
2013,Number,Rogatica,M,Bosniak,520
2013,Number,Rogatica,F,Bosniak,489
2013,Number,Rudo,Total,Bosniak,574
2013,Number,Rudo,M,Bosniak,300
2013,Number,Rudo,F,Bosniak,274
2013,Number,Sokolac,Total,Bosniak,629
2013,Number,Sokolac,M,Bosniak,329
2013,Number,Sokolac,F,Bosniak,300
2013,Number,Srbac,Total,Bosniak,394
2013,Number,Srbac,M,Bosniak,184
2013,Number,Srbac,F,Bosniak,210
2013,Number,Srebrenica,Total,Bosniak,6122
2013,Number,Srebrenica,M,Bosniak,2913
2013,Number,Srebrenica,F,Bosniak,3209
2013,Number,Teslic,Total,Bosniak,6887
2013,Number,Teslic,M,Bosniak,3387
2013,Number,Teslic,F,Bosniak,3500
2013,Number,City of Trebinje,Total,Bosniak,863
2013,Number,City of Trebinje,M,Bosniak,426
2013,Number,City of Trebinje,F,Bosniak,437
2013,Number,Trnovo,Total,Bosniak,818
2013,Number,Trnovo,M,Bosniak,405
2013,Number,Trnovo,F,Bosniak,413
2013,Number,Ugljevik,Total,Bosniak,1999
2013,Number,Ugljevik,M,Bosniak,974
2013,Number,Ugljevik,F,Bosniak,1025
2013,Number,Foca,Total,Bosniak,1169
2013,Number,Foca,M,Bosniak,626
2013,Number,Foca,F,Bosniak,543
2013,Number,Han Pijesak,Total,Bosniak,420
2013,Number,Han Pijesak,M,Bosniak,204
2013,Number,Han Pijesak,F,Bosniak,216
2013,Number,Cajnice,Total,Bosniak,835
2013,Number,Cajnice,M,Bosniak,439
2013,Number,Cajnice,F,Bosniak,396
2013,Number,Celinac,Total,Bosniak,395
2013,Number,Celinac,M,Bosniak,197
2013,Number,Celinac,F,Bosniak,198
2013,Number,Samac,Total,Bosniak,1005
2013,Number,Samac,M,Bosniak,486
2013,Number,Samac,F,Bosniak,519
2013,Number,Sekovici,Total,Bosniak,103
2013,Number,Sekovici,M,Bosniak,51
2013,Number,Sekovici,F,Bosniak,52
2013,Number,Sipovo,Total,Bosniak,578
2013,Number,Sipovo,M,Bosniak,294
2013,Number,Sipovo,F,Bosniak,284
2013,Number,Republika Srpska,Total,Croat,26509
2013,Number,Republika Srpska,M,Croat,11005
2013,Number,Republika Srpska,F,Croat,15504
2013,Number,City of Banja Luka,Total,Croat,4887
2013,Number,City of Banja Luka,M,Croat,1761
2013,Number,City of Banja Luka,F,Croat,3126
2013,Number,Berkovici,Total,Croat,11
2013,Number,Berkovici,M,Croat,1
2013,Number,Berkovici,F,Croat,10
2013,Number,City of Bijeljina,Total,Croat,498
2013,Number,City of Bijeljina,M,Croat,140
2013,Number,City of Bijeljina,F,Croat,358
2013,Number,Bileca,Total,Croat,21
2013,Number,Bileca,M,Croat,2
2013,Number,Bileca,F,Croat,19
2013,Number,Bratunac,Total,Croat,30
2013,Number,Bratunac,M,Croat,5
2013,Number,Bratunac,F,Croat,25
2013,Number,Brod,Total,Croat,3021
2013,Number,Brod,M,Croat,1413
2013,Number,Brod,F,Croat,1608
2013,Number,Visegrad,Total,Croat,32
2013,Number,Visegrad,M,Croat,5
2013,Number,Visegrad,F,Croat,27
2013,Number,Vlasenica,Total,Croat,29
2013,Number,Vlasenica,M,Croat,5
2013,Number,Vlasenica,F,Croat,24
2013,Number,Vukosavlje,Total,Croat,698
2013,Number,Vukosavlje,M,Croat,332
2013,Number,Vukosavlje,F,Croat,366
2013,Number,Gacko,Total,Croat,13
2013,Number,Gacko,M,Croat,5
2013,Number,Gacko,F,Croat,8
2013,Number,City of Gradiska,Total,Croat,800
2013,Number,City of Gradiska,M,Croat,276
2013,Number,City of Gradiska,F,Croat,524
2013,Number,City of Derventa,Total,Croat,2181
2013,Number,City of Derventa,M,Croat,1040
2013,Number,City of Derventa,F,Croat,1141
2013,Number,City of Doboj,Total,Croat,1550
2013,Number,City of Doboj,M,Croat,605
2013,Number,City of Doboj,F,Croat,945
2013,Number,Donji Zabar,Total,Croat,991
2013,Number,Donji Zabar,M,Croat,497
2013,Number,Donji Zabar,F,Croat,494
2013,Number,City of Zvornik,Total,Croat,103
2013,Number,City of Zvornik,M,Croat,17
2013,Number,City of Zvornik,F,Croat,86
2013,Number,East Ilidza,Total,Croat,148
2013,Number,East Ilidza,M,Croat,39
2013,Number,East Ilidza,F,Croat,109
2013,Number,East Drvar,Total,Croat,1
2013,Number,East Drvar,M,Croat,0
2013,Number,East Drvar,F,Croat,1
2013,Number,East Mostar,Total,Croat,11
2013,Number,East Mostar,M,Croat,8
2013,Number,East Mostar,F,Croat,3
2013,Number,East Stari Grad,Total,Croat,6
2013,Number,East Stari Grad,M,Croat,2
2013,Number,East Stari Grad,F,Croat,4
2013,Number,East Novo Sarajevo,Total,Croat,102
2013,Number,East Novo Sarajevo,M,Croat,23
2013,Number,East Novo Sarajevo,F,Croat,79
2013,Number,Jezero,Total,Croat,6
2013,Number,Jezero,M,Croat,4
2013,Number,Jezero,F,Croat,2
2013,Number,Kalinovik,Total,Croat,8
2013,Number,Kalinovik,M,Croat,2
2013,Number,Kalinovik,F,Croat,6
2013,Number,Knezevo,Total,Croat,24
2013,Number,Knezevo,M,Croat,5
2013,Number,Knezevo,F,Croat,19
2013,Number,Kozarska Dubica,Total,Croat,261
2013,Number,Kozarska Dubica,M,Croat,79
2013,Number,Kozarska Dubica,F,Croat,182
2013,Number,Kostajnica,Total,Croat,82
2013,Number,Kostajnica,M,Croat,29
2013,Number,Kostajnica,F,Croat,53
2013,Number,Kotor Varos,Total,Croat,852
2013,Number,Kotor Varos,M,Croat,410
2013,Number,Kotor Varos,F,Croat,442
2013,Number,Krupa Na Uni,Total,Croat,2
2013,Number,Krupa Na Uni,M,Croat,0
2013,Number,Krupa Na Uni,F,Croat,2
2013,Number,Kupres,Total,Croat,0
2013,Number,Kupres,M,Croat,0
2013,Number,Kupres,F,Croat,0
2013,Number,Laktasi,Total,Croat,500
2013,Number,Laktasi,M,Croat,175
2013,Number,Laktasi,F,Croat,325
2013,Number,Lopare,Total,Croat,48
2013,Number,Lopare,M,Croat,9
2013,Number,Lopare,F,Croat,39
2013,Number,Ljubinje,Total,Croat,10
2013,Number,Ljubinje,M,Croat,3
2013,Number,Ljubinje,F,Croat,7
2013,Number,Milici,Total,Croat,22
2013,Number,Milici,M,Croat,7
2013,Number,Milici,F,Croat,15
2013,Number,Modrica,Total,Croat,1396
2013,Number,Modrica,M,Croat,662
2013,Number,Modrica,F,Croat,734
2013,Number,Mrkonjic Grad,Total,Croat,148
2013,Number,Mrkonjic Grad,M,Croat,60
2013,Number,Mrkonjic Grad,F,Croat,88
2013,Number,Nevesinje,Total,Croat,27
2013,Number,Nevesinje,M,Croat,9
2013,Number,Nevesinje,F,Croat,18
2013,Number,Novi Grad,Total,Croat,174
2013,Number,Novi Grad,M,Croat,58
2013,Number,Novi Grad,F,Croat,116
2013,Number,Novo Gorazde,Total,Croat,2
2013,Number,Novo Gorazde,M,Croat,1
2013,Number,Novo Gorazde,F,Croat,1
2013,Number,Osmaci,Total,Croat,7
2013,Number,Osmaci,M,Croat,1
2013,Number,Osmaci,F,Croat,6
2013,Number,Ostra Luka,Total,Croat,149
2013,Number,Ostra Luka,M,Croat,74
2013,Number,Ostra Luka,F,Croat,75
2013,Number,Pale,Total,Croat,126
2013,Number,Pale,M,Croat,37
2013,Number,Pale,F,Croat,89
2013,Number,Pelagicevo,Total,Croat,1182
2013,Number,Pelagicevo,M,Croat,580
2013,Number,Pelagicevo,F,Croat,602
2013,Number,Petrovac,Total,Croat,0
2013,Number,Petrovac,M,Croat,0
2013,Number,Petrovac,F,Croat,0
2013,Number,Petrovo,Total,Croat,34
2013,Number,Petrovo,M,Croat,8
2013,Number,Petrovo,F,Croat,26
2013,Number,City of Prijedor,Total,Croat,1666
2013,Number,City of Prijedor,M,Croat,679
2013,Number,City of Prijedor,F,Croat,987
2013,Number,Prnjavor,Total,Croat,423
2013,Number,Prnjavor,M,Croat,150
2013,Number,Prnjavor,F,Croat,273
2013,Number,Ribnik,Total,Croat,11
2013,Number,Ribnik,M,Croat,4
2013,Number,Ribnik,F,Croat,7
2013,Number,Rogatica,Total,Croat,18
2013,Number,Rogatica,M,Croat,2
2013,Number,Rogatica,F,Croat,16
2013,Number,Rudo,Total,Croat,7
2013,Number,Rudo,M,Croat,6
2013,Number,Rudo,F,Croat,1
2013,Number,Sokolac,Total,Croat,28
2013,Number,Sokolac,M,Croat,8
2013,Number,Sokolac,F,Croat,20
2013,Number,Srbac,Total,Croat,128
2013,Number,Srbac,M,Croat,21
2013,Number,Srbac,F,Croat,107
2013,Number,Srebrenica,Total,Croat,14
2013,Number,Srebrenica,M,Croat,6
2013,Number,Srebrenica,F,Croat,8
2013,Number,Teslic,Total,Croat,1346
2013,Number,Teslic,M,Croat,581
2013,Number,Teslic,F,Croat,765
2013,Number,City of Trebinje,Total,Croat,295
2013,Number,City of Trebinje,M,Croat,99
2013,Number,City of Trebinje,F,Croat,196
2013,Number,Trnovo,Total,Croat,15
2013,Number,Trnovo,M,Croat,3
2013,Number,Trnovo,F,Croat,12
2013,Number,Ugljevik,Total,Croat,42
2013,Number,Ugljevik,M,Croat,8
2013,Number,Ugljevik,F,Croat,34
2013,Number,Foca,Total,Croat,52
2013,Number,Foca,M,Croat,16
2013,Number,Foca,F,Croat,36
2013,Number,Han Pijesak,Total,Croat,7
2013,Number,Han Pijesak,M,Croat,1
2013,Number,Han Pijesak,F,Croat,6
2013,Number,Cajnice,Total,Croat,6
2013,Number,Cajnice,M,Croat,1
2013,Number,Cajnice,F,Croat,5
2013,Number,Celinac,Total,Croat,48
2013,Number,Celinac,M,Croat,11
2013,Number,Celinac,F,Croat,37
2013,Number,Samac,Total,Croat,2176
2013,Number,Samac,M,Croat,1011
2013,Number,Samac,F,Croat,1165
2013,Number,Sekovici,Total,Croat,8
2013,Number,Sekovici,M,Croat,2
2013,Number,Sekovici,F,Croat,6
2013,Number,Sipovo,Total,Croat,26
2013,Number,Sipovo,M,Croat,7
2013,Number,Sipovo,F,Croat,19
2013,Number,Republika Srpska,Total,Serb,970857
2013,Number,Republika Srpska,M,Serb,477334
2013,Number,Republika Srpska,F,Serb,493523
2013,Number,City of Banja Luka,Total,Serb,162057
2013,Number,City of Banja Luka,M,Serb,78827
2013,Number,City of Banja Luka,F,Serb,83230
2013,Number,Berkovici,Total,Serb,1873
2013,Number,Berkovici,M,Serb,943
2013,Number,Berkovici,F,Serb,930
2013,Number,City of Bijeljina,Total,Serb,89474
2013,Number,City of Bijeljina,M,Serb,43861
2013,Number,City of Bijeljina,F,Serb,45613
2013,Number,Bileca,Total,Serb,10447
2013,Number,Bileca,M,Serb,5276
2013,Number,Bileca,F,Serb,5171
2013,Number,Bratunac,Total,Serb,11897
2013,Number,Bratunac,M,Serb,5915
2013,Number,Bratunac,F,Serb,5982
2013,Number,Brod,Total,Serb,11065
2013,Number,Brod,M,Serb,5486
2013,Number,Brod,F,Serb,5579
2013,Number,Visegrad,Total,Serb,8942
2013,Number,Visegrad,M,Serb,4337
2013,Number,Visegrad,F,Serb,4605
2013,Number,Vlasenica,Total,Serb,7190
2013,Number,Vlasenica,M,Serb,3505
2013,Number,Vlasenica,F,Serb,3685
2013,Number,Vukosavlje,Total,Serb,1448
2013,Number,Vukosavlje,M,Serb,720
2013,Number,Vukosavlje,F,Serb,728
2013,Number,Gacko,Total,Serb,8316
2013,Number,Gacko,M,Serb,4211
2013,Number,Gacko,F,Serb,4105
2013,Number,City of Gradiska,Total,Serb,40707
2013,Number,City of Gradiska,M,Serb,19960
2013,Number,City of Gradiska,F,Serb,20747
2013,Number,City of Derventa,Total,Serb,21495
2013,Number,City of Derventa,M,Serb,10524
2013,Number,City of Derventa,F,Serb,10971
2013,Number,City of Doboj,Total,Serb,50968
2013,Number,City of Doboj,M,Serb,24968
2013,Number,City of Doboj,F,Serb,26000
2013,Number,Donji Zabar,Total,Serb,2658
2013,Number,Donji Zabar,M,Serb,1352
2013,Number,Donji Zabar,F,Serb,1306
2013,Number,City of Zvornik,Total,Serb,37242
2013,Number,City of Zvornik,M,Serb,18452
2013,Number,City of Zvornik,F,Serb,18790
2013,Number,East Ilidza,Total,Serb,13455
2013,Number,East Ilidza,M,Serb,6486
2013,Number,East Ilidza,F,Serb,6969
2013,Number,East Drvar,Total,Serb,65
2013,Number,East Drvar,M,Serb,44
2013,Number,East Drvar,F,Serb,21
2013,Number,East Mostar,Total,Serb,153
2013,Number,East Mostar,M,Serb,84
2013,Number,East Mostar,F,Serb,69
2013,Number,East Stari Grad,Total,Serb,1059
2013,Number,East Stari Grad,M,Serb,519
2013,Number,East Stari Grad,F,Serb,540
2013,Number,East Novo Sarajevo,Total,Serb,10028
2013,Number,East Novo Sarajevo,M,Serb,4801
2013,Number,East Novo Sarajevo,F,Serb,5227
2013,Number,Jezero,Total,Serb,779
2013,Number,Jezero,M,Serb,410
2013,Number,Jezero,F,Serb,369
2013,Number,Kalinovik,Total,Serb,1895
2013,Number,Kalinovik,M,Serb,920
2013,Number,Kalinovik,F,Serb,975
2013,Number,Knezevo,Total,Serb,8886
2013,Number,Knezevo,M,Serb,4414
2013,Number,Knezevo,F,Serb,4472
2013,Number,Kozarska Dubica,Total,Serb,18144
2013,Number,Kozarska Dubica,M,Serb,8939
2013,Number,Kozarska Dubica,F,Serb,9205
2013,Number,Kostajnica,Total,Serb,4177
2013,Number,Kostajnica,M,Serb,2077
2013,Number,Kostajnica,F,Serb,2100
2013,Number,Kotor Varos,Total,Serb,12730
2013,Number,Kotor Varos,M,Serb,6305
2013,Number,Kotor Varos,F,Serb,6425
2013,Number,Krupa Na Uni,Total,Serb,1555
2013,Number,Krupa Na Uni,M,Serb,840
2013,Number,Krupa Na Uni,F,Serb,715
2013,Number,Kupres,Total,Serb,292
2013,Number,Kupres,M,Serb,156
2013,Number,Kupres,F,Serb,136
2013,Number,Laktasi,Total,Serb,32761
2013,Number,Laktasi,M,Serb,16275
2013,Number,Laktasi,F,Serb,16486
2013,Number,Lopare,Total,Serb,13267
2013,Number,Lopare,M,Serb,6695
2013,Number,Lopare,F,Serb,6572
2013,Number,Ljubinje,Total,Serb,3280
2013,Number,Ljubinje,M,Serb,1615
2013,Number,Ljubinje,F,Serb,1665
2013,Number,Milici,Total,Serb,6857
2013,Number,Milici,M,Serb,3486
2013,Number,Milici,F,Serb,3371
2013,Number,Modrica,Total,Serb,19530
2013,Number,Modrica,M,Serb,9611
2013,Number,Modrica,F,Serb,9919
2013,Number,Mrkonjic Grad,Total,Serb,15340
2013,Number,Mrkonjic Grad,M,Serb,7388
2013,Number,Mrkonjic Grad,F,Serb,7952
2013,Number,Nevesinje,Total,Serb,11964
2013,Number,Nevesinje,M,Serb,5951
2013,Number,Nevesinje,F,Serb,6013
2013,Number,Novi Grad,Total,Serb,19491
2013,Number,Novi Grad,M,Serb,9747
2013,Number,Novi Grad,F,Serb,9744
2013,Number,Novo Gorazde,Total,Serb,1561
2013,Number,Novo Gorazde,M,Serb,821
2013,Number,Novo Gorazde,F,Serb,740
2013,Number,Osmaci,Total,Serb,2852
2013,Number,Osmaci,M,Serb,1450
2013,Number,Osmaci,F,Serb,1402
2013,Number,Ostra Luka,Total,Serb,2510
2013,Number,Ostra Luka,M,Serb,1296
2013,Number,Ostra Luka,F,Serb,1214
2013,Number,Pale,Total,Serb,19932
2013,Number,Pale,M,Serb,9561
2013,Number,Pale,F,Serb,10371
2013,Number,Pelagicevo,Total,Serb,3146
2013,Number,Pelagicevo,M,Serb,1563
2013,Number,Pelagicevo,F,Serb,1583
2013,Number,Petrovac,Total,Serb,351
2013,Number,Petrovac,M,Serb,168
2013,Number,Petrovac,F,Serb,183
2013,Number,Petrovo,Total,Serb,6222
2013,Number,Petrovo,M,Serb,3002
2013,Number,Petrovo,F,Serb,3220
2013,Number,City of Prijedor,Total,Serb,54365
2013,Number,City of Prijedor,M,Serb,26834
2013,Number,City of Prijedor,F,Serb,27531
2013,Number,Prnjavor,Total,Serb,29478
2013,Number,Prnjavor,M,Serb,14352
2013,Number,Prnjavor,F,Serb,15126
2013,Number,Ribnik,Total,Serb,5825
2013,Number,Ribnik,M,Serb,2891
2013,Number,Ribnik,F,Serb,2934
2013,Number,Rogatica,Total,Serb,9217
2013,Number,Rogatica,M,Serb,4502
2013,Number,Rogatica,F,Serb,4715
2013,Number,Rudo,Total,Serb,6963
2013,Number,Rudo,M,Serb,3517
2013,Number,Rudo,F,Serb,3446
2013,Number,Sokolac,Total,Serb,10894
2013,Number,Sokolac,M,Serb,5357
2013,Number,Sokolac,F,Serb,5537
2013,Number,Srbac,Total,Serb,16013
2013,Number,Srbac,M,Serb,7888
2013,Number,Srbac,F,Serb,8125
2013,Number,Srebrenica,Total,Serb,5467
2013,Number,Srebrenica,M,Serb,2743
2013,Number,Srebrenica,F,Serb,2724
2013,Number,Teslic,Total,Serb,28166
2013,Number,Teslic,M,Serb,13545
2013,Number,Teslic,F,Serb,14621
2013,Number,City of Trebinje,Total,Serb,26484
2013,Number,City of Trebinje,M,Serb,12943
2013,Number,City of Trebinje,F,Serb,13541
2013,Number,Trnovo,Total,Serb,1131
2013,Number,Trnovo,M,Serb,534
2013,Number,Trnovo,F,Serb,597
2013,Number,Ugljevik,Total,Serb,13007
2013,Number,Ugljevik,M,Serb,6606
2013,Number,Ugljevik,F,Serb,6401
2013,Number,Foca,Total,Serb,16157
2013,Number,Foca,M,Serb,8133
2013,Number,Foca,F,Serb,8024
2013,Number,Han Pijesak,Total,Serb,2994
2013,Number,Han Pijesak,M,Serb,1412
2013,Number,Han Pijesak,F,Serb,1582
2013,Number,Cajnice,Total,Serb,3806
2013,Number,Cajnice,M,Serb,1891
2013,Number,Cajnice,F,Serb,1915
2013,Number,Celinac,Total,Serb,14508
2013,Number,Celinac,M,Serb,7194
2013,Number,Celinac,F,Serb,7314
2013,Number,Samac,Total,Serb,12832
2013,Number,Samac,M,Serb,6277
2013,Number,Samac,F,Serb,6555
2013,Number,Sekovici,Total,Serb,6187
2013,Number,Sekovici,M,Serb,3038
2013,Number,Sekovici,F,Serb,3149
2013,Number,Sipovo,Total,Serb,9302
2013,Number,Sipovo,M,Serb,4716
2013,Number,Sipovo,F,Serb,4586
2013,Number,Republika Srpska,Total,Other ethnicity/nationality,14641
2013,Number,Republika Srpska,M,Other ethnicity/nationality,7207
2013,Number,Republika Srpska,F,Other ethnicity/nationality,7434
2013,Number,City of Banja Luka,Total,Other ethnicity/nationality,3324
2013,Number,City of Banja Luka,M,Other ethnicity/nationality,1617
2013,Number,City of Banja Luka,F,Other ethnicity/nationality,1707
2013,Number,Berkovici,Total,Other ethnicity/nationality,1
2013,Number,Berkovici,M,Other ethnicity/nationality,1
2013,Number,Berkovici,F,Other ethnicity/nationality,0
2013,Number,City of Bijeljina,Total,Other ethnicity/nationality,1478
2013,Number,City of Bijeljina,M,Other ethnicity/nationality,717
2013,Number,City of Bijeljina,F,Other ethnicity/nationality,761
2013,Number,Bileca,Total,Other ethnicity/nationality,72
2013,Number,Bileca,M,Other ethnicity/nationality,38
2013,Number,Bileca,F,Other ethnicity/nationality,34
2013,Number,Bratunac,Total,Other ethnicity/nationality,79
2013,Number,Bratunac,M,Other ethnicity/nationality,45
2013,Number,Bratunac,F,Other ethnicity/nationality,34
2013,Number,Brod,Total,Other ethnicity/nationality,151
2013,Number,Brod,M,Other ethnicity/nationality,69
2013,Number,Brod,F,Other ethnicity/nationality,82
2013,Number,Visegrad,Total,Other ethnicity/nationality,53
2013,Number,Visegrad,M,Other ethnicity/nationality,26
2013,Number,Visegrad,F,Other ethnicity/nationality,27
2013,Number,Vlasenica,Total,Other ethnicity/nationality,29
2013,Number,Vlasenica,M,Other ethnicity/nationality,13
2013,Number,Vlasenica,F,Other ethnicity/nationality,16
2013,Number,Vukosavlje,Total,Other ethnicity/nationality,146
2013,Number,Vukosavlje,M,Other ethnicity/nationality,81
2013,Number,Vukosavlje,F,Other ethnicity/nationality,65
2013,Number,Gacko,Total,Other ethnicity/nationality,40
2013,Number,Gacko,M,Other ethnicity/nationality,27
2013,Number,Gacko,F,Other ethnicity/nationality,13
2013,Number,City of Gradiska,Total,Other ethnicity/nationality,970
2013,Number,City of Gradiska,M,Other ethnicity/nationality,468
2013,Number,City of Gradiska,F,Other ethnicity/nationality,502
2013,Number,City of Derventa,Total,Other ethnicity/nationality,264
2013,Number,City of Derventa,M,Other ethnicity/nationality,116
2013,Number,City of Derventa,F,Other ethnicity/nationality,148
2013,Number,City of Doboj,Total,Other ethnicity/nationality,949
2013,Number,City of Doboj,M,Other ethnicity/nationality,486
2013,Number,City of Doboj,F,Other ethnicity/nationality,463
2013,Number,Donji Zabar,Total,Other ethnicity/nationality,9
2013,Number,Donji Zabar,M,Other ethnicity/nationality,1
2013,Number,Donji Zabar,F,Other ethnicity/nationality,8
2013,Number,City of Zvornik,Total,Other ethnicity/nationality,120
2013,Number,City of Zvornik,M,Other ethnicity/nationality,55
2013,Number,City of Zvornik,F,Other ethnicity/nationality,65
2013,Number,East Ilidza,Total,Other ethnicity/nationality,96
2013,Number,East Ilidza,M,Other ethnicity/nationality,44
2013,Number,East Ilidza,F,Other ethnicity/nationality,52
2013,Number,East Drvar,Total,Other ethnicity/nationality,0
2013,Number,East Drvar,M,Other ethnicity/nationality,0
2013,Number,East Drvar,F,Other ethnicity/nationality,0
2013,Number,East Mostar,Total,Other ethnicity/nationality,0
2013,Number,East Mostar,M,Other ethnicity/nationality,0
2013,Number,East Mostar,F,Other ethnicity/nationality,0
2013,Number,East Stari Grad,Total,Other ethnicity/nationality,7
2013,Number,East Stari Grad,M,Other ethnicity/nationality,5
2013,Number,East Stari Grad,F,Other ethnicity/nationality,2
2013,Number,East Novo Sarajevo,Total,Other ethnicity/nationality,163
2013,Number,East Novo Sarajevo,M,Other ethnicity/nationality,72
2013,Number,East Novo Sarajevo,F,Other ethnicity/nationality,91
2013,Number,Jezero,Total,Other ethnicity/nationality,1
2013,Number,Jezero,M,Other ethnicity/nationality,1
2013,Number,Jezero,F,Other ethnicity/nationality,0
2013,Number,Kalinovik,Total,Other ethnicity/nationality,15
2013,Number,Kalinovik,M,Other ethnicity/nationality,8
2013,Number,Kalinovik,F,Other ethnicity/nationality,7
2013,Number,Knezevo,Total,Other ethnicity/nationality,37
2013,Number,Knezevo,M,Other ethnicity/nationality,21
2013,Number,Knezevo,F,Other ethnicity/nationality,16
2013,Number,Kozarska Dubica,Total,Other ethnicity/nationality,219
2013,Number,Kozarska Dubica,M,Other ethnicity/nationality,102
2013,Number,Kozarska Dubica,F,Other ethnicity/nationality,117
2013,Number,Kostajnica,Total,Other ethnicity/nationality,42
2013,Number,Kostajnica,M,Other ethnicity/nationality,20
2013,Number,Kostajnica,F,Other ethnicity/nationality,22
2013,Number,Kotor Varos,Total,Other ethnicity/nationality,129
2013,Number,Kotor Varos,M,Other ethnicity/nationality,63
2013,Number,Kotor Varos,F,Other ethnicity/nationality,66
2013,Number,Krupa Na Uni,Total,Other ethnicity/nationality,0
2013,Number,Krupa Na Uni,M,Other ethnicity/nationality,0
2013,Number,Krupa Na Uni,F,Other ethnicity/nationality,0
2013,Number,Kupres,Total,Other ethnicity/nationality,0
2013,Number,Kupres,M,Other ethnicity/nationality,0
2013,Number,Kupres,F,Other ethnicity/nationality,0
2013,Number,Laktasi,Total,Other ethnicity/nationality,562
2013,Number,Laktasi,M,Other ethnicity/nationality,285
2013,Number,Laktasi,F,Other ethnicity/nationality,277
2013,Number,Lopare,Total,Other ethnicity/nationality,31
2013,Number,Lopare,M,Other ethnicity/nationality,16
2013,Number,Lopare,F,Other ethnicity/nationality,15
2013,Number,Ljubinje,Total,Other ethnicity/nationality,13
2013,Number,Ljubinje,M,Other ethnicity/nationality,7
2013,Number,Ljubinje,F,Other ethnicity/nationality,6
2013,Number,Milici,Total,Other ethnicity/nationality,19
2013,Number,Milici,M,Other ethnicity/nationality,7
2013,Number,Milici,F,Other ethnicity/nationality,12
2013,Number,Modrica,Total,Other ethnicity/nationality,412
2013,Number,Modrica,M,Other ethnicity/nationality,207
2013,Number,Modrica,F,Other ethnicity/nationality,205
2013,Number,Mrkonjic Grad,Total,Other ethnicity/nationality,37
2013,Number,Mrkonjic Grad,M,Other ethnicity/nationality,17
2013,Number,Mrkonjic Grad,F,Other ethnicity/nationality,20
2013,Number,Nevesinje,Total,Other ethnicity/nationality,18
2013,Number,Nevesinje,M,Other ethnicity/nationality,5
2013,Number,Nevesinje,F,Other ethnicity/nationality,13
2013,Number,Novi Grad,Total,Other ethnicity/nationality,200
2013,Number,Novi Grad,M,Other ethnicity/nationality,100
2013,Number,Novi Grad,F,Other ethnicity/nationality,100
2013,Number,Novo Gorazde,Total,Other ethnicity/nationality,22
2013,Number,Novo Gorazde,M,Other ethnicity/nationality,11
2013,Number,Novo Gorazde,F,Other ethnicity/nationality,11
2013,Number,Osmaci,Total,Other ethnicity/nationality,5
2013,Number,Osmaci,M,Other ethnicity/nationality,2
2013,Number,Osmaci,F,Other ethnicity/nationality,3
2013,Number,Ostra Luka,Total,Other ethnicity/nationality,8
2013,Number,Ostra Luka,M,Other ethnicity/nationality,3
2013,Number,Ostra Luka,F,Other ethnicity/nationality,5
2013,Number,Pale,Total,Other ethnicity/nationality,70
2013,Number,Pale,M,Other ethnicity/nationality,31
2013,Number,Pale,F,Other ethnicity/nationality,39
2013,Number,Pelagicevo,Total,Other ethnicity/nationality,9
2013,Number,Pelagicevo,M,Other ethnicity/nationality,4
2013,Number,Pelagicevo,F,Other ethnicity/nationality,5
2013,Number,Petrovac,Total,Other ethnicity/nationality,3
2013,Number,Petrovac,M,Other ethnicity/nationality,1
2013,Number,Petrovac,F,Other ethnicity/nationality,2
2013,Number,Petrovo,Total,Other ethnicity/nationality,30
2013,Number,Petrovo,M,Other ethnicity/nationality,19
2013,Number,Petrovo,F,Other ethnicity/nationality,11
2013,Number,City of Prijedor,Total,Other ethnicity/nationality,1495
2013,Number,City of Prijedor,M,Other ethnicity/nationality,712
2013,Number,City of Prijedor,F,Other ethnicity/nationality,783
2013,Number,Prnjavor,Total,Other ethnicity/nationality,1452
2013,Number,Prnjavor,M,Other ethnicity/nationality,738
2013,Number,Prnjavor,F,Other ethnicity/nationality,714
2013,Number,Ribnik,Total,Other ethnicity/nationality,11
2013,Number,Ribnik,M,Other ethnicity/nationality,3
2013,Number,Ribnik,F,Other ethnicity/nationality,8
2013,Number,Rogatica,Total,Other ethnicity/nationality,41
2013,Number,Rogatica,M,Other ethnicity/nationality,20
2013,Number,Rogatica,F,Other ethnicity/nationality,21
2013,Number,Rudo,Total,Other ethnicity/nationality,26
2013,Number,Rudo,M,Other ethnicity/nationality,14
2013,Number,Rudo,F,Other ethnicity/nationality,12
2013,Number,Sokolac,Total,Other ethnicity/nationality,38
2013,Number,Sokolac,M,Other ethnicity/nationality,19
2013,Number,Sokolac,F,Other ethnicity/nationality,19
2013,Number,Srbac,Total,Other ethnicity/nationality,280
2013,Number,Srbac,M,Other ethnicity/nationality,146
2013,Number,Srbac,F,Other ethnicity/nationality,134
2013,Number,Srebrenica,Total,Other ethnicity/nationality,59
2013,Number,Srebrenica,M,Other ethnicity/nationality,34
2013,Number,Srebrenica,F,Other ethnicity/nationality,25
2013,Number,Teslic,Total,Other ethnicity/nationality,454
2013,Number,Teslic,M,Other ethnicity/nationality,222
2013,Number,Teslic,F,Other ethnicity/nationality,232
2013,Number,City of Trebinje,Total,Other ethnicity/nationality,398
2013,Number,City of Trebinje,M,Other ethnicity/nationality,204
2013,Number,City of Trebinje,F,Other ethnicity/nationality,194
2013,Number,Trnovo,Total,Other ethnicity/nationality,10
2013,Number,Trnovo,M,Other ethnicity/nationality,7
2013,Number,Trnovo,F,Other ethnicity/nationality,3
2013,Number,Ugljevik,Total,Other ethnicity/nationality,36
2013,Number,Ugljevik,M,Other ethnicity/nationality,17
2013,Number,Ugljevik,F,Other ethnicity/nationality,19
2013,Number,Foca,Total,Other ethnicity/nationality,160
2013,Number,Foca,M,Other ethnicity/nationality,90
2013,Number,Foca,F,Other ethnicity/nationality,70
2013,Number,Han Pijesak,Total,Other ethnicity/nationality,21
2013,Number,Han Pijesak,M,Other ethnicity/nationality,14
2013,Number,Han Pijesak,F,Other ethnicity/nationality,7
2013,Number,Cajnice,Total,Other ethnicity/nationality,24
2013,Number,Cajnice,M,Other ethnicity/nationality,13
2013,Number,Cajnice,F,Other ethnicity/nationality,11
2013,Number,Celinac,Total,Other ethnicity/nationality,122
2013,Number,Celinac,M,Other ethnicity/nationality,55
2013,Number,Celinac,F,Other ethnicity/nationality,67
2013,Number,Samac,Total,Other ethnicity/nationality,135
2013,Number,Samac,M,Other ethnicity/nationality,67
2013,Number,Samac,F,Other ethnicity/nationality,68
2013,Number,Sekovici,Total,Other ethnicity/nationality,12
2013,Number,Sekovici,M,Other ethnicity/nationality,7
2013,Number,Sekovici,F,Other ethnicity/nationality,5
2013,Number,Sipovo,Total,Other ethnicity/nationality,34
2013,Number,Sipovo,M,Other ethnicity/nationality,14
2013,Number,Sipovo,F,Other ethnicity/nationality,20
2013,Number,Republika Srpska,Total,Does not declare ethnicity/nationality,7861
2013,Number,Republika Srpska,M,Does not declare ethnicity/nationality,3202
2013,Number,Republika Srpska,F,Does not declare ethnicity/nationality,4659
2013,Number,City of Banja Luka,Total,Does not declare ethnicity/nationality,2641
2013,Number,City of Banja Luka,M,Does not declare ethnicity/nationality,1044
2013,Number,City of Banja Luka,F,Does not declare ethnicity/nationality,1597
2013,Number,Berkovici,Total,Does not declare ethnicity/nationality,0
2013,Number,Berkovici,M,Does not declare ethnicity/nationality,0
2013,Number,Berkovici,F,Does not declare ethnicity/nationality,0
2013,Number,City of Bijeljina,Total,Does not declare ethnicity/nationality,654
2013,Number,City of Bijeljina,M,Does not declare ethnicity/nationality,272
2013,Number,City of Bijeljina,F,Does not declare ethnicity/nationality,382
2013,Number,Bileca,Total,Does not declare ethnicity/nationality,30
2013,Number,Bileca,M,Does not declare ethnicity/nationality,10
2013,Number,Bileca,F,Does not declare ethnicity/nationality,20
2013,Number,Bratunac,Total,Does not declare ethnicity/nationality,22
2013,Number,Bratunac,M,Does not declare ethnicity/nationality,11
2013,Number,Bratunac,F,Does not declare ethnicity/nationality,11
2013,Number,Brod,Total,Does not declare ethnicity/nationality,142
2013,Number,Brod,M,Does not declare ethnicity/nationality,50
2013,Number,Brod,F,Does not declare ethnicity/nationality,92
2013,Number,Visegrad,Total,Does not declare ethnicity/nationality,19
2013,Number,Visegrad,M,Does not declare ethnicity/nationality,10
2013,Number,Visegrad,F,Does not declare ethnicity/nationality,9
2013,Number,Vlasenica,Total,Does not declare ethnicity/nationality,20
2013,Number,Vlasenica,M,Does not declare ethnicity/nationality,11
2013,Number,Vlasenica,F,Does not declare ethnicity/nationality,9
2013,Number,Vukosavlje,Total,Does not declare ethnicity/nationality,32
2013,Number,Vukosavlje,M,Does not declare ethnicity/nationality,15
2013,Number,Vukosavlje,F,Does not declare ethnicity/nationality,17
2013,Number,Gacko,Total,Does not declare ethnicity/nationality,3
2013,Number,Gacko,M,Does not declare ethnicity/nationality,0
2013,Number,Gacko,F,Does not declare ethnicity/nationality,3
2013,Number,City of Gradiska,Total,Does not declare ethnicity/nationality,411
2013,Number,City of Gradiska,M,Does not declare ethnicity/nationality,174
2013,Number,City of Gradiska,F,Does not declare ethnicity/nationality,237
2013,Number,City of Derventa,Total,Does not declare ethnicity/nationality,242
2013,Number,City of Derventa,M,Does not declare ethnicity/nationality,113
2013,Number,City of Derventa,F,Does not declare ethnicity/nationality,129
2013,Number,City of Doboj,Total,Does not declare ethnicity/nationality,467
2013,Number,City of Doboj,M,Does not declare ethnicity/nationality,198
2013,Number,City of Doboj,F,Does not declare ethnicity/nationality,269
2013,Number,Donji Zabar,Total,Does not declare ethnicity/nationality,5
2013,Number,Donji Zabar,M,Does not declare ethnicity/nationality,2
2013,Number,Donji Zabar,F,Does not declare ethnicity/nationality,3
2013,Number,City of Zvornik,Total,Does not declare ethnicity/nationality,70
2013,Number,City of Zvornik,M,Does not declare ethnicity/nationality,31
2013,Number,City of Zvornik,F,Does not declare ethnicity/nationality,39
2013,Number,East Ilidza,Total,Does not declare ethnicity/nationality,96
2013,Number,East Ilidza,M,Does not declare ethnicity/nationality,38
2013,Number,East Ilidza,F,Does not declare ethnicity/nationality,58
2013,Number,East Drvar,Total,Does not declare ethnicity/nationality,0
2013,Number,East Drvar,M,Does not declare ethnicity/nationality,0
2013,Number,East Drvar,F,Does not declare ethnicity/nationality,0
2013,Number,East Mostar,Total,Does not declare ethnicity/nationality,0
2013,Number,East Mostar,M,Does not declare ethnicity/nationality,0
2013,Number,East Mostar,F,Does not declare ethnicity/nationality,0
2013,Number,East Stari Grad,Total,Does not declare ethnicity/nationality,2
2013,Number,East Stari Grad,M,Does not declare ethnicity/nationality,0
2013,Number,East Stari Grad,F,Does not declare ethnicity/nationality,2
2013,Number,East Novo Sarajevo,Total,Does not declare ethnicity/nationality,61
2013,Number,East Novo Sarajevo,M,Does not declare ethnicity/nationality,26
2013,Number,East Novo Sarajevo,F,Does not declare ethnicity/nationality,35
2013,Number,Jezero,Total,Does not declare ethnicity/nationality,1
2013,Number,Jezero,M,Does not declare ethnicity/nationality,0
2013,Number,Jezero,F,Does not declare ethnicity/nationality,1
2013,Number,Kalinovik,Total,Does not declare ethnicity/nationality,1
2013,Number,Kalinovik,M,Does not declare ethnicity/nationality,1
2013,Number,Kalinovik,F,Does not declare ethnicity/nationality,0
2013,Number,Knezevo,Total,Does not declare ethnicity/nationality,4
2013,Number,Knezevo,M,Does not declare ethnicity/nationality,3
2013,Number,Knezevo,F,Does not declare ethnicity/nationality,1
2013,Number,Kozarska Dubica,Total,Does not declare ethnicity/nationality,162
2013,Number,Kozarska Dubica,M,Does not declare ethnicity/nationality,63
2013,Number,Kozarska Dubica,F,Does not declare ethnicity/nationality,99
2013,Number,Kostajnica,Total,Does not declare ethnicity/nationality,66
2013,Number,Kostajnica,M,Does not declare ethnicity/nationality,28
2013,Number,Kostajnica,F,Does not declare ethnicity/nationality,38
2013,Number,Kotor Varos,Total,Does not declare ethnicity/nationality,115
2013,Number,Kotor Varos,M,Does not declare ethnicity/nationality,42
2013,Number,Kotor Varos,F,Does not declare ethnicity/nationality,73
2013,Number,Krupa Na Uni,Total,Does not declare ethnicity/nationality,0
2013,Number,Krupa Na Uni,M,Does not declare ethnicity/nationality,0
2013,Number,Krupa Na Uni,F,Does not declare ethnicity/nationality,0
2013,Number,Kupres,Total,Does not declare ethnicity/nationality,1
2013,Number,Kupres,M,Does not declare ethnicity/nationality,1
2013,Number,Kupres,F,Does not declare ethnicity/nationality,0
2013,Number,Laktasi,Total,Does not declare ethnicity/nationality,237
2013,Number,Laktasi,M,Does not declare ethnicity/nationality,103
2013,Number,Laktasi,F,Does not declare ethnicity/nationality,134
2013,Number,Lopare,Total,Does not declare ethnicity/nationality,23
2013,Number,Lopare,M,Does not declare ethnicity/nationality,5
2013,Number,Lopare,F,Does not declare ethnicity/nationality,18
2013,Number,Ljubinje,Total,Does not declare ethnicity/nationality,5
2013,Number,Ljubinje,M,Does not declare ethnicity/nationality,2
2013,Number,Ljubinje,F,Does not declare ethnicity/nationality,3
2013,Number,Milici,Total,Does not declare ethnicity/nationality,7
2013,Number,Milici,M,Does not declare ethnicity/nationality,3
2013,Number,Milici,F,Does not declare ethnicity/nationality,4
2013,Number,Modrica,Total,Does not declare ethnicity/nationality,156
2013,Number,Modrica,M,Does not declare ethnicity/nationality,63
2013,Number,Modrica,F,Does not declare ethnicity/nationality,93
2013,Number,Mrkonjic Grad,Total,Does not declare ethnicity/nationality,35
2013,Number,Mrkonjic Grad,M,Does not declare ethnicity/nationality,19
2013,Number,Mrkonjic Grad,F,Does not declare ethnicity/nationality,16
2013,Number,Nevesinje,Total,Does not declare ethnicity/nationality,18
2013,Number,Nevesinje,M,Does not declare ethnicity/nationality,8
2013,Number,Nevesinje,F,Does not declare ethnicity/nationality,10
2013,Number,Novi Grad,Total,Does not declare ethnicity/nationality,137
2013,Number,Novi Grad,M,Does not declare ethnicity/nationality,56
2013,Number,Novi Grad,F,Does not declare ethnicity/nationality,81
2013,Number,Novo Gorazde,Total,Does not declare ethnicity/nationality,6
2013,Number,Novo Gorazde,M,Does not declare ethnicity/nationality,3
2013,Number,Novo Gorazde,F,Does not declare ethnicity/nationality,3
2013,Number,Osmaci,Total,Does not declare ethnicity/nationality,5
2013,Number,Osmaci,M,Does not declare ethnicity/nationality,3
2013,Number,Osmaci,F,Does not declare ethnicity/nationality,2
2013,Number,Ostra Luka,Total,Does not declare ethnicity/nationality,12
2013,Number,Ostra Luka,M,Does not declare ethnicity/nationality,4
2013,Number,Ostra Luka,F,Does not declare ethnicity/nationality,8
2013,Number,Pale,Total,Does not declare ethnicity/nationality,53
2013,Number,Pale,M,Does not declare ethnicity/nationality,20
2013,Number,Pale,F,Does not declare ethnicity/nationality,33
2013,Number,Pelagicevo,Total,Does not declare ethnicity/nationality,3
2013,Number,Pelagicevo,M,Does not declare ethnicity/nationality,1
2013,Number,Pelagicevo,F,Does not declare ethnicity/nationality,2
2013,Number,Petrovac,Total,Does not declare ethnicity/nationality,0
2013,Number,Petrovac,M,Does not declare ethnicity/nationality,0
2013,Number,Petrovac,F,Does not declare ethnicity/nationality,0
2013,Number,Petrovo,Total,Does not declare ethnicity/nationality,21
2013,Number,Petrovo,M,Does not declare ethnicity/nationality,10
2013,Number,Petrovo,F,Does not declare ethnicity/nationality,11
2013,Number,City of Prijedor,Total,Does not declare ethnicity/nationality,718
2013,Number,City of Prijedor,M,Does not declare ethnicity/nationality,267
2013,Number,City of Prijedor,F,Does not declare ethnicity/nationality,451
2013,Number,Prnjavor,Total,Does not declare ethnicity/nationality,225
2013,Number,Prnjavor,M,Does not declare ethnicity/nationality,96
2013,Number,Prnjavor,F,Does not declare ethnicity/nationality,129
2013,Number,Ribnik,Total,Does not declare ethnicity/nationality,2
2013,Number,Ribnik,M,Does not declare ethnicity/nationality,0
2013,Number,Ribnik,F,Does not declare ethnicity/nationality,2
2013,Number,Rogatica,Total,Does not declare ethnicity/nationality,12
2013,Number,Rogatica,M,Does not declare ethnicity/nationality,7
2013,Number,Rogatica,F,Does not declare ethnicity/nationality,5
2013,Number,Rudo,Total,Does not declare ethnicity/nationality,5
2013,Number,Rudo,M,Does not declare ethnicity/nationality,3
2013,Number,Rudo,F,Does not declare ethnicity/nationality,2
2013,Number,Sokolac,Total,Does not declare ethnicity/nationality,13
2013,Number,Sokolac,M,Does not declare ethnicity/nationality,5
2013,Number,Sokolac,F,Does not declare ethnicity/nationality,8
2013,Number,Srbac,Total,Does not declare ethnicity/nationality,89
2013,Number,Srbac,M,Does not declare ethnicity/nationality,45
2013,Number,Srbac,F,Does not declare ethnicity/nationality,44
2013,Number,Srebrenica,Total,Does not declare ethnicity/nationality,22
2013,Number,Srebrenica,M,Does not declare ethnicity/nationality,10
2013,Number,Srebrenica,F,Does not declare ethnicity/nationality,12
2013,Number,Teslic,Total,Does not declare ethnicity/nationality,339
2013,Number,Teslic,M,Does not declare ethnicity/nationality,136
2013,Number,Teslic,F,Does not declare ethnicity/nationality,203
2013,Number,City of Trebinje,Total,Does not declare ethnicity/nationality,180
2013,Number,City of Trebinje,M,Does not declare ethnicity/nationality,77
2013,Number,City of Trebinje,F,Does not declare ethnicity/nationality,103
2013,Number,Trnovo,Total,Does not declare ethnicity/nationality,9
2013,Number,Trnovo,M,Does not declare ethnicity/nationality,4
2013,Number,Trnovo,F,Does not declare ethnicity/nationality,5
2013,Number,Ugljevik,Total,Does not declare ethnicity/nationality,21
2013,Number,Ugljevik,M,Does not declare ethnicity/nationality,10
2013,Number,Ugljevik,F,Does not declare ethnicity/nationality,11
2013,Number,Foca,Total,Does not declare ethnicity/nationality,30
2013,Number,Foca,M,Does not declare ethnicity/nationality,10
2013,Number,Foca,F,Does not declare ethnicity/nationality,20
2013,Number,Han Pijesak,Total,Does not declare ethnicity/nationality,3
2013,Number,Han Pijesak,M,Does not declare ethnicity/nationality,1
2013,Number,Han Pijesak,F,Does not declare ethnicity/nationality,2
2013,Number,Cajnice,Total,Does not declare ethnicity/nationality,3
2013,Number,Cajnice,M,Does not declare ethnicity/nationality,1
2013,Number,Cajnice,F,Does not declare ethnicity/nationality,2
2013,Number,Celinac,Total,Does not declare ethnicity/nationality,35
2013,Number,Celinac,M,Does not declare ethnicity/nationality,16
2013,Number,Celinac,F,Does not declare ethnicity/nationality,19
2013,Number,Samac,Total,Does not declare ethnicity/nationality,141
2013,Number,Samac,M,Does not declare ethnicity/nationality,57
2013,Number,Samac,F,Does not declare ethnicity/nationality,84
2013,Number,Sekovici,Total,Does not declare ethnicity/nationality,5
2013,Number,Sekovici,M,Does not declare ethnicity/nationality,2
2013,Number,Sekovici,F,Does not declare ethnicity/nationality,3
2013,Number,Sipovo,Total,Does not declare ethnicity/nationality,24
2013,Number,Sipovo,M,Does not declare ethnicity/nationality,12
2013,Number,Sipovo,F,Does not declare ethnicity/nationality,12
2013,Number,Republika Srpska,Total,Unknown ethnicity/nationality,1997
2013,Number,Republika Srpska,M,Unknown ethnicity/nationality,916
2013,Number,Republika Srpska,F,Unknown ethnicity/nationality,1081
2013,Number,City of Banja Luka,Total,Unknown ethnicity/nationality,328
2013,Number,City of Banja Luka,M,Unknown ethnicity/nationality,153
2013,Number,City of Banja Luka,F,Unknown ethnicity/nationality,175
2013,Number,Berkovici,Total,Unknown ethnicity/nationality,1
2013,Number,Berkovici,M,Unknown ethnicity/nationality,0
2013,Number,Berkovici,F,Unknown ethnicity/nationality,1
2013,Number,City of Bijeljina,Total,Unknown ethnicity/nationality,90
2013,Number,City of Bijeljina,M,Unknown ethnicity/nationality,37
2013,Number,City of Bijeljina,F,Unknown ethnicity/nationality,53
2013,Number,Bileca,Total,Unknown ethnicity/nationality,11
2013,Number,Bileca,M,Unknown ethnicity/nationality,4
2013,Number,Bileca,F,Unknown ethnicity/nationality,7
2013,Number,Bratunac,Total,Unknown ethnicity/nationality,35
2013,Number,Bratunac,M,Unknown ethnicity/nationality,16
2013,Number,Bratunac,F,Unknown ethnicity/nationality,19
2013,Number,Brod,Total,Unknown ethnicity/nationality,29
2013,Number,Brod,M,Unknown ethnicity/nationality,12
2013,Number,Brod,F,Unknown ethnicity/nationality,17
2013,Number,Visegrad,Total,Unknown ethnicity/nationality,177
2013,Number,Visegrad,M,Unknown ethnicity/nationality,2
2013,Number,Visegrad,F,Unknown ethnicity/nationality,175
2013,Number,Vlasenica,Total,Unknown ethnicity/nationality,29
2013,Number,Vlasenica,M,Unknown ethnicity/nationality,13
2013,Number,Vlasenica,F,Unknown ethnicity/nationality,16
2013,Number,Vukosavlje,Total,Unknown ethnicity/nationality,14
2013,Number,Vukosavlje,M,Unknown ethnicity/nationality,3
2013,Number,Vukosavlje,F,Unknown ethnicity/nationality,11
2013,Number,Gacko,Total,Unknown ethnicity/nationality,6
2013,Number,Gacko,M,Unknown ethnicity/nationality,1
2013,Number,Gacko,F,Unknown ethnicity/nationality,5
2013,Number,City of Gradiska,Total,Unknown ethnicity/nationality,42
2013,Number,City of Gradiska,M,Unknown ethnicity/nationality,19
2013,Number,City of Gradiska,F,Unknown ethnicity/nationality,23
2013,Number,City of Derventa,Total,Unknown ethnicity/nationality,54
2013,Number,City of Derventa,M,Unknown ethnicity/nationality,24
2013,Number,City of Derventa,F,Unknown ethnicity/nationality,30
2013,Number,City of Doboj,Total,Unknown ethnicity/nationality,163
2013,Number,City of Doboj,M,Unknown ethnicity/nationality,61
2013,Number,City of Doboj,F,Unknown ethnicity/nationality,102
2013,Number,Donji Zabar,Total,Unknown ethnicity/nationality,2
2013,Number,Donji Zabar,M,Unknown ethnicity/nationality,1
2013,Number,Donji Zabar,F,Unknown ethnicity/nationality,1
2013,Number,City of Zvornik,Total,Unknown ethnicity/nationality,97
2013,Number,City of Zvornik,M,Unknown ethnicity/nationality,42
2013,Number,City of Zvornik,F,Unknown ethnicity/nationality,55
2013,Number,East Ilidza,Total,Unknown ethnicity/nationality,10
2013,Number,East Ilidza,M,Unknown ethnicity/nationality,5
2013,Number,East Ilidza,F,Unknown ethnicity/nationality,5
2013,Number,East Drvar,Total,Unknown ethnicity/nationality,0
2013,Number,East Drvar,M,Unknown ethnicity/nationality,0
2013,Number,East Drvar,F,Unknown ethnicity/nationality,0
2013,Number,East Mostar,Total,Unknown ethnicity/nationality,2
2013,Number,East Mostar,M,Unknown ethnicity/nationality,1
2013,Number,East Mostar,F,Unknown ethnicity/nationality,1
2013,Number,East Stari Grad,Total,Unknown ethnicity/nationality,1
2013,Number,East Stari Grad,M,Unknown ethnicity/nationality,1
2013,Number,East Stari Grad,F,Unknown ethnicity/nationality,0
2013,Number,East Novo Sarajevo,Total,Unknown ethnicity/nationality,3
2013,Number,East Novo Sarajevo,M,Unknown ethnicity/nationality,0
2013,Number,East Novo Sarajevo,F,Unknown ethnicity/nationality,3
2013,Number,Jezero,Total,Unknown ethnicity/nationality,1
2013,Number,Jezero,M,Unknown ethnicity/nationality,1
2013,Number,Jezero,F,Unknown ethnicity/nationality,0
2013,Number,Kalinovik,Total,Unknown ethnicity/nationality,0
2013,Number,Kalinovik,M,Unknown ethnicity/nationality,0
2013,Number,Kalinovik,F,Unknown ethnicity/nationality,0
2013,Number,Knezevo,Total,Unknown ethnicity/nationality,4
2013,Number,Knezevo,M,Unknown ethnicity/nationality,3
2013,Number,Knezevo,F,Unknown ethnicity/nationality,1
2013,Number,Kozarska Dubica,Total,Unknown ethnicity/nationality,12
2013,Number,Kozarska Dubica,M,Unknown ethnicity/nationality,5
2013,Number,Kozarska Dubica,F,Unknown ethnicity/nationality,7
2013,Number,Kostajnica,Total,Unknown ethnicity/nationality,2
2013,Number,Kostajnica,M,Unknown ethnicity/nationality,0
2013,Number,Kostajnica,F,Unknown ethnicity/nationality,2
2013,Number,Kotor Varos,Total,Unknown ethnicity/nationality,19
2013,Number,Kotor Varos,M,Unknown ethnicity/nationality,14
2013,Number,Kotor Varos,F,Unknown ethnicity/nationality,5
2013,Number,Krupa Na Uni,Total,Unknown ethnicity/nationality,0
2013,Number,Krupa Na Uni,M,Unknown ethnicity/nationality,0
2013,Number,Krupa Na Uni,F,Unknown ethnicity/nationality,0
2013,Number,Kupres,Total,Unknown ethnicity/nationality,0
2013,Number,Kupres,M,Unknown ethnicity/nationality,0
2013,Number,Kupres,F,Unknown ethnicity/nationality,0
2013,Number,Laktasi,Total,Unknown ethnicity/nationality,46
2013,Number,Laktasi,M,Unknown ethnicity/nationality,20
2013,Number,Laktasi,F,Unknown ethnicity/nationality,26
2013,Number,Lopare,Total,Unknown ethnicity/nationality,10
2013,Number,Lopare,M,Unknown ethnicity/nationality,6
2013,Number,Lopare,F,Unknown ethnicity/nationality,4
2013,Number,Ljubinje,Total,Unknown ethnicity/nationality,2
2013,Number,Ljubinje,M,Unknown ethnicity/nationality,1
2013,Number,Ljubinje,F,Unknown ethnicity/nationality,1
2013,Number,Milici,Total,Unknown ethnicity/nationality,8
2013,Number,Milici,M,Unknown ethnicity/nationality,3
2013,Number,Milici,F,Unknown ethnicity/nationality,5
2013,Number,Modrica,Total,Unknown ethnicity/nationality,116
2013,Number,Modrica,M,Unknown ethnicity/nationality,62
2013,Number,Modrica,F,Unknown ethnicity/nationality,54
2013,Number,Mrkonjic Grad,Total,Unknown ethnicity/nationality,12
2013,Number,Mrkonjic Grad,M,Unknown ethnicity/nationality,6
2013,Number,Mrkonjic Grad,F,Unknown ethnicity/nationality,6
2013,Number,Nevesinje,Total,Unknown ethnicity/nationality,7
2013,Number,Nevesinje,M,Unknown ethnicity/nationality,2
2013,Number,Nevesinje,F,Unknown ethnicity/nationality,5
2013,Number,Novi Grad,Total,Unknown ethnicity/nationality,24
2013,Number,Novi Grad,M,Unknown ethnicity/nationality,13
2013,Number,Novi Grad,F,Unknown ethnicity/nationality,11
2013,Number,Novo Gorazde,Total,Unknown ethnicity/nationality,7
2013,Number,Novo Gorazde,M,Unknown ethnicity/nationality,2
2013,Number,Novo Gorazde,F,Unknown ethnicity/nationality,5
2013,Number,Osmaci,Total,Unknown ethnicity/nationality,4
2013,Number,Osmaci,M,Unknown ethnicity/nationality,2
2013,Number,Osmaci,F,Unknown ethnicity/nationality,2
2013,Number,Ostra Luka,Total,Unknown ethnicity/nationality,3
2013,Number,Ostra Luka,M,Unknown ethnicity/nationality,2
2013,Number,Ostra Luka,F,Unknown ethnicity/nationality,1
2013,Number,Pale,Total,Unknown ethnicity/nationality,13
2013,Number,Pale,M,Unknown ethnicity/nationality,9
2013,Number,Pale,F,Unknown ethnicity/nationality,4
2013,Number,Pelagicevo,Total,Unknown ethnicity/nationality,5
2013,Number,Pelagicevo,M,Unknown ethnicity/nationality,1
2013,Number,Pelagicevo,F,Unknown ethnicity/nationality,4
2013,Number,Petrovac,Total,Unknown ethnicity/nationality,0
2013,Number,Petrovac,M,Unknown ethnicity/nationality,0
2013,Number,Petrovac,F,Unknown ethnicity/nationality,0
2013,Number,Petrovo,Total,Unknown ethnicity/nationality,4
2013,Number,Petrovo,M,Unknown ethnicity/nationality,2
2013,Number,Petrovo,F,Unknown ethnicity/nationality,2
2013,Number,City of Prijedor,Total,Unknown ethnicity/nationality,369
2013,Number,City of Prijedor,M,Unknown ethnicity/nationality,257
2013,Number,City of Prijedor,F,Unknown ethnicity/nationality,112
2013,Number,Prnjavor,Total,Unknown ethnicity/nationality,30
2013,Number,Prnjavor,M,Unknown ethnicity/nationality,10
2013,Number,Prnjavor,F,Unknown ethnicity/nationality,20
2013,Number,Ribnik,Total,Unknown ethnicity/nationality,2
2013,Number,Ribnik,M,Unknown ethnicity/nationality,2
2013,Number,Ribnik,F,Unknown ethnicity/nationality,0
2013,Number,Rogatica,Total,Unknown ethnicity/nationality,5
2013,Number,Rogatica,M,Unknown ethnicity/nationality,2
2013,Number,Rogatica,F,Unknown ethnicity/nationality,3
2013,Number,Rudo,Total,Unknown ethnicity/nationality,3
2013,Number,Rudo,M,Unknown ethnicity/nationality,0
2013,Number,Rudo,F,Unknown ethnicity/nationality,3
2013,Number,Sokolac,Total,Unknown ethnicity/nationality,18
2013,Number,Sokolac,M,Unknown ethnicity/nationality,5
2013,Number,Sokolac,F,Unknown ethnicity/nationality,13
2013,Number,Srbac,Total,Unknown ethnicity/nationality,29
2013,Number,Srbac,M,Unknown ethnicity/nationality,11
2013,Number,Srbac,F,Unknown ethnicity/nationality,18
2013,Number,Srebrenica,Total,Unknown ethnicity/nationality,14
2013,Number,Srebrenica,M,Unknown ethnicity/nationality,8
2013,Number,Srebrenica,F,Unknown ethnicity/nationality,6
2013,Number,Teslic,Total,Unknown ethnicity/nationality,44
2013,Number,Teslic,M,Unknown ethnicity/nationality,23
2013,Number,Teslic,F,Unknown ethnicity/nationality,21
2013,Number,City of Trebinje,Total,Unknown ethnicity/nationality,19
2013,Number,City of Trebinje,M,Unknown ethnicity/nationality,11
2013,Number,City of Trebinje,F,Unknown ethnicity/nationality,8
2013,Number,Trnovo,Total,Unknown ethnicity/nationality,0
2013,Number,Trnovo,M,Unknown ethnicity/nationality,0
2013,Number,Trnovo,F,Unknown ethnicity/nationality,0
2013,Number,Ugljevik,Total,Unknown ethnicity/nationality,13
2013,Number,Ugljevik,M,Unknown ethnicity/nationality,11
2013,Number,Ugljevik,F,Unknown ethnicity/nationality,2
2013,Number,Foca,Total,Unknown ethnicity/nationality,12
2013,Number,Foca,M,Unknown ethnicity/nationality,5
2013,Number,Foca,F,Unknown ethnicity/nationality,7
2013,Number,Han Pijesak,Total,Unknown ethnicity/nationality,0
2013,Number,Han Pijesak,M,Unknown ethnicity/nationality,0
2013,Number,Han Pijesak,F,Unknown ethnicity/nationality,0
2013,Number,Cajnice,Total,Unknown ethnicity/nationality,5
2013,Number,Cajnice,M,Unknown ethnicity/nationality,2
2013,Number,Cajnice,F,Unknown ethnicity/nationality,3
2013,Number,Celinac,Total,Unknown ethnicity/nationality,9
2013,Number,Celinac,M,Unknown ethnicity/nationality,4
2013,Number,Celinac,F,Unknown ethnicity/nationality,5
2013,Number,Samac,Total,Unknown ethnicity/nationality,19
2013,Number,Samac,M,Unknown ethnicity/nationality,10
2013,Number,Samac,F,Unknown ethnicity/nationality,9
2013,Number,Sekovici,Total,Unknown ethnicity/nationality,8
2013,Number,Sekovici,M,Unknown ethnicity/nationality,3
2013,Number,Sekovici,F,Unknown ethnicity/nationality,5
2013,Number,Sipovo,Total,Unknown ethnicity/nationality,5
2013,Number,Sipovo,M,Unknown ethnicity/nationality,3
2013,Number,Sipovo,F,Unknown ethnicity/nationality,2
