Year,UNIT_MEASURE,Administrative area,Sex,Religion,Value
2013,Number,Republika Srpska,Both sexes,Total,1170342
2013,Number,Republika Srpska,M,Total,571812
2013,Number,Republika Srpska,F,Total,598530
2013,Number,City of Banja Luka,Both sexes,Total,180053
2013,Number,City of Banja Luka,M,Total,86510
2013,Number,City of Banja Luka,F,Total,93543
2013,Number,Berkovici,Both sexes,Total,2041
2013,Number,Berkovici,M,Total,1032
2013,Number,Berkovici,F,Total,1009
2013,Number,City of Bijeljina,Both sexes,Total,103874
2013,Number,City of Bijeljina,M,Total,50760
2013,Number,City of Bijeljina,F,Total,53114
2013,Number,Bileca,Both sexes,Total,10607
2013,Number,Bileca,M,Total,5346
2013,Number,Bileca,F,Total,5261
2013,Number,Bratunac,Both sexes,Total,18651
2013,Number,Bratunac,M,Total,9210
2013,Number,Bratunac,F,Total,9441
2013,Number,Brod,Both sexes,Total,15720
2013,Number,Brod,M,Total,7670
2013,Number,Brod,F,Total,8050
2013,Number,Visegrad,Both sexes,Total,10118
2013,Number,Visegrad,M,Total,4834
2013,Number,Visegrad,F,Total,5284
2013,Number,Vlasenica,Both sexes,Total,10657
2013,Number,Vlasenica,M,Total,5193
2013,Number,Vlasenica,F,Total,5464
2013,Number,Vukosavlje,Both sexes,Total,4363
2013,Number,Vukosavlje,M,Total,2185
2013,Number,Vukosavlje,F,Total,2178
2013,Number,Gacko,Both sexes,Total,8710
2013,Number,Gacko,M,Total,4423
2013,Number,Gacko,F,Total,4287
2013,Number,City of Gradiska,Both sexes,Total,49196
2013,Number,City of Gradiska,M,Total,23944
2013,Number,City of Gradiska,F,Total,25252
2013,Number,City of Derventa,Both sexes,Total,25922
2013,Number,City of Derventa,M,Total,12629
2013,Number,City of Derventa,F,Total,13293
2013,Number,City of Doboj,Both sexes,Total,68514
2013,Number,City of Doboj,M,Total,33222
2013,Number,City of Doboj,F,Total,35292
2013,Number,Donji Zabar,Both sexes,Total,3669
2013,Number,Donji Zabar,M,Total,1853
2013,Number,Donji Zabar,F,Total,1816
2013,Number,City of Zvornik,Both sexes,Total,54407
2013,Number,City of Zvornik,M,Total,26803
2013,Number,City of Zvornik,F,Total,27604
2013,Number,East Ilidza,Both sexes,Total,14437
2013,Number,East Ilidza,M,Total,6905
2013,Number,East Ilidza,F,Total,7532
2013,Number,East Drvar,Both sexes,Total,66
2013,Number,East Drvar,M,Total,44
2013,Number,East Drvar,F,Total,22
2013,Number,East Mostar,Both sexes,Total,244
2013,Number,East Mostar,M,Total,138
2013,Number,East Mostar,F,Total,106
2013,Number,East Stari Grad,Both sexes,Total,1116
2013,Number,East Stari Grad,M,Total,552
2013,Number,East Stari Grad,F,Total,564
2013,Number,East Novo Sarajevo,Both sexes,Total,10401
2013,Number,East Novo Sarajevo,M,Total,4936
2013,Number,East Novo Sarajevo,F,Total,5465
2013,Number,Jezero,Both sexes,Total,1039
2013,Number,Jezero,M,Total,534
2013,Number,Jezero,F,Total,505
2013,Number,Kalinovik,Both sexes,Total,1962
2013,Number,Kalinovik,M,Total,950
2013,Number,Kalinovik,F,Total,1012
2013,Number,Knezevo,Both sexes,Total,9368
2013,Number,Knezevo,M,Total,4632
2013,Number,Knezevo,F,Total,4736
2013,Number,Kozarska Dubica,Both sexes,Total,20681
2013,Number,Kozarska Dubica,M,Total,10094
2013,Number,Kozarska Dubica,F,Total,10587
2013,Number,Kostajnica,Both sexes,Total,5645
2013,Number,Kostajnica,M,Total,2780
2013,Number,Kostajnica,F,Total,2865
2013,Number,Kotor Varos,Both sexes,Total,18361
2013,Number,Kotor Varos,M,Total,9007
2013,Number,Kotor Varos,F,Total,9354
2013,Number,Krupa Na Uni,Both sexes,Total,1560
2013,Number,Krupa Na Uni,M,Total,841
2013,Number,Krupa Na Uni,F,Total,719
2013,Number,Kupres,Both sexes,Total,293
2013,Number,Kupres,M,Total,157
2013,Number,Kupres,F,Total,136
2013,Number,Laktasi,Both sexes,Total,34210
2013,Number,Laktasi,M,Total,16905
2013,Number,Laktasi,F,Total,17305
2013,Number,Lopare,Both sexes,Total,14689
2013,Number,Lopare,M,Total,7377
2013,Number,Lopare,F,Total,7312
2013,Number,Ljubinje,Both sexes,Total,3319
2013,Number,Ljubinje,M,Total,1633
2013,Number,Ljubinje,F,Total,1686
2013,Number,Milici,Both sexes,Total,10445
2013,Number,Milici,M,Total,5252
2013,Number,Milici,F,Total,5193
2013,Number,Modrica,Both sexes,Total,24490
2013,Number,Modrica,M,Total,11969
2013,Number,Modrica,F,Total,12521
2013,Number,Mrkonjic Grad,Both sexes,Total,15926
2013,Number,Mrkonjic Grad,M,Total,7660
2013,Number,Mrkonjic Grad,F,Total,8266
2013,Number,Nevesinje,Both sexes,Total,12542
2013,Number,Nevesinje,M,Total,6236
2013,Number,Nevesinje,F,Total,6306
2013,Number,Novi Grad,Both sexes,Total,25240
2013,Number,Novi Grad,M,Total,12580
2013,Number,Novi Grad,F,Total,12660
2013,Number,Novo Gorazde,Both sexes,Total,2915
2013,Number,Novo Gorazde,M,Total,1500
2013,Number,Novo Gorazde,F,Total,1415
2013,Number,Osmaci,Both sexes,Total,5546
2013,Number,Osmaci,M,Total,2779
2013,Number,Osmaci,F,Total,2767
2013,Number,Ostra Luka,Both sexes,Total,2705
2013,Number,Ostra Luka,M,Total,1386
2013,Number,Ostra Luka,F,Total,1319
2013,Number,Pale,Both sexes,Total,20359
2013,Number,Pale,M,Total,9744
2013,Number,Pale,F,Total,10615
2013,Number,Pelagicevo,Both sexes,Total,4358
2013,Number,Pelagicevo,M,Total,2151
2013,Number,Pelagicevo,F,Total,2207
2013,Number,Petrovac,Both sexes,Total,354
2013,Number,Petrovac,M,Total,169
2013,Number,Petrovac,F,Total,185
2013,Number,Petrovo,Both sexes,Total,6317
2013,Number,Petrovo,M,Total,3043
2013,Number,Petrovo,F,Total,3274
2013,Number,City of Prijedor,Both sexes,Total,80916
2013,Number,City of Prijedor,M,Total,39418
2013,Number,City of Prijedor,F,Total,41498
2013,Number,Prnjavor,Both sexes,Total,34357
2013,Number,Prnjavor,M,Total,16675
2013,Number,Prnjavor,F,Total,17682
2013,Number,Ribnik,Both sexes,Total,5851
2013,Number,Ribnik,M,Total,2900
2013,Number,Ribnik,F,Total,2951
2013,Number,Rogatica,Both sexes,Total,10302
2013,Number,Rogatica,M,Total,5053
2013,Number,Rogatica,F,Total,5249
2013,Number,Rudo,Both sexes,Total,7578
2013,Number,Rudo,M,Total,3840
2013,Number,Rudo,F,Total,3738
2013,Number,Sokolac,Both sexes,Total,11620
2013,Number,Sokolac,M,Total,5723
2013,Number,Sokolac,F,Total,5897
2013,Number,Srbac,Both sexes,Total,16933
2013,Number,Srbac,M,Total,8295
2013,Number,Srbac,F,Total,8638
2013,Number,Srebrenica,Both sexes,Total,11698
2013,Number,Srebrenica,M,Total,5714
2013,Number,Srebrenica,F,Total,5984
2013,Number,Teslic,Both sexes,Total,37236
2013,Number,Teslic,M,Total,17894
2013,Number,Teslic,F,Total,19342
2013,Number,City of Trebinje,Both sexes,Total,28239
2013,Number,City of Trebinje,M,Total,13760
2013,Number,City of Trebinje,F,Total,14479
2013,Number,Trnovo,Both sexes,Total,1983
2013,Number,Trnovo,M,Total,953
2013,Number,Trnovo,F,Total,1030
2013,Number,Ugljevik,Both sexes,Total,15118
2013,Number,Ugljevik,M,Total,7626
2013,Number,Ugljevik,F,Total,7492
2013,Number,Foca,Both sexes,Total,17580
2013,Number,Foca,M,Total,8880
2013,Number,Foca,F,Total,8700
2013,Number,Han Pijesak,Both sexes,Total,3445
2013,Number,Han Pijesak,M,Total,1632
2013,Number,Han Pijesak,F,Total,1813
2013,Number,Cajnice,Both sexes,Total,4679
2013,Number,Cajnice,M,Total,2347
2013,Number,Cajnice,F,Total,2332
2013,Number,Celinac,Both sexes,Total,15117
2013,Number,Celinac,M,Total,7477
2013,Number,Celinac,F,Total,7640
2013,Number,Samac,Both sexes,Total,16308
2013,Number,Samac,M,Total,7908
2013,Number,Samac,F,Total,8400
2013,Number,Sekovici,Both sexes,Total,6323
2013,Number,Sekovici,M,Total,3103
2013,Number,Sekovici,F,Total,3220
2013,Number,Sipovo,Both sexes,Total,9969
2013,Number,Sipovo,M,Total,5046
2013,Number,Sipovo,F,Total,4923
2013,Number,Republika Srpska,Both sexes,Muslim,149435
2013,Number,Republika Srpska,M,Muslim,72605
2013,Number,Republika Srpska,F,Muslim,76830
2013,Number,City of Banja Luka,Both sexes,Muslim,6693
2013,Number,City of Banja Luka,M,Muslim,3053
2013,Number,City of Banja Luka,F,Muslim,3640
2013,Number,Berkovici,Both sexes,Muslim,155
2013,Number,Berkovici,M,Muslim,87
2013,Number,Berkovici,F,Muslim,68
2013,Number,City of Bijeljina,Both sexes,Muslim,12055
2013,Number,City of Bijeljina,M,Muslim,5902
2013,Number,City of Bijeljina,F,Muslim,6153
2013,Number,Bileca,Both sexes,Muslim,23
2013,Number,Bileca,M,Muslim,14
2013,Number,Bileca,F,Muslim,9
2013,Number,Bratunac,Both sexes,Muslim,6591
2013,Number,Bratunac,M,Muslim,3220
2013,Number,Bratunac,F,Muslim,3371
2013,Number,Brod,Both sexes,Muslim,1311
2013,Number,Brod,M,Muslim,646
2013,Number,Brod,F,Muslim,665
2013,Number,Visegrad,Both sexes,Muslim,876
2013,Number,Visegrad,M,Muslim,443
2013,Number,Visegrad,F,Muslim,433
2013,Number,Vlasenica,Both sexes,Muslim,3354
2013,Number,Vlasenica,M,Muslim,1645
2013,Number,Vlasenica,F,Muslim,1709
2013,Number,Vukosavlje,Both sexes,Muslim,2154
2013,Number,Vukosavlje,M,Muslim,1105
2013,Number,Vukosavlje,F,Muslim,1049
2013,Number,Gacko,Both sexes,Muslim,330
2013,Number,Gacko,M,Muslim,178
2013,Number,Gacko,F,Muslim,152
2013,Number,City of Gradiska,Both sexes,Muslim,6619
2013,Number,City of Gradiska,M,Muslim,3214
2013,Number,City of Gradiska,F,Muslim,3405
2013,Number,City of Derventa,Both sexes,Muslim,1709
2013,Number,City of Derventa,M,Muslim,820
2013,Number,City of Derventa,F,Muslim,889
2013,Number,City of Doboj,Both sexes,Muslim,14342
2013,Number,City of Doboj,M,Muslim,6861
2013,Number,City of Doboj,F,Muslim,7481
2013,Number,Donji Zabar,Both sexes,Muslim,4
2013,Number,Donji Zabar,M,Muslim,0
2013,Number,Donji Zabar,F,Muslim,4
2013,Number,City of Zvornik,Both sexes,Muslim,16791
2013,Number,City of Zvornik,M,Muslim,8218
2013,Number,City of Zvornik,F,Muslim,8573
2013,Number,East Ilidza,Both sexes,Muslim,630
2013,Number,East Ilidza,M,Muslim,291
2013,Number,East Ilidza,F,Muslim,339
2013,Number,East Drvar,Both sexes,Muslim,0
2013,Number,East Drvar,M,Muslim,0
2013,Number,East Drvar,F,Muslim,0
2013,Number,East Mostar,Both sexes,Muslim,77
2013,Number,East Mostar,M,Muslim,44
2013,Number,East Mostar,F,Muslim,33
2013,Number,East Stari Grad,Both sexes,Muslim,38
2013,Number,East Stari Grad,M,Muslim,23
2013,Number,East Stari Grad,F,Muslim,15
2013,Number,East Novo Sarajevo,Both sexes,Muslim,121
2013,Number,East Novo Sarajevo,M,Muslim,52
2013,Number,East Novo Sarajevo,F,Muslim,69
2013,Number,Jezero,Both sexes,Muslim,250
2013,Number,Jezero,M,Muslim,117
2013,Number,Jezero,F,Muslim,133
2013,Number,Kalinovik,Both sexes,Muslim,42
2013,Number,Kalinovik,M,Muslim,19
2013,Number,Kalinovik,F,Muslim,23
2013,Number,Knezevo,Both sexes,Muslim,403
2013,Number,Knezevo,M,Muslim,182
2013,Number,Knezevo,F,Muslim,221
2013,Number,Kozarska Dubica,Both sexes,Muslim,1902
2013,Number,Kozarska Dubica,M,Muslim,915
2013,Number,Kozarska Dubica,F,Muslim,987
2013,Number,Kostajnica,Both sexes,Muslim,1271
2013,Number,Kostajnica,M,Muslim,623
2013,Number,Kostajnica,F,Muslim,648
2013,Number,Kotor Varos,Both sexes,Muslim,4498
2013,Number,Kotor Varos,M,Muslim,2159
2013,Number,Kotor Varos,F,Muslim,2339
2013,Number,Krupa Na Uni,Both sexes,Muslim,3
2013,Number,Krupa Na Uni,M,Muslim,1
2013,Number,Krupa Na Uni,F,Muslim,2
2013,Number,Kupres,Both sexes,Muslim,0
2013,Number,Kupres,M,Muslim,0
2013,Number,Kupres,F,Muslim,0
2013,Number,Laktasi,Both sexes,Muslim,110
2013,Number,Laktasi,M,Muslim,49
2013,Number,Laktasi,F,Muslim,61
2013,Number,Lopare,Both sexes,Muslim,1315
2013,Number,Lopare,M,Muslim,648
2013,Number,Lopare,F,Muslim,667
2013,Number,Ljubinje,Both sexes,Muslim,12
2013,Number,Ljubinje,M,Muslim,6
2013,Number,Ljubinje,F,Muslim,6
2013,Number,Milici,Both sexes,Muslim,3538
2013,Number,Milici,M,Muslim,1750
2013,Number,Milici,F,Muslim,1788
2013,Number,Modrica,Both sexes,Muslim,3032
2013,Number,Modrica,M,Muslim,1445
2013,Number,Modrica,F,Muslim,1587
2013,Number,Mrkonjic Grad,Both sexes,Muslim,351
2013,Number,Mrkonjic Grad,M,Muslim,170
2013,Number,Mrkonjic Grad,F,Muslim,181
2013,Number,Nevesinje,Both sexes,Muslim,508
2013,Number,Nevesinje,M,Muslim,260
2013,Number,Nevesinje,F,Muslim,248
2013,Number,Novi Grad,Both sexes,Muslim,5261
2013,Number,Novi Grad,M,Muslim,2635
2013,Number,Novi Grad,F,Muslim,2626
2013,Number,Novo Gorazde,Both sexes,Muslim,1319
2013,Number,Novo Gorazde,M,Muslim,662
2013,Number,Novo Gorazde,F,Muslim,657
2013,Number,Osmaci,Both sexes,Muslim,2647
2013,Number,Osmaci,M,Muslim,1303
2013,Number,Osmaci,F,Muslim,1344
2013,Number,Ostra Luka,Both sexes,Muslim,26
2013,Number,Ostra Luka,M,Muslim,8
2013,Number,Ostra Luka,F,Muslim,18
2013,Number,Pale,Both sexes,Muslim,160
2013,Number,Pale,M,Muslim,83
2013,Number,Pale,F,Muslim,77
2013,Number,Pelagicevo,Both sexes,Muslim,13
2013,Number,Pelagicevo,M,Muslim,3
2013,Number,Pelagicevo,F,Muslim,10
2013,Number,Petrovac,Both sexes,Muslim,0
2013,Number,Petrovac,M,Muslim,0
2013,Number,Petrovac,F,Muslim,0
2013,Number,Petrovo,Both sexes,Muslim,7
2013,Number,Petrovo,M,Muslim,2
2013,Number,Petrovo,F,Muslim,5
2013,Number,City of Prijedor,Both sexes,Muslim,22271
2013,Number,City of Prijedor,M,Muslim,10662
2013,Number,City of Prijedor,F,Muslim,11609
2013,Number,Prnjavor,Both sexes,Muslim,2776
2013,Number,Prnjavor,M,Muslim,1337
2013,Number,Prnjavor,F,Muslim,1439
2013,Number,Ribnik,Both sexes,Muslim,0
2013,Number,Ribnik,M,Muslim,0
2013,Number,Ribnik,F,Muslim,0
2013,Number,Rogatica,Both sexes,Muslim,1006
2013,Number,Rogatica,M,Muslim,517
2013,Number,Rogatica,F,Muslim,489
2013,Number,Rudo,Both sexes,Muslim,588
2013,Number,Rudo,M,Muslim,306
2013,Number,Rudo,F,Muslim,282
2013,Number,Sokolac,Both sexes,Muslim,620
2013,Number,Sokolac,M,Muslim,325
2013,Number,Sokolac,F,Muslim,295
2013,Number,Srbac,Both sexes,Muslim,399
2013,Number,Srbac,M,Muslim,184
2013,Number,Srbac,F,Muslim,215
2013,Number,Srebrenica,Both sexes,Muslim,6134
2013,Number,Srebrenica,M,Muslim,2916
2013,Number,Srebrenica,F,Muslim,3218
2013,Number,Teslic,Both sexes,Muslim,6932
2013,Number,Teslic,M,Muslim,3410
2013,Number,Teslic,F,Muslim,3522
2013,Number,City of Trebinje,Both sexes,Muslim,848
2013,Number,City of Trebinje,M,Muslim,415
2013,Number,City of Trebinje,F,Muslim,433
2013,Number,Trnovo,Both sexes,Muslim,802
2013,Number,Trnovo,M,Muslim,395
2013,Number,Trnovo,F,Muslim,407
2013,Number,Ugljevik,Both sexes,Muslim,2002
2013,Number,Ugljevik,M,Muslim,977
2013,Number,Ugljevik,F,Muslim,1025
2013,Number,Foca,Both sexes,Muslim,1173
2013,Number,Foca,M,Muslim,630
2013,Number,Foca,F,Muslim,543
2013,Number,Han Pijesak,Both sexes,Muslim,435
2013,Number,Han Pijesak,M,Muslim,212
2013,Number,Han Pijesak,F,Muslim,223
2013,Number,Cajnice,Both sexes,Muslim,836
2013,Number,Cajnice,M,Muslim,440
2013,Number,Cajnice,F,Muslim,396
2013,Number,Celinac,Both sexes,Muslim,406
2013,Number,Celinac,M,Muslim,203
2013,Number,Celinac,F,Muslim,203
2013,Number,Samac,Both sexes,Muslim,976
2013,Number,Samac,M,Muslim,471
2013,Number,Samac,F,Muslim,505
2013,Number,Sekovici,Both sexes,Muslim,107
2013,Number,Sekovici,M,Muslim,54
2013,Number,Sekovici,F,Muslim,53
2013,Number,Sipovo,Both sexes,Muslim,583
2013,Number,Sipovo,M,Muslim,295
2013,Number,Sipovo,F,Muslim,288
2013,Number,Republika Srpska,Both sexes,Catholic,25763
2013,Number,Republika Srpska,M,Catholic,10431
2013,Number,Republika Srpska,F,Catholic,15332
2013,Number,City of Banja Luka,Both sexes,Catholic,4637
2013,Number,City of Banja Luka,M,Catholic,1585
2013,Number,City of Banja Luka,F,Catholic,3052
2013,Number,Berkovici,Both sexes,Catholic,6
2013,Number,Berkovici,M,Catholic,1
2013,Number,Berkovici,F,Catholic,5
2013,Number,City of Bijeljina,Both sexes,Catholic,508
2013,Number,City of Bijeljina,M,Catholic,103
2013,Number,City of Bijeljina,F,Catholic,405
2013,Number,Bileca,Both sexes,Catholic,18
2013,Number,Bileca,M,Catholic,2
2013,Number,Bileca,F,Catholic,16
2013,Number,Bratunac,Both sexes,Catholic,26
2013,Number,Bratunac,M,Catholic,3
2013,Number,Bratunac,F,Catholic,23
2013,Number,Brod,Both sexes,Catholic,2925
2013,Number,Brod,M,Catholic,1360
2013,Number,Brod,F,Catholic,1565
2013,Number,Visegrad,Both sexes,Catholic,33
2013,Number,Visegrad,M,Catholic,6
2013,Number,Visegrad,F,Catholic,27
2013,Number,Vlasenica,Both sexes,Catholic,22
2013,Number,Vlasenica,M,Catholic,4
2013,Number,Vlasenica,F,Catholic,18
2013,Number,Vukosavlje,Both sexes,Catholic,680
2013,Number,Vukosavlje,M,Catholic,325
2013,Number,Vukosavlje,F,Catholic,355
2013,Number,Gacko,Both sexes,Catholic,10
2013,Number,Gacko,M,Catholic,4
2013,Number,Gacko,F,Catholic,6
2013,Number,City of Gradiska,Both sexes,Catholic,865
2013,Number,City of Gradiska,M,Catholic,303
2013,Number,City of Gradiska,F,Catholic,562
2013,Number,City of Derventa,Both sexes,Catholic,2109
2013,Number,City of Derventa,M,Catholic,999
2013,Number,City of Derventa,F,Catholic,1110
2013,Number,City of Doboj,Both sexes,Catholic,1448
2013,Number,City of Doboj,M,Catholic,532
2013,Number,City of Doboj,F,Catholic,916
2013,Number,Donji Zabar,Both sexes,Catholic,977
2013,Number,Donji Zabar,M,Catholic,490
2013,Number,Donji Zabar,F,Catholic,487
2013,Number,City of Zvornik,Both sexes,Catholic,83
2013,Number,City of Zvornik,M,Catholic,6
2013,Number,City of Zvornik,F,Catholic,77
2013,Number,East Ilidza,Both sexes,Catholic,142
2013,Number,East Ilidza,M,Catholic,36
2013,Number,East Ilidza,F,Catholic,106
2013,Number,East Drvar,Both sexes,Catholic,1
2013,Number,East Drvar,M,Catholic,0
2013,Number,East Drvar,F,Catholic,1
2013,Number,East Mostar,Both sexes,Catholic,11
2013,Number,East Mostar,M,Catholic,8
2013,Number,East Mostar,F,Catholic,3
2013,Number,East Stari Grad,Both sexes,Catholic,5
2013,Number,East Stari Grad,M,Catholic,0
2013,Number,East Stari Grad,F,Catholic,5
2013,Number,East Novo Sarajevo,Both sexes,Catholic,101
2013,Number,East Novo Sarajevo,M,Catholic,28
2013,Number,East Novo Sarajevo,F,Catholic,73
2013,Number,Jezero,Both sexes,Catholic,4
2013,Number,Jezero,M,Catholic,2
2013,Number,Jezero,F,Catholic,2
2013,Number,Kalinovik,Both sexes,Catholic,5
2013,Number,Kalinovik,M,Catholic,2
2013,Number,Kalinovik,F,Catholic,3
2013,Number,Knezevo,Both sexes,Catholic,17
2013,Number,Knezevo,M,Catholic,4
2013,Number,Knezevo,F,Catholic,13
2013,Number,Kozarska Dubica,Both sexes,Catholic,250
2013,Number,Kozarska Dubica,M,Catholic,72
2013,Number,Kozarska Dubica,F,Catholic,178
2013,Number,Kostajnica,Both sexes,Catholic,84
2013,Number,Kostajnica,M,Catholic,26
2013,Number,Kostajnica,F,Catholic,58
2013,Number,Kotor Varos,Both sexes,Catholic,788
2013,Number,Kotor Varos,M,Catholic,365
2013,Number,Kotor Varos,F,Catholic,423
2013,Number,Krupa Na Uni,Both sexes,Catholic,2
2013,Number,Krupa Na Uni,M,Catholic,0
2013,Number,Krupa Na Uni,F,Catholic,2
2013,Number,Kupres,Both sexes,Catholic,0
2013,Number,Kupres,M,Catholic,0
2013,Number,Kupres,F,Catholic,0
2013,Number,Laktasi,Both sexes,Catholic,497
2013,Number,Laktasi,M,Catholic,166
2013,Number,Laktasi,F,Catholic,331
2013,Number,Lopare,Both sexes,Catholic,40
2013,Number,Lopare,M,Catholic,5
2013,Number,Lopare,F,Catholic,35
2013,Number,Ljubinje,Both sexes,Catholic,5
2013,Number,Ljubinje,M,Catholic,1
2013,Number,Ljubinje,F,Catholic,4
2013,Number,Milici,Both sexes,Catholic,17
2013,Number,Milici,M,Catholic,5
2013,Number,Milici,F,Catholic,12
2013,Number,Modrica,Both sexes,Catholic,1365
2013,Number,Modrica,M,Catholic,651
2013,Number,Modrica,F,Catholic,714
2013,Number,Mrkonjic Grad,Both sexes,Catholic,146
2013,Number,Mrkonjic Grad,M,Catholic,56
2013,Number,Mrkonjic Grad,F,Catholic,90
2013,Number,Nevesinje,Both sexes,Catholic,21
2013,Number,Nevesinje,M,Catholic,5
2013,Number,Nevesinje,F,Catholic,16
2013,Number,Novi Grad,Both sexes,Catholic,152
2013,Number,Novi Grad,M,Catholic,47
2013,Number,Novi Grad,F,Catholic,105
2013,Number,Novo Gorazde,Both sexes,Catholic,2
2013,Number,Novo Gorazde,M,Catholic,1
2013,Number,Novo Gorazde,F,Catholic,1
2013,Number,Osmaci,Both sexes,Catholic,4
2013,Number,Osmaci,M,Catholic,0
2013,Number,Osmaci,F,Catholic,4
2013,Number,Ostra Luka,Both sexes,Catholic,131
2013,Number,Ostra Luka,M,Catholic,62
2013,Number,Ostra Luka,F,Catholic,69
2013,Number,Pale,Both sexes,Catholic,116
2013,Number,Pale,M,Catholic,30
2013,Number,Pale,F,Catholic,86
2013,Number,Pelagicevo,Both sexes,Catholic,1180
2013,Number,Pelagicevo,M,Catholic,578
2013,Number,Pelagicevo,F,Catholic,602
2013,Number,Petrovac,Both sexes,Catholic,0
2013,Number,Petrovac,M,Catholic,0
2013,Number,Petrovac,F,Catholic,0
2013,Number,Petrovo,Both sexes,Catholic,35
2013,Number,Petrovo,M,Catholic,10
2013,Number,Petrovo,F,Catholic,25
2013,Number,City of Prijedor,Both sexes,Catholic,1544
2013,Number,City of Prijedor,M,Catholic,587
2013,Number,City of Prijedor,F,Catholic,957
2013,Number,Prnjavor,Both sexes,Catholic,645
2013,Number,Prnjavor,M,Catholic,255
2013,Number,Prnjavor,F,Catholic,390
2013,Number,Ribnik,Both sexes,Catholic,7
2013,Number,Ribnik,M,Catholic,1
2013,Number,Ribnik,F,Catholic,6
2013,Number,Rogatica,Both sexes,Catholic,16
2013,Number,Rogatica,M,Catholic,1
2013,Number,Rogatica,F,Catholic,15
2013,Number,Rudo,Both sexes,Catholic,3
2013,Number,Rudo,M,Catholic,1
2013,Number,Rudo,F,Catholic,2
2013,Number,Sokolac,Both sexes,Catholic,23
2013,Number,Sokolac,M,Catholic,3
2013,Number,Sokolac,F,Catholic,20
2013,Number,Srbac,Both sexes,Catholic,153
2013,Number,Srbac,M,Catholic,37
2013,Number,Srbac,F,Catholic,116
2013,Number,Srebrenica,Both sexes,Catholic,17
2013,Number,Srebrenica,M,Catholic,7
2013,Number,Srebrenica,F,Catholic,10
2013,Number,Teslic,Both sexes,Catholic,1292
2013,Number,Teslic,M,Catholic,552
2013,Number,Teslic,F,Catholic,740
2013,Number,City of Trebinje,Both sexes,Catholic,293
2013,Number,City of Trebinje,M,Catholic,90
2013,Number,City of Trebinje,F,Catholic,203
2013,Number,Trnovo,Both sexes,Catholic,15
2013,Number,Trnovo,M,Catholic,2
2013,Number,Trnovo,F,Catholic,13
2013,Number,Ugljevik,Both sexes,Catholic,39
2013,Number,Ugljevik,M,Catholic,7
2013,Number,Ugljevik,F,Catholic,32
2013,Number,Foca,Both sexes,Catholic,64
2013,Number,Foca,M,Catholic,20
2013,Number,Foca,F,Catholic,44
2013,Number,Han Pijesak,Both sexes,Catholic,5
2013,Number,Han Pijesak,M,Catholic,0
2013,Number,Han Pijesak,F,Catholic,5
2013,Number,Cajnice,Both sexes,Catholic,5
2013,Number,Cajnice,M,Catholic,0
2013,Number,Cajnice,F,Catholic,5
2013,Number,Celinac,Both sexes,Catholic,58
2013,Number,Celinac,M,Catholic,14
2013,Number,Celinac,F,Catholic,44
2013,Number,Samac,Both sexes,Catholic,2091
2013,Number,Samac,M,Catholic,969
2013,Number,Samac,F,Catholic,1122
2013,Number,Sekovici,Both sexes,Catholic,7
2013,Number,Sekovici,M,Catholic,0
2013,Number,Sekovici,F,Catholic,7
2013,Number,Sipovo,Both sexes,Catholic,18
2013,Number,Sipovo,M,Catholic,2
2013,Number,Sipovo,F,Catholic,16
2013,Number,Republika Srpska,Both sexes,ortodox,969315
2013,Number,Republika Srpska,M,ortodox,476184
2013,Number,Republika Srpska,F,ortodox,493131
2013,Number,City of Banja Luka,Both sexes,ortodox,161267
2013,Number,City of Banja Luka,M,ortodox,78266
2013,Number,City of Banja Luka,F,ortodox,83001
2013,Number,Berkovici,Both sexes,ortodox,1873
2013,Number,Berkovici,M,ortodox,940
2013,Number,Berkovici,F,ortodox,933
2013,Number,City of Bijeljina,Both sexes,ortodox,89144
2013,Number,City of Bijeljina,M,ortodox,43682
2013,Number,City of Bijeljina,F,ortodox,45462
2013,Number,Bileca,Both sexes,ortodox,10490
2013,Number,Bileca,M,ortodox,5291
2013,Number,Bileca,F,ortodox,5199
2013,Number,Bratunac,Both sexes,ortodox,11726
2013,Number,Bratunac,M,ortodox,5835
2013,Number,Bratunac,F,ortodox,5891
2013,Number,Brod,Both sexes,ortodox,11066
2013,Number,Brod,M,ortodox,5474
2013,Number,Brod,F,ortodox,5592
2013,Number,Visegrad,Both sexes,ortodox,8913
2013,Number,Visegrad,M,ortodox,4315
2013,Number,Visegrad,F,ortodox,4598
2013,Number,Vlasenica,Both sexes,ortodox,7111
2013,Number,Vlasenica,M,ortodox,3473
2013,Number,Vlasenica,F,ortodox,3638
2013,Number,Vukosavlje,Both sexes,ortodox,1442
2013,Number,Vukosavlje,M,ortodox,713
2013,Number,Vukosavlje,F,ortodox,729
2013,Number,Gacko,Both sexes,ortodox,8337
2013,Number,Gacko,M,ortodox,4228
2013,Number,Gacko,F,ortodox,4109
2013,Number,City of Gradiska,Both sexes,ortodox,40702
2013,Number,City of Gradiska,M,ortodox,19929
2013,Number,City of Gradiska,F,ortodox,20773
2013,Number,City of Derventa,Both sexes,ortodox,21541
2013,Number,City of Derventa,M,ortodox,10537
2013,Number,City of Derventa,F,ortodox,11004
2013,Number,City of Doboj,Both sexes,ortodox,50744
2013,Number,City of Doboj,M,ortodox,24842
2013,Number,City of Doboj,F,ortodox,25902
2013,Number,Donji Zabar,Both sexes,ortodox,2658
2013,Number,Donji Zabar,M,ortodox,1352
2013,Number,Donji Zabar,F,ortodox,1306
2013,Number,City of Zvornik,Both sexes,ortodox,37114
2013,Number,City of Zvornik,M,ortodox,18378
2013,Number,City of Zvornik,F,ortodox,18736
2013,Number,East Ilidza,Both sexes,ortodox,13458
2013,Number,East Ilidza,M,ortodox,6479
2013,Number,East Ilidza,F,ortodox,6979
2013,Number,East Drvar,Both sexes,ortodox,65
2013,Number,East Drvar,M,ortodox,44
2013,Number,East Drvar,F,ortodox,21
2013,Number,East Mostar,Both sexes,ortodox,153
2013,Number,East Mostar,M,ortodox,84
2013,Number,East Mostar,F,ortodox,69
2013,Number,East Stari Grad,Both sexes,ortodox,1058
2013,Number,East Stari Grad,M,ortodox,520
2013,Number,East Stari Grad,F,ortodox,538
2013,Number,East Novo Sarajevo,Both sexes,ortodox,10044
2013,Number,East Novo Sarajevo,M,ortodox,4796
2013,Number,East Novo Sarajevo,F,ortodox,5248
2013,Number,Jezero,Both sexes,ortodox,780
2013,Number,Jezero,M,ortodox,412
2013,Number,Jezero,F,ortodox,368
2013,Number,Kalinovik,Both sexes,ortodox,1905
2013,Number,Kalinovik,M,ortodox,923
2013,Number,Kalinovik,F,ortodox,982
2013,Number,Knezevo,Both sexes,ortodox,8866
2013,Number,Knezevo,M,ortodox,4408
2013,Number,Knezevo,F,ortodox,4458
2013,Number,Kozarska Dubica,Both sexes,ortodox,18103
2013,Number,Kozarska Dubica,M,ortodox,8909
2013,Number,Kozarska Dubica,F,ortodox,9194
2013,Number,Kostajnica,Both sexes,ortodox,4190
2013,Number,Kostajnica,M,ortodox,2080
2013,Number,Kostajnica,F,ortodox,2110
2013,Number,Kotor Varos,Both sexes,ortodox,12645
2013,Number,Kotor Varos,M,ortodox,6263
2013,Number,Kotor Varos,F,ortodox,6382
2013,Number,Krupa Na Uni,Both sexes,ortodox,1554
2013,Number,Krupa Na Uni,M,ortodox,840
2013,Number,Krupa Na Uni,F,ortodox,714
2013,Number,Kupres,Both sexes,ortodox,292
2013,Number,Kupres,M,ortodox,156
2013,Number,Kupres,F,ortodox,136
2013,Number,Laktasi,Both sexes,ortodox,32907
2013,Number,Laktasi,M,ortodox,16334
2013,Number,Laktasi,F,ortodox,16573
2013,Number,Lopare,Both sexes,ortodox,13273
2013,Number,Lopare,M,ortodox,6700
2013,Number,Lopare,F,ortodox,6573
2013,Number,Ljubinje,Both sexes,ortodox,3295
2013,Number,Ljubinje,M,ortodox,1621
2013,Number,Ljubinje,F,ortodox,1674
2013,Number,Milici,Both sexes,ortodox,6835
2013,Number,Milici,M,ortodox,3469
2013,Number,Milici,F,ortodox,3366
2013,Number,Modrica,Both sexes,ortodox,19482
2013,Number,Modrica,M,ortodox,9579
2013,Number,Modrica,F,ortodox,9903
2013,Number,Mrkonjic Grad,Both sexes,ortodox,15334
2013,Number,Mrkonjic Grad,M,ortodox,7387
2013,Number,Mrkonjic Grad,F,ortodox,7947
2013,Number,Nevesinje,Both sexes,ortodox,11973
2013,Number,Nevesinje,M,ortodox,5955
2013,Number,Nevesinje,F,ortodox,6018
2013,Number,Novi Grad,Both sexes,ortodox,19443
2013,Number,Novi Grad,M,ortodox,9725
2013,Number,Novi Grad,F,ortodox,9718
2013,Number,Novo Gorazde,Both sexes,ortodox,1563
2013,Number,Novo Gorazde,M,ortodox,822
2013,Number,Novo Gorazde,F,ortodox,741
2013,Number,Osmaci,Both sexes,ortodox,2848
2013,Number,Osmaci,M,ortodox,1446
2013,Number,Osmaci,F,ortodox,1402
2013,Number,Ostra Luka,Both sexes,ortodox,2503
2013,Number,Ostra Luka,M,ortodox,1290
2013,Number,Ostra Luka,F,ortodox,1213
2013,Number,Pale,Both sexes,ortodox,19901
2013,Number,Pale,M,ortodox,9546
2013,Number,Pale,F,ortodox,10355
2013,Number,Pelagicevo,Both sexes,ortodox,3152
2013,Number,Pelagicevo,M,ortodox,1566
2013,Number,Pelagicevo,F,ortodox,1586
2013,Number,Petrovac,Both sexes,ortodox,352
2013,Number,Petrovac,M,ortodox,168
2013,Number,Petrovac,F,ortodox,184
2013,Number,Petrovo,Both sexes,ortodox,6221
2013,Number,Petrovo,M,ortodox,3004
2013,Number,Petrovo,F,ortodox,3217
2013,Number,City of Prijedor,Both sexes,ortodox,53842
2013,Number,City of Prijedor,M,ortodox,26540
2013,Number,City of Prijedor,F,ortodox,27302
2013,Number,Prnjavor,Both sexes,ortodox,29944
2013,Number,Prnjavor,M,ortodox,14579
2013,Number,Prnjavor,F,ortodox,15365
2013,Number,Ribnik,Both sexes,ortodox,5824
2013,Number,Ribnik,M,ortodox,2886
2013,Number,Ribnik,F,ortodox,2938
2013,Number,Rogatica,Both sexes,ortodox,9199
2013,Number,Rogatica,M,ortodox,4492
2013,Number,Rogatica,F,ortodox,4707
2013,Number,Rudo,Both sexes,ortodox,6968
2013,Number,Rudo,M,ortodox,3521
2013,Number,Rudo,F,ortodox,3447
2013,Number,Sokolac,Both sexes,ortodox,10897
2013,Number,Sokolac,M,ortodox,5356
2013,Number,Sokolac,F,ortodox,5541
2013,Number,Srbac,Both sexes,ortodox,16110
2013,Number,Srbac,M,ortodox,7932
2013,Number,Srbac,F,ortodox,8178
2013,Number,Srebrenica,Both sexes,ortodox,5418
2013,Number,Srebrenica,M,ortodox,2721
2013,Number,Srebrenica,F,ortodox,2697
2013,Number,Teslic,Both sexes,ortodox,28140
2013,Number,Teslic,M,ortodox,13523
2013,Number,Teslic,F,ortodox,14617
2013,Number,City of Trebinje,Both sexes,ortodox,26669
2013,Number,City of Trebinje,M,ortodox,13054
2013,Number,City of Trebinje,F,ortodox,13615
2013,Number,Trnovo,Both sexes,ortodox,1135
2013,Number,Trnovo,M,ortodox,537
2013,Number,Trnovo,F,ortodox,598
2013,Number,Ugljevik,Both sexes,ortodox,13016
2013,Number,Ugljevik,M,ortodox,6602
2013,Number,Ugljevik,F,ortodox,6414
2013,Number,Foca,Both sexes,ortodox,16163
2013,Number,Foca,M,ortodox,8138
2013,Number,Foca,F,ortodox,8025
2013,Number,Han Pijesak,Both sexes,ortodox,2998
2013,Number,Han Pijesak,M,ortodox,1416
2013,Number,Han Pijesak,F,ortodox,1582
2013,Number,Cajnice,Both sexes,ortodox,3812
2013,Number,Cajnice,M,ortodox,1895
2013,Number,Cajnice,F,ortodox,1917
2013,Number,Celinac,Both sexes,ortodox,14538
2013,Number,Celinac,M,ortodox,7205
2013,Number,Celinac,F,ortodox,7333
2013,Number,Samac,Both sexes,ortodox,12833
2013,Number,Samac,M,ortodox,6262
2013,Number,Samac,F,ortodox,6571
2013,Number,Sekovici,Both sexes,ortodox,6188
2013,Number,Sekovici,M,ortodox,3035
2013,Number,Sekovici,F,ortodox,3153
2013,Number,Sipovo,Both sexes,ortodox,9298
2013,Number,Sipovo,M,ortodox,4709
2013,Number,Sipovo,F,ortodox,4589
2013,Number,Republika Srpska,Both sexes,Agnostic,1223
2013,Number,Republika Srpska,M,Agnostic,610
2013,Number,Republika Srpska,F,Agnostic,613
2013,Number,City of Banja Luka,Both sexes,Agnostic,592
2013,Number,City of Banja Luka,M,Agnostic,285
2013,Number,City of Banja Luka,F,Agnostic,307
2013,Number,Berkovici,Both sexes,Agnostic,0
2013,Number,Berkovici,M,Agnostic,0
2013,Number,Berkovici,F,Agnostic,0
2013,Number,City of Bijeljina,Both sexes,Agnostic,60
2013,Number,City of Bijeljina,M,Agnostic,33
2013,Number,City of Bijeljina,F,Agnostic,27
2013,Number,Bileca,Both sexes,Agnostic,1
2013,Number,Bileca,M,Agnostic,1
2013,Number,Bileca,F,Agnostic,0
2013,Number,Bratunac,Both sexes,Agnostic,2
2013,Number,Bratunac,M,Agnostic,1
2013,Number,Bratunac,F,Agnostic,1
2013,Number,Brod,Both sexes,Agnostic,15
2013,Number,Brod,M,Agnostic,7
2013,Number,Brod,F,Agnostic,8
2013,Number,Visegrad,Both sexes,Agnostic,2
2013,Number,Visegrad,M,Agnostic,2
2013,Number,Visegrad,F,Agnostic,0
2013,Number,Vlasenica,Both sexes,Agnostic,2
2013,Number,Vlasenica,M,Agnostic,1
2013,Number,Vlasenica,F,Agnostic,1
2013,Number,Vukosavlje,Both sexes,Agnostic,1
2013,Number,Vukosavlje,M,Agnostic,1
2013,Number,Vukosavlje,F,Agnostic,0
2013,Number,Gacko,Both sexes,Agnostic,1
2013,Number,Gacko,M,Agnostic,0
2013,Number,Gacko,F,Agnostic,1
2013,Number,City of Gradiska,Both sexes,Agnostic,45
2013,Number,City of Gradiska,M,Agnostic,28
2013,Number,City of Gradiska,F,Agnostic,17
2013,Number,City of Derventa,Both sexes,Agnostic,19
2013,Number,City of Derventa,M,Agnostic,9
2013,Number,City of Derventa,F,Agnostic,10
2013,Number,City of Doboj,Both sexes,Agnostic,71
2013,Number,City of Doboj,M,Agnostic,40
2013,Number,City of Doboj,F,Agnostic,31
2013,Number,Donji Zabar,Both sexes,Agnostic,1
2013,Number,Donji Zabar,M,Agnostic,0
2013,Number,Donji Zabar,F,Agnostic,1
2013,Number,City of Zvornik,Both sexes,Agnostic,9
2013,Number,City of Zvornik,M,Agnostic,5
2013,Number,City of Zvornik,F,Agnostic,4
2013,Number,East Ilidza,Both sexes,Agnostic,17
2013,Number,East Ilidza,M,Agnostic,8
2013,Number,East Ilidza,F,Agnostic,9
2013,Number,East Drvar,Both sexes,Agnostic,0
2013,Number,East Drvar,M,Agnostic,0
2013,Number,East Drvar,F,Agnostic,0
2013,Number,East Mostar,Both sexes,Agnostic,0
2013,Number,East Mostar,M,Agnostic,0
2013,Number,East Mostar,F,Agnostic,0
2013,Number,East Stari Grad,Both sexes,Agnostic,0
2013,Number,East Stari Grad,M,Agnostic,0
2013,Number,East Stari Grad,F,Agnostic,0
2013,Number,East Novo Sarajevo,Both sexes,Agnostic,23
2013,Number,East Novo Sarajevo,M,Agnostic,8
2013,Number,East Novo Sarajevo,F,Agnostic,15
2013,Number,Jezero,Both sexes,Agnostic,0
2013,Number,Jezero,M,Agnostic,0
2013,Number,Jezero,F,Agnostic,0
2013,Number,Kalinovik,Both sexes,Agnostic,2
2013,Number,Kalinovik,M,Agnostic,0
2013,Number,Kalinovik,F,Agnostic,2
2013,Number,Knezevo,Both sexes,Agnostic,0
2013,Number,Knezevo,M,Agnostic,0
2013,Number,Knezevo,F,Agnostic,0
2013,Number,Kozarska Dubica,Both sexes,Agnostic,17
2013,Number,Kozarska Dubica,M,Agnostic,5
2013,Number,Kozarska Dubica,F,Agnostic,12
2013,Number,Kostajnica,Both sexes,Agnostic,3
2013,Number,Kostajnica,M,Agnostic,3
2013,Number,Kostajnica,F,Agnostic,0
2013,Number,Kotor Varos,Both sexes,Agnostic,10
2013,Number,Kotor Varos,M,Agnostic,6
2013,Number,Kotor Varos,F,Agnostic,4
2013,Number,Krupa Na Uni,Both sexes,Agnostic,0
2013,Number,Krupa Na Uni,M,Agnostic,0
2013,Number,Krupa Na Uni,F,Agnostic,0
2013,Number,Kupres,Both sexes,Agnostic,0
2013,Number,Kupres,M,Agnostic,0
2013,Number,Kupres,F,Agnostic,0
2013,Number,Laktasi,Both sexes,Agnostic,35
2013,Number,Laktasi,M,Agnostic,19
2013,Number,Laktasi,F,Agnostic,16
2013,Number,Lopare,Both sexes,Agnostic,4
2013,Number,Lopare,M,Agnostic,0
2013,Number,Lopare,F,Agnostic,4
2013,Number,Ljubinje,Both sexes,Agnostic,0
2013,Number,Ljubinje,M,Agnostic,0
2013,Number,Ljubinje,F,Agnostic,0
2013,Number,Milici,Both sexes,Agnostic,0
2013,Number,Milici,M,Agnostic,0
2013,Number,Milici,F,Agnostic,0
2013,Number,Modrica,Both sexes,Agnostic,26
2013,Number,Modrica,M,Agnostic,13
2013,Number,Modrica,F,Agnostic,13
2013,Number,Mrkonjic Grad,Both sexes,Agnostic,8
2013,Number,Mrkonjic Grad,M,Agnostic,5
2013,Number,Mrkonjic Grad,F,Agnostic,3
2013,Number,Nevesinje,Both sexes,Agnostic,3
2013,Number,Nevesinje,M,Agnostic,1
2013,Number,Nevesinje,F,Agnostic,2
2013,Number,Novi Grad,Both sexes,Agnostic,9
2013,Number,Novi Grad,M,Agnostic,5
2013,Number,Novi Grad,F,Agnostic,4
2013,Number,Novo Gorazde,Both sexes,Agnostic,0
2013,Number,Novo Gorazde,M,Agnostic,0
2013,Number,Novo Gorazde,F,Agnostic,0
2013,Number,Osmaci,Both sexes,Agnostic,0
2013,Number,Osmaci,M,Agnostic,0
2013,Number,Osmaci,F,Agnostic,0
2013,Number,Ostra Luka,Both sexes,Agnostic,2
2013,Number,Ostra Luka,M,Agnostic,1
2013,Number,Ostra Luka,F,Agnostic,1
2013,Number,Pale,Both sexes,Agnostic,15
2013,Number,Pale,M,Agnostic,9
2013,Number,Pale,F,Agnostic,6
2013,Number,Pelagicevo,Both sexes,Agnostic,0
2013,Number,Pelagicevo,M,Agnostic,0
2013,Number,Pelagicevo,F,Agnostic,0
2013,Number,Petrovac,Both sexes,Agnostic,0
2013,Number,Petrovac,M,Agnostic,0
2013,Number,Petrovac,F,Agnostic,0
2013,Number,Petrovo,Both sexes,Agnostic,1
2013,Number,Petrovo,M,Agnostic,1
2013,Number,Petrovo,F,Agnostic,0
2013,Number,City of Prijedor,Both sexes,Agnostic,84
2013,Number,City of Prijedor,M,Agnostic,48
2013,Number,City of Prijedor,F,Agnostic,36
2013,Number,Prnjavor,Both sexes,Agnostic,25
2013,Number,Prnjavor,M,Agnostic,11
2013,Number,Prnjavor,F,Agnostic,14
2013,Number,Ribnik,Both sexes,Agnostic,0
2013,Number,Ribnik,M,Agnostic,0
2013,Number,Ribnik,F,Agnostic,0
2013,Number,Rogatica,Both sexes,Agnostic,2
2013,Number,Rogatica,M,Agnostic,2
2013,Number,Rogatica,F,Agnostic,0
2013,Number,Rudo,Both sexes,Agnostic,1
2013,Number,Rudo,M,Agnostic,1
2013,Number,Rudo,F,Agnostic,0
2013,Number,Sokolac,Both sexes,Agnostic,2
2013,Number,Sokolac,M,Agnostic,0
2013,Number,Sokolac,F,Agnostic,2
2013,Number,Srbac,Both sexes,Agnostic,7
2013,Number,Srbac,M,Agnostic,5
2013,Number,Srbac,F,Agnostic,2
2013,Number,Srebrenica,Both sexes,Agnostic,1
2013,Number,Srebrenica,M,Agnostic,0
2013,Number,Srebrenica,F,Agnostic,1
2013,Number,Teslic,Both sexes,Agnostic,37
2013,Number,Teslic,M,Agnostic,15
2013,Number,Teslic,F,Agnostic,22
2013,Number,City of Trebinje,Both sexes,Agnostic,32
2013,Number,City of Trebinje,M,Agnostic,14
2013,Number,City of Trebinje,F,Agnostic,18
2013,Number,Trnovo,Both sexes,Agnostic,3
2013,Number,Trnovo,M,Agnostic,2
2013,Number,Trnovo,F,Agnostic,1
2013,Number,Ugljevik,Both sexes,Agnostic,1
2013,Number,Ugljevik,M,Agnostic,1
2013,Number,Ugljevik,F,Agnostic,0
2013,Number,Foca,Both sexes,Agnostic,3
2013,Number,Foca,M,Agnostic,1
2013,Number,Foca,F,Agnostic,2
2013,Number,Han Pijesak,Both sexes,Agnostic,1
2013,Number,Han Pijesak,M,Agnostic,0
2013,Number,Han Pijesak,F,Agnostic,1
2013,Number,Cajnice,Both sexes,Agnostic,1
2013,Number,Cajnice,M,Agnostic,0
2013,Number,Cajnice,F,Agnostic,1
2013,Number,Celinac,Both sexes,Agnostic,8
2013,Number,Celinac,M,Agnostic,4
2013,Number,Celinac,F,Agnostic,4
2013,Number,Samac,Both sexes,Agnostic,18
2013,Number,Samac,M,Agnostic,8
2013,Number,Samac,F,Agnostic,10
2013,Number,Sekovici,Both sexes,Agnostic,1
2013,Number,Sekovici,M,Agnostic,1
2013,Number,Sekovici,F,Agnostic,0
2013,Number,Sipovo,Both sexes,Agnostic,0
2013,Number,Sipovo,M,Agnostic,0
2013,Number,Sipovo,F,Agnostic,0
2013,Number,Republika Srpska,Both sexes,Atheist,5784
2013,Number,Republika Srpska,M,Atheist,3146
2013,Number,Republika Srpska,F,Atheist,2638
2013,Number,City of Banja Luka,Both sexes,Atheist,2593
2013,Number,City of Banja Luka,M,Atheist,1342
2013,Number,City of Banja Luka,F,Atheist,1251
2013,Number,Berkovici,Both sexes,Atheist,2
2013,Number,Berkovici,M,Atheist,1
2013,Number,Berkovici,F,Atheist,1
2013,Number,City of Bijeljina,Both sexes,Atheist,345
2013,Number,City of Bijeljina,M,Atheist,218
2013,Number,City of Bijeljina,F,Atheist,127
2013,Number,Bileca,Both sexes,Atheist,7
2013,Number,Bileca,M,Atheist,5
2013,Number,Bileca,F,Atheist,2
2013,Number,Bratunac,Both sexes,Atheist,8
2013,Number,Bratunac,M,Atheist,5
2013,Number,Bratunac,F,Atheist,3
2013,Number,Brod,Both sexes,Atheist,113
2013,Number,Brod,M,Atheist,59
2013,Number,Brod,F,Atheist,54
2013,Number,Visegrad,Both sexes,Atheist,21
2013,Number,Visegrad,M,Atheist,15
2013,Number,Visegrad,F,Atheist,6
2013,Number,Vlasenica,Both sexes,Atheist,16
2013,Number,Vlasenica,M,Atheist,10
2013,Number,Vlasenica,F,Atheist,6
2013,Number,Vukosavlje,Both sexes,Atheist,9
2013,Number,Vukosavlje,M,Atheist,7
2013,Number,Vukosavlje,F,Atheist,2
2013,Number,Gacko,Both sexes,Atheist,3
2013,Number,Gacko,M,Atheist,1
2013,Number,Gacko,F,Atheist,2
2013,Number,City of Gradiska,Both sexes,Atheist,223
2013,Number,City of Gradiska,M,Atheist,126
2013,Number,City of Gradiska,F,Atheist,97
2013,Number,City of Derventa,Both sexes,Atheist,100
2013,Number,City of Derventa,M,Atheist,51
2013,Number,City of Derventa,F,Atheist,49
2013,Number,City of Doboj,Both sexes,Atheist,378
2013,Number,City of Doboj,M,Atheist,200
2013,Number,City of Doboj,F,Atheist,178
2013,Number,Donji Zabar,Both sexes,Atheist,0
2013,Number,Donji Zabar,M,Atheist,0
2013,Number,Donji Zabar,F,Atheist,0
2013,Number,City of Zvornik,Both sexes,Atheist,59
2013,Number,City of Zvornik,M,Atheist,36
2013,Number,City of Zvornik,F,Atheist,23
2013,Number,East Ilidza,Both sexes,Atheist,60
2013,Number,East Ilidza,M,Atheist,27
2013,Number,East Ilidza,F,Atheist,33
2013,Number,East Drvar,Both sexes,Atheist,0
2013,Number,East Drvar,M,Atheist,0
2013,Number,East Drvar,F,Atheist,0
2013,Number,East Mostar,Both sexes,Atheist,0
2013,Number,East Mostar,M,Atheist,0
2013,Number,East Mostar,F,Atheist,0
2013,Number,East Stari Grad,Both sexes,Atheist,2
2013,Number,East Stari Grad,M,Atheist,1
2013,Number,East Stari Grad,F,Atheist,1
2013,Number,East Novo Sarajevo,Both sexes,Atheist,37
2013,Number,East Novo Sarajevo,M,Atheist,18
2013,Number,East Novo Sarajevo,F,Atheist,19
2013,Number,Jezero,Both sexes,Atheist,3
2013,Number,Jezero,M,Atheist,2
2013,Number,Jezero,F,Atheist,1
2013,Number,Kalinovik,Both sexes,Atheist,0
2013,Number,Kalinovik,M,Atheist,0
2013,Number,Kalinovik,F,Atheist,0
2013,Number,Knezevo,Both sexes,Atheist,5
2013,Number,Knezevo,M,Atheist,3
2013,Number,Knezevo,F,Atheist,2
2013,Number,Kozarska Dubica,Both sexes,Atheist,130
2013,Number,Kozarska Dubica,M,Atheist,68
2013,Number,Kozarska Dubica,F,Atheist,62
2013,Number,Kostajnica,Both sexes,Atheist,16
2013,Number,Kostajnica,M,Atheist,12
2013,Number,Kostajnica,F,Atheist,4
2013,Number,Kotor Varos,Both sexes,Atheist,56
2013,Number,Kotor Varos,M,Atheist,34
2013,Number,Kotor Varos,F,Atheist,22
2013,Number,Krupa Na Uni,Both sexes,Atheist,0
2013,Number,Krupa Na Uni,M,Atheist,0
2013,Number,Krupa Na Uni,F,Atheist,0
2013,Number,Kupres,Both sexes,Atheist,0
2013,Number,Kupres,M,Atheist,0
2013,Number,Kupres,F,Atheist,0
2013,Number,Laktasi,Both sexes,Atheist,96
2013,Number,Laktasi,M,Atheist,57
2013,Number,Laktasi,F,Atheist,39
2013,Number,Lopare,Both sexes,Atheist,21
2013,Number,Lopare,M,Atheist,12
2013,Number,Lopare,F,Atheist,9
2013,Number,Ljubinje,Both sexes,Atheist,1
2013,Number,Ljubinje,M,Atheist,1
2013,Number,Ljubinje,F,Atheist,0
2013,Number,Milici,Both sexes,Atheist,3
2013,Number,Milici,M,Atheist,3
2013,Number,Milici,F,Atheist,0
2013,Number,Modrica,Both sexes,Atheist,98
2013,Number,Modrica,M,Atheist,53
2013,Number,Modrica,F,Atheist,45
2013,Number,Mrkonjic Grad,Both sexes,Atheist,28
2013,Number,Mrkonjic Grad,M,Atheist,13
2013,Number,Mrkonjic Grad,F,Atheist,15
2013,Number,Nevesinje,Both sexes,Atheist,8
2013,Number,Nevesinje,M,Atheist,3
2013,Number,Nevesinje,F,Atheist,5
2013,Number,Novi Grad,Both sexes,Atheist,81
2013,Number,Novi Grad,M,Atheist,36
2013,Number,Novi Grad,F,Atheist,45
2013,Number,Novo Gorazde,Both sexes,Atheist,0
2013,Number,Novo Gorazde,M,Atheist,0
2013,Number,Novo Gorazde,F,Atheist,0
2013,Number,Osmaci,Both sexes,Atheist,1
2013,Number,Osmaci,M,Atheist,1
2013,Number,Osmaci,F,Atheist,0
2013,Number,Ostra Luka,Both sexes,Atheist,4
2013,Number,Ostra Luka,M,Atheist,3
2013,Number,Ostra Luka,F,Atheist,1
2013,Number,Pale,Both sexes,Atheist,47
2013,Number,Pale,M,Atheist,23
2013,Number,Pale,F,Atheist,24
2013,Number,Pelagicevo,Both sexes,Atheist,1
2013,Number,Pelagicevo,M,Atheist,0
2013,Number,Pelagicevo,F,Atheist,1
2013,Number,Petrovac,Both sexes,Atheist,2
2013,Number,Petrovac,M,Atheist,1
2013,Number,Petrovac,F,Atheist,1
2013,Number,Petrovo,Both sexes,Atheist,10
2013,Number,Petrovo,M,Atheist,7
2013,Number,Petrovo,F,Atheist,3
2013,Number,City of Prijedor,Both sexes,Atheist,511
2013,Number,City of Prijedor,M,Atheist,277
2013,Number,City of Prijedor,F,Atheist,234
2013,Number,Prnjavor,Both sexes,Atheist,102
2013,Number,Prnjavor,M,Atheist,65
2013,Number,Prnjavor,F,Atheist,37
2013,Number,Ribnik,Both sexes,Atheist,3
2013,Number,Ribnik,M,Atheist,2
2013,Number,Ribnik,F,Atheist,1
2013,Number,Rogatica,Both sexes,Atheist,20
2013,Number,Rogatica,M,Atheist,13
2013,Number,Rogatica,F,Atheist,7
2013,Number,Rudo,Both sexes,Atheist,11
2013,Number,Rudo,M,Atheist,9
2013,Number,Rudo,F,Atheist,2
2013,Number,Sokolac,Both sexes,Atheist,14
2013,Number,Sokolac,M,Atheist,11
2013,Number,Sokolac,F,Atheist,3
2013,Number,Srbac,Both sexes,Atheist,46
2013,Number,Srbac,M,Atheist,28
2013,Number,Srbac,F,Atheist,18
2013,Number,Srebrenica,Both sexes,Atheist,14
2013,Number,Srebrenica,M,Atheist,10
2013,Number,Srebrenica,F,Atheist,4
2013,Number,Teslic,Both sexes,Atheist,167
2013,Number,Teslic,M,Atheist,89
2013,Number,Teslic,F,Atheist,78
2013,Number,City of Trebinje,Both sexes,Atheist,118
2013,Number,City of Trebinje,M,Atheist,62
2013,Number,City of Trebinje,F,Atheist,56
2013,Number,Trnovo,Both sexes,Atheist,7
2013,Number,Trnovo,M,Atheist,5
2013,Number,Trnovo,F,Atheist,2
2013,Number,Ugljevik,Both sexes,Atheist,22
2013,Number,Ugljevik,M,Atheist,16
2013,Number,Ugljevik,F,Atheist,6
2013,Number,Foca,Both sexes,Atheist,34
2013,Number,Foca,M,Atheist,19
2013,Number,Foca,F,Atheist,15
2013,Number,Han Pijesak,Both sexes,Atheist,1
2013,Number,Han Pijesak,M,Atheist,1
2013,Number,Han Pijesak,F,Atheist,0
2013,Number,Cajnice,Both sexes,Atheist,4
2013,Number,Cajnice,M,Atheist,3
2013,Number,Cajnice,F,Atheist,1
2013,Number,Celinac,Both sexes,Atheist,23
2013,Number,Celinac,M,Atheist,12
2013,Number,Celinac,F,Atheist,11
2013,Number,Samac,Both sexes,Atheist,81
2013,Number,Samac,M,Atheist,56
2013,Number,Samac,F,Atheist,25
2013,Number,Sekovici,Both sexes,Atheist,6
2013,Number,Sekovici,M,Atheist,5
2013,Number,Sekovici,F,Atheist,1
2013,Number,Sipovo,Both sexes,Atheist,13
2013,Number,Sipovo,M,Atheist,9
2013,Number,Sipovo,F,Atheist,4
2013,Number,Republika Srpska,Both sexes,Other religion,8729
2013,Number,Republika Srpska,M,Other religion,4319
2013,Number,Republika Srpska,F,Other religion,4410
2013,Number,City of Banja Luka,Both sexes,Other religion,1230
2013,Number,City of Banja Luka,M,Other religion,620
2013,Number,City of Banja Luka,F,Other religion,610
2013,Number,Berkovici,Both sexes,Other religion,3
2013,Number,Berkovici,M,Other religion,2
2013,Number,Berkovici,F,Other religion,1
2013,Number,City of Bijeljina,Both sexes,Other religion,944
2013,Number,City of Bijeljina,M,Other religion,471
2013,Number,City of Bijeljina,F,Other religion,473
2013,Number,Bileca,Both sexes,Other religion,26
2013,Number,Bileca,M,Other religion,15
2013,Number,Bileca,F,Other religion,11
2013,Number,Bratunac,Both sexes,Other religion,237
2013,Number,Bratunac,M,Other religion,121
2013,Number,Bratunac,F,Other religion,116
2013,Number,Brod,Both sexes,Other religion,98
2013,Number,Brod,M,Other religion,52
2013,Number,Brod,F,Other religion,46
2013,Number,Visegrad,Both sexes,Other religion,76
2013,Number,Visegrad,M,Other religion,40
2013,Number,Visegrad,F,Other religion,36
2013,Number,Vlasenica,Both sexes,Other religion,115
2013,Number,Vlasenica,M,Other religion,42
2013,Number,Vlasenica,F,Other religion,73
2013,Number,Vukosavlje,Both sexes,Other religion,30
2013,Number,Vukosavlje,M,Other religion,15
2013,Number,Vukosavlje,F,Other religion,15
2013,Number,Gacko,Both sexes,Other religion,16
2013,Number,Gacko,M,Other religion,9
2013,Number,Gacko,F,Other religion,7
2013,Number,City of Gradiska,Both sexes,Other religion,321
2013,Number,City of Gradiska,M,Other religion,168
2013,Number,City of Gradiska,F,Other religion,153
2013,Number,City of Derventa,Both sexes,Other religion,141
2013,Number,City of Derventa,M,Other religion,67
2013,Number,City of Derventa,F,Other religion,74
2013,Number,City of Doboj,Both sexes,Other religion,845
2013,Number,City of Doboj,M,Other religion,412
2013,Number,City of Doboj,F,Other religion,433
2013,Number,Donji Zabar,Both sexes,Other religion,21
2013,Number,Donji Zabar,M,Other religion,8
2013,Number,Donji Zabar,F,Other religion,13
2013,Number,City of Zvornik,Both sexes,Other religion,186
2013,Number,City of Zvornik,M,Other religion,90
2013,Number,City of Zvornik,F,Other religion,96
2013,Number,East Ilidza,Both sexes,Other religion,28
2013,Number,East Ilidza,M,Other religion,18
2013,Number,East Ilidza,F,Other religion,10
2013,Number,East Drvar,Both sexes,Other religion,0
2013,Number,East Drvar,M,Other religion,0
2013,Number,East Drvar,F,Other religion,0
2013,Number,East Mostar,Both sexes,Other religion,1
2013,Number,East Mostar,M,Other religion,1
2013,Number,East Mostar,F,Other religion,0
2013,Number,East Stari Grad,Both sexes,Other religion,5
2013,Number,East Stari Grad,M,Other religion,2
2013,Number,East Stari Grad,F,Other religion,3
2013,Number,East Novo Sarajevo,Both sexes,Other religion,16
2013,Number,East Novo Sarajevo,M,Other religion,10
2013,Number,East Novo Sarajevo,F,Other religion,6
2013,Number,Jezero,Both sexes,Other religion,0
2013,Number,Jezero,M,Other religion,0
2013,Number,Jezero,F,Other religion,0
2013,Number,Kalinovik,Both sexes,Other religion,3
2013,Number,Kalinovik,M,Other religion,2
2013,Number,Kalinovik,F,Other religion,1
2013,Number,Knezevo,Both sexes,Other religion,68
2013,Number,Knezevo,M,Other religion,29
2013,Number,Knezevo,F,Other religion,39
2013,Number,Kozarska Dubica,Both sexes,Other religion,83
2013,Number,Kozarska Dubica,M,Other religion,37
2013,Number,Kozarska Dubica,F,Other religion,46
2013,Number,Kostajnica,Both sexes,Other religion,13
2013,Number,Kostajnica,M,Other religion,9
2013,Number,Kostajnica,F,Other religion,4
2013,Number,Kotor Varos,Both sexes,Other religion,236
2013,Number,Kotor Varos,M,Other religion,120
2013,Number,Kotor Varos,F,Other religion,116
2013,Number,Krupa Na Uni,Both sexes,Other religion,0
2013,Number,Krupa Na Uni,M,Other religion,0
2013,Number,Krupa Na Uni,F,Other religion,0
2013,Number,Kupres,Both sexes,Other religion,0
2013,Number,Kupres,M,Other religion,0
2013,Number,Kupres,F,Other religion,0
2013,Number,Laktasi,Both sexes,Other religion,278
2013,Number,Laktasi,M,Other religion,147
2013,Number,Laktasi,F,Other religion,131
2013,Number,Lopare,Both sexes,Other religion,1
2013,Number,Lopare,M,Other religion,0
2013,Number,Lopare,F,Other religion,1
2013,Number,Ljubinje,Both sexes,Other religion,1
2013,Number,Ljubinje,M,Other religion,1
2013,Number,Ljubinje,F,Other religion,0
2013,Number,Milici,Both sexes,Other religion,34
2013,Number,Milici,M,Other religion,19
2013,Number,Milici,F,Other religion,15
2013,Number,Modrica,Both sexes,Other religion,211
2013,Number,Modrica,M,Other religion,98
2013,Number,Modrica,F,Other religion,113
2013,Number,Mrkonjic Grad,Both sexes,Other religion,9
2013,Number,Mrkonjic Grad,M,Other religion,6
2013,Number,Mrkonjic Grad,F,Other religion,3
2013,Number,Nevesinje,Both sexes,Other religion,8
2013,Number,Nevesinje,M,Other religion,4
2013,Number,Nevesinje,F,Other religion,4
2013,Number,Novi Grad,Both sexes,Other religion,134
2013,Number,Novi Grad,M,Other religion,60
2013,Number,Novi Grad,F,Other religion,74
2013,Number,Novo Gorazde,Both sexes,Other religion,19
2013,Number,Novo Gorazde,M,Other religion,9
2013,Number,Novo Gorazde,F,Other religion,10
2013,Number,Osmaci,Both sexes,Other religion,41
2013,Number,Osmaci,M,Other religion,26
2013,Number,Osmaci,F,Other religion,15
2013,Number,Ostra Luka,Both sexes,Other religion,23
2013,Number,Ostra Luka,M,Other religion,15
2013,Number,Ostra Luka,F,Other religion,8
2013,Number,Pale,Both sexes,Other religion,53
2013,Number,Pale,M,Other religion,24
2013,Number,Pale,F,Other religion,29
2013,Number,Pelagicevo,Both sexes,Other religion,5
2013,Number,Pelagicevo,M,Other religion,3
2013,Number,Pelagicevo,F,Other religion,2
2013,Number,Petrovac,Both sexes,Other religion,0
2013,Number,Petrovac,M,Other religion,0
2013,Number,Petrovac,F,Other religion,0
2013,Number,Petrovo,Both sexes,Other religion,20
2013,Number,Petrovo,M,Other religion,8
2013,Number,Petrovo,F,Other religion,12
2013,Number,City of Prijedor,Both sexes,Other religion,1506
2013,Number,City of Prijedor,M,Other religion,722
2013,Number,City of Prijedor,F,Other religion,784
2013,Number,Prnjavor,Both sexes,Other religion,611
2013,Number,Prnjavor,M,Other religion,317
2013,Number,Prnjavor,F,Other religion,294
2013,Number,Ribnik,Both sexes,Other religion,12
2013,Number,Ribnik,M,Other religion,8
2013,Number,Ribnik,F,Other religion,4
2013,Number,Rogatica,Both sexes,Other religion,48
2013,Number,Rogatica,M,Other religion,21
2013,Number,Rogatica,F,Other religion,27
2013,Number,Rudo,Both sexes,Other religion,0
2013,Number,Rudo,M,Other religion,0
2013,Number,Rudo,F,Other religion,0
2013,Number,Sokolac,Both sexes,Other religion,30
2013,Number,Sokolac,M,Other religion,16
2013,Number,Sokolac,F,Other religion,14
2013,Number,Srbac,Both sexes,Other religion,95
2013,Number,Srbac,M,Other religion,50
2013,Number,Srbac,F,Other religion,45
2013,Number,Srebrenica,Both sexes,Other religion,72
2013,Number,Srebrenica,M,Other religion,36
2013,Number,Srebrenica,F,Other religion,36
2013,Number,Teslic,Both sexes,Other religion,316
2013,Number,Teslic,M,Other religion,148
2013,Number,Teslic,F,Other religion,168
2013,Number,City of Trebinje,Both sexes,Other religion,95
2013,Number,City of Trebinje,M,Other religion,42
2013,Number,City of Trebinje,F,Other religion,53
2013,Number,Trnovo,Both sexes,Other religion,17
2013,Number,Trnovo,M,Other religion,9
2013,Number,Trnovo,F,Other religion,8
2013,Number,Ugljevik,Both sexes,Other religion,2
2013,Number,Ugljevik,M,Other religion,1
2013,Number,Ugljevik,F,Other religion,1
2013,Number,Foca,Both sexes,Other religion,104
2013,Number,Foca,M,Other religion,53
2013,Number,Foca,F,Other religion,51
2013,Number,Han Pijesak,Both sexes,Other religion,5
2013,Number,Han Pijesak,M,Other religion,3
2013,Number,Han Pijesak,F,Other religion,2
2013,Number,Cajnice,Both sexes,Other religion,16
2013,Number,Cajnice,M,Other religion,7
2013,Number,Cajnice,F,Other religion,9
2013,Number,Celinac,Both sexes,Other religion,44
2013,Number,Celinac,M,Other religion,20
2013,Number,Celinac,F,Other religion,24
2013,Number,Samac,Both sexes,Other religion,144
2013,Number,Samac,M,Other religion,68
2013,Number,Samac,F,Other religion,76
2013,Number,Sekovici,Both sexes,Other religion,1
2013,Number,Sekovici,M,Other religion,1
2013,Number,Sekovici,F,Other religion,0
2013,Number,Sipovo,Both sexes,Other religion,32
2013,Number,Sipovo,M,Other religion,17
2013,Number,Sipovo,F,Other religion,15
2013,Number,Republika Srpska,Both sexes,Does not declare,8028
2013,Number,Republika Srpska,M,Does not declare,3554
2013,Number,Republika Srpska,F,Does not declare,4474
2013,Number,City of Banja Luka,Both sexes,Does not declare,2684
2013,Number,City of Banja Luka,M,Does not declare,1186
2013,Number,City of Banja Luka,F,Does not declare,1498
2013,Number,Berkovici,Both sexes,Does not declare,1
2013,Number,Berkovici,M,Does not declare,1
2013,Number,Berkovici,F,Does not declare,0
2013,Number,City of Bijeljina,Both sexes,Does not declare,716
2013,Number,City of Bijeljina,M,Does not declare,307
2013,Number,City of Bijeljina,F,Does not declare,409
2013,Number,Bileca,Both sexes,Does not declare,30
2013,Number,Bileca,M,Does not declare,14
2013,Number,Bileca,F,Does not declare,16
2013,Number,Bratunac,Both sexes,Does not declare,21
2013,Number,Bratunac,M,Does not declare,9
2013,Number,Bratunac,F,Does not declare,12
2013,Number,Brod,Both sexes,Does not declare,160
2013,Number,Brod,M,Does not declare,60
2013,Number,Brod,F,Does not declare,100
2013,Number,Visegrad,Both sexes,Does not declare,18
2013,Number,Visegrad,M,Does not declare,9
2013,Number,Visegrad,F,Does not declare,9
2013,Number,Vlasenica,Both sexes,Does not declare,16
2013,Number,Vlasenica,M,Does not declare,8
2013,Number,Vlasenica,F,Does not declare,8
2013,Number,Vukosavlje,Both sexes,Does not declare,33
2013,Number,Vukosavlje,M,Does not declare,16
2013,Number,Vukosavlje,F,Does not declare,17
2013,Number,Gacko,Both sexes,Does not declare,6
2013,Number,Gacko,M,Does not declare,1
2013,Number,Gacko,F,Does not declare,5
2013,Number,City of Gradiska,Both sexes,Does not declare,375
2013,Number,City of Gradiska,M,Does not declare,155
2013,Number,City of Gradiska,F,Does not declare,220
2013,Number,City of Derventa,Both sexes,Does not declare,256
2013,Number,City of Derventa,M,Does not declare,125
2013,Number,City of Derventa,F,Does not declare,131
2013,Number,City of Doboj,Both sexes,Does not declare,526
2013,Number,City of Doboj,M,Does not declare,271
2013,Number,City of Doboj,F,Does not declare,255
2013,Number,Donji Zabar,Both sexes,Does not declare,6
2013,Number,Donji Zabar,M,Does not declare,2
2013,Number,Donji Zabar,F,Does not declare,4
2013,Number,City of Zvornik,Both sexes,Does not declare,67
2013,Number,City of Zvornik,M,Does not declare,31
2013,Number,City of Zvornik,F,Does not declare,36
2013,Number,East Ilidza,Both sexes,Does not declare,92
2013,Number,East Ilidza,M,Does not declare,41
2013,Number,East Ilidza,F,Does not declare,51
2013,Number,East Drvar,Both sexes,Does not declare,0
2013,Number,East Drvar,M,Does not declare,0
2013,Number,East Drvar,F,Does not declare,0
2013,Number,East Mostar,Both sexes,Does not declare,0
2013,Number,East Mostar,M,Does not declare,0
2013,Number,East Mostar,F,Does not declare,0
2013,Number,East Stari Grad,Both sexes,Does not declare,6
2013,Number,East Stari Grad,M,Does not declare,5
2013,Number,East Stari Grad,F,Does not declare,1
2013,Number,East Novo Sarajevo,Both sexes,Does not declare,56
2013,Number,East Novo Sarajevo,M,Does not declare,24
2013,Number,East Novo Sarajevo,F,Does not declare,32
2013,Number,Jezero,Both sexes,Does not declare,0
2013,Number,Jezero,M,Does not declare,0
2013,Number,Jezero,F,Does not declare,0
2013,Number,Kalinovik,Both sexes,Does not declare,5
2013,Number,Kalinovik,M,Does not declare,4
2013,Number,Kalinovik,F,Does not declare,1
2013,Number,Knezevo,Both sexes,Does not declare,4
2013,Number,Knezevo,M,Does not declare,3
2013,Number,Knezevo,F,Does not declare,1
2013,Number,Kozarska Dubica,Both sexes,Does not declare,178
2013,Number,Kozarska Dubica,M,Does not declare,77
2013,Number,Kozarska Dubica,F,Does not declare,101
2013,Number,Kostajnica,Both sexes,Does not declare,67
2013,Number,Kostajnica,M,Does not declare,26
2013,Number,Kostajnica,F,Does not declare,41
2013,Number,Kotor Varos,Both sexes,Does not declare,107
2013,Number,Kotor Varos,M,Does not declare,45
2013,Number,Kotor Varos,F,Does not declare,62
2013,Number,Krupa Na Uni,Both sexes,Does not declare,0
2013,Number,Krupa Na Uni,M,Does not declare,0
2013,Number,Krupa Na Uni,F,Does not declare,0
2013,Number,Kupres,Both sexes,Does not declare,1
2013,Number,Kupres,M,Does not declare,1
2013,Number,Kupres,F,Does not declare,0
2013,Number,Laktasi,Both sexes,Does not declare,239
2013,Number,Laktasi,M,Does not declare,112
2013,Number,Laktasi,F,Does not declare,127
2013,Number,Lopare,Both sexes,Does not declare,22
2013,Number,Lopare,M,Does not declare,6
2013,Number,Lopare,F,Does not declare,16
2013,Number,Ljubinje,Both sexes,Does not declare,3
2013,Number,Ljubinje,M,Does not declare,2
2013,Number,Ljubinje,F,Does not declare,1
2013,Number,Milici,Both sexes,Does not declare,10
2013,Number,Milici,M,Does not declare,3
2013,Number,Milici,F,Does not declare,7
2013,Number,Modrica,Both sexes,Does not declare,151
2013,Number,Modrica,M,Does not declare,64
2013,Number,Modrica,F,Does not declare,87
2013,Number,Mrkonjic Grad,Both sexes,Does not declare,37
2013,Number,Mrkonjic Grad,M,Does not declare,16
2013,Number,Mrkonjic Grad,F,Does not declare,21
2013,Number,Nevesinje,Both sexes,Does not declare,14
2013,Number,Nevesinje,M,Does not declare,6
2013,Number,Nevesinje,F,Does not declare,8
2013,Number,Novi Grad,Both sexes,Does not declare,134
2013,Number,Novi Grad,M,Does not declare,58
2013,Number,Novi Grad,F,Does not declare,76
2013,Number,Novo Gorazde,Both sexes,Does not declare,5
2013,Number,Novo Gorazde,M,Does not declare,3
2013,Number,Novo Gorazde,F,Does not declare,2
2013,Number,Osmaci,Both sexes,Does not declare,1
2013,Number,Osmaci,M,Does not declare,1
2013,Number,Osmaci,F,Does not declare,0
2013,Number,Ostra Luka,Both sexes,Does not declare,13
2013,Number,Ostra Luka,M,Does not declare,5
2013,Number,Ostra Luka,F,Does not declare,8
2013,Number,Pale,Both sexes,Does not declare,56
2013,Number,Pale,M,Does not declare,22
2013,Number,Pale,F,Does not declare,34
2013,Number,Pelagicevo,Both sexes,Does not declare,2
2013,Number,Pelagicevo,M,Does not declare,0
2013,Number,Pelagicevo,F,Does not declare,2
2013,Number,Petrovac,Both sexes,Does not declare,0
2013,Number,Petrovac,M,Does not declare,0
2013,Number,Petrovac,F,Does not declare,0
2013,Number,Petrovo,Both sexes,Does not declare,19
2013,Number,Petrovo,M,Does not declare,9
2013,Number,Petrovo,F,Does not declare,10
2013,Number,City of Prijedor,Both sexes,Does not declare,784
2013,Number,City of Prijedor,M,Does not declare,325
2013,Number,City of Prijedor,F,Does not declare,459
2013,Number,Prnjavor,Both sexes,Does not declare,223
2013,Number,Prnjavor,M,Does not declare,98
2013,Number,Prnjavor,F,Does not declare,125
2013,Number,Ribnik,Both sexes,Does not declare,3
2013,Number,Ribnik,M,Does not declare,1
2013,Number,Ribnik,F,Does not declare,2
2013,Number,Rogatica,Both sexes,Does not declare,7
2013,Number,Rogatica,M,Does not declare,4
2013,Number,Rogatica,F,Does not declare,3
2013,Number,Rudo,Both sexes,Does not declare,3
2013,Number,Rudo,M,Does not declare,2
2013,Number,Rudo,F,Does not declare,1
2013,Number,Sokolac,Both sexes,Does not declare,20
2013,Number,Sokolac,M,Does not declare,9
2013,Number,Sokolac,F,Does not declare,11
2013,Number,Srbac,Both sexes,Does not declare,95
2013,Number,Srbac,M,Does not declare,46
2013,Number,Srbac,F,Does not declare,49
2013,Number,Srebrenica,Both sexes,Does not declare,22
2013,Number,Srebrenica,M,Does not declare,10
2013,Number,Srebrenica,F,Does not declare,12
2013,Number,Teslic,Both sexes,Does not declare,309
2013,Number,Teslic,M,Does not declare,136
2013,Number,Teslic,F,Does not declare,173
2013,Number,City of Trebinje,Both sexes,Does not declare,170
2013,Number,City of Trebinje,M,Does not declare,75
2013,Number,City of Trebinje,F,Does not declare,95
2013,Number,Trnovo,Both sexes,Does not declare,4
2013,Number,Trnovo,M,Does not declare,3
2013,Number,Trnovo,F,Does not declare,1
2013,Number,Ugljevik,Both sexes,Does not declare,23
2013,Number,Ugljevik,M,Does not declare,11
2013,Number,Ugljevik,F,Does not declare,12
2013,Number,Foca,Both sexes,Does not declare,27
2013,Number,Foca,M,Does not declare,13
2013,Number,Foca,F,Does not declare,14
2013,Number,Han Pijesak,Both sexes,Does not declare,0
2013,Number,Han Pijesak,M,Does not declare,0
2013,Number,Han Pijesak,F,Does not declare,0
2013,Number,Cajnice,Both sexes,Does not declare,1
2013,Number,Cajnice,M,Does not declare,1
2013,Number,Cajnice,F,Does not declare,0
2013,Number,Celinac,Both sexes,Does not declare,30
2013,Number,Celinac,M,Does not declare,15
2013,Number,Celinac,F,Does not declare,15
2013,Number,Samac,Both sexes,Does not declare,147
2013,Number,Samac,M,Does not declare,64
2013,Number,Samac,F,Does not declare,83
2013,Number,Sekovici,Both sexes,Does not declare,4
2013,Number,Sekovici,M,Does not declare,3
2013,Number,Sekovici,F,Does not declare,1
2013,Number,Sipovo,Both sexes,Does not declare,19
2013,Number,Sipovo,M,Does not declare,10
2013,Number,Sipovo,F,Does not declare,9
2013,Number,Republika Srpska,Both sexes,Unknown religion,2065
2013,Number,Republika Srpska,M,Unknown religion,963
2013,Number,Republika Srpska,F,Unknown religion,1102
2013,Number,City of Banja Luka,Both sexes,Unknown religion,357
2013,Number,City of Banja Luka,M,Unknown religion,173
2013,Number,City of Banja Luka,F,Unknown religion,184
2013,Number,Berkovici,Both sexes,Unknown religion,1
2013,Number,Berkovici,M,Unknown religion,0
2013,Number,Berkovici,F,Unknown religion,1
2013,Number,City of Bijeljina,Both sexes,Unknown religion,102
2013,Number,City of Bijeljina,M,Unknown religion,44
2013,Number,City of Bijeljina,F,Unknown religion,58
2013,Number,Bileca,Both sexes,Unknown religion,12
2013,Number,Bileca,M,Unknown religion,4
2013,Number,Bileca,F,Unknown religion,8
2013,Number,Bratunac,Both sexes,Unknown religion,40
2013,Number,Bratunac,M,Unknown religion,16
2013,Number,Bratunac,F,Unknown religion,24
2013,Number,Brod,Both sexes,Unknown religion,32
2013,Number,Brod,M,Unknown religion,12
2013,Number,Brod,F,Unknown religion,20
2013,Number,Visegrad,Both sexes,Unknown religion,179
2013,Number,Visegrad,M,Unknown religion,4
2013,Number,Visegrad,F,Unknown religion,175
2013,Number,Vlasenica,Both sexes,Unknown religion,21
2013,Number,Vlasenica,M,Unknown religion,10
2013,Number,Vlasenica,F,Unknown religion,11
2013,Number,Vukosavlje,Both sexes,Unknown religion,14
2013,Number,Vukosavlje,M,Unknown religion,3
2013,Number,Vukosavlje,F,Unknown religion,11
2013,Number,Gacko,Both sexes,Unknown religion,7
2013,Number,Gacko,M,Unknown religion,2
2013,Number,Gacko,F,Unknown religion,5
2013,Number,City of Gradiska,Both sexes,Unknown religion,46
2013,Number,City of Gradiska,M,Unknown religion,21
2013,Number,City of Gradiska,F,Unknown religion,25
2013,Number,City of Derventa,Both sexes,Unknown religion,47
2013,Number,City of Derventa,M,Unknown religion,21
2013,Number,City of Derventa,F,Unknown religion,26
2013,Number,City of Doboj,Both sexes,Unknown religion,160
2013,Number,City of Doboj,M,Unknown religion,64
2013,Number,City of Doboj,F,Unknown religion,96
2013,Number,Donji Zabar,Both sexes,Unknown religion,2
2013,Number,Donji Zabar,M,Unknown religion,1
2013,Number,Donji Zabar,F,Unknown religion,1
2013,Number,City of Zvornik,Both sexes,Unknown religion,98
2013,Number,City of Zvornik,M,Unknown religion,39
2013,Number,City of Zvornik,F,Unknown religion,59
2013,Number,East Ilidza,Both sexes,Unknown religion,10
2013,Number,East Ilidza,M,Unknown religion,5
2013,Number,East Ilidza,F,Unknown religion,5
2013,Number,East Drvar,Both sexes,Unknown religion,0
2013,Number,East Drvar,M,Unknown religion,0
2013,Number,East Drvar,F,Unknown religion,0
2013,Number,East Mostar,Both sexes,Unknown religion,2
2013,Number,East Mostar,M,Unknown religion,1
2013,Number,East Mostar,F,Unknown religion,1
2013,Number,East Stari Grad,Both sexes,Unknown religion,2
2013,Number,East Stari Grad,M,Unknown religion,1
2013,Number,East Stari Grad,F,Unknown religion,1
2013,Number,East Novo Sarajevo,Both sexes,Unknown religion,3
2013,Number,East Novo Sarajevo,M,Unknown religion,0
2013,Number,East Novo Sarajevo,F,Unknown religion,3
2013,Number,Jezero,Both sexes,Unknown religion,2
2013,Number,Jezero,M,Unknown religion,1
2013,Number,Jezero,F,Unknown religion,1
2013,Number,Kalinovik,Both sexes,Unknown religion,0
2013,Number,Kalinovik,M,Unknown religion,0
2013,Number,Kalinovik,F,Unknown religion,0
2013,Number,Knezevo,Both sexes,Unknown religion,5
2013,Number,Knezevo,M,Unknown religion,3
2013,Number,Knezevo,F,Unknown religion,2
2013,Number,Kozarska Dubica,Both sexes,Unknown religion,18
2013,Number,Kozarska Dubica,M,Unknown religion,11
2013,Number,Kozarska Dubica,F,Unknown religion,7
2013,Number,Kostajnica,Both sexes,Unknown religion,1
2013,Number,Kostajnica,M,Unknown religion,1
2013,Number,Kostajnica,F,Unknown religion,0
2013,Number,Kotor Varos,Both sexes,Unknown religion,21
2013,Number,Kotor Varos,M,Unknown religion,15
2013,Number,Kotor Varos,F,Unknown religion,6
2013,Number,Krupa Na Uni,Both sexes,Unknown religion,1
2013,Number,Krupa Na Uni,M,Unknown religion,0
2013,Number,Krupa Na Uni,F,Unknown religion,1
2013,Number,Kupres,Both sexes,Unknown religion,0
2013,Number,Kupres,M,Unknown religion,0
2013,Number,Kupres,F,Unknown religion,0
2013,Number,Laktasi,Both sexes,Unknown religion,48
2013,Number,Laktasi,M,Unknown religion,21
2013,Number,Laktasi,F,Unknown religion,27
2013,Number,Lopare,Both sexes,Unknown religion,13
2013,Number,Lopare,M,Unknown religion,6
2013,Number,Lopare,F,Unknown religion,7
2013,Number,Ljubinje,Both sexes,Unknown religion,2
2013,Number,Ljubinje,M,Unknown religion,1
2013,Number,Ljubinje,F,Unknown religion,1
2013,Number,Milici,Both sexes,Unknown religion,8
2013,Number,Milici,M,Unknown religion,3
2013,Number,Milici,F,Unknown religion,5
2013,Number,Modrica,Both sexes,Unknown religion,125
2013,Number,Modrica,M,Unknown religion,66
2013,Number,Modrica,F,Unknown religion,59
2013,Number,Mrkonjic Grad,Both sexes,Unknown religion,13
2013,Number,Mrkonjic Grad,M,Unknown religion,7
2013,Number,Mrkonjic Grad,F,Unknown religion,6
2013,Number,Nevesinje,Both sexes,Unknown religion,7
2013,Number,Nevesinje,M,Unknown religion,2
2013,Number,Nevesinje,F,Unknown religion,5
2013,Number,Novi Grad,Both sexes,Unknown religion,26
2013,Number,Novi Grad,M,Unknown religion,14
2013,Number,Novi Grad,F,Unknown religion,12
2013,Number,Novo Gorazde,Both sexes,Unknown religion,7
2013,Number,Novo Gorazde,M,Unknown religion,3
2013,Number,Novo Gorazde,F,Unknown religion,4
2013,Number,Osmaci,Both sexes,Unknown religion,4
2013,Number,Osmaci,M,Unknown religion,2
2013,Number,Osmaci,F,Unknown religion,2
2013,Number,Ostra Luka,Both sexes,Unknown religion,3
2013,Number,Ostra Luka,M,Unknown religion,2
2013,Number,Ostra Luka,F,Unknown religion,1
2013,Number,Pale,Both sexes,Unknown religion,11
2013,Number,Pale,M,Unknown religion,7
2013,Number,Pale,F,Unknown religion,4
2013,Number,Pelagicevo,Both sexes,Unknown religion,5
2013,Number,Pelagicevo,M,Unknown religion,1
2013,Number,Pelagicevo,F,Unknown religion,4
2013,Number,Petrovac,Both sexes,Unknown religion,0
2013,Number,Petrovac,M,Unknown religion,0
2013,Number,Petrovac,F,Unknown religion,0
2013,Number,Petrovo,Both sexes,Unknown religion,4
2013,Number,Petrovo,M,Unknown religion,2
2013,Number,Petrovo,F,Unknown religion,2
2013,Number,City of Prijedor,Both sexes,Unknown religion,374
2013,Number,City of Prijedor,M,Unknown religion,257
2013,Number,City of Prijedor,F,Unknown religion,117
2013,Number,Prnjavor,Both sexes,Unknown religion,31
2013,Number,Prnjavor,M,Unknown religion,13
2013,Number,Prnjavor,F,Unknown religion,18
2013,Number,Ribnik,Both sexes,Unknown religion,2
2013,Number,Ribnik,M,Unknown religion,2
2013,Number,Ribnik,F,Unknown religion,0
2013,Number,Rogatica,Both sexes,Unknown religion,4
2013,Number,Rogatica,M,Unknown religion,3
2013,Number,Rogatica,F,Unknown religion,1
2013,Number,Rudo,Both sexes,Unknown religion,4
2013,Number,Rudo,M,Unknown religion,0
2013,Number,Rudo,F,Unknown religion,4
2013,Number,Sokolac,Both sexes,Unknown religion,14
2013,Number,Sokolac,M,Unknown religion,3
2013,Number,Sokolac,F,Unknown religion,11
2013,Number,Srbac,Both sexes,Unknown religion,28
2013,Number,Srbac,M,Unknown religion,13
2013,Number,Srbac,F,Unknown religion,15
2013,Number,Srebrenica,Both sexes,Unknown religion,20
2013,Number,Srebrenica,M,Unknown religion,14
2013,Number,Srebrenica,F,Unknown religion,6
2013,Number,Teslic,Both sexes,Unknown religion,43
2013,Number,Teslic,M,Unknown religion,21
2013,Number,Teslic,F,Unknown religion,22
2013,Number,City of Trebinje,Both sexes,Unknown religion,14
2013,Number,City of Trebinje,M,Unknown religion,8
2013,Number,City of Trebinje,F,Unknown religion,6
2013,Number,Trnovo,Both sexes,Unknown religion,0
2013,Number,Trnovo,M,Unknown religion,0
2013,Number,Trnovo,F,Unknown religion,0
2013,Number,Ugljevik,Both sexes,Unknown religion,13
2013,Number,Ugljevik,M,Unknown religion,11
2013,Number,Ugljevik,F,Unknown religion,2
2013,Number,Foca,Both sexes,Unknown religion,12
2013,Number,Foca,M,Unknown religion,6
2013,Number,Foca,F,Unknown religion,6
2013,Number,Han Pijesak,Both sexes,Unknown religion,0
2013,Number,Han Pijesak,M,Unknown religion,0
2013,Number,Han Pijesak,F,Unknown religion,0
2013,Number,Cajnice,Both sexes,Unknown religion,4
2013,Number,Cajnice,M,Unknown religion,1
2013,Number,Cajnice,F,Unknown religion,3
2013,Number,Celinac,Both sexes,Unknown religion,10
2013,Number,Celinac,M,Unknown religion,4
2013,Number,Celinac,F,Unknown religion,6
2013,Number,Samac,Both sexes,Unknown religion,18
2013,Number,Samac,M,Unknown religion,10
2013,Number,Samac,F,Unknown religion,8
2013,Number,Sekovici,Both sexes,Unknown religion,9
2013,Number,Sekovici,M,Unknown religion,4
2013,Number,Sekovici,F,Unknown religion,5
2013,Number,Sipovo,Both sexes,Unknown religion,6
2013,Number,Sipovo,M,Unknown religion,4
2013,Number,Sipovo,F,Unknown religion,2
