Year,UNIT_MEASURE,Administrative area,Sex,Literacy,Value
2013,Number,Republika Srpska,Both sexes,Total,1062861.0
2013,Number,Republika Srpska,M,Total,516703.0
2013,Number,Republika Srpska,F,Total,546158.0
2013,Number,City of Banja Luka,Both sexes,Total,162106.0
2013,Number,City of Banja Luka,M,Total,77356.0
2013,Number,City of Banja Luka,F,Total,84750.0
2013,Number,Berkovici,Both sexes,Total,1824.0
2013,Number,Berkovici,M,Total,916.0
2013,Number,Berkovici,F,Total,908.0
2013,Number,City of Bijeljina,Both sexes,Total,94007.0
2013,Number,City of Bijeljina,M,Total,45652.0
2013,Number,City of Bijeljina,F,Total,48355.0
2013,Number,Bileca,Both sexes,Total,9644.0
2013,Number,Bileca,M,Total,4830.0
2013,Number,Bileca,F,Total,4814.0
2013,Number,Bratunac,Both sexes,Total,16773.0
2013,Number,Bratunac,M,Total,8235.0
2013,Number,Bratunac,F,Total,8538.0
2013,Number,Brod,Both sexes,Total,14277.0
2013,Number,Brod,M,Total,6911.0
2013,Number,Brod,F,Total,7366.0
2013,Number,Visegrad,Both sexes,Total,9381.0
2013,Number,Visegrad,M,Total,4478.0
2013,Number,Visegrad,F,Total,4903.0
2013,Number,Vlasenica,Both sexes,Total,9649.0
2013,Number,Vlasenica,M,Total,4669.0
2013,Number,Vlasenica,F,Total,4980.0
2013,Number,Vukosavlje,Both sexes,Total,3950.0
2013,Number,Vukosavlje,M,Total,1975.0
2013,Number,Vukosavlje,F,Total,1975.0
2013,Number,Gacko,Both sexes,Total,7864.0
2013,Number,Gacko,M,Total,3987.0
2013,Number,Gacko,F,Total,3877.0
2013,Number,City of Gradiska,Both sexes,Total,44972.0
2013,Number,City of Gradiska,M,Total,21810.0
2013,Number,City of Gradiska,F,Total,23162.0
2013,Number,City of Derventa,Both sexes,Total,23629.0
2013,Number,City of Derventa,M,Total,11467.0
2013,Number,City of Derventa,F,Total,12162.0
2013,Number,City of Doboj,Both sexes,Total,62056.0
2013,Number,City of Doboj,M,Total,29964.0
2013,Number,City of Doboj,F,Total,32092.0
2013,Number,Donji Zabar,Both sexes,Total,3352.0
2013,Number,Donji Zabar,M,Total,1685.0
2013,Number,Donji Zabar,F,Total,1667.0
2013,Number,City of Zvornik,Both sexes,Total,48535.0
2013,Number,City of Zvornik,M,Total,23809.0
2013,Number,City of Zvornik,F,Total,24726.0
2013,Number,East Ilidza,Both sexes,Total,13131.0
2013,Number,East Ilidza,M,Total,6250.0
2013,Number,East Ilidza,F,Total,6881.0
2013,Number,East Drvar,Both sexes,Total,65.0
2013,Number,East Drvar,M,Total,43.0
2013,Number,East Drvar,F,Total,22.0
2013,Number,East Mostar,Both sexes,Total,226.0
2013,Number,East Mostar,M,Total,128.0
2013,Number,East Mostar,F,Total,98.0
2013,Number,East Stari Grad,Both sexes,Total,1033.0
2013,Number,East Stari Grad,M,Total,505.0
2013,Number,East Stari Grad,F,Total,528.0
2013,Number,East Novo Sarajevo,Both sexes,Total,9302.0
2013,Number,East Novo Sarajevo,M,Total,4402.0
2013,Number,East Novo Sarajevo,F,Total,4900.0
2013,Number,Jezero,Both sexes,Total,951.0
2013,Number,Jezero,M,Total,492.0
2013,Number,Jezero,F,Total,459.0
2013,Number,Kalinovik,Both sexes,Total,1845.0
2013,Number,Kalinovik,M,Total,895.0
2013,Number,Kalinovik,F,Total,950.0
2013,Number,Knezevo,Both sexes,Total,8558.0
2013,Number,Knezevo,M,Total,4209.0
2013,Number,Knezevo,F,Total,4349.0
2013,Number,Kozarska Dubica,Both sexes,Total,19095.0
2013,Number,Kozarska Dubica,M,Total,9296.0
2013,Number,Kozarska Dubica,F,Total,9799.0
2013,Number,Kostajnica,Both sexes,Total,5201.0
2013,Number,Kostajnica,M,Total,2553.0
2013,Number,Kostajnica,F,Total,2648.0
2013,Number,Kotor Varos,Both sexes,Total,16533.0
2013,Number,Kotor Varos,M,Total,8069.0
2013,Number,Kotor Varos,F,Total,8464.0
2013,Number,Krupa Na Uni,Both sexes,Total,1456.0
2013,Number,Krupa Na Uni,M,Total,786.0
2013,Number,Krupa Na Uni,F,Total,670.0
2013,Number,Kupres,Both sexes,Total,280.0
2013,Number,Kupres,M,Total,147.0
2013,Number,Kupres,F,Total,133.0
2013,Number,Laktasi,Both sexes,Total,30705.0
2013,Number,Laktasi,M,Total,15132.0
2013,Number,Laktasi,F,Total,15573.0
2013,Number,Lopare,Both sexes,Total,13599.0
2013,Number,Lopare,M,Total,6831.0
2013,Number,Lopare,F,Total,6768.0
2013,Number,Ljubinje,Both sexes,Total,3046.0
2013,Number,Ljubinje,M,Total,1502.0
2013,Number,Ljubinje,F,Total,1544.0
2013,Number,Milici,Both sexes,Total,9487.0
2013,Number,Milici,M,Total,4761.0
2013,Number,Milici,F,Total,4726.0
2013,Number,Modrica,Both sexes,Total,22419.0
2013,Number,Modrica,M,Total,10910.0
2013,Number,Modrica,F,Total,11509.0
2013,Number,Mrkonjic Grad,Both sexes,Total,14541.0
2013,Number,Mrkonjic Grad,M,Total,6944.0
2013,Number,Mrkonjic Grad,F,Total,7597.0
2013,Number,Nevesinje,Both sexes,Total,11346.0
2013,Number,Nevesinje,M,Total,5615.0
2013,Number,Nevesinje,F,Total,5731.0
2013,Number,Novi Grad,Both sexes,Total,23292.0
2013,Number,Novi Grad,M,Total,11576.0
2013,Number,Novi Grad,F,Total,11716.0
2013,Number,Novo Gorazde,Both sexes,Total,2718.0
2013,Number,Novo Gorazde,M,Total,1408.0
2013,Number,Novo Gorazde,F,Total,1310.0
2013,Number,Osmaci,Both sexes,Total,5021.0
2013,Number,Osmaci,M,Total,2498.0
2013,Number,Osmaci,F,Total,2523.0
2013,Number,Ostra Luka,Both sexes,Total,2468.0
2013,Number,Ostra Luka,M,Total,1264.0
2013,Number,Ostra Luka,F,Total,1204.0
2013,Number,Pale,Both sexes,Total,18603.0
2013,Number,Pale,M,Total,8848.0
2013,Number,Pale,F,Total,9755.0
2013,Number,Pelagicevo,Both sexes,Total,4076.0
2013,Number,Pelagicevo,M,Total,2009.0
2013,Number,Pelagicevo,F,Total,2067.0
2013,Number,Petrovac,Both sexes,Total,323.0
2013,Number,Petrovac,M,Total,151.0
2013,Number,Petrovac,F,Total,172.0
2013,Number,Petrovo,Both sexes,Total,5831.0
2013,Number,Petrovo,M,Total,2793.0
2013,Number,Petrovo,F,Total,3038.0
2013,Number,City of Prijedor,Both sexes,Total,74375.0
2013,Number,City of Prijedor,M,Total,36023.0
2013,Number,City of Prijedor,F,Total,38352.0
2013,Number,Prnjavor,Both sexes,Total,31231.0
2013,Number,Prnjavor,M,Total,15075.0
2013,Number,Prnjavor,F,Total,16156.0
2013,Number,Ribnik,Both sexes,Total,5365.0
2013,Number,Ribnik,M,Total,2649.0
2013,Number,Ribnik,F,Total,2716.0
2013,Number,Rogatica,Both sexes,Total,9327.0
2013,Number,Rogatica,M,Total,4558.0
2013,Number,Rogatica,F,Total,4769.0
2013,Number,Rudo,Both sexes,Total,6979.0
2013,Number,Rudo,M,Total,3524.0
2013,Number,Rudo,F,Total,3455.0
2013,Number,Sokolac,Both sexes,Total,10588.0
2013,Number,Sokolac,M,Total,5194.0
2013,Number,Sokolac,F,Total,5394.0
2013,Number,Srbac,Both sexes,Total,15404.0
2013,Number,Srbac,M,Total,7537.0
2013,Number,Srbac,F,Total,7867.0
2013,Number,Srebrenica,Both sexes,Total,10715.0
2013,Number,Srebrenica,M,Total,5225.0
2013,Number,Srebrenica,F,Total,5490.0
2013,Number,Teslic,Both sexes,Total,33369.0
2013,Number,Teslic,M,Total,15840.0
2013,Number,Teslic,F,Total,17529.0
2013,Number,City of Trebinje,Both sexes,Total,25447.0
2013,Number,City of Trebinje,M,Total,12305.0
2013,Number,City of Trebinje,F,Total,13142.0
2013,Number,Trnovo,Both sexes,Total,1852.0
2013,Number,Trnovo,M,Total,887.0
2013,Number,Trnovo,F,Total,965.0
2013,Number,Ugljevik,Both sexes,Total,13720.0
2013,Number,Ugljevik,M,Total,6891.0
2013,Number,Ugljevik,F,Total,6829.0
2013,Number,Foca,Both sexes,Total,16227.0
2013,Number,Foca,M,Total,8147.0
2013,Number,Foca,F,Total,8080.0
2013,Number,Han Pijesak,Both sexes,Total,3187.0
2013,Number,Han Pijesak,M,Total,1496.0
2013,Number,Han Pijesak,F,Total,1691.0
2013,Number,Cajnice,Both sexes,Total,4289.0
2013,Number,Cajnice,M,Total,2164.0
2013,Number,Cajnice,F,Total,2125.0
2013,Number,Celinac,Both sexes,Total,13636.0
2013,Number,Celinac,M,Total,6711.0
2013,Number,Celinac,F,Total,6925.0
2013,Number,Samac,Both sexes,Total,15072.0
2013,Number,Samac,M,Total,7273.0
2013,Number,Samac,F,Total,7799.0
2013,Number,Sekovici,Both sexes,Total,5816.0
2013,Number,Sekovici,M,Total,2868.0
2013,Number,Sekovici,F,Total,2948.0
2013,Number,Sipovo,Both sexes,Total,9092.0
2013,Number,Sipovo,M,Total,4575.0
2013,Number,Sipovo,F,Total,4517.0
2013,Number,Republika Srpska,Both sexes,Illiterate,34928.0
2013,Number,Republika Srpska,M,Illiterate,4987.0
2013,Number,Republika Srpska,F,Illiterate,29941.0
2013,Number,City of Banja Luka,Both sexes,Illiterate,3503.0
2013,Number,City of Banja Luka,M,Illiterate,509.0
2013,Number,City of Banja Luka,F,Illiterate,2994.0
2013,Number,Berkovici,Both sexes,Illiterate,47.0
2013,Number,Berkovici,M,Illiterate,1.0
2013,Number,Berkovici,F,Illiterate,46.0
2013,Number,City of Bijeljina,Both sexes,Illiterate,2541.0
2013,Number,City of Bijeljina,M,Illiterate,413.0
2013,Number,City of Bijeljina,F,Illiterate,2128.0
2013,Number,Bileca,Both sexes,Illiterate,144.0
2013,Number,Bileca,M,Illiterate,31.0
2013,Number,Bileca,F,Illiterate,113.0
2013,Number,Bratunac,Both sexes,Illiterate,865.0
2013,Number,Bratunac,M,Illiterate,82.0
2013,Number,Bratunac,F,Illiterate,783.0
2013,Number,Brod,Both sexes,Illiterate,330.0
2013,Number,Brod,M,Illiterate,53.0
2013,Number,Brod,F,Illiterate,277.0
2013,Number,Visegrad,Both sexes,Illiterate,358.0
2013,Number,Visegrad,M,Illiterate,35.0
2013,Number,Visegrad,F,Illiterate,323.0
2013,Number,Vlasenica,Both sexes,Illiterate,350.0
2013,Number,Vlasenica,M,Illiterate,49.0
2013,Number,Vlasenica,F,Illiterate,301.0
2013,Number,Vukosavlje,Both sexes,Illiterate,196.0
2013,Number,Vukosavlje,M,Illiterate,31.0
2013,Number,Vukosavlje,F,Illiterate,165.0
2013,Number,Gacko,Both sexes,Illiterate,110.0
2013,Number,Gacko,M,Illiterate,10.0
2013,Number,Gacko,F,Illiterate,100.0
2013,Number,City of Gradiska,Both sexes,Illiterate,1526.0
2013,Number,City of Gradiska,M,Illiterate,204.0
2013,Number,City of Gradiska,F,Illiterate,1322.0
2013,Number,City of Derventa,Both sexes,Illiterate,812.0
2013,Number,City of Derventa,M,Illiterate,120.0
2013,Number,City of Derventa,F,Illiterate,692.0
2013,Number,City of Doboj,Both sexes,Illiterate,1979.0
2013,Number,City of Doboj,M,Illiterate,270.0
2013,Number,City of Doboj,F,Illiterate,1709.0
2013,Number,Donji Zabar,Both sexes,Illiterate,128.0
2013,Number,Donji Zabar,M,Illiterate,26.0
2013,Number,Donji Zabar,F,Illiterate,102.0
2013,Number,City of Zvornik,Both sexes,Illiterate,2055.0
2013,Number,City of Zvornik,M,Illiterate,245.0
2013,Number,City of Zvornik,F,Illiterate,1810.0
2013,Number,East Ilidza,Both sexes,Illiterate,171.0
2013,Number,East Ilidza,M,Illiterate,22.0
2013,Number,East Ilidza,F,Illiterate,149.0
2013,Number,East Drvar,Both sexes,Illiterate,2.0
2013,Number,East Drvar,M,Illiterate,0.0
2013,Number,East Drvar,F,Illiterate,2.0
2013,Number,East Mostar,Both sexes,Illiterate,19.0
2013,Number,East Mostar,M,Illiterate,1.0
2013,Number,East Mostar,F,Illiterate,18.0
2013,Number,East Stari Grad,Both sexes,Illiterate,40.0
2013,Number,East Stari Grad,M,Illiterate,3.0
2013,Number,East Stari Grad,F,Illiterate,37.0
2013,Number,East Novo Sarajevo,Both sexes,Illiterate,80.0
2013,Number,East Novo Sarajevo,M,Illiterate,14.0
2013,Number,East Novo Sarajevo,F,Illiterate,66.0
2013,Number,Jezero,Both sexes,Illiterate,43.0
2013,Number,Jezero,M,Illiterate,7.0
2013,Number,Jezero,F,Illiterate,36.0
2013,Number,Kalinovik,Both sexes,Illiterate,86.0
2013,Number,Kalinovik,M,Illiterate,5.0
2013,Number,Kalinovik,F,Illiterate,81.0
2013,Number,Knezevo,Both sexes,Illiterate,971.0
2013,Number,Knezevo,M,Illiterate,146.0
2013,Number,Knezevo,F,Illiterate,825.0
2013,Number,Kozarska Dubica,Both sexes,Illiterate,590.0
2013,Number,Kozarska Dubica,M,Illiterate,77.0
2013,Number,Kozarska Dubica,F,Illiterate,513.0
2013,Number,Kostajnica,Both sexes,Illiterate,115.0
2013,Number,Kostajnica,M,Illiterate,14.0
2013,Number,Kostajnica,F,Illiterate,101.0
2013,Number,Kotor Varos,Both sexes,Illiterate,1042.0
2013,Number,Kotor Varos,M,Illiterate,148.0
2013,Number,Kotor Varos,F,Illiterate,894.0
2013,Number,Krupa Na Uni,Both sexes,Illiterate,145.0
2013,Number,Krupa Na Uni,M,Illiterate,21.0
2013,Number,Krupa Na Uni,F,Illiterate,124.0
2013,Number,Kupres,Both sexes,Illiterate,81.0
2013,Number,Kupres,M,Illiterate,27.0
2013,Number,Kupres,F,Illiterate,54.0
2013,Number,Laktasi,Both sexes,Illiterate,752.0
2013,Number,Laktasi,M,Illiterate,117.0
2013,Number,Laktasi,F,Illiterate,635.0
2013,Number,Lopare,Both sexes,Illiterate,680.0
2013,Number,Lopare,M,Illiterate,123.0
2013,Number,Lopare,F,Illiterate,557.0
2013,Number,Ljubinje,Both sexes,Illiterate,49.0
2013,Number,Ljubinje,M,Illiterate,5.0
2013,Number,Ljubinje,F,Illiterate,44.0
2013,Number,Milici,Both sexes,Illiterate,399.0
2013,Number,Milici,M,Illiterate,51.0
2013,Number,Milici,F,Illiterate,348.0
2013,Number,Modrica,Both sexes,Illiterate,736.0
2013,Number,Modrica,M,Illiterate,119.0
2013,Number,Modrica,F,Illiterate,617.0
2013,Number,Mrkonjic Grad,Both sexes,Illiterate,821.0
2013,Number,Mrkonjic Grad,M,Illiterate,95.0
2013,Number,Mrkonjic Grad,F,Illiterate,726.0
2013,Number,Nevesinje,Both sexes,Illiterate,305.0
2013,Number,Nevesinje,M,Illiterate,32.0
2013,Number,Nevesinje,F,Illiterate,273.0
2013,Number,Novi Grad,Both sexes,Illiterate,666.0
2013,Number,Novi Grad,M,Illiterate,106.0
2013,Number,Novi Grad,F,Illiterate,560.0
2013,Number,Novo Gorazde,Both sexes,Illiterate,76.0
2013,Number,Novo Gorazde,M,Illiterate,5.0
2013,Number,Novo Gorazde,F,Illiterate,71.0
2013,Number,Osmaci,Both sexes,Illiterate,264.0
2013,Number,Osmaci,M,Illiterate,29.0
2013,Number,Osmaci,F,Illiterate,235.0
2013,Number,Ostra Luka,Both sexes,Illiterate,196.0
2013,Number,Ostra Luka,M,Illiterate,32.0
2013,Number,Ostra Luka,F,Illiterate,164.0
2013,Number,Pale,Both sexes,Illiterate,293.0
2013,Number,Pale,M,Illiterate,40.0
2013,Number,Pale,F,Illiterate,253.0
2013,Number,Pelagicevo,Both sexes,Illiterate,179.0
2013,Number,Pelagicevo,M,Illiterate,29.0
2013,Number,Pelagicevo,F,Illiterate,150.0
2013,Number,Petrovac,Both sexes,Illiterate,6.0
2013,Number,Petrovac,M,Illiterate,0.0
2013,Number,Petrovac,F,Illiterate,6.0
2013,Number,Petrovo,Both sexes,Illiterate,245.0
2013,Number,Petrovo,M,Illiterate,28.0
2013,Number,Petrovo,F,Illiterate,217.0
2013,Number,City of Prijedor,Both sexes,Illiterate,2172.0
2013,Number,City of Prijedor,M,Illiterate,422.0
2013,Number,City of Prijedor,F,Illiterate,1750.0
2013,Number,Prnjavor,Both sexes,Illiterate,1408.0
2013,Number,Prnjavor,M,Illiterate,203.0
2013,Number,Prnjavor,F,Illiterate,1205.0
2013,Number,Ribnik,Both sexes,Illiterate,456.0
2013,Number,Ribnik,M,Illiterate,69.0
2013,Number,Ribnik,F,Illiterate,387.0
2013,Number,Rogatica,Both sexes,Illiterate,351.0
2013,Number,Rogatica,M,Illiterate,38.0
2013,Number,Rogatica,F,Illiterate,313.0
2013,Number,Rudo,Both sexes,Illiterate,155.0
2013,Number,Rudo,M,Illiterate,27.0
2013,Number,Rudo,F,Illiterate,128.0
2013,Number,Sokolac,Both sexes,Illiterate,231.0
2013,Number,Sokolac,M,Illiterate,25.0
2013,Number,Sokolac,F,Illiterate,206.0
2013,Number,Srbac,Both sexes,Illiterate,539.0
2013,Number,Srbac,M,Illiterate,102.0
2013,Number,Srbac,F,Illiterate,437.0
2013,Number,Srebrenica,Both sexes,Illiterate,627.0
2013,Number,Srebrenica,M,Illiterate,64.0
2013,Number,Srebrenica,F,Illiterate,563.0
2013,Number,Teslic,Both sexes,Illiterate,1980.0
2013,Number,Teslic,M,Illiterate,227.0
2013,Number,Teslic,F,Illiterate,1753.0
2013,Number,City of Trebinje,Both sexes,Illiterate,237.0
2013,Number,City of Trebinje,M,Illiterate,31.0
2013,Number,City of Trebinje,F,Illiterate,206.0
2013,Number,Trnovo,Both sexes,Illiterate,76.0
2013,Number,Trnovo,M,Illiterate,10.0
2013,Number,Trnovo,F,Illiterate,66.0
2013,Number,Ugljevik,Both sexes,Illiterate,451.0
2013,Number,Ugljevik,M,Illiterate,68.0
2013,Number,Ugljevik,F,Illiterate,383.0
2013,Number,Foca,Both sexes,Illiterate,391.0
2013,Number,Foca,M,Illiterate,51.0
2013,Number,Foca,F,Illiterate,340.0
2013,Number,Han Pijesak,Both sexes,Illiterate,88.0
2013,Number,Han Pijesak,M,Illiterate,10.0
2013,Number,Han Pijesak,F,Illiterate,78.0
2013,Number,Cajnice,Both sexes,Illiterate,140.0
2013,Number,Cajnice,M,Illiterate,22.0
2013,Number,Cajnice,F,Illiterate,118.0
2013,Number,Celinac,Both sexes,Illiterate,472.0
2013,Number,Celinac,M,Illiterate,56.0
2013,Number,Celinac,F,Illiterate,416.0
2013,Number,Samac,Both sexes,Illiterate,300.0
2013,Number,Samac,M,Illiterate,55.0
2013,Number,Samac,F,Illiterate,245.0
2013,Number,Sekovici,Both sexes,Illiterate,427.0
2013,Number,Sekovici,M,Illiterate,83.0
2013,Number,Sekovici,F,Illiterate,344.0
2013,Number,Sipovo,Both sexes,Illiterate,431.0
2013,Number,Sipovo,M,Illiterate,49.0
2013,Number,Sipovo,F,Illiterate,382.0
2013,Number,Republika Srpska,Both sexes,Percentage of illiterates,3.29
2013,Number,Republika Srpska,M,Percentage of illiterates,0.97
2013,Number,Republika Srpska,F,Percentage of illiterates,5.48
2013,Number,City of Banja Luka,Both sexes,Percentage of illiterates,2.16
2013,Number,City of Banja Luka,M,Percentage of illiterates,0.66
2013,Number,City of Banja Luka,F,Percentage of illiterates,3.53
2013,Number,Berkovici,Both sexes,Percentage of illiterates,2.58
2013,Number,Berkovici,M,Percentage of illiterates,0.11
2013,Number,Berkovici,F,Percentage of illiterates,5.07
2013,Number,City of Bijeljina,Both sexes,Percentage of illiterates,2.7
2013,Number,City of Bijeljina,M,Percentage of illiterates,0.9
2013,Number,City of Bijeljina,F,Percentage of illiterates,4.4
2013,Number,Bileca,Both sexes,Percentage of illiterates,1.49
2013,Number,Bileca,M,Percentage of illiterates,0.64
2013,Number,Bileca,F,Percentage of illiterates,2.35
2013,Number,Bratunac,Both sexes,Percentage of illiterates,5.16
2013,Number,Bratunac,M,Percentage of illiterates,1.0
2013,Number,Bratunac,F,Percentage of illiterates,9.17
2013,Number,Brod,Both sexes,Percentage of illiterates,2.31
2013,Number,Brod,M,Percentage of illiterates,0.77
2013,Number,Brod,F,Percentage of illiterates,3.76
2013,Number,Visegrad,Both sexes,Percentage of illiterates,3.82
2013,Number,Visegrad,M,Percentage of illiterates,0.78
2013,Number,Visegrad,F,Percentage of illiterates,6.59
2013,Number,Vlasenica,Both sexes,Percentage of illiterates,3.63
2013,Number,Vlasenica,M,Percentage of illiterates,1.05
2013,Number,Vlasenica,F,Percentage of illiterates,6.04
2013,Number,Vukosavlje,Both sexes,Percentage of illiterates,4.96
2013,Number,Vukosavlje,M,Percentage of illiterates,1.57
2013,Number,Vukosavlje,F,Percentage of illiterates,8.35
2013,Number,Gacko,Both sexes,Percentage of illiterates,1.4
2013,Number,Gacko,M,Percentage of illiterates,0.25
2013,Number,Gacko,F,Percentage of illiterates,2.58
2013,Number,City of Gradiska,Both sexes,Percentage of illiterates,3.39
2013,Number,City of Gradiska,M,Percentage of illiterates,0.94
2013,Number,City of Gradiska,F,Percentage of illiterates,5.71
2013,Number,City of Derventa,Both sexes,Percentage of illiterates,3.44
2013,Number,City of Derventa,M,Percentage of illiterates,1.05
2013,Number,City of Derventa,F,Percentage of illiterates,5.69
2013,Number,City of Doboj,Both sexes,Percentage of illiterates,3.19
2013,Number,City of Doboj,M,Percentage of illiterates,0.9
2013,Number,City of Doboj,F,Percentage of illiterates,5.33
2013,Number,Donji Zabar,Both sexes,Percentage of illiterates,3.82
2013,Number,Donji Zabar,M,Percentage of illiterates,1.54
2013,Number,Donji Zabar,F,Percentage of illiterates,6.12
2013,Number,City of Zvornik,Both sexes,Percentage of illiterates,4.23
2013,Number,City of Zvornik,M,Percentage of illiterates,1.03
2013,Number,City of Zvornik,F,Percentage of illiterates,7.32
2013,Number,East Ilidza,Both sexes,Percentage of illiterates,1.3
2013,Number,East Ilidza,M,Percentage of illiterates,0.35
2013,Number,East Ilidza,F,Percentage of illiterates,2.17
2013,Number,East Drvar,Both sexes,Percentage of illiterates,3.08
2013,Number,East Drvar,M,Percentage of illiterates,0.0
2013,Number,East Drvar,F,Percentage of illiterates,9.09
2013,Number,East Mostar,Both sexes,Percentage of illiterates,8.41
2013,Number,East Mostar,M,Percentage of illiterates,0.78
2013,Number,East Mostar,F,Percentage of illiterates,18.37
2013,Number,East Stari Grad,Both sexes,Percentage of illiterates,3.87
2013,Number,East Stari Grad,M,Percentage of illiterates,0.59
2013,Number,East Stari Grad,F,Percentage of illiterates,7.01
2013,Number,East Novo Sarajevo,Both sexes,Percentage of illiterates,0.86
2013,Number,East Novo Sarajevo,M,Percentage of illiterates,0.32
2013,Number,East Novo Sarajevo,F,Percentage of illiterates,1.35
2013,Number,Jezero,Both sexes,Percentage of illiterates,4.52
2013,Number,Jezero,M,Percentage of illiterates,1.42
2013,Number,Jezero,F,Percentage of illiterates,7.84
2013,Number,Kalinovik,Both sexes,Percentage of illiterates,4.66
2013,Number,Kalinovik,M,Percentage of illiterates,0.56
2013,Number,Kalinovik,F,Percentage of illiterates,8.53
2013,Number,Knezevo,Both sexes,Percentage of illiterates,11.35
2013,Number,Knezevo,M,Percentage of illiterates,3.47
2013,Number,Knezevo,F,Percentage of illiterates,18.97
2013,Number,Kozarska Dubica,Both sexes,Percentage of illiterates,3.09
2013,Number,Kozarska Dubica,M,Percentage of illiterates,0.83
2013,Number,Kozarska Dubica,F,Percentage of illiterates,5.24
2013,Number,Kostajnica,Both sexes,Percentage of illiterates,2.21
2013,Number,Kostajnica,M,Percentage of illiterates,0.55
2013,Number,Kostajnica,F,Percentage of illiterates,3.81
2013,Number,Kotor Varos,Both sexes,Percentage of illiterates,6.3
2013,Number,Kotor Varos,M,Percentage of illiterates,1.83
2013,Number,Kotor Varos,F,Percentage of illiterates,10.56
2013,Number,Krupa Na Uni,Both sexes,Percentage of illiterates,9.96
2013,Number,Krupa Na Uni,M,Percentage of illiterates,2.67
2013,Number,Krupa Na Uni,F,Percentage of illiterates,18.51
2013,Number,Kupres,Both sexes,Percentage of illiterates,28.93
2013,Number,Kupres,M,Percentage of illiterates,18.37
2013,Number,Kupres,F,Percentage of illiterates,40.6
2013,Number,Laktasi,Both sexes,Percentage of illiterates,2.45
2013,Number,Laktasi,M,Percentage of illiterates,0.77
2013,Number,Laktasi,F,Percentage of illiterates,4.08
2013,Number,Lopare,Both sexes,Percentage of illiterates,5.0
2013,Number,Lopare,M,Percentage of illiterates,1.8
2013,Number,Lopare,F,Percentage of illiterates,8.23
2013,Number,Ljubinje,Both sexes,Percentage of illiterates,1.61
2013,Number,Ljubinje,M,Percentage of illiterates,0.33
2013,Number,Ljubinje,F,Percentage of illiterates,2.85
2013,Number,Milici,Both sexes,Percentage of illiterates,4.21
2013,Number,Milici,M,Percentage of illiterates,1.07
2013,Number,Milici,F,Percentage of illiterates,7.36
2013,Number,Modrica,Both sexes,Percentage of illiterates,3.28
2013,Number,Modrica,M,Percentage of illiterates,1.09
2013,Number,Modrica,F,Percentage of illiterates,5.36
2013,Number,Mrkonjic Grad,Both sexes,Percentage of illiterates,5.65
2013,Number,Mrkonjic Grad,M,Percentage of illiterates,1.37
2013,Number,Mrkonjic Grad,F,Percentage of illiterates,9.56
2013,Number,Nevesinje,Both sexes,Percentage of illiterates,2.69
2013,Number,Nevesinje,M,Percentage of illiterates,0.57
2013,Number,Nevesinje,F,Percentage of illiterates,4.76
2013,Number,Novi Grad,Both sexes,Percentage of illiterates,2.86
2013,Number,Novi Grad,M,Percentage of illiterates,0.92
2013,Number,Novi Grad,F,Percentage of illiterates,4.78
2013,Number,Novo Gorazde,Both sexes,Percentage of illiterates,2.8
2013,Number,Novo Gorazde,M,Percentage of illiterates,0.36
2013,Number,Novo Gorazde,F,Percentage of illiterates,5.42
2013,Number,Osmaci,Both sexes,Percentage of illiterates,5.26
2013,Number,Osmaci,M,Percentage of illiterates,1.16
2013,Number,Osmaci,F,Percentage of illiterates,9.31
2013,Number,Ostra Luka,Both sexes,Percentage of illiterates,7.94
2013,Number,Ostra Luka,M,Percentage of illiterates,2.53
2013,Number,Ostra Luka,F,Percentage of illiterates,13.62
2013,Number,Pale,Both sexes,Percentage of illiterates,1.58
2013,Number,Pale,M,Percentage of illiterates,0.45
2013,Number,Pale,F,Percentage of illiterates,2.59
2013,Number,Pelagicevo,Both sexes,Percentage of illiterates,4.39
2013,Number,Pelagicevo,M,Percentage of illiterates,1.44
2013,Number,Pelagicevo,F,Percentage of illiterates,7.26
2013,Number,Petrovac,Both sexes,Percentage of illiterates,1.86
2013,Number,Petrovac,M,Percentage of illiterates,0.0
2013,Number,Petrovac,F,Percentage of illiterates,3.49
2013,Number,Petrovo,Both sexes,Percentage of illiterates,4.2
2013,Number,Petrovo,M,Percentage of illiterates,1.0
2013,Number,Petrovo,F,Percentage of illiterates,7.14
2013,Number,City of Prijedor,Both sexes,Percentage of illiterates,2.92
2013,Number,City of Prijedor,M,Percentage of illiterates,1.17
2013,Number,City of Prijedor,F,Percentage of illiterates,4.56
2013,Number,Prnjavor,Both sexes,Percentage of illiterates,4.51
2013,Number,Prnjavor,M,Percentage of illiterates,1.35
2013,Number,Prnjavor,F,Percentage of illiterates,7.46
2013,Number,Ribnik,Both sexes,Percentage of illiterates,8.5
2013,Number,Ribnik,M,Percentage of illiterates,2.6
2013,Number,Ribnik,F,Percentage of illiterates,14.25
2013,Number,Rogatica,Both sexes,Percentage of illiterates,3.76
2013,Number,Rogatica,M,Percentage of illiterates,0.83
2013,Number,Rogatica,F,Percentage of illiterates,6.56
2013,Number,Rudo,Both sexes,Percentage of illiterates,2.22
2013,Number,Rudo,M,Percentage of illiterates,0.77
2013,Number,Rudo,F,Percentage of illiterates,3.7
2013,Number,Sokolac,Both sexes,Percentage of illiterates,2.18
2013,Number,Sokolac,M,Percentage of illiterates,0.48
2013,Number,Sokolac,F,Percentage of illiterates,3.82
2013,Number,Srbac,Both sexes,Percentage of illiterates,3.5
2013,Number,Srbac,M,Percentage of illiterates,1.35
2013,Number,Srbac,F,Percentage of illiterates,5.55
2013,Number,Srebrenica,Both sexes,Percentage of illiterates,5.85
2013,Number,Srebrenica,M,Percentage of illiterates,1.22
2013,Number,Srebrenica,F,Percentage of illiterates,10.26
2013,Number,Teslic,Both sexes,Percentage of illiterates,5.93
2013,Number,Teslic,M,Percentage of illiterates,1.43
2013,Number,Teslic,F,Percentage of illiterates,10.0
2013,Number,City of Trebinje,Both sexes,Percentage of illiterates,0.93
2013,Number,City of Trebinje,M,Percentage of illiterates,0.25
2013,Number,City of Trebinje,F,Percentage of illiterates,1.57
2013,Number,Trnovo,Both sexes,Percentage of illiterates,4.1
2013,Number,Trnovo,M,Percentage of illiterates,1.13
2013,Number,Trnovo,F,Percentage of illiterates,6.84
2013,Number,Ugljevik,Both sexes,Percentage of illiterates,3.29
2013,Number,Ugljevik,M,Percentage of illiterates,0.99
2013,Number,Ugljevik,F,Percentage of illiterates,5.61
2013,Number,Foca,Both sexes,Percentage of illiterates,2.41
2013,Number,Foca,M,Percentage of illiterates,0.63
2013,Number,Foca,F,Percentage of illiterates,4.21
2013,Number,Han Pijesak,Both sexes,Percentage of illiterates,2.76
2013,Number,Han Pijesak,M,Percentage of illiterates,0.67
2013,Number,Han Pijesak,F,Percentage of illiterates,4.61
2013,Number,Cajnice,Both sexes,Percentage of illiterates,3.26
2013,Number,Cajnice,M,Percentage of illiterates,1.02
2013,Number,Cajnice,F,Percentage of illiterates,5.55
2013,Number,Celinac,Both sexes,Percentage of illiterates,3.46
2013,Number,Celinac,M,Percentage of illiterates,0.83
2013,Number,Celinac,F,Percentage of illiterates,6.01
2013,Number,Samac,Both sexes,Percentage of illiterates,1.99
2013,Number,Samac,M,Percentage of illiterates,0.76
2013,Number,Samac,F,Percentage of illiterates,3.14
2013,Number,Sekovici,Both sexes,Percentage of illiterates,7.34
2013,Number,Sekovici,M,Percentage of illiterates,2.89
2013,Number,Sekovici,F,Percentage of illiterates,11.67
2013,Number,Sipovo,Both sexes,Percentage of illiterates,4.74
2013,Number,Sipovo,M,Percentage of illiterates,1.07
2013,Number,Sipovo,F,Percentage of illiterates,8.46
2013,Number,Republika Srpska,Both sexes,Unknown computer literacy rate,10476.0
2013,Number,Republika Srpska,M,Unknown computer literacy rate,3675.0
2013,Number,Republika Srpska,F,Unknown computer literacy rate,6801.0
2013,Number,City of Banja Luka,Both sexes,Unknown computer literacy rate,1192.0
2013,Number,City of Banja Luka,M,Unknown computer literacy rate,413.0
2013,Number,City of Banja Luka,F,Unknown computer literacy rate,779.0
2013,Number,Berkovici,Both sexes,Unknown computer literacy rate,27.0
2013,Number,Berkovici,M,Unknown computer literacy rate,10.0
2013,Number,Berkovici,F,Unknown computer literacy rate,17.0
2013,Number,City of Bijeljina,Both sexes,Unknown computer literacy rate,916.0
2013,Number,City of Bijeljina,M,Unknown computer literacy rate,302.0
2013,Number,City of Bijeljina,F,Unknown computer literacy rate,614.0
2013,Number,Bileca,Both sexes,Unknown computer literacy rate,83.0
2013,Number,Bileca,M,Unknown computer literacy rate,27.0
2013,Number,Bileca,F,Unknown computer literacy rate,56.0
2013,Number,Bratunac,Both sexes,Unknown computer literacy rate,239.0
2013,Number,Bratunac,M,Unknown computer literacy rate,80.0
2013,Number,Bratunac,F,Unknown computer literacy rate,159.0
2013,Number,Brod,Both sexes,Unknown computer literacy rate,178.0
2013,Number,Brod,M,Unknown computer literacy rate,59.0
2013,Number,Brod,F,Unknown computer literacy rate,119.0
2013,Number,Visegrad,Both sexes,Unknown computer literacy rate,91.0
2013,Number,Visegrad,M,Unknown computer literacy rate,32.0
2013,Number,Visegrad,F,Unknown computer literacy rate,59.0
2013,Number,Vlasenica,Both sexes,Unknown computer literacy rate,185.0
2013,Number,Vlasenica,M,Unknown computer literacy rate,65.0
2013,Number,Vlasenica,F,Unknown computer literacy rate,120.0
2013,Number,Vukosavlje,Both sexes,Unknown computer literacy rate,76.0
2013,Number,Vukosavlje,M,Unknown computer literacy rate,29.0
2013,Number,Vukosavlje,F,Unknown computer literacy rate,47.0
2013,Number,Gacko,Both sexes,Unknown computer literacy rate,71.0
2013,Number,Gacko,M,Unknown computer literacy rate,24.0
2013,Number,Gacko,F,Unknown computer literacy rate,47.0
2013,Number,City of Gradiska,Both sexes,Unknown computer literacy rate,423.0
2013,Number,City of Gradiska,M,Unknown computer literacy rate,163.0
2013,Number,City of Gradiska,F,Unknown computer literacy rate,260.0
2013,Number,City of Derventa,Both sexes,Unknown computer literacy rate,368.0
2013,Number,City of Derventa,M,Unknown computer literacy rate,135.0
2013,Number,City of Derventa,F,Unknown computer literacy rate,233.0
2013,Number,City of Doboj,Both sexes,Unknown computer literacy rate,481.0
2013,Number,City of Doboj,M,Unknown computer literacy rate,166.0
2013,Number,City of Doboj,F,Unknown computer literacy rate,315.0
2013,Number,Donji Zabar,Both sexes,Unknown computer literacy rate,81.0
2013,Number,Donji Zabar,M,Unknown computer literacy rate,33.0
2013,Number,Donji Zabar,F,Unknown computer literacy rate,48.0
2013,Number,City of Zvornik,Both sexes,Unknown computer literacy rate,666.0
2013,Number,City of Zvornik,M,Unknown computer literacy rate,204.0
2013,Number,City of Zvornik,F,Unknown computer literacy rate,462.0
2013,Number,East Ilidza,Both sexes,Unknown computer literacy rate,67.0
2013,Number,East Ilidza,M,Unknown computer literacy rate,21.0
2013,Number,East Ilidza,F,Unknown computer literacy rate,46.0
2013,Number,East Drvar,Both sexes,Unknown computer literacy rate,0.0
2013,Number,East Drvar,M,Unknown computer literacy rate,0.0
2013,Number,East Drvar,F,Unknown computer literacy rate,0.0
2013,Number,East Mostar,Both sexes,Unknown computer literacy rate,0.0
2013,Number,East Mostar,M,Unknown computer literacy rate,0.0
2013,Number,East Mostar,F,Unknown computer literacy rate,0.0
2013,Number,East Stari Grad,Both sexes,Unknown computer literacy rate,6.0
2013,Number,East Stari Grad,M,Unknown computer literacy rate,2.0
2013,Number,East Stari Grad,F,Unknown computer literacy rate,4.0
2013,Number,East Novo Sarajevo,Both sexes,Unknown computer literacy rate,36.0
2013,Number,East Novo Sarajevo,M,Unknown computer literacy rate,12.0
2013,Number,East Novo Sarajevo,F,Unknown computer literacy rate,24.0
2013,Number,Jezero,Both sexes,Unknown computer literacy rate,6.0
2013,Number,Jezero,M,Unknown computer literacy rate,2.0
2013,Number,Jezero,F,Unknown computer literacy rate,4.0
2013,Number,Kalinovik,Both sexes,Unknown computer literacy rate,12.0
2013,Number,Kalinovik,M,Unknown computer literacy rate,5.0
2013,Number,Kalinovik,F,Unknown computer literacy rate,7.0
2013,Number,Knezevo,Both sexes,Unknown computer literacy rate,78.0
2013,Number,Knezevo,M,Unknown computer literacy rate,32.0
2013,Number,Knezevo,F,Unknown computer literacy rate,46.0
2013,Number,Kozarska Dubica,Both sexes,Unknown computer literacy rate,124.0
2013,Number,Kozarska Dubica,M,Unknown computer literacy rate,48.0
2013,Number,Kozarska Dubica,F,Unknown computer literacy rate,76.0
2013,Number,Kostajnica,Both sexes,Unknown computer literacy rate,34.0
2013,Number,Kostajnica,M,Unknown computer literacy rate,15.0
2013,Number,Kostajnica,F,Unknown computer literacy rate,19.0
2013,Number,Kotor Varos,Both sexes,Unknown computer literacy rate,216.0
2013,Number,Kotor Varos,M,Unknown computer literacy rate,73.0
2013,Number,Kotor Varos,F,Unknown computer literacy rate,143.0
2013,Number,Krupa Na Uni,Both sexes,Unknown computer literacy rate,4.0
2013,Number,Krupa Na Uni,M,Unknown computer literacy rate,1.0
2013,Number,Krupa Na Uni,F,Unknown computer literacy rate,3.0
2013,Number,Kupres,Both sexes,Unknown computer literacy rate,1.0
2013,Number,Kupres,M,Unknown computer literacy rate,0.0
2013,Number,Kupres,F,Unknown computer literacy rate,1.0
2013,Number,Laktasi,Both sexes,Unknown computer literacy rate,314.0
2013,Number,Laktasi,M,Unknown computer literacy rate,117.0
2013,Number,Laktasi,F,Unknown computer literacy rate,197.0
2013,Number,Lopare,Both sexes,Unknown computer literacy rate,156.0
2013,Number,Lopare,M,Unknown computer literacy rate,62.0
2013,Number,Lopare,F,Unknown computer literacy rate,94.0
2013,Number,Ljubinje,Both sexes,Unknown computer literacy rate,22.0
2013,Number,Ljubinje,M,Unknown computer literacy rate,7.0
2013,Number,Ljubinje,F,Unknown computer literacy rate,15.0
2013,Number,Milici,Both sexes,Unknown computer literacy rate,157.0
2013,Number,Milici,M,Unknown computer literacy rate,42.0
2013,Number,Milici,F,Unknown computer literacy rate,115.0
2013,Number,Modrica,Both sexes,Unknown computer literacy rate,346.0
2013,Number,Modrica,M,Unknown computer literacy rate,128.0
2013,Number,Modrica,F,Unknown computer literacy rate,218.0
2013,Number,Mrkonjic Grad,Both sexes,Unknown computer literacy rate,177.0
2013,Number,Mrkonjic Grad,M,Unknown computer literacy rate,65.0
2013,Number,Mrkonjic Grad,F,Unknown computer literacy rate,112.0
2013,Number,Nevesinje,Both sexes,Unknown computer literacy rate,95.0
2013,Number,Nevesinje,M,Unknown computer literacy rate,40.0
2013,Number,Nevesinje,F,Unknown computer literacy rate,55.0
2013,Number,Novi Grad,Both sexes,Unknown computer literacy rate,265.0
2013,Number,Novi Grad,M,Unknown computer literacy rate,96.0
2013,Number,Novi Grad,F,Unknown computer literacy rate,169.0
2013,Number,Novo Gorazde,Both sexes,Unknown computer literacy rate,16.0
2013,Number,Novo Gorazde,M,Unknown computer literacy rate,3.0
2013,Number,Novo Gorazde,F,Unknown computer literacy rate,13.0
2013,Number,Osmaci,Both sexes,Unknown computer literacy rate,41.0
2013,Number,Osmaci,M,Unknown computer literacy rate,15.0
2013,Number,Osmaci,F,Unknown computer literacy rate,26.0
2013,Number,Ostra Luka,Both sexes,Unknown computer literacy rate,19.0
2013,Number,Ostra Luka,M,Unknown computer literacy rate,10.0
2013,Number,Ostra Luka,F,Unknown computer literacy rate,9.0
2013,Number,Pale,Both sexes,Unknown computer literacy rate,99.0
2013,Number,Pale,M,Unknown computer literacy rate,31.0
2013,Number,Pale,F,Unknown computer literacy rate,68.0
2013,Number,Pelagicevo,Both sexes,Unknown computer literacy rate,132.0
2013,Number,Pelagicevo,M,Unknown computer literacy rate,59.0
2013,Number,Pelagicevo,F,Unknown computer literacy rate,73.0
2013,Number,Petrovac,Both sexes,Unknown computer literacy rate,1.0
2013,Number,Petrovac,M,Unknown computer literacy rate,1.0
2013,Number,Petrovac,F,Unknown computer literacy rate,0.0
2013,Number,Petrovo,Both sexes,Unknown computer literacy rate,35.0
2013,Number,Petrovo,M,Unknown computer literacy rate,13.0
2013,Number,Petrovo,F,Unknown computer literacy rate,22.0
2013,Number,City of Prijedor,Both sexes,Unknown computer literacy rate,816.0
2013,Number,City of Prijedor,M,Unknown computer literacy rate,283.0
2013,Number,City of Prijedor,F,Unknown computer literacy rate,533.0
2013,Number,Prnjavor,Both sexes,Unknown computer literacy rate,223.0
2013,Number,Prnjavor,M,Unknown computer literacy rate,90.0
2013,Number,Prnjavor,F,Unknown computer literacy rate,133.0
2013,Number,Ribnik,Both sexes,Unknown computer literacy rate,41.0
2013,Number,Ribnik,M,Unknown computer literacy rate,13.0
2013,Number,Ribnik,F,Unknown computer literacy rate,28.0
2013,Number,Rogatica,Both sexes,Unknown computer literacy rate,110.0
2013,Number,Rogatica,M,Unknown computer literacy rate,24.0
2013,Number,Rogatica,F,Unknown computer literacy rate,86.0
2013,Number,Rudo,Both sexes,Unknown computer literacy rate,40.0
2013,Number,Rudo,M,Unknown computer literacy rate,16.0
2013,Number,Rudo,F,Unknown computer literacy rate,24.0
2013,Number,Sokolac,Both sexes,Unknown computer literacy rate,69.0
2013,Number,Sokolac,M,Unknown computer literacy rate,29.0
2013,Number,Sokolac,F,Unknown computer literacy rate,40.0
2013,Number,Srbac,Both sexes,Unknown computer literacy rate,250.0
2013,Number,Srbac,M,Unknown computer literacy rate,90.0
2013,Number,Srbac,F,Unknown computer literacy rate,160.0
2013,Number,Srebrenica,Both sexes,Unknown computer literacy rate,134.0
2013,Number,Srebrenica,M,Unknown computer literacy rate,26.0
2013,Number,Srebrenica,F,Unknown computer literacy rate,108.0
2013,Number,Teslic,Both sexes,Unknown computer literacy rate,346.0
2013,Number,Teslic,M,Unknown computer literacy rate,124.0
2013,Number,Teslic,F,Unknown computer literacy rate,222.0
2013,Number,City of Trebinje,Both sexes,Unknown computer literacy rate,188.0
2013,Number,City of Trebinje,M,Unknown computer literacy rate,59.0
2013,Number,City of Trebinje,F,Unknown computer literacy rate,129.0
2013,Number,Trnovo,Both sexes,Unknown computer literacy rate,12.0
2013,Number,Trnovo,M,Unknown computer literacy rate,4.0
2013,Number,Trnovo,F,Unknown computer literacy rate,8.0
2013,Number,Ugljevik,Both sexes,Unknown computer literacy rate,98.0
2013,Number,Ugljevik,M,Unknown computer literacy rate,37.0
2013,Number,Ugljevik,F,Unknown computer literacy rate,61.0
2013,Number,Foca,Both sexes,Unknown computer literacy rate,128.0
2013,Number,Foca,M,Unknown computer literacy rate,51.0
2013,Number,Foca,F,Unknown computer literacy rate,77.0
2013,Number,Han Pijesak,Both sexes,Unknown computer literacy rate,13.0
2013,Number,Han Pijesak,M,Unknown computer literacy rate,4.0
2013,Number,Han Pijesak,F,Unknown computer literacy rate,9.0
2013,Number,Cajnice,Both sexes,Unknown computer literacy rate,24.0
2013,Number,Cajnice,M,Unknown computer literacy rate,9.0
2013,Number,Cajnice,F,Unknown computer literacy rate,15.0
2013,Number,Celinac,Both sexes,Unknown computer literacy rate,126.0
2013,Number,Celinac,M,Unknown computer literacy rate,54.0
2013,Number,Celinac,F,Unknown computer literacy rate,72.0
2013,Number,Samac,Both sexes,Unknown computer literacy rate,185.0
2013,Number,Samac,M,Unknown computer literacy rate,64.0
2013,Number,Samac,F,Unknown computer literacy rate,121.0
2013,Number,Sekovici,Both sexes,Unknown computer literacy rate,65.0
2013,Number,Sekovici,M,Unknown computer literacy rate,27.0
2013,Number,Sekovici,F,Unknown computer literacy rate,38.0
2013,Number,Sipovo,Both sexes,Unknown computer literacy rate,72.0
2013,Number,Sipovo,M,Unknown computer literacy rate,29.0
2013,Number,Sipovo,F,Unknown computer literacy rate,43.0
