Year,UNIT_MEASURE,Administrative area,Sex,Education,Value
2013,Number,Republika Srpska,Both sexes,No education,58651
2013,Number,Republika Srpska,M,No education,9370
2013,Number,Republika Srpska,F,No education,49281
2013,Number,City of Banja Luka,Both sexes,No education,5673
2013,Number,City of Banja Luka,M,No education,921
2013,Number,City of Banja Luka,F,No education,4752
2013,Number,Berkovici,Both sexes,No education,104
2013,Number,Berkovici,M,No education,8
2013,Number,Berkovici,F,No education,96
2013,Number,City of Bijeljina,Both sexes,No education,3916
2013,Number,City of Bijeljina,M,No education,650
2013,Number,City of Bijeljina,F,No education,3266
2013,Number,Bileca,Both sexes,No education,246
2013,Number,Bileca,M,No education,42
2013,Number,Bileca,F,No education,204
2013,Number,Bratunac,Both sexes,No education,1297
2013,Number,Bratunac,M,No education,166
2013,Number,Bratunac,F,No education,1131
2013,Number,Brod,Both sexes,No education,586
2013,Number,Brod,M,No education,90
2013,Number,Brod,F,No education,496
2013,Number,Visegrad,Both sexes,No education,576
2013,Number,Visegrad,M,No education,65
2013,Number,Visegrad,F,No education,511
2013,Number,Vlasenica,Both sexes,No education,629
2013,Number,Vlasenica,M,No education,101
2013,Number,Vlasenica,F,No education,528
2013,Number,Vukosavlje,Both sexes,No education,329
2013,Number,Vukosavlje,M,No education,69
2013,Number,Vukosavlje,F,No education,260
2013,Number,Gacko,Both sexes,No education,268
2013,Number,Gacko,M,No education,22
2013,Number,Gacko,F,No education,246
2013,Number,City of Gradiska,Both sexes,No education,2608
2013,Number,City of Gradiska,M,No education,425
2013,Number,City of Gradiska,F,No education,2183
2013,Number,City of Derventa,Both sexes,No education,1538
2013,Number,City of Derventa,M,No education,281
2013,Number,City of Derventa,F,No education,1257
2013,Number,City of Doboj,Both sexes,No education,3364
2013,Number,City of Doboj,M,No education,496
2013,Number,City of Doboj,F,No education,2868
2013,Number,Donji Zabar,Both sexes,No education,209
2013,Number,Donji Zabar,M,No education,37
2013,Number,Donji Zabar,F,No education,172
2013,Number,City of Zvornik,Both sexes,No education,3216
2013,Number,City of Zvornik,M,No education,484
2013,Number,City of Zvornik,F,No education,2732
2013,Number,East Ilidza,Both sexes,No education,280
2013,Number,East Ilidza,M,No education,33
2013,Number,East Ilidza,F,No education,247
2013,Number,East Drvar,Both sexes,No education,5
2013,Number,East Drvar,M,No education,0
2013,Number,East Drvar,F,No education,5
2013,Number,East Mostar,Both sexes,No education,19
2013,Number,East Mostar,M,No education,1
2013,Number,East Mostar,F,No education,18
2013,Number,East Stari Grad,Both sexes,No education,61
2013,Number,East Stari Grad,M,No education,5
2013,Number,East Stari Grad,F,No education,56
2013,Number,East Novo Sarajevo,Both sexes,No education,191
2013,Number,East Novo Sarajevo,M,No education,25
2013,Number,East Novo Sarajevo,F,No education,166
2013,Number,Jezero,Both sexes,No education,79
2013,Number,Jezero,M,No education,14
2013,Number,Jezero,F,No education,65
2013,Number,Kalinovik,Both sexes,No education,158
2013,Number,Kalinovik,M,No education,11
2013,Number,Kalinovik,F,No education,147
2013,Number,Knezevo,Both sexes,No education,1390
2013,Number,Knezevo,M,No education,311
2013,Number,Knezevo,F,No education,1079
2013,Number,Kozarska Dubica,Both sexes,No education,984
2013,Number,Kozarska Dubica,M,No education,154
2013,Number,Kozarska Dubica,F,No education,830
2013,Number,Kostajnica,Both sexes,No education,163
2013,Number,Kostajnica,M,No education,28
2013,Number,Kostajnica,F,No education,135
2013,Number,Kotor Varos,Both sexes,No education,1503
2013,Number,Kotor Varos,M,No education,282
2013,Number,Kotor Varos,F,No education,1221
2013,Number,Krupa Na Uni,Both sexes,No education,157
2013,Number,Krupa Na Uni,M,No education,19
2013,Number,Krupa Na Uni,F,No education,138
2013,Number,Kupres,Both sexes,No education,103
2013,Number,Kupres,M,No education,33
2013,Number,Kupres,F,No education,70
2013,Number,Laktasi,Both sexes,No education,1363
2013,Number,Laktasi,M,No education,229
2013,Number,Laktasi,F,No education,1134
2013,Number,Lopare,Both sexes,No education,1235
2013,Number,Lopare,M,No education,243
2013,Number,Lopare,F,No education,992
2013,Number,Ljubinje,Both sexes,No education,110
2013,Number,Ljubinje,M,No education,12
2013,Number,Ljubinje,F,No education,98
2013,Number,Milici,Both sexes,No education,643
2013,Number,Milici,M,No education,96
2013,Number,Milici,F,No education,547
2013,Number,Modrica,Both sexes,No education,1278
2013,Number,Modrica,M,No education,241
2013,Number,Modrica,F,No education,1037
2013,Number,Mrkonjic Grad,Both sexes,No education,1462
2013,Number,Mrkonjic Grad,M,No education,213
2013,Number,Mrkonjic Grad,F,No education,1249
2013,Number,Nevesinje,Both sexes,No education,545
2013,Number,Nevesinje,M,No education,56
2013,Number,Nevesinje,F,No education,489
2013,Number,Novi Grad,Both sexes,No education,1036
2013,Number,Novi Grad,M,No education,171
2013,Number,Novi Grad,F,No education,865
2013,Number,Novo Gorazde,Both sexes,No education,127
2013,Number,Novo Gorazde,M,No education,21
2013,Number,Novo Gorazde,F,No education,106
2013,Number,Osmaci,Both sexes,No education,397
2013,Number,Osmaci,M,No education,62
2013,Number,Osmaci,F,No education,335
2013,Number,Ostra Luka,Both sexes,No education,247
2013,Number,Ostra Luka,M,No education,43
2013,Number,Ostra Luka,F,No education,204
2013,Number,Pale,Both sexes,No education,606
2013,Number,Pale,M,No education,80
2013,Number,Pale,F,No education,526
2013,Number,Pelagicevo,Both sexes,No education,290
2013,Number,Pelagicevo,M,No education,46
2013,Number,Pelagicevo,F,No education,244
2013,Number,Petrovac,Both sexes,No education,11
2013,Number,Petrovac,M,No education,0
2013,Number,Petrovac,F,No education,11
2013,Number,Petrovo,Both sexes,No education,403
2013,Number,Petrovo,M,No education,48
2013,Number,Petrovo,F,No education,355
2013,Number,City of Prijedor,Both sexes,No education,3918
2013,Number,City of Prijedor,M,No education,760
2013,Number,City of Prijedor,F,No education,3158
2013,Number,Prnjavor,Both sexes,No education,2654
2013,Number,Prnjavor,M,No education,391
2013,Number,Prnjavor,F,No education,2263
2013,Number,Ribnik,Both sexes,No education,680
2013,Number,Ribnik,M,No education,118
2013,Number,Ribnik,F,No education,562
2013,Number,Rogatica,Both sexes,No education,633
2013,Number,Rogatica,M,No education,89
2013,Number,Rogatica,F,No education,544
2013,Number,Rudo,Both sexes,No education,279
2013,Number,Rudo,M,No education,38
2013,Number,Rudo,F,No education,241
2013,Number,Sokolac,Both sexes,No education,392
2013,Number,Sokolac,M,No education,52
2013,Number,Sokolac,F,No education,340
2013,Number,Srbac,Both sexes,No education,1115
2013,Number,Srbac,M,No education,235
2013,Number,Srbac,F,No education,880
2013,Number,Srebrenica,Both sexes,No education,852
2013,Number,Srebrenica,M,No education,105
2013,Number,Srebrenica,F,No education,747
2013,Number,Teslic,Both sexes,No education,3299
2013,Number,Teslic,M,No education,471
2013,Number,Teslic,F,No education,2828
2013,Number,City of Trebinje,Both sexes,No education,382
2013,Number,City of Trebinje,M,No education,44
2013,Number,City of Trebinje,F,No education,338
2013,Number,Trnovo,Both sexes,No education,143
2013,Number,Trnovo,M,No education,14
2013,Number,Trnovo,F,No education,129
2013,Number,Ugljevik,Both sexes,No education,856
2013,Number,Ugljevik,M,No education,135
2013,Number,Ugljevik,F,No education,721
2013,Number,Foca,Both sexes,No education,775
2013,Number,Foca,M,No education,92
2013,Number,Foca,F,No education,683
2013,Number,Han Pijesak,Both sexes,No education,198
2013,Number,Han Pijesak,M,No education,22
2013,Number,Han Pijesak,F,No education,176
2013,Number,Cajnice,Both sexes,No education,224
2013,Number,Cajnice,M,No education,31
2013,Number,Cajnice,F,No education,193
2013,Number,Celinac,Both sexes,No education,832
2013,Number,Celinac,M,No education,109
2013,Number,Celinac,F,No education,723
2013,Number,Samac,Both sexes,No education,627
2013,Number,Samac,M,No education,90
2013,Number,Samac,F,No education,537
2013,Number,Sekovici,Both sexes,No education,655
2013,Number,Sekovici,M,No education,120
2013,Number,Sekovici,F,No education,535
2013,Number,Sipovo,Both sexes,No education,732
2013,Number,Sipovo,M,No education,120
2013,Number,Sipovo,F,No education,612
2013,Number,Republika Srpska,Both sexes,Incomplete primary school,97022
2013,Number,Republika Srpska,M,Incomplete primary school,33465
2013,Number,Republika Srpska,F,Incomplete primary school,63557
2013,Number,City of Banja Luka,Both sexes,Incomplete primary school,6483
2013,Number,City of Banja Luka,M,Incomplete primary school,2117
2013,Number,City of Banja Luka,F,Incomplete primary school,4366
2013,Number,Berkovici,Both sexes,Incomplete primary school,229
2013,Number,Berkovici,M,Incomplete primary school,74
2013,Number,Berkovici,F,Incomplete primary school,155
2013,Number,City of Bijeljina,Both sexes,Incomplete primary school,10740
2013,Number,City of Bijeljina,M,Incomplete primary school,3999
2013,Number,City of Bijeljina,F,Incomplete primary school,6741
2013,Number,Bileca,Both sexes,Incomplete primary school,747
2013,Number,Bileca,M,Incomplete primary school,187
2013,Number,Bileca,F,Incomplete primary school,560
2013,Number,Bratunac,Both sexes,Incomplete primary school,1364
2013,Number,Bratunac,M,Incomplete primary school,395
2013,Number,Bratunac,F,Incomplete primary school,969
2013,Number,Brod,Both sexes,Incomplete primary school,1241
2013,Number,Brod,M,Incomplete primary school,328
2013,Number,Brod,F,Incomplete primary school,913
2013,Number,Visegrad,Both sexes,Incomplete primary school,783
2013,Number,Visegrad,M,Incomplete primary school,203
2013,Number,Visegrad,F,Incomplete primary school,580
2013,Number,Vlasenica,Both sexes,Incomplete primary school,758
2013,Number,Vlasenica,M,Incomplete primary school,243
2013,Number,Vlasenica,F,Incomplete primary school,515
2013,Number,Vukosavlje,Both sexes,Incomplete primary school,719
2013,Number,Vukosavlje,M,Incomplete primary school,300
2013,Number,Vukosavlje,F,Incomplete primary school,419
2013,Number,Gacko,Both sexes,Incomplete primary school,496
2013,Number,Gacko,M,Incomplete primary school,135
2013,Number,Gacko,F,Incomplete primary school,361
2013,Number,City of Gradiska,Both sexes,Incomplete primary school,4821
2013,Number,City of Gradiska,M,Incomplete primary school,1832
2013,Number,City of Gradiska,F,Incomplete primary school,2989
2013,Number,City of Derventa,Both sexes,Incomplete primary school,2759
2013,Number,City of Derventa,M,Incomplete primary school,1030
2013,Number,City of Derventa,F,Incomplete primary school,1729
2013,Number,City of Doboj,Both sexes,Incomplete primary school,6019
2013,Number,City of Doboj,M,Incomplete primary school,1823
2013,Number,City of Doboj,F,Incomplete primary school,4196
2013,Number,Donji Zabar,Both sexes,Incomplete primary school,707
2013,Number,Donji Zabar,M,Incomplete primary school,304
2013,Number,Donji Zabar,F,Incomplete primary school,403
2013,Number,City of Zvornik,Both sexes,Incomplete primary school,4702
2013,Number,City of Zvornik,M,Incomplete primary school,1472
2013,Number,City of Zvornik,F,Incomplete primary school,3230
2013,Number,East Ilidza,Both sexes,Incomplete primary school,550
2013,Number,East Ilidza,M,Incomplete primary school,65
2013,Number,East Ilidza,F,Incomplete primary school,485
2013,Number,East Drvar,Both sexes,Incomplete primary school,6
2013,Number,East Drvar,M,Incomplete primary school,4
2013,Number,East Drvar,F,Incomplete primary school,2
2013,Number,East Mostar,Both sexes,Incomplete primary school,41
2013,Number,East Mostar,M,Incomplete primary school,21
2013,Number,East Mostar,F,Incomplete primary school,20
2013,Number,East Stari Grad,Both sexes,Incomplete primary school,133
2013,Number,East Stari Grad,M,Incomplete primary school,29
2013,Number,East Stari Grad,F,Incomplete primary school,104
2013,Number,East Novo Sarajevo,Both sexes,Incomplete primary school,454
2013,Number,East Novo Sarajevo,M,Incomplete primary school,89
2013,Number,East Novo Sarajevo,F,Incomplete primary school,365
2013,Number,Jezero,Both sexes,Incomplete primary school,105
2013,Number,Jezero,M,Incomplete primary school,39
2013,Number,Jezero,F,Incomplete primary school,66
2013,Number,Kalinovik,Both sexes,Incomplete primary school,175
2013,Number,Kalinovik,M,Incomplete primary school,48
2013,Number,Kalinovik,F,Incomplete primary school,127
2013,Number,Knezevo,Both sexes,Incomplete primary school,752
2013,Number,Knezevo,M,Incomplete primary school,318
2013,Number,Knezevo,F,Incomplete primary school,434
2013,Number,Kozarska Dubica,Both sexes,Incomplete primary school,1894
2013,Number,Kozarska Dubica,M,Incomplete primary school,683
2013,Number,Kozarska Dubica,F,Incomplete primary school,1211
2013,Number,Kostajnica,Both sexes,Incomplete primary school,387
2013,Number,Kostajnica,M,Incomplete primary school,132
2013,Number,Kostajnica,F,Incomplete primary school,255
2013,Number,Kotor Varos,Both sexes,Incomplete primary school,1183
2013,Number,Kotor Varos,M,Incomplete primary school,391
2013,Number,Kotor Varos,F,Incomplete primary school,792
2013,Number,Krupa Na Uni,Both sexes,Incomplete primary school,316
2013,Number,Krupa Na Uni,M,Incomplete primary school,165
2013,Number,Krupa Na Uni,F,Incomplete primary school,151
2013,Number,Kupres,Both sexes,Incomplete primary school,19
2013,Number,Kupres,M,Incomplete primary school,9
2013,Number,Kupres,F,Incomplete primary school,10
2013,Number,Laktasi,Both sexes,Incomplete primary school,2504
2013,Number,Laktasi,M,Incomplete primary school,946
2013,Number,Laktasi,F,Incomplete primary school,1558
2013,Number,Lopare,Both sexes,Incomplete primary school,2118
2013,Number,Lopare,M,Incomplete primary school,943
2013,Number,Lopare,F,Incomplete primary school,1175
2013,Number,Ljubinje,Both sexes,Incomplete primary school,275
2013,Number,Ljubinje,M,Incomplete primary school,64
2013,Number,Ljubinje,F,Incomplete primary school,211
2013,Number,Milici,Both sexes,Incomplete primary school,729
2013,Number,Milici,M,Incomplete primary school,217
2013,Number,Milici,F,Incomplete primary school,512
2013,Number,Modrica,Both sexes,Incomplete primary school,2912
2013,Number,Modrica,M,Incomplete primary school,1049
2013,Number,Modrica,F,Incomplete primary school,1863
2013,Number,Mrkonjic Grad,Both sexes,Incomplete primary school,1769
2013,Number,Mrkonjic Grad,M,Incomplete primary school,777
2013,Number,Mrkonjic Grad,F,Incomplete primary school,992
2013,Number,Nevesinje,Both sexes,Incomplete primary school,1048
2013,Number,Nevesinje,M,Incomplete primary school,265
2013,Number,Nevesinje,F,Incomplete primary school,783
2013,Number,Novi Grad,Both sexes,Incomplete primary school,2172
2013,Number,Novi Grad,M,Incomplete primary school,757
2013,Number,Novi Grad,F,Incomplete primary school,1415
2013,Number,Novo Gorazde,Both sexes,Incomplete primary school,162
2013,Number,Novo Gorazde,M,Incomplete primary school,52
2013,Number,Novo Gorazde,F,Incomplete primary school,110
2013,Number,Osmaci,Both sexes,Incomplete primary school,552
2013,Number,Osmaci,M,Incomplete primary school,172
2013,Number,Osmaci,F,Incomplete primary school,380
2013,Number,Ostra Luka,Both sexes,Incomplete primary school,352
2013,Number,Ostra Luka,M,Incomplete primary school,154
2013,Number,Ostra Luka,F,Incomplete primary school,198
2013,Number,Pale,Both sexes,Incomplete primary school,986
2013,Number,Pale,M,Incomplete primary school,214
2013,Number,Pale,F,Incomplete primary school,772
2013,Number,Pelagicevo,Both sexes,Incomplete primary school,1081
2013,Number,Pelagicevo,M,Incomplete primary school,459
2013,Number,Pelagicevo,F,Incomplete primary school,622
2013,Number,Petrovac,Both sexes,Incomplete primary school,28
2013,Number,Petrovac,M,Incomplete primary school,4
2013,Number,Petrovac,F,Incomplete primary school,24
2013,Number,Petrovo,Both sexes,Incomplete primary school,733
2013,Number,Petrovo,M,Incomplete primary school,180
2013,Number,Petrovo,F,Incomplete primary school,553
2013,Number,City of Prijedor,Both sexes,Incomplete primary school,6219
2013,Number,City of Prijedor,M,Incomplete primary school,1948
2013,Number,City of Prijedor,F,Incomplete primary school,4271
2013,Number,Prnjavor,Both sexes,Incomplete primary school,4458
2013,Number,Prnjavor,M,Incomplete primary school,1948
2013,Number,Prnjavor,F,Incomplete primary school,2510
2013,Number,Ribnik,Both sexes,Incomplete primary school,641
2013,Number,Ribnik,M,Incomplete primary school,249
2013,Number,Ribnik,F,Incomplete primary school,392
2013,Number,Rogatica,Both sexes,Incomplete primary school,799
2013,Number,Rogatica,M,Incomplete primary school,239
2013,Number,Rogatica,F,Incomplete primary school,560
2013,Number,Rudo,Both sexes,Incomplete primary school,719
2013,Number,Rudo,M,Incomplete primary school,197
2013,Number,Rudo,F,Incomplete primary school,522
2013,Number,Sokolac,Both sexes,Incomplete primary school,747
2013,Number,Sokolac,M,Incomplete primary school,207
2013,Number,Sokolac,F,Incomplete primary school,540
2013,Number,Srbac,Both sexes,Incomplete primary school,2023
2013,Number,Srbac,M,Incomplete primary school,857
2013,Number,Srbac,F,Incomplete primary school,1166
2013,Number,Srebrenica,Both sexes,Incomplete primary school,1086
2013,Number,Srebrenica,M,Incomplete primary school,308
2013,Number,Srebrenica,F,Incomplete primary school,778
2013,Number,Teslic,Both sexes,Incomplete primary school,4433
2013,Number,Teslic,M,Incomplete primary school,1551
2013,Number,Teslic,F,Incomplete primary school,2882
2013,Number,City of Trebinje,Both sexes,Incomplete primary school,1156
2013,Number,City of Trebinje,M,Incomplete primary school,210
2013,Number,City of Trebinje,F,Incomplete primary school,946
2013,Number,Trnovo,Both sexes,Incomplete primary school,151
2013,Number,Trnovo,M,Incomplete primary school,36
2013,Number,Trnovo,F,Incomplete primary school,115
2013,Number,Ugljevik,Both sexes,Incomplete primary school,1829
2013,Number,Ugljevik,M,Incomplete primary school,734
2013,Number,Ugljevik,F,Incomplete primary school,1095
2013,Number,Foca,Both sexes,Incomplete primary school,1301
2013,Number,Foca,M,Incomplete primary school,346
2013,Number,Foca,F,Incomplete primary school,955
2013,Number,Han Pijesak,Both sexes,Incomplete primary school,258
2013,Number,Han Pijesak,M,Incomplete primary school,61
2013,Number,Han Pijesak,F,Incomplete primary school,197
2013,Number,Cajnice,Both sexes,Incomplete primary school,474
2013,Number,Cajnice,M,Incomplete primary school,149
2013,Number,Cajnice,F,Incomplete primary school,325
2013,Number,Celinac,Both sexes,Incomplete primary school,1317
2013,Number,Celinac,M,Incomplete primary school,474
2013,Number,Celinac,F,Incomplete primary school,843
2013,Number,Samac,Both sexes,Incomplete primary school,2046
2013,Number,Samac,M,Incomplete primary school,731
2013,Number,Samac,F,Incomplete primary school,1315
2013,Number,Sekovici,Both sexes,Incomplete primary school,453
2013,Number,Sekovici,M,Incomplete primary school,181
2013,Number,Sekovici,F,Incomplete primary school,272
2013,Number,Sipovo,Both sexes,Incomplete primary school,908
2013,Number,Sipovo,M,Incomplete primary school,351
2013,Number,Sipovo,F,Incomplete primary school,557
2013,Number,Republika Srpska,Both sexes,Primary school,212834
2013,Number,Republika Srpska,M,Primary school,95682
2013,Number,Republika Srpska,F,Primary school,117152
2013,Number,City of Banja Luka,Both sexes,Primary school,23011
2013,Number,City of Banja Luka,M,Primary school,9927
2013,Number,City of Banja Luka,F,Primary school,13084
2013,Number,Berkovici,Both sexes,Primary school,430
2013,Number,Berkovici,M,Primary school,221
2013,Number,Berkovici,F,Primary school,209
2013,Number,City of Bijeljina,Both sexes,Primary school,18771
2013,Number,City of Bijeljina,M,Primary school,8590
2013,Number,City of Bijeljina,F,Primary school,10181
2013,Number,Bileca,Both sexes,Primary school,1951
2013,Number,Bileca,M,Primary school,867
2013,Number,Bileca,F,Primary school,1084
2013,Number,Bratunac,Both sexes,Primary school,3893
2013,Number,Bratunac,M,Primary school,1769
2013,Number,Bratunac,F,Primary school,2124
2013,Number,Brod,Both sexes,Primary school,2986
2013,Number,Brod,M,Primary school,1248
2013,Number,Brod,F,Primary school,1738
2013,Number,Visegrad,Both sexes,Primary school,1626
2013,Number,Visegrad,M,Primary school,593
2013,Number,Visegrad,F,Primary school,1033
2013,Number,Vlasenica,Both sexes,Primary school,2268
2013,Number,Vlasenica,M,Primary school,993
2013,Number,Vlasenica,F,Primary school,1275
2013,Number,Vukosavlje,Both sexes,Primary school,999
2013,Number,Vukosavlje,M,Primary school,472
2013,Number,Vukosavlje,F,Primary school,527
2013,Number,Gacko,Both sexes,Primary school,1356
2013,Number,Gacko,M,Primary school,530
2013,Number,Gacko,F,Primary school,826
2013,Number,City of Gradiska,Both sexes,Primary school,9626
2013,Number,City of Gradiska,M,Primary school,4493
2013,Number,City of Gradiska,F,Primary school,5133
2013,Number,City of Derventa,Both sexes,Primary school,5260
2013,Number,City of Derventa,M,Primary school,2463
2013,Number,City of Derventa,F,Primary school,2797
2013,Number,City of Doboj,Both sexes,Primary school,13403
2013,Number,City of Doboj,M,Primary school,5750
2013,Number,City of Doboj,F,Primary school,7653
2013,Number,Donji Zabar,Both sexes,Primary school,815
2013,Number,Donji Zabar,M,Primary school,408
2013,Number,Donji Zabar,F,Primary school,407
2013,Number,City of Zvornik,Both sexes,Primary school,11440
2013,Number,City of Zvornik,M,Primary school,5163
2013,Number,City of Zvornik,F,Primary school,6277
2013,Number,East Ilidza,Both sexes,Primary school,1676
2013,Number,East Ilidza,M,Primary school,519
2013,Number,East Ilidza,F,Primary school,1157
2013,Number,East Drvar,Both sexes,Primary school,9
2013,Number,East Drvar,M,Primary school,2
2013,Number,East Drvar,F,Primary school,7
2013,Number,East Mostar,Both sexes,Primary school,38
2013,Number,East Mostar,M,Primary school,24
2013,Number,East Mostar,F,Primary school,14
2013,Number,East Stari Grad,Both sexes,Primary school,166
2013,Number,East Stari Grad,M,Primary school,75
2013,Number,East Stari Grad,F,Primary school,91
2013,Number,East Novo Sarajevo,Both sexes,Primary school,1087
2013,Number,East Novo Sarajevo,M,Primary school,356
2013,Number,East Novo Sarajevo,F,Primary school,731
2013,Number,Jezero,Both sexes,Primary school,236
2013,Number,Jezero,M,Primary school,109
2013,Number,Jezero,F,Primary school,127
2013,Number,Kalinovik,Both sexes,Primary school,334
2013,Number,Kalinovik,M,Primary school,122
2013,Number,Kalinovik,F,Primary school,212
2013,Number,Knezevo,Both sexes,Primary school,1918
2013,Number,Knezevo,M,Primary school,990
2013,Number,Knezevo,F,Primary school,928
2013,Number,Kozarska Dubica,Both sexes,Primary school,3921
2013,Number,Kozarska Dubica,M,Primary school,1839
2013,Number,Kozarska Dubica,F,Primary school,2082
2013,Number,Kostajnica,Both sexes,Primary school,1117
2013,Number,Kostajnica,M,Primary school,486
2013,Number,Kostajnica,F,Primary school,631
2013,Number,Kotor Varos,Both sexes,Primary school,3809
2013,Number,Kotor Varos,M,Primary school,1797
2013,Number,Kotor Varos,F,Primary school,2012
2013,Number,Krupa Na Uni,Both sexes,Primary school,524
2013,Number,Krupa Na Uni,M,Primary school,317
2013,Number,Krupa Na Uni,F,Primary school,207
2013,Number,Kupres,Both sexes,Primary school,53
2013,Number,Kupres,M,Primary school,33
2013,Number,Kupres,F,Primary school,20
2013,Number,Laktasi,Both sexes,Primary school,6602
2013,Number,Laktasi,M,Primary school,3078
2013,Number,Laktasi,F,Primary school,3524
2013,Number,Lopare,Both sexes,Primary school,3267
2013,Number,Lopare,M,Primary school,1670
2013,Number,Lopare,F,Primary school,1597
2013,Number,Ljubinje,Both sexes,Primary school,619
2013,Number,Ljubinje,M,Primary school,261
2013,Number,Ljubinje,F,Primary school,358
2013,Number,Milici,Both sexes,Primary school,2387
2013,Number,Milici,M,Primary school,1038
2013,Number,Milici,F,Primary school,1349
2013,Number,Modrica,Both sexes,Primary school,5255
2013,Number,Modrica,M,Primary school,2469
2013,Number,Modrica,F,Primary school,2786
2013,Number,Mrkonjic Grad,Both sexes,Primary school,2720
2013,Number,Mrkonjic Grad,M,Primary school,1373
2013,Number,Mrkonjic Grad,F,Primary school,1347
2013,Number,Nevesinje,Both sexes,Primary school,2193
2013,Number,Nevesinje,M,Primary school,961
2013,Number,Nevesinje,F,Primary school,1232
2013,Number,Novi Grad,Both sexes,Primary school,5660
2013,Number,Novi Grad,M,Primary school,2691
2013,Number,Novi Grad,F,Primary school,2969
2013,Number,Novo Gorazde,Both sexes,Primary school,612
2013,Number,Novo Gorazde,M,Primary school,229
2013,Number,Novo Gorazde,F,Primary school,383
2013,Number,Osmaci,Both sexes,Primary school,1146
2013,Number,Osmaci,M,Primary school,495
2013,Number,Osmaci,F,Primary school,651
2013,Number,Ostra Luka,Both sexes,Primary school,648
2013,Number,Ostra Luka,M,Primary school,348
2013,Number,Ostra Luka,F,Primary school,300
2013,Number,Pale,Both sexes,Primary school,2570
2013,Number,Pale,M,Primary school,935
2013,Number,Pale,F,Primary school,1635
2013,Number,Pelagicevo,Both sexes,Primary school,1081
2013,Number,Pelagicevo,M,Primary school,586
2013,Number,Pelagicevo,F,Primary school,495
2013,Number,Petrovac,Both sexes,Primary school,57
2013,Number,Petrovac,M,Primary school,23
2013,Number,Petrovac,F,Primary school,34
2013,Number,Petrovo,Both sexes,Primary school,1114
2013,Number,Petrovo,M,Primary school,464
2013,Number,Petrovo,F,Primary school,650
2013,Number,City of Prijedor,Both sexes,Primary school,15121
2013,Number,City of Prijedor,M,Primary school,6682
2013,Number,City of Prijedor,F,Primary school,8439
2013,Number,Prnjavor,Both sexes,Primary school,7504
2013,Number,Prnjavor,M,Primary school,3697
2013,Number,Prnjavor,F,Primary school,3807
2013,Number,Ribnik,Both sexes,Primary school,1275
2013,Number,Ribnik,M,Primary school,651
2013,Number,Ribnik,F,Primary school,624
2013,Number,Rogatica,Both sexes,Primary school,1761
2013,Number,Rogatica,M,Primary school,717
2013,Number,Rogatica,F,Primary school,1044
2013,Number,Rudo,Both sexes,Primary school,1332
2013,Number,Rudo,M,Primary school,514
2013,Number,Rudo,F,Primary school,818
2013,Number,Sokolac,Both sexes,Primary school,1790
2013,Number,Sokolac,M,Primary school,720
2013,Number,Sokolac,F,Primary school,1070
2013,Number,Srbac,Both sexes,Primary school,3740
2013,Number,Srbac,M,Primary school,1843
2013,Number,Srbac,F,Primary school,1897
2013,Number,Srebrenica,Both sexes,Primary school,2494
2013,Number,Srebrenica,M,Primary school,1115
2013,Number,Srebrenica,F,Primary school,1379
2013,Number,Teslic,Both sexes,Primary school,7412
2013,Number,Teslic,M,Primary school,3540
2013,Number,Teslic,F,Primary school,3872
2013,Number,City of Trebinje,Both sexes,Primary school,3757
2013,Number,City of Trebinje,M,Primary school,1267
2013,Number,City of Trebinje,F,Primary school,2490
2013,Number,Trnovo,Both sexes,Primary school,342
2013,Number,Trnovo,M,Primary school,106
2013,Number,Trnovo,F,Primary school,236
2013,Number,Ugljevik,Both sexes,Primary school,2942
2013,Number,Ugljevik,M,Primary school,1398
2013,Number,Ugljevik,F,Primary school,1544
2013,Number,Foca,Both sexes,Primary school,2975
2013,Number,Foca,M,Primary school,1305
2013,Number,Foca,F,Primary school,1670
2013,Number,Han Pijesak,Both sexes,Primary school,686
2013,Number,Han Pijesak,M,Primary school,275
2013,Number,Han Pijesak,F,Primary school,411
2013,Number,Cajnice,Both sexes,Primary school,981
2013,Number,Cajnice,M,Primary school,436
2013,Number,Cajnice,F,Primary school,545
2013,Number,Celinac,Both sexes,Primary school,3312
2013,Number,Celinac,M,Primary school,1626
2013,Number,Celinac,F,Primary school,1686
2013,Number,Samac,Both sexes,Primary school,3511
2013,Number,Samac,M,Primary school,1521
2013,Number,Samac,F,Primary school,1990
2013,Number,Sekovici,Both sexes,Primary school,1397
2013,Number,Sekovici,M,Primary school,610
2013,Number,Sekovici,F,Primary school,787
2013,Number,Sipovo,Both sexes,Primary school,1848
2013,Number,Sipovo,M,Primary school,882
2013,Number,Sipovo,F,Primary school,966
2013,Number,Republika Srpska,Both sexes,Secondary school,508414
2013,Number,Republika Srpska,M,Secondary school,280747
2013,Number,Republika Srpska,F,Secondary school,227667
2013,Number,City of Banja Luka,Both sexes,Secondary school,83044
2013,Number,City of Banja Luka,M,Secondary school,42327
2013,Number,City of Banja Luka,F,Secondary school,40717
2013,Number,Berkovici,Both sexes,Secondary school,771
2013,Number,Berkovici,M,Secondary school,446
2013,Number,Berkovici,F,Secondary school,325
2013,Number,City of Bijeljina,Both sexes,Secondary school,43231
2013,Number,City of Bijeljina,M,Secondary school,23560
2013,Number,City of Bijeljina,F,Secondary school,19671
2013,Number,Bileca,Both sexes,Secondary school,4799
2013,Number,Bileca,M,Secondary school,2692
2013,Number,Bileca,F,Secondary school,2107
2013,Number,Bratunac,Both sexes,Secondary school,7868
2013,Number,Bratunac,M,Secondary school,4649
2013,Number,Bratunac,F,Secondary school,3219
2013,Number,Brod,Both sexes,Secondary school,7331
2013,Number,Brod,M,Secondary school,4080
2013,Number,Brod,F,Secondary school,3251
2013,Number,Visegrad,Both sexes,Secondary school,4635
2013,Number,Visegrad,M,Secondary school,2672
2013,Number,Visegrad,F,Secondary school,1963
2013,Number,Vlasenica,Both sexes,Secondary school,4607
2013,Number,Vlasenica,M,Secondary school,2596
2013,Number,Vlasenica,F,Secondary school,2011
2013,Number,Vukosavlje,Both sexes,Secondary school,1504
2013,Number,Vukosavlje,M,Secondary school,919
2013,Number,Vukosavlje,F,Secondary school,585
2013,Number,Gacko,Both sexes,Secondary school,3801
2013,Number,Gacko,M,Secondary school,2151
2013,Number,Gacko,F,Secondary school,1650
2013,Number,City of Gradiska,Both sexes,Secondary school,21633
2013,Number,City of Gradiska,M,Secondary school,11815
2013,Number,City of Gradiska,F,Secondary school,9818
2013,Number,City of Derventa,Both sexes,Secondary school,10884
2013,Number,City of Derventa,M,Secondary school,6033
2013,Number,City of Derventa,F,Secondary school,4851
2013,Number,City of Doboj,Both sexes,Secondary school,29051
2013,Number,City of Doboj,M,Secondary school,16192
2013,Number,City of Doboj,F,Secondary school,12859
2013,Number,Donji Zabar,Both sexes,Secondary school,1261
2013,Number,Donji Zabar,M,Secondary school,739
2013,Number,Donji Zabar,F,Secondary school,522
2013,Number,City of Zvornik,Both sexes,Secondary school,21815
2013,Number,City of Zvornik,M,Secondary school,12776
2013,Number,City of Zvornik,F,Secondary school,9039
2013,Number,East Ilidza,Both sexes,Secondary school,7474
2013,Number,East Ilidza,M,Secondary school,4082
2013,Number,East Ilidza,F,Secondary school,3392
2013,Number,East Drvar,Both sexes,Secondary school,29
2013,Number,East Drvar,M,Secondary school,24
2013,Number,East Drvar,F,Secondary school,5
2013,Number,East Mostar,Both sexes,Secondary school,99
2013,Number,East Mostar,M,Secondary school,65
2013,Number,East Mostar,F,Secondary school,34
2013,Number,East Stari Grad,Both sexes,Secondary school,548
2013,Number,East Stari Grad,M,Secondary school,329
2013,Number,East Stari Grad,F,Secondary school,219
2013,Number,East Novo Sarajevo,Both sexes,Secondary school,5073
2013,Number,East Novo Sarajevo,M,Secondary school,2656
2013,Number,East Novo Sarajevo,F,Secondary school,2417
2013,Number,Jezero,Both sexes,Secondary school,435
2013,Number,Jezero,M,Secondary school,273
2013,Number,Jezero,F,Secondary school,162
2013,Number,Kalinovik,Both sexes,Secondary school,881
2013,Number,Kalinovik,M,Secondary school,551
2013,Number,Kalinovik,F,Secondary school,330
2013,Number,Knezevo,Both sexes,Secondary school,3485
2013,Number,Knezevo,M,Secondary school,2026
2013,Number,Knezevo,F,Secondary school,1459
2013,Number,Kozarska Dubica,Both sexes,Secondary school,9698
2013,Number,Kozarska Dubica,M,Secondary school,5259
2013,Number,Kozarska Dubica,F,Secondary school,4439
2013,Number,Kostajnica,Both sexes,Secondary school,2798
2013,Number,Kostajnica,M,Secondary school,1545
2013,Number,Kostajnica,F,Secondary school,1253
2013,Number,Kotor Varos,Both sexes,Secondary school,7807
2013,Number,Kotor Varos,M,Secondary school,4380
2013,Number,Kotor Varos,F,Secondary school,3427
2013,Number,Krupa Na Uni,Both sexes,Secondary school,355
2013,Number,Krupa Na Uni,M,Secondary school,236
2013,Number,Krupa Na Uni,F,Secondary school,119
2013,Number,Kupres,Both sexes,Secondary school,84
2013,Number,Kupres,M,Secondary school,59
2013,Number,Kupres,F,Secondary school,25
2013,Number,Laktasi,Both sexes,Secondary school,15658
2013,Number,Laktasi,M,Secondary school,8480
2013,Number,Laktasi,F,Secondary school,7178
2013,Number,Lopare,Both sexes,Secondary school,5477
2013,Number,Lopare,M,Secondary school,3169
2013,Number,Lopare,F,Secondary school,2308
2013,Number,Ljubinje,Both sexes,Secondary school,1432
2013,Number,Ljubinje,M,Secondary school,800
2013,Number,Ljubinje,F,Secondary school,632
2013,Number,Milici,Both sexes,Secondary school,4441
2013,Number,Milici,M,Secondary school,2743
2013,Number,Milici,F,Secondary school,1698
2013,Number,Modrica,Both sexes,Secondary school,9850
2013,Number,Modrica,M,Secondary school,5470
2013,Number,Modrica,F,Secondary school,4380
2013,Number,Mrkonjic Grad,Both sexes,Secondary school,6479
2013,Number,Mrkonjic Grad,M,Secondary school,3500
2013,Number,Mrkonjic Grad,F,Secondary school,2979
2013,Number,Nevesinje,Both sexes,Secondary school,5592
2013,Number,Nevesinje,M,Secondary school,3261
2013,Number,Nevesinje,F,Secondary school,2331
2013,Number,Novi Grad,Both sexes,Secondary school,11197
2013,Number,Novi Grad,M,Secondary school,6273
2013,Number,Novi Grad,F,Secondary school,4924
2013,Number,Novo Gorazde,Both sexes,Secondary school,1533
2013,Number,Novo Gorazde,M,Secondary school,952
2013,Number,Novo Gorazde,F,Secondary school,581
2013,Number,Osmaci,Both sexes,Secondary school,2300
2013,Number,Osmaci,M,Secondary school,1406
2013,Number,Osmaci,F,Secondary school,894
2013,Number,Ostra Luka,Both sexes,Secondary school,954
2013,Number,Ostra Luka,M,Secondary school,578
2013,Number,Ostra Luka,F,Secondary school,376
2013,Number,Pale,Both sexes,Secondary school,10069
2013,Number,Pale,M,Secondary school,5373
2013,Number,Pale,F,Secondary school,4696
2013,Number,Pelagicevo,Both sexes,Secondary school,1264
2013,Number,Pelagicevo,M,Secondary school,726
2013,Number,Pelagicevo,F,Secondary school,538
2013,Number,Petrovac,Both sexes,Secondary school,169
2013,Number,Petrovac,M,Secondary school,96
2013,Number,Petrovac,F,Secondary school,73
2013,Number,Petrovo,Both sexes,Secondary school,2821
2013,Number,Petrovo,M,Secondary school,1664
2013,Number,Petrovo,F,Secondary school,1157
2013,Number,City of Prijedor,Both sexes,Secondary school,37714
2013,Number,City of Prijedor,M,Secondary school,20808
2013,Number,City of Prijedor,F,Secondary school,16906
2013,Number,Prnjavor,Both sexes,Secondary school,12669
2013,Number,Prnjavor,M,Secondary school,7015
2013,Number,Prnjavor,F,Secondary school,5654
2013,Number,Ribnik,Both sexes,Secondary school,2154
2013,Number,Ribnik,M,Secondary school,1291
2013,Number,Ribnik,F,Secondary school,863
2013,Number,Rogatica,Both sexes,Secondary school,4652
2013,Number,Rogatica,M,Secondary school,2694
2013,Number,Rogatica,F,Secondary school,1958
2013,Number,Rudo,Both sexes,Secondary school,3609
2013,Number,Rudo,M,Secondary school,2200
2013,Number,Rudo,F,Secondary school,1409
2013,Number,Sokolac,Both sexes,Secondary school,5543
2013,Number,Sokolac,M,Secondary school,3105
2013,Number,Sokolac,F,Secondary school,2438
2013,Number,Srbac,Both sexes,Secondary school,6472
2013,Number,Srbac,M,Secondary school,3466
2013,Number,Srbac,F,Secondary school,3006
2013,Number,Srebrenica,Both sexes,Secondary school,4716
2013,Number,Srebrenica,M,Secondary school,2832
2013,Number,Srebrenica,F,Secondary school,1884
2013,Number,Teslic,Both sexes,Secondary school,14063
2013,Number,Teslic,M,Secondary school,8090
2013,Number,Teslic,F,Secondary school,5973
2013,Number,City of Trebinje,Both sexes,Secondary school,13551
2013,Number,City of Trebinje,M,Secondary school,7183
2013,Number,City of Trebinje,F,Secondary school,6368
2013,Number,Trnovo,Both sexes,Secondary school,942
2013,Number,Trnovo,M,Secondary school,576
2013,Number,Trnovo,F,Secondary school,366
2013,Number,Ugljevik,Both sexes,Secondary school,6085
2013,Number,Ugljevik,M,Secondary school,3558
2013,Number,Ugljevik,F,Secondary school,2527
2013,Number,Foca,Both sexes,Secondary school,8378
2013,Number,Foca,M,Secondary school,4841
2013,Number,Foca,F,Secondary school,3537
2013,Number,Han Pijesak,Both sexes,Secondary school,1514
2013,Number,Han Pijesak,M,Secondary school,846
2013,Number,Han Pijesak,F,Secondary school,668
2013,Number,Cajnice,Both sexes,Secondary school,1993
2013,Number,Cajnice,M,Secondary school,1187
2013,Number,Cajnice,F,Secondary school,806
2013,Number,Celinac,Both sexes,Secondary school,6411
2013,Number,Celinac,M,Secondary school,3550
2013,Number,Celinac,F,Secondary school,2861
2013,Number,Samac,Both sexes,Secondary school,6680
2013,Number,Samac,M,Secondary school,3735
2013,Number,Samac,F,Secondary school,2945
2013,Number,Sekovici,Both sexes,Secondary school,2601
2013,Number,Sekovici,M,Secondary school,1563
2013,Number,Sekovici,F,Secondary school,1038
2013,Number,Sipovo,Both sexes,Secondary school,4430
2013,Number,Sipovo,M,Secondary school,2584
2013,Number,Sipovo,F,Secondary school,1846
2013,Number,Republika Srpska,Both sexes,Secondary specialization,7618
2013,Number,Republika Srpska,M,Secondary specialization,6324
2013,Number,Republika Srpska,F,Secondary specialization,1294
2013,Number,City of Banja Luka,Both sexes,Secondary specialization,1552
2013,Number,City of Banja Luka,M,Secondary specialization,1261
2013,Number,City of Banja Luka,F,Secondary specialization,291
2013,Number,Berkovici,Both sexes,Secondary specialization,11
2013,Number,Berkovici,M,Secondary specialization,11
2013,Number,Berkovici,F,Secondary specialization,0
2013,Number,City of Bijeljina,Both sexes,Secondary specialization,564
2013,Number,City of Bijeljina,M,Secondary specialization,485
2013,Number,City of Bijeljina,F,Secondary specialization,79
2013,Number,Bileca,Both sexes,Secondary specialization,68
2013,Number,Bileca,M,Secondary specialization,56
2013,Number,Bileca,F,Secondary specialization,12
2013,Number,Bratunac,Both sexes,Secondary specialization,77
2013,Number,Bratunac,M,Secondary specialization,61
2013,Number,Bratunac,F,Secondary specialization,16
2013,Number,Brod,Both sexes,Secondary specialization,187
2013,Number,Brod,M,Secondary specialization,160
2013,Number,Brod,F,Secondary specialization,27
2013,Number,Visegrad,Both sexes,Secondary specialization,137
2013,Number,Visegrad,M,Secondary specialization,120
2013,Number,Visegrad,F,Secondary specialization,17
2013,Number,Vlasenica,Both sexes,Secondary specialization,28
2013,Number,Vlasenica,M,Secondary specialization,21
2013,Number,Vlasenica,F,Secondary specialization,7
2013,Number,Vukosavlje,Both sexes,Secondary specialization,14
2013,Number,Vukosavlje,M,Secondary specialization,12
2013,Number,Vukosavlje,F,Secondary specialization,2
2013,Number,Gacko,Both sexes,Secondary specialization,269
2013,Number,Gacko,M,Secondary specialization,249
2013,Number,Gacko,F,Secondary specialization,20
2013,Number,City of Gradiska,Both sexes,Secondary specialization,192
2013,Number,City of Gradiska,M,Secondary specialization,142
2013,Number,City of Gradiska,F,Secondary specialization,50
2013,Number,City of Derventa,Both sexes,Secondary specialization,120
2013,Number,City of Derventa,M,Secondary specialization,94
2013,Number,City of Derventa,F,Secondary specialization,26
2013,Number,City of Doboj,Both sexes,Secondary specialization,507
2013,Number,City of Doboj,M,Secondary specialization,448
2013,Number,City of Doboj,F,Secondary specialization,59
2013,Number,Donji Zabar,Both sexes,Secondary specialization,10
2013,Number,Donji Zabar,M,Secondary specialization,8
2013,Number,Donji Zabar,F,Secondary specialization,2
2013,Number,City of Zvornik,Both sexes,Secondary specialization,277
2013,Number,City of Zvornik,M,Secondary specialization,244
2013,Number,City of Zvornik,F,Secondary specialization,33
2013,Number,East Ilidza,Both sexes,Secondary specialization,140
2013,Number,East Ilidza,M,Secondary specialization,123
2013,Number,East Ilidza,F,Secondary specialization,17
2013,Number,East Drvar,Both sexes,Secondary specialization,1
2013,Number,East Drvar,M,Secondary specialization,0
2013,Number,East Drvar,F,Secondary specialization,1
2013,Number,East Mostar,Both sexes,Secondary specialization,0
2013,Number,East Mostar,M,Secondary specialization,0
2013,Number,East Mostar,F,Secondary specialization,0
2013,Number,East Stari Grad,Both sexes,Secondary specialization,16
2013,Number,East Stari Grad,M,Secondary specialization,15
2013,Number,East Stari Grad,F,Secondary specialization,1
2013,Number,East Novo Sarajevo,Both sexes,Secondary specialization,81
2013,Number,East Novo Sarajevo,M,Secondary specialization,69
2013,Number,East Novo Sarajevo,F,Secondary specialization,12
2013,Number,Jezero,Both sexes,Secondary specialization,1
2013,Number,Jezero,M,Secondary specialization,1
2013,Number,Jezero,F,Secondary specialization,0
2013,Number,Kalinovik,Both sexes,Secondary specialization,16
2013,Number,Kalinovik,M,Secondary specialization,13
2013,Number,Kalinovik,F,Secondary specialization,3
2013,Number,Knezevo,Both sexes,Secondary specialization,12
2013,Number,Knezevo,M,Secondary specialization,11
2013,Number,Knezevo,F,Secondary specialization,1
2013,Number,Kozarska Dubica,Both sexes,Secondary specialization,91
2013,Number,Kozarska Dubica,M,Secondary specialization,64
2013,Number,Kozarska Dubica,F,Secondary specialization,27
2013,Number,Kostajnica,Both sexes,Secondary specialization,23
2013,Number,Kostajnica,M,Secondary specialization,18
2013,Number,Kostajnica,F,Secondary specialization,5
2013,Number,Kotor Varos,Both sexes,Secondary specialization,74
2013,Number,Kotor Varos,M,Secondary specialization,52
2013,Number,Kotor Varos,F,Secondary specialization,22
2013,Number,Krupa Na Uni,Both sexes,Secondary specialization,5
2013,Number,Krupa Na Uni,M,Secondary specialization,3
2013,Number,Krupa Na Uni,F,Secondary specialization,2
2013,Number,Kupres,Both sexes,Secondary specialization,1
2013,Number,Kupres,M,Secondary specialization,0
2013,Number,Kupres,F,Secondary specialization,1
2013,Number,Laktasi,Both sexes,Secondary specialization,169
2013,Number,Laktasi,M,Secondary specialization,141
2013,Number,Laktasi,F,Secondary specialization,28
2013,Number,Lopare,Both sexes,Secondary specialization,64
2013,Number,Lopare,M,Secondary specialization,45
2013,Number,Lopare,F,Secondary specialization,19
2013,Number,Ljubinje,Both sexes,Secondary specialization,81
2013,Number,Ljubinje,M,Secondary specialization,72
2013,Number,Ljubinje,F,Secondary specialization,9
2013,Number,Milici,Both sexes,Secondary specialization,15
2013,Number,Milici,M,Secondary specialization,10
2013,Number,Milici,F,Secondary specialization,5
2013,Number,Modrica,Both sexes,Secondary specialization,132
2013,Number,Modrica,M,Secondary specialization,103
2013,Number,Modrica,F,Secondary specialization,29
2013,Number,Mrkonjic Grad,Both sexes,Secondary specialization,89
2013,Number,Mrkonjic Grad,M,Secondary specialization,71
2013,Number,Mrkonjic Grad,F,Secondary specialization,18
2013,Number,Nevesinje,Both sexes,Secondary specialization,56
2013,Number,Nevesinje,M,Secondary specialization,51
2013,Number,Nevesinje,F,Secondary specialization,5
2013,Number,Novi Grad,Both sexes,Secondary specialization,104
2013,Number,Novi Grad,M,Secondary specialization,75
2013,Number,Novi Grad,F,Secondary specialization,29
2013,Number,Novo Gorazde,Both sexes,Secondary specialization,10
2013,Number,Novo Gorazde,M,Secondary specialization,10
2013,Number,Novo Gorazde,F,Secondary specialization,0
2013,Number,Osmaci,Both sexes,Secondary specialization,15
2013,Number,Osmaci,M,Secondary specialization,12
2013,Number,Osmaci,F,Secondary specialization,3
2013,Number,Ostra Luka,Both sexes,Secondary specialization,13
2013,Number,Ostra Luka,M,Secondary specialization,11
2013,Number,Ostra Luka,F,Secondary specialization,2
2013,Number,Pale,Both sexes,Secondary specialization,247
2013,Number,Pale,M,Secondary specialization,205
2013,Number,Pale,F,Secondary specialization,42
2013,Number,Pelagicevo,Both sexes,Secondary specialization,4
2013,Number,Pelagicevo,M,Secondary specialization,3
2013,Number,Pelagicevo,F,Secondary specialization,1
2013,Number,Petrovac,Both sexes,Secondary specialization,0
2013,Number,Petrovac,M,Secondary specialization,0
2013,Number,Petrovac,F,Secondary specialization,0
2013,Number,Petrovo,Both sexes,Secondary specialization,79
2013,Number,Petrovo,M,Secondary specialization,74
2013,Number,Petrovo,F,Secondary specialization,5
2013,Number,City of Prijedor,Both sexes,Secondary specialization,666
2013,Number,City of Prijedor,M,Secondary specialization,492
2013,Number,City of Prijedor,F,Secondary specialization,174
2013,Number,Prnjavor,Both sexes,Secondary specialization,112
2013,Number,Prnjavor,M,Secondary specialization,83
2013,Number,Prnjavor,F,Secondary specialization,29
2013,Number,Ribnik,Both sexes,Secondary specialization,14
2013,Number,Ribnik,M,Secondary specialization,13
2013,Number,Ribnik,F,Secondary specialization,1
2013,Number,Rogatica,Both sexes,Secondary specialization,56
2013,Number,Rogatica,M,Secondary specialization,49
2013,Number,Rogatica,F,Secondary specialization,7
2013,Number,Rudo,Both sexes,Secondary specialization,12
2013,Number,Rudo,M,Secondary specialization,11
2013,Number,Rudo,F,Secondary specialization,1
2013,Number,Sokolac,Both sexes,Secondary specialization,71
2013,Number,Sokolac,M,Secondary specialization,57
2013,Number,Sokolac,F,Secondary specialization,14
2013,Number,Srbac,Both sexes,Secondary specialization,61
2013,Number,Srbac,M,Secondary specialization,46
2013,Number,Srbac,F,Secondary specialization,15
2013,Number,Srebrenica,Both sexes,Secondary specialization,33
2013,Number,Srebrenica,M,Secondary specialization,26
2013,Number,Srebrenica,F,Secondary specialization,7
2013,Number,Teslic,Both sexes,Secondary specialization,170
2013,Number,Teslic,M,Secondary specialization,138
2013,Number,Teslic,F,Secondary specialization,32
2013,Number,City of Trebinje,Both sexes,Secondary specialization,432
2013,Number,City of Trebinje,M,Secondary specialization,394
2013,Number,City of Trebinje,F,Secondary specialization,38
2013,Number,Trnovo,Both sexes,Secondary specialization,15
2013,Number,Trnovo,M,Secondary specialization,13
2013,Number,Trnovo,F,Secondary specialization,2
2013,Number,Ugljevik,Both sexes,Secondary specialization,97
2013,Number,Ugljevik,M,Secondary specialization,89
2013,Number,Ugljevik,F,Secondary specialization,8
2013,Number,Foca,Both sexes,Secondary specialization,107
2013,Number,Foca,M,Secondary specialization,93
2013,Number,Foca,F,Secondary specialization,14
2013,Number,Han Pijesak,Both sexes,Secondary specialization,20
2013,Number,Han Pijesak,M,Secondary specialization,20
2013,Number,Han Pijesak,F,Secondary specialization,0
2013,Number,Cajnice,Both sexes,Secondary specialization,38
2013,Number,Cajnice,M,Secondary specialization,37
2013,Number,Cajnice,F,Secondary specialization,1
2013,Number,Celinac,Both sexes,Secondary specialization,69
2013,Number,Celinac,M,Secondary specialization,62
2013,Number,Celinac,F,Secondary specialization,7
2013,Number,Samac,Both sexes,Secondary specialization,55
2013,Number,Samac,M,Secondary specialization,41
2013,Number,Samac,F,Secondary specialization,14
2013,Number,Sekovici,Both sexes,Secondary specialization,16
2013,Number,Sekovici,M,Secondary specialization,16
2013,Number,Sekovici,F,Secondary specialization,0
2013,Number,Sipovo,Both sexes,Secondary specialization,22
2013,Number,Sipovo,M,Secondary specialization,20
2013,Number,Sipovo,F,Secondary specialization,2
2013,Number,Republika Srpska,Both sexes,Higher school,33960
2013,Number,Republika Srpska,M,Higher school,19142
2013,Number,Republika Srpska,F,Higher school,14818
2013,Number,City of Banja Luka,Both sexes,Higher school,7972
2013,Number,City of Banja Luka,M,Higher school,4272
2013,Number,City of Banja Luka,F,Higher school,3700
2013,Number,Berkovici,Both sexes,Higher school,47
2013,Number,Berkovici,M,Higher school,34
2013,Number,Berkovici,F,Higher school,13
2013,Number,City of Bijeljina,Both sexes,Higher school,3354
2013,Number,City of Bijeljina,M,Higher school,1805
2013,Number,City of Bijeljina,F,Higher school,1549
2013,Number,Bileca,Both sexes,Higher school,434
2013,Number,Bileca,M,Higher school,249
2013,Number,Bileca,F,Higher school,185
2013,Number,Bratunac,Both sexes,Higher school,399
2013,Number,Bratunac,M,Higher school,230
2013,Number,Bratunac,F,Higher school,169
2013,Number,Brod,Both sexes,Higher school,374
2013,Number,Brod,M,Higher school,215
2013,Number,Brod,F,Higher school,159
2013,Number,Visegrad,Both sexes,Higher school,375
2013,Number,Visegrad,M,Higher school,196
2013,Number,Visegrad,F,Higher school,179
2013,Number,Vlasenica,Both sexes,Higher school,200
2013,Number,Vlasenica,M,Higher school,123
2013,Number,Vlasenica,F,Higher school,77
2013,Number,Vukosavlje,Both sexes,Higher school,39
2013,Number,Vukosavlje,M,Higher school,25
2013,Number,Vukosavlje,F,Higher school,14
2013,Number,Gacko,Both sexes,Higher school,335
2013,Number,Gacko,M,Higher school,191
2013,Number,Gacko,F,Higher school,144
2013,Number,City of Gradiska,Both sexes,Higher school,1222
2013,Number,City of Gradiska,M,Higher school,658
2013,Number,City of Gradiska,F,Higher school,564
2013,Number,City of Derventa,Both sexes,Higher school,542
2013,Number,City of Derventa,M,Higher school,331
2013,Number,City of Derventa,F,Higher school,211
2013,Number,City of Doboj,Both sexes,Higher school,1827
2013,Number,City of Doboj,M,Higher school,1078
2013,Number,City of Doboj,F,Higher school,749
2013,Number,Donji Zabar,Both sexes,Higher school,37
2013,Number,Donji Zabar,M,Higher school,23
2013,Number,Donji Zabar,F,Higher school,14
2013,Number,City of Zvornik,Both sexes,Higher school,1283
2013,Number,City of Zvornik,M,Higher school,716
2013,Number,City of Zvornik,F,Higher school,567
2013,Number,East Ilidza,Both sexes,Higher school,513
2013,Number,East Ilidza,M,Higher school,315
2013,Number,East Ilidza,F,Higher school,198
2013,Number,East Drvar,Both sexes,Higher school,5
2013,Number,East Drvar,M,Higher school,5
2013,Number,East Drvar,F,Higher school,0
2013,Number,East Mostar,Both sexes,Higher school,2
2013,Number,East Mostar,M,Higher school,2
2013,Number,East Mostar,F,Higher school,0
2013,Number,East Stari Grad,Both sexes,Higher school,27
2013,Number,East Stari Grad,M,Higher school,14
2013,Number,East Stari Grad,F,Higher school,13
2013,Number,East Novo Sarajevo,Both sexes,Higher school,375
2013,Number,East Novo Sarajevo,M,Higher school,225
2013,Number,East Novo Sarajevo,F,Higher school,150
2013,Number,Jezero,Both sexes,Higher school,16
2013,Number,Jezero,M,Higher school,10
2013,Number,Jezero,F,Higher school,6
2013,Number,Kalinovik,Both sexes,Higher school,58
2013,Number,Kalinovik,M,Higher school,41
2013,Number,Kalinovik,F,Higher school,17
2013,Number,Knezevo,Both sexes,Higher school,125
2013,Number,Knezevo,M,Higher school,93
2013,Number,Knezevo,F,Higher school,32
2013,Number,Kozarska Dubica,Both sexes,Higher school,644
2013,Number,Kozarska Dubica,M,Higher school,345
2013,Number,Kozarska Dubica,F,Higher school,299
2013,Number,Kostajnica,Both sexes,Higher school,206
2013,Number,Kostajnica,M,Higher school,94
2013,Number,Kostajnica,F,Higher school,112
2013,Number,Kotor Varos,Both sexes,Higher school,225
2013,Number,Kotor Varos,M,Higher school,144
2013,Number,Kotor Varos,F,Higher school,81
2013,Number,Krupa Na Uni,Both sexes,Higher school,11
2013,Number,Krupa Na Uni,M,Higher school,6
2013,Number,Krupa Na Uni,F,Higher school,5
2013,Number,Kupres,Both sexes,Higher school,2
2013,Number,Kupres,M,Higher school,2
2013,Number,Kupres,F,Higher school,0
2013,Number,Laktasi,Both sexes,Higher school,822
2013,Number,Laktasi,M,Higher school,462
2013,Number,Laktasi,F,Higher school,360
2013,Number,Lopare,Both sexes,Higher school,217
2013,Number,Lopare,M,Higher school,133
2013,Number,Lopare,F,Higher school,84
2013,Number,Ljubinje,Both sexes,Higher school,126
2013,Number,Ljubinje,M,Higher school,69
2013,Number,Ljubinje,F,Higher school,57
2013,Number,Milici,Both sexes,Higher school,213
2013,Number,Milici,M,Higher school,113
2013,Number,Milici,F,Higher school,100
2013,Number,Modrica,Both sexes,Higher school,483
2013,Number,Modrica,M,Higher school,303
2013,Number,Modrica,F,Higher school,180
2013,Number,Mrkonjic Grad,Both sexes,Higher school,350
2013,Number,Mrkonjic Grad,M,Higher school,204
2013,Number,Mrkonjic Grad,F,Higher school,146
2013,Number,Nevesinje,Both sexes,Higher school,384
2013,Number,Nevesinje,M,Higher school,236
2013,Number,Nevesinje,F,Higher school,148
2013,Number,Novi Grad,Both sexes,Higher school,714
2013,Number,Novi Grad,M,Higher school,366
2013,Number,Novi Grad,F,Higher school,348
2013,Number,Novo Gorazde,Both sexes,Higher school,48
2013,Number,Novo Gorazde,M,Higher school,39
2013,Number,Novo Gorazde,F,Higher school,9
2013,Number,Osmaci,Both sexes,Higher school,65
2013,Number,Osmaci,M,Higher school,48
2013,Number,Osmaci,F,Higher school,17
2013,Number,Ostra Luka,Both sexes,Higher school,36
2013,Number,Ostra Luka,M,Higher school,16
2013,Number,Ostra Luka,F,Higher school,20
2013,Number,Pale,Both sexes,Higher school,645
2013,Number,Pale,M,Higher school,389
2013,Number,Pale,F,Higher school,256
2013,Number,Pelagicevo,Both sexes,Higher school,81
2013,Number,Pelagicevo,M,Higher school,44
2013,Number,Pelagicevo,F,Higher school,37
2013,Number,Petrovac,Both sexes,Higher school,11
2013,Number,Petrovac,M,Higher school,6
2013,Number,Petrovac,F,Higher school,5
2013,Number,Petrovo,Both sexes,Higher school,166
2013,Number,Petrovo,M,Higher school,109
2013,Number,Petrovo,F,Higher school,57
2013,Number,City of Prijedor,Both sexes,Higher school,2448
2013,Number,City of Prijedor,M,Higher school,1252
2013,Number,City of Prijedor,F,Higher school,1196
2013,Number,Prnjavor,Both sexes,Higher school,670
2013,Number,Prnjavor,M,Higher school,388
2013,Number,Prnjavor,F,Higher school,282
2013,Number,Ribnik,Both sexes,Higher school,99
2013,Number,Ribnik,M,Higher school,68
2013,Number,Ribnik,F,Higher school,31
2013,Number,Rogatica,Both sexes,Higher school,315
2013,Number,Rogatica,M,Higher school,209
2013,Number,Rogatica,F,Higher school,106
2013,Number,Rudo,Both sexes,Higher school,277
2013,Number,Rudo,M,Higher school,175
2013,Number,Rudo,F,Higher school,102
2013,Number,Sokolac,Both sexes,Higher school,393
2013,Number,Sokolac,M,Higher school,237
2013,Number,Sokolac,F,Higher school,156
2013,Number,Srbac,Both sexes,Higher school,342
2013,Number,Srbac,M,Higher school,232
2013,Number,Srbac,F,Higher school,110
2013,Number,Srebrenica,Both sexes,Higher school,290
2013,Number,Srebrenica,M,Higher school,171
2013,Number,Srebrenica,F,Higher school,119
2013,Number,Teslic,Both sexes,Higher school,577
2013,Number,Teslic,M,Higher school,335
2013,Number,Teslic,F,Higher school,242
2013,Number,City of Trebinje,Both sexes,Higher school,1442
2013,Number,City of Trebinje,M,Higher school,806
2013,Number,City of Trebinje,F,Higher school,636
2013,Number,Trnovo,Both sexes,Higher school,52
2013,Number,Trnovo,M,Higher school,37
2013,Number,Trnovo,F,Higher school,15
2013,Number,Ugljevik,Both sexes,Higher school,252
2013,Number,Ugljevik,M,Higher school,156
2013,Number,Ugljevik,F,Higher school,96
2013,Number,Foca,Both sexes,Higher school,510
2013,Number,Foca,M,Higher school,334
2013,Number,Foca,F,Higher school,176
2013,Number,Han Pijesak,Both sexes,Higher school,110
2013,Number,Han Pijesak,M,Higher school,67
2013,Number,Han Pijesak,F,Higher school,43
2013,Number,Cajnice,Both sexes,Higher school,75
2013,Number,Cajnice,M,Higher school,48
2013,Number,Cajnice,F,Higher school,27
2013,Number,Celinac,Both sexes,Higher school,293
2013,Number,Celinac,M,Higher school,186
2013,Number,Celinac,F,Higher school,107
2013,Number,Samac,Both sexes,Higher school,478
2013,Number,Samac,M,Higher school,265
2013,Number,Samac,F,Higher school,213
2013,Number,Sekovici,Both sexes,Higher school,136
2013,Number,Sekovici,M,Higher school,76
2013,Number,Sekovici,F,Higher school,60
2013,Number,Sipovo,Both sexes,Higher school,191
2013,Number,Sipovo,M,Higher school,121
2013,Number,Sipovo,F,Higher school,70
2013,Number,Republika Srpska,Both sexes,University,87036
2013,Number,Republika Srpska,M,University,42562
2013,Number,Republika Srpska,F,University,44474
2013,Number,City of Banja Luka,Both sexes,University,25924
2013,Number,City of Banja Luka,M,University,12201
2013,Number,City of Banja Luka,F,University,13723
2013,Number,Berkovici,Both sexes,University,92
2013,Number,Berkovici,M,University,51
2013,Number,Berkovici,F,University,41
2013,Number,City of Bijeljina,Both sexes,University,8088
2013,Number,City of Bijeljina,M,University,3846
2013,Number,City of Bijeljina,F,University,4242
2013,Number,Bileca,Both sexes,University,791
2013,Number,Bileca,M,University,443
2013,Number,Bileca,F,University,348
2013,Number,Bratunac,Both sexes,University,1014
2013,Number,Bratunac,M,University,515
2013,Number,Bratunac,F,University,499
2013,Number,Brod,Both sexes,University,801
2013,Number,Brod,M,University,389
2013,Number,Brod,F,University,412
2013,Number,Visegrad,Both sexes,University,818
2013,Number,Visegrad,M,University,410
2013,Number,Visegrad,F,University,408
2013,Number,Vlasenica,Both sexes,University,641
2013,Number,Vlasenica,M,University,316
2013,Number,Vlasenica,F,University,325
2013,Number,Vukosavlje,Both sexes,University,97
2013,Number,Vukosavlje,M,University,55
2013,Number,Vukosavlje,F,University,42
2013,Number,Gacko,Both sexes,University,812
2013,Number,Gacko,M,University,413
2013,Number,Gacko,F,University,399
2013,Number,City of Gradiska,Both sexes,University,2538
2013,Number,City of Gradiska,M,University,1270
2013,Number,City of Gradiska,F,University,1268
2013,Number,City of Derventa,Both sexes,University,1242
2013,Number,City of Derventa,M,University,598
2013,Number,City of Derventa,F,University,644
2013,Number,City of Doboj,Both sexes,University,4634
2013,Number,City of Doboj,M,University,2420
2013,Number,City of Doboj,F,University,2214
2013,Number,Donji Zabar,Both sexes,University,100
2013,Number,Donji Zabar,M,University,59
2013,Number,Donji Zabar,F,University,41
2013,Number,City of Zvornik,Both sexes,University,2964
2013,Number,City of Zvornik,M,University,1529
2013,Number,City of Zvornik,F,University,1435
2013,Number,East Ilidza,Both sexes,University,1844
2013,Number,East Ilidza,M,University,802
2013,Number,East Ilidza,F,University,1042
2013,Number,East Drvar,Both sexes,University,10
2013,Number,East Drvar,M,University,8
2013,Number,East Drvar,F,University,2
2013,Number,East Mostar,Both sexes,University,14
2013,Number,East Mostar,M,University,7
2013,Number,East Mostar,F,University,7
2013,Number,East Stari Grad,Both sexes,University,53
2013,Number,East Stari Grad,M,University,21
2013,Number,East Stari Grad,F,University,32
2013,Number,East Novo Sarajevo,Both sexes,University,1563
2013,Number,East Novo Sarajevo,M,University,745
2013,Number,East Novo Sarajevo,F,University,818
2013,Number,Jezero,Both sexes,University,30
2013,Number,Jezero,M,University,19
2013,Number,Jezero,F,University,11
2013,Number,Kalinovik,Both sexes,University,147
2013,Number,Kalinovik,M,University,85
2013,Number,Kalinovik,F,University,62
2013,Number,Knezevo,Both sexes,University,334
2013,Number,Knezevo,M,University,188
2013,Number,Knezevo,F,University,146
2013,Number,Kozarska Dubica,Both sexes,University,999
2013,Number,Kozarska Dubica,M,University,501
2013,Number,Kozarska Dubica,F,University,498
2013,Number,Kostajnica,Both sexes,University,281
2013,Number,Kostajnica,M,University,134
2013,Number,Kostajnica,F,University,147
2013,Number,Kotor Varos,Both sexes,University,767
2013,Number,Kotor Varos,M,University,408
2013,Number,Kotor Varos,F,University,359
2013,Number,Krupa Na Uni,Both sexes,University,13
2013,Number,Krupa Na Uni,M,University,7
2013,Number,Krupa Na Uni,F,University,6
2013,Number,Kupres,Both sexes,University,4
2013,Number,Kupres,M,University,3
2013,Number,Kupres,F,University,1
2013,Number,Laktasi,Both sexes,University,1729
2013,Number,Laktasi,M,University,829
2013,Number,Laktasi,F,University,900
2013,Number,Lopare,Both sexes,University,560
2013,Number,Lopare,M,University,264
2013,Number,Lopare,F,University,296
2013,Number,Ljubinje,Both sexes,University,255
2013,Number,Ljubinje,M,University,145
2013,Number,Ljubinje,F,University,110
2013,Number,Milici,Both sexes,University,573
2013,Number,Milici,M,University,295
2013,Number,Milici,F,University,278
2013,Number,Modrica,Both sexes,University,1186
2013,Number,Modrica,M,University,605
2013,Number,Modrica,F,University,581
2013,Number,Mrkonjic Grad,Both sexes,University,832
2013,Number,Mrkonjic Grad,M,University,410
2013,Number,Mrkonjic Grad,F,University,422
2013,Number,Nevesinje,Both sexes,University,856
2013,Number,Nevesinje,M,University,459
2013,Number,Nevesinje,F,University,397
2013,Number,Novi Grad,Both sexes,University,1243
2013,Number,Novi Grad,M,University,602
2013,Number,Novi Grad,F,University,641
2013,Number,Novo Gorazde,Both sexes,University,145
2013,Number,Novo Gorazde,M,University,71
2013,Number,Novo Gorazde,F,University,74
2013,Number,Osmaci,Both sexes,University,235
2013,Number,Osmaci,M,University,148
2013,Number,Osmaci,F,University,87
2013,Number,Ostra Luka,Both sexes,University,55
2013,Number,Ostra Luka,M,University,24
2013,Number,Ostra Luka,F,University,31
2013,Number,Pale,Both sexes,University,2538
2013,Number,Pale,M,University,1148
2013,Number,Pale,F,University,1390
2013,Number,Pelagicevo,Both sexes,University,94
2013,Number,Pelagicevo,M,University,53
2013,Number,Pelagicevo,F,University,41
2013,Number,Petrovac,Both sexes,University,26
2013,Number,Petrovac,M,University,13
2013,Number,Petrovac,F,University,13
2013,Number,Petrovo,Both sexes,University,259
2013,Number,Petrovo,M,University,134
2013,Number,Petrovo,F,University,125
2013,Number,City of Prijedor,Both sexes,University,4646
2013,Number,City of Prijedor,M,University,2220
2013,Number,City of Prijedor,F,University,2426
2013,Number,Prnjavor,Both sexes,University,1336
2013,Number,Prnjavor,M,University,627
2013,Number,Prnjavor,F,University,709
2013,Number,Ribnik,Both sexes,University,195
2013,Number,Ribnik,M,University,108
2013,Number,Ribnik,F,University,87
2013,Number,Rogatica,Both sexes,University,702
2013,Number,Rogatica,M,University,354
2013,Number,Rogatica,F,University,348
2013,Number,Rudo,Both sexes,University,454
2013,Number,Rudo,M,University,232
2013,Number,Rudo,F,University,222
2013,Number,Sokolac,Both sexes,University,1113
2013,Number,Sokolac,M,University,529
2013,Number,Sokolac,F,University,584
2013,Number,Srbac,Both sexes,University,798
2013,Number,Srbac,M,University,410
2013,Number,Srbac,F,University,388
2013,Number,Srebrenica,Both sexes,University,741
2013,Number,Srebrenica,M,University,395
2013,Number,Srebrenica,F,University,346
2013,Number,Teslic,Both sexes,University,1351
2013,Number,Teslic,M,University,689
2013,Number,Teslic,F,University,662
2013,Number,City of Trebinje,Both sexes,University,3262
2013,Number,City of Trebinje,M,University,1642
2013,Number,City of Trebinje,F,University,1620
2013,Number,Trnovo,Both sexes,University,139
2013,Number,Trnovo,M,University,66
2013,Number,Trnovo,F,University,73
2013,Number,Ugljevik,Both sexes,University,903
2013,Number,Ugljevik,M,University,443
2013,Number,Ugljevik,F,University,460
2013,Number,Foca,Both sexes,University,1422
2013,Number,Foca,M,University,757
2013,Number,Foca,F,University,665
2013,Number,Han Pijesak,Both sexes,University,274
2013,Number,Han Pijesak,M,University,138
2013,Number,Han Pijesak,F,University,136
2013,Number,Cajnice,Both sexes,University,280
2013,Number,Cajnice,M,University,152
2013,Number,Cajnice,F,University,128
2013,Number,Celinac,Both sexes,University,618
2013,Number,Celinac,M,University,290
2013,Number,Celinac,F,University,328
2013,Number,Samac,Both sexes,University,911
2013,Number,Samac,M,University,494
2013,Number,Samac,F,University,417
2013,Number,Sekovici,Both sexes,University,267
2013,Number,Sekovici,M,University,144
2013,Number,Sekovici,F,University,123
2013,Number,Sipovo,Both sexes,University,423
2013,Number,Sipovo,M,University,229
2013,Number,Sipovo,F,University,194
