Year,UNIT_MEASURE,Administrative area,Sex,Education,Value
2013,Number,REPUBLIKA SRPSKA,Both sexes,Total,1005535
2013,Number,REPUBLIKA SRPSKA,M,Total,487292
2013,Number,REPUBLIKA SRPSKA,F,Total,518243
2013,Number,BANJA LUKA,Both sexes,Total,153659
2013,Number,BANJA LUKA,M,Total,73026
2013,Number,BANJA LUKA,F,Total,80633
2013,Number,BERKOVICI,Both sexes,Total,1684
2013,Number,BERKOVICI,M,Total,845
2013,Number,BERKOVICI,F,Total,839
2013,Number,BIJELJINA,Both sexes,Total,88664
2013,Number,BIJELJINA,M,Total,42935
2013,Number,BIJELJINA,F,Total,45729
2013,Number,BILECA,Both sexes,Total,9036
2013,Number,BILECA,M,Total,4536
2013,Number,BILECA,F,Total,4500
2013,Number,BRATUNAC,Both sexes,Total,15912
2013,Number,BRATUNAC,M,Total,7785
2013,Number,BRATUNAC,F,Total,8127
2013,Number,BROD,Both sexes,Total,13506
2013,Number,BROD,M,Total,6510
2013,Number,BROD,F,Total,6996
2013,Number,VISEGRAD,Both sexes,Total,8950
2013,Number,VISEGRAD,M,Total,4259
2013,Number,VISEGRAD,F,Total,4691
2013,Number,VLASENICA,Both sexes,Total,9131
2013,Number,VLASENICA,M,Total,4393
2013,Number,VLASENICA,F,Total,4738
2013,Number,VUKOSAVLJE,Both sexes,Total,3701
2013,Number,VUKOSAVLJE,M,Total,1852
2013,Number,VUKOSAVLJE,F,Total,1849
2013,Number,GACKO,Both sexes,Total,7337
2013,Number,GACKO,M,Total,3691
2013,Number,GACKO,F,Total,3646
2013,Number,GRADISKA,Both sexes,Total,42640
2013,Number,GRADISKA,M,Total,20635
2013,Number,GRADISKA,F,Total,22005
2013,Number,DERVENTA,Both sexes,Total,22345
2013,Number,DERVENTA,M,Total,10830
2013,Number,DERVENTA,F,Total,11515
2013,Number,DOBOJ,Both sexes,Total,58805
2013,Number,DOBOJ,M,Total,28207
2013,Number,DOBOJ,F,Total,30598
2013,Number,DONJI ZABAR,Both sexes,Total,3139
2013,Number,DONJI ZABAR,M,Total,1578
2013,Number,DONJI ZABAR,F,Total,1561
2013,Number,ZVORNIK,Both sexes,Total,45697
2013,Number,ZVORNIK,M,Total,22384
2013,Number,ZVORNIK,F,Total,23313
2013,Number,ISTOCNA ILIDZA,Both sexes,Total,12477
2013,Number,ISTOCNA ILIDZA,M,Total,5939
2013,Number,ISTOCNA ILIDZA,F,Total,6538
2013,Number,ISTOCNI DRVAR,Both sexes,Total,65
2013,Number,ISTOCNI DRVAR,M,Total,43
2013,Number,ISTOCNI DRVAR,F,Total,22
2013,Number,ISTOCNI MOSTAR,Both sexes,Total,213
2013,Number,ISTOCNI MOSTAR,M,Total,120
2013,Number,ISTOCNI MOSTAR,F,Total,93
2013,Number,ISTOCNI STARI GRAD,Both sexes,Total,1004
2013,Number,ISTOCNI STARI GRAD,M,Total,488
2013,Number,ISTOCNI STARI GRAD,F,Total,516
2013,Number,ISTOCNO NOVO SARAJEVO,Both sexes,Total,8824
2013,Number,ISTOCNO NOVO SARAJEVO,M,Total,4165
2013,Number,ISTOCNO NOVO SARAJEVO,F,Total,4659
2013,Number,JEZERO,Both sexes,Total,902
2013,Number,JEZERO,M,Total,465
2013,Number,JEZERO,F,Total,437
2013,Number,KALINOVIK,Both sexes,Total,1769
2013,Number,KALINOVIK,M,Total,871
2013,Number,KALINOVIK,F,Total,898
2013,Number,KNEZEVO,Both sexes,Total,8016
2013,Number,KNEZEVO,M,Total,3937
2013,Number,KNEZEVO,F,Total,4079
2013,Number,KOZARSKA DUBICA,Both sexes,Total,18231
2013,Number,KOZARSKA DUBICA,M,Total,8845
2013,Number,KOZARSKA DUBICA,F,Total,9386
2013,Number,KOSTAJNICA,Both sexes,Total,4975
2013,Number,KOSTAJNICA,M,Total,2437
2013,Number,KOSTAJNICA,F,Total,2538
2013,Number,KOTOR VAROS,Both sexes,Total,15368
2013,Number,KOTOR VAROS,M,Total,7454
2013,Number,KOTOR VAROS,F,Total,7914
2013,Number,KRUPA NA UNI,Both sexes,Total,1381
2013,Number,KRUPA NA UNI,M,Total,753
2013,Number,KRUPA NA UNI,F,Total,628
2013,Number,KUPRES,Both sexes,Total,266
2013,Number,KUPRES,M,Total,139
2013,Number,KUPRES,F,Total,127
2013,Number,LAKTASI,Both sexes,Total,28847
2013,Number,LAKTASI,M,Total,14165
2013,Number,LAKTASI,F,Total,14682
2013,Number,LOPARE,Both sexes,Total,12938
2013,Number,LOPARE,M,Total,6467
2013,Number,LOPARE,F,Total,6471
2013,Number,LJUBINJE,Both sexes,Total,2898
2013,Number,LJUBINJE,M,Total,1423
2013,Number,LJUBINJE,F,Total,1475
2013,Number,MILICI,Both sexes,Total,9001
2013,Number,MILICI,M,Total,4512
2013,Number,MILICI,F,Total,4489
2013,Number,MODRICA,Both sexes,Total,21096
2013,Number,MODRICA,M,Total,10240
2013,Number,MODRICA,F,Total,10856
2013,Number,MRKONJIC GRAD,Both sexes,Total,13701
2013,Number,MRKONJIC GRAD,M,Total,6548
2013,Number,MRKONJIC GRAD,F,Total,7153
2013,Number,NEVESINJE,Both sexes,Total,10674
2013,Number,NEVESINJE,M,Total,5289
2013,Number,NEVESINJE,F,Total,5385
2013,Number,NOVI GRAD,Both sexes,Total,22126
2013,Number,NOVI GRAD,M,Total,10935
2013,Number,NOVI GRAD,F,Total,11191
2013,Number,NOVO GORAZDE,Both sexes,Total,2637
2013,Number,NOVO GORAZDE,M,Total,1374
2013,Number,NOVO GORAZDE,F,Total,1263
2013,Number,OSMACI,Both sexes,Total,4710
2013,Number,OSMACI,M,Total,2343
2013,Number,OSMACI,F,Total,2367
2013,Number,OSTRA LUKA,Both sexes,Total,2305
2013,Number,OSTRA LUKA,M,Total,1174
2013,Number,OSTRA LUKA,F,Total,1131
2013,Number,PALE,Both sexes,Total,17661
2013,Number,PALE,M,Total,8344
2013,Number,PALE,F,Total,9317
2013,Number,PELAGICEVO,Both sexes,Total,3895
2013,Number,PELAGICEVO,M,Total,1917
2013,Number,PELAGICEVO,F,Total,1978
2013,Number,PETROVAC,Both sexes,Total,302
2013,Number,PETROVAC,M,Total,142
2013,Number,PETROVAC,F,Total,160
2013,Number,PETROVO,Both sexes,Total,5575
2013,Number,PETROVO,M,Total,2673
2013,Number,PETROVO,F,Total,2902
2013,Number,PRIJEDOR,Both sexes,Total,70732
2013,Number,PRIJEDOR,M,Total,34162
2013,Number,PRIJEDOR,F,Total,36570
2013,Number,PRNJAVOR,Both sexes,Total,29403
2013,Number,PRNJAVOR,M,Total,14149
2013,Number,PRNJAVOR,F,Total,15254
2013,Number,RIBNIK,Both sexes,Total,5058
2013,Number,RIBNIK,M,Total,2498
2013,Number,RIBNIK,F,Total,2560
2013,Number,ROGATICA,Both sexes,Total,8918
2013,Number,ROGATICA,M,Total,4351
2013,Number,ROGATICA,F,Total,4567
2013,Number,RUDO,Both sexes,Total,6682
2013,Number,RUDO,M,Total,3367
2013,Number,RUDO,F,Total,3315
2013,Number,SOKOLAC,Both sexes,Total,10049
2013,Number,SOKOLAC,M,Total,4907
2013,Number,SOKOLAC,F,Total,5142
2013,Number,SRBAC,Both sexes,Total,14551
2013,Number,SRBAC,M,Total,7089
2013,Number,SRBAC,F,Total,7462
2013,Number,SREBRENICA,Both sexes,Total,10212
2013,Number,SREBRENICA,M,Total,4952
2013,Number,SREBRENICA,F,Total,5260
2013,Number,TESLIC,Both sexes,Total,31305
2013,Number,TESLIC,M,Total,14814
2013,Number,TESLIC,F,Total,16491
2013,Number,TREBINJE,Both sexes,Total,23982
2013,Number,TREBINJE,M,Total,11546
2013,Number,TREBINJE,F,Total,12436
2013,Number,TRNOVO,Both sexes,Total,1784
2013,Number,TRNOVO,M,Total,848
2013,Number,TRNOVO,F,Total,936
2013,Number,UGLJEVIK,Both sexes,Total,12964
2013,Number,UGLJEVIK,M,Total,6513
2013,Number,UGLJEVIK,F,Total,6451
2013,Number,FOCA,Both sexes,Total,15468
2013,Number,FOCA,M,Total,7768
2013,Number,FOCA,F,Total,7700
2013,Number,HAN PIJESAK,Both sexes,Total,3060
2013,Number,HAN PIJESAK,M,Total,1429
2013,Number,HAN PIJESAK,F,Total,1631
2013,Number,CAJNICE,Both sexes,Total,4065
2013,Number,CAJNICE,M,Total,2040
2013,Number,CAJNICE,F,Total,2025
2013,Number,CELINAC,Both sexes,Total,12852
2013,Number,CELINAC,M,Total,6297
2013,Number,CELINAC,F,Total,6555
2013,Number,SAMAC,Both sexes,Total,14308
2013,Number,SAMAC,M,Total,6877
2013,Number,SAMAC,F,Total,7431
2013,Number,SEKOVICI,Both sexes,Total,5525
2013,Number,SEKOVICI,M,Total,2710
2013,Number,SEKOVICI,F,Total,2815
2013,Number,SIPOVO,Both sexes,Total,8554
2013,Number,SIPOVO,M,Total,4307
2013,Number,SIPOVO,F,Total,4247
2013,Number,REPUBLIKA SRPSKA,Both sexes,No education,58651
2013,Number,REPUBLIKA SRPSKA,M,No education,9370
2013,Number,REPUBLIKA SRPSKA,F,No education,49281
2013,Number,BANJA LUKA,Both sexes,No education,5673
2013,Number,BANJA LUKA,M,No education,921
2013,Number,BANJA LUKA,F,No education,4752
2013,Number,BERKOVICI,Both sexes,No education,104
2013,Number,BERKOVICI,M,No education,8
2013,Number,BERKOVICI,F,No education,96
2013,Number,BIJELJINA,Both sexes,No education,3916
2013,Number,BIJELJINA,M,No education,650
2013,Number,BIJELJINA,F,No education,3266
2013,Number,BILECA,Both sexes,No education,246
2013,Number,BILECA,M,No education,42
2013,Number,BILECA,F,No education,204
2013,Number,BRATUNAC,Both sexes,No education,1297
2013,Number,BRATUNAC,M,No education,166
2013,Number,BRATUNAC,F,No education,1131
2013,Number,BROD,Both sexes,No education,586
2013,Number,BROD,M,No education,90
2013,Number,BROD,F,No education,496
2013,Number,VISEGRAD,Both sexes,No education,576
2013,Number,VISEGRAD,M,No education,65
2013,Number,VISEGRAD,F,No education,511
2013,Number,VLASENICA,Both sexes,No education,629
2013,Number,VLASENICA,M,No education,101
2013,Number,VLASENICA,F,No education,528
2013,Number,VUKOSAVLJE,Both sexes,No education,329
2013,Number,VUKOSAVLJE,M,No education,69
2013,Number,VUKOSAVLJE,F,No education,260
2013,Number,GACKO,Both sexes,No education,268
2013,Number,GACKO,M,No education,22
2013,Number,GACKO,F,No education,246
2013,Number,GRADISKA,Both sexes,No education,2608
2013,Number,GRADISKA,M,No education,425
2013,Number,GRADISKA,F,No education,2183
2013,Number,DERVENTA,Both sexes,No education,1538
2013,Number,DERVENTA,M,No education,281
2013,Number,DERVENTA,F,No education,1257
2013,Number,DOBOJ,Both sexes,No education,3364
2013,Number,DOBOJ,M,No education,496
2013,Number,DOBOJ,F,No education,2868
2013,Number,DONJI ZABAR,Both sexes,No education,209
2013,Number,DONJI ZABAR,M,No education,37
2013,Number,DONJI ZABAR,F,No education,172
2013,Number,ZVORNIK,Both sexes,No education,3216
2013,Number,ZVORNIK,M,No education,484
2013,Number,ZVORNIK,F,No education,2732
2013,Number,ISTOCNA ILIDZA,Both sexes,No education,280
2013,Number,ISTOCNA ILIDZA,M,No education,33
2013,Number,ISTOCNA ILIDZA,F,No education,247
2013,Number,ISTOCNI DRVAR,Both sexes,No education,5
2013,Number,ISTOCNI DRVAR,M,No education,0
2013,Number,ISTOCNI DRVAR,F,No education,5
2013,Number,ISTOCNI MOSTAR,Both sexes,No education,19
2013,Number,ISTOCNI MOSTAR,M,No education,1
2013,Number,ISTOCNI MOSTAR,F,No education,18
2013,Number,ISTOCNI STARI GRAD,Both sexes,No education,61
2013,Number,ISTOCNI STARI GRAD,M,No education,5
2013,Number,ISTOCNI STARI GRAD,F,No education,56
2013,Number,ISTOCNO NOVO SARAJEVO,Both sexes,No education,191
2013,Number,ISTOCNO NOVO SARAJEVO,M,No education,25
2013,Number,ISTOCNO NOVO SARAJEVO,F,No education,166
2013,Number,JEZERO,Both sexes,No education,79
2013,Number,JEZERO,M,No education,14
2013,Number,JEZERO,F,No education,65
2013,Number,KALINOVIK,Both sexes,No education,158
2013,Number,KALINOVIK,M,No education,11
2013,Number,KALINOVIK,F,No education,147
2013,Number,KNEZEVO,Both sexes,No education,1390
2013,Number,KNEZEVO,M,No education,311
2013,Number,KNEZEVO,F,No education,1079
2013,Number,KOZARSKA DUBICA,Both sexes,No education,984
2013,Number,KOZARSKA DUBICA,M,No education,154
2013,Number,KOZARSKA DUBICA,F,No education,830
2013,Number,KOSTAJNICA,Both sexes,No education,163
2013,Number,KOSTAJNICA,M,No education,28
2013,Number,KOSTAJNICA,F,No education,135
2013,Number,KOTOR VAROS,Both sexes,No education,1503
2013,Number,KOTOR VAROS,M,No education,282
2013,Number,KOTOR VAROS,F,No education,1221
2013,Number,KRUPA NA UNI,Both sexes,No education,157
2013,Number,KRUPA NA UNI,M,No education,19
2013,Number,KRUPA NA UNI,F,No education,138
2013,Number,KUPRES,Both sexes,No education,103
2013,Number,KUPRES,M,No education,33
2013,Number,KUPRES,F,No education,70
2013,Number,LAKTASI,Both sexes,No education,1363
2013,Number,LAKTASI,M,No education,229
2013,Number,LAKTASI,F,No education,1134
2013,Number,LOPARE,Both sexes,No education,1235
2013,Number,LOPARE,M,No education,243
2013,Number,LOPARE,F,No education,992
2013,Number,LJUBINJE,Both sexes,No education,110
2013,Number,LJUBINJE,M,No education,12
2013,Number,LJUBINJE,F,No education,98
2013,Number,MILICI,Both sexes,No education,643
2013,Number,MILICI,M,No education,96
2013,Number,MILICI,F,No education,547
2013,Number,MODRICA,Both sexes,No education,1278
2013,Number,MODRICA,M,No education,241
2013,Number,MODRICA,F,No education,1037
2013,Number,MRKONJIC GRAD,Both sexes,No education,1462
2013,Number,MRKONJIC GRAD,M,No education,213
2013,Number,MRKONJIC GRAD,F,No education,1249
2013,Number,NEVESINJE,Both sexes,No education,545
2013,Number,NEVESINJE,M,No education,56
2013,Number,NEVESINJE,F,No education,489
2013,Number,NOVI GRAD,Both sexes,No education,1036
2013,Number,NOVI GRAD,M,No education,171
2013,Number,NOVI GRAD,F,No education,865
2013,Number,NOVO GORAZDE,Both sexes,No education,127
2013,Number,NOVO GORAZDE,M,No education,21
2013,Number,NOVO GORAZDE,F,No education,106
2013,Number,OSMACI,Both sexes,No education,397
2013,Number,OSMACI,M,No education,62
2013,Number,OSMACI,F,No education,335
2013,Number,OSTRA LUKA,Both sexes,No education,247
2013,Number,OSTRA LUKA,M,No education,43
2013,Number,OSTRA LUKA,F,No education,204
2013,Number,PALE,Both sexes,No education,606
2013,Number,PALE,M,No education,80
2013,Number,PALE,F,No education,526
2013,Number,PELAGICEVO,Both sexes,No education,290
2013,Number,PELAGICEVO,M,No education,46
2013,Number,PELAGICEVO,F,No education,244
2013,Number,PETROVAC,Both sexes,No education,11
2013,Number,PETROVAC,M,No education,0
2013,Number,PETROVAC,F,No education,11
2013,Number,PETROVO,Both sexes,No education,403
2013,Number,PETROVO,M,No education,48
2013,Number,PETROVO,F,No education,355
2013,Number,PRIJEDOR,Both sexes,No education,3918
2013,Number,PRIJEDOR,M,No education,760
2013,Number,PRIJEDOR,F,No education,3158
2013,Number,PRNJAVOR,Both sexes,No education,2654
2013,Number,PRNJAVOR,M,No education,391
2013,Number,PRNJAVOR,F,No education,2263
2013,Number,RIBNIK,Both sexes,No education,680
2013,Number,RIBNIK,M,No education,118
2013,Number,RIBNIK,F,No education,562
2013,Number,ROGATICA,Both sexes,No education,633
2013,Number,ROGATICA,M,No education,89
2013,Number,ROGATICA,F,No education,544
2013,Number,RUDO,Both sexes,No education,279
2013,Number,RUDO,M,No education,38
2013,Number,RUDO,F,No education,241
2013,Number,SOKOLAC,Both sexes,No education,392
2013,Number,SOKOLAC,M,No education,52
2013,Number,SOKOLAC,F,No education,340
2013,Number,SRBAC,Both sexes,No education,1115
2013,Number,SRBAC,M,No education,235
2013,Number,SRBAC,F,No education,880
2013,Number,SREBRENICA,Both sexes,No education,852
2013,Number,SREBRENICA,M,No education,105
2013,Number,SREBRENICA,F,No education,747
2013,Number,TESLIC,Both sexes,No education,3299
2013,Number,TESLIC,M,No education,471
2013,Number,TESLIC,F,No education,2828
2013,Number,TREBINJE,Both sexes,No education,382
2013,Number,TREBINJE,M,No education,44
2013,Number,TREBINJE,F,No education,338
2013,Number,TRNOVO,Both sexes,No education,143
2013,Number,TRNOVO,M,No education,14
2013,Number,TRNOVO,F,No education,129
2013,Number,UGLJEVIK,Both sexes,No education,856
2013,Number,UGLJEVIK,M,No education,135
2013,Number,UGLJEVIK,F,No education,721
2013,Number,FOCA,Both sexes,No education,775
2013,Number,FOCA,M,No education,92
2013,Number,FOCA,F,No education,683
2013,Number,HAN PIJESAK,Both sexes,No education,198
2013,Number,HAN PIJESAK,M,No education,22
2013,Number,HAN PIJESAK,F,No education,176
2013,Number,CAJNICE,Both sexes,No education,224
2013,Number,CAJNICE,M,No education,31
2013,Number,CAJNICE,F,No education,193
2013,Number,CELINAC,Both sexes,No education,832
2013,Number,CELINAC,M,No education,109
2013,Number,CELINAC,F,No education,723
2013,Number,SAMAC,Both sexes,No education,627
2013,Number,SAMAC,M,No education,90
2013,Number,SAMAC,F,No education,537
2013,Number,SEKOVICI,Both sexes,No education,655
2013,Number,SEKOVICI,M,No education,120
2013,Number,SEKOVICI,F,No education,535
2013,Number,SIPOVO,Both sexes,No education,732
2013,Number,SIPOVO,M,No education,120
2013,Number,SIPOVO,F,No education,612
2013,Number,REPUBLIKA SRPSKA,Both sexes,incomplete_elementary,97022
2013,Number,REPUBLIKA SRPSKA,M,incomplete_elementary,33465
2013,Number,REPUBLIKA SRPSKA,F,incomplete_elementary,63557
2013,Number,BANJA LUKA,Both sexes,incomplete_elementary,6483
2013,Number,BANJA LUKA,M,incomplete_elementary,2117
2013,Number,BANJA LUKA,F,incomplete_elementary,4366
2013,Number,BERKOVICI,Both sexes,incomplete_elementary,229
2013,Number,BERKOVICI,M,incomplete_elementary,74
2013,Number,BERKOVICI,F,incomplete_elementary,155
2013,Number,BIJELJINA,Both sexes,incomplete_elementary,10740
2013,Number,BIJELJINA,M,incomplete_elementary,3999
2013,Number,BIJELJINA,F,incomplete_elementary,6741
2013,Number,BILECA,Both sexes,incomplete_elementary,747
2013,Number,BILECA,M,incomplete_elementary,187
2013,Number,BILECA,F,incomplete_elementary,560
2013,Number,BRATUNAC,Both sexes,incomplete_elementary,1364
2013,Number,BRATUNAC,M,incomplete_elementary,395
2013,Number,BRATUNAC,F,incomplete_elementary,969
2013,Number,BROD,Both sexes,incomplete_elementary,1241
2013,Number,BROD,M,incomplete_elementary,328
2013,Number,BROD,F,incomplete_elementary,913
2013,Number,VISEGRAD,Both sexes,incomplete_elementary,783
2013,Number,VISEGRAD,M,incomplete_elementary,203
2013,Number,VISEGRAD,F,incomplete_elementary,580
2013,Number,VLASENICA,Both sexes,incomplete_elementary,758
2013,Number,VLASENICA,M,incomplete_elementary,243
2013,Number,VLASENICA,F,incomplete_elementary,515
2013,Number,VUKOSAVLJE,Both sexes,incomplete_elementary,719
2013,Number,VUKOSAVLJE,M,incomplete_elementary,300
2013,Number,VUKOSAVLJE,F,incomplete_elementary,419
2013,Number,GACKO,Both sexes,incomplete_elementary,496
2013,Number,GACKO,M,incomplete_elementary,135
2013,Number,GACKO,F,incomplete_elementary,361
2013,Number,GRADISKA,Both sexes,incomplete_elementary,4821
2013,Number,GRADISKA,M,incomplete_elementary,1832
2013,Number,GRADISKA,F,incomplete_elementary,2989
2013,Number,DERVENTA,Both sexes,incomplete_elementary,2759
2013,Number,DERVENTA,M,incomplete_elementary,1030
2013,Number,DERVENTA,F,incomplete_elementary,1729
2013,Number,DOBOJ,Both sexes,incomplete_elementary,6019
2013,Number,DOBOJ,M,incomplete_elementary,1823
2013,Number,DOBOJ,F,incomplete_elementary,4196
2013,Number,DONJI ZABAR,Both sexes,incomplete_elementary,707
2013,Number,DONJI ZABAR,M,incomplete_elementary,304
2013,Number,DONJI ZABAR,F,incomplete_elementary,403
2013,Number,ZVORNIK,Both sexes,incomplete_elementary,4702
2013,Number,ZVORNIK,M,incomplete_elementary,1472
2013,Number,ZVORNIK,F,incomplete_elementary,3230
2013,Number,ISTOCNA ILIDZA,Both sexes,incomplete_elementary,550
2013,Number,ISTOCNA ILIDZA,M,incomplete_elementary,65
2013,Number,ISTOCNA ILIDZA,F,incomplete_elementary,485
2013,Number,ISTOCNI DRVAR,Both sexes,incomplete_elementary,6
2013,Number,ISTOCNI DRVAR,M,incomplete_elementary,4
2013,Number,ISTOCNI DRVAR,F,incomplete_elementary,2
2013,Number,ISTOCNI MOSTAR,Both sexes,incomplete_elementary,41
2013,Number,ISTOCNI MOSTAR,M,incomplete_elementary,21
2013,Number,ISTOCNI MOSTAR,F,incomplete_elementary,20
2013,Number,ISTOCNI STARI GRAD,Both sexes,incomplete_elementary,133
2013,Number,ISTOCNI STARI GRAD,M,incomplete_elementary,29
2013,Number,ISTOCNI STARI GRAD,F,incomplete_elementary,104
2013,Number,ISTOCNO NOVO SARAJEVO,Both sexes,incomplete_elementary,454
2013,Number,ISTOCNO NOVO SARAJEVO,M,incomplete_elementary,89
2013,Number,ISTOCNO NOVO SARAJEVO,F,incomplete_elementary,365
2013,Number,JEZERO,Both sexes,incomplete_elementary,105
2013,Number,JEZERO,M,incomplete_elementary,39
2013,Number,JEZERO,F,incomplete_elementary,66
2013,Number,KALINOVIK,Both sexes,incomplete_elementary,175
2013,Number,KALINOVIK,M,incomplete_elementary,48
2013,Number,KALINOVIK,F,incomplete_elementary,127
2013,Number,KNEZEVO,Both sexes,incomplete_elementary,752
2013,Number,KNEZEVO,M,incomplete_elementary,318
2013,Number,KNEZEVO,F,incomplete_elementary,434
2013,Number,KOZARSKA DUBICA,Both sexes,incomplete_elementary,1894
2013,Number,KOZARSKA DUBICA,M,incomplete_elementary,683
2013,Number,KOZARSKA DUBICA,F,incomplete_elementary,1211
2013,Number,KOSTAJNICA,Both sexes,incomplete_elementary,387
2013,Number,KOSTAJNICA,M,incomplete_elementary,132
2013,Number,KOSTAJNICA,F,incomplete_elementary,255
2013,Number,KOTOR VAROS,Both sexes,incomplete_elementary,1183
2013,Number,KOTOR VAROS,M,incomplete_elementary,391
2013,Number,KOTOR VAROS,F,incomplete_elementary,792
2013,Number,KRUPA NA UNI,Both sexes,incomplete_elementary,316
2013,Number,KRUPA NA UNI,M,incomplete_elementary,165
2013,Number,KRUPA NA UNI,F,incomplete_elementary,151
2013,Number,KUPRES,Both sexes,incomplete_elementary,19
2013,Number,KUPRES,M,incomplete_elementary,9
2013,Number,KUPRES,F,incomplete_elementary,10
2013,Number,LAKTASI,Both sexes,incomplete_elementary,2504
2013,Number,LAKTASI,M,incomplete_elementary,946
2013,Number,LAKTASI,F,incomplete_elementary,1558
2013,Number,LOPARE,Both sexes,incomplete_elementary,2118
2013,Number,LOPARE,M,incomplete_elementary,943
2013,Number,LOPARE,F,incomplete_elementary,1175
2013,Number,LJUBINJE,Both sexes,incomplete_elementary,275
2013,Number,LJUBINJE,M,incomplete_elementary,64
2013,Number,LJUBINJE,F,incomplete_elementary,211
2013,Number,MILICI,Both sexes,incomplete_elementary,729
2013,Number,MILICI,M,incomplete_elementary,217
2013,Number,MILICI,F,incomplete_elementary,512
2013,Number,MODRICA,Both sexes,incomplete_elementary,2912
2013,Number,MODRICA,M,incomplete_elementary,1049
2013,Number,MODRICA,F,incomplete_elementary,1863
2013,Number,MRKONJIC GRAD,Both sexes,incomplete_elementary,1769
2013,Number,MRKONJIC GRAD,M,incomplete_elementary,777
2013,Number,MRKONJIC GRAD,F,incomplete_elementary,992
2013,Number,NEVESINJE,Both sexes,incomplete_elementary,1048
2013,Number,NEVESINJE,M,incomplete_elementary,265
2013,Number,NEVESINJE,F,incomplete_elementary,783
2013,Number,NOVI GRAD,Both sexes,incomplete_elementary,2172
2013,Number,NOVI GRAD,M,incomplete_elementary,757
2013,Number,NOVI GRAD,F,incomplete_elementary,1415
2013,Number,NOVO GORAZDE,Both sexes,incomplete_elementary,162
2013,Number,NOVO GORAZDE,M,incomplete_elementary,52
2013,Number,NOVO GORAZDE,F,incomplete_elementary,110
2013,Number,OSMACI,Both sexes,incomplete_elementary,552
2013,Number,OSMACI,M,incomplete_elementary,172
2013,Number,OSMACI,F,incomplete_elementary,380
2013,Number,OSTRA LUKA,Both sexes,incomplete_elementary,352
2013,Number,OSTRA LUKA,M,incomplete_elementary,154
2013,Number,OSTRA LUKA,F,incomplete_elementary,198
2013,Number,PALE,Both sexes,incomplete_elementary,986
2013,Number,PALE,M,incomplete_elementary,214
2013,Number,PALE,F,incomplete_elementary,772
2013,Number,PELAGICEVO,Both sexes,incomplete_elementary,1081
2013,Number,PELAGICEVO,M,incomplete_elementary,459
2013,Number,PELAGICEVO,F,incomplete_elementary,622
2013,Number,PETROVAC,Both sexes,incomplete_elementary,28
2013,Number,PETROVAC,M,incomplete_elementary,4
2013,Number,PETROVAC,F,incomplete_elementary,24
2013,Number,PETROVO,Both sexes,incomplete_elementary,733
2013,Number,PETROVO,M,incomplete_elementary,180
2013,Number,PETROVO,F,incomplete_elementary,553
2013,Number,PRIJEDOR,Both sexes,incomplete_elementary,6219
2013,Number,PRIJEDOR,M,incomplete_elementary,1948
2013,Number,PRIJEDOR,F,incomplete_elementary,4271
2013,Number,PRNJAVOR,Both sexes,incomplete_elementary,4458
2013,Number,PRNJAVOR,M,incomplete_elementary,1948
2013,Number,PRNJAVOR,F,incomplete_elementary,2510
2013,Number,RIBNIK,Both sexes,incomplete_elementary,641
2013,Number,RIBNIK,M,incomplete_elementary,249
2013,Number,RIBNIK,F,incomplete_elementary,392
2013,Number,ROGATICA,Both sexes,incomplete_elementary,799
2013,Number,ROGATICA,M,incomplete_elementary,239
2013,Number,ROGATICA,F,incomplete_elementary,560
2013,Number,RUDO,Both sexes,incomplete_elementary,719
2013,Number,RUDO,M,incomplete_elementary,197
2013,Number,RUDO,F,incomplete_elementary,522
2013,Number,SOKOLAC,Both sexes,incomplete_elementary,747
2013,Number,SOKOLAC,M,incomplete_elementary,207
2013,Number,SOKOLAC,F,incomplete_elementary,540
2013,Number,SRBAC,Both sexes,incomplete_elementary,2023
2013,Number,SRBAC,M,incomplete_elementary,857
2013,Number,SRBAC,F,incomplete_elementary,1166
2013,Number,SREBRENICA,Both sexes,incomplete_elementary,1086
2013,Number,SREBRENICA,M,incomplete_elementary,308
2013,Number,SREBRENICA,F,incomplete_elementary,778
2013,Number,TESLIC,Both sexes,incomplete_elementary,4433
2013,Number,TESLIC,M,incomplete_elementary,1551
2013,Number,TESLIC,F,incomplete_elementary,2882
2013,Number,TREBINJE,Both sexes,incomplete_elementary,1156
2013,Number,TREBINJE,M,incomplete_elementary,210
2013,Number,TREBINJE,F,incomplete_elementary,946
2013,Number,TRNOVO,Both sexes,incomplete_elementary,151
2013,Number,TRNOVO,M,incomplete_elementary,36
2013,Number,TRNOVO,F,incomplete_elementary,115
2013,Number,UGLJEVIK,Both sexes,incomplete_elementary,1829
2013,Number,UGLJEVIK,M,incomplete_elementary,734
2013,Number,UGLJEVIK,F,incomplete_elementary,1095
2013,Number,FOCA,Both sexes,incomplete_elementary,1301
2013,Number,FOCA,M,incomplete_elementary,346
2013,Number,FOCA,F,incomplete_elementary,955
2013,Number,HAN PIJESAK,Both sexes,incomplete_elementary,258
2013,Number,HAN PIJESAK,M,incomplete_elementary,61
2013,Number,HAN PIJESAK,F,incomplete_elementary,197
2013,Number,CAJNICE,Both sexes,incomplete_elementary,474
2013,Number,CAJNICE,M,incomplete_elementary,149
2013,Number,CAJNICE,F,incomplete_elementary,325
2013,Number,CELINAC,Both sexes,incomplete_elementary,1317
2013,Number,CELINAC,M,incomplete_elementary,474
2013,Number,CELINAC,F,incomplete_elementary,843
2013,Number,SAMAC,Both sexes,incomplete_elementary,2046
2013,Number,SAMAC,M,incomplete_elementary,731
2013,Number,SAMAC,F,incomplete_elementary,1315
2013,Number,SEKOVICI,Both sexes,incomplete_elementary,453
2013,Number,SEKOVICI,M,incomplete_elementary,181
2013,Number,SEKOVICI,F,incomplete_elementary,272
2013,Number,SIPOVO,Both sexes,incomplete_elementary,908
2013,Number,SIPOVO,M,incomplete_elementary,351
2013,Number,SIPOVO,F,incomplete_elementary,557
2013,Number,REPUBLIKA SRPSKA,Both sexes,elementary_education,212834
2013,Number,REPUBLIKA SRPSKA,M,elementary_education,95682
2013,Number,REPUBLIKA SRPSKA,F,elementary_education,117152
2013,Number,BANJA LUKA,Both sexes,elementary_education,23011
2013,Number,BANJA LUKA,M,elementary_education,9927
2013,Number,BANJA LUKA,F,elementary_education,13084
2013,Number,BERKOVICI,Both sexes,elementary_education,430
2013,Number,BERKOVICI,M,elementary_education,221
2013,Number,BERKOVICI,F,elementary_education,209
2013,Number,BIJELJINA,Both sexes,elementary_education,18771
2013,Number,BIJELJINA,M,elementary_education,8590
2013,Number,BIJELJINA,F,elementary_education,10181
2013,Number,BILECA,Both sexes,elementary_education,1951
2013,Number,BILECA,M,elementary_education,867
2013,Number,BILECA,F,elementary_education,1084
2013,Number,BRATUNAC,Both sexes,elementary_education,3893
2013,Number,BRATUNAC,M,elementary_education,1769
2013,Number,BRATUNAC,F,elementary_education,2124
2013,Number,BROD,Both sexes,elementary_education,2986
2013,Number,BROD,M,elementary_education,1248
2013,Number,BROD,F,elementary_education,1738
2013,Number,VISEGRAD,Both sexes,elementary_education,1626
2013,Number,VISEGRAD,M,elementary_education,593
2013,Number,VISEGRAD,F,elementary_education,1033
2013,Number,VLASENICA,Both sexes,elementary_education,2268
2013,Number,VLASENICA,M,elementary_education,993
2013,Number,VLASENICA,F,elementary_education,1275
2013,Number,VUKOSAVLJE,Both sexes,elementary_education,999
2013,Number,VUKOSAVLJE,M,elementary_education,472
2013,Number,VUKOSAVLJE,F,elementary_education,527
2013,Number,GACKO,Both sexes,elementary_education,1356
2013,Number,GACKO,M,elementary_education,530
2013,Number,GACKO,F,elementary_education,826
2013,Number,GRADISKA,Both sexes,elementary_education,9626
2013,Number,GRADISKA,M,elementary_education,4493
2013,Number,GRADISKA,F,elementary_education,5133
2013,Number,DERVENTA,Both sexes,elementary_education,5260
2013,Number,DERVENTA,M,elementary_education,2463
2013,Number,DERVENTA,F,elementary_education,2797
2013,Number,DOBOJ,Both sexes,elementary_education,13403
2013,Number,DOBOJ,M,elementary_education,5750
2013,Number,DOBOJ,F,elementary_education,7653
2013,Number,DONJI ZABAR,Both sexes,elementary_education,815
2013,Number,DONJI ZABAR,M,elementary_education,408
2013,Number,DONJI ZABAR,F,elementary_education,407
2013,Number,ZVORNIK,Both sexes,elementary_education,11440
2013,Number,ZVORNIK,M,elementary_education,5163
2013,Number,ZVORNIK,F,elementary_education,6277
2013,Number,ISTOCNA ILIDZA,Both sexes,elementary_education,1676
2013,Number,ISTOCNA ILIDZA,M,elementary_education,519
2013,Number,ISTOCNA ILIDZA,F,elementary_education,1157
2013,Number,ISTOCNI DRVAR,Both sexes,elementary_education,9
2013,Number,ISTOCNI DRVAR,M,elementary_education,2
2013,Number,ISTOCNI DRVAR,F,elementary_education,7
2013,Number,ISTOCNI MOSTAR,Both sexes,elementary_education,38
2013,Number,ISTOCNI MOSTAR,M,elementary_education,24
2013,Number,ISTOCNI MOSTAR,F,elementary_education,14
2013,Number,ISTOCNI STARI GRAD,Both sexes,elementary_education,166
2013,Number,ISTOCNI STARI GRAD,M,elementary_education,75
2013,Number,ISTOCNI STARI GRAD,F,elementary_education,91
2013,Number,ISTOCNO NOVO SARAJEVO,Both sexes,elementary_education,1087
2013,Number,ISTOCNO NOVO SARAJEVO,M,elementary_education,356
2013,Number,ISTOCNO NOVO SARAJEVO,F,elementary_education,731
2013,Number,JEZERO,Both sexes,elementary_education,236
2013,Number,JEZERO,M,elementary_education,109
2013,Number,JEZERO,F,elementary_education,127
2013,Number,KALINOVIK,Both sexes,elementary_education,334
2013,Number,KALINOVIK,M,elementary_education,122
2013,Number,KALINOVIK,F,elementary_education,212
2013,Number,KNEZEVO,Both sexes,elementary_education,1918
2013,Number,KNEZEVO,M,elementary_education,990
2013,Number,KNEZEVO,F,elementary_education,928
2013,Number,KOZARSKA DUBICA,Both sexes,elementary_education,3921
2013,Number,KOZARSKA DUBICA,M,elementary_education,1839
2013,Number,KOZARSKA DUBICA,F,elementary_education,2082
2013,Number,KOSTAJNICA,Both sexes,elementary_education,1117
2013,Number,KOSTAJNICA,M,elementary_education,486
2013,Number,KOSTAJNICA,F,elementary_education,631
2013,Number,KOTOR VAROS,Both sexes,elementary_education,3809
2013,Number,KOTOR VAROS,M,elementary_education,1797
2013,Number,KOTOR VAROS,F,elementary_education,2012
2013,Number,KRUPA NA UNI,Both sexes,elementary_education,524
2013,Number,KRUPA NA UNI,M,elementary_education,317
2013,Number,KRUPA NA UNI,F,elementary_education,207
2013,Number,KUPRES,Both sexes,elementary_education,53
2013,Number,KUPRES,M,elementary_education,33
2013,Number,KUPRES,F,elementary_education,20
2013,Number,LAKTASI,Both sexes,elementary_education,6602
2013,Number,LAKTASI,M,elementary_education,3078
2013,Number,LAKTASI,F,elementary_education,3524
2013,Number,LOPARE,Both sexes,elementary_education,3267
2013,Number,LOPARE,M,elementary_education,1670
2013,Number,LOPARE,F,elementary_education,1597
2013,Number,LJUBINJE,Both sexes,elementary_education,619
2013,Number,LJUBINJE,M,elementary_education,261
2013,Number,LJUBINJE,F,elementary_education,358
2013,Number,MILICI,Both sexes,elementary_education,2387
2013,Number,MILICI,M,elementary_education,1038
2013,Number,MILICI,F,elementary_education,1349
2013,Number,MODRICA,Both sexes,elementary_education,5255
2013,Number,MODRICA,M,elementary_education,2469
2013,Number,MODRICA,F,elementary_education,2786
2013,Number,MRKONJIC GRAD,Both sexes,elementary_education,2720
2013,Number,MRKONJIC GRAD,M,elementary_education,1373
2013,Number,MRKONJIC GRAD,F,elementary_education,1347
2013,Number,NEVESINJE,Both sexes,elementary_education,2193
2013,Number,NEVESINJE,M,elementary_education,961
2013,Number,NEVESINJE,F,elementary_education,1232
2013,Number,NOVI GRAD,Both sexes,elementary_education,5660
2013,Number,NOVI GRAD,M,elementary_education,2691
2013,Number,NOVI GRAD,F,elementary_education,2969
2013,Number,NOVO GORAZDE,Both sexes,elementary_education,612
2013,Number,NOVO GORAZDE,M,elementary_education,229
2013,Number,NOVO GORAZDE,F,elementary_education,383
2013,Number,OSMACI,Both sexes,elementary_education,1146
2013,Number,OSMACI,M,elementary_education,495
2013,Number,OSMACI,F,elementary_education,651
2013,Number,OSTRA LUKA,Both sexes,elementary_education,648
2013,Number,OSTRA LUKA,M,elementary_education,348
2013,Number,OSTRA LUKA,F,elementary_education,300
2013,Number,PALE,Both sexes,elementary_education,2570
2013,Number,PALE,M,elementary_education,935
2013,Number,PALE,F,elementary_education,1635
2013,Number,PELAGICEVO,Both sexes,elementary_education,1081
2013,Number,PELAGICEVO,M,elementary_education,586
2013,Number,PELAGICEVO,F,elementary_education,495
2013,Number,PETROVAC,Both sexes,elementary_education,57
2013,Number,PETROVAC,M,elementary_education,23
2013,Number,PETROVAC,F,elementary_education,34
2013,Number,PETROVO,Both sexes,elementary_education,1114
2013,Number,PETROVO,M,elementary_education,464
2013,Number,PETROVO,F,elementary_education,650
2013,Number,PRIJEDOR,Both sexes,elementary_education,15121
2013,Number,PRIJEDOR,M,elementary_education,6682
2013,Number,PRIJEDOR,F,elementary_education,8439
2013,Number,PRNJAVOR,Both sexes,elementary_education,7504
2013,Number,PRNJAVOR,M,elementary_education,3697
2013,Number,PRNJAVOR,F,elementary_education,3807
2013,Number,RIBNIK,Both sexes,elementary_education,1275
2013,Number,RIBNIK,M,elementary_education,651
2013,Number,RIBNIK,F,elementary_education,624
2013,Number,ROGATICA,Both sexes,elementary_education,1761
2013,Number,ROGATICA,M,elementary_education,717
2013,Number,ROGATICA,F,elementary_education,1044
2013,Number,RUDO,Both sexes,elementary_education,1332
2013,Number,RUDO,M,elementary_education,514
2013,Number,RUDO,F,elementary_education,818
2013,Number,SOKOLAC,Both sexes,elementary_education,1790
2013,Number,SOKOLAC,M,elementary_education,720
2013,Number,SOKOLAC,F,elementary_education,1070
2013,Number,SRBAC,Both sexes,elementary_education,3740
2013,Number,SRBAC,M,elementary_education,1843
2013,Number,SRBAC,F,elementary_education,1897
2013,Number,SREBRENICA,Both sexes,elementary_education,2494
2013,Number,SREBRENICA,M,elementary_education,1115
2013,Number,SREBRENICA,F,elementary_education,1379
2013,Number,TESLIC,Both sexes,elementary_education,7412
2013,Number,TESLIC,M,elementary_education,3540
2013,Number,TESLIC,F,elementary_education,3872
2013,Number,TREBINJE,Both sexes,elementary_education,3757
2013,Number,TREBINJE,M,elementary_education,1267
2013,Number,TREBINJE,F,elementary_education,2490
2013,Number,TRNOVO,Both sexes,elementary_education,342
2013,Number,TRNOVO,M,elementary_education,106
2013,Number,TRNOVO,F,elementary_education,236
2013,Number,UGLJEVIK,Both sexes,elementary_education,2942
2013,Number,UGLJEVIK,M,elementary_education,1398
2013,Number,UGLJEVIK,F,elementary_education,1544
2013,Number,FOCA,Both sexes,elementary_education,2975
2013,Number,FOCA,M,elementary_education,1305
2013,Number,FOCA,F,elementary_education,1670
2013,Number,HAN PIJESAK,Both sexes,elementary_education,686
2013,Number,HAN PIJESAK,M,elementary_education,275
2013,Number,HAN PIJESAK,F,elementary_education,411
2013,Number,CAJNICE,Both sexes,elementary_education,981
2013,Number,CAJNICE,M,elementary_education,436
2013,Number,CAJNICE,F,elementary_education,545
2013,Number,CELINAC,Both sexes,elementary_education,3312
2013,Number,CELINAC,M,elementary_education,1626
2013,Number,CELINAC,F,elementary_education,1686
2013,Number,SAMAC,Both sexes,elementary_education,3511
2013,Number,SAMAC,M,elementary_education,1521
2013,Number,SAMAC,F,elementary_education,1990
2013,Number,SEKOVICI,Both sexes,elementary_education,1397
2013,Number,SEKOVICI,M,elementary_education,610
2013,Number,SEKOVICI,F,elementary_education,787
2013,Number,SIPOVO,Both sexes,elementary_education,1848
2013,Number,SIPOVO,M,elementary_education,882
2013,Number,SIPOVO,F,elementary_education,966
2013,Number,REPUBLIKA SRPSKA,Both sexes,secondary_education,508414
2013,Number,REPUBLIKA SRPSKA,M,secondary_education,280747
2013,Number,REPUBLIKA SRPSKA,F,secondary_education,227667
2013,Number,BANJA LUKA,Both sexes,secondary_education,83044
2013,Number,BANJA LUKA,M,secondary_education,42327
2013,Number,BANJA LUKA,F,secondary_education,40717
2013,Number,BERKOVICI,Both sexes,secondary_education,771
2013,Number,BERKOVICI,M,secondary_education,446
2013,Number,BERKOVICI,F,secondary_education,325
2013,Number,BIJELJINA,Both sexes,secondary_education,43231
2013,Number,BIJELJINA,M,secondary_education,23560
2013,Number,BIJELJINA,F,secondary_education,19671
2013,Number,BILECA,Both sexes,secondary_education,4799
2013,Number,BILECA,M,secondary_education,2692
2013,Number,BILECA,F,secondary_education,2107
2013,Number,BRATUNAC,Both sexes,secondary_education,7868
2013,Number,BRATUNAC,M,secondary_education,4649
2013,Number,BRATUNAC,F,secondary_education,3219
2013,Number,BROD,Both sexes,secondary_education,7331
2013,Number,BROD,M,secondary_education,4080
2013,Number,BROD,F,secondary_education,3251
2013,Number,VISEGRAD,Both sexes,secondary_education,4635
2013,Number,VISEGRAD,M,secondary_education,2672
2013,Number,VISEGRAD,F,secondary_education,1963
2013,Number,VLASENICA,Both sexes,secondary_education,4607
2013,Number,VLASENICA,M,secondary_education,2596
2013,Number,VLASENICA,F,secondary_education,2011
2013,Number,VUKOSAVLJE,Both sexes,secondary_education,1504
2013,Number,VUKOSAVLJE,M,secondary_education,919
2013,Number,VUKOSAVLJE,F,secondary_education,585
2013,Number,GACKO,Both sexes,secondary_education,3801
2013,Number,GACKO,M,secondary_education,2151
2013,Number,GACKO,F,secondary_education,1650
2013,Number,GRADISKA,Both sexes,secondary_education,21633
2013,Number,GRADISKA,M,secondary_education,11815
2013,Number,GRADISKA,F,secondary_education,9818
2013,Number,DERVENTA,Both sexes,secondary_education,10884
2013,Number,DERVENTA,M,secondary_education,6033
2013,Number,DERVENTA,F,secondary_education,4851
2013,Number,DOBOJ,Both sexes,secondary_education,29051
2013,Number,DOBOJ,M,secondary_education,16192
2013,Number,DOBOJ,F,secondary_education,12859
2013,Number,DONJI ZABAR,Both sexes,secondary_education,1261
2013,Number,DONJI ZABAR,M,secondary_education,739
2013,Number,DONJI ZABAR,F,secondary_education,522
2013,Number,ZVORNIK,Both sexes,secondary_education,21815
2013,Number,ZVORNIK,M,secondary_education,12776
2013,Number,ZVORNIK,F,secondary_education,9039
2013,Number,ISTOCNA ILIDZA,Both sexes,secondary_education,7474
2013,Number,ISTOCNA ILIDZA,M,secondary_education,4082
2013,Number,ISTOCNA ILIDZA,F,secondary_education,3392
2013,Number,ISTOCNI DRVAR,Both sexes,secondary_education,29
2013,Number,ISTOCNI DRVAR,M,secondary_education,24
2013,Number,ISTOCNI DRVAR,F,secondary_education,5
2013,Number,ISTOCNI MOSTAR,Both sexes,secondary_education,99
2013,Number,ISTOCNI MOSTAR,M,secondary_education,65
2013,Number,ISTOCNI MOSTAR,F,secondary_education,34
2013,Number,ISTOCNI STARI GRAD,Both sexes,secondary_education,548
2013,Number,ISTOCNI STARI GRAD,M,secondary_education,329
2013,Number,ISTOCNI STARI GRAD,F,secondary_education,219
2013,Number,ISTOCNO NOVO SARAJEVO,Both sexes,secondary_education,5073
2013,Number,ISTOCNO NOVO SARAJEVO,M,secondary_education,2656
2013,Number,ISTOCNO NOVO SARAJEVO,F,secondary_education,2417
2013,Number,JEZERO,Both sexes,secondary_education,435
2013,Number,JEZERO,M,secondary_education,273
2013,Number,JEZERO,F,secondary_education,162
2013,Number,KALINOVIK,Both sexes,secondary_education,881
2013,Number,KALINOVIK,M,secondary_education,551
2013,Number,KALINOVIK,F,secondary_education,330
2013,Number,KNEZEVO,Both sexes,secondary_education,3485
2013,Number,KNEZEVO,M,secondary_education,2026
2013,Number,KNEZEVO,F,secondary_education,1459
2013,Number,KOZARSKA DUBICA,Both sexes,secondary_education,9698
2013,Number,KOZARSKA DUBICA,M,secondary_education,5259
2013,Number,KOZARSKA DUBICA,F,secondary_education,4439
2013,Number,KOSTAJNICA,Both sexes,secondary_education,2798
2013,Number,KOSTAJNICA,M,secondary_education,1545
2013,Number,KOSTAJNICA,F,secondary_education,1253
2013,Number,KOTOR VAROS,Both sexes,secondary_education,7807
2013,Number,KOTOR VAROS,M,secondary_education,4380
2013,Number,KOTOR VAROS,F,secondary_education,3427
2013,Number,KRUPA NA UNI,Both sexes,secondary_education,355
2013,Number,KRUPA NA UNI,M,secondary_education,236
2013,Number,KRUPA NA UNI,F,secondary_education,119
2013,Number,KUPRES,Both sexes,secondary_education,84
2013,Number,KUPRES,M,secondary_education,59
2013,Number,KUPRES,F,secondary_education,25
2013,Number,LAKTASI,Both sexes,secondary_education,15658
2013,Number,LAKTASI,M,secondary_education,8480
2013,Number,LAKTASI,F,secondary_education,7178
2013,Number,LOPARE,Both sexes,secondary_education,5477
2013,Number,LOPARE,M,secondary_education,3169
2013,Number,LOPARE,F,secondary_education,2308
2013,Number,LJUBINJE,Both sexes,secondary_education,1432
2013,Number,LJUBINJE,M,secondary_education,800
2013,Number,LJUBINJE,F,secondary_education,632
2013,Number,MILICI,Both sexes,secondary_education,4441
2013,Number,MILICI,M,secondary_education,2743
2013,Number,MILICI,F,secondary_education,1698
2013,Number,MODRICA,Both sexes,secondary_education,9850
2013,Number,MODRICA,M,secondary_education,5470
2013,Number,MODRICA,F,secondary_education,4380
2013,Number,MRKONJIC GRAD,Both sexes,secondary_education,6479
2013,Number,MRKONJIC GRAD,M,secondary_education,3500
2013,Number,MRKONJIC GRAD,F,secondary_education,2979
2013,Number,NEVESINJE,Both sexes,secondary_education,5592
2013,Number,NEVESINJE,M,secondary_education,3261
2013,Number,NEVESINJE,F,secondary_education,2331
2013,Number,NOVI GRAD,Both sexes,secondary_education,11197
2013,Number,NOVI GRAD,M,secondary_education,6273
2013,Number,NOVI GRAD,F,secondary_education,4924
2013,Number,NOVO GORAZDE,Both sexes,secondary_education,1533
2013,Number,NOVO GORAZDE,M,secondary_education,952
2013,Number,NOVO GORAZDE,F,secondary_education,581
2013,Number,OSMACI,Both sexes,secondary_education,2300
2013,Number,OSMACI,M,secondary_education,1406
2013,Number,OSMACI,F,secondary_education,894
2013,Number,OSTRA LUKA,Both sexes,secondary_education,954
2013,Number,OSTRA LUKA,M,secondary_education,578
2013,Number,OSTRA LUKA,F,secondary_education,376
2013,Number,PALE,Both sexes,secondary_education,10069
2013,Number,PALE,M,secondary_education,5373
2013,Number,PALE,F,secondary_education,4696
2013,Number,PELAGICEVO,Both sexes,secondary_education,1264
2013,Number,PELAGICEVO,M,secondary_education,726
2013,Number,PELAGICEVO,F,secondary_education,538
2013,Number,PETROVAC,Both sexes,secondary_education,169
2013,Number,PETROVAC,M,secondary_education,96
2013,Number,PETROVAC,F,secondary_education,73
2013,Number,PETROVO,Both sexes,secondary_education,2821
2013,Number,PETROVO,M,secondary_education,1664
2013,Number,PETROVO,F,secondary_education,1157
2013,Number,PRIJEDOR,Both sexes,secondary_education,37714
2013,Number,PRIJEDOR,M,secondary_education,20808
2013,Number,PRIJEDOR,F,secondary_education,16906
2013,Number,PRNJAVOR,Both sexes,secondary_education,12669
2013,Number,PRNJAVOR,M,secondary_education,7015
2013,Number,PRNJAVOR,F,secondary_education,5654
2013,Number,RIBNIK,Both sexes,secondary_education,2154
2013,Number,RIBNIK,M,secondary_education,1291
2013,Number,RIBNIK,F,secondary_education,863
2013,Number,ROGATICA,Both sexes,secondary_education,4652
2013,Number,ROGATICA,M,secondary_education,2694
2013,Number,ROGATICA,F,secondary_education,1958
2013,Number,RUDO,Both sexes,secondary_education,3609
2013,Number,RUDO,M,secondary_education,2200
2013,Number,RUDO,F,secondary_education,1409
2013,Number,SOKOLAC,Both sexes,secondary_education,5543
2013,Number,SOKOLAC,M,secondary_education,3105
2013,Number,SOKOLAC,F,secondary_education,2438
2013,Number,SRBAC,Both sexes,secondary_education,6472
2013,Number,SRBAC,M,secondary_education,3466
2013,Number,SRBAC,F,secondary_education,3006
2013,Number,SREBRENICA,Both sexes,secondary_education,4716
2013,Number,SREBRENICA,M,secondary_education,2832
2013,Number,SREBRENICA,F,secondary_education,1884
2013,Number,TESLIC,Both sexes,secondary_education,14063
2013,Number,TESLIC,M,secondary_education,8090
2013,Number,TESLIC,F,secondary_education,5973
2013,Number,TREBINJE,Both sexes,secondary_education,13551
2013,Number,TREBINJE,M,secondary_education,7183
2013,Number,TREBINJE,F,secondary_education,6368
2013,Number,TRNOVO,Both sexes,secondary_education,942
2013,Number,TRNOVO,M,secondary_education,576
2013,Number,TRNOVO,F,secondary_education,366
2013,Number,UGLJEVIK,Both sexes,secondary_education,6085
2013,Number,UGLJEVIK,M,secondary_education,3558
2013,Number,UGLJEVIK,F,secondary_education,2527
2013,Number,FOCA,Both sexes,secondary_education,8378
2013,Number,FOCA,M,secondary_education,4841
2013,Number,FOCA,F,secondary_education,3537
2013,Number,HAN PIJESAK,Both sexes,secondary_education,1514
2013,Number,HAN PIJESAK,M,secondary_education,846
2013,Number,HAN PIJESAK,F,secondary_education,668
2013,Number,CAJNICE,Both sexes,secondary_education,1993
2013,Number,CAJNICE,M,secondary_education,1187
2013,Number,CAJNICE,F,secondary_education,806
2013,Number,CELINAC,Both sexes,secondary_education,6411
2013,Number,CELINAC,M,secondary_education,3550
2013,Number,CELINAC,F,secondary_education,2861
2013,Number,SAMAC,Both sexes,secondary_education,6680
2013,Number,SAMAC,M,secondary_education,3735
2013,Number,SAMAC,F,secondary_education,2945
2013,Number,SEKOVICI,Both sexes,secondary_education,2601
2013,Number,SEKOVICI,M,secondary_education,1563
2013,Number,SEKOVICI,F,secondary_education,1038
2013,Number,SIPOVO,Both sexes,secondary_education,4430
2013,Number,SIPOVO,M,secondary_education,2584
2013,Number,SIPOVO,F,secondary_education,1846
2013,Number,REPUBLIKA SRPSKA,Both sexes,secondary_specialization,7618
2013,Number,REPUBLIKA SRPSKA,M,secondary_specialization,6324
2013,Number,REPUBLIKA SRPSKA,F,secondary_specialization,1294
2013,Number,BANJA LUKA,Both sexes,secondary_specialization,1552
2013,Number,BANJA LUKA,M,secondary_specialization,1261
2013,Number,BANJA LUKA,F,secondary_specialization,291
2013,Number,BERKOVICI,Both sexes,secondary_specialization,11
2013,Number,BERKOVICI,M,secondary_specialization,11
2013,Number,BERKOVICI,F,secondary_specialization,0
2013,Number,BIJELJINA,Both sexes,secondary_specialization,564
2013,Number,BIJELJINA,M,secondary_specialization,485
2013,Number,BIJELJINA,F,secondary_specialization,79
2013,Number,BILECA,Both sexes,secondary_specialization,68
2013,Number,BILECA,M,secondary_specialization,56
2013,Number,BILECA,F,secondary_specialization,12
2013,Number,BRATUNAC,Both sexes,secondary_specialization,77
2013,Number,BRATUNAC,M,secondary_specialization,61
2013,Number,BRATUNAC,F,secondary_specialization,16
2013,Number,BROD,Both sexes,secondary_specialization,187
2013,Number,BROD,M,secondary_specialization,160
2013,Number,BROD,F,secondary_specialization,27
2013,Number,VISEGRAD,Both sexes,secondary_specialization,137
2013,Number,VISEGRAD,M,secondary_specialization,120
2013,Number,VISEGRAD,F,secondary_specialization,17
2013,Number,VLASENICA,Both sexes,secondary_specialization,28
2013,Number,VLASENICA,M,secondary_specialization,21
2013,Number,VLASENICA,F,secondary_specialization,7
2013,Number,VUKOSAVLJE,Both sexes,secondary_specialization,14
2013,Number,VUKOSAVLJE,M,secondary_specialization,12
2013,Number,VUKOSAVLJE,F,secondary_specialization,2
2013,Number,GACKO,Both sexes,secondary_specialization,269
2013,Number,GACKO,M,secondary_specialization,249
2013,Number,GACKO,F,secondary_specialization,20
2013,Number,GRADISKA,Both sexes,secondary_specialization,192
2013,Number,GRADISKA,M,secondary_specialization,142
2013,Number,GRADISKA,F,secondary_specialization,50
2013,Number,DERVENTA,Both sexes,secondary_specialization,120
2013,Number,DERVENTA,M,secondary_specialization,94
2013,Number,DERVENTA,F,secondary_specialization,26
2013,Number,DOBOJ,Both sexes,secondary_specialization,507
2013,Number,DOBOJ,M,secondary_specialization,448
2013,Number,DOBOJ,F,secondary_specialization,59
2013,Number,DONJI ZABAR,Both sexes,secondary_specialization,10
2013,Number,DONJI ZABAR,M,secondary_specialization,8
2013,Number,DONJI ZABAR,F,secondary_specialization,2
2013,Number,ZVORNIK,Both sexes,secondary_specialization,277
2013,Number,ZVORNIK,M,secondary_specialization,244
2013,Number,ZVORNIK,F,secondary_specialization,33
2013,Number,ISTOCNA ILIDZA,Both sexes,secondary_specialization,140
2013,Number,ISTOCNA ILIDZA,M,secondary_specialization,123
2013,Number,ISTOCNA ILIDZA,F,secondary_specialization,17
2013,Number,ISTOCNI DRVAR,Both sexes,secondary_specialization,1
2013,Number,ISTOCNI DRVAR,M,secondary_specialization,0
2013,Number,ISTOCNI DRVAR,F,secondary_specialization,1
2013,Number,ISTOCNI MOSTAR,Both sexes,secondary_specialization,0
2013,Number,ISTOCNI MOSTAR,M,secondary_specialization,0
2013,Number,ISTOCNI MOSTAR,F,secondary_specialization,0
2013,Number,ISTOCNI STARI GRAD,Both sexes,secondary_specialization,16
2013,Number,ISTOCNI STARI GRAD,M,secondary_specialization,15
2013,Number,ISTOCNI STARI GRAD,F,secondary_specialization,1
2013,Number,ISTOCNO NOVO SARAJEVO,Both sexes,secondary_specialization,81
2013,Number,ISTOCNO NOVO SARAJEVO,M,secondary_specialization,69
2013,Number,ISTOCNO NOVO SARAJEVO,F,secondary_specialization,12
2013,Number,JEZERO,Both sexes,secondary_specialization,1
2013,Number,JEZERO,M,secondary_specialization,1
2013,Number,JEZERO,F,secondary_specialization,0
2013,Number,KALINOVIK,Both sexes,secondary_specialization,16
2013,Number,KALINOVIK,M,secondary_specialization,13
2013,Number,KALINOVIK,F,secondary_specialization,3
2013,Number,KNEZEVO,Both sexes,secondary_specialization,12
2013,Number,KNEZEVO,M,secondary_specialization,11
2013,Number,KNEZEVO,F,secondary_specialization,1
2013,Number,KOZARSKA DUBICA,Both sexes,secondary_specialization,91
2013,Number,KOZARSKA DUBICA,M,secondary_specialization,64
2013,Number,KOZARSKA DUBICA,F,secondary_specialization,27
2013,Number,KOSTAJNICA,Both sexes,secondary_specialization,23
2013,Number,KOSTAJNICA,M,secondary_specialization,18
2013,Number,KOSTAJNICA,F,secondary_specialization,5
2013,Number,KOTOR VAROS,Both sexes,secondary_specialization,74
2013,Number,KOTOR VAROS,M,secondary_specialization,52
2013,Number,KOTOR VAROS,F,secondary_specialization,22
2013,Number,KRUPA NA UNI,Both sexes,secondary_specialization,5
2013,Number,KRUPA NA UNI,M,secondary_specialization,3
2013,Number,KRUPA NA UNI,F,secondary_specialization,2
2013,Number,KUPRES,Both sexes,secondary_specialization,1
2013,Number,KUPRES,M,secondary_specialization,0
2013,Number,KUPRES,F,secondary_specialization,1
2013,Number,LAKTASI,Both sexes,secondary_specialization,169
2013,Number,LAKTASI,M,secondary_specialization,141
2013,Number,LAKTASI,F,secondary_specialization,28
2013,Number,LOPARE,Both sexes,secondary_specialization,64
2013,Number,LOPARE,M,secondary_specialization,45
2013,Number,LOPARE,F,secondary_specialization,19
2013,Number,LJUBINJE,Both sexes,secondary_specialization,81
2013,Number,LJUBINJE,M,secondary_specialization,72
2013,Number,LJUBINJE,F,secondary_specialization,9
2013,Number,MILICI,Both sexes,secondary_specialization,15
2013,Number,MILICI,M,secondary_specialization,10
2013,Number,MILICI,F,secondary_specialization,5
2013,Number,MODRICA,Both sexes,secondary_specialization,132
2013,Number,MODRICA,M,secondary_specialization,103
2013,Number,MODRICA,F,secondary_specialization,29
2013,Number,MRKONJIC GRAD,Both sexes,secondary_specialization,89
2013,Number,MRKONJIC GRAD,M,secondary_specialization,71
2013,Number,MRKONJIC GRAD,F,secondary_specialization,18
2013,Number,NEVESINJE,Both sexes,secondary_specialization,56
2013,Number,NEVESINJE,M,secondary_specialization,51
2013,Number,NEVESINJE,F,secondary_specialization,5
2013,Number,NOVI GRAD,Both sexes,secondary_specialization,104
2013,Number,NOVI GRAD,M,secondary_specialization,75
2013,Number,NOVI GRAD,F,secondary_specialization,29
2013,Number,NOVO GORAZDE,Both sexes,secondary_specialization,10
2013,Number,NOVO GORAZDE,M,secondary_specialization,10
2013,Number,NOVO GORAZDE,F,secondary_specialization,0
2013,Number,OSMACI,Both sexes,secondary_specialization,15
2013,Number,OSMACI,M,secondary_specialization,12
2013,Number,OSMACI,F,secondary_specialization,3
2013,Number,OSTRA LUKA,Both sexes,secondary_specialization,13
2013,Number,OSTRA LUKA,M,secondary_specialization,11
2013,Number,OSTRA LUKA,F,secondary_specialization,2
2013,Number,PALE,Both sexes,secondary_specialization,247
2013,Number,PALE,M,secondary_specialization,205
2013,Number,PALE,F,secondary_specialization,42
2013,Number,PELAGICEVO,Both sexes,secondary_specialization,4
2013,Number,PELAGICEVO,M,secondary_specialization,3
2013,Number,PELAGICEVO,F,secondary_specialization,1
2013,Number,PETROVAC,Both sexes,secondary_specialization,0
2013,Number,PETROVAC,M,secondary_specialization,0
2013,Number,PETROVAC,F,secondary_specialization,0
2013,Number,PETROVO,Both sexes,secondary_specialization,79
2013,Number,PETROVO,M,secondary_specialization,74
2013,Number,PETROVO,F,secondary_specialization,5
2013,Number,PRIJEDOR,Both sexes,secondary_specialization,666
2013,Number,PRIJEDOR,M,secondary_specialization,492
2013,Number,PRIJEDOR,F,secondary_specialization,174
2013,Number,PRNJAVOR,Both sexes,secondary_specialization,112
2013,Number,PRNJAVOR,M,secondary_specialization,83
2013,Number,PRNJAVOR,F,secondary_specialization,29
2013,Number,RIBNIK,Both sexes,secondary_specialization,14
2013,Number,RIBNIK,M,secondary_specialization,13
2013,Number,RIBNIK,F,secondary_specialization,1
2013,Number,ROGATICA,Both sexes,secondary_specialization,56
2013,Number,ROGATICA,M,secondary_specialization,49
2013,Number,ROGATICA,F,secondary_specialization,7
2013,Number,RUDO,Both sexes,secondary_specialization,12
2013,Number,RUDO,M,secondary_specialization,11
2013,Number,RUDO,F,secondary_specialization,1
2013,Number,SOKOLAC,Both sexes,secondary_specialization,71
2013,Number,SOKOLAC,M,secondary_specialization,57
2013,Number,SOKOLAC,F,secondary_specialization,14
2013,Number,SRBAC,Both sexes,secondary_specialization,61
2013,Number,SRBAC,M,secondary_specialization,46
2013,Number,SRBAC,F,secondary_specialization,15
2013,Number,SREBRENICA,Both sexes,secondary_specialization,33
2013,Number,SREBRENICA,M,secondary_specialization,26
2013,Number,SREBRENICA,F,secondary_specialization,7
2013,Number,TESLIC,Both sexes,secondary_specialization,170
2013,Number,TESLIC,M,secondary_specialization,138
2013,Number,TESLIC,F,secondary_specialization,32
2013,Number,TREBINJE,Both sexes,secondary_specialization,432
2013,Number,TREBINJE,M,secondary_specialization,394
2013,Number,TREBINJE,F,secondary_specialization,38
2013,Number,TRNOVO,Both sexes,secondary_specialization,15
2013,Number,TRNOVO,M,secondary_specialization,13
2013,Number,TRNOVO,F,secondary_specialization,2
2013,Number,UGLJEVIK,Both sexes,secondary_specialization,97
2013,Number,UGLJEVIK,M,secondary_specialization,89
2013,Number,UGLJEVIK,F,secondary_specialization,8
2013,Number,FOCA,Both sexes,secondary_specialization,107
2013,Number,FOCA,M,secondary_specialization,93
2013,Number,FOCA,F,secondary_specialization,14
2013,Number,HAN PIJESAK,Both sexes,secondary_specialization,20
2013,Number,HAN PIJESAK,M,secondary_specialization,20
2013,Number,HAN PIJESAK,F,secondary_specialization,0
2013,Number,CAJNICE,Both sexes,secondary_specialization,38
2013,Number,CAJNICE,M,secondary_specialization,37
2013,Number,CAJNICE,F,secondary_specialization,1
2013,Number,CELINAC,Both sexes,secondary_specialization,69
2013,Number,CELINAC,M,secondary_specialization,62
2013,Number,CELINAC,F,secondary_specialization,7
2013,Number,SAMAC,Both sexes,secondary_specialization,55
2013,Number,SAMAC,M,secondary_specialization,41
2013,Number,SAMAC,F,secondary_specialization,14
2013,Number,SEKOVICI,Both sexes,secondary_specialization,16
2013,Number,SEKOVICI,M,secondary_specialization,16
2013,Number,SEKOVICI,F,secondary_specialization,0
2013,Number,SIPOVO,Both sexes,secondary_specialization,22
2013,Number,SIPOVO,M,secondary_specialization,20
2013,Number,SIPOVO,F,secondary_specialization,2
2013,Number,REPUBLIKA SRPSKA,Both sexes,first_degree,33960
2013,Number,REPUBLIKA SRPSKA,M,first_degree,19142
2013,Number,REPUBLIKA SRPSKA,F,first_degree,14818
2013,Number,BANJA LUKA,Both sexes,first_degree,7972
2013,Number,BANJA LUKA,M,first_degree,4272
2013,Number,BANJA LUKA,F,first_degree,3700
2013,Number,BERKOVICI,Both sexes,first_degree,47
2013,Number,BERKOVICI,M,first_degree,34
2013,Number,BERKOVICI,F,first_degree,13
2013,Number,BIJELJINA,Both sexes,first_degree,3354
2013,Number,BIJELJINA,M,first_degree,1805
2013,Number,BIJELJINA,F,first_degree,1549
2013,Number,BILECA,Both sexes,first_degree,434
2013,Number,BILECA,M,first_degree,249
2013,Number,BILECA,F,first_degree,185
2013,Number,BRATUNAC,Both sexes,first_degree,399
2013,Number,BRATUNAC,M,first_degree,230
2013,Number,BRATUNAC,F,first_degree,169
2013,Number,BROD,Both sexes,first_degree,374
2013,Number,BROD,M,first_degree,215
2013,Number,BROD,F,first_degree,159
2013,Number,VISEGRAD,Both sexes,first_degree,375
2013,Number,VISEGRAD,M,first_degree,196
2013,Number,VISEGRAD,F,first_degree,179
2013,Number,VLASENICA,Both sexes,first_degree,200
2013,Number,VLASENICA,M,first_degree,123
2013,Number,VLASENICA,F,first_degree,77
2013,Number,VUKOSAVLJE,Both sexes,first_degree,39
2013,Number,VUKOSAVLJE,M,first_degree,25
2013,Number,VUKOSAVLJE,F,first_degree,14
2013,Number,GACKO,Both sexes,first_degree,335
2013,Number,GACKO,M,first_degree,191
2013,Number,GACKO,F,first_degree,144
2013,Number,GRADISKA,Both sexes,first_degree,1222
2013,Number,GRADISKA,M,first_degree,658
2013,Number,GRADISKA,F,first_degree,564
2013,Number,DERVENTA,Both sexes,first_degree,542
2013,Number,DERVENTA,M,first_degree,331
2013,Number,DERVENTA,F,first_degree,211
2013,Number,DOBOJ,Both sexes,first_degree,1827
2013,Number,DOBOJ,M,first_degree,1078
2013,Number,DOBOJ,F,first_degree,749
2013,Number,DONJI ZABAR,Both sexes,first_degree,37
2013,Number,DONJI ZABAR,M,first_degree,23
2013,Number,DONJI ZABAR,F,first_degree,14
2013,Number,ZVORNIK,Both sexes,first_degree,1283
2013,Number,ZVORNIK,M,first_degree,716
2013,Number,ZVORNIK,F,first_degree,567
2013,Number,ISTOCNA ILIDZA,Both sexes,first_degree,513
2013,Number,ISTOCNA ILIDZA,M,first_degree,315
2013,Number,ISTOCNA ILIDZA,F,first_degree,198
2013,Number,ISTOCNI DRVAR,Both sexes,first_degree,5
2013,Number,ISTOCNI DRVAR,M,first_degree,5
2013,Number,ISTOCNI DRVAR,F,first_degree,0
2013,Number,ISTOCNI MOSTAR,Both sexes,first_degree,2
2013,Number,ISTOCNI MOSTAR,M,first_degree,2
2013,Number,ISTOCNI MOSTAR,F,first_degree,0
2013,Number,ISTOCNI STARI GRAD,Both sexes,first_degree,27
2013,Number,ISTOCNI STARI GRAD,M,first_degree,14
2013,Number,ISTOCNI STARI GRAD,F,first_degree,13
2013,Number,ISTOCNO NOVO SARAJEVO,Both sexes,first_degree,375
2013,Number,ISTOCNO NOVO SARAJEVO,M,first_degree,225
2013,Number,ISTOCNO NOVO SARAJEVO,F,first_degree,150
2013,Number,JEZERO,Both sexes,first_degree,16
2013,Number,JEZERO,M,first_degree,10
2013,Number,JEZERO,F,first_degree,6
2013,Number,KALINOVIK,Both sexes,first_degree,58
2013,Number,KALINOVIK,M,first_degree,41
2013,Number,KALINOVIK,F,first_degree,17
2013,Number,KNEZEVO,Both sexes,first_degree,125
2013,Number,KNEZEVO,M,first_degree,93
2013,Number,KNEZEVO,F,first_degree,32
2013,Number,KOZARSKA DUBICA,Both sexes,first_degree,644
2013,Number,KOZARSKA DUBICA,M,first_degree,345
2013,Number,KOZARSKA DUBICA,F,first_degree,299
2013,Number,KOSTAJNICA,Both sexes,first_degree,206
2013,Number,KOSTAJNICA,M,first_degree,94
2013,Number,KOSTAJNICA,F,first_degree,112
2013,Number,KOTOR VAROS,Both sexes,first_degree,225
2013,Number,KOTOR VAROS,M,first_degree,144
2013,Number,KOTOR VAROS,F,first_degree,81
2013,Number,KRUPA NA UNI,Both sexes,first_degree,11
2013,Number,KRUPA NA UNI,M,first_degree,6
2013,Number,KRUPA NA UNI,F,first_degree,5
2013,Number,KUPRES,Both sexes,first_degree,2
2013,Number,KUPRES,M,first_degree,2
2013,Number,KUPRES,F,first_degree,0
2013,Number,LAKTASI,Both sexes,first_degree,822
2013,Number,LAKTASI,M,first_degree,462
2013,Number,LAKTASI,F,first_degree,360
2013,Number,LOPARE,Both sexes,first_degree,217
2013,Number,LOPARE,M,first_degree,133
2013,Number,LOPARE,F,first_degree,84
2013,Number,LJUBINJE,Both sexes,first_degree,126
2013,Number,LJUBINJE,M,first_degree,69
2013,Number,LJUBINJE,F,first_degree,57
2013,Number,MILICI,Both sexes,first_degree,213
2013,Number,MILICI,M,first_degree,113
2013,Number,MILICI,F,first_degree,100
2013,Number,MODRICA,Both sexes,first_degree,483
2013,Number,MODRICA,M,first_degree,303
2013,Number,MODRICA,F,first_degree,180
2013,Number,MRKONJIC GRAD,Both sexes,first_degree,350
2013,Number,MRKONJIC GRAD,M,first_degree,204
2013,Number,MRKONJIC GRAD,F,first_degree,146
2013,Number,NEVESINJE,Both sexes,first_degree,384
2013,Number,NEVESINJE,M,first_degree,236
2013,Number,NEVESINJE,F,first_degree,148
2013,Number,NOVI GRAD,Both sexes,first_degree,714
2013,Number,NOVI GRAD,M,first_degree,366
2013,Number,NOVI GRAD,F,first_degree,348
2013,Number,NOVO GORAZDE,Both sexes,first_degree,48
2013,Number,NOVO GORAZDE,M,first_degree,39
2013,Number,NOVO GORAZDE,F,first_degree,9
2013,Number,OSMACI,Both sexes,first_degree,65
2013,Number,OSMACI,M,first_degree,48
2013,Number,OSMACI,F,first_degree,17
2013,Number,OSTRA LUKA,Both sexes,first_degree,36
2013,Number,OSTRA LUKA,M,first_degree,16
2013,Number,OSTRA LUKA,F,first_degree,20
2013,Number,PALE,Both sexes,first_degree,645
2013,Number,PALE,M,first_degree,389
2013,Number,PALE,F,first_degree,256
2013,Number,PELAGICEVO,Both sexes,first_degree,81
2013,Number,PELAGICEVO,M,first_degree,44
2013,Number,PELAGICEVO,F,first_degree,37
2013,Number,PETROVAC,Both sexes,first_degree,11
2013,Number,PETROVAC,M,first_degree,6
2013,Number,PETROVAC,F,first_degree,5
2013,Number,PETROVO,Both sexes,first_degree,166
2013,Number,PETROVO,M,first_degree,109
2013,Number,PETROVO,F,first_degree,57
2013,Number,PRIJEDOR,Both sexes,first_degree,2448
2013,Number,PRIJEDOR,M,first_degree,1252
2013,Number,PRIJEDOR,F,first_degree,1196
2013,Number,PRNJAVOR,Both sexes,first_degree,670
2013,Number,PRNJAVOR,M,first_degree,388
2013,Number,PRNJAVOR,F,first_degree,282
2013,Number,RIBNIK,Both sexes,first_degree,99
2013,Number,RIBNIK,M,first_degree,68
2013,Number,RIBNIK,F,first_degree,31
2013,Number,ROGATICA,Both sexes,first_degree,315
2013,Number,ROGATICA,M,first_degree,209
2013,Number,ROGATICA,F,first_degree,106
2013,Number,RUDO,Both sexes,first_degree,277
2013,Number,RUDO,M,first_degree,175
2013,Number,RUDO,F,first_degree,102
2013,Number,SOKOLAC,Both sexes,first_degree,393
2013,Number,SOKOLAC,M,first_degree,237
2013,Number,SOKOLAC,F,first_degree,156
2013,Number,SRBAC,Both sexes,first_degree,342
2013,Number,SRBAC,M,first_degree,232
2013,Number,SRBAC,F,first_degree,110
2013,Number,SREBRENICA,Both sexes,first_degree,290
2013,Number,SREBRENICA,M,first_degree,171
2013,Number,SREBRENICA,F,first_degree,119
2013,Number,TESLIC,Both sexes,first_degree,577
2013,Number,TESLIC,M,first_degree,335
2013,Number,TESLIC,F,first_degree,242
2013,Number,TREBINJE,Both sexes,first_degree,1442
2013,Number,TREBINJE,M,first_degree,806
2013,Number,TREBINJE,F,first_degree,636
2013,Number,TRNOVO,Both sexes,first_degree,52
2013,Number,TRNOVO,M,first_degree,37
2013,Number,TRNOVO,F,first_degree,15
2013,Number,UGLJEVIK,Both sexes,first_degree,252
2013,Number,UGLJEVIK,M,first_degree,156
2013,Number,UGLJEVIK,F,first_degree,96
2013,Number,FOCA,Both sexes,first_degree,510
2013,Number,FOCA,M,first_degree,334
2013,Number,FOCA,F,first_degree,176
2013,Number,HAN PIJESAK,Both sexes,first_degree,110
2013,Number,HAN PIJESAK,M,first_degree,67
2013,Number,HAN PIJESAK,F,first_degree,43
2013,Number,CAJNICE,Both sexes,first_degree,75
2013,Number,CAJNICE,M,first_degree,48
2013,Number,CAJNICE,F,first_degree,27
2013,Number,CELINAC,Both sexes,first_degree,293
2013,Number,CELINAC,M,first_degree,186
2013,Number,CELINAC,F,first_degree,107
2013,Number,SAMAC,Both sexes,first_degree,478
2013,Number,SAMAC,M,first_degree,265
2013,Number,SAMAC,F,first_degree,213
2013,Number,SEKOVICI,Both sexes,first_degree,136
2013,Number,SEKOVICI,M,first_degree,76
2013,Number,SEKOVICI,F,first_degree,60
2013,Number,SIPOVO,Both sexes,first_degree,191
2013,Number,SIPOVO,M,first_degree,121
2013,Number,SIPOVO,F,first_degree,70
2013,Number,REPUBLIKA SRPSKA,Both sexes,university_degree,87036
2013,Number,REPUBLIKA SRPSKA,M,university_degree,42562
2013,Number,REPUBLIKA SRPSKA,F,university_degree,44474
2013,Number,BANJA LUKA,Both sexes,university_degree,25924
2013,Number,BANJA LUKA,M,university_degree,12201
2013,Number,BANJA LUKA,F,university_degree,13723
2013,Number,BERKOVICI,Both sexes,university_degree,92
2013,Number,BERKOVICI,M,university_degree,51
2013,Number,BERKOVICI,F,university_degree,41
2013,Number,BIJELJINA,Both sexes,university_degree,8088
2013,Number,BIJELJINA,M,university_degree,3846
2013,Number,BIJELJINA,F,university_degree,4242
2013,Number,BILECA,Both sexes,university_degree,791
2013,Number,BILECA,M,university_degree,443
2013,Number,BILECA,F,university_degree,348
2013,Number,BRATUNAC,Both sexes,university_degree,1014
2013,Number,BRATUNAC,M,university_degree,515
2013,Number,BRATUNAC,F,university_degree,499
2013,Number,BROD,Both sexes,university_degree,801
2013,Number,BROD,M,university_degree,389
2013,Number,BROD,F,university_degree,412
2013,Number,VISEGRAD,Both sexes,university_degree,818
2013,Number,VISEGRAD,M,university_degree,410
2013,Number,VISEGRAD,F,university_degree,408
2013,Number,VLASENICA,Both sexes,university_degree,641
2013,Number,VLASENICA,M,university_degree,316
2013,Number,VLASENICA,F,university_degree,325
2013,Number,VUKOSAVLJE,Both sexes,university_degree,97
2013,Number,VUKOSAVLJE,M,university_degree,55
2013,Number,VUKOSAVLJE,F,university_degree,42
2013,Number,GACKO,Both sexes,university_degree,812
2013,Number,GACKO,M,university_degree,413
2013,Number,GACKO,F,university_degree,399
2013,Number,GRADISKA,Both sexes,university_degree,2538
2013,Number,GRADISKA,M,university_degree,1270
2013,Number,GRADISKA,F,university_degree,1268
2013,Number,DERVENTA,Both sexes,university_degree,1242
2013,Number,DERVENTA,M,university_degree,598
2013,Number,DERVENTA,F,university_degree,644
2013,Number,DOBOJ,Both sexes,university_degree,4634
2013,Number,DOBOJ,M,university_degree,2420
2013,Number,DOBOJ,F,university_degree,2214
2013,Number,DONJI ZABAR,Both sexes,university_degree,100
2013,Number,DONJI ZABAR,M,university_degree,59
2013,Number,DONJI ZABAR,F,university_degree,41
2013,Number,ZVORNIK,Both sexes,university_degree,2964
2013,Number,ZVORNIK,M,university_degree,1529
2013,Number,ZVORNIK,F,university_degree,1435
2013,Number,ISTOCNA ILIDZA,Both sexes,university_degree,1844
2013,Number,ISTOCNA ILIDZA,M,university_degree,802
2013,Number,ISTOCNA ILIDZA,F,university_degree,1042
2013,Number,ISTOCNI DRVAR,Both sexes,university_degree,10
2013,Number,ISTOCNI DRVAR,M,university_degree,8
2013,Number,ISTOCNI DRVAR,F,university_degree,2
2013,Number,ISTOCNI MOSTAR,Both sexes,university_degree,14
2013,Number,ISTOCNI MOSTAR,M,university_degree,7
2013,Number,ISTOCNI MOSTAR,F,university_degree,7
2013,Number,ISTOCNI STARI GRAD,Both sexes,university_degree,53
2013,Number,ISTOCNI STARI GRAD,M,university_degree,21
2013,Number,ISTOCNI STARI GRAD,F,university_degree,32
2013,Number,ISTOCNO NOVO SARAJEVO,Both sexes,university_degree,1563
2013,Number,ISTOCNO NOVO SARAJEVO,M,university_degree,745
2013,Number,ISTOCNO NOVO SARAJEVO,F,university_degree,818
2013,Number,JEZERO,Both sexes,university_degree,30
2013,Number,JEZERO,M,university_degree,19
2013,Number,JEZERO,F,university_degree,11
2013,Number,KALINOVIK,Both sexes,university_degree,147
2013,Number,KALINOVIK,M,university_degree,85
2013,Number,KALINOVIK,F,university_degree,62
2013,Number,KNEZEVO,Both sexes,university_degree,334
2013,Number,KNEZEVO,M,university_degree,188
2013,Number,KNEZEVO,F,university_degree,146
2013,Number,KOZARSKA DUBICA,Both sexes,university_degree,999
2013,Number,KOZARSKA DUBICA,M,university_degree,501
2013,Number,KOZARSKA DUBICA,F,university_degree,498
2013,Number,KOSTAJNICA,Both sexes,university_degree,281
2013,Number,KOSTAJNICA,M,university_degree,134
2013,Number,KOSTAJNICA,F,university_degree,147
2013,Number,KOTOR VAROS,Both sexes,university_degree,767
2013,Number,KOTOR VAROS,M,university_degree,408
2013,Number,KOTOR VAROS,F,university_degree,359
2013,Number,KRUPA NA UNI,Both sexes,university_degree,13
2013,Number,KRUPA NA UNI,M,university_degree,7
2013,Number,KRUPA NA UNI,F,university_degree,6
2013,Number,KUPRES,Both sexes,university_degree,4
2013,Number,KUPRES,M,university_degree,3
2013,Number,KUPRES,F,university_degree,1
2013,Number,LAKTASI,Both sexes,university_degree,1729
2013,Number,LAKTASI,M,university_degree,829
2013,Number,LAKTASI,F,university_degree,900
2013,Number,LOPARE,Both sexes,university_degree,560
2013,Number,LOPARE,M,university_degree,264
2013,Number,LOPARE,F,university_degree,296
2013,Number,LJUBINJE,Both sexes,university_degree,255
2013,Number,LJUBINJE,M,university_degree,145
2013,Number,LJUBINJE,F,university_degree,110
2013,Number,MILICI,Both sexes,university_degree,573
2013,Number,MILICI,M,university_degree,295
2013,Number,MILICI,F,university_degree,278
2013,Number,MODRICA,Both sexes,university_degree,1186
2013,Number,MODRICA,M,university_degree,605
2013,Number,MODRICA,F,university_degree,581
2013,Number,MRKONJIC GRAD,Both sexes,university_degree,832
2013,Number,MRKONJIC GRAD,M,university_degree,410
2013,Number,MRKONJIC GRAD,F,university_degree,422
2013,Number,NEVESINJE,Both sexes,university_degree,856
2013,Number,NEVESINJE,M,university_degree,459
2013,Number,NEVESINJE,F,university_degree,397
2013,Number,NOVI GRAD,Both sexes,university_degree,1243
2013,Number,NOVI GRAD,M,university_degree,602
2013,Number,NOVI GRAD,F,university_degree,641
2013,Number,NOVO GORAZDE,Both sexes,university_degree,145
2013,Number,NOVO GORAZDE,M,university_degree,71
2013,Number,NOVO GORAZDE,F,university_degree,74
2013,Number,OSMACI,Both sexes,university_degree,235
2013,Number,OSMACI,M,university_degree,148
2013,Number,OSMACI,F,university_degree,87
2013,Number,OSTRA LUKA,Both sexes,university_degree,55
2013,Number,OSTRA LUKA,M,university_degree,24
2013,Number,OSTRA LUKA,F,university_degree,31
2013,Number,PALE,Both sexes,university_degree,2538
2013,Number,PALE,M,university_degree,1148
2013,Number,PALE,F,university_degree,1390
2013,Number,PELAGICEVO,Both sexes,university_degree,94
2013,Number,PELAGICEVO,M,university_degree,53
2013,Number,PELAGICEVO,F,university_degree,41
2013,Number,PETROVAC,Both sexes,university_degree,26
2013,Number,PETROVAC,M,university_degree,13
2013,Number,PETROVAC,F,university_degree,13
2013,Number,PETROVO,Both sexes,university_degree,259
2013,Number,PETROVO,M,university_degree,134
2013,Number,PETROVO,F,university_degree,125
2013,Number,PRIJEDOR,Both sexes,university_degree,4646
2013,Number,PRIJEDOR,M,university_degree,2220
2013,Number,PRIJEDOR,F,university_degree,2426
2013,Number,PRNJAVOR,Both sexes,university_degree,1336
2013,Number,PRNJAVOR,M,university_degree,627
2013,Number,PRNJAVOR,F,university_degree,709
2013,Number,RIBNIK,Both sexes,university_degree,195
2013,Number,RIBNIK,M,university_degree,108
2013,Number,RIBNIK,F,university_degree,87
2013,Number,ROGATICA,Both sexes,university_degree,702
2013,Number,ROGATICA,M,university_degree,354
2013,Number,ROGATICA,F,university_degree,348
2013,Number,RUDO,Both sexes,university_degree,454
2013,Number,RUDO,M,university_degree,232
2013,Number,RUDO,F,university_degree,222
2013,Number,SOKOLAC,Both sexes,university_degree,1113
2013,Number,SOKOLAC,M,university_degree,529
2013,Number,SOKOLAC,F,university_degree,584
2013,Number,SRBAC,Both sexes,university_degree,798
2013,Number,SRBAC,M,university_degree,410
2013,Number,SRBAC,F,university_degree,388
2013,Number,SREBRENICA,Both sexes,university_degree,741
2013,Number,SREBRENICA,M,university_degree,395
2013,Number,SREBRENICA,F,university_degree,346
2013,Number,TESLIC,Both sexes,university_degree,1351
2013,Number,TESLIC,M,university_degree,689
2013,Number,TESLIC,F,university_degree,662
2013,Number,TREBINJE,Both sexes,university_degree,3262
2013,Number,TREBINJE,M,university_degree,1642
2013,Number,TREBINJE,F,university_degree,1620
2013,Number,TRNOVO,Both sexes,university_degree,139
2013,Number,TRNOVO,M,university_degree,66
2013,Number,TRNOVO,F,university_degree,73
2013,Number,UGLJEVIK,Both sexes,university_degree,903
2013,Number,UGLJEVIK,M,university_degree,443
2013,Number,UGLJEVIK,F,university_degree,460
2013,Number,FOCA,Both sexes,university_degree,1422
2013,Number,FOCA,M,university_degree,757
2013,Number,FOCA,F,university_degree,665
2013,Number,HAN PIJESAK,Both sexes,university_degree,274
2013,Number,HAN PIJESAK,M,university_degree,138
2013,Number,HAN PIJESAK,F,university_degree,136
2013,Number,CAJNICE,Both sexes,university_degree,280
2013,Number,CAJNICE,M,university_degree,152
2013,Number,CAJNICE,F,university_degree,128
2013,Number,CELINAC,Both sexes,university_degree,618
2013,Number,CELINAC,M,university_degree,290
2013,Number,CELINAC,F,university_degree,328
2013,Number,SAMAC,Both sexes,university_degree,911
2013,Number,SAMAC,M,university_degree,494
2013,Number,SAMAC,F,university_degree,417
2013,Number,SEKOVICI,Both sexes,university_degree,267
2013,Number,SEKOVICI,M,university_degree,144
2013,Number,SEKOVICI,F,university_degree,123
2013,Number,SIPOVO,Both sexes,university_degree,423
2013,Number,SIPOVO,M,university_degree,229
2013,Number,SIPOVO,F,university_degree,194
