Year,UNIT_MEASURE,Administrative area,Sex,Literacy,Value
2013,Number,REPUBLIKA SRPSKA,Both sexes,Total,1062861.0
2013,Number,REPUBLIKA SRPSKA,M,Total,516703.0
2013,Number,REPUBLIKA SRPSKA,F,Total,546158.0
2013,Number,BANJA LUKA,Both sexes,Total,162106.0
2013,Number,BANJA LUKA,M,Total,77356.0
2013,Number,BANJA LUKA,F,Total,84750.0
2013,Number,BERKOVICI,Both sexes,Total,1824.0
2013,Number,BERKOVICI,M,Total,916.0
2013,Number,BERKOVICI,F,Total,908.0
2013,Number,BIJELJINA,Both sexes,Total,94007.0
2013,Number,BIJELJINA,M,Total,45652.0
2013,Number,BIJELJINA,F,Total,48355.0
2013,Number,BILECA,Both sexes,Total,9644.0
2013,Number,BILECA,M,Total,4830.0
2013,Number,BILECA,F,Total,4814.0
2013,Number,BRATUNAC,Both sexes,Total,16773.0
2013,Number,BRATUNAC,M,Total,8235.0
2013,Number,BRATUNAC,F,Total,8538.0
2013,Number,BROD,Both sexes,Total,14277.0
2013,Number,BROD,M,Total,6911.0
2013,Number,BROD,F,Total,7366.0
2013,Number,VISEGRAD,Both sexes,Total,9381.0
2013,Number,VISEGRAD,M,Total,4478.0
2013,Number,VISEGRAD,F,Total,4903.0
2013,Number,VLASENICA,Both sexes,Total,9649.0
2013,Number,VLASENICA,M,Total,4669.0
2013,Number,VLASENICA,F,Total,4980.0
2013,Number,VUKOSAVLJE,Both sexes,Total,3950.0
2013,Number,VUKOSAVLJE,M,Total,1975.0
2013,Number,VUKOSAVLJE,F,Total,1975.0
2013,Number,GACKO,Both sexes,Total,7864.0
2013,Number,GACKO,M,Total,3987.0
2013,Number,GACKO,F,Total,3877.0
2013,Number,GRADISKA,Both sexes,Total,44972.0
2013,Number,GRADISKA,M,Total,21810.0
2013,Number,GRADISKA,F,Total,23162.0
2013,Number,DERVENTA,Both sexes,Total,23629.0
2013,Number,DERVENTA,M,Total,11467.0
2013,Number,DERVENTA,F,Total,12162.0
2013,Number,DOBOJ,Both sexes,Total,62056.0
2013,Number,DOBOJ,M,Total,29964.0
2013,Number,DOBOJ,F,Total,32092.0
2013,Number,DONJI ZABAR,Both sexes,Total,3352.0
2013,Number,DONJI ZABAR,M,Total,1685.0
2013,Number,DONJI ZABAR,F,Total,1667.0
2013,Number,ZVORNIK,Both sexes,Total,48535.0
2013,Number,ZVORNIK,M,Total,23809.0
2013,Number,ZVORNIK,F,Total,24726.0
2013,Number,ISTOCNA ILIDZA,Both sexes,Total,13131.0
2013,Number,ISTOCNA ILIDZA,M,Total,6250.0
2013,Number,ISTOCNA ILIDZA,F,Total,6881.0
2013,Number,ISTOCNI DRVAR,Both sexes,Total,65.0
2013,Number,ISTOCNI DRVAR,M,Total,43.0
2013,Number,ISTOCNI DRVAR,F,Total,22.0
2013,Number,ISTOCNI MOSTAR,Both sexes,Total,226.0
2013,Number,ISTOCNI MOSTAR,M,Total,128.0
2013,Number,ISTOCNI MOSTAR,F,Total,98.0
2013,Number,ISTOCNI STARI GRAD,Both sexes,Total,1033.0
2013,Number,ISTOCNI STARI GRAD,M,Total,505.0
2013,Number,ISTOCNI STARI GRAD,F,Total,528.0
2013,Number,ISTOCNO NOVO SARAJEVO,Both sexes,Total,9302.0
2013,Number,ISTOCNO NOVO SARAJEVO,M,Total,4402.0
2013,Number,ISTOCNO NOVO SARAJEVO,F,Total,4900.0
2013,Number,JEZERO,Both sexes,Total,951.0
2013,Number,JEZERO,M,Total,492.0
2013,Number,JEZERO,F,Total,459.0
2013,Number,KALINOVIK,Both sexes,Total,1845.0
2013,Number,KALINOVIK,M,Total,895.0
2013,Number,KALINOVIK,F,Total,950.0
2013,Number,KNEZEVO,Both sexes,Total,8558.0
2013,Number,KNEZEVO,M,Total,4209.0
2013,Number,KNEZEVO,F,Total,4349.0
2013,Number,KOZARSKA DUBICA,Both sexes,Total,19095.0
2013,Number,KOZARSKA DUBICA,M,Total,9296.0
2013,Number,KOZARSKA DUBICA,F,Total,9799.0
2013,Number,KOSTAJNICA,Both sexes,Total,5201.0
2013,Number,KOSTAJNICA,M,Total,2553.0
2013,Number,KOSTAJNICA,F,Total,2648.0
2013,Number,KOTOR VAROS,Both sexes,Total,16533.0
2013,Number,KOTOR VAROS,M,Total,8069.0
2013,Number,KOTOR VAROS,F,Total,8464.0
2013,Number,KRUPA NA UNI,Both sexes,Total,1456.0
2013,Number,KRUPA NA UNI,M,Total,786.0
2013,Number,KRUPA NA UNI,F,Total,670.0
2013,Number,KUPRES,Both sexes,Total,280.0
2013,Number,KUPRES,M,Total,147.0
2013,Number,KUPRES,F,Total,133.0
2013,Number,LAKTASI,Both sexes,Total,30705.0
2013,Number,LAKTASI,M,Total,15132.0
2013,Number,LAKTASI,F,Total,15573.0
2013,Number,LOPARE,Both sexes,Total,13599.0
2013,Number,LOPARE,M,Total,6831.0
2013,Number,LOPARE,F,Total,6768.0
2013,Number,LJUBINJE,Both sexes,Total,3046.0
2013,Number,LJUBINJE,M,Total,1502.0
2013,Number,LJUBINJE,F,Total,1544.0
2013,Number,MILICI,Both sexes,Total,9487.0
2013,Number,MILICI,M,Total,4761.0
2013,Number,MILICI,F,Total,4726.0
2013,Number,MODRICA,Both sexes,Total,22419.0
2013,Number,MODRICA,M,Total,10910.0
2013,Number,MODRICA,F,Total,11509.0
2013,Number,MRKONJIC GRAD,Both sexes,Total,14541.0
2013,Number,MRKONJIC GRAD,M,Total,6944.0
2013,Number,MRKONJIC GRAD,F,Total,7597.0
2013,Number,NEVESINJE,Both sexes,Total,11346.0
2013,Number,NEVESINJE,M,Total,5615.0
2013,Number,NEVESINJE,F,Total,5731.0
2013,Number,NOVI GRAD,Both sexes,Total,23292.0
2013,Number,NOVI GRAD,M,Total,11576.0
2013,Number,NOVI GRAD,F,Total,11716.0
2013,Number,NOVO GORAZDE,Both sexes,Total,2718.0
2013,Number,NOVO GORAZDE,M,Total,1408.0
2013,Number,NOVO GORAZDE,F,Total,1310.0
2013,Number,OSMACI,Both sexes,Total,5021.0
2013,Number,OSMACI,M,Total,2498.0
2013,Number,OSMACI,F,Total,2523.0
2013,Number,OSTRA LUKA,Both sexes,Total,2468.0
2013,Number,OSTRA LUKA,M,Total,1264.0
2013,Number,OSTRA LUKA,F,Total,1204.0
2013,Number,PALE,Both sexes,Total,18603.0
2013,Number,PALE,M,Total,8848.0
2013,Number,PALE,F,Total,9755.0
2013,Number,PELAGICEVO,Both sexes,Total,4076.0
2013,Number,PELAGICEVO,M,Total,2009.0
2013,Number,PELAGICEVO,F,Total,2067.0
2013,Number,PETROVAC,Both sexes,Total,323.0
2013,Number,PETROVAC,M,Total,151.0
2013,Number,PETROVAC,F,Total,172.0
2013,Number,PETROVO,Both sexes,Total,5831.0
2013,Number,PETROVO,M,Total,2793.0
2013,Number,PETROVO,F,Total,3038.0
2013,Number,PRIJEDOR,Both sexes,Total,74375.0
2013,Number,PRIJEDOR,M,Total,36023.0
2013,Number,PRIJEDOR,F,Total,38352.0
2013,Number,PRNJAVOR,Both sexes,Total,31231.0
2013,Number,PRNJAVOR,M,Total,15075.0
2013,Number,PRNJAVOR,F,Total,16156.0
2013,Number,RIBNIK,Both sexes,Total,5365.0
2013,Number,RIBNIK,M,Total,2649.0
2013,Number,RIBNIK,F,Total,2716.0
2013,Number,ROGATICA,Both sexes,Total,9327.0
2013,Number,ROGATICA,M,Total,4558.0
2013,Number,ROGATICA,F,Total,4769.0
2013,Number,RUDO,Both sexes,Total,6979.0
2013,Number,RUDO,M,Total,3524.0
2013,Number,RUDO,F,Total,3455.0
2013,Number,SOKOLAC,Both sexes,Total,10588.0
2013,Number,SOKOLAC,M,Total,5194.0
2013,Number,SOKOLAC,F,Total,5394.0
2013,Number,SRBAC,Both sexes,Total,15404.0
2013,Number,SRBAC,M,Total,7537.0
2013,Number,SRBAC,F,Total,7867.0
2013,Number,SREBRENICA,Both sexes,Total,10715.0
2013,Number,SREBRENICA,M,Total,5225.0
2013,Number,SREBRENICA,F,Total,5490.0
2013,Number,TESLIC,Both sexes,Total,33369.0
2013,Number,TESLIC,M,Total,15840.0
2013,Number,TESLIC,F,Total,17529.0
2013,Number,TREBINJE,Both sexes,Total,25447.0
2013,Number,TREBINJE,M,Total,12305.0
2013,Number,TREBINJE,F,Total,13142.0
2013,Number,TRNOVO,Both sexes,Total,1852.0
2013,Number,TRNOVO,M,Total,887.0
2013,Number,TRNOVO,F,Total,965.0
2013,Number,UGLJEVIK,Both sexes,Total,13720.0
2013,Number,UGLJEVIK,M,Total,6891.0
2013,Number,UGLJEVIK,F,Total,6829.0
2013,Number,FOCA,Both sexes,Total,16227.0
2013,Number,FOCA,M,Total,8147.0
2013,Number,FOCA,F,Total,8080.0
2013,Number,HAN PIJESAK,Both sexes,Total,3187.0
2013,Number,HAN PIJESAK,M,Total,1496.0
2013,Number,HAN PIJESAK,F,Total,1691.0
2013,Number,CAJNICE,Both sexes,Total,4289.0
2013,Number,CAJNICE,M,Total,2164.0
2013,Number,CAJNICE,F,Total,2125.0
2013,Number,CELINAC,Both sexes,Total,13636.0
2013,Number,CELINAC,M,Total,6711.0
2013,Number,CELINAC,F,Total,6925.0
2013,Number,SAMAC,Both sexes,Total,15072.0
2013,Number,SAMAC,M,Total,7273.0
2013,Number,SAMAC,F,Total,7799.0
2013,Number,SEKOVICI,Both sexes,Total,5816.0
2013,Number,SEKOVICI,M,Total,2868.0
2013,Number,SEKOVICI,F,Total,2948.0
2013,Number,SIPOVO,Both sexes,Total,9092.0
2013,Number,SIPOVO,M,Total,4575.0
2013,Number,SIPOVO,F,Total,4517.0
2013,Number,REPUBLIKA SRPSKA,Both sexes,Illiterate,34928.0
2013,Number,REPUBLIKA SRPSKA,M,Illiterate,4987.0
2013,Number,REPUBLIKA SRPSKA,F,Illiterate,29941.0
2013,Number,BANJA LUKA,Both sexes,Illiterate,3503.0
2013,Number,BANJA LUKA,M,Illiterate,509.0
2013,Number,BANJA LUKA,F,Illiterate,2994.0
2013,Number,BERKOVICI,Both sexes,Illiterate,47.0
2013,Number,BERKOVICI,M,Illiterate,1.0
2013,Number,BERKOVICI,F,Illiterate,46.0
2013,Number,BIJELJINA,Both sexes,Illiterate,2541.0
2013,Number,BIJELJINA,M,Illiterate,413.0
2013,Number,BIJELJINA,F,Illiterate,2128.0
2013,Number,BILECA,Both sexes,Illiterate,144.0
2013,Number,BILECA,M,Illiterate,31.0
2013,Number,BILECA,F,Illiterate,113.0
2013,Number,BRATUNAC,Both sexes,Illiterate,865.0
2013,Number,BRATUNAC,M,Illiterate,82.0
2013,Number,BRATUNAC,F,Illiterate,783.0
2013,Number,BROD,Both sexes,Illiterate,330.0
2013,Number,BROD,M,Illiterate,53.0
2013,Number,BROD,F,Illiterate,277.0
2013,Number,VISEGRAD,Both sexes,Illiterate,358.0
2013,Number,VISEGRAD,M,Illiterate,35.0
2013,Number,VISEGRAD,F,Illiterate,323.0
2013,Number,VLASENICA,Both sexes,Illiterate,350.0
2013,Number,VLASENICA,M,Illiterate,49.0
2013,Number,VLASENICA,F,Illiterate,301.0
2013,Number,VUKOSAVLJE,Both sexes,Illiterate,196.0
2013,Number,VUKOSAVLJE,M,Illiterate,31.0
2013,Number,VUKOSAVLJE,F,Illiterate,165.0
2013,Number,GACKO,Both sexes,Illiterate,110.0
2013,Number,GACKO,M,Illiterate,10.0
2013,Number,GACKO,F,Illiterate,100.0
2013,Number,GRADISKA,Both sexes,Illiterate,1526.0
2013,Number,GRADISKA,M,Illiterate,204.0
2013,Number,GRADISKA,F,Illiterate,1322.0
2013,Number,DERVENTA,Both sexes,Illiterate,812.0
2013,Number,DERVENTA,M,Illiterate,120.0
2013,Number,DERVENTA,F,Illiterate,692.0
2013,Number,DOBOJ,Both sexes,Illiterate,1979.0
2013,Number,DOBOJ,M,Illiterate,270.0
2013,Number,DOBOJ,F,Illiterate,1709.0
2013,Number,DONJI ZABAR,Both sexes,Illiterate,128.0
2013,Number,DONJI ZABAR,M,Illiterate,26.0
2013,Number,DONJI ZABAR,F,Illiterate,102.0
2013,Number,ZVORNIK,Both sexes,Illiterate,2055.0
2013,Number,ZVORNIK,M,Illiterate,245.0
2013,Number,ZVORNIK,F,Illiterate,1810.0
2013,Number,ISTOCNA ILIDZA,Both sexes,Illiterate,171.0
2013,Number,ISTOCNA ILIDZA,M,Illiterate,22.0
2013,Number,ISTOCNA ILIDZA,F,Illiterate,149.0
2013,Number,ISTOCNI DRVAR,Both sexes,Illiterate,2.0
2013,Number,ISTOCNI DRVAR,M,Illiterate,0.0
2013,Number,ISTOCNI DRVAR,F,Illiterate,2.0
2013,Number,ISTOCNI MOSTAR,Both sexes,Illiterate,19.0
2013,Number,ISTOCNI MOSTAR,M,Illiterate,1.0
2013,Number,ISTOCNI MOSTAR,F,Illiterate,18.0
2013,Number,ISTOCNI STARI GRAD,Both sexes,Illiterate,40.0
2013,Number,ISTOCNI STARI GRAD,M,Illiterate,3.0
2013,Number,ISTOCNI STARI GRAD,F,Illiterate,37.0
2013,Number,ISTOCNO NOVO SARAJEVO,Both sexes,Illiterate,80.0
2013,Number,ISTOCNO NOVO SARAJEVO,M,Illiterate,14.0
2013,Number,ISTOCNO NOVO SARAJEVO,F,Illiterate,66.0
2013,Number,JEZERO,Both sexes,Illiterate,43.0
2013,Number,JEZERO,M,Illiterate,7.0
2013,Number,JEZERO,F,Illiterate,36.0
2013,Number,KALINOVIK,Both sexes,Illiterate,86.0
2013,Number,KALINOVIK,M,Illiterate,5.0
2013,Number,KALINOVIK,F,Illiterate,81.0
2013,Number,KNEZEVO,Both sexes,Illiterate,971.0
2013,Number,KNEZEVO,M,Illiterate,146.0
2013,Number,KNEZEVO,F,Illiterate,825.0
2013,Number,KOZARSKA DUBICA,Both sexes,Illiterate,590.0
2013,Number,KOZARSKA DUBICA,M,Illiterate,77.0
2013,Number,KOZARSKA DUBICA,F,Illiterate,513.0
2013,Number,KOSTAJNICA,Both sexes,Illiterate,115.0
2013,Number,KOSTAJNICA,M,Illiterate,14.0
2013,Number,KOSTAJNICA,F,Illiterate,101.0
2013,Number,KOTOR VAROS,Both sexes,Illiterate,1042.0
2013,Number,KOTOR VAROS,M,Illiterate,148.0
2013,Number,KOTOR VAROS,F,Illiterate,894.0
2013,Number,KRUPA NA UNI,Both sexes,Illiterate,145.0
2013,Number,KRUPA NA UNI,M,Illiterate,21.0
2013,Number,KRUPA NA UNI,F,Illiterate,124.0
2013,Number,KUPRES,Both sexes,Illiterate,81.0
2013,Number,KUPRES,M,Illiterate,27.0
2013,Number,KUPRES,F,Illiterate,54.0
2013,Number,LAKTASI,Both sexes,Illiterate,752.0
2013,Number,LAKTASI,M,Illiterate,117.0
2013,Number,LAKTASI,F,Illiterate,635.0
2013,Number,LOPARE,Both sexes,Illiterate,680.0
2013,Number,LOPARE,M,Illiterate,123.0
2013,Number,LOPARE,F,Illiterate,557.0
2013,Number,LJUBINJE,Both sexes,Illiterate,49.0
2013,Number,LJUBINJE,M,Illiterate,5.0
2013,Number,LJUBINJE,F,Illiterate,44.0
2013,Number,MILICI,Both sexes,Illiterate,399.0
2013,Number,MILICI,M,Illiterate,51.0
2013,Number,MILICI,F,Illiterate,348.0
2013,Number,MODRICA,Both sexes,Illiterate,736.0
2013,Number,MODRICA,M,Illiterate,119.0
2013,Number,MODRICA,F,Illiterate,617.0
2013,Number,MRKONJIC GRAD,Both sexes,Illiterate,821.0
2013,Number,MRKONJIC GRAD,M,Illiterate,95.0
2013,Number,MRKONJIC GRAD,F,Illiterate,726.0
2013,Number,NEVESINJE,Both sexes,Illiterate,305.0
2013,Number,NEVESINJE,M,Illiterate,32.0
2013,Number,NEVESINJE,F,Illiterate,273.0
2013,Number,NOVI GRAD,Both sexes,Illiterate,666.0
2013,Number,NOVI GRAD,M,Illiterate,106.0
2013,Number,NOVI GRAD,F,Illiterate,560.0
2013,Number,NOVO GORAZDE,Both sexes,Illiterate,76.0
2013,Number,NOVO GORAZDE,M,Illiterate,5.0
2013,Number,NOVO GORAZDE,F,Illiterate,71.0
2013,Number,OSMACI,Both sexes,Illiterate,264.0
2013,Number,OSMACI,M,Illiterate,29.0
2013,Number,OSMACI,F,Illiterate,235.0
2013,Number,OSTRA LUKA,Both sexes,Illiterate,196.0
2013,Number,OSTRA LUKA,M,Illiterate,32.0
2013,Number,OSTRA LUKA,F,Illiterate,164.0
2013,Number,PALE,Both sexes,Illiterate,293.0
2013,Number,PALE,M,Illiterate,40.0
2013,Number,PALE,F,Illiterate,253.0
2013,Number,PELAGICEVO,Both sexes,Illiterate,179.0
2013,Number,PELAGICEVO,M,Illiterate,29.0
2013,Number,PELAGICEVO,F,Illiterate,150.0
2013,Number,PETROVAC,Both sexes,Illiterate,6.0
2013,Number,PETROVAC,M,Illiterate,0.0
2013,Number,PETROVAC,F,Illiterate,6.0
2013,Number,PETROVO,Both sexes,Illiterate,245.0
2013,Number,PETROVO,M,Illiterate,28.0
2013,Number,PETROVO,F,Illiterate,217.0
2013,Number,PRIJEDOR,Both sexes,Illiterate,2172.0
2013,Number,PRIJEDOR,M,Illiterate,422.0
2013,Number,PRIJEDOR,F,Illiterate,1750.0
2013,Number,PRNJAVOR,Both sexes,Illiterate,1408.0
2013,Number,PRNJAVOR,M,Illiterate,203.0
2013,Number,PRNJAVOR,F,Illiterate,1205.0
2013,Number,RIBNIK,Both sexes,Illiterate,456.0
2013,Number,RIBNIK,M,Illiterate,69.0
2013,Number,RIBNIK,F,Illiterate,387.0
2013,Number,ROGATICA,Both sexes,Illiterate,351.0
2013,Number,ROGATICA,M,Illiterate,38.0
2013,Number,ROGATICA,F,Illiterate,313.0
2013,Number,RUDO,Both sexes,Illiterate,155.0
2013,Number,RUDO,M,Illiterate,27.0
2013,Number,RUDO,F,Illiterate,128.0
2013,Number,SOKOLAC,Both sexes,Illiterate,231.0
2013,Number,SOKOLAC,M,Illiterate,25.0
2013,Number,SOKOLAC,F,Illiterate,206.0
2013,Number,SRBAC,Both sexes,Illiterate,539.0
2013,Number,SRBAC,M,Illiterate,102.0
2013,Number,SRBAC,F,Illiterate,437.0
2013,Number,SREBRENICA,Both sexes,Illiterate,627.0
2013,Number,SREBRENICA,M,Illiterate,64.0
2013,Number,SREBRENICA,F,Illiterate,563.0
2013,Number,TESLIC,Both sexes,Illiterate,1980.0
2013,Number,TESLIC,M,Illiterate,227.0
2013,Number,TESLIC,F,Illiterate,1753.0
2013,Number,TREBINJE,Both sexes,Illiterate,237.0
2013,Number,TREBINJE,M,Illiterate,31.0
2013,Number,TREBINJE,F,Illiterate,206.0
2013,Number,TRNOVO,Both sexes,Illiterate,76.0
2013,Number,TRNOVO,M,Illiterate,10.0
2013,Number,TRNOVO,F,Illiterate,66.0
2013,Number,UGLJEVIK,Both sexes,Illiterate,451.0
2013,Number,UGLJEVIK,M,Illiterate,68.0
2013,Number,UGLJEVIK,F,Illiterate,383.0
2013,Number,FOCA,Both sexes,Illiterate,391.0
2013,Number,FOCA,M,Illiterate,51.0
2013,Number,FOCA,F,Illiterate,340.0
2013,Number,HAN PIJESAK,Both sexes,Illiterate,88.0
2013,Number,HAN PIJESAK,M,Illiterate,10.0
2013,Number,HAN PIJESAK,F,Illiterate,78.0
2013,Number,CAJNICE,Both sexes,Illiterate,140.0
2013,Number,CAJNICE,M,Illiterate,22.0
2013,Number,CAJNICE,F,Illiterate,118.0
2013,Number,CELINAC,Both sexes,Illiterate,472.0
2013,Number,CELINAC,M,Illiterate,56.0
2013,Number,CELINAC,F,Illiterate,416.0
2013,Number,SAMAC,Both sexes,Illiterate,300.0
2013,Number,SAMAC,M,Illiterate,55.0
2013,Number,SAMAC,F,Illiterate,245.0
2013,Number,SEKOVICI,Both sexes,Illiterate,427.0
2013,Number,SEKOVICI,M,Illiterate,83.0
2013,Number,SEKOVICI,F,Illiterate,344.0
2013,Number,SIPOVO,Both sexes,Illiterate,431.0
2013,Number,SIPOVO,M,Illiterate,49.0
2013,Number,SIPOVO,F,Illiterate,382.0
2013,Number,REPUBLIKA SRPSKA,Both sexes,Percentage of illiterates,3.29
2013,Number,REPUBLIKA SRPSKA,M,Percentage of illiterates,0.97
2013,Number,REPUBLIKA SRPSKA,F,Percentage of illiterates,5.48
2013,Number,BANJA LUKA,Both sexes,Percentage of illiterates,2.16
2013,Number,BANJA LUKA,M,Percentage of illiterates,0.66
2013,Number,BANJA LUKA,F,Percentage of illiterates,3.53
2013,Number,BERKOVICI,Both sexes,Percentage of illiterates,2.58
2013,Number,BERKOVICI,M,Percentage of illiterates,0.11
2013,Number,BERKOVICI,F,Percentage of illiterates,5.07
2013,Number,BIJELJINA,Both sexes,Percentage of illiterates,2.7
2013,Number,BIJELJINA,M,Percentage of illiterates,0.9
2013,Number,BIJELJINA,F,Percentage of illiterates,4.4
2013,Number,BILECA,Both sexes,Percentage of illiterates,1.49
2013,Number,BILECA,M,Percentage of illiterates,0.64
2013,Number,BILECA,F,Percentage of illiterates,2.35
2013,Number,BRATUNAC,Both sexes,Percentage of illiterates,5.16
2013,Number,BRATUNAC,M,Percentage of illiterates,1.0
2013,Number,BRATUNAC,F,Percentage of illiterates,9.17
2013,Number,BROD,Both sexes,Percentage of illiterates,2.31
2013,Number,BROD,M,Percentage of illiterates,0.77
2013,Number,BROD,F,Percentage of illiterates,3.76
2013,Number,VISEGRAD,Both sexes,Percentage of illiterates,3.82
2013,Number,VISEGRAD,M,Percentage of illiterates,0.78
2013,Number,VISEGRAD,F,Percentage of illiterates,6.59
2013,Number,VLASENICA,Both sexes,Percentage of illiterates,3.63
2013,Number,VLASENICA,M,Percentage of illiterates,1.05
2013,Number,VLASENICA,F,Percentage of illiterates,6.04
2013,Number,VUKOSAVLJE,Both sexes,Percentage of illiterates,4.96
2013,Number,VUKOSAVLJE,M,Percentage of illiterates,1.57
2013,Number,VUKOSAVLJE,F,Percentage of illiterates,8.35
2013,Number,GACKO,Both sexes,Percentage of illiterates,1.4
2013,Number,GACKO,M,Percentage of illiterates,0.25
2013,Number,GACKO,F,Percentage of illiterates,2.58
2013,Number,GRADISKA,Both sexes,Percentage of illiterates,3.39
2013,Number,GRADISKA,M,Percentage of illiterates,0.94
2013,Number,GRADISKA,F,Percentage of illiterates,5.71
2013,Number,DERVENTA,Both sexes,Percentage of illiterates,3.44
2013,Number,DERVENTA,M,Percentage of illiterates,1.05
2013,Number,DERVENTA,F,Percentage of illiterates,5.69
2013,Number,DOBOJ,Both sexes,Percentage of illiterates,3.19
2013,Number,DOBOJ,M,Percentage of illiterates,0.9
2013,Number,DOBOJ,F,Percentage of illiterates,5.33
2013,Number,DONJI ZABAR,Both sexes,Percentage of illiterates,3.82
2013,Number,DONJI ZABAR,M,Percentage of illiterates,1.54
2013,Number,DONJI ZABAR,F,Percentage of illiterates,6.12
2013,Number,ZVORNIK,Both sexes,Percentage of illiterates,4.23
2013,Number,ZVORNIK,M,Percentage of illiterates,1.03
2013,Number,ZVORNIK,F,Percentage of illiterates,7.32
2013,Number,ISTOCNA ILIDZA,Both sexes,Percentage of illiterates,1.3
2013,Number,ISTOCNA ILIDZA,M,Percentage of illiterates,0.35
2013,Number,ISTOCNA ILIDZA,F,Percentage of illiterates,2.17
2013,Number,ISTOCNI DRVAR,Both sexes,Percentage of illiterates,3.08
2013,Number,ISTOCNI DRVAR,M,Percentage of illiterates,0.0
2013,Number,ISTOCNI DRVAR,F,Percentage of illiterates,9.09
2013,Number,ISTOCNI MOSTAR,Both sexes,Percentage of illiterates,8.41
2013,Number,ISTOCNI MOSTAR,M,Percentage of illiterates,0.78
2013,Number,ISTOCNI MOSTAR,F,Percentage of illiterates,18.37
2013,Number,ISTOCNI STARI GRAD,Both sexes,Percentage of illiterates,3.87
2013,Number,ISTOCNI STARI GRAD,M,Percentage of illiterates,0.59
2013,Number,ISTOCNI STARI GRAD,F,Percentage of illiterates,7.01
2013,Number,ISTOCNO NOVO SARAJEVO,Both sexes,Percentage of illiterates,0.86
2013,Number,ISTOCNO NOVO SARAJEVO,M,Percentage of illiterates,0.32
2013,Number,ISTOCNO NOVO SARAJEVO,F,Percentage of illiterates,1.35
2013,Number,JEZERO,Both sexes,Percentage of illiterates,4.52
2013,Number,JEZERO,M,Percentage of illiterates,1.42
2013,Number,JEZERO,F,Percentage of illiterates,7.84
2013,Number,KALINOVIK,Both sexes,Percentage of illiterates,4.66
2013,Number,KALINOVIK,M,Percentage of illiterates,0.56
2013,Number,KALINOVIK,F,Percentage of illiterates,8.53
2013,Number,KNEZEVO,Both sexes,Percentage of illiterates,11.35
2013,Number,KNEZEVO,M,Percentage of illiterates,3.47
2013,Number,KNEZEVO,F,Percentage of illiterates,18.97
2013,Number,KOZARSKA DUBICA,Both sexes,Percentage of illiterates,3.09
2013,Number,KOZARSKA DUBICA,M,Percentage of illiterates,0.83
2013,Number,KOZARSKA DUBICA,F,Percentage of illiterates,5.24
2013,Number,KOSTAJNICA,Both sexes,Percentage of illiterates,2.21
2013,Number,KOSTAJNICA,M,Percentage of illiterates,0.55
2013,Number,KOSTAJNICA,F,Percentage of illiterates,3.81
2013,Number,KOTOR VAROS,Both sexes,Percentage of illiterates,6.3
2013,Number,KOTOR VAROS,M,Percentage of illiterates,1.83
2013,Number,KOTOR VAROS,F,Percentage of illiterates,10.56
2013,Number,KRUPA NA UNI,Both sexes,Percentage of illiterates,9.96
2013,Number,KRUPA NA UNI,M,Percentage of illiterates,2.67
2013,Number,KRUPA NA UNI,F,Percentage of illiterates,18.51
2013,Number,KUPRES,Both sexes,Percentage of illiterates,28.93
2013,Number,KUPRES,M,Percentage of illiterates,18.37
2013,Number,KUPRES,F,Percentage of illiterates,40.6
2013,Number,LAKTASI,Both sexes,Percentage of illiterates,2.45
2013,Number,LAKTASI,M,Percentage of illiterates,0.77
2013,Number,LAKTASI,F,Percentage of illiterates,4.08
2013,Number,LOPARE,Both sexes,Percentage of illiterates,5.0
2013,Number,LOPARE,M,Percentage of illiterates,1.8
2013,Number,LOPARE,F,Percentage of illiterates,8.23
2013,Number,LJUBINJE,Both sexes,Percentage of illiterates,1.61
2013,Number,LJUBINJE,M,Percentage of illiterates,0.33
2013,Number,LJUBINJE,F,Percentage of illiterates,2.85
2013,Number,MILICI,Both sexes,Percentage of illiterates,4.21
2013,Number,MILICI,M,Percentage of illiterates,1.07
2013,Number,MILICI,F,Percentage of illiterates,7.36
2013,Number,MODRICA,Both sexes,Percentage of illiterates,3.28
2013,Number,MODRICA,M,Percentage of illiterates,1.09
2013,Number,MODRICA,F,Percentage of illiterates,5.36
2013,Number,MRKONJIC GRAD,Both sexes,Percentage of illiterates,5.65
2013,Number,MRKONJIC GRAD,M,Percentage of illiterates,1.37
2013,Number,MRKONJIC GRAD,F,Percentage of illiterates,9.56
2013,Number,NEVESINJE,Both sexes,Percentage of illiterates,2.69
2013,Number,NEVESINJE,M,Percentage of illiterates,0.57
2013,Number,NEVESINJE,F,Percentage of illiterates,4.76
2013,Number,NOVI GRAD,Both sexes,Percentage of illiterates,2.86
2013,Number,NOVI GRAD,M,Percentage of illiterates,0.92
2013,Number,NOVI GRAD,F,Percentage of illiterates,4.78
2013,Number,NOVO GORAZDE,Both sexes,Percentage of illiterates,2.8
2013,Number,NOVO GORAZDE,M,Percentage of illiterates,0.36
2013,Number,NOVO GORAZDE,F,Percentage of illiterates,5.42
2013,Number,OSMACI,Both sexes,Percentage of illiterates,5.26
2013,Number,OSMACI,M,Percentage of illiterates,1.16
2013,Number,OSMACI,F,Percentage of illiterates,9.31
2013,Number,OSTRA LUKA,Both sexes,Percentage of illiterates,7.94
2013,Number,OSTRA LUKA,M,Percentage of illiterates,2.53
2013,Number,OSTRA LUKA,F,Percentage of illiterates,13.62
2013,Number,PALE,Both sexes,Percentage of illiterates,1.58
2013,Number,PALE,M,Percentage of illiterates,0.45
2013,Number,PALE,F,Percentage of illiterates,2.59
2013,Number,PELAGICEVO,Both sexes,Percentage of illiterates,4.39
2013,Number,PELAGICEVO,M,Percentage of illiterates,1.44
2013,Number,PELAGICEVO,F,Percentage of illiterates,7.26
2013,Number,PETROVAC,Both sexes,Percentage of illiterates,1.86
2013,Number,PETROVAC,M,Percentage of illiterates,0.0
2013,Number,PETROVAC,F,Percentage of illiterates,3.49
2013,Number,PETROVO,Both sexes,Percentage of illiterates,4.2
2013,Number,PETROVO,M,Percentage of illiterates,1.0
2013,Number,PETROVO,F,Percentage of illiterates,7.14
2013,Number,PRIJEDOR,Both sexes,Percentage of illiterates,2.92
2013,Number,PRIJEDOR,M,Percentage of illiterates,1.17
2013,Number,PRIJEDOR,F,Percentage of illiterates,4.56
2013,Number,PRNJAVOR,Both sexes,Percentage of illiterates,4.51
2013,Number,PRNJAVOR,M,Percentage of illiterates,1.35
2013,Number,PRNJAVOR,F,Percentage of illiterates,7.46
2013,Number,RIBNIK,Both sexes,Percentage of illiterates,8.5
2013,Number,RIBNIK,M,Percentage of illiterates,2.6
2013,Number,RIBNIK,F,Percentage of illiterates,14.25
2013,Number,ROGATICA,Both sexes,Percentage of illiterates,3.76
2013,Number,ROGATICA,M,Percentage of illiterates,0.83
2013,Number,ROGATICA,F,Percentage of illiterates,6.56
2013,Number,RUDO,Both sexes,Percentage of illiterates,2.22
2013,Number,RUDO,M,Percentage of illiterates,0.77
2013,Number,RUDO,F,Percentage of illiterates,3.7
2013,Number,SOKOLAC,Both sexes,Percentage of illiterates,2.18
2013,Number,SOKOLAC,M,Percentage of illiterates,0.48
2013,Number,SOKOLAC,F,Percentage of illiterates,3.82
2013,Number,SRBAC,Both sexes,Percentage of illiterates,3.5
2013,Number,SRBAC,M,Percentage of illiterates,1.35
2013,Number,SRBAC,F,Percentage of illiterates,5.55
2013,Number,SREBRENICA,Both sexes,Percentage of illiterates,5.85
2013,Number,SREBRENICA,M,Percentage of illiterates,1.22
2013,Number,SREBRENICA,F,Percentage of illiterates,10.26
2013,Number,TESLIC,Both sexes,Percentage of illiterates,5.93
2013,Number,TESLIC,M,Percentage of illiterates,1.43
2013,Number,TESLIC,F,Percentage of illiterates,10.0
2013,Number,TREBINJE,Both sexes,Percentage of illiterates,0.93
2013,Number,TREBINJE,M,Percentage of illiterates,0.25
2013,Number,TREBINJE,F,Percentage of illiterates,1.57
2013,Number,TRNOVO,Both sexes,Percentage of illiterates,4.1
2013,Number,TRNOVO,M,Percentage of illiterates,1.13
2013,Number,TRNOVO,F,Percentage of illiterates,6.84
2013,Number,UGLJEVIK,Both sexes,Percentage of illiterates,3.29
2013,Number,UGLJEVIK,M,Percentage of illiterates,0.99
2013,Number,UGLJEVIK,F,Percentage of illiterates,5.61
2013,Number,FOCA,Both sexes,Percentage of illiterates,2.41
2013,Number,FOCA,M,Percentage of illiterates,0.63
2013,Number,FOCA,F,Percentage of illiterates,4.21
2013,Number,HAN PIJESAK,Both sexes,Percentage of illiterates,2.76
2013,Number,HAN PIJESAK,M,Percentage of illiterates,0.67
2013,Number,HAN PIJESAK,F,Percentage of illiterates,4.61
2013,Number,CAJNICE,Both sexes,Percentage of illiterates,3.26
2013,Number,CAJNICE,M,Percentage of illiterates,1.02
2013,Number,CAJNICE,F,Percentage of illiterates,5.55
2013,Number,CELINAC,Both sexes,Percentage of illiterates,3.46
2013,Number,CELINAC,M,Percentage of illiterates,0.83
2013,Number,CELINAC,F,Percentage of illiterates,6.01
2013,Number,SAMAC,Both sexes,Percentage of illiterates,1.99
2013,Number,SAMAC,M,Percentage of illiterates,0.76
2013,Number,SAMAC,F,Percentage of illiterates,3.14
2013,Number,SEKOVICI,Both sexes,Percentage of illiterates,7.34
2013,Number,SEKOVICI,M,Percentage of illiterates,2.89
2013,Number,SEKOVICI,F,Percentage of illiterates,11.67
2013,Number,SIPOVO,Both sexes,Percentage of illiterates,4.74
2013,Number,SIPOVO,M,Percentage of illiterates,1.07
2013,Number,SIPOVO,F,Percentage of illiterates,8.46
2013,Number,REPUBLIKA SRPSKA,Both sexes,Unknown computer literacy rate,10476.0
2013,Number,REPUBLIKA SRPSKA,M,Unknown computer literacy rate,3675.0
2013,Number,REPUBLIKA SRPSKA,F,Unknown computer literacy rate,6801.0
2013,Number,BANJA LUKA,Both sexes,Unknown computer literacy rate,1192.0
2013,Number,BANJA LUKA,M,Unknown computer literacy rate,413.0
2013,Number,BANJA LUKA,F,Unknown computer literacy rate,779.0
2013,Number,BERKOVICI,Both sexes,Unknown computer literacy rate,27.0
2013,Number,BERKOVICI,M,Unknown computer literacy rate,10.0
2013,Number,BERKOVICI,F,Unknown computer literacy rate,17.0
2013,Number,BIJELJINA,Both sexes,Unknown computer literacy rate,916.0
2013,Number,BIJELJINA,M,Unknown computer literacy rate,302.0
2013,Number,BIJELJINA,F,Unknown computer literacy rate,614.0
2013,Number,BILECA,Both sexes,Unknown computer literacy rate,83.0
2013,Number,BILECA,M,Unknown computer literacy rate,27.0
2013,Number,BILECA,F,Unknown computer literacy rate,56.0
2013,Number,BRATUNAC,Both sexes,Unknown computer literacy rate,239.0
2013,Number,BRATUNAC,M,Unknown computer literacy rate,80.0
2013,Number,BRATUNAC,F,Unknown computer literacy rate,159.0
2013,Number,BROD,Both sexes,Unknown computer literacy rate,178.0
2013,Number,BROD,M,Unknown computer literacy rate,59.0
2013,Number,BROD,F,Unknown computer literacy rate,119.0
2013,Number,VISEGRAD,Both sexes,Unknown computer literacy rate,91.0
2013,Number,VISEGRAD,M,Unknown computer literacy rate,32.0
2013,Number,VISEGRAD,F,Unknown computer literacy rate,59.0
2013,Number,VLASENICA,Both sexes,Unknown computer literacy rate,185.0
2013,Number,VLASENICA,M,Unknown computer literacy rate,65.0
2013,Number,VLASENICA,F,Unknown computer literacy rate,120.0
2013,Number,VUKOSAVLJE,Both sexes,Unknown computer literacy rate,76.0
2013,Number,VUKOSAVLJE,M,Unknown computer literacy rate,29.0
2013,Number,VUKOSAVLJE,F,Unknown computer literacy rate,47.0
2013,Number,GACKO,Both sexes,Unknown computer literacy rate,71.0
2013,Number,GACKO,M,Unknown computer literacy rate,24.0
2013,Number,GACKO,F,Unknown computer literacy rate,47.0
2013,Number,GRADISKA,Both sexes,Unknown computer literacy rate,423.0
2013,Number,GRADISKA,M,Unknown computer literacy rate,163.0
2013,Number,GRADISKA,F,Unknown computer literacy rate,260.0
2013,Number,DERVENTA,Both sexes,Unknown computer literacy rate,368.0
2013,Number,DERVENTA,M,Unknown computer literacy rate,135.0
2013,Number,DERVENTA,F,Unknown computer literacy rate,233.0
2013,Number,DOBOJ,Both sexes,Unknown computer literacy rate,481.0
2013,Number,DOBOJ,M,Unknown computer literacy rate,166.0
2013,Number,DOBOJ,F,Unknown computer literacy rate,315.0
2013,Number,DONJI ZABAR,Both sexes,Unknown computer literacy rate,81.0
2013,Number,DONJI ZABAR,M,Unknown computer literacy rate,33.0
2013,Number,DONJI ZABAR,F,Unknown computer literacy rate,48.0
2013,Number,ZVORNIK,Both sexes,Unknown computer literacy rate,666.0
2013,Number,ZVORNIK,M,Unknown computer literacy rate,204.0
2013,Number,ZVORNIK,F,Unknown computer literacy rate,462.0
2013,Number,ISTOCNA ILIDZA,Both sexes,Unknown computer literacy rate,67.0
2013,Number,ISTOCNA ILIDZA,M,Unknown computer literacy rate,21.0
2013,Number,ISTOCNA ILIDZA,F,Unknown computer literacy rate,46.0
2013,Number,ISTOCNI DRVAR,Both sexes,Unknown computer literacy rate,0.0
2013,Number,ISTOCNI DRVAR,M,Unknown computer literacy rate,0.0
2013,Number,ISTOCNI DRVAR,F,Unknown computer literacy rate,0.0
2013,Number,ISTOCNI MOSTAR,Both sexes,Unknown computer literacy rate,0.0
2013,Number,ISTOCNI MOSTAR,M,Unknown computer literacy rate,0.0
2013,Number,ISTOCNI MOSTAR,F,Unknown computer literacy rate,0.0
2013,Number,ISTOCNI STARI GRAD,Both sexes,Unknown computer literacy rate,6.0
2013,Number,ISTOCNI STARI GRAD,M,Unknown computer literacy rate,2.0
2013,Number,ISTOCNI STARI GRAD,F,Unknown computer literacy rate,4.0
2013,Number,ISTOCNO NOVO SARAJEVO,Both sexes,Unknown computer literacy rate,36.0
2013,Number,ISTOCNO NOVO SARAJEVO,M,Unknown computer literacy rate,12.0
2013,Number,ISTOCNO NOVO SARAJEVO,F,Unknown computer literacy rate,24.0
2013,Number,JEZERO,Both sexes,Unknown computer literacy rate,6.0
2013,Number,JEZERO,M,Unknown computer literacy rate,2.0
2013,Number,JEZERO,F,Unknown computer literacy rate,4.0
2013,Number,KALINOVIK,Both sexes,Unknown computer literacy rate,12.0
2013,Number,KALINOVIK,M,Unknown computer literacy rate,5.0
2013,Number,KALINOVIK,F,Unknown computer literacy rate,7.0
2013,Number,KNEZEVO,Both sexes,Unknown computer literacy rate,78.0
2013,Number,KNEZEVO,M,Unknown computer literacy rate,32.0
2013,Number,KNEZEVO,F,Unknown computer literacy rate,46.0
2013,Number,KOZARSKA DUBICA,Both sexes,Unknown computer literacy rate,124.0
2013,Number,KOZARSKA DUBICA,M,Unknown computer literacy rate,48.0
2013,Number,KOZARSKA DUBICA,F,Unknown computer literacy rate,76.0
2013,Number,KOSTAJNICA,Both sexes,Unknown computer literacy rate,34.0
2013,Number,KOSTAJNICA,M,Unknown computer literacy rate,15.0
2013,Number,KOSTAJNICA,F,Unknown computer literacy rate,19.0
2013,Number,KOTOR VAROS,Both sexes,Unknown computer literacy rate,216.0
2013,Number,KOTOR VAROS,M,Unknown computer literacy rate,73.0
2013,Number,KOTOR VAROS,F,Unknown computer literacy rate,143.0
2013,Number,KRUPA NA UNI,Both sexes,Unknown computer literacy rate,4.0
2013,Number,KRUPA NA UNI,M,Unknown computer literacy rate,1.0
2013,Number,KRUPA NA UNI,F,Unknown computer literacy rate,3.0
2013,Number,KUPRES,Both sexes,Unknown computer literacy rate,1.0
2013,Number,KUPRES,M,Unknown computer literacy rate,0.0
2013,Number,KUPRES,F,Unknown computer literacy rate,1.0
2013,Number,LAKTASI,Both sexes,Unknown computer literacy rate,314.0
2013,Number,LAKTASI,M,Unknown computer literacy rate,117.0
2013,Number,LAKTASI,F,Unknown computer literacy rate,197.0
2013,Number,LOPARE,Both sexes,Unknown computer literacy rate,156.0
2013,Number,LOPARE,M,Unknown computer literacy rate,62.0
2013,Number,LOPARE,F,Unknown computer literacy rate,94.0
2013,Number,LJUBINJE,Both sexes,Unknown computer literacy rate,22.0
2013,Number,LJUBINJE,M,Unknown computer literacy rate,7.0
2013,Number,LJUBINJE,F,Unknown computer literacy rate,15.0
2013,Number,MILICI,Both sexes,Unknown computer literacy rate,157.0
2013,Number,MILICI,M,Unknown computer literacy rate,42.0
2013,Number,MILICI,F,Unknown computer literacy rate,115.0
2013,Number,MODRICA,Both sexes,Unknown computer literacy rate,346.0
2013,Number,MODRICA,M,Unknown computer literacy rate,128.0
2013,Number,MODRICA,F,Unknown computer literacy rate,218.0
2013,Number,MRKONJIC GRAD,Both sexes,Unknown computer literacy rate,177.0
2013,Number,MRKONJIC GRAD,M,Unknown computer literacy rate,65.0
2013,Number,MRKONJIC GRAD,F,Unknown computer literacy rate,112.0
2013,Number,NEVESINJE,Both sexes,Unknown computer literacy rate,95.0
2013,Number,NEVESINJE,M,Unknown computer literacy rate,40.0
2013,Number,NEVESINJE,F,Unknown computer literacy rate,55.0
2013,Number,NOVI GRAD,Both sexes,Unknown computer literacy rate,265.0
2013,Number,NOVI GRAD,M,Unknown computer literacy rate,96.0
2013,Number,NOVI GRAD,F,Unknown computer literacy rate,169.0
2013,Number,NOVO GORAZDE,Both sexes,Unknown computer literacy rate,16.0
2013,Number,NOVO GORAZDE,M,Unknown computer literacy rate,3.0
2013,Number,NOVO GORAZDE,F,Unknown computer literacy rate,13.0
2013,Number,OSMACI,Both sexes,Unknown computer literacy rate,41.0
2013,Number,OSMACI,M,Unknown computer literacy rate,15.0
2013,Number,OSMACI,F,Unknown computer literacy rate,26.0
2013,Number,OSTRA LUKA,Both sexes,Unknown computer literacy rate,19.0
2013,Number,OSTRA LUKA,M,Unknown computer literacy rate,10.0
2013,Number,OSTRA LUKA,F,Unknown computer literacy rate,9.0
2013,Number,PALE,Both sexes,Unknown computer literacy rate,99.0
2013,Number,PALE,M,Unknown computer literacy rate,31.0
2013,Number,PALE,F,Unknown computer literacy rate,68.0
2013,Number,PELAGICEVO,Both sexes,Unknown computer literacy rate,132.0
2013,Number,PELAGICEVO,M,Unknown computer literacy rate,59.0
2013,Number,PELAGICEVO,F,Unknown computer literacy rate,73.0
2013,Number,PETROVAC,Both sexes,Unknown computer literacy rate,1.0
2013,Number,PETROVAC,M,Unknown computer literacy rate,1.0
2013,Number,PETROVAC,F,Unknown computer literacy rate,0.0
2013,Number,PETROVO,Both sexes,Unknown computer literacy rate,35.0
2013,Number,PETROVO,M,Unknown computer literacy rate,13.0
2013,Number,PETROVO,F,Unknown computer literacy rate,22.0
2013,Number,PRIJEDOR,Both sexes,Unknown computer literacy rate,816.0
2013,Number,PRIJEDOR,M,Unknown computer literacy rate,283.0
2013,Number,PRIJEDOR,F,Unknown computer literacy rate,533.0
2013,Number,PRNJAVOR,Both sexes,Unknown computer literacy rate,223.0
2013,Number,PRNJAVOR,M,Unknown computer literacy rate,90.0
2013,Number,PRNJAVOR,F,Unknown computer literacy rate,133.0
2013,Number,RIBNIK,Both sexes,Unknown computer literacy rate,41.0
2013,Number,RIBNIK,M,Unknown computer literacy rate,13.0
2013,Number,RIBNIK,F,Unknown computer literacy rate,28.0
2013,Number,ROGATICA,Both sexes,Unknown computer literacy rate,110.0
2013,Number,ROGATICA,M,Unknown computer literacy rate,24.0
2013,Number,ROGATICA,F,Unknown computer literacy rate,86.0
2013,Number,RUDO,Both sexes,Unknown computer literacy rate,40.0
2013,Number,RUDO,M,Unknown computer literacy rate,16.0
2013,Number,RUDO,F,Unknown computer literacy rate,24.0
2013,Number,SOKOLAC,Both sexes,Unknown computer literacy rate,69.0
2013,Number,SOKOLAC,M,Unknown computer literacy rate,29.0
2013,Number,SOKOLAC,F,Unknown computer literacy rate,40.0
2013,Number,SRBAC,Both sexes,Unknown computer literacy rate,250.0
2013,Number,SRBAC,M,Unknown computer literacy rate,90.0
2013,Number,SRBAC,F,Unknown computer literacy rate,160.0
2013,Number,SREBRENICA,Both sexes,Unknown computer literacy rate,134.0
2013,Number,SREBRENICA,M,Unknown computer literacy rate,26.0
2013,Number,SREBRENICA,F,Unknown computer literacy rate,108.0
2013,Number,TESLIC,Both sexes,Unknown computer literacy rate,346.0
2013,Number,TESLIC,M,Unknown computer literacy rate,124.0
2013,Number,TESLIC,F,Unknown computer literacy rate,222.0
2013,Number,TREBINJE,Both sexes,Unknown computer literacy rate,188.0
2013,Number,TREBINJE,M,Unknown computer literacy rate,59.0
2013,Number,TREBINJE,F,Unknown computer literacy rate,129.0
2013,Number,TRNOVO,Both sexes,Unknown computer literacy rate,12.0
2013,Number,TRNOVO,M,Unknown computer literacy rate,4.0
2013,Number,TRNOVO,F,Unknown computer literacy rate,8.0
2013,Number,UGLJEVIK,Both sexes,Unknown computer literacy rate,98.0
2013,Number,UGLJEVIK,M,Unknown computer literacy rate,37.0
2013,Number,UGLJEVIK,F,Unknown computer literacy rate,61.0
2013,Number,FOCA,Both sexes,Unknown computer literacy rate,128.0
2013,Number,FOCA,M,Unknown computer literacy rate,51.0
2013,Number,FOCA,F,Unknown computer literacy rate,77.0
2013,Number,HAN PIJESAK,Both sexes,Unknown computer literacy rate,13.0
2013,Number,HAN PIJESAK,M,Unknown computer literacy rate,4.0
2013,Number,HAN PIJESAK,F,Unknown computer literacy rate,9.0
2013,Number,CAJNICE,Both sexes,Unknown computer literacy rate,24.0
2013,Number,CAJNICE,M,Unknown computer literacy rate,9.0
2013,Number,CAJNICE,F,Unknown computer literacy rate,15.0
2013,Number,CELINAC,Both sexes,Unknown computer literacy rate,126.0
2013,Number,CELINAC,M,Unknown computer literacy rate,54.0
2013,Number,CELINAC,F,Unknown computer literacy rate,72.0
2013,Number,SAMAC,Both sexes,Unknown computer literacy rate,185.0
2013,Number,SAMAC,M,Unknown computer literacy rate,64.0
2013,Number,SAMAC,F,Unknown computer literacy rate,121.0
2013,Number,SEKOVICI,Both sexes,Unknown computer literacy rate,65.0
2013,Number,SEKOVICI,M,Unknown computer literacy rate,27.0
2013,Number,SEKOVICI,F,Unknown computer literacy rate,38.0
2013,Number,SIPOVO,Both sexes,Unknown computer literacy rate,72.0
2013,Number,SIPOVO,M,Unknown computer literacy rate,29.0
2013,Number,SIPOVO,F,Unknown computer literacy rate,43.0
