Year,UNIT_MEASURE,Administrative area,Sex,Education,Value
2013,Number,Republika Srpska,Both sexes,No education,58651
2013,Number,Republika Srpska,M,No education,9370
2013,Number,Republika Srpska,F,No education,49281
2013,Number,City of Banja Luka,Both sexes,No education,5673
2013,Number,City of Banja Luka,M,No education,921
2013,Number,City of Banja Luka,F,No education,4752
2013,Number,Berkovici,Both sexes,No education,104
2013,Number,Berkovici,M,No education,8
2013,Number,Berkovici,F,No education,96
2013,Number,City of Bijeljina,Both sexes,No education,3916
2013,Number,City of Bijeljina,M,No education,650
2013,Number,City of Bijeljina,F,No education,3266
2013,Number,Bileca,Both sexes,No education,246
2013,Number,Bileca,M,No education,42
2013,Number,Bileca,F,No education,204
2013,Number,Bratunac,Both sexes,No education,1297
2013,Number,Bratunac,M,No education,166
2013,Number,Bratunac,F,No education,1131
2013,Number,Brod,Both sexes,No education,586
2013,Number,Brod,M,No education,90
2013,Number,Brod,F,No education,496
2013,Number,Visegrad,Both sexes,No education,576
2013,Number,Visegrad,M,No education,65
2013,Number,Visegrad,F,No education,511
2013,Number,Vlasenica,Both sexes,No education,629
2013,Number,Vlasenica,M,No education,101
2013,Number,Vlasenica,F,No education,528
2013,Number,Vukosavlje,Both sexes,No education,329
2013,Number,Vukosavlje,M,No education,69
2013,Number,Vukosavlje,F,No education,260
2013,Number,Gacko,Both sexes,No education,268
2013,Number,Gacko,M,No education,22
2013,Number,Gacko,F,No education,246
2013,Number,City of Gradiska,Both sexes,No education,2608
2013,Number,City of Gradiska,M,No education,425
2013,Number,City of Gradiska,F,No education,2183
2013,Number,City of Derventa,Both sexes,No education,1538
2013,Number,City of Derventa,M,No education,281
2013,Number,City of Derventa,F,No education,1257
2013,Number,City of Doboj,Both sexes,No education,3364
2013,Number,City of Doboj,M,No education,496
2013,Number,City of Doboj,F,No education,2868
2013,Number,Donji Zabar,Both sexes,No education,209
2013,Number,Donji Zabar,M,No education,37
2013,Number,Donji Zabar,F,No education,172
2013,Number,City of Zvornik,Both sexes,No education,3216
2013,Number,City of Zvornik,M,No education,484
2013,Number,City of Zvornik,F,No education,2732
2013,Number,East Ilidza,Both sexes,No education,280
2013,Number,East Ilidza,M,No education,33
2013,Number,East Ilidza,F,No education,247
2013,Number,East Drvar,Both sexes,No education,5
2013,Number,East Drvar,M,No education,0
2013,Number,East Drvar,F,No education,5
2013,Number,East Mostar,Both sexes,No education,19
2013,Number,East Mostar,M,No education,1
2013,Number,East Mostar,F,No education,18
2013,Number,East Stari Grad,Both sexes,No education,61
2013,Number,East Stari Grad,M,No education,5
2013,Number,East Stari Grad,F,No education,56
2013,Number,East Novo Sarajevo,Both sexes,No education,191
2013,Number,East Novo Sarajevo,M,No education,25
2013,Number,East Novo Sarajevo,F,No education,166
2013,Number,Jezero,Both sexes,No education,79
2013,Number,Jezero,M,No education,14
2013,Number,Jezero,F,No education,65
2013,Number,Kalinovik,Both sexes,No education,158
2013,Number,Kalinovik,M,No education,11
2013,Number,Kalinovik,F,No education,147
2013,Number,Knezevo,Both sexes,No education,1390
2013,Number,Knezevo,M,No education,311
2013,Number,Knezevo,F,No education,1079
2013,Number,Kozarska Dubica,Both sexes,No education,984
2013,Number,Kozarska Dubica,M,No education,154
2013,Number,Kozarska Dubica,F,No education,830
2013,Number,Kostajnica,Both sexes,No education,163
2013,Number,Kostajnica,M,No education,28
2013,Number,Kostajnica,F,No education,135
2013,Number,Kotor Varos,Both sexes,No education,1503
2013,Number,Kotor Varos,M,No education,282
2013,Number,Kotor Varos,F,No education,1221
2013,Number,Krupa Na Uni,Both sexes,No education,157
2013,Number,Krupa Na Uni,M,No education,19
2013,Number,Krupa Na Uni,F,No education,138
2013,Number,Kupres,Both sexes,No education,103
2013,Number,Kupres,M,No education,33
2013,Number,Kupres,F,No education,70
2013,Number,Laktasi,Both sexes,No education,1363
2013,Number,Laktasi,M,No education,229
2013,Number,Laktasi,F,No education,1134
2013,Number,Lopare,Both sexes,No education,1235
2013,Number,Lopare,M,No education,243
2013,Number,Lopare,F,No education,992
2013,Number,Ljubinje,Both sexes,No education,110
2013,Number,Ljubinje,M,No education,12
2013,Number,Ljubinje,F,No education,98
2013,Number,Milici,Both sexes,No education,643
2013,Number,Milici,M,No education,96
2013,Number,Milici,F,No education,547
2013,Number,Modrica,Both sexes,No education,1278
2013,Number,Modrica,M,No education,241
2013,Number,Modrica,F,No education,1037
2013,Number,Mrkonjic Grad,Both sexes,No education,1462
2013,Number,Mrkonjic Grad,M,No education,213
2013,Number,Mrkonjic Grad,F,No education,1249
2013,Number,Nevesinje,Both sexes,No education,545
2013,Number,Nevesinje,M,No education,56
2013,Number,Nevesinje,F,No education,489
2013,Number,Novi Grad,Both sexes,No education,1036
2013,Number,Novi Grad,M,No education,171
2013,Number,Novi Grad,F,No education,865
2013,Number,Novo Gorazde,Both sexes,No education,127
2013,Number,Novo Gorazde,M,No education,21
2013,Number,Novo Gorazde,F,No education,106
2013,Number,Osmaci,Both sexes,No education,397
2013,Number,Osmaci,M,No education,62
2013,Number,Osmaci,F,No education,335
2013,Number,Ostra Luka,Both sexes,No education,247
2013,Number,Ostra Luka,M,No education,43
2013,Number,Ostra Luka,F,No education,204
2013,Number,Pale,Both sexes,No education,606
2013,Number,Pale,M,No education,80
2013,Number,Pale,F,No education,526
2013,Number,Pelagicevo,Both sexes,No education,290
2013,Number,Pelagicevo,M,No education,46
2013,Number,Pelagicevo,F,No education,244
2013,Number,Petrovac,Both sexes,No education,11
2013,Number,Petrovac,M,No education,0
2013,Number,Petrovac,F,No education,11
2013,Number,Petrovo,Both sexes,No education,403
2013,Number,Petrovo,M,No education,48
2013,Number,Petrovo,F,No education,355
2013,Number,City of Prijedor,Both sexes,No education,3918
2013,Number,City of Prijedor,M,No education,760
2013,Number,City of Prijedor,F,No education,3158
2013,Number,Prnjavor,Both sexes,No education,2654
2013,Number,Prnjavor,M,No education,391
2013,Number,Prnjavor,F,No education,2263
2013,Number,Ribnik,Both sexes,No education,680
2013,Number,Ribnik,M,No education,118
2013,Number,Ribnik,F,No education,562
2013,Number,Rogatica,Both sexes,No education,633
2013,Number,Rogatica,M,No education,89
2013,Number,Rogatica,F,No education,544
2013,Number,Rudo,Both sexes,No education,279
2013,Number,Rudo,M,No education,38
2013,Number,Rudo,F,No education,241
2013,Number,Sokolac,Both sexes,No education,392
2013,Number,Sokolac,M,No education,52
2013,Number,Sokolac,F,No education,340
2013,Number,Srbac,Both sexes,No education,1115
2013,Number,Srbac,M,No education,235
2013,Number,Srbac,F,No education,880
2013,Number,Srebrenica,Both sexes,No education,852
2013,Number,Srebrenica,M,No education,105
2013,Number,Srebrenica,F,No education,747
2013,Number,Teslic,Both sexes,No education,3299
2013,Number,Teslic,M,No education,471
2013,Number,Teslic,F,No education,2828
2013,Number,City of Trebinje,Both sexes,No education,382
2013,Number,City of Trebinje,M,No education,44
2013,Number,City of Trebinje,F,No education,338
2013,Number,Trnovo,Both sexes,No education,143
2013,Number,Trnovo,M,No education,14
2013,Number,Trnovo,F,No education,129
2013,Number,Ugljevik,Both sexes,No education,856
2013,Number,Ugljevik,M,No education,135
2013,Number,Ugljevik,F,No education,721
2013,Number,Foca,Both sexes,No education,775
2013,Number,Foca,M,No education,92
2013,Number,Foca,F,No education,683
2013,Number,Han Pijesak,Both sexes,No education,198
2013,Number,Han Pijesak,M,No education,22
2013,Number,Han Pijesak,F,No education,176
2013,Number,Cajnice,Both sexes,No education,224
2013,Number,Cajnice,M,No education,31
2013,Number,Cajnice,F,No education,193
2013,Number,Celinac,Both sexes,No education,832
2013,Number,Celinac,M,No education,109
2013,Number,Celinac,F,No education,723
2013,Number,Samac,Both sexes,No education,627
2013,Number,Samac,M,No education,90
2013,Number,Samac,F,No education,537
2013,Number,Sekovici,Both sexes,No education,655
2013,Number,Sekovici,M,No education,120
2013,Number,Sekovici,F,No education,535
2013,Number,Sipovo,Both sexes,No education,732
2013,Number,Sipovo,M,No education,120
2013,Number,Sipovo,F,No education,612
2013,Number,Republika Srpska,Both sexes,Incomplete elementary education,97022
2013,Number,Republika Srpska,M,Incomplete elementary education,33465
2013,Number,Republika Srpska,F,Incomplete elementary education,63557
2013,Number,City of Banja Luka,Both sexes,Incomplete elementary education,6483
2013,Number,City of Banja Luka,M,Incomplete elementary education,2117
2013,Number,City of Banja Luka,F,Incomplete elementary education,4366
2013,Number,Berkovici,Both sexes,Incomplete elementary education,229
2013,Number,Berkovici,M,Incomplete elementary education,74
2013,Number,Berkovici,F,Incomplete elementary education,155
2013,Number,City of Bijeljina,Both sexes,Incomplete elementary education,10740
2013,Number,City of Bijeljina,M,Incomplete elementary education,3999
2013,Number,City of Bijeljina,F,Incomplete elementary education,6741
2013,Number,Bileca,Both sexes,Incomplete elementary education,747
2013,Number,Bileca,M,Incomplete elementary education,187
2013,Number,Bileca,F,Incomplete elementary education,560
2013,Number,Bratunac,Both sexes,Incomplete elementary education,1364
2013,Number,Bratunac,M,Incomplete elementary education,395
2013,Number,Bratunac,F,Incomplete elementary education,969
2013,Number,Brod,Both sexes,Incomplete elementary education,1241
2013,Number,Brod,M,Incomplete elementary education,328
2013,Number,Brod,F,Incomplete elementary education,913
2013,Number,Visegrad,Both sexes,Incomplete elementary education,783
2013,Number,Visegrad,M,Incomplete elementary education,203
2013,Number,Visegrad,F,Incomplete elementary education,580
2013,Number,Vlasenica,Both sexes,Incomplete elementary education,758
2013,Number,Vlasenica,M,Incomplete elementary education,243
2013,Number,Vlasenica,F,Incomplete elementary education,515
2013,Number,Vukosavlje,Both sexes,Incomplete elementary education,719
2013,Number,Vukosavlje,M,Incomplete elementary education,300
2013,Number,Vukosavlje,F,Incomplete elementary education,419
2013,Number,Gacko,Both sexes,Incomplete elementary education,496
2013,Number,Gacko,M,Incomplete elementary education,135
2013,Number,Gacko,F,Incomplete elementary education,361
2013,Number,City of Gradiska,Both sexes,Incomplete elementary education,4821
2013,Number,City of Gradiska,M,Incomplete elementary education,1832
2013,Number,City of Gradiska,F,Incomplete elementary education,2989
2013,Number,City of Derventa,Both sexes,Incomplete elementary education,2759
2013,Number,City of Derventa,M,Incomplete elementary education,1030
2013,Number,City of Derventa,F,Incomplete elementary education,1729
2013,Number,City of Doboj,Both sexes,Incomplete elementary education,6019
2013,Number,City of Doboj,M,Incomplete elementary education,1823
2013,Number,City of Doboj,F,Incomplete elementary education,4196
2013,Number,Donji Zabar,Both sexes,Incomplete elementary education,707
2013,Number,Donji Zabar,M,Incomplete elementary education,304
2013,Number,Donji Zabar,F,Incomplete elementary education,403
2013,Number,City of Zvornik,Both sexes,Incomplete elementary education,4702
2013,Number,City of Zvornik,M,Incomplete elementary education,1472
2013,Number,City of Zvornik,F,Incomplete elementary education,3230
2013,Number,East Ilidza,Both sexes,Incomplete elementary education,550
2013,Number,East Ilidza,M,Incomplete elementary education,65
2013,Number,East Ilidza,F,Incomplete elementary education,485
2013,Number,East Drvar,Both sexes,Incomplete elementary education,6
2013,Number,East Drvar,M,Incomplete elementary education,4
2013,Number,East Drvar,F,Incomplete elementary education,2
2013,Number,East Mostar,Both sexes,Incomplete elementary education,41
2013,Number,East Mostar,M,Incomplete elementary education,21
2013,Number,East Mostar,F,Incomplete elementary education,20
2013,Number,East Stari Grad,Both sexes,Incomplete elementary education,133
2013,Number,East Stari Grad,M,Incomplete elementary education,29
2013,Number,East Stari Grad,F,Incomplete elementary education,104
2013,Number,East Novo Sarajevo,Both sexes,Incomplete elementary education,454
2013,Number,East Novo Sarajevo,M,Incomplete elementary education,89
2013,Number,East Novo Sarajevo,F,Incomplete elementary education,365
2013,Number,Jezero,Both sexes,Incomplete elementary education,105
2013,Number,Jezero,M,Incomplete elementary education,39
2013,Number,Jezero,F,Incomplete elementary education,66
2013,Number,Kalinovik,Both sexes,Incomplete elementary education,175
2013,Number,Kalinovik,M,Incomplete elementary education,48
2013,Number,Kalinovik,F,Incomplete elementary education,127
2013,Number,Knezevo,Both sexes,Incomplete elementary education,752
2013,Number,Knezevo,M,Incomplete elementary education,318
2013,Number,Knezevo,F,Incomplete elementary education,434
2013,Number,Kozarska Dubica,Both sexes,Incomplete elementary education,1894
2013,Number,Kozarska Dubica,M,Incomplete elementary education,683
2013,Number,Kozarska Dubica,F,Incomplete elementary education,1211
2013,Number,Kostajnica,Both sexes,Incomplete elementary education,387
2013,Number,Kostajnica,M,Incomplete elementary education,132
2013,Number,Kostajnica,F,Incomplete elementary education,255
2013,Number,Kotor Varos,Both sexes,Incomplete elementary education,1183
2013,Number,Kotor Varos,M,Incomplete elementary education,391
2013,Number,Kotor Varos,F,Incomplete elementary education,792
2013,Number,Krupa Na Uni,Both sexes,Incomplete elementary education,316
2013,Number,Krupa Na Uni,M,Incomplete elementary education,165
2013,Number,Krupa Na Uni,F,Incomplete elementary education,151
2013,Number,Kupres,Both sexes,Incomplete elementary education,19
2013,Number,Kupres,M,Incomplete elementary education,9
2013,Number,Kupres,F,Incomplete elementary education,10
2013,Number,Laktasi,Both sexes,Incomplete elementary education,2504
2013,Number,Laktasi,M,Incomplete elementary education,946
2013,Number,Laktasi,F,Incomplete elementary education,1558
2013,Number,Lopare,Both sexes,Incomplete elementary education,2118
2013,Number,Lopare,M,Incomplete elementary education,943
2013,Number,Lopare,F,Incomplete elementary education,1175
2013,Number,Ljubinje,Both sexes,Incomplete elementary education,275
2013,Number,Ljubinje,M,Incomplete elementary education,64
2013,Number,Ljubinje,F,Incomplete elementary education,211
2013,Number,Milici,Both sexes,Incomplete elementary education,729
2013,Number,Milici,M,Incomplete elementary education,217
2013,Number,Milici,F,Incomplete elementary education,512
2013,Number,Modrica,Both sexes,Incomplete elementary education,2912
2013,Number,Modrica,M,Incomplete elementary education,1049
2013,Number,Modrica,F,Incomplete elementary education,1863
2013,Number,Mrkonjic Grad,Both sexes,Incomplete elementary education,1769
2013,Number,Mrkonjic Grad,M,Incomplete elementary education,777
2013,Number,Mrkonjic Grad,F,Incomplete elementary education,992
2013,Number,Nevesinje,Both sexes,Incomplete elementary education,1048
2013,Number,Nevesinje,M,Incomplete elementary education,265
2013,Number,Nevesinje,F,Incomplete elementary education,783
2013,Number,Novi Grad,Both sexes,Incomplete elementary education,2172
2013,Number,Novi Grad,M,Incomplete elementary education,757
2013,Number,Novi Grad,F,Incomplete elementary education,1415
2013,Number,Novo Gorazde,Both sexes,Incomplete elementary education,162
2013,Number,Novo Gorazde,M,Incomplete elementary education,52
2013,Number,Novo Gorazde,F,Incomplete elementary education,110
2013,Number,Osmaci,Both sexes,Incomplete elementary education,552
2013,Number,Osmaci,M,Incomplete elementary education,172
2013,Number,Osmaci,F,Incomplete elementary education,380
2013,Number,Ostra Luka,Both sexes,Incomplete elementary education,352
2013,Number,Ostra Luka,M,Incomplete elementary education,154
2013,Number,Ostra Luka,F,Incomplete elementary education,198
2013,Number,Pale,Both sexes,Incomplete elementary education,986
2013,Number,Pale,M,Incomplete elementary education,214
2013,Number,Pale,F,Incomplete elementary education,772
2013,Number,Pelagicevo,Both sexes,Incomplete elementary education,1081
2013,Number,Pelagicevo,M,Incomplete elementary education,459
2013,Number,Pelagicevo,F,Incomplete elementary education,622
2013,Number,Petrovac,Both sexes,Incomplete elementary education,28
2013,Number,Petrovac,M,Incomplete elementary education,4
2013,Number,Petrovac,F,Incomplete elementary education,24
2013,Number,Petrovo,Both sexes,Incomplete elementary education,733
2013,Number,Petrovo,M,Incomplete elementary education,180
2013,Number,Petrovo,F,Incomplete elementary education,553
2013,Number,City of Prijedor,Both sexes,Incomplete elementary education,6219
2013,Number,City of Prijedor,M,Incomplete elementary education,1948
2013,Number,City of Prijedor,F,Incomplete elementary education,4271
2013,Number,Prnjavor,Both sexes,Incomplete elementary education,4458
2013,Number,Prnjavor,M,Incomplete elementary education,1948
2013,Number,Prnjavor,F,Incomplete elementary education,2510
2013,Number,Ribnik,Both sexes,Incomplete elementary education,641
2013,Number,Ribnik,M,Incomplete elementary education,249
2013,Number,Ribnik,F,Incomplete elementary education,392
2013,Number,Rogatica,Both sexes,Incomplete elementary education,799
2013,Number,Rogatica,M,Incomplete elementary education,239
2013,Number,Rogatica,F,Incomplete elementary education,560
2013,Number,Rudo,Both sexes,Incomplete elementary education,719
2013,Number,Rudo,M,Incomplete elementary education,197
2013,Number,Rudo,F,Incomplete elementary education,522
2013,Number,Sokolac,Both sexes,Incomplete elementary education,747
2013,Number,Sokolac,M,Incomplete elementary education,207
2013,Number,Sokolac,F,Incomplete elementary education,540
2013,Number,Srbac,Both sexes,Incomplete elementary education,2023
2013,Number,Srbac,M,Incomplete elementary education,857
2013,Number,Srbac,F,Incomplete elementary education,1166
2013,Number,Srebrenica,Both sexes,Incomplete elementary education,1086
2013,Number,Srebrenica,M,Incomplete elementary education,308
2013,Number,Srebrenica,F,Incomplete elementary education,778
2013,Number,Teslic,Both sexes,Incomplete elementary education,4433
2013,Number,Teslic,M,Incomplete elementary education,1551
2013,Number,Teslic,F,Incomplete elementary education,2882
2013,Number,City of Trebinje,Both sexes,Incomplete elementary education,1156
2013,Number,City of Trebinje,M,Incomplete elementary education,210
2013,Number,City of Trebinje,F,Incomplete elementary education,946
2013,Number,Trnovo,Both sexes,Incomplete elementary education,151
2013,Number,Trnovo,M,Incomplete elementary education,36
2013,Number,Trnovo,F,Incomplete elementary education,115
2013,Number,Ugljevik,Both sexes,Incomplete elementary education,1829
2013,Number,Ugljevik,M,Incomplete elementary education,734
2013,Number,Ugljevik,F,Incomplete elementary education,1095
2013,Number,Foca,Both sexes,Incomplete elementary education,1301
2013,Number,Foca,M,Incomplete elementary education,346
2013,Number,Foca,F,Incomplete elementary education,955
2013,Number,Han Pijesak,Both sexes,Incomplete elementary education,258
2013,Number,Han Pijesak,M,Incomplete elementary education,61
2013,Number,Han Pijesak,F,Incomplete elementary education,197
2013,Number,Cajnice,Both sexes,Incomplete elementary education,474
2013,Number,Cajnice,M,Incomplete elementary education,149
2013,Number,Cajnice,F,Incomplete elementary education,325
2013,Number,Celinac,Both sexes,Incomplete elementary education,1317
2013,Number,Celinac,M,Incomplete elementary education,474
2013,Number,Celinac,F,Incomplete elementary education,843
2013,Number,Samac,Both sexes,Incomplete elementary education,2046
2013,Number,Samac,M,Incomplete elementary education,731
2013,Number,Samac,F,Incomplete elementary education,1315
2013,Number,Sekovici,Both sexes,Incomplete elementary education,453
2013,Number,Sekovici,M,Incomplete elementary education,181
2013,Number,Sekovici,F,Incomplete elementary education,272
2013,Number,Sipovo,Both sexes,Incomplete elementary education,908
2013,Number,Sipovo,M,Incomplete elementary education,351
2013,Number,Sipovo,F,Incomplete elementary education,557
2013,Number,Republika Srpska,Both sexes,Elementary education,212834
2013,Number,Republika Srpska,M,Elementary education,95682
2013,Number,Republika Srpska,F,Elementary education,117152
2013,Number,City of Banja Luka,Both sexes,Elementary education,23011
2013,Number,City of Banja Luka,M,Elementary education,9927
2013,Number,City of Banja Luka,F,Elementary education,13084
2013,Number,Berkovici,Both sexes,Elementary education,430
2013,Number,Berkovici,M,Elementary education,221
2013,Number,Berkovici,F,Elementary education,209
2013,Number,City of Bijeljina,Both sexes,Elementary education,18771
2013,Number,City of Bijeljina,M,Elementary education,8590
2013,Number,City of Bijeljina,F,Elementary education,10181
2013,Number,Bileca,Both sexes,Elementary education,1951
2013,Number,Bileca,M,Elementary education,867
2013,Number,Bileca,F,Elementary education,1084
2013,Number,Bratunac,Both sexes,Elementary education,3893
2013,Number,Bratunac,M,Elementary education,1769
2013,Number,Bratunac,F,Elementary education,2124
2013,Number,Brod,Both sexes,Elementary education,2986
2013,Number,Brod,M,Elementary education,1248
2013,Number,Brod,F,Elementary education,1738
2013,Number,Visegrad,Both sexes,Elementary education,1626
2013,Number,Visegrad,M,Elementary education,593
2013,Number,Visegrad,F,Elementary education,1033
2013,Number,Vlasenica,Both sexes,Elementary education,2268
2013,Number,Vlasenica,M,Elementary education,993
2013,Number,Vlasenica,F,Elementary education,1275
2013,Number,Vukosavlje,Both sexes,Elementary education,999
2013,Number,Vukosavlje,M,Elementary education,472
2013,Number,Vukosavlje,F,Elementary education,527
2013,Number,Gacko,Both sexes,Elementary education,1356
2013,Number,Gacko,M,Elementary education,530
2013,Number,Gacko,F,Elementary education,826
2013,Number,City of Gradiska,Both sexes,Elementary education,9626
2013,Number,City of Gradiska,M,Elementary education,4493
2013,Number,City of Gradiska,F,Elementary education,5133
2013,Number,City of Derventa,Both sexes,Elementary education,5260
2013,Number,City of Derventa,M,Elementary education,2463
2013,Number,City of Derventa,F,Elementary education,2797
2013,Number,City of Doboj,Both sexes,Elementary education,13403
2013,Number,City of Doboj,M,Elementary education,5750
2013,Number,City of Doboj,F,Elementary education,7653
2013,Number,Donji Zabar,Both sexes,Elementary education,815
2013,Number,Donji Zabar,M,Elementary education,408
2013,Number,Donji Zabar,F,Elementary education,407
2013,Number,City of Zvornik,Both sexes,Elementary education,11440
2013,Number,City of Zvornik,M,Elementary education,5163
2013,Number,City of Zvornik,F,Elementary education,6277
2013,Number,East Ilidza,Both sexes,Elementary education,1676
2013,Number,East Ilidza,M,Elementary education,519
2013,Number,East Ilidza,F,Elementary education,1157
2013,Number,East Drvar,Both sexes,Elementary education,9
2013,Number,East Drvar,M,Elementary education,2
2013,Number,East Drvar,F,Elementary education,7
2013,Number,East Mostar,Both sexes,Elementary education,38
2013,Number,East Mostar,M,Elementary education,24
2013,Number,East Mostar,F,Elementary education,14
2013,Number,East Stari Grad,Both sexes,Elementary education,166
2013,Number,East Stari Grad,M,Elementary education,75
2013,Number,East Stari Grad,F,Elementary education,91
2013,Number,East Novo Sarajevo,Both sexes,Elementary education,1087
2013,Number,East Novo Sarajevo,M,Elementary education,356
2013,Number,East Novo Sarajevo,F,Elementary education,731
2013,Number,Jezero,Both sexes,Elementary education,236
2013,Number,Jezero,M,Elementary education,109
2013,Number,Jezero,F,Elementary education,127
2013,Number,Kalinovik,Both sexes,Elementary education,334
2013,Number,Kalinovik,M,Elementary education,122
2013,Number,Kalinovik,F,Elementary education,212
2013,Number,Knezevo,Both sexes,Elementary education,1918
2013,Number,Knezevo,M,Elementary education,990
2013,Number,Knezevo,F,Elementary education,928
2013,Number,Kozarska Dubica,Both sexes,Elementary education,3921
2013,Number,Kozarska Dubica,M,Elementary education,1839
2013,Number,Kozarska Dubica,F,Elementary education,2082
2013,Number,Kostajnica,Both sexes,Elementary education,1117
2013,Number,Kostajnica,M,Elementary education,486
2013,Number,Kostajnica,F,Elementary education,631
2013,Number,Kotor Varos,Both sexes,Elementary education,3809
2013,Number,Kotor Varos,M,Elementary education,1797
2013,Number,Kotor Varos,F,Elementary education,2012
2013,Number,Krupa Na Uni,Both sexes,Elementary education,524
2013,Number,Krupa Na Uni,M,Elementary education,317
2013,Number,Krupa Na Uni,F,Elementary education,207
2013,Number,Kupres,Both sexes,Elementary education,53
2013,Number,Kupres,M,Elementary education,33
2013,Number,Kupres,F,Elementary education,20
2013,Number,Laktasi,Both sexes,Elementary education,6602
2013,Number,Laktasi,M,Elementary education,3078
2013,Number,Laktasi,F,Elementary education,3524
2013,Number,Lopare,Both sexes,Elementary education,3267
2013,Number,Lopare,M,Elementary education,1670
2013,Number,Lopare,F,Elementary education,1597
2013,Number,Ljubinje,Both sexes,Elementary education,619
2013,Number,Ljubinje,M,Elementary education,261
2013,Number,Ljubinje,F,Elementary education,358
2013,Number,Milici,Both sexes,Elementary education,2387
2013,Number,Milici,M,Elementary education,1038
2013,Number,Milici,F,Elementary education,1349
2013,Number,Modrica,Both sexes,Elementary education,5255
2013,Number,Modrica,M,Elementary education,2469
2013,Number,Modrica,F,Elementary education,2786
2013,Number,Mrkonjic Grad,Both sexes,Elementary education,2720
2013,Number,Mrkonjic Grad,M,Elementary education,1373
2013,Number,Mrkonjic Grad,F,Elementary education,1347
2013,Number,Nevesinje,Both sexes,Elementary education,2193
2013,Number,Nevesinje,M,Elementary education,961
2013,Number,Nevesinje,F,Elementary education,1232
2013,Number,Novi Grad,Both sexes,Elementary education,5660
2013,Number,Novi Grad,M,Elementary education,2691
2013,Number,Novi Grad,F,Elementary education,2969
2013,Number,Novo Gorazde,Both sexes,Elementary education,612
2013,Number,Novo Gorazde,M,Elementary education,229
2013,Number,Novo Gorazde,F,Elementary education,383
2013,Number,Osmaci,Both sexes,Elementary education,1146
2013,Number,Osmaci,M,Elementary education,495
2013,Number,Osmaci,F,Elementary education,651
2013,Number,Ostra Luka,Both sexes,Elementary education,648
2013,Number,Ostra Luka,M,Elementary education,348
2013,Number,Ostra Luka,F,Elementary education,300
2013,Number,Pale,Both sexes,Elementary education,2570
2013,Number,Pale,M,Elementary education,935
2013,Number,Pale,F,Elementary education,1635
2013,Number,Pelagicevo,Both sexes,Elementary education,1081
2013,Number,Pelagicevo,M,Elementary education,586
2013,Number,Pelagicevo,F,Elementary education,495
2013,Number,Petrovac,Both sexes,Elementary education,57
2013,Number,Petrovac,M,Elementary education,23
2013,Number,Petrovac,F,Elementary education,34
2013,Number,Petrovo,Both sexes,Elementary education,1114
2013,Number,Petrovo,M,Elementary education,464
2013,Number,Petrovo,F,Elementary education,650
2013,Number,City of Prijedor,Both sexes,Elementary education,15121
2013,Number,City of Prijedor,M,Elementary education,6682
2013,Number,City of Prijedor,F,Elementary education,8439
2013,Number,Prnjavor,Both sexes,Elementary education,7504
2013,Number,Prnjavor,M,Elementary education,3697
2013,Number,Prnjavor,F,Elementary education,3807
2013,Number,Ribnik,Both sexes,Elementary education,1275
2013,Number,Ribnik,M,Elementary education,651
2013,Number,Ribnik,F,Elementary education,624
2013,Number,Rogatica,Both sexes,Elementary education,1761
2013,Number,Rogatica,M,Elementary education,717
2013,Number,Rogatica,F,Elementary education,1044
2013,Number,Rudo,Both sexes,Elementary education,1332
2013,Number,Rudo,M,Elementary education,514
2013,Number,Rudo,F,Elementary education,818
2013,Number,Sokolac,Both sexes,Elementary education,1790
2013,Number,Sokolac,M,Elementary education,720
2013,Number,Sokolac,F,Elementary education,1070
2013,Number,Srbac,Both sexes,Elementary education,3740
2013,Number,Srbac,M,Elementary education,1843
2013,Number,Srbac,F,Elementary education,1897
2013,Number,Srebrenica,Both sexes,Elementary education,2494
2013,Number,Srebrenica,M,Elementary education,1115
2013,Number,Srebrenica,F,Elementary education,1379
2013,Number,Teslic,Both sexes,Elementary education,7412
2013,Number,Teslic,M,Elementary education,3540
2013,Number,Teslic,F,Elementary education,3872
2013,Number,City of Trebinje,Both sexes,Elementary education,3757
2013,Number,City of Trebinje,M,Elementary education,1267
2013,Number,City of Trebinje,F,Elementary education,2490
2013,Number,Trnovo,Both sexes,Elementary education,342
2013,Number,Trnovo,M,Elementary education,106
2013,Number,Trnovo,F,Elementary education,236
2013,Number,Ugljevik,Both sexes,Elementary education,2942
2013,Number,Ugljevik,M,Elementary education,1398
2013,Number,Ugljevik,F,Elementary education,1544
2013,Number,Foca,Both sexes,Elementary education,2975
2013,Number,Foca,M,Elementary education,1305
2013,Number,Foca,F,Elementary education,1670
2013,Number,Han Pijesak,Both sexes,Elementary education,686
2013,Number,Han Pijesak,M,Elementary education,275
2013,Number,Han Pijesak,F,Elementary education,411
2013,Number,Cajnice,Both sexes,Elementary education,981
2013,Number,Cajnice,M,Elementary education,436
2013,Number,Cajnice,F,Elementary education,545
2013,Number,Celinac,Both sexes,Elementary education,3312
2013,Number,Celinac,M,Elementary education,1626
2013,Number,Celinac,F,Elementary education,1686
2013,Number,Samac,Both sexes,Elementary education,3511
2013,Number,Samac,M,Elementary education,1521
2013,Number,Samac,F,Elementary education,1990
2013,Number,Sekovici,Both sexes,Elementary education,1397
2013,Number,Sekovici,M,Elementary education,610
2013,Number,Sekovici,F,Elementary education,787
2013,Number,Sipovo,Both sexes,Elementary education,1848
2013,Number,Sipovo,M,Elementary education,882
2013,Number,Sipovo,F,Elementary education,966
2013,Number,Republika Srpska,Both sexes,High school education,508414
2013,Number,Republika Srpska,M,High school education,280747
2013,Number,Republika Srpska,F,High school education,227667
2013,Number,City of Banja Luka,Both sexes,High school education,83044
2013,Number,City of Banja Luka,M,High school education,42327
2013,Number,City of Banja Luka,F,High school education,40717
2013,Number,Berkovici,Both sexes,High school education,771
2013,Number,Berkovici,M,High school education,446
2013,Number,Berkovici,F,High school education,325
2013,Number,City of Bijeljina,Both sexes,High school education,43231
2013,Number,City of Bijeljina,M,High school education,23560
2013,Number,City of Bijeljina,F,High school education,19671
2013,Number,Bileca,Both sexes,High school education,4799
2013,Number,Bileca,M,High school education,2692
2013,Number,Bileca,F,High school education,2107
2013,Number,Bratunac,Both sexes,High school education,7868
2013,Number,Bratunac,M,High school education,4649
2013,Number,Bratunac,F,High school education,3219
2013,Number,Brod,Both sexes,High school education,7331
2013,Number,Brod,M,High school education,4080
2013,Number,Brod,F,High school education,3251
2013,Number,Visegrad,Both sexes,High school education,4635
2013,Number,Visegrad,M,High school education,2672
2013,Number,Visegrad,F,High school education,1963
2013,Number,Vlasenica,Both sexes,High school education,4607
2013,Number,Vlasenica,M,High school education,2596
2013,Number,Vlasenica,F,High school education,2011
2013,Number,Vukosavlje,Both sexes,High school education,1504
2013,Number,Vukosavlje,M,High school education,919
2013,Number,Vukosavlje,F,High school education,585
2013,Number,Gacko,Both sexes,High school education,3801
2013,Number,Gacko,M,High school education,2151
2013,Number,Gacko,F,High school education,1650
2013,Number,City of Gradiska,Both sexes,High school education,21633
2013,Number,City of Gradiska,M,High school education,11815
2013,Number,City of Gradiska,F,High school education,9818
2013,Number,City of Derventa,Both sexes,High school education,10884
2013,Number,City of Derventa,M,High school education,6033
2013,Number,City of Derventa,F,High school education,4851
2013,Number,City of Doboj,Both sexes,High school education,29051
2013,Number,City of Doboj,M,High school education,16192
2013,Number,City of Doboj,F,High school education,12859
2013,Number,Donji Zabar,Both sexes,High school education,1261
2013,Number,Donji Zabar,M,High school education,739
2013,Number,Donji Zabar,F,High school education,522
2013,Number,City of Zvornik,Both sexes,High school education,21815
2013,Number,City of Zvornik,M,High school education,12776
2013,Number,City of Zvornik,F,High school education,9039
2013,Number,East Ilidza,Both sexes,High school education,7474
2013,Number,East Ilidza,M,High school education,4082
2013,Number,East Ilidza,F,High school education,3392
2013,Number,East Drvar,Both sexes,High school education,29
2013,Number,East Drvar,M,High school education,24
2013,Number,East Drvar,F,High school education,5
2013,Number,East Mostar,Both sexes,High school education,99
2013,Number,East Mostar,M,High school education,65
2013,Number,East Mostar,F,High school education,34
2013,Number,East Stari Grad,Both sexes,High school education,548
2013,Number,East Stari Grad,M,High school education,329
2013,Number,East Stari Grad,F,High school education,219
2013,Number,East Novo Sarajevo,Both sexes,High school education,5073
2013,Number,East Novo Sarajevo,M,High school education,2656
2013,Number,East Novo Sarajevo,F,High school education,2417
2013,Number,Jezero,Both sexes,High school education,435
2013,Number,Jezero,M,High school education,273
2013,Number,Jezero,F,High school education,162
2013,Number,Kalinovik,Both sexes,High school education,881
2013,Number,Kalinovik,M,High school education,551
2013,Number,Kalinovik,F,High school education,330
2013,Number,Knezevo,Both sexes,High school education,3485
2013,Number,Knezevo,M,High school education,2026
2013,Number,Knezevo,F,High school education,1459
2013,Number,Kozarska Dubica,Both sexes,High school education,9698
2013,Number,Kozarska Dubica,M,High school education,5259
2013,Number,Kozarska Dubica,F,High school education,4439
2013,Number,Kostajnica,Both sexes,High school education,2798
2013,Number,Kostajnica,M,High school education,1545
2013,Number,Kostajnica,F,High school education,1253
2013,Number,Kotor Varos,Both sexes,High school education,7807
2013,Number,Kotor Varos,M,High school education,4380
2013,Number,Kotor Varos,F,High school education,3427
2013,Number,Krupa Na Uni,Both sexes,High school education,355
2013,Number,Krupa Na Uni,M,High school education,236
2013,Number,Krupa Na Uni,F,High school education,119
2013,Number,Kupres,Both sexes,High school education,84
2013,Number,Kupres,M,High school education,59
2013,Number,Kupres,F,High school education,25
2013,Number,Laktasi,Both sexes,High school education,15658
2013,Number,Laktasi,M,High school education,8480
2013,Number,Laktasi,F,High school education,7178
2013,Number,Lopare,Both sexes,High school education,5477
2013,Number,Lopare,M,High school education,3169
2013,Number,Lopare,F,High school education,2308
2013,Number,Ljubinje,Both sexes,High school education,1432
2013,Number,Ljubinje,M,High school education,800
2013,Number,Ljubinje,F,High school education,632
2013,Number,Milici,Both sexes,High school education,4441
2013,Number,Milici,M,High school education,2743
2013,Number,Milici,F,High school education,1698
2013,Number,Modrica,Both sexes,High school education,9850
2013,Number,Modrica,M,High school education,5470
2013,Number,Modrica,F,High school education,4380
2013,Number,Mrkonjic Grad,Both sexes,High school education,6479
2013,Number,Mrkonjic Grad,M,High school education,3500
2013,Number,Mrkonjic Grad,F,High school education,2979
2013,Number,Nevesinje,Both sexes,High school education,5592
2013,Number,Nevesinje,M,High school education,3261
2013,Number,Nevesinje,F,High school education,2331
2013,Number,Novi Grad,Both sexes,High school education,11197
2013,Number,Novi Grad,M,High school education,6273
2013,Number,Novi Grad,F,High school education,4924
2013,Number,Novo Gorazde,Both sexes,High school education,1533
2013,Number,Novo Gorazde,M,High school education,952
2013,Number,Novo Gorazde,F,High school education,581
2013,Number,Osmaci,Both sexes,High school education,2300
2013,Number,Osmaci,M,High school education,1406
2013,Number,Osmaci,F,High school education,894
2013,Number,Ostra Luka,Both sexes,High school education,954
2013,Number,Ostra Luka,M,High school education,578
2013,Number,Ostra Luka,F,High school education,376
2013,Number,Pale,Both sexes,High school education,10069
2013,Number,Pale,M,High school education,5373
2013,Number,Pale,F,High school education,4696
2013,Number,Pelagicevo,Both sexes,High school education,1264
2013,Number,Pelagicevo,M,High school education,726
2013,Number,Pelagicevo,F,High school education,538
2013,Number,Petrovac,Both sexes,High school education,169
2013,Number,Petrovac,M,High school education,96
2013,Number,Petrovac,F,High school education,73
2013,Number,Petrovo,Both sexes,High school education,2821
2013,Number,Petrovo,M,High school education,1664
2013,Number,Petrovo,F,High school education,1157
2013,Number,City of Prijedor,Both sexes,High school education,37714
2013,Number,City of Prijedor,M,High school education,20808
2013,Number,City of Prijedor,F,High school education,16906
2013,Number,Prnjavor,Both sexes,High school education,12669
2013,Number,Prnjavor,M,High school education,7015
2013,Number,Prnjavor,F,High school education,5654
2013,Number,Ribnik,Both sexes,High school education,2154
2013,Number,Ribnik,M,High school education,1291
2013,Number,Ribnik,F,High school education,863
2013,Number,Rogatica,Both sexes,High school education,4652
2013,Number,Rogatica,M,High school education,2694
2013,Number,Rogatica,F,High school education,1958
2013,Number,Rudo,Both sexes,High school education,3609
2013,Number,Rudo,M,High school education,2200
2013,Number,Rudo,F,High school education,1409
2013,Number,Sokolac,Both sexes,High school education,5543
2013,Number,Sokolac,M,High school education,3105
2013,Number,Sokolac,F,High school education,2438
2013,Number,Srbac,Both sexes,High school education,6472
2013,Number,Srbac,M,High school education,3466
2013,Number,Srbac,F,High school education,3006
2013,Number,Srebrenica,Both sexes,High school education,4716
2013,Number,Srebrenica,M,High school education,2832
2013,Number,Srebrenica,F,High school education,1884
2013,Number,Teslic,Both sexes,High school education,14063
2013,Number,Teslic,M,High school education,8090
2013,Number,Teslic,F,High school education,5973
2013,Number,City of Trebinje,Both sexes,High school education,13551
2013,Number,City of Trebinje,M,High school education,7183
2013,Number,City of Trebinje,F,High school education,6368
2013,Number,Trnovo,Both sexes,High school education,942
2013,Number,Trnovo,M,High school education,576
2013,Number,Trnovo,F,High school education,366
2013,Number,Ugljevik,Both sexes,High school education,6085
2013,Number,Ugljevik,M,High school education,3558
2013,Number,Ugljevik,F,High school education,2527
2013,Number,Foca,Both sexes,High school education,8378
2013,Number,Foca,M,High school education,4841
2013,Number,Foca,F,High school education,3537
2013,Number,Han Pijesak,Both sexes,High school education,1514
2013,Number,Han Pijesak,M,High school education,846
2013,Number,Han Pijesak,F,High school education,668
2013,Number,Cajnice,Both sexes,High school education,1993
2013,Number,Cajnice,M,High school education,1187
2013,Number,Cajnice,F,High school education,806
2013,Number,Celinac,Both sexes,High school education,6411
2013,Number,Celinac,M,High school education,3550
2013,Number,Celinac,F,High school education,2861
2013,Number,Samac,Both sexes,High school education,6680
2013,Number,Samac,M,High school education,3735
2013,Number,Samac,F,High school education,2945
2013,Number,Sekovici,Both sexes,High school education,2601
2013,Number,Sekovici,M,High school education,1563
2013,Number,Sekovici,F,High school education,1038
2013,Number,Sipovo,Both sexes,High school education,4430
2013,Number,Sipovo,M,High school education,2584
2013,Number,Sipovo,F,High school education,1846
2013,Number,Republika Srpska,Both sexes,Specialization after high school,7618
2013,Number,Republika Srpska,M,Specialization after high school,6324
2013,Number,Republika Srpska,F,Specialization after high school,1294
2013,Number,City of Banja Luka,Both sexes,Specialization after high school,1552
2013,Number,City of Banja Luka,M,Specialization after high school,1261
2013,Number,City of Banja Luka,F,Specialization after high school,291
2013,Number,Berkovici,Both sexes,Specialization after high school,11
2013,Number,Berkovici,M,Specialization after high school,11
2013,Number,Berkovici,F,Specialization after high school,0
2013,Number,City of Bijeljina,Both sexes,Specialization after high school,564
2013,Number,City of Bijeljina,M,Specialization after high school,485
2013,Number,City of Bijeljina,F,Specialization after high school,79
2013,Number,Bileca,Both sexes,Specialization after high school,68
2013,Number,Bileca,M,Specialization after high school,56
2013,Number,Bileca,F,Specialization after high school,12
2013,Number,Bratunac,Both sexes,Specialization after high school,77
2013,Number,Bratunac,M,Specialization after high school,61
2013,Number,Bratunac,F,Specialization after high school,16
2013,Number,Brod,Both sexes,Specialization after high school,187
2013,Number,Brod,M,Specialization after high school,160
2013,Number,Brod,F,Specialization after high school,27
2013,Number,Visegrad,Both sexes,Specialization after high school,137
2013,Number,Visegrad,M,Specialization after high school,120
2013,Number,Visegrad,F,Specialization after high school,17
2013,Number,Vlasenica,Both sexes,Specialization after high school,28
2013,Number,Vlasenica,M,Specialization after high school,21
2013,Number,Vlasenica,F,Specialization after high school,7
2013,Number,Vukosavlje,Both sexes,Specialization after high school,14
2013,Number,Vukosavlje,M,Specialization after high school,12
2013,Number,Vukosavlje,F,Specialization after high school,2
2013,Number,Gacko,Both sexes,Specialization after high school,269
2013,Number,Gacko,M,Specialization after high school,249
2013,Number,Gacko,F,Specialization after high school,20
2013,Number,City of Gradiska,Both sexes,Specialization after high school,192
2013,Number,City of Gradiska,M,Specialization after high school,142
2013,Number,City of Gradiska,F,Specialization after high school,50
2013,Number,City of Derventa,Both sexes,Specialization after high school,120
2013,Number,City of Derventa,M,Specialization after high school,94
2013,Number,City of Derventa,F,Specialization after high school,26
2013,Number,City of Doboj,Both sexes,Specialization after high school,507
2013,Number,City of Doboj,M,Specialization after high school,448
2013,Number,City of Doboj,F,Specialization after high school,59
2013,Number,Donji Zabar,Both sexes,Specialization after high school,10
2013,Number,Donji Zabar,M,Specialization after high school,8
2013,Number,Donji Zabar,F,Specialization after high school,2
2013,Number,City of Zvornik,Both sexes,Specialization after high school,277
2013,Number,City of Zvornik,M,Specialization after high school,244
2013,Number,City of Zvornik,F,Specialization after high school,33
2013,Number,East Ilidza,Both sexes,Specialization after high school,140
2013,Number,East Ilidza,M,Specialization after high school,123
2013,Number,East Ilidza,F,Specialization after high school,17
2013,Number,East Drvar,Both sexes,Specialization after high school,1
2013,Number,East Drvar,M,Specialization after high school,0
2013,Number,East Drvar,F,Specialization after high school,1
2013,Number,East Mostar,Both sexes,Specialization after high school,0
2013,Number,East Mostar,M,Specialization after high school,0
2013,Number,East Mostar,F,Specialization after high school,0
2013,Number,East Stari Grad,Both sexes,Specialization after high school,16
2013,Number,East Stari Grad,M,Specialization after high school,15
2013,Number,East Stari Grad,F,Specialization after high school,1
2013,Number,East Novo Sarajevo,Both sexes,Specialization after high school,81
2013,Number,East Novo Sarajevo,M,Specialization after high school,69
2013,Number,East Novo Sarajevo,F,Specialization after high school,12
2013,Number,Jezero,Both sexes,Specialization after high school,1
2013,Number,Jezero,M,Specialization after high school,1
2013,Number,Jezero,F,Specialization after high school,0
2013,Number,Kalinovik,Both sexes,Specialization after high school,16
2013,Number,Kalinovik,M,Specialization after high school,13
2013,Number,Kalinovik,F,Specialization after high school,3
2013,Number,Knezevo,Both sexes,Specialization after high school,12
2013,Number,Knezevo,M,Specialization after high school,11
2013,Number,Knezevo,F,Specialization after high school,1
2013,Number,Kozarska Dubica,Both sexes,Specialization after high school,91
2013,Number,Kozarska Dubica,M,Specialization after high school,64
2013,Number,Kozarska Dubica,F,Specialization after high school,27
2013,Number,Kostajnica,Both sexes,Specialization after high school,23
2013,Number,Kostajnica,M,Specialization after high school,18
2013,Number,Kostajnica,F,Specialization after high school,5
2013,Number,Kotor Varos,Both sexes,Specialization after high school,74
2013,Number,Kotor Varos,M,Specialization after high school,52
2013,Number,Kotor Varos,F,Specialization after high school,22
2013,Number,Krupa Na Uni,Both sexes,Specialization after high school,5
2013,Number,Krupa Na Uni,M,Specialization after high school,3
2013,Number,Krupa Na Uni,F,Specialization after high school,2
2013,Number,Kupres,Both sexes,Specialization after high school,1
2013,Number,Kupres,M,Specialization after high school,0
2013,Number,Kupres,F,Specialization after high school,1
2013,Number,Laktasi,Both sexes,Specialization after high school,169
2013,Number,Laktasi,M,Specialization after high school,141
2013,Number,Laktasi,F,Specialization after high school,28
2013,Number,Lopare,Both sexes,Specialization after high school,64
2013,Number,Lopare,M,Specialization after high school,45
2013,Number,Lopare,F,Specialization after high school,19
2013,Number,Ljubinje,Both sexes,Specialization after high school,81
2013,Number,Ljubinje,M,Specialization after high school,72
2013,Number,Ljubinje,F,Specialization after high school,9
2013,Number,Milici,Both sexes,Specialization after high school,15
2013,Number,Milici,M,Specialization after high school,10
2013,Number,Milici,F,Specialization after high school,5
2013,Number,Modrica,Both sexes,Specialization after high school,132
2013,Number,Modrica,M,Specialization after high school,103
2013,Number,Modrica,F,Specialization after high school,29
2013,Number,Mrkonjic Grad,Both sexes,Specialization after high school,89
2013,Number,Mrkonjic Grad,M,Specialization after high school,71
2013,Number,Mrkonjic Grad,F,Specialization after high school,18
2013,Number,Nevesinje,Both sexes,Specialization after high school,56
2013,Number,Nevesinje,M,Specialization after high school,51
2013,Number,Nevesinje,F,Specialization after high school,5
2013,Number,Novi Grad,Both sexes,Specialization after high school,104
2013,Number,Novi Grad,M,Specialization after high school,75
2013,Number,Novi Grad,F,Specialization after high school,29
2013,Number,Novo Gorazde,Both sexes,Specialization after high school,10
2013,Number,Novo Gorazde,M,Specialization after high school,10
2013,Number,Novo Gorazde,F,Specialization after high school,0
2013,Number,Osmaci,Both sexes,Specialization after high school,15
2013,Number,Osmaci,M,Specialization after high school,12
2013,Number,Osmaci,F,Specialization after high school,3
2013,Number,Ostra Luka,Both sexes,Specialization after high school,13
2013,Number,Ostra Luka,M,Specialization after high school,11
2013,Number,Ostra Luka,F,Specialization after high school,2
2013,Number,Pale,Both sexes,Specialization after high school,247
2013,Number,Pale,M,Specialization after high school,205
2013,Number,Pale,F,Specialization after high school,42
2013,Number,Pelagicevo,Both sexes,Specialization after high school,4
2013,Number,Pelagicevo,M,Specialization after high school,3
2013,Number,Pelagicevo,F,Specialization after high school,1
2013,Number,Petrovac,Both sexes,Specialization after high school,0
2013,Number,Petrovac,M,Specialization after high school,0
2013,Number,Petrovac,F,Specialization after high school,0
2013,Number,Petrovo,Both sexes,Specialization after high school,79
2013,Number,Petrovo,M,Specialization after high school,74
2013,Number,Petrovo,F,Specialization after high school,5
2013,Number,City of Prijedor,Both sexes,Specialization after high school,666
2013,Number,City of Prijedor,M,Specialization after high school,492
2013,Number,City of Prijedor,F,Specialization after high school,174
2013,Number,Prnjavor,Both sexes,Specialization after high school,112
2013,Number,Prnjavor,M,Specialization after high school,83
2013,Number,Prnjavor,F,Specialization after high school,29
2013,Number,Ribnik,Both sexes,Specialization after high school,14
2013,Number,Ribnik,M,Specialization after high school,13
2013,Number,Ribnik,F,Specialization after high school,1
2013,Number,Rogatica,Both sexes,Specialization after high school,56
2013,Number,Rogatica,M,Specialization after high school,49
2013,Number,Rogatica,F,Specialization after high school,7
2013,Number,Rudo,Both sexes,Specialization after high school,12
2013,Number,Rudo,M,Specialization after high school,11
2013,Number,Rudo,F,Specialization after high school,1
2013,Number,Sokolac,Both sexes,Specialization after high school,71
2013,Number,Sokolac,M,Specialization after high school,57
2013,Number,Sokolac,F,Specialization after high school,14
2013,Number,Srbac,Both sexes,Specialization after high school,61
2013,Number,Srbac,M,Specialization after high school,46
2013,Number,Srbac,F,Specialization after high school,15
2013,Number,Srebrenica,Both sexes,Specialization after high school,33
2013,Number,Srebrenica,M,Specialization after high school,26
2013,Number,Srebrenica,F,Specialization after high school,7
2013,Number,Teslic,Both sexes,Specialization after high school,170
2013,Number,Teslic,M,Specialization after high school,138
2013,Number,Teslic,F,Specialization after high school,32
2013,Number,City of Trebinje,Both sexes,Specialization after high school,432
2013,Number,City of Trebinje,M,Specialization after high school,394
2013,Number,City of Trebinje,F,Specialization after high school,38
2013,Number,Trnovo,Both sexes,Specialization after high school,15
2013,Number,Trnovo,M,Specialization after high school,13
2013,Number,Trnovo,F,Specialization after high school,2
2013,Number,Ugljevik,Both sexes,Specialization after high school,97
2013,Number,Ugljevik,M,Specialization after high school,89
2013,Number,Ugljevik,F,Specialization after high school,8
2013,Number,Foca,Both sexes,Specialization after high school,107
2013,Number,Foca,M,Specialization after high school,93
2013,Number,Foca,F,Specialization after high school,14
2013,Number,Han Pijesak,Both sexes,Specialization after high school,20
2013,Number,Han Pijesak,M,Specialization after high school,20
2013,Number,Han Pijesak,F,Specialization after high school,0
2013,Number,Cajnice,Both sexes,Specialization after high school,38
2013,Number,Cajnice,M,Specialization after high school,37
2013,Number,Cajnice,F,Specialization after high school,1
2013,Number,Celinac,Both sexes,Specialization after high school,69
2013,Number,Celinac,M,Specialization after high school,62
2013,Number,Celinac,F,Specialization after high school,7
2013,Number,Samac,Both sexes,Specialization after high school,55
2013,Number,Samac,M,Specialization after high school,41
2013,Number,Samac,F,Specialization after high school,14
2013,Number,Sekovici,Both sexes,Specialization after high school,16
2013,Number,Sekovici,M,Specialization after high school,16
2013,Number,Sekovici,F,Specialization after high school,0
2013,Number,Sipovo,Both sexes,Specialization after high school,22
2013,Number,Sipovo,M,Specialization after high school,20
2013,Number,Sipovo,F,Specialization after high school,2
2013,Number,Republika Srpska,Both sexes,Higher school or first deegre university education,33960
2013,Number,Republika Srpska,M,Higher school or first deegre university education,19142
2013,Number,Republika Srpska,F,Higher school or first deegre university education,14818
2013,Number,City of Banja Luka,Both sexes,Higher school or first deegre university education,7972
2013,Number,City of Banja Luka,M,Higher school or first deegre university education,4272
2013,Number,City of Banja Luka,F,Higher school or first deegre university education,3700
2013,Number,Berkovici,Both sexes,Higher school or first deegre university education,47
2013,Number,Berkovici,M,Higher school or first deegre university education,34
2013,Number,Berkovici,F,Higher school or first deegre university education,13
2013,Number,City of Bijeljina,Both sexes,Higher school or first deegre university education,3354
2013,Number,City of Bijeljina,M,Higher school or first deegre university education,1805
2013,Number,City of Bijeljina,F,Higher school or first deegre university education,1549
2013,Number,Bileca,Both sexes,Higher school or first deegre university education,434
2013,Number,Bileca,M,Higher school or first deegre university education,249
2013,Number,Bileca,F,Higher school or first deegre university education,185
2013,Number,Bratunac,Both sexes,Higher school or first deegre university education,399
2013,Number,Bratunac,M,Higher school or first deegre university education,230
2013,Number,Bratunac,F,Higher school or first deegre university education,169
2013,Number,Brod,Both sexes,Higher school or first deegre university education,374
2013,Number,Brod,M,Higher school or first deegre university education,215
2013,Number,Brod,F,Higher school or first deegre university education,159
2013,Number,Visegrad,Both sexes,Higher school or first deegre university education,375
2013,Number,Visegrad,M,Higher school or first deegre university education,196
2013,Number,Visegrad,F,Higher school or first deegre university education,179
2013,Number,Vlasenica,Both sexes,Higher school or first deegre university education,200
2013,Number,Vlasenica,M,Higher school or first deegre university education,123
2013,Number,Vlasenica,F,Higher school or first deegre university education,77
2013,Number,Vukosavlje,Both sexes,Higher school or first deegre university education,39
2013,Number,Vukosavlje,M,Higher school or first deegre university education,25
2013,Number,Vukosavlje,F,Higher school or first deegre university education,14
2013,Number,Gacko,Both sexes,Higher school or first deegre university education,335
2013,Number,Gacko,M,Higher school or first deegre university education,191
2013,Number,Gacko,F,Higher school or first deegre university education,144
2013,Number,City of Gradiska,Both sexes,Higher school or first deegre university education,1222
2013,Number,City of Gradiska,M,Higher school or first deegre university education,658
2013,Number,City of Gradiska,F,Higher school or first deegre university education,564
2013,Number,City of Derventa,Both sexes,Higher school or first deegre university education,542
2013,Number,City of Derventa,M,Higher school or first deegre university education,331
2013,Number,City of Derventa,F,Higher school or first deegre university education,211
2013,Number,City of Doboj,Both sexes,Higher school or first deegre university education,1827
2013,Number,City of Doboj,M,Higher school or first deegre university education,1078
2013,Number,City of Doboj,F,Higher school or first deegre university education,749
2013,Number,Donji Zabar,Both sexes,Higher school or first deegre university education,37
2013,Number,Donji Zabar,M,Higher school or first deegre university education,23
2013,Number,Donji Zabar,F,Higher school or first deegre university education,14
2013,Number,City of Zvornik,Both sexes,Higher school or first deegre university education,1283
2013,Number,City of Zvornik,M,Higher school or first deegre university education,716
2013,Number,City of Zvornik,F,Higher school or first deegre university education,567
2013,Number,East Ilidza,Both sexes,Higher school or first deegre university education,513
2013,Number,East Ilidza,M,Higher school or first deegre university education,315
2013,Number,East Ilidza,F,Higher school or first deegre university education,198
2013,Number,East Drvar,Both sexes,Higher school or first deegre university education,5
2013,Number,East Drvar,M,Higher school or first deegre university education,5
2013,Number,East Drvar,F,Higher school or first deegre university education,0
2013,Number,East Mostar,Both sexes,Higher school or first deegre university education,2
2013,Number,East Mostar,M,Higher school or first deegre university education,2
2013,Number,East Mostar,F,Higher school or first deegre university education,0
2013,Number,East Stari Grad,Both sexes,Higher school or first deegre university education,27
2013,Number,East Stari Grad,M,Higher school or first deegre university education,14
2013,Number,East Stari Grad,F,Higher school or first deegre university education,13
2013,Number,East Novo Sarajevo,Both sexes,Higher school or first deegre university education,375
2013,Number,East Novo Sarajevo,M,Higher school or first deegre university education,225
2013,Number,East Novo Sarajevo,F,Higher school or first deegre university education,150
2013,Number,Jezero,Both sexes,Higher school or first deegre university education,16
2013,Number,Jezero,M,Higher school or first deegre university education,10
2013,Number,Jezero,F,Higher school or first deegre university education,6
2013,Number,Kalinovik,Both sexes,Higher school or first deegre university education,58
2013,Number,Kalinovik,M,Higher school or first deegre university education,41
2013,Number,Kalinovik,F,Higher school or first deegre university education,17
2013,Number,Knezevo,Both sexes,Higher school or first deegre university education,125
2013,Number,Knezevo,M,Higher school or first deegre university education,93
2013,Number,Knezevo,F,Higher school or first deegre university education,32
2013,Number,Kozarska Dubica,Both sexes,Higher school or first deegre university education,644
2013,Number,Kozarska Dubica,M,Higher school or first deegre university education,345
2013,Number,Kozarska Dubica,F,Higher school or first deegre university education,299
2013,Number,Kostajnica,Both sexes,Higher school or first deegre university education,206
2013,Number,Kostajnica,M,Higher school or first deegre university education,94
2013,Number,Kostajnica,F,Higher school or first deegre university education,112
2013,Number,Kotor Varos,Both sexes,Higher school or first deegre university education,225
2013,Number,Kotor Varos,M,Higher school or first deegre university education,144
2013,Number,Kotor Varos,F,Higher school or first deegre university education,81
2013,Number,Krupa Na Uni,Both sexes,Higher school or first deegre university education,11
2013,Number,Krupa Na Uni,M,Higher school or first deegre university education,6
2013,Number,Krupa Na Uni,F,Higher school or first deegre university education,5
2013,Number,Kupres,Both sexes,Higher school or first deegre university education,2
2013,Number,Kupres,M,Higher school or first deegre university education,2
2013,Number,Kupres,F,Higher school or first deegre university education,0
2013,Number,Laktasi,Both sexes,Higher school or first deegre university education,822
2013,Number,Laktasi,M,Higher school or first deegre university education,462
2013,Number,Laktasi,F,Higher school or first deegre university education,360
2013,Number,Lopare,Both sexes,Higher school or first deegre university education,217
2013,Number,Lopare,M,Higher school or first deegre university education,133
2013,Number,Lopare,F,Higher school or first deegre university education,84
2013,Number,Ljubinje,Both sexes,Higher school or first deegre university education,126
2013,Number,Ljubinje,M,Higher school or first deegre university education,69
2013,Number,Ljubinje,F,Higher school or first deegre university education,57
2013,Number,Milici,Both sexes,Higher school or first deegre university education,213
2013,Number,Milici,M,Higher school or first deegre university education,113
2013,Number,Milici,F,Higher school or first deegre university education,100
2013,Number,Modrica,Both sexes,Higher school or first deegre university education,483
2013,Number,Modrica,M,Higher school or first deegre university education,303
2013,Number,Modrica,F,Higher school or first deegre university education,180
2013,Number,Mrkonjic Grad,Both sexes,Higher school or first deegre university education,350
2013,Number,Mrkonjic Grad,M,Higher school or first deegre university education,204
2013,Number,Mrkonjic Grad,F,Higher school or first deegre university education,146
2013,Number,Nevesinje,Both sexes,Higher school or first deegre university education,384
2013,Number,Nevesinje,M,Higher school or first deegre university education,236
2013,Number,Nevesinje,F,Higher school or first deegre university education,148
2013,Number,Novi Grad,Both sexes,Higher school or first deegre university education,714
2013,Number,Novi Grad,M,Higher school or first deegre university education,366
2013,Number,Novi Grad,F,Higher school or first deegre university education,348
2013,Number,Novo Gorazde,Both sexes,Higher school or first deegre university education,48
2013,Number,Novo Gorazde,M,Higher school or first deegre university education,39
2013,Number,Novo Gorazde,F,Higher school or first deegre university education,9
2013,Number,Osmaci,Both sexes,Higher school or first deegre university education,65
2013,Number,Osmaci,M,Higher school or first deegre university education,48
2013,Number,Osmaci,F,Higher school or first deegre university education,17
2013,Number,Ostra Luka,Both sexes,Higher school or first deegre university education,36
2013,Number,Ostra Luka,M,Higher school or first deegre university education,16
2013,Number,Ostra Luka,F,Higher school or first deegre university education,20
2013,Number,Pale,Both sexes,Higher school or first deegre university education,645
2013,Number,Pale,M,Higher school or first deegre university education,389
2013,Number,Pale,F,Higher school or first deegre university education,256
2013,Number,Pelagicevo,Both sexes,Higher school or first deegre university education,81
2013,Number,Pelagicevo,M,Higher school or first deegre university education,44
2013,Number,Pelagicevo,F,Higher school or first deegre university education,37
2013,Number,Petrovac,Both sexes,Higher school or first deegre university education,11
2013,Number,Petrovac,M,Higher school or first deegre university education,6
2013,Number,Petrovac,F,Higher school or first deegre university education,5
2013,Number,Petrovo,Both sexes,Higher school or first deegre university education,166
2013,Number,Petrovo,M,Higher school or first deegre university education,109
2013,Number,Petrovo,F,Higher school or first deegre university education,57
2013,Number,City of Prijedor,Both sexes,Higher school or first deegre university education,2448
2013,Number,City of Prijedor,M,Higher school or first deegre university education,1252
2013,Number,City of Prijedor,F,Higher school or first deegre university education,1196
2013,Number,Prnjavor,Both sexes,Higher school or first deegre university education,670
2013,Number,Prnjavor,M,Higher school or first deegre university education,388
2013,Number,Prnjavor,F,Higher school or first deegre university education,282
2013,Number,Ribnik,Both sexes,Higher school or first deegre university education,99
2013,Number,Ribnik,M,Higher school or first deegre university education,68
2013,Number,Ribnik,F,Higher school or first deegre university education,31
2013,Number,Rogatica,Both sexes,Higher school or first deegre university education,315
2013,Number,Rogatica,M,Higher school or first deegre university education,209
2013,Number,Rogatica,F,Higher school or first deegre university education,106
2013,Number,Rudo,Both sexes,Higher school or first deegre university education,277
2013,Number,Rudo,M,Higher school or first deegre university education,175
2013,Number,Rudo,F,Higher school or first deegre university education,102
2013,Number,Sokolac,Both sexes,Higher school or first deegre university education,393
2013,Number,Sokolac,M,Higher school or first deegre university education,237
2013,Number,Sokolac,F,Higher school or first deegre university education,156
2013,Number,Srbac,Both sexes,Higher school or first deegre university education,342
2013,Number,Srbac,M,Higher school or first deegre university education,232
2013,Number,Srbac,F,Higher school or first deegre university education,110
2013,Number,Srebrenica,Both sexes,Higher school or first deegre university education,290
2013,Number,Srebrenica,M,Higher school or first deegre university education,171
2013,Number,Srebrenica,F,Higher school or first deegre university education,119
2013,Number,Teslic,Both sexes,Higher school or first deegre university education,577
2013,Number,Teslic,M,Higher school or first deegre university education,335
2013,Number,Teslic,F,Higher school or first deegre university education,242
2013,Number,City of Trebinje,Both sexes,Higher school or first deegre university education,1442
2013,Number,City of Trebinje,M,Higher school or first deegre university education,806
2013,Number,City of Trebinje,F,Higher school or first deegre university education,636
2013,Number,Trnovo,Both sexes,Higher school or first deegre university education,52
2013,Number,Trnovo,M,Higher school or first deegre university education,37
2013,Number,Trnovo,F,Higher school or first deegre university education,15
2013,Number,Ugljevik,Both sexes,Higher school or first deegre university education,252
2013,Number,Ugljevik,M,Higher school or first deegre university education,156
2013,Number,Ugljevik,F,Higher school or first deegre university education,96
2013,Number,Foca,Both sexes,Higher school or first deegre university education,510
2013,Number,Foca,M,Higher school or first deegre university education,334
2013,Number,Foca,F,Higher school or first deegre university education,176
2013,Number,Han Pijesak,Both sexes,Higher school or first deegre university education,110
2013,Number,Han Pijesak,M,Higher school or first deegre university education,67
2013,Number,Han Pijesak,F,Higher school or first deegre university education,43
2013,Number,Cajnice,Both sexes,Higher school or first deegre university education,75
2013,Number,Cajnice,M,Higher school or first deegre university education,48
2013,Number,Cajnice,F,Higher school or first deegre university education,27
2013,Number,Celinac,Both sexes,Higher school or first deegre university education,293
2013,Number,Celinac,M,Higher school or first deegre university education,186
2013,Number,Celinac,F,Higher school or first deegre university education,107
2013,Number,Samac,Both sexes,Higher school or first deegre university education,478
2013,Number,Samac,M,Higher school or first deegre university education,265
2013,Number,Samac,F,Higher school or first deegre university education,213
2013,Number,Sekovici,Both sexes,Higher school or first deegre university education,136
2013,Number,Sekovici,M,Higher school or first deegre university education,76
2013,Number,Sekovici,F,Higher school or first deegre university education,60
2013,Number,Sipovo,Both sexes,Higher school or first deegre university education,191
2013,Number,Sipovo,M,Higher school or first deegre university education,121
2013,Number,Sipovo,F,Higher school or first deegre university education,70
2013,Number,Republika Srpska,Both sexes,University degree education or academia,87036
2013,Number,Republika Srpska,M,University degree education or academia,42562
2013,Number,Republika Srpska,F,University degree education or academia,44474
2013,Number,City of Banja Luka,Both sexes,University degree education or academia,25924
2013,Number,City of Banja Luka,M,University degree education or academia,12201
2013,Number,City of Banja Luka,F,University degree education or academia,13723
2013,Number,Berkovici,Both sexes,University degree education or academia,92
2013,Number,Berkovici,M,University degree education or academia,51
2013,Number,Berkovici,F,University degree education or academia,41
2013,Number,City of Bijeljina,Both sexes,University degree education or academia,8088
2013,Number,City of Bijeljina,M,University degree education or academia,3846
2013,Number,City of Bijeljina,F,University degree education or academia,4242
2013,Number,Bileca,Both sexes,University degree education or academia,791
2013,Number,Bileca,M,University degree education or academia,443
2013,Number,Bileca,F,University degree education or academia,348
2013,Number,Bratunac,Both sexes,University degree education or academia,1014
2013,Number,Bratunac,M,University degree education or academia,515
2013,Number,Bratunac,F,University degree education or academia,499
2013,Number,Brod,Both sexes,University degree education or academia,801
2013,Number,Brod,M,University degree education or academia,389
2013,Number,Brod,F,University degree education or academia,412
2013,Number,Visegrad,Both sexes,University degree education or academia,818
2013,Number,Visegrad,M,University degree education or academia,410
2013,Number,Visegrad,F,University degree education or academia,408
2013,Number,Vlasenica,Both sexes,University degree education or academia,641
2013,Number,Vlasenica,M,University degree education or academia,316
2013,Number,Vlasenica,F,University degree education or academia,325
2013,Number,Vukosavlje,Both sexes,University degree education or academia,97
2013,Number,Vukosavlje,M,University degree education or academia,55
2013,Number,Vukosavlje,F,University degree education or academia,42
2013,Number,Gacko,Both sexes,University degree education or academia,812
2013,Number,Gacko,M,University degree education or academia,413
2013,Number,Gacko,F,University degree education or academia,399
2013,Number,City of Gradiska,Both sexes,University degree education or academia,2538
2013,Number,City of Gradiska,M,University degree education or academia,1270
2013,Number,City of Gradiska,F,University degree education or academia,1268
2013,Number,City of Derventa,Both sexes,University degree education or academia,1242
2013,Number,City of Derventa,M,University degree education or academia,598
2013,Number,City of Derventa,F,University degree education or academia,644
2013,Number,City of Doboj,Both sexes,University degree education or academia,4634
2013,Number,City of Doboj,M,University degree education or academia,2420
2013,Number,City of Doboj,F,University degree education or academia,2214
2013,Number,Donji Zabar,Both sexes,University degree education or academia,100
2013,Number,Donji Zabar,M,University degree education or academia,59
2013,Number,Donji Zabar,F,University degree education or academia,41
2013,Number,City of Zvornik,Both sexes,University degree education or academia,2964
2013,Number,City of Zvornik,M,University degree education or academia,1529
2013,Number,City of Zvornik,F,University degree education or academia,1435
2013,Number,East Ilidza,Both sexes,University degree education or academia,1844
2013,Number,East Ilidza,M,University degree education or academia,802
2013,Number,East Ilidza,F,University degree education or academia,1042
2013,Number,East Drvar,Both sexes,University degree education or academia,10
2013,Number,East Drvar,M,University degree education or academia,8
2013,Number,East Drvar,F,University degree education or academia,2
2013,Number,East Mostar,Both sexes,University degree education or academia,14
2013,Number,East Mostar,M,University degree education or academia,7
2013,Number,East Mostar,F,University degree education or academia,7
2013,Number,East Stari Grad,Both sexes,University degree education or academia,53
2013,Number,East Stari Grad,M,University degree education or academia,21
2013,Number,East Stari Grad,F,University degree education or academia,32
2013,Number,East Novo Sarajevo,Both sexes,University degree education or academia,1563
2013,Number,East Novo Sarajevo,M,University degree education or academia,745
2013,Number,East Novo Sarajevo,F,University degree education or academia,818
2013,Number,Jezero,Both sexes,University degree education or academia,30
2013,Number,Jezero,M,University degree education or academia,19
2013,Number,Jezero,F,University degree education or academia,11
2013,Number,Kalinovik,Both sexes,University degree education or academia,147
2013,Number,Kalinovik,M,University degree education or academia,85
2013,Number,Kalinovik,F,University degree education or academia,62
2013,Number,Knezevo,Both sexes,University degree education or academia,334
2013,Number,Knezevo,M,University degree education or academia,188
2013,Number,Knezevo,F,University degree education or academia,146
2013,Number,Kozarska Dubica,Both sexes,University degree education or academia,999
2013,Number,Kozarska Dubica,M,University degree education or academia,501
2013,Number,Kozarska Dubica,F,University degree education or academia,498
2013,Number,Kostajnica,Both sexes,University degree education or academia,281
2013,Number,Kostajnica,M,University degree education or academia,134
2013,Number,Kostajnica,F,University degree education or academia,147
2013,Number,Kotor Varos,Both sexes,University degree education or academia,767
2013,Number,Kotor Varos,M,University degree education or academia,408
2013,Number,Kotor Varos,F,University degree education or academia,359
2013,Number,Krupa Na Uni,Both sexes,University degree education or academia,13
2013,Number,Krupa Na Uni,M,University degree education or academia,7
2013,Number,Krupa Na Uni,F,University degree education or academia,6
2013,Number,Kupres,Both sexes,University degree education or academia,4
2013,Number,Kupres,M,University degree education or academia,3
2013,Number,Kupres,F,University degree education or academia,1
2013,Number,Laktasi,Both sexes,University degree education or academia,1729
2013,Number,Laktasi,M,University degree education or academia,829
2013,Number,Laktasi,F,University degree education or academia,900
2013,Number,Lopare,Both sexes,University degree education or academia,560
2013,Number,Lopare,M,University degree education or academia,264
2013,Number,Lopare,F,University degree education or academia,296
2013,Number,Ljubinje,Both sexes,University degree education or academia,255
2013,Number,Ljubinje,M,University degree education or academia,145
2013,Number,Ljubinje,F,University degree education or academia,110
2013,Number,Milici,Both sexes,University degree education or academia,573
2013,Number,Milici,M,University degree education or academia,295
2013,Number,Milici,F,University degree education or academia,278
2013,Number,Modrica,Both sexes,University degree education or academia,1186
2013,Number,Modrica,M,University degree education or academia,605
2013,Number,Modrica,F,University degree education or academia,581
2013,Number,Mrkonjic Grad,Both sexes,University degree education or academia,832
2013,Number,Mrkonjic Grad,M,University degree education or academia,410
2013,Number,Mrkonjic Grad,F,University degree education or academia,422
2013,Number,Nevesinje,Both sexes,University degree education or academia,856
2013,Number,Nevesinje,M,University degree education or academia,459
2013,Number,Nevesinje,F,University degree education or academia,397
2013,Number,Novi Grad,Both sexes,University degree education or academia,1243
2013,Number,Novi Grad,M,University degree education or academia,602
2013,Number,Novi Grad,F,University degree education or academia,641
2013,Number,Novo Gorazde,Both sexes,University degree education or academia,145
2013,Number,Novo Gorazde,M,University degree education or academia,71
2013,Number,Novo Gorazde,F,University degree education or academia,74
2013,Number,Osmaci,Both sexes,University degree education or academia,235
2013,Number,Osmaci,M,University degree education or academia,148
2013,Number,Osmaci,F,University degree education or academia,87
2013,Number,Ostra Luka,Both sexes,University degree education or academia,55
2013,Number,Ostra Luka,M,University degree education or academia,24
2013,Number,Ostra Luka,F,University degree education or academia,31
2013,Number,Pale,Both sexes,University degree education or academia,2538
2013,Number,Pale,M,University degree education or academia,1148
2013,Number,Pale,F,University degree education or academia,1390
2013,Number,Pelagicevo,Both sexes,University degree education or academia,94
2013,Number,Pelagicevo,M,University degree education or academia,53
2013,Number,Pelagicevo,F,University degree education or academia,41
2013,Number,Petrovac,Both sexes,University degree education or academia,26
2013,Number,Petrovac,M,University degree education or academia,13
2013,Number,Petrovac,F,University degree education or academia,13
2013,Number,Petrovo,Both sexes,University degree education or academia,259
2013,Number,Petrovo,M,University degree education or academia,134
2013,Number,Petrovo,F,University degree education or academia,125
2013,Number,City of Prijedor,Both sexes,University degree education or academia,4646
2013,Number,City of Prijedor,M,University degree education or academia,2220
2013,Number,City of Prijedor,F,University degree education or academia,2426
2013,Number,Prnjavor,Both sexes,University degree education or academia,1336
2013,Number,Prnjavor,M,University degree education or academia,627
2013,Number,Prnjavor,F,University degree education or academia,709
2013,Number,Ribnik,Both sexes,University degree education or academia,195
2013,Number,Ribnik,M,University degree education or academia,108
2013,Number,Ribnik,F,University degree education or academia,87
2013,Number,Rogatica,Both sexes,University degree education or academia,702
2013,Number,Rogatica,M,University degree education or academia,354
2013,Number,Rogatica,F,University degree education or academia,348
2013,Number,Rudo,Both sexes,University degree education or academia,454
2013,Number,Rudo,M,University degree education or academia,232
2013,Number,Rudo,F,University degree education or academia,222
2013,Number,Sokolac,Both sexes,University degree education or academia,1113
2013,Number,Sokolac,M,University degree education or academia,529
2013,Number,Sokolac,F,University degree education or academia,584
2013,Number,Srbac,Both sexes,University degree education or academia,798
2013,Number,Srbac,M,University degree education or academia,410
2013,Number,Srbac,F,University degree education or academia,388
2013,Number,Srebrenica,Both sexes,University degree education or academia,741
2013,Number,Srebrenica,M,University degree education or academia,395
2013,Number,Srebrenica,F,University degree education or academia,346
2013,Number,Teslic,Both sexes,University degree education or academia,1351
2013,Number,Teslic,M,University degree education or academia,689
2013,Number,Teslic,F,University degree education or academia,662
2013,Number,City of Trebinje,Both sexes,University degree education or academia,3262
2013,Number,City of Trebinje,M,University degree education or academia,1642
2013,Number,City of Trebinje,F,University degree education or academia,1620
2013,Number,Trnovo,Both sexes,University degree education or academia,139
2013,Number,Trnovo,M,University degree education or academia,66
2013,Number,Trnovo,F,University degree education or academia,73
2013,Number,Ugljevik,Both sexes,University degree education or academia,903
2013,Number,Ugljevik,M,University degree education or academia,443
2013,Number,Ugljevik,F,University degree education or academia,460
2013,Number,Foca,Both sexes,University degree education or academia,1422
2013,Number,Foca,M,University degree education or academia,757
2013,Number,Foca,F,University degree education or academia,665
2013,Number,Han Pijesak,Both sexes,University degree education or academia,274
2013,Number,Han Pijesak,M,University degree education or academia,138
2013,Number,Han Pijesak,F,University degree education or academia,136
2013,Number,Cajnice,Both sexes,University degree education or academia,280
2013,Number,Cajnice,M,University degree education or academia,152
2013,Number,Cajnice,F,University degree education or academia,128
2013,Number,Celinac,Both sexes,University degree education or academia,618
2013,Number,Celinac,M,University degree education or academia,290
2013,Number,Celinac,F,University degree education or academia,328
2013,Number,Samac,Both sexes,University degree education or academia,911
2013,Number,Samac,M,University degree education or academia,494
2013,Number,Samac,F,University degree education or academia,417
2013,Number,Sekovici,Both sexes,University degree education or academia,267
2013,Number,Sekovici,M,University degree education or academia,144
2013,Number,Sekovici,F,University degree education or academia,123
2013,Number,Sipovo,Both sexes,University degree education or academia,423
2013,Number,Sipovo,M,University degree education or academia,229
2013,Number,Sipovo,F,University degree education or academia,194
