Year,UNIT_MEASURE,City/municipality,Sex,Highest educational attainment,Value
2013,Number,Republika Srpska,Total,No education,58651
2013,Number,Republika Srpska,M,No education,9370
2013,Number,Republika Srpska,F,No education,49281
2013,Number,Grad Banja Luka,Total,No education,5673
2013,Number,Grad Banja Luka,M,No education,921
2013,Number,Grad Banja Luka,F,No education,4752
2013,Number,Berkovići,Total,No education,104
2013,Number,Berkovići,M,No education,8
2013,Number,Berkovići,F,No education,96
2013,Number,Grad Bijeljina,Total,No education,3916
2013,Number,Grad Bijeljina,M,No education,650
2013,Number,Grad Bijeljina,F,No education,3266
2013,Number,Bileća,Total,No education,246
2013,Number,Bileća,M,No education,42
2013,Number,Bileća,F,No education,204
2013,Number,Bratunac,Total,No education,1297
2013,Number,Bratunac,M,No education,166
2013,Number,Bratunac,F,No education,1131
2013,Number,Brod,Total,No education,586
2013,Number,Brod,M,No education,90
2013,Number,Brod,F,No education,496
2013,Number,Višegrad,Total,No education,576
2013,Number,Višegrad,M,No education,65
2013,Number,Višegrad,F,No education,511
2013,Number,Vlasenica,Total,No education,629
2013,Number,Vlasenica,M,No education,101
2013,Number,Vlasenica,F,No education,528
2013,Number,Vukosavlje,Total,No education,329
2013,Number,Vukosavlje,M,No education,69
2013,Number,Vukosavlje,F,No education,260
2013,Number,Gacko,Total,No education,268
2013,Number,Gacko,M,No education,22
2013,Number,Gacko,F,No education,246
2013,Number,Grad Gradiška,Total,No education,2608
2013,Number,Grad Gradiška,M,No education,425
2013,Number,Grad Gradiška,F,No education,2183
2013,Number,Grad Derventa,Total,No education,1538
2013,Number,Grad Derventa,M,No education,281
2013,Number,Grad Derventa,F,No education,1257
2013,Number,Grad Doboj,Total,No education,3364
2013,Number,Grad Doboj,M,No education,496
2013,Number,Grad Doboj,F,No education,2868
2013,Number,Donji Žabar,Total,No education,209
2013,Number,Donji Žabar,M,No education,37
2013,Number,Donji Žabar,F,No education,172
2013,Number,Grad Zvornik,Total,No education,3216
2013,Number,Grad Zvornik,M,No education,484
2013,Number,Grad Zvornik,F,No education,2732
2013,Number,Istočna Ilidža,Total,No education,280
2013,Number,Istočna Ilidža,M,No education,33
2013,Number,Istočna Ilidža,F,No education,247
2013,Number,Istočni Drvar,Total,No education,5
2013,Number,Istočni Drvar,M,No education,0
2013,Number,Istočni Drvar,F,No education,5
2013,Number,Istočni Mostar,Total,No education,19
2013,Number,Istočni Mostar,M,No education,1
2013,Number,Istočni Mostar,F,No education,18
2013,Number,Istočni Stari Grad,Total,No education,61
2013,Number,Istočni Stari Grad,M,No education,5
2013,Number,Istočni Stari Grad,F,No education,56
2013,Number,Istočno Novo Sarajevo,Total,No education,191
2013,Number,Istočno Novo Sarajevo,M,No education,25
2013,Number,Istočno Novo Sarajevo,F,No education,166
2013,Number,Jezero,Total,No education,79
2013,Number,Jezero,M,No education,14
2013,Number,Jezero,F,No education,65
2013,Number,Kalinovik,Total,No education,158
2013,Number,Kalinovik,M,No education,11
2013,Number,Kalinovik,F,No education,147
2013,Number,Kneževo,Total,No education,1390
2013,Number,Kneževo,M,No education,311
2013,Number,Kneževo,F,No education,1079
2013,Number,Kozarska Dubica,Total,No education,984
2013,Number,Kozarska Dubica,M,No education,154
2013,Number,Kozarska Dubica,F,No education,830
2013,Number,Kostajnica,Total,No education,163
2013,Number,Kostajnica,M,No education,28
2013,Number,Kostajnica,F,No education,135
2013,Number,Kotor Varoš,Total,No education,1503
2013,Number,Kotor Varoš,M,No education,282
2013,Number,Kotor Varoš,F,No education,1221
2013,Number,Krupa Na Uni,Total,No education,157
2013,Number,Krupa Na Uni,M,No education,19
2013,Number,Krupa Na Uni,F,No education,138
2013,Number,Kupres,Total,No education,103
2013,Number,Kupres,M,No education,33
2013,Number,Kupres,F,No education,70
2013,Number,Laktaši,Total,No education,1363
2013,Number,Laktaši,M,No education,229
2013,Number,Laktaši,F,No education,1134
2013,Number,Lopare,Total,No education,1235
2013,Number,Lopare,M,No education,243
2013,Number,Lopare,F,No education,992
2013,Number,Ljubinje,Total,No education,110
2013,Number,Ljubinje,M,No education,12
2013,Number,Ljubinje,F,No education,98
2013,Number,Milići,Total,No education,643
2013,Number,Milići,M,No education,96
2013,Number,Milići,F,No education,547
2013,Number,Modriča,Total,No education,1278
2013,Number,Modriča,M,No education,241
2013,Number,Modriča,F,No education,1037
2013,Number,Mrkonjić Grad,Total,No education,1462
2013,Number,Mrkonjić Grad,M,No education,213
2013,Number,Mrkonjić Grad,F,No education,1249
2013,Number,Nevesinje,Total,No education,545
2013,Number,Nevesinje,M,No education,56
2013,Number,Nevesinje,F,No education,489
2013,Number,Novi Grad,Total,No education,1036
2013,Number,Novi Grad,M,No education,171
2013,Number,Novi Grad,F,No education,865
2013,Number,Novo Goražde,Total,No education,127
2013,Number,Novo Goražde,M,No education,21
2013,Number,Novo Goražde,F,No education,106
2013,Number,Osmaci,Total,No education,397
2013,Number,Osmaci,M,No education,62
2013,Number,Osmaci,F,No education,335
2013,Number,Oštra Luka,Total,No education,247
2013,Number,Oštra Luka,M,No education,43
2013,Number,Oštra Luka,F,No education,204
2013,Number,Pale,Total,No education,606
2013,Number,Pale,M,No education,80
2013,Number,Pale,F,No education,526
2013,Number,Pelagićevo,Total,No education,290
2013,Number,Pelagićevo,M,No education,46
2013,Number,Pelagićevo,F,No education,244
2013,Number,Petrovac,Total,No education,11
2013,Number,Petrovac,M,No education,0
2013,Number,Petrovac,F,No education,11
2013,Number,Petrovo,Total,No education,403
2013,Number,Petrovo,M,No education,48
2013,Number,Petrovo,F,No education,355
2013,Number,Grad Prijedor,Total,No education,3918
2013,Number,Grad Prijedor,M,No education,760
2013,Number,Grad Prijedor,F,No education,3158
2013,Number,Prnjavor,Total,No education,2654
2013,Number,Prnjavor,M,No education,391
2013,Number,Prnjavor,F,No education,2263
2013,Number,Ribnik,Total,No education,680
2013,Number,Ribnik,M,No education,118
2013,Number,Ribnik,F,No education,562
2013,Number,Rogatica,Total,No education,633
2013,Number,Rogatica,M,No education,89
2013,Number,Rogatica,F,No education,544
2013,Number,Rudo,Total,No education,279
2013,Number,Rudo,M,No education,38
2013,Number,Rudo,F,No education,241
2013,Number,Sokolac,Total,No education,392
2013,Number,Sokolac,M,No education,52
2013,Number,Sokolac,F,No education,340
2013,Number,Srbac,Total,No education,1115
2013,Number,Srbac,M,No education,235
2013,Number,Srbac,F,No education,880
2013,Number,Srebrenica,Total,No education,852
2013,Number,Srebrenica,M,No education,105
2013,Number,Srebrenica,F,No education,747
2013,Number,Teslić,Total,No education,3299
2013,Number,Teslić,M,No education,471
2013,Number,Teslić,F,No education,2828
2013,Number,Grad Trebinje,Total,No education,382
2013,Number,Grad Trebinje,M,No education,44
2013,Number,Grad Trebinje,F,No education,338
2013,Number,Trnovo,Total,No education,143
2013,Number,Trnovo,M,No education,14
2013,Number,Trnovo,F,No education,129
2013,Number,Ugljevik,Total,No education,856
2013,Number,Ugljevik,M,No education,135
2013,Number,Ugljevik,F,No education,721
2013,Number,Foča,Total,No education,775
2013,Number,Foča,M,No education,92
2013,Number,Foča,F,No education,683
2013,Number,Han Pijesak,Total,No education,198
2013,Number,Han Pijesak,M,No education,22
2013,Number,Han Pijesak,F,No education,176
2013,Number,Čajniče,Total,No education,224
2013,Number,Čajniče,M,No education,31
2013,Number,Čajniče,F,No education,193
2013,Number,Čelinac,Total,No education,832
2013,Number,Čelinac,M,No education,109
2013,Number,Čelinac,F,No education,723
2013,Number,Šamac,Total,No education,627
2013,Number,Šamac,M,No education,90
2013,Number,Šamac,F,No education,537
2013,Number,Šekovići,Total,No education,655
2013,Number,Šekovići,M,No education,120
2013,Number,Šekovići,F,No education,535
2013,Number,Šipovo,Total,No education,732
2013,Number,Šipovo,M,No education,120
2013,Number,Šipovo,F,No education,612
2013,Number,Republika Srpska,Total,Incomplete primary education,97022
2013,Number,Republika Srpska,M,Incomplete primary education,33465
2013,Number,Republika Srpska,F,Incomplete primary education,63557
2013,Number,Grad Banja Luka,Total,Incomplete primary education,6483
2013,Number,Grad Banja Luka,M,Incomplete primary education,2117
2013,Number,Grad Banja Luka,F,Incomplete primary education,4366
2013,Number,Berkovići,Total,Incomplete primary education,229
2013,Number,Berkovići,M,Incomplete primary education,74
2013,Number,Berkovići,F,Incomplete primary education,155
2013,Number,Grad Bijeljina,Total,Incomplete primary education,10740
2013,Number,Grad Bijeljina,M,Incomplete primary education,3999
2013,Number,Grad Bijeljina,F,Incomplete primary education,6741
2013,Number,Bileća,Total,Incomplete primary education,747
2013,Number,Bileća,M,Incomplete primary education,187
2013,Number,Bileća,F,Incomplete primary education,560
2013,Number,Bratunac,Total,Incomplete primary education,1364
2013,Number,Bratunac,M,Incomplete primary education,395
2013,Number,Bratunac,F,Incomplete primary education,969
2013,Number,Brod,Total,Incomplete primary education,1241
2013,Number,Brod,M,Incomplete primary education,328
2013,Number,Brod,F,Incomplete primary education,913
2013,Number,Višegrad,Total,Incomplete primary education,783
2013,Number,Višegrad,M,Incomplete primary education,203
2013,Number,Višegrad,F,Incomplete primary education,580
2013,Number,Vlasenica,Total,Incomplete primary education,758
2013,Number,Vlasenica,M,Incomplete primary education,243
2013,Number,Vlasenica,F,Incomplete primary education,515
2013,Number,Vukosavlje,Total,Incomplete primary education,719
2013,Number,Vukosavlje,M,Incomplete primary education,300
2013,Number,Vukosavlje,F,Incomplete primary education,419
2013,Number,Gacko,Total,Incomplete primary education,496
2013,Number,Gacko,M,Incomplete primary education,135
2013,Number,Gacko,F,Incomplete primary education,361
2013,Number,Grad Gradiška,Total,Incomplete primary education,4821
2013,Number,Grad Gradiška,M,Incomplete primary education,1832
2013,Number,Grad Gradiška,F,Incomplete primary education,2989
2013,Number,Grad Derventa,Total,Incomplete primary education,2759
2013,Number,Grad Derventa,M,Incomplete primary education,1030
2013,Number,Grad Derventa,F,Incomplete primary education,1729
2013,Number,Grad Doboj,Total,Incomplete primary education,6019
2013,Number,Grad Doboj,M,Incomplete primary education,1823
2013,Number,Grad Doboj,F,Incomplete primary education,4196
2013,Number,Donji Žabar,Total,Incomplete primary education,707
2013,Number,Donji Žabar,M,Incomplete primary education,304
2013,Number,Donji Žabar,F,Incomplete primary education,403
2013,Number,Grad Zvornik,Total,Incomplete primary education,4702
2013,Number,Grad Zvornik,M,Incomplete primary education,1472
2013,Number,Grad Zvornik,F,Incomplete primary education,3230
2013,Number,Istočna Ilidža,Total,Incomplete primary education,550
2013,Number,Istočna Ilidža,M,Incomplete primary education,65
2013,Number,Istočna Ilidža,F,Incomplete primary education,485
2013,Number,Istočni Drvar,Total,Incomplete primary education,6
2013,Number,Istočni Drvar,M,Incomplete primary education,4
2013,Number,Istočni Drvar,F,Incomplete primary education,2
2013,Number,Istočni Mostar,Total,Incomplete primary education,41
2013,Number,Istočni Mostar,M,Incomplete primary education,21
2013,Number,Istočni Mostar,F,Incomplete primary education,20
2013,Number,Istočni Stari Grad,Total,Incomplete primary education,133
2013,Number,Istočni Stari Grad,M,Incomplete primary education,29
2013,Number,Istočni Stari Grad,F,Incomplete primary education,104
2013,Number,Istočno Novo Sarajevo,Total,Incomplete primary education,454
2013,Number,Istočno Novo Sarajevo,M,Incomplete primary education,89
2013,Number,Istočno Novo Sarajevo,F,Incomplete primary education,365
2013,Number,Jezero,Total,Incomplete primary education,105
2013,Number,Jezero,M,Incomplete primary education,39
2013,Number,Jezero,F,Incomplete primary education,66
2013,Number,Kalinovik,Total,Incomplete primary education,175
2013,Number,Kalinovik,M,Incomplete primary education,48
2013,Number,Kalinovik,F,Incomplete primary education,127
2013,Number,Kneževo,Total,Incomplete primary education,752
2013,Number,Kneževo,M,Incomplete primary education,318
2013,Number,Kneževo,F,Incomplete primary education,434
2013,Number,Kozarska Dubica,Total,Incomplete primary education,1894
2013,Number,Kozarska Dubica,M,Incomplete primary education,683
2013,Number,Kozarska Dubica,F,Incomplete primary education,1211
2013,Number,Kostajnica,Total,Incomplete primary education,387
2013,Number,Kostajnica,M,Incomplete primary education,132
2013,Number,Kostajnica,F,Incomplete primary education,255
2013,Number,Kotor Varoš,Total,Incomplete primary education,1183
2013,Number,Kotor Varoš,M,Incomplete primary education,391
2013,Number,Kotor Varoš,F,Incomplete primary education,792
2013,Number,Krupa Na Uni,Total,Incomplete primary education,316
2013,Number,Krupa Na Uni,M,Incomplete primary education,165
2013,Number,Krupa Na Uni,F,Incomplete primary education,151
2013,Number,Kupres,Total,Incomplete primary education,19
2013,Number,Kupres,M,Incomplete primary education,9
2013,Number,Kupres,F,Incomplete primary education,10
2013,Number,Laktaši,Total,Incomplete primary education,2504
2013,Number,Laktaši,M,Incomplete primary education,946
2013,Number,Laktaši,F,Incomplete primary education,1558
2013,Number,Lopare,Total,Incomplete primary education,2118
2013,Number,Lopare,M,Incomplete primary education,943
2013,Number,Lopare,F,Incomplete primary education,1175
2013,Number,Ljubinje,Total,Incomplete primary education,275
2013,Number,Ljubinje,M,Incomplete primary education,64
2013,Number,Ljubinje,F,Incomplete primary education,211
2013,Number,Milići,Total,Incomplete primary education,729
2013,Number,Milići,M,Incomplete primary education,217
2013,Number,Milići,F,Incomplete primary education,512
2013,Number,Modriča,Total,Incomplete primary education,2912
2013,Number,Modriča,M,Incomplete primary education,1049
2013,Number,Modriča,F,Incomplete primary education,1863
2013,Number,Mrkonjić Grad,Total,Incomplete primary education,1769
2013,Number,Mrkonjić Grad,M,Incomplete primary education,777
2013,Number,Mrkonjić Grad,F,Incomplete primary education,992
2013,Number,Nevesinje,Total,Incomplete primary education,1048
2013,Number,Nevesinje,M,Incomplete primary education,265
2013,Number,Nevesinje,F,Incomplete primary education,783
2013,Number,Novi Grad,Total,Incomplete primary education,2172
2013,Number,Novi Grad,M,Incomplete primary education,757
2013,Number,Novi Grad,F,Incomplete primary education,1415
2013,Number,Novo Goražde,Total,Incomplete primary education,162
2013,Number,Novo Goražde,M,Incomplete primary education,52
2013,Number,Novo Goražde,F,Incomplete primary education,110
2013,Number,Osmaci,Total,Incomplete primary education,552
2013,Number,Osmaci,M,Incomplete primary education,172
2013,Number,Osmaci,F,Incomplete primary education,380
2013,Number,Oštra Luka,Total,Incomplete primary education,352
2013,Number,Oštra Luka,M,Incomplete primary education,154
2013,Number,Oštra Luka,F,Incomplete primary education,198
2013,Number,Pale,Total,Incomplete primary education,986
2013,Number,Pale,M,Incomplete primary education,214
2013,Number,Pale,F,Incomplete primary education,772
2013,Number,Pelagićevo,Total,Incomplete primary education,1081
2013,Number,Pelagićevo,M,Incomplete primary education,459
2013,Number,Pelagićevo,F,Incomplete primary education,622
2013,Number,Petrovac,Total,Incomplete primary education,28
2013,Number,Petrovac,M,Incomplete primary education,4
2013,Number,Petrovac,F,Incomplete primary education,24
2013,Number,Petrovo,Total,Incomplete primary education,733
2013,Number,Petrovo,M,Incomplete primary education,180
2013,Number,Petrovo,F,Incomplete primary education,553
2013,Number,Grad Prijedor,Total,Incomplete primary education,6219
2013,Number,Grad Prijedor,M,Incomplete primary education,1948
2013,Number,Grad Prijedor,F,Incomplete primary education,4271
2013,Number,Prnjavor,Total,Incomplete primary education,4458
2013,Number,Prnjavor,M,Incomplete primary education,1948
2013,Number,Prnjavor,F,Incomplete primary education,2510
2013,Number,Ribnik,Total,Incomplete primary education,641
2013,Number,Ribnik,M,Incomplete primary education,249
2013,Number,Ribnik,F,Incomplete primary education,392
2013,Number,Rogatica,Total,Incomplete primary education,799
2013,Number,Rogatica,M,Incomplete primary education,239
2013,Number,Rogatica,F,Incomplete primary education,560
2013,Number,Rudo,Total,Incomplete primary education,719
2013,Number,Rudo,M,Incomplete primary education,197
2013,Number,Rudo,F,Incomplete primary education,522
2013,Number,Sokolac,Total,Incomplete primary education,747
2013,Number,Sokolac,M,Incomplete primary education,207
2013,Number,Sokolac,F,Incomplete primary education,540
2013,Number,Srbac,Total,Incomplete primary education,2023
2013,Number,Srbac,M,Incomplete primary education,857
2013,Number,Srbac,F,Incomplete primary education,1166
2013,Number,Srebrenica,Total,Incomplete primary education,1086
2013,Number,Srebrenica,M,Incomplete primary education,308
2013,Number,Srebrenica,F,Incomplete primary education,778
2013,Number,Teslić,Total,Incomplete primary education,4433
2013,Number,Teslić,M,Incomplete primary education,1551
2013,Number,Teslić,F,Incomplete primary education,2882
2013,Number,Grad Trebinje,Total,Incomplete primary education,1156
2013,Number,Grad Trebinje,M,Incomplete primary education,210
2013,Number,Grad Trebinje,F,Incomplete primary education,946
2013,Number,Trnovo,Total,Incomplete primary education,151
2013,Number,Trnovo,M,Incomplete primary education,36
2013,Number,Trnovo,F,Incomplete primary education,115
2013,Number,Ugljevik,Total,Incomplete primary education,1829
2013,Number,Ugljevik,M,Incomplete primary education,734
2013,Number,Ugljevik,F,Incomplete primary education,1095
2013,Number,Foča,Total,Incomplete primary education,1301
2013,Number,Foča,M,Incomplete primary education,346
2013,Number,Foča,F,Incomplete primary education,955
2013,Number,Han Pijesak,Total,Incomplete primary education,258
2013,Number,Han Pijesak,M,Incomplete primary education,61
2013,Number,Han Pijesak,F,Incomplete primary education,197
2013,Number,Čajniče,Total,Incomplete primary education,474
2013,Number,Čajniče,M,Incomplete primary education,149
2013,Number,Čajniče,F,Incomplete primary education,325
2013,Number,Čelinac,Total,Incomplete primary education,1317
2013,Number,Čelinac,M,Incomplete primary education,474
2013,Number,Čelinac,F,Incomplete primary education,843
2013,Number,Šamac,Total,Incomplete primary education,2046
2013,Number,Šamac,M,Incomplete primary education,731
2013,Number,Šamac,F,Incomplete primary education,1315
2013,Number,Šekovići,Total,Incomplete primary education,453
2013,Number,Šekovići,M,Incomplete primary education,181
2013,Number,Šekovići,F,Incomplete primary education,272
2013,Number,Šipovo,Total,Incomplete primary education,908
2013,Number,Šipovo,M,Incomplete primary education,351
2013,Number,Šipovo,F,Incomplete primary education,557
2013,Number,Republika Srpska,Total,Primary school,212834
2013,Number,Republika Srpska,M,Primary school,95682
2013,Number,Republika Srpska,F,Primary school,117152
2013,Number,Grad Banja Luka,Total,Primary school,23011
2013,Number,Grad Banja Luka,M,Primary school,9927
2013,Number,Grad Banja Luka,F,Primary school,13084
2013,Number,Berkovići,Total,Primary school,430
2013,Number,Berkovići,M,Primary school,221
2013,Number,Berkovići,F,Primary school,209
2013,Number,Grad Bijeljina,Total,Primary school,18771
2013,Number,Grad Bijeljina,M,Primary school,8590
2013,Number,Grad Bijeljina,F,Primary school,10181
2013,Number,Bileća,Total,Primary school,1951
2013,Number,Bileća,M,Primary school,867
2013,Number,Bileća,F,Primary school,1084
2013,Number,Bratunac,Total,Primary school,3893
2013,Number,Bratunac,M,Primary school,1769
2013,Number,Bratunac,F,Primary school,2124
2013,Number,Brod,Total,Primary school,2986
2013,Number,Brod,M,Primary school,1248
2013,Number,Brod,F,Primary school,1738
2013,Number,Višegrad,Total,Primary school,1626
2013,Number,Višegrad,M,Primary school,593
2013,Number,Višegrad,F,Primary school,1033
2013,Number,Vlasenica,Total,Primary school,2268
2013,Number,Vlasenica,M,Primary school,993
2013,Number,Vlasenica,F,Primary school,1275
2013,Number,Vukosavlje,Total,Primary school,999
2013,Number,Vukosavlje,M,Primary school,472
2013,Number,Vukosavlje,F,Primary school,527
2013,Number,Gacko,Total,Primary school,1356
2013,Number,Gacko,M,Primary school,530
2013,Number,Gacko,F,Primary school,826
2013,Number,Grad Gradiška,Total,Primary school,9626
2013,Number,Grad Gradiška,M,Primary school,4493
2013,Number,Grad Gradiška,F,Primary school,5133
2013,Number,Grad Derventa,Total,Primary school,5260
2013,Number,Grad Derventa,M,Primary school,2463
2013,Number,Grad Derventa,F,Primary school,2797
2013,Number,Grad Doboj,Total,Primary school,13403
2013,Number,Grad Doboj,M,Primary school,5750
2013,Number,Grad Doboj,F,Primary school,7653
2013,Number,Donji Žabar,Total,Primary school,815
2013,Number,Donji Žabar,M,Primary school,408
2013,Number,Donji Žabar,F,Primary school,407
2013,Number,Grad Zvornik,Total,Primary school,11440
2013,Number,Grad Zvornik,M,Primary school,5163
2013,Number,Grad Zvornik,F,Primary school,6277
2013,Number,Istočna Ilidža,Total,Primary school,1676
2013,Number,Istočna Ilidža,M,Primary school,519
2013,Number,Istočna Ilidža,F,Primary school,1157
2013,Number,Istočni Drvar,Total,Primary school,9
2013,Number,Istočni Drvar,M,Primary school,2
2013,Number,Istočni Drvar,F,Primary school,7
2013,Number,Istočni Mostar,Total,Primary school,38
2013,Number,Istočni Mostar,M,Primary school,24
2013,Number,Istočni Mostar,F,Primary school,14
2013,Number,Istočni Stari Grad,Total,Primary school,166
2013,Number,Istočni Stari Grad,M,Primary school,75
2013,Number,Istočni Stari Grad,F,Primary school,91
2013,Number,Istočno Novo Sarajevo,Total,Primary school,1087
2013,Number,Istočno Novo Sarajevo,M,Primary school,356
2013,Number,Istočno Novo Sarajevo,F,Primary school,731
2013,Number,Jezero,Total,Primary school,236
2013,Number,Jezero,M,Primary school,109
2013,Number,Jezero,F,Primary school,127
2013,Number,Kalinovik,Total,Primary school,334
2013,Number,Kalinovik,M,Primary school,122
2013,Number,Kalinovik,F,Primary school,212
2013,Number,Kneževo,Total,Primary school,1918
2013,Number,Kneževo,M,Primary school,990
2013,Number,Kneževo,F,Primary school,928
2013,Number,Kozarska Dubica,Total,Primary school,3921
2013,Number,Kozarska Dubica,M,Primary school,1839
2013,Number,Kozarska Dubica,F,Primary school,2082
2013,Number,Kostajnica,Total,Primary school,1117
2013,Number,Kostajnica,M,Primary school,486
2013,Number,Kostajnica,F,Primary school,631
2013,Number,Kotor Varoš,Total,Primary school,3809
2013,Number,Kotor Varoš,M,Primary school,1797
2013,Number,Kotor Varoš,F,Primary school,2012
2013,Number,Krupa Na Uni,Total,Primary school,524
2013,Number,Krupa Na Uni,M,Primary school,317
2013,Number,Krupa Na Uni,F,Primary school,207
2013,Number,Kupres,Total,Primary school,53
2013,Number,Kupres,M,Primary school,33
2013,Number,Kupres,F,Primary school,20
2013,Number,Laktaši,Total,Primary school,6602
2013,Number,Laktaši,M,Primary school,3078
2013,Number,Laktaši,F,Primary school,3524
2013,Number,Lopare,Total,Primary school,3267
2013,Number,Lopare,M,Primary school,1670
2013,Number,Lopare,F,Primary school,1597
2013,Number,Ljubinje,Total,Primary school,619
2013,Number,Ljubinje,M,Primary school,261
2013,Number,Ljubinje,F,Primary school,358
2013,Number,Milići,Total,Primary school,2387
2013,Number,Milići,M,Primary school,1038
2013,Number,Milići,F,Primary school,1349
2013,Number,Modriča,Total,Primary school,5255
2013,Number,Modriča,M,Primary school,2469
2013,Number,Modriča,F,Primary school,2786
2013,Number,Mrkonjić Grad,Total,Primary school,2720
2013,Number,Mrkonjić Grad,M,Primary school,1373
2013,Number,Mrkonjić Grad,F,Primary school,1347
2013,Number,Nevesinje,Total,Primary school,2193
2013,Number,Nevesinje,M,Primary school,961
2013,Number,Nevesinje,F,Primary school,1232
2013,Number,Novi Grad,Total,Primary school,5660
2013,Number,Novi Grad,M,Primary school,2691
2013,Number,Novi Grad,F,Primary school,2969
2013,Number,Novo Goražde,Total,Primary school,612
2013,Number,Novo Goražde,M,Primary school,229
2013,Number,Novo Goražde,F,Primary school,383
2013,Number,Osmaci,Total,Primary school,1146
2013,Number,Osmaci,M,Primary school,495
2013,Number,Osmaci,F,Primary school,651
2013,Number,Oštra Luka,Total,Primary school,648
2013,Number,Oštra Luka,M,Primary school,348
2013,Number,Oštra Luka,F,Primary school,300
2013,Number,Pale,Total,Primary school,2570
2013,Number,Pale,M,Primary school,935
2013,Number,Pale,F,Primary school,1635
2013,Number,Pelagićevo,Total,Primary school,1081
2013,Number,Pelagićevo,M,Primary school,586
2013,Number,Pelagićevo,F,Primary school,495
2013,Number,Petrovac,Total,Primary school,57
2013,Number,Petrovac,M,Primary school,23
2013,Number,Petrovac,F,Primary school,34
2013,Number,Petrovo,Total,Primary school,1114
2013,Number,Petrovo,M,Primary school,464
2013,Number,Petrovo,F,Primary school,650
2013,Number,Grad Prijedor,Total,Primary school,15121
2013,Number,Grad Prijedor,M,Primary school,6682
2013,Number,Grad Prijedor,F,Primary school,8439
2013,Number,Prnjavor,Total,Primary school,7504
2013,Number,Prnjavor,M,Primary school,3697
2013,Number,Prnjavor,F,Primary school,3807
2013,Number,Ribnik,Total,Primary school,1275
2013,Number,Ribnik,M,Primary school,651
2013,Number,Ribnik,F,Primary school,624
2013,Number,Rogatica,Total,Primary school,1761
2013,Number,Rogatica,M,Primary school,717
2013,Number,Rogatica,F,Primary school,1044
2013,Number,Rudo,Total,Primary school,1332
2013,Number,Rudo,M,Primary school,514
2013,Number,Rudo,F,Primary school,818
2013,Number,Sokolac,Total,Primary school,1790
2013,Number,Sokolac,M,Primary school,720
2013,Number,Sokolac,F,Primary school,1070
2013,Number,Srbac,Total,Primary school,3740
2013,Number,Srbac,M,Primary school,1843
2013,Number,Srbac,F,Primary school,1897
2013,Number,Srebrenica,Total,Primary school,2494
2013,Number,Srebrenica,M,Primary school,1115
2013,Number,Srebrenica,F,Primary school,1379
2013,Number,Teslić,Total,Primary school,7412
2013,Number,Teslić,M,Primary school,3540
2013,Number,Teslić,F,Primary school,3872
2013,Number,Grad Trebinje,Total,Primary school,3757
2013,Number,Grad Trebinje,M,Primary school,1267
2013,Number,Grad Trebinje,F,Primary school,2490
2013,Number,Trnovo,Total,Primary school,342
2013,Number,Trnovo,M,Primary school,106
2013,Number,Trnovo,F,Primary school,236
2013,Number,Ugljevik,Total,Primary school,2942
2013,Number,Ugljevik,M,Primary school,1398
2013,Number,Ugljevik,F,Primary school,1544
2013,Number,Foča,Total,Primary school,2975
2013,Number,Foča,M,Primary school,1305
2013,Number,Foča,F,Primary school,1670
2013,Number,Han Pijesak,Total,Primary school,686
2013,Number,Han Pijesak,M,Primary school,275
2013,Number,Han Pijesak,F,Primary school,411
2013,Number,Čajniče,Total,Primary school,981
2013,Number,Čajniče,M,Primary school,436
2013,Number,Čajniče,F,Primary school,545
2013,Number,Čelinac,Total,Primary school,3312
2013,Number,Čelinac,M,Primary school,1626
2013,Number,Čelinac,F,Primary school,1686
2013,Number,Šamac,Total,Primary school,3511
2013,Number,Šamac,M,Primary school,1521
2013,Number,Šamac,F,Primary school,1990
2013,Number,Šekovići,Total,Primary school,1397
2013,Number,Šekovići,M,Primary school,610
2013,Number,Šekovići,F,Primary school,787
2013,Number,Šipovo,Total,Primary school,1848
2013,Number,Šipovo,M,Primary school,882
2013,Number,Šipovo,F,Primary school,966
2013,Number,Republika Srpska,Total,Secondary school,508414
2013,Number,Republika Srpska,M,Secondary school,280747
2013,Number,Republika Srpska,F,Secondary school,227667
2013,Number,Grad Banja Luka,Total,Secondary school,83044
2013,Number,Grad Banja Luka,M,Secondary school,42327
2013,Number,Grad Banja Luka,F,Secondary school,40717
2013,Number,Berkovići,Total,Secondary school,771
2013,Number,Berkovići,M,Secondary school,446
2013,Number,Berkovići,F,Secondary school,325
2013,Number,Grad Bijeljina,Total,Secondary school,43231
2013,Number,Grad Bijeljina,M,Secondary school,23560
2013,Number,Grad Bijeljina,F,Secondary school,19671
2013,Number,Bileća,Total,Secondary school,4799
2013,Number,Bileća,M,Secondary school,2692
2013,Number,Bileća,F,Secondary school,2107
2013,Number,Bratunac,Total,Secondary school,7868
2013,Number,Bratunac,M,Secondary school,4649
2013,Number,Bratunac,F,Secondary school,3219
2013,Number,Brod,Total,Secondary school,7331
2013,Number,Brod,M,Secondary school,4080
2013,Number,Brod,F,Secondary school,3251
2013,Number,Višegrad,Total,Secondary school,4635
2013,Number,Višegrad,M,Secondary school,2672
2013,Number,Višegrad,F,Secondary school,1963
2013,Number,Vlasenica,Total,Secondary school,4607
2013,Number,Vlasenica,M,Secondary school,2596
2013,Number,Vlasenica,F,Secondary school,2011
2013,Number,Vukosavlje,Total,Secondary school,1504
2013,Number,Vukosavlje,M,Secondary school,919
2013,Number,Vukosavlje,F,Secondary school,585
2013,Number,Gacko,Total,Secondary school,3801
2013,Number,Gacko,M,Secondary school,2151
2013,Number,Gacko,F,Secondary school,1650
2013,Number,Grad Gradiška,Total,Secondary school,21633
2013,Number,Grad Gradiška,M,Secondary school,11815
2013,Number,Grad Gradiška,F,Secondary school,9818
2013,Number,Grad Derventa,Total,Secondary school,10884
2013,Number,Grad Derventa,M,Secondary school,6033
2013,Number,Grad Derventa,F,Secondary school,4851
2013,Number,Grad Doboj,Total,Secondary school,29051
2013,Number,Grad Doboj,M,Secondary school,16192
2013,Number,Grad Doboj,F,Secondary school,12859
2013,Number,Donji Žabar,Total,Secondary school,1261
2013,Number,Donji Žabar,M,Secondary school,739
2013,Number,Donji Žabar,F,Secondary school,522
2013,Number,Grad Zvornik,Total,Secondary school,21815
2013,Number,Grad Zvornik,M,Secondary school,12776
2013,Number,Grad Zvornik,F,Secondary school,9039
2013,Number,Istočna Ilidža,Total,Secondary school,7474
2013,Number,Istočna Ilidža,M,Secondary school,4082
2013,Number,Istočna Ilidža,F,Secondary school,3392
2013,Number,Istočni Drvar,Total,Secondary school,29
2013,Number,Istočni Drvar,M,Secondary school,24
2013,Number,Istočni Drvar,F,Secondary school,5
2013,Number,Istočni Mostar,Total,Secondary school,99
2013,Number,Istočni Mostar,M,Secondary school,65
2013,Number,Istočni Mostar,F,Secondary school,34
2013,Number,Istočni Stari Grad,Total,Secondary school,548
2013,Number,Istočni Stari Grad,M,Secondary school,329
2013,Number,Istočni Stari Grad,F,Secondary school,219
2013,Number,Istočno Novo Sarajevo,Total,Secondary school,5073
2013,Number,Istočno Novo Sarajevo,M,Secondary school,2656
2013,Number,Istočno Novo Sarajevo,F,Secondary school,2417
2013,Number,Jezero,Total,Secondary school,435
2013,Number,Jezero,M,Secondary school,273
2013,Number,Jezero,F,Secondary school,162
2013,Number,Kalinovik,Total,Secondary school,881
2013,Number,Kalinovik,M,Secondary school,551
2013,Number,Kalinovik,F,Secondary school,330
2013,Number,Kneževo,Total,Secondary school,3485
2013,Number,Kneževo,M,Secondary school,2026
2013,Number,Kneževo,F,Secondary school,1459
2013,Number,Kozarska Dubica,Total,Secondary school,9698
2013,Number,Kozarska Dubica,M,Secondary school,5259
2013,Number,Kozarska Dubica,F,Secondary school,4439
2013,Number,Kostajnica,Total,Secondary school,2798
2013,Number,Kostajnica,M,Secondary school,1545
2013,Number,Kostajnica,F,Secondary school,1253
2013,Number,Kotor Varoš,Total,Secondary school,7807
2013,Number,Kotor Varoš,M,Secondary school,4380
2013,Number,Kotor Varoš,F,Secondary school,3427
2013,Number,Krupa Na Uni,Total,Secondary school,355
2013,Number,Krupa Na Uni,M,Secondary school,236
2013,Number,Krupa Na Uni,F,Secondary school,119
2013,Number,Kupres,Total,Secondary school,84
2013,Number,Kupres,M,Secondary school,59
2013,Number,Kupres,F,Secondary school,25
2013,Number,Laktaši,Total,Secondary school,15658
2013,Number,Laktaši,M,Secondary school,8480
2013,Number,Laktaši,F,Secondary school,7178
2013,Number,Lopare,Total,Secondary school,5477
2013,Number,Lopare,M,Secondary school,3169
2013,Number,Lopare,F,Secondary school,2308
2013,Number,Ljubinje,Total,Secondary school,1432
2013,Number,Ljubinje,M,Secondary school,800
2013,Number,Ljubinje,F,Secondary school,632
2013,Number,Milići,Total,Secondary school,4441
2013,Number,Milići,M,Secondary school,2743
2013,Number,Milići,F,Secondary school,1698
2013,Number,Modriča,Total,Secondary school,9850
2013,Number,Modriča,M,Secondary school,5470
2013,Number,Modriča,F,Secondary school,4380
2013,Number,Mrkonjić Grad,Total,Secondary school,6479
2013,Number,Mrkonjić Grad,M,Secondary school,3500
2013,Number,Mrkonjić Grad,F,Secondary school,2979
2013,Number,Nevesinje,Total,Secondary school,5592
2013,Number,Nevesinje,M,Secondary school,3261
2013,Number,Nevesinje,F,Secondary school,2331
2013,Number,Novi Grad,Total,Secondary school,11197
2013,Number,Novi Grad,M,Secondary school,6273
2013,Number,Novi Grad,F,Secondary school,4924
2013,Number,Novo Goražde,Total,Secondary school,1533
2013,Number,Novo Goražde,M,Secondary school,952
2013,Number,Novo Goražde,F,Secondary school,581
2013,Number,Osmaci,Total,Secondary school,2300
2013,Number,Osmaci,M,Secondary school,1406
2013,Number,Osmaci,F,Secondary school,894
2013,Number,Oštra Luka,Total,Secondary school,954
2013,Number,Oštra Luka,M,Secondary school,578
2013,Number,Oštra Luka,F,Secondary school,376
2013,Number,Pale,Total,Secondary school,10069
2013,Number,Pale,M,Secondary school,5373
2013,Number,Pale,F,Secondary school,4696
2013,Number,Pelagićevo,Total,Secondary school,1264
2013,Number,Pelagićevo,M,Secondary school,726
2013,Number,Pelagićevo,F,Secondary school,538
2013,Number,Petrovac,Total,Secondary school,169
2013,Number,Petrovac,M,Secondary school,96
2013,Number,Petrovac,F,Secondary school,73
2013,Number,Petrovo,Total,Secondary school,2821
2013,Number,Petrovo,M,Secondary school,1664
2013,Number,Petrovo,F,Secondary school,1157
2013,Number,Grad Prijedor,Total,Secondary school,37714
2013,Number,Grad Prijedor,M,Secondary school,20808
2013,Number,Grad Prijedor,F,Secondary school,16906
2013,Number,Prnjavor,Total,Secondary school,12669
2013,Number,Prnjavor,M,Secondary school,7015
2013,Number,Prnjavor,F,Secondary school,5654
2013,Number,Ribnik,Total,Secondary school,2154
2013,Number,Ribnik,M,Secondary school,1291
2013,Number,Ribnik,F,Secondary school,863
2013,Number,Rogatica,Total,Secondary school,4652
2013,Number,Rogatica,M,Secondary school,2694
2013,Number,Rogatica,F,Secondary school,1958
2013,Number,Rudo,Total,Secondary school,3609
2013,Number,Rudo,M,Secondary school,2200
2013,Number,Rudo,F,Secondary school,1409
2013,Number,Sokolac,Total,Secondary school,5543
2013,Number,Sokolac,M,Secondary school,3105
2013,Number,Sokolac,F,Secondary school,2438
2013,Number,Srbac,Total,Secondary school,6472
2013,Number,Srbac,M,Secondary school,3466
2013,Number,Srbac,F,Secondary school,3006
2013,Number,Srebrenica,Total,Secondary school,4716
2013,Number,Srebrenica,M,Secondary school,2832
2013,Number,Srebrenica,F,Secondary school,1884
2013,Number,Teslić,Total,Secondary school,14063
2013,Number,Teslić,M,Secondary school,8090
2013,Number,Teslić,F,Secondary school,5973
2013,Number,Grad Trebinje,Total,Secondary school,13551
2013,Number,Grad Trebinje,M,Secondary school,7183
2013,Number,Grad Trebinje,F,Secondary school,6368
2013,Number,Trnovo,Total,Secondary school,942
2013,Number,Trnovo,M,Secondary school,576
2013,Number,Trnovo,F,Secondary school,366
2013,Number,Ugljevik,Total,Secondary school,6085
2013,Number,Ugljevik,M,Secondary school,3558
2013,Number,Ugljevik,F,Secondary school,2527
2013,Number,Foča,Total,Secondary school,8378
2013,Number,Foča,M,Secondary school,4841
2013,Number,Foča,F,Secondary school,3537
2013,Number,Han Pijesak,Total,Secondary school,1514
2013,Number,Han Pijesak,M,Secondary school,846
2013,Number,Han Pijesak,F,Secondary school,668
2013,Number,Čajniče,Total,Secondary school,1993
2013,Number,Čajniče,M,Secondary school,1187
2013,Number,Čajniče,F,Secondary school,806
2013,Number,Čelinac,Total,Secondary school,6411
2013,Number,Čelinac,M,Secondary school,3550
2013,Number,Čelinac,F,Secondary school,2861
2013,Number,Šamac,Total,Secondary school,6680
2013,Number,Šamac,M,Secondary school,3735
2013,Number,Šamac,F,Secondary school,2945
2013,Number,Šekovići,Total,Secondary school,2601
2013,Number,Šekovići,M,Secondary school,1563
2013,Number,Šekovići,F,Secondary school,1038
2013,Number,Šipovo,Total,Secondary school,4430
2013,Number,Šipovo,M,Secondary school,2584
2013,Number,Šipovo,F,Secondary school,1846
2013,Number,Republika Srpska,Total,Secondary specialization,7618
2013,Number,Republika Srpska,M,Secondary specialization,6324
2013,Number,Republika Srpska,F,Secondary specialization,1294
2013,Number,Grad Banja Luka,Total,Secondary specialization,1552
2013,Number,Grad Banja Luka,M,Secondary specialization,1261
2013,Number,Grad Banja Luka,F,Secondary specialization,291
2013,Number,Berkovići,Total,Secondary specialization,11
2013,Number,Berkovići,M,Secondary specialization,11
2013,Number,Berkovići,F,Secondary specialization,0
2013,Number,Grad Bijeljina,Total,Secondary specialization,564
2013,Number,Grad Bijeljina,M,Secondary specialization,485
2013,Number,Grad Bijeljina,F,Secondary specialization,79
2013,Number,Bileća,Total,Secondary specialization,68
2013,Number,Bileća,M,Secondary specialization,56
2013,Number,Bileća,F,Secondary specialization,12
2013,Number,Bratunac,Total,Secondary specialization,77
2013,Number,Bratunac,M,Secondary specialization,61
2013,Number,Bratunac,F,Secondary specialization,16
2013,Number,Brod,Total,Secondary specialization,187
2013,Number,Brod,M,Secondary specialization,160
2013,Number,Brod,F,Secondary specialization,27
2013,Number,Višegrad,Total,Secondary specialization,137
2013,Number,Višegrad,M,Secondary specialization,120
2013,Number,Višegrad,F,Secondary specialization,17
2013,Number,Vlasenica,Total,Secondary specialization,28
2013,Number,Vlasenica,M,Secondary specialization,21
2013,Number,Vlasenica,F,Secondary specialization,7
2013,Number,Vukosavlje,Total,Secondary specialization,14
2013,Number,Vukosavlje,M,Secondary specialization,12
2013,Number,Vukosavlje,F,Secondary specialization,2
2013,Number,Gacko,Total,Secondary specialization,269
2013,Number,Gacko,M,Secondary specialization,249
2013,Number,Gacko,F,Secondary specialization,20
2013,Number,Grad Gradiška,Total,Secondary specialization,192
2013,Number,Grad Gradiška,M,Secondary specialization,142
2013,Number,Grad Gradiška,F,Secondary specialization,50
2013,Number,Grad Derventa,Total,Secondary specialization,120
2013,Number,Grad Derventa,M,Secondary specialization,94
2013,Number,Grad Derventa,F,Secondary specialization,26
2013,Number,Grad Doboj,Total,Secondary specialization,507
2013,Number,Grad Doboj,M,Secondary specialization,448
2013,Number,Grad Doboj,F,Secondary specialization,59
2013,Number,Donji Žabar,Total,Secondary specialization,10
2013,Number,Donji Žabar,M,Secondary specialization,8
2013,Number,Donji Žabar,F,Secondary specialization,2
2013,Number,Grad Zvornik,Total,Secondary specialization,277
2013,Number,Grad Zvornik,M,Secondary specialization,244
2013,Number,Grad Zvornik,F,Secondary specialization,33
2013,Number,Istočna Ilidža,Total,Secondary specialization,140
2013,Number,Istočna Ilidža,M,Secondary specialization,123
2013,Number,Istočna Ilidža,F,Secondary specialization,17
2013,Number,Istočni Drvar,Total,Secondary specialization,1
2013,Number,Istočni Drvar,M,Secondary specialization,0
2013,Number,Istočni Drvar,F,Secondary specialization,1
2013,Number,Istočni Mostar,Total,Secondary specialization,0
2013,Number,Istočni Mostar,M,Secondary specialization,0
2013,Number,Istočni Mostar,F,Secondary specialization,0
2013,Number,Istočni Stari Grad,Total,Secondary specialization,16
2013,Number,Istočni Stari Grad,M,Secondary specialization,15
2013,Number,Istočni Stari Grad,F,Secondary specialization,1
2013,Number,Istočno Novo Sarajevo,Total,Secondary specialization,81
2013,Number,Istočno Novo Sarajevo,M,Secondary specialization,69
2013,Number,Istočno Novo Sarajevo,F,Secondary specialization,12
2013,Number,Jezero,Total,Secondary specialization,1
2013,Number,Jezero,M,Secondary specialization,1
2013,Number,Jezero,F,Secondary specialization,0
2013,Number,Kalinovik,Total,Secondary specialization,16
2013,Number,Kalinovik,M,Secondary specialization,13
2013,Number,Kalinovik,F,Secondary specialization,3
2013,Number,Kneževo,Total,Secondary specialization,12
2013,Number,Kneževo,M,Secondary specialization,11
2013,Number,Kneževo,F,Secondary specialization,1
2013,Number,Kozarska Dubica,Total,Secondary specialization,91
2013,Number,Kozarska Dubica,M,Secondary specialization,64
2013,Number,Kozarska Dubica,F,Secondary specialization,27
2013,Number,Kostajnica,Total,Secondary specialization,23
2013,Number,Kostajnica,M,Secondary specialization,18
2013,Number,Kostajnica,F,Secondary specialization,5
2013,Number,Kotor Varoš,Total,Secondary specialization,74
2013,Number,Kotor Varoš,M,Secondary specialization,52
2013,Number,Kotor Varoš,F,Secondary specialization,22
2013,Number,Krupa Na Uni,Total,Secondary specialization,5
2013,Number,Krupa Na Uni,M,Secondary specialization,3
2013,Number,Krupa Na Uni,F,Secondary specialization,2
2013,Number,Kupres,Total,Secondary specialization,1
2013,Number,Kupres,M,Secondary specialization,0
2013,Number,Kupres,F,Secondary specialization,1
2013,Number,Laktaši,Total,Secondary specialization,169
2013,Number,Laktaši,M,Secondary specialization,141
2013,Number,Laktaši,F,Secondary specialization,28
2013,Number,Lopare,Total,Secondary specialization,64
2013,Number,Lopare,M,Secondary specialization,45
2013,Number,Lopare,F,Secondary specialization,19
2013,Number,Ljubinje,Total,Secondary specialization,81
2013,Number,Ljubinje,M,Secondary specialization,72
2013,Number,Ljubinje,F,Secondary specialization,9
2013,Number,Milići,Total,Secondary specialization,15
2013,Number,Milići,M,Secondary specialization,10
2013,Number,Milići,F,Secondary specialization,5
2013,Number,Modriča,Total,Secondary specialization,132
2013,Number,Modriča,M,Secondary specialization,103
2013,Number,Modriča,F,Secondary specialization,29
2013,Number,Mrkonjić Grad,Total,Secondary specialization,89
2013,Number,Mrkonjić Grad,M,Secondary specialization,71
2013,Number,Mrkonjić Grad,F,Secondary specialization,18
2013,Number,Nevesinje,Total,Secondary specialization,56
2013,Number,Nevesinje,M,Secondary specialization,51
2013,Number,Nevesinje,F,Secondary specialization,5
2013,Number,Novi Grad,Total,Secondary specialization,104
2013,Number,Novi Grad,M,Secondary specialization,75
2013,Number,Novi Grad,F,Secondary specialization,29
2013,Number,Novo Goražde,Total,Secondary specialization,10
2013,Number,Novo Goražde,M,Secondary specialization,10
2013,Number,Novo Goražde,F,Secondary specialization,0
2013,Number,Osmaci,Total,Secondary specialization,15
2013,Number,Osmaci,M,Secondary specialization,12
2013,Number,Osmaci,F,Secondary specialization,3
2013,Number,Oštra Luka,Total,Secondary specialization,13
2013,Number,Oštra Luka,M,Secondary specialization,11
2013,Number,Oštra Luka,F,Secondary specialization,2
2013,Number,Pale,Total,Secondary specialization,247
2013,Number,Pale,M,Secondary specialization,205
2013,Number,Pale,F,Secondary specialization,42
2013,Number,Pelagićevo,Total,Secondary specialization,4
2013,Number,Pelagićevo,M,Secondary specialization,3
2013,Number,Pelagićevo,F,Secondary specialization,1
2013,Number,Petrovac,Total,Secondary specialization,0
2013,Number,Petrovac,M,Secondary specialization,0
2013,Number,Petrovac,F,Secondary specialization,0
2013,Number,Petrovo,Total,Secondary specialization,79
2013,Number,Petrovo,M,Secondary specialization,74
2013,Number,Petrovo,F,Secondary specialization,5
2013,Number,Grad Prijedor,Total,Secondary specialization,666
2013,Number,Grad Prijedor,M,Secondary specialization,492
2013,Number,Grad Prijedor,F,Secondary specialization,174
2013,Number,Prnjavor,Total,Secondary specialization,112
2013,Number,Prnjavor,M,Secondary specialization,83
2013,Number,Prnjavor,F,Secondary specialization,29
2013,Number,Ribnik,Total,Secondary specialization,14
2013,Number,Ribnik,M,Secondary specialization,13
2013,Number,Ribnik,F,Secondary specialization,1
2013,Number,Rogatica,Total,Secondary specialization,56
2013,Number,Rogatica,M,Secondary specialization,49
2013,Number,Rogatica,F,Secondary specialization,7
2013,Number,Rudo,Total,Secondary specialization,12
2013,Number,Rudo,M,Secondary specialization,11
2013,Number,Rudo,F,Secondary specialization,1
2013,Number,Sokolac,Total,Secondary specialization,71
2013,Number,Sokolac,M,Secondary specialization,57
2013,Number,Sokolac,F,Secondary specialization,14
2013,Number,Srbac,Total,Secondary specialization,61
2013,Number,Srbac,M,Secondary specialization,46
2013,Number,Srbac,F,Secondary specialization,15
2013,Number,Srebrenica,Total,Secondary specialization,33
2013,Number,Srebrenica,M,Secondary specialization,26
2013,Number,Srebrenica,F,Secondary specialization,7
2013,Number,Teslić,Total,Secondary specialization,170
2013,Number,Teslić,M,Secondary specialization,138
2013,Number,Teslić,F,Secondary specialization,32
2013,Number,Grad Trebinje,Total,Secondary specialization,432
2013,Number,Grad Trebinje,M,Secondary specialization,394
2013,Number,Grad Trebinje,F,Secondary specialization,38
2013,Number,Trnovo,Total,Secondary specialization,15
2013,Number,Trnovo,M,Secondary specialization,13
2013,Number,Trnovo,F,Secondary specialization,2
2013,Number,Ugljevik,Total,Secondary specialization,97
2013,Number,Ugljevik,M,Secondary specialization,89
2013,Number,Ugljevik,F,Secondary specialization,8
2013,Number,Foča,Total,Secondary specialization,107
2013,Number,Foča,M,Secondary specialization,93
2013,Number,Foča,F,Secondary specialization,14
2013,Number,Han Pijesak,Total,Secondary specialization,20
2013,Number,Han Pijesak,M,Secondary specialization,20
2013,Number,Han Pijesak,F,Secondary specialization,0
2013,Number,Čajniče,Total,Secondary specialization,38
2013,Number,Čajniče,M,Secondary specialization,37
2013,Number,Čajniče,F,Secondary specialization,1
2013,Number,Čelinac,Total,Secondary specialization,69
2013,Number,Čelinac,M,Secondary specialization,62
2013,Number,Čelinac,F,Secondary specialization,7
2013,Number,Šamac,Total,Secondary specialization,55
2013,Number,Šamac,M,Secondary specialization,41
2013,Number,Šamac,F,Secondary specialization,14
2013,Number,Šekovići,Total,Secondary specialization,16
2013,Number,Šekovići,M,Secondary specialization,16
2013,Number,Šekovići,F,Secondary specialization,0
2013,Number,Šipovo,Total,Secondary specialization,22
2013,Number,Šipovo,M,Secondary specialization,20
2013,Number,Šipovo,F,Secondary specialization,2
2013,Number,Republika Srpska,Total,Higher school and first degree of faculty,33960
2013,Number,Republika Srpska,M,Higher school and first degree of faculty,19142
2013,Number,Republika Srpska,F,Higher school and first degree of faculty,14818
2013,Number,Grad Banja Luka,Total,Higher school and first degree of faculty,7972
2013,Number,Grad Banja Luka,M,Higher school and first degree of faculty,4272
2013,Number,Grad Banja Luka,F,Higher school and first degree of faculty,3700
2013,Number,Berkovići,Total,Higher school and first degree of faculty,47
2013,Number,Berkovići,M,Higher school and first degree of faculty,34
2013,Number,Berkovići,F,Higher school and first degree of faculty,13
2013,Number,Grad Bijeljina,Total,Higher school and first degree of faculty,3354
2013,Number,Grad Bijeljina,M,Higher school and first degree of faculty,1805
2013,Number,Grad Bijeljina,F,Higher school and first degree of faculty,1549
2013,Number,Bileća,Total,Higher school and first degree of faculty,434
2013,Number,Bileća,M,Higher school and first degree of faculty,249
2013,Number,Bileća,F,Higher school and first degree of faculty,185
2013,Number,Bratunac,Total,Higher school and first degree of faculty,399
2013,Number,Bratunac,M,Higher school and first degree of faculty,230
2013,Number,Bratunac,F,Higher school and first degree of faculty,169
2013,Number,Brod,Total,Higher school and first degree of faculty,374
2013,Number,Brod,M,Higher school and first degree of faculty,215
2013,Number,Brod,F,Higher school and first degree of faculty,159
2013,Number,Višegrad,Total,Higher school and first degree of faculty,375
2013,Number,Višegrad,M,Higher school and first degree of faculty,196
2013,Number,Višegrad,F,Higher school and first degree of faculty,179
2013,Number,Vlasenica,Total,Higher school and first degree of faculty,200
2013,Number,Vlasenica,M,Higher school and first degree of faculty,123
2013,Number,Vlasenica,F,Higher school and first degree of faculty,77
2013,Number,Vukosavlje,Total,Higher school and first degree of faculty,39
2013,Number,Vukosavlje,M,Higher school and first degree of faculty,25
2013,Number,Vukosavlje,F,Higher school and first degree of faculty,14
2013,Number,Gacko,Total,Higher school and first degree of faculty,335
2013,Number,Gacko,M,Higher school and first degree of faculty,191
2013,Number,Gacko,F,Higher school and first degree of faculty,144
2013,Number,Grad Gradiška,Total,Higher school and first degree of faculty,1222
2013,Number,Grad Gradiška,M,Higher school and first degree of faculty,658
2013,Number,Grad Gradiška,F,Higher school and first degree of faculty,564
2013,Number,Grad Derventa,Total,Higher school and first degree of faculty,542
2013,Number,Grad Derventa,M,Higher school and first degree of faculty,331
2013,Number,Grad Derventa,F,Higher school and first degree of faculty,211
2013,Number,Grad Doboj,Total,Higher school and first degree of faculty,1827
2013,Number,Grad Doboj,M,Higher school and first degree of faculty,1078
2013,Number,Grad Doboj,F,Higher school and first degree of faculty,749
2013,Number,Donji Žabar,Total,Higher school and first degree of faculty,37
2013,Number,Donji Žabar,M,Higher school and first degree of faculty,23
2013,Number,Donji Žabar,F,Higher school and first degree of faculty,14
2013,Number,Grad Zvornik,Total,Higher school and first degree of faculty,1283
2013,Number,Grad Zvornik,M,Higher school and first degree of faculty,716
2013,Number,Grad Zvornik,F,Higher school and first degree of faculty,567
2013,Number,Istočna Ilidža,Total,Higher school and first degree of faculty,513
2013,Number,Istočna Ilidža,M,Higher school and first degree of faculty,315
2013,Number,Istočna Ilidža,F,Higher school and first degree of faculty,198
2013,Number,Istočni Drvar,Total,Higher school and first degree of faculty,5
2013,Number,Istočni Drvar,M,Higher school and first degree of faculty,5
2013,Number,Istočni Drvar,F,Higher school and first degree of faculty,0
2013,Number,Istočni Mostar,Total,Higher school and first degree of faculty,2
2013,Number,Istočni Mostar,M,Higher school and first degree of faculty,2
2013,Number,Istočni Mostar,F,Higher school and first degree of faculty,0
2013,Number,Istočni Stari Grad,Total,Higher school and first degree of faculty,27
2013,Number,Istočni Stari Grad,M,Higher school and first degree of faculty,14
2013,Number,Istočni Stari Grad,F,Higher school and first degree of faculty,13
2013,Number,Istočno Novo Sarajevo,Total,Higher school and first degree of faculty,375
2013,Number,Istočno Novo Sarajevo,M,Higher school and first degree of faculty,225
2013,Number,Istočno Novo Sarajevo,F,Higher school and first degree of faculty,150
2013,Number,Jezero,Total,Higher school and first degree of faculty,16
2013,Number,Jezero,M,Higher school and first degree of faculty,10
2013,Number,Jezero,F,Higher school and first degree of faculty,6
2013,Number,Kalinovik,Total,Higher school and first degree of faculty,58
2013,Number,Kalinovik,M,Higher school and first degree of faculty,41
2013,Number,Kalinovik,F,Higher school and first degree of faculty,17
2013,Number,Kneževo,Total,Higher school and first degree of faculty,125
2013,Number,Kneževo,M,Higher school and first degree of faculty,93
2013,Number,Kneževo,F,Higher school and first degree of faculty,32
2013,Number,Kozarska Dubica,Total,Higher school and first degree of faculty,644
2013,Number,Kozarska Dubica,M,Higher school and first degree of faculty,345
2013,Number,Kozarska Dubica,F,Higher school and first degree of faculty,299
2013,Number,Kostajnica,Total,Higher school and first degree of faculty,206
2013,Number,Kostajnica,M,Higher school and first degree of faculty,94
2013,Number,Kostajnica,F,Higher school and first degree of faculty,112
2013,Number,Kotor Varoš,Total,Higher school and first degree of faculty,225
2013,Number,Kotor Varoš,M,Higher school and first degree of faculty,144
2013,Number,Kotor Varoš,F,Higher school and first degree of faculty,81
2013,Number,Krupa Na Uni,Total,Higher school and first degree of faculty,11
2013,Number,Krupa Na Uni,M,Higher school and first degree of faculty,6
2013,Number,Krupa Na Uni,F,Higher school and first degree of faculty,5
2013,Number,Kupres,Total,Higher school and first degree of faculty,2
2013,Number,Kupres,M,Higher school and first degree of faculty,2
2013,Number,Kupres,F,Higher school and first degree of faculty,0
2013,Number,Laktaši,Total,Higher school and first degree of faculty,822
2013,Number,Laktaši,M,Higher school and first degree of faculty,462
2013,Number,Laktaši,F,Higher school and first degree of faculty,360
2013,Number,Lopare,Total,Higher school and first degree of faculty,217
2013,Number,Lopare,M,Higher school and first degree of faculty,133
2013,Number,Lopare,F,Higher school and first degree of faculty,84
2013,Number,Ljubinje,Total,Higher school and first degree of faculty,126
2013,Number,Ljubinje,M,Higher school and first degree of faculty,69
2013,Number,Ljubinje,F,Higher school and first degree of faculty,57
2013,Number,Milići,Total,Higher school and first degree of faculty,213
2013,Number,Milići,M,Higher school and first degree of faculty,113
2013,Number,Milići,F,Higher school and first degree of faculty,100
2013,Number,Modriča,Total,Higher school and first degree of faculty,483
2013,Number,Modriča,M,Higher school and first degree of faculty,303
2013,Number,Modriča,F,Higher school and first degree of faculty,180
2013,Number,Mrkonjić Grad,Total,Higher school and first degree of faculty,350
2013,Number,Mrkonjić Grad,M,Higher school and first degree of faculty,204
2013,Number,Mrkonjić Grad,F,Higher school and first degree of faculty,146
2013,Number,Nevesinje,Total,Higher school and first degree of faculty,384
2013,Number,Nevesinje,M,Higher school and first degree of faculty,236
2013,Number,Nevesinje,F,Higher school and first degree of faculty,148
2013,Number,Novi Grad,Total,Higher school and first degree of faculty,714
2013,Number,Novi Grad,M,Higher school and first degree of faculty,366
2013,Number,Novi Grad,F,Higher school and first degree of faculty,348
2013,Number,Novo Goražde,Total,Higher school and first degree of faculty,48
2013,Number,Novo Goražde,M,Higher school and first degree of faculty,39
2013,Number,Novo Goražde,F,Higher school and first degree of faculty,9
2013,Number,Osmaci,Total,Higher school and first degree of faculty,65
2013,Number,Osmaci,M,Higher school and first degree of faculty,48
2013,Number,Osmaci,F,Higher school and first degree of faculty,17
2013,Number,Oštra Luka,Total,Higher school and first degree of faculty,36
2013,Number,Oštra Luka,M,Higher school and first degree of faculty,16
2013,Number,Oštra Luka,F,Higher school and first degree of faculty,20
2013,Number,Pale,Total,Higher school and first degree of faculty,645
2013,Number,Pale,M,Higher school and first degree of faculty,389
2013,Number,Pale,F,Higher school and first degree of faculty,256
2013,Number,Pelagićevo,Total,Higher school and first degree of faculty,81
2013,Number,Pelagićevo,M,Higher school and first degree of faculty,44
2013,Number,Pelagićevo,F,Higher school and first degree of faculty,37
2013,Number,Petrovac,Total,Higher school and first degree of faculty,11
2013,Number,Petrovac,M,Higher school and first degree of faculty,6
2013,Number,Petrovac,F,Higher school and first degree of faculty,5
2013,Number,Petrovo,Total,Higher school and first degree of faculty,166
2013,Number,Petrovo,M,Higher school and first degree of faculty,109
2013,Number,Petrovo,F,Higher school and first degree of faculty,57
2013,Number,Grad Prijedor,Total,Higher school and first degree of faculty,2448
2013,Number,Grad Prijedor,M,Higher school and first degree of faculty,1252
2013,Number,Grad Prijedor,F,Higher school and first degree of faculty,1196
2013,Number,Prnjavor,Total,Higher school and first degree of faculty,670
2013,Number,Prnjavor,M,Higher school and first degree of faculty,388
2013,Number,Prnjavor,F,Higher school and first degree of faculty,282
2013,Number,Ribnik,Total,Higher school and first degree of faculty,99
2013,Number,Ribnik,M,Higher school and first degree of faculty,68
2013,Number,Ribnik,F,Higher school and first degree of faculty,31
2013,Number,Rogatica,Total,Higher school and first degree of faculty,315
2013,Number,Rogatica,M,Higher school and first degree of faculty,209
2013,Number,Rogatica,F,Higher school and first degree of faculty,106
2013,Number,Rudo,Total,Higher school and first degree of faculty,277
2013,Number,Rudo,M,Higher school and first degree of faculty,175
2013,Number,Rudo,F,Higher school and first degree of faculty,102
2013,Number,Sokolac,Total,Higher school and first degree of faculty,393
2013,Number,Sokolac,M,Higher school and first degree of faculty,237
2013,Number,Sokolac,F,Higher school and first degree of faculty,156
2013,Number,Srbac,Total,Higher school and first degree of faculty,342
2013,Number,Srbac,M,Higher school and first degree of faculty,232
2013,Number,Srbac,F,Higher school and first degree of faculty,110
2013,Number,Srebrenica,Total,Higher school and first degree of faculty,290
2013,Number,Srebrenica,M,Higher school and first degree of faculty,171
2013,Number,Srebrenica,F,Higher school and first degree of faculty,119
2013,Number,Teslić,Total,Higher school and first degree of faculty,577
2013,Number,Teslić,M,Higher school and first degree of faculty,335
2013,Number,Teslić,F,Higher school and first degree of faculty,242
2013,Number,Grad Trebinje,Total,Higher school and first degree of faculty,1442
2013,Number,Grad Trebinje,M,Higher school and first degree of faculty,806
2013,Number,Grad Trebinje,F,Higher school and first degree of faculty,636
2013,Number,Trnovo,Total,Higher school and first degree of faculty,52
2013,Number,Trnovo,M,Higher school and first degree of faculty,37
2013,Number,Trnovo,F,Higher school and first degree of faculty,15
2013,Number,Ugljevik,Total,Higher school and first degree of faculty,252
2013,Number,Ugljevik,M,Higher school and first degree of faculty,156
2013,Number,Ugljevik,F,Higher school and first degree of faculty,96
2013,Number,Foča,Total,Higher school and first degree of faculty,510
2013,Number,Foča,M,Higher school and first degree of faculty,334
2013,Number,Foča,F,Higher school and first degree of faculty,176
2013,Number,Han Pijesak,Total,Higher school and first degree of faculty,110
2013,Number,Han Pijesak,M,Higher school and first degree of faculty,67
2013,Number,Han Pijesak,F,Higher school and first degree of faculty,43
2013,Number,Čajniče,Total,Higher school and first degree of faculty,75
2013,Number,Čajniče,M,Higher school and first degree of faculty,48
2013,Number,Čajniče,F,Higher school and first degree of faculty,27
2013,Number,Čelinac,Total,Higher school and first degree of faculty,293
2013,Number,Čelinac,M,Higher school and first degree of faculty,186
2013,Number,Čelinac,F,Higher school and first degree of faculty,107
2013,Number,Šamac,Total,Higher school and first degree of faculty,478
2013,Number,Šamac,M,Higher school and first degree of faculty,265
2013,Number,Šamac,F,Higher school and first degree of faculty,213
2013,Number,Šekovići,Total,Higher school and first degree of faculty,136
2013,Number,Šekovići,M,Higher school and first degree of faculty,76
2013,Number,Šekovići,F,Higher school and first degree of faculty,60
2013,Number,Šipovo,Total,Higher school and first degree of faculty,191
2013,Number,Šipovo,M,Higher school and first degree of faculty,121
2013,Number,Šipovo,F,Higher school and first degree of faculty,70
2013,Number,Republika Srpska,Total,Faculty / academy / university,87036
2013,Number,Republika Srpska,M,Faculty / academy / university,42562
2013,Number,Republika Srpska,F,Faculty / academy / university,44474
2013,Number,Grad Banja Luka,Total,Faculty / academy / university,25924
2013,Number,Grad Banja Luka,M,Faculty / academy / university,12201
2013,Number,Grad Banja Luka,F,Faculty / academy / university,13723
2013,Number,Berkovići,Total,Faculty / academy / university,92
2013,Number,Berkovići,M,Faculty / academy / university,51
2013,Number,Berkovići,F,Faculty / academy / university,41
2013,Number,Grad Bijeljina,Total,Faculty / academy / university,8088
2013,Number,Grad Bijeljina,M,Faculty / academy / university,3846
2013,Number,Grad Bijeljina,F,Faculty / academy / university,4242
2013,Number,Bileća,Total,Faculty / academy / university,791
2013,Number,Bileća,M,Faculty / academy / university,443
2013,Number,Bileća,F,Faculty / academy / university,348
2013,Number,Bratunac,Total,Faculty / academy / university,1014
2013,Number,Bratunac,M,Faculty / academy / university,515
2013,Number,Bratunac,F,Faculty / academy / university,499
2013,Number,Brod,Total,Faculty / academy / university,801
2013,Number,Brod,M,Faculty / academy / university,389
2013,Number,Brod,F,Faculty / academy / university,412
2013,Number,Višegrad,Total,Faculty / academy / university,818
2013,Number,Višegrad,M,Faculty / academy / university,410
2013,Number,Višegrad,F,Faculty / academy / university,408
2013,Number,Vlasenica,Total,Faculty / academy / university,641
2013,Number,Vlasenica,M,Faculty / academy / university,316
2013,Number,Vlasenica,F,Faculty / academy / university,325
2013,Number,Vukosavlje,Total,Faculty / academy / university,97
2013,Number,Vukosavlje,M,Faculty / academy / university,55
2013,Number,Vukosavlje,F,Faculty / academy / university,42
2013,Number,Gacko,Total,Faculty / academy / university,812
2013,Number,Gacko,M,Faculty / academy / university,413
2013,Number,Gacko,F,Faculty / academy / university,399
2013,Number,Grad Gradiška,Total,Faculty / academy / university,2538
2013,Number,Grad Gradiška,M,Faculty / academy / university,1270
2013,Number,Grad Gradiška,F,Faculty / academy / university,1268
2013,Number,Grad Derventa,Total,Faculty / academy / university,1242
2013,Number,Grad Derventa,M,Faculty / academy / university,598
2013,Number,Grad Derventa,F,Faculty / academy / university,644
2013,Number,Grad Doboj,Total,Faculty / academy / university,4634
2013,Number,Grad Doboj,M,Faculty / academy / university,2420
2013,Number,Grad Doboj,F,Faculty / academy / university,2214
2013,Number,Donji Žabar,Total,Faculty / academy / university,100
2013,Number,Donji Žabar,M,Faculty / academy / university,59
2013,Number,Donji Žabar,F,Faculty / academy / university,41
2013,Number,Grad Zvornik,Total,Faculty / academy / university,2964
2013,Number,Grad Zvornik,M,Faculty / academy / university,1529
2013,Number,Grad Zvornik,F,Faculty / academy / university,1435
2013,Number,Istočna Ilidža,Total,Faculty / academy / university,1844
2013,Number,Istočna Ilidža,M,Faculty / academy / university,802
2013,Number,Istočna Ilidža,F,Faculty / academy / university,1042
2013,Number,Istočni Drvar,Total,Faculty / academy / university,10
2013,Number,Istočni Drvar,M,Faculty / academy / university,8
2013,Number,Istočni Drvar,F,Faculty / academy / university,2
2013,Number,Istočni Mostar,Total,Faculty / academy / university,14
2013,Number,Istočni Mostar,M,Faculty / academy / university,7
2013,Number,Istočni Mostar,F,Faculty / academy / university,7
2013,Number,Istočni Stari Grad,Total,Faculty / academy / university,53
2013,Number,Istočni Stari Grad,M,Faculty / academy / university,21
2013,Number,Istočni Stari Grad,F,Faculty / academy / university,32
2013,Number,Istočno Novo Sarajevo,Total,Faculty / academy / university,1563
2013,Number,Istočno Novo Sarajevo,M,Faculty / academy / university,745
2013,Number,Istočno Novo Sarajevo,F,Faculty / academy / university,818
2013,Number,Jezero,Total,Faculty / academy / university,30
2013,Number,Jezero,M,Faculty / academy / university,19
2013,Number,Jezero,F,Faculty / academy / university,11
2013,Number,Kalinovik,Total,Faculty / academy / university,147
2013,Number,Kalinovik,M,Faculty / academy / university,85
2013,Number,Kalinovik,F,Faculty / academy / university,62
2013,Number,Kneževo,Total,Faculty / academy / university,334
2013,Number,Kneževo,M,Faculty / academy / university,188
2013,Number,Kneževo,F,Faculty / academy / university,146
2013,Number,Kozarska Dubica,Total,Faculty / academy / university,999
2013,Number,Kozarska Dubica,M,Faculty / academy / university,501
2013,Number,Kozarska Dubica,F,Faculty / academy / university,498
2013,Number,Kostajnica,Total,Faculty / academy / university,281
2013,Number,Kostajnica,M,Faculty / academy / university,134
2013,Number,Kostajnica,F,Faculty / academy / university,147
2013,Number,Kotor Varoš,Total,Faculty / academy / university,767
2013,Number,Kotor Varoš,M,Faculty / academy / university,408
2013,Number,Kotor Varoš,F,Faculty / academy / university,359
2013,Number,Krupa Na Uni,Total,Faculty / academy / university,13
2013,Number,Krupa Na Uni,M,Faculty / academy / university,7
2013,Number,Krupa Na Uni,F,Faculty / academy / university,6
2013,Number,Kupres,Total,Faculty / academy / university,4
2013,Number,Kupres,M,Faculty / academy / university,3
2013,Number,Kupres,F,Faculty / academy / university,1
2013,Number,Laktaši,Total,Faculty / academy / university,1729
2013,Number,Laktaši,M,Faculty / academy / university,829
2013,Number,Laktaši,F,Faculty / academy / university,900
2013,Number,Lopare,Total,Faculty / academy / university,560
2013,Number,Lopare,M,Faculty / academy / university,264
2013,Number,Lopare,F,Faculty / academy / university,296
2013,Number,Ljubinje,Total,Faculty / academy / university,255
2013,Number,Ljubinje,M,Faculty / academy / university,145
2013,Number,Ljubinje,F,Faculty / academy / university,110
2013,Number,Milići,Total,Faculty / academy / university,573
2013,Number,Milići,M,Faculty / academy / university,295
2013,Number,Milići,F,Faculty / academy / university,278
2013,Number,Modriča,Total,Faculty / academy / university,1186
2013,Number,Modriča,M,Faculty / academy / university,605
2013,Number,Modriča,F,Faculty / academy / university,581
2013,Number,Mrkonjić Grad,Total,Faculty / academy / university,832
2013,Number,Mrkonjić Grad,M,Faculty / academy / university,410
2013,Number,Mrkonjić Grad,F,Faculty / academy / university,422
2013,Number,Nevesinje,Total,Faculty / academy / university,856
2013,Number,Nevesinje,M,Faculty / academy / university,459
2013,Number,Nevesinje,F,Faculty / academy / university,397
2013,Number,Novi Grad,Total,Faculty / academy / university,1243
2013,Number,Novi Grad,M,Faculty / academy / university,602
2013,Number,Novi Grad,F,Faculty / academy / university,641
2013,Number,Novo Goražde,Total,Faculty / academy / university,145
2013,Number,Novo Goražde,M,Faculty / academy / university,71
2013,Number,Novo Goražde,F,Faculty / academy / university,74
2013,Number,Osmaci,Total,Faculty / academy / university,235
2013,Number,Osmaci,M,Faculty / academy / university,148
2013,Number,Osmaci,F,Faculty / academy / university,87
2013,Number,Oštra Luka,Total,Faculty / academy / university,55
2013,Number,Oštra Luka,M,Faculty / academy / university,24
2013,Number,Oštra Luka,F,Faculty / academy / university,31
2013,Number,Pale,Total,Faculty / academy / university,2538
2013,Number,Pale,M,Faculty / academy / university,1148
2013,Number,Pale,F,Faculty / academy / university,1390
2013,Number,Pelagićevo,Total,Faculty / academy / university,94
2013,Number,Pelagićevo,M,Faculty / academy / university,53
2013,Number,Pelagićevo,F,Faculty / academy / university,41
2013,Number,Petrovac,Total,Faculty / academy / university,26
2013,Number,Petrovac,M,Faculty / academy / university,13
2013,Number,Petrovac,F,Faculty / academy / university,13
2013,Number,Petrovo,Total,Faculty / academy / university,259
2013,Number,Petrovo,M,Faculty / academy / university,134
2013,Number,Petrovo,F,Faculty / academy / university,125
2013,Number,Grad Prijedor,Total,Faculty / academy / university,4646
2013,Number,Grad Prijedor,M,Faculty / academy / university,2220
2013,Number,Grad Prijedor,F,Faculty / academy / university,2426
2013,Number,Prnjavor,Total,Faculty / academy / university,1336
2013,Number,Prnjavor,M,Faculty / academy / university,627
2013,Number,Prnjavor,F,Faculty / academy / university,709
2013,Number,Ribnik,Total,Faculty / academy / university,195
2013,Number,Ribnik,M,Faculty / academy / university,108
2013,Number,Ribnik,F,Faculty / academy / university,87
2013,Number,Rogatica,Total,Faculty / academy / university,702
2013,Number,Rogatica,M,Faculty / academy / university,354
2013,Number,Rogatica,F,Faculty / academy / university,348
2013,Number,Rudo,Total,Faculty / academy / university,454
2013,Number,Rudo,M,Faculty / academy / university,232
2013,Number,Rudo,F,Faculty / academy / university,222
2013,Number,Sokolac,Total,Faculty / academy / university,1113
2013,Number,Sokolac,M,Faculty / academy / university,529
2013,Number,Sokolac,F,Faculty / academy / university,584
2013,Number,Srbac,Total,Faculty / academy / university,798
2013,Number,Srbac,M,Faculty / academy / university,410
2013,Number,Srbac,F,Faculty / academy / university,388
2013,Number,Srebrenica,Total,Faculty / academy / university,741
2013,Number,Srebrenica,M,Faculty / academy / university,395
2013,Number,Srebrenica,F,Faculty / academy / university,346
2013,Number,Teslić,Total,Faculty / academy / university,1351
2013,Number,Teslić,M,Faculty / academy / university,689
2013,Number,Teslić,F,Faculty / academy / university,662
2013,Number,Grad Trebinje,Total,Faculty / academy / university,3262
2013,Number,Grad Trebinje,M,Faculty / academy / university,1642
2013,Number,Grad Trebinje,F,Faculty / academy / university,1620
2013,Number,Trnovo,Total,Faculty / academy / university,139
2013,Number,Trnovo,M,Faculty / academy / university,66
2013,Number,Trnovo,F,Faculty / academy / university,73
2013,Number,Ugljevik,Total,Faculty / academy / university,903
2013,Number,Ugljevik,M,Faculty / academy / university,443
2013,Number,Ugljevik,F,Faculty / academy / university,460
2013,Number,Foča,Total,Faculty / academy / university,1422
2013,Number,Foča,M,Faculty / academy / university,757
2013,Number,Foča,F,Faculty / academy / university,665
2013,Number,Han Pijesak,Total,Faculty / academy / university,274
2013,Number,Han Pijesak,M,Faculty / academy / university,138
2013,Number,Han Pijesak,F,Faculty / academy / university,136
2013,Number,Čajniče,Total,Faculty / academy / university,280
2013,Number,Čajniče,M,Faculty / academy / university,152
2013,Number,Čajniče,F,Faculty / academy / university,128
2013,Number,Čelinac,Total,Faculty / academy / university,618
2013,Number,Čelinac,M,Faculty / academy / university,290
2013,Number,Čelinac,F,Faculty / academy / university,328
2013,Number,Šamac,Total,Faculty / academy / university,911
2013,Number,Šamac,M,Faculty / academy / university,494
2013,Number,Šamac,F,Faculty / academy / university,417
2013,Number,Šekovići,Total,Faculty / academy / university,267
2013,Number,Šekovići,M,Faculty / academy / university,144
2013,Number,Šekovići,F,Faculty / academy / university,123
2013,Number,Šipovo,Total,Faculty / academy / university,423
2013,Number,Šipovo,M,Faculty / academy / university,229
2013,Number,Šipovo,F,Faculty / academy / university,194
