Year,UNIT_MEASURE,ADMIN_AREA,Sex,Disabilities,Value
2013,Number,republika_srpska,Both sexes,_T,102262
2013,Number,republika_srpska,M,_T,46720
2013,Number,republika_srpska,F,_T,55542
2013,Number,grad_banja_luka,Both sexes,_T,13450
2013,Number,grad_banja_luka,M,_T,6251
2013,Number,grad_banja_luka,F,_T,7199
2013,Number,berkovici,Both sexes,_T,165
2013,Number,berkovici,M,_T,75
2013,Number,berkovici,F,_T,90
2013,Number,grad_bijeljina,Both sexes,_T,8763
2013,Number,grad_bijeljina,M,_T,3967
2013,Number,grad_bijeljina,F,_T,4796
2013,Number,bileca,Both sexes,_T,813
2013,Number,bileca,M,_T,339
2013,Number,bileca,F,_T,474
2013,Number,bratunac,Both sexes,_T,1534
2013,Number,bratunac,M,_T,688
2013,Number,bratunac,F,_T,846
2013,Number,brod,Both sexes,_T,1420
2013,Number,brod,M,_T,658
2013,Number,brod,F,_T,762
2013,Number,visegrad,Both sexes,_T,1097
2013,Number,visegrad,M,_T,422
2013,Number,visegrad,F,_T,675
2013,Number,vlasenica,Both sexes,_T,786
2013,Number,vlasenica,M,_T,393
2013,Number,vlasenica,F,_T,393
2013,Number,vukosavlje,Both sexes,_T,472
2013,Number,vukosavlje,M,_T,226
2013,Number,vukosavlje,F,_T,246
2013,Number,gacko,Both sexes,_T,597
2013,Number,gacko,M,_T,261
2013,Number,gacko,F,_T,336
2013,Number,grad_gradiska,Both sexes,_T,4427
2013,Number,grad_gradiska,M,_T,1965
2013,Number,grad_gradiska,F,_T,2462
2013,Number,grad_derventa,Both sexes,_T,2529
2013,Number,grad_derventa,M,_T,1153
2013,Number,grad_derventa,F,_T,1376
2013,Number,grad_doboj,Both sexes,_T,7404
2013,Number,grad_doboj,M,_T,3292
2013,Number,grad_doboj,F,_T,4112
2013,Number,donji_zabar,Both sexes,_T,313
2013,Number,donji_zabar,M,_T,146
2013,Number,donji_zabar,F,_T,167
2013,Number,grad_zvornik,Both sexes,_T,4328
2013,Number,grad_zvornik,M,_T,2027
2013,Number,grad_zvornik,F,_T,2301
2013,Number,istocna_ilidza,Both sexes,_T,1025
2013,Number,istocna_ilidza,M,_T,464
2013,Number,istocna_ilidza,F,_T,561
2013,Number,istocni_drvar,Both sexes,_T,9
2013,Number,istocni_drvar,M,_T,5
2013,Number,istocni_drvar,F,_T,4
2013,Number,istocni_mostar,Both sexes,_T,14
2013,Number,istocni_mostar,M,_T,4
2013,Number,istocni_mostar,F,_T,10
2013,Number,istocni_stari_grad,Both sexes,_T,100
2013,Number,istocni_stari_grad,M,_T,42
2013,Number,istocni_stari_grad,F,_T,58
2013,Number,istocno_novo_sarajevo,Both sexes,_T,611
2013,Number,istocno_novo_sarajevo,M,_T,276
2013,Number,istocno_novo_sarajevo,F,_T,335
2013,Number,jezero,Both sexes,_T,80
2013,Number,jezero,M,_T,37
2013,Number,jezero,F,_T,43
2013,Number,kalinovik,Both sexes,_T,203
2013,Number,kalinovik,M,_T,88
2013,Number,kalinovik,F,_T,115
2013,Number,knezevo,Both sexes,_T,933
2013,Number,knezevo,M,_T,449
2013,Number,knezevo,F,_T,484
2013,Number,kozarska_dubica,Both sexes,_T,2078
2013,Number,kozarska_dubica,M,_T,919
2013,Number,kozarska_dubica,F,_T,1159
2013,Number,kostajnica,Both sexes,_T,475
2013,Number,kostajnica,M,_T,216
2013,Number,kostajnica,F,_T,259
2013,Number,kotor_varos,Both sexes,_T,1857
2013,Number,kotor_varos,M,_T,865
2013,Number,kotor_varos,F,_T,992
2013,Number,krupa_na_uni,Both sexes,_T,204
2013,Number,krupa_na_uni,M,_T,93
2013,Number,krupa_na_uni,F,_T,111
2013,Number,kupres,Both sexes,_T,49
2013,Number,kupres,M,_T,27
2013,Number,kupres,F,_T,22
2013,Number,laktasi,Both sexes,_T,2445
2013,Number,laktasi,M,_T,1196
2013,Number,laktasi,F,_T,1249
2013,Number,lopare,Both sexes,_T,1612
2013,Number,lopare,M,_T,791
2013,Number,lopare,F,_T,821
2013,Number,ljubinje,Both sexes,_T,197
2013,Number,ljubinje,M,_T,84
2013,Number,ljubinje,F,_T,113
2013,Number,milici,Both sexes,_T,860
2013,Number,milici,M,_T,392
2013,Number,milici,F,_T,468
2013,Number,modrica,Both sexes,_T,2458
2013,Number,modrica,M,_T,1119
2013,Number,modrica,F,_T,1339
2013,Number,mrkonjic_grad,Both sexes,_T,1300
2013,Number,mrkonjic_grad,M,_T,602
2013,Number,mrkonjic_grad,F,_T,698
2013,Number,nevesinje,Both sexes,_T,876
2013,Number,nevesinje,M,_T,379
2013,Number,nevesinje,F,_T,497
2013,Number,novi_grad,Both sexes,_T,2687
2013,Number,novi_grad,M,_T,1179
2013,Number,novi_grad,F,_T,1508
2013,Number,novo_gorazde,Both sexes,_T,206
2013,Number,novo_gorazde,M,_T,101
2013,Number,novo_gorazde,F,_T,105
2013,Number,osmaci,Both sexes,_T,513
2013,Number,osmaci,M,_T,234
2013,Number,osmaci,F,_T,279
2013,Number,ostra_luka,Both sexes,_T,394
2013,Number,ostra_luka,M,_T,205
2013,Number,ostra_luka,F,_T,189
2013,Number,pale,Both sexes,_T,1289
2013,Number,pale,M,_T,594
2013,Number,pale,F,_T,695
2013,Number,pelagicevo,Both sexes,_T,688
2013,Number,pelagicevo,M,_T,299
2013,Number,pelagicevo,F,_T,389
2013,Number,petrovac,Both sexes,_T,16
2013,Number,petrovac,M,_T,6
2013,Number,petrovac,F,_T,10
2013,Number,petrovo,Both sexes,_T,944
2013,Number,petrovo,M,_T,399
2013,Number,petrovo,F,_T,545
2013,Number,grad_prijedor,Both sexes,_T,7173
2013,Number,grad_prijedor,M,_T,3333
2013,Number,grad_prijedor,F,_T,3840
2013,Number,prnjavor,Both sexes,_T,3309
2013,Number,prnjavor,M,_T,1497
2013,Number,prnjavor,F,_T,1812
2013,Number,ribnik,Both sexes,_T,701
2013,Number,ribnik,M,_T,323
2013,Number,ribnik,F,_T,378
2013,Number,rogatica,Both sexes,_T,1012
2013,Number,rogatica,M,_T,464
2013,Number,rogatica,F,_T,548
2013,Number,rudo,Both sexes,_T,596
2013,Number,rudo,M,_T,258
2013,Number,rudo,F,_T,338
2013,Number,sokolac,Both sexes,_T,944
2013,Number,sokolac,M,_T,422
2013,Number,sokolac,F,_T,522
2013,Number,srbac,Both sexes,_T,1526
2013,Number,srbac,M,_T,714
2013,Number,srbac,F,_T,812
2013,Number,srebrenica,Both sexes,_T,1061
2013,Number,srebrenica,M,_T,447
2013,Number,srebrenica,F,_T,614
2013,Number,teslic,Both sexes,_T,3562
2013,Number,teslic,M,_T,1683
2013,Number,teslic,F,_T,1879
2013,Number,grad_trebinje,Both sexes,_T,1860
2013,Number,grad_trebinje,M,_T,823
2013,Number,grad_trebinje,F,_T,1037
2013,Number,trnovo,Both sexes,_T,171
2013,Number,trnovo,M,_T,70
2013,Number,trnovo,F,_T,101
2013,Number,ugljevik,Both sexes,_T,1179
2013,Number,ugljevik,M,_T,532
2013,Number,ugljevik,F,_T,647
2013,Number,foca,Both sexes,_T,1473
2013,Number,foca,M,_T,725
2013,Number,foca,F,_T,748
2013,Number,han_pijesak,Both sexes,_T,269
2013,Number,han_pijesak,M,_T,99
2013,Number,han_pijesak,F,_T,170
2013,Number,cajnice,Both sexes,_T,461
2013,Number,cajnice,M,_T,208
2013,Number,cajnice,F,_T,253
2013,Number,celinac,Both sexes,_T,1672
2013,Number,celinac,M,_T,800
2013,Number,celinac,F,_T,872
2013,Number,samac,Both sexes,_T,1634
2013,Number,samac,M,_T,724
2013,Number,samac,F,_T,910
2013,Number,sekovici,Both sexes,_T,595
2013,Number,sekovici,M,_T,279
2013,Number,sekovici,F,_T,316
2013,Number,sipovo,Both sexes,_T,843
2013,Number,sipovo,M,_T,391
2013,Number,sipovo,F,_T,452
2013,Number,republika_srpska,Both sexes,eyesight,43020
2013,Number,republika_srpska,M,eyesight,18052
2013,Number,republika_srpska,F,eyesight,24968
2013,Number,grad_banja_luka,Both sexes,eyesight,5370
2013,Number,grad_banja_luka,M,eyesight,2232
2013,Number,grad_banja_luka,F,eyesight,3138
2013,Number,berkovici,Both sexes,eyesight,73
2013,Number,berkovici,M,eyesight,33
2013,Number,berkovici,F,eyesight,40
2013,Number,grad_bijeljina,Both sexes,eyesight,3450
2013,Number,grad_bijeljina,M,eyesight,1424
2013,Number,grad_bijeljina,F,eyesight,2026
2013,Number,bileca,Both sexes,eyesight,375
2013,Number,bileca,M,eyesight,159
2013,Number,bileca,F,eyesight,216
2013,Number,bratunac,Both sexes,eyesight,791
2013,Number,bratunac,M,eyesight,328
2013,Number,bratunac,F,eyesight,463
2013,Number,brod,Both sexes,eyesight,596
2013,Number,brod,M,eyesight,252
2013,Number,brod,F,eyesight,344
2013,Number,visegrad,Both sexes,eyesight,409
2013,Number,visegrad,M,eyesight,162
2013,Number,visegrad,F,eyesight,247
2013,Number,vlasenica,Both sexes,eyesight,372
2013,Number,vlasenica,M,eyesight,171
2013,Number,vlasenica,F,eyesight,201
2013,Number,vukosavlje,Both sexes,eyesight,157
2013,Number,vukosavlje,M,eyesight,74
2013,Number,vukosavlje,F,eyesight,83
2013,Number,gacko,Both sexes,eyesight,245
2013,Number,gacko,M,eyesight,107
2013,Number,gacko,F,eyesight,138
2013,Number,grad_gradiska,Both sexes,eyesight,1881
2013,Number,grad_gradiska,M,eyesight,754
2013,Number,grad_gradiska,F,eyesight,1127
2013,Number,grad_derventa,Both sexes,eyesight,1172
2013,Number,grad_derventa,M,eyesight,476
2013,Number,grad_derventa,F,eyesight,696
2013,Number,grad_doboj,Both sexes,eyesight,3265
2013,Number,grad_doboj,M,eyesight,1332
2013,Number,grad_doboj,F,eyesight,1933
2013,Number,donji_zabar,Both sexes,eyesight,122
2013,Number,donji_zabar,M,eyesight,50
2013,Number,donji_zabar,F,eyesight,72
2013,Number,grad_zvornik,Both sexes,eyesight,1920
2013,Number,grad_zvornik,M,eyesight,842
2013,Number,grad_zvornik,F,eyesight,1078
2013,Number,istocna_ilidza,Both sexes,eyesight,423
2013,Number,istocna_ilidza,M,eyesight,183
2013,Number,istocna_ilidza,F,eyesight,240
2013,Number,istocni_drvar,Both sexes,eyesight,5
2013,Number,istocni_drvar,M,eyesight,2
2013,Number,istocni_drvar,F,eyesight,3
2013,Number,istocni_mostar,Both sexes,eyesight,9
2013,Number,istocni_mostar,M,eyesight,3
2013,Number,istocni_mostar,F,eyesight,6
2013,Number,istocni_stari_grad,Both sexes,eyesight,49
2013,Number,istocni_stari_grad,M,eyesight,22
2013,Number,istocni_stari_grad,F,eyesight,27
2013,Number,istocno_novo_sarajevo,Both sexes,eyesight,255
2013,Number,istocno_novo_sarajevo,M,eyesight,90
2013,Number,istocno_novo_sarajevo,F,eyesight,165
2013,Number,jezero,Both sexes,eyesight,44
2013,Number,jezero,M,eyesight,18
2013,Number,jezero,F,eyesight,26
2013,Number,kalinovik,Both sexes,eyesight,87
2013,Number,kalinovik,M,eyesight,35
2013,Number,kalinovik,F,eyesight,52
2013,Number,knezevo,Both sexes,eyesight,355
2013,Number,knezevo,M,eyesight,159
2013,Number,knezevo,F,eyesight,196
2013,Number,kozarska_dubica,Both sexes,eyesight,788
2013,Number,kozarska_dubica,M,eyesight,329
2013,Number,kozarska_dubica,F,eyesight,459
2013,Number,kostajnica,Both sexes,eyesight,226
2013,Number,kostajnica,M,eyesight,104
2013,Number,kostajnica,F,eyesight,122
2013,Number,kotor_varos,Both sexes,eyesight,894
2013,Number,kotor_varos,M,eyesight,374
2013,Number,kotor_varos,F,eyesight,520
2013,Number,krupa_na_uni,Both sexes,eyesight,98
2013,Number,krupa_na_uni,M,eyesight,47
2013,Number,krupa_na_uni,F,eyesight,51
2013,Number,kupres,Both sexes,eyesight,12
2013,Number,kupres,M,eyesight,8
2013,Number,kupres,F,eyesight,4
2013,Number,laktasi,Both sexes,eyesight,1042
2013,Number,laktasi,M,eyesight,460
2013,Number,laktasi,F,eyesight,582
2013,Number,lopare,Both sexes,eyesight,691
2013,Number,lopare,M,eyesight,297
2013,Number,lopare,F,eyesight,394
2013,Number,ljubinje,Both sexes,eyesight,82
2013,Number,ljubinje,M,eyesight,36
2013,Number,ljubinje,F,eyesight,46
2013,Number,milici,Both sexes,eyesight,390
2013,Number,milici,M,eyesight,165
2013,Number,milici,F,eyesight,225
2013,Number,modrica,Both sexes,eyesight,990
2013,Number,modrica,M,eyesight,443
2013,Number,modrica,F,eyesight,547
2013,Number,mrkonjic_grad,Both sexes,eyesight,524
2013,Number,mrkonjic_grad,M,eyesight,227
2013,Number,mrkonjic_grad,F,eyesight,297
2013,Number,nevesinje,Both sexes,eyesight,401
2013,Number,nevesinje,M,eyesight,187
2013,Number,nevesinje,F,eyesight,214
2013,Number,novi_grad,Both sexes,eyesight,1236
2013,Number,novi_grad,M,eyesight,483
2013,Number,novi_grad,F,eyesight,753
2013,Number,novo_gorazde,Both sexes,eyesight,86
2013,Number,novo_gorazde,M,eyesight,35
2013,Number,novo_gorazde,F,eyesight,51
2013,Number,osmaci,Both sexes,eyesight,243
2013,Number,osmaci,M,eyesight,102
2013,Number,osmaci,F,eyesight,141
2013,Number,ostra_luka,Both sexes,eyesight,176
2013,Number,ostra_luka,M,eyesight,88
2013,Number,ostra_luka,F,eyesight,88
2013,Number,pale,Both sexes,eyesight,492
2013,Number,pale,M,eyesight,213
2013,Number,pale,F,eyesight,279
2013,Number,pelagicevo,Both sexes,eyesight,310
2013,Number,pelagicevo,M,eyesight,132
2013,Number,pelagicevo,F,eyesight,178
2013,Number,petrovac,Both sexes,eyesight,6
2013,Number,petrovac,M,eyesight,2
2013,Number,petrovac,F,eyesight,4
2013,Number,petrovo,Both sexes,eyesight,433
2013,Number,petrovo,M,eyesight,178
2013,Number,petrovo,F,eyesight,255
2013,Number,grad_prijedor,Both sexes,eyesight,2857
2013,Number,grad_prijedor,M,eyesight,1209
2013,Number,grad_prijedor,F,eyesight,1648
2013,Number,prnjavor,Both sexes,eyesight,1364
2013,Number,prnjavor,M,eyesight,564
2013,Number,prnjavor,F,eyesight,800
2013,Number,ribnik,Both sexes,eyesight,293
2013,Number,ribnik,M,eyesight,137
2013,Number,ribnik,F,eyesight,156
2013,Number,rogatica,Both sexes,eyesight,418
2013,Number,rogatica,M,eyesight,174
2013,Number,rogatica,F,eyesight,244
2013,Number,rudo,Both sexes,eyesight,231
2013,Number,rudo,M,eyesight,98
2013,Number,rudo,F,eyesight,133
2013,Number,sokolac,Both sexes,eyesight,368
2013,Number,sokolac,M,eyesight,161
2013,Number,sokolac,F,eyesight,207
2013,Number,srbac,Both sexes,eyesight,684
2013,Number,srbac,M,eyesight,291
2013,Number,srbac,F,eyesight,393
2013,Number,srebrenica,Both sexes,eyesight,487
2013,Number,srebrenica,M,eyesight,176
2013,Number,srebrenica,F,eyesight,311
2013,Number,teslic,Both sexes,eyesight,1451
2013,Number,teslic,M,eyesight,633
2013,Number,teslic,F,eyesight,818
2013,Number,grad_trebinje,Both sexes,eyesight,736
2013,Number,grad_trebinje,M,eyesight,297
2013,Number,grad_trebinje,F,eyesight,439
2013,Number,trnovo,Both sexes,eyesight,62
2013,Number,trnovo,M,eyesight,25
2013,Number,trnovo,F,eyesight,37
2013,Number,ugljevik,Both sexes,eyesight,488
2013,Number,ugljevik,M,eyesight,202
2013,Number,ugljevik,F,eyesight,286
2013,Number,foca,Both sexes,eyesight,605
2013,Number,foca,M,eyesight,263
2013,Number,foca,F,eyesight,342
2013,Number,han_pijesak,Both sexes,eyesight,102
2013,Number,han_pijesak,M,eyesight,36
2013,Number,han_pijesak,F,eyesight,66
2013,Number,cajnice,Both sexes,eyesight,219
2013,Number,cajnice,M,eyesight,93
2013,Number,cajnice,F,eyesight,126
2013,Number,celinac,Both sexes,eyesight,752
2013,Number,celinac,M,eyesight,313
2013,Number,celinac,F,eyesight,439
2013,Number,samac,Both sexes,eyesight,679
2013,Number,samac,M,eyesight,277
2013,Number,samac,F,eyesight,402
2013,Number,sekovici,Both sexes,eyesight,307
2013,Number,sekovici,M,eyesight,130
2013,Number,sekovici,F,eyesight,177
2013,Number,sipovo,Both sexes,eyesight,372
2013,Number,sipovo,M,eyesight,155
2013,Number,sipovo,F,eyesight,217
2013,Number,republika_srpska,Both sexes,hearing,26055
2013,Number,republika_srpska,M,hearing,12971
2013,Number,republika_srpska,F,hearing,13084
2013,Number,grad_banja_luka,Both sexes,hearing,3262
2013,Number,grad_banja_luka,M,hearing,1678
2013,Number,grad_banja_luka,F,hearing,1584
2013,Number,berkovici,Both sexes,hearing,48
2013,Number,berkovici,M,hearing,28
2013,Number,berkovici,F,hearing,20
2013,Number,grad_bijeljina,Both sexes,hearing,2026
2013,Number,grad_bijeljina,M,hearing,1028
2013,Number,grad_bijeljina,F,hearing,998
2013,Number,bileca,Both sexes,hearing,240
2013,Number,bileca,M,hearing,122
2013,Number,bileca,F,hearing,118
2013,Number,bratunac,Both sexes,hearing,420
2013,Number,bratunac,M,hearing,196
2013,Number,bratunac,F,hearing,224
2013,Number,brod,Both sexes,hearing,322
2013,Number,brod,M,hearing,168
2013,Number,brod,F,hearing,154
2013,Number,visegrad,Both sexes,hearing,276
2013,Number,visegrad,M,hearing,128
2013,Number,visegrad,F,hearing,148
2013,Number,vlasenica,Both sexes,hearing,236
2013,Number,vlasenica,M,hearing,117
2013,Number,vlasenica,F,hearing,119
2013,Number,vukosavlje,Both sexes,hearing,107
2013,Number,vukosavlje,M,hearing,49
2013,Number,vukosavlje,F,hearing,58
2013,Number,gacko,Both sexes,hearing,172
2013,Number,gacko,M,hearing,80
2013,Number,gacko,F,hearing,92
2013,Number,grad_gradiska,Both sexes,hearing,1110
2013,Number,grad_gradiska,M,hearing,525
2013,Number,grad_gradiska,F,hearing,585
2013,Number,grad_derventa,Both sexes,hearing,655
2013,Number,grad_derventa,M,hearing,320
2013,Number,grad_derventa,F,hearing,335
2013,Number,grad_doboj,Both sexes,hearing,1902
2013,Number,grad_doboj,M,hearing,925
2013,Number,grad_doboj,F,hearing,977
2013,Number,donji_zabar,Both sexes,hearing,81
2013,Number,donji_zabar,M,hearing,50
2013,Number,donji_zabar,F,hearing,31
2013,Number,grad_zvornik,Both sexes,hearing,1157
2013,Number,grad_zvornik,M,hearing,580
2013,Number,grad_zvornik,F,hearing,577
2013,Number,istocna_ilidza,Both sexes,hearing,267
2013,Number,istocna_ilidza,M,hearing,123
2013,Number,istocna_ilidza,F,hearing,144
2013,Number,istocni_drvar,Both sexes,hearing,4
2013,Number,istocni_drvar,M,hearing,1
2013,Number,istocni_drvar,F,hearing,3
2013,Number,istocni_mostar,Both sexes,hearing,7
2013,Number,istocni_mostar,M,hearing,1
2013,Number,istocni_mostar,F,hearing,6
2013,Number,istocni_stari_grad,Both sexes,hearing,29
2013,Number,istocni_stari_grad,M,hearing,15
2013,Number,istocni_stari_grad,F,hearing,14
2013,Number,istocno_novo_sarajevo,Both sexes,hearing,153
2013,Number,istocno_novo_sarajevo,M,hearing,76
2013,Number,istocno_novo_sarajevo,F,hearing,77
2013,Number,jezero,Both sexes,hearing,34
2013,Number,jezero,M,hearing,18
2013,Number,jezero,F,hearing,16
2013,Number,kalinovik,Both sexes,hearing,56
2013,Number,kalinovik,M,hearing,25
2013,Number,kalinovik,F,hearing,31
2013,Number,knezevo,Both sexes,hearing,251
2013,Number,knezevo,M,hearing,127
2013,Number,knezevo,F,hearing,124
2013,Number,kozarska_dubica,Both sexes,hearing,490
2013,Number,kozarska_dubica,M,hearing,237
2013,Number,kozarska_dubica,F,hearing,253
2013,Number,kostajnica,Both sexes,hearing,123
2013,Number,kostajnica,M,hearing,65
2013,Number,kostajnica,F,hearing,58
2013,Number,kotor_varos,Both sexes,hearing,485
2013,Number,kotor_varos,M,hearing,244
2013,Number,kotor_varos,F,hearing,241
2013,Number,krupa_na_uni,Both sexes,hearing,59
2013,Number,krupa_na_uni,M,hearing,36
2013,Number,krupa_na_uni,F,hearing,23
2013,Number,kupres,Both sexes,hearing,14
2013,Number,kupres,M,hearing,10
2013,Number,kupres,F,hearing,4
2013,Number,laktasi,Both sexes,hearing,610
2013,Number,laktasi,M,hearing,322
2013,Number,laktasi,F,hearing,288
2013,Number,lopare,Both sexes,hearing,400
2013,Number,lopare,M,hearing,187
2013,Number,lopare,F,hearing,213
2013,Number,ljubinje,Both sexes,hearing,68
2013,Number,ljubinje,M,hearing,33
2013,Number,ljubinje,F,hearing,35
2013,Number,milici,Both sexes,hearing,209
2013,Number,milici,M,hearing,98
2013,Number,milici,F,hearing,111
2013,Number,modrica,Both sexes,hearing,623
2013,Number,modrica,M,hearing,318
2013,Number,modrica,F,hearing,305
2013,Number,mrkonjic_grad,Both sexes,hearing,388
2013,Number,mrkonjic_grad,M,hearing,188
2013,Number,mrkonjic_grad,F,hearing,200
2013,Number,nevesinje,Both sexes,hearing,254
2013,Number,nevesinje,M,hearing,119
2013,Number,nevesinje,F,hearing,135
2013,Number,novi_grad,Both sexes,hearing,706
2013,Number,novi_grad,M,hearing,334
2013,Number,novi_grad,F,hearing,372
2013,Number,novo_gorazde,Both sexes,hearing,57
2013,Number,novo_gorazde,M,hearing,31
2013,Number,novo_gorazde,F,hearing,26
2013,Number,osmaci,Both sexes,hearing,144
2013,Number,osmaci,M,hearing,71
2013,Number,osmaci,F,hearing,73
2013,Number,ostra_luka,Both sexes,hearing,97
2013,Number,ostra_luka,M,hearing,65
2013,Number,ostra_luka,F,hearing,32
2013,Number,pale,Both sexes,hearing,318
2013,Number,pale,M,hearing,164
2013,Number,pale,F,hearing,154
2013,Number,pelagicevo,Both sexes,hearing,167
2013,Number,pelagicevo,M,hearing,74
2013,Number,pelagicevo,F,hearing,93
2013,Number,petrovac,Both sexes,hearing,4
2013,Number,petrovac,M,hearing,1
2013,Number,petrovac,F,hearing,3
2013,Number,petrovo,Both sexes,hearing,257
2013,Number,petrovo,M,hearing,134
2013,Number,petrovo,F,hearing,123
2013,Number,grad_prijedor,Both sexes,hearing,1805
2013,Number,grad_prijedor,M,hearing,944
2013,Number,grad_prijedor,F,hearing,861
2013,Number,prnjavor,Both sexes,hearing,812
2013,Number,prnjavor,M,hearing,383
2013,Number,prnjavor,F,hearing,429
2013,Number,ribnik,Both sexes,hearing,199
2013,Number,ribnik,M,hearing,97
2013,Number,ribnik,F,hearing,102
2013,Number,rogatica,Both sexes,hearing,307
2013,Number,rogatica,M,hearing,150
2013,Number,rogatica,F,hearing,157
2013,Number,rudo,Both sexes,hearing,169
2013,Number,rudo,M,hearing,83
2013,Number,rudo,F,hearing,86
2013,Number,sokolac,Both sexes,hearing,257
2013,Number,sokolac,M,hearing,121
2013,Number,sokolac,F,hearing,136
2013,Number,srbac,Both sexes,hearing,423
2013,Number,srbac,M,hearing,212
2013,Number,srbac,F,hearing,211
2013,Number,srebrenica,Both sexes,hearing,229
2013,Number,srebrenica,M,hearing,109
2013,Number,srebrenica,F,hearing,120
2013,Number,teslic,Both sexes,hearing,881
2013,Number,teslic,M,hearing,435
2013,Number,teslic,F,hearing,446
2013,Number,grad_trebinje,Both sexes,hearing,461
2013,Number,grad_trebinje,M,hearing,227
2013,Number,grad_trebinje,F,hearing,234
2013,Number,trnovo,Both sexes,hearing,46
2013,Number,trnovo,M,hearing,22
2013,Number,trnovo,F,hearing,24
2013,Number,ugljevik,Both sexes,hearing,257
2013,Number,ugljevik,M,hearing,117
2013,Number,ugljevik,F,hearing,140
2013,Number,foca,Both sexes,hearing,430
2013,Number,foca,M,hearing,216
2013,Number,foca,F,hearing,214
2013,Number,han_pijesak,Both sexes,hearing,68
2013,Number,han_pijesak,M,hearing,28
2013,Number,han_pijesak,F,hearing,40
2013,Number,cajnice,Both sexes,hearing,135
2013,Number,cajnice,M,hearing,66
2013,Number,cajnice,F,hearing,69
2013,Number,celinac,Both sexes,hearing,457
2013,Number,celinac,M,hearing,233
2013,Number,celinac,F,hearing,224
2013,Number,samac,Both sexes,hearing,419
2013,Number,samac,M,hearing,217
2013,Number,samac,F,hearing,202
2013,Number,sekovici,Both sexes,hearing,193
2013,Number,sekovici,M,hearing,96
2013,Number,sekovici,F,hearing,97
2013,Number,sipovo,Both sexes,hearing,219
2013,Number,sipovo,M,hearing,104
2013,Number,sipovo,F,hearing,115
2013,Number,republika_srpska,Both sexes,walking,63381
2013,Number,republika_srpska,M,walking,26903
2013,Number,republika_srpska,F,walking,36478
2013,Number,grad_banja_luka,Both sexes,walking,8456
2013,Number,grad_banja_luka,M,walking,3667
2013,Number,grad_banja_luka,F,walking,4789
2013,Number,berkovici,Both sexes,walking,109
2013,Number,berkovici,M,walking,45
2013,Number,berkovici,F,walking,64
2013,Number,grad_bijeljina,Both sexes,walking,5530
2013,Number,grad_bijeljina,M,walking,2356
2013,Number,grad_bijeljina,F,walking,3174
2013,Number,bileca,Both sexes,walking,533
2013,Number,bileca,M,walking,193
2013,Number,bileca,F,walking,340
2013,Number,bratunac,Both sexes,walking,835
2013,Number,bratunac,M,walking,372
2013,Number,bratunac,F,walking,463
2013,Number,brod,Both sexes,walking,892
2013,Number,brod,M,walking,392
2013,Number,brod,F,walking,500
2013,Number,visegrad,Both sexes,walking,598
2013,Number,visegrad,M,walking,227
2013,Number,visegrad,F,walking,371
2013,Number,vlasenica,Both sexes,walking,440
2013,Number,vlasenica,M,walking,211
2013,Number,vlasenica,F,walking,229
2013,Number,vukosavlje,Both sexes,walking,286
2013,Number,vukosavlje,M,walking,130
2013,Number,vukosavlje,F,walking,156
2013,Number,gacko,Both sexes,walking,385
2013,Number,gacko,M,walking,152
2013,Number,gacko,F,walking,233
2013,Number,grad_gradiska,Both sexes,walking,2675
2013,Number,grad_gradiska,M,walking,1074
2013,Number,grad_gradiska,F,walking,1601
2013,Number,grad_derventa,Both sexes,walking,1590
2013,Number,grad_derventa,M,walking,695
2013,Number,grad_derventa,F,walking,895
2013,Number,grad_doboj,Both sexes,walking,4793
2013,Number,grad_doboj,M,walking,1953
2013,Number,grad_doboj,F,walking,2840
2013,Number,donji_zabar,Both sexes,walking,182
2013,Number,donji_zabar,M,walking,76
2013,Number,donji_zabar,F,walking,106
2013,Number,grad_zvornik,Both sexes,walking,2535
2013,Number,grad_zvornik,M,walking,1092
2013,Number,grad_zvornik,F,walking,1443
2013,Number,istocna_ilidza,Both sexes,walking,644
2013,Number,istocna_ilidza,M,walking,267
2013,Number,istocna_ilidza,F,walking,377
2013,Number,istocni_drvar,Both sexes,walking,7
2013,Number,istocni_drvar,M,walking,4
2013,Number,istocni_drvar,F,walking,3
2013,Number,istocni_mostar,Both sexes,walking,8
2013,Number,istocni_mostar,M,walking,2
2013,Number,istocni_mostar,F,walking,6
2013,Number,istocni_stari_grad,Both sexes,walking,53
2013,Number,istocni_stari_grad,M,walking,22
2013,Number,istocni_stari_grad,F,walking,31
2013,Number,istocno_novo_sarajevo,Both sexes,walking,380
2013,Number,istocno_novo_sarajevo,M,walking,163
2013,Number,istocno_novo_sarajevo,F,walking,217
2013,Number,jezero,Both sexes,walking,60
2013,Number,jezero,M,walking,29
2013,Number,jezero,F,walking,31
2013,Number,kalinovik,Both sexes,walking,132
2013,Number,kalinovik,M,walking,54
2013,Number,kalinovik,F,walking,78
2013,Number,knezevo,Both sexes,walking,568
2013,Number,knezevo,M,walking,255
2013,Number,knezevo,F,walking,313
2013,Number,kozarska_dubica,Both sexes,walking,1369
2013,Number,kozarska_dubica,M,walking,549
2013,Number,kozarska_dubica,F,walking,820
2013,Number,kostajnica,Both sexes,walking,312
2013,Number,kostajnica,M,walking,133
2013,Number,kostajnica,F,walking,179
2013,Number,kotor_varos,Both sexes,walking,1074
2013,Number,kotor_varos,M,walking,475
2013,Number,kotor_varos,F,walking,599
2013,Number,krupa_na_uni,Both sexes,walking,112
2013,Number,krupa_na_uni,M,walking,43
2013,Number,krupa_na_uni,F,walking,69
2013,Number,kupres,Both sexes,walking,33
2013,Number,kupres,M,walking,18
2013,Number,kupres,F,walking,15
2013,Number,laktasi,Both sexes,walking,1426
2013,Number,laktasi,M,walking,650
2013,Number,laktasi,F,walking,776
2013,Number,lopare,Both sexes,walking,984
2013,Number,lopare,M,walking,447
2013,Number,lopare,F,walking,537
2013,Number,ljubinje,Both sexes,walking,119
2013,Number,ljubinje,M,walking,48
2013,Number,ljubinje,F,walking,71
2013,Number,milici,Both sexes,walking,508
2013,Number,milici,M,walking,224
2013,Number,milici,F,walking,284
2013,Number,modrica,Both sexes,walking,1527
2013,Number,modrica,M,walking,635
2013,Number,modrica,F,walking,892
2013,Number,mrkonjic_grad,Both sexes,walking,798
2013,Number,mrkonjic_grad,M,walking,355
2013,Number,mrkonjic_grad,F,walking,443
2013,Number,nevesinje,Both sexes,walking,551
2013,Number,nevesinje,M,walking,209
2013,Number,nevesinje,F,walking,342
2013,Number,novi_grad,Both sexes,walking,1711
2013,Number,novi_grad,M,walking,700
2013,Number,novi_grad,F,walking,1011
2013,Number,novo_gorazde,Both sexes,walking,135
2013,Number,novo_gorazde,M,walking,61
2013,Number,novo_gorazde,F,walking,74
2013,Number,osmaci,Both sexes,walking,288
2013,Number,osmaci,M,walking,125
2013,Number,osmaci,F,walking,163
2013,Number,ostra_luka,Both sexes,walking,224
2013,Number,ostra_luka,M,walking,99
2013,Number,ostra_luka,F,walking,125
2013,Number,pale,Both sexes,walking,822
2013,Number,pale,M,walking,366
2013,Number,pale,F,walking,456
2013,Number,pelagicevo,Both sexes,walking,445
2013,Number,pelagicevo,M,walking,165
2013,Number,pelagicevo,F,walking,280
2013,Number,petrovac,Both sexes,walking,8
2013,Number,petrovac,M,walking,5
2013,Number,petrovac,F,walking,3
2013,Number,petrovo,Both sexes,walking,602
2013,Number,petrovo,M,walking,231
2013,Number,petrovo,F,walking,371
2013,Number,grad_prijedor,Both sexes,walking,4451
2013,Number,grad_prijedor,M,walking,1891
2013,Number,grad_prijedor,F,walking,2560
2013,Number,prnjavor,Both sexes,walking,2094
2013,Number,prnjavor,M,walking,860
2013,Number,prnjavor,F,walking,1234
2013,Number,ribnik,Both sexes,walking,438
2013,Number,ribnik,M,walking,182
2013,Number,ribnik,F,walking,256
2013,Number,rogatica,Both sexes,walking,640
2013,Number,rogatica,M,walking,264
2013,Number,rogatica,F,walking,376
2013,Number,rudo,Both sexes,walking,399
2013,Number,rudo,M,walking,165
2013,Number,rudo,F,walking,234
2013,Number,sokolac,Both sexes,walking,600
2013,Number,sokolac,M,walking,248
2013,Number,sokolac,F,walking,352
2013,Number,srbac,Both sexes,walking,910
2013,Number,srbac,M,walking,412
2013,Number,srbac,F,walking,498
2013,Number,srebrenica,Both sexes,walking,621
2013,Number,srebrenica,M,walking,256
2013,Number,srebrenica,F,walking,365
2013,Number,teslic,Both sexes,walking,2201
2013,Number,teslic,M,walking,973
2013,Number,teslic,F,walking,1228
2013,Number,grad_trebinje,Both sexes,walking,1198
2013,Number,grad_trebinje,M,walking,489
2013,Number,grad_trebinje,F,walking,709
2013,Number,trnovo,Both sexes,walking,104
2013,Number,trnovo,M,walking,41
2013,Number,trnovo,F,walking,63
2013,Number,ugljevik,Both sexes,walking,734
2013,Number,ugljevik,M,walking,312
2013,Number,ugljevik,F,walking,422
2013,Number,foca,Both sexes,walking,945
2013,Number,foca,M,walking,438
2013,Number,foca,F,walking,507
2013,Number,han_pijesak,Both sexes,walking,187
2013,Number,han_pijesak,M,walking,65
2013,Number,han_pijesak,F,walking,122
2013,Number,cajnice,Both sexes,walking,262
2013,Number,cajnice,M,walking,108
2013,Number,cajnice,F,walking,154
2013,Number,celinac,Both sexes,walking,1038
2013,Number,celinac,M,walking,469
2013,Number,celinac,F,walking,569
2013,Number,samac,Both sexes,walking,1041
2013,Number,samac,M,walking,413
2013,Number,samac,F,walking,628
2013,Number,sekovici,Both sexes,walking,283
2013,Number,sekovici,M,walking,125
2013,Number,sekovici,F,walking,158
2013,Number,sipovo,Both sexes,walking,496
2013,Number,sipovo,M,walking,223
2013,Number,sipovo,F,walking,273
2013,Number,republika_srpska,Both sexes,memory,18330
2013,Number,republika_srpska,M,memory,8168
2013,Number,republika_srpska,F,memory,10162
2013,Number,grad_banja_luka,Both sexes,memory,2300
2013,Number,grad_banja_luka,M,memory,1087
2013,Number,grad_banja_luka,F,memory,1213
2013,Number,berkovici,Both sexes,memory,35
2013,Number,berkovici,M,memory,13
2013,Number,berkovici,F,memory,22
2013,Number,grad_bijeljina,Both sexes,memory,1415
2013,Number,grad_bijeljina,M,memory,630
2013,Number,grad_bijeljina,F,memory,785
2013,Number,bileca,Both sexes,memory,126
2013,Number,bileca,M,memory,61
2013,Number,bileca,F,memory,65
2013,Number,bratunac,Both sexes,memory,290
2013,Number,bratunac,M,memory,116
2013,Number,bratunac,F,memory,174
2013,Number,brod,Both sexes,memory,239
2013,Number,brod,M,memory,104
2013,Number,brod,F,memory,135
2013,Number,visegrad,Both sexes,memory,309
2013,Number,visegrad,M,memory,75
2013,Number,visegrad,F,memory,234
2013,Number,vlasenica,Both sexes,memory,137
2013,Number,vlasenica,M,memory,60
2013,Number,vlasenica,F,memory,77
2013,Number,vukosavlje,Both sexes,memory,74
2013,Number,vukosavlje,M,memory,37
2013,Number,vukosavlje,F,memory,37
2013,Number,gacko,Both sexes,memory,90
2013,Number,gacko,M,memory,42
2013,Number,gacko,F,memory,48
2013,Number,grad_gradiska,Both sexes,memory,831
2013,Number,grad_gradiska,M,memory,338
2013,Number,grad_gradiska,F,memory,493
2013,Number,grad_derventa,Both sexes,memory,455
2013,Number,grad_derventa,M,memory,195
2013,Number,grad_derventa,F,memory,260
2013,Number,grad_doboj,Both sexes,memory,1369
2013,Number,grad_doboj,M,memory,596
2013,Number,grad_doboj,F,memory,773
2013,Number,donji_zabar,Both sexes,memory,40
2013,Number,donji_zabar,M,memory,19
2013,Number,donji_zabar,F,memory,21
2013,Number,grad_zvornik,Both sexes,memory,762
2013,Number,grad_zvornik,M,memory,330
2013,Number,grad_zvornik,F,memory,432
2013,Number,istocna_ilidza,Both sexes,memory,149
2013,Number,istocna_ilidza,M,memory,64
2013,Number,istocna_ilidza,F,memory,85
2013,Number,istocni_drvar,Both sexes,memory,1
2013,Number,istocni_drvar,M,memory,0
2013,Number,istocni_drvar,F,memory,1
2013,Number,istocni_mostar,Both sexes,memory,3
2013,Number,istocni_mostar,M,memory,2
2013,Number,istocni_mostar,F,memory,1
2013,Number,istocni_stari_grad,Both sexes,memory,20
2013,Number,istocni_stari_grad,M,memory,9
2013,Number,istocni_stari_grad,F,memory,11
2013,Number,istocno_novo_sarajevo,Both sexes,memory,104
2013,Number,istocno_novo_sarajevo,M,memory,49
2013,Number,istocno_novo_sarajevo,F,memory,55
2013,Number,jezero,Both sexes,memory,27
2013,Number,jezero,M,memory,15
2013,Number,jezero,F,memory,12
2013,Number,kalinovik,Both sexes,memory,27
2013,Number,kalinovik,M,memory,10
2013,Number,kalinovik,F,memory,17
2013,Number,knezevo,Both sexes,memory,238
2013,Number,knezevo,M,memory,113
2013,Number,knezevo,F,memory,125
2013,Number,kozarska_dubica,Both sexes,memory,331
2013,Number,kozarska_dubica,M,memory,154
2013,Number,kozarska_dubica,F,memory,177
2013,Number,kostajnica,Both sexes,memory,98
2013,Number,kostajnica,M,memory,41
2013,Number,kostajnica,F,memory,57
2013,Number,kotor_varos,Both sexes,memory,339
2013,Number,kotor_varos,M,memory,154
2013,Number,kotor_varos,F,memory,185
2013,Number,krupa_na_uni,Both sexes,memory,40
2013,Number,krupa_na_uni,M,memory,19
2013,Number,krupa_na_uni,F,memory,21
2013,Number,kupres,Both sexes,memory,13
2013,Number,kupres,M,memory,9
2013,Number,kupres,F,memory,4
2013,Number,laktasi,Both sexes,memory,410
2013,Number,laktasi,M,memory,204
2013,Number,laktasi,F,memory,206
2013,Number,lopare,Both sexes,memory,281
2013,Number,lopare,M,memory,140
2013,Number,lopare,F,memory,141
2013,Number,ljubinje,Both sexes,memory,44
2013,Number,ljubinje,M,memory,17
2013,Number,ljubinje,F,memory,27
2013,Number,milici,Both sexes,memory,158
2013,Number,milici,M,memory,64
2013,Number,milici,F,memory,94
2013,Number,modrica,Both sexes,memory,478
2013,Number,modrica,M,memory,194
2013,Number,modrica,F,memory,284
2013,Number,mrkonjic_grad,Both sexes,memory,228
2013,Number,mrkonjic_grad,M,memory,98
2013,Number,mrkonjic_grad,F,memory,130
2013,Number,nevesinje,Both sexes,memory,144
2013,Number,nevesinje,M,memory,55
2013,Number,nevesinje,F,memory,89
2013,Number,novi_grad,Both sexes,memory,475
2013,Number,novi_grad,M,memory,223
2013,Number,novi_grad,F,memory,252
2013,Number,novo_gorazde,Both sexes,memory,36
2013,Number,novo_gorazde,M,memory,13
2013,Number,novo_gorazde,F,memory,23
2013,Number,osmaci,Both sexes,memory,95
2013,Number,osmaci,M,memory,43
2013,Number,osmaci,F,memory,52
2013,Number,ostra_luka,Both sexes,memory,60
2013,Number,ostra_luka,M,memory,30
2013,Number,ostra_luka,F,memory,30
2013,Number,pale,Both sexes,memory,212
2013,Number,pale,M,memory,91
2013,Number,pale,F,memory,121
2013,Number,pelagicevo,Both sexes,memory,133
2013,Number,pelagicevo,M,memory,65
2013,Number,pelagicevo,F,memory,68
2013,Number,petrovac,Both sexes,memory,3
2013,Number,petrovac,M,memory,1
2013,Number,petrovac,F,memory,2
2013,Number,petrovo,Both sexes,memory,150
2013,Number,petrovo,M,memory,62
2013,Number,petrovo,F,memory,88
2013,Number,grad_prijedor,Both sexes,memory,1532
2013,Number,grad_prijedor,M,memory,766
2013,Number,grad_prijedor,F,memory,766
2013,Number,prnjavor,Both sexes,memory,567
2013,Number,prnjavor,M,memory,240
2013,Number,prnjavor,F,memory,327
2013,Number,ribnik,Both sexes,memory,123
2013,Number,ribnik,M,memory,56
2013,Number,ribnik,F,memory,67
2013,Number,rogatica,Both sexes,memory,169
2013,Number,rogatica,M,memory,72
2013,Number,rogatica,F,memory,97
2013,Number,rudo,Both sexes,memory,123
2013,Number,rudo,M,memory,53
2013,Number,rudo,F,memory,70
2013,Number,sokolac,Both sexes,memory,164
2013,Number,sokolac,M,memory,64
2013,Number,sokolac,F,memory,100
2013,Number,srbac,Both sexes,memory,316
2013,Number,srbac,M,memory,148
2013,Number,srbac,F,memory,168
2013,Number,srebrenica,Both sexes,memory,218
2013,Number,srebrenica,M,memory,82
2013,Number,srebrenica,F,memory,136
2013,Number,teslic,Both sexes,memory,644
2013,Number,teslic,M,memory,272
2013,Number,teslic,F,memory,372
2013,Number,grad_trebinje,Both sexes,memory,313
2013,Number,grad_trebinje,M,memory,143
2013,Number,grad_trebinje,F,memory,170
2013,Number,trnovo,Both sexes,memory,39
2013,Number,trnovo,M,memory,22
2013,Number,trnovo,F,memory,17
2013,Number,ugljevik,Both sexes,memory,191
2013,Number,ugljevik,M,memory,78
2013,Number,ugljevik,F,memory,113
2013,Number,foca,Both sexes,memory,265
2013,Number,foca,M,memory,126
2013,Number,foca,F,memory,139
2013,Number,han_pijesak,Both sexes,memory,49
2013,Number,han_pijesak,M,memory,15
2013,Number,han_pijesak,F,memory,34
2013,Number,cajnice,Both sexes,memory,67
2013,Number,cajnice,M,memory,30
2013,Number,cajnice,F,memory,37
2013,Number,celinac,Both sexes,memory,298
2013,Number,celinac,M,memory,150
2013,Number,celinac,F,memory,148
2013,Number,samac,Both sexes,memory,252
2013,Number,samac,M,memory,110
2013,Number,samac,F,memory,142
2013,Number,sekovici,Both sexes,memory,94
2013,Number,sekovici,M,memory,38
2013,Number,sekovici,F,memory,56
2013,Number,sipovo,Both sexes,memory,137
2013,Number,sipovo,M,memory,61
2013,Number,sipovo,F,memory,76
2013,Number,republika_srpska,Both sexes,dressing,13502
2013,Number,republika_srpska,M,dressing,5773
2013,Number,republika_srpska,F,dressing,7729
2013,Number,grad_banja_luka,Both sexes,dressing,1717
2013,Number,grad_banja_luka,M,dressing,774
2013,Number,grad_banja_luka,F,dressing,943
2013,Number,berkovici,Both sexes,dressing,29
2013,Number,berkovici,M,dressing,11
2013,Number,berkovici,F,dressing,18
2013,Number,grad_bijeljina,Both sexes,dressing,1050
2013,Number,grad_bijeljina,M,dressing,468
2013,Number,grad_bijeljina,F,dressing,582
2013,Number,bileca,Both sexes,dressing,107
2013,Number,bileca,M,dressing,44
2013,Number,bileca,F,dressing,63
2013,Number,bratunac,Both sexes,dressing,172
2013,Number,bratunac,M,dressing,76
2013,Number,bratunac,F,dressing,96
2013,Number,brod,Both sexes,dressing,143
2013,Number,brod,M,dressing,55
2013,Number,brod,F,dressing,88
2013,Number,visegrad,Both sexes,dressing,232
2013,Number,visegrad,M,dressing,60
2013,Number,visegrad,F,dressing,172
2013,Number,vlasenica,Both sexes,dressing,104
2013,Number,vlasenica,M,dressing,49
2013,Number,vlasenica,F,dressing,55
2013,Number,vukosavlje,Both sexes,dressing,53
2013,Number,vukosavlje,M,dressing,30
2013,Number,vukosavlje,F,dressing,23
2013,Number,gacko,Both sexes,dressing,74
2013,Number,gacko,M,dressing,25
2013,Number,gacko,F,dressing,49
2013,Number,grad_gradiska,Both sexes,dressing,617
2013,Number,grad_gradiska,M,dressing,252
2013,Number,grad_gradiska,F,dressing,365
2013,Number,grad_derventa,Both sexes,dressing,298
2013,Number,grad_derventa,M,dressing,114
2013,Number,grad_derventa,F,dressing,184
2013,Number,grad_doboj,Both sexes,dressing,1011
2013,Number,grad_doboj,M,dressing,408
2013,Number,grad_doboj,F,dressing,603
2013,Number,donji_zabar,Both sexes,dressing,31
2013,Number,donji_zabar,M,dressing,11
2013,Number,donji_zabar,F,dressing,20
2013,Number,grad_zvornik,Both sexes,dressing,518
2013,Number,grad_zvornik,M,dressing,239
2013,Number,grad_zvornik,F,dressing,279
2013,Number,istocna_ilidza,Both sexes,dressing,175
2013,Number,istocna_ilidza,M,dressing,83
2013,Number,istocna_ilidza,F,dressing,92
2013,Number,istocni_drvar,Both sexes,dressing,0
2013,Number,istocni_drvar,M,dressing,0
2013,Number,istocni_drvar,F,dressing,0
2013,Number,istocni_mostar,Both sexes,dressing,2
2013,Number,istocni_mostar,M,dressing,1
2013,Number,istocni_mostar,F,dressing,1
2013,Number,istocni_stari_grad,Both sexes,dressing,15
2013,Number,istocni_stari_grad,M,dressing,6
2013,Number,istocni_stari_grad,F,dressing,9
2013,Number,istocno_novo_sarajevo,Both sexes,dressing,77
2013,Number,istocno_novo_sarajevo,M,dressing,34
2013,Number,istocno_novo_sarajevo,F,dressing,43
2013,Number,jezero,Both sexes,dressing,18
2013,Number,jezero,M,dressing,9
2013,Number,jezero,F,dressing,9
2013,Number,kalinovik,Both sexes,dressing,26
2013,Number,kalinovik,M,dressing,8
2013,Number,kalinovik,F,dressing,18
2013,Number,knezevo,Both sexes,dressing,171
2013,Number,knezevo,M,dressing,70
2013,Number,knezevo,F,dressing,101
2013,Number,kozarska_dubica,Both sexes,dressing,243
2013,Number,kozarska_dubica,M,dressing,108
2013,Number,kozarska_dubica,F,dressing,135
2013,Number,kostajnica,Both sexes,dressing,69
2013,Number,kostajnica,M,dressing,24
2013,Number,kostajnica,F,dressing,45
2013,Number,kotor_varos,Both sexes,dressing,228
2013,Number,kotor_varos,M,dressing,100
2013,Number,kotor_varos,F,dressing,128
2013,Number,krupa_na_uni,Both sexes,dressing,19
2013,Number,krupa_na_uni,M,dressing,5
2013,Number,krupa_na_uni,F,dressing,14
2013,Number,kupres,Both sexes,dressing,6
2013,Number,kupres,M,dressing,3
2013,Number,kupres,F,dressing,3
2013,Number,laktasi,Both sexes,dressing,324
2013,Number,laktasi,M,dressing,162
2013,Number,laktasi,F,dressing,162
2013,Number,lopare,Both sexes,dressing,190
2013,Number,lopare,M,dressing,85
2013,Number,lopare,F,dressing,105
2013,Number,ljubinje,Both sexes,dressing,44
2013,Number,ljubinje,M,dressing,18
2013,Number,ljubinje,F,dressing,26
2013,Number,milici,Both sexes,dressing,107
2013,Number,milici,M,dressing,42
2013,Number,milici,F,dressing,65
2013,Number,modrica,Both sexes,dressing,383
2013,Number,modrica,M,dressing,152
2013,Number,modrica,F,dressing,231
2013,Number,mrkonjic_grad,Both sexes,dressing,203
2013,Number,mrkonjic_grad,M,dressing,83
2013,Number,mrkonjic_grad,F,dressing,120
2013,Number,nevesinje,Both sexes,dressing,104
2013,Number,nevesinje,M,dressing,38
2013,Number,nevesinje,F,dressing,66
2013,Number,novi_grad,Both sexes,dressing,373
2013,Number,novi_grad,M,dressing,156
2013,Number,novi_grad,F,dressing,217
2013,Number,novo_gorazde,Both sexes,dressing,20
2013,Number,novo_gorazde,M,dressing,7
2013,Number,novo_gorazde,F,dressing,13
2013,Number,osmaci,Both sexes,dressing,43
2013,Number,osmaci,M,dressing,16
2013,Number,osmaci,F,dressing,27
2013,Number,ostra_luka,Both sexes,dressing,39
2013,Number,ostra_luka,M,dressing,17
2013,Number,ostra_luka,F,dressing,22
2013,Number,pale,Both sexes,dressing,174
2013,Number,pale,M,dressing,80
2013,Number,pale,F,dressing,94
2013,Number,pelagicevo,Both sexes,dressing,71
2013,Number,pelagicevo,M,dressing,33
2013,Number,pelagicevo,F,dressing,38
2013,Number,petrovac,Both sexes,dressing,4
2013,Number,petrovac,M,dressing,1
2013,Number,petrovac,F,dressing,3
2013,Number,petrovo,Both sexes,dressing,106
2013,Number,petrovo,M,dressing,40
2013,Number,petrovo,F,dressing,66
2013,Number,grad_prijedor,Both sexes,dressing,1081
2013,Number,grad_prijedor,M,dressing,517
2013,Number,grad_prijedor,F,dressing,564
2013,Number,prnjavor,Both sexes,dressing,418
2013,Number,prnjavor,M,dressing,182
2013,Number,prnjavor,F,dressing,236
2013,Number,ribnik,Both sexes,dressing,111
2013,Number,ribnik,M,dressing,50
2013,Number,ribnik,F,dressing,61
2013,Number,rogatica,Both sexes,dressing,153
2013,Number,rogatica,M,dressing,59
2013,Number,rogatica,F,dressing,94
2013,Number,rudo,Both sexes,dressing,85
2013,Number,rudo,M,dressing,40
2013,Number,rudo,F,dressing,45
2013,Number,sokolac,Both sexes,dressing,143
2013,Number,sokolac,M,dressing,55
2013,Number,sokolac,F,dressing,88
2013,Number,srbac,Both sexes,dressing,174
2013,Number,srbac,M,dressing,78
2013,Number,srbac,F,dressing,96
2013,Number,srebrenica,Both sexes,dressing,99
2013,Number,srebrenica,M,dressing,34
2013,Number,srebrenica,F,dressing,65
2013,Number,teslic,Both sexes,dressing,499
2013,Number,teslic,M,dressing,209
2013,Number,teslic,F,dressing,290
2013,Number,grad_trebinje,Both sexes,dressing,283
2013,Number,grad_trebinje,M,dressing,104
2013,Number,grad_trebinje,F,dressing,179
2013,Number,trnovo,Both sexes,dressing,31
2013,Number,trnovo,M,dressing,12
2013,Number,trnovo,F,dressing,19
2013,Number,ugljevik,Both sexes,dressing,151
2013,Number,ugljevik,M,dressing,63
2013,Number,ugljevik,F,dressing,88
2013,Number,foca,Both sexes,dressing,230
2013,Number,foca,M,dressing,97
2013,Number,foca,F,dressing,133
2013,Number,han_pijesak,Both sexes,dressing,48
2013,Number,han_pijesak,M,dressing,15
2013,Number,han_pijesak,F,dressing,33
2013,Number,cajnice,Both sexes,dressing,50
2013,Number,cajnice,M,dressing,23
2013,Number,cajnice,F,dressing,27
2013,Number,celinac,Both sexes,dressing,210
2013,Number,celinac,M,dressing,96
2013,Number,celinac,F,dressing,114
2013,Number,samac,Both sexes,dressing,159
2013,Number,samac,M,dressing,67
2013,Number,samac,F,dressing,92
2013,Number,sekovici,Both sexes,dressing,60
2013,Number,sekovici,M,dressing,29
2013,Number,sekovici,F,dressing,31
2013,Number,sipovo,Both sexes,dressing,127
2013,Number,sipovo,M,dressing,46
2013,Number,sipovo,F,dressing,81
2013,Number,republika_srpska,Both sexes,communication,10723
2013,Number,republika_srpska,M,communication,5103
2013,Number,republika_srpska,F,communication,5620
2013,Number,grad_banja_luka,Both sexes,communication,1307
2013,Number,grad_banja_luka,M,communication,670
2013,Number,grad_banja_luka,F,communication,637
2013,Number,berkovici,Both sexes,communication,26
2013,Number,berkovici,M,communication,11
2013,Number,berkovici,F,communication,15
2013,Number,grad_bijeljina,Both sexes,communication,793
2013,Number,grad_bijeljina,M,communication,398
2013,Number,grad_bijeljina,F,communication,395
2013,Number,bileca,Both sexes,communication,89
2013,Number,bileca,M,communication,44
2013,Number,bileca,F,communication,45
2013,Number,bratunac,Both sexes,communication,135
2013,Number,bratunac,M,communication,56
2013,Number,bratunac,F,communication,79
2013,Number,brod,Both sexes,communication,121
2013,Number,brod,M,communication,60
2013,Number,brod,F,communication,61
2013,Number,visegrad,Both sexes,communication,202
2013,Number,visegrad,M,communication,55
2013,Number,visegrad,F,communication,147
2013,Number,vlasenica,Both sexes,communication,96
2013,Number,vlasenica,M,communication,50
2013,Number,vlasenica,F,communication,46
2013,Number,vukosavlje,Both sexes,communication,50
2013,Number,vukosavlje,M,communication,26
2013,Number,vukosavlje,F,communication,24
2013,Number,gacko,Both sexes,communication,70
2013,Number,gacko,M,communication,30
2013,Number,gacko,F,communication,40
2013,Number,grad_gradiska,Both sexes,communication,504
2013,Number,grad_gradiska,M,communication,220
2013,Number,grad_gradiska,F,communication,284
2013,Number,grad_derventa,Both sexes,communication,255
2013,Number,grad_derventa,M,communication,118
2013,Number,grad_derventa,F,communication,137
2013,Number,grad_doboj,Both sexes,communication,786
2013,Number,grad_doboj,M,communication,353
2013,Number,grad_doboj,F,communication,433
2013,Number,donji_zabar,Both sexes,communication,23
2013,Number,donji_zabar,M,communication,13
2013,Number,donji_zabar,F,communication,10
2013,Number,grad_zvornik,Both sexes,communication,402
2013,Number,grad_zvornik,M,communication,184
2013,Number,grad_zvornik,F,communication,218
2013,Number,istocna_ilidza,Both sexes,communication,113
2013,Number,istocna_ilidza,M,communication,54
2013,Number,istocna_ilidza,F,communication,59
2013,Number,istocni_drvar,Both sexes,communication,0
2013,Number,istocni_drvar,M,communication,0
2013,Number,istocni_drvar,F,communication,0
2013,Number,istocni_mostar,Both sexes,communication,2
2013,Number,istocni_mostar,M,communication,1
2013,Number,istocni_mostar,F,communication,1
2013,Number,istocni_stari_grad,Both sexes,communication,14
2013,Number,istocni_stari_grad,M,communication,9
2013,Number,istocni_stari_grad,F,communication,5
2013,Number,istocno_novo_sarajevo,Both sexes,communication,65
2013,Number,istocno_novo_sarajevo,M,communication,33
2013,Number,istocno_novo_sarajevo,F,communication,32
2013,Number,jezero,Both sexes,communication,14
2013,Number,jezero,M,communication,6
2013,Number,jezero,F,communication,8
2013,Number,kalinovik,Both sexes,communication,17
2013,Number,kalinovik,M,communication,8
2013,Number,kalinovik,F,communication,9
2013,Number,knezevo,Both sexes,communication,140
2013,Number,knezevo,M,communication,59
2013,Number,knezevo,F,communication,81
2013,Number,kozarska_dubica,Both sexes,communication,187
2013,Number,kozarska_dubica,M,communication,94
2013,Number,kozarska_dubica,F,communication,93
2013,Number,kostajnica,Both sexes,communication,53
2013,Number,kostajnica,M,communication,21
2013,Number,kostajnica,F,communication,32
2013,Number,kotor_varos,Both sexes,communication,176
2013,Number,kotor_varos,M,communication,84
2013,Number,kotor_varos,F,communication,92
2013,Number,krupa_na_uni,Both sexes,communication,20
2013,Number,krupa_na_uni,M,communication,8
2013,Number,krupa_na_uni,F,communication,12
2013,Number,kupres,Both sexes,communication,6
2013,Number,kupres,M,communication,4
2013,Number,kupres,F,communication,2
2013,Number,laktasi,Both sexes,communication,283
2013,Number,laktasi,M,communication,148
2013,Number,laktasi,F,communication,135
2013,Number,lopare,Both sexes,communication,168
2013,Number,lopare,M,communication,86
2013,Number,lopare,F,communication,82
2013,Number,ljubinje,Both sexes,communication,31
2013,Number,ljubinje,M,communication,14
2013,Number,ljubinje,F,communication,17
2013,Number,milici,Both sexes,communication,77
2013,Number,milici,M,communication,27
2013,Number,milici,F,communication,50
2013,Number,modrica,Both sexes,communication,309
2013,Number,modrica,M,communication,139
2013,Number,modrica,F,communication,170
2013,Number,mrkonjic_grad,Both sexes,communication,176
2013,Number,mrkonjic_grad,M,communication,73
2013,Number,mrkonjic_grad,F,communication,103
2013,Number,nevesinje,Both sexes,communication,107
2013,Number,nevesinje,M,communication,43
2013,Number,nevesinje,F,communication,64
2013,Number,novi_grad,Both sexes,communication,277
2013,Number,novi_grad,M,communication,121
2013,Number,novi_grad,F,communication,156
2013,Number,novo_gorazde,Both sexes,communication,18
2013,Number,novo_gorazde,M,communication,5
2013,Number,novo_gorazde,F,communication,13
2013,Number,osmaci,Both sexes,communication,40
2013,Number,osmaci,M,communication,19
2013,Number,osmaci,F,communication,21
2013,Number,ostra_luka,Both sexes,communication,26
2013,Number,ostra_luka,M,communication,10
2013,Number,ostra_luka,F,communication,16
2013,Number,pale,Both sexes,communication,130
2013,Number,pale,M,communication,59
2013,Number,pale,F,communication,71
2013,Number,pelagicevo,Both sexes,communication,68
2013,Number,pelagicevo,M,communication,33
2013,Number,pelagicevo,F,communication,35
2013,Number,petrovac,Both sexes,communication,1
2013,Number,petrovac,M,communication,0
2013,Number,petrovac,F,communication,1
2013,Number,petrovo,Both sexes,communication,64
2013,Number,petrovo,M,communication,36
2013,Number,petrovo,F,communication,28
2013,Number,grad_prijedor,Both sexes,communication,927
2013,Number,grad_prijedor,M,communication,517
2013,Number,grad_prijedor,F,communication,410
2013,Number,prnjavor,Both sexes,communication,320
2013,Number,prnjavor,M,communication,162
2013,Number,prnjavor,F,communication,158
2013,Number,ribnik,Both sexes,communication,91
2013,Number,ribnik,M,communication,45
2013,Number,ribnik,F,communication,46
2013,Number,rogatica,Both sexes,communication,90
2013,Number,rogatica,M,communication,45
2013,Number,rogatica,F,communication,45
2013,Number,rudo,Both sexes,communication,68
2013,Number,rudo,M,communication,29
2013,Number,rudo,F,communication,39
2013,Number,sokolac,Both sexes,communication,112
2013,Number,sokolac,M,communication,43
2013,Number,sokolac,F,communication,69
2013,Number,srbac,Both sexes,communication,171
2013,Number,srbac,M,communication,81
2013,Number,srbac,F,communication,90
2013,Number,srebrenica,Both sexes,communication,80
2013,Number,srebrenica,M,communication,33
2013,Number,srebrenica,F,communication,47
2013,Number,teslic,Both sexes,communication,387
2013,Number,teslic,M,communication,189
2013,Number,teslic,F,communication,198
2013,Number,grad_trebinje,Both sexes,communication,205
2013,Number,grad_trebinje,M,communication,94
2013,Number,grad_trebinje,F,communication,111
2013,Number,trnovo,Both sexes,communication,22
2013,Number,trnovo,M,communication,12
2013,Number,trnovo,F,communication,10
2013,Number,ugljevik,Both sexes,communication,93
2013,Number,ugljevik,M,communication,41
2013,Number,ugljevik,F,communication,52
2013,Number,foca,Both sexes,communication,170
2013,Number,foca,M,communication,81
2013,Number,foca,F,communication,89
2013,Number,han_pijesak,Both sexes,communication,36
2013,Number,han_pijesak,M,communication,14
2013,Number,han_pijesak,F,communication,22
2013,Number,cajnice,Both sexes,communication,41
2013,Number,cajnice,M,communication,17
2013,Number,cajnice,F,communication,24
2013,Number,celinac,Both sexes,communication,163
2013,Number,celinac,M,communication,72
2013,Number,celinac,F,communication,91
2013,Number,samac,Both sexes,communication,146
2013,Number,samac,M,communication,71
2013,Number,samac,F,communication,75
2013,Number,sekovici,Both sexes,communication,68
2013,Number,sekovici,M,communication,33
2013,Number,sekovici,F,communication,35
2013,Number,sipovo,Both sexes,communication,92
2013,Number,sipovo,M,communication,42
2013,Number,sipovo,F,communication,50
2013,Number,republika_srpska,Both sexes,multiple_disabilities,38298
2013,Number,republika_srpska,M,multiple_disabilities,16292
2013,Number,republika_srpska,F,multiple_disabilities,22006
2013,Number,grad_banja_luka,Both sexes,multiple_disabilities,4944
2013,Number,grad_banja_luka,M,multiple_disabilities,2158
2013,Number,grad_banja_luka,F,multiple_disabilities,2786
2013,Number,berkovici,Both sexes,multiple_disabilities,73
2013,Number,berkovici,M,multiple_disabilities,32
2013,Number,berkovici,F,multiple_disabilities,41
2013,Number,grad_bijeljina,Both sexes,multiple_disabilities,3094
2013,Number,grad_bijeljina,M,multiple_disabilities,1359
2013,Number,grad_bijeljina,F,multiple_disabilities,1735
2013,Number,bileca,Both sexes,multiple_disabilities,350
2013,Number,bileca,M,multiple_disabilities,151
2013,Number,bileca,F,multiple_disabilities,199
2013,Number,bratunac,Both sexes,multiple_disabilities,566
2013,Number,bratunac,M,multiple_disabilities,243
2013,Number,bratunac,F,multiple_disabilities,323
2013,Number,brod,Both sexes,multiple_disabilities,485
2013,Number,brod,M,multiple_disabilities,194
2013,Number,brod,F,multiple_disabilities,291
2013,Number,visegrad,Both sexes,multiple_disabilities,477
2013,Number,visegrad,M,multiple_disabilities,145
2013,Number,visegrad,F,multiple_disabilities,332
2013,Number,vlasenica,Both sexes,multiple_disabilities,305
2013,Number,vlasenica,M,multiple_disabilities,130
2013,Number,vlasenica,F,multiple_disabilities,175
2013,Number,vukosavlje,Both sexes,multiple_disabilities,158
2013,Number,vukosavlje,M,multiple_disabilities,77
2013,Number,vukosavlje,F,multiple_disabilities,81
2013,Number,gacko,Both sexes,multiple_disabilities,219
2013,Number,gacko,M,multiple_disabilities,84
2013,Number,gacko,F,multiple_disabilities,135
2013,Number,grad_gradiska,Both sexes,multiple_disabilities,1641
2013,Number,grad_gradiska,M,multiple_disabilities,637
2013,Number,grad_gradiska,F,multiple_disabilities,1004
2013,Number,grad_derventa,Both sexes,multiple_disabilities,938
2013,Number,grad_derventa,M,multiple_disabilities,385
2013,Number,grad_derventa,F,multiple_disabilities,553
2013,Number,grad_doboj,Both sexes,multiple_disabilities,3008
2013,Number,grad_doboj,M,multiple_disabilities,1227
2013,Number,grad_doboj,F,multiple_disabilities,1781
2013,Number,donji_zabar,Both sexes,multiple_disabilities,89
2013,Number,donji_zabar,M,multiple_disabilities,42
2013,Number,donji_zabar,F,multiple_disabilities,47
2013,Number,grad_zvornik,Both sexes,multiple_disabilities,1546
2013,Number,grad_zvornik,M,multiple_disabilities,670
2013,Number,grad_zvornik,F,multiple_disabilities,876
2013,Number,istocna_ilidza,Both sexes,multiple_disabilities,394
2013,Number,istocna_ilidza,M,multiple_disabilities,171
2013,Number,istocna_ilidza,F,multiple_disabilities,223
2013,Number,istocni_drvar,Both sexes,multiple_disabilities,4
2013,Number,istocni_drvar,M,multiple_disabilities,1
2013,Number,istocni_drvar,F,multiple_disabilities,3
2013,Number,istocni_mostar,Both sexes,multiple_disabilities,7
2013,Number,istocni_mostar,M,multiple_disabilities,2
2013,Number,istocni_mostar,F,multiple_disabilities,5
2013,Number,istocni_stari_grad,Both sexes,multiple_disabilities,32
2013,Number,istocni_stari_grad,M,multiple_disabilities,16
2013,Number,istocni_stari_grad,F,multiple_disabilities,16
2013,Number,istocno_novo_sarajevo,Both sexes,multiple_disabilities,206
2013,Number,istocno_novo_sarajevo,M,multiple_disabilities,87
2013,Number,istocno_novo_sarajevo,F,multiple_disabilities,119
2013,Number,jezero,Both sexes,multiple_disabilities,40
2013,Number,jezero,M,multiple_disabilities,17
2013,Number,jezero,F,multiple_disabilities,23
2013,Number,kalinovik,Both sexes,multiple_disabilities,80
2013,Number,kalinovik,M,multiple_disabilities,30
2013,Number,kalinovik,F,multiple_disabilities,50
2013,Number,knezevo,Both sexes,multiple_disabilities,399
2013,Number,knezevo,M,multiple_disabilities,178
2013,Number,knezevo,F,multiple_disabilities,221
2013,Number,kozarska_dubica,Both sexes,multiple_disabilities,741
2013,Number,kozarska_dubica,M,multiple_disabilities,302
2013,Number,kozarska_dubica,F,multiple_disabilities,439
2013,Number,kostajnica,Both sexes,multiple_disabilities,209
2013,Number,kostajnica,M,multiple_disabilities,93
2013,Number,kostajnica,F,multiple_disabilities,116
2013,Number,kotor_varos,Both sexes,multiple_disabilities,702
2013,Number,kotor_varos,M,multiple_disabilities,310
2013,Number,kotor_varos,F,multiple_disabilities,392
2013,Number,krupa_na_uni,Both sexes,multiple_disabilities,88
2013,Number,krupa_na_uni,M,multiple_disabilities,40
2013,Number,krupa_na_uni,F,multiple_disabilities,48
2013,Number,kupres,Both sexes,multiple_disabilities,21
2013,Number,kupres,M,multiple_disabilities,13
2013,Number,kupres,F,multiple_disabilities,8
2013,Number,laktasi,Both sexes,multiple_disabilities,887
2013,Number,laktasi,M,multiple_disabilities,413
2013,Number,laktasi,F,multiple_disabilities,474
2013,Number,lopare,Both sexes,multiple_disabilities,583
2013,Number,lopare,M,multiple_disabilities,254
2013,Number,lopare,F,multiple_disabilities,329
2013,Number,ljubinje,Both sexes,multiple_disabilities,81
2013,Number,ljubinje,M,multiple_disabilities,34
2013,Number,ljubinje,F,multiple_disabilities,47
2013,Number,milici,Both sexes,multiple_disabilities,314
2013,Number,milici,M,multiple_disabilities,130
2013,Number,milici,F,multiple_disabilities,184
2013,Number,modrica,Both sexes,multiple_disabilities,927
2013,Number,modrica,M,multiple_disabilities,399
2013,Number,modrica,F,multiple_disabilities,528
2013,Number,mrkonjic_grad,Both sexes,multiple_disabilities,475
2013,Number,mrkonjic_grad,M,multiple_disabilities,210
2013,Number,mrkonjic_grad,F,multiple_disabilities,265
2013,Number,nevesinje,Both sexes,multiple_disabilities,327
2013,Number,nevesinje,M,multiple_disabilities,130
2013,Number,nevesinje,F,multiple_disabilities,197
2013,Number,novi_grad,Both sexes,multiple_disabilities,1049
2013,Number,novi_grad,M,multiple_disabilities,446
2013,Number,novi_grad,F,multiple_disabilities,603
2013,Number,novo_gorazde,Both sexes,multiple_disabilities,75
2013,Number,novo_gorazde,M,multiple_disabilities,28
2013,Number,novo_gorazde,F,multiple_disabilities,47
2013,Number,osmaci,Both sexes,multiple_disabilities,189
2013,Number,osmaci,M,multiple_disabilities,79
2013,Number,osmaci,F,multiple_disabilities,110
2013,Number,ostra_luka,Both sexes,multiple_disabilities,132
2013,Number,ostra_luka,M,multiple_disabilities,63
2013,Number,ostra_luka,F,multiple_disabilities,69
2013,Number,pale,Both sexes,multiple_disabilities,446
2013,Number,pale,M,multiple_disabilities,209
2013,Number,pale,F,multiple_disabilities,237
2013,Number,pelagicevo,Both sexes,multiple_disabilities,268
2013,Number,pelagicevo,M,multiple_disabilities,102
2013,Number,pelagicevo,F,multiple_disabilities,166
2013,Number,petrovac,Both sexes,multiple_disabilities,7
2013,Number,petrovac,M,multiple_disabilities,4
2013,Number,petrovac,F,multiple_disabilities,3
2013,Number,petrovo,Both sexes,multiple_disabilities,378
2013,Number,petrovo,M,multiple_disabilities,156
2013,Number,petrovo,F,multiple_disabilities,222
2013,Number,grad_prijedor,Both sexes,multiple_disabilities,2789
2013,Number,grad_prijedor,M,multiple_disabilities,1276
2013,Number,grad_prijedor,F,multiple_disabilities,1513
2013,Number,prnjavor,Both sexes,multiple_disabilities,1199
2013,Number,prnjavor,M,multiple_disabilities,465
2013,Number,prnjavor,F,multiple_disabilities,734
2013,Number,ribnik,Both sexes,multiple_disabilities,272
2013,Number,ribnik,M,multiple_disabilities,128
2013,Number,ribnik,F,multiple_disabilities,144
2013,Number,rogatica,Both sexes,multiple_disabilities,407
2013,Number,rogatica,M,multiple_disabilities,164
2013,Number,rogatica,F,multiple_disabilities,243
2013,Number,rudo,Both sexes,multiple_disabilities,252
2013,Number,rudo,M,multiple_disabilities,104
2013,Number,rudo,F,multiple_disabilities,148
2013,Number,sokolac,Both sexes,multiple_disabilities,347
2013,Number,sokolac,M,multiple_disabilities,143
2013,Number,sokolac,F,multiple_disabilities,204
2013,Number,srbac,Both sexes,multiple_disabilities,576
2013,Number,srbac,M,multiple_disabilities,257
2013,Number,srbac,F,multiple_disabilities,319
2013,Number,srebrenica,Both sexes,multiple_disabilities,381
2013,Number,srebrenica,M,multiple_disabilities,144
2013,Number,srebrenica,F,multiple_disabilities,237
2013,Number,teslic,Both sexes,multiple_disabilities,1374
2013,Number,teslic,M,multiple_disabilities,585
2013,Number,teslic,F,multiple_disabilities,789
2013,Number,grad_trebinje,Both sexes,multiple_disabilities,689
2013,Number,grad_trebinje,M,multiple_disabilities,280
2013,Number,grad_trebinje,F,multiple_disabilities,409
2013,Number,trnovo,Both sexes,multiple_disabilities,69
2013,Number,trnovo,M,multiple_disabilities,31
2013,Number,trnovo,F,multiple_disabilities,38
2013,Number,ugljevik,Both sexes,multiple_disabilities,402
2013,Number,ugljevik,M,multiple_disabilities,165
2013,Number,ugljevik,F,multiple_disabilities,237
2013,Number,foca,Both sexes,multiple_disabilities,581
2013,Number,foca,M,multiple_disabilities,262
2013,Number,foca,F,multiple_disabilities,319
2013,Number,han_pijesak,Both sexes,multiple_disabilities,95
2013,Number,han_pijesak,M,multiple_disabilities,30
2013,Number,han_pijesak,F,multiple_disabilities,65
2013,Number,cajnice,Both sexes,multiple_disabilities,176
2013,Number,cajnice,M,multiple_disabilities,77
2013,Number,cajnice,F,multiple_disabilities,99
2013,Number,celinac,Both sexes,multiple_disabilities,624
2013,Number,celinac,M,multiple_disabilities,269
2013,Number,celinac,F,multiple_disabilities,355
2013,Number,samac,Both sexes,multiple_disabilities,567
2013,Number,samac,M,multiple_disabilities,228
2013,Number,samac,F,multiple_disabilities,339
2013,Number,sekovici,Both sexes,multiple_disabilities,222
2013,Number,sekovici,M,multiple_disabilities,101
2013,Number,sekovici,F,multiple_disabilities,121
2013,Number,sipovo,Both sexes,multiple_disabilities,322
2013,Number,sipovo,M,multiple_disabilities,132
2013,Number,sipovo,F,multiple_disabilities,190
