Year,UNIT_MEASURE,Administrative area,Sex,Type of disability,Value
2013,Number,Republika Srpska,Total,Total,102262
2013,Number,Republika Srpska,M,Total,46720
2013,Number,Republika Srpska,F,Total,55542
2013,Number,City of Banja Luka,Total,Total,13450
2013,Number,City of Banja Luka,M,Total,6251
2013,Number,City of Banja Luka,F,Total,7199
2013,Number,Berkovici,Total,Total,165
2013,Number,Berkovici,M,Total,75
2013,Number,Berkovici,F,Total,90
2013,Number,City of Bijeljina,Total,Total,8763
2013,Number,City of Bijeljina,M,Total,3967
2013,Number,City of Bijeljina,F,Total,4796
2013,Number,Bileca,Total,Total,813
2013,Number,Bileca,M,Total,339
2013,Number,Bileca,F,Total,474
2013,Number,Bratunac,Total,Total,1534
2013,Number,Bratunac,M,Total,688
2013,Number,Bratunac,F,Total,846
2013,Number,Brod,Total,Total,1420
2013,Number,Brod,M,Total,658
2013,Number,Brod,F,Total,762
2013,Number,Visegrad,Total,Total,1097
2013,Number,Visegrad,M,Total,422
2013,Number,Visegrad,F,Total,675
2013,Number,Vlasenica,Total,Total,786
2013,Number,Vlasenica,M,Total,393
2013,Number,Vlasenica,F,Total,393
2013,Number,Vukosavlje,Total,Total,472
2013,Number,Vukosavlje,M,Total,226
2013,Number,Vukosavlje,F,Total,246
2013,Number,Gacko,Total,Total,597
2013,Number,Gacko,M,Total,261
2013,Number,Gacko,F,Total,336
2013,Number,City of Gradiska,Total,Total,4427
2013,Number,City of Gradiska,M,Total,1965
2013,Number,City of Gradiska,F,Total,2462
2013,Number,City of Derventa,Total,Total,2529
2013,Number,City of Derventa,M,Total,1153
2013,Number,City of Derventa,F,Total,1376
2013,Number,City of Doboj,Total,Total,7404
2013,Number,City of Doboj,M,Total,3292
2013,Number,City of Doboj,F,Total,4112
2013,Number,Donji Zabar,Total,Total,313
2013,Number,Donji Zabar,M,Total,146
2013,Number,Donji Zabar,F,Total,167
2013,Number,City of Zvornik,Total,Total,4328
2013,Number,City of Zvornik,M,Total,2027
2013,Number,City of Zvornik,F,Total,2301
2013,Number,East Ilidza,Total,Total,1025
2013,Number,East Ilidza,M,Total,464
2013,Number,East Ilidza,F,Total,561
2013,Number,East Drvar,Total,Total,9
2013,Number,East Drvar,M,Total,5
2013,Number,East Drvar,F,Total,4
2013,Number,East Mostar,Total,Total,14
2013,Number,East Mostar,M,Total,4
2013,Number,East Mostar,F,Total,10
2013,Number,East Stari Grad,Total,Total,100
2013,Number,East Stari Grad,M,Total,42
2013,Number,East Stari Grad,F,Total,58
2013,Number,East Novo Sarajevo,Total,Total,611
2013,Number,East Novo Sarajevo,M,Total,276
2013,Number,East Novo Sarajevo,F,Total,335
2013,Number,Jezero,Total,Total,80
2013,Number,Jezero,M,Total,37
2013,Number,Jezero,F,Total,43
2013,Number,Kalinovik,Total,Total,203
2013,Number,Kalinovik,M,Total,88
2013,Number,Kalinovik,F,Total,115
2013,Number,Knezevo,Total,Total,933
2013,Number,Knezevo,M,Total,449
2013,Number,Knezevo,F,Total,484
2013,Number,Kozarska Dubica,Total,Total,2078
2013,Number,Kozarska Dubica,M,Total,919
2013,Number,Kozarska Dubica,F,Total,1159
2013,Number,Kostajnica,Total,Total,475
2013,Number,Kostajnica,M,Total,216
2013,Number,Kostajnica,F,Total,259
2013,Number,Kotor Varos,Total,Total,1857
2013,Number,Kotor Varos,M,Total,865
2013,Number,Kotor Varos,F,Total,992
2013,Number,Krupa Na Uni,Total,Total,204
2013,Number,Krupa Na Uni,M,Total,93
2013,Number,Krupa Na Uni,F,Total,111
2013,Number,Kupres,Total,Total,49
2013,Number,Kupres,M,Total,27
2013,Number,Kupres,F,Total,22
2013,Number,Laktasi,Total,Total,2445
2013,Number,Laktasi,M,Total,1196
2013,Number,Laktasi,F,Total,1249
2013,Number,Lopare,Total,Total,1612
2013,Number,Lopare,M,Total,791
2013,Number,Lopare,F,Total,821
2013,Number,Ljubinje,Total,Total,197
2013,Number,Ljubinje,M,Total,84
2013,Number,Ljubinje,F,Total,113
2013,Number,Milici,Total,Total,860
2013,Number,Milici,M,Total,392
2013,Number,Milici,F,Total,468
2013,Number,Modrica,Total,Total,2458
2013,Number,Modrica,M,Total,1119
2013,Number,Modrica,F,Total,1339
2013,Number,Mrkonjic Grad,Total,Total,1300
2013,Number,Mrkonjic Grad,M,Total,602
2013,Number,Mrkonjic Grad,F,Total,698
2013,Number,Nevesinje,Total,Total,876
2013,Number,Nevesinje,M,Total,379
2013,Number,Nevesinje,F,Total,497
2013,Number,Novi Grad,Total,Total,2687
2013,Number,Novi Grad,M,Total,1179
2013,Number,Novi Grad,F,Total,1508
2013,Number,Novo Gorazde,Total,Total,206
2013,Number,Novo Gorazde,M,Total,101
2013,Number,Novo Gorazde,F,Total,105
2013,Number,Osmaci,Total,Total,513
2013,Number,Osmaci,M,Total,234
2013,Number,Osmaci,F,Total,279
2013,Number,Ostra Luka,Total,Total,394
2013,Number,Ostra Luka,M,Total,205
2013,Number,Ostra Luka,F,Total,189
2013,Number,Pale,Total,Total,1289
2013,Number,Pale,M,Total,594
2013,Number,Pale,F,Total,695
2013,Number,Pelagicevo,Total,Total,688
2013,Number,Pelagicevo,M,Total,299
2013,Number,Pelagicevo,F,Total,389
2013,Number,Petrovac,Total,Total,16
2013,Number,Petrovac,M,Total,6
2013,Number,Petrovac,F,Total,10
2013,Number,Petrovo,Total,Total,944
2013,Number,Petrovo,M,Total,399
2013,Number,Petrovo,F,Total,545
2013,Number,City of Prijedor,Total,Total,7173
2013,Number,City of Prijedor,M,Total,3333
2013,Number,City of Prijedor,F,Total,3840
2013,Number,Prnjavor,Total,Total,3309
2013,Number,Prnjavor,M,Total,1497
2013,Number,Prnjavor,F,Total,1812
2013,Number,Ribnik,Total,Total,701
2013,Number,Ribnik,M,Total,323
2013,Number,Ribnik,F,Total,378
2013,Number,Rogatica,Total,Total,1012
2013,Number,Rogatica,M,Total,464
2013,Number,Rogatica,F,Total,548
2013,Number,Rudo,Total,Total,596
2013,Number,Rudo,M,Total,258
2013,Number,Rudo,F,Total,338
2013,Number,Sokolac,Total,Total,944
2013,Number,Sokolac,M,Total,422
2013,Number,Sokolac,F,Total,522
2013,Number,Srbac,Total,Total,1526
2013,Number,Srbac,M,Total,714
2013,Number,Srbac,F,Total,812
2013,Number,Srebrenica,Total,Total,1061
2013,Number,Srebrenica,M,Total,447
2013,Number,Srebrenica,F,Total,614
2013,Number,Teslic,Total,Total,3562
2013,Number,Teslic,M,Total,1683
2013,Number,Teslic,F,Total,1879
2013,Number,City of Trebinje,Total,Total,1860
2013,Number,City of Trebinje,M,Total,823
2013,Number,City of Trebinje,F,Total,1037
2013,Number,Trnovo,Total,Total,171
2013,Number,Trnovo,M,Total,70
2013,Number,Trnovo,F,Total,101
2013,Number,Ugljevik,Total,Total,1179
2013,Number,Ugljevik,M,Total,532
2013,Number,Ugljevik,F,Total,647
2013,Number,Foca,Total,Total,1473
2013,Number,Foca,M,Total,725
2013,Number,Foca,F,Total,748
2013,Number,Han Pijesak,Total,Total,269
2013,Number,Han Pijesak,M,Total,99
2013,Number,Han Pijesak,F,Total,170
2013,Number,Cajnice,Total,Total,461
2013,Number,Cajnice,M,Total,208
2013,Number,Cajnice,F,Total,253
2013,Number,Celinac,Total,Total,1672
2013,Number,Celinac,M,Total,800
2013,Number,Celinac,F,Total,872
2013,Number,Samac,Total,Total,1634
2013,Number,Samac,M,Total,724
2013,Number,Samac,F,Total,910
2013,Number,Sekovici,Total,Total,595
2013,Number,Sekovici,M,Total,279
2013,Number,Sekovici,F,Total,316
2013,Number,Sipovo,Total,Total,843
2013,Number,Sipovo,M,Total,391
2013,Number,Sipovo,F,Total,452
2013,Number,Republika Srpska,Total,Eyesight,43020
2013,Number,Republika Srpska,M,Eyesight,18052
2013,Number,Republika Srpska,F,Eyesight,24968
2013,Number,City of Banja Luka,Total,Eyesight,5370
2013,Number,City of Banja Luka,M,Eyesight,2232
2013,Number,City of Banja Luka,F,Eyesight,3138
2013,Number,Berkovici,Total,Eyesight,73
2013,Number,Berkovici,M,Eyesight,33
2013,Number,Berkovici,F,Eyesight,40
2013,Number,City of Bijeljina,Total,Eyesight,3450
2013,Number,City of Bijeljina,M,Eyesight,1424
2013,Number,City of Bijeljina,F,Eyesight,2026
2013,Number,Bileca,Total,Eyesight,375
2013,Number,Bileca,M,Eyesight,159
2013,Number,Bileca,F,Eyesight,216
2013,Number,Bratunac,Total,Eyesight,791
2013,Number,Bratunac,M,Eyesight,328
2013,Number,Bratunac,F,Eyesight,463
2013,Number,Brod,Total,Eyesight,596
2013,Number,Brod,M,Eyesight,252
2013,Number,Brod,F,Eyesight,344
2013,Number,Visegrad,Total,Eyesight,409
2013,Number,Visegrad,M,Eyesight,162
2013,Number,Visegrad,F,Eyesight,247
2013,Number,Vlasenica,Total,Eyesight,372
2013,Number,Vlasenica,M,Eyesight,171
2013,Number,Vlasenica,F,Eyesight,201
2013,Number,Vukosavlje,Total,Eyesight,157
2013,Number,Vukosavlje,M,Eyesight,74
2013,Number,Vukosavlje,F,Eyesight,83
2013,Number,Gacko,Total,Eyesight,245
2013,Number,Gacko,M,Eyesight,107
2013,Number,Gacko,F,Eyesight,138
2013,Number,City of Gradiska,Total,Eyesight,1881
2013,Number,City of Gradiska,M,Eyesight,754
2013,Number,City of Gradiska,F,Eyesight,1127
2013,Number,City of Derventa,Total,Eyesight,1172
2013,Number,City of Derventa,M,Eyesight,476
2013,Number,City of Derventa,F,Eyesight,696
2013,Number,City of Doboj,Total,Eyesight,3265
2013,Number,City of Doboj,M,Eyesight,1332
2013,Number,City of Doboj,F,Eyesight,1933
2013,Number,Donji Zabar,Total,Eyesight,122
2013,Number,Donji Zabar,M,Eyesight,50
2013,Number,Donji Zabar,F,Eyesight,72
2013,Number,City of Zvornik,Total,Eyesight,1920
2013,Number,City of Zvornik,M,Eyesight,842
2013,Number,City of Zvornik,F,Eyesight,1078
2013,Number,East Ilidza,Total,Eyesight,423
2013,Number,East Ilidza,M,Eyesight,183
2013,Number,East Ilidza,F,Eyesight,240
2013,Number,East Drvar,Total,Eyesight,5
2013,Number,East Drvar,M,Eyesight,2
2013,Number,East Drvar,F,Eyesight,3
2013,Number,East Mostar,Total,Eyesight,9
2013,Number,East Mostar,M,Eyesight,3
2013,Number,East Mostar,F,Eyesight,6
2013,Number,East Stari Grad,Total,Eyesight,49
2013,Number,East Stari Grad,M,Eyesight,22
2013,Number,East Stari Grad,F,Eyesight,27
2013,Number,East Novo Sarajevo,Total,Eyesight,255
2013,Number,East Novo Sarajevo,M,Eyesight,90
2013,Number,East Novo Sarajevo,F,Eyesight,165
2013,Number,Jezero,Total,Eyesight,44
2013,Number,Jezero,M,Eyesight,18
2013,Number,Jezero,F,Eyesight,26
2013,Number,Kalinovik,Total,Eyesight,87
2013,Number,Kalinovik,M,Eyesight,35
2013,Number,Kalinovik,F,Eyesight,52
2013,Number,Knezevo,Total,Eyesight,355
2013,Number,Knezevo,M,Eyesight,159
2013,Number,Knezevo,F,Eyesight,196
2013,Number,Kozarska Dubica,Total,Eyesight,788
2013,Number,Kozarska Dubica,M,Eyesight,329
2013,Number,Kozarska Dubica,F,Eyesight,459
2013,Number,Kostajnica,Total,Eyesight,226
2013,Number,Kostajnica,M,Eyesight,104
2013,Number,Kostajnica,F,Eyesight,122
2013,Number,Kotor Varos,Total,Eyesight,894
2013,Number,Kotor Varos,M,Eyesight,374
2013,Number,Kotor Varos,F,Eyesight,520
2013,Number,Krupa Na Uni,Total,Eyesight,98
2013,Number,Krupa Na Uni,M,Eyesight,47
2013,Number,Krupa Na Uni,F,Eyesight,51
2013,Number,Kupres,Total,Eyesight,12
2013,Number,Kupres,M,Eyesight,8
2013,Number,Kupres,F,Eyesight,4
2013,Number,Laktasi,Total,Eyesight,1042
2013,Number,Laktasi,M,Eyesight,460
2013,Number,Laktasi,F,Eyesight,582
2013,Number,Lopare,Total,Eyesight,691
2013,Number,Lopare,M,Eyesight,297
2013,Number,Lopare,F,Eyesight,394
2013,Number,Ljubinje,Total,Eyesight,82
2013,Number,Ljubinje,M,Eyesight,36
2013,Number,Ljubinje,F,Eyesight,46
2013,Number,Milici,Total,Eyesight,390
2013,Number,Milici,M,Eyesight,165
2013,Number,Milici,F,Eyesight,225
2013,Number,Modrica,Total,Eyesight,990
2013,Number,Modrica,M,Eyesight,443
2013,Number,Modrica,F,Eyesight,547
2013,Number,Mrkonjic Grad,Total,Eyesight,524
2013,Number,Mrkonjic Grad,M,Eyesight,227
2013,Number,Mrkonjic Grad,F,Eyesight,297
2013,Number,Nevesinje,Total,Eyesight,401
2013,Number,Nevesinje,M,Eyesight,187
2013,Number,Nevesinje,F,Eyesight,214
2013,Number,Novi Grad,Total,Eyesight,1236
2013,Number,Novi Grad,M,Eyesight,483
2013,Number,Novi Grad,F,Eyesight,753
2013,Number,Novo Gorazde,Total,Eyesight,86
2013,Number,Novo Gorazde,M,Eyesight,35
2013,Number,Novo Gorazde,F,Eyesight,51
2013,Number,Osmaci,Total,Eyesight,243
2013,Number,Osmaci,M,Eyesight,102
2013,Number,Osmaci,F,Eyesight,141
2013,Number,Ostra Luka,Total,Eyesight,176
2013,Number,Ostra Luka,M,Eyesight,88
2013,Number,Ostra Luka,F,Eyesight,88
2013,Number,Pale,Total,Eyesight,492
2013,Number,Pale,M,Eyesight,213
2013,Number,Pale,F,Eyesight,279
2013,Number,Pelagicevo,Total,Eyesight,310
2013,Number,Pelagicevo,M,Eyesight,132
2013,Number,Pelagicevo,F,Eyesight,178
2013,Number,Petrovac,Total,Eyesight,6
2013,Number,Petrovac,M,Eyesight,2
2013,Number,Petrovac,F,Eyesight,4
2013,Number,Petrovo,Total,Eyesight,433
2013,Number,Petrovo,M,Eyesight,178
2013,Number,Petrovo,F,Eyesight,255
2013,Number,City of Prijedor,Total,Eyesight,2857
2013,Number,City of Prijedor,M,Eyesight,1209
2013,Number,City of Prijedor,F,Eyesight,1648
2013,Number,Prnjavor,Total,Eyesight,1364
2013,Number,Prnjavor,M,Eyesight,564
2013,Number,Prnjavor,F,Eyesight,800
2013,Number,Ribnik,Total,Eyesight,293
2013,Number,Ribnik,M,Eyesight,137
2013,Number,Ribnik,F,Eyesight,156
2013,Number,Rogatica,Total,Eyesight,418
2013,Number,Rogatica,M,Eyesight,174
2013,Number,Rogatica,F,Eyesight,244
2013,Number,Rudo,Total,Eyesight,231
2013,Number,Rudo,M,Eyesight,98
2013,Number,Rudo,F,Eyesight,133
2013,Number,Sokolac,Total,Eyesight,368
2013,Number,Sokolac,M,Eyesight,161
2013,Number,Sokolac,F,Eyesight,207
2013,Number,Srbac,Total,Eyesight,684
2013,Number,Srbac,M,Eyesight,291
2013,Number,Srbac,F,Eyesight,393
2013,Number,Srebrenica,Total,Eyesight,487
2013,Number,Srebrenica,M,Eyesight,176
2013,Number,Srebrenica,F,Eyesight,311
2013,Number,Teslic,Total,Eyesight,1451
2013,Number,Teslic,M,Eyesight,633
2013,Number,Teslic,F,Eyesight,818
2013,Number,City of Trebinje,Total,Eyesight,736
2013,Number,City of Trebinje,M,Eyesight,297
2013,Number,City of Trebinje,F,Eyesight,439
2013,Number,Trnovo,Total,Eyesight,62
2013,Number,Trnovo,M,Eyesight,25
2013,Number,Trnovo,F,Eyesight,37
2013,Number,Ugljevik,Total,Eyesight,488
2013,Number,Ugljevik,M,Eyesight,202
2013,Number,Ugljevik,F,Eyesight,286
2013,Number,Foca,Total,Eyesight,605
2013,Number,Foca,M,Eyesight,263
2013,Number,Foca,F,Eyesight,342
2013,Number,Han Pijesak,Total,Eyesight,102
2013,Number,Han Pijesak,M,Eyesight,36
2013,Number,Han Pijesak,F,Eyesight,66
2013,Number,Cajnice,Total,Eyesight,219
2013,Number,Cajnice,M,Eyesight,93
2013,Number,Cajnice,F,Eyesight,126
2013,Number,Celinac,Total,Eyesight,752
2013,Number,Celinac,M,Eyesight,313
2013,Number,Celinac,F,Eyesight,439
2013,Number,Samac,Total,Eyesight,679
2013,Number,Samac,M,Eyesight,277
2013,Number,Samac,F,Eyesight,402
2013,Number,Sekovici,Total,Eyesight,307
2013,Number,Sekovici,M,Eyesight,130
2013,Number,Sekovici,F,Eyesight,177
2013,Number,Sipovo,Total,Eyesight,372
2013,Number,Sipovo,M,Eyesight,155
2013,Number,Sipovo,F,Eyesight,217
2013,Number,Republika Srpska,Total,Hearing,26055
2013,Number,Republika Srpska,M,Hearing,12971
2013,Number,Republika Srpska,F,Hearing,13084
2013,Number,City of Banja Luka,Total,Hearing,3262
2013,Number,City of Banja Luka,M,Hearing,1678
2013,Number,City of Banja Luka,F,Hearing,1584
2013,Number,Berkovici,Total,Hearing,48
2013,Number,Berkovici,M,Hearing,28
2013,Number,Berkovici,F,Hearing,20
2013,Number,City of Bijeljina,Total,Hearing,2026
2013,Number,City of Bijeljina,M,Hearing,1028
2013,Number,City of Bijeljina,F,Hearing,998
2013,Number,Bileca,Total,Hearing,240
2013,Number,Bileca,M,Hearing,122
2013,Number,Bileca,F,Hearing,118
2013,Number,Bratunac,Total,Hearing,420
2013,Number,Bratunac,M,Hearing,196
2013,Number,Bratunac,F,Hearing,224
2013,Number,Brod,Total,Hearing,322
2013,Number,Brod,M,Hearing,168
2013,Number,Brod,F,Hearing,154
2013,Number,Visegrad,Total,Hearing,276
2013,Number,Visegrad,M,Hearing,128
2013,Number,Visegrad,F,Hearing,148
2013,Number,Vlasenica,Total,Hearing,236
2013,Number,Vlasenica,M,Hearing,117
2013,Number,Vlasenica,F,Hearing,119
2013,Number,Vukosavlje,Total,Hearing,107
2013,Number,Vukosavlje,M,Hearing,49
2013,Number,Vukosavlje,F,Hearing,58
2013,Number,Gacko,Total,Hearing,172
2013,Number,Gacko,M,Hearing,80
2013,Number,Gacko,F,Hearing,92
2013,Number,City of Gradiska,Total,Hearing,1110
2013,Number,City of Gradiska,M,Hearing,525
2013,Number,City of Gradiska,F,Hearing,585
2013,Number,City of Derventa,Total,Hearing,655
2013,Number,City of Derventa,M,Hearing,320
2013,Number,City of Derventa,F,Hearing,335
2013,Number,City of Doboj,Total,Hearing,1902
2013,Number,City of Doboj,M,Hearing,925
2013,Number,City of Doboj,F,Hearing,977
2013,Number,Donji Zabar,Total,Hearing,81
2013,Number,Donji Zabar,M,Hearing,50
2013,Number,Donji Zabar,F,Hearing,31
2013,Number,City of Zvornik,Total,Hearing,1157
2013,Number,City of Zvornik,M,Hearing,580
2013,Number,City of Zvornik,F,Hearing,577
2013,Number,East Ilidza,Total,Hearing,267
2013,Number,East Ilidza,M,Hearing,123
2013,Number,East Ilidza,F,Hearing,144
2013,Number,East Drvar,Total,Hearing,4
2013,Number,East Drvar,M,Hearing,1
2013,Number,East Drvar,F,Hearing,3
2013,Number,East Mostar,Total,Hearing,7
2013,Number,East Mostar,M,Hearing,1
2013,Number,East Mostar,F,Hearing,6
2013,Number,East Stari Grad,Total,Hearing,29
2013,Number,East Stari Grad,M,Hearing,15
2013,Number,East Stari Grad,F,Hearing,14
2013,Number,East Novo Sarajevo,Total,Hearing,153
2013,Number,East Novo Sarajevo,M,Hearing,76
2013,Number,East Novo Sarajevo,F,Hearing,77
2013,Number,Jezero,Total,Hearing,34
2013,Number,Jezero,M,Hearing,18
2013,Number,Jezero,F,Hearing,16
2013,Number,Kalinovik,Total,Hearing,56
2013,Number,Kalinovik,M,Hearing,25
2013,Number,Kalinovik,F,Hearing,31
2013,Number,Knezevo,Total,Hearing,251
2013,Number,Knezevo,M,Hearing,127
2013,Number,Knezevo,F,Hearing,124
2013,Number,Kozarska Dubica,Total,Hearing,490
2013,Number,Kozarska Dubica,M,Hearing,237
2013,Number,Kozarska Dubica,F,Hearing,253
2013,Number,Kostajnica,Total,Hearing,123
2013,Number,Kostajnica,M,Hearing,65
2013,Number,Kostajnica,F,Hearing,58
2013,Number,Kotor Varos,Total,Hearing,485
2013,Number,Kotor Varos,M,Hearing,244
2013,Number,Kotor Varos,F,Hearing,241
2013,Number,Krupa Na Uni,Total,Hearing,59
2013,Number,Krupa Na Uni,M,Hearing,36
2013,Number,Krupa Na Uni,F,Hearing,23
2013,Number,Kupres,Total,Hearing,14
2013,Number,Kupres,M,Hearing,10
2013,Number,Kupres,F,Hearing,4
2013,Number,Laktasi,Total,Hearing,610
2013,Number,Laktasi,M,Hearing,322
2013,Number,Laktasi,F,Hearing,288
2013,Number,Lopare,Total,Hearing,400
2013,Number,Lopare,M,Hearing,187
2013,Number,Lopare,F,Hearing,213
2013,Number,Ljubinje,Total,Hearing,68
2013,Number,Ljubinje,M,Hearing,33
2013,Number,Ljubinje,F,Hearing,35
2013,Number,Milici,Total,Hearing,209
2013,Number,Milici,M,Hearing,98
2013,Number,Milici,F,Hearing,111
2013,Number,Modrica,Total,Hearing,623
2013,Number,Modrica,M,Hearing,318
2013,Number,Modrica,F,Hearing,305
2013,Number,Mrkonjic Grad,Total,Hearing,388
2013,Number,Mrkonjic Grad,M,Hearing,188
2013,Number,Mrkonjic Grad,F,Hearing,200
2013,Number,Nevesinje,Total,Hearing,254
2013,Number,Nevesinje,M,Hearing,119
2013,Number,Nevesinje,F,Hearing,135
2013,Number,Novi Grad,Total,Hearing,706
2013,Number,Novi Grad,M,Hearing,334
2013,Number,Novi Grad,F,Hearing,372
2013,Number,Novo Gorazde,Total,Hearing,57
2013,Number,Novo Gorazde,M,Hearing,31
2013,Number,Novo Gorazde,F,Hearing,26
2013,Number,Osmaci,Total,Hearing,144
2013,Number,Osmaci,M,Hearing,71
2013,Number,Osmaci,F,Hearing,73
2013,Number,Ostra Luka,Total,Hearing,97
2013,Number,Ostra Luka,M,Hearing,65
2013,Number,Ostra Luka,F,Hearing,32
2013,Number,Pale,Total,Hearing,318
2013,Number,Pale,M,Hearing,164
2013,Number,Pale,F,Hearing,154
2013,Number,Pelagicevo,Total,Hearing,167
2013,Number,Pelagicevo,M,Hearing,74
2013,Number,Pelagicevo,F,Hearing,93
2013,Number,Petrovac,Total,Hearing,4
2013,Number,Petrovac,M,Hearing,1
2013,Number,Petrovac,F,Hearing,3
2013,Number,Petrovo,Total,Hearing,257
2013,Number,Petrovo,M,Hearing,134
2013,Number,Petrovo,F,Hearing,123
2013,Number,City of Prijedor,Total,Hearing,1805
2013,Number,City of Prijedor,M,Hearing,944
2013,Number,City of Prijedor,F,Hearing,861
2013,Number,Prnjavor,Total,Hearing,812
2013,Number,Prnjavor,M,Hearing,383
2013,Number,Prnjavor,F,Hearing,429
2013,Number,Ribnik,Total,Hearing,199
2013,Number,Ribnik,M,Hearing,97
2013,Number,Ribnik,F,Hearing,102
2013,Number,Rogatica,Total,Hearing,307
2013,Number,Rogatica,M,Hearing,150
2013,Number,Rogatica,F,Hearing,157
2013,Number,Rudo,Total,Hearing,169
2013,Number,Rudo,M,Hearing,83
2013,Number,Rudo,F,Hearing,86
2013,Number,Sokolac,Total,Hearing,257
2013,Number,Sokolac,M,Hearing,121
2013,Number,Sokolac,F,Hearing,136
2013,Number,Srbac,Total,Hearing,423
2013,Number,Srbac,M,Hearing,212
2013,Number,Srbac,F,Hearing,211
2013,Number,Srebrenica,Total,Hearing,229
2013,Number,Srebrenica,M,Hearing,109
2013,Number,Srebrenica,F,Hearing,120
2013,Number,Teslic,Total,Hearing,881
2013,Number,Teslic,M,Hearing,435
2013,Number,Teslic,F,Hearing,446
2013,Number,City of Trebinje,Total,Hearing,461
2013,Number,City of Trebinje,M,Hearing,227
2013,Number,City of Trebinje,F,Hearing,234
2013,Number,Trnovo,Total,Hearing,46
2013,Number,Trnovo,M,Hearing,22
2013,Number,Trnovo,F,Hearing,24
2013,Number,Ugljevik,Total,Hearing,257
2013,Number,Ugljevik,M,Hearing,117
2013,Number,Ugljevik,F,Hearing,140
2013,Number,Foca,Total,Hearing,430
2013,Number,Foca,M,Hearing,216
2013,Number,Foca,F,Hearing,214
2013,Number,Han Pijesak,Total,Hearing,68
2013,Number,Han Pijesak,M,Hearing,28
2013,Number,Han Pijesak,F,Hearing,40
2013,Number,Cajnice,Total,Hearing,135
2013,Number,Cajnice,M,Hearing,66
2013,Number,Cajnice,F,Hearing,69
2013,Number,Celinac,Total,Hearing,457
2013,Number,Celinac,M,Hearing,233
2013,Number,Celinac,F,Hearing,224
2013,Number,Samac,Total,Hearing,419
2013,Number,Samac,M,Hearing,217
2013,Number,Samac,F,Hearing,202
2013,Number,Sekovici,Total,Hearing,193
2013,Number,Sekovici,M,Hearing,96
2013,Number,Sekovici,F,Hearing,97
2013,Number,Sipovo,Total,Hearing,219
2013,Number,Sipovo,M,Hearing,104
2013,Number,Sipovo,F,Hearing,115
2013,Number,Republika Srpska,Total,Walking or climbing the stairs,63381
2013,Number,Republika Srpska,M,Walking or climbing the stairs,26903
2013,Number,Republika Srpska,F,Walking or climbing the stairs,36478
2013,Number,City of Banja Luka,Total,Walking or climbing the stairs,8456
2013,Number,City of Banja Luka,M,Walking or climbing the stairs,3667
2013,Number,City of Banja Luka,F,Walking or climbing the stairs,4789
2013,Number,Berkovici,Total,Walking or climbing the stairs,109
2013,Number,Berkovici,M,Walking or climbing the stairs,45
2013,Number,Berkovici,F,Walking or climbing the stairs,64
2013,Number,City of Bijeljina,Total,Walking or climbing the stairs,5530
2013,Number,City of Bijeljina,M,Walking or climbing the stairs,2356
2013,Number,City of Bijeljina,F,Walking or climbing the stairs,3174
2013,Number,Bileca,Total,Walking or climbing the stairs,533
2013,Number,Bileca,M,Walking or climbing the stairs,193
2013,Number,Bileca,F,Walking or climbing the stairs,340
2013,Number,Bratunac,Total,Walking or climbing the stairs,835
2013,Number,Bratunac,M,Walking or climbing the stairs,372
2013,Number,Bratunac,F,Walking or climbing the stairs,463
2013,Number,Brod,Total,Walking or climbing the stairs,892
2013,Number,Brod,M,Walking or climbing the stairs,392
2013,Number,Brod,F,Walking or climbing the stairs,500
2013,Number,Visegrad,Total,Walking or climbing the stairs,598
2013,Number,Visegrad,M,Walking or climbing the stairs,227
2013,Number,Visegrad,F,Walking or climbing the stairs,371
2013,Number,Vlasenica,Total,Walking or climbing the stairs,440
2013,Number,Vlasenica,M,Walking or climbing the stairs,211
2013,Number,Vlasenica,F,Walking or climbing the stairs,229
2013,Number,Vukosavlje,Total,Walking or climbing the stairs,286
2013,Number,Vukosavlje,M,Walking or climbing the stairs,130
2013,Number,Vukosavlje,F,Walking or climbing the stairs,156
2013,Number,Gacko,Total,Walking or climbing the stairs,385
2013,Number,Gacko,M,Walking or climbing the stairs,152
2013,Number,Gacko,F,Walking or climbing the stairs,233
2013,Number,City of Gradiska,Total,Walking or climbing the stairs,2675
2013,Number,City of Gradiska,M,Walking or climbing the stairs,1074
2013,Number,City of Gradiska,F,Walking or climbing the stairs,1601
2013,Number,City of Derventa,Total,Walking or climbing the stairs,1590
2013,Number,City of Derventa,M,Walking or climbing the stairs,695
2013,Number,City of Derventa,F,Walking or climbing the stairs,895
2013,Number,City of Doboj,Total,Walking or climbing the stairs,4793
2013,Number,City of Doboj,M,Walking or climbing the stairs,1953
2013,Number,City of Doboj,F,Walking or climbing the stairs,2840
2013,Number,Donji Zabar,Total,Walking or climbing the stairs,182
2013,Number,Donji Zabar,M,Walking or climbing the stairs,76
2013,Number,Donji Zabar,F,Walking or climbing the stairs,106
2013,Number,City of Zvornik,Total,Walking or climbing the stairs,2535
2013,Number,City of Zvornik,M,Walking or climbing the stairs,1092
2013,Number,City of Zvornik,F,Walking or climbing the stairs,1443
2013,Number,East Ilidza,Total,Walking or climbing the stairs,644
2013,Number,East Ilidza,M,Walking or climbing the stairs,267
2013,Number,East Ilidza,F,Walking or climbing the stairs,377
2013,Number,East Drvar,Total,Walking or climbing the stairs,7
2013,Number,East Drvar,M,Walking or climbing the stairs,4
2013,Number,East Drvar,F,Walking or climbing the stairs,3
2013,Number,East Mostar,Total,Walking or climbing the stairs,8
2013,Number,East Mostar,M,Walking or climbing the stairs,2
2013,Number,East Mostar,F,Walking or climbing the stairs,6
2013,Number,East Stari Grad,Total,Walking or climbing the stairs,53
2013,Number,East Stari Grad,M,Walking or climbing the stairs,22
2013,Number,East Stari Grad,F,Walking or climbing the stairs,31
2013,Number,East Novo Sarajevo,Total,Walking or climbing the stairs,380
2013,Number,East Novo Sarajevo,M,Walking or climbing the stairs,163
2013,Number,East Novo Sarajevo,F,Walking or climbing the stairs,217
2013,Number,Jezero,Total,Walking or climbing the stairs,60
2013,Number,Jezero,M,Walking or climbing the stairs,29
2013,Number,Jezero,F,Walking or climbing the stairs,31
2013,Number,Kalinovik,Total,Walking or climbing the stairs,132
2013,Number,Kalinovik,M,Walking or climbing the stairs,54
2013,Number,Kalinovik,F,Walking or climbing the stairs,78
2013,Number,Knezevo,Total,Walking or climbing the stairs,568
2013,Number,Knezevo,M,Walking or climbing the stairs,255
2013,Number,Knezevo,F,Walking or climbing the stairs,313
2013,Number,Kozarska Dubica,Total,Walking or climbing the stairs,1369
2013,Number,Kozarska Dubica,M,Walking or climbing the stairs,549
2013,Number,Kozarska Dubica,F,Walking or climbing the stairs,820
2013,Number,Kostajnica,Total,Walking or climbing the stairs,312
2013,Number,Kostajnica,M,Walking or climbing the stairs,133
2013,Number,Kostajnica,F,Walking or climbing the stairs,179
2013,Number,Kotor Varos,Total,Walking or climbing the stairs,1074
2013,Number,Kotor Varos,M,Walking or climbing the stairs,475
2013,Number,Kotor Varos,F,Walking or climbing the stairs,599
2013,Number,Krupa Na Uni,Total,Walking or climbing the stairs,112
2013,Number,Krupa Na Uni,M,Walking or climbing the stairs,43
2013,Number,Krupa Na Uni,F,Walking or climbing the stairs,69
2013,Number,Kupres,Total,Walking or climbing the stairs,33
2013,Number,Kupres,M,Walking or climbing the stairs,18
2013,Number,Kupres,F,Walking or climbing the stairs,15
2013,Number,Laktasi,Total,Walking or climbing the stairs,1426
2013,Number,Laktasi,M,Walking or climbing the stairs,650
2013,Number,Laktasi,F,Walking or climbing the stairs,776
2013,Number,Lopare,Total,Walking or climbing the stairs,984
2013,Number,Lopare,M,Walking or climbing the stairs,447
2013,Number,Lopare,F,Walking or climbing the stairs,537
2013,Number,Ljubinje,Total,Walking or climbing the stairs,119
2013,Number,Ljubinje,M,Walking or climbing the stairs,48
2013,Number,Ljubinje,F,Walking or climbing the stairs,71
2013,Number,Milici,Total,Walking or climbing the stairs,508
2013,Number,Milici,M,Walking or climbing the stairs,224
2013,Number,Milici,F,Walking or climbing the stairs,284
2013,Number,Modrica,Total,Walking or climbing the stairs,1527
2013,Number,Modrica,M,Walking or climbing the stairs,635
2013,Number,Modrica,F,Walking or climbing the stairs,892
2013,Number,Mrkonjic Grad,Total,Walking or climbing the stairs,798
2013,Number,Mrkonjic Grad,M,Walking or climbing the stairs,355
2013,Number,Mrkonjic Grad,F,Walking or climbing the stairs,443
2013,Number,Nevesinje,Total,Walking or climbing the stairs,551
2013,Number,Nevesinje,M,Walking or climbing the stairs,209
2013,Number,Nevesinje,F,Walking or climbing the stairs,342
2013,Number,Novi Grad,Total,Walking or climbing the stairs,1711
2013,Number,Novi Grad,M,Walking or climbing the stairs,700
2013,Number,Novi Grad,F,Walking or climbing the stairs,1011
2013,Number,Novo Gorazde,Total,Walking or climbing the stairs,135
2013,Number,Novo Gorazde,M,Walking or climbing the stairs,61
2013,Number,Novo Gorazde,F,Walking or climbing the stairs,74
2013,Number,Osmaci,Total,Walking or climbing the stairs,288
2013,Number,Osmaci,M,Walking or climbing the stairs,125
2013,Number,Osmaci,F,Walking or climbing the stairs,163
2013,Number,Ostra Luka,Total,Walking or climbing the stairs,224
2013,Number,Ostra Luka,M,Walking or climbing the stairs,99
2013,Number,Ostra Luka,F,Walking or climbing the stairs,125
2013,Number,Pale,Total,Walking or climbing the stairs,822
2013,Number,Pale,M,Walking or climbing the stairs,366
2013,Number,Pale,F,Walking or climbing the stairs,456
2013,Number,Pelagicevo,Total,Walking or climbing the stairs,445
2013,Number,Pelagicevo,M,Walking or climbing the stairs,165
2013,Number,Pelagicevo,F,Walking or climbing the stairs,280
2013,Number,Petrovac,Total,Walking or climbing the stairs,8
2013,Number,Petrovac,M,Walking or climbing the stairs,5
2013,Number,Petrovac,F,Walking or climbing the stairs,3
2013,Number,Petrovo,Total,Walking or climbing the stairs,602
2013,Number,Petrovo,M,Walking or climbing the stairs,231
2013,Number,Petrovo,F,Walking or climbing the stairs,371
2013,Number,City of Prijedor,Total,Walking or climbing the stairs,4451
2013,Number,City of Prijedor,M,Walking or climbing the stairs,1891
2013,Number,City of Prijedor,F,Walking or climbing the stairs,2560
2013,Number,Prnjavor,Total,Walking or climbing the stairs,2094
2013,Number,Prnjavor,M,Walking or climbing the stairs,860
2013,Number,Prnjavor,F,Walking or climbing the stairs,1234
2013,Number,Ribnik,Total,Walking or climbing the stairs,438
2013,Number,Ribnik,M,Walking or climbing the stairs,182
2013,Number,Ribnik,F,Walking or climbing the stairs,256
2013,Number,Rogatica,Total,Walking or climbing the stairs,640
2013,Number,Rogatica,M,Walking or climbing the stairs,264
2013,Number,Rogatica,F,Walking or climbing the stairs,376
2013,Number,Rudo,Total,Walking or climbing the stairs,399
2013,Number,Rudo,M,Walking or climbing the stairs,165
2013,Number,Rudo,F,Walking or climbing the stairs,234
2013,Number,Sokolac,Total,Walking or climbing the stairs,600
2013,Number,Sokolac,M,Walking or climbing the stairs,248
2013,Number,Sokolac,F,Walking or climbing the stairs,352
2013,Number,Srbac,Total,Walking or climbing the stairs,910
2013,Number,Srbac,M,Walking or climbing the stairs,412
2013,Number,Srbac,F,Walking or climbing the stairs,498
2013,Number,Srebrenica,Total,Walking or climbing the stairs,621
2013,Number,Srebrenica,M,Walking or climbing the stairs,256
2013,Number,Srebrenica,F,Walking or climbing the stairs,365
2013,Number,Teslic,Total,Walking or climbing the stairs,2201
2013,Number,Teslic,M,Walking or climbing the stairs,973
2013,Number,Teslic,F,Walking or climbing the stairs,1228
2013,Number,City of Trebinje,Total,Walking or climbing the stairs,1198
2013,Number,City of Trebinje,M,Walking or climbing the stairs,489
2013,Number,City of Trebinje,F,Walking or climbing the stairs,709
2013,Number,Trnovo,Total,Walking or climbing the stairs,104
2013,Number,Trnovo,M,Walking or climbing the stairs,41
2013,Number,Trnovo,F,Walking or climbing the stairs,63
2013,Number,Ugljevik,Total,Walking or climbing the stairs,734
2013,Number,Ugljevik,M,Walking or climbing the stairs,312
2013,Number,Ugljevik,F,Walking or climbing the stairs,422
2013,Number,Foca,Total,Walking or climbing the stairs,945
2013,Number,Foca,M,Walking or climbing the stairs,438
2013,Number,Foca,F,Walking or climbing the stairs,507
2013,Number,Han Pijesak,Total,Walking or climbing the stairs,187
2013,Number,Han Pijesak,M,Walking or climbing the stairs,65
2013,Number,Han Pijesak,F,Walking or climbing the stairs,122
2013,Number,Cajnice,Total,Walking or climbing the stairs,262
2013,Number,Cajnice,M,Walking or climbing the stairs,108
2013,Number,Cajnice,F,Walking or climbing the stairs,154
2013,Number,Celinac,Total,Walking or climbing the stairs,1038
2013,Number,Celinac,M,Walking or climbing the stairs,469
2013,Number,Celinac,F,Walking or climbing the stairs,569
2013,Number,Samac,Total,Walking or climbing the stairs,1041
2013,Number,Samac,M,Walking or climbing the stairs,413
2013,Number,Samac,F,Walking or climbing the stairs,628
2013,Number,Sekovici,Total,Walking or climbing the stairs,283
2013,Number,Sekovici,M,Walking or climbing the stairs,125
2013,Number,Sekovici,F,Walking or climbing the stairs,158
2013,Number,Sipovo,Total,Walking or climbing the stairs,496
2013,Number,Sipovo,M,Walking or climbing the stairs,223
2013,Number,Sipovo,F,Walking or climbing the stairs,273
2013,Number,Republika Srpska,Total,Memory or concentration,18330
2013,Number,Republika Srpska,M,Memory or concentration,8168
2013,Number,Republika Srpska,F,Memory or concentration,10162
2013,Number,City of Banja Luka,Total,Memory or concentration,2300
2013,Number,City of Banja Luka,M,Memory or concentration,1087
2013,Number,City of Banja Luka,F,Memory or concentration,1213
2013,Number,Berkovici,Total,Memory or concentration,35
2013,Number,Berkovici,M,Memory or concentration,13
2013,Number,Berkovici,F,Memory or concentration,22
2013,Number,City of Bijeljina,Total,Memory or concentration,1415
2013,Number,City of Bijeljina,M,Memory or concentration,630
2013,Number,City of Bijeljina,F,Memory or concentration,785
2013,Number,Bileca,Total,Memory or concentration,126
2013,Number,Bileca,M,Memory or concentration,61
2013,Number,Bileca,F,Memory or concentration,65
2013,Number,Bratunac,Total,Memory or concentration,290
2013,Number,Bratunac,M,Memory or concentration,116
2013,Number,Bratunac,F,Memory or concentration,174
2013,Number,Brod,Total,Memory or concentration,239
2013,Number,Brod,M,Memory or concentration,104
2013,Number,Brod,F,Memory or concentration,135
2013,Number,Visegrad,Total,Memory or concentration,309
2013,Number,Visegrad,M,Memory or concentration,75
2013,Number,Visegrad,F,Memory or concentration,234
2013,Number,Vlasenica,Total,Memory or concentration,137
2013,Number,Vlasenica,M,Memory or concentration,60
2013,Number,Vlasenica,F,Memory or concentration,77
2013,Number,Vukosavlje,Total,Memory or concentration,74
2013,Number,Vukosavlje,M,Memory or concentration,37
2013,Number,Vukosavlje,F,Memory or concentration,37
2013,Number,Gacko,Total,Memory or concentration,90
2013,Number,Gacko,M,Memory or concentration,42
2013,Number,Gacko,F,Memory or concentration,48
2013,Number,City of Gradiska,Total,Memory or concentration,831
2013,Number,City of Gradiska,M,Memory or concentration,338
2013,Number,City of Gradiska,F,Memory or concentration,493
2013,Number,City of Derventa,Total,Memory or concentration,455
2013,Number,City of Derventa,M,Memory or concentration,195
2013,Number,City of Derventa,F,Memory or concentration,260
2013,Number,City of Doboj,Total,Memory or concentration,1369
2013,Number,City of Doboj,M,Memory or concentration,596
2013,Number,City of Doboj,F,Memory or concentration,773
2013,Number,Donji Zabar,Total,Memory or concentration,40
2013,Number,Donji Zabar,M,Memory or concentration,19
2013,Number,Donji Zabar,F,Memory or concentration,21
2013,Number,City of Zvornik,Total,Memory or concentration,762
2013,Number,City of Zvornik,M,Memory or concentration,330
2013,Number,City of Zvornik,F,Memory or concentration,432
2013,Number,East Ilidza,Total,Memory or concentration,149
2013,Number,East Ilidza,M,Memory or concentration,64
2013,Number,East Ilidza,F,Memory or concentration,85
2013,Number,East Drvar,Total,Memory or concentration,1
2013,Number,East Drvar,M,Memory or concentration,0
2013,Number,East Drvar,F,Memory or concentration,1
2013,Number,East Mostar,Total,Memory or concentration,3
2013,Number,East Mostar,M,Memory or concentration,2
2013,Number,East Mostar,F,Memory or concentration,1
2013,Number,East Stari Grad,Total,Memory or concentration,20
2013,Number,East Stari Grad,M,Memory or concentration,9
2013,Number,East Stari Grad,F,Memory or concentration,11
2013,Number,East Novo Sarajevo,Total,Memory or concentration,104
2013,Number,East Novo Sarajevo,M,Memory or concentration,49
2013,Number,East Novo Sarajevo,F,Memory or concentration,55
2013,Number,Jezero,Total,Memory or concentration,27
2013,Number,Jezero,M,Memory or concentration,15
2013,Number,Jezero,F,Memory or concentration,12
2013,Number,Kalinovik,Total,Memory or concentration,27
2013,Number,Kalinovik,M,Memory or concentration,10
2013,Number,Kalinovik,F,Memory or concentration,17
2013,Number,Knezevo,Total,Memory or concentration,238
2013,Number,Knezevo,M,Memory or concentration,113
2013,Number,Knezevo,F,Memory or concentration,125
2013,Number,Kozarska Dubica,Total,Memory or concentration,331
2013,Number,Kozarska Dubica,M,Memory or concentration,154
2013,Number,Kozarska Dubica,F,Memory or concentration,177
2013,Number,Kostajnica,Total,Memory or concentration,98
2013,Number,Kostajnica,M,Memory or concentration,41
2013,Number,Kostajnica,F,Memory or concentration,57
2013,Number,Kotor Varos,Total,Memory or concentration,339
2013,Number,Kotor Varos,M,Memory or concentration,154
2013,Number,Kotor Varos,F,Memory or concentration,185
2013,Number,Krupa Na Uni,Total,Memory or concentration,40
2013,Number,Krupa Na Uni,M,Memory or concentration,19
2013,Number,Krupa Na Uni,F,Memory or concentration,21
2013,Number,Kupres,Total,Memory or concentration,13
2013,Number,Kupres,M,Memory or concentration,9
2013,Number,Kupres,F,Memory or concentration,4
2013,Number,Laktasi,Total,Memory or concentration,410
2013,Number,Laktasi,M,Memory or concentration,204
2013,Number,Laktasi,F,Memory or concentration,206
2013,Number,Lopare,Total,Memory or concentration,281
2013,Number,Lopare,M,Memory or concentration,140
2013,Number,Lopare,F,Memory or concentration,141
2013,Number,Ljubinje,Total,Memory or concentration,44
2013,Number,Ljubinje,M,Memory or concentration,17
2013,Number,Ljubinje,F,Memory or concentration,27
2013,Number,Milici,Total,Memory or concentration,158
2013,Number,Milici,M,Memory or concentration,64
2013,Number,Milici,F,Memory or concentration,94
2013,Number,Modrica,Total,Memory or concentration,478
2013,Number,Modrica,M,Memory or concentration,194
2013,Number,Modrica,F,Memory or concentration,284
2013,Number,Mrkonjic Grad,Total,Memory or concentration,228
2013,Number,Mrkonjic Grad,M,Memory or concentration,98
2013,Number,Mrkonjic Grad,F,Memory or concentration,130
2013,Number,Nevesinje,Total,Memory or concentration,144
2013,Number,Nevesinje,M,Memory or concentration,55
2013,Number,Nevesinje,F,Memory or concentration,89
2013,Number,Novi Grad,Total,Memory or concentration,475
2013,Number,Novi Grad,M,Memory or concentration,223
2013,Number,Novi Grad,F,Memory or concentration,252
2013,Number,Novo Gorazde,Total,Memory or concentration,36
2013,Number,Novo Gorazde,M,Memory or concentration,13
2013,Number,Novo Gorazde,F,Memory or concentration,23
2013,Number,Osmaci,Total,Memory or concentration,95
2013,Number,Osmaci,M,Memory or concentration,43
2013,Number,Osmaci,F,Memory or concentration,52
2013,Number,Ostra Luka,Total,Memory or concentration,60
2013,Number,Ostra Luka,M,Memory or concentration,30
2013,Number,Ostra Luka,F,Memory or concentration,30
2013,Number,Pale,Total,Memory or concentration,212
2013,Number,Pale,M,Memory or concentration,91
2013,Number,Pale,F,Memory or concentration,121
2013,Number,Pelagicevo,Total,Memory or concentration,133
2013,Number,Pelagicevo,M,Memory or concentration,65
2013,Number,Pelagicevo,F,Memory or concentration,68
2013,Number,Petrovac,Total,Memory or concentration,3
2013,Number,Petrovac,M,Memory or concentration,1
2013,Number,Petrovac,F,Memory or concentration,2
2013,Number,Petrovo,Total,Memory or concentration,150
2013,Number,Petrovo,M,Memory or concentration,62
2013,Number,Petrovo,F,Memory or concentration,88
2013,Number,City of Prijedor,Total,Memory or concentration,1532
2013,Number,City of Prijedor,M,Memory or concentration,766
2013,Number,City of Prijedor,F,Memory or concentration,766
2013,Number,Prnjavor,Total,Memory or concentration,567
2013,Number,Prnjavor,M,Memory or concentration,240
2013,Number,Prnjavor,F,Memory or concentration,327
2013,Number,Ribnik,Total,Memory or concentration,123
2013,Number,Ribnik,M,Memory or concentration,56
2013,Number,Ribnik,F,Memory or concentration,67
2013,Number,Rogatica,Total,Memory or concentration,169
2013,Number,Rogatica,M,Memory or concentration,72
2013,Number,Rogatica,F,Memory or concentration,97
2013,Number,Rudo,Total,Memory or concentration,123
2013,Number,Rudo,M,Memory or concentration,53
2013,Number,Rudo,F,Memory or concentration,70
2013,Number,Sokolac,Total,Memory or concentration,164
2013,Number,Sokolac,M,Memory or concentration,64
2013,Number,Sokolac,F,Memory or concentration,100
2013,Number,Srbac,Total,Memory or concentration,316
2013,Number,Srbac,M,Memory or concentration,148
2013,Number,Srbac,F,Memory or concentration,168
2013,Number,Srebrenica,Total,Memory or concentration,218
2013,Number,Srebrenica,M,Memory or concentration,82
2013,Number,Srebrenica,F,Memory or concentration,136
2013,Number,Teslic,Total,Memory or concentration,644
2013,Number,Teslic,M,Memory or concentration,272
2013,Number,Teslic,F,Memory or concentration,372
2013,Number,City of Trebinje,Total,Memory or concentration,313
2013,Number,City of Trebinje,M,Memory or concentration,143
2013,Number,City of Trebinje,F,Memory or concentration,170
2013,Number,Trnovo,Total,Memory or concentration,39
2013,Number,Trnovo,M,Memory or concentration,22
2013,Number,Trnovo,F,Memory or concentration,17
2013,Number,Ugljevik,Total,Memory or concentration,191
2013,Number,Ugljevik,M,Memory or concentration,78
2013,Number,Ugljevik,F,Memory or concentration,113
2013,Number,Foca,Total,Memory or concentration,265
2013,Number,Foca,M,Memory or concentration,126
2013,Number,Foca,F,Memory or concentration,139
2013,Number,Han Pijesak,Total,Memory or concentration,49
2013,Number,Han Pijesak,M,Memory or concentration,15
2013,Number,Han Pijesak,F,Memory or concentration,34
2013,Number,Cajnice,Total,Memory or concentration,67
2013,Number,Cajnice,M,Memory or concentration,30
2013,Number,Cajnice,F,Memory or concentration,37
2013,Number,Celinac,Total,Memory or concentration,298
2013,Number,Celinac,M,Memory or concentration,150
2013,Number,Celinac,F,Memory or concentration,148
2013,Number,Samac,Total,Memory or concentration,252
2013,Number,Samac,M,Memory or concentration,110
2013,Number,Samac,F,Memory or concentration,142
2013,Number,Sekovici,Total,Memory or concentration,94
2013,Number,Sekovici,M,Memory or concentration,38
2013,Number,Sekovici,F,Memory or concentration,56
2013,Number,Sipovo,Total,Memory or concentration,137
2013,Number,Sipovo,M,Memory or concentration,61
2013,Number,Sipovo,F,Memory or concentration,76
2013,Number,Republika Srpska,Total,Dressing and maintaining personal hygiene,13502
2013,Number,Republika Srpska,M,Dressing and maintaining personal hygiene,5773
2013,Number,Republika Srpska,F,Dressing and maintaining personal hygiene,7729
2013,Number,City of Banja Luka,Total,Dressing and maintaining personal hygiene,1717
2013,Number,City of Banja Luka,M,Dressing and maintaining personal hygiene,774
2013,Number,City of Banja Luka,F,Dressing and maintaining personal hygiene,943
2013,Number,Berkovici,Total,Dressing and maintaining personal hygiene,29
2013,Number,Berkovici,M,Dressing and maintaining personal hygiene,11
2013,Number,Berkovici,F,Dressing and maintaining personal hygiene,18
2013,Number,City of Bijeljina,Total,Dressing and maintaining personal hygiene,1050
2013,Number,City of Bijeljina,M,Dressing and maintaining personal hygiene,468
2013,Number,City of Bijeljina,F,Dressing and maintaining personal hygiene,582
2013,Number,Bileca,Total,Dressing and maintaining personal hygiene,107
2013,Number,Bileca,M,Dressing and maintaining personal hygiene,44
2013,Number,Bileca,F,Dressing and maintaining personal hygiene,63
2013,Number,Bratunac,Total,Dressing and maintaining personal hygiene,172
2013,Number,Bratunac,M,Dressing and maintaining personal hygiene,76
2013,Number,Bratunac,F,Dressing and maintaining personal hygiene,96
2013,Number,Brod,Total,Dressing and maintaining personal hygiene,143
2013,Number,Brod,M,Dressing and maintaining personal hygiene,55
2013,Number,Brod,F,Dressing and maintaining personal hygiene,88
2013,Number,Visegrad,Total,Dressing and maintaining personal hygiene,232
2013,Number,Visegrad,M,Dressing and maintaining personal hygiene,60
2013,Number,Visegrad,F,Dressing and maintaining personal hygiene,172
2013,Number,Vlasenica,Total,Dressing and maintaining personal hygiene,104
2013,Number,Vlasenica,M,Dressing and maintaining personal hygiene,49
2013,Number,Vlasenica,F,Dressing and maintaining personal hygiene,55
2013,Number,Vukosavlje,Total,Dressing and maintaining personal hygiene,53
2013,Number,Vukosavlje,M,Dressing and maintaining personal hygiene,30
2013,Number,Vukosavlje,F,Dressing and maintaining personal hygiene,23
2013,Number,Gacko,Total,Dressing and maintaining personal hygiene,74
2013,Number,Gacko,M,Dressing and maintaining personal hygiene,25
2013,Number,Gacko,F,Dressing and maintaining personal hygiene,49
2013,Number,City of Gradiska,Total,Dressing and maintaining personal hygiene,617
2013,Number,City of Gradiska,M,Dressing and maintaining personal hygiene,252
2013,Number,City of Gradiska,F,Dressing and maintaining personal hygiene,365
2013,Number,City of Derventa,Total,Dressing and maintaining personal hygiene,298
2013,Number,City of Derventa,M,Dressing and maintaining personal hygiene,114
2013,Number,City of Derventa,F,Dressing and maintaining personal hygiene,184
2013,Number,City of Doboj,Total,Dressing and maintaining personal hygiene,1011
2013,Number,City of Doboj,M,Dressing and maintaining personal hygiene,408
2013,Number,City of Doboj,F,Dressing and maintaining personal hygiene,603
2013,Number,Donji Zabar,Total,Dressing and maintaining personal hygiene,31
2013,Number,Donji Zabar,M,Dressing and maintaining personal hygiene,11
2013,Number,Donji Zabar,F,Dressing and maintaining personal hygiene,20
2013,Number,City of Zvornik,Total,Dressing and maintaining personal hygiene,518
2013,Number,City of Zvornik,M,Dressing and maintaining personal hygiene,239
2013,Number,City of Zvornik,F,Dressing and maintaining personal hygiene,279
2013,Number,East Ilidza,Total,Dressing and maintaining personal hygiene,175
2013,Number,East Ilidza,M,Dressing and maintaining personal hygiene,83
2013,Number,East Ilidza,F,Dressing and maintaining personal hygiene,92
2013,Number,East Drvar,Total,Dressing and maintaining personal hygiene,0
2013,Number,East Drvar,M,Dressing and maintaining personal hygiene,0
2013,Number,East Drvar,F,Dressing and maintaining personal hygiene,0
2013,Number,East Mostar,Total,Dressing and maintaining personal hygiene,2
2013,Number,East Mostar,M,Dressing and maintaining personal hygiene,1
2013,Number,East Mostar,F,Dressing and maintaining personal hygiene,1
2013,Number,East Stari Grad,Total,Dressing and maintaining personal hygiene,15
2013,Number,East Stari Grad,M,Dressing and maintaining personal hygiene,6
2013,Number,East Stari Grad,F,Dressing and maintaining personal hygiene,9
2013,Number,East Novo Sarajevo,Total,Dressing and maintaining personal hygiene,77
2013,Number,East Novo Sarajevo,M,Dressing and maintaining personal hygiene,34
2013,Number,East Novo Sarajevo,F,Dressing and maintaining personal hygiene,43
2013,Number,Jezero,Total,Dressing and maintaining personal hygiene,18
2013,Number,Jezero,M,Dressing and maintaining personal hygiene,9
2013,Number,Jezero,F,Dressing and maintaining personal hygiene,9
2013,Number,Kalinovik,Total,Dressing and maintaining personal hygiene,26
2013,Number,Kalinovik,M,Dressing and maintaining personal hygiene,8
2013,Number,Kalinovik,F,Dressing and maintaining personal hygiene,18
2013,Number,Knezevo,Total,Dressing and maintaining personal hygiene,171
2013,Number,Knezevo,M,Dressing and maintaining personal hygiene,70
2013,Number,Knezevo,F,Dressing and maintaining personal hygiene,101
2013,Number,Kozarska Dubica,Total,Dressing and maintaining personal hygiene,243
2013,Number,Kozarska Dubica,M,Dressing and maintaining personal hygiene,108
2013,Number,Kozarska Dubica,F,Dressing and maintaining personal hygiene,135
2013,Number,Kostajnica,Total,Dressing and maintaining personal hygiene,69
2013,Number,Kostajnica,M,Dressing and maintaining personal hygiene,24
2013,Number,Kostajnica,F,Dressing and maintaining personal hygiene,45
2013,Number,Kotor Varos,Total,Dressing and maintaining personal hygiene,228
2013,Number,Kotor Varos,M,Dressing and maintaining personal hygiene,100
2013,Number,Kotor Varos,F,Dressing and maintaining personal hygiene,128
2013,Number,Krupa Na Uni,Total,Dressing and maintaining personal hygiene,19
2013,Number,Krupa Na Uni,M,Dressing and maintaining personal hygiene,5
2013,Number,Krupa Na Uni,F,Dressing and maintaining personal hygiene,14
2013,Number,Kupres,Total,Dressing and maintaining personal hygiene,6
2013,Number,Kupres,M,Dressing and maintaining personal hygiene,3
2013,Number,Kupres,F,Dressing and maintaining personal hygiene,3
2013,Number,Laktasi,Total,Dressing and maintaining personal hygiene,324
2013,Number,Laktasi,M,Dressing and maintaining personal hygiene,162
2013,Number,Laktasi,F,Dressing and maintaining personal hygiene,162
2013,Number,Lopare,Total,Dressing and maintaining personal hygiene,190
2013,Number,Lopare,M,Dressing and maintaining personal hygiene,85
2013,Number,Lopare,F,Dressing and maintaining personal hygiene,105
2013,Number,Ljubinje,Total,Dressing and maintaining personal hygiene,44
2013,Number,Ljubinje,M,Dressing and maintaining personal hygiene,18
2013,Number,Ljubinje,F,Dressing and maintaining personal hygiene,26
2013,Number,Milici,Total,Dressing and maintaining personal hygiene,107
2013,Number,Milici,M,Dressing and maintaining personal hygiene,42
2013,Number,Milici,F,Dressing and maintaining personal hygiene,65
2013,Number,Modrica,Total,Dressing and maintaining personal hygiene,383
2013,Number,Modrica,M,Dressing and maintaining personal hygiene,152
2013,Number,Modrica,F,Dressing and maintaining personal hygiene,231
2013,Number,Mrkonjic Grad,Total,Dressing and maintaining personal hygiene,203
2013,Number,Mrkonjic Grad,M,Dressing and maintaining personal hygiene,83
2013,Number,Mrkonjic Grad,F,Dressing and maintaining personal hygiene,120
2013,Number,Nevesinje,Total,Dressing and maintaining personal hygiene,104
2013,Number,Nevesinje,M,Dressing and maintaining personal hygiene,38
2013,Number,Nevesinje,F,Dressing and maintaining personal hygiene,66
2013,Number,Novi Grad,Total,Dressing and maintaining personal hygiene,373
2013,Number,Novi Grad,M,Dressing and maintaining personal hygiene,156
2013,Number,Novi Grad,F,Dressing and maintaining personal hygiene,217
2013,Number,Novo Gorazde,Total,Dressing and maintaining personal hygiene,20
2013,Number,Novo Gorazde,M,Dressing and maintaining personal hygiene,7
2013,Number,Novo Gorazde,F,Dressing and maintaining personal hygiene,13
2013,Number,Osmaci,Total,Dressing and maintaining personal hygiene,43
2013,Number,Osmaci,M,Dressing and maintaining personal hygiene,16
2013,Number,Osmaci,F,Dressing and maintaining personal hygiene,27
2013,Number,Ostra Luka,Total,Dressing and maintaining personal hygiene,39
2013,Number,Ostra Luka,M,Dressing and maintaining personal hygiene,17
2013,Number,Ostra Luka,F,Dressing and maintaining personal hygiene,22
2013,Number,Pale,Total,Dressing and maintaining personal hygiene,174
2013,Number,Pale,M,Dressing and maintaining personal hygiene,80
2013,Number,Pale,F,Dressing and maintaining personal hygiene,94
2013,Number,Pelagicevo,Total,Dressing and maintaining personal hygiene,71
2013,Number,Pelagicevo,M,Dressing and maintaining personal hygiene,33
2013,Number,Pelagicevo,F,Dressing and maintaining personal hygiene,38
2013,Number,Petrovac,Total,Dressing and maintaining personal hygiene,4
2013,Number,Petrovac,M,Dressing and maintaining personal hygiene,1
2013,Number,Petrovac,F,Dressing and maintaining personal hygiene,3
2013,Number,Petrovo,Total,Dressing and maintaining personal hygiene,106
2013,Number,Petrovo,M,Dressing and maintaining personal hygiene,40
2013,Number,Petrovo,F,Dressing and maintaining personal hygiene,66
2013,Number,City of Prijedor,Total,Dressing and maintaining personal hygiene,1081
2013,Number,City of Prijedor,M,Dressing and maintaining personal hygiene,517
2013,Number,City of Prijedor,F,Dressing and maintaining personal hygiene,564
2013,Number,Prnjavor,Total,Dressing and maintaining personal hygiene,418
2013,Number,Prnjavor,M,Dressing and maintaining personal hygiene,182
2013,Number,Prnjavor,F,Dressing and maintaining personal hygiene,236
2013,Number,Ribnik,Total,Dressing and maintaining personal hygiene,111
2013,Number,Ribnik,M,Dressing and maintaining personal hygiene,50
2013,Number,Ribnik,F,Dressing and maintaining personal hygiene,61
2013,Number,Rogatica,Total,Dressing and maintaining personal hygiene,153
2013,Number,Rogatica,M,Dressing and maintaining personal hygiene,59
2013,Number,Rogatica,F,Dressing and maintaining personal hygiene,94
2013,Number,Rudo,Total,Dressing and maintaining personal hygiene,85
2013,Number,Rudo,M,Dressing and maintaining personal hygiene,40
2013,Number,Rudo,F,Dressing and maintaining personal hygiene,45
2013,Number,Sokolac,Total,Dressing and maintaining personal hygiene,143
2013,Number,Sokolac,M,Dressing and maintaining personal hygiene,55
2013,Number,Sokolac,F,Dressing and maintaining personal hygiene,88
2013,Number,Srbac,Total,Dressing and maintaining personal hygiene,174
2013,Number,Srbac,M,Dressing and maintaining personal hygiene,78
2013,Number,Srbac,F,Dressing and maintaining personal hygiene,96
2013,Number,Srebrenica,Total,Dressing and maintaining personal hygiene,99
2013,Number,Srebrenica,M,Dressing and maintaining personal hygiene,34
2013,Number,Srebrenica,F,Dressing and maintaining personal hygiene,65
2013,Number,Teslic,Total,Dressing and maintaining personal hygiene,499
2013,Number,Teslic,M,Dressing and maintaining personal hygiene,209
2013,Number,Teslic,F,Dressing and maintaining personal hygiene,290
2013,Number,City of Trebinje,Total,Dressing and maintaining personal hygiene,283
2013,Number,City of Trebinje,M,Dressing and maintaining personal hygiene,104
2013,Number,City of Trebinje,F,Dressing and maintaining personal hygiene,179
2013,Number,Trnovo,Total,Dressing and maintaining personal hygiene,31
2013,Number,Trnovo,M,Dressing and maintaining personal hygiene,12
2013,Number,Trnovo,F,Dressing and maintaining personal hygiene,19
2013,Number,Ugljevik,Total,Dressing and maintaining personal hygiene,151
2013,Number,Ugljevik,M,Dressing and maintaining personal hygiene,63
2013,Number,Ugljevik,F,Dressing and maintaining personal hygiene,88
2013,Number,Foca,Total,Dressing and maintaining personal hygiene,230
2013,Number,Foca,M,Dressing and maintaining personal hygiene,97
2013,Number,Foca,F,Dressing and maintaining personal hygiene,133
2013,Number,Han Pijesak,Total,Dressing and maintaining personal hygiene,48
2013,Number,Han Pijesak,M,Dressing and maintaining personal hygiene,15
2013,Number,Han Pijesak,F,Dressing and maintaining personal hygiene,33
2013,Number,Cajnice,Total,Dressing and maintaining personal hygiene,50
2013,Number,Cajnice,M,Dressing and maintaining personal hygiene,23
2013,Number,Cajnice,F,Dressing and maintaining personal hygiene,27
2013,Number,Celinac,Total,Dressing and maintaining personal hygiene,210
2013,Number,Celinac,M,Dressing and maintaining personal hygiene,96
2013,Number,Celinac,F,Dressing and maintaining personal hygiene,114
2013,Number,Samac,Total,Dressing and maintaining personal hygiene,159
2013,Number,Samac,M,Dressing and maintaining personal hygiene,67
2013,Number,Samac,F,Dressing and maintaining personal hygiene,92
2013,Number,Sekovici,Total,Dressing and maintaining personal hygiene,60
2013,Number,Sekovici,M,Dressing and maintaining personal hygiene,29
2013,Number,Sekovici,F,Dressing and maintaining personal hygiene,31
2013,Number,Sipovo,Total,Dressing and maintaining personal hygiene,127
2013,Number,Sipovo,M,Dressing and maintaining personal hygiene,46
2013,Number,Sipovo,F,Dressing and maintaining personal hygiene,81
2013,Number,Republika Srpska,Total,Communication,10723
2013,Number,Republika Srpska,M,Communication,5103
2013,Number,Republika Srpska,F,Communication,5620
2013,Number,City of Banja Luka,Total,Communication,1307
2013,Number,City of Banja Luka,M,Communication,670
2013,Number,City of Banja Luka,F,Communication,637
2013,Number,Berkovici,Total,Communication,26
2013,Number,Berkovici,M,Communication,11
2013,Number,Berkovici,F,Communication,15
2013,Number,City of Bijeljina,Total,Communication,793
2013,Number,City of Bijeljina,M,Communication,398
2013,Number,City of Bijeljina,F,Communication,395
2013,Number,Bileca,Total,Communication,89
2013,Number,Bileca,M,Communication,44
2013,Number,Bileca,F,Communication,45
2013,Number,Bratunac,Total,Communication,135
2013,Number,Bratunac,M,Communication,56
2013,Number,Bratunac,F,Communication,79
2013,Number,Brod,Total,Communication,121
2013,Number,Brod,M,Communication,60
2013,Number,Brod,F,Communication,61
2013,Number,Visegrad,Total,Communication,202
2013,Number,Visegrad,M,Communication,55
2013,Number,Visegrad,F,Communication,147
2013,Number,Vlasenica,Total,Communication,96
2013,Number,Vlasenica,M,Communication,50
2013,Number,Vlasenica,F,Communication,46
2013,Number,Vukosavlje,Total,Communication,50
2013,Number,Vukosavlje,M,Communication,26
2013,Number,Vukosavlje,F,Communication,24
2013,Number,Gacko,Total,Communication,70
2013,Number,Gacko,M,Communication,30
2013,Number,Gacko,F,Communication,40
2013,Number,City of Gradiska,Total,Communication,504
2013,Number,City of Gradiska,M,Communication,220
2013,Number,City of Gradiska,F,Communication,284
2013,Number,City of Derventa,Total,Communication,255
2013,Number,City of Derventa,M,Communication,118
2013,Number,City of Derventa,F,Communication,137
2013,Number,City of Doboj,Total,Communication,786
2013,Number,City of Doboj,M,Communication,353
2013,Number,City of Doboj,F,Communication,433
2013,Number,Donji Zabar,Total,Communication,23
2013,Number,Donji Zabar,M,Communication,13
2013,Number,Donji Zabar,F,Communication,10
2013,Number,City of Zvornik,Total,Communication,402
2013,Number,City of Zvornik,M,Communication,184
2013,Number,City of Zvornik,F,Communication,218
2013,Number,East Ilidza,Total,Communication,113
2013,Number,East Ilidza,M,Communication,54
2013,Number,East Ilidza,F,Communication,59
2013,Number,East Drvar,Total,Communication,0
2013,Number,East Drvar,M,Communication,0
2013,Number,East Drvar,F,Communication,0
2013,Number,East Mostar,Total,Communication,2
2013,Number,East Mostar,M,Communication,1
2013,Number,East Mostar,F,Communication,1
2013,Number,East Stari Grad,Total,Communication,14
2013,Number,East Stari Grad,M,Communication,9
2013,Number,East Stari Grad,F,Communication,5
2013,Number,East Novo Sarajevo,Total,Communication,65
2013,Number,East Novo Sarajevo,M,Communication,33
2013,Number,East Novo Sarajevo,F,Communication,32
2013,Number,Jezero,Total,Communication,14
2013,Number,Jezero,M,Communication,6
2013,Number,Jezero,F,Communication,8
2013,Number,Kalinovik,Total,Communication,17
2013,Number,Kalinovik,M,Communication,8
2013,Number,Kalinovik,F,Communication,9
2013,Number,Knezevo,Total,Communication,140
2013,Number,Knezevo,M,Communication,59
2013,Number,Knezevo,F,Communication,81
2013,Number,Kozarska Dubica,Total,Communication,187
2013,Number,Kozarska Dubica,M,Communication,94
2013,Number,Kozarska Dubica,F,Communication,93
2013,Number,Kostajnica,Total,Communication,53
2013,Number,Kostajnica,M,Communication,21
2013,Number,Kostajnica,F,Communication,32
2013,Number,Kotor Varos,Total,Communication,176
2013,Number,Kotor Varos,M,Communication,84
2013,Number,Kotor Varos,F,Communication,92
2013,Number,Krupa Na Uni,Total,Communication,20
2013,Number,Krupa Na Uni,M,Communication,8
2013,Number,Krupa Na Uni,F,Communication,12
2013,Number,Kupres,Total,Communication,6
2013,Number,Kupres,M,Communication,4
2013,Number,Kupres,F,Communication,2
2013,Number,Laktasi,Total,Communication,283
2013,Number,Laktasi,M,Communication,148
2013,Number,Laktasi,F,Communication,135
2013,Number,Lopare,Total,Communication,168
2013,Number,Lopare,M,Communication,86
2013,Number,Lopare,F,Communication,82
2013,Number,Ljubinje,Total,Communication,31
2013,Number,Ljubinje,M,Communication,14
2013,Number,Ljubinje,F,Communication,17
2013,Number,Milici,Total,Communication,77
2013,Number,Milici,M,Communication,27
2013,Number,Milici,F,Communication,50
2013,Number,Modrica,Total,Communication,309
2013,Number,Modrica,M,Communication,139
2013,Number,Modrica,F,Communication,170
2013,Number,Mrkonjic Grad,Total,Communication,176
2013,Number,Mrkonjic Grad,M,Communication,73
2013,Number,Mrkonjic Grad,F,Communication,103
2013,Number,Nevesinje,Total,Communication,107
2013,Number,Nevesinje,M,Communication,43
2013,Number,Nevesinje,F,Communication,64
2013,Number,Novi Grad,Total,Communication,277
2013,Number,Novi Grad,M,Communication,121
2013,Number,Novi Grad,F,Communication,156
2013,Number,Novo Gorazde,Total,Communication,18
2013,Number,Novo Gorazde,M,Communication,5
2013,Number,Novo Gorazde,F,Communication,13
2013,Number,Osmaci,Total,Communication,40
2013,Number,Osmaci,M,Communication,19
2013,Number,Osmaci,F,Communication,21
2013,Number,Ostra Luka,Total,Communication,26
2013,Number,Ostra Luka,M,Communication,10
2013,Number,Ostra Luka,F,Communication,16
2013,Number,Pale,Total,Communication,130
2013,Number,Pale,M,Communication,59
2013,Number,Pale,F,Communication,71
2013,Number,Pelagicevo,Total,Communication,68
2013,Number,Pelagicevo,M,Communication,33
2013,Number,Pelagicevo,F,Communication,35
2013,Number,Petrovac,Total,Communication,1
2013,Number,Petrovac,M,Communication,0
2013,Number,Petrovac,F,Communication,1
2013,Number,Petrovo,Total,Communication,64
2013,Number,Petrovo,M,Communication,36
2013,Number,Petrovo,F,Communication,28
2013,Number,City of Prijedor,Total,Communication,927
2013,Number,City of Prijedor,M,Communication,517
2013,Number,City of Prijedor,F,Communication,410
2013,Number,Prnjavor,Total,Communication,320
2013,Number,Prnjavor,M,Communication,162
2013,Number,Prnjavor,F,Communication,158
2013,Number,Ribnik,Total,Communication,91
2013,Number,Ribnik,M,Communication,45
2013,Number,Ribnik,F,Communication,46
2013,Number,Rogatica,Total,Communication,90
2013,Number,Rogatica,M,Communication,45
2013,Number,Rogatica,F,Communication,45
2013,Number,Rudo,Total,Communication,68
2013,Number,Rudo,M,Communication,29
2013,Number,Rudo,F,Communication,39
2013,Number,Sokolac,Total,Communication,112
2013,Number,Sokolac,M,Communication,43
2013,Number,Sokolac,F,Communication,69
2013,Number,Srbac,Total,Communication,171
2013,Number,Srbac,M,Communication,81
2013,Number,Srbac,F,Communication,90
2013,Number,Srebrenica,Total,Communication,80
2013,Number,Srebrenica,M,Communication,33
2013,Number,Srebrenica,F,Communication,47
2013,Number,Teslic,Total,Communication,387
2013,Number,Teslic,M,Communication,189
2013,Number,Teslic,F,Communication,198
2013,Number,City of Trebinje,Total,Communication,205
2013,Number,City of Trebinje,M,Communication,94
2013,Number,City of Trebinje,F,Communication,111
2013,Number,Trnovo,Total,Communication,22
2013,Number,Trnovo,M,Communication,12
2013,Number,Trnovo,F,Communication,10
2013,Number,Ugljevik,Total,Communication,93
2013,Number,Ugljevik,M,Communication,41
2013,Number,Ugljevik,F,Communication,52
2013,Number,Foca,Total,Communication,170
2013,Number,Foca,M,Communication,81
2013,Number,Foca,F,Communication,89
2013,Number,Han Pijesak,Total,Communication,36
2013,Number,Han Pijesak,M,Communication,14
2013,Number,Han Pijesak,F,Communication,22
2013,Number,Cajnice,Total,Communication,41
2013,Number,Cajnice,M,Communication,17
2013,Number,Cajnice,F,Communication,24
2013,Number,Celinac,Total,Communication,163
2013,Number,Celinac,M,Communication,72
2013,Number,Celinac,F,Communication,91
2013,Number,Samac,Total,Communication,146
2013,Number,Samac,M,Communication,71
2013,Number,Samac,F,Communication,75
2013,Number,Sekovici,Total,Communication,68
2013,Number,Sekovici,M,Communication,33
2013,Number,Sekovici,F,Communication,35
2013,Number,Sipovo,Total,Communication,92
2013,Number,Sipovo,M,Communication,42
2013,Number,Sipovo,F,Communication,50
2013,Number,Republika Srpska,Total,Multiple disabilities,38298
2013,Number,Republika Srpska,M,Multiple disabilities,16292
2013,Number,Republika Srpska,F,Multiple disabilities,22006
2013,Number,City of Banja Luka,Total,Multiple disabilities,4944
2013,Number,City of Banja Luka,M,Multiple disabilities,2158
2013,Number,City of Banja Luka,F,Multiple disabilities,2786
2013,Number,Berkovici,Total,Multiple disabilities,73
2013,Number,Berkovici,M,Multiple disabilities,32
2013,Number,Berkovici,F,Multiple disabilities,41
2013,Number,City of Bijeljina,Total,Multiple disabilities,3094
2013,Number,City of Bijeljina,M,Multiple disabilities,1359
2013,Number,City of Bijeljina,F,Multiple disabilities,1735
2013,Number,Bileca,Total,Multiple disabilities,350
2013,Number,Bileca,M,Multiple disabilities,151
2013,Number,Bileca,F,Multiple disabilities,199
2013,Number,Bratunac,Total,Multiple disabilities,566
2013,Number,Bratunac,M,Multiple disabilities,243
2013,Number,Bratunac,F,Multiple disabilities,323
2013,Number,Brod,Total,Multiple disabilities,485
2013,Number,Brod,M,Multiple disabilities,194
2013,Number,Brod,F,Multiple disabilities,291
2013,Number,Visegrad,Total,Multiple disabilities,477
2013,Number,Visegrad,M,Multiple disabilities,145
2013,Number,Visegrad,F,Multiple disabilities,332
2013,Number,Vlasenica,Total,Multiple disabilities,305
2013,Number,Vlasenica,M,Multiple disabilities,130
2013,Number,Vlasenica,F,Multiple disabilities,175
2013,Number,Vukosavlje,Total,Multiple disabilities,158
2013,Number,Vukosavlje,M,Multiple disabilities,77
2013,Number,Vukosavlje,F,Multiple disabilities,81
2013,Number,Gacko,Total,Multiple disabilities,219
2013,Number,Gacko,M,Multiple disabilities,84
2013,Number,Gacko,F,Multiple disabilities,135
2013,Number,City of Gradiska,Total,Multiple disabilities,1641
2013,Number,City of Gradiska,M,Multiple disabilities,637
2013,Number,City of Gradiska,F,Multiple disabilities,1004
2013,Number,City of Derventa,Total,Multiple disabilities,938
2013,Number,City of Derventa,M,Multiple disabilities,385
2013,Number,City of Derventa,F,Multiple disabilities,553
2013,Number,City of Doboj,Total,Multiple disabilities,3008
2013,Number,City of Doboj,M,Multiple disabilities,1227
2013,Number,City of Doboj,F,Multiple disabilities,1781
2013,Number,Donji Zabar,Total,Multiple disabilities,89
2013,Number,Donji Zabar,M,Multiple disabilities,42
2013,Number,Donji Zabar,F,Multiple disabilities,47
2013,Number,City of Zvornik,Total,Multiple disabilities,1546
2013,Number,City of Zvornik,M,Multiple disabilities,670
2013,Number,City of Zvornik,F,Multiple disabilities,876
2013,Number,East Ilidza,Total,Multiple disabilities,394
2013,Number,East Ilidza,M,Multiple disabilities,171
2013,Number,East Ilidza,F,Multiple disabilities,223
2013,Number,East Drvar,Total,Multiple disabilities,4
2013,Number,East Drvar,M,Multiple disabilities,1
2013,Number,East Drvar,F,Multiple disabilities,3
2013,Number,East Mostar,Total,Multiple disabilities,7
2013,Number,East Mostar,M,Multiple disabilities,2
2013,Number,East Mostar,F,Multiple disabilities,5
2013,Number,East Stari Grad,Total,Multiple disabilities,32
2013,Number,East Stari Grad,M,Multiple disabilities,16
2013,Number,East Stari Grad,F,Multiple disabilities,16
2013,Number,East Novo Sarajevo,Total,Multiple disabilities,206
2013,Number,East Novo Sarajevo,M,Multiple disabilities,87
2013,Number,East Novo Sarajevo,F,Multiple disabilities,119
2013,Number,Jezero,Total,Multiple disabilities,40
2013,Number,Jezero,M,Multiple disabilities,17
2013,Number,Jezero,F,Multiple disabilities,23
2013,Number,Kalinovik,Total,Multiple disabilities,80
2013,Number,Kalinovik,M,Multiple disabilities,30
2013,Number,Kalinovik,F,Multiple disabilities,50
2013,Number,Knezevo,Total,Multiple disabilities,399
2013,Number,Knezevo,M,Multiple disabilities,178
2013,Number,Knezevo,F,Multiple disabilities,221
2013,Number,Kozarska Dubica,Total,Multiple disabilities,741
2013,Number,Kozarska Dubica,M,Multiple disabilities,302
2013,Number,Kozarska Dubica,F,Multiple disabilities,439
2013,Number,Kostajnica,Total,Multiple disabilities,209
2013,Number,Kostajnica,M,Multiple disabilities,93
2013,Number,Kostajnica,F,Multiple disabilities,116
2013,Number,Kotor Varos,Total,Multiple disabilities,702
2013,Number,Kotor Varos,M,Multiple disabilities,310
2013,Number,Kotor Varos,F,Multiple disabilities,392
2013,Number,Krupa Na Uni,Total,Multiple disabilities,88
2013,Number,Krupa Na Uni,M,Multiple disabilities,40
2013,Number,Krupa Na Uni,F,Multiple disabilities,48
2013,Number,Kupres,Total,Multiple disabilities,21
2013,Number,Kupres,M,Multiple disabilities,13
2013,Number,Kupres,F,Multiple disabilities,8
2013,Number,Laktasi,Total,Multiple disabilities,887
2013,Number,Laktasi,M,Multiple disabilities,413
2013,Number,Laktasi,F,Multiple disabilities,474
2013,Number,Lopare,Total,Multiple disabilities,583
2013,Number,Lopare,M,Multiple disabilities,254
2013,Number,Lopare,F,Multiple disabilities,329
2013,Number,Ljubinje,Total,Multiple disabilities,81
2013,Number,Ljubinje,M,Multiple disabilities,34
2013,Number,Ljubinje,F,Multiple disabilities,47
2013,Number,Milici,Total,Multiple disabilities,314
2013,Number,Milici,M,Multiple disabilities,130
2013,Number,Milici,F,Multiple disabilities,184
2013,Number,Modrica,Total,Multiple disabilities,927
2013,Number,Modrica,M,Multiple disabilities,399
2013,Number,Modrica,F,Multiple disabilities,528
2013,Number,Mrkonjic Grad,Total,Multiple disabilities,475
2013,Number,Mrkonjic Grad,M,Multiple disabilities,210
2013,Number,Mrkonjic Grad,F,Multiple disabilities,265
2013,Number,Nevesinje,Total,Multiple disabilities,327
2013,Number,Nevesinje,M,Multiple disabilities,130
2013,Number,Nevesinje,F,Multiple disabilities,197
2013,Number,Novi Grad,Total,Multiple disabilities,1049
2013,Number,Novi Grad,M,Multiple disabilities,446
2013,Number,Novi Grad,F,Multiple disabilities,603
2013,Number,Novo Gorazde,Total,Multiple disabilities,75
2013,Number,Novo Gorazde,M,Multiple disabilities,28
2013,Number,Novo Gorazde,F,Multiple disabilities,47
2013,Number,Osmaci,Total,Multiple disabilities,189
2013,Number,Osmaci,M,Multiple disabilities,79
2013,Number,Osmaci,F,Multiple disabilities,110
2013,Number,Ostra Luka,Total,Multiple disabilities,132
2013,Number,Ostra Luka,M,Multiple disabilities,63
2013,Number,Ostra Luka,F,Multiple disabilities,69
2013,Number,Pale,Total,Multiple disabilities,446
2013,Number,Pale,M,Multiple disabilities,209
2013,Number,Pale,F,Multiple disabilities,237
2013,Number,Pelagicevo,Total,Multiple disabilities,268
2013,Number,Pelagicevo,M,Multiple disabilities,102
2013,Number,Pelagicevo,F,Multiple disabilities,166
2013,Number,Petrovac,Total,Multiple disabilities,7
2013,Number,Petrovac,M,Multiple disabilities,4
2013,Number,Petrovac,F,Multiple disabilities,3
2013,Number,Petrovo,Total,Multiple disabilities,378
2013,Number,Petrovo,M,Multiple disabilities,156
2013,Number,Petrovo,F,Multiple disabilities,222
2013,Number,City of Prijedor,Total,Multiple disabilities,2789
2013,Number,City of Prijedor,M,Multiple disabilities,1276
2013,Number,City of Prijedor,F,Multiple disabilities,1513
2013,Number,Prnjavor,Total,Multiple disabilities,1199
2013,Number,Prnjavor,M,Multiple disabilities,465
2013,Number,Prnjavor,F,Multiple disabilities,734
2013,Number,Ribnik,Total,Multiple disabilities,272
2013,Number,Ribnik,M,Multiple disabilities,128
2013,Number,Ribnik,F,Multiple disabilities,144
2013,Number,Rogatica,Total,Multiple disabilities,407
2013,Number,Rogatica,M,Multiple disabilities,164
2013,Number,Rogatica,F,Multiple disabilities,243
2013,Number,Rudo,Total,Multiple disabilities,252
2013,Number,Rudo,M,Multiple disabilities,104
2013,Number,Rudo,F,Multiple disabilities,148
2013,Number,Sokolac,Total,Multiple disabilities,347
2013,Number,Sokolac,M,Multiple disabilities,143
2013,Number,Sokolac,F,Multiple disabilities,204
2013,Number,Srbac,Total,Multiple disabilities,576
2013,Number,Srbac,M,Multiple disabilities,257
2013,Number,Srbac,F,Multiple disabilities,319
2013,Number,Srebrenica,Total,Multiple disabilities,381
2013,Number,Srebrenica,M,Multiple disabilities,144
2013,Number,Srebrenica,F,Multiple disabilities,237
2013,Number,Teslic,Total,Multiple disabilities,1374
2013,Number,Teslic,M,Multiple disabilities,585
2013,Number,Teslic,F,Multiple disabilities,789
2013,Number,City of Trebinje,Total,Multiple disabilities,689
2013,Number,City of Trebinje,M,Multiple disabilities,280
2013,Number,City of Trebinje,F,Multiple disabilities,409
2013,Number,Trnovo,Total,Multiple disabilities,69
2013,Number,Trnovo,M,Multiple disabilities,31
2013,Number,Trnovo,F,Multiple disabilities,38
2013,Number,Ugljevik,Total,Multiple disabilities,402
2013,Number,Ugljevik,M,Multiple disabilities,165
2013,Number,Ugljevik,F,Multiple disabilities,237
2013,Number,Foca,Total,Multiple disabilities,581
2013,Number,Foca,M,Multiple disabilities,262
2013,Number,Foca,F,Multiple disabilities,319
2013,Number,Han Pijesak,Total,Multiple disabilities,95
2013,Number,Han Pijesak,M,Multiple disabilities,30
2013,Number,Han Pijesak,F,Multiple disabilities,65
2013,Number,Cajnice,Total,Multiple disabilities,176
2013,Number,Cajnice,M,Multiple disabilities,77
2013,Number,Cajnice,F,Multiple disabilities,99
2013,Number,Celinac,Total,Multiple disabilities,624
2013,Number,Celinac,M,Multiple disabilities,269
2013,Number,Celinac,F,Multiple disabilities,355
2013,Number,Samac,Total,Multiple disabilities,567
2013,Number,Samac,M,Multiple disabilities,228
2013,Number,Samac,F,Multiple disabilities,339
2013,Number,Sekovici,Total,Multiple disabilities,222
2013,Number,Sekovici,M,Multiple disabilities,101
2013,Number,Sekovici,F,Multiple disabilities,121
2013,Number,Sipovo,Total,Multiple disabilities,322
2013,Number,Sipovo,M,Multiple disabilities,132
2013,Number,Sipovo,F,Multiple disabilities,190
