Year,UNIT_MEASURE,Administrative area,Sex,Type of disability,Value
2013,Number,Republika Srpska,Both sexes,Total,102262
2013,Number,Republika Srpska,M,Total,46720
2013,Number,Republika Srpska,F,Total,55542
2013,Number,City of Banja Luka,Both sexes,Total,13450
2013,Number,City of Banja Luka,M,Total,6251
2013,Number,City of Banja Luka,F,Total,7199
2013,Number,Berkovici,Both sexes,Total,165
2013,Number,Berkovici,M,Total,75
2013,Number,Berkovici,F,Total,90
2013,Number,City of Bijeljina,Both sexes,Total,8763
2013,Number,City of Bijeljina,M,Total,3967
2013,Number,City of Bijeljina,F,Total,4796
2013,Number,Bileca,Both sexes,Total,813
2013,Number,Bileca,M,Total,339
2013,Number,Bileca,F,Total,474
2013,Number,Bratunac,Both sexes,Total,1534
2013,Number,Bratunac,M,Total,688
2013,Number,Bratunac,F,Total,846
2013,Number,Brod,Both sexes,Total,1420
2013,Number,Brod,M,Total,658
2013,Number,Brod,F,Total,762
2013,Number,Visegrad,Both sexes,Total,1097
2013,Number,Visegrad,M,Total,422
2013,Number,Visegrad,F,Total,675
2013,Number,Vlasenica,Both sexes,Total,786
2013,Number,Vlasenica,M,Total,393
2013,Number,Vlasenica,F,Total,393
2013,Number,Vukosavlje,Both sexes,Total,472
2013,Number,Vukosavlje,M,Total,226
2013,Number,Vukosavlje,F,Total,246
2013,Number,Gacko,Both sexes,Total,597
2013,Number,Gacko,M,Total,261
2013,Number,Gacko,F,Total,336
2013,Number,City of Gradiska,Both sexes,Total,4427
2013,Number,City of Gradiska,M,Total,1965
2013,Number,City of Gradiska,F,Total,2462
2013,Number,City of Derventa,Both sexes,Total,2529
2013,Number,City of Derventa,M,Total,1153
2013,Number,City of Derventa,F,Total,1376
2013,Number,City of Doboj,Both sexes,Total,7404
2013,Number,City of Doboj,M,Total,3292
2013,Number,City of Doboj,F,Total,4112
2013,Number,Donji Zabar,Both sexes,Total,313
2013,Number,Donji Zabar,M,Total,146
2013,Number,Donji Zabar,F,Total,167
2013,Number,City of Zvornik,Both sexes,Total,4328
2013,Number,City of Zvornik,M,Total,2027
2013,Number,City of Zvornik,F,Total,2301
2013,Number,East Ilidza,Both sexes,Total,1025
2013,Number,East Ilidza,M,Total,464
2013,Number,East Ilidza,F,Total,561
2013,Number,East Drvar,Both sexes,Total,9
2013,Number,East Drvar,M,Total,5
2013,Number,East Drvar,F,Total,4
2013,Number,East Mostar,Both sexes,Total,14
2013,Number,East Mostar,M,Total,4
2013,Number,East Mostar,F,Total,10
2013,Number,East Stari Grad,Both sexes,Total,100
2013,Number,East Stari Grad,M,Total,42
2013,Number,East Stari Grad,F,Total,58
2013,Number,East Novo Sarajevo,Both sexes,Total,611
2013,Number,East Novo Sarajevo,M,Total,276
2013,Number,East Novo Sarajevo,F,Total,335
2013,Number,Jezero,Both sexes,Total,80
2013,Number,Jezero,M,Total,37
2013,Number,Jezero,F,Total,43
2013,Number,Kalinovik,Both sexes,Total,203
2013,Number,Kalinovik,M,Total,88
2013,Number,Kalinovik,F,Total,115
2013,Number,Knezevo,Both sexes,Total,933
2013,Number,Knezevo,M,Total,449
2013,Number,Knezevo,F,Total,484
2013,Number,Kozarska Dubica,Both sexes,Total,2078
2013,Number,Kozarska Dubica,M,Total,919
2013,Number,Kozarska Dubica,F,Total,1159
2013,Number,Kostajnica,Both sexes,Total,475
2013,Number,Kostajnica,M,Total,216
2013,Number,Kostajnica,F,Total,259
2013,Number,Kotor Varos,Both sexes,Total,1857
2013,Number,Kotor Varos,M,Total,865
2013,Number,Kotor Varos,F,Total,992
2013,Number,Krupa Na Uni,Both sexes,Total,204
2013,Number,Krupa Na Uni,M,Total,93
2013,Number,Krupa Na Uni,F,Total,111
2013,Number,Kupres,Both sexes,Total,49
2013,Number,Kupres,M,Total,27
2013,Number,Kupres,F,Total,22
2013,Number,Laktasi,Both sexes,Total,2445
2013,Number,Laktasi,M,Total,1196
2013,Number,Laktasi,F,Total,1249
2013,Number,Lopare,Both sexes,Total,1612
2013,Number,Lopare,M,Total,791
2013,Number,Lopare,F,Total,821
2013,Number,Ljubinje,Both sexes,Total,197
2013,Number,Ljubinje,M,Total,84
2013,Number,Ljubinje,F,Total,113
2013,Number,Milici,Both sexes,Total,860
2013,Number,Milici,M,Total,392
2013,Number,Milici,F,Total,468
2013,Number,Modrica,Both sexes,Total,2458
2013,Number,Modrica,M,Total,1119
2013,Number,Modrica,F,Total,1339
2013,Number,Mrkonjic Grad,Both sexes,Total,1300
2013,Number,Mrkonjic Grad,M,Total,602
2013,Number,Mrkonjic Grad,F,Total,698
2013,Number,Nevesinje,Both sexes,Total,876
2013,Number,Nevesinje,M,Total,379
2013,Number,Nevesinje,F,Total,497
2013,Number,Novi Grad,Both sexes,Total,2687
2013,Number,Novi Grad,M,Total,1179
2013,Number,Novi Grad,F,Total,1508
2013,Number,Novo Gorazde,Both sexes,Total,206
2013,Number,Novo Gorazde,M,Total,101
2013,Number,Novo Gorazde,F,Total,105
2013,Number,Osmaci,Both sexes,Total,513
2013,Number,Osmaci,M,Total,234
2013,Number,Osmaci,F,Total,279
2013,Number,Ostra Luka,Both sexes,Total,394
2013,Number,Ostra Luka,M,Total,205
2013,Number,Ostra Luka,F,Total,189
2013,Number,Pale,Both sexes,Total,1289
2013,Number,Pale,M,Total,594
2013,Number,Pale,F,Total,695
2013,Number,Pelagicevo,Both sexes,Total,688
2013,Number,Pelagicevo,M,Total,299
2013,Number,Pelagicevo,F,Total,389
2013,Number,Petrovac,Both sexes,Total,16
2013,Number,Petrovac,M,Total,6
2013,Number,Petrovac,F,Total,10
2013,Number,Petrovo,Both sexes,Total,944
2013,Number,Petrovo,M,Total,399
2013,Number,Petrovo,F,Total,545
2013,Number,City of Prijedor,Both sexes,Total,7173
2013,Number,City of Prijedor,M,Total,3333
2013,Number,City of Prijedor,F,Total,3840
2013,Number,Prnjavor,Both sexes,Total,3309
2013,Number,Prnjavor,M,Total,1497
2013,Number,Prnjavor,F,Total,1812
2013,Number,Ribnik,Both sexes,Total,701
2013,Number,Ribnik,M,Total,323
2013,Number,Ribnik,F,Total,378
2013,Number,Rogatica,Both sexes,Total,1012
2013,Number,Rogatica,M,Total,464
2013,Number,Rogatica,F,Total,548
2013,Number,Rudo,Both sexes,Total,596
2013,Number,Rudo,M,Total,258
2013,Number,Rudo,F,Total,338
2013,Number,Sokolac,Both sexes,Total,944
2013,Number,Sokolac,M,Total,422
2013,Number,Sokolac,F,Total,522
2013,Number,Srbac,Both sexes,Total,1526
2013,Number,Srbac,M,Total,714
2013,Number,Srbac,F,Total,812
2013,Number,Srebrenica,Both sexes,Total,1061
2013,Number,Srebrenica,M,Total,447
2013,Number,Srebrenica,F,Total,614
2013,Number,Teslic,Both sexes,Total,3562
2013,Number,Teslic,M,Total,1683
2013,Number,Teslic,F,Total,1879
2013,Number,City of Trebinje,Both sexes,Total,1860
2013,Number,City of Trebinje,M,Total,823
2013,Number,City of Trebinje,F,Total,1037
2013,Number,Trnovo,Both sexes,Total,171
2013,Number,Trnovo,M,Total,70
2013,Number,Trnovo,F,Total,101
2013,Number,Ugljevik,Both sexes,Total,1179
2013,Number,Ugljevik,M,Total,532
2013,Number,Ugljevik,F,Total,647
2013,Number,Foca,Both sexes,Total,1473
2013,Number,Foca,M,Total,725
2013,Number,Foca,F,Total,748
2013,Number,Han Pijesak,Both sexes,Total,269
2013,Number,Han Pijesak,M,Total,99
2013,Number,Han Pijesak,F,Total,170
2013,Number,Cajnice,Both sexes,Total,461
2013,Number,Cajnice,M,Total,208
2013,Number,Cajnice,F,Total,253
2013,Number,Celinac,Both sexes,Total,1672
2013,Number,Celinac,M,Total,800
2013,Number,Celinac,F,Total,872
2013,Number,Samac,Both sexes,Total,1634
2013,Number,Samac,M,Total,724
2013,Number,Samac,F,Total,910
2013,Number,Sekovici,Both sexes,Total,595
2013,Number,Sekovici,M,Total,279
2013,Number,Sekovici,F,Total,316
2013,Number,Sipovo,Both sexes,Total,843
2013,Number,Sipovo,M,Total,391
2013,Number,Sipovo,F,Total,452
2013,Number,Republika Srpska,Both sexes,Eyesight,43020
2013,Number,Republika Srpska,M,Eyesight,18052
2013,Number,Republika Srpska,F,Eyesight,24968
2013,Number,City of Banja Luka,Both sexes,Eyesight,5370
2013,Number,City of Banja Luka,M,Eyesight,2232
2013,Number,City of Banja Luka,F,Eyesight,3138
2013,Number,Berkovici,Both sexes,Eyesight,73
2013,Number,Berkovici,M,Eyesight,33
2013,Number,Berkovici,F,Eyesight,40
2013,Number,City of Bijeljina,Both sexes,Eyesight,3450
2013,Number,City of Bijeljina,M,Eyesight,1424
2013,Number,City of Bijeljina,F,Eyesight,2026
2013,Number,Bileca,Both sexes,Eyesight,375
2013,Number,Bileca,M,Eyesight,159
2013,Number,Bileca,F,Eyesight,216
2013,Number,Bratunac,Both sexes,Eyesight,791
2013,Number,Bratunac,M,Eyesight,328
2013,Number,Bratunac,F,Eyesight,463
2013,Number,Brod,Both sexes,Eyesight,596
2013,Number,Brod,M,Eyesight,252
2013,Number,Brod,F,Eyesight,344
2013,Number,Visegrad,Both sexes,Eyesight,409
2013,Number,Visegrad,M,Eyesight,162
2013,Number,Visegrad,F,Eyesight,247
2013,Number,Vlasenica,Both sexes,Eyesight,372
2013,Number,Vlasenica,M,Eyesight,171
2013,Number,Vlasenica,F,Eyesight,201
2013,Number,Vukosavlje,Both sexes,Eyesight,157
2013,Number,Vukosavlje,M,Eyesight,74
2013,Number,Vukosavlje,F,Eyesight,83
2013,Number,Gacko,Both sexes,Eyesight,245
2013,Number,Gacko,M,Eyesight,107
2013,Number,Gacko,F,Eyesight,138
2013,Number,City of Gradiska,Both sexes,Eyesight,1881
2013,Number,City of Gradiska,M,Eyesight,754
2013,Number,City of Gradiska,F,Eyesight,1127
2013,Number,City of Derventa,Both sexes,Eyesight,1172
2013,Number,City of Derventa,M,Eyesight,476
2013,Number,City of Derventa,F,Eyesight,696
2013,Number,City of Doboj,Both sexes,Eyesight,3265
2013,Number,City of Doboj,M,Eyesight,1332
2013,Number,City of Doboj,F,Eyesight,1933
2013,Number,Donji Zabar,Both sexes,Eyesight,122
2013,Number,Donji Zabar,M,Eyesight,50
2013,Number,Donji Zabar,F,Eyesight,72
2013,Number,City of Zvornik,Both sexes,Eyesight,1920
2013,Number,City of Zvornik,M,Eyesight,842
2013,Number,City of Zvornik,F,Eyesight,1078
2013,Number,East Ilidza,Both sexes,Eyesight,423
2013,Number,East Ilidza,M,Eyesight,183
2013,Number,East Ilidza,F,Eyesight,240
2013,Number,East Drvar,Both sexes,Eyesight,5
2013,Number,East Drvar,M,Eyesight,2
2013,Number,East Drvar,F,Eyesight,3
2013,Number,East Mostar,Both sexes,Eyesight,9
2013,Number,East Mostar,M,Eyesight,3
2013,Number,East Mostar,F,Eyesight,6
2013,Number,East Stari Grad,Both sexes,Eyesight,49
2013,Number,East Stari Grad,M,Eyesight,22
2013,Number,East Stari Grad,F,Eyesight,27
2013,Number,East Novo Sarajevo,Both sexes,Eyesight,255
2013,Number,East Novo Sarajevo,M,Eyesight,90
2013,Number,East Novo Sarajevo,F,Eyesight,165
2013,Number,Jezero,Both sexes,Eyesight,44
2013,Number,Jezero,M,Eyesight,18
2013,Number,Jezero,F,Eyesight,26
2013,Number,Kalinovik,Both sexes,Eyesight,87
2013,Number,Kalinovik,M,Eyesight,35
2013,Number,Kalinovik,F,Eyesight,52
2013,Number,Knezevo,Both sexes,Eyesight,355
2013,Number,Knezevo,M,Eyesight,159
2013,Number,Knezevo,F,Eyesight,196
2013,Number,Kozarska Dubica,Both sexes,Eyesight,788
2013,Number,Kozarska Dubica,M,Eyesight,329
2013,Number,Kozarska Dubica,F,Eyesight,459
2013,Number,Kostajnica,Both sexes,Eyesight,226
2013,Number,Kostajnica,M,Eyesight,104
2013,Number,Kostajnica,F,Eyesight,122
2013,Number,Kotor Varos,Both sexes,Eyesight,894
2013,Number,Kotor Varos,M,Eyesight,374
2013,Number,Kotor Varos,F,Eyesight,520
2013,Number,Krupa Na Uni,Both sexes,Eyesight,98
2013,Number,Krupa Na Uni,M,Eyesight,47
2013,Number,Krupa Na Uni,F,Eyesight,51
2013,Number,Kupres,Both sexes,Eyesight,12
2013,Number,Kupres,M,Eyesight,8
2013,Number,Kupres,F,Eyesight,4
2013,Number,Laktasi,Both sexes,Eyesight,1042
2013,Number,Laktasi,M,Eyesight,460
2013,Number,Laktasi,F,Eyesight,582
2013,Number,Lopare,Both sexes,Eyesight,691
2013,Number,Lopare,M,Eyesight,297
2013,Number,Lopare,F,Eyesight,394
2013,Number,Ljubinje,Both sexes,Eyesight,82
2013,Number,Ljubinje,M,Eyesight,36
2013,Number,Ljubinje,F,Eyesight,46
2013,Number,Milici,Both sexes,Eyesight,390
2013,Number,Milici,M,Eyesight,165
2013,Number,Milici,F,Eyesight,225
2013,Number,Modrica,Both sexes,Eyesight,990
2013,Number,Modrica,M,Eyesight,443
2013,Number,Modrica,F,Eyesight,547
2013,Number,Mrkonjic Grad,Both sexes,Eyesight,524
2013,Number,Mrkonjic Grad,M,Eyesight,227
2013,Number,Mrkonjic Grad,F,Eyesight,297
2013,Number,Nevesinje,Both sexes,Eyesight,401
2013,Number,Nevesinje,M,Eyesight,187
2013,Number,Nevesinje,F,Eyesight,214
2013,Number,Novi Grad,Both sexes,Eyesight,1236
2013,Number,Novi Grad,M,Eyesight,483
2013,Number,Novi Grad,F,Eyesight,753
2013,Number,Novo Gorazde,Both sexes,Eyesight,86
2013,Number,Novo Gorazde,M,Eyesight,35
2013,Number,Novo Gorazde,F,Eyesight,51
2013,Number,Osmaci,Both sexes,Eyesight,243
2013,Number,Osmaci,M,Eyesight,102
2013,Number,Osmaci,F,Eyesight,141
2013,Number,Ostra Luka,Both sexes,Eyesight,176
2013,Number,Ostra Luka,M,Eyesight,88
2013,Number,Ostra Luka,F,Eyesight,88
2013,Number,Pale,Both sexes,Eyesight,492
2013,Number,Pale,M,Eyesight,213
2013,Number,Pale,F,Eyesight,279
2013,Number,Pelagicevo,Both sexes,Eyesight,310
2013,Number,Pelagicevo,M,Eyesight,132
2013,Number,Pelagicevo,F,Eyesight,178
2013,Number,Petrovac,Both sexes,Eyesight,6
2013,Number,Petrovac,M,Eyesight,2
2013,Number,Petrovac,F,Eyesight,4
2013,Number,Petrovo,Both sexes,Eyesight,433
2013,Number,Petrovo,M,Eyesight,178
2013,Number,Petrovo,F,Eyesight,255
2013,Number,City of Prijedor,Both sexes,Eyesight,2857
2013,Number,City of Prijedor,M,Eyesight,1209
2013,Number,City of Prijedor,F,Eyesight,1648
2013,Number,Prnjavor,Both sexes,Eyesight,1364
2013,Number,Prnjavor,M,Eyesight,564
2013,Number,Prnjavor,F,Eyesight,800
2013,Number,Ribnik,Both sexes,Eyesight,293
2013,Number,Ribnik,M,Eyesight,137
2013,Number,Ribnik,F,Eyesight,156
2013,Number,Rogatica,Both sexes,Eyesight,418
2013,Number,Rogatica,M,Eyesight,174
2013,Number,Rogatica,F,Eyesight,244
2013,Number,Rudo,Both sexes,Eyesight,231
2013,Number,Rudo,M,Eyesight,98
2013,Number,Rudo,F,Eyesight,133
2013,Number,Sokolac,Both sexes,Eyesight,368
2013,Number,Sokolac,M,Eyesight,161
2013,Number,Sokolac,F,Eyesight,207
2013,Number,Srbac,Both sexes,Eyesight,684
2013,Number,Srbac,M,Eyesight,291
2013,Number,Srbac,F,Eyesight,393
2013,Number,Srebrenica,Both sexes,Eyesight,487
2013,Number,Srebrenica,M,Eyesight,176
2013,Number,Srebrenica,F,Eyesight,311
2013,Number,Teslic,Both sexes,Eyesight,1451
2013,Number,Teslic,M,Eyesight,633
2013,Number,Teslic,F,Eyesight,818
2013,Number,City of Trebinje,Both sexes,Eyesight,736
2013,Number,City of Trebinje,M,Eyesight,297
2013,Number,City of Trebinje,F,Eyesight,439
2013,Number,Trnovo,Both sexes,Eyesight,62
2013,Number,Trnovo,M,Eyesight,25
2013,Number,Trnovo,F,Eyesight,37
2013,Number,Ugljevik,Both sexes,Eyesight,488
2013,Number,Ugljevik,M,Eyesight,202
2013,Number,Ugljevik,F,Eyesight,286
2013,Number,Foca,Both sexes,Eyesight,605
2013,Number,Foca,M,Eyesight,263
2013,Number,Foca,F,Eyesight,342
2013,Number,Han Pijesak,Both sexes,Eyesight,102
2013,Number,Han Pijesak,M,Eyesight,36
2013,Number,Han Pijesak,F,Eyesight,66
2013,Number,Cajnice,Both sexes,Eyesight,219
2013,Number,Cajnice,M,Eyesight,93
2013,Number,Cajnice,F,Eyesight,126
2013,Number,Celinac,Both sexes,Eyesight,752
2013,Number,Celinac,M,Eyesight,313
2013,Number,Celinac,F,Eyesight,439
2013,Number,Samac,Both sexes,Eyesight,679
2013,Number,Samac,M,Eyesight,277
2013,Number,Samac,F,Eyesight,402
2013,Number,Sekovici,Both sexes,Eyesight,307
2013,Number,Sekovici,M,Eyesight,130
2013,Number,Sekovici,F,Eyesight,177
2013,Number,Sipovo,Both sexes,Eyesight,372
2013,Number,Sipovo,M,Eyesight,155
2013,Number,Sipovo,F,Eyesight,217
2013,Number,Republika Srpska,Both sexes,Hearing,26055
2013,Number,Republika Srpska,M,Hearing,12971
2013,Number,Republika Srpska,F,Hearing,13084
2013,Number,City of Banja Luka,Both sexes,Hearing,3262
2013,Number,City of Banja Luka,M,Hearing,1678
2013,Number,City of Banja Luka,F,Hearing,1584
2013,Number,Berkovici,Both sexes,Hearing,48
2013,Number,Berkovici,M,Hearing,28
2013,Number,Berkovici,F,Hearing,20
2013,Number,City of Bijeljina,Both sexes,Hearing,2026
2013,Number,City of Bijeljina,M,Hearing,1028
2013,Number,City of Bijeljina,F,Hearing,998
2013,Number,Bileca,Both sexes,Hearing,240
2013,Number,Bileca,M,Hearing,122
2013,Number,Bileca,F,Hearing,118
2013,Number,Bratunac,Both sexes,Hearing,420
2013,Number,Bratunac,M,Hearing,196
2013,Number,Bratunac,F,Hearing,224
2013,Number,Brod,Both sexes,Hearing,322
2013,Number,Brod,M,Hearing,168
2013,Number,Brod,F,Hearing,154
2013,Number,Visegrad,Both sexes,Hearing,276
2013,Number,Visegrad,M,Hearing,128
2013,Number,Visegrad,F,Hearing,148
2013,Number,Vlasenica,Both sexes,Hearing,236
2013,Number,Vlasenica,M,Hearing,117
2013,Number,Vlasenica,F,Hearing,119
2013,Number,Vukosavlje,Both sexes,Hearing,107
2013,Number,Vukosavlje,M,Hearing,49
2013,Number,Vukosavlje,F,Hearing,58
2013,Number,Gacko,Both sexes,Hearing,172
2013,Number,Gacko,M,Hearing,80
2013,Number,Gacko,F,Hearing,92
2013,Number,City of Gradiska,Both sexes,Hearing,1110
2013,Number,City of Gradiska,M,Hearing,525
2013,Number,City of Gradiska,F,Hearing,585
2013,Number,City of Derventa,Both sexes,Hearing,655
2013,Number,City of Derventa,M,Hearing,320
2013,Number,City of Derventa,F,Hearing,335
2013,Number,City of Doboj,Both sexes,Hearing,1902
2013,Number,City of Doboj,M,Hearing,925
2013,Number,City of Doboj,F,Hearing,977
2013,Number,Donji Zabar,Both sexes,Hearing,81
2013,Number,Donji Zabar,M,Hearing,50
2013,Number,Donji Zabar,F,Hearing,31
2013,Number,City of Zvornik,Both sexes,Hearing,1157
2013,Number,City of Zvornik,M,Hearing,580
2013,Number,City of Zvornik,F,Hearing,577
2013,Number,East Ilidza,Both sexes,Hearing,267
2013,Number,East Ilidza,M,Hearing,123
2013,Number,East Ilidza,F,Hearing,144
2013,Number,East Drvar,Both sexes,Hearing,4
2013,Number,East Drvar,M,Hearing,1
2013,Number,East Drvar,F,Hearing,3
2013,Number,East Mostar,Both sexes,Hearing,7
2013,Number,East Mostar,M,Hearing,1
2013,Number,East Mostar,F,Hearing,6
2013,Number,East Stari Grad,Both sexes,Hearing,29
2013,Number,East Stari Grad,M,Hearing,15
2013,Number,East Stari Grad,F,Hearing,14
2013,Number,East Novo Sarajevo,Both sexes,Hearing,153
2013,Number,East Novo Sarajevo,M,Hearing,76
2013,Number,East Novo Sarajevo,F,Hearing,77
2013,Number,Jezero,Both sexes,Hearing,34
2013,Number,Jezero,M,Hearing,18
2013,Number,Jezero,F,Hearing,16
2013,Number,Kalinovik,Both sexes,Hearing,56
2013,Number,Kalinovik,M,Hearing,25
2013,Number,Kalinovik,F,Hearing,31
2013,Number,Knezevo,Both sexes,Hearing,251
2013,Number,Knezevo,M,Hearing,127
2013,Number,Knezevo,F,Hearing,124
2013,Number,Kozarska Dubica,Both sexes,Hearing,490
2013,Number,Kozarska Dubica,M,Hearing,237
2013,Number,Kozarska Dubica,F,Hearing,253
2013,Number,Kostajnica,Both sexes,Hearing,123
2013,Number,Kostajnica,M,Hearing,65
2013,Number,Kostajnica,F,Hearing,58
2013,Number,Kotor Varos,Both sexes,Hearing,485
2013,Number,Kotor Varos,M,Hearing,244
2013,Number,Kotor Varos,F,Hearing,241
2013,Number,Krupa Na Uni,Both sexes,Hearing,59
2013,Number,Krupa Na Uni,M,Hearing,36
2013,Number,Krupa Na Uni,F,Hearing,23
2013,Number,Kupres,Both sexes,Hearing,14
2013,Number,Kupres,M,Hearing,10
2013,Number,Kupres,F,Hearing,4
2013,Number,Laktasi,Both sexes,Hearing,610
2013,Number,Laktasi,M,Hearing,322
2013,Number,Laktasi,F,Hearing,288
2013,Number,Lopare,Both sexes,Hearing,400
2013,Number,Lopare,M,Hearing,187
2013,Number,Lopare,F,Hearing,213
2013,Number,Ljubinje,Both sexes,Hearing,68
2013,Number,Ljubinje,M,Hearing,33
2013,Number,Ljubinje,F,Hearing,35
2013,Number,Milici,Both sexes,Hearing,209
2013,Number,Milici,M,Hearing,98
2013,Number,Milici,F,Hearing,111
2013,Number,Modrica,Both sexes,Hearing,623
2013,Number,Modrica,M,Hearing,318
2013,Number,Modrica,F,Hearing,305
2013,Number,Mrkonjic Grad,Both sexes,Hearing,388
2013,Number,Mrkonjic Grad,M,Hearing,188
2013,Number,Mrkonjic Grad,F,Hearing,200
2013,Number,Nevesinje,Both sexes,Hearing,254
2013,Number,Nevesinje,M,Hearing,119
2013,Number,Nevesinje,F,Hearing,135
2013,Number,Novi Grad,Both sexes,Hearing,706
2013,Number,Novi Grad,M,Hearing,334
2013,Number,Novi Grad,F,Hearing,372
2013,Number,Novo Gorazde,Both sexes,Hearing,57
2013,Number,Novo Gorazde,M,Hearing,31
2013,Number,Novo Gorazde,F,Hearing,26
2013,Number,Osmaci,Both sexes,Hearing,144
2013,Number,Osmaci,M,Hearing,71
2013,Number,Osmaci,F,Hearing,73
2013,Number,Ostra Luka,Both sexes,Hearing,97
2013,Number,Ostra Luka,M,Hearing,65
2013,Number,Ostra Luka,F,Hearing,32
2013,Number,Pale,Both sexes,Hearing,318
2013,Number,Pale,M,Hearing,164
2013,Number,Pale,F,Hearing,154
2013,Number,Pelagicevo,Both sexes,Hearing,167
2013,Number,Pelagicevo,M,Hearing,74
2013,Number,Pelagicevo,F,Hearing,93
2013,Number,Petrovac,Both sexes,Hearing,4
2013,Number,Petrovac,M,Hearing,1
2013,Number,Petrovac,F,Hearing,3
2013,Number,Petrovo,Both sexes,Hearing,257
2013,Number,Petrovo,M,Hearing,134
2013,Number,Petrovo,F,Hearing,123
2013,Number,City of Prijedor,Both sexes,Hearing,1805
2013,Number,City of Prijedor,M,Hearing,944
2013,Number,City of Prijedor,F,Hearing,861
2013,Number,Prnjavor,Both sexes,Hearing,812
2013,Number,Prnjavor,M,Hearing,383
2013,Number,Prnjavor,F,Hearing,429
2013,Number,Ribnik,Both sexes,Hearing,199
2013,Number,Ribnik,M,Hearing,97
2013,Number,Ribnik,F,Hearing,102
2013,Number,Rogatica,Both sexes,Hearing,307
2013,Number,Rogatica,M,Hearing,150
2013,Number,Rogatica,F,Hearing,157
2013,Number,Rudo,Both sexes,Hearing,169
2013,Number,Rudo,M,Hearing,83
2013,Number,Rudo,F,Hearing,86
2013,Number,Sokolac,Both sexes,Hearing,257
2013,Number,Sokolac,M,Hearing,121
2013,Number,Sokolac,F,Hearing,136
2013,Number,Srbac,Both sexes,Hearing,423
2013,Number,Srbac,M,Hearing,212
2013,Number,Srbac,F,Hearing,211
2013,Number,Srebrenica,Both sexes,Hearing,229
2013,Number,Srebrenica,M,Hearing,109
2013,Number,Srebrenica,F,Hearing,120
2013,Number,Teslic,Both sexes,Hearing,881
2013,Number,Teslic,M,Hearing,435
2013,Number,Teslic,F,Hearing,446
2013,Number,City of Trebinje,Both sexes,Hearing,461
2013,Number,City of Trebinje,M,Hearing,227
2013,Number,City of Trebinje,F,Hearing,234
2013,Number,Trnovo,Both sexes,Hearing,46
2013,Number,Trnovo,M,Hearing,22
2013,Number,Trnovo,F,Hearing,24
2013,Number,Ugljevik,Both sexes,Hearing,257
2013,Number,Ugljevik,M,Hearing,117
2013,Number,Ugljevik,F,Hearing,140
2013,Number,Foca,Both sexes,Hearing,430
2013,Number,Foca,M,Hearing,216
2013,Number,Foca,F,Hearing,214
2013,Number,Han Pijesak,Both sexes,Hearing,68
2013,Number,Han Pijesak,M,Hearing,28
2013,Number,Han Pijesak,F,Hearing,40
2013,Number,Cajnice,Both sexes,Hearing,135
2013,Number,Cajnice,M,Hearing,66
2013,Number,Cajnice,F,Hearing,69
2013,Number,Celinac,Both sexes,Hearing,457
2013,Number,Celinac,M,Hearing,233
2013,Number,Celinac,F,Hearing,224
2013,Number,Samac,Both sexes,Hearing,419
2013,Number,Samac,M,Hearing,217
2013,Number,Samac,F,Hearing,202
2013,Number,Sekovici,Both sexes,Hearing,193
2013,Number,Sekovici,M,Hearing,96
2013,Number,Sekovici,F,Hearing,97
2013,Number,Sipovo,Both sexes,Hearing,219
2013,Number,Sipovo,M,Hearing,104
2013,Number,Sipovo,F,Hearing,115
2013,Number,Republika Srpska,Both sexes,Walking,63381
2013,Number,Republika Srpska,M,Walking,26903
2013,Number,Republika Srpska,F,Walking,36478
2013,Number,City of Banja Luka,Both sexes,Walking,8456
2013,Number,City of Banja Luka,M,Walking,3667
2013,Number,City of Banja Luka,F,Walking,4789
2013,Number,Berkovici,Both sexes,Walking,109
2013,Number,Berkovici,M,Walking,45
2013,Number,Berkovici,F,Walking,64
2013,Number,City of Bijeljina,Both sexes,Walking,5530
2013,Number,City of Bijeljina,M,Walking,2356
2013,Number,City of Bijeljina,F,Walking,3174
2013,Number,Bileca,Both sexes,Walking,533
2013,Number,Bileca,M,Walking,193
2013,Number,Bileca,F,Walking,340
2013,Number,Bratunac,Both sexes,Walking,835
2013,Number,Bratunac,M,Walking,372
2013,Number,Bratunac,F,Walking,463
2013,Number,Brod,Both sexes,Walking,892
2013,Number,Brod,M,Walking,392
2013,Number,Brod,F,Walking,500
2013,Number,Visegrad,Both sexes,Walking,598
2013,Number,Visegrad,M,Walking,227
2013,Number,Visegrad,F,Walking,371
2013,Number,Vlasenica,Both sexes,Walking,440
2013,Number,Vlasenica,M,Walking,211
2013,Number,Vlasenica,F,Walking,229
2013,Number,Vukosavlje,Both sexes,Walking,286
2013,Number,Vukosavlje,M,Walking,130
2013,Number,Vukosavlje,F,Walking,156
2013,Number,Gacko,Both sexes,Walking,385
2013,Number,Gacko,M,Walking,152
2013,Number,Gacko,F,Walking,233
2013,Number,City of Gradiska,Both sexes,Walking,2675
2013,Number,City of Gradiska,M,Walking,1074
2013,Number,City of Gradiska,F,Walking,1601
2013,Number,City of Derventa,Both sexes,Walking,1590
2013,Number,City of Derventa,M,Walking,695
2013,Number,City of Derventa,F,Walking,895
2013,Number,City of Doboj,Both sexes,Walking,4793
2013,Number,City of Doboj,M,Walking,1953
2013,Number,City of Doboj,F,Walking,2840
2013,Number,Donji Zabar,Both sexes,Walking,182
2013,Number,Donji Zabar,M,Walking,76
2013,Number,Donji Zabar,F,Walking,106
2013,Number,City of Zvornik,Both sexes,Walking,2535
2013,Number,City of Zvornik,M,Walking,1092
2013,Number,City of Zvornik,F,Walking,1443
2013,Number,East Ilidza,Both sexes,Walking,644
2013,Number,East Ilidza,M,Walking,267
2013,Number,East Ilidza,F,Walking,377
2013,Number,East Drvar,Both sexes,Walking,7
2013,Number,East Drvar,M,Walking,4
2013,Number,East Drvar,F,Walking,3
2013,Number,East Mostar,Both sexes,Walking,8
2013,Number,East Mostar,M,Walking,2
2013,Number,East Mostar,F,Walking,6
2013,Number,East Stari Grad,Both sexes,Walking,53
2013,Number,East Stari Grad,M,Walking,22
2013,Number,East Stari Grad,F,Walking,31
2013,Number,East Novo Sarajevo,Both sexes,Walking,380
2013,Number,East Novo Sarajevo,M,Walking,163
2013,Number,East Novo Sarajevo,F,Walking,217
2013,Number,Jezero,Both sexes,Walking,60
2013,Number,Jezero,M,Walking,29
2013,Number,Jezero,F,Walking,31
2013,Number,Kalinovik,Both sexes,Walking,132
2013,Number,Kalinovik,M,Walking,54
2013,Number,Kalinovik,F,Walking,78
2013,Number,Knezevo,Both sexes,Walking,568
2013,Number,Knezevo,M,Walking,255
2013,Number,Knezevo,F,Walking,313
2013,Number,Kozarska Dubica,Both sexes,Walking,1369
2013,Number,Kozarska Dubica,M,Walking,549
2013,Number,Kozarska Dubica,F,Walking,820
2013,Number,Kostajnica,Both sexes,Walking,312
2013,Number,Kostajnica,M,Walking,133
2013,Number,Kostajnica,F,Walking,179
2013,Number,Kotor Varos,Both sexes,Walking,1074
2013,Number,Kotor Varos,M,Walking,475
2013,Number,Kotor Varos,F,Walking,599
2013,Number,Krupa Na Uni,Both sexes,Walking,112
2013,Number,Krupa Na Uni,M,Walking,43
2013,Number,Krupa Na Uni,F,Walking,69
2013,Number,Kupres,Both sexes,Walking,33
2013,Number,Kupres,M,Walking,18
2013,Number,Kupres,F,Walking,15
2013,Number,Laktasi,Both sexes,Walking,1426
2013,Number,Laktasi,M,Walking,650
2013,Number,Laktasi,F,Walking,776
2013,Number,Lopare,Both sexes,Walking,984
2013,Number,Lopare,M,Walking,447
2013,Number,Lopare,F,Walking,537
2013,Number,Ljubinje,Both sexes,Walking,119
2013,Number,Ljubinje,M,Walking,48
2013,Number,Ljubinje,F,Walking,71
2013,Number,Milici,Both sexes,Walking,508
2013,Number,Milici,M,Walking,224
2013,Number,Milici,F,Walking,284
2013,Number,Modrica,Both sexes,Walking,1527
2013,Number,Modrica,M,Walking,635
2013,Number,Modrica,F,Walking,892
2013,Number,Mrkonjic Grad,Both sexes,Walking,798
2013,Number,Mrkonjic Grad,M,Walking,355
2013,Number,Mrkonjic Grad,F,Walking,443
2013,Number,Nevesinje,Both sexes,Walking,551
2013,Number,Nevesinje,M,Walking,209
2013,Number,Nevesinje,F,Walking,342
2013,Number,Novi Grad,Both sexes,Walking,1711
2013,Number,Novi Grad,M,Walking,700
2013,Number,Novi Grad,F,Walking,1011
2013,Number,Novo Gorazde,Both sexes,Walking,135
2013,Number,Novo Gorazde,M,Walking,61
2013,Number,Novo Gorazde,F,Walking,74
2013,Number,Osmaci,Both sexes,Walking,288
2013,Number,Osmaci,M,Walking,125
2013,Number,Osmaci,F,Walking,163
2013,Number,Ostra Luka,Both sexes,Walking,224
2013,Number,Ostra Luka,M,Walking,99
2013,Number,Ostra Luka,F,Walking,125
2013,Number,Pale,Both sexes,Walking,822
2013,Number,Pale,M,Walking,366
2013,Number,Pale,F,Walking,456
2013,Number,Pelagicevo,Both sexes,Walking,445
2013,Number,Pelagicevo,M,Walking,165
2013,Number,Pelagicevo,F,Walking,280
2013,Number,Petrovac,Both sexes,Walking,8
2013,Number,Petrovac,M,Walking,5
2013,Number,Petrovac,F,Walking,3
2013,Number,Petrovo,Both sexes,Walking,602
2013,Number,Petrovo,M,Walking,231
2013,Number,Petrovo,F,Walking,371
2013,Number,City of Prijedor,Both sexes,Walking,4451
2013,Number,City of Prijedor,M,Walking,1891
2013,Number,City of Prijedor,F,Walking,2560
2013,Number,Prnjavor,Both sexes,Walking,2094
2013,Number,Prnjavor,M,Walking,860
2013,Number,Prnjavor,F,Walking,1234
2013,Number,Ribnik,Both sexes,Walking,438
2013,Number,Ribnik,M,Walking,182
2013,Number,Ribnik,F,Walking,256
2013,Number,Rogatica,Both sexes,Walking,640
2013,Number,Rogatica,M,Walking,264
2013,Number,Rogatica,F,Walking,376
2013,Number,Rudo,Both sexes,Walking,399
2013,Number,Rudo,M,Walking,165
2013,Number,Rudo,F,Walking,234
2013,Number,Sokolac,Both sexes,Walking,600
2013,Number,Sokolac,M,Walking,248
2013,Number,Sokolac,F,Walking,352
2013,Number,Srbac,Both sexes,Walking,910
2013,Number,Srbac,M,Walking,412
2013,Number,Srbac,F,Walking,498
2013,Number,Srebrenica,Both sexes,Walking,621
2013,Number,Srebrenica,M,Walking,256
2013,Number,Srebrenica,F,Walking,365
2013,Number,Teslic,Both sexes,Walking,2201
2013,Number,Teslic,M,Walking,973
2013,Number,Teslic,F,Walking,1228
2013,Number,City of Trebinje,Both sexes,Walking,1198
2013,Number,City of Trebinje,M,Walking,489
2013,Number,City of Trebinje,F,Walking,709
2013,Number,Trnovo,Both sexes,Walking,104
2013,Number,Trnovo,M,Walking,41
2013,Number,Trnovo,F,Walking,63
2013,Number,Ugljevik,Both sexes,Walking,734
2013,Number,Ugljevik,M,Walking,312
2013,Number,Ugljevik,F,Walking,422
2013,Number,Foca,Both sexes,Walking,945
2013,Number,Foca,M,Walking,438
2013,Number,Foca,F,Walking,507
2013,Number,Han Pijesak,Both sexes,Walking,187
2013,Number,Han Pijesak,M,Walking,65
2013,Number,Han Pijesak,F,Walking,122
2013,Number,Cajnice,Both sexes,Walking,262
2013,Number,Cajnice,M,Walking,108
2013,Number,Cajnice,F,Walking,154
2013,Number,Celinac,Both sexes,Walking,1038
2013,Number,Celinac,M,Walking,469
2013,Number,Celinac,F,Walking,569
2013,Number,Samac,Both sexes,Walking,1041
2013,Number,Samac,M,Walking,413
2013,Number,Samac,F,Walking,628
2013,Number,Sekovici,Both sexes,Walking,283
2013,Number,Sekovici,M,Walking,125
2013,Number,Sekovici,F,Walking,158
2013,Number,Sipovo,Both sexes,Walking,496
2013,Number,Sipovo,M,Walking,223
2013,Number,Sipovo,F,Walking,273
2013,Number,Republika Srpska,Both sexes,Memory,18330
2013,Number,Republika Srpska,M,Memory,8168
2013,Number,Republika Srpska,F,Memory,10162
2013,Number,City of Banja Luka,Both sexes,Memory,2300
2013,Number,City of Banja Luka,M,Memory,1087
2013,Number,City of Banja Luka,F,Memory,1213
2013,Number,Berkovici,Both sexes,Memory,35
2013,Number,Berkovici,M,Memory,13
2013,Number,Berkovici,F,Memory,22
2013,Number,City of Bijeljina,Both sexes,Memory,1415
2013,Number,City of Bijeljina,M,Memory,630
2013,Number,City of Bijeljina,F,Memory,785
2013,Number,Bileca,Both sexes,Memory,126
2013,Number,Bileca,M,Memory,61
2013,Number,Bileca,F,Memory,65
2013,Number,Bratunac,Both sexes,Memory,290
2013,Number,Bratunac,M,Memory,116
2013,Number,Bratunac,F,Memory,174
2013,Number,Brod,Both sexes,Memory,239
2013,Number,Brod,M,Memory,104
2013,Number,Brod,F,Memory,135
2013,Number,Visegrad,Both sexes,Memory,309
2013,Number,Visegrad,M,Memory,75
2013,Number,Visegrad,F,Memory,234
2013,Number,Vlasenica,Both sexes,Memory,137
2013,Number,Vlasenica,M,Memory,60
2013,Number,Vlasenica,F,Memory,77
2013,Number,Vukosavlje,Both sexes,Memory,74
2013,Number,Vukosavlje,M,Memory,37
2013,Number,Vukosavlje,F,Memory,37
2013,Number,Gacko,Both sexes,Memory,90
2013,Number,Gacko,M,Memory,42
2013,Number,Gacko,F,Memory,48
2013,Number,City of Gradiska,Both sexes,Memory,831
2013,Number,City of Gradiska,M,Memory,338
2013,Number,City of Gradiska,F,Memory,493
2013,Number,City of Derventa,Both sexes,Memory,455
2013,Number,City of Derventa,M,Memory,195
2013,Number,City of Derventa,F,Memory,260
2013,Number,City of Doboj,Both sexes,Memory,1369
2013,Number,City of Doboj,M,Memory,596
2013,Number,City of Doboj,F,Memory,773
2013,Number,Donji Zabar,Both sexes,Memory,40
2013,Number,Donji Zabar,M,Memory,19
2013,Number,Donji Zabar,F,Memory,21
2013,Number,City of Zvornik,Both sexes,Memory,762
2013,Number,City of Zvornik,M,Memory,330
2013,Number,City of Zvornik,F,Memory,432
2013,Number,East Ilidza,Both sexes,Memory,149
2013,Number,East Ilidza,M,Memory,64
2013,Number,East Ilidza,F,Memory,85
2013,Number,East Drvar,Both sexes,Memory,1
2013,Number,East Drvar,M,Memory,0
2013,Number,East Drvar,F,Memory,1
2013,Number,East Mostar,Both sexes,Memory,3
2013,Number,East Mostar,M,Memory,2
2013,Number,East Mostar,F,Memory,1
2013,Number,East Stari Grad,Both sexes,Memory,20
2013,Number,East Stari Grad,M,Memory,9
2013,Number,East Stari Grad,F,Memory,11
2013,Number,East Novo Sarajevo,Both sexes,Memory,104
2013,Number,East Novo Sarajevo,M,Memory,49
2013,Number,East Novo Sarajevo,F,Memory,55
2013,Number,Jezero,Both sexes,Memory,27
2013,Number,Jezero,M,Memory,15
2013,Number,Jezero,F,Memory,12
2013,Number,Kalinovik,Both sexes,Memory,27
2013,Number,Kalinovik,M,Memory,10
2013,Number,Kalinovik,F,Memory,17
2013,Number,Knezevo,Both sexes,Memory,238
2013,Number,Knezevo,M,Memory,113
2013,Number,Knezevo,F,Memory,125
2013,Number,Kozarska Dubica,Both sexes,Memory,331
2013,Number,Kozarska Dubica,M,Memory,154
2013,Number,Kozarska Dubica,F,Memory,177
2013,Number,Kostajnica,Both sexes,Memory,98
2013,Number,Kostajnica,M,Memory,41
2013,Number,Kostajnica,F,Memory,57
2013,Number,Kotor Varos,Both sexes,Memory,339
2013,Number,Kotor Varos,M,Memory,154
2013,Number,Kotor Varos,F,Memory,185
2013,Number,Krupa Na Uni,Both sexes,Memory,40
2013,Number,Krupa Na Uni,M,Memory,19
2013,Number,Krupa Na Uni,F,Memory,21
2013,Number,Kupres,Both sexes,Memory,13
2013,Number,Kupres,M,Memory,9
2013,Number,Kupres,F,Memory,4
2013,Number,Laktasi,Both sexes,Memory,410
2013,Number,Laktasi,M,Memory,204
2013,Number,Laktasi,F,Memory,206
2013,Number,Lopare,Both sexes,Memory,281
2013,Number,Lopare,M,Memory,140
2013,Number,Lopare,F,Memory,141
2013,Number,Ljubinje,Both sexes,Memory,44
2013,Number,Ljubinje,M,Memory,17
2013,Number,Ljubinje,F,Memory,27
2013,Number,Milici,Both sexes,Memory,158
2013,Number,Milici,M,Memory,64
2013,Number,Milici,F,Memory,94
2013,Number,Modrica,Both sexes,Memory,478
2013,Number,Modrica,M,Memory,194
2013,Number,Modrica,F,Memory,284
2013,Number,Mrkonjic Grad,Both sexes,Memory,228
2013,Number,Mrkonjic Grad,M,Memory,98
2013,Number,Mrkonjic Grad,F,Memory,130
2013,Number,Nevesinje,Both sexes,Memory,144
2013,Number,Nevesinje,M,Memory,55
2013,Number,Nevesinje,F,Memory,89
2013,Number,Novi Grad,Both sexes,Memory,475
2013,Number,Novi Grad,M,Memory,223
2013,Number,Novi Grad,F,Memory,252
2013,Number,Novo Gorazde,Both sexes,Memory,36
2013,Number,Novo Gorazde,M,Memory,13
2013,Number,Novo Gorazde,F,Memory,23
2013,Number,Osmaci,Both sexes,Memory,95
2013,Number,Osmaci,M,Memory,43
2013,Number,Osmaci,F,Memory,52
2013,Number,Ostra Luka,Both sexes,Memory,60
2013,Number,Ostra Luka,M,Memory,30
2013,Number,Ostra Luka,F,Memory,30
2013,Number,Pale,Both sexes,Memory,212
2013,Number,Pale,M,Memory,91
2013,Number,Pale,F,Memory,121
2013,Number,Pelagicevo,Both sexes,Memory,133
2013,Number,Pelagicevo,M,Memory,65
2013,Number,Pelagicevo,F,Memory,68
2013,Number,Petrovac,Both sexes,Memory,3
2013,Number,Petrovac,M,Memory,1
2013,Number,Petrovac,F,Memory,2
2013,Number,Petrovo,Both sexes,Memory,150
2013,Number,Petrovo,M,Memory,62
2013,Number,Petrovo,F,Memory,88
2013,Number,City of Prijedor,Both sexes,Memory,1532
2013,Number,City of Prijedor,M,Memory,766
2013,Number,City of Prijedor,F,Memory,766
2013,Number,Prnjavor,Both sexes,Memory,567
2013,Number,Prnjavor,M,Memory,240
2013,Number,Prnjavor,F,Memory,327
2013,Number,Ribnik,Both sexes,Memory,123
2013,Number,Ribnik,M,Memory,56
2013,Number,Ribnik,F,Memory,67
2013,Number,Rogatica,Both sexes,Memory,169
2013,Number,Rogatica,M,Memory,72
2013,Number,Rogatica,F,Memory,97
2013,Number,Rudo,Both sexes,Memory,123
2013,Number,Rudo,M,Memory,53
2013,Number,Rudo,F,Memory,70
2013,Number,Sokolac,Both sexes,Memory,164
2013,Number,Sokolac,M,Memory,64
2013,Number,Sokolac,F,Memory,100
2013,Number,Srbac,Both sexes,Memory,316
2013,Number,Srbac,M,Memory,148
2013,Number,Srbac,F,Memory,168
2013,Number,Srebrenica,Both sexes,Memory,218
2013,Number,Srebrenica,M,Memory,82
2013,Number,Srebrenica,F,Memory,136
2013,Number,Teslic,Both sexes,Memory,644
2013,Number,Teslic,M,Memory,272
2013,Number,Teslic,F,Memory,372
2013,Number,City of Trebinje,Both sexes,Memory,313
2013,Number,City of Trebinje,M,Memory,143
2013,Number,City of Trebinje,F,Memory,170
2013,Number,Trnovo,Both sexes,Memory,39
2013,Number,Trnovo,M,Memory,22
2013,Number,Trnovo,F,Memory,17
2013,Number,Ugljevik,Both sexes,Memory,191
2013,Number,Ugljevik,M,Memory,78
2013,Number,Ugljevik,F,Memory,113
2013,Number,Foca,Both sexes,Memory,265
2013,Number,Foca,M,Memory,126
2013,Number,Foca,F,Memory,139
2013,Number,Han Pijesak,Both sexes,Memory,49
2013,Number,Han Pijesak,M,Memory,15
2013,Number,Han Pijesak,F,Memory,34
2013,Number,Cajnice,Both sexes,Memory,67
2013,Number,Cajnice,M,Memory,30
2013,Number,Cajnice,F,Memory,37
2013,Number,Celinac,Both sexes,Memory,298
2013,Number,Celinac,M,Memory,150
2013,Number,Celinac,F,Memory,148
2013,Number,Samac,Both sexes,Memory,252
2013,Number,Samac,M,Memory,110
2013,Number,Samac,F,Memory,142
2013,Number,Sekovici,Both sexes,Memory,94
2013,Number,Sekovici,M,Memory,38
2013,Number,Sekovici,F,Memory,56
2013,Number,Sipovo,Both sexes,Memory,137
2013,Number,Sipovo,M,Memory,61
2013,Number,Sipovo,F,Memory,76
2013,Number,Republika Srpska,Both sexes,Dressing,13502
2013,Number,Republika Srpska,M,Dressing,5773
2013,Number,Republika Srpska,F,Dressing,7729
2013,Number,City of Banja Luka,Both sexes,Dressing,1717
2013,Number,City of Banja Luka,M,Dressing,774
2013,Number,City of Banja Luka,F,Dressing,943
2013,Number,Berkovici,Both sexes,Dressing,29
2013,Number,Berkovici,M,Dressing,11
2013,Number,Berkovici,F,Dressing,18
2013,Number,City of Bijeljina,Both sexes,Dressing,1050
2013,Number,City of Bijeljina,M,Dressing,468
2013,Number,City of Bijeljina,F,Dressing,582
2013,Number,Bileca,Both sexes,Dressing,107
2013,Number,Bileca,M,Dressing,44
2013,Number,Bileca,F,Dressing,63
2013,Number,Bratunac,Both sexes,Dressing,172
2013,Number,Bratunac,M,Dressing,76
2013,Number,Bratunac,F,Dressing,96
2013,Number,Brod,Both sexes,Dressing,143
2013,Number,Brod,M,Dressing,55
2013,Number,Brod,F,Dressing,88
2013,Number,Visegrad,Both sexes,Dressing,232
2013,Number,Visegrad,M,Dressing,60
2013,Number,Visegrad,F,Dressing,172
2013,Number,Vlasenica,Both sexes,Dressing,104
2013,Number,Vlasenica,M,Dressing,49
2013,Number,Vlasenica,F,Dressing,55
2013,Number,Vukosavlje,Both sexes,Dressing,53
2013,Number,Vukosavlje,M,Dressing,30
2013,Number,Vukosavlje,F,Dressing,23
2013,Number,Gacko,Both sexes,Dressing,74
2013,Number,Gacko,M,Dressing,25
2013,Number,Gacko,F,Dressing,49
2013,Number,City of Gradiska,Both sexes,Dressing,617
2013,Number,City of Gradiska,M,Dressing,252
2013,Number,City of Gradiska,F,Dressing,365
2013,Number,City of Derventa,Both sexes,Dressing,298
2013,Number,City of Derventa,M,Dressing,114
2013,Number,City of Derventa,F,Dressing,184
2013,Number,City of Doboj,Both sexes,Dressing,1011
2013,Number,City of Doboj,M,Dressing,408
2013,Number,City of Doboj,F,Dressing,603
2013,Number,Donji Zabar,Both sexes,Dressing,31
2013,Number,Donji Zabar,M,Dressing,11
2013,Number,Donji Zabar,F,Dressing,20
2013,Number,City of Zvornik,Both sexes,Dressing,518
2013,Number,City of Zvornik,M,Dressing,239
2013,Number,City of Zvornik,F,Dressing,279
2013,Number,East Ilidza,Both sexes,Dressing,175
2013,Number,East Ilidza,M,Dressing,83
2013,Number,East Ilidza,F,Dressing,92
2013,Number,East Drvar,Both sexes,Dressing,0
2013,Number,East Drvar,M,Dressing,0
2013,Number,East Drvar,F,Dressing,0
2013,Number,East Mostar,Both sexes,Dressing,2
2013,Number,East Mostar,M,Dressing,1
2013,Number,East Mostar,F,Dressing,1
2013,Number,East Stari Grad,Both sexes,Dressing,15
2013,Number,East Stari Grad,M,Dressing,6
2013,Number,East Stari Grad,F,Dressing,9
2013,Number,East Novo Sarajevo,Both sexes,Dressing,77
2013,Number,East Novo Sarajevo,M,Dressing,34
2013,Number,East Novo Sarajevo,F,Dressing,43
2013,Number,Jezero,Both sexes,Dressing,18
2013,Number,Jezero,M,Dressing,9
2013,Number,Jezero,F,Dressing,9
2013,Number,Kalinovik,Both sexes,Dressing,26
2013,Number,Kalinovik,M,Dressing,8
2013,Number,Kalinovik,F,Dressing,18
2013,Number,Knezevo,Both sexes,Dressing,171
2013,Number,Knezevo,M,Dressing,70
2013,Number,Knezevo,F,Dressing,101
2013,Number,Kozarska Dubica,Both sexes,Dressing,243
2013,Number,Kozarska Dubica,M,Dressing,108
2013,Number,Kozarska Dubica,F,Dressing,135
2013,Number,Kostajnica,Both sexes,Dressing,69
2013,Number,Kostajnica,M,Dressing,24
2013,Number,Kostajnica,F,Dressing,45
2013,Number,Kotor Varos,Both sexes,Dressing,228
2013,Number,Kotor Varos,M,Dressing,100
2013,Number,Kotor Varos,F,Dressing,128
2013,Number,Krupa Na Uni,Both sexes,Dressing,19
2013,Number,Krupa Na Uni,M,Dressing,5
2013,Number,Krupa Na Uni,F,Dressing,14
2013,Number,Kupres,Both sexes,Dressing,6
2013,Number,Kupres,M,Dressing,3
2013,Number,Kupres,F,Dressing,3
2013,Number,Laktasi,Both sexes,Dressing,324
2013,Number,Laktasi,M,Dressing,162
2013,Number,Laktasi,F,Dressing,162
2013,Number,Lopare,Both sexes,Dressing,190
2013,Number,Lopare,M,Dressing,85
2013,Number,Lopare,F,Dressing,105
2013,Number,Ljubinje,Both sexes,Dressing,44
2013,Number,Ljubinje,M,Dressing,18
2013,Number,Ljubinje,F,Dressing,26
2013,Number,Milici,Both sexes,Dressing,107
2013,Number,Milici,M,Dressing,42
2013,Number,Milici,F,Dressing,65
2013,Number,Modrica,Both sexes,Dressing,383
2013,Number,Modrica,M,Dressing,152
2013,Number,Modrica,F,Dressing,231
2013,Number,Mrkonjic Grad,Both sexes,Dressing,203
2013,Number,Mrkonjic Grad,M,Dressing,83
2013,Number,Mrkonjic Grad,F,Dressing,120
2013,Number,Nevesinje,Both sexes,Dressing,104
2013,Number,Nevesinje,M,Dressing,38
2013,Number,Nevesinje,F,Dressing,66
2013,Number,Novi Grad,Both sexes,Dressing,373
2013,Number,Novi Grad,M,Dressing,156
2013,Number,Novi Grad,F,Dressing,217
2013,Number,Novo Gorazde,Both sexes,Dressing,20
2013,Number,Novo Gorazde,M,Dressing,7
2013,Number,Novo Gorazde,F,Dressing,13
2013,Number,Osmaci,Both sexes,Dressing,43
2013,Number,Osmaci,M,Dressing,16
2013,Number,Osmaci,F,Dressing,27
2013,Number,Ostra Luka,Both sexes,Dressing,39
2013,Number,Ostra Luka,M,Dressing,17
2013,Number,Ostra Luka,F,Dressing,22
2013,Number,Pale,Both sexes,Dressing,174
2013,Number,Pale,M,Dressing,80
2013,Number,Pale,F,Dressing,94
2013,Number,Pelagicevo,Both sexes,Dressing,71
2013,Number,Pelagicevo,M,Dressing,33
2013,Number,Pelagicevo,F,Dressing,38
2013,Number,Petrovac,Both sexes,Dressing,4
2013,Number,Petrovac,M,Dressing,1
2013,Number,Petrovac,F,Dressing,3
2013,Number,Petrovo,Both sexes,Dressing,106
2013,Number,Petrovo,M,Dressing,40
2013,Number,Petrovo,F,Dressing,66
2013,Number,City of Prijedor,Both sexes,Dressing,1081
2013,Number,City of Prijedor,M,Dressing,517
2013,Number,City of Prijedor,F,Dressing,564
2013,Number,Prnjavor,Both sexes,Dressing,418
2013,Number,Prnjavor,M,Dressing,182
2013,Number,Prnjavor,F,Dressing,236
2013,Number,Ribnik,Both sexes,Dressing,111
2013,Number,Ribnik,M,Dressing,50
2013,Number,Ribnik,F,Dressing,61
2013,Number,Rogatica,Both sexes,Dressing,153
2013,Number,Rogatica,M,Dressing,59
2013,Number,Rogatica,F,Dressing,94
2013,Number,Rudo,Both sexes,Dressing,85
2013,Number,Rudo,M,Dressing,40
2013,Number,Rudo,F,Dressing,45
2013,Number,Sokolac,Both sexes,Dressing,143
2013,Number,Sokolac,M,Dressing,55
2013,Number,Sokolac,F,Dressing,88
2013,Number,Srbac,Both sexes,Dressing,174
2013,Number,Srbac,M,Dressing,78
2013,Number,Srbac,F,Dressing,96
2013,Number,Srebrenica,Both sexes,Dressing,99
2013,Number,Srebrenica,M,Dressing,34
2013,Number,Srebrenica,F,Dressing,65
2013,Number,Teslic,Both sexes,Dressing,499
2013,Number,Teslic,M,Dressing,209
2013,Number,Teslic,F,Dressing,290
2013,Number,City of Trebinje,Both sexes,Dressing,283
2013,Number,City of Trebinje,M,Dressing,104
2013,Number,City of Trebinje,F,Dressing,179
2013,Number,Trnovo,Both sexes,Dressing,31
2013,Number,Trnovo,M,Dressing,12
2013,Number,Trnovo,F,Dressing,19
2013,Number,Ugljevik,Both sexes,Dressing,151
2013,Number,Ugljevik,M,Dressing,63
2013,Number,Ugljevik,F,Dressing,88
2013,Number,Foca,Both sexes,Dressing,230
2013,Number,Foca,M,Dressing,97
2013,Number,Foca,F,Dressing,133
2013,Number,Han Pijesak,Both sexes,Dressing,48
2013,Number,Han Pijesak,M,Dressing,15
2013,Number,Han Pijesak,F,Dressing,33
2013,Number,Cajnice,Both sexes,Dressing,50
2013,Number,Cajnice,M,Dressing,23
2013,Number,Cajnice,F,Dressing,27
2013,Number,Celinac,Both sexes,Dressing,210
2013,Number,Celinac,M,Dressing,96
2013,Number,Celinac,F,Dressing,114
2013,Number,Samac,Both sexes,Dressing,159
2013,Number,Samac,M,Dressing,67
2013,Number,Samac,F,Dressing,92
2013,Number,Sekovici,Both sexes,Dressing,60
2013,Number,Sekovici,M,Dressing,29
2013,Number,Sekovici,F,Dressing,31
2013,Number,Sipovo,Both sexes,Dressing,127
2013,Number,Sipovo,M,Dressing,46
2013,Number,Sipovo,F,Dressing,81
2013,Number,Republika Srpska,Both sexes,Communication,10723
2013,Number,Republika Srpska,M,Communication,5103
2013,Number,Republika Srpska,F,Communication,5620
2013,Number,City of Banja Luka,Both sexes,Communication,1307
2013,Number,City of Banja Luka,M,Communication,670
2013,Number,City of Banja Luka,F,Communication,637
2013,Number,Berkovici,Both sexes,Communication,26
2013,Number,Berkovici,M,Communication,11
2013,Number,Berkovici,F,Communication,15
2013,Number,City of Bijeljina,Both sexes,Communication,793
2013,Number,City of Bijeljina,M,Communication,398
2013,Number,City of Bijeljina,F,Communication,395
2013,Number,Bileca,Both sexes,Communication,89
2013,Number,Bileca,M,Communication,44
2013,Number,Bileca,F,Communication,45
2013,Number,Bratunac,Both sexes,Communication,135
2013,Number,Bratunac,M,Communication,56
2013,Number,Bratunac,F,Communication,79
2013,Number,Brod,Both sexes,Communication,121
2013,Number,Brod,M,Communication,60
2013,Number,Brod,F,Communication,61
2013,Number,Visegrad,Both sexes,Communication,202
2013,Number,Visegrad,M,Communication,55
2013,Number,Visegrad,F,Communication,147
2013,Number,Vlasenica,Both sexes,Communication,96
2013,Number,Vlasenica,M,Communication,50
2013,Number,Vlasenica,F,Communication,46
2013,Number,Vukosavlje,Both sexes,Communication,50
2013,Number,Vukosavlje,M,Communication,26
2013,Number,Vukosavlje,F,Communication,24
2013,Number,Gacko,Both sexes,Communication,70
2013,Number,Gacko,M,Communication,30
2013,Number,Gacko,F,Communication,40
2013,Number,City of Gradiska,Both sexes,Communication,504
2013,Number,City of Gradiska,M,Communication,220
2013,Number,City of Gradiska,F,Communication,284
2013,Number,City of Derventa,Both sexes,Communication,255
2013,Number,City of Derventa,M,Communication,118
2013,Number,City of Derventa,F,Communication,137
2013,Number,City of Doboj,Both sexes,Communication,786
2013,Number,City of Doboj,M,Communication,353
2013,Number,City of Doboj,F,Communication,433
2013,Number,Donji Zabar,Both sexes,Communication,23
2013,Number,Donji Zabar,M,Communication,13
2013,Number,Donji Zabar,F,Communication,10
2013,Number,City of Zvornik,Both sexes,Communication,402
2013,Number,City of Zvornik,M,Communication,184
2013,Number,City of Zvornik,F,Communication,218
2013,Number,East Ilidza,Both sexes,Communication,113
2013,Number,East Ilidza,M,Communication,54
2013,Number,East Ilidza,F,Communication,59
2013,Number,East Drvar,Both sexes,Communication,0
2013,Number,East Drvar,M,Communication,0
2013,Number,East Drvar,F,Communication,0
2013,Number,East Mostar,Both sexes,Communication,2
2013,Number,East Mostar,M,Communication,1
2013,Number,East Mostar,F,Communication,1
2013,Number,East Stari Grad,Both sexes,Communication,14
2013,Number,East Stari Grad,M,Communication,9
2013,Number,East Stari Grad,F,Communication,5
2013,Number,East Novo Sarajevo,Both sexes,Communication,65
2013,Number,East Novo Sarajevo,M,Communication,33
2013,Number,East Novo Sarajevo,F,Communication,32
2013,Number,Jezero,Both sexes,Communication,14
2013,Number,Jezero,M,Communication,6
2013,Number,Jezero,F,Communication,8
2013,Number,Kalinovik,Both sexes,Communication,17
2013,Number,Kalinovik,M,Communication,8
2013,Number,Kalinovik,F,Communication,9
2013,Number,Knezevo,Both sexes,Communication,140
2013,Number,Knezevo,M,Communication,59
2013,Number,Knezevo,F,Communication,81
2013,Number,Kozarska Dubica,Both sexes,Communication,187
2013,Number,Kozarska Dubica,M,Communication,94
2013,Number,Kozarska Dubica,F,Communication,93
2013,Number,Kostajnica,Both sexes,Communication,53
2013,Number,Kostajnica,M,Communication,21
2013,Number,Kostajnica,F,Communication,32
2013,Number,Kotor Varos,Both sexes,Communication,176
2013,Number,Kotor Varos,M,Communication,84
2013,Number,Kotor Varos,F,Communication,92
2013,Number,Krupa Na Uni,Both sexes,Communication,20
2013,Number,Krupa Na Uni,M,Communication,8
2013,Number,Krupa Na Uni,F,Communication,12
2013,Number,Kupres,Both sexes,Communication,6
2013,Number,Kupres,M,Communication,4
2013,Number,Kupres,F,Communication,2
2013,Number,Laktasi,Both sexes,Communication,283
2013,Number,Laktasi,M,Communication,148
2013,Number,Laktasi,F,Communication,135
2013,Number,Lopare,Both sexes,Communication,168
2013,Number,Lopare,M,Communication,86
2013,Number,Lopare,F,Communication,82
2013,Number,Ljubinje,Both sexes,Communication,31
2013,Number,Ljubinje,M,Communication,14
2013,Number,Ljubinje,F,Communication,17
2013,Number,Milici,Both sexes,Communication,77
2013,Number,Milici,M,Communication,27
2013,Number,Milici,F,Communication,50
2013,Number,Modrica,Both sexes,Communication,309
2013,Number,Modrica,M,Communication,139
2013,Number,Modrica,F,Communication,170
2013,Number,Mrkonjic Grad,Both sexes,Communication,176
2013,Number,Mrkonjic Grad,M,Communication,73
2013,Number,Mrkonjic Grad,F,Communication,103
2013,Number,Nevesinje,Both sexes,Communication,107
2013,Number,Nevesinje,M,Communication,43
2013,Number,Nevesinje,F,Communication,64
2013,Number,Novi Grad,Both sexes,Communication,277
2013,Number,Novi Grad,M,Communication,121
2013,Number,Novi Grad,F,Communication,156
2013,Number,Novo Gorazde,Both sexes,Communication,18
2013,Number,Novo Gorazde,M,Communication,5
2013,Number,Novo Gorazde,F,Communication,13
2013,Number,Osmaci,Both sexes,Communication,40
2013,Number,Osmaci,M,Communication,19
2013,Number,Osmaci,F,Communication,21
2013,Number,Ostra Luka,Both sexes,Communication,26
2013,Number,Ostra Luka,M,Communication,10
2013,Number,Ostra Luka,F,Communication,16
2013,Number,Pale,Both sexes,Communication,130
2013,Number,Pale,M,Communication,59
2013,Number,Pale,F,Communication,71
2013,Number,Pelagicevo,Both sexes,Communication,68
2013,Number,Pelagicevo,M,Communication,33
2013,Number,Pelagicevo,F,Communication,35
2013,Number,Petrovac,Both sexes,Communication,1
2013,Number,Petrovac,M,Communication,0
2013,Number,Petrovac,F,Communication,1
2013,Number,Petrovo,Both sexes,Communication,64
2013,Number,Petrovo,M,Communication,36
2013,Number,Petrovo,F,Communication,28
2013,Number,City of Prijedor,Both sexes,Communication,927
2013,Number,City of Prijedor,M,Communication,517
2013,Number,City of Prijedor,F,Communication,410
2013,Number,Prnjavor,Both sexes,Communication,320
2013,Number,Prnjavor,M,Communication,162
2013,Number,Prnjavor,F,Communication,158
2013,Number,Ribnik,Both sexes,Communication,91
2013,Number,Ribnik,M,Communication,45
2013,Number,Ribnik,F,Communication,46
2013,Number,Rogatica,Both sexes,Communication,90
2013,Number,Rogatica,M,Communication,45
2013,Number,Rogatica,F,Communication,45
2013,Number,Rudo,Both sexes,Communication,68
2013,Number,Rudo,M,Communication,29
2013,Number,Rudo,F,Communication,39
2013,Number,Sokolac,Both sexes,Communication,112
2013,Number,Sokolac,M,Communication,43
2013,Number,Sokolac,F,Communication,69
2013,Number,Srbac,Both sexes,Communication,171
2013,Number,Srbac,M,Communication,81
2013,Number,Srbac,F,Communication,90
2013,Number,Srebrenica,Both sexes,Communication,80
2013,Number,Srebrenica,M,Communication,33
2013,Number,Srebrenica,F,Communication,47
2013,Number,Teslic,Both sexes,Communication,387
2013,Number,Teslic,M,Communication,189
2013,Number,Teslic,F,Communication,198
2013,Number,City of Trebinje,Both sexes,Communication,205
2013,Number,City of Trebinje,M,Communication,94
2013,Number,City of Trebinje,F,Communication,111
2013,Number,Trnovo,Both sexes,Communication,22
2013,Number,Trnovo,M,Communication,12
2013,Number,Trnovo,F,Communication,10
2013,Number,Ugljevik,Both sexes,Communication,93
2013,Number,Ugljevik,M,Communication,41
2013,Number,Ugljevik,F,Communication,52
2013,Number,Foca,Both sexes,Communication,170
2013,Number,Foca,M,Communication,81
2013,Number,Foca,F,Communication,89
2013,Number,Han Pijesak,Both sexes,Communication,36
2013,Number,Han Pijesak,M,Communication,14
2013,Number,Han Pijesak,F,Communication,22
2013,Number,Cajnice,Both sexes,Communication,41
2013,Number,Cajnice,M,Communication,17
2013,Number,Cajnice,F,Communication,24
2013,Number,Celinac,Both sexes,Communication,163
2013,Number,Celinac,M,Communication,72
2013,Number,Celinac,F,Communication,91
2013,Number,Samac,Both sexes,Communication,146
2013,Number,Samac,M,Communication,71
2013,Number,Samac,F,Communication,75
2013,Number,Sekovici,Both sexes,Communication,68
2013,Number,Sekovici,M,Communication,33
2013,Number,Sekovici,F,Communication,35
2013,Number,Sipovo,Both sexes,Communication,92
2013,Number,Sipovo,M,Communication,42
2013,Number,Sipovo,F,Communication,50
2013,Number,Republika Srpska,Both sexes,Multiple disabilities,38298
2013,Number,Republika Srpska,M,Multiple disabilities,16292
2013,Number,Republika Srpska,F,Multiple disabilities,22006
2013,Number,City of Banja Luka,Both sexes,Multiple disabilities,4944
2013,Number,City of Banja Luka,M,Multiple disabilities,2158
2013,Number,City of Banja Luka,F,Multiple disabilities,2786
2013,Number,Berkovici,Both sexes,Multiple disabilities,73
2013,Number,Berkovici,M,Multiple disabilities,32
2013,Number,Berkovici,F,Multiple disabilities,41
2013,Number,City of Bijeljina,Both sexes,Multiple disabilities,3094
2013,Number,City of Bijeljina,M,Multiple disabilities,1359
2013,Number,City of Bijeljina,F,Multiple disabilities,1735
2013,Number,Bileca,Both sexes,Multiple disabilities,350
2013,Number,Bileca,M,Multiple disabilities,151
2013,Number,Bileca,F,Multiple disabilities,199
2013,Number,Bratunac,Both sexes,Multiple disabilities,566
2013,Number,Bratunac,M,Multiple disabilities,243
2013,Number,Bratunac,F,Multiple disabilities,323
2013,Number,Brod,Both sexes,Multiple disabilities,485
2013,Number,Brod,M,Multiple disabilities,194
2013,Number,Brod,F,Multiple disabilities,291
2013,Number,Visegrad,Both sexes,Multiple disabilities,477
2013,Number,Visegrad,M,Multiple disabilities,145
2013,Number,Visegrad,F,Multiple disabilities,332
2013,Number,Vlasenica,Both sexes,Multiple disabilities,305
2013,Number,Vlasenica,M,Multiple disabilities,130
2013,Number,Vlasenica,F,Multiple disabilities,175
2013,Number,Vukosavlje,Both sexes,Multiple disabilities,158
2013,Number,Vukosavlje,M,Multiple disabilities,77
2013,Number,Vukosavlje,F,Multiple disabilities,81
2013,Number,Gacko,Both sexes,Multiple disabilities,219
2013,Number,Gacko,M,Multiple disabilities,84
2013,Number,Gacko,F,Multiple disabilities,135
2013,Number,City of Gradiska,Both sexes,Multiple disabilities,1641
2013,Number,City of Gradiska,M,Multiple disabilities,637
2013,Number,City of Gradiska,F,Multiple disabilities,1004
2013,Number,City of Derventa,Both sexes,Multiple disabilities,938
2013,Number,City of Derventa,M,Multiple disabilities,385
2013,Number,City of Derventa,F,Multiple disabilities,553
2013,Number,City of Doboj,Both sexes,Multiple disabilities,3008
2013,Number,City of Doboj,M,Multiple disabilities,1227
2013,Number,City of Doboj,F,Multiple disabilities,1781
2013,Number,Donji Zabar,Both sexes,Multiple disabilities,89
2013,Number,Donji Zabar,M,Multiple disabilities,42
2013,Number,Donji Zabar,F,Multiple disabilities,47
2013,Number,City of Zvornik,Both sexes,Multiple disabilities,1546
2013,Number,City of Zvornik,M,Multiple disabilities,670
2013,Number,City of Zvornik,F,Multiple disabilities,876
2013,Number,East Ilidza,Both sexes,Multiple disabilities,394
2013,Number,East Ilidza,M,Multiple disabilities,171
2013,Number,East Ilidza,F,Multiple disabilities,223
2013,Number,East Drvar,Both sexes,Multiple disabilities,4
2013,Number,East Drvar,M,Multiple disabilities,1
2013,Number,East Drvar,F,Multiple disabilities,3
2013,Number,East Mostar,Both sexes,Multiple disabilities,7
2013,Number,East Mostar,M,Multiple disabilities,2
2013,Number,East Mostar,F,Multiple disabilities,5
2013,Number,East Stari Grad,Both sexes,Multiple disabilities,32
2013,Number,East Stari Grad,M,Multiple disabilities,16
2013,Number,East Stari Grad,F,Multiple disabilities,16
2013,Number,East Novo Sarajevo,Both sexes,Multiple disabilities,206
2013,Number,East Novo Sarajevo,M,Multiple disabilities,87
2013,Number,East Novo Sarajevo,F,Multiple disabilities,119
2013,Number,Jezero,Both sexes,Multiple disabilities,40
2013,Number,Jezero,M,Multiple disabilities,17
2013,Number,Jezero,F,Multiple disabilities,23
2013,Number,Kalinovik,Both sexes,Multiple disabilities,80
2013,Number,Kalinovik,M,Multiple disabilities,30
2013,Number,Kalinovik,F,Multiple disabilities,50
2013,Number,Knezevo,Both sexes,Multiple disabilities,399
2013,Number,Knezevo,M,Multiple disabilities,178
2013,Number,Knezevo,F,Multiple disabilities,221
2013,Number,Kozarska Dubica,Both sexes,Multiple disabilities,741
2013,Number,Kozarska Dubica,M,Multiple disabilities,302
2013,Number,Kozarska Dubica,F,Multiple disabilities,439
2013,Number,Kostajnica,Both sexes,Multiple disabilities,209
2013,Number,Kostajnica,M,Multiple disabilities,93
2013,Number,Kostajnica,F,Multiple disabilities,116
2013,Number,Kotor Varos,Both sexes,Multiple disabilities,702
2013,Number,Kotor Varos,M,Multiple disabilities,310
2013,Number,Kotor Varos,F,Multiple disabilities,392
2013,Number,Krupa Na Uni,Both sexes,Multiple disabilities,88
2013,Number,Krupa Na Uni,M,Multiple disabilities,40
2013,Number,Krupa Na Uni,F,Multiple disabilities,48
2013,Number,Kupres,Both sexes,Multiple disabilities,21
2013,Number,Kupres,M,Multiple disabilities,13
2013,Number,Kupres,F,Multiple disabilities,8
2013,Number,Laktasi,Both sexes,Multiple disabilities,887
2013,Number,Laktasi,M,Multiple disabilities,413
2013,Number,Laktasi,F,Multiple disabilities,474
2013,Number,Lopare,Both sexes,Multiple disabilities,583
2013,Number,Lopare,M,Multiple disabilities,254
2013,Number,Lopare,F,Multiple disabilities,329
2013,Number,Ljubinje,Both sexes,Multiple disabilities,81
2013,Number,Ljubinje,M,Multiple disabilities,34
2013,Number,Ljubinje,F,Multiple disabilities,47
2013,Number,Milici,Both sexes,Multiple disabilities,314
2013,Number,Milici,M,Multiple disabilities,130
2013,Number,Milici,F,Multiple disabilities,184
2013,Number,Modrica,Both sexes,Multiple disabilities,927
2013,Number,Modrica,M,Multiple disabilities,399
2013,Number,Modrica,F,Multiple disabilities,528
2013,Number,Mrkonjic Grad,Both sexes,Multiple disabilities,475
2013,Number,Mrkonjic Grad,M,Multiple disabilities,210
2013,Number,Mrkonjic Grad,F,Multiple disabilities,265
2013,Number,Nevesinje,Both sexes,Multiple disabilities,327
2013,Number,Nevesinje,M,Multiple disabilities,130
2013,Number,Nevesinje,F,Multiple disabilities,197
2013,Number,Novi Grad,Both sexes,Multiple disabilities,1049
2013,Number,Novi Grad,M,Multiple disabilities,446
2013,Number,Novi Grad,F,Multiple disabilities,603
2013,Number,Novo Gorazde,Both sexes,Multiple disabilities,75
2013,Number,Novo Gorazde,M,Multiple disabilities,28
2013,Number,Novo Gorazde,F,Multiple disabilities,47
2013,Number,Osmaci,Both sexes,Multiple disabilities,189
2013,Number,Osmaci,M,Multiple disabilities,79
2013,Number,Osmaci,F,Multiple disabilities,110
2013,Number,Ostra Luka,Both sexes,Multiple disabilities,132
2013,Number,Ostra Luka,M,Multiple disabilities,63
2013,Number,Ostra Luka,F,Multiple disabilities,69
2013,Number,Pale,Both sexes,Multiple disabilities,446
2013,Number,Pale,M,Multiple disabilities,209
2013,Number,Pale,F,Multiple disabilities,237
2013,Number,Pelagicevo,Both sexes,Multiple disabilities,268
2013,Number,Pelagicevo,M,Multiple disabilities,102
2013,Number,Pelagicevo,F,Multiple disabilities,166
2013,Number,Petrovac,Both sexes,Multiple disabilities,7
2013,Number,Petrovac,M,Multiple disabilities,4
2013,Number,Petrovac,F,Multiple disabilities,3
2013,Number,Petrovo,Both sexes,Multiple disabilities,378
2013,Number,Petrovo,M,Multiple disabilities,156
2013,Number,Petrovo,F,Multiple disabilities,222
2013,Number,City of Prijedor,Both sexes,Multiple disabilities,2789
2013,Number,City of Prijedor,M,Multiple disabilities,1276
2013,Number,City of Prijedor,F,Multiple disabilities,1513
2013,Number,Prnjavor,Both sexes,Multiple disabilities,1199
2013,Number,Prnjavor,M,Multiple disabilities,465
2013,Number,Prnjavor,F,Multiple disabilities,734
2013,Number,Ribnik,Both sexes,Multiple disabilities,272
2013,Number,Ribnik,M,Multiple disabilities,128
2013,Number,Ribnik,F,Multiple disabilities,144
2013,Number,Rogatica,Both sexes,Multiple disabilities,407
2013,Number,Rogatica,M,Multiple disabilities,164
2013,Number,Rogatica,F,Multiple disabilities,243
2013,Number,Rudo,Both sexes,Multiple disabilities,252
2013,Number,Rudo,M,Multiple disabilities,104
2013,Number,Rudo,F,Multiple disabilities,148
2013,Number,Sokolac,Both sexes,Multiple disabilities,347
2013,Number,Sokolac,M,Multiple disabilities,143
2013,Number,Sokolac,F,Multiple disabilities,204
2013,Number,Srbac,Both sexes,Multiple disabilities,576
2013,Number,Srbac,M,Multiple disabilities,257
2013,Number,Srbac,F,Multiple disabilities,319
2013,Number,Srebrenica,Both sexes,Multiple disabilities,381
2013,Number,Srebrenica,M,Multiple disabilities,144
2013,Number,Srebrenica,F,Multiple disabilities,237
2013,Number,Teslic,Both sexes,Multiple disabilities,1374
2013,Number,Teslic,M,Multiple disabilities,585
2013,Number,Teslic,F,Multiple disabilities,789
2013,Number,City of Trebinje,Both sexes,Multiple disabilities,689
2013,Number,City of Trebinje,M,Multiple disabilities,280
2013,Number,City of Trebinje,F,Multiple disabilities,409
2013,Number,Trnovo,Both sexes,Multiple disabilities,69
2013,Number,Trnovo,M,Multiple disabilities,31
2013,Number,Trnovo,F,Multiple disabilities,38
2013,Number,Ugljevik,Both sexes,Multiple disabilities,402
2013,Number,Ugljevik,M,Multiple disabilities,165
2013,Number,Ugljevik,F,Multiple disabilities,237
2013,Number,Foca,Both sexes,Multiple disabilities,581
2013,Number,Foca,M,Multiple disabilities,262
2013,Number,Foca,F,Multiple disabilities,319
2013,Number,Han Pijesak,Both sexes,Multiple disabilities,95
2013,Number,Han Pijesak,M,Multiple disabilities,30
2013,Number,Han Pijesak,F,Multiple disabilities,65
2013,Number,Cajnice,Both sexes,Multiple disabilities,176
2013,Number,Cajnice,M,Multiple disabilities,77
2013,Number,Cajnice,F,Multiple disabilities,99
2013,Number,Celinac,Both sexes,Multiple disabilities,624
2013,Number,Celinac,M,Multiple disabilities,269
2013,Number,Celinac,F,Multiple disabilities,355
2013,Number,Samac,Both sexes,Multiple disabilities,567
2013,Number,Samac,M,Multiple disabilities,228
2013,Number,Samac,F,Multiple disabilities,339
2013,Number,Sekovici,Both sexes,Multiple disabilities,222
2013,Number,Sekovici,M,Multiple disabilities,101
2013,Number,Sekovici,F,Multiple disabilities,121
2013,Number,Sipovo,Both sexes,Multiple disabilities,322
2013,Number,Sipovo,M,Multiple disabilities,132
2013,Number,Sipovo,F,Multiple disabilities,190
