Year,UNIT_MEASURE,Sex,Value
2016,Number,Total,2550
2017,Number,Total,2737
2018,Number,Total,3170
2019,Number,Total,3601
2020,Number,Total,3565
2016,Number,M,1085
2017,Number,M,1110
2018,Number,M,1260
2019,Number,M,1358
2020,Number,M,1340
2016,Number,F,1465
2017,Number,F,1627
2018,Number,F,1910
2019,Number,F,2243
2020,Number,F,2225
2021,Number,Total,3982
2021,Number,M,1509
2021,Number,F,2473
2022,Number,Total,4317
2022,Number,M,1597
2022,Number,F,2720
2023,Number,Total,3909
2023,Number,M,1453
2023,Number,F,2456
2024,Number,Total,4628
2024,Number,M,1643
2024,Number,F,2985
