Year,UNIT_MEASURE,Type of users,Value
2016,Number,Total,191604
2017,Number,Total,184830
2018,Number,Total,179164
2019,Number,Total,171280
2020,Number,Total,167786
2016,Number,Minor users,53648
2017,Number,Minor users,49035
2018,Number,Minor users,48462
2019,Number,Minor users,47135
2020,Number,Minor users,41066
2016,Number,Adult users,137956
2017,Number,Adult users,135795
2018,Number,Adult users,130702
2019,Number,Adult users,124145
2020,Number,Adult users,126720
2021,Number,Total,147055
2021,Number,Minor users,35089
2021,Number,Adult users,111966
