Year,UNIT_MEASURE,Type of institutions,Value
2016,Number,Total,132
2016,Number,Public,82
2016,Number,Private,50
2017,Number,Total,132
2017,Number,Public,84
2017,Number,Private,48
2018,Number,Total,161
2018,Number,Public,88
2018,Number,Private,73
2019,Number,Total,174
2019,Number,Public,91
2019,Number,Private,83
2020,Number,Total,177
2020,Number,Public,95
2020,Number,Private,82
2021,Number,Total,189
2021,Number,Public,101
2021,Number,Private,88
2022,Number,Total,200
2022,Number,Public,100
2022,Number,Private,100
