Year,UNIT_MEASURE,Sex,Value
2016,Number,Total,3820
2016,Number,M,1423
2016,Number,F,2397
2017,Number,Total,3771
2017,Number,M,1398
2017,Number,F,2373
2018,Number,Total,3888
2018,Number,M,1420
2018,Number,F,2468
2019,Number,Total,3944
2019,Number,M,1458
2019,Number,F,2486
2020,Number,Total,3945
2020,Number,M,1462
2020,Number,F,2483
2021,Number,Total,3925
2021,Number,M,1484
2021,Number,F,2441
2022,Number,Total,4050
2022,Number,M,1508
2022,Number,F,2542
2023,Number,Total,3780
2023,Number,M,1422
2023,Number,F,2358
