Year,UNIT_MEASURE,Sex,Value
2016,Number,Total,41136
2016,Number,M,20455
2016,Number,F,20681
2017,Number,Total,39831
2017,Number,M,19772
2017,Number,F,20059
2018,Number,Total,38499
2018,Number,M,19175
2018,Number,F,19324
2019,Number,Total,37206
2019,Number,M,18491
2019,Number,F,18715
2020,Number,Total,36405
2020,Number,M,18042
2020,Number,F,18363
2021,Number,Total,35615
2021,Number,M,17642
2021,Number,F,17973
2022,Number,Total,34998
2022,Number,M,17203
2022,Number,F,17795
2023,Number,Total,34825
2023,Number,M,17132
2023,Number,F,17693
