Year,UNIT_MEASURE,Type of school,Value
2017,Number,Gymnasiums,2467
2017,Number,Technical high schools,6206
2017,Number,Vocational high schools,1846
2017,Number,Art schools,78
2017,Number,Religious schools,17
2017,Number,High schools for students with disabilities,28
2018,Number,Gymnasiums,2286
2018,Number,Technical high schools,6125
2018,Number,Vocational high schools,1887
2018,Number,Art schools,70
2018,Number,Religious schools,26
2018,Number,High schools for students with disabilities,46
2019,Number,Gymnasiums,2281
2019,Number,Technical high schools,6141
2019,Number,Vocational high schools,1910
2019,Number,Art schools,64
2019,Number,Religious schools,13
2019,Number,High schools for students with disabilities,62
2020,Number,Gymnasiums,2120
2020,Number,Technical high schools,5841
2020,Number,Vocational high schools,1828
2020,Number,Art schools,60
2020,Number,Religious schools,11
2020,Number,High schools for students with disabilities,28
