Year,UNIT_MEASURE,Sex,Value
2016,Number,Total,5474
2016,Number,M,2289
2016,Number,F,3185
2017,Number,Total,5081
2017,Number,M,2145
2017,Number,F,2936
2018,Number,Total,4564
2018,Number,M,1843
2018,Number,F,2721
2019,Number,Total,4144
2019,Number,M,1688
2019,Number,F,2456
2020,Number,Total,4184
2020,Number,M,1665
2020,Number,F,2519
2021,Number,Total,3585
2021,Number,M,1481
2021,Number,F,2104
2022,Number,Total,3386
2022,Number,M,1336
2022,Number,F,2050
2023,Number,Total,3102
2023,Number,M,1206
2023,Number,F,1896
2024,Number,Total,3035
2024,Number,M,1123
2024,Number,F,1912
