Year,UNIT_MEASURE,Field of education,Value
2017,Number,Education,542
2017,Number,Arts and humanities,429
2017,Number,"Social sciences, journalism and information",725
2017,Number,"Business, administration and law",1677
2017,Number,"Natural sciences, mathematics and statistics",209
2017,Number,Information and communication technologies,262
2017,Number,"Engineering, manufacturing and construction",367
2017,Number,"Agriculture, forestry, fisheries and veterinary medicine",205
2017,Number,Health and social protection,547
2017,Number,Services,118
2018,Number,Education,459
2018,Number,Arts and humanities,403
2018,Number,"Social sciences, journalism and information",524
2018,Number,"Business, administration and law",1320
2018,Number,"Natural sciences, mathematics and statistics",165
2018,Number,Information and communication technologies,294
2018,Number,"Engineering, manufacturing and construction",464
2018,Number,"Agriculture, forestry, fisheries and veterinary medicine",205
2018,Number,Health and social protection,629
2018,Number,Services,101
2019,Number,Education,406
2019,Number,Arts and humanities,385
2019,Number,"Social sciences, journalism and information",482
2019,Number,"Business, administration and law",1110
2019,Number,"Natural sciences, mathematics and statistics",168
2019,Number,Information and communication technologies,231
2019,Number,"Engineering, manufacturing and construction",461
2019,Number,"Agriculture, forestry, fisheries and veterinary medicine",238
2019,Number,Health and social protection,534
2019,Number,Services,129
2020,Number,Education,336
2020,Number,Arts and humanities,433
2020,Number,"Social sciences, journalism and information",588
2020,Number,"Business, administration and law",991
2020,Number,"Natural sciences, mathematics and statistics",166
2020,Number,Information and communication technologies,254
2020,Number,"Engineering, manufacturing and construction",438
2020,Number,"Agriculture, forestry, fisheries and veterinary medicine",229
2020,Number,Health and social protection,590
2020,Number,Services,159
2021,Number,Education,331
2021,Number,Arts and humanities,341
2021,Number,"Social sciences, journalism and information",553
2021,Number,"Business, administration and law",753
2021,Number,"Natural sciences, mathematics and statistics",122
2021,Number,Information and communication technologies,269
2021,Number,"Engineering, manufacturing and construction",453
2021,Number,"Agriculture, forestry, fisheries and veterinary medicine",189
2021,Number,Health and social protection,501
2021,Number,Services,73
2022,Number,Education,304
2022,Number,Arts and humanities,379
2022,Number,"Social sciences, journalism and information",606
2022,Number,"Business, administration and law",690
2022,Number,"Natural sciences, mathematics and statistics",184
2022,Number,Information and communication technologies,237
2022,Number,"Engineering, manufacturing and construction",480
2022,Number,"Agriculture, forestry, fisheries and veterinary medicine",189
2022,Number,Health and social protection,702
2022,Number,Services,112
