Year,UNIT_MEASURE,Sex,Value
2010,% of total,M,
2010,% of total,F,
2011,% of total,M,
2011,% of total,F,
2012,% of total,M,
2012,% of total,F,
2013,% of total,M,
2013,% of total,F,
2014,% of total,M,
2014,% of total,F,
2015,% of total,M,
2015,% of total,F,
2016,% of total,M,
2016,% of total,F,
2017,% of total,M,
2017,% of total,F,
2018,% of total,M,
2018,% of total,F,
2019,% of total,M,
2019,% of total,F,
2020,% of total,M,
2020,% of total,F,
2021,% of total,M,
2021,% of total,F,
2022,% of total,M,16.6
2022,% of total,F,15.9
