Year,UNIT_MEASURE,Pol,Vitalna statistika,Value
2003,Broj,Oba pola,Živorođeni,10537
2004,Broj,Oba pola,Živorođeni,10628
2005,Broj,Oba pola,Živorođeni,10322
2006,Broj,Oba pola,Živorođeni,10524
2007,Broj,Oba pola,Živorođeni,10110
2008,Broj,Oba pola,Živorođeni,10198
2009,Broj,Oba pola,Živorođeni,10603
2010,Broj,Oba pola,Živorođeni,10147
2011,Broj,Oba pola,Živorođeni,9561
2012,Broj,Oba pola,Živorođeni,9978
2013,Broj,Oba pola,Živorođeni,9510
2014,Broj,Oba pola,Živorođeni,9335
2015,Broj,Oba pola,Živorođeni,9357
2016,Broj,Oba pola,Živorođeni,9452
2017,Broj,Oba pola,Živorođeni,9339
2018,Broj,Oba pola,Živorođeni,9568
2019,Broj,Oba pola,Živorođeni,9274
2020,Broj,Oba pola,Živorođeni,9161
2003,Broj,Oba pola,Umrli,12988
2004,Broj,Oba pola,Umrli,13082
2005,Broj,Oba pola,Umrli,13802
2006,Broj,Oba pola,Umrli,13232
2007,Broj,Oba pola,Umrli,14146
2008,Broj,Oba pola,Umrli,13501
2009,Broj,Oba pola,Umrli,13775
2010,Broj,Oba pola,Umrli,13517
2011,Broj,Oba pola,Umrli,13658
2012,Broj,Oba pola,Umrli,13796
2013,Broj,Oba pola,Umrli,13978
2014,Broj,Oba pola,Umrli,14409
2015,Broj,Oba pola,Umrli,15059
2016,Broj,Oba pola,Umrli,13970
2017,Broj,Oba pola,Umrli,14663
2018,Broj,Oba pola,Umrli,14763
2019,Broj,Oba pola,Umrli,15081
2020,Broj,Oba pola,Umrli,16582
2003,Broj,Oba pola,Prirodno kretanje,-2451
2004,Broj,Oba pola,Prirodno kretanje,-2454
2005,Broj,Oba pola,Prirodno kretanje,-3480
2006,Broj,Oba pola,Prirodno kretanje,-2708
2007,Broj,Oba pola,Prirodno kretanje,-4036
2008,Broj,Oba pola,Prirodno kretanje,-3303
2009,Broj,Oba pola,Prirodno kretanje,-3172
2010,Broj,Oba pola,Prirodno kretanje,-3370
2011,Broj,Oba pola,Prirodno kretanje,-4097
2012,Broj,Oba pola,Prirodno kretanje,-3818
2013,Broj,Oba pola,Prirodno kretanje,-4468
2014,Broj,Oba pola,Prirodno kretanje,-5074
2015,Broj,Oba pola,Prirodno kretanje,-5702
2016,Broj,Oba pola,Prirodno kretanje,-4518
2017,Broj,Oba pola,Prirodno kretanje,-5324
2018,Broj,Oba pola,Prirodno kretanje,-5195
2019,Broj,Oba pola,Prirodno kretanje,-5807
2020,Broj,Oba pola,Prirodno kretanje,-7421
