Year,UNIT_MEASURE,Pol,Uzrok smrti (prema šiframa bolesti po MKB-10),Value
2003,Broj,Ukupno,Ukupno,12988
2004,Broj,Ukupno,Ukupno,13082
2005,Broj,Ukupno,Ukupno,13802
2006,Broj,Ukupno,Ukupno,13232
2007,Broj,Ukupno,Ukupno,14146
2008,Broj,Ukupno,Ukupno,13501
2009,Broj,Ukupno,Ukupno,13775
2010,Broj,Ukupno,Ukupno,13517
2011,Broj,Ukupno,Ukupno,13658
2012,Broj,Ukupno,Ukupno,13796
2013,Broj,Ukupno,Ukupno,13978
2014,Broj,Ukupno,Ukupno,14409
2015,Broj,Ukupno,Ukupno,15059
2016,Broj,Ukupno,Ukupno,13970
2017,Broj,Ukupno,Ukupno,14663
2018,Broj,Ukupno,Ukupno,14763
2019,Broj,Ukupno,Ukupno,15081
2020,Broj,Ukupno,Ukupno,16582
2021,Broj,Ukupno,Ukupno,19002
2022,Broj,Ukupno,Ukupno,16263
2003,Broj,Ukupno,(A00-B99) Infektivne i parazitske bolesti,89
2004,Broj,Ukupno,(A00-B99) Infektivne i parazitske bolesti,124
2005,Broj,Ukupno,(A00-B99) Infektivne i parazitske bolesti,128
2006,Broj,Ukupno,(A00-B99) Infektivne i parazitske bolesti,111
2007,Broj,Ukupno,(A00-B99) Infektivne i parazitske bolesti,103
2008,Broj,Ukupno,(A00-B99) Infektivne i parazitske bolesti,118
2009,Broj,Ukupno,(A00-B99) Infektivne i parazitske bolesti,118
2010,Broj,Ukupno,(A00-B99) Infektivne i parazitske bolesti,109
2011,Broj,Ukupno,(A00-B99) Infektivne i parazitske bolesti,117
2012,Broj,Ukupno,(A00-B99) Infektivne i parazitske bolesti,135
2013,Broj,Ukupno,(A00-B99) Infektivne i parazitske bolesti,120
2014,Broj,Ukupno,(A00-B99) Infektivne i parazitske bolesti,136
2015,Broj,Ukupno,(A00-B99) Infektivne i parazitske bolesti,159
2016,Broj,Ukupno,(A00-B99) Infektivne i parazitske bolesti,187
2017,Broj,Ukupno,(A00-B99) Infektivne i parazitske bolesti,147
2018,Broj,Ukupno,(A00-B99) Infektivne i parazitske bolesti,184
2019,Broj,Ukupno,(A00-B99) Infektivne i parazitske bolesti,200
2020,Broj,Ukupno,(A00-B99) Infektivne i parazitske bolesti,162
2021,Broj,Ukupno,(A00-B99) Infektivne i parazitske bolesti,140
2022,Broj,Ukupno,(A00-B99) Infektivne i parazitske bolesti,211
2003,Broj,Ukupno,"(C00-C97,D00-D48) Neoplazme",2411
2004,Broj,Ukupno,"(C00-C97,D00-D48) Neoplazme",2330
2005,Broj,Ukupno,"(C00-C97,D00-D48) Neoplazme",2653
2006,Broj,Ukupno,"(C00-C97,D00-D48) Neoplazme",2551
2007,Broj,Ukupno,"(C00-C97,D00-D48) Neoplazme",2733
2008,Broj,Ukupno,"(C00-C97,D00-D48) Neoplazme",2733
2009,Broj,Ukupno,"(C00-C97,D00-D48) Neoplazme",2822
2010,Broj,Ukupno,"(C00-C97,D00-D48) Neoplazme",2700
2011,Broj,Ukupno,"(C00-C97,D00-D48) Neoplazme",2802
2012,Broj,Ukupno,"(C00-C97,D00-D48) Neoplazme",2937
2013,Broj,Ukupno,"(C00-C97,D00-D48) Neoplazme",3090
2014,Broj,Ukupno,"(C00-C97,D00-D48) Neoplazme",3154
2015,Broj,Ukupno,"(C00-C97,D00-D48) Neoplazme",3138
2016,Broj,Ukupno,"(C00-C97,D00-D48) Neoplazme",2948
2017,Broj,Ukupno,"(C00-C97,D00-D48) Neoplazme",3027
2018,Broj,Ukupno,"(C00-C97,D00-D48) Neoplazme",2938
2019,Broj,Ukupno,"(C00-C97,D00-D48) Neoplazme",2891
2020,Broj,Ukupno,"(C00-C97,D00-D48) Neoplazme",2719
2021,Broj,Ukupno,"(C00-C97,D00-D48) Neoplazme",2623
2022,Broj,Ukupno,"(C00-C97,D00-D48) Neoplazme",2635
2003,Broj,Ukupno,(D50-D89) Bolesti krvi i krvotvornih organa i neki poremećaji imunog sistema,8
2004,Broj,Ukupno,(D50-D89) Bolesti krvi i krvotvornih organa i neki poremećaji imunog sistema,13
2005,Broj,Ukupno,(D50-D89) Bolesti krvi i krvotvornih organa i neki poremećaji imunog sistema,15
2006,Broj,Ukupno,(D50-D89) Bolesti krvi i krvotvornih organa i neki poremećaji imunog sistema,6
2007,Broj,Ukupno,(D50-D89) Bolesti krvi i krvotvornih organa i neki poremećaji imunog sistema,16
2008,Broj,Ukupno,(D50-D89) Bolesti krvi i krvotvornih organa i neki poremećaji imunog sistema,8
2009,Broj,Ukupno,(D50-D89) Bolesti krvi i krvotvornih organa i neki poremećaji imunog sistema,13
2010,Broj,Ukupno,(D50-D89) Bolesti krvi i krvotvornih organa i neki poremećaji imunog sistema,15
2011,Broj,Ukupno,(D50-D89) Bolesti krvi i krvotvornih organa i neki poremećaji imunog sistema,17
2012,Broj,Ukupno,(D50-D89) Bolesti krvi i krvotvornih organa i neki poremećaji imunog sistema,15
2013,Broj,Ukupno,(D50-D89) Bolesti krvi i krvotvornih organa i neki poremećaji imunog sistema,16
2014,Broj,Ukupno,(D50-D89) Bolesti krvi i krvotvornih organa i neki poremećaji imunog sistema,10
2015,Broj,Ukupno,(D50-D89) Bolesti krvi i krvotvornih organa i neki poremećaji imunog sistema,19
2016,Broj,Ukupno,(D50-D89) Bolesti krvi i krvotvornih organa i neki poremećaji imunog sistema,24
2017,Broj,Ukupno,(D50-D89) Bolesti krvi i krvotvornih organa i neki poremećaji imunog sistema,20
2018,Broj,Ukupno,(D50-D89) Bolesti krvi i krvotvornih organa i neki poremećaji imunog sistema,36
2019,Broj,Ukupno,(D50-D89) Bolesti krvi i krvotvornih organa i neki poremećaji imunog sistema,24
2020,Broj,Ukupno,(D50-D89) Bolesti krvi i krvotvornih organa i neki poremećaji imunog sistema,27
2021,Broj,Ukupno,(D50-D89) Bolesti krvi i krvotvornih organa i neki poremećaji imunog sistema,22
2022,Broj,Ukupno,(D50-D89) Bolesti krvi i krvotvornih organa i neki poremećaji imunog sistema,28
2003,Broj,Ukupno,"(E00-E90) Bolesti žlijezda sa unutrašnjim lučenjem, ishrane i metabolizma",180
2004,Broj,Ukupno,"(E00-E90) Bolesti žlijezda sa unutrašnjim lučenjem, ishrane i metabolizma",160
2005,Broj,Ukupno,"(E00-E90) Bolesti žlijezda sa unutrašnjim lučenjem, ishrane i metabolizma",727
2006,Broj,Ukupno,"(E00-E90) Bolesti žlijezda sa unutrašnjim lučenjem, ishrane i metabolizma",790
2007,Broj,Ukupno,"(E00-E90) Bolesti žlijezda sa unutrašnjim lučenjem, ishrane i metabolizma",791
2008,Broj,Ukupno,"(E00-E90) Bolesti žlijezda sa unutrašnjim lučenjem, ishrane i metabolizma",764
2009,Broj,Ukupno,"(E00-E90) Bolesti žlijezda sa unutrašnjim lučenjem, ishrane i metabolizma",891
2010,Broj,Ukupno,"(E00-E90) Bolesti žlijezda sa unutrašnjim lučenjem, ishrane i metabolizma",691
2011,Broj,Ukupno,"(E00-E90) Bolesti žlijezda sa unutrašnjim lučenjem, ishrane i metabolizma",654
2012,Broj,Ukupno,"(E00-E90) Bolesti žlijezda sa unutrašnjim lučenjem, ishrane i metabolizma",561
2013,Broj,Ukupno,"(E00-E90) Bolesti žlijezda sa unutrašnjim lučenjem, ishrane i metabolizma",800
2014,Broj,Ukupno,"(E00-E90) Bolesti žlijezda sa unutrašnjim lučenjem, ishrane i metabolizma",912
2015,Broj,Ukupno,"(E00-E90) Bolesti žlijezda sa unutrašnjim lučenjem, ishrane i metabolizma",762
2016,Broj,Ukupno,"(E00-E90) Bolesti žlijezda sa unutrašnjim lučenjem, ishrane i metabolizma",691
2017,Broj,Ukupno,"(E00-E90) Bolesti žlijezda sa unutrašnjim lučenjem, ishrane i metabolizma",825
2018,Broj,Ukupno,"(E00-E90) Bolesti žlijezda sa unutrašnjim lučenjem, ishrane i metabolizma",844
2019,Broj,Ukupno,"(E00-E90) Bolesti žlijezda sa unutrašnjim lučenjem, ishrane i metabolizma",604
2020,Broj,Ukupno,"(E00-E90) Bolesti žlijezda sa unutrašnjim lučenjem, ishrane i metabolizma",825
2021,Broj,Ukupno,"(E00-E90) Bolesti žlijezda sa unutrašnjim lučenjem, ishrane i metabolizma",921
2022,Broj,Ukupno,"(E00-E90) Bolesti žlijezda sa unutrašnjim lučenjem, ishrane i metabolizma",994
2003,Broj,Ukupno,(F00-F99) Duševni poremećaji i poremećaji ponašanja,33
2004,Broj,Ukupno,(F00-F99) Duševni poremećaji i poremećaji ponašanja,58
2005,Broj,Ukupno,(F00-F99) Duševni poremećaji i poremećaji ponašanja,80
2006,Broj,Ukupno,(F00-F99) Duševni poremećaji i poremećaji ponašanja,82
2007,Broj,Ukupno,(F00-F99) Duševni poremećaji i poremećaji ponašanja,107
2008,Broj,Ukupno,(F00-F99) Duševni poremećaji i poremećaji ponašanja,101
2009,Broj,Ukupno,(F00-F99) Duševni poremećaji i poremećaji ponašanja,122
2010,Broj,Ukupno,(F00-F99) Duševni poremećaji i poremećaji ponašanja,84
2011,Broj,Ukupno,(F00-F99) Duševni poremećaji i poremećaji ponašanja,72
2012,Broj,Ukupno,(F00-F99) Duševni poremećaji i poremećaji ponašanja,58
2013,Broj,Ukupno,(F00-F99) Duševni poremećaji i poremećaji ponašanja,95
2014,Broj,Ukupno,(F00-F99) Duševni poremećaji i poremećaji ponašanja,84
2015,Broj,Ukupno,(F00-F99) Duševni poremećaji i poremećaji ponašanja,72
2016,Broj,Ukupno,(F00-F99) Duševni poremećaji i poremećaji ponašanja,98
2017,Broj,Ukupno,(F00-F99) Duševni poremećaji i poremećaji ponašanja,113
2018,Broj,Ukupno,(F00-F99) Duševni poremećaji i poremećaji ponašanja,85
2019,Broj,Ukupno,(F00-F99) Duševni poremećaji i poremećaji ponašanja,72
2020,Broj,Ukupno,(F00-F99) Duševni poremećaji i poremećaji ponašanja,72
2021,Broj,Ukupno,(F00-F99) Duševni poremećaji i poremećaji ponašanja,107
2022,Broj,Ukupno,(F00-F99) Duševni poremećaji i poremećaji ponašanja,132
2003,Broj,Ukupno,(G00-G99) Bolesti nervnog sistema,65
2004,Broj,Ukupno,(G00-G99) Bolesti nervnog sistema,91
2005,Broj,Ukupno,(G00-G99) Bolesti nervnog sistema,170
2006,Broj,Ukupno,(G00-G99) Bolesti nervnog sistema,184
2007,Broj,Ukupno,(G00-G99) Bolesti nervnog sistema,155
2008,Broj,Ukupno,(G00-G99) Bolesti nervnog sistema,146
2009,Broj,Ukupno,(G00-G99) Bolesti nervnog sistema,133
2010,Broj,Ukupno,(G00-G99) Bolesti nervnog sistema,152
2011,Broj,Ukupno,(G00-G99) Bolesti nervnog sistema,209
2012,Broj,Ukupno,(G00-G99) Bolesti nervnog sistema,207
2013,Broj,Ukupno,(G00-G99) Bolesti nervnog sistema,185
2014,Broj,Ukupno,(G00-G99) Bolesti nervnog sistema,186
2015,Broj,Ukupno,(G00-G99) Bolesti nervnog sistema,212
2016,Broj,Ukupno,(G00-G99) Bolesti nervnog sistema,171
2017,Broj,Ukupno,(G00-G99) Bolesti nervnog sistema,197
2018,Broj,Ukupno,(G00-G99) Bolesti nervnog sistema,169
2019,Broj,Ukupno,(G00-G99) Bolesti nervnog sistema,165
2020,Broj,Ukupno,(G00-G99) Bolesti nervnog sistema,188
2021,Broj,Ukupno,(G00-G99) Bolesti nervnog sistema,173
2022,Broj,Ukupno,(G00-G99) Bolesti nervnog sistema,168
2003,Broj,Ukupno,(H00-H59) Bolesti oka i pripojka oka,0
2004,Broj,Ukupno,(H00-H59) Bolesti oka i pripojka oka,0
2005,Broj,Ukupno,(H00-H59) Bolesti oka i pripojka oka,0
2006,Broj,Ukupno,(H00-H59) Bolesti oka i pripojka oka,0
2007,Broj,Ukupno,(H00-H59) Bolesti oka i pripojka oka,0
2008,Broj,Ukupno,(H00-H59) Bolesti oka i pripojka oka,0
2009,Broj,Ukupno,(H00-H59) Bolesti oka i pripojka oka,0
2010,Broj,Ukupno,(H00-H59) Bolesti oka i pripojka oka,0
2011,Broj,Ukupno,(H00-H59) Bolesti oka i pripojka oka,0
2012,Broj,Ukupno,(H00-H59) Bolesti oka i pripojka oka,0
2013,Broj,Ukupno,(H00-H59) Bolesti oka i pripojka oka,0
2014,Broj,Ukupno,(H00-H59) Bolesti oka i pripojka oka,0
2015,Broj,Ukupno,(H00-H59) Bolesti oka i pripojka oka,0
2016,Broj,Ukupno,(H00-H59) Bolesti oka i pripojka oka,0
2017,Broj,Ukupno,(H00-H59) Bolesti oka i pripojka oka,0
2018,Broj,Ukupno,(H00-H59) Bolesti oka i pripojka oka,0
2019,Broj,Ukupno,(H00-H59) Bolesti oka i pripojka oka,0
2020,Broj,Ukupno,(H00-H59) Bolesti oka i pripojka oka,0
2021,Broj,Ukupno,(H00-H59) Bolesti oka i pripojka oka,0
2022,Broj,Ukupno,(H00-H59) Bolesti oka i pripojka oka,0
2003,Broj,Ukupno,(H60-H93) Bolesti uva i mastoidnog nastavka,0
2004,Broj,Ukupno,(H60-H93) Bolesti uva i mastoidnog nastavka,0
2005,Broj,Ukupno,(H60-H93) Bolesti uva i mastoidnog nastavka,1
2006,Broj,Ukupno,(H60-H93) Bolesti uva i mastoidnog nastavka,0
2007,Broj,Ukupno,(H60-H93) Bolesti uva i mastoidnog nastavka,1
2008,Broj,Ukupno,(H60-H93) Bolesti uva i mastoidnog nastavka,0
2009,Broj,Ukupno,(H60-H93) Bolesti uva i mastoidnog nastavka,0
2010,Broj,Ukupno,(H60-H93) Bolesti uva i mastoidnog nastavka,0
2011,Broj,Ukupno,(H60-H93) Bolesti uva i mastoidnog nastavka,0
2012,Broj,Ukupno,(H60-H93) Bolesti uva i mastoidnog nastavka,0
2013,Broj,Ukupno,(H60-H93) Bolesti uva i mastoidnog nastavka,0
2014,Broj,Ukupno,(H60-H93) Bolesti uva i mastoidnog nastavka,0
2015,Broj,Ukupno,(H60-H93) Bolesti uva i mastoidnog nastavka,0
2016,Broj,Ukupno,(H60-H93) Bolesti uva i mastoidnog nastavka,0
2017,Broj,Ukupno,(H60-H93) Bolesti uva i mastoidnog nastavka,0
2018,Broj,Ukupno,(H60-H93) Bolesti uva i mastoidnog nastavka,0
2019,Broj,Ukupno,(H60-H93) Bolesti uva i mastoidnog nastavka,0
2020,Broj,Ukupno,(H60-H93) Bolesti uva i mastoidnog nastavka,0
2021,Broj,Ukupno,(H60-H93) Bolesti uva i mastoidnog nastavka,0
2022,Broj,Ukupno,(H60-H93) Bolesti uva i mastoidnog nastavka,0
2003,Broj,Ukupno,(I00-I99) Bolesti cirkulatornog sistema,7071
2004,Broj,Ukupno,(I00-I99) Bolesti cirkulatornog sistema,7340
2005,Broj,Ukupno,(I00-I99) Bolesti cirkulatornog sistema,7002
2006,Broj,Ukupno,(I00-I99) Bolesti cirkulatornog sistema,6463
2007,Broj,Ukupno,(I00-I99) Bolesti cirkulatornog sistema,7097
2008,Broj,Ukupno,(I00-I99) Bolesti cirkulatornog sistema,6965
2009,Broj,Ukupno,(I00-I99) Bolesti cirkulatornog sistema,7014
2010,Broj,Ukupno,(I00-I99) Bolesti cirkulatornog sistema,7211
2011,Broj,Ukupno,(I00-I99) Bolesti cirkulatornog sistema,7339
2012,Broj,Ukupno,(I00-I99) Bolesti cirkulatornog sistema,7625
2013,Broj,Ukupno,(I00-I99) Bolesti cirkulatornog sistema,6687
2014,Broj,Ukupno,(I00-I99) Bolesti cirkulatornog sistema,6777
2015,Broj,Ukupno,(I00-I99) Bolesti cirkulatornog sistema,7275
2016,Broj,Ukupno,(I00-I99) Bolesti cirkulatornog sistema,6920
2017,Broj,Ukupno,(I00-I99) Bolesti cirkulatornog sistema,7180
2018,Broj,Ukupno,(I00-I99) Bolesti cirkulatornog sistema,6989
2019,Broj,Ukupno,(I00-I99) Bolesti cirkulatornog sistema,7473
2020,Broj,Ukupno,(I00-I99) Bolesti cirkulatornog sistema,7602
2021,Broj,Ukupno,(I00-I99) Bolesti cirkulatornog sistema,7217
2022,Broj,Ukupno,(I00-I99) Bolesti cirkulatornog sistema,6791
2003,Broj,Ukupno,(J00-J99) Bolesti respiratornog sistema,304
2004,Broj,Ukupno,(J00-J99) Bolesti respiratornog sistema,345
2005,Broj,Ukupno,(J00-J99) Bolesti respiratornog sistema,504
2006,Broj,Ukupno,(J00-J99) Bolesti respiratornog sistema,520
2007,Broj,Ukupno,(J00-J99) Bolesti respiratornog sistema,493
2008,Broj,Ukupno,(J00-J99) Bolesti respiratornog sistema,449
2009,Broj,Ukupno,(J00-J99) Bolesti respiratornog sistema,430
2010,Broj,Ukupno,(J00-J99) Bolesti respiratornog sistema,450
2011,Broj,Ukupno,(J00-J99) Bolesti respiratornog sistema,536
2012,Broj,Ukupno,(J00-J99) Bolesti respiratornog sistema,424
2013,Broj,Ukupno,(J00-J99) Bolesti respiratornog sistema,556
2014,Broj,Ukupno,(J00-J99) Bolesti respiratornog sistema,524
2015,Broj,Ukupno,(J00-J99) Bolesti respiratornog sistema,618
2016,Broj,Ukupno,(J00-J99) Bolesti respiratornog sistema,510
2017,Broj,Ukupno,(J00-J99) Bolesti respiratornog sistema,576
2018,Broj,Ukupno,(J00-J99) Bolesti respiratornog sistema,626
2019,Broj,Ukupno,(J00-J99) Bolesti respiratornog sistema,596
2020,Broj,Ukupno,(J00-J99) Bolesti respiratornog sistema,631
2021,Broj,Ukupno,(J00-J99) Bolesti respiratornog sistema,640
2022,Broj,Ukupno,(J00-J99) Bolesti respiratornog sistema,567
2003,Broj,Ukupno,(K00-K93) Bolesti digestivnog sistema,352
2004,Broj,Ukupno,(K00-K93) Bolesti digestivnog sistema,347
2005,Broj,Ukupno,(K00-K93) Bolesti digestivnog sistema,343
2006,Broj,Ukupno,(K00-K93) Bolesti digestivnog sistema,379
2007,Broj,Ukupno,(K00-K93) Bolesti digestivnog sistema,396
2008,Broj,Ukupno,(K00-K93) Bolesti digestivnog sistema,366
2009,Broj,Ukupno,(K00-K93) Bolesti digestivnog sistema,371
2010,Broj,Ukupno,(K00-K93) Bolesti digestivnog sistema,398
2011,Broj,Ukupno,(K00-K93) Bolesti digestivnog sistema,391
2012,Broj,Ukupno,(K00-K93) Bolesti digestivnog sistema,393
2013,Broj,Ukupno,(K00-K93) Bolesti digestivnog sistema,402
2014,Broj,Ukupno,(K00-K93) Bolesti digestivnog sistema,429
2015,Broj,Ukupno,(K00-K93) Bolesti digestivnog sistema,440
2016,Broj,Ukupno,(K00-K93) Bolesti digestivnog sistema,450
2017,Broj,Ukupno,(K00-K93) Bolesti digestivnog sistema,413
2018,Broj,Ukupno,(K00-K93) Bolesti digestivnog sistema,481
2019,Broj,Ukupno,(K00-K93) Bolesti digestivnog sistema,419
2020,Broj,Ukupno,(K00-K93) Bolesti digestivnog sistema,438
2021,Broj,Ukupno,(K00-K93) Bolesti digestivnog sistema,400
2022,Broj,Ukupno,(K00-K93) Bolesti digestivnog sistema,460
2003,Broj,Ukupno,(L00-L99) Bolesti kože i potkožnog tkiva,0
2004,Broj,Ukupno,(L00-L99) Bolesti kože i potkožnog tkiva,3
2005,Broj,Ukupno,(L00-L99) Bolesti kože i potkožnog tkiva,0
2006,Broj,Ukupno,(L00-L99) Bolesti kože i potkožnog tkiva,1
2007,Broj,Ukupno,(L00-L99) Bolesti kože i potkožnog tkiva,2
2008,Broj,Ukupno,(L00-L99) Bolesti kože i potkožnog tkiva,2
2009,Broj,Ukupno,(L00-L99) Bolesti kože i potkožnog tkiva,3
2010,Broj,Ukupno,(L00-L99) Bolesti kože i potkožnog tkiva,6
2011,Broj,Ukupno,(L00-L99) Bolesti kože i potkožnog tkiva,1
2012,Broj,Ukupno,(L00-L99) Bolesti kože i potkožnog tkiva,4
2013,Broj,Ukupno,(L00-L99) Bolesti kože i potkožnog tkiva,20
2014,Broj,Ukupno,(L00-L99) Bolesti kože i potkožnog tkiva,22
2015,Broj,Ukupno,(L00-L99) Bolesti kože i potkožnog tkiva,22
2016,Broj,Ukupno,(L00-L99) Bolesti kože i potkožnog tkiva,21
2017,Broj,Ukupno,(L00-L99) Bolesti kože i potkožnog tkiva,24
2018,Broj,Ukupno,(L00-L99) Bolesti kože i potkožnog tkiva,22
2019,Broj,Ukupno,(L00-L99) Bolesti kože i potkožnog tkiva,23
2020,Broj,Ukupno,(L00-L99) Bolesti kože i potkožnog tkiva,30
2021,Broj,Ukupno,(L00-L99) Bolesti kože i potkožnog tkiva,33
2022,Broj,Ukupno,(L00-L99) Bolesti kože i potkožnog tkiva,31
2003,Broj,Ukupno,(M00-M99) Bolesti mišićno-koštanog sistema i vezivnog tkiva,6
2004,Broj,Ukupno,(M00-M99) Bolesti mišićno-koštanog sistema i vezivnog tkiva,3
2005,Broj,Ukupno,(M00-M99) Bolesti mišićno-koštanog sistema i vezivnog tkiva,12
2006,Broj,Ukupno,(M00-M99) Bolesti mišićno-koštanog sistema i vezivnog tkiva,10
2007,Broj,Ukupno,(M00-M99) Bolesti mišićno-koštanog sistema i vezivnog tkiva,13
2008,Broj,Ukupno,(M00-M99) Bolesti mišićno-koštanog sistema i vezivnog tkiva,17
2009,Broj,Ukupno,(M00-M99) Bolesti mišićno-koštanog sistema i vezivnog tkiva,13
2010,Broj,Ukupno,(M00-M99) Bolesti mišićno-koštanog sistema i vezivnog tkiva,11
2011,Broj,Ukupno,(M00-M99) Bolesti mišićno-koštanog sistema i vezivnog tkiva,18
2012,Broj,Ukupno,(M00-M99) Bolesti mišićno-koštanog sistema i vezivnog tkiva,16
2013,Broj,Ukupno,(M00-M99) Bolesti mišićno-koštanog sistema i vezivnog tkiva,28
2014,Broj,Ukupno,(M00-M99) Bolesti mišićno-koštanog sistema i vezivnog tkiva,22
2015,Broj,Ukupno,(M00-M99) Bolesti mišićno-koštanog sistema i vezivnog tkiva,30
2016,Broj,Ukupno,(M00-M99) Bolesti mišićno-koštanog sistema i vezivnog tkiva,19
2017,Broj,Ukupno,(M00-M99) Bolesti mišićno-koštanog sistema i vezivnog tkiva,17
2018,Broj,Ukupno,(M00-M99) Bolesti mišićno-koštanog sistema i vezivnog tkiva,21
2019,Broj,Ukupno,(M00-M99) Bolesti mišićno-koštanog sistema i vezivnog tkiva,13
2020,Broj,Ukupno,(M00-M99) Bolesti mišićno-koštanog sistema i vezivnog tkiva,28
2021,Broj,Ukupno,(M00-M99) Bolesti mišićno-koštanog sistema i vezivnog tkiva,8
2022,Broj,Ukupno,(M00-M99) Bolesti mišićno-koštanog sistema i vezivnog tkiva,24
2003,Broj,Ukupno,(N00-N99) Bolesti genitourinarnog sistema,222
2004,Broj,Ukupno,(N00-N99) Bolesti genitourinarnog sistema,205
2005,Broj,Ukupno,(N00-N99) Bolesti genitourinarnog sistema,257
2006,Broj,Ukupno,(N00-N99) Bolesti genitourinarnog sistema,266
2007,Broj,Ukupno,(N00-N99) Bolesti genitourinarnog sistema,275
2008,Broj,Ukupno,(N00-N99) Bolesti genitourinarnog sistema,268
2009,Broj,Ukupno,(N00-N99) Bolesti genitourinarnog sistema,257
2010,Broj,Ukupno,(N00-N99) Bolesti genitourinarnog sistema,255
2011,Broj,Ukupno,(N00-N99) Bolesti genitourinarnog sistema,175
2012,Broj,Ukupno,(N00-N99) Bolesti genitourinarnog sistema,236
2013,Broj,Ukupno,(N00-N99) Bolesti genitourinarnog sistema,213
2014,Broj,Ukupno,(N00-N99) Bolesti genitourinarnog sistema,150
2015,Broj,Ukupno,(N00-N99) Bolesti genitourinarnog sistema,179
2016,Broj,Ukupno,(N00-N99) Bolesti genitourinarnog sistema,218
2017,Broj,Ukupno,(N00-N99) Bolesti genitourinarnog sistema,193
2018,Broj,Ukupno,(N00-N99) Bolesti genitourinarnog sistema,220
2019,Broj,Ukupno,(N00-N99) Bolesti genitourinarnog sistema,195
2020,Broj,Ukupno,(N00-N99) Bolesti genitourinarnog sistema,221
2021,Broj,Ukupno,(N00-N99) Bolesti genitourinarnog sistema,197
2022,Broj,Ukupno,(N00-N99) Bolesti genitourinarnog sistema,254
2003,Broj,Ukupno,"(O00-O99) Trudnoća, porođaj i puerperijum",1
2004,Broj,Ukupno,"(O00-O99) Trudnoća, porođaj i puerperijum",0
2005,Broj,Ukupno,"(O00-O99) Trudnoća, porođaj i puerperijum",2
2006,Broj,Ukupno,"(O00-O99) Trudnoća, porođaj i puerperijum",2
2007,Broj,Ukupno,"(O00-O99) Trudnoća, porođaj i puerperijum",1
2008,Broj,Ukupno,"(O00-O99) Trudnoća, porođaj i puerperijum",1
2009,Broj,Ukupno,"(O00-O99) Trudnoća, porođaj i puerperijum",0
2010,Broj,Ukupno,"(O00-O99) Trudnoća, porođaj i puerperijum",1
2011,Broj,Ukupno,"(O00-O99) Trudnoća, porođaj i puerperijum",1
2012,Broj,Ukupno,"(O00-O99) Trudnoća, porođaj i puerperijum",0
2013,Broj,Ukupno,"(O00-O99) Trudnoća, porođaj i puerperijum",0
2014,Broj,Ukupno,"(O00-O99) Trudnoća, porođaj i puerperijum",0
2015,Broj,Ukupno,"(O00-O99) Trudnoća, porođaj i puerperijum",1
2016,Broj,Ukupno,"(O00-O99) Trudnoća, porođaj i puerperijum",1
2017,Broj,Ukupno,"(O00-O99) Trudnoća, porođaj i puerperijum",0
2018,Broj,Ukupno,"(O00-O99) Trudnoća, porođaj i puerperijum",1
2019,Broj,Ukupno,"(O00-O99) Trudnoća, porođaj i puerperijum",0
2020,Broj,Ukupno,"(O00-O99) Trudnoća, porođaj i puerperijum",3
2021,Broj,Ukupno,"(O00-O99) Trudnoća, porođaj i puerperijum",0
2022,Broj,Ukupno,"(O00-O99) Trudnoća, porođaj i puerperijum",1
2003,Broj,Ukupno,(P00-P96) Određena stanja nastala u perinatalnom periodu,44
2004,Broj,Ukupno,(P00-P96) Određena stanja nastala u perinatalnom periodu,38
2005,Broj,Ukupno,(P00-P96) Određena stanja nastala u perinatalnom periodu,27
2006,Broj,Ukupno,(P00-P96) Određena stanja nastala u perinatalnom periodu,38
2007,Broj,Ukupno,(P00-P96) Određena stanja nastala u perinatalnom periodu,27
2008,Broj,Ukupno,(P00-P96) Određena stanja nastala u perinatalnom periodu,20
2009,Broj,Ukupno,(P00-P96) Određena stanja nastala u perinatalnom periodu,34
2010,Broj,Ukupno,(P00-P96) Određena stanja nastala u perinatalnom periodu,29
2011,Broj,Ukupno,(P00-P96) Određena stanja nastala u perinatalnom periodu,36
2012,Broj,Ukupno,(P00-P96) Određena stanja nastala u perinatalnom periodu,29
2013,Broj,Ukupno,(P00-P96) Određena stanja nastala u perinatalnom periodu,21
2014,Broj,Ukupno,(P00-P96) Određena stanja nastala u perinatalnom periodu,16
2015,Broj,Ukupno,(P00-P96) Određena stanja nastala u perinatalnom periodu,10
2016,Broj,Ukupno,(P00-P96) Određena stanja nastala u perinatalnom periodu,18
2017,Broj,Ukupno,(P00-P96) Određena stanja nastala u perinatalnom periodu,17
2018,Broj,Ukupno,(P00-P96) Određena stanja nastala u perinatalnom periodu,10
2019,Broj,Ukupno,(P00-P96) Određena stanja nastala u perinatalnom periodu,11
2020,Broj,Ukupno,(P00-P96) Određena stanja nastala u perinatalnom periodu,34
2021,Broj,Ukupno,(P00-P96) Određena stanja nastala u perinatalnom periodu,9
2022,Broj,Ukupno,(P00-P96) Određena stanja nastala u perinatalnom periodu,19
2003,Broj,Ukupno,"(Q00-Q99) Kongenitalne anomalije, deformacije i hromozomske nenormalnosti",10
2004,Broj,Ukupno,"(Q00-Q99) Kongenitalne anomalije, deformacije i hromozomske nenormalnosti",11
2005,Broj,Ukupno,"(Q00-Q99) Kongenitalne anomalije, deformacije i hromozomske nenormalnosti",14
2006,Broj,Ukupno,"(Q00-Q99) Kongenitalne anomalije, deformacije i hromozomske nenormalnosti",14
2007,Broj,Ukupno,"(Q00-Q99) Kongenitalne anomalije, deformacije i hromozomske nenormalnosti",14
2008,Broj,Ukupno,"(Q00-Q99) Kongenitalne anomalije, deformacije i hromozomske nenormalnosti",15
2009,Broj,Ukupno,"(Q00-Q99) Kongenitalne anomalije, deformacije i hromozomske nenormalnosti",20
2010,Broj,Ukupno,"(Q00-Q99) Kongenitalne anomalije, deformacije i hromozomske nenormalnosti",17
2011,Broj,Ukupno,"(Q00-Q99) Kongenitalne anomalije, deformacije i hromozomske nenormalnosti",9
2012,Broj,Ukupno,"(Q00-Q99) Kongenitalne anomalije, deformacije i hromozomske nenormalnosti",6
2013,Broj,Ukupno,"(Q00-Q99) Kongenitalne anomalije, deformacije i hromozomske nenormalnosti",10
2014,Broj,Ukupno,"(Q00-Q99) Kongenitalne anomalije, deformacije i hromozomske nenormalnosti",10
2015,Broj,Ukupno,"(Q00-Q99) Kongenitalne anomalije, deformacije i hromozomske nenormalnosti",7
2016,Broj,Ukupno,"(Q00-Q99) Kongenitalne anomalije, deformacije i hromozomske nenormalnosti",5
2017,Broj,Ukupno,"(Q00-Q99) Kongenitalne anomalije, deformacije i hromozomske nenormalnosti",5
2018,Broj,Ukupno,"(Q00-Q99) Kongenitalne anomalije, deformacije i hromozomske nenormalnosti",5
2019,Broj,Ukupno,"(Q00-Q99) Kongenitalne anomalije, deformacije i hromozomske nenormalnosti",4
2020,Broj,Ukupno,"(Q00-Q99) Kongenitalne anomalije, deformacije i hromozomske nenormalnosti",6
2021,Broj,Ukupno,"(Q00-Q99) Kongenitalne anomalije, deformacije i hromozomske nenormalnosti",5
2022,Broj,Ukupno,"(Q00-Q99) Kongenitalne anomalije, deformacije i hromozomske nenormalnosti",13
2003,Broj,Ukupno,"(R00-R99) Simptomi, znakovi i nenormalni klinički i laboratorijski nalazi, neklasifikovani na drugom mjestu",1612
2004,Broj,Ukupno,"(R00-R99) Simptomi, znakovi i nenormalni klinički i laboratorijski nalazi, neklasifikovani na drugom mjestu",1462
2005,Broj,Ukupno,"(R00-R99) Simptomi, znakovi i nenormalni klinički i laboratorijski nalazi, neklasifikovani na drugom mjestu",1249
2006,Broj,Ukupno,"(R00-R99) Simptomi, znakovi i nenormalni klinički i laboratorijski nalazi, neklasifikovani na drugom mjestu",1200
2007,Broj,Ukupno,"(R00-R99) Simptomi, znakovi i nenormalni klinički i laboratorijski nalazi, neklasifikovani na drugom mjestu",1288
2008,Broj,Ukupno,"(R00-R99) Simptomi, znakovi i nenormalni klinički i laboratorijski nalazi, neklasifikovani na drugom mjestu",945
2009,Broj,Ukupno,"(R00-R99) Simptomi, znakovi i nenormalni klinički i laboratorijski nalazi, neklasifikovani na drugom mjestu",953
2010,Broj,Ukupno,"(R00-R99) Simptomi, znakovi i nenormalni klinički i laboratorijski nalazi, neklasifikovani na drugom mjestu",877
2011,Broj,Ukupno,"(R00-R99) Simptomi, znakovi i nenormalni klinički i laboratorijski nalazi, neklasifikovani na drugom mjestu",681
2012,Broj,Ukupno,"(R00-R99) Simptomi, znakovi i nenormalni klinički i laboratorijski nalazi, neklasifikovani na drugom mjestu",612
2013,Broj,Ukupno,"(R00-R99) Simptomi, znakovi i nenormalni klinički i laboratorijski nalazi, neklasifikovani na drugom mjestu",1231
2014,Broj,Ukupno,"(R00-R99) Simptomi, znakovi i nenormalni klinički i laboratorijski nalazi, neklasifikovani na drugom mjestu",1445
2015,Broj,Ukupno,"(R00-R99) Simptomi, znakovi i nenormalni klinički i laboratorijski nalazi, neklasifikovani na drugom mjestu",1556
2016,Broj,Ukupno,"(R00-R99) Simptomi, znakovi i nenormalni klinički i laboratorijski nalazi, neklasifikovani na drugom mjestu",1198
2017,Broj,Ukupno,"(R00-R99) Simptomi, znakovi i nenormalni klinički i laboratorijski nalazi, neklasifikovani na drugom mjestu",1435
2018,Broj,Ukupno,"(R00-R99) Simptomi, znakovi i nenormalni klinički i laboratorijski nalazi, neklasifikovani na drugom mjestu",1650
2019,Broj,Ukupno,"(R00-R99) Simptomi, znakovi i nenormalni klinički i laboratorijski nalazi, neklasifikovani na drugom mjestu",1961
2020,Broj,Ukupno,"(R00-R99) Simptomi, znakovi i nenormalni klinički i laboratorijski nalazi, neklasifikovani na drugom mjestu",1599
2021,Broj,Ukupno,"(R00-R99) Simptomi, znakovi i nenormalni klinički i laboratorijski nalazi, neklasifikovani na drugom mjestu",2213
2022,Broj,Ukupno,"(R00-R99) Simptomi, znakovi i nenormalni klinički i laboratorijski nalazi, neklasifikovani na drugom mjestu",2158
2003,Broj,Ukupno,"(S00-T98) Povrede, trovanja i posljedice djelovanja spoljnih faktora",580
2004,Broj,Ukupno,"(S00-T98) Povrede, trovanja i posljedice djelovanja spoljnih faktora",552
2005,Broj,Ukupno,"(S00-T98) Povrede, trovanja i posljedice djelovanja spoljnih faktora",618
2006,Broj,Ukupno,"(S00-T98) Povrede, trovanja i posljedice djelovanja spoljnih faktora",615
2007,Broj,Ukupno,"(S00-T98) Povrede, trovanja i posljedice djelovanja spoljnih faktora",634
2008,Broj,Ukupno,"(S00-T98) Povrede, trovanja i posljedice djelovanja spoljnih faktora",584
2009,Broj,Ukupno,"(S00-T98) Povrede, trovanja i posljedice djelovanja spoljnih faktora",581
2010,Broj,Ukupno,"(S00-T98) Povrede, trovanja i posljedice djelovanja spoljnih faktora",511
2011,Broj,Ukupno,"(S00-T98) Povrede, trovanja i posljedice djelovanja spoljnih faktora",600
2012,Broj,Ukupno,"(S00-T98) Povrede, trovanja i posljedice djelovanja spoljnih faktora",538
2013,Broj,Ukupno,"(S00-T98) Povrede, trovanja i posljedice djelovanja spoljnih faktora",504
2014,Broj,Ukupno,"(S00-T98) Povrede, trovanja i posljedice djelovanja spoljnih faktora",532
2015,Broj,Ukupno,"(S00-T98) Povrede, trovanja i posljedice djelovanja spoljnih faktora",559
2016,Broj,Ukupno,"(S00-T98) Povrede, trovanja i posljedice djelovanja spoljnih faktora",491
2017,Broj,Ukupno,"(S00-T98) Povrede, trovanja i posljedice djelovanja spoljnih faktora",474
2018,Broj,Ukupno,"(S00-T98) Povrede, trovanja i posljedice djelovanja spoljnih faktora",482
2019,Broj,Ukupno,"(S00-T98) Povrede, trovanja i posljedice djelovanja spoljnih faktora",430
2020,Broj,Ukupno,"(S00-T98) Povrede, trovanja i posljedice djelovanja spoljnih faktora",405
2021,Broj,Ukupno,"(S00-T98) Povrede, trovanja i posljedice djelovanja spoljnih faktora",448
2022,Broj,Ukupno,"(S00-T98) Povrede, trovanja i posljedice djelovanja spoljnih faktora",465
2003,Broj,Ukupno,(U00-U85) Šifre za posebne namjene,0
2004,Broj,Ukupno,(U00-U85) Šifre za posebne namjene,0
2005,Broj,Ukupno,(U00-U85) Šifre za posebne namjene,0
2006,Broj,Ukupno,(U00-U85) Šifre za posebne namjene,0
2007,Broj,Ukupno,(U00-U85) Šifre za posebne namjene,0
2008,Broj,Ukupno,(U00-U85) Šifre za posebne namjene,0
2009,Broj,Ukupno,(U00-U85) Šifre za posebne namjene,0
2010,Broj,Ukupno,(U00-U85) Šifre za posebne namjene,0
2011,Broj,Ukupno,(U00-U85) Šifre za posebne namjene,0
2012,Broj,Ukupno,(U00-U85) Šifre za posebne namjene,0
2013,Broj,Ukupno,(U00-U85) Šifre za posebne namjene,0
2014,Broj,Ukupno,(U00-U85) Šifre za posebne namjene,0
2015,Broj,Ukupno,(U00-U85) Šifre za posebne namjene,0
2016,Broj,Ukupno,(U00-U85) Šifre za posebne namjene,0
2017,Broj,Ukupno,(U00-U85) Šifre za posebne namjene,0
2018,Broj,Ukupno,(U00-U85) Šifre za posebne namjene,0
2019,Broj,Ukupno,(U00-U85) Šifre za posebne namjene,0
2020,Broj,Ukupno,(U00-U85) Šifre za posebne namjene,1592
2021,Broj,Ukupno,(U00-U85) Šifre za posebne namjene,3846
2022,Broj,Ukupno,(U00-U85) Šifre za posebne namjene,1312
2003,Broj,M,Ukupno,6804
2004,Broj,M,Ukupno,6735
2005,Broj,M,Ukupno,7239
2006,Broj,M,Ukupno,6904
2007,Broj,M,Ukupno,7302
2008,Broj,M,Ukupno,7058
2009,Broj,M,Ukupno,7099
2010,Broj,M,Ukupno,6935
2011,Broj,M,Ukupno,7001
2012,Broj,M,Ukupno,7064
2013,Broj,M,Ukupno,7237
2014,Broj,M,Ukupno,7386
2015,Broj,M,Ukupno,7640
2016,Broj,M,Ukupno,7198
2017,Broj,M,Ukupno,7363
2018,Broj,M,Ukupno,7449
2019,Broj,M,Ukupno,7753
2020,Broj,M,Ukupno,8613
2021,Broj,M,Ukupno,9943
2022,Broj,M,Ukupno,8469
2003,Broj,M,(A00-B99) Infektivne i parazitske bolesti,59
2004,Broj,M,(A00-B99) Infektivne i parazitske bolesti,75
2005,Broj,M,(A00-B99) Infektivne i parazitske bolesti,78
2006,Broj,M,(A00-B99) Infektivne i parazitske bolesti,73
2007,Broj,M,(A00-B99) Infektivne i parazitske bolesti,70
2008,Broj,M,(A00-B99) Infektivne i parazitske bolesti,72
2009,Broj,M,(A00-B99) Infektivne i parazitske bolesti,75
2010,Broj,M,(A00-B99) Infektivne i parazitske bolesti,72
2011,Broj,M,(A00-B99) Infektivne i parazitske bolesti,79
2012,Broj,M,(A00-B99) Infektivne i parazitske bolesti,69
2013,Broj,M,(A00-B99) Infektivne i parazitske bolesti,73
2014,Broj,M,(A00-B99) Infektivne i parazitske bolesti,80
2015,Broj,M,(A00-B99) Infektivne i parazitske bolesti,92
2016,Broj,M,(A00-B99) Infektivne i parazitske bolesti,104
2017,Broj,M,(A00-B99) Infektivne i parazitske bolesti,85
2018,Broj,M,(A00-B99) Infektivne i parazitske bolesti,109
2019,Broj,M,(A00-B99) Infektivne i parazitske bolesti,119
2020,Broj,M,(A00-B99) Infektivne i parazitske bolesti,87
2021,Broj,M,(A00-B99) Infektivne i parazitske bolesti,86
2022,Broj,M,(A00-B99) Infektivne i parazitske bolesti,115
2003,Broj,M,"(C00-C97,D00-D48) Neoplazme",1461
2004,Broj,M,"(C00-C97,D00-D48) Neoplazme",1402
2005,Broj,M,"(C00-C97,D00-D48) Neoplazme",1581
2006,Broj,M,"(C00-C97,D00-D48) Neoplazme",1536
2007,Broj,M,"(C00-C97,D00-D48) Neoplazme",1624
2008,Broj,M,"(C00-C97,D00-D48) Neoplazme",1658
2009,Broj,M,"(C00-C97,D00-D48) Neoplazme",1661
2010,Broj,M,"(C00-C97,D00-D48) Neoplazme",1595
2011,Broj,M,"(C00-C97,D00-D48) Neoplazme",1684
2012,Broj,M,"(C00-C97,D00-D48) Neoplazme",1754
2013,Broj,M,"(C00-C97,D00-D48) Neoplazme",1859
2014,Broj,M,"(C00-C97,D00-D48) Neoplazme",1801
2015,Broj,M,"(C00-C97,D00-D48) Neoplazme",1783
2016,Broj,M,"(C00-C97,D00-D48) Neoplazme",1739
2017,Broj,M,"(C00-C97,D00-D48) Neoplazme",1759
2018,Broj,M,"(C00-C97,D00-D48) Neoplazme",1729
2019,Broj,M,"(C00-C97,D00-D48) Neoplazme",1705
2020,Broj,M,"(C00-C97,D00-D48) Neoplazme",1622
2021,Broj,M,"(C00-C97,D00-D48) Neoplazme",1558
2022,Broj,M,"(C00-C97,D00-D48) Neoplazme",1519
2003,Broj,M,(D50-D89) Bolesti krvi i krvotvornih organa i neki poremećaji imunog sistema,6
2004,Broj,M,(D50-D89) Bolesti krvi i krvotvornih organa i neki poremećaji imunog sistema,2
2005,Broj,M,(D50-D89) Bolesti krvi i krvotvornih organa i neki poremećaji imunog sistema,5
2006,Broj,M,(D50-D89) Bolesti krvi i krvotvornih organa i neki poremećaji imunog sistema,2
2007,Broj,M,(D50-D89) Bolesti krvi i krvotvornih organa i neki poremećaji imunog sistema,6
2008,Broj,M,(D50-D89) Bolesti krvi i krvotvornih organa i neki poremećaji imunog sistema,3
2009,Broj,M,(D50-D89) Bolesti krvi i krvotvornih organa i neki poremećaji imunog sistema,4
2010,Broj,M,(D50-D89) Bolesti krvi i krvotvornih organa i neki poremećaji imunog sistema,5
2011,Broj,M,(D50-D89) Bolesti krvi i krvotvornih organa i neki poremećaji imunog sistema,7
2012,Broj,M,(D50-D89) Bolesti krvi i krvotvornih organa i neki poremećaji imunog sistema,9
2013,Broj,M,(D50-D89) Bolesti krvi i krvotvornih organa i neki poremećaji imunog sistema,8
2014,Broj,M,(D50-D89) Bolesti krvi i krvotvornih organa i neki poremećaji imunog sistema,2
2015,Broj,M,(D50-D89) Bolesti krvi i krvotvornih organa i neki poremećaji imunog sistema,9
2016,Broj,M,(D50-D89) Bolesti krvi i krvotvornih organa i neki poremećaji imunog sistema,9
2017,Broj,M,(D50-D89) Bolesti krvi i krvotvornih organa i neki poremećaji imunog sistema,3
2018,Broj,M,(D50-D89) Bolesti krvi i krvotvornih organa i neki poremećaji imunog sistema,18
2019,Broj,M,(D50-D89) Bolesti krvi i krvotvornih organa i neki poremećaji imunog sistema,8
2020,Broj,M,(D50-D89) Bolesti krvi i krvotvornih organa i neki poremećaji imunog sistema,12
2021,Broj,M,(D50-D89) Bolesti krvi i krvotvornih organa i neki poremećaji imunog sistema,7
2022,Broj,M,(D50-D89) Bolesti krvi i krvotvornih organa i neki poremećaji imunog sistema,9
2003,Broj,M,"(E00-E90) Bolesti žlijezda sa unutrašnjim lučenjem, ishrane i metabolizma",71
2004,Broj,M,"(E00-E90) Bolesti žlijezda sa unutrašnjim lučenjem, ishrane i metabolizma",68
2005,Broj,M,"(E00-E90) Bolesti žlijezda sa unutrašnjim lučenjem, ishrane i metabolizma",286
2006,Broj,M,"(E00-E90) Bolesti žlijezda sa unutrašnjim lučenjem, ishrane i metabolizma",306
2007,Broj,M,"(E00-E90) Bolesti žlijezda sa unutrašnjim lučenjem, ishrane i metabolizma",349
2008,Broj,M,"(E00-E90) Bolesti žlijezda sa unutrašnjim lučenjem, ishrane i metabolizma",310
2009,Broj,M,"(E00-E90) Bolesti žlijezda sa unutrašnjim lučenjem, ishrane i metabolizma",361
2010,Broj,M,"(E00-E90) Bolesti žlijezda sa unutrašnjim lučenjem, ishrane i metabolizma",289
2011,Broj,M,"(E00-E90) Bolesti žlijezda sa unutrašnjim lučenjem, ishrane i metabolizma",257
2012,Broj,M,"(E00-E90) Bolesti žlijezda sa unutrašnjim lučenjem, ishrane i metabolizma",211
2013,Broj,M,"(E00-E90) Bolesti žlijezda sa unutrašnjim lučenjem, ishrane i metabolizma",341
2014,Broj,M,"(E00-E90) Bolesti žlijezda sa unutrašnjim lučenjem, ishrane i metabolizma",411
2015,Broj,M,"(E00-E90) Bolesti žlijezda sa unutrašnjim lučenjem, ishrane i metabolizma",362
2016,Broj,M,"(E00-E90) Bolesti žlijezda sa unutrašnjim lučenjem, ishrane i metabolizma",313
2017,Broj,M,"(E00-E90) Bolesti žlijezda sa unutrašnjim lučenjem, ishrane i metabolizma",373
2018,Broj,M,"(E00-E90) Bolesti žlijezda sa unutrašnjim lučenjem, ishrane i metabolizma",386
2019,Broj,M,"(E00-E90) Bolesti žlijezda sa unutrašnjim lučenjem, ishrane i metabolizma",261
2020,Broj,M,"(E00-E90) Bolesti žlijezda sa unutrašnjim lučenjem, ishrane i metabolizma",340
2021,Broj,M,"(E00-E90) Bolesti žlijezda sa unutrašnjim lučenjem, ishrane i metabolizma",387
2022,Broj,M,"(E00-E90) Bolesti žlijezda sa unutrašnjim lučenjem, ishrane i metabolizma",435
2003,Broj,M,(F00-F99) Duševni poremećaji i poremećaji ponašanja,24
2004,Broj,M,(F00-F99) Duševni poremećaji i poremećaji ponašanja,46
2005,Broj,M,(F00-F99) Duševni poremećaji i poremećaji ponašanja,64
2006,Broj,M,(F00-F99) Duševni poremećaji i poremećaji ponašanja,67
2007,Broj,M,(F00-F99) Duševni poremećaji i poremećaji ponašanja,87
2008,Broj,M,(F00-F99) Duševni poremećaji i poremećaji ponašanja,82
2009,Broj,M,(F00-F99) Duševni poremećaji i poremećaji ponašanja,92
2010,Broj,M,(F00-F99) Duševni poremećaji i poremećaji ponašanja,73
2011,Broj,M,(F00-F99) Duševni poremećaji i poremećaji ponašanja,58
2012,Broj,M,(F00-F99) Duševni poremećaji i poremećaji ponašanja,46
2013,Broj,M,(F00-F99) Duševni poremećaji i poremećaji ponašanja,64
2014,Broj,M,(F00-F99) Duševni poremećaji i poremećaji ponašanja,63
2015,Broj,M,(F00-F99) Duševni poremećaji i poremećaji ponašanja,44
2016,Broj,M,(F00-F99) Duševni poremećaji i poremećaji ponašanja,72
2017,Broj,M,(F00-F99) Duševni poremećaji i poremećaji ponašanja,70
2018,Broj,M,(F00-F99) Duševni poremećaji i poremećaji ponašanja,55
2019,Broj,M,(F00-F99) Duševni poremećaji i poremećaji ponašanja,50
2020,Broj,M,(F00-F99) Duševni poremećaji i poremećaji ponašanja,43
2021,Broj,M,(F00-F99) Duševni poremećaji i poremećaji ponašanja,63
2022,Broj,M,(F00-F99) Duševni poremećaji i poremećaji ponašanja,94
2003,Broj,M,(G00-G99) Bolesti nervnog sistema,39
2004,Broj,M,(G00-G99) Bolesti nervnog sistema,53
2005,Broj,M,(G00-G99) Bolesti nervnog sistema,86
2006,Broj,M,(G00-G99) Bolesti nervnog sistema,111
2007,Broj,M,(G00-G99) Bolesti nervnog sistema,85
2008,Broj,M,(G00-G99) Bolesti nervnog sistema,91
2009,Broj,M,(G00-G99) Bolesti nervnog sistema,78
2010,Broj,M,(G00-G99) Bolesti nervnog sistema,76
2011,Broj,M,(G00-G99) Bolesti nervnog sistema,112
2012,Broj,M,(G00-G99) Bolesti nervnog sistema,105
2013,Broj,M,(G00-G99) Bolesti nervnog sistema,98
2014,Broj,M,(G00-G99) Bolesti nervnog sistema,97
2015,Broj,M,(G00-G99) Bolesti nervnog sistema,106
2016,Broj,M,(G00-G99) Bolesti nervnog sistema,96
2017,Broj,M,(G00-G99) Bolesti nervnog sistema,102
2018,Broj,M,(G00-G99) Bolesti nervnog sistema,82
2019,Broj,M,(G00-G99) Bolesti nervnog sistema,84
2020,Broj,M,(G00-G99) Bolesti nervnog sistema,91
2021,Broj,M,(G00-G99) Bolesti nervnog sistema,100
2021,Broj,M,(G00-G99) Bolesti nervnog sistema,90
2003,Broj,M,(H00-H59) Bolesti oka i pripojka oka,0
2004,Broj,M,(H00-H59) Bolesti oka i pripojka oka,0
2005,Broj,M,(H00-H59) Bolesti oka i pripojka oka,0
2006,Broj,M,(H00-H59) Bolesti oka i pripojka oka,0
2007,Broj,M,(H00-H59) Bolesti oka i pripojka oka,0
2008,Broj,M,(H00-H59) Bolesti oka i pripojka oka,0
2009,Broj,M,(H00-H59) Bolesti oka i pripojka oka,0
2010,Broj,M,(H00-H59) Bolesti oka i pripojka oka,0
2011,Broj,M,(H00-H59) Bolesti oka i pripojka oka,0
2012,Broj,M,(H00-H59) Bolesti oka i pripojka oka,0
2013,Broj,M,(H00-H59) Bolesti oka i pripojka oka,0
2014,Broj,M,(H00-H59) Bolesti oka i pripojka oka,0
2015,Broj,M,(H00-H59) Bolesti oka i pripojka oka,0
2016,Broj,M,(H00-H59) Bolesti oka i pripojka oka,0
2017,Broj,M,(H00-H59) Bolesti oka i pripojka oka,0
2018,Broj,M,(H00-H59) Bolesti oka i pripojka oka,0
2019,Broj,M,(H00-H59) Bolesti oka i pripojka oka,0
2020,Broj,M,(H00-H59) Bolesti oka i pripojka oka,0
2021,Broj,M,(H00-H59) Bolesti oka i pripojka oka,0
2022,Broj,M,(H00-H59) Bolesti oka i pripojka oka,0
2003,Broj,M,(H60-H93) Bolesti uva i mastoidnog nastavka,0
2004,Broj,M,(H60-H93) Bolesti uva i mastoidnog nastavka,0
2005,Broj,M,(H60-H93) Bolesti uva i mastoidnog nastavka,1
2006,Broj,M,(H60-H93) Bolesti uva i mastoidnog nastavka,0
2007,Broj,M,(H60-H93) Bolesti uva i mastoidnog nastavka,1
2008,Broj,M,(H60-H93) Bolesti uva i mastoidnog nastavka,0
2009,Broj,M,(H60-H93) Bolesti uva i mastoidnog nastavka,0
2010,Broj,M,(H60-H93) Bolesti uva i mastoidnog nastavka,0
2011,Broj,M,(H60-H93) Bolesti uva i mastoidnog nastavka,0
2012,Broj,M,(H60-H93) Bolesti uva i mastoidnog nastavka,0
2013,Broj,M,(H60-H93) Bolesti uva i mastoidnog nastavka,0
2014,Broj,M,(H60-H93) Bolesti uva i mastoidnog nastavka,0
2015,Broj,M,(H60-H93) Bolesti uva i mastoidnog nastavka,0
2016,Broj,M,(H60-H93) Bolesti uva i mastoidnog nastavka,0
2017,Broj,M,(H60-H93) Bolesti uva i mastoidnog nastavka,0
2018,Broj,M,(H60-H93) Bolesti uva i mastoidnog nastavka,0
2019,Broj,M,(H60-H93) Bolesti uva i mastoidnog nastavka,0
2020,Broj,M,(H60-H93) Bolesti uva i mastoidnog nastavka,0
2021,Broj,M,(H60-H93) Bolesti uva i mastoidnog nastavka,0
2022,Broj,M,(H60-H93) Bolesti uva i mastoidnog nastavka,0
2003,Broj,M,(I00-I99) Bolesti cirkulatornog sistema,3323
2004,Broj,M,(I00-I99) Bolesti cirkulatornog sistema,3383
2005,Broj,M,(I00-I99) Bolesti cirkulatornog sistema,3325
2006,Broj,M,(I00-I99) Bolesti cirkulatornog sistema,3005
2007,Broj,M,(I00-I99) Bolesti cirkulatornog sistema,3233
2008,Broj,M,(I00-I99) Bolesti cirkulatornog sistema,3209
2009,Broj,M,(I00-I99) Bolesti cirkulatornog sistema,3271
2010,Broj,M,(I00-I99) Bolesti cirkulatornog sistema,3285
2011,Broj,M,(I00-I99) Bolesti cirkulatornog sistema,3330
2012,Broj,M,(I00-I99) Bolesti cirkulatornog sistema,3516
2013,Broj,M,(I00-I99) Bolesti cirkulatornog sistema,3062
2014,Broj,M,(I00-I99) Bolesti cirkulatornog sistema,3142
2015,Broj,M,(I00-I99) Bolesti cirkulatornog sistema,3311
2016,Broj,M,(I00-I99) Bolesti cirkulatornog sistema,3177
2017,Broj,M,(I00-I99) Bolesti cirkulatornog sistema,3220
2018,Broj,M,(I00-I99) Bolesti cirkulatornog sistema,3084
2019,Broj,M,(I00-I99) Bolesti cirkulatornog sistema,3440
2020,Broj,M,(I00-I99) Bolesti cirkulatornog sistema,3452
2021,Broj,M,(I00-I99) Bolesti cirkulatornog sistema,3261
2022,Broj,M,(I00-I99) Bolesti cirkulatornog sistema,3175
2003,Broj,M,(J00-J99) Bolesti respiratornog sistema,184
2004,Broj,M,(J00-J99) Bolesti respiratornog sistema,211
2005,Broj,M,(J00-J99) Bolesti respiratornog sistema,284
2006,Broj,M,(J00-J99) Bolesti respiratornog sistema,292
2007,Broj,M,(J00-J99) Bolesti respiratornog sistema,282
2008,Broj,M,(J00-J99) Bolesti respiratornog sistema,276
2009,Broj,M,(J00-J99) Bolesti respiratornog sistema,254
2010,Broj,M,(J00-J99) Bolesti respiratornog sistema,277
2011,Broj,M,(J00-J99) Bolesti respiratornog sistema,303
2012,Broj,M,(J00-J99) Bolesti respiratornog sistema,263
2013,Broj,M,(J00-J99) Bolesti respiratornog sistema,334
2014,Broj,M,(J00-J99) Bolesti respiratornog sistema,315
2015,Broj,M,(J00-J99) Bolesti respiratornog sistema,370
2016,Broj,M,(J00-J99) Bolesti respiratornog sistema,306
2017,Broj,M,(J00-J99) Bolesti respiratornog sistema,333
2018,Broj,M,(J00-J99) Bolesti respiratornog sistema,344
2019,Broj,M,(J00-J99) Bolesti respiratornog sistema,338
2020,Broj,M,(J00-J99) Bolesti respiratornog sistema,377
2021,Broj,M,(J00-J99) Bolesti respiratornog sistema,369
2022,Broj,M,(J00-J99) Bolesti respiratornog sistema,311
2003,Broj,M,(K00-K93) Bolesti digestivnog sistema,216
2004,Broj,M,(K00-K93) Bolesti digestivnog sistema,206
2005,Broj,M,(K00-K93) Bolesti digestivnog sistema,219
2006,Broj,M,(K00-K93) Bolesti digestivnog sistema,233
2007,Broj,M,(K00-K93) Bolesti digestivnog sistema,249
2008,Broj,M,(K00-K93) Bolesti digestivnog sistema,235
2009,Broj,M,(K00-K93) Bolesti digestivnog sistema,223
2010,Broj,M,(K00-K93) Bolesti digestivnog sistema,242
2011,Broj,M,(K00-K93) Bolesti digestivnog sistema,255
2012,Broj,M,(K00-K93) Bolesti digestivnog sistema,248
2013,Broj,M,(K00-K93) Bolesti digestivnog sistema,219
2014,Broj,M,(K00-K93) Bolesti digestivnog sistema,241
2015,Broj,M,(K00-K93) Bolesti digestivnog sistema,249
2016,Broj,M,(K00-K93) Bolesti digestivnog sistema,265
2017,Broj,M,(K00-K93) Bolesti digestivnog sistema,229
2018,Broj,M,(K00-K93) Bolesti digestivnog sistema,290
2019,Broj,M,(K00-K93) Bolesti digestivnog sistema,239
2020,Broj,M,(K00-K93) Bolesti digestivnog sistema,269
2021,Broj,M,(K00-K93) Bolesti digestivnog sistema,244
2022,Broj,M,(K00-K93) Bolesti digestivnog sistema,286
2003,Broj,M,(L00-L99) Bolesti kože i potkožnog tkiva,0
2004,Broj,M,(L00-L99) Bolesti kože i potkožnog tkiva,0
2005,Broj,M,(L00-L99) Bolesti kože i potkožnog tkiva,0
2006,Broj,M,(L00-L99) Bolesti kože i potkožnog tkiva,0
2007,Broj,M,(L00-L99) Bolesti kože i potkožnog tkiva,0
2008,Broj,M,(L00-L99) Bolesti kože i potkožnog tkiva,0
2009,Broj,M,(L00-L99) Bolesti kože i potkožnog tkiva,1
2010,Broj,M,(L00-L99) Bolesti kože i potkožnog tkiva,4
2011,Broj,M,(L00-L99) Bolesti kože i potkožnog tkiva,0
2012,Broj,M,(L00-L99) Bolesti kože i potkožnog tkiva,3
2013,Broj,M,(L00-L99) Bolesti kože i potkožnog tkiva,9
2014,Broj,M,(L00-L99) Bolesti kože i potkožnog tkiva,13
2015,Broj,M,(L00-L99) Bolesti kože i potkožnog tkiva,7
2016,Broj,M,(L00-L99) Bolesti kože i potkožnog tkiva,7
2017,Broj,M,(L00-L99) Bolesti kože i potkožnog tkiva,5
2018,Broj,M,(L00-L99) Bolesti kože i potkožnog tkiva,12
2019,Broj,M,(L00-L99) Bolesti kože i potkožnog tkiva,7
2020,Broj,M,(L00-L99) Bolesti kože i potkožnog tkiva,13
2021,Broj,M,(L00-L99) Bolesti kože i potkožnog tkiva,12
2022,Broj,M,(L00-L99) Bolesti kože i potkožnog tkiva,13
2003,Broj,M,(M00-M99) Bolesti mišićno-koštanog sistema i vezivnog tkiva,3
2004,Broj,M,(M00-M99) Bolesti mišićno-koštanog sistema i vezivnog tkiva,1
2005,Broj,M,(M00-M99) Bolesti mišićno-koštanog sistema i vezivnog tkiva,5
2006,Broj,M,(M00-M99) Bolesti mišićno-koštanog sistema i vezivnog tkiva,1
2007,Broj,M,(M00-M99) Bolesti mišićno-koštanog sistema i vezivnog tkiva,4
2008,Broj,M,(M00-M99) Bolesti mišićno-koštanog sistema i vezivnog tkiva,3
2009,Broj,M,(M00-M99) Bolesti mišićno-koštanog sistema i vezivnog tkiva,2
2010,Broj,M,(M00-M99) Bolesti mišićno-koštanog sistema i vezivnog tkiva,3
2011,Broj,M,(M00-M99) Bolesti mišićno-koštanog sistema i vezivnog tkiva,4
2012,Broj,M,(M00-M99) Bolesti mišićno-koštanog sistema i vezivnog tkiva,4
2013,Broj,M,(M00-M99) Bolesti mišićno-koštanog sistema i vezivnog tkiva,9
2014,Broj,M,(M00-M99) Bolesti mišićno-koštanog sistema i vezivnog tkiva,8
2015,Broj,M,(M00-M99) Bolesti mišićno-koštanog sistema i vezivnog tkiva,12
2016,Broj,M,(M00-M99) Bolesti mišićno-koštanog sistema i vezivnog tkiva,6
2017,Broj,M,(M00-M99) Bolesti mišićno-koštanog sistema i vezivnog tkiva,8
2018,Broj,M,(M00-M99) Bolesti mišićno-koštanog sistema i vezivnog tkiva,4
2019,Broj,M,(M00-M99) Bolesti mišićno-koštanog sistema i vezivnog tkiva,4
2020,Broj,M,(M00-M99) Bolesti mišićno-koštanog sistema i vezivnog tkiva,7
2021,Broj,M,(M00-M99) Bolesti mišićno-koštanog sistema i vezivnog tkiva,5
2022,Broj,M,(M00-M99) Bolesti mišićno-koštanog sistema i vezivnog tkiva,11
2003,Broj,M,(N00-N99) Bolesti genitourinarnog sistema,123
2004,Broj,M,(N00-N99) Bolesti genitourinarnog sistema,113
2005,Broj,M,(N00-N99) Bolesti genitourinarnog sistema,160
2006,Broj,M,(N00-N99) Bolesti genitourinarnog sistema,152
2007,Broj,M,(N00-N99) Bolesti genitourinarnog sistema,163
2008,Broj,M,(N00-N99) Bolesti genitourinarnog sistema,155
2009,Broj,M,(N00-N99) Bolesti genitourinarnog sistema,139
2010,Broj,M,(N00-N99) Bolesti genitourinarnog sistema,140
2011,Broj,M,(N00-N99) Bolesti genitourinarnog sistema,101
2012,Broj,M,(N00-N99) Bolesti genitourinarnog sistema,116
2013,Broj,M,(N00-N99) Bolesti genitourinarnog sistema,121
2014,Broj,M,(N00-N99) Bolesti genitourinarnog sistema,73
2015,Broj,M,(N00-N99) Bolesti genitourinarnog sistema,93
2016,Broj,M,(N00-N99) Bolesti genitourinarnog sistema,117
2017,Broj,M,(N00-N99) Bolesti genitourinarnog sistema,96
2018,Broj,M,(N00-N99) Bolesti genitourinarnog sistema,117
2019,Broj,M,(N00-N99) Bolesti genitourinarnog sistema,104
2020,Broj,M,(N00-N99) Bolesti genitourinarnog sistema,113
2021,Broj,M,(N00-N99) Bolesti genitourinarnog sistema,107
2022,Broj,M,(N00-N99) Bolesti genitourinarnog sistema,129
2003,Broj,M,(P00-P96) Određena stanja nastala u perinatalnom periodu,23
2004,Broj,M,(P00-P96) Određena stanja nastala u perinatalnom periodu,28
2005,Broj,M,(P00-P96) Određena stanja nastala u perinatalnom periodu,17
2006,Broj,M,(P00-P96) Određena stanja nastala u perinatalnom periodu,26
2007,Broj,M,(P00-P96) Određena stanja nastala u perinatalnom periodu,15
2008,Broj,M,(P00-P96) Određena stanja nastala u perinatalnom periodu,12
2009,Broj,M,(P00-P96) Određena stanja nastala u perinatalnom periodu,22
2010,Broj,M,(P00-P96) Određena stanja nastala u perinatalnom periodu,13
2011,Broj,M,(P00-P96) Određena stanja nastala u perinatalnom periodu,20
2012,Broj,M,(P00-P96) Određena stanja nastala u perinatalnom periodu,18
2013,Broj,M,(P00-P96) Određena stanja nastala u perinatalnom periodu,13
2014,Broj,M,(P00-P96) Određena stanja nastala u perinatalnom periodu,7
2015,Broj,M,(P00-P96) Određena stanja nastala u perinatalnom periodu,2
2016,Broj,M,(P00-P96) Određena stanja nastala u perinatalnom periodu,13
2017,Broj,M,(P00-P96) Određena stanja nastala u perinatalnom periodu,7
2018,Broj,M,(P00-P96) Određena stanja nastala u perinatalnom periodu,3
2019,Broj,M,(P00-P96) Određena stanja nastala u perinatalnom periodu,6
2020,Broj,M,(P00-P96) Određena stanja nastala u perinatalnom periodu,16
2021,Broj,M,(P00-P96) Određena stanja nastala u perinatalnom periodu,5
2022,Broj,M,(P00-P96) Određena stanja nastala u perinatalnom periodu,12
2003,Broj,M,"(Q00-Q99) Kongenitalne anomalije, deformacije i hromozomske nenormalnosti",7
2004,Broj,M,"(Q00-Q99) Kongenitalne anomalije, deformacije i hromozomske nenormalnosti",10
2005,Broj,M,"(Q00-Q99) Kongenitalne anomalije, deformacije i hromozomske nenormalnosti",6
2006,Broj,M,"(Q00-Q99) Kongenitalne anomalije, deformacije i hromozomske nenormalnosti",7
2007,Broj,M,"(Q00-Q99) Kongenitalne anomalije, deformacije i hromozomske nenormalnosti",8
2008,Broj,M,"(Q00-Q99) Kongenitalne anomalije, deformacije i hromozomske nenormalnosti",5
2009,Broj,M,"(Q00-Q99) Kongenitalne anomalije, deformacije i hromozomske nenormalnosti",7
2010,Broj,M,"(Q00-Q99) Kongenitalne anomalije, deformacije i hromozomske nenormalnosti",10
2011,Broj,M,"(Q00-Q99) Kongenitalne anomalije, deformacije i hromozomske nenormalnosti",7
2012,Broj,M,"(Q00-Q99) Kongenitalne anomalije, deformacije i hromozomske nenormalnosti",5
2013,Broj,M,"(Q00-Q99) Kongenitalne anomalije, deformacije i hromozomske nenormalnosti",7
2014,Broj,M,"(Q00-Q99) Kongenitalne anomalije, deformacije i hromozomske nenormalnosti",3
2015,Broj,M,"(Q00-Q99) Kongenitalne anomalije, deformacije i hromozomske nenormalnosti",3
2016,Broj,M,"(Q00-Q99) Kongenitalne anomalije, deformacije i hromozomske nenormalnosti",3
2017,Broj,M,"(Q00-Q99) Kongenitalne anomalije, deformacije i hromozomske nenormalnosti",4
2018,Broj,M,"(Q00-Q99) Kongenitalne anomalije, deformacije i hromozomske nenormalnosti",2
2019,Broj,M,"(Q00-Q99) Kongenitalne anomalije, deformacije i hromozomske nenormalnosti",0
2020,Broj,M,"(Q00-Q99) Kongenitalne anomalije, deformacije i hromozomske nenormalnosti",3
2021,Broj,M,"(Q00-Q99) Kongenitalne anomalije, deformacije i hromozomske nenormalnosti",5
2022,Broj,M,"(Q00-Q99) Kongenitalne anomalije, deformacije i hromozomske nenormalnosti",11
2003,Broj,M,"(R00-R99) Simptomi, znakovi i nenormalni klinički i laboratorijski nalazi, neklasifikovani na drugom mjestu",821
2004,Broj,M,"(R00-R99) Simptomi, znakovi i nenormalni klinički i laboratorijski nalazi, neklasifikovani na drugom mjestu",726
2005,Broj,M,"(R00-R99) Simptomi, znakovi i nenormalni klinički i laboratorijski nalazi, neklasifikovani na drugom mjestu",659
2006,Broj,M,"(R00-R99) Simptomi, znakovi i nenormalni klinički i laboratorijski nalazi, neklasifikovani na drugom mjestu",627
2007,Broj,M,"(R00-R99) Simptomi, znakovi i nenormalni klinički i laboratorijski nalazi, neklasifikovani na drugom mjestu",638
2008,Broj,M,"(R00-R99) Simptomi, znakovi i nenormalni klinički i laboratorijski nalazi, neklasifikovani na drugom mjestu",496
2009,Broj,M,"(R00-R99) Simptomi, znakovi i nenormalni klinički i laboratorijski nalazi, neklasifikovani na drugom mjestu",485
2010,Broj,M,"(R00-R99) Simptomi, znakovi i nenormalni klinički i laboratorijski nalazi, neklasifikovani na drugom mjestu",446
2011,Broj,M,"(R00-R99) Simptomi, znakovi i nenormalni klinički i laboratorijski nalazi, neklasifikovani na drugom mjestu",302
2012,Broj,M,"(R00-R99) Simptomi, znakovi i nenormalni klinički i laboratorijski nalazi, neklasifikovani na drugom mjestu",277
2013,Broj,M,"(R00-R99) Simptomi, znakovi i nenormalni klinički i laboratorijski nalazi, neklasifikovani na drugom mjestu",643
2014,Broj,M,"(R00-R99) Simptomi, znakovi i nenormalni klinički i laboratorijski nalazi, neklasifikovani na drugom mjestu",718
2015,Broj,M,"(R00-R99) Simptomi, znakovi i nenormalni klinički i laboratorijski nalazi, neklasifikovani na drugom mjestu",780
2016,Broj,M,"(R00-R99) Simptomi, znakovi i nenormalni klinički i laboratorijski nalazi, neklasifikovani na drugom mjestu",598
2017,Broj,M,"(R00-R99) Simptomi, znakovi i nenormalni klinički i laboratorijski nalazi, neklasifikovani na drugom mjestu",720
2018,Broj,M,"(R00-R99) Simptomi, znakovi i nenormalni klinički i laboratorijski nalazi, neklasifikovani na drugom mjestu",844
2019,Broj,M,"(R00-R99) Simptomi, znakovi i nenormalni klinički i laboratorijski nalazi, neklasifikovani na drugom mjestu",1048
2020,Broj,M,"(R00-R99) Simptomi, znakovi i nenormalni klinički i laboratorijski nalazi, neklasifikovani na drugom mjestu",834
2021,Broj,M,"(R00-R99) Simptomi, znakovi i nenormalni klinički i laboratorijski nalazi, neklasifikovani na drugom mjestu",1187
2022,Broj,M,"(R00-R99) Simptomi, znakovi i nenormalni klinički i laboratorijski nalazi, neklasifikovani na drugom mjestu",1167
2003,Broj,M,"(S00-T98) Povrede, trovanja i posljedice djelovanja spoljnih faktora",444
2004,Broj,M,"(S00-T98) Povrede, trovanja i posljedice djelovanja spoljnih faktora",411
2005,Broj,M,"(S00-T98) Povrede, trovanja i posljedice djelovanja spoljnih faktora",463
2006,Broj,M,"(S00-T98) Povrede, trovanja i posljedice djelovanja spoljnih faktora",466
2007,Broj,M,"(S00-T98) Povrede, trovanja i posljedice djelovanja spoljnih faktora",488
2008,Broj,M,"(S00-T98) Povrede, trovanja i posljedice djelovanja spoljnih faktora",451
2009,Broj,M,"(S00-T98) Povrede, trovanja i posljedice djelovanja spoljnih faktora",424
2010,Broj,M,"(S00-T98) Povrede, trovanja i posljedice djelovanja spoljnih faktora",405
2011,Broj,M,"(S00-T98) Povrede, trovanja i posljedice djelovanja spoljnih faktora",482
2012,Broj,M,"(S00-T98) Povrede, trovanja i posljedice djelovanja spoljnih faktora",420
2013,Broj,M,"(S00-T98) Povrede, trovanja i posljedice djelovanja spoljnih faktora",377
2014,Broj,M,"(S00-T98) Povrede, trovanja i posljedice djelovanja spoljnih faktora",412
2015,Broj,M,"(S00-T98) Povrede, trovanja i posljedice djelovanja spoljnih faktora",417
2016,Broj,M,"(S00-T98) Povrede, trovanja i posljedice djelovanja spoljnih faktora",373
2017,Broj,M,"(S00-T98) Povrede, trovanja i posljedice djelovanja spoljnih faktora",349
2018,Broj,M,"(S00-T98) Povrede, trovanja i posljedice djelovanja spoljnih faktora",370
2019,Broj,M,"(S00-T98) Povrede, trovanja i posljedice djelovanja spoljnih faktora",340
2020,Broj,M,"(S00-T98) Povrede, trovanja i posljedice djelovanja spoljnih faktora",304
2021,Broj,M,"(S00-T98) Povrede, trovanja i posljedice djelovanja spoljnih faktora",334
2022,Broj,M,"(S00-T98) Povrede, trovanja i posljedice djelovanja spoljnih faktora",338
2003,Broj,M,(U00-U85) Šifre za posebne namjene,0
2004,Broj,M,(U00-U85) Šifre za posebne namjene,0
2005,Broj,M,(U00-U85) Šifre za posebne namjene,0
2006,Broj,M,(U00-U85) Šifre za posebne namjene,0
2007,Broj,M,(U00-U85) Šifre za posebne namjene,0
2008,Broj,M,(U00-U85) Šifre za posebne namjene,0
2009,Broj,M,(U00-U85) Šifre za posebne namjene,0
2010,Broj,M,(U00-U85) Šifre za posebne namjene,0
2011,Broj,M,(U00-U85) Šifre za posebne namjene,0
2012,Broj,M,(U00-U85) Šifre za posebne namjene,0
2013,Broj,M,(U00-U85) Šifre za posebne namjene,0
2014,Broj,M,(U00-U85) Šifre za posebne namjene,0
2015,Broj,M,(U00-U85) Šifre za posebne namjene,0
2016,Broj,M,(U00-U85) Šifre za posebne namjene,0
2017,Broj,M,(U00-U85) Šifre za posebne namjene,0
2018,Broj,M,(U00-U85) Šifre za posebne namjene,0
2019,Broj,M,(U00-U85) Šifre za posebne namjene,0
2020,Broj,M,(U00-U85) Šifre za posebne namjene,1030
2021,Broj,M,(U00-U85) Šifre za posebne namjene,2213
2022,Broj,M,(U00-U85) Šifre za posebne namjene,754
2003,Broj,Ž,Ukupno,6184
2004,Broj,Ž,Ukupno,6347
2005,Broj,Ž,Ukupno,6563
2006,Broj,Ž,Ukupno,6328
2007,Broj,Ž,Ukupno,6844
2008,Broj,Ž,Ukupno,6443
2009,Broj,Ž,Ukupno,6676
2010,Broj,Ž,Ukupno,6582
2011,Broj,Ž,Ukupno,6657
2012,Broj,Ž,Ukupno,6732
2013,Broj,Ž,Ukupno,6741
2014,Broj,Ž,Ukupno,7023
2015,Broj,Ž,Ukupno,7419
2016,Broj,Ž,Ukupno,6772
2017,Broj,Ž,Ukupno,7300
2018,Broj,Ž,Ukupno,7314
2019,Broj,Ž,Ukupno,7328
2020,Broj,Ž,Ukupno,7969
2021,Broj,Ž,Ukupno,9059
2022,Broj,Ž,Ukupno,7794
2003,Broj,Ž,(A00-B99) Infektivne i parazitske bolesti,30
2004,Broj,Ž,(A00-B99) Infektivne i parazitske bolesti,49
2005,Broj,Ž,(A00-B99) Infektivne i parazitske bolesti,50
2006,Broj,Ž,(A00-B99) Infektivne i parazitske bolesti,38
2007,Broj,Ž,(A00-B99) Infektivne i parazitske bolesti,33
2008,Broj,Ž,(A00-B99) Infektivne i parazitske bolesti,46
2009,Broj,Ž,(A00-B99) Infektivne i parazitske bolesti,43
2010,Broj,Ž,(A00-B99) Infektivne i parazitske bolesti,37
2011,Broj,Ž,(A00-B99) Infektivne i parazitske bolesti,38
2012,Broj,Ž,(A00-B99) Infektivne i parazitske bolesti,66
2013,Broj,Ž,(A00-B99) Infektivne i parazitske bolesti,47
2014,Broj,Ž,(A00-B99) Infektivne i parazitske bolesti,56
2015,Broj,Ž,(A00-B99) Infektivne i parazitske bolesti,67
2016,Broj,Ž,(A00-B99) Infektivne i parazitske bolesti,83
2017,Broj,Ž,(A00-B99) Infektivne i parazitske bolesti,62
2018,Broj,Ž,(A00-B99) Infektivne i parazitske bolesti,75
2019,Broj,Ž,(A00-B99) Infektivne i parazitske bolesti,81
2020,Broj,Ž,(A00-B99) Infektivne i parazitske bolesti,75
2021,Broj,Ž,(A00-B99) Infektivne i parazitske bolesti,54
2022,Broj,Ž,(A00-B99) Infektivne i parazitske bolesti,96
2003,Broj,Ž,"(C00-C97,D00-D48) Neoplazme",950
2004,Broj,Ž,"(C00-C97,D00-D48) Neoplazme",928
2005,Broj,Ž,"(C00-C97,D00-D48) Neoplazme",1072
2006,Broj,Ž,"(C00-C97,D00-D48) Neoplazme",1015
2007,Broj,Ž,"(C00-C97,D00-D48) Neoplazme",1109
2008,Broj,Ž,"(C00-C97,D00-D48) Neoplazme",1075
2009,Broj,Ž,"(C00-C97,D00-D48) Neoplazme",1161
2010,Broj,Ž,"(C00-C97,D00-D48) Neoplazme",1105
2011,Broj,Ž,"(C00-C97,D00-D48) Neoplazme",1118
2012,Broj,Ž,"(C00-C97,D00-D48) Neoplazme",1183
2013,Broj,Ž,"(C00-C97,D00-D48) Neoplazme",1231
2014,Broj,Ž,"(C00-C97,D00-D48) Neoplazme",1353
2015,Broj,Ž,"(C00-C97,D00-D48) Neoplazme",1355
2016,Broj,Ž,"(C00-C97,D00-D48) Neoplazme",1209
2017,Broj,Ž,"(C00-C97,D00-D48) Neoplazme",1268
2018,Broj,Ž,"(C00-C97,D00-D48) Neoplazme",1209
2019,Broj,Ž,"(C00-C97,D00-D48) Neoplazme",1186
2020,Broj,Ž,"(C00-C97,D00-D48) Neoplazme",1097
2021,Broj,Ž,"(C00-C97,D00-D48) Neoplazme",1065
2022,Broj,Ž,"(C00-C97,D00-D48) Neoplazme",1116
2003,Broj,Ž,(D50-D89) Bolesti krvi i krvotvornih organa i neki poremećaji imunog sistema,2
2004,Broj,Ž,(D50-D89) Bolesti krvi i krvotvornih organa i neki poremećaji imunog sistema,11
2005,Broj,Ž,(D50-D89) Bolesti krvi i krvotvornih organa i neki poremećaji imunog sistema,10
2006,Broj,Ž,(D50-D89) Bolesti krvi i krvotvornih organa i neki poremećaji imunog sistema,4
2007,Broj,Ž,(D50-D89) Bolesti krvi i krvotvornih organa i neki poremećaji imunog sistema,10
2008,Broj,Ž,(D50-D89) Bolesti krvi i krvotvornih organa i neki poremećaji imunog sistema,5
2009,Broj,Ž,(D50-D89) Bolesti krvi i krvotvornih organa i neki poremećaji imunog sistema,9
2010,Broj,Ž,(D50-D89) Bolesti krvi i krvotvornih organa i neki poremećaji imunog sistema,10
2011,Broj,Ž,(D50-D89) Bolesti krvi i krvotvornih organa i neki poremećaji imunog sistema,10
2012,Broj,Ž,(D50-D89) Bolesti krvi i krvotvornih organa i neki poremećaji imunog sistema,6
2013,Broj,Ž,(D50-D89) Bolesti krvi i krvotvornih organa i neki poremećaji imunog sistema,8
2014,Broj,Ž,(D50-D89) Bolesti krvi i krvotvornih organa i neki poremećaji imunog sistema,8
2015,Broj,Ž,(D50-D89) Bolesti krvi i krvotvornih organa i neki poremećaji imunog sistema,10
2016,Broj,Ž,(D50-D89) Bolesti krvi i krvotvornih organa i neki poremećaji imunog sistema,15
2017,Broj,Ž,(D50-D89) Bolesti krvi i krvotvornih organa i neki poremećaji imunog sistema,17
2018,Broj,Ž,(D50-D89) Bolesti krvi i krvotvornih organa i neki poremećaji imunog sistema,18
2019,Broj,Ž,(D50-D89) Bolesti krvi i krvotvornih organa i neki poremećaji imunog sistema,16
2020,Broj,Ž,(D50-D89) Bolesti krvi i krvotvornih organa i neki poremećaji imunog sistema,15
2021,Broj,Ž,(D50-D89) Bolesti krvi i krvotvornih organa i neki poremećaji imunog sistema,15
2022,Broj,Ž,(D50-D89) Bolesti krvi i krvotvornih organa i neki poremećaji imunog sistema,19
2003,Broj,Ž,"(E00-E90) Bolesti žlijezda sa unutrašnjim lučenjem, ishrane i metabolizma",109
2004,Broj,Ž,"(E00-E90) Bolesti žlijezda sa unutrašnjim lučenjem, ishrane i metabolizma",92
2005,Broj,Ž,"(E00-E90) Bolesti žlijezda sa unutrašnjim lučenjem, ishrane i metabolizma",441
2006,Broj,Ž,"(E00-E90) Bolesti žlijezda sa unutrašnjim lučenjem, ishrane i metabolizma",484
2007,Broj,Ž,"(E00-E90) Bolesti žlijezda sa unutrašnjim lučenjem, ishrane i metabolizma",442
2008,Broj,Ž,"(E00-E90) Bolesti žlijezda sa unutrašnjim lučenjem, ishrane i metabolizma",454
2009,Broj,Ž,"(E00-E90) Bolesti žlijezda sa unutrašnjim lučenjem, ishrane i metabolizma",530
2010,Broj,Ž,"(E00-E90) Bolesti žlijezda sa unutrašnjim lučenjem, ishrane i metabolizma",402
2011,Broj,Ž,"(E00-E90) Bolesti žlijezda sa unutrašnjim lučenjem, ishrane i metabolizma",397
2012,Broj,Ž,"(E00-E90) Bolesti žlijezda sa unutrašnjim lučenjem, ishrane i metabolizma",350
2013,Broj,Ž,"(E00-E90) Bolesti žlijezda sa unutrašnjim lučenjem, ishrane i metabolizma",459
2014,Broj,Ž,"(E00-E90) Bolesti žlijezda sa unutrašnjim lučenjem, ishrane i metabolizma",501
2015,Broj,Ž,"(E00-E90) Bolesti žlijezda sa unutrašnjim lučenjem, ishrane i metabolizma",400
2016,Broj,Ž,"(E00-E90) Bolesti žlijezda sa unutrašnjim lučenjem, ishrane i metabolizma",378
2017,Broj,Ž,"(E00-E90) Bolesti žlijezda sa unutrašnjim lučenjem, ishrane i metabolizma",452
2018,Broj,Ž,"(E00-E90) Bolesti žlijezda sa unutrašnjim lučenjem, ishrane i metabolizma",458
2019,Broj,Ž,"(E00-E90) Bolesti žlijezda sa unutrašnjim lučenjem, ishrane i metabolizma",343
2020,Broj,Ž,"(E00-E90) Bolesti žlijezda sa unutrašnjim lučenjem, ishrane i metabolizma",485
2021,Broj,Ž,"(E00-E90) Bolesti žlijezda sa unutrašnjim lučenjem, ishrane i metabolizma",534
2022,Broj,Ž,"(E00-E90) Bolesti žlijezda sa unutrašnjim lučenjem, ishrane i metabolizma",559
2003,Broj,Ž,(F00-F99) Duševni poremećaji i poremećaji ponašanja,9
2004,Broj,Ž,(F00-F99) Duševni poremećaji i poremećaji ponašanja,12
2005,Broj,Ž,(F00-F99) Duševni poremećaji i poremećaji ponašanja,16
2006,Broj,Ž,(F00-F99) Duševni poremećaji i poremećaji ponašanja,15
2007,Broj,Ž,(F00-F99) Duševni poremećaji i poremećaji ponašanja,20
2008,Broj,Ž,(F00-F99) Duševni poremećaji i poremećaji ponašanja,19
2009,Broj,Ž,(F00-F99) Duševni poremećaji i poremećaji ponašanja,30
2010,Broj,Ž,(F00-F99) Duševni poremećaji i poremećaji ponašanja,11
2011,Broj,Ž,(F00-F99) Duševni poremećaji i poremećaji ponašanja,14
2012,Broj,Ž,(F00-F99) Duševni poremećaji i poremećaji ponašanja,12
2013,Broj,Ž,(F00-F99) Duševni poremećaji i poremećaji ponašanja,31
2014,Broj,Ž,(F00-F99) Duševni poremećaji i poremećaji ponašanja,21
2015,Broj,Ž,(F00-F99) Duševni poremećaji i poremećaji ponašanja,28
2016,Broj,Ž,(F00-F99) Duševni poremećaji i poremećaji ponašanja,26
2017,Broj,Ž,(F00-F99) Duševni poremećaji i poremećaji ponašanja,43
2018,Broj,Ž,(F00-F99) Duševni poremećaji i poremećaji ponašanja,30
2019,Broj,Ž,(F00-F99) Duševni poremećaji i poremećaji ponašanja,22
2020,Broj,Ž,(F00-F99) Duševni poremećaji i poremećaji ponašanja,29
2021,Broj,Ž,(F00-F99) Duševni poremećaji i poremećaji ponašanja,44
2022,Broj,Ž,(F00-F99) Duševni poremećaji i poremećaji ponašanja,38
2003,Broj,Ž,(G00-G99) Bolesti nervnog sistema,26
2004,Broj,Ž,(G00-G99) Bolesti nervnog sistema,38
2005,Broj,Ž,(G00-G99) Bolesti nervnog sistema,84
2006,Broj,Ž,(G00-G99) Bolesti nervnog sistema,73
2007,Broj,Ž,(G00-G99) Bolesti nervnog sistema,70
2008,Broj,Ž,(G00-G99) Bolesti nervnog sistema,55
2009,Broj,Ž,(G00-G99) Bolesti nervnog sistema,55
2010,Broj,Ž,(G00-G99) Bolesti nervnog sistema,76
2011,Broj,Ž,(G00-G99) Bolesti nervnog sistema,97
2012,Broj,Ž,(G00-G99) Bolesti nervnog sistema,102
2013,Broj,Ž,(G00-G99) Bolesti nervnog sistema,87
2014,Broj,Ž,(G00-G99) Bolesti nervnog sistema,89
2015,Broj,Ž,(G00-G99) Bolesti nervnog sistema,106
2016,Broj,Ž,(G00-G99) Bolesti nervnog sistema,75
2017,Broj,Ž,(G00-G99) Bolesti nervnog sistema,95
2018,Broj,Ž,(G00-G99) Bolesti nervnog sistema,87
2019,Broj,Ž,(G00-G99) Bolesti nervnog sistema,81
2020,Broj,Ž,(G00-G99) Bolesti nervnog sistema,97
2021,Broj,Ž,(G00-G99) Bolesti nervnog sistema,73
2022,Broj,Ž,(G00-G99) Bolesti nervnog sistema,78
2003,Broj,Ž,(H00-H59) Bolesti oka i pripojka oka,0
2004,Broj,Ž,(H00-H59) Bolesti oka i pripojka oka,0
2005,Broj,Ž,(H00-H59) Bolesti oka i pripojka oka,0
2006,Broj,Ž,(H00-H59) Bolesti oka i pripojka oka,0
2007,Broj,Ž,(H00-H59) Bolesti oka i pripojka oka,0
2008,Broj,Ž,(H00-H59) Bolesti oka i pripojka oka,0
2009,Broj,Ž,(H00-H59) Bolesti oka i pripojka oka,0
2010,Broj,Ž,(H00-H59) Bolesti oka i pripojka oka,0
2011,Broj,Ž,(H00-H59) Bolesti oka i pripojka oka,0
2012,Broj,Ž,(H00-H59) Bolesti oka i pripojka oka,0
2013,Broj,Ž,(H00-H59) Bolesti oka i pripojka oka,0
2014,Broj,Ž,(H00-H59) Bolesti oka i pripojka oka,0
2015,Broj,Ž,(H00-H59) Bolesti oka i pripojka oka,0
2016,Broj,Ž,(H00-H59) Bolesti oka i pripojka oka,0
2017,Broj,Ž,(H00-H59) Bolesti oka i pripojka oka,0
2018,Broj,Ž,(H00-H59) Bolesti oka i pripojka oka,0
2019,Broj,Ž,(H00-H59) Bolesti oka i pripojka oka,0
2020,Broj,Ž,(H00-H59) Bolesti oka i pripojka oka,0
2021,Broj,Ž,(H00-H59) Bolesti oka i pripojka oka,0
2022,Broj,Ž,(H00-H59) Bolesti oka i pripojka oka,0
2003,Broj,Ž,(H60-H93) Bolesti uva i mastoidnog nastavka,0
2004,Broj,Ž,(H60-H93) Bolesti uva i mastoidnog nastavka,0
2005,Broj,Ž,(H60-H93) Bolesti uva i mastoidnog nastavka,0
2006,Broj,Ž,(H60-H93) Bolesti uva i mastoidnog nastavka,0
2007,Broj,Ž,(H60-H93) Bolesti uva i mastoidnog nastavka,0
2008,Broj,Ž,(H60-H93) Bolesti uva i mastoidnog nastavka,0
2009,Broj,Ž,(H60-H93) Bolesti uva i mastoidnog nastavka,0
2010,Broj,Ž,(H60-H93) Bolesti uva i mastoidnog nastavka,0
2011,Broj,Ž,(H60-H93) Bolesti uva i mastoidnog nastavka,0
2012,Broj,Ž,(H60-H93) Bolesti uva i mastoidnog nastavka,0
2013,Broj,Ž,(H60-H93) Bolesti uva i mastoidnog nastavka,0
2014,Broj,Ž,(H60-H93) Bolesti uva i mastoidnog nastavka,0
2015,Broj,Ž,(H60-H93) Bolesti uva i mastoidnog nastavka,0
2016,Broj,Ž,(H60-H93) Bolesti uva i mastoidnog nastavka,0
2017,Broj,Ž,(H60-H93) Bolesti uva i mastoidnog nastavka,0
2018,Broj,Ž,(H60-H93) Bolesti uva i mastoidnog nastavka,0
2019,Broj,Ž,(H60-H93) Bolesti uva i mastoidnog nastavka,0
2020,Broj,Ž,(H60-H93) Bolesti uva i mastoidnog nastavka,0
2021,Broj,Ž,(H60-H93) Bolesti uva i mastoidnog nastavka,0
2022,Broj,Ž,(H60-H93) Bolesti uva i mastoidnog nastavka,0
2003,Broj,Ž,(I00-I99) Bolesti cirkulatornog sistema,3748
2004,Broj,Ž,(I00-I99) Bolesti cirkulatornog sistema,3957
2005,Broj,Ž,(I00-I99) Bolesti cirkulatornog sistema,3677
2006,Broj,Ž,(I00-I99) Bolesti cirkulatornog sistema,3458
2007,Broj,Ž,(I00-I99) Bolesti cirkulatornog sistema,3864
2008,Broj,Ž,(I00-I99) Bolesti cirkulatornog sistema,3756
2009,Broj,Ž,(I00-I99) Bolesti cirkulatornog sistema,3743
2010,Broj,Ž,(I00-I99) Bolesti cirkulatornog sistema,3926
2011,Broj,Ž,(I00-I99) Bolesti cirkulatornog sistema,4009
2012,Broj,Ž,(I00-I99) Bolesti cirkulatornog sistema,4109
2013,Broj,Ž,(I00-I99) Bolesti cirkulatornog sistema,3625
2014,Broj,Ž,(I00-I99) Bolesti cirkulatornog sistema,3635
2015,Broj,Ž,(I00-I99) Bolesti cirkulatornog sistema,3964
2016,Broj,Ž,(I00-I99) Bolesti cirkulatornog sistema,3743
2017,Broj,Ž,(I00-I99) Bolesti cirkulatornog sistema,3960
2018,Broj,Ž,(I00-I99) Bolesti cirkulatornog sistema,3905
2019,Broj,Ž,(I00-I99) Bolesti cirkulatornog sistema,4033
2020,Broj,Ž,(I00-I99) Bolesti cirkulatornog sistema,4150
2021,Broj,Ž,(I00-I99) Bolesti cirkulatornog sistema,3956
2022,Broj,Ž,(I00-I99) Bolesti cirkulatornog sistema,3616
2003,Broj,Ž,(J00-J99) Bolesti respiratornog sistema,120
2004,Broj,Ž,(J00-J99) Bolesti respiratornog sistema,134
2005,Broj,Ž,(J00-J99) Bolesti respiratornog sistema,220
2006,Broj,Ž,(J00-J99) Bolesti respiratornog sistema,228
2007,Broj,Ž,(J00-J99) Bolesti respiratornog sistema,211
2008,Broj,Ž,(J00-J99) Bolesti respiratornog sistema,173
2009,Broj,Ž,(J00-J99) Bolesti respiratornog sistema,176
2010,Broj,Ž,(J00-J99) Bolesti respiratornog sistema,173
2011,Broj,Ž,(J00-J99) Bolesti respiratornog sistema,233
2012,Broj,Ž,(J00-J99) Bolesti respiratornog sistema,161
2013,Broj,Ž,(J00-J99) Bolesti respiratornog sistema,222
2014,Broj,Ž,(J00-J99) Bolesti respiratornog sistema,209
2015,Broj,Ž,(J00-J99) Bolesti respiratornog sistema,248
2016,Broj,Ž,(J00-J99) Bolesti respiratornog sistema,204
2017,Broj,Ž,(J00-J99) Bolesti respiratornog sistema,243
2018,Broj,Ž,(J00-J99) Bolesti respiratornog sistema,282
2019,Broj,Ž,(J00-J99) Bolesti respiratornog sistema,258
2020,Broj,Ž,(J00-J99) Bolesti respiratornog sistema,254
2021,Broj,Ž,(J00-J99) Bolesti respiratornog sistema,271
2022,Broj,Ž,(J00-J99) Bolesti respiratornog sistema,256
2003,Broj,Ž,(K00-K93) Bolesti digestivnog sistema,136
2004,Broj,Ž,(K00-K93) Bolesti digestivnog sistema,141
2005,Broj,Ž,(K00-K93) Bolesti digestivnog sistema,124
2006,Broj,Ž,(K00-K93) Bolesti digestivnog sistema,146
2007,Broj,Ž,(K00-K93) Bolesti digestivnog sistema,147
2008,Broj,Ž,(K00-K93) Bolesti digestivnog sistema,131
2009,Broj,Ž,(K00-K93) Bolesti digestivnog sistema,148
2010,Broj,Ž,(K00-K93) Bolesti digestivnog sistema,156
2011,Broj,Ž,(K00-K93) Bolesti digestivnog sistema,136
2012,Broj,Ž,(K00-K93) Bolesti digestivnog sistema,145
2013,Broj,Ž,(K00-K93) Bolesti digestivnog sistema,183
2014,Broj,Ž,(K00-K93) Bolesti digestivnog sistema,188
2015,Broj,Ž,(K00-K93) Bolesti digestivnog sistema,191
2016,Broj,Ž,(K00-K93) Bolesti digestivnog sistema,185
2017,Broj,Ž,(K00-K93) Bolesti digestivnog sistema,184
2018,Broj,Ž,(K00-K93) Bolesti digestivnog sistema,191
2019,Broj,Ž,(K00-K93) Bolesti digestivnog sistema,180
2020,Broj,Ž,(K00-K93) Bolesti digestivnog sistema,169
2021,Broj,Ž,(K00-K93) Bolesti digestivnog sistema,156
2022,Broj,Ž,(K00-K93) Bolesti digestivnog sistema,174
2003,Broj,Ž,(L00-L99) Bolesti kože i potkožnog tkiva,0
2004,Broj,Ž,(L00-L99) Bolesti kože i potkožnog tkiva,3
2005,Broj,Ž,(L00-L99) Bolesti kože i potkožnog tkiva,0
2006,Broj,Ž,(L00-L99) Bolesti kože i potkožnog tkiva,1
2007,Broj,Ž,(L00-L99) Bolesti kože i potkožnog tkiva,2
2008,Broj,Ž,(L00-L99) Bolesti kože i potkožnog tkiva,2
2009,Broj,Ž,(L00-L99) Bolesti kože i potkožnog tkiva,2
2010,Broj,Ž,(L00-L99) Bolesti kože i potkožnog tkiva,2
2011,Broj,Ž,(L00-L99) Bolesti kože i potkožnog tkiva,1
2012,Broj,Ž,(L00-L99) Bolesti kože i potkožnog tkiva,1
2013,Broj,Ž,(L00-L99) Bolesti kože i potkožnog tkiva,11
2014,Broj,Ž,(L00-L99) Bolesti kože i potkožnog tkiva,9
2015,Broj,Ž,(L00-L99) Bolesti kože i potkožnog tkiva,15
2016,Broj,Ž,(L00-L99) Bolesti kože i potkožnog tkiva,14
2017,Broj,Ž,(L00-L99) Bolesti kože i potkožnog tkiva,19
2018,Broj,Ž,(L00-L99) Bolesti kože i potkožnog tkiva,10
2019,Broj,Ž,(L00-L99) Bolesti kože i potkožnog tkiva,16
2020,Broj,Ž,(L00-L99) Bolesti kože i potkožnog tkiva,17
2021,Broj,Ž,(L00-L99) Bolesti kože i potkožnog tkiva,21
2022,Broj,Ž,(L00-L99) Bolesti kože i potkožnog tkiva,18
2003,Broj,Ž,(M00-M99) Bolesti mišićno-koštanog sistema i vezivnog tkiva,3
2004,Broj,Ž,(M00-M99) Bolesti mišićno-koštanog sistema i vezivnog tkiva,2
2005,Broj,Ž,(M00-M99) Bolesti mišićno-koštanog sistema i vezivnog tkiva,7
2006,Broj,Ž,(M00-M99) Bolesti mišićno-koštanog sistema i vezivnog tkiva,9
2007,Broj,Ž,(M00-M99) Bolesti mišićno-koštanog sistema i vezivnog tkiva,9
2008,Broj,Ž,(M00-M99) Bolesti mišićno-koštanog sistema i vezivnog tkiva,14
2009,Broj,Ž,(M00-M99) Bolesti mišićno-koštanog sistema i vezivnog tkiva,11
2010,Broj,Ž,(M00-M99) Bolesti mišićno-koštanog sistema i vezivnog tkiva,8
2011,Broj,Ž,(M00-M99) Bolesti mišićno-koštanog sistema i vezivnog tkiva,14
2012,Broj,Ž,(M00-M99) Bolesti mišićno-koštanog sistema i vezivnog tkiva,12
2013,Broj,Ž,(M00-M99) Bolesti mišićno-koštanog sistema i vezivnog tkiva,19
2014,Broj,Ž,(M00-M99) Bolesti mišićno-koštanog sistema i vezivnog tkiva,14
2015,Broj,Ž,(M00-M99) Bolesti mišićno-koštanog sistema i vezivnog tkiva,18
2016,Broj,Ž,(M00-M99) Bolesti mišićno-koštanog sistema i vezivnog tkiva,13
2017,Broj,Ž,(M00-M99) Bolesti mišićno-koštanog sistema i vezivnog tkiva,9
2018,Broj,Ž,(M00-M99) Bolesti mišićno-koštanog sistema i vezivnog tkiva,17
2019,Broj,Ž,(M00-M99) Bolesti mišićno-koštanog sistema i vezivnog tkiva,9
2020,Broj,Ž,(M00-M99) Bolesti mišićno-koštanog sistema i vezivnog tkiva,21
2021,Broj,Ž,(M00-M99) Bolesti mišićno-koštanog sistema i vezivnog tkiva,3
2022,Broj,Ž,(M00-M99) Bolesti mišićno-koštanog sistema i vezivnog tkiva,13
2003,Broj,Ž,(N00-N99) Bolesti genitourinarnog sistema,99
2004,Broj,Ž,(N00-N99) Bolesti genitourinarnog sistema,92
2005,Broj,Ž,(N00-N99) Bolesti genitourinarnog sistema,97
2006,Broj,Ž,(N00-N99) Bolesti genitourinarnog sistema,114
2007,Broj,Ž,(N00-N99) Bolesti genitourinarnog sistema,112
2008,Broj,Ž,(N00-N99) Bolesti genitourinarnog sistema,113
2009,Broj,Ž,(N00-N99) Bolesti genitourinarnog sistema,118
2010,Broj,Ž,(N00-N99) Bolesti genitourinarnog sistema,115
2011,Broj,Ž,(N00-N99) Bolesti genitourinarnog sistema,74
2012,Broj,Ž,(N00-N99) Bolesti genitourinarnog sistema,120
2013,Broj,Ž,(N00-N99) Bolesti genitourinarnog sistema,92
2014,Broj,Ž,(N00-N99) Bolesti genitourinarnog sistema,77
2015,Broj,Ž,(N00-N99) Bolesti genitourinarnog sistema,86
2016,Broj,Ž,(N00-N99) Bolesti genitourinarnog sistema,101
2017,Broj,Ž,(N00-N99) Bolesti genitourinarnog sistema,97
2018,Broj,Ž,(N00-N99) Bolesti genitourinarnog sistema,103
2019,Broj,Ž,(N00-N99) Bolesti genitourinarnog sistema,91
2020,Broj,Ž,(N00-N99) Bolesti genitourinarnog sistema,108
2021,Broj,Ž,(N00-N99) Bolesti genitourinarnog sistema,90
2022,Broj,Ž,(N00-N99) Bolesti genitourinarnog sistema,125
2003,Broj,Ž,"(O00-O99) Trudnoća, porođaj i puerperijum",1
2004,Broj,Ž,"(O00-O99) Trudnoća, porođaj i puerperijum",0
2005,Broj,Ž,"(O00-O99) Trudnoća, porođaj i puerperijum",2
2006,Broj,Ž,"(O00-O99) Trudnoća, porođaj i puerperijum",2
2007,Broj,Ž,"(O00-O99) Trudnoća, porođaj i puerperijum",1
2008,Broj,Ž,"(O00-O99) Trudnoća, porođaj i puerperijum",1
2009,Broj,Ž,"(O00-O99) Trudnoća, porođaj i puerperijum",0
2010,Broj,Ž,"(O00-O99) Trudnoća, porođaj i puerperijum",1
2011,Broj,Ž,"(O00-O99) Trudnoća, porođaj i puerperijum",1
2012,Broj,Ž,"(O00-O99) Trudnoća, porođaj i puerperijum",0
2013,Broj,Ž,"(O00-O99) Trudnoća, porođaj i puerperijum",0
2014,Broj,Ž,"(O00-O99) Trudnoća, porođaj i puerperijum",0
2015,Broj,Ž,"(O00-O99) Trudnoća, porođaj i puerperijum",1
2016,Broj,Ž,"(O00-O99) Trudnoća, porođaj i puerperijum",1
2017,Broj,Ž,"(O00-O99) Trudnoća, porođaj i puerperijum",0
2018,Broj,Ž,"(O00-O99) Trudnoća, porođaj i puerperijum",1
2019,Broj,Ž,"(O00-O99) Trudnoća, porođaj i puerperijum",0
2020,Broj,Ž,"(O00-O99) Trudnoća, porođaj i puerperijum",3
2021,Broj,Ž,"(O00-O99) Trudnoća, porođaj i puerperijum",0
2022,Broj,Ž,"(O00-O99) Trudnoća, porođaj i puerperijum",1
2003,Broj,Ž,(P00-P96) Određena stanja nastala u perinatalnom periodu,21
2004,Broj,Ž,(P00-P96) Određena stanja nastala u perinatalnom periodu,10
2005,Broj,Ž,(P00-P96) Određena stanja nastala u perinatalnom periodu,10
2006,Broj,Ž,(P00-P96) Određena stanja nastala u perinatalnom periodu,12
2007,Broj,Ž,(P00-P96) Određena stanja nastala u perinatalnom periodu,12
2008,Broj,Ž,(P00-P96) Određena stanja nastala u perinatalnom periodu,8
2009,Broj,Ž,(P00-P96) Određena stanja nastala u perinatalnom periodu,12
2010,Broj,Ž,(P00-P96) Određena stanja nastala u perinatalnom periodu,16
2011,Broj,Ž,(P00-P96) Određena stanja nastala u perinatalnom periodu,16
2012,Broj,Ž,(P00-P96) Određena stanja nastala u perinatalnom periodu,11
2013,Broj,Ž,(P00-P96) Određena stanja nastala u perinatalnom periodu,8
2014,Broj,Ž,(P00-P96) Određena stanja nastala u perinatalnom periodu,9
2015,Broj,Ž,(P00-P96) Određena stanja nastala u perinatalnom periodu,8
2016,Broj,Ž,(P00-P96) Određena stanja nastala u perinatalnom periodu,5
2017,Broj,Ž,(P00-P96) Određena stanja nastala u perinatalnom periodu,10
2018,Broj,Ž,(P00-P96) Određena stanja nastala u perinatalnom periodu,7
2019,Broj,Ž,(P00-P96) Određena stanja nastala u perinatalnom periodu,5
2020,Broj,Ž,(P00-P96) Određena stanja nastala u perinatalnom periodu,18
2021,Broj,Ž,(P00-P96) Određena stanja nastala u perinatalnom periodu,4
2022,Broj,Ž,(P00-P96) Određena stanja nastala u perinatalnom periodu,7
2003,Broj,Ž,"(Q00-Q99) Kongenitalne anomalije, deformacije i hromozomske nenormalnosti",3
2004,Broj,Ž,"(Q00-Q99) Kongenitalne anomalije, deformacije i hromozomske nenormalnosti",1
2005,Broj,Ž,"(Q00-Q99) Kongenitalne anomalije, deformacije i hromozomske nenormalnosti",8
2006,Broj,Ž,"(Q00-Q99) Kongenitalne anomalije, deformacije i hromozomske nenormalnosti",7
2007,Broj,Ž,"(Q00-Q99) Kongenitalne anomalije, deformacije i hromozomske nenormalnosti",6
2008,Broj,Ž,"(Q00-Q99) Kongenitalne anomalije, deformacije i hromozomske nenormalnosti",10
2009,Broj,Ž,"(Q00-Q99) Kongenitalne anomalije, deformacije i hromozomske nenormalnosti",13
2010,Broj,Ž,"(Q00-Q99) Kongenitalne anomalije, deformacije i hromozomske nenormalnosti",7
2011,Broj,Ž,"(Q00-Q99) Kongenitalne anomalije, deformacije i hromozomske nenormalnosti",2
2012,Broj,Ž,"(Q00-Q99) Kongenitalne anomalije, deformacije i hromozomske nenormalnosti",1
2013,Broj,Ž,"(Q00-Q99) Kongenitalne anomalije, deformacije i hromozomske nenormalnosti",3
2014,Broj,Ž,"(Q00-Q99) Kongenitalne anomalije, deformacije i hromozomske nenormalnosti",7
2015,Broj,Ž,"(Q00-Q99) Kongenitalne anomalije, deformacije i hromozomske nenormalnosti",4
2016,Broj,Ž,"(Q00-Q99) Kongenitalne anomalije, deformacije i hromozomske nenormalnosti",2
2017,Broj,Ž,"(Q00-Q99) Kongenitalne anomalije, deformacije i hromozomske nenormalnosti",1
2018,Broj,Ž,"(Q00-Q99) Kongenitalne anomalije, deformacije i hromozomske nenormalnosti",3
2019,Broj,Ž,"(Q00-Q99) Kongenitalne anomalije, deformacije i hromozomske nenormalnosti",4
2020,Broj,Ž,"(Q00-Q99) Kongenitalne anomalije, deformacije i hromozomske nenormalnosti",3
2021,Broj,Ž,"(Q00-Q99) Kongenitalne anomalije, deformacije i hromozomske nenormalnosti",0
2022,Broj,Ž,"(Q00-Q99) Kongenitalne anomalije, deformacije i hromozomske nenormalnosti",2
2003,Broj,Ž,"(R00-R99) Simptomi, znakovi i nenormalni klinički i laboratorijski nalazi, neklasifikovani na drugom mjestu",791
2004,Broj,Ž,"(R00-R99) Simptomi, znakovi i nenormalni klinički i laboratorijski nalazi, neklasifikovani na drugom mjestu",736
2005,Broj,Ž,"(R00-R99) Simptomi, znakovi i nenormalni klinički i laboratorijski nalazi, neklasifikovani na drugom mjestu",590
2006,Broj,Ž,"(R00-R99) Simptomi, znakovi i nenormalni klinički i laboratorijski nalazi, neklasifikovani na drugom mjestu",573
2007,Broj,Ž,"(R00-R99) Simptomi, znakovi i nenormalni klinički i laboratorijski nalazi, neklasifikovani na drugom mjestu",650
2008,Broj,Ž,"(R00-R99) Simptomi, znakovi i nenormalni klinički i laboratorijski nalazi, neklasifikovani na drugom mjestu",449
2009,Broj,Ž,"(R00-R99) Simptomi, znakovi i nenormalni klinički i laboratorijski nalazi, neklasifikovani na drugom mjestu",468
2010,Broj,Ž,"(R00-R99) Simptomi, znakovi i nenormalni klinički i laboratorijski nalazi, neklasifikovani na drugom mjestu",431
2011,Broj,Ž,"(R00-R99) Simptomi, znakovi i nenormalni klinički i laboratorijski nalazi, neklasifikovani na drugom mjestu",379
2012,Broj,Ž,"(R00-R99) Simptomi, znakovi i nenormalni klinički i laboratorijski nalazi, neklasifikovani na drugom mjestu",335
2013,Broj,Ž,"(R00-R99) Simptomi, znakovi i nenormalni klinički i laboratorijski nalazi, neklasifikovani na drugom mjestu",588
2014,Broj,Ž,"(R00-R99) Simptomi, znakovi i nenormalni klinički i laboratorijski nalazi, neklasifikovani na drugom mjestu",727
2015,Broj,Ž,"(R00-R99) Simptomi, znakovi i nenormalni klinički i laboratorijski nalazi, neklasifikovani na drugom mjestu",776
2016,Broj,Ž,"(R00-R99) Simptomi, znakovi i nenormalni klinički i laboratorijski nalazi, neklasifikovani na drugom mjestu",600
2017,Broj,Ž,"(R00-R99) Simptomi, znakovi i nenormalni klinički i laboratorijski nalazi, neklasifikovani na drugom mjestu",715
2018,Broj,Ž,"(R00-R99) Simptomi, znakovi i nenormalni klinički i laboratorijski nalazi, neklasifikovani na drugom mjestu",806
2019,Broj,Ž,"(R00-R99) Simptomi, znakovi i nenormalni klinički i laboratorijski nalazi, neklasifikovani na drugom mjestu",913
2020,Broj,Ž,"(R00-R99) Simptomi, znakovi i nenormalni klinički i laboratorijski nalazi, neklasifikovani na drugom mjestu",765
2021,Broj,Ž,"(R00-R99) Simptomi, znakovi i nenormalni klinički i laboratorijski nalazi, neklasifikovani na drugom mjestu",1026
2022,Broj,Ž,"(R00-R99) Simptomi, znakovi i nenormalni klinički i laboratorijski nalazi, neklasifikovani na drugom mjestu",991
2003,Broj,Ž,"(S00-T98) Povrede, trovanja i posljedice djelovanja spoljnih faktora",136
2004,Broj,Ž,"(S00-T98) Povrede, trovanja i posljedice djelovanja spoljnih faktora",141
2005,Broj,Ž,"(S00-T98) Povrede, trovanja i posljedice djelovanja spoljnih faktora",155
2006,Broj,Ž,"(S00-T98) Povrede, trovanja i posljedice djelovanja spoljnih faktora",149
2007,Broj,Ž,"(S00-T98) Povrede, trovanja i posljedice djelovanja spoljnih faktora",146
2008,Broj,Ž,"(S00-T98) Povrede, trovanja i posljedice djelovanja spoljnih faktora",133
2009,Broj,Ž,"(S00-T98) Povrede, trovanja i posljedice djelovanja spoljnih faktora",157
2010,Broj,Ž,"(S00-T98) Povrede, trovanja i posljedice djelovanja spoljnih faktora",106
2011,Broj,Ž,"(S00-T98) Povrede, trovanja i posljedice djelovanja spoljnih faktora",118
2012,Broj,Ž,"(S00-T98) Povrede, trovanja i posljedice djelovanja spoljnih faktora",118
2013,Broj,Ž,"(S00-T98) Povrede, trovanja i posljedice djelovanja spoljnih faktora",127
2014,Broj,Ž,"(S00-T98) Povrede, trovanja i posljedice djelovanja spoljnih faktora",120
2015,Broj,Ž,"(S00-T98) Povrede, trovanja i posljedice djelovanja spoljnih faktora",142
2016,Broj,Ž,"(S00-T98) Povrede, trovanja i posljedice djelovanja spoljnih faktora",118
2017,Broj,Ž,"(S00-T98) Povrede, trovanja i posljedice djelovanja spoljnih faktora",125
2018,Broj,Ž,"(S00-T98) Povrede, trovanja i posljedice djelovanja spoljnih faktora",112
2019,Broj,Ž,"(S00-T98) Povrede, trovanja i posljedice djelovanja spoljnih faktora",90
2020,Broj,Ž,"(S00-T98) Povrede, trovanja i posljedice djelovanja spoljnih faktora",101
2021,Broj,Ž,"(S00-T98) Povrede, trovanja i posljedice djelovanja spoljnih faktora",114
2022,Broj,Ž,"(S00-T98) Povrede, trovanja i posljedice djelovanja spoljnih faktora",127
2003,Broj,Ž,(U00-U85) Šifre za posebne namjene,0
2004,Broj,Ž,(U00-U85) Šifre za posebne namjene,0
2005,Broj,Ž,(U00-U85) Šifre za posebne namjene,0
2006,Broj,Ž,(U00-U85) Šifre za posebne namjene,0
2007,Broj,Ž,(U00-U85) Šifre za posebne namjene,0
2008,Broj,Ž,(U00-U85) Šifre za posebne namjene,0
2009,Broj,Ž,(U00-U85) Šifre za posebne namjene,0
2010,Broj,Ž,(U00-U85) Šifre za posebne namjene,0
2011,Broj,Ž,(U00-U85) Šifre za posebne namjene,0
2012,Broj,Ž,(U00-U85) Šifre za posebne namjene,0
2013,Broj,Ž,(U00-U85) Šifre za posebne namjene,0
2014,Broj,Ž,(U00-U85) Šifre za posebne namjene,0
2015,Broj,Ž,(U00-U85) Šifre za posebne namjene,0
2016,Broj,Ž,(U00-U85) Šifre za posebne namjene,0
2017,Broj,Ž,(U00-U85) Šifre za posebne namjene,0
2018,Broj,Ž,(U00-U85) Šifre za posebne namjene,0
2019,Broj,Ž,(U00-U85) Šifre za posebne namjene,0
2020,Broj,Ž,(U00-U85) Šifre za posebne namjene,562
2021,Broj,Ž,(U00-U85) Šifre za posebne namjene,1633
2022,Broj,Ž,(U00-U85) Šifre za posebne namjene,558
