Year,UNIT_MEASURE,Administrativna oblast,Spol,Nationality,Value
2013,Broj,Republika Srpska,Oba spola,Ukupno,1170342
2013,Broj,Republika Srpska,M,Ukupno,571812
2013,Broj,Republika Srpska,Ž,Ukupno,598530
2013,Broj,Grad Banja Luka,Oba spola,Ukupno,180053
2013,Broj,Grad Banja Luka,M,Ukupno,86510
2013,Broj,Grad Banja Luka,Ž,Ukupno,93543
2013,Broj,Berkovići,Oba spola,Ukupno,2041
2013,Broj,Berkovići,M,Ukupno,1032
2013,Broj,Berkovići,Ž,Ukupno,1009
2013,Broj,Grad Bijeljina,Oba spola,Ukupno,103874
2013,Broj,Grad Bijeljina,M,Ukupno,50760
2013,Broj,Grad Bijeljina,Ž,Ukupno,53114
2013,Broj,Bileća,Oba spola,Ukupno,10607
2013,Broj,Bileća,M,Ukupno,5346
2013,Broj,Bileća,Ž,Ukupno,5261
2013,Broj,Bratunac,Oba spola,Ukupno,18651
2013,Broj,Bratunac,M,Ukupno,9210
2013,Broj,Bratunac,Ž,Ukupno,9441
2013,Broj,Brod,Oba spola,Ukupno,15720
2013,Broj,Brod,M,Ukupno,7670
2013,Broj,Brod,Ž,Ukupno,8050
2013,Broj,Višegrad,Oba spola,Ukupno,10118
2013,Broj,Višegrad,M,Ukupno,4834
2013,Broj,Višegrad,Ž,Ukupno,5284
2013,Broj,Vlasenica,Oba spola,Ukupno,10657
2013,Broj,Vlasenica,M,Ukupno,5193
2013,Broj,Vlasenica,Ž,Ukupno,5464
2013,Broj,Vukosavlje,Oba spola,Ukupno,4363
2013,Broj,Vukosavlje,M,Ukupno,2185
2013,Broj,Vukosavlje,Ž,Ukupno,2178
2013,Broj,Gacko,Oba spola,Ukupno,8710
2013,Broj,Gacko,M,Ukupno,4423
2013,Broj,Gacko,Ž,Ukupno,4287
2013,Broj,Grad Gradiška,Oba spola,Ukupno,49196
2013,Broj,Grad Gradiška,M,Ukupno,23944
2013,Broj,Grad Gradiška,Ž,Ukupno,25252
2013,Broj,Grad Derventa,Oba spola,Ukupno,25922
2013,Broj,Grad Derventa,M,Ukupno,12629
2013,Broj,Grad Derventa,Ž,Ukupno,13293
2013,Broj,Grad Doboj,Oba spola,Ukupno,68514
2013,Broj,Grad Doboj,M,Ukupno,33222
2013,Broj,Grad Doboj,Ž,Ukupno,35292
2013,Broj,Donji Žabar,Oba spola,Ukupno,3669
2013,Broj,Donji Žabar,M,Ukupno,1853
2013,Broj,Donji Žabar,Ž,Ukupno,1816
2013,Broj,Grad Zvornik,Oba spola,Ukupno,54407
2013,Broj,Grad Zvornik,M,Ukupno,26803
2013,Broj,Grad Zvornik,Ž,Ukupno,27604
2013,Broj,Istočna Ilidža,Oba spola,Ukupno,14437
2013,Broj,Istočna Ilidža,M,Ukupno,6905
2013,Broj,Istočna Ilidža,Ž,Ukupno,7532
2013,Broj,Istočni Drvar,Oba spola,Ukupno,66
2013,Broj,Istočni Drvar,M,Ukupno,44
2013,Broj,Istočni Drvar,Ž,Ukupno,22
2013,Broj,Istočni Mostar,Oba spola,Ukupno,244
2013,Broj,Istočni Mostar,M,Ukupno,138
2013,Broj,Istočni Mostar,Ž,Ukupno,106
2013,Broj,Istočni Stari Grad,Oba spola,Ukupno,1116
2013,Broj,Istočni Stari Grad,M,Ukupno,552
2013,Broj,Istočni Stari Grad,Ž,Ukupno,564
2013,Broj,Istočno Novo Sarajevo,Oba spola,Ukupno,10401
2013,Broj,Istočno Novo Sarajevo,M,Ukupno,4936
2013,Broj,Istočno Novo Sarajevo,Ž,Ukupno,5465
2013,Broj,Jezero,Oba spola,Ukupno,1039
2013,Broj,Jezero,M,Ukupno,534
2013,Broj,Jezero,Ž,Ukupno,505
2013,Broj,Kalinovik,Oba spola,Ukupno,1962
2013,Broj,Kalinovik,M,Ukupno,950
2013,Broj,Kalinovik,Ž,Ukupno,1012
2013,Broj,Kneževo,Oba spola,Ukupno,9368
2013,Broj,Kneževo,M,Ukupno,4632
2013,Broj,Kneževo,Ž,Ukupno,4736
2013,Broj,Kozarska Dubica,Oba spola,Ukupno,20681
2013,Broj,Kozarska Dubica,M,Ukupno,10094
2013,Broj,Kozarska Dubica,Ž,Ukupno,10587
2013,Broj,Kostajnica,Oba spola,Ukupno,5645
2013,Broj,Kostajnica,M,Ukupno,2780
2013,Broj,Kostajnica,Ž,Ukupno,2865
2013,Broj,Kotor Varoš,Oba spola,Ukupno,18361
2013,Broj,Kotor Varoš,M,Ukupno,9007
2013,Broj,Kotor Varoš,Ž,Ukupno,9354
2013,Broj,Krupa Na Uni,Oba spola,Ukupno,1560
2013,Broj,Krupa Na Uni,M,Ukupno,841
2013,Broj,Krupa Na Uni,Ž,Ukupno,719
2013,Broj,Kupres,Oba spola,Ukupno,293
2013,Broj,Kupres,M,Ukupno,157
2013,Broj,Kupres,Ž,Ukupno,136
2013,Broj,Laktaši,Oba spola,Ukupno,34210
2013,Broj,Laktaši,M,Ukupno,16905
2013,Broj,Laktaši,Ž,Ukupno,17305
2013,Broj,Lopare,Oba spola,Ukupno,14689
2013,Broj,Lopare,M,Ukupno,7377
2013,Broj,Lopare,Ž,Ukupno,7312
2013,Broj,Ljubinje,Oba spola,Ukupno,3319
2013,Broj,Ljubinje,M,Ukupno,1633
2013,Broj,Ljubinje,Ž,Ukupno,1686
2013,Broj,Milići,Oba spola,Ukupno,10445
2013,Broj,Milići,M,Ukupno,5252
2013,Broj,Milići,Ž,Ukupno,5193
2013,Broj,Modriča,Oba spola,Ukupno,24490
2013,Broj,Modriča,M,Ukupno,11969
2013,Broj,Modriča,Ž,Ukupno,12521
2013,Broj,Mrkonjić Grad,Oba spola,Ukupno,15926
2013,Broj,Mrkonjić Grad,M,Ukupno,7660
2013,Broj,Mrkonjić Grad,Ž,Ukupno,8266
2013,Broj,Nevesinje,Oba spola,Ukupno,12542
2013,Broj,Nevesinje,M,Ukupno,6236
2013,Broj,Nevesinje,Ž,Ukupno,6306
2013,Broj,Novi Grad,Oba spola,Ukupno,25240
2013,Broj,Novi Grad,M,Ukupno,12580
2013,Broj,Novi Grad,Ž,Ukupno,12660
2013,Broj,Novo Goražde,Oba spola,Ukupno,2915
2013,Broj,Novo Goražde,M,Ukupno,1500
2013,Broj,Novo Goražde,Ž,Ukupno,1415
2013,Broj,Osmaci,Oba spola,Ukupno,5546
2013,Broj,Osmaci,M,Ukupno,2779
2013,Broj,Osmaci,Ž,Ukupno,2767
2013,Broj,Oštra Luka,Oba spola,Ukupno,2705
2013,Broj,Oštra Luka,M,Ukupno,1386
2013,Broj,Oštra Luka,Ž,Ukupno,1319
2013,Broj,Pale,Oba spola,Ukupno,20359
2013,Broj,Pale,M,Ukupno,9744
2013,Broj,Pale,Ž,Ukupno,10615
2013,Broj,Pelagićevo,Oba spola,Ukupno,4358
2013,Broj,Pelagićevo,M,Ukupno,2151
2013,Broj,Pelagićevo,Ž,Ukupno,2207
2013,Broj,Petrovac,Oba spola,Ukupno,354
2013,Broj,Petrovac,M,Ukupno,169
2013,Broj,Petrovac,Ž,Ukupno,185
2013,Broj,Petrovo,Oba spola,Ukupno,6317
2013,Broj,Petrovo,M,Ukupno,3043
2013,Broj,Petrovo,Ž,Ukupno,3274
2013,Broj,Grad Prijedor,Oba spola,Ukupno,80916
2013,Broj,Grad Prijedor,M,Ukupno,39418
2013,Broj,Grad Prijedor,Ž,Ukupno,41498
2013,Broj,Prnjavor,Oba spola,Ukupno,34357
2013,Broj,Prnjavor,M,Ukupno,16675
2013,Broj,Prnjavor,Ž,Ukupno,17682
2013,Broj,Ribnik,Oba spola,Ukupno,5851
2013,Broj,Ribnik,M,Ukupno,2900
2013,Broj,Ribnik,Ž,Ukupno,2951
2013,Broj,Rogatica,Oba spola,Ukupno,10302
2013,Broj,Rogatica,M,Ukupno,5053
2013,Broj,Rogatica,Ž,Ukupno,5249
2013,Broj,Rudo,Oba spola,Ukupno,7578
2013,Broj,Rudo,M,Ukupno,3840
2013,Broj,Rudo,Ž,Ukupno,3738
2013,Broj,Sokolac,Oba spola,Ukupno,11620
2013,Broj,Sokolac,M,Ukupno,5723
2013,Broj,Sokolac,Ž,Ukupno,5897
2013,Broj,Srbac,Oba spola,Ukupno,16933
2013,Broj,Srbac,M,Ukupno,8295
2013,Broj,Srbac,Ž,Ukupno,8638
2013,Broj,Srebrenica,Oba spola,Ukupno,11698
2013,Broj,Srebrenica,M,Ukupno,5714
2013,Broj,Srebrenica,Ž,Ukupno,5984
2013,Broj,Teslić,Oba spola,Ukupno,37236
2013,Broj,Teslić,M,Ukupno,17894
2013,Broj,Teslić,Ž,Ukupno,19342
2013,Broj,Grad Trebinje,Oba spola,Ukupno,28239
2013,Broj,Grad Trebinje,M,Ukupno,13760
2013,Broj,Grad Trebinje,Ž,Ukupno,14479
2013,Broj,Trnovo,Oba spola,Ukupno,1983
2013,Broj,Trnovo,M,Ukupno,953
2013,Broj,Trnovo,Ž,Ukupno,1030
2013,Broj,Ugljevik,Oba spola,Ukupno,15118
2013,Broj,Ugljevik,M,Ukupno,7626
2013,Broj,Ugljevik,Ž,Ukupno,7492
2013,Broj,Foča,Oba spola,Ukupno,17580
2013,Broj,Foča,M,Ukupno,8880
2013,Broj,Foča,Ž,Ukupno,8700
2013,Broj,Han Pijesak,Oba spola,Ukupno,3445
2013,Broj,Han Pijesak,M,Ukupno,1632
2013,Broj,Han Pijesak,Ž,Ukupno,1813
2013,Broj,Čajniče,Oba spola,Ukupno,4679
2013,Broj,Čajniče,M,Ukupno,2347
2013,Broj,Čajniče,Ž,Ukupno,2332
2013,Broj,Čelinac,Oba spola,Ukupno,15117
2013,Broj,Čelinac,M,Ukupno,7477
2013,Broj,Čelinac,Ž,Ukupno,7640
2013,Broj,Šamac,Oba spola,Ukupno,16308
2013,Broj,Šamac,M,Ukupno,7908
2013,Broj,Šamac,Ž,Ukupno,8400
2013,Broj,Šekovići,Oba spola,Ukupno,6323
2013,Broj,Šekovići,M,Ukupno,3103
2013,Broj,Šekovići,Ž,Ukupno,3220
2013,Broj,Šipovo,Oba spola,Ukupno,9969
2013,Broj,Šipovo,M,Ukupno,5046
2013,Broj,Šipovo,Ž,Ukupno,4923
2013,Broj,Republika Srpska,Oba spola,bosniaks,148477
2013,Broj,Republika Srpska,M,bosniaks,72148
2013,Broj,Republika Srpska,Ž,bosniaks,76329
2013,Broj,Grad Banja Luka,Oba spola,bosniaks,6816
2013,Broj,Grad Banja Luka,M,bosniaks,3108
2013,Broj,Grad Banja Luka,Ž,bosniaks,3708
2013,Broj,Berkovići,Oba spola,bosniaks,155
2013,Broj,Berkovići,M,bosniaks,87
2013,Broj,Berkovići,Ž,bosniaks,68
2013,Broj,Grad Bijeljina,Oba spola,bosniaks,11680
2013,Broj,Grad Bijeljina,M,bosniaks,5733
2013,Broj,Grad Bijeljina,Ž,bosniaks,5947
2013,Broj,Bileća,Oba spola,bosniaks,26
2013,Broj,Bileća,M,bosniaks,16
2013,Broj,Bileća,Ž,bosniaks,10
2013,Broj,Bratunac,Oba spola,bosniaks,6588
2013,Broj,Bratunac,M,bosniaks,3218
2013,Broj,Bratunac,Ž,bosniaks,3370
2013,Broj,Brod,Oba spola,bosniaks,1312
2013,Broj,Brod,M,bosniaks,640
2013,Broj,Brod,Ž,bosniaks,672
2013,Broj,Višegrad,Oba spola,bosniaks,895
2013,Broj,Višegrad,M,bosniaks,454
2013,Broj,Višegrad,Ž,bosniaks,441
2013,Broj,Vlasenica,Oba spola,bosniaks,3360
2013,Broj,Vlasenica,M,bosniaks,1646
2013,Broj,Vlasenica,Ž,bosniaks,1714
2013,Broj,Vukosavlje,Oba spola,bosniaks,2025
2013,Broj,Vukosavlje,M,bosniaks,1034
2013,Broj,Vukosavlje,Ž,bosniaks,991
2013,Broj,Gacko,Oba spola,bosniaks,332
2013,Broj,Gacko,M,bosniaks,179
2013,Broj,Gacko,Ž,bosniaks,153
2013,Broj,Grad Gradiška,Oba spola,bosniaks,6266
2013,Broj,Grad Gradiška,M,bosniaks,3047
2013,Broj,Grad Gradiška,Ž,bosniaks,3219
2013,Broj,Grad Derventa,Oba spola,bosniaks,1686
2013,Broj,Grad Derventa,M,bosniaks,812
2013,Broj,Grad Derventa,Ž,bosniaks,874
2013,Broj,Grad Doboj,Oba spola,bosniaks,14417
2013,Broj,Grad Doboj,M,bosniaks,6904
2013,Broj,Grad Doboj,Ž,bosniaks,7513
2013,Broj,Donji Žabar,Oba spola,bosniaks,4
2013,Broj,Donji Žabar,M,bosniaks,0
2013,Broj,Donji Žabar,Ž,bosniaks,4
2013,Broj,Grad Zvornik,Oba spola,bosniaks,16775
2013,Broj,Grad Zvornik,M,bosniaks,8206
2013,Broj,Grad Zvornik,Ž,bosniaks,8569
2013,Broj,Istočna Ilidža,Oba spola,bosniaks,632
2013,Broj,Istočna Ilidža,M,bosniaks,293
2013,Broj,Istočna Ilidža,Ž,bosniaks,339
2013,Broj,Istočni Drvar,Oba spola,bosniaks,0
2013,Broj,Istočni Drvar,M,bosniaks,0
2013,Broj,Istočni Drvar,Ž,bosniaks,0
2013,Broj,Istočni Mostar,Oba spola,bosniaks,78
2013,Broj,Istočni Mostar,M,bosniaks,45
2013,Broj,Istočni Mostar,Ž,bosniaks,33
2013,Broj,Istočni Stari Grad,Oba spola,bosniaks,41
2013,Broj,Istočni Stari Grad,M,bosniaks,25
2013,Broj,Istočni Stari Grad,Ž,bosniaks,16
2013,Broj,Istočno Novo Sarajevo,Oba spola,bosniaks,44
2013,Broj,Istočno Novo Sarajevo,M,bosniaks,14
2013,Broj,Istočno Novo Sarajevo,Ž,bosniaks,30
2013,Broj,Jezero,Oba spola,bosniaks,251
2013,Broj,Jezero,M,bosniaks,118
2013,Broj,Jezero,Ž,bosniaks,133
2013,Broj,Kalinovik,Oba spola,bosniaks,43
2013,Broj,Kalinovik,M,bosniaks,19
2013,Broj,Kalinovik,Ž,bosniaks,24
2013,Broj,Kneževo,Oba spola,bosniaks,413
2013,Broj,Kneževo,M,bosniaks,186
2013,Broj,Kneževo,Ž,bosniaks,227
2013,Broj,Kozarska Dubica,Oba spola,bosniaks,1883
2013,Broj,Kozarska Dubica,M,bosniaks,906
2013,Broj,Kozarska Dubica,Ž,bosniaks,977
2013,Broj,Kostajnica,Oba spola,bosniaks,1276
2013,Broj,Kostajnica,M,bosniaks,626
2013,Broj,Kostajnica,Ž,bosniaks,650
2013,Broj,Kotor Varoš,Oba spola,bosniaks,4516
2013,Broj,Kotor Varoš,M,bosniaks,2173
2013,Broj,Kotor Varoš,Ž,bosniaks,2343
2013,Broj,Krupa Na Uni,Oba spola,bosniaks,3
2013,Broj,Krupa Na Uni,M,bosniaks,1
2013,Broj,Krupa Na Uni,Ž,bosniaks,2
2013,Broj,Kupres,Oba spola,bosniaks,0
2013,Broj,Kupres,M,bosniaks,0
2013,Broj,Kupres,Ž,bosniaks,0
2013,Broj,Laktaši,Oba spola,bosniaks,104
2013,Broj,Laktaši,M,bosniaks,47
2013,Broj,Laktaši,Ž,bosniaks,57
2013,Broj,Lopare,Oba spola,bosniaks,1310
2013,Broj,Lopare,M,bosniaks,646
2013,Broj,Lopare,Ž,bosniaks,664
2013,Broj,Ljubinje,Oba spola,bosniaks,9
2013,Broj,Ljubinje,M,bosniaks,5
2013,Broj,Ljubinje,Ž,bosniaks,4
2013,Broj,Milići,Oba spola,bosniaks,3532
2013,Broj,Milići,M,bosniaks,1746
2013,Broj,Milići,Ž,bosniaks,1786
2013,Broj,Modriča,Oba spola,bosniaks,2880
2013,Broj,Modriča,M,bosniaks,1364
2013,Broj,Modriča,Ž,bosniaks,1516
2013,Broj,Mrkonjić Grad,Oba spola,bosniaks,354
2013,Broj,Mrkonjić Grad,M,bosniaks,170
2013,Broj,Mrkonjić Grad,Ž,bosniaks,184
2013,Broj,Nevesinje,Oba spola,bosniaks,508
2013,Broj,Nevesinje,M,bosniaks,261
2013,Broj,Nevesinje,Ž,bosniaks,247
2013,Broj,Novi Grad,Oba spola,bosniaks,5214
2013,Broj,Novi Grad,M,bosniaks,2606
2013,Broj,Novi Grad,Ž,bosniaks,2608
2013,Broj,Novo Goražde,Oba spola,bosniaks,1317
2013,Broj,Novo Goražde,M,bosniaks,662
2013,Broj,Novo Goražde,Ž,bosniaks,655
2013,Broj,Osmaci,Oba spola,bosniaks,2673
2013,Broj,Osmaci,M,bosniaks,1321
2013,Broj,Osmaci,Ž,bosniaks,1352
2013,Broj,Oštra Luka,Oba spola,bosniaks,23
2013,Broj,Oštra Luka,M,bosniaks,7
2013,Broj,Oštra Luka,Ž,bosniaks,16
2013,Broj,Pale,Oba spola,bosniaks,165
2013,Broj,Pale,M,bosniaks,86
2013,Broj,Pale,Ž,bosniaks,79
2013,Broj,Pelagićevo,Oba spola,bosniaks,13
2013,Broj,Pelagićevo,M,bosniaks,2
2013,Broj,Pelagićevo,Ž,bosniaks,11
2013,Broj,Petrovac,Oba spola,bosniaks,0
2013,Broj,Petrovac,M,bosniaks,0
2013,Broj,Petrovac,Ž,bosniaks,0
2013,Broj,Petrovo,Oba spola,bosniaks,6
2013,Broj,Petrovo,M,bosniaks,2
2013,Broj,Petrovo,Ž,bosniaks,4
2013,Broj,Grad Prijedor,Oba spola,bosniaks,22303
2013,Broj,Grad Prijedor,M,bosniaks,10669
2013,Broj,Grad Prijedor,Ž,bosniaks,11634
2013,Broj,Prnjavor,Oba spola,bosniaks,2749
2013,Broj,Prnjavor,M,bosniaks,1329
2013,Broj,Prnjavor,Ž,bosniaks,1420
2013,Broj,Ribnik,Oba spola,bosniaks,0
2013,Broj,Ribnik,M,bosniaks,0
2013,Broj,Ribnik,Ž,bosniaks,0
2013,Broj,Rogatica,Oba spola,bosniaks,1009
2013,Broj,Rogatica,M,bosniaks,520
2013,Broj,Rogatica,Ž,bosniaks,489
2013,Broj,Rudo,Oba spola,bosniaks,574
2013,Broj,Rudo,M,bosniaks,300
2013,Broj,Rudo,Ž,bosniaks,274
2013,Broj,Sokolac,Oba spola,bosniaks,629
2013,Broj,Sokolac,M,bosniaks,329
2013,Broj,Sokolac,Ž,bosniaks,300
2013,Broj,Srbac,Oba spola,bosniaks,394
2013,Broj,Srbac,M,bosniaks,184
2013,Broj,Srbac,Ž,bosniaks,210
2013,Broj,Srebrenica,Oba spola,bosniaks,6122
2013,Broj,Srebrenica,M,bosniaks,2913
2013,Broj,Srebrenica,Ž,bosniaks,3209
2013,Broj,Teslić,Oba spola,bosniaks,6887
2013,Broj,Teslić,M,bosniaks,3387
2013,Broj,Teslić,Ž,bosniaks,3500
2013,Broj,Grad Trebinje,Oba spola,bosniaks,863
2013,Broj,Grad Trebinje,M,bosniaks,426
2013,Broj,Grad Trebinje,Ž,bosniaks,437
2013,Broj,Trnovo,Oba spola,bosniaks,818
2013,Broj,Trnovo,M,bosniaks,405
2013,Broj,Trnovo,Ž,bosniaks,413
2013,Broj,Ugljevik,Oba spola,bosniaks,1999
2013,Broj,Ugljevik,M,bosniaks,974
2013,Broj,Ugljevik,Ž,bosniaks,1025
2013,Broj,Foča,Oba spola,bosniaks,1169
2013,Broj,Foča,M,bosniaks,626
2013,Broj,Foča,Ž,bosniaks,543
2013,Broj,Han Pijesak,Oba spola,bosniaks,420
2013,Broj,Han Pijesak,M,bosniaks,204
2013,Broj,Han Pijesak,Ž,bosniaks,216
2013,Broj,Čajniče,Oba spola,bosniaks,835
2013,Broj,Čajniče,M,bosniaks,439
2013,Broj,Čajniče,Ž,bosniaks,396
2013,Broj,Čelinac,Oba spola,bosniaks,395
2013,Broj,Čelinac,M,bosniaks,197
2013,Broj,Čelinac,Ž,bosniaks,198
2013,Broj,Šamac,Oba spola,bosniaks,1005
2013,Broj,Šamac,M,bosniaks,486
2013,Broj,Šamac,Ž,bosniaks,519
2013,Broj,Šekovići,Oba spola,bosniaks,103
2013,Broj,Šekovići,M,bosniaks,51
2013,Broj,Šekovići,Ž,bosniaks,52
2013,Broj,Šipovo,Oba spola,bosniaks,578
2013,Broj,Šipovo,M,bosniaks,294
2013,Broj,Šipovo,Ž,bosniaks,284
2013,Broj,Republika Srpska,Oba spola,croats,26509
2013,Broj,Republika Srpska,M,croats,11005
2013,Broj,Republika Srpska,Ž,croats,15504
2013,Broj,Grad Banja Luka,Oba spola,croats,4887
2013,Broj,Grad Banja Luka,M,croats,1761
2013,Broj,Grad Banja Luka,Ž,croats,3126
2013,Broj,Berkovići,Oba spola,croats,11
2013,Broj,Berkovići,M,croats,1
2013,Broj,Berkovići,Ž,croats,10
2013,Broj,Grad Bijeljina,Oba spola,croats,498
2013,Broj,Grad Bijeljina,M,croats,140
2013,Broj,Grad Bijeljina,Ž,croats,358
2013,Broj,Bileća,Oba spola,croats,21
2013,Broj,Bileća,M,croats,2
2013,Broj,Bileća,Ž,croats,19
2013,Broj,Bratunac,Oba spola,croats,30
2013,Broj,Bratunac,M,croats,5
2013,Broj,Bratunac,Ž,croats,25
2013,Broj,Brod,Oba spola,croats,3021
2013,Broj,Brod,M,croats,1413
2013,Broj,Brod,Ž,croats,1608
2013,Broj,Višegrad,Oba spola,croats,32
2013,Broj,Višegrad,M,croats,5
2013,Broj,Višegrad,Ž,croats,27
2013,Broj,Vlasenica,Oba spola,croats,29
2013,Broj,Vlasenica,M,croats,5
2013,Broj,Vlasenica,Ž,croats,24
2013,Broj,Vukosavlje,Oba spola,croats,698
2013,Broj,Vukosavlje,M,croats,332
2013,Broj,Vukosavlje,Ž,croats,366
2013,Broj,Gacko,Oba spola,croats,13
2013,Broj,Gacko,M,croats,5
2013,Broj,Gacko,Ž,croats,8
2013,Broj,Grad Gradiška,Oba spola,croats,800
2013,Broj,Grad Gradiška,M,croats,276
2013,Broj,Grad Gradiška,Ž,croats,524
2013,Broj,Grad Derventa,Oba spola,croats,2181
2013,Broj,Grad Derventa,M,croats,1040
2013,Broj,Grad Derventa,Ž,croats,1141
2013,Broj,Grad Doboj,Oba spola,croats,1550
2013,Broj,Grad Doboj,M,croats,605
2013,Broj,Grad Doboj,Ž,croats,945
2013,Broj,Donji Žabar,Oba spola,croats,991
2013,Broj,Donji Žabar,M,croats,497
2013,Broj,Donji Žabar,Ž,croats,494
2013,Broj,Grad Zvornik,Oba spola,croats,103
2013,Broj,Grad Zvornik,M,croats,17
2013,Broj,Grad Zvornik,Ž,croats,86
2013,Broj,Istočna Ilidža,Oba spola,croats,148
2013,Broj,Istočna Ilidža,M,croats,39
2013,Broj,Istočna Ilidža,Ž,croats,109
2013,Broj,Istočni Drvar,Oba spola,croats,1
2013,Broj,Istočni Drvar,M,croats,0
2013,Broj,Istočni Drvar,Ž,croats,1
2013,Broj,Istočni Mostar,Oba spola,croats,11
2013,Broj,Istočni Mostar,M,croats,8
2013,Broj,Istočni Mostar,Ž,croats,3
2013,Broj,Istočni Stari Grad,Oba spola,croats,6
2013,Broj,Istočni Stari Grad,M,croats,2
2013,Broj,Istočni Stari Grad,Ž,croats,4
2013,Broj,Istočno Novo Sarajevo,Oba spola,croats,102
2013,Broj,Istočno Novo Sarajevo,M,croats,23
2013,Broj,Istočno Novo Sarajevo,Ž,croats,79
2013,Broj,Jezero,Oba spola,croats,6
2013,Broj,Jezero,M,croats,4
2013,Broj,Jezero,Ž,croats,2
2013,Broj,Kalinovik,Oba spola,croats,8
2013,Broj,Kalinovik,M,croats,2
2013,Broj,Kalinovik,Ž,croats,6
2013,Broj,Kneževo,Oba spola,croats,24
2013,Broj,Kneževo,M,croats,5
2013,Broj,Kneževo,Ž,croats,19
2013,Broj,Kozarska Dubica,Oba spola,croats,261
2013,Broj,Kozarska Dubica,M,croats,79
2013,Broj,Kozarska Dubica,Ž,croats,182
2013,Broj,Kostajnica,Oba spola,croats,82
2013,Broj,Kostajnica,M,croats,29
2013,Broj,Kostajnica,Ž,croats,53
2013,Broj,Kotor Varoš,Oba spola,croats,852
2013,Broj,Kotor Varoš,M,croats,410
2013,Broj,Kotor Varoš,Ž,croats,442
2013,Broj,Krupa Na Uni,Oba spola,croats,2
2013,Broj,Krupa Na Uni,M,croats,0
2013,Broj,Krupa Na Uni,Ž,croats,2
2013,Broj,Kupres,Oba spola,croats,0
2013,Broj,Kupres,M,croats,0
2013,Broj,Kupres,Ž,croats,0
2013,Broj,Laktaši,Oba spola,croats,500
2013,Broj,Laktaši,M,croats,175
2013,Broj,Laktaši,Ž,croats,325
2013,Broj,Lopare,Oba spola,croats,48
2013,Broj,Lopare,M,croats,9
2013,Broj,Lopare,Ž,croats,39
2013,Broj,Ljubinje,Oba spola,croats,10
2013,Broj,Ljubinje,M,croats,3
2013,Broj,Ljubinje,Ž,croats,7
2013,Broj,Milići,Oba spola,croats,22
2013,Broj,Milići,M,croats,7
2013,Broj,Milići,Ž,croats,15
2013,Broj,Modriča,Oba spola,croats,1396
2013,Broj,Modriča,M,croats,662
2013,Broj,Modriča,Ž,croats,734
2013,Broj,Mrkonjić Grad,Oba spola,croats,148
2013,Broj,Mrkonjić Grad,M,croats,60
2013,Broj,Mrkonjić Grad,Ž,croats,88
2013,Broj,Nevesinje,Oba spola,croats,27
2013,Broj,Nevesinje,M,croats,9
2013,Broj,Nevesinje,Ž,croats,18
2013,Broj,Novi Grad,Oba spola,croats,174
2013,Broj,Novi Grad,M,croats,58
2013,Broj,Novi Grad,Ž,croats,116
2013,Broj,Novo Goražde,Oba spola,croats,2
2013,Broj,Novo Goražde,M,croats,1
2013,Broj,Novo Goražde,Ž,croats,1
2013,Broj,Osmaci,Oba spola,croats,7
2013,Broj,Osmaci,M,croats,1
2013,Broj,Osmaci,Ž,croats,6
2013,Broj,Oštra Luka,Oba spola,croats,149
2013,Broj,Oštra Luka,M,croats,74
2013,Broj,Oštra Luka,Ž,croats,75
2013,Broj,Pale,Oba spola,croats,126
2013,Broj,Pale,M,croats,37
2013,Broj,Pale,Ž,croats,89
2013,Broj,Pelagićevo,Oba spola,croats,1182
2013,Broj,Pelagićevo,M,croats,580
2013,Broj,Pelagićevo,Ž,croats,602
2013,Broj,Petrovac,Oba spola,croats,0
2013,Broj,Petrovac,M,croats,0
2013,Broj,Petrovac,Ž,croats,0
2013,Broj,Petrovo,Oba spola,croats,34
2013,Broj,Petrovo,M,croats,8
2013,Broj,Petrovo,Ž,croats,26
2013,Broj,Grad Prijedor,Oba spola,croats,1666
2013,Broj,Grad Prijedor,M,croats,679
2013,Broj,Grad Prijedor,Ž,croats,987
2013,Broj,Prnjavor,Oba spola,croats,423
2013,Broj,Prnjavor,M,croats,150
2013,Broj,Prnjavor,Ž,croats,273
2013,Broj,Ribnik,Oba spola,croats,11
2013,Broj,Ribnik,M,croats,4
2013,Broj,Ribnik,Ž,croats,7
2013,Broj,Rogatica,Oba spola,croats,18
2013,Broj,Rogatica,M,croats,2
2013,Broj,Rogatica,Ž,croats,16
2013,Broj,Rudo,Oba spola,croats,7
2013,Broj,Rudo,M,croats,6
2013,Broj,Rudo,Ž,croats,1
2013,Broj,Sokolac,Oba spola,croats,28
2013,Broj,Sokolac,M,croats,8
2013,Broj,Sokolac,Ž,croats,20
2013,Broj,Srbac,Oba spola,croats,128
2013,Broj,Srbac,M,croats,21
2013,Broj,Srbac,Ž,croats,107
2013,Broj,Srebrenica,Oba spola,croats,14
2013,Broj,Srebrenica,M,croats,6
2013,Broj,Srebrenica,Ž,croats,8
2013,Broj,Teslić,Oba spola,croats,1346
2013,Broj,Teslić,M,croats,581
2013,Broj,Teslić,Ž,croats,765
2013,Broj,Grad Trebinje,Oba spola,croats,295
2013,Broj,Grad Trebinje,M,croats,99
2013,Broj,Grad Trebinje,Ž,croats,196
2013,Broj,Trnovo,Oba spola,croats,15
2013,Broj,Trnovo,M,croats,3
2013,Broj,Trnovo,Ž,croats,12
2013,Broj,Ugljevik,Oba spola,croats,42
2013,Broj,Ugljevik,M,croats,8
2013,Broj,Ugljevik,Ž,croats,34
2013,Broj,Foča,Oba spola,croats,52
2013,Broj,Foča,M,croats,16
2013,Broj,Foča,Ž,croats,36
2013,Broj,Han Pijesak,Oba spola,croats,7
2013,Broj,Han Pijesak,M,croats,1
2013,Broj,Han Pijesak,Ž,croats,6
2013,Broj,Čajniče,Oba spola,croats,6
2013,Broj,Čajniče,M,croats,1
2013,Broj,Čajniče,Ž,croats,5
2013,Broj,Čelinac,Oba spola,croats,48
2013,Broj,Čelinac,M,croats,11
2013,Broj,Čelinac,Ž,croats,37
2013,Broj,Šamac,Oba spola,croats,2176
2013,Broj,Šamac,M,croats,1011
2013,Broj,Šamac,Ž,croats,1165
2013,Broj,Šekovići,Oba spola,croats,8
2013,Broj,Šekovići,M,croats,2
2013,Broj,Šekovići,Ž,croats,6
2013,Broj,Šipovo,Oba spola,croats,26
2013,Broj,Šipovo,M,croats,7
2013,Broj,Šipovo,Ž,croats,19
2013,Broj,Republika Srpska,Oba spola,serbs,970857
2013,Broj,Republika Srpska,M,serbs,477334
2013,Broj,Republika Srpska,Ž,serbs,493523
2013,Broj,Grad Banja Luka,Oba spola,serbs,162057
2013,Broj,Grad Banja Luka,M,serbs,78827
2013,Broj,Grad Banja Luka,Ž,serbs,83230
2013,Broj,Berkovići,Oba spola,serbs,1873
2013,Broj,Berkovići,M,serbs,943
2013,Broj,Berkovići,Ž,serbs,930
2013,Broj,Grad Bijeljina,Oba spola,serbs,89474
2013,Broj,Grad Bijeljina,M,serbs,43861
2013,Broj,Grad Bijeljina,Ž,serbs,45613
2013,Broj,Bileća,Oba spola,serbs,10447
2013,Broj,Bileća,M,serbs,5276
2013,Broj,Bileća,Ž,serbs,5171
2013,Broj,Bratunac,Oba spola,serbs,11897
2013,Broj,Bratunac,M,serbs,5915
2013,Broj,Bratunac,Ž,serbs,5982
2013,Broj,Brod,Oba spola,serbs,11065
2013,Broj,Brod,M,serbs,5486
2013,Broj,Brod,Ž,serbs,5579
2013,Broj,Višegrad,Oba spola,serbs,8942
2013,Broj,Višegrad,M,serbs,4337
2013,Broj,Višegrad,Ž,serbs,4605
2013,Broj,Vlasenica,Oba spola,serbs,7190
2013,Broj,Vlasenica,M,serbs,3505
2013,Broj,Vlasenica,Ž,serbs,3685
2013,Broj,Vukosavlje,Oba spola,serbs,1448
2013,Broj,Vukosavlje,M,serbs,720
2013,Broj,Vukosavlje,Ž,serbs,728
2013,Broj,Gacko,Oba spola,serbs,8316
2013,Broj,Gacko,M,serbs,4211
2013,Broj,Gacko,Ž,serbs,4105
2013,Broj,Grad Gradiška,Oba spola,serbs,40707
2013,Broj,Grad Gradiška,M,serbs,19960
2013,Broj,Grad Gradiška,Ž,serbs,20747
2013,Broj,Grad Derventa,Oba spola,serbs,21495
2013,Broj,Grad Derventa,M,serbs,10524
2013,Broj,Grad Derventa,Ž,serbs,10971
2013,Broj,Grad Doboj,Oba spola,serbs,50968
2013,Broj,Grad Doboj,M,serbs,24968
2013,Broj,Grad Doboj,Ž,serbs,26000
2013,Broj,Donji Žabar,Oba spola,serbs,2658
2013,Broj,Donji Žabar,M,serbs,1352
2013,Broj,Donji Žabar,Ž,serbs,1306
2013,Broj,Grad Zvornik,Oba spola,serbs,37242
2013,Broj,Grad Zvornik,M,serbs,18452
2013,Broj,Grad Zvornik,Ž,serbs,18790
2013,Broj,Istočna Ilidža,Oba spola,serbs,13455
2013,Broj,Istočna Ilidža,M,serbs,6486
2013,Broj,Istočna Ilidža,Ž,serbs,6969
2013,Broj,Istočni Drvar,Oba spola,serbs,65
2013,Broj,Istočni Drvar,M,serbs,44
2013,Broj,Istočni Drvar,Ž,serbs,21
2013,Broj,Istočni Mostar,Oba spola,serbs,153
2013,Broj,Istočni Mostar,M,serbs,84
2013,Broj,Istočni Mostar,Ž,serbs,69
2013,Broj,Istočni Stari Grad,Oba spola,serbs,1059
2013,Broj,Istočni Stari Grad,M,serbs,519
2013,Broj,Istočni Stari Grad,Ž,serbs,540
2013,Broj,Istočno Novo Sarajevo,Oba spola,serbs,10028
2013,Broj,Istočno Novo Sarajevo,M,serbs,4801
2013,Broj,Istočno Novo Sarajevo,Ž,serbs,5227
2013,Broj,Jezero,Oba spola,serbs,779
2013,Broj,Jezero,M,serbs,410
2013,Broj,Jezero,Ž,serbs,369
2013,Broj,Kalinovik,Oba spola,serbs,1895
2013,Broj,Kalinovik,M,serbs,920
2013,Broj,Kalinovik,Ž,serbs,975
2013,Broj,Kneževo,Oba spola,serbs,8886
2013,Broj,Kneževo,M,serbs,4414
2013,Broj,Kneževo,Ž,serbs,4472
2013,Broj,Kozarska Dubica,Oba spola,serbs,18144
2013,Broj,Kozarska Dubica,M,serbs,8939
2013,Broj,Kozarska Dubica,Ž,serbs,9205
2013,Broj,Kostajnica,Oba spola,serbs,4177
2013,Broj,Kostajnica,M,serbs,2077
2013,Broj,Kostajnica,Ž,serbs,2100
2013,Broj,Kotor Varoš,Oba spola,serbs,12730
2013,Broj,Kotor Varoš,M,serbs,6305
2013,Broj,Kotor Varoš,Ž,serbs,6425
2013,Broj,Krupa Na Uni,Oba spola,serbs,1555
2013,Broj,Krupa Na Uni,M,serbs,840
2013,Broj,Krupa Na Uni,Ž,serbs,715
2013,Broj,Kupres,Oba spola,serbs,292
2013,Broj,Kupres,M,serbs,156
2013,Broj,Kupres,Ž,serbs,136
2013,Broj,Laktaši,Oba spola,serbs,32761
2013,Broj,Laktaši,M,serbs,16275
2013,Broj,Laktaši,Ž,serbs,16486
2013,Broj,Lopare,Oba spola,serbs,13267
2013,Broj,Lopare,M,serbs,6695
2013,Broj,Lopare,Ž,serbs,6572
2013,Broj,Ljubinje,Oba spola,serbs,3280
2013,Broj,Ljubinje,M,serbs,1615
2013,Broj,Ljubinje,Ž,serbs,1665
2013,Broj,Milići,Oba spola,serbs,6857
2013,Broj,Milići,M,serbs,3486
2013,Broj,Milići,Ž,serbs,3371
2013,Broj,Modriča,Oba spola,serbs,19530
2013,Broj,Modriča,M,serbs,9611
2013,Broj,Modriča,Ž,serbs,9919
2013,Broj,Mrkonjić Grad,Oba spola,serbs,15340
2013,Broj,Mrkonjić Grad,M,serbs,7388
2013,Broj,Mrkonjić Grad,Ž,serbs,7952
2013,Broj,Nevesinje,Oba spola,serbs,11964
2013,Broj,Nevesinje,M,serbs,5951
2013,Broj,Nevesinje,Ž,serbs,6013
2013,Broj,Novi Grad,Oba spola,serbs,19491
2013,Broj,Novi Grad,M,serbs,9747
2013,Broj,Novi Grad,Ž,serbs,9744
2013,Broj,Novo Goražde,Oba spola,serbs,1561
2013,Broj,Novo Goražde,M,serbs,821
2013,Broj,Novo Goražde,Ž,serbs,740
2013,Broj,Osmaci,Oba spola,serbs,2852
2013,Broj,Osmaci,M,serbs,1450
2013,Broj,Osmaci,Ž,serbs,1402
2013,Broj,Oštra Luka,Oba spola,serbs,2510
2013,Broj,Oštra Luka,M,serbs,1296
2013,Broj,Oštra Luka,Ž,serbs,1214
2013,Broj,Pale,Oba spola,serbs,19932
2013,Broj,Pale,M,serbs,9561
2013,Broj,Pale,Ž,serbs,10371
2013,Broj,Pelagićevo,Oba spola,serbs,3146
2013,Broj,Pelagićevo,M,serbs,1563
2013,Broj,Pelagićevo,Ž,serbs,1583
2013,Broj,Petrovac,Oba spola,serbs,351
2013,Broj,Petrovac,M,serbs,168
2013,Broj,Petrovac,Ž,serbs,183
2013,Broj,Petrovo,Oba spola,serbs,6222
2013,Broj,Petrovo,M,serbs,3002
2013,Broj,Petrovo,Ž,serbs,3220
2013,Broj,Grad Prijedor,Oba spola,serbs,54365
2013,Broj,Grad Prijedor,M,serbs,26834
2013,Broj,Grad Prijedor,Ž,serbs,27531
2013,Broj,Prnjavor,Oba spola,serbs,29478
2013,Broj,Prnjavor,M,serbs,14352
2013,Broj,Prnjavor,Ž,serbs,15126
2013,Broj,Ribnik,Oba spola,serbs,5825
2013,Broj,Ribnik,M,serbs,2891
2013,Broj,Ribnik,Ž,serbs,2934
2013,Broj,Rogatica,Oba spola,serbs,9217
2013,Broj,Rogatica,M,serbs,4502
2013,Broj,Rogatica,Ž,serbs,4715
2013,Broj,Rudo,Oba spola,serbs,6963
2013,Broj,Rudo,M,serbs,3517
2013,Broj,Rudo,Ž,serbs,3446
2013,Broj,Sokolac,Oba spola,serbs,10894
2013,Broj,Sokolac,M,serbs,5357
2013,Broj,Sokolac,Ž,serbs,5537
2013,Broj,Srbac,Oba spola,serbs,16013
2013,Broj,Srbac,M,serbs,7888
2013,Broj,Srbac,Ž,serbs,8125
2013,Broj,Srebrenica,Oba spola,serbs,5467
2013,Broj,Srebrenica,M,serbs,2743
2013,Broj,Srebrenica,Ž,serbs,2724
2013,Broj,Teslić,Oba spola,serbs,28166
2013,Broj,Teslić,M,serbs,13545
2013,Broj,Teslić,Ž,serbs,14621
2013,Broj,Grad Trebinje,Oba spola,serbs,26484
2013,Broj,Grad Trebinje,M,serbs,12943
2013,Broj,Grad Trebinje,Ž,serbs,13541
2013,Broj,Trnovo,Oba spola,serbs,1131
2013,Broj,Trnovo,M,serbs,534
2013,Broj,Trnovo,Ž,serbs,597
2013,Broj,Ugljevik,Oba spola,serbs,13007
2013,Broj,Ugljevik,M,serbs,6606
2013,Broj,Ugljevik,Ž,serbs,6401
2013,Broj,Foča,Oba spola,serbs,16157
2013,Broj,Foča,M,serbs,8133
2013,Broj,Foča,Ž,serbs,8024
2013,Broj,Han Pijesak,Oba spola,serbs,2994
2013,Broj,Han Pijesak,M,serbs,1412
2013,Broj,Han Pijesak,Ž,serbs,1582
2013,Broj,Čajniče,Oba spola,serbs,3806
2013,Broj,Čajniče,M,serbs,1891
2013,Broj,Čajniče,Ž,serbs,1915
2013,Broj,Čelinac,Oba spola,serbs,14508
2013,Broj,Čelinac,M,serbs,7194
2013,Broj,Čelinac,Ž,serbs,7314
2013,Broj,Šamac,Oba spola,serbs,12832
2013,Broj,Šamac,M,serbs,6277
2013,Broj,Šamac,Ž,serbs,6555
2013,Broj,Šekovići,Oba spola,serbs,6187
2013,Broj,Šekovići,M,serbs,3038
2013,Broj,Šekovići,Ž,serbs,3149
2013,Broj,Šipovo,Oba spola,serbs,9302
2013,Broj,Šipovo,M,serbs,4716
2013,Broj,Šipovo,Ž,serbs,4586
2013,Broj,Republika Srpska,Oba spola,other_ethnicity/nationality,14641
2013,Broj,Republika Srpska,M,other_ethnicity/nationality,7207
2013,Broj,Republika Srpska,Ž,other_ethnicity/nationality,7434
2013,Broj,Grad Banja Luka,Oba spola,other_ethnicity/nationality,3324
2013,Broj,Grad Banja Luka,M,other_ethnicity/nationality,1617
2013,Broj,Grad Banja Luka,Ž,other_ethnicity/nationality,1707
2013,Broj,Berkovići,Oba spola,other_ethnicity/nationality,1
2013,Broj,Berkovići,M,other_ethnicity/nationality,1
2013,Broj,Berkovići,Ž,other_ethnicity/nationality,0
2013,Broj,Grad Bijeljina,Oba spola,other_ethnicity/nationality,1478
2013,Broj,Grad Bijeljina,M,other_ethnicity/nationality,717
2013,Broj,Grad Bijeljina,Ž,other_ethnicity/nationality,761
2013,Broj,Bileća,Oba spola,other_ethnicity/nationality,72
2013,Broj,Bileća,M,other_ethnicity/nationality,38
2013,Broj,Bileća,Ž,other_ethnicity/nationality,34
2013,Broj,Bratunac,Oba spola,other_ethnicity/nationality,79
2013,Broj,Bratunac,M,other_ethnicity/nationality,45
2013,Broj,Bratunac,Ž,other_ethnicity/nationality,34
2013,Broj,Brod,Oba spola,other_ethnicity/nationality,151
2013,Broj,Brod,M,other_ethnicity/nationality,69
2013,Broj,Brod,Ž,other_ethnicity/nationality,82
2013,Broj,Višegrad,Oba spola,other_ethnicity/nationality,53
2013,Broj,Višegrad,M,other_ethnicity/nationality,26
2013,Broj,Višegrad,Ž,other_ethnicity/nationality,27
2013,Broj,Vlasenica,Oba spola,other_ethnicity/nationality,29
2013,Broj,Vlasenica,M,other_ethnicity/nationality,13
2013,Broj,Vlasenica,Ž,other_ethnicity/nationality,16
2013,Broj,Vukosavlje,Oba spola,other_ethnicity/nationality,146
2013,Broj,Vukosavlje,M,other_ethnicity/nationality,81
2013,Broj,Vukosavlje,Ž,other_ethnicity/nationality,65
2013,Broj,Gacko,Oba spola,other_ethnicity/nationality,40
2013,Broj,Gacko,M,other_ethnicity/nationality,27
2013,Broj,Gacko,Ž,other_ethnicity/nationality,13
2013,Broj,Grad Gradiška,Oba spola,other_ethnicity/nationality,970
2013,Broj,Grad Gradiška,M,other_ethnicity/nationality,468
2013,Broj,Grad Gradiška,Ž,other_ethnicity/nationality,502
2013,Broj,Grad Derventa,Oba spola,other_ethnicity/nationality,264
2013,Broj,Grad Derventa,M,other_ethnicity/nationality,116
2013,Broj,Grad Derventa,Ž,other_ethnicity/nationality,148
2013,Broj,Grad Doboj,Oba spola,other_ethnicity/nationality,949
2013,Broj,Grad Doboj,M,other_ethnicity/nationality,486
2013,Broj,Grad Doboj,Ž,other_ethnicity/nationality,463
2013,Broj,Donji Žabar,Oba spola,other_ethnicity/nationality,9
2013,Broj,Donji Žabar,M,other_ethnicity/nationality,1
2013,Broj,Donji Žabar,Ž,other_ethnicity/nationality,8
2013,Broj,Grad Zvornik,Oba spola,other_ethnicity/nationality,120
2013,Broj,Grad Zvornik,M,other_ethnicity/nationality,55
2013,Broj,Grad Zvornik,Ž,other_ethnicity/nationality,65
2013,Broj,Istočna Ilidža,Oba spola,other_ethnicity/nationality,96
2013,Broj,Istočna Ilidža,M,other_ethnicity/nationality,44
2013,Broj,Istočna Ilidža,Ž,other_ethnicity/nationality,52
2013,Broj,Istočni Drvar,Oba spola,other_ethnicity/nationality,0
2013,Broj,Istočni Drvar,M,other_ethnicity/nationality,0
2013,Broj,Istočni Drvar,Ž,other_ethnicity/nationality,0
2013,Broj,Istočni Mostar,Oba spola,other_ethnicity/nationality,0
2013,Broj,Istočni Mostar,M,other_ethnicity/nationality,0
2013,Broj,Istočni Mostar,Ž,other_ethnicity/nationality,0
2013,Broj,Istočni Stari Grad,Oba spola,other_ethnicity/nationality,7
2013,Broj,Istočni Stari Grad,M,other_ethnicity/nationality,5
2013,Broj,Istočni Stari Grad,Ž,other_ethnicity/nationality,2
2013,Broj,Istočno Novo Sarajevo,Oba spola,other_ethnicity/nationality,163
2013,Broj,Istočno Novo Sarajevo,M,other_ethnicity/nationality,72
2013,Broj,Istočno Novo Sarajevo,Ž,other_ethnicity/nationality,91
2013,Broj,Jezero,Oba spola,other_ethnicity/nationality,1
2013,Broj,Jezero,M,other_ethnicity/nationality,1
2013,Broj,Jezero,Ž,other_ethnicity/nationality,0
2013,Broj,Kalinovik,Oba spola,other_ethnicity/nationality,15
2013,Broj,Kalinovik,M,other_ethnicity/nationality,8
2013,Broj,Kalinovik,Ž,other_ethnicity/nationality,7
2013,Broj,Kneževo,Oba spola,other_ethnicity/nationality,37
2013,Broj,Kneževo,M,other_ethnicity/nationality,21
2013,Broj,Kneževo,Ž,other_ethnicity/nationality,16
2013,Broj,Kozarska Dubica,Oba spola,other_ethnicity/nationality,219
2013,Broj,Kozarska Dubica,M,other_ethnicity/nationality,102
2013,Broj,Kozarska Dubica,Ž,other_ethnicity/nationality,117
2013,Broj,Kostajnica,Oba spola,other_ethnicity/nationality,42
2013,Broj,Kostajnica,M,other_ethnicity/nationality,20
2013,Broj,Kostajnica,Ž,other_ethnicity/nationality,22
2013,Broj,Kotor Varoš,Oba spola,other_ethnicity/nationality,129
2013,Broj,Kotor Varoš,M,other_ethnicity/nationality,63
2013,Broj,Kotor Varoš,Ž,other_ethnicity/nationality,66
2013,Broj,Krupa Na Uni,Oba spola,other_ethnicity/nationality,0
2013,Broj,Krupa Na Uni,M,other_ethnicity/nationality,0
2013,Broj,Krupa Na Uni,Ž,other_ethnicity/nationality,0
2013,Broj,Kupres,Oba spola,other_ethnicity/nationality,0
2013,Broj,Kupres,M,other_ethnicity/nationality,0
2013,Broj,Kupres,Ž,other_ethnicity/nationality,0
2013,Broj,Laktaši,Oba spola,other_ethnicity/nationality,562
2013,Broj,Laktaši,M,other_ethnicity/nationality,285
2013,Broj,Laktaši,Ž,other_ethnicity/nationality,277
2013,Broj,Lopare,Oba spola,other_ethnicity/nationality,31
2013,Broj,Lopare,M,other_ethnicity/nationality,16
2013,Broj,Lopare,Ž,other_ethnicity/nationality,15
2013,Broj,Ljubinje,Oba spola,other_ethnicity/nationality,13
2013,Broj,Ljubinje,M,other_ethnicity/nationality,7
2013,Broj,Ljubinje,Ž,other_ethnicity/nationality,6
2013,Broj,Milići,Oba spola,other_ethnicity/nationality,19
2013,Broj,Milići,M,other_ethnicity/nationality,7
2013,Broj,Milići,Ž,other_ethnicity/nationality,12
2013,Broj,Modriča,Oba spola,other_ethnicity/nationality,412
2013,Broj,Modriča,M,other_ethnicity/nationality,207
2013,Broj,Modriča,Ž,other_ethnicity/nationality,205
2013,Broj,Mrkonjić Grad,Oba spola,other_ethnicity/nationality,37
2013,Broj,Mrkonjić Grad,M,other_ethnicity/nationality,17
2013,Broj,Mrkonjić Grad,Ž,other_ethnicity/nationality,20
2013,Broj,Nevesinje,Oba spola,other_ethnicity/nationality,18
2013,Broj,Nevesinje,M,other_ethnicity/nationality,5
2013,Broj,Nevesinje,Ž,other_ethnicity/nationality,13
2013,Broj,Novi Grad,Oba spola,other_ethnicity/nationality,200
2013,Broj,Novi Grad,M,other_ethnicity/nationality,100
2013,Broj,Novi Grad,Ž,other_ethnicity/nationality,100
2013,Broj,Novo Goražde,Oba spola,other_ethnicity/nationality,22
2013,Broj,Novo Goražde,M,other_ethnicity/nationality,11
2013,Broj,Novo Goražde,Ž,other_ethnicity/nationality,11
2013,Broj,Osmaci,Oba spola,other_ethnicity/nationality,5
2013,Broj,Osmaci,M,other_ethnicity/nationality,2
2013,Broj,Osmaci,Ž,other_ethnicity/nationality,3
2013,Broj,Oštra Luka,Oba spola,other_ethnicity/nationality,8
2013,Broj,Oštra Luka,M,other_ethnicity/nationality,3
2013,Broj,Oštra Luka,Ž,other_ethnicity/nationality,5
2013,Broj,Pale,Oba spola,other_ethnicity/nationality,70
2013,Broj,Pale,M,other_ethnicity/nationality,31
2013,Broj,Pale,Ž,other_ethnicity/nationality,39
2013,Broj,Pelagićevo,Oba spola,other_ethnicity/nationality,9
2013,Broj,Pelagićevo,M,other_ethnicity/nationality,4
2013,Broj,Pelagićevo,Ž,other_ethnicity/nationality,5
2013,Broj,Petrovac,Oba spola,other_ethnicity/nationality,3
2013,Broj,Petrovac,M,other_ethnicity/nationality,1
2013,Broj,Petrovac,Ž,other_ethnicity/nationality,2
2013,Broj,Petrovo,Oba spola,other_ethnicity/nationality,30
2013,Broj,Petrovo,M,other_ethnicity/nationality,19
2013,Broj,Petrovo,Ž,other_ethnicity/nationality,11
2013,Broj,Grad Prijedor,Oba spola,other_ethnicity/nationality,1495
2013,Broj,Grad Prijedor,M,other_ethnicity/nationality,712
2013,Broj,Grad Prijedor,Ž,other_ethnicity/nationality,783
2013,Broj,Prnjavor,Oba spola,other_ethnicity/nationality,1452
2013,Broj,Prnjavor,M,other_ethnicity/nationality,738
2013,Broj,Prnjavor,Ž,other_ethnicity/nationality,714
2013,Broj,Ribnik,Oba spola,other_ethnicity/nationality,11
2013,Broj,Ribnik,M,other_ethnicity/nationality,3
2013,Broj,Ribnik,Ž,other_ethnicity/nationality,8
2013,Broj,Rogatica,Oba spola,other_ethnicity/nationality,41
2013,Broj,Rogatica,M,other_ethnicity/nationality,20
2013,Broj,Rogatica,Ž,other_ethnicity/nationality,21
2013,Broj,Rudo,Oba spola,other_ethnicity/nationality,26
2013,Broj,Rudo,M,other_ethnicity/nationality,14
2013,Broj,Rudo,Ž,other_ethnicity/nationality,12
2013,Broj,Sokolac,Oba spola,other_ethnicity/nationality,38
2013,Broj,Sokolac,M,other_ethnicity/nationality,19
2013,Broj,Sokolac,Ž,other_ethnicity/nationality,19
2013,Broj,Srbac,Oba spola,other_ethnicity/nationality,280
2013,Broj,Srbac,M,other_ethnicity/nationality,146
2013,Broj,Srbac,Ž,other_ethnicity/nationality,134
2013,Broj,Srebrenica,Oba spola,other_ethnicity/nationality,59
2013,Broj,Srebrenica,M,other_ethnicity/nationality,34
2013,Broj,Srebrenica,Ž,other_ethnicity/nationality,25
2013,Broj,Teslić,Oba spola,other_ethnicity/nationality,454
2013,Broj,Teslić,M,other_ethnicity/nationality,222
2013,Broj,Teslić,Ž,other_ethnicity/nationality,232
2013,Broj,Grad Trebinje,Oba spola,other_ethnicity/nationality,398
2013,Broj,Grad Trebinje,M,other_ethnicity/nationality,204
2013,Broj,Grad Trebinje,Ž,other_ethnicity/nationality,194
2013,Broj,Trnovo,Oba spola,other_ethnicity/nationality,10
2013,Broj,Trnovo,M,other_ethnicity/nationality,7
2013,Broj,Trnovo,Ž,other_ethnicity/nationality,3
2013,Broj,Ugljevik,Oba spola,other_ethnicity/nationality,36
2013,Broj,Ugljevik,M,other_ethnicity/nationality,17
2013,Broj,Ugljevik,Ž,other_ethnicity/nationality,19
2013,Broj,Foča,Oba spola,other_ethnicity/nationality,160
2013,Broj,Foča,M,other_ethnicity/nationality,90
2013,Broj,Foča,Ž,other_ethnicity/nationality,70
2013,Broj,Han Pijesak,Oba spola,other_ethnicity/nationality,21
2013,Broj,Han Pijesak,M,other_ethnicity/nationality,14
2013,Broj,Han Pijesak,Ž,other_ethnicity/nationality,7
2013,Broj,Čajniče,Oba spola,other_ethnicity/nationality,24
2013,Broj,Čajniče,M,other_ethnicity/nationality,13
2013,Broj,Čajniče,Ž,other_ethnicity/nationality,11
2013,Broj,Čelinac,Oba spola,other_ethnicity/nationality,122
2013,Broj,Čelinac,M,other_ethnicity/nationality,55
2013,Broj,Čelinac,Ž,other_ethnicity/nationality,67
2013,Broj,Šamac,Oba spola,other_ethnicity/nationality,135
2013,Broj,Šamac,M,other_ethnicity/nationality,67
2013,Broj,Šamac,Ž,other_ethnicity/nationality,68
2013,Broj,Šekovići,Oba spola,other_ethnicity/nationality,12
2013,Broj,Šekovići,M,other_ethnicity/nationality,7
2013,Broj,Šekovići,Ž,other_ethnicity/nationality,5
2013,Broj,Šipovo,Oba spola,other_ethnicity/nationality,34
2013,Broj,Šipovo,M,other_ethnicity/nationality,14
2013,Broj,Šipovo,Ž,other_ethnicity/nationality,20
2013,Broj,Republika Srpska,Oba spola,does_not_declare_ethnicity/nationality,7861
2013,Broj,Republika Srpska,M,does_not_declare_ethnicity/nationality,3202
2013,Broj,Republika Srpska,Ž,does_not_declare_ethnicity/nationality,4659
2013,Broj,Grad Banja Luka,Oba spola,does_not_declare_ethnicity/nationality,2641
2013,Broj,Grad Banja Luka,M,does_not_declare_ethnicity/nationality,1044
2013,Broj,Grad Banja Luka,Ž,does_not_declare_ethnicity/nationality,1597
2013,Broj,Berkovići,Oba spola,does_not_declare_ethnicity/nationality,0
2013,Broj,Berkovići,M,does_not_declare_ethnicity/nationality,0
2013,Broj,Berkovići,Ž,does_not_declare_ethnicity/nationality,0
2013,Broj,Grad Bijeljina,Oba spola,does_not_declare_ethnicity/nationality,654
2013,Broj,Grad Bijeljina,M,does_not_declare_ethnicity/nationality,272
2013,Broj,Grad Bijeljina,Ž,does_not_declare_ethnicity/nationality,382
2013,Broj,Bileća,Oba spola,does_not_declare_ethnicity/nationality,30
2013,Broj,Bileća,M,does_not_declare_ethnicity/nationality,10
2013,Broj,Bileća,Ž,does_not_declare_ethnicity/nationality,20
2013,Broj,Bratunac,Oba spola,does_not_declare_ethnicity/nationality,22
2013,Broj,Bratunac,M,does_not_declare_ethnicity/nationality,11
2013,Broj,Bratunac,Ž,does_not_declare_ethnicity/nationality,11
2013,Broj,Brod,Oba spola,does_not_declare_ethnicity/nationality,142
2013,Broj,Brod,M,does_not_declare_ethnicity/nationality,50
2013,Broj,Brod,Ž,does_not_declare_ethnicity/nationality,92
2013,Broj,Višegrad,Oba spola,does_not_declare_ethnicity/nationality,19
2013,Broj,Višegrad,M,does_not_declare_ethnicity/nationality,10
2013,Broj,Višegrad,Ž,does_not_declare_ethnicity/nationality,9
2013,Broj,Vlasenica,Oba spola,does_not_declare_ethnicity/nationality,20
2013,Broj,Vlasenica,M,does_not_declare_ethnicity/nationality,11
2013,Broj,Vlasenica,Ž,does_not_declare_ethnicity/nationality,9
2013,Broj,Vukosavlje,Oba spola,does_not_declare_ethnicity/nationality,32
2013,Broj,Vukosavlje,M,does_not_declare_ethnicity/nationality,15
2013,Broj,Vukosavlje,Ž,does_not_declare_ethnicity/nationality,17
2013,Broj,Gacko,Oba spola,does_not_declare_ethnicity/nationality,3
2013,Broj,Gacko,M,does_not_declare_ethnicity/nationality,0
2013,Broj,Gacko,Ž,does_not_declare_ethnicity/nationality,3
2013,Broj,Grad Gradiška,Oba spola,does_not_declare_ethnicity/nationality,411
2013,Broj,Grad Gradiška,M,does_not_declare_ethnicity/nationality,174
2013,Broj,Grad Gradiška,Ž,does_not_declare_ethnicity/nationality,237
2013,Broj,Grad Derventa,Oba spola,does_not_declare_ethnicity/nationality,242
2013,Broj,Grad Derventa,M,does_not_declare_ethnicity/nationality,113
2013,Broj,Grad Derventa,Ž,does_not_declare_ethnicity/nationality,129
2013,Broj,Grad Doboj,Oba spola,does_not_declare_ethnicity/nationality,467
2013,Broj,Grad Doboj,M,does_not_declare_ethnicity/nationality,198
2013,Broj,Grad Doboj,Ž,does_not_declare_ethnicity/nationality,269
2013,Broj,Donji Žabar,Oba spola,does_not_declare_ethnicity/nationality,5
2013,Broj,Donji Žabar,M,does_not_declare_ethnicity/nationality,2
2013,Broj,Donji Žabar,Ž,does_not_declare_ethnicity/nationality,3
2013,Broj,Grad Zvornik,Oba spola,does_not_declare_ethnicity/nationality,70
2013,Broj,Grad Zvornik,M,does_not_declare_ethnicity/nationality,31
2013,Broj,Grad Zvornik,Ž,does_not_declare_ethnicity/nationality,39
2013,Broj,Istočna Ilidža,Oba spola,does_not_declare_ethnicity/nationality,96
2013,Broj,Istočna Ilidža,M,does_not_declare_ethnicity/nationality,38
2013,Broj,Istočna Ilidža,Ž,does_not_declare_ethnicity/nationality,58
2013,Broj,Istočni Drvar,Oba spola,does_not_declare_ethnicity/nationality,0
2013,Broj,Istočni Drvar,M,does_not_declare_ethnicity/nationality,0
2013,Broj,Istočni Drvar,Ž,does_not_declare_ethnicity/nationality,0
2013,Broj,Istočni Mostar,Oba spola,does_not_declare_ethnicity/nationality,0
2013,Broj,Istočni Mostar,M,does_not_declare_ethnicity/nationality,0
2013,Broj,Istočni Mostar,Ž,does_not_declare_ethnicity/nationality,0
2013,Broj,Istočni Stari Grad,Oba spola,does_not_declare_ethnicity/nationality,2
2013,Broj,Istočni Stari Grad,M,does_not_declare_ethnicity/nationality,0
2013,Broj,Istočni Stari Grad,Ž,does_not_declare_ethnicity/nationality,2
2013,Broj,Istočno Novo Sarajevo,Oba spola,does_not_declare_ethnicity/nationality,61
2013,Broj,Istočno Novo Sarajevo,M,does_not_declare_ethnicity/nationality,26
2013,Broj,Istočno Novo Sarajevo,Ž,does_not_declare_ethnicity/nationality,35
2013,Broj,Jezero,Oba spola,does_not_declare_ethnicity/nationality,1
2013,Broj,Jezero,M,does_not_declare_ethnicity/nationality,0
2013,Broj,Jezero,Ž,does_not_declare_ethnicity/nationality,1
2013,Broj,Kalinovik,Oba spola,does_not_declare_ethnicity/nationality,1
2013,Broj,Kalinovik,M,does_not_declare_ethnicity/nationality,1
2013,Broj,Kalinovik,Ž,does_not_declare_ethnicity/nationality,0
2013,Broj,Kneževo,Oba spola,does_not_declare_ethnicity/nationality,4
2013,Broj,Kneževo,M,does_not_declare_ethnicity/nationality,3
2013,Broj,Kneževo,Ž,does_not_declare_ethnicity/nationality,1
2013,Broj,Kozarska Dubica,Oba spola,does_not_declare_ethnicity/nationality,162
2013,Broj,Kozarska Dubica,M,does_not_declare_ethnicity/nationality,63
2013,Broj,Kozarska Dubica,Ž,does_not_declare_ethnicity/nationality,99
2013,Broj,Kostajnica,Oba spola,does_not_declare_ethnicity/nationality,66
2013,Broj,Kostajnica,M,does_not_declare_ethnicity/nationality,28
2013,Broj,Kostajnica,Ž,does_not_declare_ethnicity/nationality,38
2013,Broj,Kotor Varoš,Oba spola,does_not_declare_ethnicity/nationality,115
2013,Broj,Kotor Varoš,M,does_not_declare_ethnicity/nationality,42
2013,Broj,Kotor Varoš,Ž,does_not_declare_ethnicity/nationality,73
2013,Broj,Krupa Na Uni,Oba spola,does_not_declare_ethnicity/nationality,0
2013,Broj,Krupa Na Uni,M,does_not_declare_ethnicity/nationality,0
2013,Broj,Krupa Na Uni,Ž,does_not_declare_ethnicity/nationality,0
2013,Broj,Kupres,Oba spola,does_not_declare_ethnicity/nationality,1
2013,Broj,Kupres,M,does_not_declare_ethnicity/nationality,1
2013,Broj,Kupres,Ž,does_not_declare_ethnicity/nationality,0
2013,Broj,Laktaši,Oba spola,does_not_declare_ethnicity/nationality,237
2013,Broj,Laktaši,M,does_not_declare_ethnicity/nationality,103
2013,Broj,Laktaši,Ž,does_not_declare_ethnicity/nationality,134
2013,Broj,Lopare,Oba spola,does_not_declare_ethnicity/nationality,23
2013,Broj,Lopare,M,does_not_declare_ethnicity/nationality,5
2013,Broj,Lopare,Ž,does_not_declare_ethnicity/nationality,18
2013,Broj,Ljubinje,Oba spola,does_not_declare_ethnicity/nationality,5
2013,Broj,Ljubinje,M,does_not_declare_ethnicity/nationality,2
2013,Broj,Ljubinje,Ž,does_not_declare_ethnicity/nationality,3
2013,Broj,Milići,Oba spola,does_not_declare_ethnicity/nationality,7
2013,Broj,Milići,M,does_not_declare_ethnicity/nationality,3
2013,Broj,Milići,Ž,does_not_declare_ethnicity/nationality,4
2013,Broj,Modriča,Oba spola,does_not_declare_ethnicity/nationality,156
2013,Broj,Modriča,M,does_not_declare_ethnicity/nationality,63
2013,Broj,Modriča,Ž,does_not_declare_ethnicity/nationality,93
2013,Broj,Mrkonjić Grad,Oba spola,does_not_declare_ethnicity/nationality,35
2013,Broj,Mrkonjić Grad,M,does_not_declare_ethnicity/nationality,19
2013,Broj,Mrkonjić Grad,Ž,does_not_declare_ethnicity/nationality,16
2013,Broj,Nevesinje,Oba spola,does_not_declare_ethnicity/nationality,18
2013,Broj,Nevesinje,M,does_not_declare_ethnicity/nationality,8
2013,Broj,Nevesinje,Ž,does_not_declare_ethnicity/nationality,10
2013,Broj,Novi Grad,Oba spola,does_not_declare_ethnicity/nationality,137
2013,Broj,Novi Grad,M,does_not_declare_ethnicity/nationality,56
2013,Broj,Novi Grad,Ž,does_not_declare_ethnicity/nationality,81
2013,Broj,Novo Goražde,Oba spola,does_not_declare_ethnicity/nationality,6
2013,Broj,Novo Goražde,M,does_not_declare_ethnicity/nationality,3
2013,Broj,Novo Goražde,Ž,does_not_declare_ethnicity/nationality,3
2013,Broj,Osmaci,Oba spola,does_not_declare_ethnicity/nationality,5
2013,Broj,Osmaci,M,does_not_declare_ethnicity/nationality,3
2013,Broj,Osmaci,Ž,does_not_declare_ethnicity/nationality,2
2013,Broj,Oštra Luka,Oba spola,does_not_declare_ethnicity/nationality,12
2013,Broj,Oštra Luka,M,does_not_declare_ethnicity/nationality,4
2013,Broj,Oštra Luka,Ž,does_not_declare_ethnicity/nationality,8
2013,Broj,Pale,Oba spola,does_not_declare_ethnicity/nationality,53
2013,Broj,Pale,M,does_not_declare_ethnicity/nationality,20
2013,Broj,Pale,Ž,does_not_declare_ethnicity/nationality,33
2013,Broj,Pelagićevo,Oba spola,does_not_declare_ethnicity/nationality,3
2013,Broj,Pelagićevo,M,does_not_declare_ethnicity/nationality,1
2013,Broj,Pelagićevo,Ž,does_not_declare_ethnicity/nationality,2
2013,Broj,Petrovac,Oba spola,does_not_declare_ethnicity/nationality,0
2013,Broj,Petrovac,M,does_not_declare_ethnicity/nationality,0
2013,Broj,Petrovac,Ž,does_not_declare_ethnicity/nationality,0
2013,Broj,Petrovo,Oba spola,does_not_declare_ethnicity/nationality,21
2013,Broj,Petrovo,M,does_not_declare_ethnicity/nationality,10
2013,Broj,Petrovo,Ž,does_not_declare_ethnicity/nationality,11
2013,Broj,Grad Prijedor,Oba spola,does_not_declare_ethnicity/nationality,718
2013,Broj,Grad Prijedor,M,does_not_declare_ethnicity/nationality,267
2013,Broj,Grad Prijedor,Ž,does_not_declare_ethnicity/nationality,451
2013,Broj,Prnjavor,Oba spola,does_not_declare_ethnicity/nationality,225
2013,Broj,Prnjavor,M,does_not_declare_ethnicity/nationality,96
2013,Broj,Prnjavor,Ž,does_not_declare_ethnicity/nationality,129
2013,Broj,Ribnik,Oba spola,does_not_declare_ethnicity/nationality,2
2013,Broj,Ribnik,M,does_not_declare_ethnicity/nationality,0
2013,Broj,Ribnik,Ž,does_not_declare_ethnicity/nationality,2
2013,Broj,Rogatica,Oba spola,does_not_declare_ethnicity/nationality,12
2013,Broj,Rogatica,M,does_not_declare_ethnicity/nationality,7
2013,Broj,Rogatica,Ž,does_not_declare_ethnicity/nationality,5
2013,Broj,Rudo,Oba spola,does_not_declare_ethnicity/nationality,5
2013,Broj,Rudo,M,does_not_declare_ethnicity/nationality,3
2013,Broj,Rudo,Ž,does_not_declare_ethnicity/nationality,2
2013,Broj,Sokolac,Oba spola,does_not_declare_ethnicity/nationality,13
2013,Broj,Sokolac,M,does_not_declare_ethnicity/nationality,5
2013,Broj,Sokolac,Ž,does_not_declare_ethnicity/nationality,8
2013,Broj,Srbac,Oba spola,does_not_declare_ethnicity/nationality,89
2013,Broj,Srbac,M,does_not_declare_ethnicity/nationality,45
2013,Broj,Srbac,Ž,does_not_declare_ethnicity/nationality,44
2013,Broj,Srebrenica,Oba spola,does_not_declare_ethnicity/nationality,22
2013,Broj,Srebrenica,M,does_not_declare_ethnicity/nationality,10
2013,Broj,Srebrenica,Ž,does_not_declare_ethnicity/nationality,12
2013,Broj,Teslić,Oba spola,does_not_declare_ethnicity/nationality,339
2013,Broj,Teslić,M,does_not_declare_ethnicity/nationality,136
2013,Broj,Teslić,Ž,does_not_declare_ethnicity/nationality,203
2013,Broj,Grad Trebinje,Oba spola,does_not_declare_ethnicity/nationality,180
2013,Broj,Grad Trebinje,M,does_not_declare_ethnicity/nationality,77
2013,Broj,Grad Trebinje,Ž,does_not_declare_ethnicity/nationality,103
2013,Broj,Trnovo,Oba spola,does_not_declare_ethnicity/nationality,9
2013,Broj,Trnovo,M,does_not_declare_ethnicity/nationality,4
2013,Broj,Trnovo,Ž,does_not_declare_ethnicity/nationality,5
2013,Broj,Ugljevik,Oba spola,does_not_declare_ethnicity/nationality,21
2013,Broj,Ugljevik,M,does_not_declare_ethnicity/nationality,10
2013,Broj,Ugljevik,Ž,does_not_declare_ethnicity/nationality,11
2013,Broj,Foča,Oba spola,does_not_declare_ethnicity/nationality,30
2013,Broj,Foča,M,does_not_declare_ethnicity/nationality,10
2013,Broj,Foča,Ž,does_not_declare_ethnicity/nationality,20
2013,Broj,Han Pijesak,Oba spola,does_not_declare_ethnicity/nationality,3
2013,Broj,Han Pijesak,M,does_not_declare_ethnicity/nationality,1
2013,Broj,Han Pijesak,Ž,does_not_declare_ethnicity/nationality,2
2013,Broj,Čajniče,Oba spola,does_not_declare_ethnicity/nationality,3
2013,Broj,Čajniče,M,does_not_declare_ethnicity/nationality,1
2013,Broj,Čajniče,Ž,does_not_declare_ethnicity/nationality,2
2013,Broj,Čelinac,Oba spola,does_not_declare_ethnicity/nationality,35
2013,Broj,Čelinac,M,does_not_declare_ethnicity/nationality,16
2013,Broj,Čelinac,Ž,does_not_declare_ethnicity/nationality,19
2013,Broj,Šamac,Oba spola,does_not_declare_ethnicity/nationality,141
2013,Broj,Šamac,M,does_not_declare_ethnicity/nationality,57
2013,Broj,Šamac,Ž,does_not_declare_ethnicity/nationality,84
2013,Broj,Šekovići,Oba spola,does_not_declare_ethnicity/nationality,5
2013,Broj,Šekovići,M,does_not_declare_ethnicity/nationality,2
2013,Broj,Šekovići,Ž,does_not_declare_ethnicity/nationality,3
2013,Broj,Šipovo,Oba spola,does_not_declare_ethnicity/nationality,24
2013,Broj,Šipovo,M,does_not_declare_ethnicity/nationality,12
2013,Broj,Šipovo,Ž,does_not_declare_ethnicity/nationality,12
2013,Broj,Republika Srpska,Oba spola,unknown_ethnicity/nationality,1997
2013,Broj,Republika Srpska,M,unknown_ethnicity/nationality,916
2013,Broj,Republika Srpska,Ž,unknown_ethnicity/nationality,1081
2013,Broj,Grad Banja Luka,Oba spola,unknown_ethnicity/nationality,328
2013,Broj,Grad Banja Luka,M,unknown_ethnicity/nationality,153
2013,Broj,Grad Banja Luka,Ž,unknown_ethnicity/nationality,175
2013,Broj,Berkovići,Oba spola,unknown_ethnicity/nationality,1
2013,Broj,Berkovići,M,unknown_ethnicity/nationality,0
2013,Broj,Berkovići,Ž,unknown_ethnicity/nationality,1
2013,Broj,Grad Bijeljina,Oba spola,unknown_ethnicity/nationality,90
2013,Broj,Grad Bijeljina,M,unknown_ethnicity/nationality,37
2013,Broj,Grad Bijeljina,Ž,unknown_ethnicity/nationality,53
2013,Broj,Bileća,Oba spola,unknown_ethnicity/nationality,11
2013,Broj,Bileća,M,unknown_ethnicity/nationality,4
2013,Broj,Bileća,Ž,unknown_ethnicity/nationality,7
2013,Broj,Bratunac,Oba spola,unknown_ethnicity/nationality,35
2013,Broj,Bratunac,M,unknown_ethnicity/nationality,16
2013,Broj,Bratunac,Ž,unknown_ethnicity/nationality,19
2013,Broj,Brod,Oba spola,unknown_ethnicity/nationality,29
2013,Broj,Brod,M,unknown_ethnicity/nationality,12
2013,Broj,Brod,Ž,unknown_ethnicity/nationality,17
2013,Broj,Višegrad,Oba spola,unknown_ethnicity/nationality,177
2013,Broj,Višegrad,M,unknown_ethnicity/nationality,2
2013,Broj,Višegrad,Ž,unknown_ethnicity/nationality,175
2013,Broj,Vlasenica,Oba spola,unknown_ethnicity/nationality,29
2013,Broj,Vlasenica,M,unknown_ethnicity/nationality,13
2013,Broj,Vlasenica,Ž,unknown_ethnicity/nationality,16
2013,Broj,Vukosavlje,Oba spola,unknown_ethnicity/nationality,14
2013,Broj,Vukosavlje,M,unknown_ethnicity/nationality,3
2013,Broj,Vukosavlje,Ž,unknown_ethnicity/nationality,11
2013,Broj,Gacko,Oba spola,unknown_ethnicity/nationality,6
2013,Broj,Gacko,M,unknown_ethnicity/nationality,1
2013,Broj,Gacko,Ž,unknown_ethnicity/nationality,5
2013,Broj,Grad Gradiška,Oba spola,unknown_ethnicity/nationality,42
2013,Broj,Grad Gradiška,M,unknown_ethnicity/nationality,19
2013,Broj,Grad Gradiška,Ž,unknown_ethnicity/nationality,23
2013,Broj,Grad Derventa,Oba spola,unknown_ethnicity/nationality,54
2013,Broj,Grad Derventa,M,unknown_ethnicity/nationality,24
2013,Broj,Grad Derventa,Ž,unknown_ethnicity/nationality,30
2013,Broj,Grad Doboj,Oba spola,unknown_ethnicity/nationality,163
2013,Broj,Grad Doboj,M,unknown_ethnicity/nationality,61
2013,Broj,Grad Doboj,Ž,unknown_ethnicity/nationality,102
2013,Broj,Donji Žabar,Oba spola,unknown_ethnicity/nationality,2
2013,Broj,Donji Žabar,M,unknown_ethnicity/nationality,1
2013,Broj,Donji Žabar,Ž,unknown_ethnicity/nationality,1
2013,Broj,Grad Zvornik,Oba spola,unknown_ethnicity/nationality,97
2013,Broj,Grad Zvornik,M,unknown_ethnicity/nationality,42
2013,Broj,Grad Zvornik,Ž,unknown_ethnicity/nationality,55
2013,Broj,Istočna Ilidža,Oba spola,unknown_ethnicity/nationality,10
2013,Broj,Istočna Ilidža,M,unknown_ethnicity/nationality,5
2013,Broj,Istočna Ilidža,Ž,unknown_ethnicity/nationality,5
2013,Broj,Istočni Drvar,Oba spola,unknown_ethnicity/nationality,0
2013,Broj,Istočni Drvar,M,unknown_ethnicity/nationality,0
2013,Broj,Istočni Drvar,Ž,unknown_ethnicity/nationality,0
2013,Broj,Istočni Mostar,Oba spola,unknown_ethnicity/nationality,2
2013,Broj,Istočni Mostar,M,unknown_ethnicity/nationality,1
2013,Broj,Istočni Mostar,Ž,unknown_ethnicity/nationality,1
2013,Broj,Istočni Stari Grad,Oba spola,unknown_ethnicity/nationality,1
2013,Broj,Istočni Stari Grad,M,unknown_ethnicity/nationality,1
2013,Broj,Istočni Stari Grad,Ž,unknown_ethnicity/nationality,0
2013,Broj,Istočno Novo Sarajevo,Oba spola,unknown_ethnicity/nationality,3
2013,Broj,Istočno Novo Sarajevo,M,unknown_ethnicity/nationality,0
2013,Broj,Istočno Novo Sarajevo,Ž,unknown_ethnicity/nationality,3
2013,Broj,Jezero,Oba spola,unknown_ethnicity/nationality,1
2013,Broj,Jezero,M,unknown_ethnicity/nationality,1
2013,Broj,Jezero,Ž,unknown_ethnicity/nationality,0
2013,Broj,Kalinovik,Oba spola,unknown_ethnicity/nationality,0
2013,Broj,Kalinovik,M,unknown_ethnicity/nationality,0
2013,Broj,Kalinovik,Ž,unknown_ethnicity/nationality,0
2013,Broj,Kneževo,Oba spola,unknown_ethnicity/nationality,4
2013,Broj,Kneževo,M,unknown_ethnicity/nationality,3
2013,Broj,Kneževo,Ž,unknown_ethnicity/nationality,1
2013,Broj,Kozarska Dubica,Oba spola,unknown_ethnicity/nationality,12
2013,Broj,Kozarska Dubica,M,unknown_ethnicity/nationality,5
2013,Broj,Kozarska Dubica,Ž,unknown_ethnicity/nationality,7
2013,Broj,Kostajnica,Oba spola,unknown_ethnicity/nationality,2
2013,Broj,Kostajnica,M,unknown_ethnicity/nationality,0
2013,Broj,Kostajnica,Ž,unknown_ethnicity/nationality,2
2013,Broj,Kotor Varoš,Oba spola,unknown_ethnicity/nationality,19
2013,Broj,Kotor Varoš,M,unknown_ethnicity/nationality,14
2013,Broj,Kotor Varoš,Ž,unknown_ethnicity/nationality,5
2013,Broj,Krupa Na Uni,Oba spola,unknown_ethnicity/nationality,0
2013,Broj,Krupa Na Uni,M,unknown_ethnicity/nationality,0
2013,Broj,Krupa Na Uni,Ž,unknown_ethnicity/nationality,0
2013,Broj,Kupres,Oba spola,unknown_ethnicity/nationality,0
2013,Broj,Kupres,M,unknown_ethnicity/nationality,0
2013,Broj,Kupres,Ž,unknown_ethnicity/nationality,0
2013,Broj,Laktaši,Oba spola,unknown_ethnicity/nationality,46
2013,Broj,Laktaši,M,unknown_ethnicity/nationality,20
2013,Broj,Laktaši,Ž,unknown_ethnicity/nationality,26
2013,Broj,Lopare,Oba spola,unknown_ethnicity/nationality,10
2013,Broj,Lopare,M,unknown_ethnicity/nationality,6
2013,Broj,Lopare,Ž,unknown_ethnicity/nationality,4
2013,Broj,Ljubinje,Oba spola,unknown_ethnicity/nationality,2
2013,Broj,Ljubinje,M,unknown_ethnicity/nationality,1
2013,Broj,Ljubinje,Ž,unknown_ethnicity/nationality,1
2013,Broj,Milići,Oba spola,unknown_ethnicity/nationality,8
2013,Broj,Milići,M,unknown_ethnicity/nationality,3
2013,Broj,Milići,Ž,unknown_ethnicity/nationality,5
2013,Broj,Modriča,Oba spola,unknown_ethnicity/nationality,116
2013,Broj,Modriča,M,unknown_ethnicity/nationality,62
2013,Broj,Modriča,Ž,unknown_ethnicity/nationality,54
2013,Broj,Mrkonjić Grad,Oba spola,unknown_ethnicity/nationality,12
2013,Broj,Mrkonjić Grad,M,unknown_ethnicity/nationality,6
2013,Broj,Mrkonjić Grad,Ž,unknown_ethnicity/nationality,6
2013,Broj,Nevesinje,Oba spola,unknown_ethnicity/nationality,7
2013,Broj,Nevesinje,M,unknown_ethnicity/nationality,2
2013,Broj,Nevesinje,Ž,unknown_ethnicity/nationality,5
2013,Broj,Novi Grad,Oba spola,unknown_ethnicity/nationality,24
2013,Broj,Novi Grad,M,unknown_ethnicity/nationality,13
2013,Broj,Novi Grad,Ž,unknown_ethnicity/nationality,11
2013,Broj,Novo Goražde,Oba spola,unknown_ethnicity/nationality,7
2013,Broj,Novo Goražde,M,unknown_ethnicity/nationality,2
2013,Broj,Novo Goražde,Ž,unknown_ethnicity/nationality,5
2013,Broj,Osmaci,Oba spola,unknown_ethnicity/nationality,4
2013,Broj,Osmaci,M,unknown_ethnicity/nationality,2
2013,Broj,Osmaci,Ž,unknown_ethnicity/nationality,2
2013,Broj,Oštra Luka,Oba spola,unknown_ethnicity/nationality,3
2013,Broj,Oštra Luka,M,unknown_ethnicity/nationality,2
2013,Broj,Oštra Luka,Ž,unknown_ethnicity/nationality,1
2013,Broj,Pale,Oba spola,unknown_ethnicity/nationality,13
2013,Broj,Pale,M,unknown_ethnicity/nationality,9
2013,Broj,Pale,Ž,unknown_ethnicity/nationality,4
2013,Broj,Pelagićevo,Oba spola,unknown_ethnicity/nationality,5
2013,Broj,Pelagićevo,M,unknown_ethnicity/nationality,1
2013,Broj,Pelagićevo,Ž,unknown_ethnicity/nationality,4
2013,Broj,Petrovac,Oba spola,unknown_ethnicity/nationality,0
2013,Broj,Petrovac,M,unknown_ethnicity/nationality,0
2013,Broj,Petrovac,Ž,unknown_ethnicity/nationality,0
2013,Broj,Petrovo,Oba spola,unknown_ethnicity/nationality,4
2013,Broj,Petrovo,M,unknown_ethnicity/nationality,2
2013,Broj,Petrovo,Ž,unknown_ethnicity/nationality,2
2013,Broj,Grad Prijedor,Oba spola,unknown_ethnicity/nationality,369
2013,Broj,Grad Prijedor,M,unknown_ethnicity/nationality,257
2013,Broj,Grad Prijedor,Ž,unknown_ethnicity/nationality,112
2013,Broj,Prnjavor,Oba spola,unknown_ethnicity/nationality,30
2013,Broj,Prnjavor,M,unknown_ethnicity/nationality,10
2013,Broj,Prnjavor,Ž,unknown_ethnicity/nationality,20
2013,Broj,Ribnik,Oba spola,unknown_ethnicity/nationality,2
2013,Broj,Ribnik,M,unknown_ethnicity/nationality,2
2013,Broj,Ribnik,Ž,unknown_ethnicity/nationality,0
2013,Broj,Rogatica,Oba spola,unknown_ethnicity/nationality,5
2013,Broj,Rogatica,M,unknown_ethnicity/nationality,2
2013,Broj,Rogatica,Ž,unknown_ethnicity/nationality,3
2013,Broj,Rudo,Oba spola,unknown_ethnicity/nationality,3
2013,Broj,Rudo,M,unknown_ethnicity/nationality,0
2013,Broj,Rudo,Ž,unknown_ethnicity/nationality,3
2013,Broj,Sokolac,Oba spola,unknown_ethnicity/nationality,18
2013,Broj,Sokolac,M,unknown_ethnicity/nationality,5
2013,Broj,Sokolac,Ž,unknown_ethnicity/nationality,13
2013,Broj,Srbac,Oba spola,unknown_ethnicity/nationality,29
2013,Broj,Srbac,M,unknown_ethnicity/nationality,11
2013,Broj,Srbac,Ž,unknown_ethnicity/nationality,18
2013,Broj,Srebrenica,Oba spola,unknown_ethnicity/nationality,14
2013,Broj,Srebrenica,M,unknown_ethnicity/nationality,8
2013,Broj,Srebrenica,Ž,unknown_ethnicity/nationality,6
2013,Broj,Teslić,Oba spola,unknown_ethnicity/nationality,44
2013,Broj,Teslić,M,unknown_ethnicity/nationality,23
2013,Broj,Teslić,Ž,unknown_ethnicity/nationality,21
2013,Broj,Grad Trebinje,Oba spola,unknown_ethnicity/nationality,19
2013,Broj,Grad Trebinje,M,unknown_ethnicity/nationality,11
2013,Broj,Grad Trebinje,Ž,unknown_ethnicity/nationality,8
2013,Broj,Trnovo,Oba spola,unknown_ethnicity/nationality,0
2013,Broj,Trnovo,M,unknown_ethnicity/nationality,0
2013,Broj,Trnovo,Ž,unknown_ethnicity/nationality,0
2013,Broj,Ugljevik,Oba spola,unknown_ethnicity/nationality,13
2013,Broj,Ugljevik,M,unknown_ethnicity/nationality,11
2013,Broj,Ugljevik,Ž,unknown_ethnicity/nationality,2
2013,Broj,Foča,Oba spola,unknown_ethnicity/nationality,12
2013,Broj,Foča,M,unknown_ethnicity/nationality,5
2013,Broj,Foča,Ž,unknown_ethnicity/nationality,7
2013,Broj,Han Pijesak,Oba spola,unknown_ethnicity/nationality,0
2013,Broj,Han Pijesak,M,unknown_ethnicity/nationality,0
2013,Broj,Han Pijesak,Ž,unknown_ethnicity/nationality,0
2013,Broj,Čajniče,Oba spola,unknown_ethnicity/nationality,5
2013,Broj,Čajniče,M,unknown_ethnicity/nationality,2
2013,Broj,Čajniče,Ž,unknown_ethnicity/nationality,3
2013,Broj,Čelinac,Oba spola,unknown_ethnicity/nationality,9
2013,Broj,Čelinac,M,unknown_ethnicity/nationality,4
2013,Broj,Čelinac,Ž,unknown_ethnicity/nationality,5
2013,Broj,Šamac,Oba spola,unknown_ethnicity/nationality,19
2013,Broj,Šamac,M,unknown_ethnicity/nationality,10
2013,Broj,Šamac,Ž,unknown_ethnicity/nationality,9
2013,Broj,Šekovići,Oba spola,unknown_ethnicity/nationality,8
2013,Broj,Šekovići,M,unknown_ethnicity/nationality,3
2013,Broj,Šekovići,Ž,unknown_ethnicity/nationality,5
2013,Broj,Šipovo,Oba spola,unknown_ethnicity/nationality,5
2013,Broj,Šipovo,M,unknown_ethnicity/nationality,3
2013,Broj,Šipovo,Ž,unknown_ethnicity/nationality,2
