Year,UNIT_MEASURE,Administrativna oblast,Pol,Religija,Value
2013,Broj,Republika Srpska,Oba pola,Ukupno,1170342
2013,Broj,Republika Srpska,M,Ukupno,571812
2013,Broj,Republika Srpska,Ž,Ukupno,598530
2013,Broj,Grad Banja Luka,Oba pola,Ukupno,180053
2013,Broj,Grad Banja Luka,M,Ukupno,86510
2013,Broj,Grad Banja Luka,Ž,Ukupno,93543
2013,Broj,Berkovići,Oba pola,Ukupno,2041
2013,Broj,Berkovići,M,Ukupno,1032
2013,Broj,Berkovići,Ž,Ukupno,1009
2013,Broj,Grad Bijeljina,Oba pola,Ukupno,103874
2013,Broj,Grad Bijeljina,M,Ukupno,50760
2013,Broj,Grad Bijeljina,Ž,Ukupno,53114
2013,Broj,Bileća,Oba pola,Ukupno,10607
2013,Broj,Bileća,M,Ukupno,5346
2013,Broj,Bileća,Ž,Ukupno,5261
2013,Broj,Bratunac,Oba pola,Ukupno,18651
2013,Broj,Bratunac,M,Ukupno,9210
2013,Broj,Bratunac,Ž,Ukupno,9441
2013,Broj,Brod,Oba pola,Ukupno,15720
2013,Broj,Brod,M,Ukupno,7670
2013,Broj,Brod,Ž,Ukupno,8050
2013,Broj,Višegrad,Oba pola,Ukupno,10118
2013,Broj,Višegrad,M,Ukupno,4834
2013,Broj,Višegrad,Ž,Ukupno,5284
2013,Broj,Vlasenica,Oba pola,Ukupno,10657
2013,Broj,Vlasenica,M,Ukupno,5193
2013,Broj,Vlasenica,Ž,Ukupno,5464
2013,Broj,Vukosavlje,Oba pola,Ukupno,4363
2013,Broj,Vukosavlje,M,Ukupno,2185
2013,Broj,Vukosavlje,Ž,Ukupno,2178
2013,Broj,Gacko,Oba pola,Ukupno,8710
2013,Broj,Gacko,M,Ukupno,4423
2013,Broj,Gacko,Ž,Ukupno,4287
2013,Broj,Grad Gradiška,Oba pola,Ukupno,49196
2013,Broj,Grad Gradiška,M,Ukupno,23944
2013,Broj,Grad Gradiška,Ž,Ukupno,25252
2013,Broj,Grad Derventa,Oba pola,Ukupno,25922
2013,Broj,Grad Derventa,M,Ukupno,12629
2013,Broj,Grad Derventa,Ž,Ukupno,13293
2013,Broj,Grad Doboj,Oba pola,Ukupno,68514
2013,Broj,Grad Doboj,M,Ukupno,33222
2013,Broj,Grad Doboj,Ž,Ukupno,35292
2013,Broj,Donji Žabar,Oba pola,Ukupno,3669
2013,Broj,Donji Žabar,M,Ukupno,1853
2013,Broj,Donji Žabar,Ž,Ukupno,1816
2013,Broj,Grad Zvornik,Oba pola,Ukupno,54407
2013,Broj,Grad Zvornik,M,Ukupno,26803
2013,Broj,Grad Zvornik,Ž,Ukupno,27604
2013,Broj,Istočna Ilidža,Oba pola,Ukupno,14437
2013,Broj,Istočna Ilidža,M,Ukupno,6905
2013,Broj,Istočna Ilidža,Ž,Ukupno,7532
2013,Broj,Istočni Drvar,Oba pola,Ukupno,66
2013,Broj,Istočni Drvar,M,Ukupno,44
2013,Broj,Istočni Drvar,Ž,Ukupno,22
2013,Broj,Istočni Mostar,Oba pola,Ukupno,244
2013,Broj,Istočni Mostar,M,Ukupno,138
2013,Broj,Istočni Mostar,Ž,Ukupno,106
2013,Broj,Istočni Stari Grad,Oba pola,Ukupno,1116
2013,Broj,Istočni Stari Grad,M,Ukupno,552
2013,Broj,Istočni Stari Grad,Ž,Ukupno,564
2013,Broj,Istočno Novo Sarajevo,Oba pola,Ukupno,10401
2013,Broj,Istočno Novo Sarajevo,M,Ukupno,4936
2013,Broj,Istočno Novo Sarajevo,Ž,Ukupno,5465
2013,Broj,Jezero,Oba pola,Ukupno,1039
2013,Broj,Jezero,M,Ukupno,534
2013,Broj,Jezero,Ž,Ukupno,505
2013,Broj,Kalinovik,Oba pola,Ukupno,1962
2013,Broj,Kalinovik,M,Ukupno,950
2013,Broj,Kalinovik,Ž,Ukupno,1012
2013,Broj,Kneževo,Oba pola,Ukupno,9368
2013,Broj,Kneževo,M,Ukupno,4632
2013,Broj,Kneževo,Ž,Ukupno,4736
2013,Broj,Kozarska Dubica,Oba pola,Ukupno,20681
2013,Broj,Kozarska Dubica,M,Ukupno,10094
2013,Broj,Kozarska Dubica,Ž,Ukupno,10587
2013,Broj,Kostajnica,Oba pola,Ukupno,5645
2013,Broj,Kostajnica,M,Ukupno,2780
2013,Broj,Kostajnica,Ž,Ukupno,2865
2013,Broj,Kotor Varoš,Oba pola,Ukupno,18361
2013,Broj,Kotor Varoš,M,Ukupno,9007
2013,Broj,Kotor Varoš,Ž,Ukupno,9354
2013,Broj,Krupa Na Uni,Oba pola,Ukupno,1560
2013,Broj,Krupa Na Uni,M,Ukupno,841
2013,Broj,Krupa Na Uni,Ž,Ukupno,719
2013,Broj,Kupres,Oba pola,Ukupno,293
2013,Broj,Kupres,M,Ukupno,157
2013,Broj,Kupres,Ž,Ukupno,136
2013,Broj,Laktaši,Oba pola,Ukupno,34210
2013,Broj,Laktaši,M,Ukupno,16905
2013,Broj,Laktaši,Ž,Ukupno,17305
2013,Broj,Lopare,Oba pola,Ukupno,14689
2013,Broj,Lopare,M,Ukupno,7377
2013,Broj,Lopare,Ž,Ukupno,7312
2013,Broj,Ljubinje,Oba pola,Ukupno,3319
2013,Broj,Ljubinje,M,Ukupno,1633
2013,Broj,Ljubinje,Ž,Ukupno,1686
2013,Broj,Milići,Oba pola,Ukupno,10445
2013,Broj,Milići,M,Ukupno,5252
2013,Broj,Milići,Ž,Ukupno,5193
2013,Broj,Modriča,Oba pola,Ukupno,24490
2013,Broj,Modriča,M,Ukupno,11969
2013,Broj,Modriča,Ž,Ukupno,12521
2013,Broj,Mrkonjić Grad,Oba pola,Ukupno,15926
2013,Broj,Mrkonjić Grad,M,Ukupno,7660
2013,Broj,Mrkonjić Grad,Ž,Ukupno,8266
2013,Broj,Nevesinje,Oba pola,Ukupno,12542
2013,Broj,Nevesinje,M,Ukupno,6236
2013,Broj,Nevesinje,Ž,Ukupno,6306
2013,Broj,Novi Grad,Oba pola,Ukupno,25240
2013,Broj,Novi Grad,M,Ukupno,12580
2013,Broj,Novi Grad,Ž,Ukupno,12660
2013,Broj,Novo Goražde,Oba pola,Ukupno,2915
2013,Broj,Novo Goražde,M,Ukupno,1500
2013,Broj,Novo Goražde,Ž,Ukupno,1415
2013,Broj,Osmaci,Oba pola,Ukupno,5546
2013,Broj,Osmaci,M,Ukupno,2779
2013,Broj,Osmaci,Ž,Ukupno,2767
2013,Broj,Oštra Luka,Oba pola,Ukupno,2705
2013,Broj,Oštra Luka,M,Ukupno,1386
2013,Broj,Oštra Luka,Ž,Ukupno,1319
2013,Broj,Pale,Oba pola,Ukupno,20359
2013,Broj,Pale,M,Ukupno,9744
2013,Broj,Pale,Ž,Ukupno,10615
2013,Broj,Pelagićevo,Oba pola,Ukupno,4358
2013,Broj,Pelagićevo,M,Ukupno,2151
2013,Broj,Pelagićevo,Ž,Ukupno,2207
2013,Broj,Petrovac,Oba pola,Ukupno,354
2013,Broj,Petrovac,M,Ukupno,169
2013,Broj,Petrovac,Ž,Ukupno,185
2013,Broj,Petrovo,Oba pola,Ukupno,6317
2013,Broj,Petrovo,M,Ukupno,3043
2013,Broj,Petrovo,Ž,Ukupno,3274
2013,Broj,Grad Prijedor,Oba pola,Ukupno,80916
2013,Broj,Grad Prijedor,M,Ukupno,39418
2013,Broj,Grad Prijedor,Ž,Ukupno,41498
2013,Broj,Prnjavor,Oba pola,Ukupno,34357
2013,Broj,Prnjavor,M,Ukupno,16675
2013,Broj,Prnjavor,Ž,Ukupno,17682
2013,Broj,Ribnik,Oba pola,Ukupno,5851
2013,Broj,Ribnik,M,Ukupno,2900
2013,Broj,Ribnik,Ž,Ukupno,2951
2013,Broj,Rogatica,Oba pola,Ukupno,10302
2013,Broj,Rogatica,M,Ukupno,5053
2013,Broj,Rogatica,Ž,Ukupno,5249
2013,Broj,Rudo,Oba pola,Ukupno,7578
2013,Broj,Rudo,M,Ukupno,3840
2013,Broj,Rudo,Ž,Ukupno,3738
2013,Broj,Sokolac,Oba pola,Ukupno,11620
2013,Broj,Sokolac,M,Ukupno,5723
2013,Broj,Sokolac,Ž,Ukupno,5897
2013,Broj,Srbac,Oba pola,Ukupno,16933
2013,Broj,Srbac,M,Ukupno,8295
2013,Broj,Srbac,Ž,Ukupno,8638
2013,Broj,Srebrenica,Oba pola,Ukupno,11698
2013,Broj,Srebrenica,M,Ukupno,5714
2013,Broj,Srebrenica,Ž,Ukupno,5984
2013,Broj,Teslić,Oba pola,Ukupno,37236
2013,Broj,Teslić,M,Ukupno,17894
2013,Broj,Teslić,Ž,Ukupno,19342
2013,Broj,Grad Trebinje,Oba pola,Ukupno,28239
2013,Broj,Grad Trebinje,M,Ukupno,13760
2013,Broj,Grad Trebinje,Ž,Ukupno,14479
2013,Broj,Trnovo,Oba pola,Ukupno,1983
2013,Broj,Trnovo,M,Ukupno,953
2013,Broj,Trnovo,Ž,Ukupno,1030
2013,Broj,Ugljevik,Oba pola,Ukupno,15118
2013,Broj,Ugljevik,M,Ukupno,7626
2013,Broj,Ugljevik,Ž,Ukupno,7492
2013,Broj,Foča,Oba pola,Ukupno,17580
2013,Broj,Foča,M,Ukupno,8880
2013,Broj,Foča,Ž,Ukupno,8700
2013,Broj,Han Pijesak,Oba pola,Ukupno,3445
2013,Broj,Han Pijesak,M,Ukupno,1632
2013,Broj,Han Pijesak,Ž,Ukupno,1813
2013,Broj,Čajniče,Oba pola,Ukupno,4679
2013,Broj,Čajniče,M,Ukupno,2347
2013,Broj,Čajniče,Ž,Ukupno,2332
2013,Broj,Čelinac,Oba pola,Ukupno,15117
2013,Broj,Čelinac,M,Ukupno,7477
2013,Broj,Čelinac,Ž,Ukupno,7640
2013,Broj,Šamac,Oba pola,Ukupno,16308
2013,Broj,Šamac,M,Ukupno,7908
2013,Broj,Šamac,Ž,Ukupno,8400
2013,Broj,Šekovići,Oba pola,Ukupno,6323
2013,Broj,Šekovići,M,Ukupno,3103
2013,Broj,Šekovići,Ž,Ukupno,3220
2013,Broj,Šipovo,Oba pola,Ukupno,9969
2013,Broj,Šipovo,M,Ukupno,5046
2013,Broj,Šipovo,Ž,Ukupno,4923
2013,Broj,Republika Srpska,Oba pola,Musliman,149435
2013,Broj,Republika Srpska,M,Musliman,72605
2013,Broj,Republika Srpska,Ž,Musliman,76830
2013,Broj,Grad Banja Luka,Oba pola,Musliman,6693
2013,Broj,Grad Banja Luka,M,Musliman,3053
2013,Broj,Grad Banja Luka,Ž,Musliman,3640
2013,Broj,Berkovići,Oba pola,Musliman,155
2013,Broj,Berkovići,M,Musliman,87
2013,Broj,Berkovići,Ž,Musliman,68
2013,Broj,Grad Bijeljina,Oba pola,Musliman,12055
2013,Broj,Grad Bijeljina,M,Musliman,5902
2013,Broj,Grad Bijeljina,Ž,Musliman,6153
2013,Broj,Bileća,Oba pola,Musliman,23
2013,Broj,Bileća,M,Musliman,14
2013,Broj,Bileća,Ž,Musliman,9
2013,Broj,Bratunac,Oba pola,Musliman,6591
2013,Broj,Bratunac,M,Musliman,3220
2013,Broj,Bratunac,Ž,Musliman,3371
2013,Broj,Brod,Oba pola,Musliman,1311
2013,Broj,Brod,M,Musliman,646
2013,Broj,Brod,Ž,Musliman,665
2013,Broj,Višegrad,Oba pola,Musliman,876
2013,Broj,Višegrad,M,Musliman,443
2013,Broj,Višegrad,Ž,Musliman,433
2013,Broj,Vlasenica,Oba pola,Musliman,3354
2013,Broj,Vlasenica,M,Musliman,1645
2013,Broj,Vlasenica,Ž,Musliman,1709
2013,Broj,Vukosavlje,Oba pola,Musliman,2154
2013,Broj,Vukosavlje,M,Musliman,1105
2013,Broj,Vukosavlje,Ž,Musliman,1049
2013,Broj,Gacko,Oba pola,Musliman,330
2013,Broj,Gacko,M,Musliman,178
2013,Broj,Gacko,Ž,Musliman,152
2013,Broj,Grad Gradiška,Oba pola,Musliman,6619
2013,Broj,Grad Gradiška,M,Musliman,3214
2013,Broj,Grad Gradiška,Ž,Musliman,3405
2013,Broj,Grad Derventa,Oba pola,Musliman,1709
2013,Broj,Grad Derventa,M,Musliman,820
2013,Broj,Grad Derventa,Ž,Musliman,889
2013,Broj,Grad Doboj,Oba pola,Musliman,14342
2013,Broj,Grad Doboj,M,Musliman,6861
2013,Broj,Grad Doboj,Ž,Musliman,7481
2013,Broj,Donji Žabar,Oba pola,Musliman,4
2013,Broj,Donji Žabar,M,Musliman,0
2013,Broj,Donji Žabar,Ž,Musliman,4
2013,Broj,Grad Zvornik,Oba pola,Musliman,16791
2013,Broj,Grad Zvornik,M,Musliman,8218
2013,Broj,Grad Zvornik,Ž,Musliman,8573
2013,Broj,Istočna Ilidža,Oba pola,Musliman,630
2013,Broj,Istočna Ilidža,M,Musliman,291
2013,Broj,Istočna Ilidža,Ž,Musliman,339
2013,Broj,Istočni Drvar,Oba pola,Musliman,0
2013,Broj,Istočni Drvar,M,Musliman,0
2013,Broj,Istočni Drvar,Ž,Musliman,0
2013,Broj,Istočni Mostar,Oba pola,Musliman,77
2013,Broj,Istočni Mostar,M,Musliman,44
2013,Broj,Istočni Mostar,Ž,Musliman,33
2013,Broj,Istočni Stari Grad,Oba pola,Musliman,38
2013,Broj,Istočni Stari Grad,M,Musliman,23
2013,Broj,Istočni Stari Grad,Ž,Musliman,15
2013,Broj,Istočno Novo Sarajevo,Oba pola,Musliman,121
2013,Broj,Istočno Novo Sarajevo,M,Musliman,52
2013,Broj,Istočno Novo Sarajevo,Ž,Musliman,69
2013,Broj,Jezero,Oba pola,Musliman,250
2013,Broj,Jezero,M,Musliman,117
2013,Broj,Jezero,Ž,Musliman,133
2013,Broj,Kalinovik,Oba pola,Musliman,42
2013,Broj,Kalinovik,M,Musliman,19
2013,Broj,Kalinovik,Ž,Musliman,23
2013,Broj,Kneževo,Oba pola,Musliman,403
2013,Broj,Kneževo,M,Musliman,182
2013,Broj,Kneževo,Ž,Musliman,221
2013,Broj,Kozarska Dubica,Oba pola,Musliman,1902
2013,Broj,Kozarska Dubica,M,Musliman,915
2013,Broj,Kozarska Dubica,Ž,Musliman,987
2013,Broj,Kostajnica,Oba pola,Musliman,1271
2013,Broj,Kostajnica,M,Musliman,623
2013,Broj,Kostajnica,Ž,Musliman,648
2013,Broj,Kotor Varoš,Oba pola,Musliman,4498
2013,Broj,Kotor Varoš,M,Musliman,2159
2013,Broj,Kotor Varoš,Ž,Musliman,2339
2013,Broj,Krupa Na Uni,Oba pola,Musliman,3
2013,Broj,Krupa Na Uni,M,Musliman,1
2013,Broj,Krupa Na Uni,Ž,Musliman,2
2013,Broj,Kupres,Oba pola,Musliman,0
2013,Broj,Kupres,M,Musliman,0
2013,Broj,Kupres,Ž,Musliman,0
2013,Broj,Laktaši,Oba pola,Musliman,110
2013,Broj,Laktaši,M,Musliman,49
2013,Broj,Laktaši,Ž,Musliman,61
2013,Broj,Lopare,Oba pola,Musliman,1315
2013,Broj,Lopare,M,Musliman,648
2013,Broj,Lopare,Ž,Musliman,667
2013,Broj,Ljubinje,Oba pola,Musliman,12
2013,Broj,Ljubinje,M,Musliman,6
2013,Broj,Ljubinje,Ž,Musliman,6
2013,Broj,Milići,Oba pola,Musliman,3538
2013,Broj,Milići,M,Musliman,1750
2013,Broj,Milići,Ž,Musliman,1788
2013,Broj,Modriča,Oba pola,Musliman,3032
2013,Broj,Modriča,M,Musliman,1445
2013,Broj,Modriča,Ž,Musliman,1587
2013,Broj,Mrkonjić Grad,Oba pola,Musliman,351
2013,Broj,Mrkonjić Grad,M,Musliman,170
2013,Broj,Mrkonjić Grad,Ž,Musliman,181
2013,Broj,Nevesinje,Oba pola,Musliman,508
2013,Broj,Nevesinje,M,Musliman,260
2013,Broj,Nevesinje,Ž,Musliman,248
2013,Broj,Novi Grad,Oba pola,Musliman,5261
2013,Broj,Novi Grad,M,Musliman,2635
2013,Broj,Novi Grad,Ž,Musliman,2626
2013,Broj,Novo Goražde,Oba pola,Musliman,1319
2013,Broj,Novo Goražde,M,Musliman,662
2013,Broj,Novo Goražde,Ž,Musliman,657
2013,Broj,Osmaci,Oba pola,Musliman,2647
2013,Broj,Osmaci,M,Musliman,1303
2013,Broj,Osmaci,Ž,Musliman,1344
2013,Broj,Oštra Luka,Oba pola,Musliman,26
2013,Broj,Oštra Luka,M,Musliman,8
2013,Broj,Oštra Luka,Ž,Musliman,18
2013,Broj,Pale,Oba pola,Musliman,160
2013,Broj,Pale,M,Musliman,83
2013,Broj,Pale,Ž,Musliman,77
2013,Broj,Pelagićevo,Oba pola,Musliman,13
2013,Broj,Pelagićevo,M,Musliman,3
2013,Broj,Pelagićevo,Ž,Musliman,10
2013,Broj,Petrovac,Oba pola,Musliman,0
2013,Broj,Petrovac,M,Musliman,0
2013,Broj,Petrovac,Ž,Musliman,0
2013,Broj,Petrovo,Oba pola,Musliman,7
2013,Broj,Petrovo,M,Musliman,2
2013,Broj,Petrovo,Ž,Musliman,5
2013,Broj,Grad Prijedor,Oba pola,Musliman,22271
2013,Broj,Grad Prijedor,M,Musliman,10662
2013,Broj,Grad Prijedor,Ž,Musliman,11609
2013,Broj,Prnjavor,Oba pola,Musliman,2776
2013,Broj,Prnjavor,M,Musliman,1337
2013,Broj,Prnjavor,Ž,Musliman,1439
2013,Broj,Ribnik,Oba pola,Musliman,0
2013,Broj,Ribnik,M,Musliman,0
2013,Broj,Ribnik,Ž,Musliman,0
2013,Broj,Rogatica,Oba pola,Musliman,1006
2013,Broj,Rogatica,M,Musliman,517
2013,Broj,Rogatica,Ž,Musliman,489
2013,Broj,Rudo,Oba pola,Musliman,588
2013,Broj,Rudo,M,Musliman,306
2013,Broj,Rudo,Ž,Musliman,282
2013,Broj,Sokolac,Oba pola,Musliman,620
2013,Broj,Sokolac,M,Musliman,325
2013,Broj,Sokolac,Ž,Musliman,295
2013,Broj,Srbac,Oba pola,Musliman,399
2013,Broj,Srbac,M,Musliman,184
2013,Broj,Srbac,Ž,Musliman,215
2013,Broj,Srebrenica,Oba pola,Musliman,6134
2013,Broj,Srebrenica,M,Musliman,2916
2013,Broj,Srebrenica,Ž,Musliman,3218
2013,Broj,Teslić,Oba pola,Musliman,6932
2013,Broj,Teslić,M,Musliman,3410
2013,Broj,Teslić,Ž,Musliman,3522
2013,Broj,Grad Trebinje,Oba pola,Musliman,848
2013,Broj,Grad Trebinje,M,Musliman,415
2013,Broj,Grad Trebinje,Ž,Musliman,433
2013,Broj,Trnovo,Oba pola,Musliman,802
2013,Broj,Trnovo,M,Musliman,395
2013,Broj,Trnovo,Ž,Musliman,407
2013,Broj,Ugljevik,Oba pola,Musliman,2002
2013,Broj,Ugljevik,M,Musliman,977
2013,Broj,Ugljevik,Ž,Musliman,1025
2013,Broj,Foča,Oba pola,Musliman,1173
2013,Broj,Foča,M,Musliman,630
2013,Broj,Foča,Ž,Musliman,543
2013,Broj,Han Pijesak,Oba pola,Musliman,435
2013,Broj,Han Pijesak,M,Musliman,212
2013,Broj,Han Pijesak,Ž,Musliman,223
2013,Broj,Čajniče,Oba pola,Musliman,836
2013,Broj,Čajniče,M,Musliman,440
2013,Broj,Čajniče,Ž,Musliman,396
2013,Broj,Čelinac,Oba pola,Musliman,406
2013,Broj,Čelinac,M,Musliman,203
2013,Broj,Čelinac,Ž,Musliman,203
2013,Broj,Šamac,Oba pola,Musliman,976
2013,Broj,Šamac,M,Musliman,471
2013,Broj,Šamac,Ž,Musliman,505
2013,Broj,Šekovići,Oba pola,Musliman,107
2013,Broj,Šekovići,M,Musliman,54
2013,Broj,Šekovići,Ž,Musliman,53
2013,Broj,Šipovo,Oba pola,Musliman,583
2013,Broj,Šipovo,M,Musliman,295
2013,Broj,Šipovo,Ž,Musliman,288
2013,Broj,Republika Srpska,Oba pola,Katolik,25763
2013,Broj,Republika Srpska,M,Katolik,10431
2013,Broj,Republika Srpska,Ž,Katolik,15332
2013,Broj,Grad Banja Luka,Oba pola,Katolik,4637
2013,Broj,Grad Banja Luka,M,Katolik,1585
2013,Broj,Grad Banja Luka,Ž,Katolik,3052
2013,Broj,Berkovići,Oba pola,Katolik,6
2013,Broj,Berkovići,M,Katolik,1
2013,Broj,Berkovići,Ž,Katolik,5
2013,Broj,Grad Bijeljina,Oba pola,Katolik,508
2013,Broj,Grad Bijeljina,M,Katolik,103
2013,Broj,Grad Bijeljina,Ž,Katolik,405
2013,Broj,Bileća,Oba pola,Katolik,18
2013,Broj,Bileća,M,Katolik,2
2013,Broj,Bileća,Ž,Katolik,16
2013,Broj,Bratunac,Oba pola,Katolik,26
2013,Broj,Bratunac,M,Katolik,3
2013,Broj,Bratunac,Ž,Katolik,23
2013,Broj,Brod,Oba pola,Katolik,2925
2013,Broj,Brod,M,Katolik,1360
2013,Broj,Brod,Ž,Katolik,1565
2013,Broj,Višegrad,Oba pola,Katolik,33
2013,Broj,Višegrad,M,Katolik,6
2013,Broj,Višegrad,Ž,Katolik,27
2013,Broj,Vlasenica,Oba pola,Katolik,22
2013,Broj,Vlasenica,M,Katolik,4
2013,Broj,Vlasenica,Ž,Katolik,18
2013,Broj,Vukosavlje,Oba pola,Katolik,680
2013,Broj,Vukosavlje,M,Katolik,325
2013,Broj,Vukosavlje,Ž,Katolik,355
2013,Broj,Gacko,Oba pola,Katolik,10
2013,Broj,Gacko,M,Katolik,4
2013,Broj,Gacko,Ž,Katolik,6
2013,Broj,Grad Gradiška,Oba pola,Katolik,865
2013,Broj,Grad Gradiška,M,Katolik,303
2013,Broj,Grad Gradiška,Ž,Katolik,562
2013,Broj,Grad Derventa,Oba pola,Katolik,2109
2013,Broj,Grad Derventa,M,Katolik,999
2013,Broj,Grad Derventa,Ž,Katolik,1110
2013,Broj,Grad Doboj,Oba pola,Katolik,1448
2013,Broj,Grad Doboj,M,Katolik,532
2013,Broj,Grad Doboj,Ž,Katolik,916
2013,Broj,Donji Žabar,Oba pola,Katolik,977
2013,Broj,Donji Žabar,M,Katolik,490
2013,Broj,Donji Žabar,Ž,Katolik,487
2013,Broj,Grad Zvornik,Oba pola,Katolik,83
2013,Broj,Grad Zvornik,M,Katolik,6
2013,Broj,Grad Zvornik,Ž,Katolik,77
2013,Broj,Istočna Ilidža,Oba pola,Katolik,142
2013,Broj,Istočna Ilidža,M,Katolik,36
2013,Broj,Istočna Ilidža,Ž,Katolik,106
2013,Broj,Istočni Drvar,Oba pola,Katolik,1
2013,Broj,Istočni Drvar,M,Katolik,0
2013,Broj,Istočni Drvar,Ž,Katolik,1
2013,Broj,Istočni Mostar,Oba pola,Katolik,11
2013,Broj,Istočni Mostar,M,Katolik,8
2013,Broj,Istočni Mostar,Ž,Katolik,3
2013,Broj,Istočni Stari Grad,Oba pola,Katolik,5
2013,Broj,Istočni Stari Grad,M,Katolik,0
2013,Broj,Istočni Stari Grad,Ž,Katolik,5
2013,Broj,Istočno Novo Sarajevo,Oba pola,Katolik,101
2013,Broj,Istočno Novo Sarajevo,M,Katolik,28
2013,Broj,Istočno Novo Sarajevo,Ž,Katolik,73
2013,Broj,Jezero,Oba pola,Katolik,4
2013,Broj,Jezero,M,Katolik,2
2013,Broj,Jezero,Ž,Katolik,2
2013,Broj,Kalinovik,Oba pola,Katolik,5
2013,Broj,Kalinovik,M,Katolik,2
2013,Broj,Kalinovik,Ž,Katolik,3
2013,Broj,Kneževo,Oba pola,Katolik,17
2013,Broj,Kneževo,M,Katolik,4
2013,Broj,Kneževo,Ž,Katolik,13
2013,Broj,Kozarska Dubica,Oba pola,Katolik,250
2013,Broj,Kozarska Dubica,M,Katolik,72
2013,Broj,Kozarska Dubica,Ž,Katolik,178
2013,Broj,Kostajnica,Oba pola,Katolik,84
2013,Broj,Kostajnica,M,Katolik,26
2013,Broj,Kostajnica,Ž,Katolik,58
2013,Broj,Kotor Varoš,Oba pola,Katolik,788
2013,Broj,Kotor Varoš,M,Katolik,365
2013,Broj,Kotor Varoš,Ž,Katolik,423
2013,Broj,Krupa Na Uni,Oba pola,Katolik,2
2013,Broj,Krupa Na Uni,M,Katolik,0
2013,Broj,Krupa Na Uni,Ž,Katolik,2
2013,Broj,Kupres,Oba pola,Katolik,0
2013,Broj,Kupres,M,Katolik,0
2013,Broj,Kupres,Ž,Katolik,0
2013,Broj,Laktaši,Oba pola,Katolik,497
2013,Broj,Laktaši,M,Katolik,166
2013,Broj,Laktaši,Ž,Katolik,331
2013,Broj,Lopare,Oba pola,Katolik,40
2013,Broj,Lopare,M,Katolik,5
2013,Broj,Lopare,Ž,Katolik,35
2013,Broj,Ljubinje,Oba pola,Katolik,5
2013,Broj,Ljubinje,M,Katolik,1
2013,Broj,Ljubinje,Ž,Katolik,4
2013,Broj,Milići,Oba pola,Katolik,17
2013,Broj,Milići,M,Katolik,5
2013,Broj,Milići,Ž,Katolik,12
2013,Broj,Modriča,Oba pola,Katolik,1365
2013,Broj,Modriča,M,Katolik,651
2013,Broj,Modriča,Ž,Katolik,714
2013,Broj,Mrkonjić Grad,Oba pola,Katolik,146
2013,Broj,Mrkonjić Grad,M,Katolik,56
2013,Broj,Mrkonjić Grad,Ž,Katolik,90
2013,Broj,Nevesinje,Oba pola,Katolik,21
2013,Broj,Nevesinje,M,Katolik,5
2013,Broj,Nevesinje,Ž,Katolik,16
2013,Broj,Novi Grad,Oba pola,Katolik,152
2013,Broj,Novi Grad,M,Katolik,47
2013,Broj,Novi Grad,Ž,Katolik,105
2013,Broj,Novo Goražde,Oba pola,Katolik,2
2013,Broj,Novo Goražde,M,Katolik,1
2013,Broj,Novo Goražde,Ž,Katolik,1
2013,Broj,Osmaci,Oba pola,Katolik,4
2013,Broj,Osmaci,M,Katolik,0
2013,Broj,Osmaci,Ž,Katolik,4
2013,Broj,Oštra Luka,Oba pola,Katolik,131
2013,Broj,Oštra Luka,M,Katolik,62
2013,Broj,Oštra Luka,Ž,Katolik,69
2013,Broj,Pale,Oba pola,Katolik,116
2013,Broj,Pale,M,Katolik,30
2013,Broj,Pale,Ž,Katolik,86
2013,Broj,Pelagićevo,Oba pola,Katolik,1180
2013,Broj,Pelagićevo,M,Katolik,578
2013,Broj,Pelagićevo,Ž,Katolik,602
2013,Broj,Petrovac,Oba pola,Katolik,0
2013,Broj,Petrovac,M,Katolik,0
2013,Broj,Petrovac,Ž,Katolik,0
2013,Broj,Petrovo,Oba pola,Katolik,35
2013,Broj,Petrovo,M,Katolik,10
2013,Broj,Petrovo,Ž,Katolik,25
2013,Broj,Grad Prijedor,Oba pola,Katolik,1544
2013,Broj,Grad Prijedor,M,Katolik,587
2013,Broj,Grad Prijedor,Ž,Katolik,957
2013,Broj,Prnjavor,Oba pola,Katolik,645
2013,Broj,Prnjavor,M,Katolik,255
2013,Broj,Prnjavor,Ž,Katolik,390
2013,Broj,Ribnik,Oba pola,Katolik,7
2013,Broj,Ribnik,M,Katolik,1
2013,Broj,Ribnik,Ž,Katolik,6
2013,Broj,Rogatica,Oba pola,Katolik,16
2013,Broj,Rogatica,M,Katolik,1
2013,Broj,Rogatica,Ž,Katolik,15
2013,Broj,Rudo,Oba pola,Katolik,3
2013,Broj,Rudo,M,Katolik,1
2013,Broj,Rudo,Ž,Katolik,2
2013,Broj,Sokolac,Oba pola,Katolik,23
2013,Broj,Sokolac,M,Katolik,3
2013,Broj,Sokolac,Ž,Katolik,20
2013,Broj,Srbac,Oba pola,Katolik,153
2013,Broj,Srbac,M,Katolik,37
2013,Broj,Srbac,Ž,Katolik,116
2013,Broj,Srebrenica,Oba pola,Katolik,17
2013,Broj,Srebrenica,M,Katolik,7
2013,Broj,Srebrenica,Ž,Katolik,10
2013,Broj,Teslić,Oba pola,Katolik,1292
2013,Broj,Teslić,M,Katolik,552
2013,Broj,Teslić,Ž,Katolik,740
2013,Broj,Grad Trebinje,Oba pola,Katolik,293
2013,Broj,Grad Trebinje,M,Katolik,90
2013,Broj,Grad Trebinje,Ž,Katolik,203
2013,Broj,Trnovo,Oba pola,Katolik,15
2013,Broj,Trnovo,M,Katolik,2
2013,Broj,Trnovo,Ž,Katolik,13
2013,Broj,Ugljevik,Oba pola,Katolik,39
2013,Broj,Ugljevik,M,Katolik,7
2013,Broj,Ugljevik,Ž,Katolik,32
2013,Broj,Foča,Oba pola,Katolik,64
2013,Broj,Foča,M,Katolik,20
2013,Broj,Foča,Ž,Katolik,44
2013,Broj,Han Pijesak,Oba pola,Katolik,5
2013,Broj,Han Pijesak,M,Katolik,0
2013,Broj,Han Pijesak,Ž,Katolik,5
2013,Broj,Čajniče,Oba pola,Katolik,5
2013,Broj,Čajniče,M,Katolik,0
2013,Broj,Čajniče,Ž,Katolik,5
2013,Broj,Čelinac,Oba pola,Katolik,58
2013,Broj,Čelinac,M,Katolik,14
2013,Broj,Čelinac,Ž,Katolik,44
2013,Broj,Šamac,Oba pola,Katolik,2091
2013,Broj,Šamac,M,Katolik,969
2013,Broj,Šamac,Ž,Katolik,1122
2013,Broj,Šekovići,Oba pola,Katolik,7
2013,Broj,Šekovići,M,Katolik,0
2013,Broj,Šekovići,Ž,Katolik,7
2013,Broj,Šipovo,Oba pola,Katolik,18
2013,Broj,Šipovo,M,Katolik,2
2013,Broj,Šipovo,Ž,Katolik,16
2013,Broj,Republika Srpska,Oba pola,Pravoslavac,969315
2013,Broj,Republika Srpska,M,Pravoslavac,476184
2013,Broj,Republika Srpska,Ž,Pravoslavac,493131
2013,Broj,Grad Banja Luka,Oba pola,Pravoslavac,161267
2013,Broj,Grad Banja Luka,M,Pravoslavac,78266
2013,Broj,Grad Banja Luka,Ž,Pravoslavac,83001
2013,Broj,Berkovići,Oba pola,Pravoslavac,1873
2013,Broj,Berkovići,M,Pravoslavac,940
2013,Broj,Berkovići,Ž,Pravoslavac,933
2013,Broj,Grad Bijeljina,Oba pola,Pravoslavac,89144
2013,Broj,Grad Bijeljina,M,Pravoslavac,43682
2013,Broj,Grad Bijeljina,Ž,Pravoslavac,45462
2013,Broj,Bileća,Oba pola,Pravoslavac,10490
2013,Broj,Bileća,M,Pravoslavac,5291
2013,Broj,Bileća,Ž,Pravoslavac,5199
2013,Broj,Bratunac,Oba pola,Pravoslavac,11726
2013,Broj,Bratunac,M,Pravoslavac,5835
2013,Broj,Bratunac,Ž,Pravoslavac,5891
2013,Broj,Brod,Oba pola,Pravoslavac,11066
2013,Broj,Brod,M,Pravoslavac,5474
2013,Broj,Brod,Ž,Pravoslavac,5592
2013,Broj,Višegrad,Oba pola,Pravoslavac,8913
2013,Broj,Višegrad,M,Pravoslavac,4315
2013,Broj,Višegrad,Ž,Pravoslavac,4598
2013,Broj,Vlasenica,Oba pola,Pravoslavac,7111
2013,Broj,Vlasenica,M,Pravoslavac,3473
2013,Broj,Vlasenica,Ž,Pravoslavac,3638
2013,Broj,Vukosavlje,Oba pola,Pravoslavac,1442
2013,Broj,Vukosavlje,M,Pravoslavac,713
2013,Broj,Vukosavlje,Ž,Pravoslavac,729
2013,Broj,Gacko,Oba pola,Pravoslavac,8337
2013,Broj,Gacko,M,Pravoslavac,4228
2013,Broj,Gacko,Ž,Pravoslavac,4109
2013,Broj,Grad Gradiška,Oba pola,Pravoslavac,40702
2013,Broj,Grad Gradiška,M,Pravoslavac,19929
2013,Broj,Grad Gradiška,Ž,Pravoslavac,20773
2013,Broj,Grad Derventa,Oba pola,Pravoslavac,21541
2013,Broj,Grad Derventa,M,Pravoslavac,10537
2013,Broj,Grad Derventa,Ž,Pravoslavac,11004
2013,Broj,Grad Doboj,Oba pola,Pravoslavac,50744
2013,Broj,Grad Doboj,M,Pravoslavac,24842
2013,Broj,Grad Doboj,Ž,Pravoslavac,25902
2013,Broj,Donji Žabar,Oba pola,Pravoslavac,2658
2013,Broj,Donji Žabar,M,Pravoslavac,1352
2013,Broj,Donji Žabar,Ž,Pravoslavac,1306
2013,Broj,Grad Zvornik,Oba pola,Pravoslavac,37114
2013,Broj,Grad Zvornik,M,Pravoslavac,18378
2013,Broj,Grad Zvornik,Ž,Pravoslavac,18736
2013,Broj,Istočna Ilidža,Oba pola,Pravoslavac,13458
2013,Broj,Istočna Ilidža,M,Pravoslavac,6479
2013,Broj,Istočna Ilidža,Ž,Pravoslavac,6979
2013,Broj,Istočni Drvar,Oba pola,Pravoslavac,65
2013,Broj,Istočni Drvar,M,Pravoslavac,44
2013,Broj,Istočni Drvar,Ž,Pravoslavac,21
2013,Broj,Istočni Mostar,Oba pola,Pravoslavac,153
2013,Broj,Istočni Mostar,M,Pravoslavac,84
2013,Broj,Istočni Mostar,Ž,Pravoslavac,69
2013,Broj,Istočni Stari Grad,Oba pola,Pravoslavac,1058
2013,Broj,Istočni Stari Grad,M,Pravoslavac,520
2013,Broj,Istočni Stari Grad,Ž,Pravoslavac,538
2013,Broj,Istočno Novo Sarajevo,Oba pola,Pravoslavac,10044
2013,Broj,Istočno Novo Sarajevo,M,Pravoslavac,4796
2013,Broj,Istočno Novo Sarajevo,Ž,Pravoslavac,5248
2013,Broj,Jezero,Oba pola,Pravoslavac,780
2013,Broj,Jezero,M,Pravoslavac,412
2013,Broj,Jezero,Ž,Pravoslavac,368
2013,Broj,Kalinovik,Oba pola,Pravoslavac,1905
2013,Broj,Kalinovik,M,Pravoslavac,923
2013,Broj,Kalinovik,Ž,Pravoslavac,982
2013,Broj,Kneževo,Oba pola,Pravoslavac,8866
2013,Broj,Kneževo,M,Pravoslavac,4408
2013,Broj,Kneževo,Ž,Pravoslavac,4458
2013,Broj,Kozarska Dubica,Oba pola,Pravoslavac,18103
2013,Broj,Kozarska Dubica,M,Pravoslavac,8909
2013,Broj,Kozarska Dubica,Ž,Pravoslavac,9194
2013,Broj,Kostajnica,Oba pola,Pravoslavac,4190
2013,Broj,Kostajnica,M,Pravoslavac,2080
2013,Broj,Kostajnica,Ž,Pravoslavac,2110
2013,Broj,Kotor Varoš,Oba pola,Pravoslavac,12645
2013,Broj,Kotor Varoš,M,Pravoslavac,6263
2013,Broj,Kotor Varoš,Ž,Pravoslavac,6382
2013,Broj,Krupa Na Uni,Oba pola,Pravoslavac,1554
2013,Broj,Krupa Na Uni,M,Pravoslavac,840
2013,Broj,Krupa Na Uni,Ž,Pravoslavac,714
2013,Broj,Kupres,Oba pola,Pravoslavac,292
2013,Broj,Kupres,M,Pravoslavac,156
2013,Broj,Kupres,Ž,Pravoslavac,136
2013,Broj,Laktaši,Oba pola,Pravoslavac,32907
2013,Broj,Laktaši,M,Pravoslavac,16334
2013,Broj,Laktaši,Ž,Pravoslavac,16573
2013,Broj,Lopare,Oba pola,Pravoslavac,13273
2013,Broj,Lopare,M,Pravoslavac,6700
2013,Broj,Lopare,Ž,Pravoslavac,6573
2013,Broj,Ljubinje,Oba pola,Pravoslavac,3295
2013,Broj,Ljubinje,M,Pravoslavac,1621
2013,Broj,Ljubinje,Ž,Pravoslavac,1674
2013,Broj,Milići,Oba pola,Pravoslavac,6835
2013,Broj,Milići,M,Pravoslavac,3469
2013,Broj,Milići,Ž,Pravoslavac,3366
2013,Broj,Modriča,Oba pola,Pravoslavac,19482
2013,Broj,Modriča,M,Pravoslavac,9579
2013,Broj,Modriča,Ž,Pravoslavac,9903
2013,Broj,Mrkonjić Grad,Oba pola,Pravoslavac,15334
2013,Broj,Mrkonjić Grad,M,Pravoslavac,7387
2013,Broj,Mrkonjić Grad,Ž,Pravoslavac,7947
2013,Broj,Nevesinje,Oba pola,Pravoslavac,11973
2013,Broj,Nevesinje,M,Pravoslavac,5955
2013,Broj,Nevesinje,Ž,Pravoslavac,6018
2013,Broj,Novi Grad,Oba pola,Pravoslavac,19443
2013,Broj,Novi Grad,M,Pravoslavac,9725
2013,Broj,Novi Grad,Ž,Pravoslavac,9718
2013,Broj,Novo Goražde,Oba pola,Pravoslavac,1563
2013,Broj,Novo Goražde,M,Pravoslavac,822
2013,Broj,Novo Goražde,Ž,Pravoslavac,741
2013,Broj,Osmaci,Oba pola,Pravoslavac,2848
2013,Broj,Osmaci,M,Pravoslavac,1446
2013,Broj,Osmaci,Ž,Pravoslavac,1402
2013,Broj,Oštra Luka,Oba pola,Pravoslavac,2503
2013,Broj,Oštra Luka,M,Pravoslavac,1290
2013,Broj,Oštra Luka,Ž,Pravoslavac,1213
2013,Broj,Pale,Oba pola,Pravoslavac,19901
2013,Broj,Pale,M,Pravoslavac,9546
2013,Broj,Pale,Ž,Pravoslavac,10355
2013,Broj,Pelagićevo,Oba pola,Pravoslavac,3152
2013,Broj,Pelagićevo,M,Pravoslavac,1566
2013,Broj,Pelagićevo,Ž,Pravoslavac,1586
2013,Broj,Petrovac,Oba pola,Pravoslavac,352
2013,Broj,Petrovac,M,Pravoslavac,168
2013,Broj,Petrovac,Ž,Pravoslavac,184
2013,Broj,Petrovo,Oba pola,Pravoslavac,6221
2013,Broj,Petrovo,M,Pravoslavac,3004
2013,Broj,Petrovo,Ž,Pravoslavac,3217
2013,Broj,Grad Prijedor,Oba pola,Pravoslavac,53842
2013,Broj,Grad Prijedor,M,Pravoslavac,26540
2013,Broj,Grad Prijedor,Ž,Pravoslavac,27302
2013,Broj,Prnjavor,Oba pola,Pravoslavac,29944
2013,Broj,Prnjavor,M,Pravoslavac,14579
2013,Broj,Prnjavor,Ž,Pravoslavac,15365
2013,Broj,Ribnik,Oba pola,Pravoslavac,5824
2013,Broj,Ribnik,M,Pravoslavac,2886
2013,Broj,Ribnik,Ž,Pravoslavac,2938
2013,Broj,Rogatica,Oba pola,Pravoslavac,9199
2013,Broj,Rogatica,M,Pravoslavac,4492
2013,Broj,Rogatica,Ž,Pravoslavac,4707
2013,Broj,Rudo,Oba pola,Pravoslavac,6968
2013,Broj,Rudo,M,Pravoslavac,3521
2013,Broj,Rudo,Ž,Pravoslavac,3447
2013,Broj,Sokolac,Oba pola,Pravoslavac,10897
2013,Broj,Sokolac,M,Pravoslavac,5356
2013,Broj,Sokolac,Ž,Pravoslavac,5541
2013,Broj,Srbac,Oba pola,Pravoslavac,16110
2013,Broj,Srbac,M,Pravoslavac,7932
2013,Broj,Srbac,Ž,Pravoslavac,8178
2013,Broj,Srebrenica,Oba pola,Pravoslavac,5418
2013,Broj,Srebrenica,M,Pravoslavac,2721
2013,Broj,Srebrenica,Ž,Pravoslavac,2697
2013,Broj,Teslić,Oba pola,Pravoslavac,28140
2013,Broj,Teslić,M,Pravoslavac,13523
2013,Broj,Teslić,Ž,Pravoslavac,14617
2013,Broj,Grad Trebinje,Oba pola,Pravoslavac,26669
2013,Broj,Grad Trebinje,M,Pravoslavac,13054
2013,Broj,Grad Trebinje,Ž,Pravoslavac,13615
2013,Broj,Trnovo,Oba pola,Pravoslavac,1135
2013,Broj,Trnovo,M,Pravoslavac,537
2013,Broj,Trnovo,Ž,Pravoslavac,598
2013,Broj,Ugljevik,Oba pola,Pravoslavac,13016
2013,Broj,Ugljevik,M,Pravoslavac,6602
2013,Broj,Ugljevik,Ž,Pravoslavac,6414
2013,Broj,Foča,Oba pola,Pravoslavac,16163
2013,Broj,Foča,M,Pravoslavac,8138
2013,Broj,Foča,Ž,Pravoslavac,8025
2013,Broj,Han Pijesak,Oba pola,Pravoslavac,2998
2013,Broj,Han Pijesak,M,Pravoslavac,1416
2013,Broj,Han Pijesak,Ž,Pravoslavac,1582
2013,Broj,Čajniče,Oba pola,Pravoslavac,3812
2013,Broj,Čajniče,M,Pravoslavac,1895
2013,Broj,Čajniče,Ž,Pravoslavac,1917
2013,Broj,Čelinac,Oba pola,Pravoslavac,14538
2013,Broj,Čelinac,M,Pravoslavac,7205
2013,Broj,Čelinac,Ž,Pravoslavac,7333
2013,Broj,Šamac,Oba pola,Pravoslavac,12833
2013,Broj,Šamac,M,Pravoslavac,6262
2013,Broj,Šamac,Ž,Pravoslavac,6571
2013,Broj,Šekovići,Oba pola,Pravoslavac,6188
2013,Broj,Šekovići,M,Pravoslavac,3035
2013,Broj,Šekovići,Ž,Pravoslavac,3153
2013,Broj,Šipovo,Oba pola,Pravoslavac,9298
2013,Broj,Šipovo,M,Pravoslavac,4709
2013,Broj,Šipovo,Ž,Pravoslavac,4589
2013,Broj,Republika Srpska,Oba pola,Agnostik,1223
2013,Broj,Republika Srpska,M,Agnostik,610
2013,Broj,Republika Srpska,Ž,Agnostik,613
2013,Broj,Grad Banja Luka,Oba pola,Agnostik,592
2013,Broj,Grad Banja Luka,M,Agnostik,285
2013,Broj,Grad Banja Luka,Ž,Agnostik,307
2013,Broj,Berkovići,Oba pola,Agnostik,0
2013,Broj,Berkovići,M,Agnostik,0
2013,Broj,Berkovići,Ž,Agnostik,0
2013,Broj,Grad Bijeljina,Oba pola,Agnostik,60
2013,Broj,Grad Bijeljina,M,Agnostik,33
2013,Broj,Grad Bijeljina,Ž,Agnostik,27
2013,Broj,Bileća,Oba pola,Agnostik,1
2013,Broj,Bileća,M,Agnostik,1
2013,Broj,Bileća,Ž,Agnostik,0
2013,Broj,Bratunac,Oba pola,Agnostik,2
2013,Broj,Bratunac,M,Agnostik,1
2013,Broj,Bratunac,Ž,Agnostik,1
2013,Broj,Brod,Oba pola,Agnostik,15
2013,Broj,Brod,M,Agnostik,7
2013,Broj,Brod,Ž,Agnostik,8
2013,Broj,Višegrad,Oba pola,Agnostik,2
2013,Broj,Višegrad,M,Agnostik,2
2013,Broj,Višegrad,Ž,Agnostik,0
2013,Broj,Vlasenica,Oba pola,Agnostik,2
2013,Broj,Vlasenica,M,Agnostik,1
2013,Broj,Vlasenica,Ž,Agnostik,1
2013,Broj,Vukosavlje,Oba pola,Agnostik,1
2013,Broj,Vukosavlje,M,Agnostik,1
2013,Broj,Vukosavlje,Ž,Agnostik,0
2013,Broj,Gacko,Oba pola,Agnostik,1
2013,Broj,Gacko,M,Agnostik,0
2013,Broj,Gacko,Ž,Agnostik,1
2013,Broj,Grad Gradiška,Oba pola,Agnostik,45
2013,Broj,Grad Gradiška,M,Agnostik,28
2013,Broj,Grad Gradiška,Ž,Agnostik,17
2013,Broj,Grad Derventa,Oba pola,Agnostik,19
2013,Broj,Grad Derventa,M,Agnostik,9
2013,Broj,Grad Derventa,Ž,Agnostik,10
2013,Broj,Grad Doboj,Oba pola,Agnostik,71
2013,Broj,Grad Doboj,M,Agnostik,40
2013,Broj,Grad Doboj,Ž,Agnostik,31
2013,Broj,Donji Žabar,Oba pola,Agnostik,1
2013,Broj,Donji Žabar,M,Agnostik,0
2013,Broj,Donji Žabar,Ž,Agnostik,1
2013,Broj,Grad Zvornik,Oba pola,Agnostik,9
2013,Broj,Grad Zvornik,M,Agnostik,5
2013,Broj,Grad Zvornik,Ž,Agnostik,4
2013,Broj,Istočna Ilidža,Oba pola,Agnostik,17
2013,Broj,Istočna Ilidža,M,Agnostik,8
2013,Broj,Istočna Ilidža,Ž,Agnostik,9
2013,Broj,Istočni Drvar,Oba pola,Agnostik,0
2013,Broj,Istočni Drvar,M,Agnostik,0
2013,Broj,Istočni Drvar,Ž,Agnostik,0
2013,Broj,Istočni Mostar,Oba pola,Agnostik,0
2013,Broj,Istočni Mostar,M,Agnostik,0
2013,Broj,Istočni Mostar,Ž,Agnostik,0
2013,Broj,Istočni Stari Grad,Oba pola,Agnostik,0
2013,Broj,Istočni Stari Grad,M,Agnostik,0
2013,Broj,Istočni Stari Grad,Ž,Agnostik,0
2013,Broj,Istočno Novo Sarajevo,Oba pola,Agnostik,23
2013,Broj,Istočno Novo Sarajevo,M,Agnostik,8
2013,Broj,Istočno Novo Sarajevo,Ž,Agnostik,15
2013,Broj,Jezero,Oba pola,Agnostik,0
2013,Broj,Jezero,M,Agnostik,0
2013,Broj,Jezero,Ž,Agnostik,0
2013,Broj,Kalinovik,Oba pola,Agnostik,2
2013,Broj,Kalinovik,M,Agnostik,0
2013,Broj,Kalinovik,Ž,Agnostik,2
2013,Broj,Kneževo,Oba pola,Agnostik,0
2013,Broj,Kneževo,M,Agnostik,0
2013,Broj,Kneževo,Ž,Agnostik,0
2013,Broj,Kozarska Dubica,Oba pola,Agnostik,17
2013,Broj,Kozarska Dubica,M,Agnostik,5
2013,Broj,Kozarska Dubica,Ž,Agnostik,12
2013,Broj,Kostajnica,Oba pola,Agnostik,3
2013,Broj,Kostajnica,M,Agnostik,3
2013,Broj,Kostajnica,Ž,Agnostik,0
2013,Broj,Kotor Varoš,Oba pola,Agnostik,10
2013,Broj,Kotor Varoš,M,Agnostik,6
2013,Broj,Kotor Varoš,Ž,Agnostik,4
2013,Broj,Krupa Na Uni,Oba pola,Agnostik,0
2013,Broj,Krupa Na Uni,M,Agnostik,0
2013,Broj,Krupa Na Uni,Ž,Agnostik,0
2013,Broj,Kupres,Oba pola,Agnostik,0
2013,Broj,Kupres,M,Agnostik,0
2013,Broj,Kupres,Ž,Agnostik,0
2013,Broj,Laktaši,Oba pola,Agnostik,35
2013,Broj,Laktaši,M,Agnostik,19
2013,Broj,Laktaši,Ž,Agnostik,16
2013,Broj,Lopare,Oba pola,Agnostik,4
2013,Broj,Lopare,M,Agnostik,0
2013,Broj,Lopare,Ž,Agnostik,4
2013,Broj,Ljubinje,Oba pola,Agnostik,0
2013,Broj,Ljubinje,M,Agnostik,0
2013,Broj,Ljubinje,Ž,Agnostik,0
2013,Broj,Milići,Oba pola,Agnostik,0
2013,Broj,Milići,M,Agnostik,0
2013,Broj,Milići,Ž,Agnostik,0
2013,Broj,Modriča,Oba pola,Agnostik,26
2013,Broj,Modriča,M,Agnostik,13
2013,Broj,Modriča,Ž,Agnostik,13
2013,Broj,Mrkonjić Grad,Oba pola,Agnostik,8
2013,Broj,Mrkonjić Grad,M,Agnostik,5
2013,Broj,Mrkonjić Grad,Ž,Agnostik,3
2013,Broj,Nevesinje,Oba pola,Agnostik,3
2013,Broj,Nevesinje,M,Agnostik,1
2013,Broj,Nevesinje,Ž,Agnostik,2
2013,Broj,Novi Grad,Oba pola,Agnostik,9
2013,Broj,Novi Grad,M,Agnostik,5
2013,Broj,Novi Grad,Ž,Agnostik,4
2013,Broj,Novo Goražde,Oba pola,Agnostik,0
2013,Broj,Novo Goražde,M,Agnostik,0
2013,Broj,Novo Goražde,Ž,Agnostik,0
2013,Broj,Osmaci,Oba pola,Agnostik,0
2013,Broj,Osmaci,M,Agnostik,0
2013,Broj,Osmaci,Ž,Agnostik,0
2013,Broj,Oštra Luka,Oba pola,Agnostik,2
2013,Broj,Oštra Luka,M,Agnostik,1
2013,Broj,Oštra Luka,Ž,Agnostik,1
2013,Broj,Pale,Oba pola,Agnostik,15
2013,Broj,Pale,M,Agnostik,9
2013,Broj,Pale,Ž,Agnostik,6
2013,Broj,Pelagićevo,Oba pola,Agnostik,0
2013,Broj,Pelagićevo,M,Agnostik,0
2013,Broj,Pelagićevo,Ž,Agnostik,0
2013,Broj,Petrovac,Oba pola,Agnostik,0
2013,Broj,Petrovac,M,Agnostik,0
2013,Broj,Petrovac,Ž,Agnostik,0
2013,Broj,Petrovo,Oba pola,Agnostik,1
2013,Broj,Petrovo,M,Agnostik,1
2013,Broj,Petrovo,Ž,Agnostik,0
2013,Broj,Grad Prijedor,Oba pola,Agnostik,84
2013,Broj,Grad Prijedor,M,Agnostik,48
2013,Broj,Grad Prijedor,Ž,Agnostik,36
2013,Broj,Prnjavor,Oba pola,Agnostik,25
2013,Broj,Prnjavor,M,Agnostik,11
2013,Broj,Prnjavor,Ž,Agnostik,14
2013,Broj,Ribnik,Oba pola,Agnostik,0
2013,Broj,Ribnik,M,Agnostik,0
2013,Broj,Ribnik,Ž,Agnostik,0
2013,Broj,Rogatica,Oba pola,Agnostik,2
2013,Broj,Rogatica,M,Agnostik,2
2013,Broj,Rogatica,Ž,Agnostik,0
2013,Broj,Rudo,Oba pola,Agnostik,1
2013,Broj,Rudo,M,Agnostik,1
2013,Broj,Rudo,Ž,Agnostik,0
2013,Broj,Sokolac,Oba pola,Agnostik,2
2013,Broj,Sokolac,M,Agnostik,0
2013,Broj,Sokolac,Ž,Agnostik,2
2013,Broj,Srbac,Oba pola,Agnostik,7
2013,Broj,Srbac,M,Agnostik,5
2013,Broj,Srbac,Ž,Agnostik,2
2013,Broj,Srebrenica,Oba pola,Agnostik,1
2013,Broj,Srebrenica,M,Agnostik,0
2013,Broj,Srebrenica,Ž,Agnostik,1
2013,Broj,Teslić,Oba pola,Agnostik,37
2013,Broj,Teslić,M,Agnostik,15
2013,Broj,Teslić,Ž,Agnostik,22
2013,Broj,Grad Trebinje,Oba pola,Agnostik,32
2013,Broj,Grad Trebinje,M,Agnostik,14
2013,Broj,Grad Trebinje,Ž,Agnostik,18
2013,Broj,Trnovo,Oba pola,Agnostik,3
2013,Broj,Trnovo,M,Agnostik,2
2013,Broj,Trnovo,Ž,Agnostik,1
2013,Broj,Ugljevik,Oba pola,Agnostik,1
2013,Broj,Ugljevik,M,Agnostik,1
2013,Broj,Ugljevik,Ž,Agnostik,0
2013,Broj,Foča,Oba pola,Agnostik,3
2013,Broj,Foča,M,Agnostik,1
2013,Broj,Foča,Ž,Agnostik,2
2013,Broj,Han Pijesak,Oba pola,Agnostik,1
2013,Broj,Han Pijesak,M,Agnostik,0
2013,Broj,Han Pijesak,Ž,Agnostik,1
2013,Broj,Čajniče,Oba pola,Agnostik,1
2013,Broj,Čajniče,M,Agnostik,0
2013,Broj,Čajniče,Ž,Agnostik,1
2013,Broj,Čelinac,Oba pola,Agnostik,8
2013,Broj,Čelinac,M,Agnostik,4
2013,Broj,Čelinac,Ž,Agnostik,4
2013,Broj,Šamac,Oba pola,Agnostik,18
2013,Broj,Šamac,M,Agnostik,8
2013,Broj,Šamac,Ž,Agnostik,10
2013,Broj,Šekovići,Oba pola,Agnostik,1
2013,Broj,Šekovići,M,Agnostik,1
2013,Broj,Šekovići,Ž,Agnostik,0
2013,Broj,Šipovo,Oba pola,Agnostik,0
2013,Broj,Šipovo,M,Agnostik,0
2013,Broj,Šipovo,Ž,Agnostik,0
2013,Broj,Republika Srpska,Oba pola,Ateista,5784
2013,Broj,Republika Srpska,M,Ateista,3146
2013,Broj,Republika Srpska,Ž,Ateista,2638
2013,Broj,Grad Banja Luka,Oba pola,Ateista,2593
2013,Broj,Grad Banja Luka,M,Ateista,1342
2013,Broj,Grad Banja Luka,Ž,Ateista,1251
2013,Broj,Berkovići,Oba pola,Ateista,2
2013,Broj,Berkovići,M,Ateista,1
2013,Broj,Berkovići,Ž,Ateista,1
2013,Broj,Grad Bijeljina,Oba pola,Ateista,345
2013,Broj,Grad Bijeljina,M,Ateista,218
2013,Broj,Grad Bijeljina,Ž,Ateista,127
2013,Broj,Bileća,Oba pola,Ateista,7
2013,Broj,Bileća,M,Ateista,5
2013,Broj,Bileća,Ž,Ateista,2
2013,Broj,Bratunac,Oba pola,Ateista,8
2013,Broj,Bratunac,M,Ateista,5
2013,Broj,Bratunac,Ž,Ateista,3
2013,Broj,Brod,Oba pola,Ateista,113
2013,Broj,Brod,M,Ateista,59
2013,Broj,Brod,Ž,Ateista,54
2013,Broj,Višegrad,Oba pola,Ateista,21
2013,Broj,Višegrad,M,Ateista,15
2013,Broj,Višegrad,Ž,Ateista,6
2013,Broj,Vlasenica,Oba pola,Ateista,16
2013,Broj,Vlasenica,M,Ateista,10
2013,Broj,Vlasenica,Ž,Ateista,6
2013,Broj,Vukosavlje,Oba pola,Ateista,9
2013,Broj,Vukosavlje,M,Ateista,7
2013,Broj,Vukosavlje,Ž,Ateista,2
2013,Broj,Gacko,Oba pola,Ateista,3
2013,Broj,Gacko,M,Ateista,1
2013,Broj,Gacko,Ž,Ateista,2
2013,Broj,Grad Gradiška,Oba pola,Ateista,223
2013,Broj,Grad Gradiška,M,Ateista,126
2013,Broj,Grad Gradiška,Ž,Ateista,97
2013,Broj,Grad Derventa,Oba pola,Ateista,100
2013,Broj,Grad Derventa,M,Ateista,51
2013,Broj,Grad Derventa,Ž,Ateista,49
2013,Broj,Grad Doboj,Oba pola,Ateista,378
2013,Broj,Grad Doboj,M,Ateista,200
2013,Broj,Grad Doboj,Ž,Ateista,178
2013,Broj,Donji Žabar,Oba pola,Ateista,0
2013,Broj,Donji Žabar,M,Ateista,0
2013,Broj,Donji Žabar,Ž,Ateista,0
2013,Broj,Grad Zvornik,Oba pola,Ateista,59
2013,Broj,Grad Zvornik,M,Ateista,36
2013,Broj,Grad Zvornik,Ž,Ateista,23
2013,Broj,Istočna Ilidža,Oba pola,Ateista,60
2013,Broj,Istočna Ilidža,M,Ateista,27
2013,Broj,Istočna Ilidža,Ž,Ateista,33
2013,Broj,Istočni Drvar,Oba pola,Ateista,0
2013,Broj,Istočni Drvar,M,Ateista,0
2013,Broj,Istočni Drvar,Ž,Ateista,0
2013,Broj,Istočni Mostar,Oba pola,Ateista,0
2013,Broj,Istočni Mostar,M,Ateista,0
2013,Broj,Istočni Mostar,Ž,Ateista,0
2013,Broj,Istočni Stari Grad,Oba pola,Ateista,2
2013,Broj,Istočni Stari Grad,M,Ateista,1
2013,Broj,Istočni Stari Grad,Ž,Ateista,1
2013,Broj,Istočno Novo Sarajevo,Oba pola,Ateista,37
2013,Broj,Istočno Novo Sarajevo,M,Ateista,18
2013,Broj,Istočno Novo Sarajevo,Ž,Ateista,19
2013,Broj,Jezero,Oba pola,Ateista,3
2013,Broj,Jezero,M,Ateista,2
2013,Broj,Jezero,Ž,Ateista,1
2013,Broj,Kalinovik,Oba pola,Ateista,0
2013,Broj,Kalinovik,M,Ateista,0
2013,Broj,Kalinovik,Ž,Ateista,0
2013,Broj,Kneževo,Oba pola,Ateista,5
2013,Broj,Kneževo,M,Ateista,3
2013,Broj,Kneževo,Ž,Ateista,2
2013,Broj,Kozarska Dubica,Oba pola,Ateista,130
2013,Broj,Kozarska Dubica,M,Ateista,68
2013,Broj,Kozarska Dubica,Ž,Ateista,62
2013,Broj,Kostajnica,Oba pola,Ateista,16
2013,Broj,Kostajnica,M,Ateista,12
2013,Broj,Kostajnica,Ž,Ateista,4
2013,Broj,Kotor Varoš,Oba pola,Ateista,56
2013,Broj,Kotor Varoš,M,Ateista,34
2013,Broj,Kotor Varoš,Ž,Ateista,22
2013,Broj,Krupa Na Uni,Oba pola,Ateista,0
2013,Broj,Krupa Na Uni,M,Ateista,0
2013,Broj,Krupa Na Uni,Ž,Ateista,0
2013,Broj,Kupres,Oba pola,Ateista,0
2013,Broj,Kupres,M,Ateista,0
2013,Broj,Kupres,Ž,Ateista,0
2013,Broj,Laktaši,Oba pola,Ateista,96
2013,Broj,Laktaši,M,Ateista,57
2013,Broj,Laktaši,Ž,Ateista,39
2013,Broj,Lopare,Oba pola,Ateista,21
2013,Broj,Lopare,M,Ateista,12
2013,Broj,Lopare,Ž,Ateista,9
2013,Broj,Ljubinje,Oba pola,Ateista,1
2013,Broj,Ljubinje,M,Ateista,1
2013,Broj,Ljubinje,Ž,Ateista,0
2013,Broj,Milići,Oba pola,Ateista,3
2013,Broj,Milići,M,Ateista,3
2013,Broj,Milići,Ž,Ateista,0
2013,Broj,Modriča,Oba pola,Ateista,98
2013,Broj,Modriča,M,Ateista,53
2013,Broj,Modriča,Ž,Ateista,45
2013,Broj,Mrkonjić Grad,Oba pola,Ateista,28
2013,Broj,Mrkonjić Grad,M,Ateista,13
2013,Broj,Mrkonjić Grad,Ž,Ateista,15
2013,Broj,Nevesinje,Oba pola,Ateista,8
2013,Broj,Nevesinje,M,Ateista,3
2013,Broj,Nevesinje,Ž,Ateista,5
2013,Broj,Novi Grad,Oba pola,Ateista,81
2013,Broj,Novi Grad,M,Ateista,36
2013,Broj,Novi Grad,Ž,Ateista,45
2013,Broj,Novo Goražde,Oba pola,Ateista,0
2013,Broj,Novo Goražde,M,Ateista,0
2013,Broj,Novo Goražde,Ž,Ateista,0
2013,Broj,Osmaci,Oba pola,Ateista,1
2013,Broj,Osmaci,M,Ateista,1
2013,Broj,Osmaci,Ž,Ateista,0
2013,Broj,Oštra Luka,Oba pola,Ateista,4
2013,Broj,Oštra Luka,M,Ateista,3
2013,Broj,Oštra Luka,Ž,Ateista,1
2013,Broj,Pale,Oba pola,Ateista,47
2013,Broj,Pale,M,Ateista,23
2013,Broj,Pale,Ž,Ateista,24
2013,Broj,Pelagićevo,Oba pola,Ateista,1
2013,Broj,Pelagićevo,M,Ateista,0
2013,Broj,Pelagićevo,Ž,Ateista,1
2013,Broj,Petrovac,Oba pola,Ateista,2
2013,Broj,Petrovac,M,Ateista,1
2013,Broj,Petrovac,Ž,Ateista,1
2013,Broj,Petrovo,Oba pola,Ateista,10
2013,Broj,Petrovo,M,Ateista,7
2013,Broj,Petrovo,Ž,Ateista,3
2013,Broj,Grad Prijedor,Oba pola,Ateista,511
2013,Broj,Grad Prijedor,M,Ateista,277
2013,Broj,Grad Prijedor,Ž,Ateista,234
2013,Broj,Prnjavor,Oba pola,Ateista,102
2013,Broj,Prnjavor,M,Ateista,65
2013,Broj,Prnjavor,Ž,Ateista,37
2013,Broj,Ribnik,Oba pola,Ateista,3
2013,Broj,Ribnik,M,Ateista,2
2013,Broj,Ribnik,Ž,Ateista,1
2013,Broj,Rogatica,Oba pola,Ateista,20
2013,Broj,Rogatica,M,Ateista,13
2013,Broj,Rogatica,Ž,Ateista,7
2013,Broj,Rudo,Oba pola,Ateista,11
2013,Broj,Rudo,M,Ateista,9
2013,Broj,Rudo,Ž,Ateista,2
2013,Broj,Sokolac,Oba pola,Ateista,14
2013,Broj,Sokolac,M,Ateista,11
2013,Broj,Sokolac,Ž,Ateista,3
2013,Broj,Srbac,Oba pola,Ateista,46
2013,Broj,Srbac,M,Ateista,28
2013,Broj,Srbac,Ž,Ateista,18
2013,Broj,Srebrenica,Oba pola,Ateista,14
2013,Broj,Srebrenica,M,Ateista,10
2013,Broj,Srebrenica,Ž,Ateista,4
2013,Broj,Teslić,Oba pola,Ateista,167
2013,Broj,Teslić,M,Ateista,89
2013,Broj,Teslić,Ž,Ateista,78
2013,Broj,Grad Trebinje,Oba pola,Ateista,118
2013,Broj,Grad Trebinje,M,Ateista,62
2013,Broj,Grad Trebinje,Ž,Ateista,56
2013,Broj,Trnovo,Oba pola,Ateista,7
2013,Broj,Trnovo,M,Ateista,5
2013,Broj,Trnovo,Ž,Ateista,2
2013,Broj,Ugljevik,Oba pola,Ateista,22
2013,Broj,Ugljevik,M,Ateista,16
2013,Broj,Ugljevik,Ž,Ateista,6
2013,Broj,Foča,Oba pola,Ateista,34
2013,Broj,Foča,M,Ateista,19
2013,Broj,Foča,Ž,Ateista,15
2013,Broj,Han Pijesak,Oba pola,Ateista,1
2013,Broj,Han Pijesak,M,Ateista,1
2013,Broj,Han Pijesak,Ž,Ateista,0
2013,Broj,Čajniče,Oba pola,Ateista,4
2013,Broj,Čajniče,M,Ateista,3
2013,Broj,Čajniče,Ž,Ateista,1
2013,Broj,Čelinac,Oba pola,Ateista,23
2013,Broj,Čelinac,M,Ateista,12
2013,Broj,Čelinac,Ž,Ateista,11
2013,Broj,Šamac,Oba pola,Ateista,81
2013,Broj,Šamac,M,Ateista,56
2013,Broj,Šamac,Ž,Ateista,25
2013,Broj,Šekovići,Oba pola,Ateista,6
2013,Broj,Šekovići,M,Ateista,5
2013,Broj,Šekovići,Ž,Ateista,1
2013,Broj,Šipovo,Oba pola,Ateista,13
2013,Broj,Šipovo,M,Ateista,9
2013,Broj,Šipovo,Ž,Ateista,4
2013,Broj,Republika Srpska,Oba pola,Druge religije,8729
2013,Broj,Republika Srpska,M,Druge religije,4319
2013,Broj,Republika Srpska,Ž,Druge religije,4410
2013,Broj,Grad Banja Luka,Oba pola,Druge religije,1230
2013,Broj,Grad Banja Luka,M,Druge religije,620
2013,Broj,Grad Banja Luka,Ž,Druge religije,610
2013,Broj,Berkovići,Oba pola,Druge religije,3
2013,Broj,Berkovići,M,Druge religije,2
2013,Broj,Berkovići,Ž,Druge religije,1
2013,Broj,Grad Bijeljina,Oba pola,Druge religije,944
2013,Broj,Grad Bijeljina,M,Druge religije,471
2013,Broj,Grad Bijeljina,Ž,Druge religije,473
2013,Broj,Bileća,Oba pola,Druge religije,26
2013,Broj,Bileća,M,Druge religije,15
2013,Broj,Bileća,Ž,Druge religije,11
2013,Broj,Bratunac,Oba pola,Druge religije,237
2013,Broj,Bratunac,M,Druge religije,121
2013,Broj,Bratunac,Ž,Druge religije,116
2013,Broj,Brod,Oba pola,Druge religije,98
2013,Broj,Brod,M,Druge religije,52
2013,Broj,Brod,Ž,Druge religije,46
2013,Broj,Višegrad,Oba pola,Druge religije,76
2013,Broj,Višegrad,M,Druge religije,40
2013,Broj,Višegrad,Ž,Druge religije,36
2013,Broj,Vlasenica,Oba pola,Druge religije,115
2013,Broj,Vlasenica,M,Druge religije,42
2013,Broj,Vlasenica,Ž,Druge religije,73
2013,Broj,Vukosavlje,Oba pola,Druge religije,30
2013,Broj,Vukosavlje,M,Druge religije,15
2013,Broj,Vukosavlje,Ž,Druge religije,15
2013,Broj,Gacko,Oba pola,Druge religije,16
2013,Broj,Gacko,M,Druge religije,9
2013,Broj,Gacko,Ž,Druge religije,7
2013,Broj,Grad Gradiška,Oba pola,Druge religije,321
2013,Broj,Grad Gradiška,M,Druge religije,168
2013,Broj,Grad Gradiška,Ž,Druge religije,153
2013,Broj,Grad Derventa,Oba pola,Druge religije,141
2013,Broj,Grad Derventa,M,Druge religije,67
2013,Broj,Grad Derventa,Ž,Druge religije,74
2013,Broj,Grad Doboj,Oba pola,Druge religije,845
2013,Broj,Grad Doboj,M,Druge religije,412
2013,Broj,Grad Doboj,Ž,Druge religije,433
2013,Broj,Donji Žabar,Oba pola,Druge religije,21
2013,Broj,Donji Žabar,M,Druge religije,8
2013,Broj,Donji Žabar,Ž,Druge religije,13
2013,Broj,Grad Zvornik,Oba pola,Druge religije,186
2013,Broj,Grad Zvornik,M,Druge religije,90
2013,Broj,Grad Zvornik,Ž,Druge religije,96
2013,Broj,Istočna Ilidža,Oba pola,Druge religije,28
2013,Broj,Istočna Ilidža,M,Druge religije,18
2013,Broj,Istočna Ilidža,Ž,Druge religije,10
2013,Broj,Istočni Drvar,Oba pola,Druge religije,0
2013,Broj,Istočni Drvar,M,Druge religije,0
2013,Broj,Istočni Drvar,Ž,Druge religije,0
2013,Broj,Istočni Mostar,Oba pola,Druge religije,1
2013,Broj,Istočni Mostar,M,Druge religije,1
2013,Broj,Istočni Mostar,Ž,Druge religije,0
2013,Broj,Istočni Stari Grad,Oba pola,Druge religije,5
2013,Broj,Istočni Stari Grad,M,Druge religije,2
2013,Broj,Istočni Stari Grad,Ž,Druge religije,3
2013,Broj,Istočno Novo Sarajevo,Oba pola,Druge religije,16
2013,Broj,Istočno Novo Sarajevo,M,Druge religije,10
2013,Broj,Istočno Novo Sarajevo,Ž,Druge religije,6
2013,Broj,Jezero,Oba pola,Druge religije,0
2013,Broj,Jezero,M,Druge religije,0
2013,Broj,Jezero,Ž,Druge religije,0
2013,Broj,Kalinovik,Oba pola,Druge religije,3
2013,Broj,Kalinovik,M,Druge religije,2
2013,Broj,Kalinovik,Ž,Druge religije,1
2013,Broj,Kneževo,Oba pola,Druge religije,68
2013,Broj,Kneževo,M,Druge religije,29
2013,Broj,Kneževo,Ž,Druge religije,39
2013,Broj,Kozarska Dubica,Oba pola,Druge religije,83
2013,Broj,Kozarska Dubica,M,Druge religije,37
2013,Broj,Kozarska Dubica,Ž,Druge religije,46
2013,Broj,Kostajnica,Oba pola,Druge religije,13
2013,Broj,Kostajnica,M,Druge religije,9
2013,Broj,Kostajnica,Ž,Druge religije,4
2013,Broj,Kotor Varoš,Oba pola,Druge religije,236
2013,Broj,Kotor Varoš,M,Druge religije,120
2013,Broj,Kotor Varoš,Ž,Druge religije,116
2013,Broj,Krupa Na Uni,Oba pola,Druge religije,0
2013,Broj,Krupa Na Uni,M,Druge religije,0
2013,Broj,Krupa Na Uni,Ž,Druge religije,0
2013,Broj,Kupres,Oba pola,Druge religije,0
2013,Broj,Kupres,M,Druge religije,0
2013,Broj,Kupres,Ž,Druge religije,0
2013,Broj,Laktaši,Oba pola,Druge religije,278
2013,Broj,Laktaši,M,Druge religije,147
2013,Broj,Laktaši,Ž,Druge religije,131
2013,Broj,Lopare,Oba pola,Druge religije,1
2013,Broj,Lopare,M,Druge religije,0
2013,Broj,Lopare,Ž,Druge religije,1
2013,Broj,Ljubinje,Oba pola,Druge religije,1
2013,Broj,Ljubinje,M,Druge religije,1
2013,Broj,Ljubinje,Ž,Druge religije,0
2013,Broj,Milići,Oba pola,Druge religije,34
2013,Broj,Milići,M,Druge religije,19
2013,Broj,Milići,Ž,Druge religije,15
2013,Broj,Modriča,Oba pola,Druge religije,211
2013,Broj,Modriča,M,Druge religije,98
2013,Broj,Modriča,Ž,Druge religije,113
2013,Broj,Mrkonjić Grad,Oba pola,Druge religije,9
2013,Broj,Mrkonjić Grad,M,Druge religije,6
2013,Broj,Mrkonjić Grad,Ž,Druge religije,3
2013,Broj,Nevesinje,Oba pola,Druge religije,8
2013,Broj,Nevesinje,M,Druge religije,4
2013,Broj,Nevesinje,Ž,Druge religije,4
2013,Broj,Novi Grad,Oba pola,Druge religije,134
2013,Broj,Novi Grad,M,Druge religije,60
2013,Broj,Novi Grad,Ž,Druge religije,74
2013,Broj,Novo Goražde,Oba pola,Druge religije,19
2013,Broj,Novo Goražde,M,Druge religije,9
2013,Broj,Novo Goražde,Ž,Druge religije,10
2013,Broj,Osmaci,Oba pola,Druge religije,41
2013,Broj,Osmaci,M,Druge religije,26
2013,Broj,Osmaci,Ž,Druge religije,15
2013,Broj,Oštra Luka,Oba pola,Druge religije,23
2013,Broj,Oštra Luka,M,Druge religije,15
2013,Broj,Oštra Luka,Ž,Druge religije,8
2013,Broj,Pale,Oba pola,Druge religije,53
2013,Broj,Pale,M,Druge religije,24
2013,Broj,Pale,Ž,Druge religije,29
2013,Broj,Pelagićevo,Oba pola,Druge religije,5
2013,Broj,Pelagićevo,M,Druge religije,3
2013,Broj,Pelagićevo,Ž,Druge religije,2
2013,Broj,Petrovac,Oba pola,Druge religije,0
2013,Broj,Petrovac,M,Druge religije,0
2013,Broj,Petrovac,Ž,Druge religije,0
2013,Broj,Petrovo,Oba pola,Druge religije,20
2013,Broj,Petrovo,M,Druge religije,8
2013,Broj,Petrovo,Ž,Druge religije,12
2013,Broj,Grad Prijedor,Oba pola,Druge religije,1506
2013,Broj,Grad Prijedor,M,Druge religije,722
2013,Broj,Grad Prijedor,Ž,Druge religije,784
2013,Broj,Prnjavor,Oba pola,Druge religije,611
2013,Broj,Prnjavor,M,Druge religije,317
2013,Broj,Prnjavor,Ž,Druge religije,294
2013,Broj,Ribnik,Oba pola,Druge religije,12
2013,Broj,Ribnik,M,Druge religije,8
2013,Broj,Ribnik,Ž,Druge religije,4
2013,Broj,Rogatica,Oba pola,Druge religije,48
2013,Broj,Rogatica,M,Druge religije,21
2013,Broj,Rogatica,Ž,Druge religije,27
2013,Broj,Rudo,Oba pola,Druge religije,0
2013,Broj,Rudo,M,Druge religije,0
2013,Broj,Rudo,Ž,Druge religije,0
2013,Broj,Sokolac,Oba pola,Druge religije,30
2013,Broj,Sokolac,M,Druge religije,16
2013,Broj,Sokolac,Ž,Druge religije,14
2013,Broj,Srbac,Oba pola,Druge religije,95
2013,Broj,Srbac,M,Druge religije,50
2013,Broj,Srbac,Ž,Druge religije,45
2013,Broj,Srebrenica,Oba pola,Druge religije,72
2013,Broj,Srebrenica,M,Druge religije,36
2013,Broj,Srebrenica,Ž,Druge religije,36
2013,Broj,Teslić,Oba pola,Druge religije,316
2013,Broj,Teslić,M,Druge religije,148
2013,Broj,Teslić,Ž,Druge religije,168
2013,Broj,Grad Trebinje,Oba pola,Druge religije,95
2013,Broj,Grad Trebinje,M,Druge religije,42
2013,Broj,Grad Trebinje,Ž,Druge religije,53
2013,Broj,Trnovo,Oba pola,Druge religije,17
2013,Broj,Trnovo,M,Druge religije,9
2013,Broj,Trnovo,Ž,Druge religije,8
2013,Broj,Ugljevik,Oba pola,Druge religije,2
2013,Broj,Ugljevik,M,Druge religije,1
2013,Broj,Ugljevik,Ž,Druge religije,1
2013,Broj,Foča,Oba pola,Druge religije,104
2013,Broj,Foča,M,Druge religije,53
2013,Broj,Foča,Ž,Druge religije,51
2013,Broj,Han Pijesak,Oba pola,Druge religije,5
2013,Broj,Han Pijesak,M,Druge religije,3
2013,Broj,Han Pijesak,Ž,Druge religije,2
2013,Broj,Čajniče,Oba pola,Druge religije,16
2013,Broj,Čajniče,M,Druge religije,7
2013,Broj,Čajniče,Ž,Druge religije,9
2013,Broj,Čelinac,Oba pola,Druge religije,44
2013,Broj,Čelinac,M,Druge religije,20
2013,Broj,Čelinac,Ž,Druge religije,24
2013,Broj,Šamac,Oba pola,Druge religije,144
2013,Broj,Šamac,M,Druge religije,68
2013,Broj,Šamac,Ž,Druge religije,76
2013,Broj,Šekovići,Oba pola,Druge religije,1
2013,Broj,Šekovići,M,Druge religije,1
2013,Broj,Šekovići,Ž,Druge religije,0
2013,Broj,Šipovo,Oba pola,Druge religije,32
2013,Broj,Šipovo,M,Druge religije,17
2013,Broj,Šipovo,Ž,Druge religije,15
2013,Broj,Republika Srpska,Oba pola,Neopredijeljen,8028
2013,Broj,Republika Srpska,M,Neopredijeljen,3554
2013,Broj,Republika Srpska,Ž,Neopredijeljen,4474
2013,Broj,Grad Banja Luka,Oba pola,Neopredijeljen,2684
2013,Broj,Grad Banja Luka,M,Neopredijeljen,1186
2013,Broj,Grad Banja Luka,Ž,Neopredijeljen,1498
2013,Broj,Berkovići,Oba pola,Neopredijeljen,1
2013,Broj,Berkovići,M,Neopredijeljen,1
2013,Broj,Berkovići,Ž,Neopredijeljen,0
2013,Broj,Grad Bijeljina,Oba pola,Neopredijeljen,716
2013,Broj,Grad Bijeljina,M,Neopredijeljen,307
2013,Broj,Grad Bijeljina,Ž,Neopredijeljen,409
2013,Broj,Bileća,Oba pola,Neopredijeljen,30
2013,Broj,Bileća,M,Neopredijeljen,14
2013,Broj,Bileća,Ž,Neopredijeljen,16
2013,Broj,Bratunac,Oba pola,Neopredijeljen,21
2013,Broj,Bratunac,M,Neopredijeljen,9
2013,Broj,Bratunac,Ž,Neopredijeljen,12
2013,Broj,Brod,Oba pola,Neopredijeljen,160
2013,Broj,Brod,M,Neopredijeljen,60
2013,Broj,Brod,Ž,Neopredijeljen,100
2013,Broj,Višegrad,Oba pola,Neopredijeljen,18
2013,Broj,Višegrad,M,Neopredijeljen,9
2013,Broj,Višegrad,Ž,Neopredijeljen,9
2013,Broj,Vlasenica,Oba pola,Neopredijeljen,16
2013,Broj,Vlasenica,M,Neopredijeljen,8
2013,Broj,Vlasenica,Ž,Neopredijeljen,8
2013,Broj,Vukosavlje,Oba pola,Neopredijeljen,33
2013,Broj,Vukosavlje,M,Neopredijeljen,16
2013,Broj,Vukosavlje,Ž,Neopredijeljen,17
2013,Broj,Gacko,Oba pola,Neopredijeljen,6
2013,Broj,Gacko,M,Neopredijeljen,1
2013,Broj,Gacko,Ž,Neopredijeljen,5
2013,Broj,Grad Gradiška,Oba pola,Neopredijeljen,375
2013,Broj,Grad Gradiška,M,Neopredijeljen,155
2013,Broj,Grad Gradiška,Ž,Neopredijeljen,220
2013,Broj,Grad Derventa,Oba pola,Neopredijeljen,256
2013,Broj,Grad Derventa,M,Neopredijeljen,125
2013,Broj,Grad Derventa,Ž,Neopredijeljen,131
2013,Broj,Grad Doboj,Oba pola,Neopredijeljen,526
2013,Broj,Grad Doboj,M,Neopredijeljen,271
2013,Broj,Grad Doboj,Ž,Neopredijeljen,255
2013,Broj,Donji Žabar,Oba pola,Neopredijeljen,6
2013,Broj,Donji Žabar,M,Neopredijeljen,2
2013,Broj,Donji Žabar,Ž,Neopredijeljen,4
2013,Broj,Grad Zvornik,Oba pola,Neopredijeljen,67
2013,Broj,Grad Zvornik,M,Neopredijeljen,31
2013,Broj,Grad Zvornik,Ž,Neopredijeljen,36
2013,Broj,Istočna Ilidža,Oba pola,Neopredijeljen,92
2013,Broj,Istočna Ilidža,M,Neopredijeljen,41
2013,Broj,Istočna Ilidža,Ž,Neopredijeljen,51
2013,Broj,Istočni Drvar,Oba pola,Neopredijeljen,0
2013,Broj,Istočni Drvar,M,Neopredijeljen,0
2013,Broj,Istočni Drvar,Ž,Neopredijeljen,0
2013,Broj,Istočni Mostar,Oba pola,Neopredijeljen,0
2013,Broj,Istočni Mostar,M,Neopredijeljen,0
2013,Broj,Istočni Mostar,Ž,Neopredijeljen,0
2013,Broj,Istočni Stari Grad,Oba pola,Neopredijeljen,6
2013,Broj,Istočni Stari Grad,M,Neopredijeljen,5
2013,Broj,Istočni Stari Grad,Ž,Neopredijeljen,1
2013,Broj,Istočno Novo Sarajevo,Oba pola,Neopredijeljen,56
2013,Broj,Istočno Novo Sarajevo,M,Neopredijeljen,24
2013,Broj,Istočno Novo Sarajevo,Ž,Neopredijeljen,32
2013,Broj,Jezero,Oba pola,Neopredijeljen,0
2013,Broj,Jezero,M,Neopredijeljen,0
2013,Broj,Jezero,Ž,Neopredijeljen,0
2013,Broj,Kalinovik,Oba pola,Neopredijeljen,5
2013,Broj,Kalinovik,M,Neopredijeljen,4
2013,Broj,Kalinovik,Ž,Neopredijeljen,1
2013,Broj,Kneževo,Oba pola,Neopredijeljen,4
2013,Broj,Kneževo,M,Neopredijeljen,3
2013,Broj,Kneževo,Ž,Neopredijeljen,1
2013,Broj,Kozarska Dubica,Oba pola,Neopredijeljen,178
2013,Broj,Kozarska Dubica,M,Neopredijeljen,77
2013,Broj,Kozarska Dubica,Ž,Neopredijeljen,101
2013,Broj,Kostajnica,Oba pola,Neopredijeljen,67
2013,Broj,Kostajnica,M,Neopredijeljen,26
2013,Broj,Kostajnica,Ž,Neopredijeljen,41
2013,Broj,Kotor Varoš,Oba pola,Neopredijeljen,107
2013,Broj,Kotor Varoš,M,Neopredijeljen,45
2013,Broj,Kotor Varoš,Ž,Neopredijeljen,62
2013,Broj,Krupa Na Uni,Oba pola,Neopredijeljen,0
2013,Broj,Krupa Na Uni,M,Neopredijeljen,0
2013,Broj,Krupa Na Uni,Ž,Neopredijeljen,0
2013,Broj,Kupres,Oba pola,Neopredijeljen,1
2013,Broj,Kupres,M,Neopredijeljen,1
2013,Broj,Kupres,Ž,Neopredijeljen,0
2013,Broj,Laktaši,Oba pola,Neopredijeljen,239
2013,Broj,Laktaši,M,Neopredijeljen,112
2013,Broj,Laktaši,Ž,Neopredijeljen,127
2013,Broj,Lopare,Oba pola,Neopredijeljen,22
2013,Broj,Lopare,M,Neopredijeljen,6
2013,Broj,Lopare,Ž,Neopredijeljen,16
2013,Broj,Ljubinje,Oba pola,Neopredijeljen,3
2013,Broj,Ljubinje,M,Neopredijeljen,2
2013,Broj,Ljubinje,Ž,Neopredijeljen,1
2013,Broj,Milići,Oba pola,Neopredijeljen,10
2013,Broj,Milići,M,Neopredijeljen,3
2013,Broj,Milići,Ž,Neopredijeljen,7
2013,Broj,Modriča,Oba pola,Neopredijeljen,151
2013,Broj,Modriča,M,Neopredijeljen,64
2013,Broj,Modriča,Ž,Neopredijeljen,87
2013,Broj,Mrkonjić Grad,Oba pola,Neopredijeljen,37
2013,Broj,Mrkonjić Grad,M,Neopredijeljen,16
2013,Broj,Mrkonjić Grad,Ž,Neopredijeljen,21
2013,Broj,Nevesinje,Oba pola,Neopredijeljen,14
2013,Broj,Nevesinje,M,Neopredijeljen,6
2013,Broj,Nevesinje,Ž,Neopredijeljen,8
2013,Broj,Novi Grad,Oba pola,Neopredijeljen,134
2013,Broj,Novi Grad,M,Neopredijeljen,58
2013,Broj,Novi Grad,Ž,Neopredijeljen,76
2013,Broj,Novo Goražde,Oba pola,Neopredijeljen,5
2013,Broj,Novo Goražde,M,Neopredijeljen,3
2013,Broj,Novo Goražde,Ž,Neopredijeljen,2
2013,Broj,Osmaci,Oba pola,Neopredijeljen,1
2013,Broj,Osmaci,M,Neopredijeljen,1
2013,Broj,Osmaci,Ž,Neopredijeljen,0
2013,Broj,Oštra Luka,Oba pola,Neopredijeljen,13
2013,Broj,Oštra Luka,M,Neopredijeljen,5
2013,Broj,Oštra Luka,Ž,Neopredijeljen,8
2013,Broj,Pale,Oba pola,Neopredijeljen,56
2013,Broj,Pale,M,Neopredijeljen,22
2013,Broj,Pale,Ž,Neopredijeljen,34
2013,Broj,Pelagićevo,Oba pola,Neopredijeljen,2
2013,Broj,Pelagićevo,M,Neopredijeljen,0
2013,Broj,Pelagićevo,Ž,Neopredijeljen,2
2013,Broj,Petrovac,Oba pola,Neopredijeljen,0
2013,Broj,Petrovac,M,Neopredijeljen,0
2013,Broj,Petrovac,Ž,Neopredijeljen,0
2013,Broj,Petrovo,Oba pola,Neopredijeljen,19
2013,Broj,Petrovo,M,Neopredijeljen,9
2013,Broj,Petrovo,Ž,Neopredijeljen,10
2013,Broj,Grad Prijedor,Oba pola,Neopredijeljen,784
2013,Broj,Grad Prijedor,M,Neopredijeljen,325
2013,Broj,Grad Prijedor,Ž,Neopredijeljen,459
2013,Broj,Prnjavor,Oba pola,Neopredijeljen,223
2013,Broj,Prnjavor,M,Neopredijeljen,98
2013,Broj,Prnjavor,Ž,Neopredijeljen,125
2013,Broj,Ribnik,Oba pola,Neopredijeljen,3
2013,Broj,Ribnik,M,Neopredijeljen,1
2013,Broj,Ribnik,Ž,Neopredijeljen,2
2013,Broj,Rogatica,Oba pola,Neopredijeljen,7
2013,Broj,Rogatica,M,Neopredijeljen,4
2013,Broj,Rogatica,Ž,Neopredijeljen,3
2013,Broj,Rudo,Oba pola,Neopredijeljen,3
2013,Broj,Rudo,M,Neopredijeljen,2
2013,Broj,Rudo,Ž,Neopredijeljen,1
2013,Broj,Sokolac,Oba pola,Neopredijeljen,20
2013,Broj,Sokolac,M,Neopredijeljen,9
2013,Broj,Sokolac,Ž,Neopredijeljen,11
2013,Broj,Srbac,Oba pola,Neopredijeljen,95
2013,Broj,Srbac,M,Neopredijeljen,46
2013,Broj,Srbac,Ž,Neopredijeljen,49
2013,Broj,Srebrenica,Oba pola,Neopredijeljen,22
2013,Broj,Srebrenica,M,Neopredijeljen,10
2013,Broj,Srebrenica,Ž,Neopredijeljen,12
2013,Broj,Teslić,Oba pola,Neopredijeljen,309
2013,Broj,Teslić,M,Neopredijeljen,136
2013,Broj,Teslić,Ž,Neopredijeljen,173
2013,Broj,Grad Trebinje,Oba pola,Neopredijeljen,170
2013,Broj,Grad Trebinje,M,Neopredijeljen,75
2013,Broj,Grad Trebinje,Ž,Neopredijeljen,95
2013,Broj,Trnovo,Oba pola,Neopredijeljen,4
2013,Broj,Trnovo,M,Neopredijeljen,3
2013,Broj,Trnovo,Ž,Neopredijeljen,1
2013,Broj,Ugljevik,Oba pola,Neopredijeljen,23
2013,Broj,Ugljevik,M,Neopredijeljen,11
2013,Broj,Ugljevik,Ž,Neopredijeljen,12
2013,Broj,Foča,Oba pola,Neopredijeljen,27
2013,Broj,Foča,M,Neopredijeljen,13
2013,Broj,Foča,Ž,Neopredijeljen,14
2013,Broj,Han Pijesak,Oba pola,Neopredijeljen,0
2013,Broj,Han Pijesak,M,Neopredijeljen,0
2013,Broj,Han Pijesak,Ž,Neopredijeljen,0
2013,Broj,Čajniče,Oba pola,Neopredijeljen,1
2013,Broj,Čajniče,M,Neopredijeljen,1
2013,Broj,Čajniče,Ž,Neopredijeljen,0
2013,Broj,Čelinac,Oba pola,Neopredijeljen,30
2013,Broj,Čelinac,M,Neopredijeljen,15
2013,Broj,Čelinac,Ž,Neopredijeljen,15
2013,Broj,Šamac,Oba pola,Neopredijeljen,147
2013,Broj,Šamac,M,Neopredijeljen,64
2013,Broj,Šamac,Ž,Neopredijeljen,83
2013,Broj,Šekovići,Oba pola,Neopredijeljen,4
2013,Broj,Šekovići,M,Neopredijeljen,3
2013,Broj,Šekovići,Ž,Neopredijeljen,1
2013,Broj,Šipovo,Oba pola,Neopredijeljen,19
2013,Broj,Šipovo,M,Neopredijeljen,10
2013,Broj,Šipovo,Ž,Neopredijeljen,9
2013,Broj,Republika Srpska,Oba pola,Nepoznata religija,2065
2013,Broj,Republika Srpska,M,Nepoznata religija,963
2013,Broj,Republika Srpska,Ž,Nepoznata religija,1102
2013,Broj,Grad Banja Luka,Oba pola,Nepoznata religija,357
2013,Broj,Grad Banja Luka,M,Nepoznata religija,173
2013,Broj,Grad Banja Luka,Ž,Nepoznata religija,184
2013,Broj,Berkovići,Oba pola,Nepoznata religija,1
2013,Broj,Berkovići,M,Nepoznata religija,0
2013,Broj,Berkovići,Ž,Nepoznata religija,1
2013,Broj,Grad Bijeljina,Oba pola,Nepoznata religija,102
2013,Broj,Grad Bijeljina,M,Nepoznata religija,44
2013,Broj,Grad Bijeljina,Ž,Nepoznata religija,58
2013,Broj,Bileća,Oba pola,Nepoznata religija,12
2013,Broj,Bileća,M,Nepoznata religija,4
2013,Broj,Bileća,Ž,Nepoznata religija,8
2013,Broj,Bratunac,Oba pola,Nepoznata religija,40
2013,Broj,Bratunac,M,Nepoznata religija,16
2013,Broj,Bratunac,Ž,Nepoznata religija,24
2013,Broj,Brod,Oba pola,Nepoznata religija,32
2013,Broj,Brod,M,Nepoznata religija,12
2013,Broj,Brod,Ž,Nepoznata religija,20
2013,Broj,Višegrad,Oba pola,Nepoznata religija,179
2013,Broj,Višegrad,M,Nepoznata religija,4
2013,Broj,Višegrad,Ž,Nepoznata religija,175
2013,Broj,Vlasenica,Oba pola,Nepoznata religija,21
2013,Broj,Vlasenica,M,Nepoznata religija,10
2013,Broj,Vlasenica,Ž,Nepoznata religija,11
2013,Broj,Vukosavlje,Oba pola,Nepoznata religija,14
2013,Broj,Vukosavlje,M,Nepoznata religija,3
2013,Broj,Vukosavlje,Ž,Nepoznata religija,11
2013,Broj,Gacko,Oba pola,Nepoznata religija,7
2013,Broj,Gacko,M,Nepoznata religija,2
2013,Broj,Gacko,Ž,Nepoznata religija,5
2013,Broj,Grad Gradiška,Oba pola,Nepoznata religija,46
2013,Broj,Grad Gradiška,M,Nepoznata religija,21
2013,Broj,Grad Gradiška,Ž,Nepoznata religija,25
2013,Broj,Grad Derventa,Oba pola,Nepoznata religija,47
2013,Broj,Grad Derventa,M,Nepoznata religija,21
2013,Broj,Grad Derventa,Ž,Nepoznata religija,26
2013,Broj,Grad Doboj,Oba pola,Nepoznata religija,160
2013,Broj,Grad Doboj,M,Nepoznata religija,64
2013,Broj,Grad Doboj,Ž,Nepoznata religija,96
2013,Broj,Donji Žabar,Oba pola,Nepoznata religija,2
2013,Broj,Donji Žabar,M,Nepoznata religija,1
2013,Broj,Donji Žabar,Ž,Nepoznata religija,1
2013,Broj,Grad Zvornik,Oba pola,Nepoznata religija,98
2013,Broj,Grad Zvornik,M,Nepoznata religija,39
2013,Broj,Grad Zvornik,Ž,Nepoznata religija,59
2013,Broj,Istočna Ilidža,Oba pola,Nepoznata religija,10
2013,Broj,Istočna Ilidža,M,Nepoznata religija,5
2013,Broj,Istočna Ilidža,Ž,Nepoznata religija,5
2013,Broj,Istočni Drvar,Oba pola,Nepoznata religija,0
2013,Broj,Istočni Drvar,M,Nepoznata religija,0
2013,Broj,Istočni Drvar,Ž,Nepoznata religija,0
2013,Broj,Istočni Mostar,Oba pola,Nepoznata religija,2
2013,Broj,Istočni Mostar,M,Nepoznata religija,1
2013,Broj,Istočni Mostar,Ž,Nepoznata religija,1
2013,Broj,Istočni Stari Grad,Oba pola,Nepoznata religija,2
2013,Broj,Istočni Stari Grad,M,Nepoznata religija,1
2013,Broj,Istočni Stari Grad,Ž,Nepoznata religija,1
2013,Broj,Istočno Novo Sarajevo,Oba pola,Nepoznata religija,3
2013,Broj,Istočno Novo Sarajevo,M,Nepoznata religija,0
2013,Broj,Istočno Novo Sarajevo,Ž,Nepoznata religija,3
2013,Broj,Jezero,Oba pola,Nepoznata religija,2
2013,Broj,Jezero,M,Nepoznata religija,1
2013,Broj,Jezero,Ž,Nepoznata religija,1
2013,Broj,Kalinovik,Oba pola,Nepoznata religija,0
2013,Broj,Kalinovik,M,Nepoznata religija,0
2013,Broj,Kalinovik,Ž,Nepoznata religija,0
2013,Broj,Kneževo,Oba pola,Nepoznata religija,5
2013,Broj,Kneževo,M,Nepoznata religija,3
2013,Broj,Kneževo,Ž,Nepoznata religija,2
2013,Broj,Kozarska Dubica,Oba pola,Nepoznata religija,18
2013,Broj,Kozarska Dubica,M,Nepoznata religija,11
2013,Broj,Kozarska Dubica,Ž,Nepoznata religija,7
2013,Broj,Kostajnica,Oba pola,Nepoznata religija,1
2013,Broj,Kostajnica,M,Nepoznata religija,1
2013,Broj,Kostajnica,Ž,Nepoznata religija,0
2013,Broj,Kotor Varoš,Oba pola,Nepoznata religija,21
2013,Broj,Kotor Varoš,M,Nepoznata religija,15
2013,Broj,Kotor Varoš,Ž,Nepoznata religija,6
2013,Broj,Krupa Na Uni,Oba pola,Nepoznata religija,1
2013,Broj,Krupa Na Uni,M,Nepoznata religija,0
2013,Broj,Krupa Na Uni,Ž,Nepoznata religija,1
2013,Broj,Kupres,Oba pola,Nepoznata religija,0
2013,Broj,Kupres,M,Nepoznata religija,0
2013,Broj,Kupres,Ž,Nepoznata religija,0
2013,Broj,Laktaši,Oba pola,Nepoznata religija,48
2013,Broj,Laktaši,M,Nepoznata religija,21
2013,Broj,Laktaši,Ž,Nepoznata religija,27
2013,Broj,Lopare,Oba pola,Nepoznata religija,13
2013,Broj,Lopare,M,Nepoznata religija,6
2013,Broj,Lopare,Ž,Nepoznata religija,7
2013,Broj,Ljubinje,Oba pola,Nepoznata religija,2
2013,Broj,Ljubinje,M,Nepoznata religija,1
2013,Broj,Ljubinje,Ž,Nepoznata religija,1
2013,Broj,Milići,Oba pola,Nepoznata religija,8
2013,Broj,Milići,M,Nepoznata religija,3
2013,Broj,Milići,Ž,Nepoznata religija,5
2013,Broj,Modriča,Oba pola,Nepoznata religija,125
2013,Broj,Modriča,M,Nepoznata religija,66
2013,Broj,Modriča,Ž,Nepoznata religija,59
2013,Broj,Mrkonjić Grad,Oba pola,Nepoznata religija,13
2013,Broj,Mrkonjić Grad,M,Nepoznata religija,7
2013,Broj,Mrkonjić Grad,Ž,Nepoznata religija,6
2013,Broj,Nevesinje,Oba pola,Nepoznata religija,7
2013,Broj,Nevesinje,M,Nepoznata religija,2
2013,Broj,Nevesinje,Ž,Nepoznata religija,5
2013,Broj,Novi Grad,Oba pola,Nepoznata religija,26
2013,Broj,Novi Grad,M,Nepoznata religija,14
2013,Broj,Novi Grad,Ž,Nepoznata religija,12
2013,Broj,Novo Goražde,Oba pola,Nepoznata religija,7
2013,Broj,Novo Goražde,M,Nepoznata religija,3
2013,Broj,Novo Goražde,Ž,Nepoznata religija,4
2013,Broj,Osmaci,Oba pola,Nepoznata religija,4
2013,Broj,Osmaci,M,Nepoznata religija,2
2013,Broj,Osmaci,Ž,Nepoznata religija,2
2013,Broj,Oštra Luka,Oba pola,Nepoznata religija,3
2013,Broj,Oštra Luka,M,Nepoznata religija,2
2013,Broj,Oštra Luka,Ž,Nepoznata religija,1
2013,Broj,Pale,Oba pola,Nepoznata religija,11
2013,Broj,Pale,M,Nepoznata religija,7
2013,Broj,Pale,Ž,Nepoznata religija,4
2013,Broj,Pelagićevo,Oba pola,Nepoznata religija,5
2013,Broj,Pelagićevo,M,Nepoznata religija,1
2013,Broj,Pelagićevo,Ž,Nepoznata religija,4
2013,Broj,Petrovac,Oba pola,Nepoznata religija,0
2013,Broj,Petrovac,M,Nepoznata religija,0
2013,Broj,Petrovac,Ž,Nepoznata religija,0
2013,Broj,Petrovo,Oba pola,Nepoznata religija,4
2013,Broj,Petrovo,M,Nepoznata religija,2
2013,Broj,Petrovo,Ž,Nepoznata religija,2
2013,Broj,Grad Prijedor,Oba pola,Nepoznata religija,374
2013,Broj,Grad Prijedor,M,Nepoznata religija,257
2013,Broj,Grad Prijedor,Ž,Nepoznata religija,117
2013,Broj,Prnjavor,Oba pola,Nepoznata religija,31
2013,Broj,Prnjavor,M,Nepoznata religija,13
2013,Broj,Prnjavor,Ž,Nepoznata religija,18
2013,Broj,Ribnik,Oba pola,Nepoznata religija,2
2013,Broj,Ribnik,M,Nepoznata religija,2
2013,Broj,Ribnik,Ž,Nepoznata religija,0
2013,Broj,Rogatica,Oba pola,Nepoznata religija,4
2013,Broj,Rogatica,M,Nepoznata religija,3
2013,Broj,Rogatica,Ž,Nepoznata religija,1
2013,Broj,Rudo,Oba pola,Nepoznata religija,4
2013,Broj,Rudo,M,Nepoznata religija,0
2013,Broj,Rudo,Ž,Nepoznata religija,4
2013,Broj,Sokolac,Oba pola,Nepoznata religija,14
2013,Broj,Sokolac,M,Nepoznata religija,3
2013,Broj,Sokolac,Ž,Nepoznata religija,11
2013,Broj,Srbac,Oba pola,Nepoznata religija,28
2013,Broj,Srbac,M,Nepoznata religija,13
2013,Broj,Srbac,Ž,Nepoznata religija,15
2013,Broj,Srebrenica,Oba pola,Nepoznata religija,20
2013,Broj,Srebrenica,M,Nepoznata religija,14
2013,Broj,Srebrenica,Ž,Nepoznata religija,6
2013,Broj,Teslić,Oba pola,Nepoznata religija,43
2013,Broj,Teslić,M,Nepoznata religija,21
2013,Broj,Teslić,Ž,Nepoznata religija,22
2013,Broj,Grad Trebinje,Oba pola,Nepoznata religija,14
2013,Broj,Grad Trebinje,M,Nepoznata religija,8
2013,Broj,Grad Trebinje,Ž,Nepoznata religija,6
2013,Broj,Trnovo,Oba pola,Nepoznata religija,0
2013,Broj,Trnovo,M,Nepoznata religija,0
2013,Broj,Trnovo,Ž,Nepoznata religija,0
2013,Broj,Ugljevik,Oba pola,Nepoznata religija,13
2013,Broj,Ugljevik,M,Nepoznata religija,11
2013,Broj,Ugljevik,Ž,Nepoznata religija,2
2013,Broj,Foča,Oba pola,Nepoznata religija,12
2013,Broj,Foča,M,Nepoznata religija,6
2013,Broj,Foča,Ž,Nepoznata religija,6
2013,Broj,Han Pijesak,Oba pola,Nepoznata religija,0
2013,Broj,Han Pijesak,M,Nepoznata religija,0
2013,Broj,Han Pijesak,Ž,Nepoznata religija,0
2013,Broj,Čajniče,Oba pola,Nepoznata religija,4
2013,Broj,Čajniče,M,Nepoznata religija,1
2013,Broj,Čajniče,Ž,Nepoznata religija,3
2013,Broj,Čelinac,Oba pola,Nepoznata religija,10
2013,Broj,Čelinac,M,Nepoznata religija,4
2013,Broj,Čelinac,Ž,Nepoznata religija,6
2013,Broj,Šamac,Oba pola,Nepoznata religija,18
2013,Broj,Šamac,M,Nepoznata religija,10
2013,Broj,Šamac,Ž,Nepoznata religija,8
2013,Broj,Šekovići,Oba pola,Nepoznata religija,9
2013,Broj,Šekovići,M,Nepoznata religija,4
2013,Broj,Šekovići,Ž,Nepoznata religija,5
2013,Broj,Šipovo,Oba pola,Nepoznata religija,6
2013,Broj,Šipovo,M,Nepoznata religija,4
2013,Broj,Šipovo,Ž,Nepoznata religija,2
