Year,UNIT_MEASURE,Administrativna oblast,Pol,Etnička/nacionalna pripadnost,Value
2013,Broj,Republika Srpska,Oba pola,Ukupno,1170342
2013,Broj,Republika Srpska,M,Ukupno,571812
2013,Broj,Republika Srpska,Ž,Ukupno,598530
2013,Broj,Grad Banja Luka,Oba pola,Ukupno,180053
2013,Broj,Grad Banja Luka,M,Ukupno,86510
2013,Broj,Grad Banja Luka,Ž,Ukupno,93543
2013,Broj,Berkovići,Oba pola,Ukupno,2041
2013,Broj,Berkovići,M,Ukupno,1032
2013,Broj,Berkovići,Ž,Ukupno,1009
2013,Broj,Grad Bijeljina,Oba pola,Ukupno,103874
2013,Broj,Grad Bijeljina,M,Ukupno,50760
2013,Broj,Grad Bijeljina,Ž,Ukupno,53114
2013,Broj,Bileća,Oba pola,Ukupno,10607
2013,Broj,Bileća,M,Ukupno,5346
2013,Broj,Bileća,Ž,Ukupno,5261
2013,Broj,Bratunac,Oba pola,Ukupno,18651
2013,Broj,Bratunac,M,Ukupno,9210
2013,Broj,Bratunac,Ž,Ukupno,9441
2013,Broj,Brod,Oba pola,Ukupno,15720
2013,Broj,Brod,M,Ukupno,7670
2013,Broj,Brod,Ž,Ukupno,8050
2013,Broj,Višegrad,Oba pola,Ukupno,10118
2013,Broj,Višegrad,M,Ukupno,4834
2013,Broj,Višegrad,Ž,Ukupno,5284
2013,Broj,Vlasenica,Oba pola,Ukupno,10657
2013,Broj,Vlasenica,M,Ukupno,5193
2013,Broj,Vlasenica,Ž,Ukupno,5464
2013,Broj,Vukosavlje,Oba pola,Ukupno,4363
2013,Broj,Vukosavlje,M,Ukupno,2185
2013,Broj,Vukosavlje,Ž,Ukupno,2178
2013,Broj,Gacko,Oba pola,Ukupno,8710
2013,Broj,Gacko,M,Ukupno,4423
2013,Broj,Gacko,Ž,Ukupno,4287
2013,Broj,Grad Gradiška,Oba pola,Ukupno,49196
2013,Broj,Grad Gradiška,M,Ukupno,23944
2013,Broj,Grad Gradiška,Ž,Ukupno,25252
2013,Broj,Grad Derventa,Oba pola,Ukupno,25922
2013,Broj,Grad Derventa,M,Ukupno,12629
2013,Broj,Grad Derventa,Ž,Ukupno,13293
2013,Broj,Grad Doboj,Oba pola,Ukupno,68514
2013,Broj,Grad Doboj,M,Ukupno,33222
2013,Broj,Grad Doboj,Ž,Ukupno,35292
2013,Broj,Donji Žabar,Oba pola,Ukupno,3669
2013,Broj,Donji Žabar,M,Ukupno,1853
2013,Broj,Donji Žabar,Ž,Ukupno,1816
2013,Broj,Grad Zvornik,Oba pola,Ukupno,54407
2013,Broj,Grad Zvornik,M,Ukupno,26803
2013,Broj,Grad Zvornik,Ž,Ukupno,27604
2013,Broj,Istočna Ilidža,Oba pola,Ukupno,14437
2013,Broj,Istočna Ilidža,M,Ukupno,6905
2013,Broj,Istočna Ilidža,Ž,Ukupno,7532
2013,Broj,Istočni Drvar,Oba pola,Ukupno,66
2013,Broj,Istočni Drvar,M,Ukupno,44
2013,Broj,Istočni Drvar,Ž,Ukupno,22
2013,Broj,Istočni Mostar,Oba pola,Ukupno,244
2013,Broj,Istočni Mostar,M,Ukupno,138
2013,Broj,Istočni Mostar,Ž,Ukupno,106
2013,Broj,Istočni Stari Grad,Oba pola,Ukupno,1116
2013,Broj,Istočni Stari Grad,M,Ukupno,552
2013,Broj,Istočni Stari Grad,Ž,Ukupno,564
2013,Broj,Istočno Novo Sarajevo,Oba pola,Ukupno,10401
2013,Broj,Istočno Novo Sarajevo,M,Ukupno,4936
2013,Broj,Istočno Novo Sarajevo,Ž,Ukupno,5465
2013,Broj,Jezero,Oba pola,Ukupno,1039
2013,Broj,Jezero,M,Ukupno,534
2013,Broj,Jezero,Ž,Ukupno,505
2013,Broj,Kalinovik,Oba pola,Ukupno,1962
2013,Broj,Kalinovik,M,Ukupno,950
2013,Broj,Kalinovik,Ž,Ukupno,1012
2013,Broj,Kneževo,Oba pola,Ukupno,9368
2013,Broj,Kneževo,M,Ukupno,4632
2013,Broj,Kneževo,Ž,Ukupno,4736
2013,Broj,Kozarska Dubica,Oba pola,Ukupno,20681
2013,Broj,Kozarska Dubica,M,Ukupno,10094
2013,Broj,Kozarska Dubica,Ž,Ukupno,10587
2013,Broj,Kostajnica,Oba pola,Ukupno,5645
2013,Broj,Kostajnica,M,Ukupno,2780
2013,Broj,Kostajnica,Ž,Ukupno,2865
2013,Broj,Kotor Varoš,Oba pola,Ukupno,18361
2013,Broj,Kotor Varoš,M,Ukupno,9007
2013,Broj,Kotor Varoš,Ž,Ukupno,9354
2013,Broj,Krupa Na Uni,Oba pola,Ukupno,1560
2013,Broj,Krupa Na Uni,M,Ukupno,841
2013,Broj,Krupa Na Uni,Ž,Ukupno,719
2013,Broj,Kupres,Oba pola,Ukupno,293
2013,Broj,Kupres,M,Ukupno,157
2013,Broj,Kupres,Ž,Ukupno,136
2013,Broj,Laktaši,Oba pola,Ukupno,34210
2013,Broj,Laktaši,M,Ukupno,16905
2013,Broj,Laktaši,Ž,Ukupno,17305
2013,Broj,Lopare,Oba pola,Ukupno,14689
2013,Broj,Lopare,M,Ukupno,7377
2013,Broj,Lopare,Ž,Ukupno,7312
2013,Broj,Ljubinje,Oba pola,Ukupno,3319
2013,Broj,Ljubinje,M,Ukupno,1633
2013,Broj,Ljubinje,Ž,Ukupno,1686
2013,Broj,Milići,Oba pola,Ukupno,10445
2013,Broj,Milići,M,Ukupno,5252
2013,Broj,Milići,Ž,Ukupno,5193
2013,Broj,Modriča,Oba pola,Ukupno,24490
2013,Broj,Modriča,M,Ukupno,11969
2013,Broj,Modriča,Ž,Ukupno,12521
2013,Broj,Mrkonjić Grad,Oba pola,Ukupno,15926
2013,Broj,Mrkonjić Grad,M,Ukupno,7660
2013,Broj,Mrkonjić Grad,Ž,Ukupno,8266
2013,Broj,Nevesinje,Oba pola,Ukupno,12542
2013,Broj,Nevesinje,M,Ukupno,6236
2013,Broj,Nevesinje,Ž,Ukupno,6306
2013,Broj,Novi Grad,Oba pola,Ukupno,25240
2013,Broj,Novi Grad,M,Ukupno,12580
2013,Broj,Novi Grad,Ž,Ukupno,12660
2013,Broj,Novo Goražde,Oba pola,Ukupno,2915
2013,Broj,Novo Goražde,M,Ukupno,1500
2013,Broj,Novo Goražde,Ž,Ukupno,1415
2013,Broj,Osmaci,Oba pola,Ukupno,5546
2013,Broj,Osmaci,M,Ukupno,2779
2013,Broj,Osmaci,Ž,Ukupno,2767
2013,Broj,Oštra Luka,Oba pola,Ukupno,2705
2013,Broj,Oštra Luka,M,Ukupno,1386
2013,Broj,Oštra Luka,Ž,Ukupno,1319
2013,Broj,Pale,Oba pola,Ukupno,20359
2013,Broj,Pale,M,Ukupno,9744
2013,Broj,Pale,Ž,Ukupno,10615
2013,Broj,Pelagićevo,Oba pola,Ukupno,4358
2013,Broj,Pelagićevo,M,Ukupno,2151
2013,Broj,Pelagićevo,Ž,Ukupno,2207
2013,Broj,Petrovac,Oba pola,Ukupno,354
2013,Broj,Petrovac,M,Ukupno,169
2013,Broj,Petrovac,Ž,Ukupno,185
2013,Broj,Petrovo,Oba pola,Ukupno,6317
2013,Broj,Petrovo,M,Ukupno,3043
2013,Broj,Petrovo,Ž,Ukupno,3274
2013,Broj,Grad Prijedor,Oba pola,Ukupno,80916
2013,Broj,Grad Prijedor,M,Ukupno,39418
2013,Broj,Grad Prijedor,Ž,Ukupno,41498
2013,Broj,Prnjavor,Oba pola,Ukupno,34357
2013,Broj,Prnjavor,M,Ukupno,16675
2013,Broj,Prnjavor,Ž,Ukupno,17682
2013,Broj,Ribnik,Oba pola,Ukupno,5851
2013,Broj,Ribnik,M,Ukupno,2900
2013,Broj,Ribnik,Ž,Ukupno,2951
2013,Broj,Rogatica,Oba pola,Ukupno,10302
2013,Broj,Rogatica,M,Ukupno,5053
2013,Broj,Rogatica,Ž,Ukupno,5249
2013,Broj,Rudo,Oba pola,Ukupno,7578
2013,Broj,Rudo,M,Ukupno,3840
2013,Broj,Rudo,Ž,Ukupno,3738
2013,Broj,Sokolac,Oba pola,Ukupno,11620
2013,Broj,Sokolac,M,Ukupno,5723
2013,Broj,Sokolac,Ž,Ukupno,5897
2013,Broj,Srbac,Oba pola,Ukupno,16933
2013,Broj,Srbac,M,Ukupno,8295
2013,Broj,Srbac,Ž,Ukupno,8638
2013,Broj,Srebrenica,Oba pola,Ukupno,11698
2013,Broj,Srebrenica,M,Ukupno,5714
2013,Broj,Srebrenica,Ž,Ukupno,5984
2013,Broj,Teslić,Oba pola,Ukupno,37236
2013,Broj,Teslić,M,Ukupno,17894
2013,Broj,Teslić,Ž,Ukupno,19342
2013,Broj,Grad Trebinje,Oba pola,Ukupno,28239
2013,Broj,Grad Trebinje,M,Ukupno,13760
2013,Broj,Grad Trebinje,Ž,Ukupno,14479
2013,Broj,Trnovo,Oba pola,Ukupno,1983
2013,Broj,Trnovo,M,Ukupno,953
2013,Broj,Trnovo,Ž,Ukupno,1030
2013,Broj,Ugljevik,Oba pola,Ukupno,15118
2013,Broj,Ugljevik,M,Ukupno,7626
2013,Broj,Ugljevik,Ž,Ukupno,7492
2013,Broj,Foča,Oba pola,Ukupno,17580
2013,Broj,Foča,M,Ukupno,8880
2013,Broj,Foča,Ž,Ukupno,8700
2013,Broj,Han Pijesak,Oba pola,Ukupno,3445
2013,Broj,Han Pijesak,M,Ukupno,1632
2013,Broj,Han Pijesak,Ž,Ukupno,1813
2013,Broj,Čajniče,Oba pola,Ukupno,4679
2013,Broj,Čajniče,M,Ukupno,2347
2013,Broj,Čajniče,Ž,Ukupno,2332
2013,Broj,Čelinac,Oba pola,Ukupno,15117
2013,Broj,Čelinac,M,Ukupno,7477
2013,Broj,Čelinac,Ž,Ukupno,7640
2013,Broj,Šamac,Oba pola,Ukupno,16308
2013,Broj,Šamac,M,Ukupno,7908
2013,Broj,Šamac,Ž,Ukupno,8400
2013,Broj,Šekovići,Oba pola,Ukupno,6323
2013,Broj,Šekovići,M,Ukupno,3103
2013,Broj,Šekovići,Ž,Ukupno,3220
2013,Broj,Šipovo,Oba pola,Ukupno,9969
2013,Broj,Šipovo,M,Ukupno,5046
2013,Broj,Šipovo,Ž,Ukupno,4923
2013,Broj,Republika Srpska,Oba pola,Bošnjak,148477
2013,Broj,Republika Srpska,M,Bošnjak,72148
2013,Broj,Republika Srpska,Ž,Bošnjak,76329
2013,Broj,Grad Banja Luka,Oba pola,Bošnjak,6816
2013,Broj,Grad Banja Luka,M,Bošnjak,3108
2013,Broj,Grad Banja Luka,Ž,Bošnjak,3708
2013,Broj,Berkovići,Oba pola,Bošnjak,155
2013,Broj,Berkovići,M,Bošnjak,87
2013,Broj,Berkovići,Ž,Bošnjak,68
2013,Broj,Grad Bijeljina,Oba pola,Bošnjak,11680
2013,Broj,Grad Bijeljina,M,Bošnjak,5733
2013,Broj,Grad Bijeljina,Ž,Bošnjak,5947
2013,Broj,Bileća,Oba pola,Bošnjak,26
2013,Broj,Bileća,M,Bošnjak,16
2013,Broj,Bileća,Ž,Bošnjak,10
2013,Broj,Bratunac,Oba pola,Bošnjak,6588
2013,Broj,Bratunac,M,Bošnjak,3218
2013,Broj,Bratunac,Ž,Bošnjak,3370
2013,Broj,Brod,Oba pola,Bošnjak,1312
2013,Broj,Brod,M,Bošnjak,640
2013,Broj,Brod,Ž,Bošnjak,672
2013,Broj,Višegrad,Oba pola,Bošnjak,895
2013,Broj,Višegrad,M,Bošnjak,454
2013,Broj,Višegrad,Ž,Bošnjak,441
2013,Broj,Vlasenica,Oba pola,Bošnjak,3360
2013,Broj,Vlasenica,M,Bošnjak,1646
2013,Broj,Vlasenica,Ž,Bošnjak,1714
2013,Broj,Vukosavlje,Oba pola,Bošnjak,2025
2013,Broj,Vukosavlje,M,Bošnjak,1034
2013,Broj,Vukosavlje,Ž,Bošnjak,991
2013,Broj,Gacko,Oba pola,Bošnjak,332
2013,Broj,Gacko,M,Bošnjak,179
2013,Broj,Gacko,Ž,Bošnjak,153
2013,Broj,Grad Gradiška,Oba pola,Bošnjak,6266
2013,Broj,Grad Gradiška,M,Bošnjak,3047
2013,Broj,Grad Gradiška,Ž,Bošnjak,3219
2013,Broj,Grad Derventa,Oba pola,Bošnjak,1686
2013,Broj,Grad Derventa,M,Bošnjak,812
2013,Broj,Grad Derventa,Ž,Bošnjak,874
2013,Broj,Grad Doboj,Oba pola,Bošnjak,14417
2013,Broj,Grad Doboj,M,Bošnjak,6904
2013,Broj,Grad Doboj,Ž,Bošnjak,7513
2013,Broj,Donji Žabar,Oba pola,Bošnjak,4
2013,Broj,Donji Žabar,M,Bošnjak,0
2013,Broj,Donji Žabar,Ž,Bošnjak,4
2013,Broj,Grad Zvornik,Oba pola,Bošnjak,16775
2013,Broj,Grad Zvornik,M,Bošnjak,8206
2013,Broj,Grad Zvornik,Ž,Bošnjak,8569
2013,Broj,Istočna Ilidža,Oba pola,Bošnjak,632
2013,Broj,Istočna Ilidža,M,Bošnjak,293
2013,Broj,Istočna Ilidža,Ž,Bošnjak,339
2013,Broj,Istočni Drvar,Oba pola,Bošnjak,0
2013,Broj,Istočni Drvar,M,Bošnjak,0
2013,Broj,Istočni Drvar,Ž,Bošnjak,0
2013,Broj,Istočni Mostar,Oba pola,Bošnjak,78
2013,Broj,Istočni Mostar,M,Bošnjak,45
2013,Broj,Istočni Mostar,Ž,Bošnjak,33
2013,Broj,Istočni Stari Grad,Oba pola,Bošnjak,41
2013,Broj,Istočni Stari Grad,M,Bošnjak,25
2013,Broj,Istočni Stari Grad,Ž,Bošnjak,16
2013,Broj,Istočno Novo Sarajevo,Oba pola,Bošnjak,44
2013,Broj,Istočno Novo Sarajevo,M,Bošnjak,14
2013,Broj,Istočno Novo Sarajevo,Ž,Bošnjak,30
2013,Broj,Jezero,Oba pola,Bošnjak,251
2013,Broj,Jezero,M,Bošnjak,118
2013,Broj,Jezero,Ž,Bošnjak,133
2013,Broj,Kalinovik,Oba pola,Bošnjak,43
2013,Broj,Kalinovik,M,Bošnjak,19
2013,Broj,Kalinovik,Ž,Bošnjak,24
2013,Broj,Kneževo,Oba pola,Bošnjak,413
2013,Broj,Kneževo,M,Bošnjak,186
2013,Broj,Kneževo,Ž,Bošnjak,227
2013,Broj,Kozarska Dubica,Oba pola,Bošnjak,1883
2013,Broj,Kozarska Dubica,M,Bošnjak,906
2013,Broj,Kozarska Dubica,Ž,Bošnjak,977
2013,Broj,Kostajnica,Oba pola,Bošnjak,1276
2013,Broj,Kostajnica,M,Bošnjak,626
2013,Broj,Kostajnica,Ž,Bošnjak,650
2013,Broj,Kotor Varoš,Oba pola,Bošnjak,4516
2013,Broj,Kotor Varoš,M,Bošnjak,2173
2013,Broj,Kotor Varoš,Ž,Bošnjak,2343
2013,Broj,Krupa Na Uni,Oba pola,Bošnjak,3
2013,Broj,Krupa Na Uni,M,Bošnjak,1
2013,Broj,Krupa Na Uni,Ž,Bošnjak,2
2013,Broj,Kupres,Oba pola,Bošnjak,0
2013,Broj,Kupres,M,Bošnjak,0
2013,Broj,Kupres,Ž,Bošnjak,0
2013,Broj,Laktaši,Oba pola,Bošnjak,104
2013,Broj,Laktaši,M,Bošnjak,47
2013,Broj,Laktaši,Ž,Bošnjak,57
2013,Broj,Lopare,Oba pola,Bošnjak,1310
2013,Broj,Lopare,M,Bošnjak,646
2013,Broj,Lopare,Ž,Bošnjak,664
2013,Broj,Ljubinje,Oba pola,Bošnjak,9
2013,Broj,Ljubinje,M,Bošnjak,5
2013,Broj,Ljubinje,Ž,Bošnjak,4
2013,Broj,Milići,Oba pola,Bošnjak,3532
2013,Broj,Milići,M,Bošnjak,1746
2013,Broj,Milići,Ž,Bošnjak,1786
2013,Broj,Modriča,Oba pola,Bošnjak,2880
2013,Broj,Modriča,M,Bošnjak,1364
2013,Broj,Modriča,Ž,Bošnjak,1516
2013,Broj,Mrkonjić Grad,Oba pola,Bošnjak,354
2013,Broj,Mrkonjić Grad,M,Bošnjak,170
2013,Broj,Mrkonjić Grad,Ž,Bošnjak,184
2013,Broj,Nevesinje,Oba pola,Bošnjak,508
2013,Broj,Nevesinje,M,Bošnjak,261
2013,Broj,Nevesinje,Ž,Bošnjak,247
2013,Broj,Novi Grad,Oba pola,Bošnjak,5214
2013,Broj,Novi Grad,M,Bošnjak,2606
2013,Broj,Novi Grad,Ž,Bošnjak,2608
2013,Broj,Novo Goražde,Oba pola,Bošnjak,1317
2013,Broj,Novo Goražde,M,Bošnjak,662
2013,Broj,Novo Goražde,Ž,Bošnjak,655
2013,Broj,Osmaci,Oba pola,Bošnjak,2673
2013,Broj,Osmaci,M,Bošnjak,1321
2013,Broj,Osmaci,Ž,Bošnjak,1352
2013,Broj,Oštra Luka,Oba pola,Bošnjak,23
2013,Broj,Oštra Luka,M,Bošnjak,7
2013,Broj,Oštra Luka,Ž,Bošnjak,16
2013,Broj,Pale,Oba pola,Bošnjak,165
2013,Broj,Pale,M,Bošnjak,86
2013,Broj,Pale,Ž,Bošnjak,79
2013,Broj,Pelagićevo,Oba pola,Bošnjak,13
2013,Broj,Pelagićevo,M,Bošnjak,2
2013,Broj,Pelagićevo,Ž,Bošnjak,11
2013,Broj,Petrovac,Oba pola,Bošnjak,0
2013,Broj,Petrovac,M,Bošnjak,0
2013,Broj,Petrovac,Ž,Bošnjak,0
2013,Broj,Petrovo,Oba pola,Bošnjak,6
2013,Broj,Petrovo,M,Bošnjak,2
2013,Broj,Petrovo,Ž,Bošnjak,4
2013,Broj,Grad Prijedor,Oba pola,Bošnjak,22303
2013,Broj,Grad Prijedor,M,Bošnjak,10669
2013,Broj,Grad Prijedor,Ž,Bošnjak,11634
2013,Broj,Prnjavor,Oba pola,Bošnjak,2749
2013,Broj,Prnjavor,M,Bošnjak,1329
2013,Broj,Prnjavor,Ž,Bošnjak,1420
2013,Broj,Ribnik,Oba pola,Bošnjak,0
2013,Broj,Ribnik,M,Bošnjak,0
2013,Broj,Ribnik,Ž,Bošnjak,0
2013,Broj,Rogatica,Oba pola,Bošnjak,1009
2013,Broj,Rogatica,M,Bošnjak,520
2013,Broj,Rogatica,Ž,Bošnjak,489
2013,Broj,Rudo,Oba pola,Bošnjak,574
2013,Broj,Rudo,M,Bošnjak,300
2013,Broj,Rudo,Ž,Bošnjak,274
2013,Broj,Sokolac,Oba pola,Bošnjak,629
2013,Broj,Sokolac,M,Bošnjak,329
2013,Broj,Sokolac,Ž,Bošnjak,300
2013,Broj,Srbac,Oba pola,Bošnjak,394
2013,Broj,Srbac,M,Bošnjak,184
2013,Broj,Srbac,Ž,Bošnjak,210
2013,Broj,Srebrenica,Oba pola,Bošnjak,6122
2013,Broj,Srebrenica,M,Bošnjak,2913
2013,Broj,Srebrenica,Ž,Bošnjak,3209
2013,Broj,Teslić,Oba pola,Bošnjak,6887
2013,Broj,Teslić,M,Bošnjak,3387
2013,Broj,Teslić,Ž,Bošnjak,3500
2013,Broj,Grad Trebinje,Oba pola,Bošnjak,863
2013,Broj,Grad Trebinje,M,Bošnjak,426
2013,Broj,Grad Trebinje,Ž,Bošnjak,437
2013,Broj,Trnovo,Oba pola,Bošnjak,818
2013,Broj,Trnovo,M,Bošnjak,405
2013,Broj,Trnovo,Ž,Bošnjak,413
2013,Broj,Ugljevik,Oba pola,Bošnjak,1999
2013,Broj,Ugljevik,M,Bošnjak,974
2013,Broj,Ugljevik,Ž,Bošnjak,1025
2013,Broj,Foča,Oba pola,Bošnjak,1169
2013,Broj,Foča,M,Bošnjak,626
2013,Broj,Foča,Ž,Bošnjak,543
2013,Broj,Han Pijesak,Oba pola,Bošnjak,420
2013,Broj,Han Pijesak,M,Bošnjak,204
2013,Broj,Han Pijesak,Ž,Bošnjak,216
2013,Broj,Čajniče,Oba pola,Bošnjak,835
2013,Broj,Čajniče,M,Bošnjak,439
2013,Broj,Čajniče,Ž,Bošnjak,396
2013,Broj,Čelinac,Oba pola,Bošnjak,395
2013,Broj,Čelinac,M,Bošnjak,197
2013,Broj,Čelinac,Ž,Bošnjak,198
2013,Broj,Šamac,Oba pola,Bošnjak,1005
2013,Broj,Šamac,M,Bošnjak,486
2013,Broj,Šamac,Ž,Bošnjak,519
2013,Broj,Šekovići,Oba pola,Bošnjak,103
2013,Broj,Šekovići,M,Bošnjak,51
2013,Broj,Šekovići,Ž,Bošnjak,52
2013,Broj,Šipovo,Oba pola,Bošnjak,578
2013,Broj,Šipovo,M,Bošnjak,294
2013,Broj,Šipovo,Ž,Bošnjak,284
2013,Broj,Republika Srpska,Oba pola,Hrvat,26509
2013,Broj,Republika Srpska,M,Hrvat,11005
2013,Broj,Republika Srpska,Ž,Hrvat,15504
2013,Broj,Grad Banja Luka,Oba pola,Hrvat,4887
2013,Broj,Grad Banja Luka,M,Hrvat,1761
2013,Broj,Grad Banja Luka,Ž,Hrvat,3126
2013,Broj,Berkovići,Oba pola,Hrvat,11
2013,Broj,Berkovići,M,Hrvat,1
2013,Broj,Berkovići,Ž,Hrvat,10
2013,Broj,Grad Bijeljina,Oba pola,Hrvat,498
2013,Broj,Grad Bijeljina,M,Hrvat,140
2013,Broj,Grad Bijeljina,Ž,Hrvat,358
2013,Broj,Bileća,Oba pola,Hrvat,21
2013,Broj,Bileća,M,Hrvat,2
2013,Broj,Bileća,Ž,Hrvat,19
2013,Broj,Bratunac,Oba pola,Hrvat,30
2013,Broj,Bratunac,M,Hrvat,5
2013,Broj,Bratunac,Ž,Hrvat,25
2013,Broj,Brod,Oba pola,Hrvat,3021
2013,Broj,Brod,M,Hrvat,1413
2013,Broj,Brod,Ž,Hrvat,1608
2013,Broj,Višegrad,Oba pola,Hrvat,32
2013,Broj,Višegrad,M,Hrvat,5
2013,Broj,Višegrad,Ž,Hrvat,27
2013,Broj,Vlasenica,Oba pola,Hrvat,29
2013,Broj,Vlasenica,M,Hrvat,5
2013,Broj,Vlasenica,Ž,Hrvat,24
2013,Broj,Vukosavlje,Oba pola,Hrvat,698
2013,Broj,Vukosavlje,M,Hrvat,332
2013,Broj,Vukosavlje,Ž,Hrvat,366
2013,Broj,Gacko,Oba pola,Hrvat,13
2013,Broj,Gacko,M,Hrvat,5
2013,Broj,Gacko,Ž,Hrvat,8
2013,Broj,Grad Gradiška,Oba pola,Hrvat,800
2013,Broj,Grad Gradiška,M,Hrvat,276
2013,Broj,Grad Gradiška,Ž,Hrvat,524
2013,Broj,Grad Derventa,Oba pola,Hrvat,2181
2013,Broj,Grad Derventa,M,Hrvat,1040
2013,Broj,Grad Derventa,Ž,Hrvat,1141
2013,Broj,Grad Doboj,Oba pola,Hrvat,1550
2013,Broj,Grad Doboj,M,Hrvat,605
2013,Broj,Grad Doboj,Ž,Hrvat,945
2013,Broj,Donji Žabar,Oba pola,Hrvat,991
2013,Broj,Donji Žabar,M,Hrvat,497
2013,Broj,Donji Žabar,Ž,Hrvat,494
2013,Broj,Grad Zvornik,Oba pola,Hrvat,103
2013,Broj,Grad Zvornik,M,Hrvat,17
2013,Broj,Grad Zvornik,Ž,Hrvat,86
2013,Broj,Istočna Ilidža,Oba pola,Hrvat,148
2013,Broj,Istočna Ilidža,M,Hrvat,39
2013,Broj,Istočna Ilidža,Ž,Hrvat,109
2013,Broj,Istočni Drvar,Oba pola,Hrvat,1
2013,Broj,Istočni Drvar,M,Hrvat,0
2013,Broj,Istočni Drvar,Ž,Hrvat,1
2013,Broj,Istočni Mostar,Oba pola,Hrvat,11
2013,Broj,Istočni Mostar,M,Hrvat,8
2013,Broj,Istočni Mostar,Ž,Hrvat,3
2013,Broj,Istočni Stari Grad,Oba pola,Hrvat,6
2013,Broj,Istočni Stari Grad,M,Hrvat,2
2013,Broj,Istočni Stari Grad,Ž,Hrvat,4
2013,Broj,Istočno Novo Sarajevo,Oba pola,Hrvat,102
2013,Broj,Istočno Novo Sarajevo,M,Hrvat,23
2013,Broj,Istočno Novo Sarajevo,Ž,Hrvat,79
2013,Broj,Jezero,Oba pola,Hrvat,6
2013,Broj,Jezero,M,Hrvat,4
2013,Broj,Jezero,Ž,Hrvat,2
2013,Broj,Kalinovik,Oba pola,Hrvat,8
2013,Broj,Kalinovik,M,Hrvat,2
2013,Broj,Kalinovik,Ž,Hrvat,6
2013,Broj,Kneževo,Oba pola,Hrvat,24
2013,Broj,Kneževo,M,Hrvat,5
2013,Broj,Kneževo,Ž,Hrvat,19
2013,Broj,Kozarska Dubica,Oba pola,Hrvat,261
2013,Broj,Kozarska Dubica,M,Hrvat,79
2013,Broj,Kozarska Dubica,Ž,Hrvat,182
2013,Broj,Kostajnica,Oba pola,Hrvat,82
2013,Broj,Kostajnica,M,Hrvat,29
2013,Broj,Kostajnica,Ž,Hrvat,53
2013,Broj,Kotor Varoš,Oba pola,Hrvat,852
2013,Broj,Kotor Varoš,M,Hrvat,410
2013,Broj,Kotor Varoš,Ž,Hrvat,442
2013,Broj,Krupa Na Uni,Oba pola,Hrvat,2
2013,Broj,Krupa Na Uni,M,Hrvat,0
2013,Broj,Krupa Na Uni,Ž,Hrvat,2
2013,Broj,Kupres,Oba pola,Hrvat,0
2013,Broj,Kupres,M,Hrvat,0
2013,Broj,Kupres,Ž,Hrvat,0
2013,Broj,Laktaši,Oba pola,Hrvat,500
2013,Broj,Laktaši,M,Hrvat,175
2013,Broj,Laktaši,Ž,Hrvat,325
2013,Broj,Lopare,Oba pola,Hrvat,48
2013,Broj,Lopare,M,Hrvat,9
2013,Broj,Lopare,Ž,Hrvat,39
2013,Broj,Ljubinje,Oba pola,Hrvat,10
2013,Broj,Ljubinje,M,Hrvat,3
2013,Broj,Ljubinje,Ž,Hrvat,7
2013,Broj,Milići,Oba pola,Hrvat,22
2013,Broj,Milići,M,Hrvat,7
2013,Broj,Milići,Ž,Hrvat,15
2013,Broj,Modriča,Oba pola,Hrvat,1396
2013,Broj,Modriča,M,Hrvat,662
2013,Broj,Modriča,Ž,Hrvat,734
2013,Broj,Mrkonjić Grad,Oba pola,Hrvat,148
2013,Broj,Mrkonjić Grad,M,Hrvat,60
2013,Broj,Mrkonjić Grad,Ž,Hrvat,88
2013,Broj,Nevesinje,Oba pola,Hrvat,27
2013,Broj,Nevesinje,M,Hrvat,9
2013,Broj,Nevesinje,Ž,Hrvat,18
2013,Broj,Novi Grad,Oba pola,Hrvat,174
2013,Broj,Novi Grad,M,Hrvat,58
2013,Broj,Novi Grad,Ž,Hrvat,116
2013,Broj,Novo Goražde,Oba pola,Hrvat,2
2013,Broj,Novo Goražde,M,Hrvat,1
2013,Broj,Novo Goražde,Ž,Hrvat,1
2013,Broj,Osmaci,Oba pola,Hrvat,7
2013,Broj,Osmaci,M,Hrvat,1
2013,Broj,Osmaci,Ž,Hrvat,6
2013,Broj,Oštra Luka,Oba pola,Hrvat,149
2013,Broj,Oštra Luka,M,Hrvat,74
2013,Broj,Oštra Luka,Ž,Hrvat,75
2013,Broj,Pale,Oba pola,Hrvat,126
2013,Broj,Pale,M,Hrvat,37
2013,Broj,Pale,Ž,Hrvat,89
2013,Broj,Pelagićevo,Oba pola,Hrvat,1182
2013,Broj,Pelagićevo,M,Hrvat,580
2013,Broj,Pelagićevo,Ž,Hrvat,602
2013,Broj,Petrovac,Oba pola,Hrvat,0
2013,Broj,Petrovac,M,Hrvat,0
2013,Broj,Petrovac,Ž,Hrvat,0
2013,Broj,Petrovo,Oba pola,Hrvat,34
2013,Broj,Petrovo,M,Hrvat,8
2013,Broj,Petrovo,Ž,Hrvat,26
2013,Broj,Grad Prijedor,Oba pola,Hrvat,1666
2013,Broj,Grad Prijedor,M,Hrvat,679
2013,Broj,Grad Prijedor,Ž,Hrvat,987
2013,Broj,Prnjavor,Oba pola,Hrvat,423
2013,Broj,Prnjavor,M,Hrvat,150
2013,Broj,Prnjavor,Ž,Hrvat,273
2013,Broj,Ribnik,Oba pola,Hrvat,11
2013,Broj,Ribnik,M,Hrvat,4
2013,Broj,Ribnik,Ž,Hrvat,7
2013,Broj,Rogatica,Oba pola,Hrvat,18
2013,Broj,Rogatica,M,Hrvat,2
2013,Broj,Rogatica,Ž,Hrvat,16
2013,Broj,Rudo,Oba pola,Hrvat,7
2013,Broj,Rudo,M,Hrvat,6
2013,Broj,Rudo,Ž,Hrvat,1
2013,Broj,Sokolac,Oba pola,Hrvat,28
2013,Broj,Sokolac,M,Hrvat,8
2013,Broj,Sokolac,Ž,Hrvat,20
2013,Broj,Srbac,Oba pola,Hrvat,128
2013,Broj,Srbac,M,Hrvat,21
2013,Broj,Srbac,Ž,Hrvat,107
2013,Broj,Srebrenica,Oba pola,Hrvat,14
2013,Broj,Srebrenica,M,Hrvat,6
2013,Broj,Srebrenica,Ž,Hrvat,8
2013,Broj,Teslić,Oba pola,Hrvat,1346
2013,Broj,Teslić,M,Hrvat,581
2013,Broj,Teslić,Ž,Hrvat,765
2013,Broj,Grad Trebinje,Oba pola,Hrvat,295
2013,Broj,Grad Trebinje,M,Hrvat,99
2013,Broj,Grad Trebinje,Ž,Hrvat,196
2013,Broj,Trnovo,Oba pola,Hrvat,15
2013,Broj,Trnovo,M,Hrvat,3
2013,Broj,Trnovo,Ž,Hrvat,12
2013,Broj,Ugljevik,Oba pola,Hrvat,42
2013,Broj,Ugljevik,M,Hrvat,8
2013,Broj,Ugljevik,Ž,Hrvat,34
2013,Broj,Foča,Oba pola,Hrvat,52
2013,Broj,Foča,M,Hrvat,16
2013,Broj,Foča,Ž,Hrvat,36
2013,Broj,Han Pijesak,Oba pola,Hrvat,7
2013,Broj,Han Pijesak,M,Hrvat,1
2013,Broj,Han Pijesak,Ž,Hrvat,6
2013,Broj,Čajniče,Oba pola,Hrvat,6
2013,Broj,Čajniče,M,Hrvat,1
2013,Broj,Čajniče,Ž,Hrvat,5
2013,Broj,Čelinac,Oba pola,Hrvat,48
2013,Broj,Čelinac,M,Hrvat,11
2013,Broj,Čelinac,Ž,Hrvat,37
2013,Broj,Šamac,Oba pola,Hrvat,2176
2013,Broj,Šamac,M,Hrvat,1011
2013,Broj,Šamac,Ž,Hrvat,1165
2013,Broj,Šekovići,Oba pola,Hrvat,8
2013,Broj,Šekovići,M,Hrvat,2
2013,Broj,Šekovići,Ž,Hrvat,6
2013,Broj,Šipovo,Oba pola,Hrvat,26
2013,Broj,Šipovo,M,Hrvat,7
2013,Broj,Šipovo,Ž,Hrvat,19
2013,Broj,Republika Srpska,Oba pola,Srbin,970857
2013,Broj,Republika Srpska,M,Srbin,477334
2013,Broj,Republika Srpska,Ž,Srbin,493523
2013,Broj,Grad Banja Luka,Oba pola,Srbin,162057
2013,Broj,Grad Banja Luka,M,Srbin,78827
2013,Broj,Grad Banja Luka,Ž,Srbin,83230
2013,Broj,Berkovići,Oba pola,Srbin,1873
2013,Broj,Berkovići,M,Srbin,943
2013,Broj,Berkovići,Ž,Srbin,930
2013,Broj,Grad Bijeljina,Oba pola,Srbin,89474
2013,Broj,Grad Bijeljina,M,Srbin,43861
2013,Broj,Grad Bijeljina,Ž,Srbin,45613
2013,Broj,Bileća,Oba pola,Srbin,10447
2013,Broj,Bileća,M,Srbin,5276
2013,Broj,Bileća,Ž,Srbin,5171
2013,Broj,Bratunac,Oba pola,Srbin,11897
2013,Broj,Bratunac,M,Srbin,5915
2013,Broj,Bratunac,Ž,Srbin,5982
2013,Broj,Brod,Oba pola,Srbin,11065
2013,Broj,Brod,M,Srbin,5486
2013,Broj,Brod,Ž,Srbin,5579
2013,Broj,Višegrad,Oba pola,Srbin,8942
2013,Broj,Višegrad,M,Srbin,4337
2013,Broj,Višegrad,Ž,Srbin,4605
2013,Broj,Vlasenica,Oba pola,Srbin,7190
2013,Broj,Vlasenica,M,Srbin,3505
2013,Broj,Vlasenica,Ž,Srbin,3685
2013,Broj,Vukosavlje,Oba pola,Srbin,1448
2013,Broj,Vukosavlje,M,Srbin,720
2013,Broj,Vukosavlje,Ž,Srbin,728
2013,Broj,Gacko,Oba pola,Srbin,8316
2013,Broj,Gacko,M,Srbin,4211
2013,Broj,Gacko,Ž,Srbin,4105
2013,Broj,Grad Gradiška,Oba pola,Srbin,40707
2013,Broj,Grad Gradiška,M,Srbin,19960
2013,Broj,Grad Gradiška,Ž,Srbin,20747
2013,Broj,Grad Derventa,Oba pola,Srbin,21495
2013,Broj,Grad Derventa,M,Srbin,10524
2013,Broj,Grad Derventa,Ž,Srbin,10971
2013,Broj,Grad Doboj,Oba pola,Srbin,50968
2013,Broj,Grad Doboj,M,Srbin,24968
2013,Broj,Grad Doboj,Ž,Srbin,26000
2013,Broj,Donji Žabar,Oba pola,Srbin,2658
2013,Broj,Donji Žabar,M,Srbin,1352
2013,Broj,Donji Žabar,Ž,Srbin,1306
2013,Broj,Grad Zvornik,Oba pola,Srbin,37242
2013,Broj,Grad Zvornik,M,Srbin,18452
2013,Broj,Grad Zvornik,Ž,Srbin,18790
2013,Broj,Istočna Ilidža,Oba pola,Srbin,13455
2013,Broj,Istočna Ilidža,M,Srbin,6486
2013,Broj,Istočna Ilidža,Ž,Srbin,6969
2013,Broj,Istočni Drvar,Oba pola,Srbin,65
2013,Broj,Istočni Drvar,M,Srbin,44
2013,Broj,Istočni Drvar,Ž,Srbin,21
2013,Broj,Istočni Mostar,Oba pola,Srbin,153
2013,Broj,Istočni Mostar,M,Srbin,84
2013,Broj,Istočni Mostar,Ž,Srbin,69
2013,Broj,Istočni Stari Grad,Oba pola,Srbin,1059
2013,Broj,Istočni Stari Grad,M,Srbin,519
2013,Broj,Istočni Stari Grad,Ž,Srbin,540
2013,Broj,Istočno Novo Sarajevo,Oba pola,Srbin,10028
2013,Broj,Istočno Novo Sarajevo,M,Srbin,4801
2013,Broj,Istočno Novo Sarajevo,Ž,Srbin,5227
2013,Broj,Jezero,Oba pola,Srbin,779
2013,Broj,Jezero,M,Srbin,410
2013,Broj,Jezero,Ž,Srbin,369
2013,Broj,Kalinovik,Oba pola,Srbin,1895
2013,Broj,Kalinovik,M,Srbin,920
2013,Broj,Kalinovik,Ž,Srbin,975
2013,Broj,Kneževo,Oba pola,Srbin,8886
2013,Broj,Kneževo,M,Srbin,4414
2013,Broj,Kneževo,Ž,Srbin,4472
2013,Broj,Kozarska Dubica,Oba pola,Srbin,18144
2013,Broj,Kozarska Dubica,M,Srbin,8939
2013,Broj,Kozarska Dubica,Ž,Srbin,9205
2013,Broj,Kostajnica,Oba pola,Srbin,4177
2013,Broj,Kostajnica,M,Srbin,2077
2013,Broj,Kostajnica,Ž,Srbin,2100
2013,Broj,Kotor Varoš,Oba pola,Srbin,12730
2013,Broj,Kotor Varoš,M,Srbin,6305
2013,Broj,Kotor Varoš,Ž,Srbin,6425
2013,Broj,Krupa Na Uni,Oba pola,Srbin,1555
2013,Broj,Krupa Na Uni,M,Srbin,840
2013,Broj,Krupa Na Uni,Ž,Srbin,715
2013,Broj,Kupres,Oba pola,Srbin,292
2013,Broj,Kupres,M,Srbin,156
2013,Broj,Kupres,Ž,Srbin,136
2013,Broj,Laktaši,Oba pola,Srbin,32761
2013,Broj,Laktaši,M,Srbin,16275
2013,Broj,Laktaši,Ž,Srbin,16486
2013,Broj,Lopare,Oba pola,Srbin,13267
2013,Broj,Lopare,M,Srbin,6695
2013,Broj,Lopare,Ž,Srbin,6572
2013,Broj,Ljubinje,Oba pola,Srbin,3280
2013,Broj,Ljubinje,M,Srbin,1615
2013,Broj,Ljubinje,Ž,Srbin,1665
2013,Broj,Milići,Oba pola,Srbin,6857
2013,Broj,Milići,M,Srbin,3486
2013,Broj,Milići,Ž,Srbin,3371
2013,Broj,Modriča,Oba pola,Srbin,19530
2013,Broj,Modriča,M,Srbin,9611
2013,Broj,Modriča,Ž,Srbin,9919
2013,Broj,Mrkonjić Grad,Oba pola,Srbin,15340
2013,Broj,Mrkonjić Grad,M,Srbin,7388
2013,Broj,Mrkonjić Grad,Ž,Srbin,7952
2013,Broj,Nevesinje,Oba pola,Srbin,11964
2013,Broj,Nevesinje,M,Srbin,5951
2013,Broj,Nevesinje,Ž,Srbin,6013
2013,Broj,Novi Grad,Oba pola,Srbin,19491
2013,Broj,Novi Grad,M,Srbin,9747
2013,Broj,Novi Grad,Ž,Srbin,9744
2013,Broj,Novo Goražde,Oba pola,Srbin,1561
2013,Broj,Novo Goražde,M,Srbin,821
2013,Broj,Novo Goražde,Ž,Srbin,740
2013,Broj,Osmaci,Oba pola,Srbin,2852
2013,Broj,Osmaci,M,Srbin,1450
2013,Broj,Osmaci,Ž,Srbin,1402
2013,Broj,Oštra Luka,Oba pola,Srbin,2510
2013,Broj,Oštra Luka,M,Srbin,1296
2013,Broj,Oštra Luka,Ž,Srbin,1214
2013,Broj,Pale,Oba pola,Srbin,19932
2013,Broj,Pale,M,Srbin,9561
2013,Broj,Pale,Ž,Srbin,10371
2013,Broj,Pelagićevo,Oba pola,Srbin,3146
2013,Broj,Pelagićevo,M,Srbin,1563
2013,Broj,Pelagićevo,Ž,Srbin,1583
2013,Broj,Petrovac,Oba pola,Srbin,351
2013,Broj,Petrovac,M,Srbin,168
2013,Broj,Petrovac,Ž,Srbin,183
2013,Broj,Petrovo,Oba pola,Srbin,6222
2013,Broj,Petrovo,M,Srbin,3002
2013,Broj,Petrovo,Ž,Srbin,3220
2013,Broj,Grad Prijedor,Oba pola,Srbin,54365
2013,Broj,Grad Prijedor,M,Srbin,26834
2013,Broj,Grad Prijedor,Ž,Srbin,27531
2013,Broj,Prnjavor,Oba pola,Srbin,29478
2013,Broj,Prnjavor,M,Srbin,14352
2013,Broj,Prnjavor,Ž,Srbin,15126
2013,Broj,Ribnik,Oba pola,Srbin,5825
2013,Broj,Ribnik,M,Srbin,2891
2013,Broj,Ribnik,Ž,Srbin,2934
2013,Broj,Rogatica,Oba pola,Srbin,9217
2013,Broj,Rogatica,M,Srbin,4502
2013,Broj,Rogatica,Ž,Srbin,4715
2013,Broj,Rudo,Oba pola,Srbin,6963
2013,Broj,Rudo,M,Srbin,3517
2013,Broj,Rudo,Ž,Srbin,3446
2013,Broj,Sokolac,Oba pola,Srbin,10894
2013,Broj,Sokolac,M,Srbin,5357
2013,Broj,Sokolac,Ž,Srbin,5537
2013,Broj,Srbac,Oba pola,Srbin,16013
2013,Broj,Srbac,M,Srbin,7888
2013,Broj,Srbac,Ž,Srbin,8125
2013,Broj,Srebrenica,Oba pola,Srbin,5467
2013,Broj,Srebrenica,M,Srbin,2743
2013,Broj,Srebrenica,Ž,Srbin,2724
2013,Broj,Teslić,Oba pola,Srbin,28166
2013,Broj,Teslić,M,Srbin,13545
2013,Broj,Teslić,Ž,Srbin,14621
2013,Broj,Grad Trebinje,Oba pola,Srbin,26484
2013,Broj,Grad Trebinje,M,Srbin,12943
2013,Broj,Grad Trebinje,Ž,Srbin,13541
2013,Broj,Trnovo,Oba pola,Srbin,1131
2013,Broj,Trnovo,M,Srbin,534
2013,Broj,Trnovo,Ž,Srbin,597
2013,Broj,Ugljevik,Oba pola,Srbin,13007
2013,Broj,Ugljevik,M,Srbin,6606
2013,Broj,Ugljevik,Ž,Srbin,6401
2013,Broj,Foča,Oba pola,Srbin,16157
2013,Broj,Foča,M,Srbin,8133
2013,Broj,Foča,Ž,Srbin,8024
2013,Broj,Han Pijesak,Oba pola,Srbin,2994
2013,Broj,Han Pijesak,M,Srbin,1412
2013,Broj,Han Pijesak,Ž,Srbin,1582
2013,Broj,Čajniče,Oba pola,Srbin,3806
2013,Broj,Čajniče,M,Srbin,1891
2013,Broj,Čajniče,Ž,Srbin,1915
2013,Broj,Čelinac,Oba pola,Srbin,14508
2013,Broj,Čelinac,M,Srbin,7194
2013,Broj,Čelinac,Ž,Srbin,7314
2013,Broj,Šamac,Oba pola,Srbin,12832
2013,Broj,Šamac,M,Srbin,6277
2013,Broj,Šamac,Ž,Srbin,6555
2013,Broj,Šekovići,Oba pola,Srbin,6187
2013,Broj,Šekovići,M,Srbin,3038
2013,Broj,Šekovići,Ž,Srbin,3149
2013,Broj,Šipovo,Oba pola,Srbin,9302
2013,Broj,Šipovo,M,Srbin,4716
2013,Broj,Šipovo,Ž,Srbin,4586
2013,Broj,Republika Srpska,Oba pola,Druga etnička/nacionalna pripadnost,14641
2013,Broj,Republika Srpska,M,Druga etnička/nacionalna pripadnost,7207
2013,Broj,Republika Srpska,Ž,Druga etnička/nacionalna pripadnost,7434
2013,Broj,Grad Banja Luka,Oba pola,Druga etnička/nacionalna pripadnost,3324
2013,Broj,Grad Banja Luka,M,Druga etnička/nacionalna pripadnost,1617
2013,Broj,Grad Banja Luka,Ž,Druga etnička/nacionalna pripadnost,1707
2013,Broj,Berkovići,Oba pola,Druga etnička/nacionalna pripadnost,1
2013,Broj,Berkovići,M,Druga etnička/nacionalna pripadnost,1
2013,Broj,Berkovići,Ž,Druga etnička/nacionalna pripadnost,0
2013,Broj,Grad Bijeljina,Oba pola,Druga etnička/nacionalna pripadnost,1478
2013,Broj,Grad Bijeljina,M,Druga etnička/nacionalna pripadnost,717
2013,Broj,Grad Bijeljina,Ž,Druga etnička/nacionalna pripadnost,761
2013,Broj,Bileća,Oba pola,Druga etnička/nacionalna pripadnost,72
2013,Broj,Bileća,M,Druga etnička/nacionalna pripadnost,38
2013,Broj,Bileća,Ž,Druga etnička/nacionalna pripadnost,34
2013,Broj,Bratunac,Oba pola,Druga etnička/nacionalna pripadnost,79
2013,Broj,Bratunac,M,Druga etnička/nacionalna pripadnost,45
2013,Broj,Bratunac,Ž,Druga etnička/nacionalna pripadnost,34
2013,Broj,Brod,Oba pola,Druga etnička/nacionalna pripadnost,151
2013,Broj,Brod,M,Druga etnička/nacionalna pripadnost,69
2013,Broj,Brod,Ž,Druga etnička/nacionalna pripadnost,82
2013,Broj,Višegrad,Oba pola,Druga etnička/nacionalna pripadnost,53
2013,Broj,Višegrad,M,Druga etnička/nacionalna pripadnost,26
2013,Broj,Višegrad,Ž,Druga etnička/nacionalna pripadnost,27
2013,Broj,Vlasenica,Oba pola,Druga etnička/nacionalna pripadnost,29
2013,Broj,Vlasenica,M,Druga etnička/nacionalna pripadnost,13
2013,Broj,Vlasenica,Ž,Druga etnička/nacionalna pripadnost,16
2013,Broj,Vukosavlje,Oba pola,Druga etnička/nacionalna pripadnost,146
2013,Broj,Vukosavlje,M,Druga etnička/nacionalna pripadnost,81
2013,Broj,Vukosavlje,Ž,Druga etnička/nacionalna pripadnost,65
2013,Broj,Gacko,Oba pola,Druga etnička/nacionalna pripadnost,40
2013,Broj,Gacko,M,Druga etnička/nacionalna pripadnost,27
2013,Broj,Gacko,Ž,Druga etnička/nacionalna pripadnost,13
2013,Broj,Grad Gradiška,Oba pola,Druga etnička/nacionalna pripadnost,970
2013,Broj,Grad Gradiška,M,Druga etnička/nacionalna pripadnost,468
2013,Broj,Grad Gradiška,Ž,Druga etnička/nacionalna pripadnost,502
2013,Broj,Grad Derventa,Oba pola,Druga etnička/nacionalna pripadnost,264
2013,Broj,Grad Derventa,M,Druga etnička/nacionalna pripadnost,116
2013,Broj,Grad Derventa,Ž,Druga etnička/nacionalna pripadnost,148
2013,Broj,Grad Doboj,Oba pola,Druga etnička/nacionalna pripadnost,949
2013,Broj,Grad Doboj,M,Druga etnička/nacionalna pripadnost,486
2013,Broj,Grad Doboj,Ž,Druga etnička/nacionalna pripadnost,463
2013,Broj,Donji Žabar,Oba pola,Druga etnička/nacionalna pripadnost,9
2013,Broj,Donji Žabar,M,Druga etnička/nacionalna pripadnost,1
2013,Broj,Donji Žabar,Ž,Druga etnička/nacionalna pripadnost,8
2013,Broj,Grad Zvornik,Oba pola,Druga etnička/nacionalna pripadnost,120
2013,Broj,Grad Zvornik,M,Druga etnička/nacionalna pripadnost,55
2013,Broj,Grad Zvornik,Ž,Druga etnička/nacionalna pripadnost,65
2013,Broj,Istočna Ilidža,Oba pola,Druga etnička/nacionalna pripadnost,96
2013,Broj,Istočna Ilidža,M,Druga etnička/nacionalna pripadnost,44
2013,Broj,Istočna Ilidža,Ž,Druga etnička/nacionalna pripadnost,52
2013,Broj,Istočni Drvar,Oba pola,Druga etnička/nacionalna pripadnost,0
2013,Broj,Istočni Drvar,M,Druga etnička/nacionalna pripadnost,0
2013,Broj,Istočni Drvar,Ž,Druga etnička/nacionalna pripadnost,0
2013,Broj,Istočni Mostar,Oba pola,Druga etnička/nacionalna pripadnost,0
2013,Broj,Istočni Mostar,M,Druga etnička/nacionalna pripadnost,0
2013,Broj,Istočni Mostar,Ž,Druga etnička/nacionalna pripadnost,0
2013,Broj,Istočni Stari Grad,Oba pola,Druga etnička/nacionalna pripadnost,7
2013,Broj,Istočni Stari Grad,M,Druga etnička/nacionalna pripadnost,5
2013,Broj,Istočni Stari Grad,Ž,Druga etnička/nacionalna pripadnost,2
2013,Broj,Istočno Novo Sarajevo,Oba pola,Druga etnička/nacionalna pripadnost,163
2013,Broj,Istočno Novo Sarajevo,M,Druga etnička/nacionalna pripadnost,72
2013,Broj,Istočno Novo Sarajevo,Ž,Druga etnička/nacionalna pripadnost,91
2013,Broj,Jezero,Oba pola,Druga etnička/nacionalna pripadnost,1
2013,Broj,Jezero,M,Druga etnička/nacionalna pripadnost,1
2013,Broj,Jezero,Ž,Druga etnička/nacionalna pripadnost,0
2013,Broj,Kalinovik,Oba pola,Druga etnička/nacionalna pripadnost,15
2013,Broj,Kalinovik,M,Druga etnička/nacionalna pripadnost,8
2013,Broj,Kalinovik,Ž,Druga etnička/nacionalna pripadnost,7
2013,Broj,Kneževo,Oba pola,Druga etnička/nacionalna pripadnost,37
2013,Broj,Kneževo,M,Druga etnička/nacionalna pripadnost,21
2013,Broj,Kneževo,Ž,Druga etnička/nacionalna pripadnost,16
2013,Broj,Kozarska Dubica,Oba pola,Druga etnička/nacionalna pripadnost,219
2013,Broj,Kozarska Dubica,M,Druga etnička/nacionalna pripadnost,102
2013,Broj,Kozarska Dubica,Ž,Druga etnička/nacionalna pripadnost,117
2013,Broj,Kostajnica,Oba pola,Druga etnička/nacionalna pripadnost,42
2013,Broj,Kostajnica,M,Druga etnička/nacionalna pripadnost,20
2013,Broj,Kostajnica,Ž,Druga etnička/nacionalna pripadnost,22
2013,Broj,Kotor Varoš,Oba pola,Druga etnička/nacionalna pripadnost,129
2013,Broj,Kotor Varoš,M,Druga etnička/nacionalna pripadnost,63
2013,Broj,Kotor Varoš,Ž,Druga etnička/nacionalna pripadnost,66
2013,Broj,Krupa Na Uni,Oba pola,Druga etnička/nacionalna pripadnost,0
2013,Broj,Krupa Na Uni,M,Druga etnička/nacionalna pripadnost,0
2013,Broj,Krupa Na Uni,Ž,Druga etnička/nacionalna pripadnost,0
2013,Broj,Kupres,Oba pola,Druga etnička/nacionalna pripadnost,0
2013,Broj,Kupres,M,Druga etnička/nacionalna pripadnost,0
2013,Broj,Kupres,Ž,Druga etnička/nacionalna pripadnost,0
2013,Broj,Laktaši,Oba pola,Druga etnička/nacionalna pripadnost,562
2013,Broj,Laktaši,M,Druga etnička/nacionalna pripadnost,285
2013,Broj,Laktaši,Ž,Druga etnička/nacionalna pripadnost,277
2013,Broj,Lopare,Oba pola,Druga etnička/nacionalna pripadnost,31
2013,Broj,Lopare,M,Druga etnička/nacionalna pripadnost,16
2013,Broj,Lopare,Ž,Druga etnička/nacionalna pripadnost,15
2013,Broj,Ljubinje,Oba pola,Druga etnička/nacionalna pripadnost,13
2013,Broj,Ljubinje,M,Druga etnička/nacionalna pripadnost,7
2013,Broj,Ljubinje,Ž,Druga etnička/nacionalna pripadnost,6
2013,Broj,Milići,Oba pola,Druga etnička/nacionalna pripadnost,19
2013,Broj,Milići,M,Druga etnička/nacionalna pripadnost,7
2013,Broj,Milići,Ž,Druga etnička/nacionalna pripadnost,12
2013,Broj,Modriča,Oba pola,Druga etnička/nacionalna pripadnost,412
2013,Broj,Modriča,M,Druga etnička/nacionalna pripadnost,207
2013,Broj,Modriča,Ž,Druga etnička/nacionalna pripadnost,205
2013,Broj,Mrkonjić Grad,Oba pola,Druga etnička/nacionalna pripadnost,37
2013,Broj,Mrkonjić Grad,M,Druga etnička/nacionalna pripadnost,17
2013,Broj,Mrkonjić Grad,Ž,Druga etnička/nacionalna pripadnost,20
2013,Broj,Nevesinje,Oba pola,Druga etnička/nacionalna pripadnost,18
2013,Broj,Nevesinje,M,Druga etnička/nacionalna pripadnost,5
2013,Broj,Nevesinje,Ž,Druga etnička/nacionalna pripadnost,13
2013,Broj,Novi Grad,Oba pola,Druga etnička/nacionalna pripadnost,200
2013,Broj,Novi Grad,M,Druga etnička/nacionalna pripadnost,100
2013,Broj,Novi Grad,Ž,Druga etnička/nacionalna pripadnost,100
2013,Broj,Novo Goražde,Oba pola,Druga etnička/nacionalna pripadnost,22
2013,Broj,Novo Goražde,M,Druga etnička/nacionalna pripadnost,11
2013,Broj,Novo Goražde,Ž,Druga etnička/nacionalna pripadnost,11
2013,Broj,Osmaci,Oba pola,Druga etnička/nacionalna pripadnost,5
2013,Broj,Osmaci,M,Druga etnička/nacionalna pripadnost,2
2013,Broj,Osmaci,Ž,Druga etnička/nacionalna pripadnost,3
2013,Broj,Oštra Luka,Oba pola,Druga etnička/nacionalna pripadnost,8
2013,Broj,Oštra Luka,M,Druga etnička/nacionalna pripadnost,3
2013,Broj,Oštra Luka,Ž,Druga etnička/nacionalna pripadnost,5
2013,Broj,Pale,Oba pola,Druga etnička/nacionalna pripadnost,70
2013,Broj,Pale,M,Druga etnička/nacionalna pripadnost,31
2013,Broj,Pale,Ž,Druga etnička/nacionalna pripadnost,39
2013,Broj,Pelagićevo,Oba pola,Druga etnička/nacionalna pripadnost,9
2013,Broj,Pelagićevo,M,Druga etnička/nacionalna pripadnost,4
2013,Broj,Pelagićevo,Ž,Druga etnička/nacionalna pripadnost,5
2013,Broj,Petrovac,Oba pola,Druga etnička/nacionalna pripadnost,3
2013,Broj,Petrovac,M,Druga etnička/nacionalna pripadnost,1
2013,Broj,Petrovac,Ž,Druga etnička/nacionalna pripadnost,2
2013,Broj,Petrovo,Oba pola,Druga etnička/nacionalna pripadnost,30
2013,Broj,Petrovo,M,Druga etnička/nacionalna pripadnost,19
2013,Broj,Petrovo,Ž,Druga etnička/nacionalna pripadnost,11
2013,Broj,Grad Prijedor,Oba pola,Druga etnička/nacionalna pripadnost,1495
2013,Broj,Grad Prijedor,M,Druga etnička/nacionalna pripadnost,712
2013,Broj,Grad Prijedor,Ž,Druga etnička/nacionalna pripadnost,783
2013,Broj,Prnjavor,Oba pola,Druga etnička/nacionalna pripadnost,1452
2013,Broj,Prnjavor,M,Druga etnička/nacionalna pripadnost,738
2013,Broj,Prnjavor,Ž,Druga etnička/nacionalna pripadnost,714
2013,Broj,Ribnik,Oba pola,Druga etnička/nacionalna pripadnost,11
2013,Broj,Ribnik,M,Druga etnička/nacionalna pripadnost,3
2013,Broj,Ribnik,Ž,Druga etnička/nacionalna pripadnost,8
2013,Broj,Rogatica,Oba pola,Druga etnička/nacionalna pripadnost,41
2013,Broj,Rogatica,M,Druga etnička/nacionalna pripadnost,20
2013,Broj,Rogatica,Ž,Druga etnička/nacionalna pripadnost,21
2013,Broj,Rudo,Oba pola,Druga etnička/nacionalna pripadnost,26
2013,Broj,Rudo,M,Druga etnička/nacionalna pripadnost,14
2013,Broj,Rudo,Ž,Druga etnička/nacionalna pripadnost,12
2013,Broj,Sokolac,Oba pola,Druga etnička/nacionalna pripadnost,38
2013,Broj,Sokolac,M,Druga etnička/nacionalna pripadnost,19
2013,Broj,Sokolac,Ž,Druga etnička/nacionalna pripadnost,19
2013,Broj,Srbac,Oba pola,Druga etnička/nacionalna pripadnost,280
2013,Broj,Srbac,M,Druga etnička/nacionalna pripadnost,146
2013,Broj,Srbac,Ž,Druga etnička/nacionalna pripadnost,134
2013,Broj,Srebrenica,Oba pola,Druga etnička/nacionalna pripadnost,59
2013,Broj,Srebrenica,M,Druga etnička/nacionalna pripadnost,34
2013,Broj,Srebrenica,Ž,Druga etnička/nacionalna pripadnost,25
2013,Broj,Teslić,Oba pola,Druga etnička/nacionalna pripadnost,454
2013,Broj,Teslić,M,Druga etnička/nacionalna pripadnost,222
2013,Broj,Teslić,Ž,Druga etnička/nacionalna pripadnost,232
2013,Broj,Grad Trebinje,Oba pola,Druga etnička/nacionalna pripadnost,398
2013,Broj,Grad Trebinje,M,Druga etnička/nacionalna pripadnost,204
2013,Broj,Grad Trebinje,Ž,Druga etnička/nacionalna pripadnost,194
2013,Broj,Trnovo,Oba pola,Druga etnička/nacionalna pripadnost,10
2013,Broj,Trnovo,M,Druga etnička/nacionalna pripadnost,7
2013,Broj,Trnovo,Ž,Druga etnička/nacionalna pripadnost,3
2013,Broj,Ugljevik,Oba pola,Druga etnička/nacionalna pripadnost,36
2013,Broj,Ugljevik,M,Druga etnička/nacionalna pripadnost,17
2013,Broj,Ugljevik,Ž,Druga etnička/nacionalna pripadnost,19
2013,Broj,Foča,Oba pola,Druga etnička/nacionalna pripadnost,160
2013,Broj,Foča,M,Druga etnička/nacionalna pripadnost,90
2013,Broj,Foča,Ž,Druga etnička/nacionalna pripadnost,70
2013,Broj,Han Pijesak,Oba pola,Druga etnička/nacionalna pripadnost,21
2013,Broj,Han Pijesak,M,Druga etnička/nacionalna pripadnost,14
2013,Broj,Han Pijesak,Ž,Druga etnička/nacionalna pripadnost,7
2013,Broj,Čajniče,Oba pola,Druga etnička/nacionalna pripadnost,24
2013,Broj,Čajniče,M,Druga etnička/nacionalna pripadnost,13
2013,Broj,Čajniče,Ž,Druga etnička/nacionalna pripadnost,11
2013,Broj,Čelinac,Oba pola,Druga etnička/nacionalna pripadnost,122
2013,Broj,Čelinac,M,Druga etnička/nacionalna pripadnost,55
2013,Broj,Čelinac,Ž,Druga etnička/nacionalna pripadnost,67
2013,Broj,Šamac,Oba pola,Druga etnička/nacionalna pripadnost,135
2013,Broj,Šamac,M,Druga etnička/nacionalna pripadnost,67
2013,Broj,Šamac,Ž,Druga etnička/nacionalna pripadnost,68
2013,Broj,Šekovići,Oba pola,Druga etnička/nacionalna pripadnost,12
2013,Broj,Šekovići,M,Druga etnička/nacionalna pripadnost,7
2013,Broj,Šekovići,Ž,Druga etnička/nacionalna pripadnost,5
2013,Broj,Šipovo,Oba pola,Druga etnička/nacionalna pripadnost,34
2013,Broj,Šipovo,M,Druga etnička/nacionalna pripadnost,14
2013,Broj,Šipovo,Ž,Druga etnička/nacionalna pripadnost,20
2013,Broj,Republika Srpska,Oba pola,Ne izjašnjava se,7861
2013,Broj,Republika Srpska,M,Ne izjašnjava se,3202
2013,Broj,Republika Srpska,Ž,Ne izjašnjava se,4659
2013,Broj,Grad Banja Luka,Oba pola,Ne izjašnjava se,2641
2013,Broj,Grad Banja Luka,M,Ne izjašnjava se,1044
2013,Broj,Grad Banja Luka,Ž,Ne izjašnjava se,1597
2013,Broj,Berkovići,Oba pola,Ne izjašnjava se,0
2013,Broj,Berkovići,M,Ne izjašnjava se,0
2013,Broj,Berkovići,Ž,Ne izjašnjava se,0
2013,Broj,Grad Bijeljina,Oba pola,Ne izjašnjava se,654
2013,Broj,Grad Bijeljina,M,Ne izjašnjava se,272
2013,Broj,Grad Bijeljina,Ž,Ne izjašnjava se,382
2013,Broj,Bileća,Oba pola,Ne izjašnjava se,30
2013,Broj,Bileća,M,Ne izjašnjava se,10
2013,Broj,Bileća,Ž,Ne izjašnjava se,20
2013,Broj,Bratunac,Oba pola,Ne izjašnjava se,22
2013,Broj,Bratunac,M,Ne izjašnjava se,11
2013,Broj,Bratunac,Ž,Ne izjašnjava se,11
2013,Broj,Brod,Oba pola,Ne izjašnjava se,142
2013,Broj,Brod,M,Ne izjašnjava se,50
2013,Broj,Brod,Ž,Ne izjašnjava se,92
2013,Broj,Višegrad,Oba pola,Ne izjašnjava se,19
2013,Broj,Višegrad,M,Ne izjašnjava se,10
2013,Broj,Višegrad,Ž,Ne izjašnjava se,9
2013,Broj,Vlasenica,Oba pola,Ne izjašnjava se,20
2013,Broj,Vlasenica,M,Ne izjašnjava se,11
2013,Broj,Vlasenica,Ž,Ne izjašnjava se,9
2013,Broj,Vukosavlje,Oba pola,Ne izjašnjava se,32
2013,Broj,Vukosavlje,M,Ne izjašnjava se,15
2013,Broj,Vukosavlje,Ž,Ne izjašnjava se,17
2013,Broj,Gacko,Oba pola,Ne izjašnjava se,3
2013,Broj,Gacko,M,Ne izjašnjava se,0
2013,Broj,Gacko,Ž,Ne izjašnjava se,3
2013,Broj,Grad Gradiška,Oba pola,Ne izjašnjava se,411
2013,Broj,Grad Gradiška,M,Ne izjašnjava se,174
2013,Broj,Grad Gradiška,Ž,Ne izjašnjava se,237
2013,Broj,Grad Derventa,Oba pola,Ne izjašnjava se,242
2013,Broj,Grad Derventa,M,Ne izjašnjava se,113
2013,Broj,Grad Derventa,Ž,Ne izjašnjava se,129
2013,Broj,Grad Doboj,Oba pola,Ne izjašnjava se,467
2013,Broj,Grad Doboj,M,Ne izjašnjava se,198
2013,Broj,Grad Doboj,Ž,Ne izjašnjava se,269
2013,Broj,Donji Žabar,Oba pola,Ne izjašnjava se,5
2013,Broj,Donji Žabar,M,Ne izjašnjava se,2
2013,Broj,Donji Žabar,Ž,Ne izjašnjava se,3
2013,Broj,Grad Zvornik,Oba pola,Ne izjašnjava se,70
2013,Broj,Grad Zvornik,M,Ne izjašnjava se,31
2013,Broj,Grad Zvornik,Ž,Ne izjašnjava se,39
2013,Broj,Istočna Ilidža,Oba pola,Ne izjašnjava se,96
2013,Broj,Istočna Ilidža,M,Ne izjašnjava se,38
2013,Broj,Istočna Ilidža,Ž,Ne izjašnjava se,58
2013,Broj,Istočni Drvar,Oba pola,Ne izjašnjava se,0
2013,Broj,Istočni Drvar,M,Ne izjašnjava se,0
2013,Broj,Istočni Drvar,Ž,Ne izjašnjava se,0
2013,Broj,Istočni Mostar,Oba pola,Ne izjašnjava se,0
2013,Broj,Istočni Mostar,M,Ne izjašnjava se,0
2013,Broj,Istočni Mostar,Ž,Ne izjašnjava se,0
2013,Broj,Istočni Stari Grad,Oba pola,Ne izjašnjava se,2
2013,Broj,Istočni Stari Grad,M,Ne izjašnjava se,0
2013,Broj,Istočni Stari Grad,Ž,Ne izjašnjava se,2
2013,Broj,Istočno Novo Sarajevo,Oba pola,Ne izjašnjava se,61
2013,Broj,Istočno Novo Sarajevo,M,Ne izjašnjava se,26
2013,Broj,Istočno Novo Sarajevo,Ž,Ne izjašnjava se,35
2013,Broj,Jezero,Oba pola,Ne izjašnjava se,1
2013,Broj,Jezero,M,Ne izjašnjava se,0
2013,Broj,Jezero,Ž,Ne izjašnjava se,1
2013,Broj,Kalinovik,Oba pola,Ne izjašnjava se,1
2013,Broj,Kalinovik,M,Ne izjašnjava se,1
2013,Broj,Kalinovik,Ž,Ne izjašnjava se,0
2013,Broj,Kneževo,Oba pola,Ne izjašnjava se,4
2013,Broj,Kneževo,M,Ne izjašnjava se,3
2013,Broj,Kneževo,Ž,Ne izjašnjava se,1
2013,Broj,Kozarska Dubica,Oba pola,Ne izjašnjava se,162
2013,Broj,Kozarska Dubica,M,Ne izjašnjava se,63
2013,Broj,Kozarska Dubica,Ž,Ne izjašnjava se,99
2013,Broj,Kostajnica,Oba pola,Ne izjašnjava se,66
2013,Broj,Kostajnica,M,Ne izjašnjava se,28
2013,Broj,Kostajnica,Ž,Ne izjašnjava se,38
2013,Broj,Kotor Varoš,Oba pola,Ne izjašnjava se,115
2013,Broj,Kotor Varoš,M,Ne izjašnjava se,42
2013,Broj,Kotor Varoš,Ž,Ne izjašnjava se,73
2013,Broj,Krupa Na Uni,Oba pola,Ne izjašnjava se,0
2013,Broj,Krupa Na Uni,M,Ne izjašnjava se,0
2013,Broj,Krupa Na Uni,Ž,Ne izjašnjava se,0
2013,Broj,Kupres,Oba pola,Ne izjašnjava se,1
2013,Broj,Kupres,M,Ne izjašnjava se,1
2013,Broj,Kupres,Ž,Ne izjašnjava se,0
2013,Broj,Laktaši,Oba pola,Ne izjašnjava se,237
2013,Broj,Laktaši,M,Ne izjašnjava se,103
2013,Broj,Laktaši,Ž,Ne izjašnjava se,134
2013,Broj,Lopare,Oba pola,Ne izjašnjava se,23
2013,Broj,Lopare,M,Ne izjašnjava se,5
2013,Broj,Lopare,Ž,Ne izjašnjava se,18
2013,Broj,Ljubinje,Oba pola,Ne izjašnjava se,5
2013,Broj,Ljubinje,M,Ne izjašnjava se,2
2013,Broj,Ljubinje,Ž,Ne izjašnjava se,3
2013,Broj,Milići,Oba pola,Ne izjašnjava se,7
2013,Broj,Milići,M,Ne izjašnjava se,3
2013,Broj,Milići,Ž,Ne izjašnjava se,4
2013,Broj,Modriča,Oba pola,Ne izjašnjava se,156
2013,Broj,Modriča,M,Ne izjašnjava se,63
2013,Broj,Modriča,Ž,Ne izjašnjava se,93
2013,Broj,Mrkonjić Grad,Oba pola,Ne izjašnjava se,35
2013,Broj,Mrkonjić Grad,M,Ne izjašnjava se,19
2013,Broj,Mrkonjić Grad,Ž,Ne izjašnjava se,16
2013,Broj,Nevesinje,Oba pola,Ne izjašnjava se,18
2013,Broj,Nevesinje,M,Ne izjašnjava se,8
2013,Broj,Nevesinje,Ž,Ne izjašnjava se,10
2013,Broj,Novi Grad,Oba pola,Ne izjašnjava se,137
2013,Broj,Novi Grad,M,Ne izjašnjava se,56
2013,Broj,Novi Grad,Ž,Ne izjašnjava se,81
2013,Broj,Novo Goražde,Oba pola,Ne izjašnjava se,6
2013,Broj,Novo Goražde,M,Ne izjašnjava se,3
2013,Broj,Novo Goražde,Ž,Ne izjašnjava se,3
2013,Broj,Osmaci,Oba pola,Ne izjašnjava se,5
2013,Broj,Osmaci,M,Ne izjašnjava se,3
2013,Broj,Osmaci,Ž,Ne izjašnjava se,2
2013,Broj,Oštra Luka,Oba pola,Ne izjašnjava se,12
2013,Broj,Oštra Luka,M,Ne izjašnjava se,4
2013,Broj,Oštra Luka,Ž,Ne izjašnjava se,8
2013,Broj,Pale,Oba pola,Ne izjašnjava se,53
2013,Broj,Pale,M,Ne izjašnjava se,20
2013,Broj,Pale,Ž,Ne izjašnjava se,33
2013,Broj,Pelagićevo,Oba pola,Ne izjašnjava se,3
2013,Broj,Pelagićevo,M,Ne izjašnjava se,1
2013,Broj,Pelagićevo,Ž,Ne izjašnjava se,2
2013,Broj,Petrovac,Oba pola,Ne izjašnjava se,0
2013,Broj,Petrovac,M,Ne izjašnjava se,0
2013,Broj,Petrovac,Ž,Ne izjašnjava se,0
2013,Broj,Petrovo,Oba pola,Ne izjašnjava se,21
2013,Broj,Petrovo,M,Ne izjašnjava se,10
2013,Broj,Petrovo,Ž,Ne izjašnjava se,11
2013,Broj,Grad Prijedor,Oba pola,Ne izjašnjava se,718
2013,Broj,Grad Prijedor,M,Ne izjašnjava se,267
2013,Broj,Grad Prijedor,Ž,Ne izjašnjava se,451
2013,Broj,Prnjavor,Oba pola,Ne izjašnjava se,225
2013,Broj,Prnjavor,M,Ne izjašnjava se,96
2013,Broj,Prnjavor,Ž,Ne izjašnjava se,129
2013,Broj,Ribnik,Oba pola,Ne izjašnjava se,2
2013,Broj,Ribnik,M,Ne izjašnjava se,0
2013,Broj,Ribnik,Ž,Ne izjašnjava se,2
2013,Broj,Rogatica,Oba pola,Ne izjašnjava se,12
2013,Broj,Rogatica,M,Ne izjašnjava se,7
2013,Broj,Rogatica,Ž,Ne izjašnjava se,5
2013,Broj,Rudo,Oba pola,Ne izjašnjava se,5
2013,Broj,Rudo,M,Ne izjašnjava se,3
2013,Broj,Rudo,Ž,Ne izjašnjava se,2
2013,Broj,Sokolac,Oba pola,Ne izjašnjava se,13
2013,Broj,Sokolac,M,Ne izjašnjava se,5
2013,Broj,Sokolac,Ž,Ne izjašnjava se,8
2013,Broj,Srbac,Oba pola,Ne izjašnjava se,89
2013,Broj,Srbac,M,Ne izjašnjava se,45
2013,Broj,Srbac,Ž,Ne izjašnjava se,44
2013,Broj,Srebrenica,Oba pola,Ne izjašnjava se,22
2013,Broj,Srebrenica,M,Ne izjašnjava se,10
2013,Broj,Srebrenica,Ž,Ne izjašnjava se,12
2013,Broj,Teslić,Oba pola,Ne izjašnjava se,339
2013,Broj,Teslić,M,Ne izjašnjava se,136
2013,Broj,Teslić,Ž,Ne izjašnjava se,203
2013,Broj,Grad Trebinje,Oba pola,Ne izjašnjava se,180
2013,Broj,Grad Trebinje,M,Ne izjašnjava se,77
2013,Broj,Grad Trebinje,Ž,Ne izjašnjava se,103
2013,Broj,Trnovo,Oba pola,Ne izjašnjava se,9
2013,Broj,Trnovo,M,Ne izjašnjava se,4
2013,Broj,Trnovo,Ž,Ne izjašnjava se,5
2013,Broj,Ugljevik,Oba pola,Ne izjašnjava se,21
2013,Broj,Ugljevik,M,Ne izjašnjava se,10
2013,Broj,Ugljevik,Ž,Ne izjašnjava se,11
2013,Broj,Foča,Oba pola,Ne izjašnjava se,30
2013,Broj,Foča,M,Ne izjašnjava se,10
2013,Broj,Foča,Ž,Ne izjašnjava se,20
2013,Broj,Han Pijesak,Oba pola,Ne izjašnjava se,3
2013,Broj,Han Pijesak,M,Ne izjašnjava se,1
2013,Broj,Han Pijesak,Ž,Ne izjašnjava se,2
2013,Broj,Čajniče,Oba pola,Ne izjašnjava se,3
2013,Broj,Čajniče,M,Ne izjašnjava se,1
2013,Broj,Čajniče,Ž,Ne izjašnjava se,2
2013,Broj,Čelinac,Oba pola,Ne izjašnjava se,35
2013,Broj,Čelinac,M,Ne izjašnjava se,16
2013,Broj,Čelinac,Ž,Ne izjašnjava se,19
2013,Broj,Šamac,Oba pola,Ne izjašnjava se,141
2013,Broj,Šamac,M,Ne izjašnjava se,57
2013,Broj,Šamac,Ž,Ne izjašnjava se,84
2013,Broj,Šekovići,Oba pola,Ne izjašnjava se,5
2013,Broj,Šekovići,M,Ne izjašnjava se,2
2013,Broj,Šekovići,Ž,Ne izjašnjava se,3
2013,Broj,Šipovo,Oba pola,Ne izjašnjava se,24
2013,Broj,Šipovo,M,Ne izjašnjava se,12
2013,Broj,Šipovo,Ž,Ne izjašnjava se,12
2013,Broj,Republika Srpska,Oba pola,Nepoznata etnička/nacionalna pripadnost,1997
2013,Broj,Republika Srpska,M,Nepoznata etnička/nacionalna pripadnost,916
2013,Broj,Republika Srpska,Ž,Nepoznata etnička/nacionalna pripadnost,1081
2013,Broj,Grad Banja Luka,Oba pola,Nepoznata etnička/nacionalna pripadnost,328
2013,Broj,Grad Banja Luka,M,Nepoznata etnička/nacionalna pripadnost,153
2013,Broj,Grad Banja Luka,Ž,Nepoznata etnička/nacionalna pripadnost,175
2013,Broj,Berkovići,Oba pola,Nepoznata etnička/nacionalna pripadnost,1
2013,Broj,Berkovići,M,Nepoznata etnička/nacionalna pripadnost,0
2013,Broj,Berkovići,Ž,Nepoznata etnička/nacionalna pripadnost,1
2013,Broj,Grad Bijeljina,Oba pola,Nepoznata etnička/nacionalna pripadnost,90
2013,Broj,Grad Bijeljina,M,Nepoznata etnička/nacionalna pripadnost,37
2013,Broj,Grad Bijeljina,Ž,Nepoznata etnička/nacionalna pripadnost,53
2013,Broj,Bileća,Oba pola,Nepoznata etnička/nacionalna pripadnost,11
2013,Broj,Bileća,M,Nepoznata etnička/nacionalna pripadnost,4
2013,Broj,Bileća,Ž,Nepoznata etnička/nacionalna pripadnost,7
2013,Broj,Bratunac,Oba pola,Nepoznata etnička/nacionalna pripadnost,35
2013,Broj,Bratunac,M,Nepoznata etnička/nacionalna pripadnost,16
2013,Broj,Bratunac,Ž,Nepoznata etnička/nacionalna pripadnost,19
2013,Broj,Brod,Oba pola,Nepoznata etnička/nacionalna pripadnost,29
2013,Broj,Brod,M,Nepoznata etnička/nacionalna pripadnost,12
2013,Broj,Brod,Ž,Nepoznata etnička/nacionalna pripadnost,17
2013,Broj,Višegrad,Oba pola,Nepoznata etnička/nacionalna pripadnost,177
2013,Broj,Višegrad,M,Nepoznata etnička/nacionalna pripadnost,2
2013,Broj,Višegrad,Ž,Nepoznata etnička/nacionalna pripadnost,175
2013,Broj,Vlasenica,Oba pola,Nepoznata etnička/nacionalna pripadnost,29
2013,Broj,Vlasenica,M,Nepoznata etnička/nacionalna pripadnost,13
2013,Broj,Vlasenica,Ž,Nepoznata etnička/nacionalna pripadnost,16
2013,Broj,Vukosavlje,Oba pola,Nepoznata etnička/nacionalna pripadnost,14
2013,Broj,Vukosavlje,M,Nepoznata etnička/nacionalna pripadnost,3
2013,Broj,Vukosavlje,Ž,Nepoznata etnička/nacionalna pripadnost,11
2013,Broj,Gacko,Oba pola,Nepoznata etnička/nacionalna pripadnost,6
2013,Broj,Gacko,M,Nepoznata etnička/nacionalna pripadnost,1
2013,Broj,Gacko,Ž,Nepoznata etnička/nacionalna pripadnost,5
2013,Broj,Grad Gradiška,Oba pola,Nepoznata etnička/nacionalna pripadnost,42
2013,Broj,Grad Gradiška,M,Nepoznata etnička/nacionalna pripadnost,19
2013,Broj,Grad Gradiška,Ž,Nepoznata etnička/nacionalna pripadnost,23
2013,Broj,Grad Derventa,Oba pola,Nepoznata etnička/nacionalna pripadnost,54
2013,Broj,Grad Derventa,M,Nepoznata etnička/nacionalna pripadnost,24
2013,Broj,Grad Derventa,Ž,Nepoznata etnička/nacionalna pripadnost,30
2013,Broj,Grad Doboj,Oba pola,Nepoznata etnička/nacionalna pripadnost,163
2013,Broj,Grad Doboj,M,Nepoznata etnička/nacionalna pripadnost,61
2013,Broj,Grad Doboj,Ž,Nepoznata etnička/nacionalna pripadnost,102
2013,Broj,Donji Žabar,Oba pola,Nepoznata etnička/nacionalna pripadnost,2
2013,Broj,Donji Žabar,M,Nepoznata etnička/nacionalna pripadnost,1
2013,Broj,Donji Žabar,Ž,Nepoznata etnička/nacionalna pripadnost,1
2013,Broj,Grad Zvornik,Oba pola,Nepoznata etnička/nacionalna pripadnost,97
2013,Broj,Grad Zvornik,M,Nepoznata etnička/nacionalna pripadnost,42
2013,Broj,Grad Zvornik,Ž,Nepoznata etnička/nacionalna pripadnost,55
2013,Broj,Istočna Ilidža,Oba pola,Nepoznata etnička/nacionalna pripadnost,10
2013,Broj,Istočna Ilidža,M,Nepoznata etnička/nacionalna pripadnost,5
2013,Broj,Istočna Ilidža,Ž,Nepoznata etnička/nacionalna pripadnost,5
2013,Broj,Istočni Drvar,Oba pola,Nepoznata etnička/nacionalna pripadnost,0
2013,Broj,Istočni Drvar,M,Nepoznata etnička/nacionalna pripadnost,0
2013,Broj,Istočni Drvar,Ž,Nepoznata etnička/nacionalna pripadnost,0
2013,Broj,Istočni Mostar,Oba pola,Nepoznata etnička/nacionalna pripadnost,2
2013,Broj,Istočni Mostar,M,Nepoznata etnička/nacionalna pripadnost,1
2013,Broj,Istočni Mostar,Ž,Nepoznata etnička/nacionalna pripadnost,1
2013,Broj,Istočni Stari Grad,Oba pola,Nepoznata etnička/nacionalna pripadnost,1
2013,Broj,Istočni Stari Grad,M,Nepoznata etnička/nacionalna pripadnost,1
2013,Broj,Istočni Stari Grad,Ž,Nepoznata etnička/nacionalna pripadnost,0
2013,Broj,Istočno Novo Sarajevo,Oba pola,Nepoznata etnička/nacionalna pripadnost,3
2013,Broj,Istočno Novo Sarajevo,M,Nepoznata etnička/nacionalna pripadnost,0
2013,Broj,Istočno Novo Sarajevo,Ž,Nepoznata etnička/nacionalna pripadnost,3
2013,Broj,Jezero,Oba pola,Nepoznata etnička/nacionalna pripadnost,1
2013,Broj,Jezero,M,Nepoznata etnička/nacionalna pripadnost,1
2013,Broj,Jezero,Ž,Nepoznata etnička/nacionalna pripadnost,0
2013,Broj,Kalinovik,Oba pola,Nepoznata etnička/nacionalna pripadnost,0
2013,Broj,Kalinovik,M,Nepoznata etnička/nacionalna pripadnost,0
2013,Broj,Kalinovik,Ž,Nepoznata etnička/nacionalna pripadnost,0
2013,Broj,Kneževo,Oba pola,Nepoznata etnička/nacionalna pripadnost,4
2013,Broj,Kneževo,M,Nepoznata etnička/nacionalna pripadnost,3
2013,Broj,Kneževo,Ž,Nepoznata etnička/nacionalna pripadnost,1
2013,Broj,Kozarska Dubica,Oba pola,Nepoznata etnička/nacionalna pripadnost,12
2013,Broj,Kozarska Dubica,M,Nepoznata etnička/nacionalna pripadnost,5
2013,Broj,Kozarska Dubica,Ž,Nepoznata etnička/nacionalna pripadnost,7
2013,Broj,Kostajnica,Oba pola,Nepoznata etnička/nacionalna pripadnost,2
2013,Broj,Kostajnica,M,Nepoznata etnička/nacionalna pripadnost,0
2013,Broj,Kostajnica,Ž,Nepoznata etnička/nacionalna pripadnost,2
2013,Broj,Kotor Varoš,Oba pola,Nepoznata etnička/nacionalna pripadnost,19
2013,Broj,Kotor Varoš,M,Nepoznata etnička/nacionalna pripadnost,14
2013,Broj,Kotor Varoš,Ž,Nepoznata etnička/nacionalna pripadnost,5
2013,Broj,Krupa Na Uni,Oba pola,Nepoznata etnička/nacionalna pripadnost,0
2013,Broj,Krupa Na Uni,M,Nepoznata etnička/nacionalna pripadnost,0
2013,Broj,Krupa Na Uni,Ž,Nepoznata etnička/nacionalna pripadnost,0
2013,Broj,Kupres,Oba pola,Nepoznata etnička/nacionalna pripadnost,0
2013,Broj,Kupres,M,Nepoznata etnička/nacionalna pripadnost,0
2013,Broj,Kupres,Ž,Nepoznata etnička/nacionalna pripadnost,0
2013,Broj,Laktaši,Oba pola,Nepoznata etnička/nacionalna pripadnost,46
2013,Broj,Laktaši,M,Nepoznata etnička/nacionalna pripadnost,20
2013,Broj,Laktaši,Ž,Nepoznata etnička/nacionalna pripadnost,26
2013,Broj,Lopare,Oba pola,Nepoznata etnička/nacionalna pripadnost,10
2013,Broj,Lopare,M,Nepoznata etnička/nacionalna pripadnost,6
2013,Broj,Lopare,Ž,Nepoznata etnička/nacionalna pripadnost,4
2013,Broj,Ljubinje,Oba pola,Nepoznata etnička/nacionalna pripadnost,2
2013,Broj,Ljubinje,M,Nepoznata etnička/nacionalna pripadnost,1
2013,Broj,Ljubinje,Ž,Nepoznata etnička/nacionalna pripadnost,1
2013,Broj,Milići,Oba pola,Nepoznata etnička/nacionalna pripadnost,8
2013,Broj,Milići,M,Nepoznata etnička/nacionalna pripadnost,3
2013,Broj,Milići,Ž,Nepoznata etnička/nacionalna pripadnost,5
2013,Broj,Modriča,Oba pola,Nepoznata etnička/nacionalna pripadnost,116
2013,Broj,Modriča,M,Nepoznata etnička/nacionalna pripadnost,62
2013,Broj,Modriča,Ž,Nepoznata etnička/nacionalna pripadnost,54
2013,Broj,Mrkonjić Grad,Oba pola,Nepoznata etnička/nacionalna pripadnost,12
2013,Broj,Mrkonjić Grad,M,Nepoznata etnička/nacionalna pripadnost,6
2013,Broj,Mrkonjić Grad,Ž,Nepoznata etnička/nacionalna pripadnost,6
2013,Broj,Nevesinje,Oba pola,Nepoznata etnička/nacionalna pripadnost,7
2013,Broj,Nevesinje,M,Nepoznata etnička/nacionalna pripadnost,2
2013,Broj,Nevesinje,Ž,Nepoznata etnička/nacionalna pripadnost,5
2013,Broj,Novi Grad,Oba pola,Nepoznata etnička/nacionalna pripadnost,24
2013,Broj,Novi Grad,M,Nepoznata etnička/nacionalna pripadnost,13
2013,Broj,Novi Grad,Ž,Nepoznata etnička/nacionalna pripadnost,11
2013,Broj,Novo Goražde,Oba pola,Nepoznata etnička/nacionalna pripadnost,7
2013,Broj,Novo Goražde,M,Nepoznata etnička/nacionalna pripadnost,2
2013,Broj,Novo Goražde,Ž,Nepoznata etnička/nacionalna pripadnost,5
2013,Broj,Osmaci,Oba pola,Nepoznata etnička/nacionalna pripadnost,4
2013,Broj,Osmaci,M,Nepoznata etnička/nacionalna pripadnost,2
2013,Broj,Osmaci,Ž,Nepoznata etnička/nacionalna pripadnost,2
2013,Broj,Oštra Luka,Oba pola,Nepoznata etnička/nacionalna pripadnost,3
2013,Broj,Oštra Luka,M,Nepoznata etnička/nacionalna pripadnost,2
2013,Broj,Oštra Luka,Ž,Nepoznata etnička/nacionalna pripadnost,1
2013,Broj,Pale,Oba pola,Nepoznata etnička/nacionalna pripadnost,13
2013,Broj,Pale,M,Nepoznata etnička/nacionalna pripadnost,9
2013,Broj,Pale,Ž,Nepoznata etnička/nacionalna pripadnost,4
2013,Broj,Pelagićevo,Oba pola,Nepoznata etnička/nacionalna pripadnost,5
2013,Broj,Pelagićevo,M,Nepoznata etnička/nacionalna pripadnost,1
2013,Broj,Pelagićevo,Ž,Nepoznata etnička/nacionalna pripadnost,4
2013,Broj,Petrovac,Oba pola,Nepoznata etnička/nacionalna pripadnost,0
2013,Broj,Petrovac,M,Nepoznata etnička/nacionalna pripadnost,0
2013,Broj,Petrovac,Ž,Nepoznata etnička/nacionalna pripadnost,0
2013,Broj,Petrovo,Oba pola,Nepoznata etnička/nacionalna pripadnost,4
2013,Broj,Petrovo,M,Nepoznata etnička/nacionalna pripadnost,2
2013,Broj,Petrovo,Ž,Nepoznata etnička/nacionalna pripadnost,2
2013,Broj,Grad Prijedor,Oba pola,Nepoznata etnička/nacionalna pripadnost,369
2013,Broj,Grad Prijedor,M,Nepoznata etnička/nacionalna pripadnost,257
2013,Broj,Grad Prijedor,Ž,Nepoznata etnička/nacionalna pripadnost,112
2013,Broj,Prnjavor,Oba pola,Nepoznata etnička/nacionalna pripadnost,30
2013,Broj,Prnjavor,M,Nepoznata etnička/nacionalna pripadnost,10
2013,Broj,Prnjavor,Ž,Nepoznata etnička/nacionalna pripadnost,20
2013,Broj,Ribnik,Oba pola,Nepoznata etnička/nacionalna pripadnost,2
2013,Broj,Ribnik,M,Nepoznata etnička/nacionalna pripadnost,2
2013,Broj,Ribnik,Ž,Nepoznata etnička/nacionalna pripadnost,0
2013,Broj,Rogatica,Oba pola,Nepoznata etnička/nacionalna pripadnost,5
2013,Broj,Rogatica,M,Nepoznata etnička/nacionalna pripadnost,2
2013,Broj,Rogatica,Ž,Nepoznata etnička/nacionalna pripadnost,3
2013,Broj,Rudo,Oba pola,Nepoznata etnička/nacionalna pripadnost,3
2013,Broj,Rudo,M,Nepoznata etnička/nacionalna pripadnost,0
2013,Broj,Rudo,Ž,Nepoznata etnička/nacionalna pripadnost,3
2013,Broj,Sokolac,Oba pola,Nepoznata etnička/nacionalna pripadnost,18
2013,Broj,Sokolac,M,Nepoznata etnička/nacionalna pripadnost,5
2013,Broj,Sokolac,Ž,Nepoznata etnička/nacionalna pripadnost,13
2013,Broj,Srbac,Oba pola,Nepoznata etnička/nacionalna pripadnost,29
2013,Broj,Srbac,M,Nepoznata etnička/nacionalna pripadnost,11
2013,Broj,Srbac,Ž,Nepoznata etnička/nacionalna pripadnost,18
2013,Broj,Srebrenica,Oba pola,Nepoznata etnička/nacionalna pripadnost,14
2013,Broj,Srebrenica,M,Nepoznata etnička/nacionalna pripadnost,8
2013,Broj,Srebrenica,Ž,Nepoznata etnička/nacionalna pripadnost,6
2013,Broj,Teslić,Oba pola,Nepoznata etnička/nacionalna pripadnost,44
2013,Broj,Teslić,M,Nepoznata etnička/nacionalna pripadnost,23
2013,Broj,Teslić,Ž,Nepoznata etnička/nacionalna pripadnost,21
2013,Broj,Grad Trebinje,Oba pola,Nepoznata etnička/nacionalna pripadnost,19
2013,Broj,Grad Trebinje,M,Nepoznata etnička/nacionalna pripadnost,11
2013,Broj,Grad Trebinje,Ž,Nepoznata etnička/nacionalna pripadnost,8
2013,Broj,Trnovo,Oba pola,Nepoznata etnička/nacionalna pripadnost,0
2013,Broj,Trnovo,M,Nepoznata etnička/nacionalna pripadnost,0
2013,Broj,Trnovo,Ž,Nepoznata etnička/nacionalna pripadnost,0
2013,Broj,Ugljevik,Oba pola,Nepoznata etnička/nacionalna pripadnost,13
2013,Broj,Ugljevik,M,Nepoznata etnička/nacionalna pripadnost,11
2013,Broj,Ugljevik,Ž,Nepoznata etnička/nacionalna pripadnost,2
2013,Broj,Foča,Oba pola,Nepoznata etnička/nacionalna pripadnost,12
2013,Broj,Foča,M,Nepoznata etnička/nacionalna pripadnost,5
2013,Broj,Foča,Ž,Nepoznata etnička/nacionalna pripadnost,7
2013,Broj,Han Pijesak,Oba pola,Nepoznata etnička/nacionalna pripadnost,0
2013,Broj,Han Pijesak,M,Nepoznata etnička/nacionalna pripadnost,0
2013,Broj,Han Pijesak,Ž,Nepoznata etnička/nacionalna pripadnost,0
2013,Broj,Čajniče,Oba pola,Nepoznata etnička/nacionalna pripadnost,5
2013,Broj,Čajniče,M,Nepoznata etnička/nacionalna pripadnost,2
2013,Broj,Čajniče,Ž,Nepoznata etnička/nacionalna pripadnost,3
2013,Broj,Čelinac,Oba pola,Nepoznata etnička/nacionalna pripadnost,9
2013,Broj,Čelinac,M,Nepoznata etnička/nacionalna pripadnost,4
2013,Broj,Čelinac,Ž,Nepoznata etnička/nacionalna pripadnost,5
2013,Broj,Šamac,Oba pola,Nepoznata etnička/nacionalna pripadnost,19
2013,Broj,Šamac,M,Nepoznata etnička/nacionalna pripadnost,10
2013,Broj,Šamac,Ž,Nepoznata etnička/nacionalna pripadnost,9
2013,Broj,Šekovići,Oba pola,Nepoznata etnička/nacionalna pripadnost,8
2013,Broj,Šekovići,M,Nepoznata etnička/nacionalna pripadnost,3
2013,Broj,Šekovići,Ž,Nepoznata etnička/nacionalna pripadnost,5
2013,Broj,Šipovo,Oba pola,Nepoznata etnička/nacionalna pripadnost,5
2013,Broj,Šipovo,M,Nepoznata etnička/nacionalna pripadnost,3
2013,Broj,Šipovo,Ž,Nepoznata etnička/nacionalna pripadnost,2
