Year,UNIT_MEASURE,Administrativna oblast,Pol,Maternji jezik,Value
2013,Broj,Republika Srpska,Ukupno,Ukupno,1170342
2013,Broj,Republika Srpska,M,Ukupno,571812
2013,Broj,Republika Srpska,Ž,Ukupno,598530
2013,Broj,Grad Banja Luka,Ukupno,Ukupno,180053
2013,Broj,Grad Banja Luka,M,Ukupno,86510
2013,Broj,Grad Banja Luka,Ž,Ukupno,93543
2013,Broj,Berkovići,Ukupno,Ukupno,2041
2013,Broj,Berkovići,M,Ukupno,1032
2013,Broj,Berkovići,Ž,Ukupno,1009
2013,Broj,Grad Bijeljina,Ukupno,Ukupno,103874
2013,Broj,Grad Bijeljina,M,Ukupno,50760
2013,Broj,Grad Bijeljina,Ž,Ukupno,53114
2013,Broj,Bileća,Ukupno,Ukupno,10607
2013,Broj,Bileća,M,Ukupno,5346
2013,Broj,Bileća,Ž,Ukupno,5261
2013,Broj,Bratunac,Ukupno,Ukupno,18651
2013,Broj,Bratunac,M,Ukupno,9210
2013,Broj,Bratunac,Ž,Ukupno,9441
2013,Broj,Brod,Ukupno,Ukupno,15720
2013,Broj,Brod,M,Ukupno,7670
2013,Broj,Brod,Ž,Ukupno,8050
2013,Broj,Višegrad,Ukupno,Ukupno,10118
2013,Broj,Višegrad,M,Ukupno,4834
2013,Broj,Višegrad,Ž,Ukupno,5284
2013,Broj,Vlasenica,Ukupno,Ukupno,10657
2013,Broj,Vlasenica,M,Ukupno,5193
2013,Broj,Vlasenica,Ž,Ukupno,5464
2013,Broj,Vukosavlje,Ukupno,Ukupno,4363
2013,Broj,Vukosavlje,M,Ukupno,2185
2013,Broj,Vukosavlje,Ž,Ukupno,2178
2013,Broj,Gacko,Ukupno,Ukupno,8710
2013,Broj,Gacko,M,Ukupno,4423
2013,Broj,Gacko,Ž,Ukupno,4287
2013,Broj,Grad Gradiška,Ukupno,Ukupno,49196
2013,Broj,Grad Gradiška,M,Ukupno,23944
2013,Broj,Grad Gradiška,Ž,Ukupno,25252
2013,Broj,Grad Derventa,Ukupno,Ukupno,25922
2013,Broj,Grad Derventa,M,Ukupno,12629
2013,Broj,Grad Derventa,Ž,Ukupno,13293
2013,Broj,Grad Doboj,Ukupno,Ukupno,68514
2013,Broj,Grad Doboj,M,Ukupno,33222
2013,Broj,Grad Doboj,Ž,Ukupno,35292
2013,Broj,Donji Žabar,Ukupno,Ukupno,3669
2013,Broj,Donji Žabar,M,Ukupno,1853
2013,Broj,Donji Žabar,Ž,Ukupno,1816
2013,Broj,Grad Zvornik,Ukupno,Ukupno,54407
2013,Broj,Grad Zvornik,M,Ukupno,26803
2013,Broj,Grad Zvornik,Ž,Ukupno,27604
2013,Broj,Istočna Ilidža,Ukupno,Ukupno,14437
2013,Broj,Istočna Ilidža,M,Ukupno,6905
2013,Broj,Istočna Ilidža,Ž,Ukupno,7532
2013,Broj,Istočni Drvar,Ukupno,Ukupno,66
2013,Broj,Istočni Drvar,M,Ukupno,44
2013,Broj,Istočni Drvar,Ž,Ukupno,22
2013,Broj,Istočni Mostar,Ukupno,Ukupno,244
2013,Broj,Istočni Mostar,M,Ukupno,138
2013,Broj,Istočni Mostar,Ž,Ukupno,106
2013,Broj,Istočni Stari Grad,Ukupno,Ukupno,1116
2013,Broj,Istočni Stari Grad,M,Ukupno,552
2013,Broj,Istočni Stari Grad,Ž,Ukupno,564
2013,Broj,Istočno Novo Sarajevo,Ukupno,Ukupno,10401
2013,Broj,Istočno Novo Sarajevo,M,Ukupno,4936
2013,Broj,Istočno Novo Sarajevo,Ž,Ukupno,5465
2013,Broj,Jezero,Ukupno,Ukupno,1039
2013,Broj,Jezero,M,Ukupno,534
2013,Broj,Jezero,Ž,Ukupno,505
2013,Broj,Kalinovik,Ukupno,Ukupno,1962
2013,Broj,Kalinovik,M,Ukupno,950
2013,Broj,Kalinovik,Ž,Ukupno,1012
2013,Broj,Kneževo,Ukupno,Ukupno,9368
2013,Broj,Kneževo,M,Ukupno,4632
2013,Broj,Kneževo,Ž,Ukupno,4736
2013,Broj,Kozarska Dubica,Ukupno,Ukupno,20681
2013,Broj,Kozarska Dubica,M,Ukupno,10094
2013,Broj,Kozarska Dubica,Ž,Ukupno,10587
2013,Broj,Kostajnica,Ukupno,Ukupno,5645
2013,Broj,Kostajnica,M,Ukupno,2780
2013,Broj,Kostajnica,Ž,Ukupno,2865
2013,Broj,Kotor Varoš,Ukupno,Ukupno,18361
2013,Broj,Kotor Varoš,M,Ukupno,9007
2013,Broj,Kotor Varoš,Ž,Ukupno,9354
2013,Broj,Krupa Na Uni,Ukupno,Ukupno,1560
2013,Broj,Krupa Na Uni,M,Ukupno,841
2013,Broj,Krupa Na Uni,Ž,Ukupno,719
2013,Broj,Kupres,Ukupno,Ukupno,293
2013,Broj,Kupres,M,Ukupno,157
2013,Broj,Kupres,Ž,Ukupno,136
2013,Broj,Laktaši,Ukupno,Ukupno,34210
2013,Broj,Laktaši,M,Ukupno,16905
2013,Broj,Laktaši,Ž,Ukupno,17305
2013,Broj,Lopare,Ukupno,Ukupno,14689
2013,Broj,Lopare,M,Ukupno,7377
2013,Broj,Lopare,Ž,Ukupno,7312
2013,Broj,Ljubinje,Ukupno,Ukupno,3319
2013,Broj,Ljubinje,M,Ukupno,1633
2013,Broj,Ljubinje,Ž,Ukupno,1686
2013,Broj,Milići,Ukupno,Ukupno,10445
2013,Broj,Milići,M,Ukupno,5252
2013,Broj,Milići,Ž,Ukupno,5193
2013,Broj,Modriča,Ukupno,Ukupno,24490
2013,Broj,Modriča,M,Ukupno,11969
2013,Broj,Modriča,Ž,Ukupno,12521
2013,Broj,Mrkonjić Grad,Ukupno,Ukupno,15926
2013,Broj,Mrkonjić Grad,M,Ukupno,7660
2013,Broj,Mrkonjić Grad,Ž,Ukupno,8266
2013,Broj,Nevesinje,Ukupno,Ukupno,12542
2013,Broj,Nevesinje,M,Ukupno,6236
2013,Broj,Nevesinje,Ž,Ukupno,6306
2013,Broj,Novi Grad,Ukupno,Ukupno,25240
2013,Broj,Novi Grad,M,Ukupno,12580
2013,Broj,Novi Grad,Ž,Ukupno,12660
2013,Broj,Novo Goražde,Ukupno,Ukupno,2915
2013,Broj,Novo Goražde,M,Ukupno,1500
2013,Broj,Novo Goražde,Ž,Ukupno,1415
2013,Broj,Osmaci,Ukupno,Ukupno,5546
2013,Broj,Osmaci,M,Ukupno,2779
2013,Broj,Osmaci,Ž,Ukupno,2767
2013,Broj,Oštra Luka,Ukupno,Ukupno,2705
2013,Broj,Oštra Luka,M,Ukupno,1386
2013,Broj,Oštra Luka,Ž,Ukupno,1319
2013,Broj,Pale,Ukupno,Ukupno,20359
2013,Broj,Pale,M,Ukupno,9744
2013,Broj,Pale,Ž,Ukupno,10615
2013,Broj,Pelagićevo,Ukupno,Ukupno,4358
2013,Broj,Pelagićevo,M,Ukupno,2151
2013,Broj,Pelagićevo,Ž,Ukupno,2207
2013,Broj,Petrovac,Ukupno,Ukupno,354
2013,Broj,Petrovac,M,Ukupno,169
2013,Broj,Petrovac,Ž,Ukupno,185
2013,Broj,Petrovo,Ukupno,Ukupno,6317
2013,Broj,Petrovo,M,Ukupno,3043
2013,Broj,Petrovo,Ž,Ukupno,3274
2013,Broj,Grad Prijedor,Ukupno,Ukupno,80916
2013,Broj,Grad Prijedor,M,Ukupno,39418
2013,Broj,Grad Prijedor,Ž,Ukupno,41498
2013,Broj,Prnjavor,Ukupno,Ukupno,34357
2013,Broj,Prnjavor,M,Ukupno,16675
2013,Broj,Prnjavor,Ž,Ukupno,17682
2013,Broj,Ribnik,Ukupno,Ukupno,5851
2013,Broj,Ribnik,M,Ukupno,2900
2013,Broj,Ribnik,Ž,Ukupno,2951
2013,Broj,Rogatica,Ukupno,Ukupno,10302
2013,Broj,Rogatica,M,Ukupno,5053
2013,Broj,Rogatica,Ž,Ukupno,5249
2013,Broj,Rudo,Ukupno,Ukupno,7578
2013,Broj,Rudo,M,Ukupno,3840
2013,Broj,Rudo,Ž,Ukupno,3738
2013,Broj,Sokolac,Ukupno,Ukupno,11620
2013,Broj,Sokolac,M,Ukupno,5723
2013,Broj,Sokolac,Ž,Ukupno,5897
2013,Broj,Srbac,Ukupno,Ukupno,16933
2013,Broj,Srbac,M,Ukupno,8295
2013,Broj,Srbac,Ž,Ukupno,8638
2013,Broj,Srebrenica,Ukupno,Ukupno,11698
2013,Broj,Srebrenica,M,Ukupno,5714
2013,Broj,Srebrenica,Ž,Ukupno,5984
2013,Broj,Teslić,Ukupno,Ukupno,37236
2013,Broj,Teslić,M,Ukupno,17894
2013,Broj,Teslić,Ž,Ukupno,19342
2013,Broj,Grad Trebinje,Ukupno,Ukupno,28239
2013,Broj,Grad Trebinje,M,Ukupno,13760
2013,Broj,Grad Trebinje,Ž,Ukupno,14479
2013,Broj,Trnovo,Ukupno,Ukupno,1983
2013,Broj,Trnovo,M,Ukupno,953
2013,Broj,Trnovo,Ž,Ukupno,1030
2013,Broj,Ugljevik,Ukupno,Ukupno,15118
2013,Broj,Ugljevik,M,Ukupno,7626
2013,Broj,Ugljevik,Ž,Ukupno,7492
2013,Broj,Foča,Ukupno,Ukupno,17580
2013,Broj,Foča,M,Ukupno,8880
2013,Broj,Foča,Ž,Ukupno,8700
2013,Broj,Han Pijesak,Ukupno,Ukupno,3445
2013,Broj,Han Pijesak,M,Ukupno,1632
2013,Broj,Han Pijesak,Ž,Ukupno,1813
2013,Broj,Čajniče,Ukupno,Ukupno,4679
2013,Broj,Čajniče,M,Ukupno,2347
2013,Broj,Čajniče,Ž,Ukupno,2332
2013,Broj,Čelinac,Ukupno,Ukupno,15117
2013,Broj,Čelinac,M,Ukupno,7477
2013,Broj,Čelinac,Ž,Ukupno,7640
2013,Broj,Šamac,Ukupno,Ukupno,16308
2013,Broj,Šamac,M,Ukupno,7908
2013,Broj,Šamac,Ž,Ukupno,8400
2013,Broj,Šekovići,Ukupno,Ukupno,6323
2013,Broj,Šekovići,M,Ukupno,3103
2013,Broj,Šekovići,Ž,Ukupno,3220
2013,Broj,Šipovo,Ukupno,Ukupno,9969
2013,Broj,Šipovo,M,Ukupno,5046
2013,Broj,Šipovo,Ž,Ukupno,4923
2013,Broj,Republika Srpska,Ukupno,Bosanski,150221
2013,Broj,Republika Srpska,M,Bosanski,73026
2013,Broj,Republika Srpska,Ž,Bosanski,77195
2013,Broj,Grad Banja Luka,Ukupno,Bosanski,6792
2013,Broj,Grad Banja Luka,M,Bosanski,3152
2013,Broj,Grad Banja Luka,Ž,Bosanski,3640
2013,Broj,Berkovići,Ukupno,Bosanski,155
2013,Broj,Berkovići,M,Bosanski,87
2013,Broj,Berkovići,Ž,Bosanski,68
2013,Broj,Grad Bijeljina,Ukupno,Bosanski,11651
2013,Broj,Grad Bijeljina,M,Bosanski,5712
2013,Broj,Grad Bijeljina,Ž,Bosanski,5939
2013,Broj,Bileća,Ukupno,Bosanski,21
2013,Broj,Bileća,M,Bosanski,14
2013,Broj,Bileća,Ž,Bosanski,7
2013,Broj,Bratunac,Ukupno,Bosanski,6596
2013,Broj,Bratunac,M,Bosanski,3217
2013,Broj,Bratunac,Ž,Bosanski,3379
2013,Broj,Brod,Ukupno,Bosanski,1397
2013,Broj,Brod,M,Bosanski,680
2013,Broj,Brod,Ž,Bosanski,717
2013,Broj,Višegrad,Ukupno,Bosanski,887
2013,Broj,Višegrad,M,Bosanski,449
2013,Broj,Višegrad,Ž,Bosanski,438
2013,Broj,Vlasenica,Ukupno,Bosanski,3372
2013,Broj,Vlasenica,M,Bosanski,1648
2013,Broj,Vlasenica,Ž,Bosanski,1724
2013,Broj,Vukosavlje,Ukupno,Bosanski,2098
2013,Broj,Vukosavlje,M,Bosanski,1062
2013,Broj,Vukosavlje,Ž,Bosanski,1036
2013,Broj,Gacko,Ukupno,Bosanski,331
2013,Broj,Gacko,M,Bosanski,178
2013,Broj,Gacko,Ž,Bosanski,153
2013,Broj,Grad Gradiška,Ukupno,Bosanski,6335
2013,Broj,Grad Gradiška,M,Bosanski,3083
2013,Broj,Grad Gradiška,Ž,Bosanski,3252
2013,Broj,Grad Derventa,Ukupno,Bosanski,1791
2013,Broj,Grad Derventa,M,Bosanski,857
2013,Broj,Grad Derventa,Ž,Bosanski,934
2013,Broj,Grad Doboj,Ukupno,Bosanski,14749
2013,Broj,Grad Doboj,M,Bosanski,7085
2013,Broj,Grad Doboj,Ž,Bosanski,7664
2013,Broj,Donji Žabar,Ukupno,Bosanski,11
2013,Broj,Donji Žabar,M,Bosanski,3
2013,Broj,Donji Žabar,Ž,Bosanski,8
2013,Broj,Grad Zvornik,Ukupno,Bosanski,16813
2013,Broj,Grad Zvornik,M,Bosanski,8218
2013,Broj,Grad Zvornik,Ž,Bosanski,8595
2013,Broj,Istočna Ilidža,Ukupno,Bosanski,691
2013,Broj,Istočna Ilidža,M,Bosanski,322
2013,Broj,Istočna Ilidža,Ž,Bosanski,369
2013,Broj,Istočni Drvar,Ukupno,Bosanski,0
2013,Broj,Istočni Drvar,M,Bosanski,0
2013,Broj,Istočni Drvar,Ž,Bosanski,0
2013,Broj,Istočni Mostar,Ukupno,Bosanski,78
2013,Broj,Istočni Mostar,M,Bosanski,45
2013,Broj,Istočni Mostar,Ž,Bosanski,33
2013,Broj,Istočni Stari Grad,Ukupno,Bosanski,44
2013,Broj,Istočni Stari Grad,M,Bosanski,27
2013,Broj,Istočni Stari Grad,Ž,Bosanski,17
2013,Broj,Istočno Novo Sarajevo,Ukupno,Bosanski,71
2013,Broj,Istočno Novo Sarajevo,M,Bosanski,29
2013,Broj,Istočno Novo Sarajevo,Ž,Bosanski,42
2013,Broj,Jezero,Ukupno,Bosanski,252
2013,Broj,Jezero,M,Bosanski,118
2013,Broj,Jezero,Ž,Bosanski,134
2013,Broj,Kalinovik,Ukupno,Bosanski,37
2013,Broj,Kalinovik,M,Bosanski,15
2013,Broj,Kalinovik,Ž,Bosanski,22
2013,Broj,Kneževo,Ukupno,Bosanski,404
2013,Broj,Kneževo,M,Bosanski,185
2013,Broj,Kneževo,Ž,Bosanski,219
2013,Broj,Kozarska Dubica,Ukupno,Bosanski,1922
2013,Broj,Kozarska Dubica,M,Bosanski,927
2013,Broj,Kozarska Dubica,Ž,Bosanski,995
2013,Broj,Kostajnica,Ukupno,Bosanski,1283
2013,Broj,Kostajnica,M,Bosanski,626
2013,Broj,Kostajnica,Ž,Bosanski,657
2013,Broj,Kotor Varoš,Ukupno,Bosanski,4517
2013,Broj,Kotor Varoš,M,Bosanski,2173
2013,Broj,Kotor Varoš,Ž,Bosanski,2344
2013,Broj,Krupa Na Uni,Ukupno,Bosanski,3
2013,Broj,Krupa Na Uni,M,Bosanski,1
2013,Broj,Krupa Na Uni,Ž,Bosanski,2
2013,Broj,Kupres,Ukupno,Bosanski,0
2013,Broj,Kupres,M,Bosanski,0
2013,Broj,Kupres,Ž,Bosanski,0
2013,Broj,Laktaši,Ukupno,Bosanski,112
2013,Broj,Laktaši,M,Bosanski,58
2013,Broj,Laktaši,Ž,Bosanski,54
2013,Broj,Lopare,Ukupno,Bosanski,1315
2013,Broj,Lopare,M,Bosanski,648
2013,Broj,Lopare,Ž,Bosanski,667
2013,Broj,Ljubinje,Ukupno,Bosanski,10
2013,Broj,Ljubinje,M,Bosanski,5
2013,Broj,Ljubinje,Ž,Bosanski,5
2013,Broj,Milići,Ukupno,Bosanski,3541
2013,Broj,Milići,M,Bosanski,1751
2013,Broj,Milići,Ž,Bosanski,1790
2013,Broj,Modriča,Ukupno,Bosanski,3008
2013,Broj,Modriča,M,Bosanski,1426
2013,Broj,Modriča,Ž,Bosanski,1582
2013,Broj,Mrkonjić Grad,Ukupno,Bosanski,358
2013,Broj,Mrkonjić Grad,M,Bosanski,172
2013,Broj,Mrkonjić Grad,Ž,Bosanski,186
2013,Broj,Nevesinje,Ukupno,Bosanski,507
2013,Broj,Nevesinje,M,Bosanski,261
2013,Broj,Nevesinje,Ž,Bosanski,246
2013,Broj,Novi Grad,Ukupno,Bosanski,5260
2013,Broj,Novi Grad,M,Bosanski,2630
2013,Broj,Novi Grad,Ž,Bosanski,2630
2013,Broj,Novo Goražde,Ukupno,Bosanski,1338
2013,Broj,Novo Goražde,M,Bosanski,671
2013,Broj,Novo Goražde,Ž,Bosanski,667
2013,Broj,Osmaci,Ukupno,Bosanski,2680
2013,Broj,Osmaci,M,Bosanski,1323
2013,Broj,Osmaci,Ž,Bosanski,1357
2013,Broj,Oštra Luka,Ukupno,Bosanski,39
2013,Broj,Oštra Luka,M,Bosanski,16
2013,Broj,Oštra Luka,Ž,Bosanski,23
2013,Broj,Pale,Ukupno,Bosanski,170
2013,Broj,Pale,M,Bosanski,89
2013,Broj,Pale,Ž,Bosanski,81
2013,Broj,Pelagićevo,Ukupno,Bosanski,24
2013,Broj,Pelagićevo,M,Bosanski,6
2013,Broj,Pelagićevo,Ž,Bosanski,18
2013,Broj,Petrovac,Ukupno,Bosanski,0
2013,Broj,Petrovac,M,Bosanski,0
2013,Broj,Petrovac,Ž,Bosanski,0
2013,Broj,Petrovo,Ukupno,Bosanski,7
2013,Broj,Petrovo,M,Bosanski,4
2013,Broj,Petrovo,Ž,Bosanski,3
2013,Broj,Grad Prijedor,Ukupno,Bosanski,22548
2013,Broj,Grad Prijedor,M,Bosanski,10781
2013,Broj,Grad Prijedor,Ž,Bosanski,11767
2013,Broj,Prnjavor,Ukupno,Bosanski,2792
2013,Broj,Prnjavor,M,Bosanski,1344
2013,Broj,Prnjavor,Ž,Bosanski,1448
2013,Broj,Ribnik,Ukupno,Bosanski,3
2013,Broj,Ribnik,M,Bosanski,1
2013,Broj,Ribnik,Ž,Bosanski,2
2013,Broj,Rogatica,Ukupno,Bosanski,1022
2013,Broj,Rogatica,M,Bosanski,525
2013,Broj,Rogatica,Ž,Bosanski,497
2013,Broj,Rudo,Ukupno,Bosanski,586
2013,Broj,Rudo,M,Bosanski,308
2013,Broj,Rudo,Ž,Bosanski,278
2013,Broj,Sokolac,Ukupno,Bosanski,645
2013,Broj,Sokolac,M,Bosanski,340
2013,Broj,Sokolac,Ž,Bosanski,305
2013,Broj,Srbac,Ukupno,Bosanski,389
2013,Broj,Srbac,M,Bosanski,181
2013,Broj,Srbac,Ž,Bosanski,208
2013,Broj,Srebrenica,Ukupno,Bosanski,6145
2013,Broj,Srebrenica,M,Bosanski,2921
2013,Broj,Srebrenica,Ž,Bosanski,3224
2013,Broj,Teslić,Ukupno,Bosanski,7090
2013,Broj,Teslić,M,Bosanski,3489
2013,Broj,Teslić,Ž,Bosanski,3601
2013,Broj,Grad Trebinje,Ukupno,Bosanski,860
2013,Broj,Grad Trebinje,M,Bosanski,425
2013,Broj,Grad Trebinje,Ž,Bosanski,435
2013,Broj,Trnovo,Ukupno,Bosanski,820
2013,Broj,Trnovo,M,Bosanski,406
2013,Broj,Trnovo,Ž,Bosanski,414
2013,Broj,Ugljevik,Ukupno,Bosanski,2000
2013,Broj,Ugljevik,M,Bosanski,975
2013,Broj,Ugljevik,Ž,Bosanski,1025
2013,Broj,Foča,Ukupno,Bosanski,1182
2013,Broj,Foča,M,Bosanski,633
2013,Broj,Foča,Ž,Bosanski,549
2013,Broj,Han Pijesak,Ukupno,Bosanski,433
2013,Broj,Han Pijesak,M,Bosanski,211
2013,Broj,Han Pijesak,Ž,Bosanski,222
2013,Broj,Čajniče,Ukupno,Bosanski,839
2013,Broj,Čajniče,M,Bosanski,441
2013,Broj,Čajniče,Ž,Bosanski,398
2013,Broj,Čelinac,Ukupno,Bosanski,391
2013,Broj,Čelinac,M,Bosanski,195
2013,Broj,Čelinac,Ž,Bosanski,196
2013,Broj,Šamac,Ukupno,Bosanski,1110
2013,Broj,Šamac,M,Bosanski,527
2013,Broj,Šamac,Ž,Bosanski,583
2013,Broj,Šekovići,Ukupno,Bosanski,104
2013,Broj,Šekovići,M,Bosanski,52
2013,Broj,Šekovići,Ž,Bosanski,52
2013,Broj,Šipovo,Ukupno,Bosanski,592
2013,Broj,Šipovo,M,Bosanski,298
2013,Broj,Šipovo,Ž,Bosanski,294
2013,Broj,Republika Srpska,Ukupno,Hrvatski,17315
2013,Broj,Republika Srpska,M,Hrvatski,7870
2013,Broj,Republika Srpska,Ž,Hrvatski,9445
2013,Broj,Grad Banja Luka,Ukupno,Hrvatski,1621
2013,Broj,Grad Banja Luka,M,Hrvatski,586
2013,Broj,Grad Banja Luka,Ž,Hrvatski,1035
2013,Broj,Berkovići,Ukupno,Hrvatski,4
2013,Broj,Berkovići,M,Hrvatski,1
2013,Broj,Berkovići,Ž,Hrvatski,3
2013,Broj,Grad Bijeljina,Ukupno,Hrvatski,134
2013,Broj,Grad Bijeljina,M,Hrvatski,34
2013,Broj,Grad Bijeljina,Ž,Hrvatski,100
2013,Broj,Bileća,Ukupno,Hrvatski,6
2013,Broj,Bileća,M,Hrvatski,0
2013,Broj,Bileća,Ž,Hrvatski,6
2013,Broj,Bratunac,Ukupno,Hrvatski,10
2013,Broj,Bratunac,M,Hrvatski,2
2013,Broj,Bratunac,Ž,Hrvatski,8
2013,Broj,Brod,Ukupno,Hrvatski,2842
2013,Broj,Brod,M,Hrvatski,1369
2013,Broj,Brod,Ž,Hrvatski,1473
2013,Broj,Višegrad,Ukupno,Hrvatski,6
2013,Broj,Višegrad,M,Hrvatski,0
2013,Broj,Višegrad,Ž,Hrvatski,6
2013,Broj,Vlasenica,Ukupno,Hrvatski,7
2013,Broj,Vlasenica,M,Hrvatski,2
2013,Broj,Vlasenica,Ž,Hrvatski,5
2013,Broj,Vukosavlje,Ukupno,Hrvatski,663
2013,Broj,Vukosavlje,M,Hrvatski,326
2013,Broj,Vukosavlje,Ž,Hrvatski,337
2013,Broj,Gacko,Ukupno,Hrvatski,4
2013,Broj,Gacko,M,Hrvatski,4
2013,Broj,Gacko,Ž,Hrvatski,0
2013,Broj,Grad Gradiška,Ukupno,Hrvatski,358
2013,Broj,Grad Gradiška,M,Hrvatski,120
2013,Broj,Grad Gradiška,Ž,Hrvatski,238
2013,Broj,Grad Derventa,Ukupno,Hrvatski,1861
2013,Broj,Grad Derventa,M,Hrvatski,950
2013,Broj,Grad Derventa,Ž,Hrvatski,911
2013,Broj,Grad Doboj,Ukupno,Hrvatski,869
2013,Broj,Grad Doboj,M,Hrvatski,378
2013,Broj,Grad Doboj,Ž,Hrvatski,491
2013,Broj,Donji Žabar,Ukupno,Hrvatski,985
2013,Broj,Donji Žabar,M,Hrvatski,497
2013,Broj,Donji Žabar,Ž,Hrvatski,488
2013,Broj,Grad Zvornik,Ukupno,Hrvatski,29
2013,Broj,Grad Zvornik,M,Hrvatski,2
2013,Broj,Grad Zvornik,Ž,Hrvatski,27
2013,Broj,Istočna Ilidža,Ukupno,Hrvatski,76
2013,Broj,Istočna Ilidža,M,Hrvatski,24
2013,Broj,Istočna Ilidža,Ž,Hrvatski,52
2013,Broj,Istočni Drvar,Ukupno,Hrvatski,1
2013,Broj,Istočni Drvar,M,Hrvatski,0
2013,Broj,Istočni Drvar,Ž,Hrvatski,1
2013,Broj,Istočni Mostar,Ukupno,Hrvatski,11
2013,Broj,Istočni Mostar,M,Hrvatski,8
2013,Broj,Istočni Mostar,Ž,Hrvatski,3
2013,Broj,Istočni Stari Grad,Ukupno,Hrvatski,1
2013,Broj,Istočni Stari Grad,M,Hrvatski,0
2013,Broj,Istočni Stari Grad,Ž,Hrvatski,1
2013,Broj,Istočno Novo Sarajevo,Ukupno,Hrvatski,44
2013,Broj,Istočno Novo Sarajevo,M,Hrvatski,14
2013,Broj,Istočno Novo Sarajevo,Ž,Hrvatski,30
2013,Broj,Jezero,Ukupno,Hrvatski,3
2013,Broj,Jezero,M,Hrvatski,2
2013,Broj,Jezero,Ž,Hrvatski,1
2013,Broj,Kalinovik,Ukupno,Hrvatski,3
2013,Broj,Kalinovik,M,Hrvatski,1
2013,Broj,Kalinovik,Ž,Hrvatski,2
2013,Broj,Kneževo,Ukupno,Hrvatski,17
2013,Broj,Kneževo,M,Hrvatski,4
2013,Broj,Kneževo,Ž,Hrvatski,13
2013,Broj,Kozarska Dubica,Ukupno,Hrvatski,151
2013,Broj,Kozarska Dubica,M,Hrvatski,39
2013,Broj,Kozarska Dubica,Ž,Hrvatski,112
2013,Broj,Kostajnica,Ukupno,Hrvatski,72
2013,Broj,Kostajnica,M,Hrvatski,24
2013,Broj,Kostajnica,Ž,Hrvatski,48
2013,Broj,Kotor Varoš,Ukupno,Hrvatski,714
2013,Broj,Kotor Varoš,M,Hrvatski,357
2013,Broj,Kotor Varoš,Ž,Hrvatski,357
2013,Broj,Krupa Na Uni,Ukupno,Hrvatski,3
2013,Broj,Krupa Na Uni,M,Hrvatski,0
2013,Broj,Krupa Na Uni,Ž,Hrvatski,3
2013,Broj,Kupres,Ukupno,Hrvatski,0
2013,Broj,Kupres,M,Hrvatski,0
2013,Broj,Kupres,Ž,Hrvatski,0
2013,Broj,Laktaši,Ukupno,Hrvatski,175
2013,Broj,Laktaši,M,Hrvatski,60
2013,Broj,Laktaši,Ž,Hrvatski,115
2013,Broj,Lopare,Ukupno,Hrvatski,23
2013,Broj,Lopare,M,Hrvatski,1
2013,Broj,Lopare,Ž,Hrvatski,22
2013,Broj,Ljubinje,Ukupno,Hrvatski,7
2013,Broj,Ljubinje,M,Hrvatski,2
2013,Broj,Ljubinje,Ž,Hrvatski,5
2013,Broj,Milići,Ukupno,Hrvatski,4
2013,Broj,Milići,M,Hrvatski,1
2013,Broj,Milići,Ž,Hrvatski,3
2013,Broj,Modriča,Ukupno,Hrvatski,1246
2013,Broj,Modriča,M,Hrvatski,624
2013,Broj,Modriča,Ž,Hrvatski,622
2013,Broj,Mrkonjić Grad,Ukupno,Hrvatski,85
2013,Broj,Mrkonjić Grad,M,Hrvatski,37
2013,Broj,Mrkonjić Grad,Ž,Hrvatski,48
2013,Broj,Nevesinje,Ukupno,Hrvatski,14
2013,Broj,Nevesinje,M,Hrvatski,5
2013,Broj,Nevesinje,Ž,Hrvatski,9
2013,Broj,Novi Grad,Ukupno,Hrvatski,79
2013,Broj,Novi Grad,M,Hrvatski,17
2013,Broj,Novi Grad,Ž,Hrvatski,62
2013,Broj,Novo Goražde,Ukupno,Hrvatski,1
2013,Broj,Novo Goražde,M,Hrvatski,0
2013,Broj,Novo Goražde,Ž,Hrvatski,1
2013,Broj,Osmaci,Ukupno,Hrvatski,3
2013,Broj,Osmaci,M,Hrvatski,1
2013,Broj,Osmaci,Ž,Hrvatski,2
2013,Broj,Oštra Luka,Ukupno,Hrvatski,92
2013,Broj,Oštra Luka,M,Hrvatski,43
2013,Broj,Oštra Luka,Ž,Hrvatski,49
2013,Broj,Pale,Ukupno,Hrvatski,31
2013,Broj,Pale,M,Hrvatski,6
2013,Broj,Pale,Ž,Hrvatski,25
2013,Broj,Pelagićevo,Ukupno,Hrvatski,1159
2013,Broj,Pelagićevo,M,Hrvatski,571
2013,Broj,Pelagićevo,Ž,Hrvatski,588
2013,Broj,Petrovac,Ukupno,Hrvatski,0
2013,Broj,Petrovac,M,Hrvatski,0
2013,Broj,Petrovac,Ž,Hrvatski,0
2013,Broj,Petrovo,Ukupno,Hrvatski,12
2013,Broj,Petrovo,M,Hrvatski,2
2013,Broj,Petrovo,Ž,Hrvatski,10
2013,Broj,Grad Prijedor,Ukupno,Hrvatski,639
2013,Broj,Grad Prijedor,M,Hrvatski,284
2013,Broj,Grad Prijedor,Ž,Hrvatski,355
2013,Broj,Prnjavor,Ukupno,Hrvatski,171
2013,Broj,Prnjavor,M,Hrvatski,59
2013,Broj,Prnjavor,Ž,Hrvatski,112
2013,Broj,Ribnik,Ukupno,Hrvatski,2
2013,Broj,Ribnik,M,Hrvatski,0
2013,Broj,Ribnik,Ž,Hrvatski,2
2013,Broj,Rogatica,Ukupno,Hrvatski,7
2013,Broj,Rogatica,M,Hrvatski,1
2013,Broj,Rogatica,Ž,Hrvatski,6
2013,Broj,Rudo,Ukupno,Hrvatski,0
2013,Broj,Rudo,M,Hrvatski,0
2013,Broj,Rudo,Ž,Hrvatski,0
2013,Broj,Sokolac,Ukupno,Hrvatski,8
2013,Broj,Sokolac,M,Hrvatski,1
2013,Broj,Sokolac,Ž,Hrvatski,7
2013,Broj,Srbac,Ukupno,Hrvatski,54
2013,Broj,Srbac,M,Hrvatski,8
2013,Broj,Srbac,Ž,Hrvatski,46
2013,Broj,Srebrenica,Ukupno,Hrvatski,6
2013,Broj,Srebrenica,M,Hrvatski,2
2013,Broj,Srebrenica,Ž,Hrvatski,4
2013,Broj,Teslić,Ukupno,Hrvatski,766
2013,Broj,Teslić,M,Hrvatski,360
2013,Broj,Teslić,Ž,Hrvatski,406
2013,Broj,Grad Trebinje,Ukupno,Hrvatski,149
2013,Broj,Grad Trebinje,M,Hrvatski,66
2013,Broj,Grad Trebinje,Ž,Hrvatski,83
2013,Broj,Trnovo,Ukupno,Hrvatski,13
2013,Broj,Trnovo,M,Hrvatski,5
2013,Broj,Trnovo,Ž,Hrvatski,8
2013,Broj,Ugljevik,Ukupno,Hrvatski,14
2013,Broj,Ugljevik,M,Hrvatski,1
2013,Broj,Ugljevik,Ž,Hrvatski,13
2013,Broj,Foča,Ukupno,Hrvatski,19
2013,Broj,Foča,M,Hrvatski,3
2013,Broj,Foča,Ž,Hrvatski,16
2013,Broj,Han Pijesak,Ukupno,Hrvatski,3
2013,Broj,Han Pijesak,M,Hrvatski,0
2013,Broj,Han Pijesak,Ž,Hrvatski,3
2013,Broj,Čajniče,Ukupno,Hrvatski,3
2013,Broj,Čajniče,M,Hrvatski,0
2013,Broj,Čajniče,Ž,Hrvatski,3
2013,Broj,Čelinac,Ukupno,Hrvatski,15
2013,Broj,Čelinac,M,Hrvatski,2
2013,Broj,Čelinac,Ž,Hrvatski,13
2013,Broj,Šamac,Ukupno,Hrvatski,2006
2013,Broj,Šamac,M,Hrvatski,964
2013,Broj,Šamac,Ž,Hrvatski,1042
2013,Broj,Šekovići,Ukupno,Hrvatski,3
2013,Broj,Šekovići,M,Hrvatski,0
2013,Broj,Šekovići,Ž,Hrvatski,3
2013,Broj,Šipovo,Ukupno,Hrvatski,11
2013,Broj,Šipovo,M,Hrvatski,0
2013,Broj,Šipovo,Ž,Hrvatski,11
2013,Broj,Republika Srpska,Ukupno,Srpski,982480
2013,Broj,Republika Srpska,M,Srpski,481743
2013,Broj,Republika Srpska,Ž,Srpski,500737
2013,Broj,Grad Banja Luka,Ukupno,Srpski,166022
2013,Broj,Grad Banja Luka,M,Srpski,80369
2013,Broj,Grad Banja Luka,Ž,Srpski,85653
2013,Broj,Berkovići,Ukupno,Srpski,1875
2013,Broj,Berkovići,M,Srpski,942
2013,Broj,Berkovići,Ž,Srpski,933
2013,Broj,Grad Bijeljina,Ukupno,Srpski,90547
2013,Broj,Grad Bijeljina,M,Srpski,44290
2013,Broj,Grad Bijeljina,Ž,Srpski,46257
2013,Broj,Bileća,Ukupno,Srpski,10534
2013,Broj,Bileća,M,Srpski,5307
2013,Broj,Bileća,Ž,Srpski,5227
2013,Broj,Bratunac,Ukupno,Srpski,11930
2013,Broj,Bratunac,M,Srpski,5937
2013,Broj,Bratunac,Ž,Srpski,5993
2013,Broj,Brod,Ukupno,Srpski,11154
2013,Broj,Brod,M,Srpski,5490
2013,Broj,Brod,Ž,Srpski,5664
2013,Broj,Višegrad,Ukupno,Srpski,8981
2013,Broj,Višegrad,M,Srpski,4351
2013,Broj,Višegrad,Ž,Srpski,4630
2013,Broj,Vlasenica,Ukupno,Srpski,7160
2013,Broj,Vlasenica,M,Srpski,3493
2013,Broj,Vlasenica,Ž,Srpski,3667
2013,Broj,Vukosavlje,Ukupno,Srpski,1471
2013,Broj,Vukosavlje,M,Srpski,727
2013,Broj,Vukosavlje,Ž,Srpski,744
2013,Broj,Gacko,Ukupno,Srpski,8356
2013,Broj,Gacko,M,Srpski,4234
2013,Broj,Gacko,Ž,Srpski,4122
2013,Broj,Grad Gradiška,Ukupno,Srpski,41393
2013,Broj,Grad Gradiška,M,Srpski,20221
2013,Broj,Grad Gradiška,Ž,Srpski,21172
2013,Broj,Grad Derventa,Ukupno,Srpski,21749
2013,Broj,Grad Derventa,M,Srpski,10593
2013,Broj,Grad Derventa,Ž,Srpski,11156
2013,Broj,Grad Doboj,Ukupno,Srpski,51338
2013,Broj,Grad Doboj,M,Srpski,25045
2013,Broj,Grad Doboj,Ž,Srpski,26293
2013,Broj,Donji Žabar,Ukupno,Srpski,2652
2013,Broj,Donji Žabar,M,Srpski,1345
2013,Broj,Donji Žabar,Ž,Srpski,1307
2013,Broj,Grad Zvornik,Ukupno,Srpski,37330
2013,Broj,Grad Zvornik,M,Srpski,18483
2013,Broj,Grad Zvornik,Ž,Srpski,18847
2013,Broj,Istočna Ilidža,Ukupno,Srpski,13532
2013,Broj,Istočna Ilidža,M,Srpski,6502
2013,Broj,Istočna Ilidža,Ž,Srpski,7030
2013,Broj,Istočni Drvar,Ukupno,Srpski,65
2013,Broj,Istočni Drvar,M,Srpski,44
2013,Broj,Istočni Drvar,Ž,Srpski,21
2013,Broj,Istočni Mostar,Ukupno,Srpski,152
2013,Broj,Istočni Mostar,M,Srpski,84
2013,Broj,Istočni Mostar,Ž,Srpski,68
2013,Broj,Istočni Stari Grad,Ukupno,Srpski,1063
2013,Broj,Istočni Stari Grad,M,Srpski,521
2013,Broj,Istočni Stari Grad,Ž,Srpski,542
2013,Broj,Istočno Novo Sarajevo,Ukupno,Srpski,10078
2013,Broj,Istočno Novo Sarajevo,M,Srpski,4805
2013,Broj,Istočno Novo Sarajevo,Ž,Srpski,5273
2013,Broj,Jezero,Ukupno,Srpski,782
2013,Broj,Jezero,M,Srpski,412
2013,Broj,Jezero,Ž,Srpski,370
2013,Broj,Kalinovik,Ukupno,Srpski,1907
2013,Broj,Kalinovik,M,Srpski,924
2013,Broj,Kalinovik,Ž,Srpski,983
2013,Broj,Kneževo,Ukupno,Srpski,8909
2013,Broj,Kneževo,M,Srpski,4431
2013,Broj,Kneževo,Ž,Srpski,4478
2013,Broj,Kozarska Dubica,Ukupno,Srpski,18376
2013,Broj,Kozarska Dubica,M,Srpski,9029
2013,Broj,Kozarska Dubica,Ž,Srpski,9347
2013,Broj,Kostajnica,Ukupno,Srpski,4175
2013,Broj,Kostajnica,M,Srpski,2078
2013,Broj,Kostajnica,Ž,Srpski,2097
2013,Broj,Kotor Varoš,Ukupno,Srpski,12926
2013,Broj,Kotor Varoš,M,Srpski,6387
2013,Broj,Kotor Varoš,Ž,Srpski,6539
2013,Broj,Krupa Na Uni,Ukupno,Srpski,1554
2013,Broj,Krupa Na Uni,M,Srpski,840
2013,Broj,Krupa Na Uni,Ž,Srpski,714
2013,Broj,Kupres,Ukupno,Srpski,290
2013,Broj,Kupres,M,Srpski,155
2013,Broj,Kupres,Ž,Srpski,135
2013,Broj,Laktaši,Ukupno,Srpski,33263
2013,Broj,Laktaši,M,Srpski,16465
2013,Broj,Laktaši,Ž,Srpski,16798
2013,Broj,Lopare,Ukupno,Srpski,13299
2013,Broj,Lopare,M,Srpski,6707
2013,Broj,Lopare,Ž,Srpski,6592
2013,Broj,Ljubinje,Ukupno,Srpski,3295
2013,Broj,Ljubinje,M,Srpski,1623
2013,Broj,Ljubinje,Ž,Srpski,1672
2013,Broj,Milići,Ukupno,Srpski,6880
2013,Broj,Milići,M,Srpski,3495
2013,Broj,Milići,Ž,Srpski,3385
2013,Broj,Modriča,Ukupno,Srpski,19633
2013,Broj,Modriča,M,Srpski,9640
2013,Broj,Modriča,Ž,Srpski,9993
2013,Broj,Mrkonjić Grad,Ukupno,Srpski,15370
2013,Broj,Mrkonjić Grad,M,Srpski,7392
2013,Broj,Mrkonjić Grad,Ž,Srpski,7978
2013,Broj,Nevesinje,Ukupno,Srpski,11987
2013,Broj,Nevesinje,M,Srpski,5961
2013,Broj,Nevesinje,Ž,Srpski,6026
2013,Broj,Novi Grad,Ukupno,Srpski,19602
2013,Broj,Novi Grad,M,Srpski,9805
2013,Broj,Novi Grad,Ž,Srpski,9797
2013,Broj,Novo Goražde,Ukupno,Srpski,1564
2013,Broj,Novo Goražde,M,Srpski,823
2013,Broj,Novo Goražde,Ž,Srpski,741
2013,Broj,Osmaci,Ukupno,Srpski,2850
2013,Broj,Osmaci,M,Srpski,1452
2013,Broj,Osmaci,Ž,Srpski,1398
2013,Broj,Oštra Luka,Ukupno,Srpski,2540
2013,Broj,Oštra Luka,M,Srpski,1309
2013,Broj,Oštra Luka,Ž,Srpski,1231
2013,Broj,Pale,Ukupno,Srpski,20039
2013,Broj,Pale,M,Srpski,9599
2013,Broj,Pale,Ž,Srpski,10440
2013,Broj,Pelagićevo,Ukupno,Srpski,3140
2013,Broj,Pelagićevo,M,Srpski,1561
2013,Broj,Pelagićevo,Ž,Srpski,1579
2013,Broj,Petrovac,Ukupno,Srpski,353
2013,Broj,Petrovac,M,Srpski,169
2013,Broj,Petrovac,Ž,Srpski,184
2013,Broj,Petrovo,Ukupno,Srpski,6252
2013,Broj,Petrovo,M,Srpski,3020
2013,Broj,Petrovo,Ž,Srpski,3232
2013,Broj,Grad Prijedor,Ukupno,Srpski,55452
2013,Broj,Grad Prijedor,M,Srpski,27205
2013,Broj,Grad Prijedor,Ž,Srpski,28247
2013,Broj,Prnjavor,Ukupno,Srpski,30213
2013,Broj,Prnjavor,M,Srpski,14687
2013,Broj,Prnjavor,Ž,Srpski,15526
2013,Broj,Ribnik,Ukupno,Srpski,5830
2013,Broj,Ribnik,M,Srpski,2891
2013,Broj,Ribnik,Ž,Srpski,2939
2013,Broj,Rogatica,Ukupno,Srpski,9233
2013,Broj,Rogatica,M,Srpski,4508
2013,Broj,Rogatica,Ž,Srpski,4725
2013,Broj,Rudo,Ukupno,Srpski,6979
2013,Broj,Rudo,M,Srpski,3527
2013,Broj,Rudo,Ž,Srpski,3452
2013,Broj,Sokolac,Ukupno,Srpski,10911
2013,Broj,Sokolac,M,Srpski,5366
2013,Broj,Sokolac,Ž,Srpski,5545
2013,Broj,Srbac,Ukupno,Srpski,16269
2013,Broj,Srbac,M,Srpski,7994
2013,Broj,Srbac,Ž,Srpski,8275
2013,Broj,Srebrenica,Ukupno,Srpski,5469
2013,Broj,Srebrenica,M,Srpski,2745
2013,Broj,Srebrenica,Ž,Srpski,2724
2013,Broj,Teslić,Ukupno,Srpski,28458
2013,Broj,Teslić,M,Srpski,13628
2013,Broj,Teslić,Ž,Srpski,14830
2013,Broj,Grad Trebinje,Ukupno,Srpski,26940
2013,Broj,Grad Trebinje,M,Srpski,13155
2013,Broj,Grad Trebinje,Ž,Srpski,13785
2013,Broj,Trnovo,Ukupno,Srpski,1141
2013,Broj,Trnovo,M,Srpski,537
2013,Broj,Trnovo,Ž,Srpski,604
2013,Broj,Ugljevik,Ukupno,Srpski,13052
2013,Broj,Ugljevik,M,Srpski,6622
2013,Broj,Ugljevik,Ž,Srpski,6430
2013,Broj,Foča,Ukupno,Srpski,16299
2013,Broj,Foča,M,Srpski,8200
2013,Broj,Foča,Ž,Srpski,8099
2013,Broj,Han Pijesak,Ukupno,Srpski,3002
2013,Broj,Han Pijesak,M,Srpski,1415
2013,Broj,Han Pijesak,Ž,Srpski,1587
2013,Broj,Čajniče,Ukupno,Srpski,3820
2013,Broj,Čajniče,M,Srpski,1898
2013,Broj,Čajniče,Ž,Srpski,1922
2013,Broj,Čelinac,Ukupno,Srpski,14622
2013,Broj,Čelinac,M,Srpski,7247
2013,Broj,Čelinac,Ž,Srpski,7375
2013,Broj,Šamac,Ukupno,Srpski,12894
2013,Broj,Šamac,M,Srpski,6289
2013,Broj,Šamac,Ž,Srpski,6605
2013,Broj,Šekovići,Ukupno,Srpski,6196
2013,Broj,Šekovići,M,Srpski,3044
2013,Broj,Šekovići,Ž,Srpski,3152
2013,Broj,Šipovo,Ukupno,Srpski,9332
2013,Broj,Šipovo,M,Srpski,4725
2013,Broj,Šipovo,Ž,Srpski,4607
2013,Broj,Republika Srpska,Ukupno,Drugi jezici,17824
2013,Broj,Republika Srpska,M,Drugi jezici,8017
2013,Broj,Republika Srpska,Ž,Drugi jezici,9807
2013,Broj,Grad Banja Luka,Ukupno,Drugi jezici,5207
2013,Broj,Grad Banja Luka,M,Drugi jezici,2214
2013,Broj,Grad Banja Luka,Ž,Drugi jezici,2993
2013,Broj,Berkovići,Ukupno,Drugi jezici,5
2013,Broj,Berkovići,M,Drugi jezici,2
2013,Broj,Berkovići,Ž,Drugi jezici,3
2013,Broj,Grad Bijeljina,Ukupno,Drugi jezici,1418
2013,Broj,Grad Bijeljina,M,Drugi jezici,673
2013,Broj,Grad Bijeljina,Ž,Drugi jezici,745
2013,Broj,Bileća,Ukupno,Drugi jezici,32
2013,Broj,Bileća,M,Drugi jezici,18
2013,Broj,Bileća,Ž,Drugi jezici,14
2013,Broj,Bratunac,Ukupno,Drugi jezici,69
2013,Broj,Bratunac,M,Drugi jezici,33
2013,Broj,Bratunac,Ž,Drugi jezici,36
2013,Broj,Brod,Ukupno,Drugi jezici,283
2013,Broj,Brod,M,Drugi jezici,111
2013,Broj,Brod,Ž,Drugi jezici,172
2013,Broj,Višegrad,Ukupno,Drugi jezici,66
2013,Broj,Višegrad,M,Drugi jezici,32
2013,Broj,Višegrad,Ž,Drugi jezici,34
2013,Broj,Vlasenica,Ukupno,Drugi jezici,89
2013,Broj,Vlasenica,M,Drugi jezici,36
2013,Broj,Vlasenica,Ž,Drugi jezici,53
2013,Broj,Vukosavlje,Ukupno,Drugi jezici,116
2013,Broj,Vukosavlje,M,Drugi jezici,68
2013,Broj,Vukosavlje,Ž,Drugi jezici,48
2013,Broj,Gacko,Ukupno,Drugi jezici,9
2013,Broj,Gacko,M,Drugi jezici,5
2013,Broj,Gacko,Ž,Drugi jezici,4
2013,Broj,Grad Gradiška,Ukupno,Drugi jezici,1025
2013,Broj,Grad Gradiška,M,Drugi jezici,481
2013,Broj,Grad Gradiška,Ž,Drugi jezici,544
2013,Broj,Grad Derventa,Ukupno,Drugi jezici,447
2013,Broj,Grad Derventa,M,Drugi jezici,196
2013,Broj,Grad Derventa,Ž,Drugi jezici,251
2013,Broj,Grad Doboj,Ukupno,Drugi jezici,1380
2013,Broj,Grad Doboj,M,Drugi jezici,644
2013,Broj,Grad Doboj,Ž,Drugi jezici,736
2013,Broj,Donji Žabar,Ukupno,Drugi jezici,15
2013,Broj,Donji Žabar,M,Drugi jezici,4
2013,Broj,Donji Žabar,Ž,Drugi jezici,11
2013,Broj,Grad Zvornik,Ukupno,Drugi jezici,116
2013,Broj,Grad Zvornik,M,Drugi jezici,48
2013,Broj,Grad Zvornik,Ž,Drugi jezici,68
2013,Broj,Istočna Ilidža,Ukupno,Drugi jezici,125
2013,Broj,Istočna Ilidža,M,Drugi jezici,50
2013,Broj,Istočna Ilidža,Ž,Drugi jezici,75
2013,Broj,Istočni Drvar,Ukupno,Drugi jezici,0
2013,Broj,Istočni Drvar,M,Drugi jezici,0
2013,Broj,Istočni Drvar,Ž,Drugi jezici,0
2013,Broj,Istočni Mostar,Ukupno,Drugi jezici,0
2013,Broj,Istočni Mostar,M,Drugi jezici,0
2013,Broj,Istočni Mostar,Ž,Drugi jezici,0
2013,Broj,Istočni Stari Grad,Ukupno,Drugi jezici,6
2013,Broj,Istočni Stari Grad,M,Drugi jezici,2
2013,Broj,Istočni Stari Grad,Ž,Drugi jezici,4
2013,Broj,Istočno Novo Sarajevo,Ukupno,Drugi jezici,199
2013,Broj,Istočno Novo Sarajevo,M,Drugi jezici,86
2013,Broj,Istočno Novo Sarajevo,Ž,Drugi jezici,113
2013,Broj,Jezero,Ukupno,Drugi jezici,1
2013,Broj,Jezero,M,Drugi jezici,1
2013,Broj,Jezero,Ž,Drugi jezici,0
2013,Broj,Kalinovik,Ukupno,Drugi jezici,11
2013,Broj,Kalinovik,M,Drugi jezici,8
2013,Broj,Kalinovik,Ž,Drugi jezici,3
2013,Broj,Kneževo,Ukupno,Drugi jezici,30
2013,Broj,Kneževo,M,Drugi jezici,8
2013,Broj,Kneževo,Ž,Drugi jezici,22
2013,Broj,Kozarska Dubica,Ukupno,Drugi jezici,209
2013,Broj,Kozarska Dubica,M,Drugi jezici,89
2013,Broj,Kozarska Dubica,Ž,Drugi jezici,120
2013,Broj,Kostajnica,Ukupno,Drugi jezici,112
2013,Broj,Kostajnica,M,Drugi jezici,51
2013,Broj,Kostajnica,Ž,Drugi jezici,61
2013,Broj,Kotor Varoš,Ukupno,Drugi jezici,181
2013,Broj,Kotor Varoš,M,Drugi jezici,75
2013,Broj,Kotor Varoš,Ž,Drugi jezici,106
2013,Broj,Krupa Na Uni,Ukupno,Drugi jezici,0
2013,Broj,Krupa Na Uni,M,Drugi jezici,0
2013,Broj,Krupa Na Uni,Ž,Drugi jezici,0
2013,Broj,Kupres,Ukupno,Drugi jezici,3
2013,Broj,Kupres,M,Drugi jezici,2
2013,Broj,Kupres,Ž,Drugi jezici,1
2013,Broj,Laktaši,Ukupno,Drugi jezici,578
2013,Broj,Laktaši,M,Drugi jezici,286
2013,Broj,Laktaši,Ž,Drugi jezici,292
2013,Broj,Lopare,Ukupno,Drugi jezici,28
2013,Broj,Lopare,M,Drugi jezici,9
2013,Broj,Lopare,Ž,Drugi jezici,19
2013,Broj,Ljubinje,Ukupno,Drugi jezici,3
2013,Broj,Ljubinje,M,Drugi jezici,1
2013,Broj,Ljubinje,Ž,Drugi jezici,2
2013,Broj,Milići,Ukupno,Drugi jezici,9
2013,Broj,Milići,M,Drugi jezici,1
2013,Broj,Milići,Ž,Drugi jezici,8
2013,Broj,Modriča,Ukupno,Drugi jezici,470
2013,Broj,Modriča,M,Drugi jezici,208
2013,Broj,Modriča,Ž,Drugi jezici,262
2013,Broj,Mrkonjić Grad,Ukupno,Drugi jezici,97
2013,Broj,Mrkonjić Grad,M,Drugi jezici,52
2013,Broj,Mrkonjić Grad,Ž,Drugi jezici,45
2013,Broj,Nevesinje,Ukupno,Drugi jezici,17
2013,Broj,Nevesinje,M,Drugi jezici,4
2013,Broj,Nevesinje,Ž,Drugi jezici,13
2013,Broj,Novi Grad,Ukupno,Drugi jezici,263
2013,Broj,Novi Grad,M,Drugi jezici,108
2013,Broj,Novi Grad,Ž,Drugi jezici,155
2013,Broj,Novo Goražde,Ukupno,Drugi jezici,4
2013,Broj,Novo Goražde,M,Drugi jezici,3
2013,Broj,Novo Goražde,Ž,Drugi jezici,1
2013,Broj,Osmaci,Ukupno,Drugi jezici,8
2013,Broj,Osmaci,M,Drugi jezici,1
2013,Broj,Osmaci,Ž,Drugi jezici,7
2013,Broj,Oštra Luka,Ukupno,Drugi jezici,32
2013,Broj,Oštra Luka,M,Drugi jezici,16
2013,Broj,Oštra Luka,Ž,Drugi jezici,16
2013,Broj,Pale,Ukupno,Drugi jezici,108
2013,Broj,Pale,M,Drugi jezici,42
2013,Broj,Pale,Ž,Drugi jezici,66
2013,Broj,Pelagićevo,Ukupno,Drugi jezici,30
2013,Broj,Pelagićevo,M,Drugi jezici,12
2013,Broj,Pelagićevo,Ž,Drugi jezici,18
2013,Broj,Petrovac,Ukupno,Drugi jezici,1
2013,Broj,Petrovac,M,Drugi jezici,0
2013,Broj,Petrovac,Ž,Drugi jezici,1
2013,Broj,Petrovo,Ukupno,Drugi jezici,41
2013,Broj,Petrovo,M,Drugi jezici,15
2013,Broj,Petrovo,Ž,Drugi jezici,26
2013,Broj,Grad Prijedor,Ukupno,Drugi jezici,1883
2013,Broj,Grad Prijedor,M,Drugi jezici,879
2013,Broj,Grad Prijedor,Ž,Drugi jezici,1004
2013,Broj,Prnjavor,Ukupno,Drugi jezici,1131
2013,Broj,Prnjavor,M,Drugi jezici,565
2013,Broj,Prnjavor,Ž,Drugi jezici,566
2013,Broj,Ribnik,Ukupno,Drugi jezici,13
2013,Broj,Ribnik,M,Drugi jezici,5
2013,Broj,Ribnik,Ž,Drugi jezici,8
2013,Broj,Rogatica,Ukupno,Drugi jezici,35
2013,Broj,Rogatica,M,Drugi jezici,17
2013,Broj,Rogatica,Ž,Drugi jezici,18
2013,Broj,Rudo,Ukupno,Drugi jezici,8
2013,Broj,Rudo,M,Drugi jezici,3
2013,Broj,Rudo,Ž,Drugi jezici,5
2013,Broj,Sokolac,Ukupno,Drugi jezici,35
2013,Broj,Sokolac,M,Drugi jezici,9
2013,Broj,Sokolac,Ž,Drugi jezici,26
2013,Broj,Srbac,Ukupno,Drugi jezici,180
2013,Broj,Srbac,M,Drugi jezici,91
2013,Broj,Srbac,Ž,Drugi jezici,89
2013,Broj,Srebrenica,Ukupno,Drugi jezici,49
2013,Broj,Srebrenica,M,Drugi jezici,32
2013,Broj,Srebrenica,Ž,Drugi jezici,17
2013,Broj,Teslić,Ukupno,Drugi jezici,864
2013,Broj,Teslić,M,Drugi jezici,390
2013,Broj,Teslić,Ž,Drugi jezici,474
2013,Broj,Grad Trebinje,Ukupno,Drugi jezici,269
2013,Broj,Grad Trebinje,M,Drugi jezici,101
2013,Broj,Grad Trebinje,Ž,Drugi jezici,168
2013,Broj,Trnovo,Ukupno,Drugi jezici,8
2013,Broj,Trnovo,M,Drugi jezici,5
2013,Broj,Trnovo,Ž,Drugi jezici,3
2013,Broj,Ugljevik,Ukupno,Drugi jezici,36
2013,Broj,Ugljevik,M,Drugi jezici,15
2013,Broj,Ugljevik,Ž,Drugi jezici,21
2013,Broj,Foča,Ukupno,Drugi jezici,63
2013,Broj,Foča,M,Drugi jezici,35
2013,Broj,Foča,Ž,Drugi jezici,28
2013,Broj,Han Pijesak,Ukupno,Drugi jezici,7
2013,Broj,Han Pijesak,M,Drugi jezici,6
2013,Broj,Han Pijesak,Ž,Drugi jezici,1
2013,Broj,Čajniče,Ukupno,Drugi jezici,12
2013,Broj,Čajniče,M,Drugi jezici,6
2013,Broj,Čajniče,Ž,Drugi jezici,6
2013,Broj,Čelinac,Ukupno,Drugi jezici,74
2013,Broj,Čelinac,M,Drugi jezici,26
2013,Broj,Čelinac,Ž,Drugi jezici,48
2013,Broj,Šamac,Ukupno,Drugi jezici,277
2013,Broj,Šamac,M,Drugi jezici,116
2013,Broj,Šamac,Ž,Drugi jezici,161
2013,Broj,Šekovići,Ukupno,Drugi jezici,11
2013,Broj,Šekovići,M,Drugi jezici,4
2013,Broj,Šekovići,Ž,Drugi jezici,7
2013,Broj,Šipovo,Ukupno,Drugi jezici,26
2013,Broj,Šipovo,M,Drugi jezici,17
2013,Broj,Šipovo,Ž,Drugi jezici,9
2013,Broj,Republika Srpska,Ukupno,Nepoznat jezik,2502
2013,Broj,Republika Srpska,M,Nepoznat jezik,1156
2013,Broj,Republika Srpska,Ž,Nepoznat jezik,1346
2013,Broj,Grad Banja Luka,Ukupno,Nepoznat jezik,411
2013,Broj,Grad Banja Luka,M,Nepoznat jezik,189
2013,Broj,Grad Banja Luka,Ž,Nepoznat jezik,222
2013,Broj,Berkovići,Ukupno,Nepoznat jezik,2
2013,Broj,Berkovići,M,Nepoznat jezik,0
2013,Broj,Berkovići,Ž,Nepoznat jezik,2
2013,Broj,Grad Bijeljina,Ukupno,Nepoznat jezik,124
2013,Broj,Grad Bijeljina,M,Nepoznat jezik,51
2013,Broj,Grad Bijeljina,Ž,Nepoznat jezik,73
2013,Broj,Bileća,Ukupno,Nepoznat jezik,14
2013,Broj,Bileća,M,Nepoznat jezik,7
2013,Broj,Bileća,Ž,Nepoznat jezik,7
2013,Broj,Bratunac,Ukupno,Nepoznat jezik,46
2013,Broj,Bratunac,M,Nepoznat jezik,21
2013,Broj,Bratunac,Ž,Nepoznat jezik,25
2013,Broj,Brod,Ukupno,Nepoznat jezik,44
2013,Broj,Brod,M,Nepoznat jezik,20
2013,Broj,Brod,Ž,Nepoznat jezik,24
2013,Broj,Višegrad,Ukupno,Nepoznat jezik,178
2013,Broj,Višegrad,M,Nepoznat jezik,2
2013,Broj,Višegrad,Ž,Nepoznat jezik,176
2013,Broj,Vlasenica,Ukupno,Nepoznat jezik,29
2013,Broj,Vlasenica,M,Nepoznat jezik,14
2013,Broj,Vlasenica,Ž,Nepoznat jezik,15
2013,Broj,Vukosavlje,Ukupno,Nepoznat jezik,15
2013,Broj,Vukosavlje,M,Nepoznat jezik,2
2013,Broj,Vukosavlje,Ž,Nepoznat jezik,13
2013,Broj,Gacko,Ukupno,Nepoznat jezik,10
2013,Broj,Gacko,M,Nepoznat jezik,2
2013,Broj,Gacko,Ž,Nepoznat jezik,8
2013,Broj,Grad Gradiška,Ukupno,Nepoznat jezik,85
2013,Broj,Grad Gradiška,M,Nepoznat jezik,39
2013,Broj,Grad Gradiška,Ž,Nepoznat jezik,46
2013,Broj,Grad Derventa,Ukupno,Nepoznat jezik,74
2013,Broj,Grad Derventa,M,Nepoznat jezik,33
2013,Broj,Grad Derventa,Ž,Nepoznat jezik,41
2013,Broj,Grad Doboj,Ukupno,Nepoznat jezik,178
2013,Broj,Grad Doboj,M,Nepoznat jezik,70
2013,Broj,Grad Doboj,Ž,Nepoznat jezik,108
2013,Broj,Donji Žabar,Ukupno,Nepoznat jezik,6
2013,Broj,Donji Žabar,M,Nepoznat jezik,4
2013,Broj,Donji Žabar,Ž,Nepoznat jezik,2
2013,Broj,Grad Zvornik,Ukupno,Nepoznat jezik,119
2013,Broj,Grad Zvornik,M,Nepoznat jezik,52
2013,Broj,Grad Zvornik,Ž,Nepoznat jezik,67
2013,Broj,Istočna Ilidža,Ukupno,Nepoznat jezik,13
2013,Broj,Istočna Ilidža,M,Nepoznat jezik,7
2013,Broj,Istočna Ilidža,Ž,Nepoznat jezik,6
2013,Broj,Istočni Drvar,Ukupno,Nepoznat jezik,0
2013,Broj,Istočni Drvar,M,Nepoznat jezik,0
2013,Broj,Istočni Drvar,Ž,Nepoznat jezik,0
2013,Broj,Istočni Mostar,Ukupno,Nepoznat jezik,3
2013,Broj,Istočni Mostar,M,Nepoznat jezik,1
2013,Broj,Istočni Mostar,Ž,Nepoznat jezik,2
2013,Broj,Istočni Stari Grad,Ukupno,Nepoznat jezik,2
2013,Broj,Istočni Stari Grad,M,Nepoznat jezik,2
2013,Broj,Istočni Stari Grad,Ž,Nepoznat jezik,0
2013,Broj,Istočno Novo Sarajevo,Ukupno,Nepoznat jezik,9
2013,Broj,Istočno Novo Sarajevo,M,Nepoznat jezik,2
2013,Broj,Istočno Novo Sarajevo,Ž,Nepoznat jezik,7
2013,Broj,Jezero,Ukupno,Nepoznat jezik,1
2013,Broj,Jezero,M,Nepoznat jezik,1
2013,Broj,Jezero,Ž,Nepoznat jezik,0
2013,Broj,Kalinovik,Ukupno,Nepoznat jezik,4
2013,Broj,Kalinovik,M,Nepoznat jezik,2
2013,Broj,Kalinovik,Ž,Nepoznat jezik,2
2013,Broj,Kneževo,Ukupno,Nepoznat jezik,8
2013,Broj,Kneževo,M,Nepoznat jezik,4
2013,Broj,Kneževo,Ž,Nepoznat jezik,4
2013,Broj,Kozarska Dubica,Ukupno,Nepoznat jezik,23
2013,Broj,Kozarska Dubica,M,Nepoznat jezik,10
2013,Broj,Kozarska Dubica,Ž,Nepoznat jezik,13
2013,Broj,Kostajnica,Ukupno,Nepoznat jezik,3
2013,Broj,Kostajnica,M,Nepoznat jezik,1
2013,Broj,Kostajnica,Ž,Nepoznat jezik,2
2013,Broj,Kotor Varoš,Ukupno,Nepoznat jezik,23
2013,Broj,Kotor Varoš,M,Nepoznat jezik,15
2013,Broj,Kotor Varoš,Ž,Nepoznat jezik,8
2013,Broj,Krupa Na Uni,Ukupno,Nepoznat jezik,0
2013,Broj,Krupa Na Uni,M,Nepoznat jezik,0
2013,Broj,Krupa Na Uni,Ž,Nepoznat jezik,0
2013,Broj,Kupres,Ukupno,Nepoznat jezik,0
2013,Broj,Kupres,M,Nepoznat jezik,0
2013,Broj,Kupres,Ž,Nepoznat jezik,0
2013,Broj,Laktaši,Ukupno,Nepoznat jezik,82
2013,Broj,Laktaši,M,Nepoznat jezik,36
2013,Broj,Laktaši,Ž,Nepoznat jezik,46
2013,Broj,Lopare,Ukupno,Nepoznat jezik,24
2013,Broj,Lopare,M,Nepoznat jezik,12
2013,Broj,Lopare,Ž,Nepoznat jezik,12
2013,Broj,Ljubinje,Ukupno,Nepoznat jezik,4
2013,Broj,Ljubinje,M,Nepoznat jezik,2
2013,Broj,Ljubinje,Ž,Nepoznat jezik,2
2013,Broj,Milići,Ukupno,Nepoznat jezik,11
2013,Broj,Milići,M,Nepoznat jezik,4
2013,Broj,Milići,Ž,Nepoznat jezik,7
2013,Broj,Modriča,Ukupno,Nepoznat jezik,133
2013,Broj,Modriča,M,Nepoznat jezik,71
2013,Broj,Modriča,Ž,Nepoznat jezik,62
2013,Broj,Mrkonjić Grad,Ukupno,Nepoznat jezik,16
2013,Broj,Mrkonjić Grad,M,Nepoznat jezik,7
2013,Broj,Mrkonjić Grad,Ž,Nepoznat jezik,9
2013,Broj,Nevesinje,Ukupno,Nepoznat jezik,17
2013,Broj,Nevesinje,M,Nepoznat jezik,5
2013,Broj,Nevesinje,Ž,Nepoznat jezik,12
2013,Broj,Novi Grad,Ukupno,Nepoznat jezik,36
2013,Broj,Novi Grad,M,Nepoznat jezik,20
2013,Broj,Novi Grad,Ž,Nepoznat jezik,16
2013,Broj,Novo Goražde,Ukupno,Nepoznat jezik,8
2013,Broj,Novo Goražde,M,Nepoznat jezik,3
2013,Broj,Novo Goražde,Ž,Nepoznat jezik,5
2013,Broj,Osmaci,Ukupno,Nepoznat jezik,5
2013,Broj,Osmaci,M,Nepoznat jezik,2
2013,Broj,Osmaci,Ž,Nepoznat jezik,3
2013,Broj,Oštra Luka,Ukupno,Nepoznat jezik,2
2013,Broj,Oštra Luka,M,Nepoznat jezik,2
2013,Broj,Oštra Luka,Ž,Nepoznat jezik,0
2013,Broj,Pale,Ukupno,Nepoznat jezik,11
2013,Broj,Pale,M,Nepoznat jezik,8
2013,Broj,Pale,Ž,Nepoznat jezik,3
2013,Broj,Pelagićevo,Ukupno,Nepoznat jezik,5
2013,Broj,Pelagićevo,M,Nepoznat jezik,1
2013,Broj,Pelagićevo,Ž,Nepoznat jezik,4
2013,Broj,Petrovac,Ukupno,Nepoznat jezik,0
2013,Broj,Petrovac,M,Nepoznat jezik,0
2013,Broj,Petrovac,Ž,Nepoznat jezik,0
2013,Broj,Petrovo,Ukupno,Nepoznat jezik,5
2013,Broj,Petrovo,M,Nepoznat jezik,2
2013,Broj,Petrovo,Ž,Nepoznat jezik,3
2013,Broj,Grad Prijedor,Ukupno,Nepoznat jezik,394
2013,Broj,Grad Prijedor,M,Nepoznat jezik,269
2013,Broj,Grad Prijedor,Ž,Nepoznat jezik,125
2013,Broj,Prnjavor,Ukupno,Nepoznat jezik,50
2013,Broj,Prnjavor,M,Nepoznat jezik,20
2013,Broj,Prnjavor,Ž,Nepoznat jezik,30
2013,Broj,Ribnik,Ukupno,Nepoznat jezik,3
2013,Broj,Ribnik,M,Nepoznat jezik,3
2013,Broj,Ribnik,Ž,Nepoznat jezik,0
2013,Broj,Rogatica,Ukupno,Nepoznat jezik,5
2013,Broj,Rogatica,M,Nepoznat jezik,2
2013,Broj,Rogatica,Ž,Nepoznat jezik,3
2013,Broj,Rudo,Ukupno,Nepoznat jezik,5
2013,Broj,Rudo,M,Nepoznat jezik,2
2013,Broj,Rudo,Ž,Nepoznat jezik,3
2013,Broj,Sokolac,Ukupno,Nepoznat jezik,21
2013,Broj,Sokolac,M,Nepoznat jezik,7
2013,Broj,Sokolac,Ž,Nepoznat jezik,14
2013,Broj,Srbac,Ukupno,Nepoznat jezik,41
2013,Broj,Srbac,M,Nepoznat jezik,21
2013,Broj,Srbac,Ž,Nepoznat jezik,20
2013,Broj,Srebrenica,Ukupno,Nepoznat jezik,29
2013,Broj,Srebrenica,M,Nepoznat jezik,14
2013,Broj,Srebrenica,Ž,Nepoznat jezik,15
2013,Broj,Teslić,Ukupno,Nepoznat jezik,58
2013,Broj,Teslić,M,Nepoznat jezik,27
2013,Broj,Teslić,Ž,Nepoznat jezik,31
2013,Broj,Grad Trebinje,Ukupno,Nepoznat jezik,21
2013,Broj,Grad Trebinje,M,Nepoznat jezik,13
2013,Broj,Grad Trebinje,Ž,Nepoznat jezik,8
2013,Broj,Trnovo,Ukupno,Nepoznat jezik,1
2013,Broj,Trnovo,M,Nepoznat jezik,0
2013,Broj,Trnovo,Ž,Nepoznat jezik,1
2013,Broj,Ugljevik,Ukupno,Nepoznat jezik,16
2013,Broj,Ugljevik,M,Nepoznat jezik,13
2013,Broj,Ugljevik,Ž,Nepoznat jezik,3
2013,Broj,Foča,Ukupno,Nepoznat jezik,17
2013,Broj,Foča,M,Nepoznat jezik,9
2013,Broj,Foča,Ž,Nepoznat jezik,8
2013,Broj,Han Pijesak,Ukupno,Nepoznat jezik,0
2013,Broj,Han Pijesak,M,Nepoznat jezik,0
2013,Broj,Han Pijesak,Ž,Nepoznat jezik,0
2013,Broj,Čajniče,Ukupno,Nepoznat jezik,5
2013,Broj,Čajniče,M,Nepoznat jezik,2
2013,Broj,Čajniče,Ž,Nepoznat jezik,3
2013,Broj,Čelinac,Ukupno,Nepoznat jezik,15
2013,Broj,Čelinac,M,Nepoznat jezik,7
2013,Broj,Čelinac,Ž,Nepoznat jezik,8
2013,Broj,Šamac,Ukupno,Nepoznat jezik,21
2013,Broj,Šamac,M,Nepoznat jezik,12
2013,Broj,Šamac,Ž,Nepoznat jezik,9
2013,Broj,Šekovići,Ukupno,Nepoznat jezik,9
2013,Broj,Šekovići,M,Nepoznat jezik,3
2013,Broj,Šekovići,Ž,Nepoznat jezik,6
2013,Broj,Šipovo,Ukupno,Nepoznat jezik,8
2013,Broj,Šipovo,M,Nepoznat jezik,6
2013,Broj,Šipovo,Ž,Nepoznat jezik,2
