Year,UNIT_MEASURE,Grad/opština,Pol,Vjeroispovjest,Value
2013,Broj,Republika Srpska,Ukupno,Ukupno,1170342
2013,Broj,Republika Srpska,M,Ukupno,571812
2013,Broj,Republika Srpska,Ž,Ukupno,598530
2013,Broj,Grad Banja Luka,Ukupno,Ukupno,180053
2013,Broj,Grad Banja Luka,M,Ukupno,86510
2013,Broj,Grad Banja Luka,Ž,Ukupno,93543
2013,Broj,Berkovići,Ukupno,Ukupno,2041
2013,Broj,Berkovići,M,Ukupno,1032
2013,Broj,Berkovići,Ž,Ukupno,1009
2013,Broj,Grad Bijeljina,Ukupno,Ukupno,103874
2013,Broj,Grad Bijeljina,M,Ukupno,50760
2013,Broj,Grad Bijeljina,Ž,Ukupno,53114
2013,Broj,Bileća,Ukupno,Ukupno,10607
2013,Broj,Bileća,M,Ukupno,5346
2013,Broj,Bileća,Ž,Ukupno,5261
2013,Broj,Bratunac,Ukupno,Ukupno,18651
2013,Broj,Bratunac,M,Ukupno,9210
2013,Broj,Bratunac,Ž,Ukupno,9441
2013,Broj,Brod,Ukupno,Ukupno,15720
2013,Broj,Brod,M,Ukupno,7670
2013,Broj,Brod,Ž,Ukupno,8050
2013,Broj,Višegrad,Ukupno,Ukupno,10118
2013,Broj,Višegrad,M,Ukupno,4834
2013,Broj,Višegrad,Ž,Ukupno,5284
2013,Broj,Vlasenica,Ukupno,Ukupno,10657
2013,Broj,Vlasenica,M,Ukupno,5193
2013,Broj,Vlasenica,Ž,Ukupno,5464
2013,Broj,Vukosavlje,Ukupno,Ukupno,4363
2013,Broj,Vukosavlje,M,Ukupno,2185
2013,Broj,Vukosavlje,Ž,Ukupno,2178
2013,Broj,Gacko,Ukupno,Ukupno,8710
2013,Broj,Gacko,M,Ukupno,4423
2013,Broj,Gacko,Ž,Ukupno,4287
2013,Broj,Grad Gradiška,Ukupno,Ukupno,49196
2013,Broj,Grad Gradiška,M,Ukupno,23944
2013,Broj,Grad Gradiška,Ž,Ukupno,25252
2013,Broj,Grad Derventa,Ukupno,Ukupno,25922
2013,Broj,Grad Derventa,M,Ukupno,12629
2013,Broj,Grad Derventa,Ž,Ukupno,13293
2013,Broj,Grad Doboj,Ukupno,Ukupno,68514
2013,Broj,Grad Doboj,M,Ukupno,33222
2013,Broj,Grad Doboj,Ž,Ukupno,35292
2013,Broj,Donji Žabar,Ukupno,Ukupno,3669
2013,Broj,Donji Žabar,M,Ukupno,1853
2013,Broj,Donji Žabar,Ž,Ukupno,1816
2013,Broj,Grad Zvornik,Ukupno,Ukupno,54407
2013,Broj,Grad Zvornik,M,Ukupno,26803
2013,Broj,Grad Zvornik,Ž,Ukupno,27604
2013,Broj,Istočna Ilidža,Ukupno,Ukupno,14437
2013,Broj,Istočna Ilidža,M,Ukupno,6905
2013,Broj,Istočna Ilidža,Ž,Ukupno,7532
2013,Broj,Istočni Drvar,Ukupno,Ukupno,66
2013,Broj,Istočni Drvar,M,Ukupno,44
2013,Broj,Istočni Drvar,Ž,Ukupno,22
2013,Broj,Istočni Mostar,Ukupno,Ukupno,244
2013,Broj,Istočni Mostar,M,Ukupno,138
2013,Broj,Istočni Mostar,Ž,Ukupno,106
2013,Broj,Istočni Stari Grad,Ukupno,Ukupno,1116
2013,Broj,Istočni Stari Grad,M,Ukupno,552
2013,Broj,Istočni Stari Grad,Ž,Ukupno,564
2013,Broj,Istočno Novo Sarajevo,Ukupno,Ukupno,10401
2013,Broj,Istočno Novo Sarajevo,M,Ukupno,4936
2013,Broj,Istočno Novo Sarajevo,Ž,Ukupno,5465
2013,Broj,Jezero,Ukupno,Ukupno,1039
2013,Broj,Jezero,M,Ukupno,534
2013,Broj,Jezero,Ž,Ukupno,505
2013,Broj,Kalinovik,Ukupno,Ukupno,1962
2013,Broj,Kalinovik,M,Ukupno,950
2013,Broj,Kalinovik,Ž,Ukupno,1012
2013,Broj,Kneževo,Ukupno,Ukupno,9368
2013,Broj,Kneževo,M,Ukupno,4632
2013,Broj,Kneževo,Ž,Ukupno,4736
2013,Broj,Kozarska Dubica,Ukupno,Ukupno,20681
2013,Broj,Kozarska Dubica,M,Ukupno,10094
2013,Broj,Kozarska Dubica,Ž,Ukupno,10587
2013,Broj,Kostajnica,Ukupno,Ukupno,5645
2013,Broj,Kostajnica,M,Ukupno,2780
2013,Broj,Kostajnica,Ž,Ukupno,2865
2013,Broj,Kotor Varoš,Ukupno,Ukupno,18361
2013,Broj,Kotor Varoš,M,Ukupno,9007
2013,Broj,Kotor Varoš,Ž,Ukupno,9354
2013,Broj,Krupa Na Uni,Ukupno,Ukupno,1560
2013,Broj,Krupa Na Uni,M,Ukupno,841
2013,Broj,Krupa Na Uni,Ž,Ukupno,719
2013,Broj,Kupres,Ukupno,Ukupno,293
2013,Broj,Kupres,M,Ukupno,157
2013,Broj,Kupres,Ž,Ukupno,136
2013,Broj,Laktaši,Ukupno,Ukupno,34210
2013,Broj,Laktaši,M,Ukupno,16905
2013,Broj,Laktaši,Ž,Ukupno,17305
2013,Broj,Lopare,Ukupno,Ukupno,14689
2013,Broj,Lopare,M,Ukupno,7377
2013,Broj,Lopare,Ž,Ukupno,7312
2013,Broj,Ljubinje,Ukupno,Ukupno,3319
2013,Broj,Ljubinje,M,Ukupno,1633
2013,Broj,Ljubinje,Ž,Ukupno,1686
2013,Broj,Milići,Ukupno,Ukupno,10445
2013,Broj,Milići,M,Ukupno,5252
2013,Broj,Milići,Ž,Ukupno,5193
2013,Broj,Modriča,Ukupno,Ukupno,24490
2013,Broj,Modriča,M,Ukupno,11969
2013,Broj,Modriča,Ž,Ukupno,12521
2013,Broj,Mrkonjić Grad,Ukupno,Ukupno,15926
2013,Broj,Mrkonjić Grad,M,Ukupno,7660
2013,Broj,Mrkonjić Grad,Ž,Ukupno,8266
2013,Broj,Nevesinje,Ukupno,Ukupno,12542
2013,Broj,Nevesinje,M,Ukupno,6236
2013,Broj,Nevesinje,Ž,Ukupno,6306
2013,Broj,Novi Grad,Ukupno,Ukupno,25240
2013,Broj,Novi Grad,M,Ukupno,12580
2013,Broj,Novi Grad,Ž,Ukupno,12660
2013,Broj,Novo Goražde,Ukupno,Ukupno,2915
2013,Broj,Novo Goražde,M,Ukupno,1500
2013,Broj,Novo Goražde,Ž,Ukupno,1415
2013,Broj,Osmaci,Ukupno,Ukupno,5546
2013,Broj,Osmaci,M,Ukupno,2779
2013,Broj,Osmaci,Ž,Ukupno,2767
2013,Broj,Oštra Luka,Ukupno,Ukupno,2705
2013,Broj,Oštra Luka,M,Ukupno,1386
2013,Broj,Oštra Luka,Ž,Ukupno,1319
2013,Broj,Pale,Ukupno,Ukupno,20359
2013,Broj,Pale,M,Ukupno,9744
2013,Broj,Pale,Ž,Ukupno,10615
2013,Broj,Pelagićevo,Ukupno,Ukupno,4358
2013,Broj,Pelagićevo,M,Ukupno,2151
2013,Broj,Pelagićevo,Ž,Ukupno,2207
2013,Broj,Petrovac,Ukupno,Ukupno,354
2013,Broj,Petrovac,M,Ukupno,169
2013,Broj,Petrovac,Ž,Ukupno,185
2013,Broj,Petrovo,Ukupno,Ukupno,6317
2013,Broj,Petrovo,M,Ukupno,3043
2013,Broj,Petrovo,Ž,Ukupno,3274
2013,Broj,Grad Prijedor,Ukupno,Ukupno,80916
2013,Broj,Grad Prijedor,M,Ukupno,39418
2013,Broj,Grad Prijedor,Ž,Ukupno,41498
2013,Broj,Prnjavor,Ukupno,Ukupno,34357
2013,Broj,Prnjavor,M,Ukupno,16675
2013,Broj,Prnjavor,Ž,Ukupno,17682
2013,Broj,Ribnik,Ukupno,Ukupno,5851
2013,Broj,Ribnik,M,Ukupno,2900
2013,Broj,Ribnik,Ž,Ukupno,2951
2013,Broj,Rogatica,Ukupno,Ukupno,10302
2013,Broj,Rogatica,M,Ukupno,5053
2013,Broj,Rogatica,Ž,Ukupno,5249
2013,Broj,Rudo,Ukupno,Ukupno,7578
2013,Broj,Rudo,M,Ukupno,3840
2013,Broj,Rudo,Ž,Ukupno,3738
2013,Broj,Sokolac,Ukupno,Ukupno,11620
2013,Broj,Sokolac,M,Ukupno,5723
2013,Broj,Sokolac,Ž,Ukupno,5897
2013,Broj,Srbac,Ukupno,Ukupno,16933
2013,Broj,Srbac,M,Ukupno,8295
2013,Broj,Srbac,Ž,Ukupno,8638
2013,Broj,Srebrenica,Ukupno,Ukupno,11698
2013,Broj,Srebrenica,M,Ukupno,5714
2013,Broj,Srebrenica,Ž,Ukupno,5984
2013,Broj,Teslić,Ukupno,Ukupno,37236
2013,Broj,Teslić,M,Ukupno,17894
2013,Broj,Teslić,Ž,Ukupno,19342
2013,Broj,Grad Trebinje,Ukupno,Ukupno,28239
2013,Broj,Grad Trebinje,M,Ukupno,13760
2013,Broj,Grad Trebinje,Ž,Ukupno,14479
2013,Broj,Trnovo,Ukupno,Ukupno,1983
2013,Broj,Trnovo,M,Ukupno,953
2013,Broj,Trnovo,Ž,Ukupno,1030
2013,Broj,Ugljevik,Ukupno,Ukupno,15118
2013,Broj,Ugljevik,M,Ukupno,7626
2013,Broj,Ugljevik,Ž,Ukupno,7492
2013,Broj,Foča,Ukupno,Ukupno,17580
2013,Broj,Foča,M,Ukupno,8880
2013,Broj,Foča,Ž,Ukupno,8700
2013,Broj,Han Pijesak,Ukupno,Ukupno,3445
2013,Broj,Han Pijesak,M,Ukupno,1632
2013,Broj,Han Pijesak,Ž,Ukupno,1813
2013,Broj,Čajniče,Ukupno,Ukupno,4679
2013,Broj,Čajniče,M,Ukupno,2347
2013,Broj,Čajniče,Ž,Ukupno,2332
2013,Broj,Čelinac,Ukupno,Ukupno,15117
2013,Broj,Čelinac,M,Ukupno,7477
2013,Broj,Čelinac,Ž,Ukupno,7640
2013,Broj,Šamac,Ukupno,Ukupno,16308
2013,Broj,Šamac,M,Ukupno,7908
2013,Broj,Šamac,Ž,Ukupno,8400
2013,Broj,Šekovići,Ukupno,Ukupno,6323
2013,Broj,Šekovići,M,Ukupno,3103
2013,Broj,Šekovići,Ž,Ukupno,3220
2013,Broj,Šipovo,Ukupno,Ukupno,9969
2013,Broj,Šipovo,M,Ukupno,5046
2013,Broj,Šipovo,Ž,Ukupno,4923
2013,Broj,Republika Srpska,Ukupno,Islamska,149435
2013,Broj,Republika Srpska,M,Islamska,72605
2013,Broj,Republika Srpska,Ž,Islamska,76830
2013,Broj,Grad Banja Luka,Ukupno,Islamska,6693
2013,Broj,Grad Banja Luka,M,Islamska,3053
2013,Broj,Grad Banja Luka,Ž,Islamska,3640
2013,Broj,Berkovići,Ukupno,Islamska,155
2013,Broj,Berkovići,M,Islamska,87
2013,Broj,Berkovići,Ž,Islamska,68
2013,Broj,Grad Bijeljina,Ukupno,Islamska,12055
2013,Broj,Grad Bijeljina,M,Islamska,5902
2013,Broj,Grad Bijeljina,Ž,Islamska,6153
2013,Broj,Bileća,Ukupno,Islamska,23
2013,Broj,Bileća,M,Islamska,14
2013,Broj,Bileća,Ž,Islamska,9
2013,Broj,Bratunac,Ukupno,Islamska,6591
2013,Broj,Bratunac,M,Islamska,3220
2013,Broj,Bratunac,Ž,Islamska,3371
2013,Broj,Brod,Ukupno,Islamska,1311
2013,Broj,Brod,M,Islamska,646
2013,Broj,Brod,Ž,Islamska,665
2013,Broj,Višegrad,Ukupno,Islamska,876
2013,Broj,Višegrad,M,Islamska,443
2013,Broj,Višegrad,Ž,Islamska,433
2013,Broj,Vlasenica,Ukupno,Islamska,3354
2013,Broj,Vlasenica,M,Islamska,1645
2013,Broj,Vlasenica,Ž,Islamska,1709
2013,Broj,Vukosavlje,Ukupno,Islamska,2154
2013,Broj,Vukosavlje,M,Islamska,1105
2013,Broj,Vukosavlje,Ž,Islamska,1049
2013,Broj,Gacko,Ukupno,Islamska,330
2013,Broj,Gacko,M,Islamska,178
2013,Broj,Gacko,Ž,Islamska,152
2013,Broj,Grad Gradiška,Ukupno,Islamska,6619
2013,Broj,Grad Gradiška,M,Islamska,3214
2013,Broj,Grad Gradiška,Ž,Islamska,3405
2013,Broj,Grad Derventa,Ukupno,Islamska,1709
2013,Broj,Grad Derventa,M,Islamska,820
2013,Broj,Grad Derventa,Ž,Islamska,889
2013,Broj,Grad Doboj,Ukupno,Islamska,14342
2013,Broj,Grad Doboj,M,Islamska,6861
2013,Broj,Grad Doboj,Ž,Islamska,7481
2013,Broj,Donji Žabar,Ukupno,Islamska,4
2013,Broj,Donji Žabar,M,Islamska,0
2013,Broj,Donji Žabar,Ž,Islamska,4
2013,Broj,Grad Zvornik,Ukupno,Islamska,16791
2013,Broj,Grad Zvornik,M,Islamska,8218
2013,Broj,Grad Zvornik,Ž,Islamska,8573
2013,Broj,Istočna Ilidža,Ukupno,Islamska,630
2013,Broj,Istočna Ilidža,M,Islamska,291
2013,Broj,Istočna Ilidža,Ž,Islamska,339
2013,Broj,Istočni Drvar,Ukupno,Islamska,0
2013,Broj,Istočni Drvar,M,Islamska,0
2013,Broj,Istočni Drvar,Ž,Islamska,0
2013,Broj,Istočni Mostar,Ukupno,Islamska,77
2013,Broj,Istočni Mostar,M,Islamska,44
2013,Broj,Istočni Mostar,Ž,Islamska,33
2013,Broj,Istočni Stari Grad,Ukupno,Islamska,38
2013,Broj,Istočni Stari Grad,M,Islamska,23
2013,Broj,Istočni Stari Grad,Ž,Islamska,15
2013,Broj,Istočno Novo Sarajevo,Ukupno,Islamska,121
2013,Broj,Istočno Novo Sarajevo,M,Islamska,52
2013,Broj,Istočno Novo Sarajevo,Ž,Islamska,69
2013,Broj,Jezero,Ukupno,Islamska,250
2013,Broj,Jezero,M,Islamska,117
2013,Broj,Jezero,Ž,Islamska,133
2013,Broj,Kalinovik,Ukupno,Islamska,42
2013,Broj,Kalinovik,M,Islamska,19
2013,Broj,Kalinovik,Ž,Islamska,23
2013,Broj,Kneževo,Ukupno,Islamska,403
2013,Broj,Kneževo,M,Islamska,182
2013,Broj,Kneževo,Ž,Islamska,221
2013,Broj,Kozarska Dubica,Ukupno,Islamska,1902
2013,Broj,Kozarska Dubica,M,Islamska,915
2013,Broj,Kozarska Dubica,Ž,Islamska,987
2013,Broj,Kostajnica,Ukupno,Islamska,1271
2013,Broj,Kostajnica,M,Islamska,623
2013,Broj,Kostajnica,Ž,Islamska,648
2013,Broj,Kotor Varoš,Ukupno,Islamska,4498
2013,Broj,Kotor Varoš,M,Islamska,2159
2013,Broj,Kotor Varoš,Ž,Islamska,2339
2013,Broj,Krupa Na Uni,Ukupno,Islamska,3
2013,Broj,Krupa Na Uni,M,Islamska,1
2013,Broj,Krupa Na Uni,Ž,Islamska,2
2013,Broj,Kupres,Ukupno,Islamska,0
2013,Broj,Kupres,M,Islamska,0
2013,Broj,Kupres,Ž,Islamska,0
2013,Broj,Laktaši,Ukupno,Islamska,110
2013,Broj,Laktaši,M,Islamska,49
2013,Broj,Laktaši,Ž,Islamska,61
2013,Broj,Lopare,Ukupno,Islamska,1315
2013,Broj,Lopare,M,Islamska,648
2013,Broj,Lopare,Ž,Islamska,667
2013,Broj,Ljubinje,Ukupno,Islamska,12
2013,Broj,Ljubinje,M,Islamska,6
2013,Broj,Ljubinje,Ž,Islamska,6
2013,Broj,Milići,Ukupno,Islamska,3538
2013,Broj,Milići,M,Islamska,1750
2013,Broj,Milići,Ž,Islamska,1788
2013,Broj,Modriča,Ukupno,Islamska,3032
2013,Broj,Modriča,M,Islamska,1445
2013,Broj,Modriča,Ž,Islamska,1587
2013,Broj,Mrkonjić Grad,Ukupno,Islamska,351
2013,Broj,Mrkonjić Grad,M,Islamska,170
2013,Broj,Mrkonjić Grad,Ž,Islamska,181
2013,Broj,Nevesinje,Ukupno,Islamska,508
2013,Broj,Nevesinje,M,Islamska,260
2013,Broj,Nevesinje,Ž,Islamska,248
2013,Broj,Novi Grad,Ukupno,Islamska,5261
2013,Broj,Novi Grad,M,Islamska,2635
2013,Broj,Novi Grad,Ž,Islamska,2626
2013,Broj,Novo Goražde,Ukupno,Islamska,1319
2013,Broj,Novo Goražde,M,Islamska,662
2013,Broj,Novo Goražde,Ž,Islamska,657
2013,Broj,Osmaci,Ukupno,Islamska,2647
2013,Broj,Osmaci,M,Islamska,1303
2013,Broj,Osmaci,Ž,Islamska,1344
2013,Broj,Oštra Luka,Ukupno,Islamska,26
2013,Broj,Oštra Luka,M,Islamska,8
2013,Broj,Oštra Luka,Ž,Islamska,18
2013,Broj,Pale,Ukupno,Islamska,160
2013,Broj,Pale,M,Islamska,83
2013,Broj,Pale,Ž,Islamska,77
2013,Broj,Pelagićevo,Ukupno,Islamska,13
2013,Broj,Pelagićevo,M,Islamska,3
2013,Broj,Pelagićevo,Ž,Islamska,10
2013,Broj,Petrovac,Ukupno,Islamska,0
2013,Broj,Petrovac,M,Islamska,0
2013,Broj,Petrovac,Ž,Islamska,0
2013,Broj,Petrovo,Ukupno,Islamska,7
2013,Broj,Petrovo,M,Islamska,2
2013,Broj,Petrovo,Ž,Islamska,5
2013,Broj,Grad Prijedor,Ukupno,Islamska,22271
2013,Broj,Grad Prijedor,M,Islamska,10662
2013,Broj,Grad Prijedor,Ž,Islamska,11609
2013,Broj,Prnjavor,Ukupno,Islamska,2776
2013,Broj,Prnjavor,M,Islamska,1337
2013,Broj,Prnjavor,Ž,Islamska,1439
2013,Broj,Ribnik,Ukupno,Islamska,0
2013,Broj,Ribnik,M,Islamska,0
2013,Broj,Ribnik,Ž,Islamska,0
2013,Broj,Rogatica,Ukupno,Islamska,1006
2013,Broj,Rogatica,M,Islamska,517
2013,Broj,Rogatica,Ž,Islamska,489
2013,Broj,Rudo,Ukupno,Islamska,588
2013,Broj,Rudo,M,Islamska,306
2013,Broj,Rudo,Ž,Islamska,282
2013,Broj,Sokolac,Ukupno,Islamska,620
2013,Broj,Sokolac,M,Islamska,325
2013,Broj,Sokolac,Ž,Islamska,295
2013,Broj,Srbac,Ukupno,Islamska,399
2013,Broj,Srbac,M,Islamska,184
2013,Broj,Srbac,Ž,Islamska,215
2013,Broj,Srebrenica,Ukupno,Islamska,6134
2013,Broj,Srebrenica,M,Islamska,2916
2013,Broj,Srebrenica,Ž,Islamska,3218
2013,Broj,Teslić,Ukupno,Islamska,6932
2013,Broj,Teslić,M,Islamska,3410
2013,Broj,Teslić,Ž,Islamska,3522
2013,Broj,Grad Trebinje,Ukupno,Islamska,848
2013,Broj,Grad Trebinje,M,Islamska,415
2013,Broj,Grad Trebinje,Ž,Islamska,433
2013,Broj,Trnovo,Ukupno,Islamska,802
2013,Broj,Trnovo,M,Islamska,395
2013,Broj,Trnovo,Ž,Islamska,407
2013,Broj,Ugljevik,Ukupno,Islamska,2002
2013,Broj,Ugljevik,M,Islamska,977
2013,Broj,Ugljevik,Ž,Islamska,1025
2013,Broj,Foča,Ukupno,Islamska,1173
2013,Broj,Foča,M,Islamska,630
2013,Broj,Foča,Ž,Islamska,543
2013,Broj,Han Pijesak,Ukupno,Islamska,435
2013,Broj,Han Pijesak,M,Islamska,212
2013,Broj,Han Pijesak,Ž,Islamska,223
2013,Broj,Čajniče,Ukupno,Islamska,836
2013,Broj,Čajniče,M,Islamska,440
2013,Broj,Čajniče,Ž,Islamska,396
2013,Broj,Čelinac,Ukupno,Islamska,406
2013,Broj,Čelinac,M,Islamska,203
2013,Broj,Čelinac,Ž,Islamska,203
2013,Broj,Šamac,Ukupno,Islamska,976
2013,Broj,Šamac,M,Islamska,471
2013,Broj,Šamac,Ž,Islamska,505
2013,Broj,Šekovići,Ukupno,Islamska,107
2013,Broj,Šekovići,M,Islamska,54
2013,Broj,Šekovići,Ž,Islamska,53
2013,Broj,Šipovo,Ukupno,Islamska,583
2013,Broj,Šipovo,M,Islamska,295
2013,Broj,Šipovo,Ž,Islamska,288
2013,Broj,Republika Srpska,Ukupno,Katolička,25763
2013,Broj,Republika Srpska,M,Katolička,10431
2013,Broj,Republika Srpska,Ž,Katolička,15332
2013,Broj,Grad Banja Luka,Ukupno,Katolička,4637
2013,Broj,Grad Banja Luka,M,Katolička,1585
2013,Broj,Grad Banja Luka,Ž,Katolička,3052
2013,Broj,Berkovići,Ukupno,Katolička,6
2013,Broj,Berkovići,M,Katolička,1
2013,Broj,Berkovići,Ž,Katolička,5
2013,Broj,Grad Bijeljina,Ukupno,Katolička,508
2013,Broj,Grad Bijeljina,M,Katolička,103
2013,Broj,Grad Bijeljina,Ž,Katolička,405
2013,Broj,Bileća,Ukupno,Katolička,18
2013,Broj,Bileća,M,Katolička,2
2013,Broj,Bileća,Ž,Katolička,16
2013,Broj,Bratunac,Ukupno,Katolička,26
2013,Broj,Bratunac,M,Katolička,3
2013,Broj,Bratunac,Ž,Katolička,23
2013,Broj,Brod,Ukupno,Katolička,2925
2013,Broj,Brod,M,Katolička,1360
2013,Broj,Brod,Ž,Katolička,1565
2013,Broj,Višegrad,Ukupno,Katolička,33
2013,Broj,Višegrad,M,Katolička,6
2013,Broj,Višegrad,Ž,Katolička,27
2013,Broj,Vlasenica,Ukupno,Katolička,22
2013,Broj,Vlasenica,M,Katolička,4
2013,Broj,Vlasenica,Ž,Katolička,18
2013,Broj,Vukosavlje,Ukupno,Katolička,680
2013,Broj,Vukosavlje,M,Katolička,325
2013,Broj,Vukosavlje,Ž,Katolička,355
2013,Broj,Gacko,Ukupno,Katolička,10
2013,Broj,Gacko,M,Katolička,4
2013,Broj,Gacko,Ž,Katolička,6
2013,Broj,Grad Gradiška,Ukupno,Katolička,865
2013,Broj,Grad Gradiška,M,Katolička,303
2013,Broj,Grad Gradiška,Ž,Katolička,562
2013,Broj,Grad Derventa,Ukupno,Katolička,2109
2013,Broj,Grad Derventa,M,Katolička,999
2013,Broj,Grad Derventa,Ž,Katolička,1110
2013,Broj,Grad Doboj,Ukupno,Katolička,1448
2013,Broj,Grad Doboj,M,Katolička,532
2013,Broj,Grad Doboj,Ž,Katolička,916
2013,Broj,Donji Žabar,Ukupno,Katolička,977
2013,Broj,Donji Žabar,M,Katolička,490
2013,Broj,Donji Žabar,Ž,Katolička,487
2013,Broj,Grad Zvornik,Ukupno,Katolička,83
2013,Broj,Grad Zvornik,M,Katolička,6
2013,Broj,Grad Zvornik,Ž,Katolička,77
2013,Broj,Istočna Ilidža,Ukupno,Katolička,142
2013,Broj,Istočna Ilidža,M,Katolička,36
2013,Broj,Istočna Ilidža,Ž,Katolička,106
2013,Broj,Istočni Drvar,Ukupno,Katolička,1
2013,Broj,Istočni Drvar,M,Katolička,0
2013,Broj,Istočni Drvar,Ž,Katolička,1
2013,Broj,Istočni Mostar,Ukupno,Katolička,11
2013,Broj,Istočni Mostar,M,Katolička,8
2013,Broj,Istočni Mostar,Ž,Katolička,3
2013,Broj,Istočni Stari Grad,Ukupno,Katolička,5
2013,Broj,Istočni Stari Grad,M,Katolička,0
2013,Broj,Istočni Stari Grad,Ž,Katolička,5
2013,Broj,Istočno Novo Sarajevo,Ukupno,Katolička,101
2013,Broj,Istočno Novo Sarajevo,M,Katolička,28
2013,Broj,Istočno Novo Sarajevo,Ž,Katolička,73
2013,Broj,Jezero,Ukupno,Katolička,4
2013,Broj,Jezero,M,Katolička,2
2013,Broj,Jezero,Ž,Katolička,2
2013,Broj,Kalinovik,Ukupno,Katolička,5
2013,Broj,Kalinovik,M,Katolička,2
2013,Broj,Kalinovik,Ž,Katolička,3
2013,Broj,Kneževo,Ukupno,Katolička,17
2013,Broj,Kneževo,M,Katolička,4
2013,Broj,Kneževo,Ž,Katolička,13
2013,Broj,Kozarska Dubica,Ukupno,Katolička,250
2013,Broj,Kozarska Dubica,M,Katolička,72
2013,Broj,Kozarska Dubica,Ž,Katolička,178
2013,Broj,Kostajnica,Ukupno,Katolička,84
2013,Broj,Kostajnica,M,Katolička,26
2013,Broj,Kostajnica,Ž,Katolička,58
2013,Broj,Kotor Varoš,Ukupno,Katolička,788
2013,Broj,Kotor Varoš,M,Katolička,365
2013,Broj,Kotor Varoš,Ž,Katolička,423
2013,Broj,Krupa Na Uni,Ukupno,Katolička,2
2013,Broj,Krupa Na Uni,M,Katolička,0
2013,Broj,Krupa Na Uni,Ž,Katolička,2
2013,Broj,Kupres,Ukupno,Katolička,0
2013,Broj,Kupres,M,Katolička,0
2013,Broj,Kupres,Ž,Katolička,0
2013,Broj,Laktaši,Ukupno,Katolička,497
2013,Broj,Laktaši,M,Katolička,166
2013,Broj,Laktaši,Ž,Katolička,331
2013,Broj,Lopare,Ukupno,Katolička,40
2013,Broj,Lopare,M,Katolička,5
2013,Broj,Lopare,Ž,Katolička,35
2013,Broj,Ljubinje,Ukupno,Katolička,5
2013,Broj,Ljubinje,M,Katolička,1
2013,Broj,Ljubinje,Ž,Katolička,4
2013,Broj,Milići,Ukupno,Katolička,17
2013,Broj,Milići,M,Katolička,5
2013,Broj,Milići,Ž,Katolička,12
2013,Broj,Modriča,Ukupno,Katolička,1365
2013,Broj,Modriča,M,Katolička,651
2013,Broj,Modriča,Ž,Katolička,714
2013,Broj,Mrkonjić Grad,Ukupno,Katolička,146
2013,Broj,Mrkonjić Grad,M,Katolička,56
2013,Broj,Mrkonjić Grad,Ž,Katolička,90
2013,Broj,Nevesinje,Ukupno,Katolička,21
2013,Broj,Nevesinje,M,Katolička,5
2013,Broj,Nevesinje,Ž,Katolička,16
2013,Broj,Novi Grad,Ukupno,Katolička,152
2013,Broj,Novi Grad,M,Katolička,47
2013,Broj,Novi Grad,Ž,Katolička,105
2013,Broj,Novo Goražde,Ukupno,Katolička,2
2013,Broj,Novo Goražde,M,Katolička,1
2013,Broj,Novo Goražde,Ž,Katolička,1
2013,Broj,Osmaci,Ukupno,Katolička,4
2013,Broj,Osmaci,M,Katolička,0
2013,Broj,Osmaci,Ž,Katolička,4
2013,Broj,Oštra Luka,Ukupno,Katolička,131
2013,Broj,Oštra Luka,M,Katolička,62
2013,Broj,Oštra Luka,Ž,Katolička,69
2013,Broj,Pale,Ukupno,Katolička,116
2013,Broj,Pale,M,Katolička,30
2013,Broj,Pale,Ž,Katolička,86
2013,Broj,Pelagićevo,Ukupno,Katolička,1180
2013,Broj,Pelagićevo,M,Katolička,578
2013,Broj,Pelagićevo,Ž,Katolička,602
2013,Broj,Petrovac,Ukupno,Katolička,0
2013,Broj,Petrovac,M,Katolička,0
2013,Broj,Petrovac,Ž,Katolička,0
2013,Broj,Petrovo,Ukupno,Katolička,35
2013,Broj,Petrovo,M,Katolička,10
2013,Broj,Petrovo,Ž,Katolička,25
2013,Broj,Grad Prijedor,Ukupno,Katolička,1544
2013,Broj,Grad Prijedor,M,Katolička,587
2013,Broj,Grad Prijedor,Ž,Katolička,957
2013,Broj,Prnjavor,Ukupno,Katolička,645
2013,Broj,Prnjavor,M,Katolička,255
2013,Broj,Prnjavor,Ž,Katolička,390
2013,Broj,Ribnik,Ukupno,Katolička,7
2013,Broj,Ribnik,M,Katolička,1
2013,Broj,Ribnik,Ž,Katolička,6
2013,Broj,Rogatica,Ukupno,Katolička,16
2013,Broj,Rogatica,M,Katolička,1
2013,Broj,Rogatica,Ž,Katolička,15
2013,Broj,Rudo,Ukupno,Katolička,3
2013,Broj,Rudo,M,Katolička,1
2013,Broj,Rudo,Ž,Katolička,2
2013,Broj,Sokolac,Ukupno,Katolička,23
2013,Broj,Sokolac,M,Katolička,3
2013,Broj,Sokolac,Ž,Katolička,20
2013,Broj,Srbac,Ukupno,Katolička,153
2013,Broj,Srbac,M,Katolička,37
2013,Broj,Srbac,Ž,Katolička,116
2013,Broj,Srebrenica,Ukupno,Katolička,17
2013,Broj,Srebrenica,M,Katolička,7
2013,Broj,Srebrenica,Ž,Katolička,10
2013,Broj,Teslić,Ukupno,Katolička,1292
2013,Broj,Teslić,M,Katolička,552
2013,Broj,Teslić,Ž,Katolička,740
2013,Broj,Grad Trebinje,Ukupno,Katolička,293
2013,Broj,Grad Trebinje,M,Katolička,90
2013,Broj,Grad Trebinje,Ž,Katolička,203
2013,Broj,Trnovo,Ukupno,Katolička,15
2013,Broj,Trnovo,M,Katolička,2
2013,Broj,Trnovo,Ž,Katolička,13
2013,Broj,Ugljevik,Ukupno,Katolička,39
2013,Broj,Ugljevik,M,Katolička,7
2013,Broj,Ugljevik,Ž,Katolička,32
2013,Broj,Foča,Ukupno,Katolička,64
2013,Broj,Foča,M,Katolička,20
2013,Broj,Foča,Ž,Katolička,44
2013,Broj,Han Pijesak,Ukupno,Katolička,5
2013,Broj,Han Pijesak,M,Katolička,0
2013,Broj,Han Pijesak,Ž,Katolička,5
2013,Broj,Čajniče,Ukupno,Katolička,5
2013,Broj,Čajniče,M,Katolička,0
2013,Broj,Čajniče,Ž,Katolička,5
2013,Broj,Čelinac,Ukupno,Katolička,58
2013,Broj,Čelinac,M,Katolička,14
2013,Broj,Čelinac,Ž,Katolička,44
2013,Broj,Šamac,Ukupno,Katolička,2091
2013,Broj,Šamac,M,Katolička,969
2013,Broj,Šamac,Ž,Katolička,1122
2013,Broj,Šekovići,Ukupno,Katolička,7
2013,Broj,Šekovići,M,Katolička,0
2013,Broj,Šekovići,Ž,Katolička,7
2013,Broj,Šipovo,Ukupno,Katolička,18
2013,Broj,Šipovo,M,Katolička,2
2013,Broj,Šipovo,Ž,Katolička,16
2013,Broj,Republika Srpska,Ukupno,Pravoslavna,969315
2013,Broj,Republika Srpska,M,Pravoslavna,476184
2013,Broj,Republika Srpska,Ž,Pravoslavna,493131
2013,Broj,Grad Banja Luka,Ukupno,Pravoslavna,161267
2013,Broj,Grad Banja Luka,M,Pravoslavna,78266
2013,Broj,Grad Banja Luka,Ž,Pravoslavna,83001
2013,Broj,Berkovići,Ukupno,Pravoslavna,1873
2013,Broj,Berkovići,M,Pravoslavna,940
2013,Broj,Berkovići,Ž,Pravoslavna,933
2013,Broj,Grad Bijeljina,Ukupno,Pravoslavna,89144
2013,Broj,Grad Bijeljina,M,Pravoslavna,43682
2013,Broj,Grad Bijeljina,Ž,Pravoslavna,45462
2013,Broj,Bileća,Ukupno,Pravoslavna,10490
2013,Broj,Bileća,M,Pravoslavna,5291
2013,Broj,Bileća,Ž,Pravoslavna,5199
2013,Broj,Bratunac,Ukupno,Pravoslavna,11726
2013,Broj,Bratunac,M,Pravoslavna,5835
2013,Broj,Bratunac,Ž,Pravoslavna,5891
2013,Broj,Brod,Ukupno,Pravoslavna,11066
2013,Broj,Brod,M,Pravoslavna,5474
2013,Broj,Brod,Ž,Pravoslavna,5592
2013,Broj,Višegrad,Ukupno,Pravoslavna,8913
2013,Broj,Višegrad,M,Pravoslavna,4315
2013,Broj,Višegrad,Ž,Pravoslavna,4598
2013,Broj,Vlasenica,Ukupno,Pravoslavna,7111
2013,Broj,Vlasenica,M,Pravoslavna,3473
2013,Broj,Vlasenica,Ž,Pravoslavna,3638
2013,Broj,Vukosavlje,Ukupno,Pravoslavna,1442
2013,Broj,Vukosavlje,M,Pravoslavna,713
2013,Broj,Vukosavlje,Ž,Pravoslavna,729
2013,Broj,Gacko,Ukupno,Pravoslavna,8337
2013,Broj,Gacko,M,Pravoslavna,4228
2013,Broj,Gacko,Ž,Pravoslavna,4109
2013,Broj,Grad Gradiška,Ukupno,Pravoslavna,40702
2013,Broj,Grad Gradiška,M,Pravoslavna,19929
2013,Broj,Grad Gradiška,Ž,Pravoslavna,20773
2013,Broj,Grad Derventa,Ukupno,Pravoslavna,21541
2013,Broj,Grad Derventa,M,Pravoslavna,10537
2013,Broj,Grad Derventa,Ž,Pravoslavna,11004
2013,Broj,Grad Doboj,Ukupno,Pravoslavna,50744
2013,Broj,Grad Doboj,M,Pravoslavna,24842
2013,Broj,Grad Doboj,Ž,Pravoslavna,25902
2013,Broj,Donji Žabar,Ukupno,Pravoslavna,2658
2013,Broj,Donji Žabar,M,Pravoslavna,1352
2013,Broj,Donji Žabar,Ž,Pravoslavna,1306
2013,Broj,Grad Zvornik,Ukupno,Pravoslavna,37114
2013,Broj,Grad Zvornik,M,Pravoslavna,18378
2013,Broj,Grad Zvornik,Ž,Pravoslavna,18736
2013,Broj,Istočna Ilidža,Ukupno,Pravoslavna,13458
2013,Broj,Istočna Ilidža,M,Pravoslavna,6479
2013,Broj,Istočna Ilidža,Ž,Pravoslavna,6979
2013,Broj,Istočni Drvar,Ukupno,Pravoslavna,65
2013,Broj,Istočni Drvar,M,Pravoslavna,44
2013,Broj,Istočni Drvar,Ž,Pravoslavna,21
2013,Broj,Istočni Mostar,Ukupno,Pravoslavna,153
2013,Broj,Istočni Mostar,M,Pravoslavna,84
2013,Broj,Istočni Mostar,Ž,Pravoslavna,69
2013,Broj,Istočni Stari Grad,Ukupno,Pravoslavna,1058
2013,Broj,Istočni Stari Grad,M,Pravoslavna,520
2013,Broj,Istočni Stari Grad,Ž,Pravoslavna,538
2013,Broj,Istočno Novo Sarajevo,Ukupno,Pravoslavna,10044
2013,Broj,Istočno Novo Sarajevo,M,Pravoslavna,4796
2013,Broj,Istočno Novo Sarajevo,Ž,Pravoslavna,5248
2013,Broj,Jezero,Ukupno,Pravoslavna,780
2013,Broj,Jezero,M,Pravoslavna,412
2013,Broj,Jezero,Ž,Pravoslavna,368
2013,Broj,Kalinovik,Ukupno,Pravoslavna,1905
2013,Broj,Kalinovik,M,Pravoslavna,923
2013,Broj,Kalinovik,Ž,Pravoslavna,982
2013,Broj,Kneževo,Ukupno,Pravoslavna,8866
2013,Broj,Kneževo,M,Pravoslavna,4408
2013,Broj,Kneževo,Ž,Pravoslavna,4458
2013,Broj,Kozarska Dubica,Ukupno,Pravoslavna,18103
2013,Broj,Kozarska Dubica,M,Pravoslavna,8909
2013,Broj,Kozarska Dubica,Ž,Pravoslavna,9194
2013,Broj,Kostajnica,Ukupno,Pravoslavna,4190
2013,Broj,Kostajnica,M,Pravoslavna,2080
2013,Broj,Kostajnica,Ž,Pravoslavna,2110
2013,Broj,Kotor Varoš,Ukupno,Pravoslavna,12645
2013,Broj,Kotor Varoš,M,Pravoslavna,6263
2013,Broj,Kotor Varoš,Ž,Pravoslavna,6382
2013,Broj,Krupa Na Uni,Ukupno,Pravoslavna,1554
2013,Broj,Krupa Na Uni,M,Pravoslavna,840
2013,Broj,Krupa Na Uni,Ž,Pravoslavna,714
2013,Broj,Kupres,Ukupno,Pravoslavna,292
2013,Broj,Kupres,M,Pravoslavna,156
2013,Broj,Kupres,Ž,Pravoslavna,136
2013,Broj,Laktaši,Ukupno,Pravoslavna,32907
2013,Broj,Laktaši,M,Pravoslavna,16334
2013,Broj,Laktaši,Ž,Pravoslavna,16573
2013,Broj,Lopare,Ukupno,Pravoslavna,13273
2013,Broj,Lopare,M,Pravoslavna,6700
2013,Broj,Lopare,Ž,Pravoslavna,6573
2013,Broj,Ljubinje,Ukupno,Pravoslavna,3295
2013,Broj,Ljubinje,M,Pravoslavna,1621
2013,Broj,Ljubinje,Ž,Pravoslavna,1674
2013,Broj,Milići,Ukupno,Pravoslavna,6835
2013,Broj,Milići,M,Pravoslavna,3469
2013,Broj,Milići,Ž,Pravoslavna,3366
2013,Broj,Modriča,Ukupno,Pravoslavna,19482
2013,Broj,Modriča,M,Pravoslavna,9579
2013,Broj,Modriča,Ž,Pravoslavna,9903
2013,Broj,Mrkonjić Grad,Ukupno,Pravoslavna,15334
2013,Broj,Mrkonjić Grad,M,Pravoslavna,7387
2013,Broj,Mrkonjić Grad,Ž,Pravoslavna,7947
2013,Broj,Nevesinje,Ukupno,Pravoslavna,11973
2013,Broj,Nevesinje,M,Pravoslavna,5955
2013,Broj,Nevesinje,Ž,Pravoslavna,6018
2013,Broj,Novi Grad,Ukupno,Pravoslavna,19443
2013,Broj,Novi Grad,M,Pravoslavna,9725
2013,Broj,Novi Grad,Ž,Pravoslavna,9718
2013,Broj,Novo Goražde,Ukupno,Pravoslavna,1563
2013,Broj,Novo Goražde,M,Pravoslavna,822
2013,Broj,Novo Goražde,Ž,Pravoslavna,741
2013,Broj,Osmaci,Ukupno,Pravoslavna,2848
2013,Broj,Osmaci,M,Pravoslavna,1446
2013,Broj,Osmaci,Ž,Pravoslavna,1402
2013,Broj,Oštra Luka,Ukupno,Pravoslavna,2503
2013,Broj,Oštra Luka,M,Pravoslavna,1290
2013,Broj,Oštra Luka,Ž,Pravoslavna,1213
2013,Broj,Pale,Ukupno,Pravoslavna,19901
2013,Broj,Pale,M,Pravoslavna,9546
2013,Broj,Pale,Ž,Pravoslavna,10355
2013,Broj,Pelagićevo,Ukupno,Pravoslavna,3152
2013,Broj,Pelagićevo,M,Pravoslavna,1566
2013,Broj,Pelagićevo,Ž,Pravoslavna,1586
2013,Broj,Petrovac,Ukupno,Pravoslavna,352
2013,Broj,Petrovac,M,Pravoslavna,168
2013,Broj,Petrovac,Ž,Pravoslavna,184
2013,Broj,Petrovo,Ukupno,Pravoslavna,6221
2013,Broj,Petrovo,M,Pravoslavna,3004
2013,Broj,Petrovo,Ž,Pravoslavna,3217
2013,Broj,Grad Prijedor,Ukupno,Pravoslavna,53842
2013,Broj,Grad Prijedor,M,Pravoslavna,26540
2013,Broj,Grad Prijedor,Ž,Pravoslavna,27302
2013,Broj,Prnjavor,Ukupno,Pravoslavna,29944
2013,Broj,Prnjavor,M,Pravoslavna,14579
2013,Broj,Prnjavor,Ž,Pravoslavna,15365
2013,Broj,Ribnik,Ukupno,Pravoslavna,5824
2013,Broj,Ribnik,M,Pravoslavna,2886
2013,Broj,Ribnik,Ž,Pravoslavna,2938
2013,Broj,Rogatica,Ukupno,Pravoslavna,9199
2013,Broj,Rogatica,M,Pravoslavna,4492
2013,Broj,Rogatica,Ž,Pravoslavna,4707
2013,Broj,Rudo,Ukupno,Pravoslavna,6968
2013,Broj,Rudo,M,Pravoslavna,3521
2013,Broj,Rudo,Ž,Pravoslavna,3447
2013,Broj,Sokolac,Ukupno,Pravoslavna,10897
2013,Broj,Sokolac,M,Pravoslavna,5356
2013,Broj,Sokolac,Ž,Pravoslavna,5541
2013,Broj,Srbac,Ukupno,Pravoslavna,16110
2013,Broj,Srbac,M,Pravoslavna,7932
2013,Broj,Srbac,Ž,Pravoslavna,8178
2013,Broj,Srebrenica,Ukupno,Pravoslavna,5418
2013,Broj,Srebrenica,M,Pravoslavna,2721
2013,Broj,Srebrenica,Ž,Pravoslavna,2697
2013,Broj,Teslić,Ukupno,Pravoslavna,28140
2013,Broj,Teslić,M,Pravoslavna,13523
2013,Broj,Teslić,Ž,Pravoslavna,14617
2013,Broj,Grad Trebinje,Ukupno,Pravoslavna,26669
2013,Broj,Grad Trebinje,M,Pravoslavna,13054
2013,Broj,Grad Trebinje,Ž,Pravoslavna,13615
2013,Broj,Trnovo,Ukupno,Pravoslavna,1135
2013,Broj,Trnovo,M,Pravoslavna,537
2013,Broj,Trnovo,Ž,Pravoslavna,598
2013,Broj,Ugljevik,Ukupno,Pravoslavna,13016
2013,Broj,Ugljevik,M,Pravoslavna,6602
2013,Broj,Ugljevik,Ž,Pravoslavna,6414
2013,Broj,Foča,Ukupno,Pravoslavna,16163
2013,Broj,Foča,M,Pravoslavna,8138
2013,Broj,Foča,Ž,Pravoslavna,8025
2013,Broj,Han Pijesak,Ukupno,Pravoslavna,2998
2013,Broj,Han Pijesak,M,Pravoslavna,1416
2013,Broj,Han Pijesak,Ž,Pravoslavna,1582
2013,Broj,Čajniče,Ukupno,Pravoslavna,3812
2013,Broj,Čajniče,M,Pravoslavna,1895
2013,Broj,Čajniče,Ž,Pravoslavna,1917
2013,Broj,Čelinac,Ukupno,Pravoslavna,14538
2013,Broj,Čelinac,M,Pravoslavna,7205
2013,Broj,Čelinac,Ž,Pravoslavna,7333
2013,Broj,Šamac,Ukupno,Pravoslavna,12833
2013,Broj,Šamac,M,Pravoslavna,6262
2013,Broj,Šamac,Ž,Pravoslavna,6571
2013,Broj,Šekovići,Ukupno,Pravoslavna,6188
2013,Broj,Šekovići,M,Pravoslavna,3035
2013,Broj,Šekovići,Ž,Pravoslavna,3153
2013,Broj,Šipovo,Ukupno,Pravoslavna,9298
2013,Broj,Šipovo,M,Pravoslavna,4709
2013,Broj,Šipovo,Ž,Pravoslavna,4589
2013,Broj,Republika Srpska,Ukupno,Agnostik,1223
2013,Broj,Republika Srpska,M,Agnostik,610
2013,Broj,Republika Srpska,Ž,Agnostik,613
2013,Broj,Grad Banja Luka,Ukupno,Agnostik,592
2013,Broj,Grad Banja Luka,M,Agnostik,285
2013,Broj,Grad Banja Luka,Ž,Agnostik,307
2013,Broj,Berkovići,Ukupno,Agnostik,0
2013,Broj,Berkovići,M,Agnostik,0
2013,Broj,Berkovići,Ž,Agnostik,0
2013,Broj,Grad Bijeljina,Ukupno,Agnostik,60
2013,Broj,Grad Bijeljina,M,Agnostik,33
2013,Broj,Grad Bijeljina,Ž,Agnostik,27
2013,Broj,Bileća,Ukupno,Agnostik,1
2013,Broj,Bileća,M,Agnostik,1
2013,Broj,Bileća,Ž,Agnostik,0
2013,Broj,Bratunac,Ukupno,Agnostik,2
2013,Broj,Bratunac,M,Agnostik,1
2013,Broj,Bratunac,Ž,Agnostik,1
2013,Broj,Brod,Ukupno,Agnostik,15
2013,Broj,Brod,M,Agnostik,7
2013,Broj,Brod,Ž,Agnostik,8
2013,Broj,Višegrad,Ukupno,Agnostik,2
2013,Broj,Višegrad,M,Agnostik,2
2013,Broj,Višegrad,Ž,Agnostik,0
2013,Broj,Vlasenica,Ukupno,Agnostik,2
2013,Broj,Vlasenica,M,Agnostik,1
2013,Broj,Vlasenica,Ž,Agnostik,1
2013,Broj,Vukosavlje,Ukupno,Agnostik,1
2013,Broj,Vukosavlje,M,Agnostik,1
2013,Broj,Vukosavlje,Ž,Agnostik,0
2013,Broj,Gacko,Ukupno,Agnostik,1
2013,Broj,Gacko,M,Agnostik,0
2013,Broj,Gacko,Ž,Agnostik,1
2013,Broj,Grad Gradiška,Ukupno,Agnostik,45
2013,Broj,Grad Gradiška,M,Agnostik,28
2013,Broj,Grad Gradiška,Ž,Agnostik,17
2013,Broj,Grad Derventa,Ukupno,Agnostik,19
2013,Broj,Grad Derventa,M,Agnostik,9
2013,Broj,Grad Derventa,Ž,Agnostik,10
2013,Broj,Grad Doboj,Ukupno,Agnostik,71
2013,Broj,Grad Doboj,M,Agnostik,40
2013,Broj,Grad Doboj,Ž,Agnostik,31
2013,Broj,Donji Žabar,Ukupno,Agnostik,1
2013,Broj,Donji Žabar,M,Agnostik,0
2013,Broj,Donji Žabar,Ž,Agnostik,1
2013,Broj,Grad Zvornik,Ukupno,Agnostik,9
2013,Broj,Grad Zvornik,M,Agnostik,5
2013,Broj,Grad Zvornik,Ž,Agnostik,4
2013,Broj,Istočna Ilidža,Ukupno,Agnostik,17
2013,Broj,Istočna Ilidža,M,Agnostik,8
2013,Broj,Istočna Ilidža,Ž,Agnostik,9
2013,Broj,Istočni Drvar,Ukupno,Agnostik,0
2013,Broj,Istočni Drvar,M,Agnostik,0
2013,Broj,Istočni Drvar,Ž,Agnostik,0
2013,Broj,Istočni Mostar,Ukupno,Agnostik,0
2013,Broj,Istočni Mostar,M,Agnostik,0
2013,Broj,Istočni Mostar,Ž,Agnostik,0
2013,Broj,Istočni Stari Grad,Ukupno,Agnostik,0
2013,Broj,Istočni Stari Grad,M,Agnostik,0
2013,Broj,Istočni Stari Grad,Ž,Agnostik,0
2013,Broj,Istočno Novo Sarajevo,Ukupno,Agnostik,23
2013,Broj,Istočno Novo Sarajevo,M,Agnostik,8
2013,Broj,Istočno Novo Sarajevo,Ž,Agnostik,15
2013,Broj,Jezero,Ukupno,Agnostik,0
2013,Broj,Jezero,M,Agnostik,0
2013,Broj,Jezero,Ž,Agnostik,0
2013,Broj,Kalinovik,Ukupno,Agnostik,2
2013,Broj,Kalinovik,M,Agnostik,0
2013,Broj,Kalinovik,Ž,Agnostik,2
2013,Broj,Kneževo,Ukupno,Agnostik,0
2013,Broj,Kneževo,M,Agnostik,0
2013,Broj,Kneževo,Ž,Agnostik,0
2013,Broj,Kozarska Dubica,Ukupno,Agnostik,17
2013,Broj,Kozarska Dubica,M,Agnostik,5
2013,Broj,Kozarska Dubica,Ž,Agnostik,12
2013,Broj,Kostajnica,Ukupno,Agnostik,3
2013,Broj,Kostajnica,M,Agnostik,3
2013,Broj,Kostajnica,Ž,Agnostik,0
2013,Broj,Kotor Varoš,Ukupno,Agnostik,10
2013,Broj,Kotor Varoš,M,Agnostik,6
2013,Broj,Kotor Varoš,Ž,Agnostik,4
2013,Broj,Krupa Na Uni,Ukupno,Agnostik,0
2013,Broj,Krupa Na Uni,M,Agnostik,0
2013,Broj,Krupa Na Uni,Ž,Agnostik,0
2013,Broj,Kupres,Ukupno,Agnostik,0
2013,Broj,Kupres,M,Agnostik,0
2013,Broj,Kupres,Ž,Agnostik,0
2013,Broj,Laktaši,Ukupno,Agnostik,35
2013,Broj,Laktaši,M,Agnostik,19
2013,Broj,Laktaši,Ž,Agnostik,16
2013,Broj,Lopare,Ukupno,Agnostik,4
2013,Broj,Lopare,M,Agnostik,0
2013,Broj,Lopare,Ž,Agnostik,4
2013,Broj,Ljubinje,Ukupno,Agnostik,0
2013,Broj,Ljubinje,M,Agnostik,0
2013,Broj,Ljubinje,Ž,Agnostik,0
2013,Broj,Milići,Ukupno,Agnostik,0
2013,Broj,Milići,M,Agnostik,0
2013,Broj,Milići,Ž,Agnostik,0
2013,Broj,Modriča,Ukupno,Agnostik,26
2013,Broj,Modriča,M,Agnostik,13
2013,Broj,Modriča,Ž,Agnostik,13
2013,Broj,Mrkonjić Grad,Ukupno,Agnostik,8
2013,Broj,Mrkonjić Grad,M,Agnostik,5
2013,Broj,Mrkonjić Grad,Ž,Agnostik,3
2013,Broj,Nevesinje,Ukupno,Agnostik,3
2013,Broj,Nevesinje,M,Agnostik,1
2013,Broj,Nevesinje,Ž,Agnostik,2
2013,Broj,Novi Grad,Ukupno,Agnostik,9
2013,Broj,Novi Grad,M,Agnostik,5
2013,Broj,Novi Grad,Ž,Agnostik,4
2013,Broj,Novo Goražde,Ukupno,Agnostik,0
2013,Broj,Novo Goražde,M,Agnostik,0
2013,Broj,Novo Goražde,Ž,Agnostik,0
2013,Broj,Osmaci,Ukupno,Agnostik,0
2013,Broj,Osmaci,M,Agnostik,0
2013,Broj,Osmaci,Ž,Agnostik,0
2013,Broj,Oštra Luka,Ukupno,Agnostik,2
2013,Broj,Oštra Luka,M,Agnostik,1
2013,Broj,Oštra Luka,Ž,Agnostik,1
2013,Broj,Pale,Ukupno,Agnostik,15
2013,Broj,Pale,M,Agnostik,9
2013,Broj,Pale,Ž,Agnostik,6
2013,Broj,Pelagićevo,Ukupno,Agnostik,0
2013,Broj,Pelagićevo,M,Agnostik,0
2013,Broj,Pelagićevo,Ž,Agnostik,0
2013,Broj,Petrovac,Ukupno,Agnostik,0
2013,Broj,Petrovac,M,Agnostik,0
2013,Broj,Petrovac,Ž,Agnostik,0
2013,Broj,Petrovo,Ukupno,Agnostik,1
2013,Broj,Petrovo,M,Agnostik,1
2013,Broj,Petrovo,Ž,Agnostik,0
2013,Broj,Grad Prijedor,Ukupno,Agnostik,84
2013,Broj,Grad Prijedor,M,Agnostik,48
2013,Broj,Grad Prijedor,Ž,Agnostik,36
2013,Broj,Prnjavor,Ukupno,Agnostik,25
2013,Broj,Prnjavor,M,Agnostik,11
2013,Broj,Prnjavor,Ž,Agnostik,14
2013,Broj,Ribnik,Ukupno,Agnostik,0
2013,Broj,Ribnik,M,Agnostik,0
2013,Broj,Ribnik,Ž,Agnostik,0
2013,Broj,Rogatica,Ukupno,Agnostik,2
2013,Broj,Rogatica,M,Agnostik,2
2013,Broj,Rogatica,Ž,Agnostik,0
2013,Broj,Rudo,Ukupno,Agnostik,1
2013,Broj,Rudo,M,Agnostik,1
2013,Broj,Rudo,Ž,Agnostik,0
2013,Broj,Sokolac,Ukupno,Agnostik,2
2013,Broj,Sokolac,M,Agnostik,0
2013,Broj,Sokolac,Ž,Agnostik,2
2013,Broj,Srbac,Ukupno,Agnostik,7
2013,Broj,Srbac,M,Agnostik,5
2013,Broj,Srbac,Ž,Agnostik,2
2013,Broj,Srebrenica,Ukupno,Agnostik,1
2013,Broj,Srebrenica,M,Agnostik,0
2013,Broj,Srebrenica,Ž,Agnostik,1
2013,Broj,Teslić,Ukupno,Agnostik,37
2013,Broj,Teslić,M,Agnostik,15
2013,Broj,Teslić,Ž,Agnostik,22
2013,Broj,Grad Trebinje,Ukupno,Agnostik,32
2013,Broj,Grad Trebinje,M,Agnostik,14
2013,Broj,Grad Trebinje,Ž,Agnostik,18
2013,Broj,Trnovo,Ukupno,Agnostik,3
2013,Broj,Trnovo,M,Agnostik,2
2013,Broj,Trnovo,Ž,Agnostik,1
2013,Broj,Ugljevik,Ukupno,Agnostik,1
2013,Broj,Ugljevik,M,Agnostik,1
2013,Broj,Ugljevik,Ž,Agnostik,0
2013,Broj,Foča,Ukupno,Agnostik,3
2013,Broj,Foča,M,Agnostik,1
2013,Broj,Foča,Ž,Agnostik,2
2013,Broj,Han Pijesak,Ukupno,Agnostik,1
2013,Broj,Han Pijesak,M,Agnostik,0
2013,Broj,Han Pijesak,Ž,Agnostik,1
2013,Broj,Čajniče,Ukupno,Agnostik,1
2013,Broj,Čajniče,M,Agnostik,0
2013,Broj,Čajniče,Ž,Agnostik,1
2013,Broj,Čelinac,Ukupno,Agnostik,8
2013,Broj,Čelinac,M,Agnostik,4
2013,Broj,Čelinac,Ž,Agnostik,4
2013,Broj,Šamac,Ukupno,Agnostik,18
2013,Broj,Šamac,M,Agnostik,8
2013,Broj,Šamac,Ž,Agnostik,10
2013,Broj,Šekovići,Ukupno,Agnostik,1
2013,Broj,Šekovići,M,Agnostik,1
2013,Broj,Šekovići,Ž,Agnostik,0
2013,Broj,Šipovo,Ukupno,Agnostik,0
2013,Broj,Šipovo,M,Agnostik,0
2013,Broj,Šipovo,Ž,Agnostik,0
2013,Broj,Republika Srpska,Ukupno,Ateist,5784
2013,Broj,Republika Srpska,M,Ateist,3146
2013,Broj,Republika Srpska,Ž,Ateist,2638
2013,Broj,Grad Banja Luka,Ukupno,Ateist,2593
2013,Broj,Grad Banja Luka,M,Ateist,1342
2013,Broj,Grad Banja Luka,Ž,Ateist,1251
2013,Broj,Berkovići,Ukupno,Ateist,2
2013,Broj,Berkovići,M,Ateist,1
2013,Broj,Berkovići,Ž,Ateist,1
2013,Broj,Grad Bijeljina,Ukupno,Ateist,345
2013,Broj,Grad Bijeljina,M,Ateist,218
2013,Broj,Grad Bijeljina,Ž,Ateist,127
2013,Broj,Bileća,Ukupno,Ateist,7
2013,Broj,Bileća,M,Ateist,5
2013,Broj,Bileća,Ž,Ateist,2
2013,Broj,Bratunac,Ukupno,Ateist,8
2013,Broj,Bratunac,M,Ateist,5
2013,Broj,Bratunac,Ž,Ateist,3
2013,Broj,Brod,Ukupno,Ateist,113
2013,Broj,Brod,M,Ateist,59
2013,Broj,Brod,Ž,Ateist,54
2013,Broj,Višegrad,Ukupno,Ateist,21
2013,Broj,Višegrad,M,Ateist,15
2013,Broj,Višegrad,Ž,Ateist,6
2013,Broj,Vlasenica,Ukupno,Ateist,16
2013,Broj,Vlasenica,M,Ateist,10
2013,Broj,Vlasenica,Ž,Ateist,6
2013,Broj,Vukosavlje,Ukupno,Ateist,9
2013,Broj,Vukosavlje,M,Ateist,7
2013,Broj,Vukosavlje,Ž,Ateist,2
2013,Broj,Gacko,Ukupno,Ateist,3
2013,Broj,Gacko,M,Ateist,1
2013,Broj,Gacko,Ž,Ateist,2
2013,Broj,Grad Gradiška,Ukupno,Ateist,223
2013,Broj,Grad Gradiška,M,Ateist,126
2013,Broj,Grad Gradiška,Ž,Ateist,97
2013,Broj,Grad Derventa,Ukupno,Ateist,100
2013,Broj,Grad Derventa,M,Ateist,51
2013,Broj,Grad Derventa,Ž,Ateist,49
2013,Broj,Grad Doboj,Ukupno,Ateist,378
2013,Broj,Grad Doboj,M,Ateist,200
2013,Broj,Grad Doboj,Ž,Ateist,178
2013,Broj,Donji Žabar,Ukupno,Ateist,0
2013,Broj,Donji Žabar,M,Ateist,0
2013,Broj,Donji Žabar,Ž,Ateist,0
2013,Broj,Grad Zvornik,Ukupno,Ateist,59
2013,Broj,Grad Zvornik,M,Ateist,36
2013,Broj,Grad Zvornik,Ž,Ateist,23
2013,Broj,Istočna Ilidža,Ukupno,Ateist,60
2013,Broj,Istočna Ilidža,M,Ateist,27
2013,Broj,Istočna Ilidža,Ž,Ateist,33
2013,Broj,Istočni Drvar,Ukupno,Ateist,0
2013,Broj,Istočni Drvar,M,Ateist,0
2013,Broj,Istočni Drvar,Ž,Ateist,0
2013,Broj,Istočni Mostar,Ukupno,Ateist,0
2013,Broj,Istočni Mostar,M,Ateist,0
2013,Broj,Istočni Mostar,Ž,Ateist,0
2013,Broj,Istočni Stari Grad,Ukupno,Ateist,2
2013,Broj,Istočni Stari Grad,M,Ateist,1
2013,Broj,Istočni Stari Grad,Ž,Ateist,1
2013,Broj,Istočno Novo Sarajevo,Ukupno,Ateist,37
2013,Broj,Istočno Novo Sarajevo,M,Ateist,18
2013,Broj,Istočno Novo Sarajevo,Ž,Ateist,19
2013,Broj,Jezero,Ukupno,Ateist,3
2013,Broj,Jezero,M,Ateist,2
2013,Broj,Jezero,Ž,Ateist,1
2013,Broj,Kalinovik,Ukupno,Ateist,0
2013,Broj,Kalinovik,M,Ateist,0
2013,Broj,Kalinovik,Ž,Ateist,0
2013,Broj,Kneževo,Ukupno,Ateist,5
2013,Broj,Kneževo,M,Ateist,3
2013,Broj,Kneževo,Ž,Ateist,2
2013,Broj,Kozarska Dubica,Ukupno,Ateist,130
2013,Broj,Kozarska Dubica,M,Ateist,68
2013,Broj,Kozarska Dubica,Ž,Ateist,62
2013,Broj,Kostajnica,Ukupno,Ateist,16
2013,Broj,Kostajnica,M,Ateist,12
2013,Broj,Kostajnica,Ž,Ateist,4
2013,Broj,Kotor Varoš,Ukupno,Ateist,56
2013,Broj,Kotor Varoš,M,Ateist,34
2013,Broj,Kotor Varoš,Ž,Ateist,22
2013,Broj,Krupa Na Uni,Ukupno,Ateist,0
2013,Broj,Krupa Na Uni,M,Ateist,0
2013,Broj,Krupa Na Uni,Ž,Ateist,0
2013,Broj,Kupres,Ukupno,Ateist,0
2013,Broj,Kupres,M,Ateist,0
2013,Broj,Kupres,Ž,Ateist,0
2013,Broj,Laktaši,Ukupno,Ateist,96
2013,Broj,Laktaši,M,Ateist,57
2013,Broj,Laktaši,Ž,Ateist,39
2013,Broj,Lopare,Ukupno,Ateist,21
2013,Broj,Lopare,M,Ateist,12
2013,Broj,Lopare,Ž,Ateist,9
2013,Broj,Ljubinje,Ukupno,Ateist,1
2013,Broj,Ljubinje,M,Ateist,1
2013,Broj,Ljubinje,Ž,Ateist,0
2013,Broj,Milići,Ukupno,Ateist,3
2013,Broj,Milići,M,Ateist,3
2013,Broj,Milići,Ž,Ateist,0
2013,Broj,Modriča,Ukupno,Ateist,98
2013,Broj,Modriča,M,Ateist,53
2013,Broj,Modriča,Ž,Ateist,45
2013,Broj,Mrkonjić Grad,Ukupno,Ateist,28
2013,Broj,Mrkonjić Grad,M,Ateist,13
2013,Broj,Mrkonjić Grad,Ž,Ateist,15
2013,Broj,Nevesinje,Ukupno,Ateist,8
2013,Broj,Nevesinje,M,Ateist,3
2013,Broj,Nevesinje,Ž,Ateist,5
2013,Broj,Novi Grad,Ukupno,Ateist,81
2013,Broj,Novi Grad,M,Ateist,36
2013,Broj,Novi Grad,Ž,Ateist,45
2013,Broj,Novo Goražde,Ukupno,Ateist,0
2013,Broj,Novo Goražde,M,Ateist,0
2013,Broj,Novo Goražde,Ž,Ateist,0
2013,Broj,Osmaci,Ukupno,Ateist,1
2013,Broj,Osmaci,M,Ateist,1
2013,Broj,Osmaci,Ž,Ateist,0
2013,Broj,Oštra Luka,Ukupno,Ateist,4
2013,Broj,Oštra Luka,M,Ateist,3
2013,Broj,Oštra Luka,Ž,Ateist,1
2013,Broj,Pale,Ukupno,Ateist,47
2013,Broj,Pale,M,Ateist,23
2013,Broj,Pale,Ž,Ateist,24
2013,Broj,Pelagićevo,Ukupno,Ateist,1
2013,Broj,Pelagićevo,M,Ateist,0
2013,Broj,Pelagićevo,Ž,Ateist,1
2013,Broj,Petrovac,Ukupno,Ateist,2
2013,Broj,Petrovac,M,Ateist,1
2013,Broj,Petrovac,Ž,Ateist,1
2013,Broj,Petrovo,Ukupno,Ateist,10
2013,Broj,Petrovo,M,Ateist,7
2013,Broj,Petrovo,Ž,Ateist,3
2013,Broj,Grad Prijedor,Ukupno,Ateist,511
2013,Broj,Grad Prijedor,M,Ateist,277
2013,Broj,Grad Prijedor,Ž,Ateist,234
2013,Broj,Prnjavor,Ukupno,Ateist,102
2013,Broj,Prnjavor,M,Ateist,65
2013,Broj,Prnjavor,Ž,Ateist,37
2013,Broj,Ribnik,Ukupno,Ateist,3
2013,Broj,Ribnik,M,Ateist,2
2013,Broj,Ribnik,Ž,Ateist,1
2013,Broj,Rogatica,Ukupno,Ateist,20
2013,Broj,Rogatica,M,Ateist,13
2013,Broj,Rogatica,Ž,Ateist,7
2013,Broj,Rudo,Ukupno,Ateist,11
2013,Broj,Rudo,M,Ateist,9
2013,Broj,Rudo,Ž,Ateist,2
2013,Broj,Sokolac,Ukupno,Ateist,14
2013,Broj,Sokolac,M,Ateist,11
2013,Broj,Sokolac,Ž,Ateist,3
2013,Broj,Srbac,Ukupno,Ateist,46
2013,Broj,Srbac,M,Ateist,28
2013,Broj,Srbac,Ž,Ateist,18
2013,Broj,Srebrenica,Ukupno,Ateist,14
2013,Broj,Srebrenica,M,Ateist,10
2013,Broj,Srebrenica,Ž,Ateist,4
2013,Broj,Teslić,Ukupno,Ateist,167
2013,Broj,Teslić,M,Ateist,89
2013,Broj,Teslić,Ž,Ateist,78
2013,Broj,Grad Trebinje,Ukupno,Ateist,118
2013,Broj,Grad Trebinje,M,Ateist,62
2013,Broj,Grad Trebinje,Ž,Ateist,56
2013,Broj,Trnovo,Ukupno,Ateist,7
2013,Broj,Trnovo,M,Ateist,5
2013,Broj,Trnovo,Ž,Ateist,2
2013,Broj,Ugljevik,Ukupno,Ateist,22
2013,Broj,Ugljevik,M,Ateist,16
2013,Broj,Ugljevik,Ž,Ateist,6
2013,Broj,Foča,Ukupno,Ateist,34
2013,Broj,Foča,M,Ateist,19
2013,Broj,Foča,Ž,Ateist,15
2013,Broj,Han Pijesak,Ukupno,Ateist,1
2013,Broj,Han Pijesak,M,Ateist,1
2013,Broj,Han Pijesak,Ž,Ateist,0
2013,Broj,Čajniče,Ukupno,Ateist,4
2013,Broj,Čajniče,M,Ateist,3
2013,Broj,Čajniče,Ž,Ateist,1
2013,Broj,Čelinac,Ukupno,Ateist,23
2013,Broj,Čelinac,M,Ateist,12
2013,Broj,Čelinac,Ž,Ateist,11
2013,Broj,Šamac,Ukupno,Ateist,81
2013,Broj,Šamac,M,Ateist,56
2013,Broj,Šamac,Ž,Ateist,25
2013,Broj,Šekovići,Ukupno,Ateist,6
2013,Broj,Šekovići,M,Ateist,5
2013,Broj,Šekovići,Ž,Ateist,1
2013,Broj,Šipovo,Ukupno,Ateist,13
2013,Broj,Šipovo,M,Ateist,9
2013,Broj,Šipovo,Ž,Ateist,4
2013,Broj,Republika Srpska,Ukupno,Ostali,8729
2013,Broj,Republika Srpska,M,Ostali,4319
2013,Broj,Republika Srpska,Ž,Ostali,4410
2013,Broj,Grad Banja Luka,Ukupno,Ostali,1230
2013,Broj,Grad Banja Luka,M,Ostali,620
2013,Broj,Grad Banja Luka,Ž,Ostali,610
2013,Broj,Berkovići,Ukupno,Ostali,3
2013,Broj,Berkovići,M,Ostali,2
2013,Broj,Berkovići,Ž,Ostali,1
2013,Broj,Grad Bijeljina,Ukupno,Ostali,944
2013,Broj,Grad Bijeljina,M,Ostali,471
2013,Broj,Grad Bijeljina,Ž,Ostali,473
2013,Broj,Bileća,Ukupno,Ostali,26
2013,Broj,Bileća,M,Ostali,15
2013,Broj,Bileća,Ž,Ostali,11
2013,Broj,Bratunac,Ukupno,Ostali,237
2013,Broj,Bratunac,M,Ostali,121
2013,Broj,Bratunac,Ž,Ostali,116
2013,Broj,Brod,Ukupno,Ostali,98
2013,Broj,Brod,M,Ostali,52
2013,Broj,Brod,Ž,Ostali,46
2013,Broj,Višegrad,Ukupno,Ostali,76
2013,Broj,Višegrad,M,Ostali,40
2013,Broj,Višegrad,Ž,Ostali,36
2013,Broj,Vlasenica,Ukupno,Ostali,115
2013,Broj,Vlasenica,M,Ostali,42
2013,Broj,Vlasenica,Ž,Ostali,73
2013,Broj,Vukosavlje,Ukupno,Ostali,30
2013,Broj,Vukosavlje,M,Ostali,15
2013,Broj,Vukosavlje,Ž,Ostali,15
2013,Broj,Gacko,Ukupno,Ostali,16
2013,Broj,Gacko,M,Ostali,9
2013,Broj,Gacko,Ž,Ostali,7
2013,Broj,Grad Gradiška,Ukupno,Ostali,321
2013,Broj,Grad Gradiška,M,Ostali,168
2013,Broj,Grad Gradiška,Ž,Ostali,153
2013,Broj,Grad Derventa,Ukupno,Ostali,141
2013,Broj,Grad Derventa,M,Ostali,67
2013,Broj,Grad Derventa,Ž,Ostali,74
2013,Broj,Grad Doboj,Ukupno,Ostali,845
2013,Broj,Grad Doboj,M,Ostali,412
2013,Broj,Grad Doboj,Ž,Ostali,433
2013,Broj,Donji Žabar,Ukupno,Ostali,21
2013,Broj,Donji Žabar,M,Ostali,8
2013,Broj,Donji Žabar,Ž,Ostali,13
2013,Broj,Grad Zvornik,Ukupno,Ostali,186
2013,Broj,Grad Zvornik,M,Ostali,90
2013,Broj,Grad Zvornik,Ž,Ostali,96
2013,Broj,Istočna Ilidža,Ukupno,Ostali,28
2013,Broj,Istočna Ilidža,M,Ostali,18
2013,Broj,Istočna Ilidža,Ž,Ostali,10
2013,Broj,Istočni Drvar,Ukupno,Ostali,0
2013,Broj,Istočni Drvar,M,Ostali,0
2013,Broj,Istočni Drvar,Ž,Ostali,0
2013,Broj,Istočni Mostar,Ukupno,Ostali,1
2013,Broj,Istočni Mostar,M,Ostali,1
2013,Broj,Istočni Mostar,Ž,Ostali,0
2013,Broj,Istočni Stari Grad,Ukupno,Ostali,5
2013,Broj,Istočni Stari Grad,M,Ostali,2
2013,Broj,Istočni Stari Grad,Ž,Ostali,3
2013,Broj,Istočno Novo Sarajevo,Ukupno,Ostali,16
2013,Broj,Istočno Novo Sarajevo,M,Ostali,10
2013,Broj,Istočno Novo Sarajevo,Ž,Ostali,6
2013,Broj,Jezero,Ukupno,Ostali,0
2013,Broj,Jezero,M,Ostali,0
2013,Broj,Jezero,Ž,Ostali,0
2013,Broj,Kalinovik,Ukupno,Ostali,3
2013,Broj,Kalinovik,M,Ostali,2
2013,Broj,Kalinovik,Ž,Ostali,1
2013,Broj,Kneževo,Ukupno,Ostali,68
2013,Broj,Kneževo,M,Ostali,29
2013,Broj,Kneževo,Ž,Ostali,39
2013,Broj,Kozarska Dubica,Ukupno,Ostali,83
2013,Broj,Kozarska Dubica,M,Ostali,37
2013,Broj,Kozarska Dubica,Ž,Ostali,46
2013,Broj,Kostajnica,Ukupno,Ostali,13
2013,Broj,Kostajnica,M,Ostali,9
2013,Broj,Kostajnica,Ž,Ostali,4
2013,Broj,Kotor Varoš,Ukupno,Ostali,236
2013,Broj,Kotor Varoš,M,Ostali,120
2013,Broj,Kotor Varoš,Ž,Ostali,116
2013,Broj,Krupa Na Uni,Ukupno,Ostali,0
2013,Broj,Krupa Na Uni,M,Ostali,0
2013,Broj,Krupa Na Uni,Ž,Ostali,0
2013,Broj,Kupres,Ukupno,Ostali,0
2013,Broj,Kupres,M,Ostali,0
2013,Broj,Kupres,Ž,Ostali,0
2013,Broj,Laktaši,Ukupno,Ostali,278
2013,Broj,Laktaši,M,Ostali,147
2013,Broj,Laktaši,Ž,Ostali,131
2013,Broj,Lopare,Ukupno,Ostali,1
2013,Broj,Lopare,M,Ostali,0
2013,Broj,Lopare,Ž,Ostali,1
2013,Broj,Ljubinje,Ukupno,Ostali,1
2013,Broj,Ljubinje,M,Ostali,1
2013,Broj,Ljubinje,Ž,Ostali,0
2013,Broj,Milići,Ukupno,Ostali,34
2013,Broj,Milići,M,Ostali,19
2013,Broj,Milići,Ž,Ostali,15
2013,Broj,Modriča,Ukupno,Ostali,211
2013,Broj,Modriča,M,Ostali,98
2013,Broj,Modriča,Ž,Ostali,113
2013,Broj,Mrkonjić Grad,Ukupno,Ostali,9
2013,Broj,Mrkonjić Grad,M,Ostali,6
2013,Broj,Mrkonjić Grad,Ž,Ostali,3
2013,Broj,Nevesinje,Ukupno,Ostali,8
2013,Broj,Nevesinje,M,Ostali,4
2013,Broj,Nevesinje,Ž,Ostali,4
2013,Broj,Novi Grad,Ukupno,Ostali,134
2013,Broj,Novi Grad,M,Ostali,60
2013,Broj,Novi Grad,Ž,Ostali,74
2013,Broj,Novo Goražde,Ukupno,Ostali,19
2013,Broj,Novo Goražde,M,Ostali,9
2013,Broj,Novo Goražde,Ž,Ostali,10
2013,Broj,Osmaci,Ukupno,Ostali,41
2013,Broj,Osmaci,M,Ostali,26
2013,Broj,Osmaci,Ž,Ostali,15
2013,Broj,Oštra Luka,Ukupno,Ostali,23
2013,Broj,Oštra Luka,M,Ostali,15
2013,Broj,Oštra Luka,Ž,Ostali,8
2013,Broj,Pale,Ukupno,Ostali,53
2013,Broj,Pale,M,Ostali,24
2013,Broj,Pale,Ž,Ostali,29
2013,Broj,Pelagićevo,Ukupno,Ostali,5
2013,Broj,Pelagićevo,M,Ostali,3
2013,Broj,Pelagićevo,Ž,Ostali,2
2013,Broj,Petrovac,Ukupno,Ostali,0
2013,Broj,Petrovac,M,Ostali,0
2013,Broj,Petrovac,Ž,Ostali,0
2013,Broj,Petrovo,Ukupno,Ostali,20
2013,Broj,Petrovo,M,Ostali,8
2013,Broj,Petrovo,Ž,Ostali,12
2013,Broj,Grad Prijedor,Ukupno,Ostali,1506
2013,Broj,Grad Prijedor,M,Ostali,722
2013,Broj,Grad Prijedor,Ž,Ostali,784
2013,Broj,Prnjavor,Ukupno,Ostali,611
2013,Broj,Prnjavor,M,Ostali,317
2013,Broj,Prnjavor,Ž,Ostali,294
2013,Broj,Ribnik,Ukupno,Ostali,12
2013,Broj,Ribnik,M,Ostali,8
2013,Broj,Ribnik,Ž,Ostali,4
2013,Broj,Rogatica,Ukupno,Ostali,48
2013,Broj,Rogatica,M,Ostali,21
2013,Broj,Rogatica,Ž,Ostali,27
2013,Broj,Rudo,Ukupno,Ostali,0
2013,Broj,Rudo,M,Ostali,0
2013,Broj,Rudo,Ž,Ostali,0
2013,Broj,Sokolac,Ukupno,Ostali,30
2013,Broj,Sokolac,M,Ostali,16
2013,Broj,Sokolac,Ž,Ostali,14
2013,Broj,Srbac,Ukupno,Ostali,95
2013,Broj,Srbac,M,Ostali,50
2013,Broj,Srbac,Ž,Ostali,45
2013,Broj,Srebrenica,Ukupno,Ostali,72
2013,Broj,Srebrenica,M,Ostali,36
2013,Broj,Srebrenica,Ž,Ostali,36
2013,Broj,Teslić,Ukupno,Ostali,316
2013,Broj,Teslić,M,Ostali,148
2013,Broj,Teslić,Ž,Ostali,168
2013,Broj,Grad Trebinje,Ukupno,Ostali,95
2013,Broj,Grad Trebinje,M,Ostali,42
2013,Broj,Grad Trebinje,Ž,Ostali,53
2013,Broj,Trnovo,Ukupno,Ostali,17
2013,Broj,Trnovo,M,Ostali,9
2013,Broj,Trnovo,Ž,Ostali,8
2013,Broj,Ugljevik,Ukupno,Ostali,2
2013,Broj,Ugljevik,M,Ostali,1
2013,Broj,Ugljevik,Ž,Ostali,1
2013,Broj,Foča,Ukupno,Ostali,104
2013,Broj,Foča,M,Ostali,53
2013,Broj,Foča,Ž,Ostali,51
2013,Broj,Han Pijesak,Ukupno,Ostali,5
2013,Broj,Han Pijesak,M,Ostali,3
2013,Broj,Han Pijesak,Ž,Ostali,2
2013,Broj,Čajniče,Ukupno,Ostali,16
2013,Broj,Čajniče,M,Ostali,7
2013,Broj,Čajniče,Ž,Ostali,9
2013,Broj,Čelinac,Ukupno,Ostali,44
2013,Broj,Čelinac,M,Ostali,20
2013,Broj,Čelinac,Ž,Ostali,24
2013,Broj,Šamac,Ukupno,Ostali,144
2013,Broj,Šamac,M,Ostali,68
2013,Broj,Šamac,Ž,Ostali,76
2013,Broj,Šekovići,Ukupno,Ostali,1
2013,Broj,Šekovići,M,Ostali,1
2013,Broj,Šekovići,Ž,Ostali,0
2013,Broj,Šipovo,Ukupno,Ostali,32
2013,Broj,Šipovo,M,Ostali,17
2013,Broj,Šipovo,Ž,Ostali,15
2013,Broj,Republika Srpska,Ukupno,Ne izjašnjava se,8028
2013,Broj,Republika Srpska,M,Ne izjašnjava se,3554
2013,Broj,Republika Srpska,Ž,Ne izjašnjava se,4474
2013,Broj,Grad Banja Luka,Ukupno,Ne izjašnjava se,2684
2013,Broj,Grad Banja Luka,M,Ne izjašnjava se,1186
2013,Broj,Grad Banja Luka,Ž,Ne izjašnjava se,1498
2013,Broj,Berkovići,Ukupno,Ne izjašnjava se,1
2013,Broj,Berkovići,M,Ne izjašnjava se,1
2013,Broj,Berkovići,Ž,Ne izjašnjava se,0
2013,Broj,Grad Bijeljina,Ukupno,Ne izjašnjava se,716
2013,Broj,Grad Bijeljina,M,Ne izjašnjava se,307
2013,Broj,Grad Bijeljina,Ž,Ne izjašnjava se,409
2013,Broj,Bileća,Ukupno,Ne izjašnjava se,30
2013,Broj,Bileća,M,Ne izjašnjava se,14
2013,Broj,Bileća,Ž,Ne izjašnjava se,16
2013,Broj,Bratunac,Ukupno,Ne izjašnjava se,21
2013,Broj,Bratunac,M,Ne izjašnjava se,9
2013,Broj,Bratunac,Ž,Ne izjašnjava se,12
2013,Broj,Brod,Ukupno,Ne izjašnjava se,160
2013,Broj,Brod,M,Ne izjašnjava se,60
2013,Broj,Brod,Ž,Ne izjašnjava se,100
2013,Broj,Višegrad,Ukupno,Ne izjašnjava se,18
2013,Broj,Višegrad,M,Ne izjašnjava se,9
2013,Broj,Višegrad,Ž,Ne izjašnjava se,9
2013,Broj,Vlasenica,Ukupno,Ne izjašnjava se,16
2013,Broj,Vlasenica,M,Ne izjašnjava se,8
2013,Broj,Vlasenica,Ž,Ne izjašnjava se,8
2013,Broj,Vukosavlje,Ukupno,Ne izjašnjava se,33
2013,Broj,Vukosavlje,M,Ne izjašnjava se,16
2013,Broj,Vukosavlje,Ž,Ne izjašnjava se,17
2013,Broj,Gacko,Ukupno,Ne izjašnjava se,6
2013,Broj,Gacko,M,Ne izjašnjava se,1
2013,Broj,Gacko,Ž,Ne izjašnjava se,5
2013,Broj,Grad Gradiška,Ukupno,Ne izjašnjava se,375
2013,Broj,Grad Gradiška,M,Ne izjašnjava se,155
2013,Broj,Grad Gradiška,Ž,Ne izjašnjava se,220
2013,Broj,Grad Derventa,Ukupno,Ne izjašnjava se,256
2013,Broj,Grad Derventa,M,Ne izjašnjava se,125
2013,Broj,Grad Derventa,Ž,Ne izjašnjava se,131
2013,Broj,Grad Doboj,Ukupno,Ne izjašnjava se,526
2013,Broj,Grad Doboj,M,Ne izjašnjava se,271
2013,Broj,Grad Doboj,Ž,Ne izjašnjava se,255
2013,Broj,Donji Žabar,Ukupno,Ne izjašnjava se,6
2013,Broj,Donji Žabar,M,Ne izjašnjava se,2
2013,Broj,Donji Žabar,Ž,Ne izjašnjava se,4
2013,Broj,Grad Zvornik,Ukupno,Ne izjašnjava se,67
2013,Broj,Grad Zvornik,M,Ne izjašnjava se,31
2013,Broj,Grad Zvornik,Ž,Ne izjašnjava se,36
2013,Broj,Istočna Ilidža,Ukupno,Ne izjašnjava se,92
2013,Broj,Istočna Ilidža,M,Ne izjašnjava se,41
2013,Broj,Istočna Ilidža,Ž,Ne izjašnjava se,51
2013,Broj,Istočni Drvar,Ukupno,Ne izjašnjava se,0
2013,Broj,Istočni Drvar,M,Ne izjašnjava se,0
2013,Broj,Istočni Drvar,Ž,Ne izjašnjava se,0
2013,Broj,Istočni Mostar,Ukupno,Ne izjašnjava se,0
2013,Broj,Istočni Mostar,M,Ne izjašnjava se,0
2013,Broj,Istočni Mostar,Ž,Ne izjašnjava se,0
2013,Broj,Istočni Stari Grad,Ukupno,Ne izjašnjava se,6
2013,Broj,Istočni Stari Grad,M,Ne izjašnjava se,5
2013,Broj,Istočni Stari Grad,Ž,Ne izjašnjava se,1
2013,Broj,Istočno Novo Sarajevo,Ukupno,Ne izjašnjava se,56
2013,Broj,Istočno Novo Sarajevo,M,Ne izjašnjava se,24
2013,Broj,Istočno Novo Sarajevo,Ž,Ne izjašnjava se,32
2013,Broj,Jezero,Ukupno,Ne izjašnjava se,0
2013,Broj,Jezero,M,Ne izjašnjava se,0
2013,Broj,Jezero,Ž,Ne izjašnjava se,0
2013,Broj,Kalinovik,Ukupno,Ne izjašnjava se,5
2013,Broj,Kalinovik,M,Ne izjašnjava se,4
2013,Broj,Kalinovik,Ž,Ne izjašnjava se,1
2013,Broj,Kneževo,Ukupno,Ne izjašnjava se,4
2013,Broj,Kneževo,M,Ne izjašnjava se,3
2013,Broj,Kneževo,Ž,Ne izjašnjava se,1
2013,Broj,Kozarska Dubica,Ukupno,Ne izjašnjava se,178
2013,Broj,Kozarska Dubica,M,Ne izjašnjava se,77
2013,Broj,Kozarska Dubica,Ž,Ne izjašnjava se,101
2013,Broj,Kostajnica,Ukupno,Ne izjašnjava se,67
2013,Broj,Kostajnica,M,Ne izjašnjava se,26
2013,Broj,Kostajnica,Ž,Ne izjašnjava se,41
2013,Broj,Kotor Varoš,Ukupno,Ne izjašnjava se,107
2013,Broj,Kotor Varoš,M,Ne izjašnjava se,45
2013,Broj,Kotor Varoš,Ž,Ne izjašnjava se,62
2013,Broj,Krupa Na Uni,Ukupno,Ne izjašnjava se,0
2013,Broj,Krupa Na Uni,M,Ne izjašnjava se,0
2013,Broj,Krupa Na Uni,Ž,Ne izjašnjava se,0
2013,Broj,Kupres,Ukupno,Ne izjašnjava se,1
2013,Broj,Kupres,M,Ne izjašnjava se,1
2013,Broj,Kupres,Ž,Ne izjašnjava se,0
2013,Broj,Laktaši,Ukupno,Ne izjašnjava se,239
2013,Broj,Laktaši,M,Ne izjašnjava se,112
2013,Broj,Laktaši,Ž,Ne izjašnjava se,127
2013,Broj,Lopare,Ukupno,Ne izjašnjava se,22
2013,Broj,Lopare,M,Ne izjašnjava se,6
2013,Broj,Lopare,Ž,Ne izjašnjava se,16
2013,Broj,Ljubinje,Ukupno,Ne izjašnjava se,3
2013,Broj,Ljubinje,M,Ne izjašnjava se,2
2013,Broj,Ljubinje,Ž,Ne izjašnjava se,1
2013,Broj,Milići,Ukupno,Ne izjašnjava se,10
2013,Broj,Milići,M,Ne izjašnjava se,3
2013,Broj,Milići,Ž,Ne izjašnjava se,7
2013,Broj,Modriča,Ukupno,Ne izjašnjava se,151
2013,Broj,Modriča,M,Ne izjašnjava se,64
2013,Broj,Modriča,Ž,Ne izjašnjava se,87
2013,Broj,Mrkonjić Grad,Ukupno,Ne izjašnjava se,37
2013,Broj,Mrkonjić Grad,M,Ne izjašnjava se,16
2013,Broj,Mrkonjić Grad,Ž,Ne izjašnjava se,21
2013,Broj,Nevesinje,Ukupno,Ne izjašnjava se,14
2013,Broj,Nevesinje,M,Ne izjašnjava se,6
2013,Broj,Nevesinje,Ž,Ne izjašnjava se,8
2013,Broj,Novi Grad,Ukupno,Ne izjašnjava se,134
2013,Broj,Novi Grad,M,Ne izjašnjava se,58
2013,Broj,Novi Grad,Ž,Ne izjašnjava se,76
2013,Broj,Novo Goražde,Ukupno,Ne izjašnjava se,5
2013,Broj,Novo Goražde,M,Ne izjašnjava se,3
2013,Broj,Novo Goražde,Ž,Ne izjašnjava se,2
2013,Broj,Osmaci,Ukupno,Ne izjašnjava se,1
2013,Broj,Osmaci,M,Ne izjašnjava se,1
2013,Broj,Osmaci,Ž,Ne izjašnjava se,0
2013,Broj,Oštra Luka,Ukupno,Ne izjašnjava se,13
2013,Broj,Oštra Luka,M,Ne izjašnjava se,5
2013,Broj,Oštra Luka,Ž,Ne izjašnjava se,8
2013,Broj,Pale,Ukupno,Ne izjašnjava se,56
2013,Broj,Pale,M,Ne izjašnjava se,22
2013,Broj,Pale,Ž,Ne izjašnjava se,34
2013,Broj,Pelagićevo,Ukupno,Ne izjašnjava se,2
2013,Broj,Pelagićevo,M,Ne izjašnjava se,0
2013,Broj,Pelagićevo,Ž,Ne izjašnjava se,2
2013,Broj,Petrovac,Ukupno,Ne izjašnjava se,0
2013,Broj,Petrovac,M,Ne izjašnjava se,0
2013,Broj,Petrovac,Ž,Ne izjašnjava se,0
2013,Broj,Petrovo,Ukupno,Ne izjašnjava se,19
2013,Broj,Petrovo,M,Ne izjašnjava se,9
2013,Broj,Petrovo,Ž,Ne izjašnjava se,10
2013,Broj,Grad Prijedor,Ukupno,Ne izjašnjava se,784
2013,Broj,Grad Prijedor,M,Ne izjašnjava se,325
2013,Broj,Grad Prijedor,Ž,Ne izjašnjava se,459
2013,Broj,Prnjavor,Ukupno,Ne izjašnjava se,223
2013,Broj,Prnjavor,M,Ne izjašnjava se,98
2013,Broj,Prnjavor,Ž,Ne izjašnjava se,125
2013,Broj,Ribnik,Ukupno,Ne izjašnjava se,3
2013,Broj,Ribnik,M,Ne izjašnjava se,1
2013,Broj,Ribnik,Ž,Ne izjašnjava se,2
2013,Broj,Rogatica,Ukupno,Ne izjašnjava se,7
2013,Broj,Rogatica,M,Ne izjašnjava se,4
2013,Broj,Rogatica,Ž,Ne izjašnjava se,3
2013,Broj,Rudo,Ukupno,Ne izjašnjava se,3
2013,Broj,Rudo,M,Ne izjašnjava se,2
2013,Broj,Rudo,Ž,Ne izjašnjava se,1
2013,Broj,Sokolac,Ukupno,Ne izjašnjava se,20
2013,Broj,Sokolac,M,Ne izjašnjava se,9
2013,Broj,Sokolac,Ž,Ne izjašnjava se,11
2013,Broj,Srbac,Ukupno,Ne izjašnjava se,95
2013,Broj,Srbac,M,Ne izjašnjava se,46
2013,Broj,Srbac,Ž,Ne izjašnjava se,49
2013,Broj,Srebrenica,Ukupno,Ne izjašnjava se,22
2013,Broj,Srebrenica,M,Ne izjašnjava se,10
2013,Broj,Srebrenica,Ž,Ne izjašnjava se,12
2013,Broj,Teslić,Ukupno,Ne izjašnjava se,309
2013,Broj,Teslić,M,Ne izjašnjava se,136
2013,Broj,Teslić,Ž,Ne izjašnjava se,173
2013,Broj,Grad Trebinje,Ukupno,Ne izjašnjava se,170
2013,Broj,Grad Trebinje,M,Ne izjašnjava se,75
2013,Broj,Grad Trebinje,Ž,Ne izjašnjava se,95
2013,Broj,Trnovo,Ukupno,Ne izjašnjava se,4
2013,Broj,Trnovo,M,Ne izjašnjava se,3
2013,Broj,Trnovo,Ž,Ne izjašnjava se,1
2013,Broj,Ugljevik,Ukupno,Ne izjašnjava se,23
2013,Broj,Ugljevik,M,Ne izjašnjava se,11
2013,Broj,Ugljevik,Ž,Ne izjašnjava se,12
2013,Broj,Foča,Ukupno,Ne izjašnjava se,27
2013,Broj,Foča,M,Ne izjašnjava se,13
2013,Broj,Foča,Ž,Ne izjašnjava se,14
2013,Broj,Han Pijesak,Ukupno,Ne izjašnjava se,0
2013,Broj,Han Pijesak,M,Ne izjašnjava se,0
2013,Broj,Han Pijesak,Ž,Ne izjašnjava se,0
2013,Broj,Čajniče,Ukupno,Ne izjašnjava se,1
2013,Broj,Čajniče,M,Ne izjašnjava se,1
2013,Broj,Čajniče,Ž,Ne izjašnjava se,0
2013,Broj,Čelinac,Ukupno,Ne izjašnjava se,30
2013,Broj,Čelinac,M,Ne izjašnjava se,15
2013,Broj,Čelinac,Ž,Ne izjašnjava se,15
2013,Broj,Šamac,Ukupno,Ne izjašnjava se,147
2013,Broj,Šamac,M,Ne izjašnjava se,64
2013,Broj,Šamac,Ž,Ne izjašnjava se,83
2013,Broj,Šekovići,Ukupno,Ne izjašnjava se,4
2013,Broj,Šekovići,M,Ne izjašnjava se,3
2013,Broj,Šekovići,Ž,Ne izjašnjava se,1
2013,Broj,Šipovo,Ukupno,Ne izjašnjava se,19
2013,Broj,Šipovo,M,Ne izjašnjava se,10
2013,Broj,Šipovo,Ž,Ne izjašnjava se,9
2013,Broj,Republika Srpska,Ukupno,Nepoznato,2065
2013,Broj,Republika Srpska,M,Nepoznato,963
2013,Broj,Republika Srpska,Ž,Nepoznato,1102
2013,Broj,Grad Banja Luka,Ukupno,Nepoznato,357
2013,Broj,Grad Banja Luka,M,Nepoznato,173
2013,Broj,Grad Banja Luka,Ž,Nepoznato,184
2013,Broj,Berkovići,Ukupno,Nepoznato,1
2013,Broj,Berkovići,M,Nepoznato,0
2013,Broj,Berkovići,Ž,Nepoznato,1
2013,Broj,Grad Bijeljina,Ukupno,Nepoznato,102
2013,Broj,Grad Bijeljina,M,Nepoznato,44
2013,Broj,Grad Bijeljina,Ž,Nepoznato,58
2013,Broj,Bileća,Ukupno,Nepoznato,12
2013,Broj,Bileća,M,Nepoznato,4
2013,Broj,Bileća,Ž,Nepoznato,8
2013,Broj,Bratunac,Ukupno,Nepoznato,40
2013,Broj,Bratunac,M,Nepoznato,16
2013,Broj,Bratunac,Ž,Nepoznato,24
2013,Broj,Brod,Ukupno,Nepoznato,32
2013,Broj,Brod,M,Nepoznato,12
2013,Broj,Brod,Ž,Nepoznato,20
2013,Broj,Višegrad,Ukupno,Nepoznato,179
2013,Broj,Višegrad,M,Nepoznato,4
2013,Broj,Višegrad,Ž,Nepoznato,175
2013,Broj,Vlasenica,Ukupno,Nepoznato,21
2013,Broj,Vlasenica,M,Nepoznato,10
2013,Broj,Vlasenica,Ž,Nepoznato,11
2013,Broj,Vukosavlje,Ukupno,Nepoznato,14
2013,Broj,Vukosavlje,M,Nepoznato,3
2013,Broj,Vukosavlje,Ž,Nepoznato,11
2013,Broj,Gacko,Ukupno,Nepoznato,7
2013,Broj,Gacko,M,Nepoznato,2
2013,Broj,Gacko,Ž,Nepoznato,5
2013,Broj,Grad Gradiška,Ukupno,Nepoznato,46
2013,Broj,Grad Gradiška,M,Nepoznato,21
2013,Broj,Grad Gradiška,Ž,Nepoznato,25
2013,Broj,Grad Derventa,Ukupno,Nepoznato,47
2013,Broj,Grad Derventa,M,Nepoznato,21
2013,Broj,Grad Derventa,Ž,Nepoznato,26
2013,Broj,Grad Doboj,Ukupno,Nepoznato,160
2013,Broj,Grad Doboj,M,Nepoznato,64
2013,Broj,Grad Doboj,Ž,Nepoznato,96
2013,Broj,Donji Žabar,Ukupno,Nepoznato,2
2013,Broj,Donji Žabar,M,Nepoznato,1
2013,Broj,Donji Žabar,Ž,Nepoznato,1
2013,Broj,Grad Zvornik,Ukupno,Nepoznato,98
2013,Broj,Grad Zvornik,M,Nepoznato,39
2013,Broj,Grad Zvornik,Ž,Nepoznato,59
2013,Broj,Istočna Ilidža,Ukupno,Nepoznato,10
2013,Broj,Istočna Ilidža,M,Nepoznato,5
2013,Broj,Istočna Ilidža,Ž,Nepoznato,5
2013,Broj,Istočni Drvar,Ukupno,Nepoznato,0
2013,Broj,Istočni Drvar,M,Nepoznato,0
2013,Broj,Istočni Drvar,Ž,Nepoznato,0
2013,Broj,Istočni Mostar,Ukupno,Nepoznato,2
2013,Broj,Istočni Mostar,M,Nepoznato,1
2013,Broj,Istočni Mostar,Ž,Nepoznato,1
2013,Broj,Istočni Stari Grad,Ukupno,Nepoznato,2
2013,Broj,Istočni Stari Grad,M,Nepoznato,1
2013,Broj,Istočni Stari Grad,Ž,Nepoznato,1
2013,Broj,Istočno Novo Sarajevo,Ukupno,Nepoznato,3
2013,Broj,Istočno Novo Sarajevo,M,Nepoznato,0
2013,Broj,Istočno Novo Sarajevo,Ž,Nepoznato,3
2013,Broj,Jezero,Ukupno,Nepoznato,2
2013,Broj,Jezero,M,Nepoznato,1
2013,Broj,Jezero,Ž,Nepoznato,1
2013,Broj,Kalinovik,Ukupno,Nepoznato,0
2013,Broj,Kalinovik,M,Nepoznato,0
2013,Broj,Kalinovik,Ž,Nepoznato,0
2013,Broj,Kneževo,Ukupno,Nepoznato,5
2013,Broj,Kneževo,M,Nepoznato,3
2013,Broj,Kneževo,Ž,Nepoznato,2
2013,Broj,Kozarska Dubica,Ukupno,Nepoznato,18
2013,Broj,Kozarska Dubica,M,Nepoznato,11
2013,Broj,Kozarska Dubica,Ž,Nepoznato,7
2013,Broj,Kostajnica,Ukupno,Nepoznato,1
2013,Broj,Kostajnica,M,Nepoznato,1
2013,Broj,Kostajnica,Ž,Nepoznato,0
2013,Broj,Kotor Varoš,Ukupno,Nepoznato,21
2013,Broj,Kotor Varoš,M,Nepoznato,15
2013,Broj,Kotor Varoš,Ž,Nepoznato,6
2013,Broj,Krupa Na Uni,Ukupno,Nepoznato,1
2013,Broj,Krupa Na Uni,M,Nepoznato,0
2013,Broj,Krupa Na Uni,Ž,Nepoznato,1
2013,Broj,Kupres,Ukupno,Nepoznato,0
2013,Broj,Kupres,M,Nepoznato,0
2013,Broj,Kupres,Ž,Nepoznato,0
2013,Broj,Laktaši,Ukupno,Nepoznato,48
2013,Broj,Laktaši,M,Nepoznato,21
2013,Broj,Laktaši,Ž,Nepoznato,27
2013,Broj,Lopare,Ukupno,Nepoznato,13
2013,Broj,Lopare,M,Nepoznato,6
2013,Broj,Lopare,Ž,Nepoznato,7
2013,Broj,Ljubinje,Ukupno,Nepoznato,2
2013,Broj,Ljubinje,M,Nepoznato,1
2013,Broj,Ljubinje,Ž,Nepoznato,1
2013,Broj,Milići,Ukupno,Nepoznato,8
2013,Broj,Milići,M,Nepoznato,3
2013,Broj,Milići,Ž,Nepoznato,5
2013,Broj,Modriča,Ukupno,Nepoznato,125
2013,Broj,Modriča,M,Nepoznato,66
2013,Broj,Modriča,Ž,Nepoznato,59
2013,Broj,Mrkonjić Grad,Ukupno,Nepoznato,13
2013,Broj,Mrkonjić Grad,M,Nepoznato,7
2013,Broj,Mrkonjić Grad,Ž,Nepoznato,6
2013,Broj,Nevesinje,Ukupno,Nepoznato,7
2013,Broj,Nevesinje,M,Nepoznato,2
2013,Broj,Nevesinje,Ž,Nepoznato,5
2013,Broj,Novi Grad,Ukupno,Nepoznato,26
2013,Broj,Novi Grad,M,Nepoznato,14
2013,Broj,Novi Grad,Ž,Nepoznato,12
2013,Broj,Novo Goražde,Ukupno,Nepoznato,7
2013,Broj,Novo Goražde,M,Nepoznato,3
2013,Broj,Novo Goražde,Ž,Nepoznato,4
2013,Broj,Osmaci,Ukupno,Nepoznato,4
2013,Broj,Osmaci,M,Nepoznato,2
2013,Broj,Osmaci,Ž,Nepoznato,2
2013,Broj,Oštra Luka,Ukupno,Nepoznato,3
2013,Broj,Oštra Luka,M,Nepoznato,2
2013,Broj,Oštra Luka,Ž,Nepoznato,1
2013,Broj,Pale,Ukupno,Nepoznato,11
2013,Broj,Pale,M,Nepoznato,7
2013,Broj,Pale,Ž,Nepoznato,4
2013,Broj,Pelagićevo,Ukupno,Nepoznato,5
2013,Broj,Pelagićevo,M,Nepoznato,1
2013,Broj,Pelagićevo,Ž,Nepoznato,4
2013,Broj,Petrovac,Ukupno,Nepoznato,0
2013,Broj,Petrovac,M,Nepoznato,0
2013,Broj,Petrovac,Ž,Nepoznato,0
2013,Broj,Petrovo,Ukupno,Nepoznato,4
2013,Broj,Petrovo,M,Nepoznato,2
2013,Broj,Petrovo,Ž,Nepoznato,2
2013,Broj,Grad Prijedor,Ukupno,Nepoznato,374
2013,Broj,Grad Prijedor,M,Nepoznato,257
2013,Broj,Grad Prijedor,Ž,Nepoznato,117
2013,Broj,Prnjavor,Ukupno,Nepoznato,31
2013,Broj,Prnjavor,M,Nepoznato,13
2013,Broj,Prnjavor,Ž,Nepoznato,18
2013,Broj,Ribnik,Ukupno,Nepoznato,2
2013,Broj,Ribnik,M,Nepoznato,2
2013,Broj,Ribnik,Ž,Nepoznato,0
2013,Broj,Rogatica,Ukupno,Nepoznato,4
2013,Broj,Rogatica,M,Nepoznato,3
2013,Broj,Rogatica,Ž,Nepoznato,1
2013,Broj,Rudo,Ukupno,Nepoznato,4
2013,Broj,Rudo,M,Nepoznato,0
2013,Broj,Rudo,Ž,Nepoznato,4
2013,Broj,Sokolac,Ukupno,Nepoznato,14
2013,Broj,Sokolac,M,Nepoznato,3
2013,Broj,Sokolac,Ž,Nepoznato,11
2013,Broj,Srbac,Ukupno,Nepoznato,28
2013,Broj,Srbac,M,Nepoznato,13
2013,Broj,Srbac,Ž,Nepoznato,15
2013,Broj,Srebrenica,Ukupno,Nepoznato,20
2013,Broj,Srebrenica,M,Nepoznato,14
2013,Broj,Srebrenica,Ž,Nepoznato,6
2013,Broj,Teslić,Ukupno,Nepoznato,43
2013,Broj,Teslić,M,Nepoznato,21
2013,Broj,Teslić,Ž,Nepoznato,22
2013,Broj,Grad Trebinje,Ukupno,Nepoznato,14
2013,Broj,Grad Trebinje,M,Nepoznato,8
2013,Broj,Grad Trebinje,Ž,Nepoznato,6
2013,Broj,Trnovo,Ukupno,Nepoznato,0
2013,Broj,Trnovo,M,Nepoznato,0
2013,Broj,Trnovo,Ž,Nepoznato,0
2013,Broj,Ugljevik,Ukupno,Nepoznato,13
2013,Broj,Ugljevik,M,Nepoznato,11
2013,Broj,Ugljevik,Ž,Nepoznato,2
2013,Broj,Foča,Ukupno,Nepoznato,12
2013,Broj,Foča,M,Nepoznato,6
2013,Broj,Foča,Ž,Nepoznato,6
2013,Broj,Han Pijesak,Ukupno,Nepoznato,0
2013,Broj,Han Pijesak,M,Nepoznato,0
2013,Broj,Han Pijesak,Ž,Nepoznato,0
2013,Broj,Čajniče,Ukupno,Nepoznato,4
2013,Broj,Čajniče,M,Nepoznato,1
2013,Broj,Čajniče,Ž,Nepoznato,3
2013,Broj,Čelinac,Ukupno,Nepoznato,10
2013,Broj,Čelinac,M,Nepoznato,4
2013,Broj,Čelinac,Ž,Nepoznato,6
2013,Broj,Šamac,Ukupno,Nepoznato,18
2013,Broj,Šamac,M,Nepoznato,10
2013,Broj,Šamac,Ž,Nepoznato,8
2013,Broj,Šekovići,Ukupno,Nepoznato,9
2013,Broj,Šekovići,M,Nepoznato,4
2013,Broj,Šekovići,Ž,Nepoznato,5
2013,Broj,Šipovo,Ukupno,Nepoznato,6
2013,Broj,Šipovo,M,Nepoznato,4
2013,Broj,Šipovo,Ž,Nepoznato,2
