Year,UNIT_MEASURE,ADMIN_AREA,Pol,Religion,Value
2013,Broj,republika_srpska,Ukupno,_T,1170342
2013,Broj,republika_srpska,M,_T,571812
2013,Broj,republika_srpska,Ž,_T,598530
2013,Broj,grad_banja_luka,Ukupno,_T,180053
2013,Broj,grad_banja_luka,M,_T,86510
2013,Broj,grad_banja_luka,Ž,_T,93543
2013,Broj,berkovici,Ukupno,_T,2041
2013,Broj,berkovici,M,_T,1032
2013,Broj,berkovici,Ž,_T,1009
2013,Broj,grad_bijeljina,Ukupno,_T,103874
2013,Broj,grad_bijeljina,M,_T,50760
2013,Broj,grad_bijeljina,Ž,_T,53114
2013,Broj,bileca,Ukupno,_T,10607
2013,Broj,bileca,M,_T,5346
2013,Broj,bileca,Ž,_T,5261
2013,Broj,bratunac,Ukupno,_T,18651
2013,Broj,bratunac,M,_T,9210
2013,Broj,bratunac,Ž,_T,9441
2013,Broj,brod,Ukupno,_T,15720
2013,Broj,brod,M,_T,7670
2013,Broj,brod,Ž,_T,8050
2013,Broj,visegrad,Ukupno,_T,10118
2013,Broj,visegrad,M,_T,4834
2013,Broj,visegrad,Ž,_T,5284
2013,Broj,vlasenica,Ukupno,_T,10657
2013,Broj,vlasenica,M,_T,5193
2013,Broj,vlasenica,Ž,_T,5464
2013,Broj,vukosavlje,Ukupno,_T,4363
2013,Broj,vukosavlje,M,_T,2185
2013,Broj,vukosavlje,Ž,_T,2178
2013,Broj,gacko,Ukupno,_T,8710
2013,Broj,gacko,M,_T,4423
2013,Broj,gacko,Ž,_T,4287
2013,Broj,grad_gradiska,Ukupno,_T,49196
2013,Broj,grad_gradiska,M,_T,23944
2013,Broj,grad_gradiska,Ž,_T,25252
2013,Broj,grad_derventa,Ukupno,_T,25922
2013,Broj,grad_derventa,M,_T,12629
2013,Broj,grad_derventa,Ž,_T,13293
2013,Broj,grad_doboj,Ukupno,_T,68514
2013,Broj,grad_doboj,M,_T,33222
2013,Broj,grad_doboj,Ž,_T,35292
2013,Broj,donji_zabar,Ukupno,_T,3669
2013,Broj,donji_zabar,M,_T,1853
2013,Broj,donji_zabar,Ž,_T,1816
2013,Broj,grad_zvornik,Ukupno,_T,54407
2013,Broj,grad_zvornik,M,_T,26803
2013,Broj,grad_zvornik,Ž,_T,27604
2013,Broj,istocna_ilidza,Ukupno,_T,14437
2013,Broj,istocna_ilidza,M,_T,6905
2013,Broj,istocna_ilidza,Ž,_T,7532
2013,Broj,istocni_drvar,Ukupno,_T,66
2013,Broj,istocni_drvar,M,_T,44
2013,Broj,istocni_drvar,Ž,_T,22
2013,Broj,istocni_mostar,Ukupno,_T,244
2013,Broj,istocni_mostar,M,_T,138
2013,Broj,istocni_mostar,Ž,_T,106
2013,Broj,istocni_stari_grad,Ukupno,_T,1116
2013,Broj,istocni_stari_grad,M,_T,552
2013,Broj,istocni_stari_grad,Ž,_T,564
2013,Broj,istocno_novo_sarajevo,Ukupno,_T,10401
2013,Broj,istocno_novo_sarajevo,M,_T,4936
2013,Broj,istocno_novo_sarajevo,Ž,_T,5465
2013,Broj,jezero,Ukupno,_T,1039
2013,Broj,jezero,M,_T,534
2013,Broj,jezero,Ž,_T,505
2013,Broj,kalinovik,Ukupno,_T,1962
2013,Broj,kalinovik,M,_T,950
2013,Broj,kalinovik,Ž,_T,1012
2013,Broj,knezevo,Ukupno,_T,9368
2013,Broj,knezevo,M,_T,4632
2013,Broj,knezevo,Ž,_T,4736
2013,Broj,kozarska_dubica,Ukupno,_T,20681
2013,Broj,kozarska_dubica,M,_T,10094
2013,Broj,kozarska_dubica,Ž,_T,10587
2013,Broj,kostajnica,Ukupno,_T,5645
2013,Broj,kostajnica,M,_T,2780
2013,Broj,kostajnica,Ž,_T,2865
2013,Broj,kotor_varos,Ukupno,_T,18361
2013,Broj,kotor_varos,M,_T,9007
2013,Broj,kotor_varos,Ž,_T,9354
2013,Broj,krupa_na_uni,Ukupno,_T,1560
2013,Broj,krupa_na_uni,M,_T,841
2013,Broj,krupa_na_uni,Ž,_T,719
2013,Broj,kupres,Ukupno,_T,293
2013,Broj,kupres,M,_T,157
2013,Broj,kupres,Ž,_T,136
2013,Broj,laktasi,Ukupno,_T,34210
2013,Broj,laktasi,M,_T,16905
2013,Broj,laktasi,Ž,_T,17305
2013,Broj,lopare,Ukupno,_T,14689
2013,Broj,lopare,M,_T,7377
2013,Broj,lopare,Ž,_T,7312
2013,Broj,ljubinje,Ukupno,_T,3319
2013,Broj,ljubinje,M,_T,1633
2013,Broj,ljubinje,Ž,_T,1686
2013,Broj,milici,Ukupno,_T,10445
2013,Broj,milici,M,_T,5252
2013,Broj,milici,Ž,_T,5193
2013,Broj,modrica,Ukupno,_T,24490
2013,Broj,modrica,M,_T,11969
2013,Broj,modrica,Ž,_T,12521
2013,Broj,mrkonjic_grad,Ukupno,_T,15926
2013,Broj,mrkonjic_grad,M,_T,7660
2013,Broj,mrkonjic_grad,Ž,_T,8266
2013,Broj,nevesinje,Ukupno,_T,12542
2013,Broj,nevesinje,M,_T,6236
2013,Broj,nevesinje,Ž,_T,6306
2013,Broj,novi_grad,Ukupno,_T,25240
2013,Broj,novi_grad,M,_T,12580
2013,Broj,novi_grad,Ž,_T,12660
2013,Broj,novo_gorazde,Ukupno,_T,2915
2013,Broj,novo_gorazde,M,_T,1500
2013,Broj,novo_gorazde,Ž,_T,1415
2013,Broj,osmaci,Ukupno,_T,5546
2013,Broj,osmaci,M,_T,2779
2013,Broj,osmaci,Ž,_T,2767
2013,Broj,ostra_luka,Ukupno,_T,2705
2013,Broj,ostra_luka,M,_T,1386
2013,Broj,ostra_luka,Ž,_T,1319
2013,Broj,pale,Ukupno,_T,20359
2013,Broj,pale,M,_T,9744
2013,Broj,pale,Ž,_T,10615
2013,Broj,pelagicevo,Ukupno,_T,4358
2013,Broj,pelagicevo,M,_T,2151
2013,Broj,pelagicevo,Ž,_T,2207
2013,Broj,petrovac,Ukupno,_T,354
2013,Broj,petrovac,M,_T,169
2013,Broj,petrovac,Ž,_T,185
2013,Broj,petrovo,Ukupno,_T,6317
2013,Broj,petrovo,M,_T,3043
2013,Broj,petrovo,Ž,_T,3274
2013,Broj,grad_prijedor,Ukupno,_T,80916
2013,Broj,grad_prijedor,M,_T,39418
2013,Broj,grad_prijedor,Ž,_T,41498
2013,Broj,prnjavor,Ukupno,_T,34357
2013,Broj,prnjavor,M,_T,16675
2013,Broj,prnjavor,Ž,_T,17682
2013,Broj,ribnik,Ukupno,_T,5851
2013,Broj,ribnik,M,_T,2900
2013,Broj,ribnik,Ž,_T,2951
2013,Broj,rogatica,Ukupno,_T,10302
2013,Broj,rogatica,M,_T,5053
2013,Broj,rogatica,Ž,_T,5249
2013,Broj,rudo,Ukupno,_T,7578
2013,Broj,rudo,M,_T,3840
2013,Broj,rudo,Ž,_T,3738
2013,Broj,sokolac,Ukupno,_T,11620
2013,Broj,sokolac,M,_T,5723
2013,Broj,sokolac,Ž,_T,5897
2013,Broj,srbac,Ukupno,_T,16933
2013,Broj,srbac,M,_T,8295
2013,Broj,srbac,Ž,_T,8638
2013,Broj,srebrenica,Ukupno,_T,11698
2013,Broj,srebrenica,M,_T,5714
2013,Broj,srebrenica,Ž,_T,5984
2013,Broj,teslic,Ukupno,_T,37236
2013,Broj,teslic,M,_T,17894
2013,Broj,teslic,Ž,_T,19342
2013,Broj,grad_trebinje,Ukupno,_T,28239
2013,Broj,grad_trebinje,M,_T,13760
2013,Broj,grad_trebinje,Ž,_T,14479
2013,Broj,trnovo,Ukupno,_T,1983
2013,Broj,trnovo,M,_T,953
2013,Broj,trnovo,Ž,_T,1030
2013,Broj,ugljevik,Ukupno,_T,15118
2013,Broj,ugljevik,M,_T,7626
2013,Broj,ugljevik,Ž,_T,7492
2013,Broj,foca,Ukupno,_T,17580
2013,Broj,foca,M,_T,8880
2013,Broj,foca,Ž,_T,8700
2013,Broj,han_pijesak,Ukupno,_T,3445
2013,Broj,han_pijesak,M,_T,1632
2013,Broj,han_pijesak,Ž,_T,1813
2013,Broj,cajnice,Ukupno,_T,4679
2013,Broj,cajnice,M,_T,2347
2013,Broj,cajnice,Ž,_T,2332
2013,Broj,celinac,Ukupno,_T,15117
2013,Broj,celinac,M,_T,7477
2013,Broj,celinac,Ž,_T,7640
2013,Broj,samac,Ukupno,_T,16308
2013,Broj,samac,M,_T,7908
2013,Broj,samac,Ž,_T,8400
2013,Broj,sekovici,Ukupno,_T,6323
2013,Broj,sekovici,M,_T,3103
2013,Broj,sekovici,Ž,_T,3220
2013,Broj,sipovo,Ukupno,_T,9969
2013,Broj,sipovo,M,_T,5046
2013,Broj,sipovo,Ž,_T,4923
2013,Broj,republika_srpska,Ukupno,muslim,149435
2013,Broj,republika_srpska,M,muslim,72605
2013,Broj,republika_srpska,Ž,muslim,76830
2013,Broj,grad_banja_luka,Ukupno,muslim,6693
2013,Broj,grad_banja_luka,M,muslim,3053
2013,Broj,grad_banja_luka,Ž,muslim,3640
2013,Broj,berkovici,Ukupno,muslim,155
2013,Broj,berkovici,M,muslim,87
2013,Broj,berkovici,Ž,muslim,68
2013,Broj,grad_bijeljina,Ukupno,muslim,12055
2013,Broj,grad_bijeljina,M,muslim,5902
2013,Broj,grad_bijeljina,Ž,muslim,6153
2013,Broj,bileca,Ukupno,muslim,23
2013,Broj,bileca,M,muslim,14
2013,Broj,bileca,Ž,muslim,9
2013,Broj,bratunac,Ukupno,muslim,6591
2013,Broj,bratunac,M,muslim,3220
2013,Broj,bratunac,Ž,muslim,3371
2013,Broj,brod,Ukupno,muslim,1311
2013,Broj,brod,M,muslim,646
2013,Broj,brod,Ž,muslim,665
2013,Broj,visegrad,Ukupno,muslim,876
2013,Broj,visegrad,M,muslim,443
2013,Broj,visegrad,Ž,muslim,433
2013,Broj,vlasenica,Ukupno,muslim,3354
2013,Broj,vlasenica,M,muslim,1645
2013,Broj,vlasenica,Ž,muslim,1709
2013,Broj,vukosavlje,Ukupno,muslim,2154
2013,Broj,vukosavlje,M,muslim,1105
2013,Broj,vukosavlje,Ž,muslim,1049
2013,Broj,gacko,Ukupno,muslim,330
2013,Broj,gacko,M,muslim,178
2013,Broj,gacko,Ž,muslim,152
2013,Broj,grad_gradiska,Ukupno,muslim,6619
2013,Broj,grad_gradiska,M,muslim,3214
2013,Broj,grad_gradiska,Ž,muslim,3405
2013,Broj,grad_derventa,Ukupno,muslim,1709
2013,Broj,grad_derventa,M,muslim,820
2013,Broj,grad_derventa,Ž,muslim,889
2013,Broj,grad_doboj,Ukupno,muslim,14342
2013,Broj,grad_doboj,M,muslim,6861
2013,Broj,grad_doboj,Ž,muslim,7481
2013,Broj,donji_zabar,Ukupno,muslim,4
2013,Broj,donji_zabar,M,muslim,0
2013,Broj,donji_zabar,Ž,muslim,4
2013,Broj,grad_zvornik,Ukupno,muslim,16791
2013,Broj,grad_zvornik,M,muslim,8218
2013,Broj,grad_zvornik,Ž,muslim,8573
2013,Broj,istocna_ilidza,Ukupno,muslim,630
2013,Broj,istocna_ilidza,M,muslim,291
2013,Broj,istocna_ilidza,Ž,muslim,339
2013,Broj,istocni_drvar,Ukupno,muslim,0
2013,Broj,istocni_drvar,M,muslim,0
2013,Broj,istocni_drvar,Ž,muslim,0
2013,Broj,istocni_mostar,Ukupno,muslim,77
2013,Broj,istocni_mostar,M,muslim,44
2013,Broj,istocni_mostar,Ž,muslim,33
2013,Broj,istocni_stari_grad,Ukupno,muslim,38
2013,Broj,istocni_stari_grad,M,muslim,23
2013,Broj,istocni_stari_grad,Ž,muslim,15
2013,Broj,istocno_novo_sarajevo,Ukupno,muslim,121
2013,Broj,istocno_novo_sarajevo,M,muslim,52
2013,Broj,istocno_novo_sarajevo,Ž,muslim,69
2013,Broj,jezero,Ukupno,muslim,250
2013,Broj,jezero,M,muslim,117
2013,Broj,jezero,Ž,muslim,133
2013,Broj,kalinovik,Ukupno,muslim,42
2013,Broj,kalinovik,M,muslim,19
2013,Broj,kalinovik,Ž,muslim,23
2013,Broj,knezevo,Ukupno,muslim,403
2013,Broj,knezevo,M,muslim,182
2013,Broj,knezevo,Ž,muslim,221
2013,Broj,kozarska_dubica,Ukupno,muslim,1902
2013,Broj,kozarska_dubica,M,muslim,915
2013,Broj,kozarska_dubica,Ž,muslim,987
2013,Broj,kostajnica,Ukupno,muslim,1271
2013,Broj,kostajnica,M,muslim,623
2013,Broj,kostajnica,Ž,muslim,648
2013,Broj,kotor_varos,Ukupno,muslim,4498
2013,Broj,kotor_varos,M,muslim,2159
2013,Broj,kotor_varos,Ž,muslim,2339
2013,Broj,krupa_na_uni,Ukupno,muslim,3
2013,Broj,krupa_na_uni,M,muslim,1
2013,Broj,krupa_na_uni,Ž,muslim,2
2013,Broj,kupres,Ukupno,muslim,0
2013,Broj,kupres,M,muslim,0
2013,Broj,kupres,Ž,muslim,0
2013,Broj,laktasi,Ukupno,muslim,110
2013,Broj,laktasi,M,muslim,49
2013,Broj,laktasi,Ž,muslim,61
2013,Broj,lopare,Ukupno,muslim,1315
2013,Broj,lopare,M,muslim,648
2013,Broj,lopare,Ž,muslim,667
2013,Broj,ljubinje,Ukupno,muslim,12
2013,Broj,ljubinje,M,muslim,6
2013,Broj,ljubinje,Ž,muslim,6
2013,Broj,milici,Ukupno,muslim,3538
2013,Broj,milici,M,muslim,1750
2013,Broj,milici,Ž,muslim,1788
2013,Broj,modrica,Ukupno,muslim,3032
2013,Broj,modrica,M,muslim,1445
2013,Broj,modrica,Ž,muslim,1587
2013,Broj,mrkonjic_grad,Ukupno,muslim,351
2013,Broj,mrkonjic_grad,M,muslim,170
2013,Broj,mrkonjic_grad,Ž,muslim,181
2013,Broj,nevesinje,Ukupno,muslim,508
2013,Broj,nevesinje,M,muslim,260
2013,Broj,nevesinje,Ž,muslim,248
2013,Broj,novi_grad,Ukupno,muslim,5261
2013,Broj,novi_grad,M,muslim,2635
2013,Broj,novi_grad,Ž,muslim,2626
2013,Broj,novo_gorazde,Ukupno,muslim,1319
2013,Broj,novo_gorazde,M,muslim,662
2013,Broj,novo_gorazde,Ž,muslim,657
2013,Broj,osmaci,Ukupno,muslim,2647
2013,Broj,osmaci,M,muslim,1303
2013,Broj,osmaci,Ž,muslim,1344
2013,Broj,ostra_luka,Ukupno,muslim,26
2013,Broj,ostra_luka,M,muslim,8
2013,Broj,ostra_luka,Ž,muslim,18
2013,Broj,pale,Ukupno,muslim,160
2013,Broj,pale,M,muslim,83
2013,Broj,pale,Ž,muslim,77
2013,Broj,pelagicevo,Ukupno,muslim,13
2013,Broj,pelagicevo,M,muslim,3
2013,Broj,pelagicevo,Ž,muslim,10
2013,Broj,petrovac,Ukupno,muslim,0
2013,Broj,petrovac,M,muslim,0
2013,Broj,petrovac,Ž,muslim,0
2013,Broj,petrovo,Ukupno,muslim,7
2013,Broj,petrovo,M,muslim,2
2013,Broj,petrovo,Ž,muslim,5
2013,Broj,grad_prijedor,Ukupno,muslim,22271
2013,Broj,grad_prijedor,M,muslim,10662
2013,Broj,grad_prijedor,Ž,muslim,11609
2013,Broj,prnjavor,Ukupno,muslim,2776
2013,Broj,prnjavor,M,muslim,1337
2013,Broj,prnjavor,Ž,muslim,1439
2013,Broj,ribnik,Ukupno,muslim,0
2013,Broj,ribnik,M,muslim,0
2013,Broj,ribnik,Ž,muslim,0
2013,Broj,rogatica,Ukupno,muslim,1006
2013,Broj,rogatica,M,muslim,517
2013,Broj,rogatica,Ž,muslim,489
2013,Broj,rudo,Ukupno,muslim,588
2013,Broj,rudo,M,muslim,306
2013,Broj,rudo,Ž,muslim,282
2013,Broj,sokolac,Ukupno,muslim,620
2013,Broj,sokolac,M,muslim,325
2013,Broj,sokolac,Ž,muslim,295
2013,Broj,srbac,Ukupno,muslim,399
2013,Broj,srbac,M,muslim,184
2013,Broj,srbac,Ž,muslim,215
2013,Broj,srebrenica,Ukupno,muslim,6134
2013,Broj,srebrenica,M,muslim,2916
2013,Broj,srebrenica,Ž,muslim,3218
2013,Broj,teslic,Ukupno,muslim,6932
2013,Broj,teslic,M,muslim,3410
2013,Broj,teslic,Ž,muslim,3522
2013,Broj,grad_trebinje,Ukupno,muslim,848
2013,Broj,grad_trebinje,M,muslim,415
2013,Broj,grad_trebinje,Ž,muslim,433
2013,Broj,trnovo,Ukupno,muslim,802
2013,Broj,trnovo,M,muslim,395
2013,Broj,trnovo,Ž,muslim,407
2013,Broj,ugljevik,Ukupno,muslim,2002
2013,Broj,ugljevik,M,muslim,977
2013,Broj,ugljevik,Ž,muslim,1025
2013,Broj,foca,Ukupno,muslim,1173
2013,Broj,foca,M,muslim,630
2013,Broj,foca,Ž,muslim,543
2013,Broj,han_pijesak,Ukupno,muslim,435
2013,Broj,han_pijesak,M,muslim,212
2013,Broj,han_pijesak,Ž,muslim,223
2013,Broj,cajnice,Ukupno,muslim,836
2013,Broj,cajnice,M,muslim,440
2013,Broj,cajnice,Ž,muslim,396
2013,Broj,celinac,Ukupno,muslim,406
2013,Broj,celinac,M,muslim,203
2013,Broj,celinac,Ž,muslim,203
2013,Broj,samac,Ukupno,muslim,976
2013,Broj,samac,M,muslim,471
2013,Broj,samac,Ž,muslim,505
2013,Broj,sekovici,Ukupno,muslim,107
2013,Broj,sekovici,M,muslim,54
2013,Broj,sekovici,Ž,muslim,53
2013,Broj,sipovo,Ukupno,muslim,583
2013,Broj,sipovo,M,muslim,295
2013,Broj,sipovo,Ž,muslim,288
2013,Broj,republika_srpska,Ukupno,catholic,25763
2013,Broj,republika_srpska,M,catholic,10431
2013,Broj,republika_srpska,Ž,catholic,15332
2013,Broj,grad_banja_luka,Ukupno,catholic,4637
2013,Broj,grad_banja_luka,M,catholic,1585
2013,Broj,grad_banja_luka,Ž,catholic,3052
2013,Broj,berkovici,Ukupno,catholic,6
2013,Broj,berkovici,M,catholic,1
2013,Broj,berkovici,Ž,catholic,5
2013,Broj,grad_bijeljina,Ukupno,catholic,508
2013,Broj,grad_bijeljina,M,catholic,103
2013,Broj,grad_bijeljina,Ž,catholic,405
2013,Broj,bileca,Ukupno,catholic,18
2013,Broj,bileca,M,catholic,2
2013,Broj,bileca,Ž,catholic,16
2013,Broj,bratunac,Ukupno,catholic,26
2013,Broj,bratunac,M,catholic,3
2013,Broj,bratunac,Ž,catholic,23
2013,Broj,brod,Ukupno,catholic,2925
2013,Broj,brod,M,catholic,1360
2013,Broj,brod,Ž,catholic,1565
2013,Broj,visegrad,Ukupno,catholic,33
2013,Broj,visegrad,M,catholic,6
2013,Broj,visegrad,Ž,catholic,27
2013,Broj,vlasenica,Ukupno,catholic,22
2013,Broj,vlasenica,M,catholic,4
2013,Broj,vlasenica,Ž,catholic,18
2013,Broj,vukosavlje,Ukupno,catholic,680
2013,Broj,vukosavlje,M,catholic,325
2013,Broj,vukosavlje,Ž,catholic,355
2013,Broj,gacko,Ukupno,catholic,10
2013,Broj,gacko,M,catholic,4
2013,Broj,gacko,Ž,catholic,6
2013,Broj,grad_gradiska,Ukupno,catholic,865
2013,Broj,grad_gradiska,M,catholic,303
2013,Broj,grad_gradiska,Ž,catholic,562
2013,Broj,grad_derventa,Ukupno,catholic,2109
2013,Broj,grad_derventa,M,catholic,999
2013,Broj,grad_derventa,Ž,catholic,1110
2013,Broj,grad_doboj,Ukupno,catholic,1448
2013,Broj,grad_doboj,M,catholic,532
2013,Broj,grad_doboj,Ž,catholic,916
2013,Broj,donji_zabar,Ukupno,catholic,977
2013,Broj,donji_zabar,M,catholic,490
2013,Broj,donji_zabar,Ž,catholic,487
2013,Broj,grad_zvornik,Ukupno,catholic,83
2013,Broj,grad_zvornik,M,catholic,6
2013,Broj,grad_zvornik,Ž,catholic,77
2013,Broj,istocna_ilidza,Ukupno,catholic,142
2013,Broj,istocna_ilidza,M,catholic,36
2013,Broj,istocna_ilidza,Ž,catholic,106
2013,Broj,istocni_drvar,Ukupno,catholic,1
2013,Broj,istocni_drvar,M,catholic,0
2013,Broj,istocni_drvar,Ž,catholic,1
2013,Broj,istocni_mostar,Ukupno,catholic,11
2013,Broj,istocni_mostar,M,catholic,8
2013,Broj,istocni_mostar,Ž,catholic,3
2013,Broj,istocni_stari_grad,Ukupno,catholic,5
2013,Broj,istocni_stari_grad,M,catholic,0
2013,Broj,istocni_stari_grad,Ž,catholic,5
2013,Broj,istocno_novo_sarajevo,Ukupno,catholic,101
2013,Broj,istocno_novo_sarajevo,M,catholic,28
2013,Broj,istocno_novo_sarajevo,Ž,catholic,73
2013,Broj,jezero,Ukupno,catholic,4
2013,Broj,jezero,M,catholic,2
2013,Broj,jezero,Ž,catholic,2
2013,Broj,kalinovik,Ukupno,catholic,5
2013,Broj,kalinovik,M,catholic,2
2013,Broj,kalinovik,Ž,catholic,3
2013,Broj,knezevo,Ukupno,catholic,17
2013,Broj,knezevo,M,catholic,4
2013,Broj,knezevo,Ž,catholic,13
2013,Broj,kozarska_dubica,Ukupno,catholic,250
2013,Broj,kozarska_dubica,M,catholic,72
2013,Broj,kozarska_dubica,Ž,catholic,178
2013,Broj,kostajnica,Ukupno,catholic,84
2013,Broj,kostajnica,M,catholic,26
2013,Broj,kostajnica,Ž,catholic,58
2013,Broj,kotor_varos,Ukupno,catholic,788
2013,Broj,kotor_varos,M,catholic,365
2013,Broj,kotor_varos,Ž,catholic,423
2013,Broj,krupa_na_uni,Ukupno,catholic,2
2013,Broj,krupa_na_uni,M,catholic,0
2013,Broj,krupa_na_uni,Ž,catholic,2
2013,Broj,kupres,Ukupno,catholic,0
2013,Broj,kupres,M,catholic,0
2013,Broj,kupres,Ž,catholic,0
2013,Broj,laktasi,Ukupno,catholic,497
2013,Broj,laktasi,M,catholic,166
2013,Broj,laktasi,Ž,catholic,331
2013,Broj,lopare,Ukupno,catholic,40
2013,Broj,lopare,M,catholic,5
2013,Broj,lopare,Ž,catholic,35
2013,Broj,ljubinje,Ukupno,catholic,5
2013,Broj,ljubinje,M,catholic,1
2013,Broj,ljubinje,Ž,catholic,4
2013,Broj,milici,Ukupno,catholic,17
2013,Broj,milici,M,catholic,5
2013,Broj,milici,Ž,catholic,12
2013,Broj,modrica,Ukupno,catholic,1365
2013,Broj,modrica,M,catholic,651
2013,Broj,modrica,Ž,catholic,714
2013,Broj,mrkonjic_grad,Ukupno,catholic,146
2013,Broj,mrkonjic_grad,M,catholic,56
2013,Broj,mrkonjic_grad,Ž,catholic,90
2013,Broj,nevesinje,Ukupno,catholic,21
2013,Broj,nevesinje,M,catholic,5
2013,Broj,nevesinje,Ž,catholic,16
2013,Broj,novi_grad,Ukupno,catholic,152
2013,Broj,novi_grad,M,catholic,47
2013,Broj,novi_grad,Ž,catholic,105
2013,Broj,novo_gorazde,Ukupno,catholic,2
2013,Broj,novo_gorazde,M,catholic,1
2013,Broj,novo_gorazde,Ž,catholic,1
2013,Broj,osmaci,Ukupno,catholic,4
2013,Broj,osmaci,M,catholic,0
2013,Broj,osmaci,Ž,catholic,4
2013,Broj,ostra_luka,Ukupno,catholic,131
2013,Broj,ostra_luka,M,catholic,62
2013,Broj,ostra_luka,Ž,catholic,69
2013,Broj,pale,Ukupno,catholic,116
2013,Broj,pale,M,catholic,30
2013,Broj,pale,Ž,catholic,86
2013,Broj,pelagicevo,Ukupno,catholic,1180
2013,Broj,pelagicevo,M,catholic,578
2013,Broj,pelagicevo,Ž,catholic,602
2013,Broj,petrovac,Ukupno,catholic,0
2013,Broj,petrovac,M,catholic,0
2013,Broj,petrovac,Ž,catholic,0
2013,Broj,petrovo,Ukupno,catholic,35
2013,Broj,petrovo,M,catholic,10
2013,Broj,petrovo,Ž,catholic,25
2013,Broj,grad_prijedor,Ukupno,catholic,1544
2013,Broj,grad_prijedor,M,catholic,587
2013,Broj,grad_prijedor,Ž,catholic,957
2013,Broj,prnjavor,Ukupno,catholic,645
2013,Broj,prnjavor,M,catholic,255
2013,Broj,prnjavor,Ž,catholic,390
2013,Broj,ribnik,Ukupno,catholic,7
2013,Broj,ribnik,M,catholic,1
2013,Broj,ribnik,Ž,catholic,6
2013,Broj,rogatica,Ukupno,catholic,16
2013,Broj,rogatica,M,catholic,1
2013,Broj,rogatica,Ž,catholic,15
2013,Broj,rudo,Ukupno,catholic,3
2013,Broj,rudo,M,catholic,1
2013,Broj,rudo,Ž,catholic,2
2013,Broj,sokolac,Ukupno,catholic,23
2013,Broj,sokolac,M,catholic,3
2013,Broj,sokolac,Ž,catholic,20
2013,Broj,srbac,Ukupno,catholic,153
2013,Broj,srbac,M,catholic,37
2013,Broj,srbac,Ž,catholic,116
2013,Broj,srebrenica,Ukupno,catholic,17
2013,Broj,srebrenica,M,catholic,7
2013,Broj,srebrenica,Ž,catholic,10
2013,Broj,teslic,Ukupno,catholic,1292
2013,Broj,teslic,M,catholic,552
2013,Broj,teslic,Ž,catholic,740
2013,Broj,grad_trebinje,Ukupno,catholic,293
2013,Broj,grad_trebinje,M,catholic,90
2013,Broj,grad_trebinje,Ž,catholic,203
2013,Broj,trnovo,Ukupno,catholic,15
2013,Broj,trnovo,M,catholic,2
2013,Broj,trnovo,Ž,catholic,13
2013,Broj,ugljevik,Ukupno,catholic,39
2013,Broj,ugljevik,M,catholic,7
2013,Broj,ugljevik,Ž,catholic,32
2013,Broj,foca,Ukupno,catholic,64
2013,Broj,foca,M,catholic,20
2013,Broj,foca,Ž,catholic,44
2013,Broj,han_pijesak,Ukupno,catholic,5
2013,Broj,han_pijesak,M,catholic,0
2013,Broj,han_pijesak,Ž,catholic,5
2013,Broj,cajnice,Ukupno,catholic,5
2013,Broj,cajnice,M,catholic,0
2013,Broj,cajnice,Ž,catholic,5
2013,Broj,celinac,Ukupno,catholic,58
2013,Broj,celinac,M,catholic,14
2013,Broj,celinac,Ž,catholic,44
2013,Broj,samac,Ukupno,catholic,2091
2013,Broj,samac,M,catholic,969
2013,Broj,samac,Ž,catholic,1122
2013,Broj,sekovici,Ukupno,catholic,7
2013,Broj,sekovici,M,catholic,0
2013,Broj,sekovici,Ž,catholic,7
2013,Broj,sipovo,Ukupno,catholic,18
2013,Broj,sipovo,M,catholic,2
2013,Broj,sipovo,Ž,catholic,16
2013,Broj,republika_srpska,Ukupno,orthodox,969315
2013,Broj,republika_srpska,M,orthodox,476184
2013,Broj,republika_srpska,Ž,orthodox,493131
2013,Broj,grad_banja_luka,Ukupno,orthodox,161267
2013,Broj,grad_banja_luka,M,orthodox,78266
2013,Broj,grad_banja_luka,Ž,orthodox,83001
2013,Broj,berkovici,Ukupno,orthodox,1873
2013,Broj,berkovici,M,orthodox,940
2013,Broj,berkovici,Ž,orthodox,933
2013,Broj,grad_bijeljina,Ukupno,orthodox,89144
2013,Broj,grad_bijeljina,M,orthodox,43682
2013,Broj,grad_bijeljina,Ž,orthodox,45462
2013,Broj,bileca,Ukupno,orthodox,10490
2013,Broj,bileca,M,orthodox,5291
2013,Broj,bileca,Ž,orthodox,5199
2013,Broj,bratunac,Ukupno,orthodox,11726
2013,Broj,bratunac,M,orthodox,5835
2013,Broj,bratunac,Ž,orthodox,5891
2013,Broj,brod,Ukupno,orthodox,11066
2013,Broj,brod,M,orthodox,5474
2013,Broj,brod,Ž,orthodox,5592
2013,Broj,visegrad,Ukupno,orthodox,8913
2013,Broj,visegrad,M,orthodox,4315
2013,Broj,visegrad,Ž,orthodox,4598
2013,Broj,vlasenica,Ukupno,orthodox,7111
2013,Broj,vlasenica,M,orthodox,3473
2013,Broj,vlasenica,Ž,orthodox,3638
2013,Broj,vukosavlje,Ukupno,orthodox,1442
2013,Broj,vukosavlje,M,orthodox,713
2013,Broj,vukosavlje,Ž,orthodox,729
2013,Broj,gacko,Ukupno,orthodox,8337
2013,Broj,gacko,M,orthodox,4228
2013,Broj,gacko,Ž,orthodox,4109
2013,Broj,grad_gradiska,Ukupno,orthodox,40702
2013,Broj,grad_gradiska,M,orthodox,19929
2013,Broj,grad_gradiska,Ž,orthodox,20773
2013,Broj,grad_derventa,Ukupno,orthodox,21541
2013,Broj,grad_derventa,M,orthodox,10537
2013,Broj,grad_derventa,Ž,orthodox,11004
2013,Broj,grad_doboj,Ukupno,orthodox,50744
2013,Broj,grad_doboj,M,orthodox,24842
2013,Broj,grad_doboj,Ž,orthodox,25902
2013,Broj,donji_zabar,Ukupno,orthodox,2658
2013,Broj,donji_zabar,M,orthodox,1352
2013,Broj,donji_zabar,Ž,orthodox,1306
2013,Broj,grad_zvornik,Ukupno,orthodox,37114
2013,Broj,grad_zvornik,M,orthodox,18378
2013,Broj,grad_zvornik,Ž,orthodox,18736
2013,Broj,istocna_ilidza,Ukupno,orthodox,13458
2013,Broj,istocna_ilidza,M,orthodox,6479
2013,Broj,istocna_ilidza,Ž,orthodox,6979
2013,Broj,istocni_drvar,Ukupno,orthodox,65
2013,Broj,istocni_drvar,M,orthodox,44
2013,Broj,istocni_drvar,Ž,orthodox,21
2013,Broj,istocni_mostar,Ukupno,orthodox,153
2013,Broj,istocni_mostar,M,orthodox,84
2013,Broj,istocni_mostar,Ž,orthodox,69
2013,Broj,istocni_stari_grad,Ukupno,orthodox,1058
2013,Broj,istocni_stari_grad,M,orthodox,520
2013,Broj,istocni_stari_grad,Ž,orthodox,538
2013,Broj,istocno_novo_sarajevo,Ukupno,orthodox,10044
2013,Broj,istocno_novo_sarajevo,M,orthodox,4796
2013,Broj,istocno_novo_sarajevo,Ž,orthodox,5248
2013,Broj,jezero,Ukupno,orthodox,780
2013,Broj,jezero,M,orthodox,412
2013,Broj,jezero,Ž,orthodox,368
2013,Broj,kalinovik,Ukupno,orthodox,1905
2013,Broj,kalinovik,M,orthodox,923
2013,Broj,kalinovik,Ž,orthodox,982
2013,Broj,knezevo,Ukupno,orthodox,8866
2013,Broj,knezevo,M,orthodox,4408
2013,Broj,knezevo,Ž,orthodox,4458
2013,Broj,kozarska_dubica,Ukupno,orthodox,18103
2013,Broj,kozarska_dubica,M,orthodox,8909
2013,Broj,kozarska_dubica,Ž,orthodox,9194
2013,Broj,kostajnica,Ukupno,orthodox,4190
2013,Broj,kostajnica,M,orthodox,2080
2013,Broj,kostajnica,Ž,orthodox,2110
2013,Broj,kotor_varos,Ukupno,orthodox,12645
2013,Broj,kotor_varos,M,orthodox,6263
2013,Broj,kotor_varos,Ž,orthodox,6382
2013,Broj,krupa_na_uni,Ukupno,orthodox,1554
2013,Broj,krupa_na_uni,M,orthodox,840
2013,Broj,krupa_na_uni,Ž,orthodox,714
2013,Broj,kupres,Ukupno,orthodox,292
2013,Broj,kupres,M,orthodox,156
2013,Broj,kupres,Ž,orthodox,136
2013,Broj,laktasi,Ukupno,orthodox,32907
2013,Broj,laktasi,M,orthodox,16334
2013,Broj,laktasi,Ž,orthodox,16573
2013,Broj,lopare,Ukupno,orthodox,13273
2013,Broj,lopare,M,orthodox,6700
2013,Broj,lopare,Ž,orthodox,6573
2013,Broj,ljubinje,Ukupno,orthodox,3295
2013,Broj,ljubinje,M,orthodox,1621
2013,Broj,ljubinje,Ž,orthodox,1674
2013,Broj,milici,Ukupno,orthodox,6835
2013,Broj,milici,M,orthodox,3469
2013,Broj,milici,Ž,orthodox,3366
2013,Broj,modrica,Ukupno,orthodox,19482
2013,Broj,modrica,M,orthodox,9579
2013,Broj,modrica,Ž,orthodox,9903
2013,Broj,mrkonjic_grad,Ukupno,orthodox,15334
2013,Broj,mrkonjic_grad,M,orthodox,7387
2013,Broj,mrkonjic_grad,Ž,orthodox,7947
2013,Broj,nevesinje,Ukupno,orthodox,11973
2013,Broj,nevesinje,M,orthodox,5955
2013,Broj,nevesinje,Ž,orthodox,6018
2013,Broj,novi_grad,Ukupno,orthodox,19443
2013,Broj,novi_grad,M,orthodox,9725
2013,Broj,novi_grad,Ž,orthodox,9718
2013,Broj,novo_gorazde,Ukupno,orthodox,1563
2013,Broj,novo_gorazde,M,orthodox,822
2013,Broj,novo_gorazde,Ž,orthodox,741
2013,Broj,osmaci,Ukupno,orthodox,2848
2013,Broj,osmaci,M,orthodox,1446
2013,Broj,osmaci,Ž,orthodox,1402
2013,Broj,ostra_luka,Ukupno,orthodox,2503
2013,Broj,ostra_luka,M,orthodox,1290
2013,Broj,ostra_luka,Ž,orthodox,1213
2013,Broj,pale,Ukupno,orthodox,19901
2013,Broj,pale,M,orthodox,9546
2013,Broj,pale,Ž,orthodox,10355
2013,Broj,pelagicevo,Ukupno,orthodox,3152
2013,Broj,pelagicevo,M,orthodox,1566
2013,Broj,pelagicevo,Ž,orthodox,1586
2013,Broj,petrovac,Ukupno,orthodox,352
2013,Broj,petrovac,M,orthodox,168
2013,Broj,petrovac,Ž,orthodox,184
2013,Broj,petrovo,Ukupno,orthodox,6221
2013,Broj,petrovo,M,orthodox,3004
2013,Broj,petrovo,Ž,orthodox,3217
2013,Broj,grad_prijedor,Ukupno,orthodox,53842
2013,Broj,grad_prijedor,M,orthodox,26540
2013,Broj,grad_prijedor,Ž,orthodox,27302
2013,Broj,prnjavor,Ukupno,orthodox,29944
2013,Broj,prnjavor,M,orthodox,14579
2013,Broj,prnjavor,Ž,orthodox,15365
2013,Broj,ribnik,Ukupno,orthodox,5824
2013,Broj,ribnik,M,orthodox,2886
2013,Broj,ribnik,Ž,orthodox,2938
2013,Broj,rogatica,Ukupno,orthodox,9199
2013,Broj,rogatica,M,orthodox,4492
2013,Broj,rogatica,Ž,orthodox,4707
2013,Broj,rudo,Ukupno,orthodox,6968
2013,Broj,rudo,M,orthodox,3521
2013,Broj,rudo,Ž,orthodox,3447
2013,Broj,sokolac,Ukupno,orthodox,10897
2013,Broj,sokolac,M,orthodox,5356
2013,Broj,sokolac,Ž,orthodox,5541
2013,Broj,srbac,Ukupno,orthodox,16110
2013,Broj,srbac,M,orthodox,7932
2013,Broj,srbac,Ž,orthodox,8178
2013,Broj,srebrenica,Ukupno,orthodox,5418
2013,Broj,srebrenica,M,orthodox,2721
2013,Broj,srebrenica,Ž,orthodox,2697
2013,Broj,teslic,Ukupno,orthodox,28140
2013,Broj,teslic,M,orthodox,13523
2013,Broj,teslic,Ž,orthodox,14617
2013,Broj,grad_trebinje,Ukupno,orthodox,26669
2013,Broj,grad_trebinje,M,orthodox,13054
2013,Broj,grad_trebinje,Ž,orthodox,13615
2013,Broj,trnovo,Ukupno,orthodox,1135
2013,Broj,trnovo,M,orthodox,537
2013,Broj,trnovo,Ž,orthodox,598
2013,Broj,ugljevik,Ukupno,orthodox,13016
2013,Broj,ugljevik,M,orthodox,6602
2013,Broj,ugljevik,Ž,orthodox,6414
2013,Broj,foca,Ukupno,orthodox,16163
2013,Broj,foca,M,orthodox,8138
2013,Broj,foca,Ž,orthodox,8025
2013,Broj,han_pijesak,Ukupno,orthodox,2998
2013,Broj,han_pijesak,M,orthodox,1416
2013,Broj,han_pijesak,Ž,orthodox,1582
2013,Broj,cajnice,Ukupno,orthodox,3812
2013,Broj,cajnice,M,orthodox,1895
2013,Broj,cajnice,Ž,orthodox,1917
2013,Broj,celinac,Ukupno,orthodox,14538
2013,Broj,celinac,M,orthodox,7205
2013,Broj,celinac,Ž,orthodox,7333
2013,Broj,samac,Ukupno,orthodox,12833
2013,Broj,samac,M,orthodox,6262
2013,Broj,samac,Ž,orthodox,6571
2013,Broj,sekovici,Ukupno,orthodox,6188
2013,Broj,sekovici,M,orthodox,3035
2013,Broj,sekovici,Ž,orthodox,3153
2013,Broj,sipovo,Ukupno,orthodox,9298
2013,Broj,sipovo,M,orthodox,4709
2013,Broj,sipovo,Ž,orthodox,4589
2013,Broj,republika_srpska,Ukupno,agnostic,1223
2013,Broj,republika_srpska,M,agnostic,610
2013,Broj,republika_srpska,Ž,agnostic,613
2013,Broj,grad_banja_luka,Ukupno,agnostic,592
2013,Broj,grad_banja_luka,M,agnostic,285
2013,Broj,grad_banja_luka,Ž,agnostic,307
2013,Broj,berkovici,Ukupno,agnostic,0
2013,Broj,berkovici,M,agnostic,0
2013,Broj,berkovici,Ž,agnostic,0
2013,Broj,grad_bijeljina,Ukupno,agnostic,60
2013,Broj,grad_bijeljina,M,agnostic,33
2013,Broj,grad_bijeljina,Ž,agnostic,27
2013,Broj,bileca,Ukupno,agnostic,1
2013,Broj,bileca,M,agnostic,1
2013,Broj,bileca,Ž,agnostic,0
2013,Broj,bratunac,Ukupno,agnostic,2
2013,Broj,bratunac,M,agnostic,1
2013,Broj,bratunac,Ž,agnostic,1
2013,Broj,brod,Ukupno,agnostic,15
2013,Broj,brod,M,agnostic,7
2013,Broj,brod,Ž,agnostic,8
2013,Broj,visegrad,Ukupno,agnostic,2
2013,Broj,visegrad,M,agnostic,2
2013,Broj,visegrad,Ž,agnostic,0
2013,Broj,vlasenica,Ukupno,agnostic,2
2013,Broj,vlasenica,M,agnostic,1
2013,Broj,vlasenica,Ž,agnostic,1
2013,Broj,vukosavlje,Ukupno,agnostic,1
2013,Broj,vukosavlje,M,agnostic,1
2013,Broj,vukosavlje,Ž,agnostic,0
2013,Broj,gacko,Ukupno,agnostic,1
2013,Broj,gacko,M,agnostic,0
2013,Broj,gacko,Ž,agnostic,1
2013,Broj,grad_gradiska,Ukupno,agnostic,45
2013,Broj,grad_gradiska,M,agnostic,28
2013,Broj,grad_gradiska,Ž,agnostic,17
2013,Broj,grad_derventa,Ukupno,agnostic,19
2013,Broj,grad_derventa,M,agnostic,9
2013,Broj,grad_derventa,Ž,agnostic,10
2013,Broj,grad_doboj,Ukupno,agnostic,71
2013,Broj,grad_doboj,M,agnostic,40
2013,Broj,grad_doboj,Ž,agnostic,31
2013,Broj,donji_zabar,Ukupno,agnostic,1
2013,Broj,donji_zabar,M,agnostic,0
2013,Broj,donji_zabar,Ž,agnostic,1
2013,Broj,grad_zvornik,Ukupno,agnostic,9
2013,Broj,grad_zvornik,M,agnostic,5
2013,Broj,grad_zvornik,Ž,agnostic,4
2013,Broj,istocna_ilidza,Ukupno,agnostic,17
2013,Broj,istocna_ilidza,M,agnostic,8
2013,Broj,istocna_ilidza,Ž,agnostic,9
2013,Broj,istocni_drvar,Ukupno,agnostic,0
2013,Broj,istocni_drvar,M,agnostic,0
2013,Broj,istocni_drvar,Ž,agnostic,0
2013,Broj,istocni_mostar,Ukupno,agnostic,0
2013,Broj,istocni_mostar,M,agnostic,0
2013,Broj,istocni_mostar,Ž,agnostic,0
2013,Broj,istocni_stari_grad,Ukupno,agnostic,0
2013,Broj,istocni_stari_grad,M,agnostic,0
2013,Broj,istocni_stari_grad,Ž,agnostic,0
2013,Broj,istocno_novo_sarajevo,Ukupno,agnostic,23
2013,Broj,istocno_novo_sarajevo,M,agnostic,8
2013,Broj,istocno_novo_sarajevo,Ž,agnostic,15
2013,Broj,jezero,Ukupno,agnostic,0
2013,Broj,jezero,M,agnostic,0
2013,Broj,jezero,Ž,agnostic,0
2013,Broj,kalinovik,Ukupno,agnostic,2
2013,Broj,kalinovik,M,agnostic,0
2013,Broj,kalinovik,Ž,agnostic,2
2013,Broj,knezevo,Ukupno,agnostic,0
2013,Broj,knezevo,M,agnostic,0
2013,Broj,knezevo,Ž,agnostic,0
2013,Broj,kozarska_dubica,Ukupno,agnostic,17
2013,Broj,kozarska_dubica,M,agnostic,5
2013,Broj,kozarska_dubica,Ž,agnostic,12
2013,Broj,kostajnica,Ukupno,agnostic,3
2013,Broj,kostajnica,M,agnostic,3
2013,Broj,kostajnica,Ž,agnostic,0
2013,Broj,kotor_varos,Ukupno,agnostic,10
2013,Broj,kotor_varos,M,agnostic,6
2013,Broj,kotor_varos,Ž,agnostic,4
2013,Broj,krupa_na_uni,Ukupno,agnostic,0
2013,Broj,krupa_na_uni,M,agnostic,0
2013,Broj,krupa_na_uni,Ž,agnostic,0
2013,Broj,kupres,Ukupno,agnostic,0
2013,Broj,kupres,M,agnostic,0
2013,Broj,kupres,Ž,agnostic,0
2013,Broj,laktasi,Ukupno,agnostic,35
2013,Broj,laktasi,M,agnostic,19
2013,Broj,laktasi,Ž,agnostic,16
2013,Broj,lopare,Ukupno,agnostic,4
2013,Broj,lopare,M,agnostic,0
2013,Broj,lopare,Ž,agnostic,4
2013,Broj,ljubinje,Ukupno,agnostic,0
2013,Broj,ljubinje,M,agnostic,0
2013,Broj,ljubinje,Ž,agnostic,0
2013,Broj,milici,Ukupno,agnostic,0
2013,Broj,milici,M,agnostic,0
2013,Broj,milici,Ž,agnostic,0
2013,Broj,modrica,Ukupno,agnostic,26
2013,Broj,modrica,M,agnostic,13
2013,Broj,modrica,Ž,agnostic,13
2013,Broj,mrkonjic_grad,Ukupno,agnostic,8
2013,Broj,mrkonjic_grad,M,agnostic,5
2013,Broj,mrkonjic_grad,Ž,agnostic,3
2013,Broj,nevesinje,Ukupno,agnostic,3
2013,Broj,nevesinje,M,agnostic,1
2013,Broj,nevesinje,Ž,agnostic,2
2013,Broj,novi_grad,Ukupno,agnostic,9
2013,Broj,novi_grad,M,agnostic,5
2013,Broj,novi_grad,Ž,agnostic,4
2013,Broj,novo_gorazde,Ukupno,agnostic,0
2013,Broj,novo_gorazde,M,agnostic,0
2013,Broj,novo_gorazde,Ž,agnostic,0
2013,Broj,osmaci,Ukupno,agnostic,0
2013,Broj,osmaci,M,agnostic,0
2013,Broj,osmaci,Ž,agnostic,0
2013,Broj,ostra_luka,Ukupno,agnostic,2
2013,Broj,ostra_luka,M,agnostic,1
2013,Broj,ostra_luka,Ž,agnostic,1
2013,Broj,pale,Ukupno,agnostic,15
2013,Broj,pale,M,agnostic,9
2013,Broj,pale,Ž,agnostic,6
2013,Broj,pelagicevo,Ukupno,agnostic,0
2013,Broj,pelagicevo,M,agnostic,0
2013,Broj,pelagicevo,Ž,agnostic,0
2013,Broj,petrovac,Ukupno,agnostic,0
2013,Broj,petrovac,M,agnostic,0
2013,Broj,petrovac,Ž,agnostic,0
2013,Broj,petrovo,Ukupno,agnostic,1
2013,Broj,petrovo,M,agnostic,1
2013,Broj,petrovo,Ž,agnostic,0
2013,Broj,grad_prijedor,Ukupno,agnostic,84
2013,Broj,grad_prijedor,M,agnostic,48
2013,Broj,grad_prijedor,Ž,agnostic,36
2013,Broj,prnjavor,Ukupno,agnostic,25
2013,Broj,prnjavor,M,agnostic,11
2013,Broj,prnjavor,Ž,agnostic,14
2013,Broj,ribnik,Ukupno,agnostic,0
2013,Broj,ribnik,M,agnostic,0
2013,Broj,ribnik,Ž,agnostic,0
2013,Broj,rogatica,Ukupno,agnostic,2
2013,Broj,rogatica,M,agnostic,2
2013,Broj,rogatica,Ž,agnostic,0
2013,Broj,rudo,Ukupno,agnostic,1
2013,Broj,rudo,M,agnostic,1
2013,Broj,rudo,Ž,agnostic,0
2013,Broj,sokolac,Ukupno,agnostic,2
2013,Broj,sokolac,M,agnostic,0
2013,Broj,sokolac,Ž,agnostic,2
2013,Broj,srbac,Ukupno,agnostic,7
2013,Broj,srbac,M,agnostic,5
2013,Broj,srbac,Ž,agnostic,2
2013,Broj,srebrenica,Ukupno,agnostic,1
2013,Broj,srebrenica,M,agnostic,0
2013,Broj,srebrenica,Ž,agnostic,1
2013,Broj,teslic,Ukupno,agnostic,37
2013,Broj,teslic,M,agnostic,15
2013,Broj,teslic,Ž,agnostic,22
2013,Broj,grad_trebinje,Ukupno,agnostic,32
2013,Broj,grad_trebinje,M,agnostic,14
2013,Broj,grad_trebinje,Ž,agnostic,18
2013,Broj,trnovo,Ukupno,agnostic,3
2013,Broj,trnovo,M,agnostic,2
2013,Broj,trnovo,Ž,agnostic,1
2013,Broj,ugljevik,Ukupno,agnostic,1
2013,Broj,ugljevik,M,agnostic,1
2013,Broj,ugljevik,Ž,agnostic,0
2013,Broj,foca,Ukupno,agnostic,3
2013,Broj,foca,M,agnostic,1
2013,Broj,foca,Ž,agnostic,2
2013,Broj,han_pijesak,Ukupno,agnostic,1
2013,Broj,han_pijesak,M,agnostic,0
2013,Broj,han_pijesak,Ž,agnostic,1
2013,Broj,cajnice,Ukupno,agnostic,1
2013,Broj,cajnice,M,agnostic,0
2013,Broj,cajnice,Ž,agnostic,1
2013,Broj,celinac,Ukupno,agnostic,8
2013,Broj,celinac,M,agnostic,4
2013,Broj,celinac,Ž,agnostic,4
2013,Broj,samac,Ukupno,agnostic,18
2013,Broj,samac,M,agnostic,8
2013,Broj,samac,Ž,agnostic,10
2013,Broj,sekovici,Ukupno,agnostic,1
2013,Broj,sekovici,M,agnostic,1
2013,Broj,sekovici,Ž,agnostic,0
2013,Broj,sipovo,Ukupno,agnostic,0
2013,Broj,sipovo,M,agnostic,0
2013,Broj,sipovo,Ž,agnostic,0
2013,Broj,republika_srpska,Ukupno,atheist,5784
2013,Broj,republika_srpska,M,atheist,3146
2013,Broj,republika_srpska,Ž,atheist,2638
2013,Broj,grad_banja_luka,Ukupno,atheist,2593
2013,Broj,grad_banja_luka,M,atheist,1342
2013,Broj,grad_banja_luka,Ž,atheist,1251
2013,Broj,berkovici,Ukupno,atheist,2
2013,Broj,berkovici,M,atheist,1
2013,Broj,berkovici,Ž,atheist,1
2013,Broj,grad_bijeljina,Ukupno,atheist,345
2013,Broj,grad_bijeljina,M,atheist,218
2013,Broj,grad_bijeljina,Ž,atheist,127
2013,Broj,bileca,Ukupno,atheist,7
2013,Broj,bileca,M,atheist,5
2013,Broj,bileca,Ž,atheist,2
2013,Broj,bratunac,Ukupno,atheist,8
2013,Broj,bratunac,M,atheist,5
2013,Broj,bratunac,Ž,atheist,3
2013,Broj,brod,Ukupno,atheist,113
2013,Broj,brod,M,atheist,59
2013,Broj,brod,Ž,atheist,54
2013,Broj,visegrad,Ukupno,atheist,21
2013,Broj,visegrad,M,atheist,15
2013,Broj,visegrad,Ž,atheist,6
2013,Broj,vlasenica,Ukupno,atheist,16
2013,Broj,vlasenica,M,atheist,10
2013,Broj,vlasenica,Ž,atheist,6
2013,Broj,vukosavlje,Ukupno,atheist,9
2013,Broj,vukosavlje,M,atheist,7
2013,Broj,vukosavlje,Ž,atheist,2
2013,Broj,gacko,Ukupno,atheist,3
2013,Broj,gacko,M,atheist,1
2013,Broj,gacko,Ž,atheist,2
2013,Broj,grad_gradiska,Ukupno,atheist,223
2013,Broj,grad_gradiska,M,atheist,126
2013,Broj,grad_gradiska,Ž,atheist,97
2013,Broj,grad_derventa,Ukupno,atheist,100
2013,Broj,grad_derventa,M,atheist,51
2013,Broj,grad_derventa,Ž,atheist,49
2013,Broj,grad_doboj,Ukupno,atheist,378
2013,Broj,grad_doboj,M,atheist,200
2013,Broj,grad_doboj,Ž,atheist,178
2013,Broj,donji_zabar,Ukupno,atheist,0
2013,Broj,donji_zabar,M,atheist,0
2013,Broj,donji_zabar,Ž,atheist,0
2013,Broj,grad_zvornik,Ukupno,atheist,59
2013,Broj,grad_zvornik,M,atheist,36
2013,Broj,grad_zvornik,Ž,atheist,23
2013,Broj,istocna_ilidza,Ukupno,atheist,60
2013,Broj,istocna_ilidza,M,atheist,27
2013,Broj,istocna_ilidza,Ž,atheist,33
2013,Broj,istocni_drvar,Ukupno,atheist,0
2013,Broj,istocni_drvar,M,atheist,0
2013,Broj,istocni_drvar,Ž,atheist,0
2013,Broj,istocni_mostar,Ukupno,atheist,0
2013,Broj,istocni_mostar,M,atheist,0
2013,Broj,istocni_mostar,Ž,atheist,0
2013,Broj,istocni_stari_grad,Ukupno,atheist,2
2013,Broj,istocni_stari_grad,M,atheist,1
2013,Broj,istocni_stari_grad,Ž,atheist,1
2013,Broj,istocno_novo_sarajevo,Ukupno,atheist,37
2013,Broj,istocno_novo_sarajevo,M,atheist,18
2013,Broj,istocno_novo_sarajevo,Ž,atheist,19
2013,Broj,jezero,Ukupno,atheist,3
2013,Broj,jezero,M,atheist,2
2013,Broj,jezero,Ž,atheist,1
2013,Broj,kalinovik,Ukupno,atheist,0
2013,Broj,kalinovik,M,atheist,0
2013,Broj,kalinovik,Ž,atheist,0
2013,Broj,knezevo,Ukupno,atheist,5
2013,Broj,knezevo,M,atheist,3
2013,Broj,knezevo,Ž,atheist,2
2013,Broj,kozarska_dubica,Ukupno,atheist,130
2013,Broj,kozarska_dubica,M,atheist,68
2013,Broj,kozarska_dubica,Ž,atheist,62
2013,Broj,kostajnica,Ukupno,atheist,16
2013,Broj,kostajnica,M,atheist,12
2013,Broj,kostajnica,Ž,atheist,4
2013,Broj,kotor_varos,Ukupno,atheist,56
2013,Broj,kotor_varos,M,atheist,34
2013,Broj,kotor_varos,Ž,atheist,22
2013,Broj,krupa_na_uni,Ukupno,atheist,0
2013,Broj,krupa_na_uni,M,atheist,0
2013,Broj,krupa_na_uni,Ž,atheist,0
2013,Broj,kupres,Ukupno,atheist,0
2013,Broj,kupres,M,atheist,0
2013,Broj,kupres,Ž,atheist,0
2013,Broj,laktasi,Ukupno,atheist,96
2013,Broj,laktasi,M,atheist,57
2013,Broj,laktasi,Ž,atheist,39
2013,Broj,lopare,Ukupno,atheist,21
2013,Broj,lopare,M,atheist,12
2013,Broj,lopare,Ž,atheist,9
2013,Broj,ljubinje,Ukupno,atheist,1
2013,Broj,ljubinje,M,atheist,1
2013,Broj,ljubinje,Ž,atheist,0
2013,Broj,milici,Ukupno,atheist,3
2013,Broj,milici,M,atheist,3
2013,Broj,milici,Ž,atheist,0
2013,Broj,modrica,Ukupno,atheist,98
2013,Broj,modrica,M,atheist,53
2013,Broj,modrica,Ž,atheist,45
2013,Broj,mrkonjic_grad,Ukupno,atheist,28
2013,Broj,mrkonjic_grad,M,atheist,13
2013,Broj,mrkonjic_grad,Ž,atheist,15
2013,Broj,nevesinje,Ukupno,atheist,8
2013,Broj,nevesinje,M,atheist,3
2013,Broj,nevesinje,Ž,atheist,5
2013,Broj,novi_grad,Ukupno,atheist,81
2013,Broj,novi_grad,M,atheist,36
2013,Broj,novi_grad,Ž,atheist,45
2013,Broj,novo_gorazde,Ukupno,atheist,0
2013,Broj,novo_gorazde,M,atheist,0
2013,Broj,novo_gorazde,Ž,atheist,0
2013,Broj,osmaci,Ukupno,atheist,1
2013,Broj,osmaci,M,atheist,1
2013,Broj,osmaci,Ž,atheist,0
2013,Broj,ostra_luka,Ukupno,atheist,4
2013,Broj,ostra_luka,M,atheist,3
2013,Broj,ostra_luka,Ž,atheist,1
2013,Broj,pale,Ukupno,atheist,47
2013,Broj,pale,M,atheist,23
2013,Broj,pale,Ž,atheist,24
2013,Broj,pelagicevo,Ukupno,atheist,1
2013,Broj,pelagicevo,M,atheist,0
2013,Broj,pelagicevo,Ž,atheist,1
2013,Broj,petrovac,Ukupno,atheist,2
2013,Broj,petrovac,M,atheist,1
2013,Broj,petrovac,Ž,atheist,1
2013,Broj,petrovo,Ukupno,atheist,10
2013,Broj,petrovo,M,atheist,7
2013,Broj,petrovo,Ž,atheist,3
2013,Broj,grad_prijedor,Ukupno,atheist,511
2013,Broj,grad_prijedor,M,atheist,277
2013,Broj,grad_prijedor,Ž,atheist,234
2013,Broj,prnjavor,Ukupno,atheist,102
2013,Broj,prnjavor,M,atheist,65
2013,Broj,prnjavor,Ž,atheist,37
2013,Broj,ribnik,Ukupno,atheist,3
2013,Broj,ribnik,M,atheist,2
2013,Broj,ribnik,Ž,atheist,1
2013,Broj,rogatica,Ukupno,atheist,20
2013,Broj,rogatica,M,atheist,13
2013,Broj,rogatica,Ž,atheist,7
2013,Broj,rudo,Ukupno,atheist,11
2013,Broj,rudo,M,atheist,9
2013,Broj,rudo,Ž,atheist,2
2013,Broj,sokolac,Ukupno,atheist,14
2013,Broj,sokolac,M,atheist,11
2013,Broj,sokolac,Ž,atheist,3
2013,Broj,srbac,Ukupno,atheist,46
2013,Broj,srbac,M,atheist,28
2013,Broj,srbac,Ž,atheist,18
2013,Broj,srebrenica,Ukupno,atheist,14
2013,Broj,srebrenica,M,atheist,10
2013,Broj,srebrenica,Ž,atheist,4
2013,Broj,teslic,Ukupno,atheist,167
2013,Broj,teslic,M,atheist,89
2013,Broj,teslic,Ž,atheist,78
2013,Broj,grad_trebinje,Ukupno,atheist,118
2013,Broj,grad_trebinje,M,atheist,62
2013,Broj,grad_trebinje,Ž,atheist,56
2013,Broj,trnovo,Ukupno,atheist,7
2013,Broj,trnovo,M,atheist,5
2013,Broj,trnovo,Ž,atheist,2
2013,Broj,ugljevik,Ukupno,atheist,22
2013,Broj,ugljevik,M,atheist,16
2013,Broj,ugljevik,Ž,atheist,6
2013,Broj,foca,Ukupno,atheist,34
2013,Broj,foca,M,atheist,19
2013,Broj,foca,Ž,atheist,15
2013,Broj,han_pijesak,Ukupno,atheist,1
2013,Broj,han_pijesak,M,atheist,1
2013,Broj,han_pijesak,Ž,atheist,0
2013,Broj,cajnice,Ukupno,atheist,4
2013,Broj,cajnice,M,atheist,3
2013,Broj,cajnice,Ž,atheist,1
2013,Broj,celinac,Ukupno,atheist,23
2013,Broj,celinac,M,atheist,12
2013,Broj,celinac,Ž,atheist,11
2013,Broj,samac,Ukupno,atheist,81
2013,Broj,samac,M,atheist,56
2013,Broj,samac,Ž,atheist,25
2013,Broj,sekovici,Ukupno,atheist,6
2013,Broj,sekovici,M,atheist,5
2013,Broj,sekovici,Ž,atheist,1
2013,Broj,sipovo,Ukupno,atheist,13
2013,Broj,sipovo,M,atheist,9
2013,Broj,sipovo,Ž,atheist,4
2013,Broj,republika_srpska,Ukupno,other_religion,8729
2013,Broj,republika_srpska,M,other_religion,4319
2013,Broj,republika_srpska,Ž,other_religion,4410
2013,Broj,grad_banja_luka,Ukupno,other_religion,1230
2013,Broj,grad_banja_luka,M,other_religion,620
2013,Broj,grad_banja_luka,Ž,other_religion,610
2013,Broj,berkovici,Ukupno,other_religion,3
2013,Broj,berkovici,M,other_religion,2
2013,Broj,berkovici,Ž,other_religion,1
2013,Broj,grad_bijeljina,Ukupno,other_religion,944
2013,Broj,grad_bijeljina,M,other_religion,471
2013,Broj,grad_bijeljina,Ž,other_religion,473
2013,Broj,bileca,Ukupno,other_religion,26
2013,Broj,bileca,M,other_religion,15
2013,Broj,bileca,Ž,other_religion,11
2013,Broj,bratunac,Ukupno,other_religion,237
2013,Broj,bratunac,M,other_religion,121
2013,Broj,bratunac,Ž,other_religion,116
2013,Broj,brod,Ukupno,other_religion,98
2013,Broj,brod,M,other_religion,52
2013,Broj,brod,Ž,other_religion,46
2013,Broj,visegrad,Ukupno,other_religion,76
2013,Broj,visegrad,M,other_religion,40
2013,Broj,visegrad,Ž,other_religion,36
2013,Broj,vlasenica,Ukupno,other_religion,115
2013,Broj,vlasenica,M,other_religion,42
2013,Broj,vlasenica,Ž,other_religion,73
2013,Broj,vukosavlje,Ukupno,other_religion,30
2013,Broj,vukosavlje,M,other_religion,15
2013,Broj,vukosavlje,Ž,other_religion,15
2013,Broj,gacko,Ukupno,other_religion,16
2013,Broj,gacko,M,other_religion,9
2013,Broj,gacko,Ž,other_religion,7
2013,Broj,grad_gradiska,Ukupno,other_religion,321
2013,Broj,grad_gradiska,M,other_religion,168
2013,Broj,grad_gradiska,Ž,other_religion,153
2013,Broj,grad_derventa,Ukupno,other_religion,141
2013,Broj,grad_derventa,M,other_religion,67
2013,Broj,grad_derventa,Ž,other_religion,74
2013,Broj,grad_doboj,Ukupno,other_religion,845
2013,Broj,grad_doboj,M,other_religion,412
2013,Broj,grad_doboj,Ž,other_religion,433
2013,Broj,donji_zabar,Ukupno,other_religion,21
2013,Broj,donji_zabar,M,other_religion,8
2013,Broj,donji_zabar,Ž,other_religion,13
2013,Broj,grad_zvornik,Ukupno,other_religion,186
2013,Broj,grad_zvornik,M,other_religion,90
2013,Broj,grad_zvornik,Ž,other_religion,96
2013,Broj,istocna_ilidza,Ukupno,other_religion,28
2013,Broj,istocna_ilidza,M,other_religion,18
2013,Broj,istocna_ilidza,Ž,other_religion,10
2013,Broj,istocni_drvar,Ukupno,other_religion,0
2013,Broj,istocni_drvar,M,other_religion,0
2013,Broj,istocni_drvar,Ž,other_religion,0
2013,Broj,istocni_mostar,Ukupno,other_religion,1
2013,Broj,istocni_mostar,M,other_religion,1
2013,Broj,istocni_mostar,Ž,other_religion,0
2013,Broj,istocni_stari_grad,Ukupno,other_religion,5
2013,Broj,istocni_stari_grad,M,other_religion,2
2013,Broj,istocni_stari_grad,Ž,other_religion,3
2013,Broj,istocno_novo_sarajevo,Ukupno,other_religion,16
2013,Broj,istocno_novo_sarajevo,M,other_religion,10
2013,Broj,istocno_novo_sarajevo,Ž,other_religion,6
2013,Broj,jezero,Ukupno,other_religion,0
2013,Broj,jezero,M,other_religion,0
2013,Broj,jezero,Ž,other_religion,0
2013,Broj,kalinovik,Ukupno,other_religion,3
2013,Broj,kalinovik,M,other_religion,2
2013,Broj,kalinovik,Ž,other_religion,1
2013,Broj,knezevo,Ukupno,other_religion,68
2013,Broj,knezevo,M,other_religion,29
2013,Broj,knezevo,Ž,other_religion,39
2013,Broj,kozarska_dubica,Ukupno,other_religion,83
2013,Broj,kozarska_dubica,M,other_religion,37
2013,Broj,kozarska_dubica,Ž,other_religion,46
2013,Broj,kostajnica,Ukupno,other_religion,13
2013,Broj,kostajnica,M,other_religion,9
2013,Broj,kostajnica,Ž,other_religion,4
2013,Broj,kotor_varos,Ukupno,other_religion,236
2013,Broj,kotor_varos,M,other_religion,120
2013,Broj,kotor_varos,Ž,other_religion,116
2013,Broj,krupa_na_uni,Ukupno,other_religion,0
2013,Broj,krupa_na_uni,M,other_religion,0
2013,Broj,krupa_na_uni,Ž,other_religion,0
2013,Broj,kupres,Ukupno,other_religion,0
2013,Broj,kupres,M,other_religion,0
2013,Broj,kupres,Ž,other_religion,0
2013,Broj,laktasi,Ukupno,other_religion,278
2013,Broj,laktasi,M,other_religion,147
2013,Broj,laktasi,Ž,other_religion,131
2013,Broj,lopare,Ukupno,other_religion,1
2013,Broj,lopare,M,other_religion,0
2013,Broj,lopare,Ž,other_religion,1
2013,Broj,ljubinje,Ukupno,other_religion,1
2013,Broj,ljubinje,M,other_religion,1
2013,Broj,ljubinje,Ž,other_religion,0
2013,Broj,milici,Ukupno,other_religion,34
2013,Broj,milici,M,other_religion,19
2013,Broj,milici,Ž,other_religion,15
2013,Broj,modrica,Ukupno,other_religion,211
2013,Broj,modrica,M,other_religion,98
2013,Broj,modrica,Ž,other_religion,113
2013,Broj,mrkonjic_grad,Ukupno,other_religion,9
2013,Broj,mrkonjic_grad,M,other_religion,6
2013,Broj,mrkonjic_grad,Ž,other_religion,3
2013,Broj,nevesinje,Ukupno,other_religion,8
2013,Broj,nevesinje,M,other_religion,4
2013,Broj,nevesinje,Ž,other_religion,4
2013,Broj,novi_grad,Ukupno,other_religion,134
2013,Broj,novi_grad,M,other_religion,60
2013,Broj,novi_grad,Ž,other_religion,74
2013,Broj,novo_gorazde,Ukupno,other_religion,19
2013,Broj,novo_gorazde,M,other_religion,9
2013,Broj,novo_gorazde,Ž,other_religion,10
2013,Broj,osmaci,Ukupno,other_religion,41
2013,Broj,osmaci,M,other_religion,26
2013,Broj,osmaci,Ž,other_religion,15
2013,Broj,ostra_luka,Ukupno,other_religion,23
2013,Broj,ostra_luka,M,other_religion,15
2013,Broj,ostra_luka,Ž,other_religion,8
2013,Broj,pale,Ukupno,other_religion,53
2013,Broj,pale,M,other_religion,24
2013,Broj,pale,Ž,other_religion,29
2013,Broj,pelagicevo,Ukupno,other_religion,5
2013,Broj,pelagicevo,M,other_religion,3
2013,Broj,pelagicevo,Ž,other_religion,2
2013,Broj,petrovac,Ukupno,other_religion,0
2013,Broj,petrovac,M,other_religion,0
2013,Broj,petrovac,Ž,other_religion,0
2013,Broj,petrovo,Ukupno,other_religion,20
2013,Broj,petrovo,M,other_religion,8
2013,Broj,petrovo,Ž,other_religion,12
2013,Broj,grad_prijedor,Ukupno,other_religion,1506
2013,Broj,grad_prijedor,M,other_religion,722
2013,Broj,grad_prijedor,Ž,other_religion,784
2013,Broj,prnjavor,Ukupno,other_religion,611
2013,Broj,prnjavor,M,other_religion,317
2013,Broj,prnjavor,Ž,other_religion,294
2013,Broj,ribnik,Ukupno,other_religion,12
2013,Broj,ribnik,M,other_religion,8
2013,Broj,ribnik,Ž,other_religion,4
2013,Broj,rogatica,Ukupno,other_religion,48
2013,Broj,rogatica,M,other_religion,21
2013,Broj,rogatica,Ž,other_religion,27
2013,Broj,rudo,Ukupno,other_religion,0
2013,Broj,rudo,M,other_religion,0
2013,Broj,rudo,Ž,other_religion,0
2013,Broj,sokolac,Ukupno,other_religion,30
2013,Broj,sokolac,M,other_religion,16
2013,Broj,sokolac,Ž,other_religion,14
2013,Broj,srbac,Ukupno,other_religion,95
2013,Broj,srbac,M,other_religion,50
2013,Broj,srbac,Ž,other_religion,45
2013,Broj,srebrenica,Ukupno,other_religion,72
2013,Broj,srebrenica,M,other_religion,36
2013,Broj,srebrenica,Ž,other_religion,36
2013,Broj,teslic,Ukupno,other_religion,316
2013,Broj,teslic,M,other_religion,148
2013,Broj,teslic,Ž,other_religion,168
2013,Broj,grad_trebinje,Ukupno,other_religion,95
2013,Broj,grad_trebinje,M,other_religion,42
2013,Broj,grad_trebinje,Ž,other_religion,53
2013,Broj,trnovo,Ukupno,other_religion,17
2013,Broj,trnovo,M,other_religion,9
2013,Broj,trnovo,Ž,other_religion,8
2013,Broj,ugljevik,Ukupno,other_religion,2
2013,Broj,ugljevik,M,other_religion,1
2013,Broj,ugljevik,Ž,other_religion,1
2013,Broj,foca,Ukupno,other_religion,104
2013,Broj,foca,M,other_religion,53
2013,Broj,foca,Ž,other_religion,51
2013,Broj,han_pijesak,Ukupno,other_religion,5
2013,Broj,han_pijesak,M,other_religion,3
2013,Broj,han_pijesak,Ž,other_religion,2
2013,Broj,cajnice,Ukupno,other_religion,16
2013,Broj,cajnice,M,other_religion,7
2013,Broj,cajnice,Ž,other_religion,9
2013,Broj,celinac,Ukupno,other_religion,44
2013,Broj,celinac,M,other_religion,20
2013,Broj,celinac,Ž,other_religion,24
2013,Broj,samac,Ukupno,other_religion,144
2013,Broj,samac,M,other_religion,68
2013,Broj,samac,Ž,other_religion,76
2013,Broj,sekovici,Ukupno,other_religion,1
2013,Broj,sekovici,M,other_religion,1
2013,Broj,sekovici,Ž,other_religion,0
2013,Broj,sipovo,Ukupno,other_religion,32
2013,Broj,sipovo,M,other_religion,17
2013,Broj,sipovo,Ž,other_religion,15
2013,Broj,republika_srpska,Ukupno,does_not_declare,8028
2013,Broj,republika_srpska,M,does_not_declare,3554
2013,Broj,republika_srpska,Ž,does_not_declare,4474
2013,Broj,grad_banja_luka,Ukupno,does_not_declare,2684
2013,Broj,grad_banja_luka,M,does_not_declare,1186
2013,Broj,grad_banja_luka,Ž,does_not_declare,1498
2013,Broj,berkovici,Ukupno,does_not_declare,1
2013,Broj,berkovici,M,does_not_declare,1
2013,Broj,berkovici,Ž,does_not_declare,0
2013,Broj,grad_bijeljina,Ukupno,does_not_declare,716
2013,Broj,grad_bijeljina,M,does_not_declare,307
2013,Broj,grad_bijeljina,Ž,does_not_declare,409
2013,Broj,bileca,Ukupno,does_not_declare,30
2013,Broj,bileca,M,does_not_declare,14
2013,Broj,bileca,Ž,does_not_declare,16
2013,Broj,bratunac,Ukupno,does_not_declare,21
2013,Broj,bratunac,M,does_not_declare,9
2013,Broj,bratunac,Ž,does_not_declare,12
2013,Broj,brod,Ukupno,does_not_declare,160
2013,Broj,brod,M,does_not_declare,60
2013,Broj,brod,Ž,does_not_declare,100
2013,Broj,visegrad,Ukupno,does_not_declare,18
2013,Broj,visegrad,M,does_not_declare,9
2013,Broj,visegrad,Ž,does_not_declare,9
2013,Broj,vlasenica,Ukupno,does_not_declare,16
2013,Broj,vlasenica,M,does_not_declare,8
2013,Broj,vlasenica,Ž,does_not_declare,8
2013,Broj,vukosavlje,Ukupno,does_not_declare,33
2013,Broj,vukosavlje,M,does_not_declare,16
2013,Broj,vukosavlje,Ž,does_not_declare,17
2013,Broj,gacko,Ukupno,does_not_declare,6
2013,Broj,gacko,M,does_not_declare,1
2013,Broj,gacko,Ž,does_not_declare,5
2013,Broj,grad_gradiska,Ukupno,does_not_declare,375
2013,Broj,grad_gradiska,M,does_not_declare,155
2013,Broj,grad_gradiska,Ž,does_not_declare,220
2013,Broj,grad_derventa,Ukupno,does_not_declare,256
2013,Broj,grad_derventa,M,does_not_declare,125
2013,Broj,grad_derventa,Ž,does_not_declare,131
2013,Broj,grad_doboj,Ukupno,does_not_declare,526
2013,Broj,grad_doboj,M,does_not_declare,271
2013,Broj,grad_doboj,Ž,does_not_declare,255
2013,Broj,donji_zabar,Ukupno,does_not_declare,6
2013,Broj,donji_zabar,M,does_not_declare,2
2013,Broj,donji_zabar,Ž,does_not_declare,4
2013,Broj,grad_zvornik,Ukupno,does_not_declare,67
2013,Broj,grad_zvornik,M,does_not_declare,31
2013,Broj,grad_zvornik,Ž,does_not_declare,36
2013,Broj,istocna_ilidza,Ukupno,does_not_declare,92
2013,Broj,istocna_ilidza,M,does_not_declare,41
2013,Broj,istocna_ilidza,Ž,does_not_declare,51
2013,Broj,istocni_drvar,Ukupno,does_not_declare,0
2013,Broj,istocni_drvar,M,does_not_declare,0
2013,Broj,istocni_drvar,Ž,does_not_declare,0
2013,Broj,istocni_mostar,Ukupno,does_not_declare,0
2013,Broj,istocni_mostar,M,does_not_declare,0
2013,Broj,istocni_mostar,Ž,does_not_declare,0
2013,Broj,istocni_stari_grad,Ukupno,does_not_declare,6
2013,Broj,istocni_stari_grad,M,does_not_declare,5
2013,Broj,istocni_stari_grad,Ž,does_not_declare,1
2013,Broj,istocno_novo_sarajevo,Ukupno,does_not_declare,56
2013,Broj,istocno_novo_sarajevo,M,does_not_declare,24
2013,Broj,istocno_novo_sarajevo,Ž,does_not_declare,32
2013,Broj,jezero,Ukupno,does_not_declare,0
2013,Broj,jezero,M,does_not_declare,0
2013,Broj,jezero,Ž,does_not_declare,0
2013,Broj,kalinovik,Ukupno,does_not_declare,5
2013,Broj,kalinovik,M,does_not_declare,4
2013,Broj,kalinovik,Ž,does_not_declare,1
2013,Broj,knezevo,Ukupno,does_not_declare,4
2013,Broj,knezevo,M,does_not_declare,3
2013,Broj,knezevo,Ž,does_not_declare,1
2013,Broj,kozarska_dubica,Ukupno,does_not_declare,178
2013,Broj,kozarska_dubica,M,does_not_declare,77
2013,Broj,kozarska_dubica,Ž,does_not_declare,101
2013,Broj,kostajnica,Ukupno,does_not_declare,67
2013,Broj,kostajnica,M,does_not_declare,26
2013,Broj,kostajnica,Ž,does_not_declare,41
2013,Broj,kotor_varos,Ukupno,does_not_declare,107
2013,Broj,kotor_varos,M,does_not_declare,45
2013,Broj,kotor_varos,Ž,does_not_declare,62
2013,Broj,krupa_na_uni,Ukupno,does_not_declare,0
2013,Broj,krupa_na_uni,M,does_not_declare,0
2013,Broj,krupa_na_uni,Ž,does_not_declare,0
2013,Broj,kupres,Ukupno,does_not_declare,1
2013,Broj,kupres,M,does_not_declare,1
2013,Broj,kupres,Ž,does_not_declare,0
2013,Broj,laktasi,Ukupno,does_not_declare,239
2013,Broj,laktasi,M,does_not_declare,112
2013,Broj,laktasi,Ž,does_not_declare,127
2013,Broj,lopare,Ukupno,does_not_declare,22
2013,Broj,lopare,M,does_not_declare,6
2013,Broj,lopare,Ž,does_not_declare,16
2013,Broj,ljubinje,Ukupno,does_not_declare,3
2013,Broj,ljubinje,M,does_not_declare,2
2013,Broj,ljubinje,Ž,does_not_declare,1
2013,Broj,milici,Ukupno,does_not_declare,10
2013,Broj,milici,M,does_not_declare,3
2013,Broj,milici,Ž,does_not_declare,7
2013,Broj,modrica,Ukupno,does_not_declare,151
2013,Broj,modrica,M,does_not_declare,64
2013,Broj,modrica,Ž,does_not_declare,87
2013,Broj,mrkonjic_grad,Ukupno,does_not_declare,37
2013,Broj,mrkonjic_grad,M,does_not_declare,16
2013,Broj,mrkonjic_grad,Ž,does_not_declare,21
2013,Broj,nevesinje,Ukupno,does_not_declare,14
2013,Broj,nevesinje,M,does_not_declare,6
2013,Broj,nevesinje,Ž,does_not_declare,8
2013,Broj,novi_grad,Ukupno,does_not_declare,134
2013,Broj,novi_grad,M,does_not_declare,58
2013,Broj,novi_grad,Ž,does_not_declare,76
2013,Broj,novo_gorazde,Ukupno,does_not_declare,5
2013,Broj,novo_gorazde,M,does_not_declare,3
2013,Broj,novo_gorazde,Ž,does_not_declare,2
2013,Broj,osmaci,Ukupno,does_not_declare,1
2013,Broj,osmaci,M,does_not_declare,1
2013,Broj,osmaci,Ž,does_not_declare,0
2013,Broj,ostra_luka,Ukupno,does_not_declare,13
2013,Broj,ostra_luka,M,does_not_declare,5
2013,Broj,ostra_luka,Ž,does_not_declare,8
2013,Broj,pale,Ukupno,does_not_declare,56
2013,Broj,pale,M,does_not_declare,22
2013,Broj,pale,Ž,does_not_declare,34
2013,Broj,pelagicevo,Ukupno,does_not_declare,2
2013,Broj,pelagicevo,M,does_not_declare,0
2013,Broj,pelagicevo,Ž,does_not_declare,2
2013,Broj,petrovac,Ukupno,does_not_declare,0
2013,Broj,petrovac,M,does_not_declare,0
2013,Broj,petrovac,Ž,does_not_declare,0
2013,Broj,petrovo,Ukupno,does_not_declare,19
2013,Broj,petrovo,M,does_not_declare,9
2013,Broj,petrovo,Ž,does_not_declare,10
2013,Broj,grad_prijedor,Ukupno,does_not_declare,784
2013,Broj,grad_prijedor,M,does_not_declare,325
2013,Broj,grad_prijedor,Ž,does_not_declare,459
2013,Broj,prnjavor,Ukupno,does_not_declare,223
2013,Broj,prnjavor,M,does_not_declare,98
2013,Broj,prnjavor,Ž,does_not_declare,125
2013,Broj,ribnik,Ukupno,does_not_declare,3
2013,Broj,ribnik,M,does_not_declare,1
2013,Broj,ribnik,Ž,does_not_declare,2
2013,Broj,rogatica,Ukupno,does_not_declare,7
2013,Broj,rogatica,M,does_not_declare,4
2013,Broj,rogatica,Ž,does_not_declare,3
2013,Broj,rudo,Ukupno,does_not_declare,3
2013,Broj,rudo,M,does_not_declare,2
2013,Broj,rudo,Ž,does_not_declare,1
2013,Broj,sokolac,Ukupno,does_not_declare,20
2013,Broj,sokolac,M,does_not_declare,9
2013,Broj,sokolac,Ž,does_not_declare,11
2013,Broj,srbac,Ukupno,does_not_declare,95
2013,Broj,srbac,M,does_not_declare,46
2013,Broj,srbac,Ž,does_not_declare,49
2013,Broj,srebrenica,Ukupno,does_not_declare,22
2013,Broj,srebrenica,M,does_not_declare,10
2013,Broj,srebrenica,Ž,does_not_declare,12
2013,Broj,teslic,Ukupno,does_not_declare,309
2013,Broj,teslic,M,does_not_declare,136
2013,Broj,teslic,Ž,does_not_declare,173
2013,Broj,grad_trebinje,Ukupno,does_not_declare,170
2013,Broj,grad_trebinje,M,does_not_declare,75
2013,Broj,grad_trebinje,Ž,does_not_declare,95
2013,Broj,trnovo,Ukupno,does_not_declare,4
2013,Broj,trnovo,M,does_not_declare,3
2013,Broj,trnovo,Ž,does_not_declare,1
2013,Broj,ugljevik,Ukupno,does_not_declare,23
2013,Broj,ugljevik,M,does_not_declare,11
2013,Broj,ugljevik,Ž,does_not_declare,12
2013,Broj,foca,Ukupno,does_not_declare,27
2013,Broj,foca,M,does_not_declare,13
2013,Broj,foca,Ž,does_not_declare,14
2013,Broj,han_pijesak,Ukupno,does_not_declare,0
2013,Broj,han_pijesak,M,does_not_declare,0
2013,Broj,han_pijesak,Ž,does_not_declare,0
2013,Broj,cajnice,Ukupno,does_not_declare,1
2013,Broj,cajnice,M,does_not_declare,1
2013,Broj,cajnice,Ž,does_not_declare,0
2013,Broj,celinac,Ukupno,does_not_declare,30
2013,Broj,celinac,M,does_not_declare,15
2013,Broj,celinac,Ž,does_not_declare,15
2013,Broj,samac,Ukupno,does_not_declare,147
2013,Broj,samac,M,does_not_declare,64
2013,Broj,samac,Ž,does_not_declare,83
2013,Broj,sekovici,Ukupno,does_not_declare,4
2013,Broj,sekovici,M,does_not_declare,3
2013,Broj,sekovici,Ž,does_not_declare,1
2013,Broj,sipovo,Ukupno,does_not_declare,19
2013,Broj,sipovo,M,does_not_declare,10
2013,Broj,sipovo,Ž,does_not_declare,9
2013,Broj,republika_srpska,Ukupno,unknown_religion,2065
2013,Broj,republika_srpska,M,unknown_religion,963
2013,Broj,republika_srpska,Ž,unknown_religion,1102
2013,Broj,grad_banja_luka,Ukupno,unknown_religion,357
2013,Broj,grad_banja_luka,M,unknown_religion,173
2013,Broj,grad_banja_luka,Ž,unknown_religion,184
2013,Broj,berkovici,Ukupno,unknown_religion,1
2013,Broj,berkovici,M,unknown_religion,0
2013,Broj,berkovici,Ž,unknown_religion,1
2013,Broj,grad_bijeljina,Ukupno,unknown_religion,102
2013,Broj,grad_bijeljina,M,unknown_religion,44
2013,Broj,grad_bijeljina,Ž,unknown_religion,58
2013,Broj,bileca,Ukupno,unknown_religion,12
2013,Broj,bileca,M,unknown_religion,4
2013,Broj,bileca,Ž,unknown_religion,8
2013,Broj,bratunac,Ukupno,unknown_religion,40
2013,Broj,bratunac,M,unknown_religion,16
2013,Broj,bratunac,Ž,unknown_religion,24
2013,Broj,brod,Ukupno,unknown_religion,32
2013,Broj,brod,M,unknown_religion,12
2013,Broj,brod,Ž,unknown_religion,20
2013,Broj,visegrad,Ukupno,unknown_religion,179
2013,Broj,visegrad,M,unknown_religion,4
2013,Broj,visegrad,Ž,unknown_religion,175
2013,Broj,vlasenica,Ukupno,unknown_religion,21
2013,Broj,vlasenica,M,unknown_religion,10
2013,Broj,vlasenica,Ž,unknown_religion,11
2013,Broj,vukosavlje,Ukupno,unknown_religion,14
2013,Broj,vukosavlje,M,unknown_religion,3
2013,Broj,vukosavlje,Ž,unknown_religion,11
2013,Broj,gacko,Ukupno,unknown_religion,7
2013,Broj,gacko,M,unknown_religion,2
2013,Broj,gacko,Ž,unknown_religion,5
2013,Broj,grad_gradiska,Ukupno,unknown_religion,46
2013,Broj,grad_gradiska,M,unknown_religion,21
2013,Broj,grad_gradiska,Ž,unknown_religion,25
2013,Broj,grad_derventa,Ukupno,unknown_religion,47
2013,Broj,grad_derventa,M,unknown_religion,21
2013,Broj,grad_derventa,Ž,unknown_religion,26
2013,Broj,grad_doboj,Ukupno,unknown_religion,160
2013,Broj,grad_doboj,M,unknown_religion,64
2013,Broj,grad_doboj,Ž,unknown_religion,96
2013,Broj,donji_zabar,Ukupno,unknown_religion,2
2013,Broj,donji_zabar,M,unknown_religion,1
2013,Broj,donji_zabar,Ž,unknown_religion,1
2013,Broj,grad_zvornik,Ukupno,unknown_religion,98
2013,Broj,grad_zvornik,M,unknown_religion,39
2013,Broj,grad_zvornik,Ž,unknown_religion,59
2013,Broj,istocna_ilidza,Ukupno,unknown_religion,10
2013,Broj,istocna_ilidza,M,unknown_religion,5
2013,Broj,istocna_ilidza,Ž,unknown_religion,5
2013,Broj,istocni_drvar,Ukupno,unknown_religion,0
2013,Broj,istocni_drvar,M,unknown_religion,0
2013,Broj,istocni_drvar,Ž,unknown_religion,0
2013,Broj,istocni_mostar,Ukupno,unknown_religion,2
2013,Broj,istocni_mostar,M,unknown_religion,1
2013,Broj,istocni_mostar,Ž,unknown_religion,1
2013,Broj,istocni_stari_grad,Ukupno,unknown_religion,2
2013,Broj,istocni_stari_grad,M,unknown_religion,1
2013,Broj,istocni_stari_grad,Ž,unknown_religion,1
2013,Broj,istocno_novo_sarajevo,Ukupno,unknown_religion,3
2013,Broj,istocno_novo_sarajevo,M,unknown_religion,0
2013,Broj,istocno_novo_sarajevo,Ž,unknown_religion,3
2013,Broj,jezero,Ukupno,unknown_religion,2
2013,Broj,jezero,M,unknown_religion,1
2013,Broj,jezero,Ž,unknown_religion,1
2013,Broj,kalinovik,Ukupno,unknown_religion,0
2013,Broj,kalinovik,M,unknown_religion,0
2013,Broj,kalinovik,Ž,unknown_religion,0
2013,Broj,knezevo,Ukupno,unknown_religion,5
2013,Broj,knezevo,M,unknown_religion,3
2013,Broj,knezevo,Ž,unknown_religion,2
2013,Broj,kozarska_dubica,Ukupno,unknown_religion,18
2013,Broj,kozarska_dubica,M,unknown_religion,11
2013,Broj,kozarska_dubica,Ž,unknown_religion,7
2013,Broj,kostajnica,Ukupno,unknown_religion,1
2013,Broj,kostajnica,M,unknown_religion,1
2013,Broj,kostajnica,Ž,unknown_religion,0
2013,Broj,kotor_varos,Ukupno,unknown_religion,21
2013,Broj,kotor_varos,M,unknown_religion,15
2013,Broj,kotor_varos,Ž,unknown_religion,6
2013,Broj,krupa_na_uni,Ukupno,unknown_religion,1
2013,Broj,krupa_na_uni,M,unknown_religion,0
2013,Broj,krupa_na_uni,Ž,unknown_religion,1
2013,Broj,kupres,Ukupno,unknown_religion,0
2013,Broj,kupres,M,unknown_religion,0
2013,Broj,kupres,Ž,unknown_religion,0
2013,Broj,laktasi,Ukupno,unknown_religion,48
2013,Broj,laktasi,M,unknown_religion,21
2013,Broj,laktasi,Ž,unknown_religion,27
2013,Broj,lopare,Ukupno,unknown_religion,13
2013,Broj,lopare,M,unknown_religion,6
2013,Broj,lopare,Ž,unknown_religion,7
2013,Broj,ljubinje,Ukupno,unknown_religion,2
2013,Broj,ljubinje,M,unknown_religion,1
2013,Broj,ljubinje,Ž,unknown_religion,1
2013,Broj,milici,Ukupno,unknown_religion,8
2013,Broj,milici,M,unknown_religion,3
2013,Broj,milici,Ž,unknown_religion,5
2013,Broj,modrica,Ukupno,unknown_religion,125
2013,Broj,modrica,M,unknown_religion,66
2013,Broj,modrica,Ž,unknown_religion,59
2013,Broj,mrkonjic_grad,Ukupno,unknown_religion,13
2013,Broj,mrkonjic_grad,M,unknown_religion,7
2013,Broj,mrkonjic_grad,Ž,unknown_religion,6
2013,Broj,nevesinje,Ukupno,unknown_religion,7
2013,Broj,nevesinje,M,unknown_religion,2
2013,Broj,nevesinje,Ž,unknown_religion,5
2013,Broj,novi_grad,Ukupno,unknown_religion,26
2013,Broj,novi_grad,M,unknown_religion,14
2013,Broj,novi_grad,Ž,unknown_religion,12
2013,Broj,novo_gorazde,Ukupno,unknown_religion,7
2013,Broj,novo_gorazde,M,unknown_religion,3
2013,Broj,novo_gorazde,Ž,unknown_religion,4
2013,Broj,osmaci,Ukupno,unknown_religion,4
2013,Broj,osmaci,M,unknown_religion,2
2013,Broj,osmaci,Ž,unknown_religion,2
2013,Broj,ostra_luka,Ukupno,unknown_religion,3
2013,Broj,ostra_luka,M,unknown_religion,2
2013,Broj,ostra_luka,Ž,unknown_religion,1
2013,Broj,pale,Ukupno,unknown_religion,11
2013,Broj,pale,M,unknown_religion,7
2013,Broj,pale,Ž,unknown_religion,4
2013,Broj,pelagicevo,Ukupno,unknown_religion,5
2013,Broj,pelagicevo,M,unknown_religion,1
2013,Broj,pelagicevo,Ž,unknown_religion,4
2013,Broj,petrovac,Ukupno,unknown_religion,0
2013,Broj,petrovac,M,unknown_religion,0
2013,Broj,petrovac,Ž,unknown_religion,0
2013,Broj,petrovo,Ukupno,unknown_religion,4
2013,Broj,petrovo,M,unknown_religion,2
2013,Broj,petrovo,Ž,unknown_religion,2
2013,Broj,grad_prijedor,Ukupno,unknown_religion,374
2013,Broj,grad_prijedor,M,unknown_religion,257
2013,Broj,grad_prijedor,Ž,unknown_religion,117
2013,Broj,prnjavor,Ukupno,unknown_religion,31
2013,Broj,prnjavor,M,unknown_religion,13
2013,Broj,prnjavor,Ž,unknown_religion,18
2013,Broj,ribnik,Ukupno,unknown_religion,2
2013,Broj,ribnik,M,unknown_religion,2
2013,Broj,ribnik,Ž,unknown_religion,0
2013,Broj,rogatica,Ukupno,unknown_religion,4
2013,Broj,rogatica,M,unknown_religion,3
2013,Broj,rogatica,Ž,unknown_religion,1
2013,Broj,rudo,Ukupno,unknown_religion,4
2013,Broj,rudo,M,unknown_religion,0
2013,Broj,rudo,Ž,unknown_religion,4
2013,Broj,sokolac,Ukupno,unknown_religion,14
2013,Broj,sokolac,M,unknown_religion,3
2013,Broj,sokolac,Ž,unknown_religion,11
2013,Broj,srbac,Ukupno,unknown_religion,28
2013,Broj,srbac,M,unknown_religion,13
2013,Broj,srbac,Ž,unknown_religion,15
2013,Broj,srebrenica,Ukupno,unknown_religion,20
2013,Broj,srebrenica,M,unknown_religion,14
2013,Broj,srebrenica,Ž,unknown_religion,6
2013,Broj,teslic,Ukupno,unknown_religion,43
2013,Broj,teslic,M,unknown_religion,21
2013,Broj,teslic,Ž,unknown_religion,22
2013,Broj,grad_trebinje,Ukupno,unknown_religion,14
2013,Broj,grad_trebinje,M,unknown_religion,8
2013,Broj,grad_trebinje,Ž,unknown_religion,6
2013,Broj,trnovo,Ukupno,unknown_religion,0
2013,Broj,trnovo,M,unknown_religion,0
2013,Broj,trnovo,Ž,unknown_religion,0
2013,Broj,ugljevik,Ukupno,unknown_religion,13
2013,Broj,ugljevik,M,unknown_religion,11
2013,Broj,ugljevik,Ž,unknown_religion,2
2013,Broj,foca,Ukupno,unknown_religion,12
2013,Broj,foca,M,unknown_religion,6
2013,Broj,foca,Ž,unknown_religion,6
2013,Broj,han_pijesak,Ukupno,unknown_religion,0
2013,Broj,han_pijesak,M,unknown_religion,0
2013,Broj,han_pijesak,Ž,unknown_religion,0
2013,Broj,cajnice,Ukupno,unknown_religion,4
2013,Broj,cajnice,M,unknown_religion,1
2013,Broj,cajnice,Ž,unknown_religion,3
2013,Broj,celinac,Ukupno,unknown_religion,10
2013,Broj,celinac,M,unknown_religion,4
2013,Broj,celinac,Ž,unknown_religion,6
2013,Broj,samac,Ukupno,unknown_religion,18
2013,Broj,samac,M,unknown_religion,10
2013,Broj,samac,Ž,unknown_religion,8
2013,Broj,sekovici,Ukupno,unknown_religion,9
2013,Broj,sekovici,M,unknown_religion,4
2013,Broj,sekovici,Ž,unknown_religion,5
2013,Broj,sipovo,Ukupno,unknown_religion,6
2013,Broj,sipovo,M,unknown_religion,4
2013,Broj,sipovo,Ž,unknown_religion,2
