Year,UNIT_MEASURE,ADMIN_AREA,Spol,Mother tounge,Value
2013,Broj,republika_srpska,Oba spola,_T,1170342
2013,Broj,republika_srpska,M,_T,571812
2013,Broj,republika_srpska,Ž,_T,598530
2013,Broj,grad_banja_luka,Oba spola,_T,180053
2013,Broj,grad_banja_luka,M,_T,86510
2013,Broj,grad_banja_luka,Ž,_T,93543
2013,Broj,berkovici,Oba spola,_T,2041
2013,Broj,berkovici,M,_T,1032
2013,Broj,berkovici,Ž,_T,1009
2013,Broj,grad_bijeljina,Oba spola,_T,103874
2013,Broj,grad_bijeljina,M,_T,50760
2013,Broj,grad_bijeljina,Ž,_T,53114
2013,Broj,bileca,Oba spola,_T,10607
2013,Broj,bileca,M,_T,5346
2013,Broj,bileca,Ž,_T,5261
2013,Broj,bratunac,Oba spola,_T,18651
2013,Broj,bratunac,M,_T,9210
2013,Broj,bratunac,Ž,_T,9441
2013,Broj,brod,Oba spola,_T,15720
2013,Broj,brod,M,_T,7670
2013,Broj,brod,Ž,_T,8050
2013,Broj,visegrad,Oba spola,_T,10118
2013,Broj,visegrad,M,_T,4834
2013,Broj,visegrad,Ž,_T,5284
2013,Broj,vlasenica,Oba spola,_T,10657
2013,Broj,vlasenica,M,_T,5193
2013,Broj,vlasenica,Ž,_T,5464
2013,Broj,vukosavlje,Oba spola,_T,4363
2013,Broj,vukosavlje,M,_T,2185
2013,Broj,vukosavlje,Ž,_T,2178
2013,Broj,gacko,Oba spola,_T,8710
2013,Broj,gacko,M,_T,4423
2013,Broj,gacko,Ž,_T,4287
2013,Broj,grad_gradiska,Oba spola,_T,49196
2013,Broj,grad_gradiska,M,_T,23944
2013,Broj,grad_gradiska,Ž,_T,25252
2013,Broj,grad_derventa,Oba spola,_T,25922
2013,Broj,grad_derventa,M,_T,12629
2013,Broj,grad_derventa,Ž,_T,13293
2013,Broj,grad_doboj,Oba spola,_T,68514
2013,Broj,grad_doboj,M,_T,33222
2013,Broj,grad_doboj,Ž,_T,35292
2013,Broj,donji_zabar,Oba spola,_T,3669
2013,Broj,donji_zabar,M,_T,1853
2013,Broj,donji_zabar,Ž,_T,1816
2013,Broj,grad_zvornik,Oba spola,_T,54407
2013,Broj,grad_zvornik,M,_T,26803
2013,Broj,grad_zvornik,Ž,_T,27604
2013,Broj,istocna_ilidza,Oba spola,_T,14437
2013,Broj,istocna_ilidza,M,_T,6905
2013,Broj,istocna_ilidza,Ž,_T,7532
2013,Broj,istocni_drvar,Oba spola,_T,66
2013,Broj,istocni_drvar,M,_T,44
2013,Broj,istocni_drvar,Ž,_T,22
2013,Broj,istocni_mostar,Oba spola,_T,244
2013,Broj,istocni_mostar,M,_T,138
2013,Broj,istocni_mostar,Ž,_T,106
2013,Broj,istocni_stari_grad,Oba spola,_T,1116
2013,Broj,istocni_stari_grad,M,_T,552
2013,Broj,istocni_stari_grad,Ž,_T,564
2013,Broj,istocno_novo_sarajevo,Oba spola,_T,10401
2013,Broj,istocno_novo_sarajevo,M,_T,4936
2013,Broj,istocno_novo_sarajevo,Ž,_T,5465
2013,Broj,jezero,Oba spola,_T,1039
2013,Broj,jezero,M,_T,534
2013,Broj,jezero,Ž,_T,505
2013,Broj,kalinovik,Oba spola,_T,1962
2013,Broj,kalinovik,M,_T,950
2013,Broj,kalinovik,Ž,_T,1012
2013,Broj,knezevo,Oba spola,_T,9368
2013,Broj,knezevo,M,_T,4632
2013,Broj,knezevo,Ž,_T,4736
2013,Broj,kozarska_dubica,Oba spola,_T,20681
2013,Broj,kozarska_dubica,M,_T,10094
2013,Broj,kozarska_dubica,Ž,_T,10587
2013,Broj,kostajnica,Oba spola,_T,5645
2013,Broj,kostajnica,M,_T,2780
2013,Broj,kostajnica,Ž,_T,2865
2013,Broj,kotor_varos,Oba spola,_T,18361
2013,Broj,kotor_varos,M,_T,9007
2013,Broj,kotor_varos,Ž,_T,9354
2013,Broj,krupa_na_uni,Oba spola,_T,1560
2013,Broj,krupa_na_uni,M,_T,841
2013,Broj,krupa_na_uni,Ž,_T,719
2013,Broj,kupres,Oba spola,_T,293
2013,Broj,kupres,M,_T,157
2013,Broj,kupres,Ž,_T,136
2013,Broj,laktasi,Oba spola,_T,34210
2013,Broj,laktasi,M,_T,16905
2013,Broj,laktasi,Ž,_T,17305
2013,Broj,lopare,Oba spola,_T,14689
2013,Broj,lopare,M,_T,7377
2013,Broj,lopare,Ž,_T,7312
2013,Broj,ljubinje,Oba spola,_T,3319
2013,Broj,ljubinje,M,_T,1633
2013,Broj,ljubinje,Ž,_T,1686
2013,Broj,milici,Oba spola,_T,10445
2013,Broj,milici,M,_T,5252
2013,Broj,milici,Ž,_T,5193
2013,Broj,modrica,Oba spola,_T,24490
2013,Broj,modrica,M,_T,11969
2013,Broj,modrica,Ž,_T,12521
2013,Broj,mrkonjic_grad,Oba spola,_T,15926
2013,Broj,mrkonjic_grad,M,_T,7660
2013,Broj,mrkonjic_grad,Ž,_T,8266
2013,Broj,nevesinje,Oba spola,_T,12542
2013,Broj,nevesinje,M,_T,6236
2013,Broj,nevesinje,Ž,_T,6306
2013,Broj,novi_grad,Oba spola,_T,25240
2013,Broj,novi_grad,M,_T,12580
2013,Broj,novi_grad,Ž,_T,12660
2013,Broj,novo_gorazde,Oba spola,_T,2915
2013,Broj,novo_gorazde,M,_T,1500
2013,Broj,novo_gorazde,Ž,_T,1415
2013,Broj,osmaci,Oba spola,_T,5546
2013,Broj,osmaci,M,_T,2779
2013,Broj,osmaci,Ž,_T,2767
2013,Broj,ostra_luka,Oba spola,_T,2705
2013,Broj,ostra_luka,M,_T,1386
2013,Broj,ostra_luka,Ž,_T,1319
2013,Broj,pale,Oba spola,_T,20359
2013,Broj,pale,M,_T,9744
2013,Broj,pale,Ž,_T,10615
2013,Broj,pelagicevo,Oba spola,_T,4358
2013,Broj,pelagicevo,M,_T,2151
2013,Broj,pelagicevo,Ž,_T,2207
2013,Broj,petrovac,Oba spola,_T,354
2013,Broj,petrovac,M,_T,169
2013,Broj,petrovac,Ž,_T,185
2013,Broj,petrovo,Oba spola,_T,6317
2013,Broj,petrovo,M,_T,3043
2013,Broj,petrovo,Ž,_T,3274
2013,Broj,grad_prijedor,Oba spola,_T,80916
2013,Broj,grad_prijedor,M,_T,39418
2013,Broj,grad_prijedor,Ž,_T,41498
2013,Broj,prnjavor,Oba spola,_T,34357
2013,Broj,prnjavor,M,_T,16675
2013,Broj,prnjavor,Ž,_T,17682
2013,Broj,ribnik,Oba spola,_T,5851
2013,Broj,ribnik,M,_T,2900
2013,Broj,ribnik,Ž,_T,2951
2013,Broj,rogatica,Oba spola,_T,10302
2013,Broj,rogatica,M,_T,5053
2013,Broj,rogatica,Ž,_T,5249
2013,Broj,rudo,Oba spola,_T,7578
2013,Broj,rudo,M,_T,3840
2013,Broj,rudo,Ž,_T,3738
2013,Broj,sokolac,Oba spola,_T,11620
2013,Broj,sokolac,M,_T,5723
2013,Broj,sokolac,Ž,_T,5897
2013,Broj,srbac,Oba spola,_T,16933
2013,Broj,srbac,M,_T,8295
2013,Broj,srbac,Ž,_T,8638
2013,Broj,srebrenica,Oba spola,_T,11698
2013,Broj,srebrenica,M,_T,5714
2013,Broj,srebrenica,Ž,_T,5984
2013,Broj,teslic,Oba spola,_T,37236
2013,Broj,teslic,M,_T,17894
2013,Broj,teslic,Ž,_T,19342
2013,Broj,grad_trebinje,Oba spola,_T,28239
2013,Broj,grad_trebinje,M,_T,13760
2013,Broj,grad_trebinje,Ž,_T,14479
2013,Broj,trnovo,Oba spola,_T,1983
2013,Broj,trnovo,M,_T,953
2013,Broj,trnovo,Ž,_T,1030
2013,Broj,ugljevik,Oba spola,_T,15118
2013,Broj,ugljevik,M,_T,7626
2013,Broj,ugljevik,Ž,_T,7492
2013,Broj,foca,Oba spola,_T,17580
2013,Broj,foca,M,_T,8880
2013,Broj,foca,Ž,_T,8700
2013,Broj,han_pijesak,Oba spola,_T,3445
2013,Broj,han_pijesak,M,_T,1632
2013,Broj,han_pijesak,Ž,_T,1813
2013,Broj,cajnice,Oba spola,_T,4679
2013,Broj,cajnice,M,_T,2347
2013,Broj,cajnice,Ž,_T,2332
2013,Broj,celinac,Oba spola,_T,15117
2013,Broj,celinac,M,_T,7477
2013,Broj,celinac,Ž,_T,7640
2013,Broj,samac,Oba spola,_T,16308
2013,Broj,samac,M,_T,7908
2013,Broj,samac,Ž,_T,8400
2013,Broj,sekovici,Oba spola,_T,6323
2013,Broj,sekovici,M,_T,3103
2013,Broj,sekovici,Ž,_T,3220
2013,Broj,sipovo,Oba spola,_T,9969
2013,Broj,sipovo,M,_T,5046
2013,Broj,sipovo,Ž,_T,4923
2013,Broj,republika_srpska,Oba spola,bosnian,150221
2013,Broj,republika_srpska,M,bosnian,73026
2013,Broj,republika_srpska,Ž,bosnian,77195
2013,Broj,grad_banja_luka,Oba spola,bosnian,6792
2013,Broj,grad_banja_luka,M,bosnian,3152
2013,Broj,grad_banja_luka,Ž,bosnian,3640
2013,Broj,berkovici,Oba spola,bosnian,155
2013,Broj,berkovici,M,bosnian,87
2013,Broj,berkovici,Ž,bosnian,68
2013,Broj,grad_bijeljina,Oba spola,bosnian,11651
2013,Broj,grad_bijeljina,M,bosnian,5712
2013,Broj,grad_bijeljina,Ž,bosnian,5939
2013,Broj,bileca,Oba spola,bosnian,21
2013,Broj,bileca,M,bosnian,14
2013,Broj,bileca,Ž,bosnian,7
2013,Broj,bratunac,Oba spola,bosnian,6596
2013,Broj,bratunac,M,bosnian,3217
2013,Broj,bratunac,Ž,bosnian,3379
2013,Broj,brod,Oba spola,bosnian,1397
2013,Broj,brod,M,bosnian,680
2013,Broj,brod,Ž,bosnian,717
2013,Broj,visegrad,Oba spola,bosnian,887
2013,Broj,visegrad,M,bosnian,449
2013,Broj,visegrad,Ž,bosnian,438
2013,Broj,vlasenica,Oba spola,bosnian,3372
2013,Broj,vlasenica,M,bosnian,1648
2013,Broj,vlasenica,Ž,bosnian,1724
2013,Broj,vukosavlje,Oba spola,bosnian,2098
2013,Broj,vukosavlje,M,bosnian,1062
2013,Broj,vukosavlje,Ž,bosnian,1036
2013,Broj,gacko,Oba spola,bosnian,331
2013,Broj,gacko,M,bosnian,178
2013,Broj,gacko,Ž,bosnian,153
2013,Broj,grad_gradiska,Oba spola,bosnian,6335
2013,Broj,grad_gradiska,M,bosnian,3083
2013,Broj,grad_gradiska,Ž,bosnian,3252
2013,Broj,grad_derventa,Oba spola,bosnian,1791
2013,Broj,grad_derventa,M,bosnian,857
2013,Broj,grad_derventa,Ž,bosnian,934
2013,Broj,grad_doboj,Oba spola,bosnian,14749
2013,Broj,grad_doboj,M,bosnian,7085
2013,Broj,grad_doboj,Ž,bosnian,7664
2013,Broj,donji_zabar,Oba spola,bosnian,11
2013,Broj,donji_zabar,M,bosnian,3
2013,Broj,donji_zabar,Ž,bosnian,8
2013,Broj,grad_zvornik,Oba spola,bosnian,16813
2013,Broj,grad_zvornik,M,bosnian,8218
2013,Broj,grad_zvornik,Ž,bosnian,8595
2013,Broj,istocna_ilidza,Oba spola,bosnian,691
2013,Broj,istocna_ilidza,M,bosnian,322
2013,Broj,istocna_ilidza,Ž,bosnian,369
2013,Broj,istocni_drvar,Oba spola,bosnian,0
2013,Broj,istocni_drvar,M,bosnian,0
2013,Broj,istocni_drvar,Ž,bosnian,0
2013,Broj,istocni_mostar,Oba spola,bosnian,78
2013,Broj,istocni_mostar,M,bosnian,45
2013,Broj,istocni_mostar,Ž,bosnian,33
2013,Broj,istocni_stari_grad,Oba spola,bosnian,44
2013,Broj,istocni_stari_grad,M,bosnian,27
2013,Broj,istocni_stari_grad,Ž,bosnian,17
2013,Broj,istocno_novo_sarajevo,Oba spola,bosnian,71
2013,Broj,istocno_novo_sarajevo,M,bosnian,29
2013,Broj,istocno_novo_sarajevo,Ž,bosnian,42
2013,Broj,jezero,Oba spola,bosnian,252
2013,Broj,jezero,M,bosnian,118
2013,Broj,jezero,Ž,bosnian,134
2013,Broj,kalinovik,Oba spola,bosnian,37
2013,Broj,kalinovik,M,bosnian,15
2013,Broj,kalinovik,Ž,bosnian,22
2013,Broj,knezevo,Oba spola,bosnian,404
2013,Broj,knezevo,M,bosnian,185
2013,Broj,knezevo,Ž,bosnian,219
2013,Broj,kozarska_dubica,Oba spola,bosnian,1922
2013,Broj,kozarska_dubica,M,bosnian,927
2013,Broj,kozarska_dubica,Ž,bosnian,995
2013,Broj,kostajnica,Oba spola,bosnian,1283
2013,Broj,kostajnica,M,bosnian,626
2013,Broj,kostajnica,Ž,bosnian,657
2013,Broj,kotor_varos,Oba spola,bosnian,4517
2013,Broj,kotor_varos,M,bosnian,2173
2013,Broj,kotor_varos,Ž,bosnian,2344
2013,Broj,krupa_na_uni,Oba spola,bosnian,3
2013,Broj,krupa_na_uni,M,bosnian,1
2013,Broj,krupa_na_uni,Ž,bosnian,2
2013,Broj,kupres,Oba spola,bosnian,0
2013,Broj,kupres,M,bosnian,0
2013,Broj,kupres,Ž,bosnian,0
2013,Broj,laktasi,Oba spola,bosnian,112
2013,Broj,laktasi,M,bosnian,58
2013,Broj,laktasi,Ž,bosnian,54
2013,Broj,lopare,Oba spola,bosnian,1315
2013,Broj,lopare,M,bosnian,648
2013,Broj,lopare,Ž,bosnian,667
2013,Broj,ljubinje,Oba spola,bosnian,10
2013,Broj,ljubinje,M,bosnian,5
2013,Broj,ljubinje,Ž,bosnian,5
2013,Broj,milici,Oba spola,bosnian,3541
2013,Broj,milici,M,bosnian,1751
2013,Broj,milici,Ž,bosnian,1790
2013,Broj,modrica,Oba spola,bosnian,3008
2013,Broj,modrica,M,bosnian,1426
2013,Broj,modrica,Ž,bosnian,1582
2013,Broj,mrkonjic_grad,Oba spola,bosnian,358
2013,Broj,mrkonjic_grad,M,bosnian,172
2013,Broj,mrkonjic_grad,Ž,bosnian,186
2013,Broj,nevesinje,Oba spola,bosnian,507
2013,Broj,nevesinje,M,bosnian,261
2013,Broj,nevesinje,Ž,bosnian,246
2013,Broj,novi_grad,Oba spola,bosnian,5260
2013,Broj,novi_grad,M,bosnian,2630
2013,Broj,novi_grad,Ž,bosnian,2630
2013,Broj,novo_gorazde,Oba spola,bosnian,1338
2013,Broj,novo_gorazde,M,bosnian,671
2013,Broj,novo_gorazde,Ž,bosnian,667
2013,Broj,osmaci,Oba spola,bosnian,2680
2013,Broj,osmaci,M,bosnian,1323
2013,Broj,osmaci,Ž,bosnian,1357
2013,Broj,ostra_luka,Oba spola,bosnian,39
2013,Broj,ostra_luka,M,bosnian,16
2013,Broj,ostra_luka,Ž,bosnian,23
2013,Broj,pale,Oba spola,bosnian,170
2013,Broj,pale,M,bosnian,89
2013,Broj,pale,Ž,bosnian,81
2013,Broj,pelagicevo,Oba spola,bosnian,24
2013,Broj,pelagicevo,M,bosnian,6
2013,Broj,pelagicevo,Ž,bosnian,18
2013,Broj,petrovac,Oba spola,bosnian,0
2013,Broj,petrovac,M,bosnian,0
2013,Broj,petrovac,Ž,bosnian,0
2013,Broj,petrovo,Oba spola,bosnian,7
2013,Broj,petrovo,M,bosnian,4
2013,Broj,petrovo,Ž,bosnian,3
2013,Broj,grad_prijedor,Oba spola,bosnian,22548
2013,Broj,grad_prijedor,M,bosnian,10781
2013,Broj,grad_prijedor,Ž,bosnian,11767
2013,Broj,prnjavor,Oba spola,bosnian,2792
2013,Broj,prnjavor,M,bosnian,1344
2013,Broj,prnjavor,Ž,bosnian,1448
2013,Broj,ribnik,Oba spola,bosnian,3
2013,Broj,ribnik,M,bosnian,1
2013,Broj,ribnik,Ž,bosnian,2
2013,Broj,rogatica,Oba spola,bosnian,1022
2013,Broj,rogatica,M,bosnian,525
2013,Broj,rogatica,Ž,bosnian,497
2013,Broj,rudo,Oba spola,bosnian,586
2013,Broj,rudo,M,bosnian,308
2013,Broj,rudo,Ž,bosnian,278
2013,Broj,sokolac,Oba spola,bosnian,645
2013,Broj,sokolac,M,bosnian,340
2013,Broj,sokolac,Ž,bosnian,305
2013,Broj,srbac,Oba spola,bosnian,389
2013,Broj,srbac,M,bosnian,181
2013,Broj,srbac,Ž,bosnian,208
2013,Broj,srebrenica,Oba spola,bosnian,6145
2013,Broj,srebrenica,M,bosnian,2921
2013,Broj,srebrenica,Ž,bosnian,3224
2013,Broj,teslic,Oba spola,bosnian,7090
2013,Broj,teslic,M,bosnian,3489
2013,Broj,teslic,Ž,bosnian,3601
2013,Broj,grad_trebinje,Oba spola,bosnian,860
2013,Broj,grad_trebinje,M,bosnian,425
2013,Broj,grad_trebinje,Ž,bosnian,435
2013,Broj,trnovo,Oba spola,bosnian,820
2013,Broj,trnovo,M,bosnian,406
2013,Broj,trnovo,Ž,bosnian,414
2013,Broj,ugljevik,Oba spola,bosnian,2000
2013,Broj,ugljevik,M,bosnian,975
2013,Broj,ugljevik,Ž,bosnian,1025
2013,Broj,foca,Oba spola,bosnian,1182
2013,Broj,foca,M,bosnian,633
2013,Broj,foca,Ž,bosnian,549
2013,Broj,han_pijesak,Oba spola,bosnian,433
2013,Broj,han_pijesak,M,bosnian,211
2013,Broj,han_pijesak,Ž,bosnian,222
2013,Broj,cajnice,Oba spola,bosnian,839
2013,Broj,cajnice,M,bosnian,441
2013,Broj,cajnice,Ž,bosnian,398
2013,Broj,celinac,Oba spola,bosnian,391
2013,Broj,celinac,M,bosnian,195
2013,Broj,celinac,Ž,bosnian,196
2013,Broj,samac,Oba spola,bosnian,1110
2013,Broj,samac,M,bosnian,527
2013,Broj,samac,Ž,bosnian,583
2013,Broj,sekovici,Oba spola,bosnian,104
2013,Broj,sekovici,M,bosnian,52
2013,Broj,sekovici,Ž,bosnian,52
2013,Broj,sipovo,Oba spola,bosnian,592
2013,Broj,sipovo,M,bosnian,298
2013,Broj,sipovo,Ž,bosnian,294
2013,Broj,republika_srpska,Oba spola,croatian,17315
2013,Broj,republika_srpska,M,croatian,7870
2013,Broj,republika_srpska,Ž,croatian,9445
2013,Broj,grad_banja_luka,Oba spola,croatian,1621
2013,Broj,grad_banja_luka,M,croatian,586
2013,Broj,grad_banja_luka,Ž,croatian,1035
2013,Broj,berkovici,Oba spola,croatian,4
2013,Broj,berkovici,M,croatian,1
2013,Broj,berkovici,Ž,croatian,3
2013,Broj,grad_bijeljina,Oba spola,croatian,134
2013,Broj,grad_bijeljina,M,croatian,34
2013,Broj,grad_bijeljina,Ž,croatian,100
2013,Broj,bileca,Oba spola,croatian,6
2013,Broj,bileca,M,croatian,0
2013,Broj,bileca,Ž,croatian,6
2013,Broj,bratunac,Oba spola,croatian,10
2013,Broj,bratunac,M,croatian,2
2013,Broj,bratunac,Ž,croatian,8
2013,Broj,brod,Oba spola,croatian,2842
2013,Broj,brod,M,croatian,1369
2013,Broj,brod,Ž,croatian,1473
2013,Broj,visegrad,Oba spola,croatian,6
2013,Broj,visegrad,M,croatian,0
2013,Broj,visegrad,Ž,croatian,6
2013,Broj,vlasenica,Oba spola,croatian,7
2013,Broj,vlasenica,M,croatian,2
2013,Broj,vlasenica,Ž,croatian,5
2013,Broj,vukosavlje,Oba spola,croatian,663
2013,Broj,vukosavlje,M,croatian,326
2013,Broj,vukosavlje,Ž,croatian,337
2013,Broj,gacko,Oba spola,croatian,4
2013,Broj,gacko,M,croatian,4
2013,Broj,gacko,Ž,croatian,0
2013,Broj,grad_gradiska,Oba spola,croatian,358
2013,Broj,grad_gradiska,M,croatian,120
2013,Broj,grad_gradiska,Ž,croatian,238
2013,Broj,grad_derventa,Oba spola,croatian,1861
2013,Broj,grad_derventa,M,croatian,950
2013,Broj,grad_derventa,Ž,croatian,911
2013,Broj,grad_doboj,Oba spola,croatian,869
2013,Broj,grad_doboj,M,croatian,378
2013,Broj,grad_doboj,Ž,croatian,491
2013,Broj,donji_zabar,Oba spola,croatian,985
2013,Broj,donji_zabar,M,croatian,497
2013,Broj,donji_zabar,Ž,croatian,488
2013,Broj,grad_zvornik,Oba spola,croatian,29
2013,Broj,grad_zvornik,M,croatian,2
2013,Broj,grad_zvornik,Ž,croatian,27
2013,Broj,istocna_ilidza,Oba spola,croatian,76
2013,Broj,istocna_ilidza,M,croatian,24
2013,Broj,istocna_ilidza,Ž,croatian,52
2013,Broj,istocni_drvar,Oba spola,croatian,1
2013,Broj,istocni_drvar,M,croatian,0
2013,Broj,istocni_drvar,Ž,croatian,1
2013,Broj,istocni_mostar,Oba spola,croatian,11
2013,Broj,istocni_mostar,M,croatian,8
2013,Broj,istocni_mostar,Ž,croatian,3
2013,Broj,istocni_stari_grad,Oba spola,croatian,1
2013,Broj,istocni_stari_grad,M,croatian,0
2013,Broj,istocni_stari_grad,Ž,croatian,1
2013,Broj,istocno_novo_sarajevo,Oba spola,croatian,44
2013,Broj,istocno_novo_sarajevo,M,croatian,14
2013,Broj,istocno_novo_sarajevo,Ž,croatian,30
2013,Broj,jezero,Oba spola,croatian,3
2013,Broj,jezero,M,croatian,2
2013,Broj,jezero,Ž,croatian,1
2013,Broj,kalinovik,Oba spola,croatian,3
2013,Broj,kalinovik,M,croatian,1
2013,Broj,kalinovik,Ž,croatian,2
2013,Broj,knezevo,Oba spola,croatian,17
2013,Broj,knezevo,M,croatian,4
2013,Broj,knezevo,Ž,croatian,13
2013,Broj,kozarska_dubica,Oba spola,croatian,151
2013,Broj,kozarska_dubica,M,croatian,39
2013,Broj,kozarska_dubica,Ž,croatian,112
2013,Broj,kostajnica,Oba spola,croatian,72
2013,Broj,kostajnica,M,croatian,24
2013,Broj,kostajnica,Ž,croatian,48
2013,Broj,kotor_varos,Oba spola,croatian,714
2013,Broj,kotor_varos,M,croatian,357
2013,Broj,kotor_varos,Ž,croatian,357
2013,Broj,krupa_na_uni,Oba spola,croatian,3
2013,Broj,krupa_na_uni,M,croatian,0
2013,Broj,krupa_na_uni,Ž,croatian,3
2013,Broj,kupres,Oba spola,croatian,0
2013,Broj,kupres,M,croatian,0
2013,Broj,kupres,Ž,croatian,0
2013,Broj,laktasi,Oba spola,croatian,175
2013,Broj,laktasi,M,croatian,60
2013,Broj,laktasi,Ž,croatian,115
2013,Broj,lopare,Oba spola,croatian,23
2013,Broj,lopare,M,croatian,1
2013,Broj,lopare,Ž,croatian,22
2013,Broj,ljubinje,Oba spola,croatian,7
2013,Broj,ljubinje,M,croatian,2
2013,Broj,ljubinje,Ž,croatian,5
2013,Broj,milici,Oba spola,croatian,4
2013,Broj,milici,M,croatian,1
2013,Broj,milici,Ž,croatian,3
2013,Broj,modrica,Oba spola,croatian,1246
2013,Broj,modrica,M,croatian,624
2013,Broj,modrica,Ž,croatian,622
2013,Broj,mrkonjic_grad,Oba spola,croatian,85
2013,Broj,mrkonjic_grad,M,croatian,37
2013,Broj,mrkonjic_grad,Ž,croatian,48
2013,Broj,nevesinje,Oba spola,croatian,14
2013,Broj,nevesinje,M,croatian,5
2013,Broj,nevesinje,Ž,croatian,9
2013,Broj,novi_grad,Oba spola,croatian,79
2013,Broj,novi_grad,M,croatian,17
2013,Broj,novi_grad,Ž,croatian,62
2013,Broj,novo_gorazde,Oba spola,croatian,1
2013,Broj,novo_gorazde,M,croatian,0
2013,Broj,novo_gorazde,Ž,croatian,1
2013,Broj,osmaci,Oba spola,croatian,3
2013,Broj,osmaci,M,croatian,1
2013,Broj,osmaci,Ž,croatian,2
2013,Broj,ostra_luka,Oba spola,croatian,92
2013,Broj,ostra_luka,M,croatian,43
2013,Broj,ostra_luka,Ž,croatian,49
2013,Broj,pale,Oba spola,croatian,31
2013,Broj,pale,M,croatian,6
2013,Broj,pale,Ž,croatian,25
2013,Broj,pelagicevo,Oba spola,croatian,1159
2013,Broj,pelagicevo,M,croatian,571
2013,Broj,pelagicevo,Ž,croatian,588
2013,Broj,petrovac,Oba spola,croatian,0
2013,Broj,petrovac,M,croatian,0
2013,Broj,petrovac,Ž,croatian,0
2013,Broj,petrovo,Oba spola,croatian,12
2013,Broj,petrovo,M,croatian,2
2013,Broj,petrovo,Ž,croatian,10
2013,Broj,grad_prijedor,Oba spola,croatian,639
2013,Broj,grad_prijedor,M,croatian,284
2013,Broj,grad_prijedor,Ž,croatian,355
2013,Broj,prnjavor,Oba spola,croatian,171
2013,Broj,prnjavor,M,croatian,59
2013,Broj,prnjavor,Ž,croatian,112
2013,Broj,ribnik,Oba spola,croatian,2
2013,Broj,ribnik,M,croatian,0
2013,Broj,ribnik,Ž,croatian,2
2013,Broj,rogatica,Oba spola,croatian,7
2013,Broj,rogatica,M,croatian,1
2013,Broj,rogatica,Ž,croatian,6
2013,Broj,rudo,Oba spola,croatian,0
2013,Broj,rudo,M,croatian,0
2013,Broj,rudo,Ž,croatian,0
2013,Broj,sokolac,Oba spola,croatian,8
2013,Broj,sokolac,M,croatian,1
2013,Broj,sokolac,Ž,croatian,7
2013,Broj,srbac,Oba spola,croatian,54
2013,Broj,srbac,M,croatian,8
2013,Broj,srbac,Ž,croatian,46
2013,Broj,srebrenica,Oba spola,croatian,6
2013,Broj,srebrenica,M,croatian,2
2013,Broj,srebrenica,Ž,croatian,4
2013,Broj,teslic,Oba spola,croatian,766
2013,Broj,teslic,M,croatian,360
2013,Broj,teslic,Ž,croatian,406
2013,Broj,grad_trebinje,Oba spola,croatian,149
2013,Broj,grad_trebinje,M,croatian,66
2013,Broj,grad_trebinje,Ž,croatian,83
2013,Broj,trnovo,Oba spola,croatian,13
2013,Broj,trnovo,M,croatian,5
2013,Broj,trnovo,Ž,croatian,8
2013,Broj,ugljevik,Oba spola,croatian,14
2013,Broj,ugljevik,M,croatian,1
2013,Broj,ugljevik,Ž,croatian,13
2013,Broj,foca,Oba spola,croatian,19
2013,Broj,foca,M,croatian,3
2013,Broj,foca,Ž,croatian,16
2013,Broj,han_pijesak,Oba spola,croatian,3
2013,Broj,han_pijesak,M,croatian,0
2013,Broj,han_pijesak,Ž,croatian,3
2013,Broj,cajnice,Oba spola,croatian,3
2013,Broj,cajnice,M,croatian,0
2013,Broj,cajnice,Ž,croatian,3
2013,Broj,celinac,Oba spola,croatian,15
2013,Broj,celinac,M,croatian,2
2013,Broj,celinac,Ž,croatian,13
2013,Broj,samac,Oba spola,croatian,2006
2013,Broj,samac,M,croatian,964
2013,Broj,samac,Ž,croatian,1042
2013,Broj,sekovici,Oba spola,croatian,3
2013,Broj,sekovici,M,croatian,0
2013,Broj,sekovici,Ž,croatian,3
2013,Broj,sipovo,Oba spola,croatian,11
2013,Broj,sipovo,M,croatian,0
2013,Broj,sipovo,Ž,croatian,11
2013,Broj,republika_srpska,Oba spola,serbian,982480
2013,Broj,republika_srpska,M,serbian,481743
2013,Broj,republika_srpska,Ž,serbian,500737
2013,Broj,grad_banja_luka,Oba spola,serbian,166022
2013,Broj,grad_banja_luka,M,serbian,80369
2013,Broj,grad_banja_luka,Ž,serbian,85653
2013,Broj,berkovici,Oba spola,serbian,1875
2013,Broj,berkovici,M,serbian,942
2013,Broj,berkovici,Ž,serbian,933
2013,Broj,grad_bijeljina,Oba spola,serbian,90547
2013,Broj,grad_bijeljina,M,serbian,44290
2013,Broj,grad_bijeljina,Ž,serbian,46257
2013,Broj,bileca,Oba spola,serbian,10534
2013,Broj,bileca,M,serbian,5307
2013,Broj,bileca,Ž,serbian,5227
2013,Broj,bratunac,Oba spola,serbian,11930
2013,Broj,bratunac,M,serbian,5937
2013,Broj,bratunac,Ž,serbian,5993
2013,Broj,brod,Oba spola,serbian,11154
2013,Broj,brod,M,serbian,5490
2013,Broj,brod,Ž,serbian,5664
2013,Broj,visegrad,Oba spola,serbian,8981
2013,Broj,visegrad,M,serbian,4351
2013,Broj,visegrad,Ž,serbian,4630
2013,Broj,vlasenica,Oba spola,serbian,7160
2013,Broj,vlasenica,M,serbian,3493
2013,Broj,vlasenica,Ž,serbian,3667
2013,Broj,vukosavlje,Oba spola,serbian,1471
2013,Broj,vukosavlje,M,serbian,727
2013,Broj,vukosavlje,Ž,serbian,744
2013,Broj,gacko,Oba spola,serbian,8356
2013,Broj,gacko,M,serbian,4234
2013,Broj,gacko,Ž,serbian,4122
2013,Broj,grad_gradiska,Oba spola,serbian,41393
2013,Broj,grad_gradiska,M,serbian,20221
2013,Broj,grad_gradiska,Ž,serbian,21172
2013,Broj,grad_derventa,Oba spola,serbian,21749
2013,Broj,grad_derventa,M,serbian,10593
2013,Broj,grad_derventa,Ž,serbian,11156
2013,Broj,grad_doboj,Oba spola,serbian,51338
2013,Broj,grad_doboj,M,serbian,25045
2013,Broj,grad_doboj,Ž,serbian,26293
2013,Broj,donji_zabar,Oba spola,serbian,2652
2013,Broj,donji_zabar,M,serbian,1345
2013,Broj,donji_zabar,Ž,serbian,1307
2013,Broj,grad_zvornik,Oba spola,serbian,37330
2013,Broj,grad_zvornik,M,serbian,18483
2013,Broj,grad_zvornik,Ž,serbian,18847
2013,Broj,istocna_ilidza,Oba spola,serbian,13532
2013,Broj,istocna_ilidza,M,serbian,6502
2013,Broj,istocna_ilidza,Ž,serbian,7030
2013,Broj,istocni_drvar,Oba spola,serbian,65
2013,Broj,istocni_drvar,M,serbian,44
2013,Broj,istocni_drvar,Ž,serbian,21
2013,Broj,istocni_mostar,Oba spola,serbian,152
2013,Broj,istocni_mostar,M,serbian,84
2013,Broj,istocni_mostar,Ž,serbian,68
2013,Broj,istocni_stari_grad,Oba spola,serbian,1063
2013,Broj,istocni_stari_grad,M,serbian,521
2013,Broj,istocni_stari_grad,Ž,serbian,542
2013,Broj,istocno_novo_sarajevo,Oba spola,serbian,10078
2013,Broj,istocno_novo_sarajevo,M,serbian,4805
2013,Broj,istocno_novo_sarajevo,Ž,serbian,5273
2013,Broj,jezero,Oba spola,serbian,782
2013,Broj,jezero,M,serbian,412
2013,Broj,jezero,Ž,serbian,370
2013,Broj,kalinovik,Oba spola,serbian,1907
2013,Broj,kalinovik,M,serbian,924
2013,Broj,kalinovik,Ž,serbian,983
2013,Broj,knezevo,Oba spola,serbian,8909
2013,Broj,knezevo,M,serbian,4431
2013,Broj,knezevo,Ž,serbian,4478
2013,Broj,kozarska_dubica,Oba spola,serbian,18376
2013,Broj,kozarska_dubica,M,serbian,9029
2013,Broj,kozarska_dubica,Ž,serbian,9347
2013,Broj,kostajnica,Oba spola,serbian,4175
2013,Broj,kostajnica,M,serbian,2078
2013,Broj,kostajnica,Ž,serbian,2097
2013,Broj,kotor_varos,Oba spola,serbian,12926
2013,Broj,kotor_varos,M,serbian,6387
2013,Broj,kotor_varos,Ž,serbian,6539
2013,Broj,krupa_na_uni,Oba spola,serbian,1554
2013,Broj,krupa_na_uni,M,serbian,840
2013,Broj,krupa_na_uni,Ž,serbian,714
2013,Broj,kupres,Oba spola,serbian,290
2013,Broj,kupres,M,serbian,155
2013,Broj,kupres,Ž,serbian,135
2013,Broj,laktasi,Oba spola,serbian,33263
2013,Broj,laktasi,M,serbian,16465
2013,Broj,laktasi,Ž,serbian,16798
2013,Broj,lopare,Oba spola,serbian,13299
2013,Broj,lopare,M,serbian,6707
2013,Broj,lopare,Ž,serbian,6592
2013,Broj,ljubinje,Oba spola,serbian,3295
2013,Broj,ljubinje,M,serbian,1623
2013,Broj,ljubinje,Ž,serbian,1672
2013,Broj,milici,Oba spola,serbian,6880
2013,Broj,milici,M,serbian,3495
2013,Broj,milici,Ž,serbian,3385
2013,Broj,modrica,Oba spola,serbian,19633
2013,Broj,modrica,M,serbian,9640
2013,Broj,modrica,Ž,serbian,9993
2013,Broj,mrkonjic_grad,Oba spola,serbian,15370
2013,Broj,mrkonjic_grad,M,serbian,7392
2013,Broj,mrkonjic_grad,Ž,serbian,7978
2013,Broj,nevesinje,Oba spola,serbian,11987
2013,Broj,nevesinje,M,serbian,5961
2013,Broj,nevesinje,Ž,serbian,6026
2013,Broj,novi_grad,Oba spola,serbian,19602
2013,Broj,novi_grad,M,serbian,9805
2013,Broj,novi_grad,Ž,serbian,9797
2013,Broj,novo_gorazde,Oba spola,serbian,1564
2013,Broj,novo_gorazde,M,serbian,823
2013,Broj,novo_gorazde,Ž,serbian,741
2013,Broj,osmaci,Oba spola,serbian,2850
2013,Broj,osmaci,M,serbian,1452
2013,Broj,osmaci,Ž,serbian,1398
2013,Broj,ostra_luka,Oba spola,serbian,2540
2013,Broj,ostra_luka,M,serbian,1309
2013,Broj,ostra_luka,Ž,serbian,1231
2013,Broj,pale,Oba spola,serbian,20039
2013,Broj,pale,M,serbian,9599
2013,Broj,pale,Ž,serbian,10440
2013,Broj,pelagicevo,Oba spola,serbian,3140
2013,Broj,pelagicevo,M,serbian,1561
2013,Broj,pelagicevo,Ž,serbian,1579
2013,Broj,petrovac,Oba spola,serbian,353
2013,Broj,petrovac,M,serbian,169
2013,Broj,petrovac,Ž,serbian,184
2013,Broj,petrovo,Oba spola,serbian,6252
2013,Broj,petrovo,M,serbian,3020
2013,Broj,petrovo,Ž,serbian,3232
2013,Broj,grad_prijedor,Oba spola,serbian,55452
2013,Broj,grad_prijedor,M,serbian,27205
2013,Broj,grad_prijedor,Ž,serbian,28247
2013,Broj,prnjavor,Oba spola,serbian,30213
2013,Broj,prnjavor,M,serbian,14687
2013,Broj,prnjavor,Ž,serbian,15526
2013,Broj,ribnik,Oba spola,serbian,5830
2013,Broj,ribnik,M,serbian,2891
2013,Broj,ribnik,Ž,serbian,2939
2013,Broj,rogatica,Oba spola,serbian,9233
2013,Broj,rogatica,M,serbian,4508
2013,Broj,rogatica,Ž,serbian,4725
2013,Broj,rudo,Oba spola,serbian,6979
2013,Broj,rudo,M,serbian,3527
2013,Broj,rudo,Ž,serbian,3452
2013,Broj,sokolac,Oba spola,serbian,10911
2013,Broj,sokolac,M,serbian,5366
2013,Broj,sokolac,Ž,serbian,5545
2013,Broj,srbac,Oba spola,serbian,16269
2013,Broj,srbac,M,serbian,7994
2013,Broj,srbac,Ž,serbian,8275
2013,Broj,srebrenica,Oba spola,serbian,5469
2013,Broj,srebrenica,M,serbian,2745
2013,Broj,srebrenica,Ž,serbian,2724
2013,Broj,teslic,Oba spola,serbian,28458
2013,Broj,teslic,M,serbian,13628
2013,Broj,teslic,Ž,serbian,14830
2013,Broj,grad_trebinje,Oba spola,serbian,26940
2013,Broj,grad_trebinje,M,serbian,13155
2013,Broj,grad_trebinje,Ž,serbian,13785
2013,Broj,trnovo,Oba spola,serbian,1141
2013,Broj,trnovo,M,serbian,537
2013,Broj,trnovo,Ž,serbian,604
2013,Broj,ugljevik,Oba spola,serbian,13052
2013,Broj,ugljevik,M,serbian,6622
2013,Broj,ugljevik,Ž,serbian,6430
2013,Broj,foca,Oba spola,serbian,16299
2013,Broj,foca,M,serbian,8200
2013,Broj,foca,Ž,serbian,8099
2013,Broj,han_pijesak,Oba spola,serbian,3002
2013,Broj,han_pijesak,M,serbian,1415
2013,Broj,han_pijesak,Ž,serbian,1587
2013,Broj,cajnice,Oba spola,serbian,3820
2013,Broj,cajnice,M,serbian,1898
2013,Broj,cajnice,Ž,serbian,1922
2013,Broj,celinac,Oba spola,serbian,14622
2013,Broj,celinac,M,serbian,7247
2013,Broj,celinac,Ž,serbian,7375
2013,Broj,samac,Oba spola,serbian,12894
2013,Broj,samac,M,serbian,6289
2013,Broj,samac,Ž,serbian,6605
2013,Broj,sekovici,Oba spola,serbian,6196
2013,Broj,sekovici,M,serbian,3044
2013,Broj,sekovici,Ž,serbian,3152
2013,Broj,sipovo,Oba spola,serbian,9332
2013,Broj,sipovo,M,serbian,4725
2013,Broj,sipovo,Ž,serbian,4607
2013,Broj,republika_srpska,Oba spola,other_language,17824
2013,Broj,republika_srpska,M,other_language,8017
2013,Broj,republika_srpska,Ž,other_language,9807
2013,Broj,grad_banja_luka,Oba spola,other_language,5207
2013,Broj,grad_banja_luka,M,other_language,2214
2013,Broj,grad_banja_luka,Ž,other_language,2993
2013,Broj,berkovici,Oba spola,other_language,5
2013,Broj,berkovici,M,other_language,2
2013,Broj,berkovici,Ž,other_language,3
2013,Broj,grad_bijeljina,Oba spola,other_language,1418
2013,Broj,grad_bijeljina,M,other_language,673
2013,Broj,grad_bijeljina,Ž,other_language,745
2013,Broj,bileca,Oba spola,other_language,32
2013,Broj,bileca,M,other_language,18
2013,Broj,bileca,Ž,other_language,14
2013,Broj,bratunac,Oba spola,other_language,69
2013,Broj,bratunac,M,other_language,33
2013,Broj,bratunac,Ž,other_language,36
2013,Broj,brod,Oba spola,other_language,283
2013,Broj,brod,M,other_language,111
2013,Broj,brod,Ž,other_language,172
2013,Broj,visegrad,Oba spola,other_language,66
2013,Broj,visegrad,M,other_language,32
2013,Broj,visegrad,Ž,other_language,34
2013,Broj,vlasenica,Oba spola,other_language,89
2013,Broj,vlasenica,M,other_language,36
2013,Broj,vlasenica,Ž,other_language,53
2013,Broj,vukosavlje,Oba spola,other_language,116
2013,Broj,vukosavlje,M,other_language,68
2013,Broj,vukosavlje,Ž,other_language,48
2013,Broj,gacko,Oba spola,other_language,9
2013,Broj,gacko,M,other_language,5
2013,Broj,gacko,Ž,other_language,4
2013,Broj,grad_gradiska,Oba spola,other_language,1025
2013,Broj,grad_gradiska,M,other_language,481
2013,Broj,grad_gradiska,Ž,other_language,544
2013,Broj,grad_derventa,Oba spola,other_language,447
2013,Broj,grad_derventa,M,other_language,196
2013,Broj,grad_derventa,Ž,other_language,251
2013,Broj,grad_doboj,Oba spola,other_language,1380
2013,Broj,grad_doboj,M,other_language,644
2013,Broj,grad_doboj,Ž,other_language,736
2013,Broj,donji_zabar,Oba spola,other_language,15
2013,Broj,donji_zabar,M,other_language,4
2013,Broj,donji_zabar,Ž,other_language,11
2013,Broj,grad_zvornik,Oba spola,other_language,116
2013,Broj,grad_zvornik,M,other_language,48
2013,Broj,grad_zvornik,Ž,other_language,68
2013,Broj,istocna_ilidza,Oba spola,other_language,125
2013,Broj,istocna_ilidza,M,other_language,50
2013,Broj,istocna_ilidza,Ž,other_language,75
2013,Broj,istocni_drvar,Oba spola,other_language,0
2013,Broj,istocni_drvar,M,other_language,0
2013,Broj,istocni_drvar,Ž,other_language,0
2013,Broj,istocni_mostar,Oba spola,other_language,0
2013,Broj,istocni_mostar,M,other_language,0
2013,Broj,istocni_mostar,Ž,other_language,0
2013,Broj,istocni_stari_grad,Oba spola,other_language,6
2013,Broj,istocni_stari_grad,M,other_language,2
2013,Broj,istocni_stari_grad,Ž,other_language,4
2013,Broj,istocno_novo_sarajevo,Oba spola,other_language,199
2013,Broj,istocno_novo_sarajevo,M,other_language,86
2013,Broj,istocno_novo_sarajevo,Ž,other_language,113
2013,Broj,jezero,Oba spola,other_language,1
2013,Broj,jezero,M,other_language,1
2013,Broj,jezero,Ž,other_language,0
2013,Broj,kalinovik,Oba spola,other_language,11
2013,Broj,kalinovik,M,other_language,8
2013,Broj,kalinovik,Ž,other_language,3
2013,Broj,knezevo,Oba spola,other_language,30
2013,Broj,knezevo,M,other_language,8
2013,Broj,knezevo,Ž,other_language,22
2013,Broj,kozarska_dubica,Oba spola,other_language,209
2013,Broj,kozarska_dubica,M,other_language,89
2013,Broj,kozarska_dubica,Ž,other_language,120
2013,Broj,kostajnica,Oba spola,other_language,112
2013,Broj,kostajnica,M,other_language,51
2013,Broj,kostajnica,Ž,other_language,61
2013,Broj,kotor_varos,Oba spola,other_language,181
2013,Broj,kotor_varos,M,other_language,75
2013,Broj,kotor_varos,Ž,other_language,106
2013,Broj,krupa_na_uni,Oba spola,other_language,0
2013,Broj,krupa_na_uni,M,other_language,0
2013,Broj,krupa_na_uni,Ž,other_language,0
2013,Broj,kupres,Oba spola,other_language,3
2013,Broj,kupres,M,other_language,2
2013,Broj,kupres,Ž,other_language,1
2013,Broj,laktasi,Oba spola,other_language,578
2013,Broj,laktasi,M,other_language,286
2013,Broj,laktasi,Ž,other_language,292
2013,Broj,lopare,Oba spola,other_language,28
2013,Broj,lopare,M,other_language,9
2013,Broj,lopare,Ž,other_language,19
2013,Broj,ljubinje,Oba spola,other_language,3
2013,Broj,ljubinje,M,other_language,1
2013,Broj,ljubinje,Ž,other_language,2
2013,Broj,milici,Oba spola,other_language,9
2013,Broj,milici,M,other_language,1
2013,Broj,milici,Ž,other_language,8
2013,Broj,modrica,Oba spola,other_language,470
2013,Broj,modrica,M,other_language,208
2013,Broj,modrica,Ž,other_language,262
2013,Broj,mrkonjic_grad,Oba spola,other_language,97
2013,Broj,mrkonjic_grad,M,other_language,52
2013,Broj,mrkonjic_grad,Ž,other_language,45
2013,Broj,nevesinje,Oba spola,other_language,17
2013,Broj,nevesinje,M,other_language,4
2013,Broj,nevesinje,Ž,other_language,13
2013,Broj,novi_grad,Oba spola,other_language,263
2013,Broj,novi_grad,M,other_language,108
2013,Broj,novi_grad,Ž,other_language,155
2013,Broj,novo_gorazde,Oba spola,other_language,4
2013,Broj,novo_gorazde,M,other_language,3
2013,Broj,novo_gorazde,Ž,other_language,1
2013,Broj,osmaci,Oba spola,other_language,8
2013,Broj,osmaci,M,other_language,1
2013,Broj,osmaci,Ž,other_language,7
2013,Broj,ostra_luka,Oba spola,other_language,32
2013,Broj,ostra_luka,M,other_language,16
2013,Broj,ostra_luka,Ž,other_language,16
2013,Broj,pale,Oba spola,other_language,108
2013,Broj,pale,M,other_language,42
2013,Broj,pale,Ž,other_language,66
2013,Broj,pelagicevo,Oba spola,other_language,30
2013,Broj,pelagicevo,M,other_language,12
2013,Broj,pelagicevo,Ž,other_language,18
2013,Broj,petrovac,Oba spola,other_language,1
2013,Broj,petrovac,M,other_language,0
2013,Broj,petrovac,Ž,other_language,1
2013,Broj,petrovo,Oba spola,other_language,41
2013,Broj,petrovo,M,other_language,15
2013,Broj,petrovo,Ž,other_language,26
2013,Broj,grad_prijedor,Oba spola,other_language,1883
2013,Broj,grad_prijedor,M,other_language,879
2013,Broj,grad_prijedor,Ž,other_language,1004
2013,Broj,prnjavor,Oba spola,other_language,1131
2013,Broj,prnjavor,M,other_language,565
2013,Broj,prnjavor,Ž,other_language,566
2013,Broj,ribnik,Oba spola,other_language,13
2013,Broj,ribnik,M,other_language,5
2013,Broj,ribnik,Ž,other_language,8
2013,Broj,rogatica,Oba spola,other_language,35
2013,Broj,rogatica,M,other_language,17
2013,Broj,rogatica,Ž,other_language,18
2013,Broj,rudo,Oba spola,other_language,8
2013,Broj,rudo,M,other_language,3
2013,Broj,rudo,Ž,other_language,5
2013,Broj,sokolac,Oba spola,other_language,35
2013,Broj,sokolac,M,other_language,9
2013,Broj,sokolac,Ž,other_language,26
2013,Broj,srbac,Oba spola,other_language,180
2013,Broj,srbac,M,other_language,91
2013,Broj,srbac,Ž,other_language,89
2013,Broj,srebrenica,Oba spola,other_language,49
2013,Broj,srebrenica,M,other_language,32
2013,Broj,srebrenica,Ž,other_language,17
2013,Broj,teslic,Oba spola,other_language,864
2013,Broj,teslic,M,other_language,390
2013,Broj,teslic,Ž,other_language,474
2013,Broj,grad_trebinje,Oba spola,other_language,269
2013,Broj,grad_trebinje,M,other_language,101
2013,Broj,grad_trebinje,Ž,other_language,168
2013,Broj,trnovo,Oba spola,other_language,8
2013,Broj,trnovo,M,other_language,5
2013,Broj,trnovo,Ž,other_language,3
2013,Broj,ugljevik,Oba spola,other_language,36
2013,Broj,ugljevik,M,other_language,15
2013,Broj,ugljevik,Ž,other_language,21
2013,Broj,foca,Oba spola,other_language,63
2013,Broj,foca,M,other_language,35
2013,Broj,foca,Ž,other_language,28
2013,Broj,han_pijesak,Oba spola,other_language,7
2013,Broj,han_pijesak,M,other_language,6
2013,Broj,han_pijesak,Ž,other_language,1
2013,Broj,cajnice,Oba spola,other_language,12
2013,Broj,cajnice,M,other_language,6
2013,Broj,cajnice,Ž,other_language,6
2013,Broj,celinac,Oba spola,other_language,74
2013,Broj,celinac,M,other_language,26
2013,Broj,celinac,Ž,other_language,48
2013,Broj,samac,Oba spola,other_language,277
2013,Broj,samac,M,other_language,116
2013,Broj,samac,Ž,other_language,161
2013,Broj,sekovici,Oba spola,other_language,11
2013,Broj,sekovici,M,other_language,4
2013,Broj,sekovici,Ž,other_language,7
2013,Broj,sipovo,Oba spola,other_language,26
2013,Broj,sipovo,M,other_language,17
2013,Broj,sipovo,Ž,other_language,9
2013,Broj,republika_srpska,Oba spola,unknown_language,2502
2013,Broj,republika_srpska,M,unknown_language,1156
2013,Broj,republika_srpska,Ž,unknown_language,1346
2013,Broj,grad_banja_luka,Oba spola,unknown_language,411
2013,Broj,grad_banja_luka,M,unknown_language,189
2013,Broj,grad_banja_luka,Ž,unknown_language,222
2013,Broj,berkovici,Oba spola,unknown_language,2
2013,Broj,berkovici,M,unknown_language,0
2013,Broj,berkovici,Ž,unknown_language,2
2013,Broj,grad_bijeljina,Oba spola,unknown_language,124
2013,Broj,grad_bijeljina,M,unknown_language,51
2013,Broj,grad_bijeljina,Ž,unknown_language,73
2013,Broj,bileca,Oba spola,unknown_language,14
2013,Broj,bileca,M,unknown_language,7
2013,Broj,bileca,Ž,unknown_language,7
2013,Broj,bratunac,Oba spola,unknown_language,46
2013,Broj,bratunac,M,unknown_language,21
2013,Broj,bratunac,Ž,unknown_language,25
2013,Broj,brod,Oba spola,unknown_language,44
2013,Broj,brod,M,unknown_language,20
2013,Broj,brod,Ž,unknown_language,24
2013,Broj,visegrad,Oba spola,unknown_language,178
2013,Broj,visegrad,M,unknown_language,2
2013,Broj,visegrad,Ž,unknown_language,176
2013,Broj,vlasenica,Oba spola,unknown_language,29
2013,Broj,vlasenica,M,unknown_language,14
2013,Broj,vlasenica,Ž,unknown_language,15
2013,Broj,vukosavlje,Oba spola,unknown_language,15
2013,Broj,vukosavlje,M,unknown_language,2
2013,Broj,vukosavlje,Ž,unknown_language,13
2013,Broj,gacko,Oba spola,unknown_language,10
2013,Broj,gacko,M,unknown_language,2
2013,Broj,gacko,Ž,unknown_language,8
2013,Broj,grad_gradiska,Oba spola,unknown_language,85
2013,Broj,grad_gradiska,M,unknown_language,39
2013,Broj,grad_gradiska,Ž,unknown_language,46
2013,Broj,grad_derventa,Oba spola,unknown_language,74
2013,Broj,grad_derventa,M,unknown_language,33
2013,Broj,grad_derventa,Ž,unknown_language,41
2013,Broj,grad_doboj,Oba spola,unknown_language,178
2013,Broj,grad_doboj,M,unknown_language,70
2013,Broj,grad_doboj,Ž,unknown_language,108
2013,Broj,donji_zabar,Oba spola,unknown_language,6
2013,Broj,donji_zabar,M,unknown_language,4
2013,Broj,donji_zabar,Ž,unknown_language,2
2013,Broj,grad_zvornik,Oba spola,unknown_language,119
2013,Broj,grad_zvornik,M,unknown_language,52
2013,Broj,grad_zvornik,Ž,unknown_language,67
2013,Broj,istocna_ilidza,Oba spola,unknown_language,13
2013,Broj,istocna_ilidza,M,unknown_language,7
2013,Broj,istocna_ilidza,Ž,unknown_language,6
2013,Broj,istocni_drvar,Oba spola,unknown_language,0
2013,Broj,istocni_drvar,M,unknown_language,0
2013,Broj,istocni_drvar,Ž,unknown_language,0
2013,Broj,istocni_mostar,Oba spola,unknown_language,3
2013,Broj,istocni_mostar,M,unknown_language,1
2013,Broj,istocni_mostar,Ž,unknown_language,2
2013,Broj,istocni_stari_grad,Oba spola,unknown_language,2
2013,Broj,istocni_stari_grad,M,unknown_language,2
2013,Broj,istocni_stari_grad,Ž,unknown_language,0
2013,Broj,istocno_novo_sarajevo,Oba spola,unknown_language,9
2013,Broj,istocno_novo_sarajevo,M,unknown_language,2
2013,Broj,istocno_novo_sarajevo,Ž,unknown_language,7
2013,Broj,jezero,Oba spola,unknown_language,1
2013,Broj,jezero,M,unknown_language,1
2013,Broj,jezero,Ž,unknown_language,0
2013,Broj,kalinovik,Oba spola,unknown_language,4
2013,Broj,kalinovik,M,unknown_language,2
2013,Broj,kalinovik,Ž,unknown_language,2
2013,Broj,knezevo,Oba spola,unknown_language,8
2013,Broj,knezevo,M,unknown_language,4
2013,Broj,knezevo,Ž,unknown_language,4
2013,Broj,kozarska_dubica,Oba spola,unknown_language,23
2013,Broj,kozarska_dubica,M,unknown_language,10
2013,Broj,kozarska_dubica,Ž,unknown_language,13
2013,Broj,kostajnica,Oba spola,unknown_language,3
2013,Broj,kostajnica,M,unknown_language,1
2013,Broj,kostajnica,Ž,unknown_language,2
2013,Broj,kotor_varos,Oba spola,unknown_language,23
2013,Broj,kotor_varos,M,unknown_language,15
2013,Broj,kotor_varos,Ž,unknown_language,8
2013,Broj,krupa_na_uni,Oba spola,unknown_language,0
2013,Broj,krupa_na_uni,M,unknown_language,0
2013,Broj,krupa_na_uni,Ž,unknown_language,0
2013,Broj,kupres,Oba spola,unknown_language,0
2013,Broj,kupres,M,unknown_language,0
2013,Broj,kupres,Ž,unknown_language,0
2013,Broj,laktasi,Oba spola,unknown_language,82
2013,Broj,laktasi,M,unknown_language,36
2013,Broj,laktasi,Ž,unknown_language,46
2013,Broj,lopare,Oba spola,unknown_language,24
2013,Broj,lopare,M,unknown_language,12
2013,Broj,lopare,Ž,unknown_language,12
2013,Broj,ljubinje,Oba spola,unknown_language,4
2013,Broj,ljubinje,M,unknown_language,2
2013,Broj,ljubinje,Ž,unknown_language,2
2013,Broj,milici,Oba spola,unknown_language,11
2013,Broj,milici,M,unknown_language,4
2013,Broj,milici,Ž,unknown_language,7
2013,Broj,modrica,Oba spola,unknown_language,133
2013,Broj,modrica,M,unknown_language,71
2013,Broj,modrica,Ž,unknown_language,62
2013,Broj,mrkonjic_grad,Oba spola,unknown_language,16
2013,Broj,mrkonjic_grad,M,unknown_language,7
2013,Broj,mrkonjic_grad,Ž,unknown_language,9
2013,Broj,nevesinje,Oba spola,unknown_language,17
2013,Broj,nevesinje,M,unknown_language,5
2013,Broj,nevesinje,Ž,unknown_language,12
2013,Broj,novi_grad,Oba spola,unknown_language,36
2013,Broj,novi_grad,M,unknown_language,20
2013,Broj,novi_grad,Ž,unknown_language,16
2013,Broj,novo_gorazde,Oba spola,unknown_language,8
2013,Broj,novo_gorazde,M,unknown_language,3
2013,Broj,novo_gorazde,Ž,unknown_language,5
2013,Broj,osmaci,Oba spola,unknown_language,5
2013,Broj,osmaci,M,unknown_language,2
2013,Broj,osmaci,Ž,unknown_language,3
2013,Broj,ostra_luka,Oba spola,unknown_language,2
2013,Broj,ostra_luka,M,unknown_language,2
2013,Broj,ostra_luka,Ž,unknown_language,0
2013,Broj,pale,Oba spola,unknown_language,11
2013,Broj,pale,M,unknown_language,8
2013,Broj,pale,Ž,unknown_language,3
2013,Broj,pelagicevo,Oba spola,unknown_language,5
2013,Broj,pelagicevo,M,unknown_language,1
2013,Broj,pelagicevo,Ž,unknown_language,4
2013,Broj,petrovac,Oba spola,unknown_language,0
2013,Broj,petrovac,M,unknown_language,0
2013,Broj,petrovac,Ž,unknown_language,0
2013,Broj,petrovo,Oba spola,unknown_language,5
2013,Broj,petrovo,M,unknown_language,2
2013,Broj,petrovo,Ž,unknown_language,3
2013,Broj,grad_prijedor,Oba spola,unknown_language,394
2013,Broj,grad_prijedor,M,unknown_language,269
2013,Broj,grad_prijedor,Ž,unknown_language,125
2013,Broj,prnjavor,Oba spola,unknown_language,50
2013,Broj,prnjavor,M,unknown_language,20
2013,Broj,prnjavor,Ž,unknown_language,30
2013,Broj,ribnik,Oba spola,unknown_language,3
2013,Broj,ribnik,M,unknown_language,3
2013,Broj,ribnik,Ž,unknown_language,0
2013,Broj,rogatica,Oba spola,unknown_language,5
2013,Broj,rogatica,M,unknown_language,2
2013,Broj,rogatica,Ž,unknown_language,3
2013,Broj,rudo,Oba spola,unknown_language,5
2013,Broj,rudo,M,unknown_language,2
2013,Broj,rudo,Ž,unknown_language,3
2013,Broj,sokolac,Oba spola,unknown_language,21
2013,Broj,sokolac,M,unknown_language,7
2013,Broj,sokolac,Ž,unknown_language,14
2013,Broj,srbac,Oba spola,unknown_language,41
2013,Broj,srbac,M,unknown_language,21
2013,Broj,srbac,Ž,unknown_language,20
2013,Broj,srebrenica,Oba spola,unknown_language,29
2013,Broj,srebrenica,M,unknown_language,14
2013,Broj,srebrenica,Ž,unknown_language,15
2013,Broj,teslic,Oba spola,unknown_language,58
2013,Broj,teslic,M,unknown_language,27
2013,Broj,teslic,Ž,unknown_language,31
2013,Broj,grad_trebinje,Oba spola,unknown_language,21
2013,Broj,grad_trebinje,M,unknown_language,13
2013,Broj,grad_trebinje,Ž,unknown_language,8
2013,Broj,trnovo,Oba spola,unknown_language,1
2013,Broj,trnovo,M,unknown_language,0
2013,Broj,trnovo,Ž,unknown_language,1
2013,Broj,ugljevik,Oba spola,unknown_language,16
2013,Broj,ugljevik,M,unknown_language,13
2013,Broj,ugljevik,Ž,unknown_language,3
2013,Broj,foca,Oba spola,unknown_language,17
2013,Broj,foca,M,unknown_language,9
2013,Broj,foca,Ž,unknown_language,8
2013,Broj,han_pijesak,Oba spola,unknown_language,0
2013,Broj,han_pijesak,M,unknown_language,0
2013,Broj,han_pijesak,Ž,unknown_language,0
2013,Broj,cajnice,Oba spola,unknown_language,5
2013,Broj,cajnice,M,unknown_language,2
2013,Broj,cajnice,Ž,unknown_language,3
2013,Broj,celinac,Oba spola,unknown_language,15
2013,Broj,celinac,M,unknown_language,7
2013,Broj,celinac,Ž,unknown_language,8
2013,Broj,samac,Oba spola,unknown_language,21
2013,Broj,samac,M,unknown_language,12
2013,Broj,samac,Ž,unknown_language,9
2013,Broj,sekovici,Oba spola,unknown_language,9
2013,Broj,sekovici,M,unknown_language,3
2013,Broj,sekovici,Ž,unknown_language,6
2013,Broj,sipovo,Oba spola,unknown_language,8
2013,Broj,sipovo,M,unknown_language,6
2013,Broj,sipovo,Ž,unknown_language,2
