Year,UNIT_MEASURE,Administrativna oblast,Pol,Mother tounge,Value
2013,Broj,Republika Srpska,Oba pola,Ukupno,1170342
2013,Broj,Republika Srpska,M,Ukupno,571812
2013,Broj,Republika Srpska,Ž,Ukupno,598530
2013,Broj,Grad Banja Luka,Oba pola,Ukupno,180053
2013,Broj,Grad Banja Luka,M,Ukupno,86510
2013,Broj,Grad Banja Luka,Ž,Ukupno,93543
2013,Broj,Berkovići,Oba pola,Ukupno,2041
2013,Broj,Berkovići,M,Ukupno,1032
2013,Broj,Berkovići,Ž,Ukupno,1009
2013,Broj,Grad Bijeljina,Oba pola,Ukupno,103874
2013,Broj,Grad Bijeljina,M,Ukupno,50760
2013,Broj,Grad Bijeljina,Ž,Ukupno,53114
2013,Broj,Bileća,Oba pola,Ukupno,10607
2013,Broj,Bileća,M,Ukupno,5346
2013,Broj,Bileća,Ž,Ukupno,5261
2013,Broj,Bratunac,Oba pola,Ukupno,18651
2013,Broj,Bratunac,M,Ukupno,9210
2013,Broj,Bratunac,Ž,Ukupno,9441
2013,Broj,Brod,Oba pola,Ukupno,15720
2013,Broj,Brod,M,Ukupno,7670
2013,Broj,Brod,Ž,Ukupno,8050
2013,Broj,Višegrad,Oba pola,Ukupno,10118
2013,Broj,Višegrad,M,Ukupno,4834
2013,Broj,Višegrad,Ž,Ukupno,5284
2013,Broj,Vlasenica,Oba pola,Ukupno,10657
2013,Broj,Vlasenica,M,Ukupno,5193
2013,Broj,Vlasenica,Ž,Ukupno,5464
2013,Broj,Vukosavlje,Oba pola,Ukupno,4363
2013,Broj,Vukosavlje,M,Ukupno,2185
2013,Broj,Vukosavlje,Ž,Ukupno,2178
2013,Broj,Gacko,Oba pola,Ukupno,8710
2013,Broj,Gacko,M,Ukupno,4423
2013,Broj,Gacko,Ž,Ukupno,4287
2013,Broj,Grad Gradiška,Oba pola,Ukupno,49196
2013,Broj,Grad Gradiška,M,Ukupno,23944
2013,Broj,Grad Gradiška,Ž,Ukupno,25252
2013,Broj,Grad Derventa,Oba pola,Ukupno,25922
2013,Broj,Grad Derventa,M,Ukupno,12629
2013,Broj,Grad Derventa,Ž,Ukupno,13293
2013,Broj,Grad Doboj,Oba pola,Ukupno,68514
2013,Broj,Grad Doboj,M,Ukupno,33222
2013,Broj,Grad Doboj,Ž,Ukupno,35292
2013,Broj,Donji Žabar,Oba pola,Ukupno,3669
2013,Broj,Donji Žabar,M,Ukupno,1853
2013,Broj,Donji Žabar,Ž,Ukupno,1816
2013,Broj,Grad Zvornik,Oba pola,Ukupno,54407
2013,Broj,Grad Zvornik,M,Ukupno,26803
2013,Broj,Grad Zvornik,Ž,Ukupno,27604
2013,Broj,Istočna Ilidža,Oba pola,Ukupno,14437
2013,Broj,Istočna Ilidža,M,Ukupno,6905
2013,Broj,Istočna Ilidža,Ž,Ukupno,7532
2013,Broj,Istočni Drvar,Oba pola,Ukupno,66
2013,Broj,Istočni Drvar,M,Ukupno,44
2013,Broj,Istočni Drvar,Ž,Ukupno,22
2013,Broj,Istočni Mostar,Oba pola,Ukupno,244
2013,Broj,Istočni Mostar,M,Ukupno,138
2013,Broj,Istočni Mostar,Ž,Ukupno,106
2013,Broj,Istočni Stari Grad,Oba pola,Ukupno,1116
2013,Broj,Istočni Stari Grad,M,Ukupno,552
2013,Broj,Istočni Stari Grad,Ž,Ukupno,564
2013,Broj,Istočno Novo Sarajevo,Oba pola,Ukupno,10401
2013,Broj,Istočno Novo Sarajevo,M,Ukupno,4936
2013,Broj,Istočno Novo Sarajevo,Ž,Ukupno,5465
2013,Broj,Jezero,Oba pola,Ukupno,1039
2013,Broj,Jezero,M,Ukupno,534
2013,Broj,Jezero,Ž,Ukupno,505
2013,Broj,Kalinovik,Oba pola,Ukupno,1962
2013,Broj,Kalinovik,M,Ukupno,950
2013,Broj,Kalinovik,Ž,Ukupno,1012
2013,Broj,Kneževo,Oba pola,Ukupno,9368
2013,Broj,Kneževo,M,Ukupno,4632
2013,Broj,Kneževo,Ž,Ukupno,4736
2013,Broj,Kozarska Dubica,Oba pola,Ukupno,20681
2013,Broj,Kozarska Dubica,M,Ukupno,10094
2013,Broj,Kozarska Dubica,Ž,Ukupno,10587
2013,Broj,Kostajnica,Oba pola,Ukupno,5645
2013,Broj,Kostajnica,M,Ukupno,2780
2013,Broj,Kostajnica,Ž,Ukupno,2865
2013,Broj,Kotor Varoš,Oba pola,Ukupno,18361
2013,Broj,Kotor Varoš,M,Ukupno,9007
2013,Broj,Kotor Varoš,Ž,Ukupno,9354
2013,Broj,Krupa Na Uni,Oba pola,Ukupno,1560
2013,Broj,Krupa Na Uni,M,Ukupno,841
2013,Broj,Krupa Na Uni,Ž,Ukupno,719
2013,Broj,Kupres,Oba pola,Ukupno,293
2013,Broj,Kupres,M,Ukupno,157
2013,Broj,Kupres,Ž,Ukupno,136
2013,Broj,Laktaši,Oba pola,Ukupno,34210
2013,Broj,Laktaši,M,Ukupno,16905
2013,Broj,Laktaši,Ž,Ukupno,17305
2013,Broj,Lopare,Oba pola,Ukupno,14689
2013,Broj,Lopare,M,Ukupno,7377
2013,Broj,Lopare,Ž,Ukupno,7312
2013,Broj,Ljubinje,Oba pola,Ukupno,3319
2013,Broj,Ljubinje,M,Ukupno,1633
2013,Broj,Ljubinje,Ž,Ukupno,1686
2013,Broj,Milići,Oba pola,Ukupno,10445
2013,Broj,Milići,M,Ukupno,5252
2013,Broj,Milići,Ž,Ukupno,5193
2013,Broj,Modriča,Oba pola,Ukupno,24490
2013,Broj,Modriča,M,Ukupno,11969
2013,Broj,Modriča,Ž,Ukupno,12521
2013,Broj,Mrkonjić Grad,Oba pola,Ukupno,15926
2013,Broj,Mrkonjić Grad,M,Ukupno,7660
2013,Broj,Mrkonjić Grad,Ž,Ukupno,8266
2013,Broj,Nevesinje,Oba pola,Ukupno,12542
2013,Broj,Nevesinje,M,Ukupno,6236
2013,Broj,Nevesinje,Ž,Ukupno,6306
2013,Broj,Novi Grad,Oba pola,Ukupno,25240
2013,Broj,Novi Grad,M,Ukupno,12580
2013,Broj,Novi Grad,Ž,Ukupno,12660
2013,Broj,Novo Goražde,Oba pola,Ukupno,2915
2013,Broj,Novo Goražde,M,Ukupno,1500
2013,Broj,Novo Goražde,Ž,Ukupno,1415
2013,Broj,Osmaci,Oba pola,Ukupno,5546
2013,Broj,Osmaci,M,Ukupno,2779
2013,Broj,Osmaci,Ž,Ukupno,2767
2013,Broj,Oštra Luka,Oba pola,Ukupno,2705
2013,Broj,Oštra Luka,M,Ukupno,1386
2013,Broj,Oštra Luka,Ž,Ukupno,1319
2013,Broj,Pale,Oba pola,Ukupno,20359
2013,Broj,Pale,M,Ukupno,9744
2013,Broj,Pale,Ž,Ukupno,10615
2013,Broj,Pelagićevo,Oba pola,Ukupno,4358
2013,Broj,Pelagićevo,M,Ukupno,2151
2013,Broj,Pelagićevo,Ž,Ukupno,2207
2013,Broj,Petrovac,Oba pola,Ukupno,354
2013,Broj,Petrovac,M,Ukupno,169
2013,Broj,Petrovac,Ž,Ukupno,185
2013,Broj,Petrovo,Oba pola,Ukupno,6317
2013,Broj,Petrovo,M,Ukupno,3043
2013,Broj,Petrovo,Ž,Ukupno,3274
2013,Broj,Grad Prijedor,Oba pola,Ukupno,80916
2013,Broj,Grad Prijedor,M,Ukupno,39418
2013,Broj,Grad Prijedor,Ž,Ukupno,41498
2013,Broj,Prnjavor,Oba pola,Ukupno,34357
2013,Broj,Prnjavor,M,Ukupno,16675
2013,Broj,Prnjavor,Ž,Ukupno,17682
2013,Broj,Ribnik,Oba pola,Ukupno,5851
2013,Broj,Ribnik,M,Ukupno,2900
2013,Broj,Ribnik,Ž,Ukupno,2951
2013,Broj,Rogatica,Oba pola,Ukupno,10302
2013,Broj,Rogatica,M,Ukupno,5053
2013,Broj,Rogatica,Ž,Ukupno,5249
2013,Broj,Rudo,Oba pola,Ukupno,7578
2013,Broj,Rudo,M,Ukupno,3840
2013,Broj,Rudo,Ž,Ukupno,3738
2013,Broj,Sokolac,Oba pola,Ukupno,11620
2013,Broj,Sokolac,M,Ukupno,5723
2013,Broj,Sokolac,Ž,Ukupno,5897
2013,Broj,Srbac,Oba pola,Ukupno,16933
2013,Broj,Srbac,M,Ukupno,8295
2013,Broj,Srbac,Ž,Ukupno,8638
2013,Broj,Srebrenica,Oba pola,Ukupno,11698
2013,Broj,Srebrenica,M,Ukupno,5714
2013,Broj,Srebrenica,Ž,Ukupno,5984
2013,Broj,Teslić,Oba pola,Ukupno,37236
2013,Broj,Teslić,M,Ukupno,17894
2013,Broj,Teslić,Ž,Ukupno,19342
2013,Broj,Grad Trebinje,Oba pola,Ukupno,28239
2013,Broj,Grad Trebinje,M,Ukupno,13760
2013,Broj,Grad Trebinje,Ž,Ukupno,14479
2013,Broj,Trnovo,Oba pola,Ukupno,1983
2013,Broj,Trnovo,M,Ukupno,953
2013,Broj,Trnovo,Ž,Ukupno,1030
2013,Broj,Ugljevik,Oba pola,Ukupno,15118
2013,Broj,Ugljevik,M,Ukupno,7626
2013,Broj,Ugljevik,Ž,Ukupno,7492
2013,Broj,Foča,Oba pola,Ukupno,17580
2013,Broj,Foča,M,Ukupno,8880
2013,Broj,Foča,Ž,Ukupno,8700
2013,Broj,Han Pijesak,Oba pola,Ukupno,3445
2013,Broj,Han Pijesak,M,Ukupno,1632
2013,Broj,Han Pijesak,Ž,Ukupno,1813
2013,Broj,Čajniče,Oba pola,Ukupno,4679
2013,Broj,Čajniče,M,Ukupno,2347
2013,Broj,Čajniče,Ž,Ukupno,2332
2013,Broj,Čelinac,Oba pola,Ukupno,15117
2013,Broj,Čelinac,M,Ukupno,7477
2013,Broj,Čelinac,Ž,Ukupno,7640
2013,Broj,Šamac,Oba pola,Ukupno,16308
2013,Broj,Šamac,M,Ukupno,7908
2013,Broj,Šamac,Ž,Ukupno,8400
2013,Broj,Šekovići,Oba pola,Ukupno,6323
2013,Broj,Šekovići,M,Ukupno,3103
2013,Broj,Šekovići,Ž,Ukupno,3220
2013,Broj,Šipovo,Oba pola,Ukupno,9969
2013,Broj,Šipovo,M,Ukupno,5046
2013,Broj,Šipovo,Ž,Ukupno,4923
2013,Broj,Republika Srpska,Oba pola,bosnian,150221
2013,Broj,Republika Srpska,M,bosnian,73026
2013,Broj,Republika Srpska,Ž,bosnian,77195
2013,Broj,Grad Banja Luka,Oba pola,bosnian,6792
2013,Broj,Grad Banja Luka,M,bosnian,3152
2013,Broj,Grad Banja Luka,Ž,bosnian,3640
2013,Broj,Berkovići,Oba pola,bosnian,155
2013,Broj,Berkovići,M,bosnian,87
2013,Broj,Berkovići,Ž,bosnian,68
2013,Broj,Grad Bijeljina,Oba pola,bosnian,11651
2013,Broj,Grad Bijeljina,M,bosnian,5712
2013,Broj,Grad Bijeljina,Ž,bosnian,5939
2013,Broj,Bileća,Oba pola,bosnian,21
2013,Broj,Bileća,M,bosnian,14
2013,Broj,Bileća,Ž,bosnian,7
2013,Broj,Bratunac,Oba pola,bosnian,6596
2013,Broj,Bratunac,M,bosnian,3217
2013,Broj,Bratunac,Ž,bosnian,3379
2013,Broj,Brod,Oba pola,bosnian,1397
2013,Broj,Brod,M,bosnian,680
2013,Broj,Brod,Ž,bosnian,717
2013,Broj,Višegrad,Oba pola,bosnian,887
2013,Broj,Višegrad,M,bosnian,449
2013,Broj,Višegrad,Ž,bosnian,438
2013,Broj,Vlasenica,Oba pola,bosnian,3372
2013,Broj,Vlasenica,M,bosnian,1648
2013,Broj,Vlasenica,Ž,bosnian,1724
2013,Broj,Vukosavlje,Oba pola,bosnian,2098
2013,Broj,Vukosavlje,M,bosnian,1062
2013,Broj,Vukosavlje,Ž,bosnian,1036
2013,Broj,Gacko,Oba pola,bosnian,331
2013,Broj,Gacko,M,bosnian,178
2013,Broj,Gacko,Ž,bosnian,153
2013,Broj,Grad Gradiška,Oba pola,bosnian,6335
2013,Broj,Grad Gradiška,M,bosnian,3083
2013,Broj,Grad Gradiška,Ž,bosnian,3252
2013,Broj,Grad Derventa,Oba pola,bosnian,1791
2013,Broj,Grad Derventa,M,bosnian,857
2013,Broj,Grad Derventa,Ž,bosnian,934
2013,Broj,Grad Doboj,Oba pola,bosnian,14749
2013,Broj,Grad Doboj,M,bosnian,7085
2013,Broj,Grad Doboj,Ž,bosnian,7664
2013,Broj,Donji Žabar,Oba pola,bosnian,11
2013,Broj,Donji Žabar,M,bosnian,3
2013,Broj,Donji Žabar,Ž,bosnian,8
2013,Broj,Grad Zvornik,Oba pola,bosnian,16813
2013,Broj,Grad Zvornik,M,bosnian,8218
2013,Broj,Grad Zvornik,Ž,bosnian,8595
2013,Broj,Istočna Ilidža,Oba pola,bosnian,691
2013,Broj,Istočna Ilidža,M,bosnian,322
2013,Broj,Istočna Ilidža,Ž,bosnian,369
2013,Broj,Istočni Drvar,Oba pola,bosnian,0
2013,Broj,Istočni Drvar,M,bosnian,0
2013,Broj,Istočni Drvar,Ž,bosnian,0
2013,Broj,Istočni Mostar,Oba pola,bosnian,78
2013,Broj,Istočni Mostar,M,bosnian,45
2013,Broj,Istočni Mostar,Ž,bosnian,33
2013,Broj,Istočni Stari Grad,Oba pola,bosnian,44
2013,Broj,Istočni Stari Grad,M,bosnian,27
2013,Broj,Istočni Stari Grad,Ž,bosnian,17
2013,Broj,Istočno Novo Sarajevo,Oba pola,bosnian,71
2013,Broj,Istočno Novo Sarajevo,M,bosnian,29
2013,Broj,Istočno Novo Sarajevo,Ž,bosnian,42
2013,Broj,Jezero,Oba pola,bosnian,252
2013,Broj,Jezero,M,bosnian,118
2013,Broj,Jezero,Ž,bosnian,134
2013,Broj,Kalinovik,Oba pola,bosnian,37
2013,Broj,Kalinovik,M,bosnian,15
2013,Broj,Kalinovik,Ž,bosnian,22
2013,Broj,Kneževo,Oba pola,bosnian,404
2013,Broj,Kneževo,M,bosnian,185
2013,Broj,Kneževo,Ž,bosnian,219
2013,Broj,Kozarska Dubica,Oba pola,bosnian,1922
2013,Broj,Kozarska Dubica,M,bosnian,927
2013,Broj,Kozarska Dubica,Ž,bosnian,995
2013,Broj,Kostajnica,Oba pola,bosnian,1283
2013,Broj,Kostajnica,M,bosnian,626
2013,Broj,Kostajnica,Ž,bosnian,657
2013,Broj,Kotor Varoš,Oba pola,bosnian,4517
2013,Broj,Kotor Varoš,M,bosnian,2173
2013,Broj,Kotor Varoš,Ž,bosnian,2344
2013,Broj,Krupa Na Uni,Oba pola,bosnian,3
2013,Broj,Krupa Na Uni,M,bosnian,1
2013,Broj,Krupa Na Uni,Ž,bosnian,2
2013,Broj,Kupres,Oba pola,bosnian,0
2013,Broj,Kupres,M,bosnian,0
2013,Broj,Kupres,Ž,bosnian,0
2013,Broj,Laktaši,Oba pola,bosnian,112
2013,Broj,Laktaši,M,bosnian,58
2013,Broj,Laktaši,Ž,bosnian,54
2013,Broj,Lopare,Oba pola,bosnian,1315
2013,Broj,Lopare,M,bosnian,648
2013,Broj,Lopare,Ž,bosnian,667
2013,Broj,Ljubinje,Oba pola,bosnian,10
2013,Broj,Ljubinje,M,bosnian,5
2013,Broj,Ljubinje,Ž,bosnian,5
2013,Broj,Milići,Oba pola,bosnian,3541
2013,Broj,Milići,M,bosnian,1751
2013,Broj,Milići,Ž,bosnian,1790
2013,Broj,Modriča,Oba pola,bosnian,3008
2013,Broj,Modriča,M,bosnian,1426
2013,Broj,Modriča,Ž,bosnian,1582
2013,Broj,Mrkonjić Grad,Oba pola,bosnian,358
2013,Broj,Mrkonjić Grad,M,bosnian,172
2013,Broj,Mrkonjić Grad,Ž,bosnian,186
2013,Broj,Nevesinje,Oba pola,bosnian,507
2013,Broj,Nevesinje,M,bosnian,261
2013,Broj,Nevesinje,Ž,bosnian,246
2013,Broj,Novi Grad,Oba pola,bosnian,5260
2013,Broj,Novi Grad,M,bosnian,2630
2013,Broj,Novi Grad,Ž,bosnian,2630
2013,Broj,Novo Goražde,Oba pola,bosnian,1338
2013,Broj,Novo Goražde,M,bosnian,671
2013,Broj,Novo Goražde,Ž,bosnian,667
2013,Broj,Osmaci,Oba pola,bosnian,2680
2013,Broj,Osmaci,M,bosnian,1323
2013,Broj,Osmaci,Ž,bosnian,1357
2013,Broj,Oštra Luka,Oba pola,bosnian,39
2013,Broj,Oštra Luka,M,bosnian,16
2013,Broj,Oštra Luka,Ž,bosnian,23
2013,Broj,Pale,Oba pola,bosnian,170
2013,Broj,Pale,M,bosnian,89
2013,Broj,Pale,Ž,bosnian,81
2013,Broj,Pelagićevo,Oba pola,bosnian,24
2013,Broj,Pelagićevo,M,bosnian,6
2013,Broj,Pelagićevo,Ž,bosnian,18
2013,Broj,Petrovac,Oba pola,bosnian,0
2013,Broj,Petrovac,M,bosnian,0
2013,Broj,Petrovac,Ž,bosnian,0
2013,Broj,Petrovo,Oba pola,bosnian,7
2013,Broj,Petrovo,M,bosnian,4
2013,Broj,Petrovo,Ž,bosnian,3
2013,Broj,Grad Prijedor,Oba pola,bosnian,22548
2013,Broj,Grad Prijedor,M,bosnian,10781
2013,Broj,Grad Prijedor,Ž,bosnian,11767
2013,Broj,Prnjavor,Oba pola,bosnian,2792
2013,Broj,Prnjavor,M,bosnian,1344
2013,Broj,Prnjavor,Ž,bosnian,1448
2013,Broj,Ribnik,Oba pola,bosnian,3
2013,Broj,Ribnik,M,bosnian,1
2013,Broj,Ribnik,Ž,bosnian,2
2013,Broj,Rogatica,Oba pola,bosnian,1022
2013,Broj,Rogatica,M,bosnian,525
2013,Broj,Rogatica,Ž,bosnian,497
2013,Broj,Rudo,Oba pola,bosnian,586
2013,Broj,Rudo,M,bosnian,308
2013,Broj,Rudo,Ž,bosnian,278
2013,Broj,Sokolac,Oba pola,bosnian,645
2013,Broj,Sokolac,M,bosnian,340
2013,Broj,Sokolac,Ž,bosnian,305
2013,Broj,Srbac,Oba pola,bosnian,389
2013,Broj,Srbac,M,bosnian,181
2013,Broj,Srbac,Ž,bosnian,208
2013,Broj,Srebrenica,Oba pola,bosnian,6145
2013,Broj,Srebrenica,M,bosnian,2921
2013,Broj,Srebrenica,Ž,bosnian,3224
2013,Broj,Teslić,Oba pola,bosnian,7090
2013,Broj,Teslić,M,bosnian,3489
2013,Broj,Teslić,Ž,bosnian,3601
2013,Broj,Grad Trebinje,Oba pola,bosnian,860
2013,Broj,Grad Trebinje,M,bosnian,425
2013,Broj,Grad Trebinje,Ž,bosnian,435
2013,Broj,Trnovo,Oba pola,bosnian,820
2013,Broj,Trnovo,M,bosnian,406
2013,Broj,Trnovo,Ž,bosnian,414
2013,Broj,Ugljevik,Oba pola,bosnian,2000
2013,Broj,Ugljevik,M,bosnian,975
2013,Broj,Ugljevik,Ž,bosnian,1025
2013,Broj,Foča,Oba pola,bosnian,1182
2013,Broj,Foča,M,bosnian,633
2013,Broj,Foča,Ž,bosnian,549
2013,Broj,Han Pijesak,Oba pola,bosnian,433
2013,Broj,Han Pijesak,M,bosnian,211
2013,Broj,Han Pijesak,Ž,bosnian,222
2013,Broj,Čajniče,Oba pola,bosnian,839
2013,Broj,Čajniče,M,bosnian,441
2013,Broj,Čajniče,Ž,bosnian,398
2013,Broj,Čelinac,Oba pola,bosnian,391
2013,Broj,Čelinac,M,bosnian,195
2013,Broj,Čelinac,Ž,bosnian,196
2013,Broj,Šamac,Oba pola,bosnian,1110
2013,Broj,Šamac,M,bosnian,527
2013,Broj,Šamac,Ž,bosnian,583
2013,Broj,Šekovići,Oba pola,bosnian,104
2013,Broj,Šekovići,M,bosnian,52
2013,Broj,Šekovići,Ž,bosnian,52
2013,Broj,Šipovo,Oba pola,bosnian,592
2013,Broj,Šipovo,M,bosnian,298
2013,Broj,Šipovo,Ž,bosnian,294
2013,Broj,Republika Srpska,Oba pola,croatian,17315
2013,Broj,Republika Srpska,M,croatian,7870
2013,Broj,Republika Srpska,Ž,croatian,9445
2013,Broj,Grad Banja Luka,Oba pola,croatian,1621
2013,Broj,Grad Banja Luka,M,croatian,586
2013,Broj,Grad Banja Luka,Ž,croatian,1035
2013,Broj,Berkovići,Oba pola,croatian,4
2013,Broj,Berkovići,M,croatian,1
2013,Broj,Berkovići,Ž,croatian,3
2013,Broj,Grad Bijeljina,Oba pola,croatian,134
2013,Broj,Grad Bijeljina,M,croatian,34
2013,Broj,Grad Bijeljina,Ž,croatian,100
2013,Broj,Bileća,Oba pola,croatian,6
2013,Broj,Bileća,M,croatian,0
2013,Broj,Bileća,Ž,croatian,6
2013,Broj,Bratunac,Oba pola,croatian,10
2013,Broj,Bratunac,M,croatian,2
2013,Broj,Bratunac,Ž,croatian,8
2013,Broj,Brod,Oba pola,croatian,2842
2013,Broj,Brod,M,croatian,1369
2013,Broj,Brod,Ž,croatian,1473
2013,Broj,Višegrad,Oba pola,croatian,6
2013,Broj,Višegrad,M,croatian,0
2013,Broj,Višegrad,Ž,croatian,6
2013,Broj,Vlasenica,Oba pola,croatian,7
2013,Broj,Vlasenica,M,croatian,2
2013,Broj,Vlasenica,Ž,croatian,5
2013,Broj,Vukosavlje,Oba pola,croatian,663
2013,Broj,Vukosavlje,M,croatian,326
2013,Broj,Vukosavlje,Ž,croatian,337
2013,Broj,Gacko,Oba pola,croatian,4
2013,Broj,Gacko,M,croatian,4
2013,Broj,Gacko,Ž,croatian,0
2013,Broj,Grad Gradiška,Oba pola,croatian,358
2013,Broj,Grad Gradiška,M,croatian,120
2013,Broj,Grad Gradiška,Ž,croatian,238
2013,Broj,Grad Derventa,Oba pola,croatian,1861
2013,Broj,Grad Derventa,M,croatian,950
2013,Broj,Grad Derventa,Ž,croatian,911
2013,Broj,Grad Doboj,Oba pola,croatian,869
2013,Broj,Grad Doboj,M,croatian,378
2013,Broj,Grad Doboj,Ž,croatian,491
2013,Broj,Donji Žabar,Oba pola,croatian,985
2013,Broj,Donji Žabar,M,croatian,497
2013,Broj,Donji Žabar,Ž,croatian,488
2013,Broj,Grad Zvornik,Oba pola,croatian,29
2013,Broj,Grad Zvornik,M,croatian,2
2013,Broj,Grad Zvornik,Ž,croatian,27
2013,Broj,Istočna Ilidža,Oba pola,croatian,76
2013,Broj,Istočna Ilidža,M,croatian,24
2013,Broj,Istočna Ilidža,Ž,croatian,52
2013,Broj,Istočni Drvar,Oba pola,croatian,1
2013,Broj,Istočni Drvar,M,croatian,0
2013,Broj,Istočni Drvar,Ž,croatian,1
2013,Broj,Istočni Mostar,Oba pola,croatian,11
2013,Broj,Istočni Mostar,M,croatian,8
2013,Broj,Istočni Mostar,Ž,croatian,3
2013,Broj,Istočni Stari Grad,Oba pola,croatian,1
2013,Broj,Istočni Stari Grad,M,croatian,0
2013,Broj,Istočni Stari Grad,Ž,croatian,1
2013,Broj,Istočno Novo Sarajevo,Oba pola,croatian,44
2013,Broj,Istočno Novo Sarajevo,M,croatian,14
2013,Broj,Istočno Novo Sarajevo,Ž,croatian,30
2013,Broj,Jezero,Oba pola,croatian,3
2013,Broj,Jezero,M,croatian,2
2013,Broj,Jezero,Ž,croatian,1
2013,Broj,Kalinovik,Oba pola,croatian,3
2013,Broj,Kalinovik,M,croatian,1
2013,Broj,Kalinovik,Ž,croatian,2
2013,Broj,Kneževo,Oba pola,croatian,17
2013,Broj,Kneževo,M,croatian,4
2013,Broj,Kneževo,Ž,croatian,13
2013,Broj,Kozarska Dubica,Oba pola,croatian,151
2013,Broj,Kozarska Dubica,M,croatian,39
2013,Broj,Kozarska Dubica,Ž,croatian,112
2013,Broj,Kostajnica,Oba pola,croatian,72
2013,Broj,Kostajnica,M,croatian,24
2013,Broj,Kostajnica,Ž,croatian,48
2013,Broj,Kotor Varoš,Oba pola,croatian,714
2013,Broj,Kotor Varoš,M,croatian,357
2013,Broj,Kotor Varoš,Ž,croatian,357
2013,Broj,Krupa Na Uni,Oba pola,croatian,3
2013,Broj,Krupa Na Uni,M,croatian,0
2013,Broj,Krupa Na Uni,Ž,croatian,3
2013,Broj,Kupres,Oba pola,croatian,0
2013,Broj,Kupres,M,croatian,0
2013,Broj,Kupres,Ž,croatian,0
2013,Broj,Laktaši,Oba pola,croatian,175
2013,Broj,Laktaši,M,croatian,60
2013,Broj,Laktaši,Ž,croatian,115
2013,Broj,Lopare,Oba pola,croatian,23
2013,Broj,Lopare,M,croatian,1
2013,Broj,Lopare,Ž,croatian,22
2013,Broj,Ljubinje,Oba pola,croatian,7
2013,Broj,Ljubinje,M,croatian,2
2013,Broj,Ljubinje,Ž,croatian,5
2013,Broj,Milići,Oba pola,croatian,4
2013,Broj,Milići,M,croatian,1
2013,Broj,Milići,Ž,croatian,3
2013,Broj,Modriča,Oba pola,croatian,1246
2013,Broj,Modriča,M,croatian,624
2013,Broj,Modriča,Ž,croatian,622
2013,Broj,Mrkonjić Grad,Oba pola,croatian,85
2013,Broj,Mrkonjić Grad,M,croatian,37
2013,Broj,Mrkonjić Grad,Ž,croatian,48
2013,Broj,Nevesinje,Oba pola,croatian,14
2013,Broj,Nevesinje,M,croatian,5
2013,Broj,Nevesinje,Ž,croatian,9
2013,Broj,Novi Grad,Oba pola,croatian,79
2013,Broj,Novi Grad,M,croatian,17
2013,Broj,Novi Grad,Ž,croatian,62
2013,Broj,Novo Goražde,Oba pola,croatian,1
2013,Broj,Novo Goražde,M,croatian,0
2013,Broj,Novo Goražde,Ž,croatian,1
2013,Broj,Osmaci,Oba pola,croatian,3
2013,Broj,Osmaci,M,croatian,1
2013,Broj,Osmaci,Ž,croatian,2
2013,Broj,Oštra Luka,Oba pola,croatian,92
2013,Broj,Oštra Luka,M,croatian,43
2013,Broj,Oštra Luka,Ž,croatian,49
2013,Broj,Pale,Oba pola,croatian,31
2013,Broj,Pale,M,croatian,6
2013,Broj,Pale,Ž,croatian,25
2013,Broj,Pelagićevo,Oba pola,croatian,1159
2013,Broj,Pelagićevo,M,croatian,571
2013,Broj,Pelagićevo,Ž,croatian,588
2013,Broj,Petrovac,Oba pola,croatian,0
2013,Broj,Petrovac,M,croatian,0
2013,Broj,Petrovac,Ž,croatian,0
2013,Broj,Petrovo,Oba pola,croatian,12
2013,Broj,Petrovo,M,croatian,2
2013,Broj,Petrovo,Ž,croatian,10
2013,Broj,Grad Prijedor,Oba pola,croatian,639
2013,Broj,Grad Prijedor,M,croatian,284
2013,Broj,Grad Prijedor,Ž,croatian,355
2013,Broj,Prnjavor,Oba pola,croatian,171
2013,Broj,Prnjavor,M,croatian,59
2013,Broj,Prnjavor,Ž,croatian,112
2013,Broj,Ribnik,Oba pola,croatian,2
2013,Broj,Ribnik,M,croatian,0
2013,Broj,Ribnik,Ž,croatian,2
2013,Broj,Rogatica,Oba pola,croatian,7
2013,Broj,Rogatica,M,croatian,1
2013,Broj,Rogatica,Ž,croatian,6
2013,Broj,Rudo,Oba pola,croatian,0
2013,Broj,Rudo,M,croatian,0
2013,Broj,Rudo,Ž,croatian,0
2013,Broj,Sokolac,Oba pola,croatian,8
2013,Broj,Sokolac,M,croatian,1
2013,Broj,Sokolac,Ž,croatian,7
2013,Broj,Srbac,Oba pola,croatian,54
2013,Broj,Srbac,M,croatian,8
2013,Broj,Srbac,Ž,croatian,46
2013,Broj,Srebrenica,Oba pola,croatian,6
2013,Broj,Srebrenica,M,croatian,2
2013,Broj,Srebrenica,Ž,croatian,4
2013,Broj,Teslić,Oba pola,croatian,766
2013,Broj,Teslić,M,croatian,360
2013,Broj,Teslić,Ž,croatian,406
2013,Broj,Grad Trebinje,Oba pola,croatian,149
2013,Broj,Grad Trebinje,M,croatian,66
2013,Broj,Grad Trebinje,Ž,croatian,83
2013,Broj,Trnovo,Oba pola,croatian,13
2013,Broj,Trnovo,M,croatian,5
2013,Broj,Trnovo,Ž,croatian,8
2013,Broj,Ugljevik,Oba pola,croatian,14
2013,Broj,Ugljevik,M,croatian,1
2013,Broj,Ugljevik,Ž,croatian,13
2013,Broj,Foča,Oba pola,croatian,19
2013,Broj,Foča,M,croatian,3
2013,Broj,Foča,Ž,croatian,16
2013,Broj,Han Pijesak,Oba pola,croatian,3
2013,Broj,Han Pijesak,M,croatian,0
2013,Broj,Han Pijesak,Ž,croatian,3
2013,Broj,Čajniče,Oba pola,croatian,3
2013,Broj,Čajniče,M,croatian,0
2013,Broj,Čajniče,Ž,croatian,3
2013,Broj,Čelinac,Oba pola,croatian,15
2013,Broj,Čelinac,M,croatian,2
2013,Broj,Čelinac,Ž,croatian,13
2013,Broj,Šamac,Oba pola,croatian,2006
2013,Broj,Šamac,M,croatian,964
2013,Broj,Šamac,Ž,croatian,1042
2013,Broj,Šekovići,Oba pola,croatian,3
2013,Broj,Šekovići,M,croatian,0
2013,Broj,Šekovići,Ž,croatian,3
2013,Broj,Šipovo,Oba pola,croatian,11
2013,Broj,Šipovo,M,croatian,0
2013,Broj,Šipovo,Ž,croatian,11
2013,Broj,Republika Srpska,Oba pola,serbian,982480
2013,Broj,Republika Srpska,M,serbian,481743
2013,Broj,Republika Srpska,Ž,serbian,500737
2013,Broj,Grad Banja Luka,Oba pola,serbian,166022
2013,Broj,Grad Banja Luka,M,serbian,80369
2013,Broj,Grad Banja Luka,Ž,serbian,85653
2013,Broj,Berkovići,Oba pola,serbian,1875
2013,Broj,Berkovići,M,serbian,942
2013,Broj,Berkovići,Ž,serbian,933
2013,Broj,Grad Bijeljina,Oba pola,serbian,90547
2013,Broj,Grad Bijeljina,M,serbian,44290
2013,Broj,Grad Bijeljina,Ž,serbian,46257
2013,Broj,Bileća,Oba pola,serbian,10534
2013,Broj,Bileća,M,serbian,5307
2013,Broj,Bileća,Ž,serbian,5227
2013,Broj,Bratunac,Oba pola,serbian,11930
2013,Broj,Bratunac,M,serbian,5937
2013,Broj,Bratunac,Ž,serbian,5993
2013,Broj,Brod,Oba pola,serbian,11154
2013,Broj,Brod,M,serbian,5490
2013,Broj,Brod,Ž,serbian,5664
2013,Broj,Višegrad,Oba pola,serbian,8981
2013,Broj,Višegrad,M,serbian,4351
2013,Broj,Višegrad,Ž,serbian,4630
2013,Broj,Vlasenica,Oba pola,serbian,7160
2013,Broj,Vlasenica,M,serbian,3493
2013,Broj,Vlasenica,Ž,serbian,3667
2013,Broj,Vukosavlje,Oba pola,serbian,1471
2013,Broj,Vukosavlje,M,serbian,727
2013,Broj,Vukosavlje,Ž,serbian,744
2013,Broj,Gacko,Oba pola,serbian,8356
2013,Broj,Gacko,M,serbian,4234
2013,Broj,Gacko,Ž,serbian,4122
2013,Broj,Grad Gradiška,Oba pola,serbian,41393
2013,Broj,Grad Gradiška,M,serbian,20221
2013,Broj,Grad Gradiška,Ž,serbian,21172
2013,Broj,Grad Derventa,Oba pola,serbian,21749
2013,Broj,Grad Derventa,M,serbian,10593
2013,Broj,Grad Derventa,Ž,serbian,11156
2013,Broj,Grad Doboj,Oba pola,serbian,51338
2013,Broj,Grad Doboj,M,serbian,25045
2013,Broj,Grad Doboj,Ž,serbian,26293
2013,Broj,Donji Žabar,Oba pola,serbian,2652
2013,Broj,Donji Žabar,M,serbian,1345
2013,Broj,Donji Žabar,Ž,serbian,1307
2013,Broj,Grad Zvornik,Oba pola,serbian,37330
2013,Broj,Grad Zvornik,M,serbian,18483
2013,Broj,Grad Zvornik,Ž,serbian,18847
2013,Broj,Istočna Ilidža,Oba pola,serbian,13532
2013,Broj,Istočna Ilidža,M,serbian,6502
2013,Broj,Istočna Ilidža,Ž,serbian,7030
2013,Broj,Istočni Drvar,Oba pola,serbian,65
2013,Broj,Istočni Drvar,M,serbian,44
2013,Broj,Istočni Drvar,Ž,serbian,21
2013,Broj,Istočni Mostar,Oba pola,serbian,152
2013,Broj,Istočni Mostar,M,serbian,84
2013,Broj,Istočni Mostar,Ž,serbian,68
2013,Broj,Istočni Stari Grad,Oba pola,serbian,1063
2013,Broj,Istočni Stari Grad,M,serbian,521
2013,Broj,Istočni Stari Grad,Ž,serbian,542
2013,Broj,Istočno Novo Sarajevo,Oba pola,serbian,10078
2013,Broj,Istočno Novo Sarajevo,M,serbian,4805
2013,Broj,Istočno Novo Sarajevo,Ž,serbian,5273
2013,Broj,Jezero,Oba pola,serbian,782
2013,Broj,Jezero,M,serbian,412
2013,Broj,Jezero,Ž,serbian,370
2013,Broj,Kalinovik,Oba pola,serbian,1907
2013,Broj,Kalinovik,M,serbian,924
2013,Broj,Kalinovik,Ž,serbian,983
2013,Broj,Kneževo,Oba pola,serbian,8909
2013,Broj,Kneževo,M,serbian,4431
2013,Broj,Kneževo,Ž,serbian,4478
2013,Broj,Kozarska Dubica,Oba pola,serbian,18376
2013,Broj,Kozarska Dubica,M,serbian,9029
2013,Broj,Kozarska Dubica,Ž,serbian,9347
2013,Broj,Kostajnica,Oba pola,serbian,4175
2013,Broj,Kostajnica,M,serbian,2078
2013,Broj,Kostajnica,Ž,serbian,2097
2013,Broj,Kotor Varoš,Oba pola,serbian,12926
2013,Broj,Kotor Varoš,M,serbian,6387
2013,Broj,Kotor Varoš,Ž,serbian,6539
2013,Broj,Krupa Na Uni,Oba pola,serbian,1554
2013,Broj,Krupa Na Uni,M,serbian,840
2013,Broj,Krupa Na Uni,Ž,serbian,714
2013,Broj,Kupres,Oba pola,serbian,290
2013,Broj,Kupres,M,serbian,155
2013,Broj,Kupres,Ž,serbian,135
2013,Broj,Laktaši,Oba pola,serbian,33263
2013,Broj,Laktaši,M,serbian,16465
2013,Broj,Laktaši,Ž,serbian,16798
2013,Broj,Lopare,Oba pola,serbian,13299
2013,Broj,Lopare,M,serbian,6707
2013,Broj,Lopare,Ž,serbian,6592
2013,Broj,Ljubinje,Oba pola,serbian,3295
2013,Broj,Ljubinje,M,serbian,1623
2013,Broj,Ljubinje,Ž,serbian,1672
2013,Broj,Milići,Oba pola,serbian,6880
2013,Broj,Milići,M,serbian,3495
2013,Broj,Milići,Ž,serbian,3385
2013,Broj,Modriča,Oba pola,serbian,19633
2013,Broj,Modriča,M,serbian,9640
2013,Broj,Modriča,Ž,serbian,9993
2013,Broj,Mrkonjić Grad,Oba pola,serbian,15370
2013,Broj,Mrkonjić Grad,M,serbian,7392
2013,Broj,Mrkonjić Grad,Ž,serbian,7978
2013,Broj,Nevesinje,Oba pola,serbian,11987
2013,Broj,Nevesinje,M,serbian,5961
2013,Broj,Nevesinje,Ž,serbian,6026
2013,Broj,Novi Grad,Oba pola,serbian,19602
2013,Broj,Novi Grad,M,serbian,9805
2013,Broj,Novi Grad,Ž,serbian,9797
2013,Broj,Novo Goražde,Oba pola,serbian,1564
2013,Broj,Novo Goražde,M,serbian,823
2013,Broj,Novo Goražde,Ž,serbian,741
2013,Broj,Osmaci,Oba pola,serbian,2850
2013,Broj,Osmaci,M,serbian,1452
2013,Broj,Osmaci,Ž,serbian,1398
2013,Broj,Oštra Luka,Oba pola,serbian,2540
2013,Broj,Oštra Luka,M,serbian,1309
2013,Broj,Oštra Luka,Ž,serbian,1231
2013,Broj,Pale,Oba pola,serbian,20039
2013,Broj,Pale,M,serbian,9599
2013,Broj,Pale,Ž,serbian,10440
2013,Broj,Pelagićevo,Oba pola,serbian,3140
2013,Broj,Pelagićevo,M,serbian,1561
2013,Broj,Pelagićevo,Ž,serbian,1579
2013,Broj,Petrovac,Oba pola,serbian,353
2013,Broj,Petrovac,M,serbian,169
2013,Broj,Petrovac,Ž,serbian,184
2013,Broj,Petrovo,Oba pola,serbian,6252
2013,Broj,Petrovo,M,serbian,3020
2013,Broj,Petrovo,Ž,serbian,3232
2013,Broj,Grad Prijedor,Oba pola,serbian,55452
2013,Broj,Grad Prijedor,M,serbian,27205
2013,Broj,Grad Prijedor,Ž,serbian,28247
2013,Broj,Prnjavor,Oba pola,serbian,30213
2013,Broj,Prnjavor,M,serbian,14687
2013,Broj,Prnjavor,Ž,serbian,15526
2013,Broj,Ribnik,Oba pola,serbian,5830
2013,Broj,Ribnik,M,serbian,2891
2013,Broj,Ribnik,Ž,serbian,2939
2013,Broj,Rogatica,Oba pola,serbian,9233
2013,Broj,Rogatica,M,serbian,4508
2013,Broj,Rogatica,Ž,serbian,4725
2013,Broj,Rudo,Oba pola,serbian,6979
2013,Broj,Rudo,M,serbian,3527
2013,Broj,Rudo,Ž,serbian,3452
2013,Broj,Sokolac,Oba pola,serbian,10911
2013,Broj,Sokolac,M,serbian,5366
2013,Broj,Sokolac,Ž,serbian,5545
2013,Broj,Srbac,Oba pola,serbian,16269
2013,Broj,Srbac,M,serbian,7994
2013,Broj,Srbac,Ž,serbian,8275
2013,Broj,Srebrenica,Oba pola,serbian,5469
2013,Broj,Srebrenica,M,serbian,2745
2013,Broj,Srebrenica,Ž,serbian,2724
2013,Broj,Teslić,Oba pola,serbian,28458
2013,Broj,Teslić,M,serbian,13628
2013,Broj,Teslić,Ž,serbian,14830
2013,Broj,Grad Trebinje,Oba pola,serbian,26940
2013,Broj,Grad Trebinje,M,serbian,13155
2013,Broj,Grad Trebinje,Ž,serbian,13785
2013,Broj,Trnovo,Oba pola,serbian,1141
2013,Broj,Trnovo,M,serbian,537
2013,Broj,Trnovo,Ž,serbian,604
2013,Broj,Ugljevik,Oba pola,serbian,13052
2013,Broj,Ugljevik,M,serbian,6622
2013,Broj,Ugljevik,Ž,serbian,6430
2013,Broj,Foča,Oba pola,serbian,16299
2013,Broj,Foča,M,serbian,8200
2013,Broj,Foča,Ž,serbian,8099
2013,Broj,Han Pijesak,Oba pola,serbian,3002
2013,Broj,Han Pijesak,M,serbian,1415
2013,Broj,Han Pijesak,Ž,serbian,1587
2013,Broj,Čajniče,Oba pola,serbian,3820
2013,Broj,Čajniče,M,serbian,1898
2013,Broj,Čajniče,Ž,serbian,1922
2013,Broj,Čelinac,Oba pola,serbian,14622
2013,Broj,Čelinac,M,serbian,7247
2013,Broj,Čelinac,Ž,serbian,7375
2013,Broj,Šamac,Oba pola,serbian,12894
2013,Broj,Šamac,M,serbian,6289
2013,Broj,Šamac,Ž,serbian,6605
2013,Broj,Šekovići,Oba pola,serbian,6196
2013,Broj,Šekovići,M,serbian,3044
2013,Broj,Šekovići,Ž,serbian,3152
2013,Broj,Šipovo,Oba pola,serbian,9332
2013,Broj,Šipovo,M,serbian,4725
2013,Broj,Šipovo,Ž,serbian,4607
2013,Broj,Republika Srpska,Oba pola,other_language,17824
2013,Broj,Republika Srpska,M,other_language,8017
2013,Broj,Republika Srpska,Ž,other_language,9807
2013,Broj,Grad Banja Luka,Oba pola,other_language,5207
2013,Broj,Grad Banja Luka,M,other_language,2214
2013,Broj,Grad Banja Luka,Ž,other_language,2993
2013,Broj,Berkovići,Oba pola,other_language,5
2013,Broj,Berkovići,M,other_language,2
2013,Broj,Berkovići,Ž,other_language,3
2013,Broj,Grad Bijeljina,Oba pola,other_language,1418
2013,Broj,Grad Bijeljina,M,other_language,673
2013,Broj,Grad Bijeljina,Ž,other_language,745
2013,Broj,Bileća,Oba pola,other_language,32
2013,Broj,Bileća,M,other_language,18
2013,Broj,Bileća,Ž,other_language,14
2013,Broj,Bratunac,Oba pola,other_language,69
2013,Broj,Bratunac,M,other_language,33
2013,Broj,Bratunac,Ž,other_language,36
2013,Broj,Brod,Oba pola,other_language,283
2013,Broj,Brod,M,other_language,111
2013,Broj,Brod,Ž,other_language,172
2013,Broj,Višegrad,Oba pola,other_language,66
2013,Broj,Višegrad,M,other_language,32
2013,Broj,Višegrad,Ž,other_language,34
2013,Broj,Vlasenica,Oba pola,other_language,89
2013,Broj,Vlasenica,M,other_language,36
2013,Broj,Vlasenica,Ž,other_language,53
2013,Broj,Vukosavlje,Oba pola,other_language,116
2013,Broj,Vukosavlje,M,other_language,68
2013,Broj,Vukosavlje,Ž,other_language,48
2013,Broj,Gacko,Oba pola,other_language,9
2013,Broj,Gacko,M,other_language,5
2013,Broj,Gacko,Ž,other_language,4
2013,Broj,Grad Gradiška,Oba pola,other_language,1025
2013,Broj,Grad Gradiška,M,other_language,481
2013,Broj,Grad Gradiška,Ž,other_language,544
2013,Broj,Grad Derventa,Oba pola,other_language,447
2013,Broj,Grad Derventa,M,other_language,196
2013,Broj,Grad Derventa,Ž,other_language,251
2013,Broj,Grad Doboj,Oba pola,other_language,1380
2013,Broj,Grad Doboj,M,other_language,644
2013,Broj,Grad Doboj,Ž,other_language,736
2013,Broj,Donji Žabar,Oba pola,other_language,15
2013,Broj,Donji Žabar,M,other_language,4
2013,Broj,Donji Žabar,Ž,other_language,11
2013,Broj,Grad Zvornik,Oba pola,other_language,116
2013,Broj,Grad Zvornik,M,other_language,48
2013,Broj,Grad Zvornik,Ž,other_language,68
2013,Broj,Istočna Ilidža,Oba pola,other_language,125
2013,Broj,Istočna Ilidža,M,other_language,50
2013,Broj,Istočna Ilidža,Ž,other_language,75
2013,Broj,Istočni Drvar,Oba pola,other_language,0
2013,Broj,Istočni Drvar,M,other_language,0
2013,Broj,Istočni Drvar,Ž,other_language,0
2013,Broj,Istočni Mostar,Oba pola,other_language,0
2013,Broj,Istočni Mostar,M,other_language,0
2013,Broj,Istočni Mostar,Ž,other_language,0
2013,Broj,Istočni Stari Grad,Oba pola,other_language,6
2013,Broj,Istočni Stari Grad,M,other_language,2
2013,Broj,Istočni Stari Grad,Ž,other_language,4
2013,Broj,Istočno Novo Sarajevo,Oba pola,other_language,199
2013,Broj,Istočno Novo Sarajevo,M,other_language,86
2013,Broj,Istočno Novo Sarajevo,Ž,other_language,113
2013,Broj,Jezero,Oba pola,other_language,1
2013,Broj,Jezero,M,other_language,1
2013,Broj,Jezero,Ž,other_language,0
2013,Broj,Kalinovik,Oba pola,other_language,11
2013,Broj,Kalinovik,M,other_language,8
2013,Broj,Kalinovik,Ž,other_language,3
2013,Broj,Kneževo,Oba pola,other_language,30
2013,Broj,Kneževo,M,other_language,8
2013,Broj,Kneževo,Ž,other_language,22
2013,Broj,Kozarska Dubica,Oba pola,other_language,209
2013,Broj,Kozarska Dubica,M,other_language,89
2013,Broj,Kozarska Dubica,Ž,other_language,120
2013,Broj,Kostajnica,Oba pola,other_language,112
2013,Broj,Kostajnica,M,other_language,51
2013,Broj,Kostajnica,Ž,other_language,61
2013,Broj,Kotor Varoš,Oba pola,other_language,181
2013,Broj,Kotor Varoš,M,other_language,75
2013,Broj,Kotor Varoš,Ž,other_language,106
2013,Broj,Krupa Na Uni,Oba pola,other_language,0
2013,Broj,Krupa Na Uni,M,other_language,0
2013,Broj,Krupa Na Uni,Ž,other_language,0
2013,Broj,Kupres,Oba pola,other_language,3
2013,Broj,Kupres,M,other_language,2
2013,Broj,Kupres,Ž,other_language,1
2013,Broj,Laktaši,Oba pola,other_language,578
2013,Broj,Laktaši,M,other_language,286
2013,Broj,Laktaši,Ž,other_language,292
2013,Broj,Lopare,Oba pola,other_language,28
2013,Broj,Lopare,M,other_language,9
2013,Broj,Lopare,Ž,other_language,19
2013,Broj,Ljubinje,Oba pola,other_language,3
2013,Broj,Ljubinje,M,other_language,1
2013,Broj,Ljubinje,Ž,other_language,2
2013,Broj,Milići,Oba pola,other_language,9
2013,Broj,Milići,M,other_language,1
2013,Broj,Milići,Ž,other_language,8
2013,Broj,Modriča,Oba pola,other_language,470
2013,Broj,Modriča,M,other_language,208
2013,Broj,Modriča,Ž,other_language,262
2013,Broj,Mrkonjić Grad,Oba pola,other_language,97
2013,Broj,Mrkonjić Grad,M,other_language,52
2013,Broj,Mrkonjić Grad,Ž,other_language,45
2013,Broj,Nevesinje,Oba pola,other_language,17
2013,Broj,Nevesinje,M,other_language,4
2013,Broj,Nevesinje,Ž,other_language,13
2013,Broj,Novi Grad,Oba pola,other_language,263
2013,Broj,Novi Grad,M,other_language,108
2013,Broj,Novi Grad,Ž,other_language,155
2013,Broj,Novo Goražde,Oba pola,other_language,4
2013,Broj,Novo Goražde,M,other_language,3
2013,Broj,Novo Goražde,Ž,other_language,1
2013,Broj,Osmaci,Oba pola,other_language,8
2013,Broj,Osmaci,M,other_language,1
2013,Broj,Osmaci,Ž,other_language,7
2013,Broj,Oštra Luka,Oba pola,other_language,32
2013,Broj,Oštra Luka,M,other_language,16
2013,Broj,Oštra Luka,Ž,other_language,16
2013,Broj,Pale,Oba pola,other_language,108
2013,Broj,Pale,M,other_language,42
2013,Broj,Pale,Ž,other_language,66
2013,Broj,Pelagićevo,Oba pola,other_language,30
2013,Broj,Pelagićevo,M,other_language,12
2013,Broj,Pelagićevo,Ž,other_language,18
2013,Broj,Petrovac,Oba pola,other_language,1
2013,Broj,Petrovac,M,other_language,0
2013,Broj,Petrovac,Ž,other_language,1
2013,Broj,Petrovo,Oba pola,other_language,41
2013,Broj,Petrovo,M,other_language,15
2013,Broj,Petrovo,Ž,other_language,26
2013,Broj,Grad Prijedor,Oba pola,other_language,1883
2013,Broj,Grad Prijedor,M,other_language,879
2013,Broj,Grad Prijedor,Ž,other_language,1004
2013,Broj,Prnjavor,Oba pola,other_language,1131
2013,Broj,Prnjavor,M,other_language,565
2013,Broj,Prnjavor,Ž,other_language,566
2013,Broj,Ribnik,Oba pola,other_language,13
2013,Broj,Ribnik,M,other_language,5
2013,Broj,Ribnik,Ž,other_language,8
2013,Broj,Rogatica,Oba pola,other_language,35
2013,Broj,Rogatica,M,other_language,17
2013,Broj,Rogatica,Ž,other_language,18
2013,Broj,Rudo,Oba pola,other_language,8
2013,Broj,Rudo,M,other_language,3
2013,Broj,Rudo,Ž,other_language,5
2013,Broj,Sokolac,Oba pola,other_language,35
2013,Broj,Sokolac,M,other_language,9
2013,Broj,Sokolac,Ž,other_language,26
2013,Broj,Srbac,Oba pola,other_language,180
2013,Broj,Srbac,M,other_language,91
2013,Broj,Srbac,Ž,other_language,89
2013,Broj,Srebrenica,Oba pola,other_language,49
2013,Broj,Srebrenica,M,other_language,32
2013,Broj,Srebrenica,Ž,other_language,17
2013,Broj,Teslić,Oba pola,other_language,864
2013,Broj,Teslić,M,other_language,390
2013,Broj,Teslić,Ž,other_language,474
2013,Broj,Grad Trebinje,Oba pola,other_language,269
2013,Broj,Grad Trebinje,M,other_language,101
2013,Broj,Grad Trebinje,Ž,other_language,168
2013,Broj,Trnovo,Oba pola,other_language,8
2013,Broj,Trnovo,M,other_language,5
2013,Broj,Trnovo,Ž,other_language,3
2013,Broj,Ugljevik,Oba pola,other_language,36
2013,Broj,Ugljevik,M,other_language,15
2013,Broj,Ugljevik,Ž,other_language,21
2013,Broj,Foča,Oba pola,other_language,63
2013,Broj,Foča,M,other_language,35
2013,Broj,Foča,Ž,other_language,28
2013,Broj,Han Pijesak,Oba pola,other_language,7
2013,Broj,Han Pijesak,M,other_language,6
2013,Broj,Han Pijesak,Ž,other_language,1
2013,Broj,Čajniče,Oba pola,other_language,12
2013,Broj,Čajniče,M,other_language,6
2013,Broj,Čajniče,Ž,other_language,6
2013,Broj,Čelinac,Oba pola,other_language,74
2013,Broj,Čelinac,M,other_language,26
2013,Broj,Čelinac,Ž,other_language,48
2013,Broj,Šamac,Oba pola,other_language,277
2013,Broj,Šamac,M,other_language,116
2013,Broj,Šamac,Ž,other_language,161
2013,Broj,Šekovići,Oba pola,other_language,11
2013,Broj,Šekovići,M,other_language,4
2013,Broj,Šekovići,Ž,other_language,7
2013,Broj,Šipovo,Oba pola,other_language,26
2013,Broj,Šipovo,M,other_language,17
2013,Broj,Šipovo,Ž,other_language,9
2013,Broj,Republika Srpska,Oba pola,unknown_language,2502
2013,Broj,Republika Srpska,M,unknown_language,1156
2013,Broj,Republika Srpska,Ž,unknown_language,1346
2013,Broj,Grad Banja Luka,Oba pola,unknown_language,411
2013,Broj,Grad Banja Luka,M,unknown_language,189
2013,Broj,Grad Banja Luka,Ž,unknown_language,222
2013,Broj,Berkovići,Oba pola,unknown_language,2
2013,Broj,Berkovići,M,unknown_language,0
2013,Broj,Berkovići,Ž,unknown_language,2
2013,Broj,Grad Bijeljina,Oba pola,unknown_language,124
2013,Broj,Grad Bijeljina,M,unknown_language,51
2013,Broj,Grad Bijeljina,Ž,unknown_language,73
2013,Broj,Bileća,Oba pola,unknown_language,14
2013,Broj,Bileća,M,unknown_language,7
2013,Broj,Bileća,Ž,unknown_language,7
2013,Broj,Bratunac,Oba pola,unknown_language,46
2013,Broj,Bratunac,M,unknown_language,21
2013,Broj,Bratunac,Ž,unknown_language,25
2013,Broj,Brod,Oba pola,unknown_language,44
2013,Broj,Brod,M,unknown_language,20
2013,Broj,Brod,Ž,unknown_language,24
2013,Broj,Višegrad,Oba pola,unknown_language,178
2013,Broj,Višegrad,M,unknown_language,2
2013,Broj,Višegrad,Ž,unknown_language,176
2013,Broj,Vlasenica,Oba pola,unknown_language,29
2013,Broj,Vlasenica,M,unknown_language,14
2013,Broj,Vlasenica,Ž,unknown_language,15
2013,Broj,Vukosavlje,Oba pola,unknown_language,15
2013,Broj,Vukosavlje,M,unknown_language,2
2013,Broj,Vukosavlje,Ž,unknown_language,13
2013,Broj,Gacko,Oba pola,unknown_language,10
2013,Broj,Gacko,M,unknown_language,2
2013,Broj,Gacko,Ž,unknown_language,8
2013,Broj,Grad Gradiška,Oba pola,unknown_language,85
2013,Broj,Grad Gradiška,M,unknown_language,39
2013,Broj,Grad Gradiška,Ž,unknown_language,46
2013,Broj,Grad Derventa,Oba pola,unknown_language,74
2013,Broj,Grad Derventa,M,unknown_language,33
2013,Broj,Grad Derventa,Ž,unknown_language,41
2013,Broj,Grad Doboj,Oba pola,unknown_language,178
2013,Broj,Grad Doboj,M,unknown_language,70
2013,Broj,Grad Doboj,Ž,unknown_language,108
2013,Broj,Donji Žabar,Oba pola,unknown_language,6
2013,Broj,Donji Žabar,M,unknown_language,4
2013,Broj,Donji Žabar,Ž,unknown_language,2
2013,Broj,Grad Zvornik,Oba pola,unknown_language,119
2013,Broj,Grad Zvornik,M,unknown_language,52
2013,Broj,Grad Zvornik,Ž,unknown_language,67
2013,Broj,Istočna Ilidža,Oba pola,unknown_language,13
2013,Broj,Istočna Ilidža,M,unknown_language,7
2013,Broj,Istočna Ilidža,Ž,unknown_language,6
2013,Broj,Istočni Drvar,Oba pola,unknown_language,0
2013,Broj,Istočni Drvar,M,unknown_language,0
2013,Broj,Istočni Drvar,Ž,unknown_language,0
2013,Broj,Istočni Mostar,Oba pola,unknown_language,3
2013,Broj,Istočni Mostar,M,unknown_language,1
2013,Broj,Istočni Mostar,Ž,unknown_language,2
2013,Broj,Istočni Stari Grad,Oba pola,unknown_language,2
2013,Broj,Istočni Stari Grad,M,unknown_language,2
2013,Broj,Istočni Stari Grad,Ž,unknown_language,0
2013,Broj,Istočno Novo Sarajevo,Oba pola,unknown_language,9
2013,Broj,Istočno Novo Sarajevo,M,unknown_language,2
2013,Broj,Istočno Novo Sarajevo,Ž,unknown_language,7
2013,Broj,Jezero,Oba pola,unknown_language,1
2013,Broj,Jezero,M,unknown_language,1
2013,Broj,Jezero,Ž,unknown_language,0
2013,Broj,Kalinovik,Oba pola,unknown_language,4
2013,Broj,Kalinovik,M,unknown_language,2
2013,Broj,Kalinovik,Ž,unknown_language,2
2013,Broj,Kneževo,Oba pola,unknown_language,8
2013,Broj,Kneževo,M,unknown_language,4
2013,Broj,Kneževo,Ž,unknown_language,4
2013,Broj,Kozarska Dubica,Oba pola,unknown_language,23
2013,Broj,Kozarska Dubica,M,unknown_language,10
2013,Broj,Kozarska Dubica,Ž,unknown_language,13
2013,Broj,Kostajnica,Oba pola,unknown_language,3
2013,Broj,Kostajnica,M,unknown_language,1
2013,Broj,Kostajnica,Ž,unknown_language,2
2013,Broj,Kotor Varoš,Oba pola,unknown_language,23
2013,Broj,Kotor Varoš,M,unknown_language,15
2013,Broj,Kotor Varoš,Ž,unknown_language,8
2013,Broj,Krupa Na Uni,Oba pola,unknown_language,0
2013,Broj,Krupa Na Uni,M,unknown_language,0
2013,Broj,Krupa Na Uni,Ž,unknown_language,0
2013,Broj,Kupres,Oba pola,unknown_language,0
2013,Broj,Kupres,M,unknown_language,0
2013,Broj,Kupres,Ž,unknown_language,0
2013,Broj,Laktaši,Oba pola,unknown_language,82
2013,Broj,Laktaši,M,unknown_language,36
2013,Broj,Laktaši,Ž,unknown_language,46
2013,Broj,Lopare,Oba pola,unknown_language,24
2013,Broj,Lopare,M,unknown_language,12
2013,Broj,Lopare,Ž,unknown_language,12
2013,Broj,Ljubinje,Oba pola,unknown_language,4
2013,Broj,Ljubinje,M,unknown_language,2
2013,Broj,Ljubinje,Ž,unknown_language,2
2013,Broj,Milići,Oba pola,unknown_language,11
2013,Broj,Milići,M,unknown_language,4
2013,Broj,Milići,Ž,unknown_language,7
2013,Broj,Modriča,Oba pola,unknown_language,133
2013,Broj,Modriča,M,unknown_language,71
2013,Broj,Modriča,Ž,unknown_language,62
2013,Broj,Mrkonjić Grad,Oba pola,unknown_language,16
2013,Broj,Mrkonjić Grad,M,unknown_language,7
2013,Broj,Mrkonjić Grad,Ž,unknown_language,9
2013,Broj,Nevesinje,Oba pola,unknown_language,17
2013,Broj,Nevesinje,M,unknown_language,5
2013,Broj,Nevesinje,Ž,unknown_language,12
2013,Broj,Novi Grad,Oba pola,unknown_language,36
2013,Broj,Novi Grad,M,unknown_language,20
2013,Broj,Novi Grad,Ž,unknown_language,16
2013,Broj,Novo Goražde,Oba pola,unknown_language,8
2013,Broj,Novo Goražde,M,unknown_language,3
2013,Broj,Novo Goražde,Ž,unknown_language,5
2013,Broj,Osmaci,Oba pola,unknown_language,5
2013,Broj,Osmaci,M,unknown_language,2
2013,Broj,Osmaci,Ž,unknown_language,3
2013,Broj,Oštra Luka,Oba pola,unknown_language,2
2013,Broj,Oštra Luka,M,unknown_language,2
2013,Broj,Oštra Luka,Ž,unknown_language,0
2013,Broj,Pale,Oba pola,unknown_language,11
2013,Broj,Pale,M,unknown_language,8
2013,Broj,Pale,Ž,unknown_language,3
2013,Broj,Pelagićevo,Oba pola,unknown_language,5
2013,Broj,Pelagićevo,M,unknown_language,1
2013,Broj,Pelagićevo,Ž,unknown_language,4
2013,Broj,Petrovac,Oba pola,unknown_language,0
2013,Broj,Petrovac,M,unknown_language,0
2013,Broj,Petrovac,Ž,unknown_language,0
2013,Broj,Petrovo,Oba pola,unknown_language,5
2013,Broj,Petrovo,M,unknown_language,2
2013,Broj,Petrovo,Ž,unknown_language,3
2013,Broj,Grad Prijedor,Oba pola,unknown_language,394
2013,Broj,Grad Prijedor,M,unknown_language,269
2013,Broj,Grad Prijedor,Ž,unknown_language,125
2013,Broj,Prnjavor,Oba pola,unknown_language,50
2013,Broj,Prnjavor,M,unknown_language,20
2013,Broj,Prnjavor,Ž,unknown_language,30
2013,Broj,Ribnik,Oba pola,unknown_language,3
2013,Broj,Ribnik,M,unknown_language,3
2013,Broj,Ribnik,Ž,unknown_language,0
2013,Broj,Rogatica,Oba pola,unknown_language,5
2013,Broj,Rogatica,M,unknown_language,2
2013,Broj,Rogatica,Ž,unknown_language,3
2013,Broj,Rudo,Oba pola,unknown_language,5
2013,Broj,Rudo,M,unknown_language,2
2013,Broj,Rudo,Ž,unknown_language,3
2013,Broj,Sokolac,Oba pola,unknown_language,21
2013,Broj,Sokolac,M,unknown_language,7
2013,Broj,Sokolac,Ž,unknown_language,14
2013,Broj,Srbac,Oba pola,unknown_language,41
2013,Broj,Srbac,M,unknown_language,21
2013,Broj,Srbac,Ž,unknown_language,20
2013,Broj,Srebrenica,Oba pola,unknown_language,29
2013,Broj,Srebrenica,M,unknown_language,14
2013,Broj,Srebrenica,Ž,unknown_language,15
2013,Broj,Teslić,Oba pola,unknown_language,58
2013,Broj,Teslić,M,unknown_language,27
2013,Broj,Teslić,Ž,unknown_language,31
2013,Broj,Grad Trebinje,Oba pola,unknown_language,21
2013,Broj,Grad Trebinje,M,unknown_language,13
2013,Broj,Grad Trebinje,Ž,unknown_language,8
2013,Broj,Trnovo,Oba pola,unknown_language,1
2013,Broj,Trnovo,M,unknown_language,0
2013,Broj,Trnovo,Ž,unknown_language,1
2013,Broj,Ugljevik,Oba pola,unknown_language,16
2013,Broj,Ugljevik,M,unknown_language,13
2013,Broj,Ugljevik,Ž,unknown_language,3
2013,Broj,Foča,Oba pola,unknown_language,17
2013,Broj,Foča,M,unknown_language,9
2013,Broj,Foča,Ž,unknown_language,8
2013,Broj,Han Pijesak,Oba pola,unknown_language,0
2013,Broj,Han Pijesak,M,unknown_language,0
2013,Broj,Han Pijesak,Ž,unknown_language,0
2013,Broj,Čajniče,Oba pola,unknown_language,5
2013,Broj,Čajniče,M,unknown_language,2
2013,Broj,Čajniče,Ž,unknown_language,3
2013,Broj,Čelinac,Oba pola,unknown_language,15
2013,Broj,Čelinac,M,unknown_language,7
2013,Broj,Čelinac,Ž,unknown_language,8
2013,Broj,Šamac,Oba pola,unknown_language,21
2013,Broj,Šamac,M,unknown_language,12
2013,Broj,Šamac,Ž,unknown_language,9
2013,Broj,Šekovići,Oba pola,unknown_language,9
2013,Broj,Šekovići,M,unknown_language,3
2013,Broj,Šekovići,Ž,unknown_language,6
2013,Broj,Šipovo,Oba pola,unknown_language,8
2013,Broj,Šipovo,M,unknown_language,6
2013,Broj,Šipovo,Ž,unknown_language,2
