Year,UNIT_MEASURE,Administrativno područje,agricultural_households_number,Value
2013,Broj,Republika Srpska,agricultural_households,140960
2013,Broj,Grad Banja Luka,agricultural_households,8832
2013,Broj,Berkovići,agricultural_households,450
2013,Broj,Grad Bijeljina,agricultural_households,10563
2013,Broj,Bileća,agricultural_households,1659
2013,Broj,Bratunac,agricultural_households,3166
2013,Broj,Brod,agricultural_households,1512
2013,Broj,Višegrad,agricultural_households,963
2013,Broj,Vlasenica,agricultural_households,1381
2013,Broj,Vukosavlje,agricultural_households,532
2013,Broj,Gacko,agricultural_households,986
2013,Broj,Grad Gradiška,agricultural_households,6402
2013,Broj,Grad Derventa,agricultural_households,3038
2013,Broj,Grad Doboj,agricultural_households,9221
2013,Broj,Donji Žabar,agricultural_households,617
2013,Broj,Grad Zvornik,agricultural_households,7120
2013,Broj,Istočna Ilidža,agricultural_households,1045
2013,Broj,Istočni Drvar,agricultural_households,11
2013,Broj,Istočni Mostar,agricultural_households,60
2013,Broj,Istočni Stari Grad,agricultural_households,262
2013,Broj,Istočno Novo Sarajevo,agricultural_households,505
2013,Broj,Jezero,agricultural_households,99
2013,Broj,Kalinovik,agricultural_households,365
2013,Broj,Kneževo,agricultural_households,1920
2013,Broj,Kozarska Dubica,agricultural_households,2974
2013,Broj,Kostajnica,agricultural_households,746
2013,Broj,Kotor Varoš,agricultural_households,1826
2013,Broj,Krupa Na Uni,agricultural_households,453
2013,Broj,Kupres,agricultural_households,85
2013,Broj,Laktaši,agricultural_households,3882
2013,Broj,Lopare,agricultural_households,2416
2013,Broj,Ljubinje,agricultural_households,598
2013,Broj,Milići,agricultural_households,1395
2013,Broj,Modriča,agricultural_households,2793
2013,Broj,Mrkonjić Grad,agricultural_households,2540
2013,Broj,Nevesinje,agricultural_households,2062
2013,Broj,Novi Grad,agricultural_households,3770
2013,Broj,Novo Goražde,agricultural_households,431
2013,Broj,Osmaci,agricultural_households,1002
2013,Broj,Oštra Luka,agricultural_households,572
2013,Broj,Pale,agricultural_households,1527
2013,Broj,Pelagićevo,agricultural_households,869
2013,Broj,Petrovac,agricultural_households,54
2013,Broj,Petrovo,agricultural_households,1388
2013,Broj,Grad Prijedor,agricultural_households,8920
2013,Broj,Prnjavor,agricultural_households,6121
2013,Broj,Ribnik,agricultural_households,1579
2013,Broj,Rogatica,agricultural_households,1481
2013,Broj,Rudo,agricultural_households,1466
2013,Broj,Sokolac,agricultural_households,1586
2013,Broj,Srbac,agricultural_households,2852
2013,Broj,Srebrenica,agricultural_households,1905
2013,Broj,Teslić,agricultural_households,7062
2013,Broj,Grad Trebinje,agricultural_households,2485
2013,Broj,Trnovo,agricultural_households,341
2013,Broj,Ugljevik,agricultural_households,2419
2013,Broj,Foča,agricultural_households,1965
2013,Broj,Han Pijesak,agricultural_households,448
2013,Broj,Čajniče,agricultural_households,884
2013,Broj,Čelinac,agricultural_households,2592
2013,Broj,Šamac,agricultural_households,2223
2013,Broj,Šekovići,agricultural_households,890
2013,Broj,Šipovo,agricultural_households,1649
2013,Broj,Republika Srpska,agricultural_selling,25335
2013,Broj,Grad Banja Luka,agricultural_selling,593
2013,Broj,Berkovići,agricultural_selling,234
2013,Broj,Grad Bijeljina,agricultural_selling,4977
2013,Broj,Bileća,agricultural_selling,213
2013,Broj,Bratunac,agricultural_selling,704
2013,Broj,Brod,agricultural_selling,134
2013,Broj,Višegrad,agricultural_selling,97
2013,Broj,Vlasenica,agricultural_selling,241
2013,Broj,Vukosavlje,agricultural_selling,74
2013,Broj,Gacko,agricultural_selling,437
2013,Broj,Grad Gradiška,agricultural_selling,2285
2013,Broj,Grad Derventa,agricultural_selling,455
2013,Broj,Grad Doboj,agricultural_selling,515
2013,Broj,Donji Žabar,agricultural_selling,219
2013,Broj,Grad Zvornik,agricultural_selling,770
2013,Broj,Istočna Ilidža,agricultural_selling,51
2013,Broj,Istočni Drvar,agricultural_selling,1
2013,Broj,Istočni Mostar,agricultural_selling,9
2013,Broj,Istočni Stari Grad,agricultural_selling,35
2013,Broj,Istočno Novo Sarajevo,agricultural_selling,43
2013,Broj,Jezero,agricultural_selling,9
2013,Broj,Kalinovik,agricultural_selling,93
2013,Broj,Kneževo,agricultural_selling,305
2013,Broj,Kozarska Dubica,agricultural_selling,860
2013,Broj,Kostajnica,agricultural_selling,193
2013,Broj,Kotor Varoš,agricultural_selling,139
2013,Broj,Krupa Na Uni,agricultural_selling,288
2013,Broj,Kupres,agricultural_selling,72
2013,Broj,Laktaši,agricultural_selling,662
2013,Broj,Lopare,agricultural_selling,668
2013,Broj,Ljubinje,agricultural_selling,269
2013,Broj,Milići,agricultural_selling,185
2013,Broj,Modriča,agricultural_selling,420
2013,Broj,Mrkonjić Grad,agricultural_selling,257
2013,Broj,Nevesinje,agricultural_selling,702
2013,Broj,Novi Grad,agricultural_selling,499
2013,Broj,Novo Goražde,agricultural_selling,87
2013,Broj,Osmaci,agricultural_selling,159
2013,Broj,Oštra Luka,agricultural_selling,57
2013,Broj,Pale,agricultural_selling,99
2013,Broj,Pelagićevo,agricultural_selling,256
2013,Broj,Petrovac,agricultural_selling,12
2013,Broj,Petrovo,agricultural_selling,61
2013,Broj,Grad Prijedor,agricultural_selling,798
2013,Broj,Prnjavor,agricultural_selling,986
2013,Broj,Ribnik,agricultural_selling,93
2013,Broj,Rogatica,agricultural_selling,265
2013,Broj,Rudo,agricultural_selling,244
2013,Broj,Sokolac,agricultural_selling,292
2013,Broj,Srbac,agricultural_selling,594
2013,Broj,Srebrenica,agricultural_selling,469
2013,Broj,Teslić,agricultural_selling,576
2013,Broj,Grad Trebinje,agricultural_selling,327
2013,Broj,Trnovo,agricultural_selling,17
2013,Broj,Ugljevik,agricultural_selling,632
2013,Broj,Foča,agricultural_selling,262
2013,Broj,Han Pijesak,agricultural_selling,75
2013,Broj,Čajniče,agricultural_selling,131
2013,Broj,Čelinac,agricultural_selling,191
2013,Broj,Šamac,agricultural_selling,616
2013,Broj,Šekovići,agricultural_selling,81
2013,Broj,Šipovo,agricultural_selling,247
