Year,UNIT_MEASURE,Administrativna oblast,Pol,Najviši dostugnuti stepen obrazovanja,Value
2013,Broj,Republika Srpska,Ukupno,Bez obrazovanja,58651
2013,Broj,Republika Srpska,M,Bez obrazovanja,9370
2013,Broj,Republika Srpska,Ž,Bez obrazovanja,49281
2013,Broj,Grad Banja Luka,Ukupno,Bez obrazovanja,5673
2013,Broj,Grad Banja Luka,M,Bez obrazovanja,921
2013,Broj,Grad Banja Luka,Ž,Bez obrazovanja,4752
2013,Broj,Berkovići,Ukupno,Bez obrazovanja,104
2013,Broj,Berkovići,M,Bez obrazovanja,8
2013,Broj,Berkovići,Ž,Bez obrazovanja,96
2013,Broj,Grad Bijeljina,Ukupno,Bez obrazovanja,3916
2013,Broj,Grad Bijeljina,M,Bez obrazovanja,650
2013,Broj,Grad Bijeljina,Ž,Bez obrazovanja,3266
2013,Broj,Bileća,Ukupno,Bez obrazovanja,246
2013,Broj,Bileća,M,Bez obrazovanja,42
2013,Broj,Bileća,Ž,Bez obrazovanja,204
2013,Broj,Bratunac,Ukupno,Bez obrazovanja,1297
2013,Broj,Bratunac,M,Bez obrazovanja,166
2013,Broj,Bratunac,Ž,Bez obrazovanja,1131
2013,Broj,Brod,Ukupno,Bez obrazovanja,586
2013,Broj,Brod,M,Bez obrazovanja,90
2013,Broj,Brod,Ž,Bez obrazovanja,496
2013,Broj,Višegrad,Ukupno,Bez obrazovanja,576
2013,Broj,Višegrad,M,Bez obrazovanja,65
2013,Broj,Višegrad,Ž,Bez obrazovanja,511
2013,Broj,Vlasenica,Ukupno,Bez obrazovanja,629
2013,Broj,Vlasenica,M,Bez obrazovanja,101
2013,Broj,Vlasenica,Ž,Bez obrazovanja,528
2013,Broj,Vukosavlje,Ukupno,Bez obrazovanja,329
2013,Broj,Vukosavlje,M,Bez obrazovanja,69
2013,Broj,Vukosavlje,Ž,Bez obrazovanja,260
2013,Broj,Gacko,Ukupno,Bez obrazovanja,268
2013,Broj,Gacko,M,Bez obrazovanja,22
2013,Broj,Gacko,Ž,Bez obrazovanja,246
2013,Broj,Grad Gradiška,Ukupno,Bez obrazovanja,2608
2013,Broj,Grad Gradiška,M,Bez obrazovanja,425
2013,Broj,Grad Gradiška,Ž,Bez obrazovanja,2183
2013,Broj,Grad Derventa,Ukupno,Bez obrazovanja,1538
2013,Broj,Grad Derventa,M,Bez obrazovanja,281
2013,Broj,Grad Derventa,Ž,Bez obrazovanja,1257
2013,Broj,Grad Doboj,Ukupno,Bez obrazovanja,3364
2013,Broj,Grad Doboj,M,Bez obrazovanja,496
2013,Broj,Grad Doboj,Ž,Bez obrazovanja,2868
2013,Broj,Donji Žabar,Ukupno,Bez obrazovanja,209
2013,Broj,Donji Žabar,M,Bez obrazovanja,37
2013,Broj,Donji Žabar,Ž,Bez obrazovanja,172
2013,Broj,Grad Zvornik,Ukupno,Bez obrazovanja,3216
2013,Broj,Grad Zvornik,M,Bez obrazovanja,484
2013,Broj,Grad Zvornik,Ž,Bez obrazovanja,2732
2013,Broj,Istočna Ilidža,Ukupno,Bez obrazovanja,280
2013,Broj,Istočna Ilidža,M,Bez obrazovanja,33
2013,Broj,Istočna Ilidža,Ž,Bez obrazovanja,247
2013,Broj,Istočni Drvar,Ukupno,Bez obrazovanja,5
2013,Broj,Istočni Drvar,M,Bez obrazovanja,0
2013,Broj,Istočni Drvar,Ž,Bez obrazovanja,5
2013,Broj,Istočni Mostar,Ukupno,Bez obrazovanja,19
2013,Broj,Istočni Mostar,M,Bez obrazovanja,1
2013,Broj,Istočni Mostar,Ž,Bez obrazovanja,18
2013,Broj,Istočni Stari Grad,Ukupno,Bez obrazovanja,61
2013,Broj,Istočni Stari Grad,M,Bez obrazovanja,5
2013,Broj,Istočni Stari Grad,Ž,Bez obrazovanja,56
2013,Broj,Istočno Novo Sarajevo,Ukupno,Bez obrazovanja,191
2013,Broj,Istočno Novo Sarajevo,M,Bez obrazovanja,25
2013,Broj,Istočno Novo Sarajevo,Ž,Bez obrazovanja,166
2013,Broj,Jezero,Ukupno,Bez obrazovanja,79
2013,Broj,Jezero,M,Bez obrazovanja,14
2013,Broj,Jezero,Ž,Bez obrazovanja,65
2013,Broj,Kalinovik,Ukupno,Bez obrazovanja,158
2013,Broj,Kalinovik,M,Bez obrazovanja,11
2013,Broj,Kalinovik,Ž,Bez obrazovanja,147
2013,Broj,Kneževo,Ukupno,Bez obrazovanja,1390
2013,Broj,Kneževo,M,Bez obrazovanja,311
2013,Broj,Kneževo,Ž,Bez obrazovanja,1079
2013,Broj,Kozarska Dubica,Ukupno,Bez obrazovanja,984
2013,Broj,Kozarska Dubica,M,Bez obrazovanja,154
2013,Broj,Kozarska Dubica,Ž,Bez obrazovanja,830
2013,Broj,Kostajnica,Ukupno,Bez obrazovanja,163
2013,Broj,Kostajnica,M,Bez obrazovanja,28
2013,Broj,Kostajnica,Ž,Bez obrazovanja,135
2013,Broj,Kotor Varoš,Ukupno,Bez obrazovanja,1503
2013,Broj,Kotor Varoš,M,Bez obrazovanja,282
2013,Broj,Kotor Varoš,Ž,Bez obrazovanja,1221
2013,Broj,Krupa Na Uni,Ukupno,Bez obrazovanja,157
2013,Broj,Krupa Na Uni,M,Bez obrazovanja,19
2013,Broj,Krupa Na Uni,Ž,Bez obrazovanja,138
2013,Broj,Kupres,Ukupno,Bez obrazovanja,103
2013,Broj,Kupres,M,Bez obrazovanja,33
2013,Broj,Kupres,Ž,Bez obrazovanja,70
2013,Broj,Laktaši,Ukupno,Bez obrazovanja,1363
2013,Broj,Laktaši,M,Bez obrazovanja,229
2013,Broj,Laktaši,Ž,Bez obrazovanja,1134
2013,Broj,Lopare,Ukupno,Bez obrazovanja,1235
2013,Broj,Lopare,M,Bez obrazovanja,243
2013,Broj,Lopare,Ž,Bez obrazovanja,992
2013,Broj,Ljubinje,Ukupno,Bez obrazovanja,110
2013,Broj,Ljubinje,M,Bez obrazovanja,12
2013,Broj,Ljubinje,Ž,Bez obrazovanja,98
2013,Broj,Milići,Ukupno,Bez obrazovanja,643
2013,Broj,Milići,M,Bez obrazovanja,96
2013,Broj,Milići,Ž,Bez obrazovanja,547
2013,Broj,Modriča,Ukupno,Bez obrazovanja,1278
2013,Broj,Modriča,M,Bez obrazovanja,241
2013,Broj,Modriča,Ž,Bez obrazovanja,1037
2013,Broj,Mrkonjić Grad,Ukupno,Bez obrazovanja,1462
2013,Broj,Mrkonjić Grad,M,Bez obrazovanja,213
2013,Broj,Mrkonjić Grad,Ž,Bez obrazovanja,1249
2013,Broj,Nevesinje,Ukupno,Bez obrazovanja,545
2013,Broj,Nevesinje,M,Bez obrazovanja,56
2013,Broj,Nevesinje,Ž,Bez obrazovanja,489
2013,Broj,Novi Grad,Ukupno,Bez obrazovanja,1036
2013,Broj,Novi Grad,M,Bez obrazovanja,171
2013,Broj,Novi Grad,Ž,Bez obrazovanja,865
2013,Broj,Novo Goražde,Ukupno,Bez obrazovanja,127
2013,Broj,Novo Goražde,M,Bez obrazovanja,21
2013,Broj,Novo Goražde,Ž,Bez obrazovanja,106
2013,Broj,Osmaci,Ukupno,Bez obrazovanja,397
2013,Broj,Osmaci,M,Bez obrazovanja,62
2013,Broj,Osmaci,Ž,Bez obrazovanja,335
2013,Broj,Oštra Luka,Ukupno,Bez obrazovanja,247
2013,Broj,Oštra Luka,M,Bez obrazovanja,43
2013,Broj,Oštra Luka,Ž,Bez obrazovanja,204
2013,Broj,Pale,Ukupno,Bez obrazovanja,606
2013,Broj,Pale,M,Bez obrazovanja,80
2013,Broj,Pale,Ž,Bez obrazovanja,526
2013,Broj,Pelagićevo,Ukupno,Bez obrazovanja,290
2013,Broj,Pelagićevo,M,Bez obrazovanja,46
2013,Broj,Pelagićevo,Ž,Bez obrazovanja,244
2013,Broj,Petrovac,Ukupno,Bez obrazovanja,11
2013,Broj,Petrovac,M,Bez obrazovanja,0
2013,Broj,Petrovac,Ž,Bez obrazovanja,11
2013,Broj,Petrovo,Ukupno,Bez obrazovanja,403
2013,Broj,Petrovo,M,Bez obrazovanja,48
2013,Broj,Petrovo,Ž,Bez obrazovanja,355
2013,Broj,Grad Prijedor,Ukupno,Bez obrazovanja,3918
2013,Broj,Grad Prijedor,M,Bez obrazovanja,760
2013,Broj,Grad Prijedor,Ž,Bez obrazovanja,3158
2013,Broj,Prnjavor,Ukupno,Bez obrazovanja,2654
2013,Broj,Prnjavor,M,Bez obrazovanja,391
2013,Broj,Prnjavor,Ž,Bez obrazovanja,2263
2013,Broj,Ribnik,Ukupno,Bez obrazovanja,680
2013,Broj,Ribnik,M,Bez obrazovanja,118
2013,Broj,Ribnik,Ž,Bez obrazovanja,562
2013,Broj,Rogatica,Ukupno,Bez obrazovanja,633
2013,Broj,Rogatica,M,Bez obrazovanja,89
2013,Broj,Rogatica,Ž,Bez obrazovanja,544
2013,Broj,Rudo,Ukupno,Bez obrazovanja,279
2013,Broj,Rudo,M,Bez obrazovanja,38
2013,Broj,Rudo,Ž,Bez obrazovanja,241
2013,Broj,Sokolac,Ukupno,Bez obrazovanja,392
2013,Broj,Sokolac,M,Bez obrazovanja,52
2013,Broj,Sokolac,Ž,Bez obrazovanja,340
2013,Broj,Srbac,Ukupno,Bez obrazovanja,1115
2013,Broj,Srbac,M,Bez obrazovanja,235
2013,Broj,Srbac,Ž,Bez obrazovanja,880
2013,Broj,Srebrenica,Ukupno,Bez obrazovanja,852
2013,Broj,Srebrenica,M,Bez obrazovanja,105
2013,Broj,Srebrenica,Ž,Bez obrazovanja,747
2013,Broj,Teslić,Ukupno,Bez obrazovanja,3299
2013,Broj,Teslić,M,Bez obrazovanja,471
2013,Broj,Teslić,Ž,Bez obrazovanja,2828
2013,Broj,Grad Trebinje,Ukupno,Bez obrazovanja,382
2013,Broj,Grad Trebinje,M,Bez obrazovanja,44
2013,Broj,Grad Trebinje,Ž,Bez obrazovanja,338
2013,Broj,Trnovo,Ukupno,Bez obrazovanja,143
2013,Broj,Trnovo,M,Bez obrazovanja,14
2013,Broj,Trnovo,Ž,Bez obrazovanja,129
2013,Broj,Ugljevik,Ukupno,Bez obrazovanja,856
2013,Broj,Ugljevik,M,Bez obrazovanja,135
2013,Broj,Ugljevik,Ž,Bez obrazovanja,721
2013,Broj,Foča,Ukupno,Bez obrazovanja,775
2013,Broj,Foča,M,Bez obrazovanja,92
2013,Broj,Foča,Ž,Bez obrazovanja,683
2013,Broj,Han Pijesak,Ukupno,Bez obrazovanja,198
2013,Broj,Han Pijesak,M,Bez obrazovanja,22
2013,Broj,Han Pijesak,Ž,Bez obrazovanja,176
2013,Broj,Čajniče,Ukupno,Bez obrazovanja,224
2013,Broj,Čajniče,M,Bez obrazovanja,31
2013,Broj,Čajniče,Ž,Bez obrazovanja,193
2013,Broj,Čelinac,Ukupno,Bez obrazovanja,832
2013,Broj,Čelinac,M,Bez obrazovanja,109
2013,Broj,Čelinac,Ž,Bez obrazovanja,723
2013,Broj,Šamac,Ukupno,Bez obrazovanja,627
2013,Broj,Šamac,M,Bez obrazovanja,90
2013,Broj,Šamac,Ž,Bez obrazovanja,537
2013,Broj,Šekovići,Ukupno,Bez obrazovanja,655
2013,Broj,Šekovići,M,Bez obrazovanja,120
2013,Broj,Šekovići,Ž,Bez obrazovanja,535
2013,Broj,Šipovo,Ukupno,Bez obrazovanja,732
2013,Broj,Šipovo,M,Bez obrazovanja,120
2013,Broj,Šipovo,Ž,Bez obrazovanja,612
2013,Broj,Republika Srpska,Ukupno,Nepotpuno osnovno obrazovanje,97022
2013,Broj,Republika Srpska,M,Nepotpuno osnovno obrazovanje,33465
2013,Broj,Republika Srpska,Ž,Nepotpuno osnovno obrazovanje,63557
2013,Broj,Grad Banja Luka,Ukupno,Nepotpuno osnovno obrazovanje,6483
2013,Broj,Grad Banja Luka,M,Nepotpuno osnovno obrazovanje,2117
2013,Broj,Grad Banja Luka,Ž,Nepotpuno osnovno obrazovanje,4366
2013,Broj,Berkovići,Ukupno,Nepotpuno osnovno obrazovanje,229
2013,Broj,Berkovići,M,Nepotpuno osnovno obrazovanje,74
2013,Broj,Berkovići,Ž,Nepotpuno osnovno obrazovanje,155
2013,Broj,Grad Bijeljina,Ukupno,Nepotpuno osnovno obrazovanje,10740
2013,Broj,Grad Bijeljina,M,Nepotpuno osnovno obrazovanje,3999
2013,Broj,Grad Bijeljina,Ž,Nepotpuno osnovno obrazovanje,6741
2013,Broj,Bileća,Ukupno,Nepotpuno osnovno obrazovanje,747
2013,Broj,Bileća,M,Nepotpuno osnovno obrazovanje,187
2013,Broj,Bileća,Ž,Nepotpuno osnovno obrazovanje,560
2013,Broj,Bratunac,Ukupno,Nepotpuno osnovno obrazovanje,1364
2013,Broj,Bratunac,M,Nepotpuno osnovno obrazovanje,395
2013,Broj,Bratunac,Ž,Nepotpuno osnovno obrazovanje,969
2013,Broj,Brod,Ukupno,Nepotpuno osnovno obrazovanje,1241
2013,Broj,Brod,M,Nepotpuno osnovno obrazovanje,328
2013,Broj,Brod,Ž,Nepotpuno osnovno obrazovanje,913
2013,Broj,Višegrad,Ukupno,Nepotpuno osnovno obrazovanje,783
2013,Broj,Višegrad,M,Nepotpuno osnovno obrazovanje,203
2013,Broj,Višegrad,Ž,Nepotpuno osnovno obrazovanje,580
2013,Broj,Vlasenica,Ukupno,Nepotpuno osnovno obrazovanje,758
2013,Broj,Vlasenica,M,Nepotpuno osnovno obrazovanje,243
2013,Broj,Vlasenica,Ž,Nepotpuno osnovno obrazovanje,515
2013,Broj,Vukosavlje,Ukupno,Nepotpuno osnovno obrazovanje,719
2013,Broj,Vukosavlje,M,Nepotpuno osnovno obrazovanje,300
2013,Broj,Vukosavlje,Ž,Nepotpuno osnovno obrazovanje,419
2013,Broj,Gacko,Ukupno,Nepotpuno osnovno obrazovanje,496
2013,Broj,Gacko,M,Nepotpuno osnovno obrazovanje,135
2013,Broj,Gacko,Ž,Nepotpuno osnovno obrazovanje,361
2013,Broj,Grad Gradiška,Ukupno,Nepotpuno osnovno obrazovanje,4821
2013,Broj,Grad Gradiška,M,Nepotpuno osnovno obrazovanje,1832
2013,Broj,Grad Gradiška,Ž,Nepotpuno osnovno obrazovanje,2989
2013,Broj,Grad Derventa,Ukupno,Nepotpuno osnovno obrazovanje,2759
2013,Broj,Grad Derventa,M,Nepotpuno osnovno obrazovanje,1030
2013,Broj,Grad Derventa,Ž,Nepotpuno osnovno obrazovanje,1729
2013,Broj,Grad Doboj,Ukupno,Nepotpuno osnovno obrazovanje,6019
2013,Broj,Grad Doboj,M,Nepotpuno osnovno obrazovanje,1823
2013,Broj,Grad Doboj,Ž,Nepotpuno osnovno obrazovanje,4196
2013,Broj,Donji Žabar,Ukupno,Nepotpuno osnovno obrazovanje,707
2013,Broj,Donji Žabar,M,Nepotpuno osnovno obrazovanje,304
2013,Broj,Donji Žabar,Ž,Nepotpuno osnovno obrazovanje,403
2013,Broj,Grad Zvornik,Ukupno,Nepotpuno osnovno obrazovanje,4702
2013,Broj,Grad Zvornik,M,Nepotpuno osnovno obrazovanje,1472
2013,Broj,Grad Zvornik,Ž,Nepotpuno osnovno obrazovanje,3230
2013,Broj,Istočna Ilidža,Ukupno,Nepotpuno osnovno obrazovanje,550
2013,Broj,Istočna Ilidža,M,Nepotpuno osnovno obrazovanje,65
2013,Broj,Istočna Ilidža,Ž,Nepotpuno osnovno obrazovanje,485
2013,Broj,Istočni Drvar,Ukupno,Nepotpuno osnovno obrazovanje,6
2013,Broj,Istočni Drvar,M,Nepotpuno osnovno obrazovanje,4
2013,Broj,Istočni Drvar,Ž,Nepotpuno osnovno obrazovanje,2
2013,Broj,Istočni Mostar,Ukupno,Nepotpuno osnovno obrazovanje,41
2013,Broj,Istočni Mostar,M,Nepotpuno osnovno obrazovanje,21
2013,Broj,Istočni Mostar,Ž,Nepotpuno osnovno obrazovanje,20
2013,Broj,Istočni Stari Grad,Ukupno,Nepotpuno osnovno obrazovanje,133
2013,Broj,Istočni Stari Grad,M,Nepotpuno osnovno obrazovanje,29
2013,Broj,Istočni Stari Grad,Ž,Nepotpuno osnovno obrazovanje,104
2013,Broj,Istočno Novo Sarajevo,Ukupno,Nepotpuno osnovno obrazovanje,454
2013,Broj,Istočno Novo Sarajevo,M,Nepotpuno osnovno obrazovanje,89
2013,Broj,Istočno Novo Sarajevo,Ž,Nepotpuno osnovno obrazovanje,365
2013,Broj,Jezero,Ukupno,Nepotpuno osnovno obrazovanje,105
2013,Broj,Jezero,M,Nepotpuno osnovno obrazovanje,39
2013,Broj,Jezero,Ž,Nepotpuno osnovno obrazovanje,66
2013,Broj,Kalinovik,Ukupno,Nepotpuno osnovno obrazovanje,175
2013,Broj,Kalinovik,M,Nepotpuno osnovno obrazovanje,48
2013,Broj,Kalinovik,Ž,Nepotpuno osnovno obrazovanje,127
2013,Broj,Kneževo,Ukupno,Nepotpuno osnovno obrazovanje,752
2013,Broj,Kneževo,M,Nepotpuno osnovno obrazovanje,318
2013,Broj,Kneževo,Ž,Nepotpuno osnovno obrazovanje,434
2013,Broj,Kozarska Dubica,Ukupno,Nepotpuno osnovno obrazovanje,1894
2013,Broj,Kozarska Dubica,M,Nepotpuno osnovno obrazovanje,683
2013,Broj,Kozarska Dubica,Ž,Nepotpuno osnovno obrazovanje,1211
2013,Broj,Kostajnica,Ukupno,Nepotpuno osnovno obrazovanje,387
2013,Broj,Kostajnica,M,Nepotpuno osnovno obrazovanje,132
2013,Broj,Kostajnica,Ž,Nepotpuno osnovno obrazovanje,255
2013,Broj,Kotor Varoš,Ukupno,Nepotpuno osnovno obrazovanje,1183
2013,Broj,Kotor Varoš,M,Nepotpuno osnovno obrazovanje,391
2013,Broj,Kotor Varoš,Ž,Nepotpuno osnovno obrazovanje,792
2013,Broj,Krupa Na Uni,Ukupno,Nepotpuno osnovno obrazovanje,316
2013,Broj,Krupa Na Uni,M,Nepotpuno osnovno obrazovanje,165
2013,Broj,Krupa Na Uni,Ž,Nepotpuno osnovno obrazovanje,151
2013,Broj,Kupres,Ukupno,Nepotpuno osnovno obrazovanje,19
2013,Broj,Kupres,M,Nepotpuno osnovno obrazovanje,9
2013,Broj,Kupres,Ž,Nepotpuno osnovno obrazovanje,10
2013,Broj,Laktaši,Ukupno,Nepotpuno osnovno obrazovanje,2504
2013,Broj,Laktaši,M,Nepotpuno osnovno obrazovanje,946
2013,Broj,Laktaši,Ž,Nepotpuno osnovno obrazovanje,1558
2013,Broj,Lopare,Ukupno,Nepotpuno osnovno obrazovanje,2118
2013,Broj,Lopare,M,Nepotpuno osnovno obrazovanje,943
2013,Broj,Lopare,Ž,Nepotpuno osnovno obrazovanje,1175
2013,Broj,Ljubinje,Ukupno,Nepotpuno osnovno obrazovanje,275
2013,Broj,Ljubinje,M,Nepotpuno osnovno obrazovanje,64
2013,Broj,Ljubinje,Ž,Nepotpuno osnovno obrazovanje,211
2013,Broj,Milići,Ukupno,Nepotpuno osnovno obrazovanje,729
2013,Broj,Milići,M,Nepotpuno osnovno obrazovanje,217
2013,Broj,Milići,Ž,Nepotpuno osnovno obrazovanje,512
2013,Broj,Modriča,Ukupno,Nepotpuno osnovno obrazovanje,2912
2013,Broj,Modriča,M,Nepotpuno osnovno obrazovanje,1049
2013,Broj,Modriča,Ž,Nepotpuno osnovno obrazovanje,1863
2013,Broj,Mrkonjić Grad,Ukupno,Nepotpuno osnovno obrazovanje,1769
2013,Broj,Mrkonjić Grad,M,Nepotpuno osnovno obrazovanje,777
2013,Broj,Mrkonjić Grad,Ž,Nepotpuno osnovno obrazovanje,992
2013,Broj,Nevesinje,Ukupno,Nepotpuno osnovno obrazovanje,1048
2013,Broj,Nevesinje,M,Nepotpuno osnovno obrazovanje,265
2013,Broj,Nevesinje,Ž,Nepotpuno osnovno obrazovanje,783
2013,Broj,Novi Grad,Ukupno,Nepotpuno osnovno obrazovanje,2172
2013,Broj,Novi Grad,M,Nepotpuno osnovno obrazovanje,757
2013,Broj,Novi Grad,Ž,Nepotpuno osnovno obrazovanje,1415
2013,Broj,Novo Goražde,Ukupno,Nepotpuno osnovno obrazovanje,162
2013,Broj,Novo Goražde,M,Nepotpuno osnovno obrazovanje,52
2013,Broj,Novo Goražde,Ž,Nepotpuno osnovno obrazovanje,110
2013,Broj,Osmaci,Ukupno,Nepotpuno osnovno obrazovanje,552
2013,Broj,Osmaci,M,Nepotpuno osnovno obrazovanje,172
2013,Broj,Osmaci,Ž,Nepotpuno osnovno obrazovanje,380
2013,Broj,Oštra Luka,Ukupno,Nepotpuno osnovno obrazovanje,352
2013,Broj,Oštra Luka,M,Nepotpuno osnovno obrazovanje,154
2013,Broj,Oštra Luka,Ž,Nepotpuno osnovno obrazovanje,198
2013,Broj,Pale,Ukupno,Nepotpuno osnovno obrazovanje,986
2013,Broj,Pale,M,Nepotpuno osnovno obrazovanje,214
2013,Broj,Pale,Ž,Nepotpuno osnovno obrazovanje,772
2013,Broj,Pelagićevo,Ukupno,Nepotpuno osnovno obrazovanje,1081
2013,Broj,Pelagićevo,M,Nepotpuno osnovno obrazovanje,459
2013,Broj,Pelagićevo,Ž,Nepotpuno osnovno obrazovanje,622
2013,Broj,Petrovac,Ukupno,Nepotpuno osnovno obrazovanje,28
2013,Broj,Petrovac,M,Nepotpuno osnovno obrazovanje,4
2013,Broj,Petrovac,Ž,Nepotpuno osnovno obrazovanje,24
2013,Broj,Petrovo,Ukupno,Nepotpuno osnovno obrazovanje,733
2013,Broj,Petrovo,M,Nepotpuno osnovno obrazovanje,180
2013,Broj,Petrovo,Ž,Nepotpuno osnovno obrazovanje,553
2013,Broj,Grad Prijedor,Ukupno,Nepotpuno osnovno obrazovanje,6219
2013,Broj,Grad Prijedor,M,Nepotpuno osnovno obrazovanje,1948
2013,Broj,Grad Prijedor,Ž,Nepotpuno osnovno obrazovanje,4271
2013,Broj,Prnjavor,Ukupno,Nepotpuno osnovno obrazovanje,4458
2013,Broj,Prnjavor,M,Nepotpuno osnovno obrazovanje,1948
2013,Broj,Prnjavor,Ž,Nepotpuno osnovno obrazovanje,2510
2013,Broj,Ribnik,Ukupno,Nepotpuno osnovno obrazovanje,641
2013,Broj,Ribnik,M,Nepotpuno osnovno obrazovanje,249
2013,Broj,Ribnik,Ž,Nepotpuno osnovno obrazovanje,392
2013,Broj,Rogatica,Ukupno,Nepotpuno osnovno obrazovanje,799
2013,Broj,Rogatica,M,Nepotpuno osnovno obrazovanje,239
2013,Broj,Rogatica,Ž,Nepotpuno osnovno obrazovanje,560
2013,Broj,Rudo,Ukupno,Nepotpuno osnovno obrazovanje,719
2013,Broj,Rudo,M,Nepotpuno osnovno obrazovanje,197
2013,Broj,Rudo,Ž,Nepotpuno osnovno obrazovanje,522
2013,Broj,Sokolac,Ukupno,Nepotpuno osnovno obrazovanje,747
2013,Broj,Sokolac,M,Nepotpuno osnovno obrazovanje,207
2013,Broj,Sokolac,Ž,Nepotpuno osnovno obrazovanje,540
2013,Broj,Srbac,Ukupno,Nepotpuno osnovno obrazovanje,2023
2013,Broj,Srbac,M,Nepotpuno osnovno obrazovanje,857
2013,Broj,Srbac,Ž,Nepotpuno osnovno obrazovanje,1166
2013,Broj,Srebrenica,Ukupno,Nepotpuno osnovno obrazovanje,1086
2013,Broj,Srebrenica,M,Nepotpuno osnovno obrazovanje,308
2013,Broj,Srebrenica,Ž,Nepotpuno osnovno obrazovanje,778
2013,Broj,Teslić,Ukupno,Nepotpuno osnovno obrazovanje,4433
2013,Broj,Teslić,M,Nepotpuno osnovno obrazovanje,1551
2013,Broj,Teslić,Ž,Nepotpuno osnovno obrazovanje,2882
2013,Broj,Grad Trebinje,Ukupno,Nepotpuno osnovno obrazovanje,1156
2013,Broj,Grad Trebinje,M,Nepotpuno osnovno obrazovanje,210
2013,Broj,Grad Trebinje,Ž,Nepotpuno osnovno obrazovanje,946
2013,Broj,Trnovo,Ukupno,Nepotpuno osnovno obrazovanje,151
2013,Broj,Trnovo,M,Nepotpuno osnovno obrazovanje,36
2013,Broj,Trnovo,Ž,Nepotpuno osnovno obrazovanje,115
2013,Broj,Ugljevik,Ukupno,Nepotpuno osnovno obrazovanje,1829
2013,Broj,Ugljevik,M,Nepotpuno osnovno obrazovanje,734
2013,Broj,Ugljevik,Ž,Nepotpuno osnovno obrazovanje,1095
2013,Broj,Foča,Ukupno,Nepotpuno osnovno obrazovanje,1301
2013,Broj,Foča,M,Nepotpuno osnovno obrazovanje,346
2013,Broj,Foča,Ž,Nepotpuno osnovno obrazovanje,955
2013,Broj,Han Pijesak,Ukupno,Nepotpuno osnovno obrazovanje,258
2013,Broj,Han Pijesak,M,Nepotpuno osnovno obrazovanje,61
2013,Broj,Han Pijesak,Ž,Nepotpuno osnovno obrazovanje,197
2013,Broj,Čajniče,Ukupno,Nepotpuno osnovno obrazovanje,474
2013,Broj,Čajniče,M,Nepotpuno osnovno obrazovanje,149
2013,Broj,Čajniče,Ž,Nepotpuno osnovno obrazovanje,325
2013,Broj,Čelinac,Ukupno,Nepotpuno osnovno obrazovanje,1317
2013,Broj,Čelinac,M,Nepotpuno osnovno obrazovanje,474
2013,Broj,Čelinac,Ž,Nepotpuno osnovno obrazovanje,843
2013,Broj,Šamac,Ukupno,Nepotpuno osnovno obrazovanje,2046
2013,Broj,Šamac,M,Nepotpuno osnovno obrazovanje,731
2013,Broj,Šamac,Ž,Nepotpuno osnovno obrazovanje,1315
2013,Broj,Šekovići,Ukupno,Nepotpuno osnovno obrazovanje,453
2013,Broj,Šekovići,M,Nepotpuno osnovno obrazovanje,181
2013,Broj,Šekovići,Ž,Nepotpuno osnovno obrazovanje,272
2013,Broj,Šipovo,Ukupno,Nepotpuno osnovno obrazovanje,908
2013,Broj,Šipovo,M,Nepotpuno osnovno obrazovanje,351
2013,Broj,Šipovo,Ž,Nepotpuno osnovno obrazovanje,557
2013,Broj,Republika Srpska,Ukupno,Osnovna škola,212834
2013,Broj,Republika Srpska,M,Osnovna škola,95682
2013,Broj,Republika Srpska,Ž,Osnovna škola,117152
2013,Broj,Grad Banja Luka,Ukupno,Osnovna škola,23011
2013,Broj,Grad Banja Luka,M,Osnovna škola,9927
2013,Broj,Grad Banja Luka,Ž,Osnovna škola,13084
2013,Broj,Berkovići,Ukupno,Osnovna škola,430
2013,Broj,Berkovići,M,Osnovna škola,221
2013,Broj,Berkovići,Ž,Osnovna škola,209
2013,Broj,Grad Bijeljina,Ukupno,Osnovna škola,18771
2013,Broj,Grad Bijeljina,M,Osnovna škola,8590
2013,Broj,Grad Bijeljina,Ž,Osnovna škola,10181
2013,Broj,Bileća,Ukupno,Osnovna škola,1951
2013,Broj,Bileća,M,Osnovna škola,867
2013,Broj,Bileća,Ž,Osnovna škola,1084
2013,Broj,Bratunac,Ukupno,Osnovna škola,3893
2013,Broj,Bratunac,M,Osnovna škola,1769
2013,Broj,Bratunac,Ž,Osnovna škola,2124
2013,Broj,Brod,Ukupno,Osnovna škola,2986
2013,Broj,Brod,M,Osnovna škola,1248
2013,Broj,Brod,Ž,Osnovna škola,1738
2013,Broj,Višegrad,Ukupno,Osnovna škola,1626
2013,Broj,Višegrad,M,Osnovna škola,593
2013,Broj,Višegrad,Ž,Osnovna škola,1033
2013,Broj,Vlasenica,Ukupno,Osnovna škola,2268
2013,Broj,Vlasenica,M,Osnovna škola,993
2013,Broj,Vlasenica,Ž,Osnovna škola,1275
2013,Broj,Vukosavlje,Ukupno,Osnovna škola,999
2013,Broj,Vukosavlje,M,Osnovna škola,472
2013,Broj,Vukosavlje,Ž,Osnovna škola,527
2013,Broj,Gacko,Ukupno,Osnovna škola,1356
2013,Broj,Gacko,M,Osnovna škola,530
2013,Broj,Gacko,Ž,Osnovna škola,826
2013,Broj,Grad Gradiška,Ukupno,Osnovna škola,9626
2013,Broj,Grad Gradiška,M,Osnovna škola,4493
2013,Broj,Grad Gradiška,Ž,Osnovna škola,5133
2013,Broj,Grad Derventa,Ukupno,Osnovna škola,5260
2013,Broj,Grad Derventa,M,Osnovna škola,2463
2013,Broj,Grad Derventa,Ž,Osnovna škola,2797
2013,Broj,Grad Doboj,Ukupno,Osnovna škola,13403
2013,Broj,Grad Doboj,M,Osnovna škola,5750
2013,Broj,Grad Doboj,Ž,Osnovna škola,7653
2013,Broj,Donji Žabar,Ukupno,Osnovna škola,815
2013,Broj,Donji Žabar,M,Osnovna škola,408
2013,Broj,Donji Žabar,Ž,Osnovna škola,407
2013,Broj,Grad Zvornik,Ukupno,Osnovna škola,11440
2013,Broj,Grad Zvornik,M,Osnovna škola,5163
2013,Broj,Grad Zvornik,Ž,Osnovna škola,6277
2013,Broj,Istočna Ilidža,Ukupno,Osnovna škola,1676
2013,Broj,Istočna Ilidža,M,Osnovna škola,519
2013,Broj,Istočna Ilidža,Ž,Osnovna škola,1157
2013,Broj,Istočni Drvar,Ukupno,Osnovna škola,9
2013,Broj,Istočni Drvar,M,Osnovna škola,2
2013,Broj,Istočni Drvar,Ž,Osnovna škola,7
2013,Broj,Istočni Mostar,Ukupno,Osnovna škola,38
2013,Broj,Istočni Mostar,M,Osnovna škola,24
2013,Broj,Istočni Mostar,Ž,Osnovna škola,14
2013,Broj,Istočni Stari Grad,Ukupno,Osnovna škola,166
2013,Broj,Istočni Stari Grad,M,Osnovna škola,75
2013,Broj,Istočni Stari Grad,Ž,Osnovna škola,91
2013,Broj,Istočno Novo Sarajevo,Ukupno,Osnovna škola,1087
2013,Broj,Istočno Novo Sarajevo,M,Osnovna škola,356
2013,Broj,Istočno Novo Sarajevo,Ž,Osnovna škola,731
2013,Broj,Jezero,Ukupno,Osnovna škola,236
2013,Broj,Jezero,M,Osnovna škola,109
2013,Broj,Jezero,Ž,Osnovna škola,127
2013,Broj,Kalinovik,Ukupno,Osnovna škola,334
2013,Broj,Kalinovik,M,Osnovna škola,122
2013,Broj,Kalinovik,Ž,Osnovna škola,212
2013,Broj,Kneževo,Ukupno,Osnovna škola,1918
2013,Broj,Kneževo,M,Osnovna škola,990
2013,Broj,Kneževo,Ž,Osnovna škola,928
2013,Broj,Kozarska Dubica,Ukupno,Osnovna škola,3921
2013,Broj,Kozarska Dubica,M,Osnovna škola,1839
2013,Broj,Kozarska Dubica,Ž,Osnovna škola,2082
2013,Broj,Kostajnica,Ukupno,Osnovna škola,1117
2013,Broj,Kostajnica,M,Osnovna škola,486
2013,Broj,Kostajnica,Ž,Osnovna škola,631
2013,Broj,Kotor Varoš,Ukupno,Osnovna škola,3809
2013,Broj,Kotor Varoš,M,Osnovna škola,1797
2013,Broj,Kotor Varoš,Ž,Osnovna škola,2012
2013,Broj,Krupa Na Uni,Ukupno,Osnovna škola,524
2013,Broj,Krupa Na Uni,M,Osnovna škola,317
2013,Broj,Krupa Na Uni,Ž,Osnovna škola,207
2013,Broj,Kupres,Ukupno,Osnovna škola,53
2013,Broj,Kupres,M,Osnovna škola,33
2013,Broj,Kupres,Ž,Osnovna škola,20
2013,Broj,Laktaši,Ukupno,Osnovna škola,6602
2013,Broj,Laktaši,M,Osnovna škola,3078
2013,Broj,Laktaši,Ž,Osnovna škola,3524
2013,Broj,Lopare,Ukupno,Osnovna škola,3267
2013,Broj,Lopare,M,Osnovna škola,1670
2013,Broj,Lopare,Ž,Osnovna škola,1597
2013,Broj,Ljubinje,Ukupno,Osnovna škola,619
2013,Broj,Ljubinje,M,Osnovna škola,261
2013,Broj,Ljubinje,Ž,Osnovna škola,358
2013,Broj,Milići,Ukupno,Osnovna škola,2387
2013,Broj,Milići,M,Osnovna škola,1038
2013,Broj,Milići,Ž,Osnovna škola,1349
2013,Broj,Modriča,Ukupno,Osnovna škola,5255
2013,Broj,Modriča,M,Osnovna škola,2469
2013,Broj,Modriča,Ž,Osnovna škola,2786
2013,Broj,Mrkonjić Grad,Ukupno,Osnovna škola,2720
2013,Broj,Mrkonjić Grad,M,Osnovna škola,1373
2013,Broj,Mrkonjić Grad,Ž,Osnovna škola,1347
2013,Broj,Nevesinje,Ukupno,Osnovna škola,2193
2013,Broj,Nevesinje,M,Osnovna škola,961
2013,Broj,Nevesinje,Ž,Osnovna škola,1232
2013,Broj,Novi Grad,Ukupno,Osnovna škola,5660
2013,Broj,Novi Grad,M,Osnovna škola,2691
2013,Broj,Novi Grad,Ž,Osnovna škola,2969
2013,Broj,Novo Goražde,Ukupno,Osnovna škola,612
2013,Broj,Novo Goražde,M,Osnovna škola,229
2013,Broj,Novo Goražde,Ž,Osnovna škola,383
2013,Broj,Osmaci,Ukupno,Osnovna škola,1146
2013,Broj,Osmaci,M,Osnovna škola,495
2013,Broj,Osmaci,Ž,Osnovna škola,651
2013,Broj,Oštra Luka,Ukupno,Osnovna škola,648
2013,Broj,Oštra Luka,M,Osnovna škola,348
2013,Broj,Oštra Luka,Ž,Osnovna škola,300
2013,Broj,Pale,Ukupno,Osnovna škola,2570
2013,Broj,Pale,M,Osnovna škola,935
2013,Broj,Pale,Ž,Osnovna škola,1635
2013,Broj,Pelagićevo,Ukupno,Osnovna škola,1081
2013,Broj,Pelagićevo,M,Osnovna škola,586
2013,Broj,Pelagićevo,Ž,Osnovna škola,495
2013,Broj,Petrovac,Ukupno,Osnovna škola,57
2013,Broj,Petrovac,M,Osnovna škola,23
2013,Broj,Petrovac,Ž,Osnovna škola,34
2013,Broj,Petrovo,Ukupno,Osnovna škola,1114
2013,Broj,Petrovo,M,Osnovna škola,464
2013,Broj,Petrovo,Ž,Osnovna škola,650
2013,Broj,Grad Prijedor,Ukupno,Osnovna škola,15121
2013,Broj,Grad Prijedor,M,Osnovna škola,6682
2013,Broj,Grad Prijedor,Ž,Osnovna škola,8439
2013,Broj,Prnjavor,Ukupno,Osnovna škola,7504
2013,Broj,Prnjavor,M,Osnovna škola,3697
2013,Broj,Prnjavor,Ž,Osnovna škola,3807
2013,Broj,Ribnik,Ukupno,Osnovna škola,1275
2013,Broj,Ribnik,M,Osnovna škola,651
2013,Broj,Ribnik,Ž,Osnovna škola,624
2013,Broj,Rogatica,Ukupno,Osnovna škola,1761
2013,Broj,Rogatica,M,Osnovna škola,717
2013,Broj,Rogatica,Ž,Osnovna škola,1044
2013,Broj,Rudo,Ukupno,Osnovna škola,1332
2013,Broj,Rudo,M,Osnovna škola,514
2013,Broj,Rudo,Ž,Osnovna škola,818
2013,Broj,Sokolac,Ukupno,Osnovna škola,1790
2013,Broj,Sokolac,M,Osnovna škola,720
2013,Broj,Sokolac,Ž,Osnovna škola,1070
2013,Broj,Srbac,Ukupno,Osnovna škola,3740
2013,Broj,Srbac,M,Osnovna škola,1843
2013,Broj,Srbac,Ž,Osnovna škola,1897
2013,Broj,Srebrenica,Ukupno,Osnovna škola,2494
2013,Broj,Srebrenica,M,Osnovna škola,1115
2013,Broj,Srebrenica,Ž,Osnovna škola,1379
2013,Broj,Teslić,Ukupno,Osnovna škola,7412
2013,Broj,Teslić,M,Osnovna škola,3540
2013,Broj,Teslić,Ž,Osnovna škola,3872
2013,Broj,Grad Trebinje,Ukupno,Osnovna škola,3757
2013,Broj,Grad Trebinje,M,Osnovna škola,1267
2013,Broj,Grad Trebinje,Ž,Osnovna škola,2490
2013,Broj,Trnovo,Ukupno,Osnovna škola,342
2013,Broj,Trnovo,M,Osnovna škola,106
2013,Broj,Trnovo,Ž,Osnovna škola,236
2013,Broj,Ugljevik,Ukupno,Osnovna škola,2942
2013,Broj,Ugljevik,M,Osnovna škola,1398
2013,Broj,Ugljevik,Ž,Osnovna škola,1544
2013,Broj,Foča,Ukupno,Osnovna škola,2975
2013,Broj,Foča,M,Osnovna škola,1305
2013,Broj,Foča,Ž,Osnovna škola,1670
2013,Broj,Han Pijesak,Ukupno,Osnovna škola,686
2013,Broj,Han Pijesak,M,Osnovna škola,275
2013,Broj,Han Pijesak,Ž,Osnovna škola,411
2013,Broj,Čajniče,Ukupno,Osnovna škola,981
2013,Broj,Čajniče,M,Osnovna škola,436
2013,Broj,Čajniče,Ž,Osnovna škola,545
2013,Broj,Čelinac,Ukupno,Osnovna škola,3312
2013,Broj,Čelinac,M,Osnovna škola,1626
2013,Broj,Čelinac,Ž,Osnovna škola,1686
2013,Broj,Šamac,Ukupno,Osnovna škola,3511
2013,Broj,Šamac,M,Osnovna škola,1521
2013,Broj,Šamac,Ž,Osnovna škola,1990
2013,Broj,Šekovići,Ukupno,Osnovna škola,1397
2013,Broj,Šekovići,M,Osnovna škola,610
2013,Broj,Šekovići,Ž,Osnovna škola,787
2013,Broj,Šipovo,Ukupno,Osnovna škola,1848
2013,Broj,Šipovo,M,Osnovna škola,882
2013,Broj,Šipovo,Ž,Osnovna škola,966
2013,Broj,Republika Srpska,Ukupno,Srednja škola,508414
2013,Broj,Republika Srpska,M,Srednja škola,280747
2013,Broj,Republika Srpska,Ž,Srednja škola,227667
2013,Broj,Grad Banja Luka,Ukupno,Srednja škola,83044
2013,Broj,Grad Banja Luka,M,Srednja škola,42327
2013,Broj,Grad Banja Luka,Ž,Srednja škola,40717
2013,Broj,Berkovići,Ukupno,Srednja škola,771
2013,Broj,Berkovići,M,Srednja škola,446
2013,Broj,Berkovići,Ž,Srednja škola,325
2013,Broj,Grad Bijeljina,Ukupno,Srednja škola,43231
2013,Broj,Grad Bijeljina,M,Srednja škola,23560
2013,Broj,Grad Bijeljina,Ž,Srednja škola,19671
2013,Broj,Bileća,Ukupno,Srednja škola,4799
2013,Broj,Bileća,M,Srednja škola,2692
2013,Broj,Bileća,Ž,Srednja škola,2107
2013,Broj,Bratunac,Ukupno,Srednja škola,7868
2013,Broj,Bratunac,M,Srednja škola,4649
2013,Broj,Bratunac,Ž,Srednja škola,3219
2013,Broj,Brod,Ukupno,Srednja škola,7331
2013,Broj,Brod,M,Srednja škola,4080
2013,Broj,Brod,Ž,Srednja škola,3251
2013,Broj,Višegrad,Ukupno,Srednja škola,4635
2013,Broj,Višegrad,M,Srednja škola,2672
2013,Broj,Višegrad,Ž,Srednja škola,1963
2013,Broj,Vlasenica,Ukupno,Srednja škola,4607
2013,Broj,Vlasenica,M,Srednja škola,2596
2013,Broj,Vlasenica,Ž,Srednja škola,2011
2013,Broj,Vukosavlje,Ukupno,Srednja škola,1504
2013,Broj,Vukosavlje,M,Srednja škola,919
2013,Broj,Vukosavlje,Ž,Srednja škola,585
2013,Broj,Gacko,Ukupno,Srednja škola,3801
2013,Broj,Gacko,M,Srednja škola,2151
2013,Broj,Gacko,Ž,Srednja škola,1650
2013,Broj,Grad Gradiška,Ukupno,Srednja škola,21633
2013,Broj,Grad Gradiška,M,Srednja škola,11815
2013,Broj,Grad Gradiška,Ž,Srednja škola,9818
2013,Broj,Grad Derventa,Ukupno,Srednja škola,10884
2013,Broj,Grad Derventa,M,Srednja škola,6033
2013,Broj,Grad Derventa,Ž,Srednja škola,4851
2013,Broj,Grad Doboj,Ukupno,Srednja škola,29051
2013,Broj,Grad Doboj,M,Srednja škola,16192
2013,Broj,Grad Doboj,Ž,Srednja škola,12859
2013,Broj,Donji Žabar,Ukupno,Srednja škola,1261
2013,Broj,Donji Žabar,M,Srednja škola,739
2013,Broj,Donji Žabar,Ž,Srednja škola,522
2013,Broj,Grad Zvornik,Ukupno,Srednja škola,21815
2013,Broj,Grad Zvornik,M,Srednja škola,12776
2013,Broj,Grad Zvornik,Ž,Srednja škola,9039
2013,Broj,Istočna Ilidža,Ukupno,Srednja škola,7474
2013,Broj,Istočna Ilidža,M,Srednja škola,4082
2013,Broj,Istočna Ilidža,Ž,Srednja škola,3392
2013,Broj,Istočni Drvar,Ukupno,Srednja škola,29
2013,Broj,Istočni Drvar,M,Srednja škola,24
2013,Broj,Istočni Drvar,Ž,Srednja škola,5
2013,Broj,Istočni Mostar,Ukupno,Srednja škola,99
2013,Broj,Istočni Mostar,M,Srednja škola,65
2013,Broj,Istočni Mostar,Ž,Srednja škola,34
2013,Broj,Istočni Stari Grad,Ukupno,Srednja škola,548
2013,Broj,Istočni Stari Grad,M,Srednja škola,329
2013,Broj,Istočni Stari Grad,Ž,Srednja škola,219
2013,Broj,Istočno Novo Sarajevo,Ukupno,Srednja škola,5073
2013,Broj,Istočno Novo Sarajevo,M,Srednja škola,2656
2013,Broj,Istočno Novo Sarajevo,Ž,Srednja škola,2417
2013,Broj,Jezero,Ukupno,Srednja škola,435
2013,Broj,Jezero,M,Srednja škola,273
2013,Broj,Jezero,Ž,Srednja škola,162
2013,Broj,Kalinovik,Ukupno,Srednja škola,881
2013,Broj,Kalinovik,M,Srednja škola,551
2013,Broj,Kalinovik,Ž,Srednja škola,330
2013,Broj,Kneževo,Ukupno,Srednja škola,3485
2013,Broj,Kneževo,M,Srednja škola,2026
2013,Broj,Kneževo,Ž,Srednja škola,1459
2013,Broj,Kozarska Dubica,Ukupno,Srednja škola,9698
2013,Broj,Kozarska Dubica,M,Srednja škola,5259
2013,Broj,Kozarska Dubica,Ž,Srednja škola,4439
2013,Broj,Kostajnica,Ukupno,Srednja škola,2798
2013,Broj,Kostajnica,M,Srednja škola,1545
2013,Broj,Kostajnica,Ž,Srednja škola,1253
2013,Broj,Kotor Varoš,Ukupno,Srednja škola,7807
2013,Broj,Kotor Varoš,M,Srednja škola,4380
2013,Broj,Kotor Varoš,Ž,Srednja škola,3427
2013,Broj,Krupa Na Uni,Ukupno,Srednja škola,355
2013,Broj,Krupa Na Uni,M,Srednja škola,236
2013,Broj,Krupa Na Uni,Ž,Srednja škola,119
2013,Broj,Kupres,Ukupno,Srednja škola,84
2013,Broj,Kupres,M,Srednja škola,59
2013,Broj,Kupres,Ž,Srednja škola,25
2013,Broj,Laktaši,Ukupno,Srednja škola,15658
2013,Broj,Laktaši,M,Srednja škola,8480
2013,Broj,Laktaši,Ž,Srednja škola,7178
2013,Broj,Lopare,Ukupno,Srednja škola,5477
2013,Broj,Lopare,M,Srednja škola,3169
2013,Broj,Lopare,Ž,Srednja škola,2308
2013,Broj,Ljubinje,Ukupno,Srednja škola,1432
2013,Broj,Ljubinje,M,Srednja škola,800
2013,Broj,Ljubinje,Ž,Srednja škola,632
2013,Broj,Milići,Ukupno,Srednja škola,4441
2013,Broj,Milići,M,Srednja škola,2743
2013,Broj,Milići,Ž,Srednja škola,1698
2013,Broj,Modriča,Ukupno,Srednja škola,9850
2013,Broj,Modriča,M,Srednja škola,5470
2013,Broj,Modriča,Ž,Srednja škola,4380
2013,Broj,Mrkonjić Grad,Ukupno,Srednja škola,6479
2013,Broj,Mrkonjić Grad,M,Srednja škola,3500
2013,Broj,Mrkonjić Grad,Ž,Srednja škola,2979
2013,Broj,Nevesinje,Ukupno,Srednja škola,5592
2013,Broj,Nevesinje,M,Srednja škola,3261
2013,Broj,Nevesinje,Ž,Srednja škola,2331
2013,Broj,Novi Grad,Ukupno,Srednja škola,11197
2013,Broj,Novi Grad,M,Srednja škola,6273
2013,Broj,Novi Grad,Ž,Srednja škola,4924
2013,Broj,Novo Goražde,Ukupno,Srednja škola,1533
2013,Broj,Novo Goražde,M,Srednja škola,952
2013,Broj,Novo Goražde,Ž,Srednja škola,581
2013,Broj,Osmaci,Ukupno,Srednja škola,2300
2013,Broj,Osmaci,M,Srednja škola,1406
2013,Broj,Osmaci,Ž,Srednja škola,894
2013,Broj,Oštra Luka,Ukupno,Srednja škola,954
2013,Broj,Oštra Luka,M,Srednja škola,578
2013,Broj,Oštra Luka,Ž,Srednja škola,376
2013,Broj,Pale,Ukupno,Srednja škola,10069
2013,Broj,Pale,M,Srednja škola,5373
2013,Broj,Pale,Ž,Srednja škola,4696
2013,Broj,Pelagićevo,Ukupno,Srednja škola,1264
2013,Broj,Pelagićevo,M,Srednja škola,726
2013,Broj,Pelagićevo,Ž,Srednja škola,538
2013,Broj,Petrovac,Ukupno,Srednja škola,169
2013,Broj,Petrovac,M,Srednja škola,96
2013,Broj,Petrovac,Ž,Srednja škola,73
2013,Broj,Petrovo,Ukupno,Srednja škola,2821
2013,Broj,Petrovo,M,Srednja škola,1664
2013,Broj,Petrovo,Ž,Srednja škola,1157
2013,Broj,Grad Prijedor,Ukupno,Srednja škola,37714
2013,Broj,Grad Prijedor,M,Srednja škola,20808
2013,Broj,Grad Prijedor,Ž,Srednja škola,16906
2013,Broj,Prnjavor,Ukupno,Srednja škola,12669
2013,Broj,Prnjavor,M,Srednja škola,7015
2013,Broj,Prnjavor,Ž,Srednja škola,5654
2013,Broj,Ribnik,Ukupno,Srednja škola,2154
2013,Broj,Ribnik,M,Srednja škola,1291
2013,Broj,Ribnik,Ž,Srednja škola,863
2013,Broj,Rogatica,Ukupno,Srednja škola,4652
2013,Broj,Rogatica,M,Srednja škola,2694
2013,Broj,Rogatica,Ž,Srednja škola,1958
2013,Broj,Rudo,Ukupno,Srednja škola,3609
2013,Broj,Rudo,M,Srednja škola,2200
2013,Broj,Rudo,Ž,Srednja škola,1409
2013,Broj,Sokolac,Ukupno,Srednja škola,5543
2013,Broj,Sokolac,M,Srednja škola,3105
2013,Broj,Sokolac,Ž,Srednja škola,2438
2013,Broj,Srbac,Ukupno,Srednja škola,6472
2013,Broj,Srbac,M,Srednja škola,3466
2013,Broj,Srbac,Ž,Srednja škola,3006
2013,Broj,Srebrenica,Ukupno,Srednja škola,4716
2013,Broj,Srebrenica,M,Srednja škola,2832
2013,Broj,Srebrenica,Ž,Srednja škola,1884
2013,Broj,Teslić,Ukupno,Srednja škola,14063
2013,Broj,Teslić,M,Srednja škola,8090
2013,Broj,Teslić,Ž,Srednja škola,5973
2013,Broj,Grad Trebinje,Ukupno,Srednja škola,13551
2013,Broj,Grad Trebinje,M,Srednja škola,7183
2013,Broj,Grad Trebinje,Ž,Srednja škola,6368
2013,Broj,Trnovo,Ukupno,Srednja škola,942
2013,Broj,Trnovo,M,Srednja škola,576
2013,Broj,Trnovo,Ž,Srednja škola,366
2013,Broj,Ugljevik,Ukupno,Srednja škola,6085
2013,Broj,Ugljevik,M,Srednja škola,3558
2013,Broj,Ugljevik,Ž,Srednja škola,2527
2013,Broj,Foča,Ukupno,Srednja škola,8378
2013,Broj,Foča,M,Srednja škola,4841
2013,Broj,Foča,Ž,Srednja škola,3537
2013,Broj,Han Pijesak,Ukupno,Srednja škola,1514
2013,Broj,Han Pijesak,M,Srednja škola,846
2013,Broj,Han Pijesak,Ž,Srednja škola,668
2013,Broj,Čajniče,Ukupno,Srednja škola,1993
2013,Broj,Čajniče,M,Srednja škola,1187
2013,Broj,Čajniče,Ž,Srednja škola,806
2013,Broj,Čelinac,Ukupno,Srednja škola,6411
2013,Broj,Čelinac,M,Srednja škola,3550
2013,Broj,Čelinac,Ž,Srednja škola,2861
2013,Broj,Šamac,Ukupno,Srednja škola,6680
2013,Broj,Šamac,M,Srednja škola,3735
2013,Broj,Šamac,Ž,Srednja škola,2945
2013,Broj,Šekovići,Ukupno,Srednja škola,2601
2013,Broj,Šekovići,M,Srednja škola,1563
2013,Broj,Šekovići,Ž,Srednja škola,1038
2013,Broj,Šipovo,Ukupno,Srednja škola,4430
2013,Broj,Šipovo,M,Srednja škola,2584
2013,Broj,Šipovo,Ž,Srednja škola,1846
2013,Broj,Republika Srpska,Ukupno,Specijalizacija poslije srednje škole,7618
2013,Broj,Republika Srpska,M,Specijalizacija poslije srednje škole,6324
2013,Broj,Republika Srpska,Ž,Specijalizacija poslije srednje škole,1294
2013,Broj,Grad Banja Luka,Ukupno,Specijalizacija poslije srednje škole,1552
2013,Broj,Grad Banja Luka,M,Specijalizacija poslije srednje škole,1261
2013,Broj,Grad Banja Luka,Ž,Specijalizacija poslije srednje škole,291
2013,Broj,Berkovići,Ukupno,Specijalizacija poslije srednje škole,11
2013,Broj,Berkovići,M,Specijalizacija poslije srednje škole,11
2013,Broj,Berkovići,Ž,Specijalizacija poslije srednje škole,0
2013,Broj,Grad Bijeljina,Ukupno,Specijalizacija poslije srednje škole,564
2013,Broj,Grad Bijeljina,M,Specijalizacija poslije srednje škole,485
2013,Broj,Grad Bijeljina,Ž,Specijalizacija poslije srednje škole,79
2013,Broj,Bileća,Ukupno,Specijalizacija poslije srednje škole,68
2013,Broj,Bileća,M,Specijalizacija poslije srednje škole,56
2013,Broj,Bileća,Ž,Specijalizacija poslije srednje škole,12
2013,Broj,Bratunac,Ukupno,Specijalizacija poslije srednje škole,77
2013,Broj,Bratunac,M,Specijalizacija poslije srednje škole,61
2013,Broj,Bratunac,Ž,Specijalizacija poslije srednje škole,16
2013,Broj,Brod,Ukupno,Specijalizacija poslije srednje škole,187
2013,Broj,Brod,M,Specijalizacija poslije srednje škole,160
2013,Broj,Brod,Ž,Specijalizacija poslije srednje škole,27
2013,Broj,Višegrad,Ukupno,Specijalizacija poslije srednje škole,137
2013,Broj,Višegrad,M,Specijalizacija poslije srednje škole,120
2013,Broj,Višegrad,Ž,Specijalizacija poslije srednje škole,17
2013,Broj,Vlasenica,Ukupno,Specijalizacija poslije srednje škole,28
2013,Broj,Vlasenica,M,Specijalizacija poslije srednje škole,21
2013,Broj,Vlasenica,Ž,Specijalizacija poslije srednje škole,7
2013,Broj,Vukosavlje,Ukupno,Specijalizacija poslije srednje škole,14
2013,Broj,Vukosavlje,M,Specijalizacija poslije srednje škole,12
2013,Broj,Vukosavlje,Ž,Specijalizacija poslije srednje škole,2
2013,Broj,Gacko,Ukupno,Specijalizacija poslije srednje škole,269
2013,Broj,Gacko,M,Specijalizacija poslije srednje škole,249
2013,Broj,Gacko,Ž,Specijalizacija poslije srednje škole,20
2013,Broj,Grad Gradiška,Ukupno,Specijalizacija poslije srednje škole,192
2013,Broj,Grad Gradiška,M,Specijalizacija poslije srednje škole,142
2013,Broj,Grad Gradiška,Ž,Specijalizacija poslije srednje škole,50
2013,Broj,Grad Derventa,Ukupno,Specijalizacija poslije srednje škole,120
2013,Broj,Grad Derventa,M,Specijalizacija poslije srednje škole,94
2013,Broj,Grad Derventa,Ž,Specijalizacija poslije srednje škole,26
2013,Broj,Grad Doboj,Ukupno,Specijalizacija poslije srednje škole,507
2013,Broj,Grad Doboj,M,Specijalizacija poslije srednje škole,448
2013,Broj,Grad Doboj,Ž,Specijalizacija poslije srednje škole,59
2013,Broj,Donji Žabar,Ukupno,Specijalizacija poslije srednje škole,10
2013,Broj,Donji Žabar,M,Specijalizacija poslije srednje škole,8
2013,Broj,Donji Žabar,Ž,Specijalizacija poslije srednje škole,2
2013,Broj,Grad Zvornik,Ukupno,Specijalizacija poslije srednje škole,277
2013,Broj,Grad Zvornik,M,Specijalizacija poslije srednje škole,244
2013,Broj,Grad Zvornik,Ž,Specijalizacija poslije srednje škole,33
2013,Broj,Istočna Ilidža,Ukupno,Specijalizacija poslije srednje škole,140
2013,Broj,Istočna Ilidža,M,Specijalizacija poslije srednje škole,123
2013,Broj,Istočna Ilidža,Ž,Specijalizacija poslije srednje škole,17
2013,Broj,Istočni Drvar,Ukupno,Specijalizacija poslije srednje škole,1
2013,Broj,Istočni Drvar,M,Specijalizacija poslije srednje škole,0
2013,Broj,Istočni Drvar,Ž,Specijalizacija poslije srednje škole,1
2013,Broj,Istočni Mostar,Ukupno,Specijalizacija poslije srednje škole,0
2013,Broj,Istočni Mostar,M,Specijalizacija poslije srednje škole,0
2013,Broj,Istočni Mostar,Ž,Specijalizacija poslije srednje škole,0
2013,Broj,Istočni Stari Grad,Ukupno,Specijalizacija poslije srednje škole,16
2013,Broj,Istočni Stari Grad,M,Specijalizacija poslije srednje škole,15
2013,Broj,Istočni Stari Grad,Ž,Specijalizacija poslije srednje škole,1
2013,Broj,Istočno Novo Sarajevo,Ukupno,Specijalizacija poslije srednje škole,81
2013,Broj,Istočno Novo Sarajevo,M,Specijalizacija poslije srednje škole,69
2013,Broj,Istočno Novo Sarajevo,Ž,Specijalizacija poslije srednje škole,12
2013,Broj,Jezero,Ukupno,Specijalizacija poslije srednje škole,1
2013,Broj,Jezero,M,Specijalizacija poslije srednje škole,1
2013,Broj,Jezero,Ž,Specijalizacija poslije srednje škole,0
2013,Broj,Kalinovik,Ukupno,Specijalizacija poslije srednje škole,16
2013,Broj,Kalinovik,M,Specijalizacija poslije srednje škole,13
2013,Broj,Kalinovik,Ž,Specijalizacija poslije srednje škole,3
2013,Broj,Kneževo,Ukupno,Specijalizacija poslije srednje škole,12
2013,Broj,Kneževo,M,Specijalizacija poslije srednje škole,11
2013,Broj,Kneževo,Ž,Specijalizacija poslije srednje škole,1
2013,Broj,Kozarska Dubica,Ukupno,Specijalizacija poslije srednje škole,91
2013,Broj,Kozarska Dubica,M,Specijalizacija poslije srednje škole,64
2013,Broj,Kozarska Dubica,Ž,Specijalizacija poslije srednje škole,27
2013,Broj,Kostajnica,Ukupno,Specijalizacija poslije srednje škole,23
2013,Broj,Kostajnica,M,Specijalizacija poslije srednje škole,18
2013,Broj,Kostajnica,Ž,Specijalizacija poslije srednje škole,5
2013,Broj,Kotor Varoš,Ukupno,Specijalizacija poslije srednje škole,74
2013,Broj,Kotor Varoš,M,Specijalizacija poslije srednje škole,52
2013,Broj,Kotor Varoš,Ž,Specijalizacija poslije srednje škole,22
2013,Broj,Krupa Na Uni,Ukupno,Specijalizacija poslije srednje škole,5
2013,Broj,Krupa Na Uni,M,Specijalizacija poslije srednje škole,3
2013,Broj,Krupa Na Uni,Ž,Specijalizacija poslije srednje škole,2
2013,Broj,Kupres,Ukupno,Specijalizacija poslije srednje škole,1
2013,Broj,Kupres,M,Specijalizacija poslije srednje škole,0
2013,Broj,Kupres,Ž,Specijalizacija poslije srednje škole,1
2013,Broj,Laktaši,Ukupno,Specijalizacija poslije srednje škole,169
2013,Broj,Laktaši,M,Specijalizacija poslije srednje škole,141
2013,Broj,Laktaši,Ž,Specijalizacija poslije srednje škole,28
2013,Broj,Lopare,Ukupno,Specijalizacija poslije srednje škole,64
2013,Broj,Lopare,M,Specijalizacija poslije srednje škole,45
2013,Broj,Lopare,Ž,Specijalizacija poslije srednje škole,19
2013,Broj,Ljubinje,Ukupno,Specijalizacija poslije srednje škole,81
2013,Broj,Ljubinje,M,Specijalizacija poslije srednje škole,72
2013,Broj,Ljubinje,Ž,Specijalizacija poslije srednje škole,9
2013,Broj,Milići,Ukupno,Specijalizacija poslije srednje škole,15
2013,Broj,Milići,M,Specijalizacija poslije srednje škole,10
2013,Broj,Milići,Ž,Specijalizacija poslije srednje škole,5
2013,Broj,Modriča,Ukupno,Specijalizacija poslije srednje škole,132
2013,Broj,Modriča,M,Specijalizacija poslije srednje škole,103
2013,Broj,Modriča,Ž,Specijalizacija poslije srednje škole,29
2013,Broj,Mrkonjić Grad,Ukupno,Specijalizacija poslije srednje škole,89
2013,Broj,Mrkonjić Grad,M,Specijalizacija poslije srednje škole,71
2013,Broj,Mrkonjić Grad,Ž,Specijalizacija poslije srednje škole,18
2013,Broj,Nevesinje,Ukupno,Specijalizacija poslije srednje škole,56
2013,Broj,Nevesinje,M,Specijalizacija poslije srednje škole,51
2013,Broj,Nevesinje,Ž,Specijalizacija poslije srednje škole,5
2013,Broj,Novi Grad,Ukupno,Specijalizacija poslije srednje škole,104
2013,Broj,Novi Grad,M,Specijalizacija poslije srednje škole,75
2013,Broj,Novi Grad,Ž,Specijalizacija poslije srednje škole,29
2013,Broj,Novo Goražde,Ukupno,Specijalizacija poslije srednje škole,10
2013,Broj,Novo Goražde,M,Specijalizacija poslije srednje škole,10
2013,Broj,Novo Goražde,Ž,Specijalizacija poslije srednje škole,0
2013,Broj,Osmaci,Ukupno,Specijalizacija poslije srednje škole,15
2013,Broj,Osmaci,M,Specijalizacija poslije srednje škole,12
2013,Broj,Osmaci,Ž,Specijalizacija poslije srednje škole,3
2013,Broj,Oštra Luka,Ukupno,Specijalizacija poslije srednje škole,13
2013,Broj,Oštra Luka,M,Specijalizacija poslije srednje škole,11
2013,Broj,Oštra Luka,Ž,Specijalizacija poslije srednje škole,2
2013,Broj,Pale,Ukupno,Specijalizacija poslije srednje škole,247
2013,Broj,Pale,M,Specijalizacija poslije srednje škole,205
2013,Broj,Pale,Ž,Specijalizacija poslije srednje škole,42
2013,Broj,Pelagićevo,Ukupno,Specijalizacija poslije srednje škole,4
2013,Broj,Pelagićevo,M,Specijalizacija poslije srednje škole,3
2013,Broj,Pelagićevo,Ž,Specijalizacija poslije srednje škole,1
2013,Broj,Petrovac,Ukupno,Specijalizacija poslije srednje škole,0
2013,Broj,Petrovac,M,Specijalizacija poslije srednje škole,0
2013,Broj,Petrovac,Ž,Specijalizacija poslije srednje škole,0
2013,Broj,Petrovo,Ukupno,Specijalizacija poslije srednje škole,79
2013,Broj,Petrovo,M,Specijalizacija poslije srednje škole,74
2013,Broj,Petrovo,Ž,Specijalizacija poslije srednje škole,5
2013,Broj,Grad Prijedor,Ukupno,Specijalizacija poslije srednje škole,666
2013,Broj,Grad Prijedor,M,Specijalizacija poslije srednje škole,492
2013,Broj,Grad Prijedor,Ž,Specijalizacija poslije srednje škole,174
2013,Broj,Prnjavor,Ukupno,Specijalizacija poslije srednje škole,112
2013,Broj,Prnjavor,M,Specijalizacija poslije srednje škole,83
2013,Broj,Prnjavor,Ž,Specijalizacija poslije srednje škole,29
2013,Broj,Ribnik,Ukupno,Specijalizacija poslije srednje škole,14
2013,Broj,Ribnik,M,Specijalizacija poslije srednje škole,13
2013,Broj,Ribnik,Ž,Specijalizacija poslije srednje škole,1
2013,Broj,Rogatica,Ukupno,Specijalizacija poslije srednje škole,56
2013,Broj,Rogatica,M,Specijalizacija poslije srednje škole,49
2013,Broj,Rogatica,Ž,Specijalizacija poslije srednje škole,7
2013,Broj,Rudo,Ukupno,Specijalizacija poslije srednje škole,12
2013,Broj,Rudo,M,Specijalizacija poslije srednje škole,11
2013,Broj,Rudo,Ž,Specijalizacija poslije srednje škole,1
2013,Broj,Sokolac,Ukupno,Specijalizacija poslije srednje škole,71
2013,Broj,Sokolac,M,Specijalizacija poslije srednje škole,57
2013,Broj,Sokolac,Ž,Specijalizacija poslije srednje škole,14
2013,Broj,Srbac,Ukupno,Specijalizacija poslije srednje škole,61
2013,Broj,Srbac,M,Specijalizacija poslije srednje škole,46
2013,Broj,Srbac,Ž,Specijalizacija poslije srednje škole,15
2013,Broj,Srebrenica,Ukupno,Specijalizacija poslije srednje škole,33
2013,Broj,Srebrenica,M,Specijalizacija poslije srednje škole,26
2013,Broj,Srebrenica,Ž,Specijalizacija poslije srednje škole,7
2013,Broj,Teslić,Ukupno,Specijalizacija poslije srednje škole,170
2013,Broj,Teslić,M,Specijalizacija poslije srednje škole,138
2013,Broj,Teslić,Ž,Specijalizacija poslije srednje škole,32
2013,Broj,Grad Trebinje,Ukupno,Specijalizacija poslije srednje škole,432
2013,Broj,Grad Trebinje,M,Specijalizacija poslije srednje škole,394
2013,Broj,Grad Trebinje,Ž,Specijalizacija poslije srednje škole,38
2013,Broj,Trnovo,Ukupno,Specijalizacija poslije srednje škole,15
2013,Broj,Trnovo,M,Specijalizacija poslije srednje škole,13
2013,Broj,Trnovo,Ž,Specijalizacija poslije srednje škole,2
2013,Broj,Ugljevik,Ukupno,Specijalizacija poslije srednje škole,97
2013,Broj,Ugljevik,M,Specijalizacija poslije srednje škole,89
2013,Broj,Ugljevik,Ž,Specijalizacija poslije srednje škole,8
2013,Broj,Foča,Ukupno,Specijalizacija poslije srednje škole,107
2013,Broj,Foča,M,Specijalizacija poslije srednje škole,93
2013,Broj,Foča,Ž,Specijalizacija poslije srednje škole,14
2013,Broj,Han Pijesak,Ukupno,Specijalizacija poslije srednje škole,20
2013,Broj,Han Pijesak,M,Specijalizacija poslije srednje škole,20
2013,Broj,Han Pijesak,Ž,Specijalizacija poslije srednje škole,0
2013,Broj,Čajniče,Ukupno,Specijalizacija poslije srednje škole,38
2013,Broj,Čajniče,M,Specijalizacija poslije srednje škole,37
2013,Broj,Čajniče,Ž,Specijalizacija poslije srednje škole,1
2013,Broj,Čelinac,Ukupno,Specijalizacija poslije srednje škole,69
2013,Broj,Čelinac,M,Specijalizacija poslije srednje škole,62
2013,Broj,Čelinac,Ž,Specijalizacija poslije srednje škole,7
2013,Broj,Šamac,Ukupno,Specijalizacija poslije srednje škole,55
2013,Broj,Šamac,M,Specijalizacija poslije srednje škole,41
2013,Broj,Šamac,Ž,Specijalizacija poslije srednje škole,14
2013,Broj,Šekovići,Ukupno,Specijalizacija poslije srednje škole,16
2013,Broj,Šekovići,M,Specijalizacija poslije srednje škole,16
2013,Broj,Šekovići,Ž,Specijalizacija poslije srednje škole,0
2013,Broj,Šipovo,Ukupno,Specijalizacija poslije srednje škole,22
2013,Broj,Šipovo,M,Specijalizacija poslije srednje škole,20
2013,Broj,Šipovo,Ž,Specijalizacija poslije srednje škole,2
2013,Broj,Republika Srpska,Ukupno,Viša škola i prvi stepen fakulteta,33960
2013,Broj,Republika Srpska,M,Viša škola i prvi stepen fakulteta,19142
2013,Broj,Republika Srpska,Ž,Viša škola i prvi stepen fakulteta,14818
2013,Broj,Grad Banja Luka,Ukupno,Viša škola i prvi stepen fakulteta,7972
2013,Broj,Grad Banja Luka,M,Viša škola i prvi stepen fakulteta,4272
2013,Broj,Grad Banja Luka,Ž,Viša škola i prvi stepen fakulteta,3700
2013,Broj,Berkovići,Ukupno,Viša škola i prvi stepen fakulteta,47
2013,Broj,Berkovići,M,Viša škola i prvi stepen fakulteta,34
2013,Broj,Berkovići,Ž,Viša škola i prvi stepen fakulteta,13
2013,Broj,Grad Bijeljina,Ukupno,Viša škola i prvi stepen fakulteta,3354
2013,Broj,Grad Bijeljina,M,Viša škola i prvi stepen fakulteta,1805
2013,Broj,Grad Bijeljina,Ž,Viša škola i prvi stepen fakulteta,1549
2013,Broj,Bileća,Ukupno,Viša škola i prvi stepen fakulteta,434
2013,Broj,Bileća,M,Viša škola i prvi stepen fakulteta,249
2013,Broj,Bileća,Ž,Viša škola i prvi stepen fakulteta,185
2013,Broj,Bratunac,Ukupno,Viša škola i prvi stepen fakulteta,399
2013,Broj,Bratunac,M,Viša škola i prvi stepen fakulteta,230
2013,Broj,Bratunac,Ž,Viša škola i prvi stepen fakulteta,169
2013,Broj,Brod,Ukupno,Viša škola i prvi stepen fakulteta,374
2013,Broj,Brod,M,Viša škola i prvi stepen fakulteta,215
2013,Broj,Brod,Ž,Viša škola i prvi stepen fakulteta,159
2013,Broj,Višegrad,Ukupno,Viša škola i prvi stepen fakulteta,375
2013,Broj,Višegrad,M,Viša škola i prvi stepen fakulteta,196
2013,Broj,Višegrad,Ž,Viša škola i prvi stepen fakulteta,179
2013,Broj,Vlasenica,Ukupno,Viša škola i prvi stepen fakulteta,200
2013,Broj,Vlasenica,M,Viša škola i prvi stepen fakulteta,123
2013,Broj,Vlasenica,Ž,Viša škola i prvi stepen fakulteta,77
2013,Broj,Vukosavlje,Ukupno,Viša škola i prvi stepen fakulteta,39
2013,Broj,Vukosavlje,M,Viša škola i prvi stepen fakulteta,25
2013,Broj,Vukosavlje,Ž,Viša škola i prvi stepen fakulteta,14
2013,Broj,Gacko,Ukupno,Viša škola i prvi stepen fakulteta,335
2013,Broj,Gacko,M,Viša škola i prvi stepen fakulteta,191
2013,Broj,Gacko,Ž,Viša škola i prvi stepen fakulteta,144
2013,Broj,Grad Gradiška,Ukupno,Viša škola i prvi stepen fakulteta,1222
2013,Broj,Grad Gradiška,M,Viša škola i prvi stepen fakulteta,658
2013,Broj,Grad Gradiška,Ž,Viša škola i prvi stepen fakulteta,564
2013,Broj,Grad Derventa,Ukupno,Viša škola i prvi stepen fakulteta,542
2013,Broj,Grad Derventa,M,Viša škola i prvi stepen fakulteta,331
2013,Broj,Grad Derventa,Ž,Viša škola i prvi stepen fakulteta,211
2013,Broj,Grad Doboj,Ukupno,Viša škola i prvi stepen fakulteta,1827
2013,Broj,Grad Doboj,M,Viša škola i prvi stepen fakulteta,1078
2013,Broj,Grad Doboj,Ž,Viša škola i prvi stepen fakulteta,749
2013,Broj,Donji Žabar,Ukupno,Viša škola i prvi stepen fakulteta,37
2013,Broj,Donji Žabar,M,Viša škola i prvi stepen fakulteta,23
2013,Broj,Donji Žabar,Ž,Viša škola i prvi stepen fakulteta,14
2013,Broj,Grad Zvornik,Ukupno,Viša škola i prvi stepen fakulteta,1283
2013,Broj,Grad Zvornik,M,Viša škola i prvi stepen fakulteta,716
2013,Broj,Grad Zvornik,Ž,Viša škola i prvi stepen fakulteta,567
2013,Broj,Istočna Ilidža,Ukupno,Viša škola i prvi stepen fakulteta,513
2013,Broj,Istočna Ilidža,M,Viša škola i prvi stepen fakulteta,315
2013,Broj,Istočna Ilidža,Ž,Viša škola i prvi stepen fakulteta,198
2013,Broj,Istočni Drvar,Ukupno,Viša škola i prvi stepen fakulteta,5
2013,Broj,Istočni Drvar,M,Viša škola i prvi stepen fakulteta,5
2013,Broj,Istočni Drvar,Ž,Viša škola i prvi stepen fakulteta,0
2013,Broj,Istočni Mostar,Ukupno,Viša škola i prvi stepen fakulteta,2
2013,Broj,Istočni Mostar,M,Viša škola i prvi stepen fakulteta,2
2013,Broj,Istočni Mostar,Ž,Viša škola i prvi stepen fakulteta,0
2013,Broj,Istočni Stari Grad,Ukupno,Viša škola i prvi stepen fakulteta,27
2013,Broj,Istočni Stari Grad,M,Viša škola i prvi stepen fakulteta,14
2013,Broj,Istočni Stari Grad,Ž,Viša škola i prvi stepen fakulteta,13
2013,Broj,Istočno Novo Sarajevo,Ukupno,Viša škola i prvi stepen fakulteta,375
2013,Broj,Istočno Novo Sarajevo,M,Viša škola i prvi stepen fakulteta,225
2013,Broj,Istočno Novo Sarajevo,Ž,Viša škola i prvi stepen fakulteta,150
2013,Broj,Jezero,Ukupno,Viša škola i prvi stepen fakulteta,16
2013,Broj,Jezero,M,Viša škola i prvi stepen fakulteta,10
2013,Broj,Jezero,Ž,Viša škola i prvi stepen fakulteta,6
2013,Broj,Kalinovik,Ukupno,Viša škola i prvi stepen fakulteta,58
2013,Broj,Kalinovik,M,Viša škola i prvi stepen fakulteta,41
2013,Broj,Kalinovik,Ž,Viša škola i prvi stepen fakulteta,17
2013,Broj,Kneževo,Ukupno,Viša škola i prvi stepen fakulteta,125
2013,Broj,Kneževo,M,Viša škola i prvi stepen fakulteta,93
2013,Broj,Kneževo,Ž,Viša škola i prvi stepen fakulteta,32
2013,Broj,Kozarska Dubica,Ukupno,Viša škola i prvi stepen fakulteta,644
2013,Broj,Kozarska Dubica,M,Viša škola i prvi stepen fakulteta,345
2013,Broj,Kozarska Dubica,Ž,Viša škola i prvi stepen fakulteta,299
2013,Broj,Kostajnica,Ukupno,Viša škola i prvi stepen fakulteta,206
2013,Broj,Kostajnica,M,Viša škola i prvi stepen fakulteta,94
2013,Broj,Kostajnica,Ž,Viša škola i prvi stepen fakulteta,112
2013,Broj,Kotor Varoš,Ukupno,Viša škola i prvi stepen fakulteta,225
2013,Broj,Kotor Varoš,M,Viša škola i prvi stepen fakulteta,144
2013,Broj,Kotor Varoš,Ž,Viša škola i prvi stepen fakulteta,81
2013,Broj,Krupa Na Uni,Ukupno,Viša škola i prvi stepen fakulteta,11
2013,Broj,Krupa Na Uni,M,Viša škola i prvi stepen fakulteta,6
2013,Broj,Krupa Na Uni,Ž,Viša škola i prvi stepen fakulteta,5
2013,Broj,Kupres,Ukupno,Viša škola i prvi stepen fakulteta,2
2013,Broj,Kupres,M,Viša škola i prvi stepen fakulteta,2
2013,Broj,Kupres,Ž,Viša škola i prvi stepen fakulteta,0
2013,Broj,Laktaši,Ukupno,Viša škola i prvi stepen fakulteta,822
2013,Broj,Laktaši,M,Viša škola i prvi stepen fakulteta,462
2013,Broj,Laktaši,Ž,Viša škola i prvi stepen fakulteta,360
2013,Broj,Lopare,Ukupno,Viša škola i prvi stepen fakulteta,217
2013,Broj,Lopare,M,Viša škola i prvi stepen fakulteta,133
2013,Broj,Lopare,Ž,Viša škola i prvi stepen fakulteta,84
2013,Broj,Ljubinje,Ukupno,Viša škola i prvi stepen fakulteta,126
2013,Broj,Ljubinje,M,Viša škola i prvi stepen fakulteta,69
2013,Broj,Ljubinje,Ž,Viša škola i prvi stepen fakulteta,57
2013,Broj,Milići,Ukupno,Viša škola i prvi stepen fakulteta,213
2013,Broj,Milići,M,Viša škola i prvi stepen fakulteta,113
2013,Broj,Milići,Ž,Viša škola i prvi stepen fakulteta,100
2013,Broj,Modriča,Ukupno,Viša škola i prvi stepen fakulteta,483
2013,Broj,Modriča,M,Viša škola i prvi stepen fakulteta,303
2013,Broj,Modriča,Ž,Viša škola i prvi stepen fakulteta,180
2013,Broj,Mrkonjić Grad,Ukupno,Viša škola i prvi stepen fakulteta,350
2013,Broj,Mrkonjić Grad,M,Viša škola i prvi stepen fakulteta,204
2013,Broj,Mrkonjić Grad,Ž,Viša škola i prvi stepen fakulteta,146
2013,Broj,Nevesinje,Ukupno,Viša škola i prvi stepen fakulteta,384
2013,Broj,Nevesinje,M,Viša škola i prvi stepen fakulteta,236
2013,Broj,Nevesinje,Ž,Viša škola i prvi stepen fakulteta,148
2013,Broj,Novi Grad,Ukupno,Viša škola i prvi stepen fakulteta,714
2013,Broj,Novi Grad,M,Viša škola i prvi stepen fakulteta,366
2013,Broj,Novi Grad,Ž,Viša škola i prvi stepen fakulteta,348
2013,Broj,Novo Goražde,Ukupno,Viša škola i prvi stepen fakulteta,48
2013,Broj,Novo Goražde,M,Viša škola i prvi stepen fakulteta,39
2013,Broj,Novo Goražde,Ž,Viša škola i prvi stepen fakulteta,9
2013,Broj,Osmaci,Ukupno,Viša škola i prvi stepen fakulteta,65
2013,Broj,Osmaci,M,Viša škola i prvi stepen fakulteta,48
2013,Broj,Osmaci,Ž,Viša škola i prvi stepen fakulteta,17
2013,Broj,Oštra Luka,Ukupno,Viša škola i prvi stepen fakulteta,36
2013,Broj,Oštra Luka,M,Viša škola i prvi stepen fakulteta,16
2013,Broj,Oštra Luka,Ž,Viša škola i prvi stepen fakulteta,20
2013,Broj,Pale,Ukupno,Viša škola i prvi stepen fakulteta,645
2013,Broj,Pale,M,Viša škola i prvi stepen fakulteta,389
2013,Broj,Pale,Ž,Viša škola i prvi stepen fakulteta,256
2013,Broj,Pelagićevo,Ukupno,Viša škola i prvi stepen fakulteta,81
2013,Broj,Pelagićevo,M,Viša škola i prvi stepen fakulteta,44
2013,Broj,Pelagićevo,Ž,Viša škola i prvi stepen fakulteta,37
2013,Broj,Petrovac,Ukupno,Viša škola i prvi stepen fakulteta,11
2013,Broj,Petrovac,M,Viša škola i prvi stepen fakulteta,6
2013,Broj,Petrovac,Ž,Viša škola i prvi stepen fakulteta,5
2013,Broj,Petrovo,Ukupno,Viša škola i prvi stepen fakulteta,166
2013,Broj,Petrovo,M,Viša škola i prvi stepen fakulteta,109
2013,Broj,Petrovo,Ž,Viša škola i prvi stepen fakulteta,57
2013,Broj,Grad Prijedor,Ukupno,Viša škola i prvi stepen fakulteta,2448
2013,Broj,Grad Prijedor,M,Viša škola i prvi stepen fakulteta,1252
2013,Broj,Grad Prijedor,Ž,Viša škola i prvi stepen fakulteta,1196
2013,Broj,Prnjavor,Ukupno,Viša škola i prvi stepen fakulteta,670
2013,Broj,Prnjavor,M,Viša škola i prvi stepen fakulteta,388
2013,Broj,Prnjavor,Ž,Viša škola i prvi stepen fakulteta,282
2013,Broj,Ribnik,Ukupno,Viša škola i prvi stepen fakulteta,99
2013,Broj,Ribnik,M,Viša škola i prvi stepen fakulteta,68
2013,Broj,Ribnik,Ž,Viša škola i prvi stepen fakulteta,31
2013,Broj,Rogatica,Ukupno,Viša škola i prvi stepen fakulteta,315
2013,Broj,Rogatica,M,Viša škola i prvi stepen fakulteta,209
2013,Broj,Rogatica,Ž,Viša škola i prvi stepen fakulteta,106
2013,Broj,Rudo,Ukupno,Viša škola i prvi stepen fakulteta,277
2013,Broj,Rudo,M,Viša škola i prvi stepen fakulteta,175
2013,Broj,Rudo,Ž,Viša škola i prvi stepen fakulteta,102
2013,Broj,Sokolac,Ukupno,Viša škola i prvi stepen fakulteta,393
2013,Broj,Sokolac,M,Viša škola i prvi stepen fakulteta,237
2013,Broj,Sokolac,Ž,Viša škola i prvi stepen fakulteta,156
2013,Broj,Srbac,Ukupno,Viša škola i prvi stepen fakulteta,342
2013,Broj,Srbac,M,Viša škola i prvi stepen fakulteta,232
2013,Broj,Srbac,Ž,Viša škola i prvi stepen fakulteta,110
2013,Broj,Srebrenica,Ukupno,Viša škola i prvi stepen fakulteta,290
2013,Broj,Srebrenica,M,Viša škola i prvi stepen fakulteta,171
2013,Broj,Srebrenica,Ž,Viša škola i prvi stepen fakulteta,119
2013,Broj,Teslić,Ukupno,Viša škola i prvi stepen fakulteta,577
2013,Broj,Teslić,M,Viša škola i prvi stepen fakulteta,335
2013,Broj,Teslić,Ž,Viša škola i prvi stepen fakulteta,242
2013,Broj,Grad Trebinje,Ukupno,Viša škola i prvi stepen fakulteta,1442
2013,Broj,Grad Trebinje,M,Viša škola i prvi stepen fakulteta,806
2013,Broj,Grad Trebinje,Ž,Viša škola i prvi stepen fakulteta,636
2013,Broj,Trnovo,Ukupno,Viša škola i prvi stepen fakulteta,52
2013,Broj,Trnovo,M,Viša škola i prvi stepen fakulteta,37
2013,Broj,Trnovo,Ž,Viša škola i prvi stepen fakulteta,15
2013,Broj,Ugljevik,Ukupno,Viša škola i prvi stepen fakulteta,252
2013,Broj,Ugljevik,M,Viša škola i prvi stepen fakulteta,156
2013,Broj,Ugljevik,Ž,Viša škola i prvi stepen fakulteta,96
2013,Broj,Foča,Ukupno,Viša škola i prvi stepen fakulteta,510
2013,Broj,Foča,M,Viša škola i prvi stepen fakulteta,334
2013,Broj,Foča,Ž,Viša škola i prvi stepen fakulteta,176
2013,Broj,Han Pijesak,Ukupno,Viša škola i prvi stepen fakulteta,110
2013,Broj,Han Pijesak,M,Viša škola i prvi stepen fakulteta,67
2013,Broj,Han Pijesak,Ž,Viša škola i prvi stepen fakulteta,43
2013,Broj,Čajniče,Ukupno,Viša škola i prvi stepen fakulteta,75
2013,Broj,Čajniče,M,Viša škola i prvi stepen fakulteta,48
2013,Broj,Čajniče,Ž,Viša škola i prvi stepen fakulteta,27
2013,Broj,Čelinac,Ukupno,Viša škola i prvi stepen fakulteta,293
2013,Broj,Čelinac,M,Viša škola i prvi stepen fakulteta,186
2013,Broj,Čelinac,Ž,Viša škola i prvi stepen fakulteta,107
2013,Broj,Šamac,Ukupno,Viša škola i prvi stepen fakulteta,478
2013,Broj,Šamac,M,Viša škola i prvi stepen fakulteta,265
2013,Broj,Šamac,Ž,Viša škola i prvi stepen fakulteta,213
2013,Broj,Šekovići,Ukupno,Viša škola i prvi stepen fakulteta,136
2013,Broj,Šekovići,M,Viša škola i prvi stepen fakulteta,76
2013,Broj,Šekovići,Ž,Viša škola i prvi stepen fakulteta,60
2013,Broj,Šipovo,Ukupno,Viša škola i prvi stepen fakulteta,191
2013,Broj,Šipovo,M,Viša škola i prvi stepen fakulteta,121
2013,Broj,Šipovo,Ž,Viša škola i prvi stepen fakulteta,70
2013,Broj,Republika Srpska,Ukupno,Visoka škola / fakultet / akademija / univerzitet,87036
2013,Broj,Republika Srpska,M,Visoka škola / fakultet / akademija / univerzitet,42562
2013,Broj,Republika Srpska,Ž,Visoka škola / fakultet / akademija / univerzitet,44474
2013,Broj,Grad Banja Luka,Ukupno,Visoka škola / fakultet / akademija / univerzitet,25924
2013,Broj,Grad Banja Luka,M,Visoka škola / fakultet / akademija / univerzitet,12201
2013,Broj,Grad Banja Luka,Ž,Visoka škola / fakultet / akademija / univerzitet,13723
2013,Broj,Berkovići,Ukupno,Visoka škola / fakultet / akademija / univerzitet,92
2013,Broj,Berkovići,M,Visoka škola / fakultet / akademija / univerzitet,51
2013,Broj,Berkovići,Ž,Visoka škola / fakultet / akademija / univerzitet,41
2013,Broj,Grad Bijeljina,Ukupno,Visoka škola / fakultet / akademija / univerzitet,8088
2013,Broj,Grad Bijeljina,M,Visoka škola / fakultet / akademija / univerzitet,3846
2013,Broj,Grad Bijeljina,Ž,Visoka škola / fakultet / akademija / univerzitet,4242
2013,Broj,Bileća,Ukupno,Visoka škola / fakultet / akademija / univerzitet,791
2013,Broj,Bileća,M,Visoka škola / fakultet / akademija / univerzitet,443
2013,Broj,Bileća,Ž,Visoka škola / fakultet / akademija / univerzitet,348
2013,Broj,Bratunac,Ukupno,Visoka škola / fakultet / akademija / univerzitet,1014
2013,Broj,Bratunac,M,Visoka škola / fakultet / akademija / univerzitet,515
2013,Broj,Bratunac,Ž,Visoka škola / fakultet / akademija / univerzitet,499
2013,Broj,Brod,Ukupno,Visoka škola / fakultet / akademija / univerzitet,801
2013,Broj,Brod,M,Visoka škola / fakultet / akademija / univerzitet,389
2013,Broj,Brod,Ž,Visoka škola / fakultet / akademija / univerzitet,412
2013,Broj,Višegrad,Ukupno,Visoka škola / fakultet / akademija / univerzitet,818
2013,Broj,Višegrad,M,Visoka škola / fakultet / akademija / univerzitet,410
2013,Broj,Višegrad,Ž,Visoka škola / fakultet / akademija / univerzitet,408
2013,Broj,Vlasenica,Ukupno,Visoka škola / fakultet / akademija / univerzitet,641
2013,Broj,Vlasenica,M,Visoka škola / fakultet / akademija / univerzitet,316
2013,Broj,Vlasenica,Ž,Visoka škola / fakultet / akademija / univerzitet,325
2013,Broj,Vukosavlje,Ukupno,Visoka škola / fakultet / akademija / univerzitet,97
2013,Broj,Vukosavlje,M,Visoka škola / fakultet / akademija / univerzitet,55
2013,Broj,Vukosavlje,Ž,Visoka škola / fakultet / akademija / univerzitet,42
2013,Broj,Gacko,Ukupno,Visoka škola / fakultet / akademija / univerzitet,812
2013,Broj,Gacko,M,Visoka škola / fakultet / akademija / univerzitet,413
2013,Broj,Gacko,Ž,Visoka škola / fakultet / akademija / univerzitet,399
2013,Broj,Grad Gradiška,Ukupno,Visoka škola / fakultet / akademija / univerzitet,2538
2013,Broj,Grad Gradiška,M,Visoka škola / fakultet / akademija / univerzitet,1270
2013,Broj,Grad Gradiška,Ž,Visoka škola / fakultet / akademija / univerzitet,1268
2013,Broj,Grad Derventa,Ukupno,Visoka škola / fakultet / akademija / univerzitet,1242
2013,Broj,Grad Derventa,M,Visoka škola / fakultet / akademija / univerzitet,598
2013,Broj,Grad Derventa,Ž,Visoka škola / fakultet / akademija / univerzitet,644
2013,Broj,Grad Doboj,Ukupno,Visoka škola / fakultet / akademija / univerzitet,4634
2013,Broj,Grad Doboj,M,Visoka škola / fakultet / akademija / univerzitet,2420
2013,Broj,Grad Doboj,Ž,Visoka škola / fakultet / akademija / univerzitet,2214
2013,Broj,Donji Žabar,Ukupno,Visoka škola / fakultet / akademija / univerzitet,100
2013,Broj,Donji Žabar,M,Visoka škola / fakultet / akademija / univerzitet,59
2013,Broj,Donji Žabar,Ž,Visoka škola / fakultet / akademija / univerzitet,41
2013,Broj,Grad Zvornik,Ukupno,Visoka škola / fakultet / akademija / univerzitet,2964
2013,Broj,Grad Zvornik,M,Visoka škola / fakultet / akademija / univerzitet,1529
2013,Broj,Grad Zvornik,Ž,Visoka škola / fakultet / akademija / univerzitet,1435
2013,Broj,Istočna Ilidža,Ukupno,Visoka škola / fakultet / akademija / univerzitet,1844
2013,Broj,Istočna Ilidža,M,Visoka škola / fakultet / akademija / univerzitet,802
2013,Broj,Istočna Ilidža,Ž,Visoka škola / fakultet / akademija / univerzitet,1042
2013,Broj,Istočni Drvar,Ukupno,Visoka škola / fakultet / akademija / univerzitet,10
2013,Broj,Istočni Drvar,M,Visoka škola / fakultet / akademija / univerzitet,8
2013,Broj,Istočni Drvar,Ž,Visoka škola / fakultet / akademija / univerzitet,2
2013,Broj,Istočni Mostar,Ukupno,Visoka škola / fakultet / akademija / univerzitet,14
2013,Broj,Istočni Mostar,M,Visoka škola / fakultet / akademija / univerzitet,7
2013,Broj,Istočni Mostar,Ž,Visoka škola / fakultet / akademija / univerzitet,7
2013,Broj,Istočni Stari Grad,Ukupno,Visoka škola / fakultet / akademija / univerzitet,53
2013,Broj,Istočni Stari Grad,M,Visoka škola / fakultet / akademija / univerzitet,21
2013,Broj,Istočni Stari Grad,Ž,Visoka škola / fakultet / akademija / univerzitet,32
2013,Broj,Istočno Novo Sarajevo,Ukupno,Visoka škola / fakultet / akademija / univerzitet,1563
2013,Broj,Istočno Novo Sarajevo,M,Visoka škola / fakultet / akademija / univerzitet,745
2013,Broj,Istočno Novo Sarajevo,Ž,Visoka škola / fakultet / akademija / univerzitet,818
2013,Broj,Jezero,Ukupno,Visoka škola / fakultet / akademija / univerzitet,30
2013,Broj,Jezero,M,Visoka škola / fakultet / akademija / univerzitet,19
2013,Broj,Jezero,Ž,Visoka škola / fakultet / akademija / univerzitet,11
2013,Broj,Kalinovik,Ukupno,Visoka škola / fakultet / akademija / univerzitet,147
2013,Broj,Kalinovik,M,Visoka škola / fakultet / akademija / univerzitet,85
2013,Broj,Kalinovik,Ž,Visoka škola / fakultet / akademija / univerzitet,62
2013,Broj,Kneževo,Ukupno,Visoka škola / fakultet / akademija / univerzitet,334
2013,Broj,Kneževo,M,Visoka škola / fakultet / akademija / univerzitet,188
2013,Broj,Kneževo,Ž,Visoka škola / fakultet / akademija / univerzitet,146
2013,Broj,Kozarska Dubica,Ukupno,Visoka škola / fakultet / akademija / univerzitet,999
2013,Broj,Kozarska Dubica,M,Visoka škola / fakultet / akademija / univerzitet,501
2013,Broj,Kozarska Dubica,Ž,Visoka škola / fakultet / akademija / univerzitet,498
2013,Broj,Kostajnica,Ukupno,Visoka škola / fakultet / akademija / univerzitet,281
2013,Broj,Kostajnica,M,Visoka škola / fakultet / akademija / univerzitet,134
2013,Broj,Kostajnica,Ž,Visoka škola / fakultet / akademija / univerzitet,147
2013,Broj,Kotor Varoš,Ukupno,Visoka škola / fakultet / akademija / univerzitet,767
2013,Broj,Kotor Varoš,M,Visoka škola / fakultet / akademija / univerzitet,408
2013,Broj,Kotor Varoš,Ž,Visoka škola / fakultet / akademija / univerzitet,359
2013,Broj,Krupa Na Uni,Ukupno,Visoka škola / fakultet / akademija / univerzitet,13
2013,Broj,Krupa Na Uni,M,Visoka škola / fakultet / akademija / univerzitet,7
2013,Broj,Krupa Na Uni,Ž,Visoka škola / fakultet / akademija / univerzitet,6
2013,Broj,Kupres,Ukupno,Visoka škola / fakultet / akademija / univerzitet,4
2013,Broj,Kupres,M,Visoka škola / fakultet / akademija / univerzitet,3
2013,Broj,Kupres,Ž,Visoka škola / fakultet / akademija / univerzitet,1
2013,Broj,Laktaši,Ukupno,Visoka škola / fakultet / akademija / univerzitet,1729
2013,Broj,Laktaši,M,Visoka škola / fakultet / akademija / univerzitet,829
2013,Broj,Laktaši,Ž,Visoka škola / fakultet / akademija / univerzitet,900
2013,Broj,Lopare,Ukupno,Visoka škola / fakultet / akademija / univerzitet,560
2013,Broj,Lopare,M,Visoka škola / fakultet / akademija / univerzitet,264
2013,Broj,Lopare,Ž,Visoka škola / fakultet / akademija / univerzitet,296
2013,Broj,Ljubinje,Ukupno,Visoka škola / fakultet / akademija / univerzitet,255
2013,Broj,Ljubinje,M,Visoka škola / fakultet / akademija / univerzitet,145
2013,Broj,Ljubinje,Ž,Visoka škola / fakultet / akademija / univerzitet,110
2013,Broj,Milići,Ukupno,Visoka škola / fakultet / akademija / univerzitet,573
2013,Broj,Milići,M,Visoka škola / fakultet / akademija / univerzitet,295
2013,Broj,Milići,Ž,Visoka škola / fakultet / akademija / univerzitet,278
2013,Broj,Modriča,Ukupno,Visoka škola / fakultet / akademija / univerzitet,1186
2013,Broj,Modriča,M,Visoka škola / fakultet / akademija / univerzitet,605
2013,Broj,Modriča,Ž,Visoka škola / fakultet / akademija / univerzitet,581
2013,Broj,Mrkonjić Grad,Ukupno,Visoka škola / fakultet / akademija / univerzitet,832
2013,Broj,Mrkonjić Grad,M,Visoka škola / fakultet / akademija / univerzitet,410
2013,Broj,Mrkonjić Grad,Ž,Visoka škola / fakultet / akademija / univerzitet,422
2013,Broj,Nevesinje,Ukupno,Visoka škola / fakultet / akademija / univerzitet,856
2013,Broj,Nevesinje,M,Visoka škola / fakultet / akademija / univerzitet,459
2013,Broj,Nevesinje,Ž,Visoka škola / fakultet / akademija / univerzitet,397
2013,Broj,Novi Grad,Ukupno,Visoka škola / fakultet / akademija / univerzitet,1243
2013,Broj,Novi Grad,M,Visoka škola / fakultet / akademija / univerzitet,602
2013,Broj,Novi Grad,Ž,Visoka škola / fakultet / akademija / univerzitet,641
2013,Broj,Novo Goražde,Ukupno,Visoka škola / fakultet / akademija / univerzitet,145
2013,Broj,Novo Goražde,M,Visoka škola / fakultet / akademija / univerzitet,71
2013,Broj,Novo Goražde,Ž,Visoka škola / fakultet / akademija / univerzitet,74
2013,Broj,Osmaci,Ukupno,Visoka škola / fakultet / akademija / univerzitet,235
2013,Broj,Osmaci,M,Visoka škola / fakultet / akademija / univerzitet,148
2013,Broj,Osmaci,Ž,Visoka škola / fakultet / akademija / univerzitet,87
2013,Broj,Oštra Luka,Ukupno,Visoka škola / fakultet / akademija / univerzitet,55
2013,Broj,Oštra Luka,M,Visoka škola / fakultet / akademija / univerzitet,24
2013,Broj,Oštra Luka,Ž,Visoka škola / fakultet / akademija / univerzitet,31
2013,Broj,Pale,Ukupno,Visoka škola / fakultet / akademija / univerzitet,2538
2013,Broj,Pale,M,Visoka škola / fakultet / akademija / univerzitet,1148
2013,Broj,Pale,Ž,Visoka škola / fakultet / akademija / univerzitet,1390
2013,Broj,Pelagićevo,Ukupno,Visoka škola / fakultet / akademija / univerzitet,94
2013,Broj,Pelagićevo,M,Visoka škola / fakultet / akademija / univerzitet,53
2013,Broj,Pelagićevo,Ž,Visoka škola / fakultet / akademija / univerzitet,41
2013,Broj,Petrovac,Ukupno,Visoka škola / fakultet / akademija / univerzitet,26
2013,Broj,Petrovac,M,Visoka škola / fakultet / akademija / univerzitet,13
2013,Broj,Petrovac,Ž,Visoka škola / fakultet / akademija / univerzitet,13
2013,Broj,Petrovo,Ukupno,Visoka škola / fakultet / akademija / univerzitet,259
2013,Broj,Petrovo,M,Visoka škola / fakultet / akademija / univerzitet,134
2013,Broj,Petrovo,Ž,Visoka škola / fakultet / akademija / univerzitet,125
2013,Broj,Grad Prijedor,Ukupno,Visoka škola / fakultet / akademija / univerzitet,4646
2013,Broj,Grad Prijedor,M,Visoka škola / fakultet / akademija / univerzitet,2220
2013,Broj,Grad Prijedor,Ž,Visoka škola / fakultet / akademija / univerzitet,2426
2013,Broj,Prnjavor,Ukupno,Visoka škola / fakultet / akademija / univerzitet,1336
2013,Broj,Prnjavor,M,Visoka škola / fakultet / akademija / univerzitet,627
2013,Broj,Prnjavor,Ž,Visoka škola / fakultet / akademija / univerzitet,709
2013,Broj,Ribnik,Ukupno,Visoka škola / fakultet / akademija / univerzitet,195
2013,Broj,Ribnik,M,Visoka škola / fakultet / akademija / univerzitet,108
2013,Broj,Ribnik,Ž,Visoka škola / fakultet / akademija / univerzitet,87
2013,Broj,Rogatica,Ukupno,Visoka škola / fakultet / akademija / univerzitet,702
2013,Broj,Rogatica,M,Visoka škola / fakultet / akademija / univerzitet,354
2013,Broj,Rogatica,Ž,Visoka škola / fakultet / akademija / univerzitet,348
2013,Broj,Rudo,Ukupno,Visoka škola / fakultet / akademija / univerzitet,454
2013,Broj,Rudo,M,Visoka škola / fakultet / akademija / univerzitet,232
2013,Broj,Rudo,Ž,Visoka škola / fakultet / akademija / univerzitet,222
2013,Broj,Sokolac,Ukupno,Visoka škola / fakultet / akademija / univerzitet,1113
2013,Broj,Sokolac,M,Visoka škola / fakultet / akademija / univerzitet,529
2013,Broj,Sokolac,Ž,Visoka škola / fakultet / akademija / univerzitet,584
2013,Broj,Srbac,Ukupno,Visoka škola / fakultet / akademija / univerzitet,798
2013,Broj,Srbac,M,Visoka škola / fakultet / akademija / univerzitet,410
2013,Broj,Srbac,Ž,Visoka škola / fakultet / akademija / univerzitet,388
2013,Broj,Srebrenica,Ukupno,Visoka škola / fakultet / akademija / univerzitet,741
2013,Broj,Srebrenica,M,Visoka škola / fakultet / akademija / univerzitet,395
2013,Broj,Srebrenica,Ž,Visoka škola / fakultet / akademija / univerzitet,346
2013,Broj,Teslić,Ukupno,Visoka škola / fakultet / akademija / univerzitet,1351
2013,Broj,Teslić,M,Visoka škola / fakultet / akademija / univerzitet,689
2013,Broj,Teslić,Ž,Visoka škola / fakultet / akademija / univerzitet,662
2013,Broj,Grad Trebinje,Ukupno,Visoka škola / fakultet / akademija / univerzitet,3262
2013,Broj,Grad Trebinje,M,Visoka škola / fakultet / akademija / univerzitet,1642
2013,Broj,Grad Trebinje,Ž,Visoka škola / fakultet / akademija / univerzitet,1620
2013,Broj,Trnovo,Ukupno,Visoka škola / fakultet / akademija / univerzitet,139
2013,Broj,Trnovo,M,Visoka škola / fakultet / akademija / univerzitet,66
2013,Broj,Trnovo,Ž,Visoka škola / fakultet / akademija / univerzitet,73
2013,Broj,Ugljevik,Ukupno,Visoka škola / fakultet / akademija / univerzitet,903
2013,Broj,Ugljevik,M,Visoka škola / fakultet / akademija / univerzitet,443
2013,Broj,Ugljevik,Ž,Visoka škola / fakultet / akademija / univerzitet,460
2013,Broj,Foča,Ukupno,Visoka škola / fakultet / akademija / univerzitet,1422
2013,Broj,Foča,M,Visoka škola / fakultet / akademija / univerzitet,757
2013,Broj,Foča,Ž,Visoka škola / fakultet / akademija / univerzitet,665
2013,Broj,Han Pijesak,Ukupno,Visoka škola / fakultet / akademija / univerzitet,274
2013,Broj,Han Pijesak,M,Visoka škola / fakultet / akademija / univerzitet,138
2013,Broj,Han Pijesak,Ž,Visoka škola / fakultet / akademija / univerzitet,136
2013,Broj,Čajniče,Ukupno,Visoka škola / fakultet / akademija / univerzitet,280
2013,Broj,Čajniče,M,Visoka škola / fakultet / akademija / univerzitet,152
2013,Broj,Čajniče,Ž,Visoka škola / fakultet / akademija / univerzitet,128
2013,Broj,Čelinac,Ukupno,Visoka škola / fakultet / akademija / univerzitet,618
2013,Broj,Čelinac,M,Visoka škola / fakultet / akademija / univerzitet,290
2013,Broj,Čelinac,Ž,Visoka škola / fakultet / akademija / univerzitet,328
2013,Broj,Šamac,Ukupno,Visoka škola / fakultet / akademija / univerzitet,911
2013,Broj,Šamac,M,Visoka škola / fakultet / akademija / univerzitet,494
2013,Broj,Šamac,Ž,Visoka škola / fakultet / akademija / univerzitet,417
2013,Broj,Šekovići,Ukupno,Visoka škola / fakultet / akademija / univerzitet,267
2013,Broj,Šekovići,M,Visoka škola / fakultet / akademija / univerzitet,144
2013,Broj,Šekovići,Ž,Visoka škola / fakultet / akademija / univerzitet,123
2013,Broj,Šipovo,Ukupno,Visoka škola / fakultet / akademija / univerzitet,423
2013,Broj,Šipovo,M,Visoka škola / fakultet / akademija / univerzitet,229
2013,Broj,Šipovo,Ž,Visoka škola / fakultet / akademija / univerzitet,194
