Year,UNIT_MEASURE,Administrativna oblast,Pol,Pismenost,Value
2013,Broj,Republika Srpska,Ukupno,Nepismen,34928.0
2013,Broj,Republika Srpska,M,Nepismen,4987.0
2013,Broj,Republika Srpska,Ž,Nepismen,29941.0
2013,Broj,Grad Banja Luka,Ukupno,Nepismen,3503.0
2013,Broj,Grad Banja Luka,M,Nepismen,509.0
2013,Broj,Grad Banja Luka,Ž,Nepismen,2994.0
2013,Broj,Berkovići,Ukupno,Nepismen,47.0
2013,Broj,Berkovići,M,Nepismen,1.0
2013,Broj,Berkovići,Ž,Nepismen,46.0
2013,Broj,Grad Bijeljina,Ukupno,Nepismen,2541.0
2013,Broj,Grad Bijeljina,M,Nepismen,413.0
2013,Broj,Grad Bijeljina,Ž,Nepismen,2128.0
2013,Broj,Bileća,Ukupno,Nepismen,144.0
2013,Broj,Bileća,M,Nepismen,31.0
2013,Broj,Bileća,Ž,Nepismen,113.0
2013,Broj,Bratunac,Ukupno,Nepismen,865.0
2013,Broj,Bratunac,M,Nepismen,82.0
2013,Broj,Bratunac,Ž,Nepismen,783.0
2013,Broj,Brod,Ukupno,Nepismen,330.0
2013,Broj,Brod,M,Nepismen,53.0
2013,Broj,Brod,Ž,Nepismen,277.0
2013,Broj,Višegrad,Ukupno,Nepismen,358.0
2013,Broj,Višegrad,M,Nepismen,35.0
2013,Broj,Višegrad,Ž,Nepismen,323.0
2013,Broj,Vlasenica,Ukupno,Nepismen,350.0
2013,Broj,Vlasenica,M,Nepismen,49.0
2013,Broj,Vlasenica,Ž,Nepismen,301.0
2013,Broj,Vukosavlje,Ukupno,Nepismen,196.0
2013,Broj,Vukosavlje,M,Nepismen,31.0
2013,Broj,Vukosavlje,Ž,Nepismen,165.0
2013,Broj,Gacko,Ukupno,Nepismen,110.0
2013,Broj,Gacko,M,Nepismen,10.0
2013,Broj,Gacko,Ž,Nepismen,100.0
2013,Broj,Grad Gradiška,Ukupno,Nepismen,1526.0
2013,Broj,Grad Gradiška,M,Nepismen,204.0
2013,Broj,Grad Gradiška,Ž,Nepismen,1322.0
2013,Broj,Grad Derventa,Ukupno,Nepismen,812.0
2013,Broj,Grad Derventa,M,Nepismen,120.0
2013,Broj,Grad Derventa,Ž,Nepismen,692.0
2013,Broj,Grad Doboj,Ukupno,Nepismen,1979.0
2013,Broj,Grad Doboj,M,Nepismen,270.0
2013,Broj,Grad Doboj,Ž,Nepismen,1709.0
2013,Broj,Donji Žabar,Ukupno,Nepismen,128.0
2013,Broj,Donji Žabar,M,Nepismen,26.0
2013,Broj,Donji Žabar,Ž,Nepismen,102.0
2013,Broj,Grad Zvornik,Ukupno,Nepismen,2055.0
2013,Broj,Grad Zvornik,M,Nepismen,245.0
2013,Broj,Grad Zvornik,Ž,Nepismen,1810.0
2013,Broj,Istočna Ilidža,Ukupno,Nepismen,171.0
2013,Broj,Istočna Ilidža,M,Nepismen,22.0
2013,Broj,Istočna Ilidža,Ž,Nepismen,149.0
2013,Broj,Istočni Drvar,Ukupno,Nepismen,2.0
2013,Broj,Istočni Drvar,M,Nepismen,0.0
2013,Broj,Istočni Drvar,Ž,Nepismen,2.0
2013,Broj,Istočni Mostar,Ukupno,Nepismen,19.0
2013,Broj,Istočni Mostar,M,Nepismen,1.0
2013,Broj,Istočni Mostar,Ž,Nepismen,18.0
2013,Broj,Istočni Stari Grad,Ukupno,Nepismen,40.0
2013,Broj,Istočni Stari Grad,M,Nepismen,3.0
2013,Broj,Istočni Stari Grad,Ž,Nepismen,37.0
2013,Broj,Istočno Novo Sarajevo,Ukupno,Nepismen,80.0
2013,Broj,Istočno Novo Sarajevo,M,Nepismen,14.0
2013,Broj,Istočno Novo Sarajevo,Ž,Nepismen,66.0
2013,Broj,Jezero,Ukupno,Nepismen,43.0
2013,Broj,Jezero,M,Nepismen,7.0
2013,Broj,Jezero,Ž,Nepismen,36.0
2013,Broj,Kalinovik,Ukupno,Nepismen,86.0
2013,Broj,Kalinovik,M,Nepismen,5.0
2013,Broj,Kalinovik,Ž,Nepismen,81.0
2013,Broj,Kneževo,Ukupno,Nepismen,971.0
2013,Broj,Kneževo,M,Nepismen,146.0
2013,Broj,Kneževo,Ž,Nepismen,825.0
2013,Broj,Kozarska Dubica,Ukupno,Nepismen,590.0
2013,Broj,Kozarska Dubica,M,Nepismen,77.0
2013,Broj,Kozarska Dubica,Ž,Nepismen,513.0
2013,Broj,Kostajnica,Ukupno,Nepismen,115.0
2013,Broj,Kostajnica,M,Nepismen,14.0
2013,Broj,Kostajnica,Ž,Nepismen,101.0
2013,Broj,Kotor Varoš,Ukupno,Nepismen,1042.0
2013,Broj,Kotor Varoš,M,Nepismen,148.0
2013,Broj,Kotor Varoš,Ž,Nepismen,894.0
2013,Broj,Krupa Na Uni,Ukupno,Nepismen,145.0
2013,Broj,Krupa Na Uni,M,Nepismen,21.0
2013,Broj,Krupa Na Uni,Ž,Nepismen,124.0
2013,Broj,Kupres,Ukupno,Nepismen,81.0
2013,Broj,Kupres,M,Nepismen,27.0
2013,Broj,Kupres,Ž,Nepismen,54.0
2013,Broj,Laktaši,Ukupno,Nepismen,752.0
2013,Broj,Laktaši,M,Nepismen,117.0
2013,Broj,Laktaši,Ž,Nepismen,635.0
2013,Broj,Lopare,Ukupno,Nepismen,680.0
2013,Broj,Lopare,M,Nepismen,123.0
2013,Broj,Lopare,Ž,Nepismen,557.0
2013,Broj,Ljubinje,Ukupno,Nepismen,49.0
2013,Broj,Ljubinje,M,Nepismen,5.0
2013,Broj,Ljubinje,Ž,Nepismen,44.0
2013,Broj,Milići,Ukupno,Nepismen,399.0
2013,Broj,Milići,M,Nepismen,51.0
2013,Broj,Milići,Ž,Nepismen,348.0
2013,Broj,Modriča,Ukupno,Nepismen,736.0
2013,Broj,Modriča,M,Nepismen,119.0
2013,Broj,Modriča,Ž,Nepismen,617.0
2013,Broj,Mrkonjić Grad,Ukupno,Nepismen,821.0
2013,Broj,Mrkonjić Grad,M,Nepismen,95.0
2013,Broj,Mrkonjić Grad,Ž,Nepismen,726.0
2013,Broj,Nevesinje,Ukupno,Nepismen,305.0
2013,Broj,Nevesinje,M,Nepismen,32.0
2013,Broj,Nevesinje,Ž,Nepismen,273.0
2013,Broj,Novi Grad,Ukupno,Nepismen,666.0
2013,Broj,Novi Grad,M,Nepismen,106.0
2013,Broj,Novi Grad,Ž,Nepismen,560.0
2013,Broj,Novo Goražde,Ukupno,Nepismen,76.0
2013,Broj,Novo Goražde,M,Nepismen,5.0
2013,Broj,Novo Goražde,Ž,Nepismen,71.0
2013,Broj,Osmaci,Ukupno,Nepismen,264.0
2013,Broj,Osmaci,M,Nepismen,29.0
2013,Broj,Osmaci,Ž,Nepismen,235.0
2013,Broj,Oštra Luka,Ukupno,Nepismen,196.0
2013,Broj,Oštra Luka,M,Nepismen,32.0
2013,Broj,Oštra Luka,Ž,Nepismen,164.0
2013,Broj,Pale,Ukupno,Nepismen,293.0
2013,Broj,Pale,M,Nepismen,40.0
2013,Broj,Pale,Ž,Nepismen,253.0
2013,Broj,Pelagićevo,Ukupno,Nepismen,179.0
2013,Broj,Pelagićevo,M,Nepismen,29.0
2013,Broj,Pelagićevo,Ž,Nepismen,150.0
2013,Broj,Petrovac,Ukupno,Nepismen,6.0
2013,Broj,Petrovac,M,Nepismen,0.0
2013,Broj,Petrovac,Ž,Nepismen,6.0
2013,Broj,Petrovo,Ukupno,Nepismen,245.0
2013,Broj,Petrovo,M,Nepismen,28.0
2013,Broj,Petrovo,Ž,Nepismen,217.0
2013,Broj,Grad Prijedor,Ukupno,Nepismen,2172.0
2013,Broj,Grad Prijedor,M,Nepismen,422.0
2013,Broj,Grad Prijedor,Ž,Nepismen,1750.0
2013,Broj,Prnjavor,Ukupno,Nepismen,1408.0
2013,Broj,Prnjavor,M,Nepismen,203.0
2013,Broj,Prnjavor,Ž,Nepismen,1205.0
2013,Broj,Ribnik,Ukupno,Nepismen,456.0
2013,Broj,Ribnik,M,Nepismen,69.0
2013,Broj,Ribnik,Ž,Nepismen,387.0
2013,Broj,Rogatica,Ukupno,Nepismen,351.0
2013,Broj,Rogatica,M,Nepismen,38.0
2013,Broj,Rogatica,Ž,Nepismen,313.0
2013,Broj,Rudo,Ukupno,Nepismen,155.0
2013,Broj,Rudo,M,Nepismen,27.0
2013,Broj,Rudo,Ž,Nepismen,128.0
2013,Broj,Sokolac,Ukupno,Nepismen,231.0
2013,Broj,Sokolac,M,Nepismen,25.0
2013,Broj,Sokolac,Ž,Nepismen,206.0
2013,Broj,Srbac,Ukupno,Nepismen,539.0
2013,Broj,Srbac,M,Nepismen,102.0
2013,Broj,Srbac,Ž,Nepismen,437.0
2013,Broj,Srebrenica,Ukupno,Nepismen,627.0
2013,Broj,Srebrenica,M,Nepismen,64.0
2013,Broj,Srebrenica,Ž,Nepismen,563.0
2013,Broj,Teslić,Ukupno,Nepismen,1980.0
2013,Broj,Teslić,M,Nepismen,227.0
2013,Broj,Teslić,Ž,Nepismen,1753.0
2013,Broj,Grad Trebinje,Ukupno,Nepismen,237.0
2013,Broj,Grad Trebinje,M,Nepismen,31.0
2013,Broj,Grad Trebinje,Ž,Nepismen,206.0
2013,Broj,Trnovo,Ukupno,Nepismen,76.0
2013,Broj,Trnovo,M,Nepismen,10.0
2013,Broj,Trnovo,Ž,Nepismen,66.0
2013,Broj,Ugljevik,Ukupno,Nepismen,451.0
2013,Broj,Ugljevik,M,Nepismen,68.0
2013,Broj,Ugljevik,Ž,Nepismen,383.0
2013,Broj,Foča,Ukupno,Nepismen,391.0
2013,Broj,Foča,M,Nepismen,51.0
2013,Broj,Foča,Ž,Nepismen,340.0
2013,Broj,Han Pijesak,Ukupno,Nepismen,88.0
2013,Broj,Han Pijesak,M,Nepismen,10.0
2013,Broj,Han Pijesak,Ž,Nepismen,78.0
2013,Broj,Čajniče,Ukupno,Nepismen,140.0
2013,Broj,Čajniče,M,Nepismen,22.0
2013,Broj,Čajniče,Ž,Nepismen,118.0
2013,Broj,Čelinac,Ukupno,Nepismen,472.0
2013,Broj,Čelinac,M,Nepismen,56.0
2013,Broj,Čelinac,Ž,Nepismen,416.0
2013,Broj,Šamac,Ukupno,Nepismen,300.0
2013,Broj,Šamac,M,Nepismen,55.0
2013,Broj,Šamac,Ž,Nepismen,245.0
2013,Broj,Šekovići,Ukupno,Nepismen,427.0
2013,Broj,Šekovići,M,Nepismen,83.0
2013,Broj,Šekovići,Ž,Nepismen,344.0
2013,Broj,Šipovo,Ukupno,Nepismen,431.0
2013,Broj,Šipovo,M,Nepismen,49.0
2013,Broj,Šipovo,Ž,Nepismen,382.0
2013,% od ukupno,Republika Srpska,Ukupno,Nepismen,3.29
2013,% od ukupno,Republika Srpska,M,Nepismen,0.97
2013,% od ukupno,Republika Srpska,Ž,Nepismen,5.48
2013,% od ukupno,Grad Banja Luka,Ukupno,Nepismen,2.16
2013,% od ukupno,Grad Banja Luka,M,Nepismen,0.66
2013,% od ukupno,Grad Banja Luka,Ž,Nepismen,3.53
2013,% od ukupno,Berkovići,Ukupno,Nepismen,2.58
2013,% od ukupno,Berkovići,M,Nepismen,0.11
2013,% od ukupno,Berkovići,Ž,Nepismen,5.07
2013,% od ukupno,Grad Bijeljina,Ukupno,Nepismen,2.7
2013,% od ukupno,Grad Bijeljina,M,Nepismen,0.9
2013,% od ukupno,Grad Bijeljina,Ž,Nepismen,4.4
2013,% od ukupno,Bileća,Ukupno,Nepismen,1.49
2013,% od ukupno,Bileća,M,Nepismen,0.64
2013,% od ukupno,Bileća,Ž,Nepismen,2.35
2013,% od ukupno,Bratunac,Ukupno,Nepismen,5.16
2013,% od ukupno,Bratunac,M,Nepismen,1.0
2013,% od ukupno,Bratunac,Ž,Nepismen,9.17
2013,% od ukupno,Brod,Ukupno,Nepismen,2.31
2013,% od ukupno,Brod,M,Nepismen,0.77
2013,% od ukupno,Brod,Ž,Nepismen,3.76
2013,% od ukupno,Višegrad,Ukupno,Nepismen,3.82
2013,% od ukupno,Višegrad,M,Nepismen,0.78
2013,% od ukupno,Višegrad,Ž,Nepismen,6.59
2013,% od ukupno,Vlasenica,Ukupno,Nepismen,3.63
2013,% od ukupno,Vlasenica,M,Nepismen,1.05
2013,% od ukupno,Vlasenica,Ž,Nepismen,6.04
2013,% od ukupno,Vukosavlje,Ukupno,Nepismen,4.96
2013,% od ukupno,Vukosavlje,M,Nepismen,1.57
2013,% od ukupno,Vukosavlje,Ž,Nepismen,8.35
2013,% od ukupno,Gacko,Ukupno,Nepismen,1.4
2013,% od ukupno,Gacko,M,Nepismen,0.25
2013,% od ukupno,Gacko,Ž,Nepismen,2.58
2013,% od ukupno,Grad Gradiška,Ukupno,Nepismen,3.39
2013,% od ukupno,Grad Gradiška,M,Nepismen,0.94
2013,% od ukupno,Grad Gradiška,Ž,Nepismen,5.71
2013,% od ukupno,Grad Derventa,Ukupno,Nepismen,3.44
2013,% od ukupno,Grad Derventa,M,Nepismen,1.05
2013,% od ukupno,Grad Derventa,Ž,Nepismen,5.69
2013,% od ukupno,Grad Doboj,Ukupno,Nepismen,3.19
2013,% od ukupno,Grad Doboj,M,Nepismen,0.9
2013,% od ukupno,Grad Doboj,Ž,Nepismen,5.33
2013,% od ukupno,Donji Žabar,Ukupno,Nepismen,3.82
2013,% od ukupno,Donji Žabar,M,Nepismen,1.54
2013,% od ukupno,Donji Žabar,Ž,Nepismen,6.12
2013,% od ukupno,Grad Zvornik,Ukupno,Nepismen,4.23
2013,% od ukupno,Grad Zvornik,M,Nepismen,1.03
2013,% od ukupno,Grad Zvornik,Ž,Nepismen,7.32
2013,% od ukupno,Istočna Ilidža,Ukupno,Nepismen,1.3
2013,% od ukupno,Istočna Ilidža,M,Nepismen,0.35
2013,% od ukupno,Istočna Ilidža,Ž,Nepismen,2.17
2013,% od ukupno,Istočni Drvar,Ukupno,Nepismen,3.08
2013,% od ukupno,Istočni Drvar,M,Nepismen,0.0
2013,% od ukupno,Istočni Drvar,Ž,Nepismen,9.09
2013,% od ukupno,Istočni Mostar,Ukupno,Nepismen,8.41
2013,% od ukupno,Istočni Mostar,M,Nepismen,0.78
2013,% od ukupno,Istočni Mostar,Ž,Nepismen,18.37
2013,% od ukupno,Istočni Stari Grad,Ukupno,Nepismen,3.87
2013,% od ukupno,Istočni Stari Grad,M,Nepismen,0.59
2013,% od ukupno,Istočni Stari Grad,Ž,Nepismen,7.01
2013,% od ukupno,Istočno Novo Sarajevo,Ukupno,Nepismen,0.86
2013,% od ukupno,Istočno Novo Sarajevo,M,Nepismen,0.32
2013,% od ukupno,Istočno Novo Sarajevo,Ž,Nepismen,1.35
2013,% od ukupno,Jezero,Ukupno,Nepismen,4.52
2013,% od ukupno,Jezero,M,Nepismen,1.42
2013,% od ukupno,Jezero,Ž,Nepismen,7.84
2013,% od ukupno,Kalinovik,Ukupno,Nepismen,4.66
2013,% od ukupno,Kalinovik,M,Nepismen,0.56
2013,% od ukupno,Kalinovik,Ž,Nepismen,8.53
2013,% od ukupno,Kneževo,Ukupno,Nepismen,11.35
2013,% od ukupno,Kneževo,M,Nepismen,3.47
2013,% od ukupno,Kneževo,Ž,Nepismen,18.97
2013,% od ukupno,Kozarska Dubica,Ukupno,Nepismen,3.09
2013,% od ukupno,Kozarska Dubica,M,Nepismen,0.83
2013,% od ukupno,Kozarska Dubica,Ž,Nepismen,5.24
2013,% od ukupno,Kostajnica,Ukupno,Nepismen,2.21
2013,% od ukupno,Kostajnica,M,Nepismen,0.55
2013,% od ukupno,Kostajnica,Ž,Nepismen,3.81
2013,% od ukupno,Kotor Varoš,Ukupno,Nepismen,6.3
2013,% od ukupno,Kotor Varoš,M,Nepismen,1.83
2013,% od ukupno,Kotor Varoš,Ž,Nepismen,10.56
2013,% od ukupno,Krupa Na Uni,Ukupno,Nepismen,9.96
2013,% od ukupno,Krupa Na Uni,M,Nepismen,2.67
2013,% od ukupno,Krupa Na Uni,Ž,Nepismen,18.51
2013,% od ukupno,Kupres,Ukupno,Nepismen,28.93
2013,% od ukupno,Kupres,M,Nepismen,18.37
2013,% od ukupno,Kupres,Ž,Nepismen,40.6
2013,% od ukupno,Laktaši,Ukupno,Nepismen,2.45
2013,% od ukupno,Laktaši,M,Nepismen,0.77
2013,% od ukupno,Laktaši,Ž,Nepismen,4.08
2013,% od ukupno,Lopare,Ukupno,Nepismen,5.0
2013,% od ukupno,Lopare,M,Nepismen,1.8
2013,% od ukupno,Lopare,Ž,Nepismen,8.23
2013,% od ukupno,Ljubinje,Ukupno,Nepismen,1.61
2013,% od ukupno,Ljubinje,M,Nepismen,0.33
2013,% od ukupno,Ljubinje,Ž,Nepismen,2.85
2013,% od ukupno,Milići,Ukupno,Nepismen,4.21
2013,% od ukupno,Milići,M,Nepismen,1.07
2013,% od ukupno,Milići,Ž,Nepismen,7.36
2013,% od ukupno,Modriča,Ukupno,Nepismen,3.28
2013,% od ukupno,Modriča,M,Nepismen,1.09
2013,% od ukupno,Modriča,Ž,Nepismen,5.36
2013,% od ukupno,Mrkonjić Grad,Ukupno,Nepismen,5.65
2013,% od ukupno,Mrkonjić Grad,M,Nepismen,1.37
2013,% od ukupno,Mrkonjić Grad,Ž,Nepismen,9.56
2013,% od ukupno,Nevesinje,Ukupno,Nepismen,2.69
2013,% od ukupno,Nevesinje,M,Nepismen,0.57
2013,% od ukupno,Nevesinje,Ž,Nepismen,4.76
2013,% od ukupno,Novi Grad,Ukupno,Nepismen,2.86
2013,% od ukupno,Novi Grad,M,Nepismen,0.92
2013,% od ukupno,Novi Grad,Ž,Nepismen,4.78
2013,% od ukupno,Novo Goražde,Ukupno,Nepismen,2.8
2013,% od ukupno,Novo Goražde,M,Nepismen,0.36
2013,% od ukupno,Novo Goražde,Ž,Nepismen,5.42
2013,% od ukupno,Osmaci,Ukupno,Nepismen,5.26
2013,% od ukupno,Osmaci,M,Nepismen,1.16
2013,% od ukupno,Osmaci,Ž,Nepismen,9.31
2013,% od ukupno,Oštra Luka,Ukupno,Nepismen,7.94
2013,% od ukupno,Oštra Luka,M,Nepismen,2.53
2013,% od ukupno,Oštra Luka,Ž,Nepismen,13.62
2013,% od ukupno,Pale,Ukupno,Nepismen,1.58
2013,% od ukupno,Pale,M,Nepismen,0.45
2013,% od ukupno,Pale,Ž,Nepismen,2.59
2013,% od ukupno,Pelagićevo,Ukupno,Nepismen,4.39
2013,% od ukupno,Pelagićevo,M,Nepismen,1.44
2013,% od ukupno,Pelagićevo,Ž,Nepismen,7.26
2013,% od ukupno,Petrovac,Ukupno,Nepismen,1.86
2013,% od ukupno,Petrovac,M,Nepismen,0.0
2013,% od ukupno,Petrovac,Ž,Nepismen,3.49
2013,% od ukupno,Petrovo,Ukupno,Nepismen,4.2
2013,% od ukupno,Petrovo,M,Nepismen,1.0
2013,% od ukupno,Petrovo,Ž,Nepismen,7.14
2013,% od ukupno,Grad Prijedor,Ukupno,Nepismen,2.92
2013,% od ukupno,Grad Prijedor,M,Nepismen,1.17
2013,% od ukupno,Grad Prijedor,Ž,Nepismen,4.56
2013,% od ukupno,Prnjavor,Ukupno,Nepismen,4.51
2013,% od ukupno,Prnjavor,M,Nepismen,1.35
2013,% od ukupno,Prnjavor,Ž,Nepismen,7.46
2013,% od ukupno,Ribnik,Ukupno,Nepismen,8.5
2013,% od ukupno,Ribnik,M,Nepismen,2.6
2013,% od ukupno,Ribnik,Ž,Nepismen,14.25
2013,% od ukupno,Rogatica,Ukupno,Nepismen,3.76
2013,% od ukupno,Rogatica,M,Nepismen,0.83
2013,% od ukupno,Rogatica,Ž,Nepismen,6.56
2013,% od ukupno,Rudo,Ukupno,Nepismen,2.22
2013,% od ukupno,Rudo,M,Nepismen,0.77
2013,% od ukupno,Rudo,Ž,Nepismen,3.7
2013,% od ukupno,Sokolac,Ukupno,Nepismen,2.18
2013,% od ukupno,Sokolac,M,Nepismen,0.48
2013,% od ukupno,Sokolac,Ž,Nepismen,3.82
2013,% od ukupno,Srbac,Ukupno,Nepismen,3.5
2013,% od ukupno,Srbac,M,Nepismen,1.35
2013,% od ukupno,Srbac,Ž,Nepismen,5.55
2013,% od ukupno,Srebrenica,Ukupno,Nepismen,5.85
2013,% od ukupno,Srebrenica,M,Nepismen,1.22
2013,% od ukupno,Srebrenica,Ž,Nepismen,10.26
2013,% od ukupno,Teslić,Ukupno,Nepismen,5.93
2013,% od ukupno,Teslić,M,Nepismen,1.43
2013,% od ukupno,Teslić,Ž,Nepismen,10.0
2013,% od ukupno,Grad Trebinje,Ukupno,Nepismen,0.93
2013,% od ukupno,Grad Trebinje,M,Nepismen,0.25
2013,% od ukupno,Grad Trebinje,Ž,Nepismen,1.57
2013,% od ukupno,Trnovo,Ukupno,Nepismen,4.1
2013,% od ukupno,Trnovo,M,Nepismen,1.13
2013,% od ukupno,Trnovo,Ž,Nepismen,6.84
2013,% od ukupno,Ugljevik,Ukupno,Nepismen,3.29
2013,% od ukupno,Ugljevik,M,Nepismen,0.99
2013,% od ukupno,Ugljevik,Ž,Nepismen,5.61
2013,% od ukupno,Foča,Ukupno,Nepismen,2.41
2013,% od ukupno,Foča,M,Nepismen,0.63
2013,% od ukupno,Foča,Ž,Nepismen,4.21
2013,% od ukupno,Han Pijesak,Ukupno,Nepismen,2.76
2013,% od ukupno,Han Pijesak,M,Nepismen,0.67
2013,% od ukupno,Han Pijesak,Ž,Nepismen,4.61
2013,% od ukupno,Čajniče,Ukupno,Nepismen,3.26
2013,% od ukupno,Čajniče,M,Nepismen,1.02
2013,% od ukupno,Čajniče,Ž,Nepismen,5.55
2013,% od ukupno,Čelinac,Ukupno,Nepismen,3.46
2013,% od ukupno,Čelinac,M,Nepismen,0.83
2013,% od ukupno,Čelinac,Ž,Nepismen,6.01
2013,% od ukupno,Šamac,Ukupno,Nepismen,1.99
2013,% od ukupno,Šamac,M,Nepismen,0.76
2013,% od ukupno,Šamac,Ž,Nepismen,3.14
2013,% od ukupno,Šekovići,Ukupno,Nepismen,7.34
2013,% od ukupno,Šekovići,M,Nepismen,2.89
2013,% od ukupno,Šekovići,Ž,Nepismen,11.67
2013,% od ukupno,Šipovo,Ukupno,Nepismen,4.74
2013,% od ukupno,Šipovo,M,Nepismen,1.07
2013,% od ukupno,Šipovo,Ž,Nepismen,8.46
2013,Broj,Republika Srpska,Ukupno,Nepoznata pismenost,10476.0
2013,Broj,Republika Srpska,M,Nepoznata pismenost,3675.0
2013,Broj,Republika Srpska,Ž,Nepoznata pismenost,6801.0
2013,Broj,Grad Banja Luka,Ukupno,Nepoznata pismenost,1192.0
2013,Broj,Grad Banja Luka,M,Nepoznata pismenost,413.0
2013,Broj,Grad Banja Luka,Ž,Nepoznata pismenost,779.0
2013,Broj,Berkovići,Ukupno,Nepoznata pismenost,27.0
2013,Broj,Berkovići,M,Nepoznata pismenost,10.0
2013,Broj,Berkovići,Ž,Nepoznata pismenost,17.0
2013,Broj,Grad Bijeljina,Ukupno,Nepoznata pismenost,916.0
2013,Broj,Grad Bijeljina,M,Nepoznata pismenost,302.0
2013,Broj,Grad Bijeljina,Ž,Nepoznata pismenost,614.0
2013,Broj,Bileća,Ukupno,Nepoznata pismenost,83.0
2013,Broj,Bileća,M,Nepoznata pismenost,27.0
2013,Broj,Bileća,Ž,Nepoznata pismenost,56.0
2013,Broj,Bratunac,Ukupno,Nepoznata pismenost,239.0
2013,Broj,Bratunac,M,Nepoznata pismenost,80.0
2013,Broj,Bratunac,Ž,Nepoznata pismenost,159.0
2013,Broj,Brod,Ukupno,Nepoznata pismenost,178.0
2013,Broj,Brod,M,Nepoznata pismenost,59.0
2013,Broj,Brod,Ž,Nepoznata pismenost,119.0
2013,Broj,Višegrad,Ukupno,Nepoznata pismenost,91.0
2013,Broj,Višegrad,M,Nepoznata pismenost,32.0
2013,Broj,Višegrad,Ž,Nepoznata pismenost,59.0
2013,Broj,Vlasenica,Ukupno,Nepoznata pismenost,185.0
2013,Broj,Vlasenica,M,Nepoznata pismenost,65.0
2013,Broj,Vlasenica,Ž,Nepoznata pismenost,120.0
2013,Broj,Vukosavlje,Ukupno,Nepoznata pismenost,76.0
2013,Broj,Vukosavlje,M,Nepoznata pismenost,29.0
2013,Broj,Vukosavlje,Ž,Nepoznata pismenost,47.0
2013,Broj,Gacko,Ukupno,Nepoznata pismenost,71.0
2013,Broj,Gacko,M,Nepoznata pismenost,24.0
2013,Broj,Gacko,Ž,Nepoznata pismenost,47.0
2013,Broj,Grad Gradiška,Ukupno,Nepoznata pismenost,423.0
2013,Broj,Grad Gradiška,M,Nepoznata pismenost,163.0
2013,Broj,Grad Gradiška,Ž,Nepoznata pismenost,260.0
2013,Broj,Grad Derventa,Ukupno,Nepoznata pismenost,368.0
2013,Broj,Grad Derventa,M,Nepoznata pismenost,135.0
2013,Broj,Grad Derventa,Ž,Nepoznata pismenost,233.0
2013,Broj,Grad Doboj,Ukupno,Nepoznata pismenost,481.0
2013,Broj,Grad Doboj,M,Nepoznata pismenost,166.0
2013,Broj,Grad Doboj,Ž,Nepoznata pismenost,315.0
2013,Broj,Donji Žabar,Ukupno,Nepoznata pismenost,81.0
2013,Broj,Donji Žabar,M,Nepoznata pismenost,33.0
2013,Broj,Donji Žabar,Ž,Nepoznata pismenost,48.0
2013,Broj,Grad Zvornik,Ukupno,Nepoznata pismenost,666.0
2013,Broj,Grad Zvornik,M,Nepoznata pismenost,204.0
2013,Broj,Grad Zvornik,Ž,Nepoznata pismenost,462.0
2013,Broj,Istočna Ilidža,Ukupno,Nepoznata pismenost,67.0
2013,Broj,Istočna Ilidža,M,Nepoznata pismenost,21.0
2013,Broj,Istočna Ilidža,Ž,Nepoznata pismenost,46.0
2013,Broj,Istočni Drvar,Ukupno,Nepoznata pismenost,0.0
2013,Broj,Istočni Drvar,M,Nepoznata pismenost,0.0
2013,Broj,Istočni Drvar,Ž,Nepoznata pismenost,0.0
2013,Broj,Istočni Mostar,Ukupno,Nepoznata pismenost,0.0
2013,Broj,Istočni Mostar,M,Nepoznata pismenost,0.0
2013,Broj,Istočni Mostar,Ž,Nepoznata pismenost,0.0
2013,Broj,Istočni Stari Grad,Ukupno,Nepoznata pismenost,6.0
2013,Broj,Istočni Stari Grad,M,Nepoznata pismenost,2.0
2013,Broj,Istočni Stari Grad,Ž,Nepoznata pismenost,4.0
2013,Broj,Istočno Novo Sarajevo,Ukupno,Nepoznata pismenost,36.0
2013,Broj,Istočno Novo Sarajevo,M,Nepoznata pismenost,12.0
2013,Broj,Istočno Novo Sarajevo,Ž,Nepoznata pismenost,24.0
2013,Broj,Jezero,Ukupno,Nepoznata pismenost,6.0
2013,Broj,Jezero,M,Nepoznata pismenost,2.0
2013,Broj,Jezero,Ž,Nepoznata pismenost,4.0
2013,Broj,Kalinovik,Ukupno,Nepoznata pismenost,12.0
2013,Broj,Kalinovik,M,Nepoznata pismenost,5.0
2013,Broj,Kalinovik,Ž,Nepoznata pismenost,7.0
2013,Broj,Kneževo,Ukupno,Nepoznata pismenost,78.0
2013,Broj,Kneževo,M,Nepoznata pismenost,32.0
2013,Broj,Kneževo,Ž,Nepoznata pismenost,46.0
2013,Broj,Kozarska Dubica,Ukupno,Nepoznata pismenost,124.0
2013,Broj,Kozarska Dubica,M,Nepoznata pismenost,48.0
2013,Broj,Kozarska Dubica,Ž,Nepoznata pismenost,76.0
2013,Broj,Kostajnica,Ukupno,Nepoznata pismenost,34.0
2013,Broj,Kostajnica,M,Nepoznata pismenost,15.0
2013,Broj,Kostajnica,Ž,Nepoznata pismenost,19.0
2013,Broj,Kotor Varoš,Ukupno,Nepoznata pismenost,216.0
2013,Broj,Kotor Varoš,M,Nepoznata pismenost,73.0
2013,Broj,Kotor Varoš,Ž,Nepoznata pismenost,143.0
2013,Broj,Krupa Na Uni,Ukupno,Nepoznata pismenost,4.0
2013,Broj,Krupa Na Uni,M,Nepoznata pismenost,1.0
2013,Broj,Krupa Na Uni,Ž,Nepoznata pismenost,3.0
2013,Broj,Kupres,Ukupno,Nepoznata pismenost,1.0
2013,Broj,Kupres,M,Nepoznata pismenost,0.0
2013,Broj,Kupres,Ž,Nepoznata pismenost,1.0
2013,Broj,Laktaši,Ukupno,Nepoznata pismenost,314.0
2013,Broj,Laktaši,M,Nepoznata pismenost,117.0
2013,Broj,Laktaši,Ž,Nepoznata pismenost,197.0
2013,Broj,Lopare,Ukupno,Nepoznata pismenost,156.0
2013,Broj,Lopare,M,Nepoznata pismenost,62.0
2013,Broj,Lopare,Ž,Nepoznata pismenost,94.0
2013,Broj,Ljubinje,Ukupno,Nepoznata pismenost,22.0
2013,Broj,Ljubinje,M,Nepoznata pismenost,7.0
2013,Broj,Ljubinje,Ž,Nepoznata pismenost,15.0
2013,Broj,Milići,Ukupno,Nepoznata pismenost,157.0
2013,Broj,Milići,M,Nepoznata pismenost,42.0
2013,Broj,Milići,Ž,Nepoznata pismenost,115.0
2013,Broj,Modriča,Ukupno,Nepoznata pismenost,346.0
2013,Broj,Modriča,M,Nepoznata pismenost,128.0
2013,Broj,Modriča,Ž,Nepoznata pismenost,218.0
2013,Broj,Mrkonjić Grad,Ukupno,Nepoznata pismenost,177.0
2013,Broj,Mrkonjić Grad,M,Nepoznata pismenost,65.0
2013,Broj,Mrkonjić Grad,Ž,Nepoznata pismenost,112.0
2013,Broj,Nevesinje,Ukupno,Nepoznata pismenost,95.0
2013,Broj,Nevesinje,M,Nepoznata pismenost,40.0
2013,Broj,Nevesinje,Ž,Nepoznata pismenost,55.0
2013,Broj,Novi Grad,Ukupno,Nepoznata pismenost,265.0
2013,Broj,Novi Grad,M,Nepoznata pismenost,96.0
2013,Broj,Novi Grad,Ž,Nepoznata pismenost,169.0
2013,Broj,Novo Goražde,Ukupno,Nepoznata pismenost,16.0
2013,Broj,Novo Goražde,M,Nepoznata pismenost,3.0
2013,Broj,Novo Goražde,Ž,Nepoznata pismenost,13.0
2013,Broj,Osmaci,Ukupno,Nepoznata pismenost,41.0
2013,Broj,Osmaci,M,Nepoznata pismenost,15.0
2013,Broj,Osmaci,Ž,Nepoznata pismenost,26.0
2013,Broj,Oštra Luka,Ukupno,Nepoznata pismenost,19.0
2013,Broj,Oštra Luka,M,Nepoznata pismenost,10.0
2013,Broj,Oštra Luka,Ž,Nepoznata pismenost,9.0
2013,Broj,Pale,Ukupno,Nepoznata pismenost,99.0
2013,Broj,Pale,M,Nepoznata pismenost,31.0
2013,Broj,Pale,Ž,Nepoznata pismenost,68.0
2013,Broj,Pelagićevo,Ukupno,Nepoznata pismenost,132.0
2013,Broj,Pelagićevo,M,Nepoznata pismenost,59.0
2013,Broj,Pelagićevo,Ž,Nepoznata pismenost,73.0
2013,Broj,Petrovac,Ukupno,Nepoznata pismenost,1.0
2013,Broj,Petrovac,M,Nepoznata pismenost,1.0
2013,Broj,Petrovac,Ž,Nepoznata pismenost,0.0
2013,Broj,Petrovo,Ukupno,Nepoznata pismenost,35.0
2013,Broj,Petrovo,M,Nepoznata pismenost,13.0
2013,Broj,Petrovo,Ž,Nepoznata pismenost,22.0
2013,Broj,Grad Prijedor,Ukupno,Nepoznata pismenost,816.0
2013,Broj,Grad Prijedor,M,Nepoznata pismenost,283.0
2013,Broj,Grad Prijedor,Ž,Nepoznata pismenost,533.0
2013,Broj,Prnjavor,Ukupno,Nepoznata pismenost,223.0
2013,Broj,Prnjavor,M,Nepoznata pismenost,90.0
2013,Broj,Prnjavor,Ž,Nepoznata pismenost,133.0
2013,Broj,Ribnik,Ukupno,Nepoznata pismenost,41.0
2013,Broj,Ribnik,M,Nepoznata pismenost,13.0
2013,Broj,Ribnik,Ž,Nepoznata pismenost,28.0
2013,Broj,Rogatica,Ukupno,Nepoznata pismenost,110.0
2013,Broj,Rogatica,M,Nepoznata pismenost,24.0
2013,Broj,Rogatica,Ž,Nepoznata pismenost,86.0
2013,Broj,Rudo,Ukupno,Nepoznata pismenost,40.0
2013,Broj,Rudo,M,Nepoznata pismenost,16.0
2013,Broj,Rudo,Ž,Nepoznata pismenost,24.0
2013,Broj,Sokolac,Ukupno,Nepoznata pismenost,69.0
2013,Broj,Sokolac,M,Nepoznata pismenost,29.0
2013,Broj,Sokolac,Ž,Nepoznata pismenost,40.0
2013,Broj,Srbac,Ukupno,Nepoznata pismenost,250.0
2013,Broj,Srbac,M,Nepoznata pismenost,90.0
2013,Broj,Srbac,Ž,Nepoznata pismenost,160.0
2013,Broj,Srebrenica,Ukupno,Nepoznata pismenost,134.0
2013,Broj,Srebrenica,M,Nepoznata pismenost,26.0
2013,Broj,Srebrenica,Ž,Nepoznata pismenost,108.0
2013,Broj,Teslić,Ukupno,Nepoznata pismenost,346.0
2013,Broj,Teslić,M,Nepoznata pismenost,124.0
2013,Broj,Teslić,Ž,Nepoznata pismenost,222.0
2013,Broj,Grad Trebinje,Ukupno,Nepoznata pismenost,188.0
2013,Broj,Grad Trebinje,M,Nepoznata pismenost,59.0
2013,Broj,Grad Trebinje,Ž,Nepoznata pismenost,129.0
2013,Broj,Trnovo,Ukupno,Nepoznata pismenost,12.0
2013,Broj,Trnovo,M,Nepoznata pismenost,4.0
2013,Broj,Trnovo,Ž,Nepoznata pismenost,8.0
2013,Broj,Ugljevik,Ukupno,Nepoznata pismenost,98.0
2013,Broj,Ugljevik,M,Nepoznata pismenost,37.0
2013,Broj,Ugljevik,Ž,Nepoznata pismenost,61.0
2013,Broj,Foča,Ukupno,Nepoznata pismenost,128.0
2013,Broj,Foča,M,Nepoznata pismenost,51.0
2013,Broj,Foča,Ž,Nepoznata pismenost,77.0
2013,Broj,Han Pijesak,Ukupno,Nepoznata pismenost,13.0
2013,Broj,Han Pijesak,M,Nepoznata pismenost,4.0
2013,Broj,Han Pijesak,Ž,Nepoznata pismenost,9.0
2013,Broj,Čajniče,Ukupno,Nepoznata pismenost,24.0
2013,Broj,Čajniče,M,Nepoznata pismenost,9.0
2013,Broj,Čajniče,Ž,Nepoznata pismenost,15.0
2013,Broj,Čelinac,Ukupno,Nepoznata pismenost,126.0
2013,Broj,Čelinac,M,Nepoznata pismenost,54.0
2013,Broj,Čelinac,Ž,Nepoznata pismenost,72.0
2013,Broj,Šamac,Ukupno,Nepoznata pismenost,185.0
2013,Broj,Šamac,M,Nepoznata pismenost,64.0
2013,Broj,Šamac,Ž,Nepoznata pismenost,121.0
2013,Broj,Šekovići,Ukupno,Nepoznata pismenost,65.0
2013,Broj,Šekovići,M,Nepoznata pismenost,27.0
2013,Broj,Šekovići,Ž,Nepoznata pismenost,38.0
2013,Broj,Šipovo,Ukupno,Nepoznata pismenost,72.0
2013,Broj,Šipovo,M,Nepoznata pismenost,29.0
2013,Broj,Šipovo,Ž,Nepoznata pismenost,43.0
