Year,UNIT_MEASURE,Administrativno područje,Pol,Education,Value
2013,Broj,Republika Srpska,Oba pola,Bez obrazovanja,58651
2013,Broj,Republika Srpska,M,Bez obrazovanja,9370
2013,Broj,Republika Srpska,Ž,Bez obrazovanja,49281
2013,Broj,Grad Banja Luka,Oba pola,Bez obrazovanja,5673
2013,Broj,Grad Banja Luka,M,Bez obrazovanja,921
2013,Broj,Grad Banja Luka,Ž,Bez obrazovanja,4752
2013,Broj,Berkovići,Oba pola,Bez obrazovanja,104
2013,Broj,Berkovići,M,Bez obrazovanja,8
2013,Broj,Berkovići,Ž,Bez obrazovanja,96
2013,Broj,Grad Bijeljina,Oba pola,Bez obrazovanja,3916
2013,Broj,Grad Bijeljina,M,Bez obrazovanja,650
2013,Broj,Grad Bijeljina,Ž,Bez obrazovanja,3266
2013,Broj,Bileća,Oba pola,Bez obrazovanja,246
2013,Broj,Bileća,M,Bez obrazovanja,42
2013,Broj,Bileća,Ž,Bez obrazovanja,204
2013,Broj,Bratunac,Oba pola,Bez obrazovanja,1297
2013,Broj,Bratunac,M,Bez obrazovanja,166
2013,Broj,Bratunac,Ž,Bez obrazovanja,1131
2013,Broj,Brod,Oba pola,Bez obrazovanja,586
2013,Broj,Brod,M,Bez obrazovanja,90
2013,Broj,Brod,Ž,Bez obrazovanja,496
2013,Broj,Višegrad,Oba pola,Bez obrazovanja,576
2013,Broj,Višegrad,M,Bez obrazovanja,65
2013,Broj,Višegrad,Ž,Bez obrazovanja,511
2013,Broj,Vlasenica,Oba pola,Bez obrazovanja,629
2013,Broj,Vlasenica,M,Bez obrazovanja,101
2013,Broj,Vlasenica,Ž,Bez obrazovanja,528
2013,Broj,Vukosavlje,Oba pola,Bez obrazovanja,329
2013,Broj,Vukosavlje,M,Bez obrazovanja,69
2013,Broj,Vukosavlje,Ž,Bez obrazovanja,260
2013,Broj,Gacko,Oba pola,Bez obrazovanja,268
2013,Broj,Gacko,M,Bez obrazovanja,22
2013,Broj,Gacko,Ž,Bez obrazovanja,246
2013,Broj,Grad Gradiška,Oba pola,Bez obrazovanja,2608
2013,Broj,Grad Gradiška,M,Bez obrazovanja,425
2013,Broj,Grad Gradiška,Ž,Bez obrazovanja,2183
2013,Broj,Grad Derventa,Oba pola,Bez obrazovanja,1538
2013,Broj,Grad Derventa,M,Bez obrazovanja,281
2013,Broj,Grad Derventa,Ž,Bez obrazovanja,1257
2013,Broj,Grad Doboj,Oba pola,Bez obrazovanja,3364
2013,Broj,Grad Doboj,M,Bez obrazovanja,496
2013,Broj,Grad Doboj,Ž,Bez obrazovanja,2868
2013,Broj,Donji Žabar,Oba pola,Bez obrazovanja,209
2013,Broj,Donji Žabar,M,Bez obrazovanja,37
2013,Broj,Donji Žabar,Ž,Bez obrazovanja,172
2013,Broj,Grad Zvornik,Oba pola,Bez obrazovanja,3216
2013,Broj,Grad Zvornik,M,Bez obrazovanja,484
2013,Broj,Grad Zvornik,Ž,Bez obrazovanja,2732
2013,Broj,Istočna Ilidža,Oba pola,Bez obrazovanja,280
2013,Broj,Istočna Ilidža,M,Bez obrazovanja,33
2013,Broj,Istočna Ilidža,Ž,Bez obrazovanja,247
2013,Broj,Istočni Drvar,Oba pola,Bez obrazovanja,5
2013,Broj,Istočni Drvar,M,Bez obrazovanja,0
2013,Broj,Istočni Drvar,Ž,Bez obrazovanja,5
2013,Broj,Istočni Mostar,Oba pola,Bez obrazovanja,19
2013,Broj,Istočni Mostar,M,Bez obrazovanja,1
2013,Broj,Istočni Mostar,Ž,Bez obrazovanja,18
2013,Broj,Istočni Stari Grad,Oba pola,Bez obrazovanja,61
2013,Broj,Istočni Stari Grad,M,Bez obrazovanja,5
2013,Broj,Istočni Stari Grad,Ž,Bez obrazovanja,56
2013,Broj,Istočno Novo Sarajevo,Oba pola,Bez obrazovanja,191
2013,Broj,Istočno Novo Sarajevo,M,Bez obrazovanja,25
2013,Broj,Istočno Novo Sarajevo,Ž,Bez obrazovanja,166
2013,Broj,Jezero,Oba pola,Bez obrazovanja,79
2013,Broj,Jezero,M,Bez obrazovanja,14
2013,Broj,Jezero,Ž,Bez obrazovanja,65
2013,Broj,Kalinovik,Oba pola,Bez obrazovanja,158
2013,Broj,Kalinovik,M,Bez obrazovanja,11
2013,Broj,Kalinovik,Ž,Bez obrazovanja,147
2013,Broj,Kneževo,Oba pola,Bez obrazovanja,1390
2013,Broj,Kneževo,M,Bez obrazovanja,311
2013,Broj,Kneževo,Ž,Bez obrazovanja,1079
2013,Broj,Kozarska Dubica,Oba pola,Bez obrazovanja,984
2013,Broj,Kozarska Dubica,M,Bez obrazovanja,154
2013,Broj,Kozarska Dubica,Ž,Bez obrazovanja,830
2013,Broj,Kostajnica,Oba pola,Bez obrazovanja,163
2013,Broj,Kostajnica,M,Bez obrazovanja,28
2013,Broj,Kostajnica,Ž,Bez obrazovanja,135
2013,Broj,Kotor Varoš,Oba pola,Bez obrazovanja,1503
2013,Broj,Kotor Varoš,M,Bez obrazovanja,282
2013,Broj,Kotor Varoš,Ž,Bez obrazovanja,1221
2013,Broj,Krupa Na Uni,Oba pola,Bez obrazovanja,157
2013,Broj,Krupa Na Uni,M,Bez obrazovanja,19
2013,Broj,Krupa Na Uni,Ž,Bez obrazovanja,138
2013,Broj,Kupres,Oba pola,Bez obrazovanja,103
2013,Broj,Kupres,M,Bez obrazovanja,33
2013,Broj,Kupres,Ž,Bez obrazovanja,70
2013,Broj,Laktaši,Oba pola,Bez obrazovanja,1363
2013,Broj,Laktaši,M,Bez obrazovanja,229
2013,Broj,Laktaši,Ž,Bez obrazovanja,1134
2013,Broj,Lopare,Oba pola,Bez obrazovanja,1235
2013,Broj,Lopare,M,Bez obrazovanja,243
2013,Broj,Lopare,Ž,Bez obrazovanja,992
2013,Broj,Ljubinje,Oba pola,Bez obrazovanja,110
2013,Broj,Ljubinje,M,Bez obrazovanja,12
2013,Broj,Ljubinje,Ž,Bez obrazovanja,98
2013,Broj,Milići,Oba pola,Bez obrazovanja,643
2013,Broj,Milići,M,Bez obrazovanja,96
2013,Broj,Milići,Ž,Bez obrazovanja,547
2013,Broj,Modriča,Oba pola,Bez obrazovanja,1278
2013,Broj,Modriča,M,Bez obrazovanja,241
2013,Broj,Modriča,Ž,Bez obrazovanja,1037
2013,Broj,Mrkonjić Grad,Oba pola,Bez obrazovanja,1462
2013,Broj,Mrkonjić Grad,M,Bez obrazovanja,213
2013,Broj,Mrkonjić Grad,Ž,Bez obrazovanja,1249
2013,Broj,Nevesinje,Oba pola,Bez obrazovanja,545
2013,Broj,Nevesinje,M,Bez obrazovanja,56
2013,Broj,Nevesinje,Ž,Bez obrazovanja,489
2013,Broj,Novi Grad,Oba pola,Bez obrazovanja,1036
2013,Broj,Novi Grad,M,Bez obrazovanja,171
2013,Broj,Novi Grad,Ž,Bez obrazovanja,865
2013,Broj,Novo Goražde,Oba pola,Bez obrazovanja,127
2013,Broj,Novo Goražde,M,Bez obrazovanja,21
2013,Broj,Novo Goražde,Ž,Bez obrazovanja,106
2013,Broj,Osmaci,Oba pola,Bez obrazovanja,397
2013,Broj,Osmaci,M,Bez obrazovanja,62
2013,Broj,Osmaci,Ž,Bez obrazovanja,335
2013,Broj,Oštra Luka,Oba pola,Bez obrazovanja,247
2013,Broj,Oštra Luka,M,Bez obrazovanja,43
2013,Broj,Oštra Luka,Ž,Bez obrazovanja,204
2013,Broj,Pale,Oba pola,Bez obrazovanja,606
2013,Broj,Pale,M,Bez obrazovanja,80
2013,Broj,Pale,Ž,Bez obrazovanja,526
2013,Broj,Pelagićevo,Oba pola,Bez obrazovanja,290
2013,Broj,Pelagićevo,M,Bez obrazovanja,46
2013,Broj,Pelagićevo,Ž,Bez obrazovanja,244
2013,Broj,Petrovac,Oba pola,Bez obrazovanja,11
2013,Broj,Petrovac,M,Bez obrazovanja,0
2013,Broj,Petrovac,Ž,Bez obrazovanja,11
2013,Broj,Petrovo,Oba pola,Bez obrazovanja,403
2013,Broj,Petrovo,M,Bez obrazovanja,48
2013,Broj,Petrovo,Ž,Bez obrazovanja,355
2013,Broj,Grad Prijedor,Oba pola,Bez obrazovanja,3918
2013,Broj,Grad Prijedor,M,Bez obrazovanja,760
2013,Broj,Grad Prijedor,Ž,Bez obrazovanja,3158
2013,Broj,Prnjavor,Oba pola,Bez obrazovanja,2654
2013,Broj,Prnjavor,M,Bez obrazovanja,391
2013,Broj,Prnjavor,Ž,Bez obrazovanja,2263
2013,Broj,Ribnik,Oba pola,Bez obrazovanja,680
2013,Broj,Ribnik,M,Bez obrazovanja,118
2013,Broj,Ribnik,Ž,Bez obrazovanja,562
2013,Broj,Rogatica,Oba pola,Bez obrazovanja,633
2013,Broj,Rogatica,M,Bez obrazovanja,89
2013,Broj,Rogatica,Ž,Bez obrazovanja,544
2013,Broj,Rudo,Oba pola,Bez obrazovanja,279
2013,Broj,Rudo,M,Bez obrazovanja,38
2013,Broj,Rudo,Ž,Bez obrazovanja,241
2013,Broj,Sokolac,Oba pola,Bez obrazovanja,392
2013,Broj,Sokolac,M,Bez obrazovanja,52
2013,Broj,Sokolac,Ž,Bez obrazovanja,340
2013,Broj,Srbac,Oba pola,Bez obrazovanja,1115
2013,Broj,Srbac,M,Bez obrazovanja,235
2013,Broj,Srbac,Ž,Bez obrazovanja,880
2013,Broj,Srebrenica,Oba pola,Bez obrazovanja,852
2013,Broj,Srebrenica,M,Bez obrazovanja,105
2013,Broj,Srebrenica,Ž,Bez obrazovanja,747
2013,Broj,Teslić,Oba pola,Bez obrazovanja,3299
2013,Broj,Teslić,M,Bez obrazovanja,471
2013,Broj,Teslić,Ž,Bez obrazovanja,2828
2013,Broj,Grad Trebinje,Oba pola,Bez obrazovanja,382
2013,Broj,Grad Trebinje,M,Bez obrazovanja,44
2013,Broj,Grad Trebinje,Ž,Bez obrazovanja,338
2013,Broj,Trnovo,Oba pola,Bez obrazovanja,143
2013,Broj,Trnovo,M,Bez obrazovanja,14
2013,Broj,Trnovo,Ž,Bez obrazovanja,129
2013,Broj,Ugljevik,Oba pola,Bez obrazovanja,856
2013,Broj,Ugljevik,M,Bez obrazovanja,135
2013,Broj,Ugljevik,Ž,Bez obrazovanja,721
2013,Broj,Foča,Oba pola,Bez obrazovanja,775
2013,Broj,Foča,M,Bez obrazovanja,92
2013,Broj,Foča,Ž,Bez obrazovanja,683
2013,Broj,Han Pijesak,Oba pola,Bez obrazovanja,198
2013,Broj,Han Pijesak,M,Bez obrazovanja,22
2013,Broj,Han Pijesak,Ž,Bez obrazovanja,176
2013,Broj,Čajniče,Oba pola,Bez obrazovanja,224
2013,Broj,Čajniče,M,Bez obrazovanja,31
2013,Broj,Čajniče,Ž,Bez obrazovanja,193
2013,Broj,Čelinac,Oba pola,Bez obrazovanja,832
2013,Broj,Čelinac,M,Bez obrazovanja,109
2013,Broj,Čelinac,Ž,Bez obrazovanja,723
2013,Broj,Šamac,Oba pola,Bez obrazovanja,627
2013,Broj,Šamac,M,Bez obrazovanja,90
2013,Broj,Šamac,Ž,Bez obrazovanja,537
2013,Broj,Šekovići,Oba pola,Bez obrazovanja,655
2013,Broj,Šekovići,M,Bez obrazovanja,120
2013,Broj,Šekovići,Ž,Bez obrazovanja,535
2013,Broj,Šipovo,Oba pola,Bez obrazovanja,732
2013,Broj,Šipovo,M,Bez obrazovanja,120
2013,Broj,Šipovo,Ž,Bez obrazovanja,612
2013,Broj,Republika Srpska,Oba pola,incomplete_elementary,97022
2013,Broj,Republika Srpska,M,incomplete_elementary,33465
2013,Broj,Republika Srpska,Ž,incomplete_elementary,63557
2013,Broj,Grad Banja Luka,Oba pola,incomplete_elementary,6483
2013,Broj,Grad Banja Luka,M,incomplete_elementary,2117
2013,Broj,Grad Banja Luka,Ž,incomplete_elementary,4366
2013,Broj,Berkovići,Oba pola,incomplete_elementary,229
2013,Broj,Berkovići,M,incomplete_elementary,74
2013,Broj,Berkovići,Ž,incomplete_elementary,155
2013,Broj,Grad Bijeljina,Oba pola,incomplete_elementary,10740
2013,Broj,Grad Bijeljina,M,incomplete_elementary,3999
2013,Broj,Grad Bijeljina,Ž,incomplete_elementary,6741
2013,Broj,Bileća,Oba pola,incomplete_elementary,747
2013,Broj,Bileća,M,incomplete_elementary,187
2013,Broj,Bileća,Ž,incomplete_elementary,560
2013,Broj,Bratunac,Oba pola,incomplete_elementary,1364
2013,Broj,Bratunac,M,incomplete_elementary,395
2013,Broj,Bratunac,Ž,incomplete_elementary,969
2013,Broj,Brod,Oba pola,incomplete_elementary,1241
2013,Broj,Brod,M,incomplete_elementary,328
2013,Broj,Brod,Ž,incomplete_elementary,913
2013,Broj,Višegrad,Oba pola,incomplete_elementary,783
2013,Broj,Višegrad,M,incomplete_elementary,203
2013,Broj,Višegrad,Ž,incomplete_elementary,580
2013,Broj,Vlasenica,Oba pola,incomplete_elementary,758
2013,Broj,Vlasenica,M,incomplete_elementary,243
2013,Broj,Vlasenica,Ž,incomplete_elementary,515
2013,Broj,Vukosavlje,Oba pola,incomplete_elementary,719
2013,Broj,Vukosavlje,M,incomplete_elementary,300
2013,Broj,Vukosavlje,Ž,incomplete_elementary,419
2013,Broj,Gacko,Oba pola,incomplete_elementary,496
2013,Broj,Gacko,M,incomplete_elementary,135
2013,Broj,Gacko,Ž,incomplete_elementary,361
2013,Broj,Grad Gradiška,Oba pola,incomplete_elementary,4821
2013,Broj,Grad Gradiška,M,incomplete_elementary,1832
2013,Broj,Grad Gradiška,Ž,incomplete_elementary,2989
2013,Broj,Grad Derventa,Oba pola,incomplete_elementary,2759
2013,Broj,Grad Derventa,M,incomplete_elementary,1030
2013,Broj,Grad Derventa,Ž,incomplete_elementary,1729
2013,Broj,Grad Doboj,Oba pola,incomplete_elementary,6019
2013,Broj,Grad Doboj,M,incomplete_elementary,1823
2013,Broj,Grad Doboj,Ž,incomplete_elementary,4196
2013,Broj,Donji Žabar,Oba pola,incomplete_elementary,707
2013,Broj,Donji Žabar,M,incomplete_elementary,304
2013,Broj,Donji Žabar,Ž,incomplete_elementary,403
2013,Broj,Grad Zvornik,Oba pola,incomplete_elementary,4702
2013,Broj,Grad Zvornik,M,incomplete_elementary,1472
2013,Broj,Grad Zvornik,Ž,incomplete_elementary,3230
2013,Broj,Istočna Ilidža,Oba pola,incomplete_elementary,550
2013,Broj,Istočna Ilidža,M,incomplete_elementary,65
2013,Broj,Istočna Ilidža,Ž,incomplete_elementary,485
2013,Broj,Istočni Drvar,Oba pola,incomplete_elementary,6
2013,Broj,Istočni Drvar,M,incomplete_elementary,4
2013,Broj,Istočni Drvar,Ž,incomplete_elementary,2
2013,Broj,Istočni Mostar,Oba pola,incomplete_elementary,41
2013,Broj,Istočni Mostar,M,incomplete_elementary,21
2013,Broj,Istočni Mostar,Ž,incomplete_elementary,20
2013,Broj,Istočni Stari Grad,Oba pola,incomplete_elementary,133
2013,Broj,Istočni Stari Grad,M,incomplete_elementary,29
2013,Broj,Istočni Stari Grad,Ž,incomplete_elementary,104
2013,Broj,Istočno Novo Sarajevo,Oba pola,incomplete_elementary,454
2013,Broj,Istočno Novo Sarajevo,M,incomplete_elementary,89
2013,Broj,Istočno Novo Sarajevo,Ž,incomplete_elementary,365
2013,Broj,Jezero,Oba pola,incomplete_elementary,105
2013,Broj,Jezero,M,incomplete_elementary,39
2013,Broj,Jezero,Ž,incomplete_elementary,66
2013,Broj,Kalinovik,Oba pola,incomplete_elementary,175
2013,Broj,Kalinovik,M,incomplete_elementary,48
2013,Broj,Kalinovik,Ž,incomplete_elementary,127
2013,Broj,Kneževo,Oba pola,incomplete_elementary,752
2013,Broj,Kneževo,M,incomplete_elementary,318
2013,Broj,Kneževo,Ž,incomplete_elementary,434
2013,Broj,Kozarska Dubica,Oba pola,incomplete_elementary,1894
2013,Broj,Kozarska Dubica,M,incomplete_elementary,683
2013,Broj,Kozarska Dubica,Ž,incomplete_elementary,1211
2013,Broj,Kostajnica,Oba pola,incomplete_elementary,387
2013,Broj,Kostajnica,M,incomplete_elementary,132
2013,Broj,Kostajnica,Ž,incomplete_elementary,255
2013,Broj,Kotor Varoš,Oba pola,incomplete_elementary,1183
2013,Broj,Kotor Varoš,M,incomplete_elementary,391
2013,Broj,Kotor Varoš,Ž,incomplete_elementary,792
2013,Broj,Krupa Na Uni,Oba pola,incomplete_elementary,316
2013,Broj,Krupa Na Uni,M,incomplete_elementary,165
2013,Broj,Krupa Na Uni,Ž,incomplete_elementary,151
2013,Broj,Kupres,Oba pola,incomplete_elementary,19
2013,Broj,Kupres,M,incomplete_elementary,9
2013,Broj,Kupres,Ž,incomplete_elementary,10
2013,Broj,Laktaši,Oba pola,incomplete_elementary,2504
2013,Broj,Laktaši,M,incomplete_elementary,946
2013,Broj,Laktaši,Ž,incomplete_elementary,1558
2013,Broj,Lopare,Oba pola,incomplete_elementary,2118
2013,Broj,Lopare,M,incomplete_elementary,943
2013,Broj,Lopare,Ž,incomplete_elementary,1175
2013,Broj,Ljubinje,Oba pola,incomplete_elementary,275
2013,Broj,Ljubinje,M,incomplete_elementary,64
2013,Broj,Ljubinje,Ž,incomplete_elementary,211
2013,Broj,Milići,Oba pola,incomplete_elementary,729
2013,Broj,Milići,M,incomplete_elementary,217
2013,Broj,Milići,Ž,incomplete_elementary,512
2013,Broj,Modriča,Oba pola,incomplete_elementary,2912
2013,Broj,Modriča,M,incomplete_elementary,1049
2013,Broj,Modriča,Ž,incomplete_elementary,1863
2013,Broj,Mrkonjić Grad,Oba pola,incomplete_elementary,1769
2013,Broj,Mrkonjić Grad,M,incomplete_elementary,777
2013,Broj,Mrkonjić Grad,Ž,incomplete_elementary,992
2013,Broj,Nevesinje,Oba pola,incomplete_elementary,1048
2013,Broj,Nevesinje,M,incomplete_elementary,265
2013,Broj,Nevesinje,Ž,incomplete_elementary,783
2013,Broj,Novi Grad,Oba pola,incomplete_elementary,2172
2013,Broj,Novi Grad,M,incomplete_elementary,757
2013,Broj,Novi Grad,Ž,incomplete_elementary,1415
2013,Broj,Novo Goražde,Oba pola,incomplete_elementary,162
2013,Broj,Novo Goražde,M,incomplete_elementary,52
2013,Broj,Novo Goražde,Ž,incomplete_elementary,110
2013,Broj,Osmaci,Oba pola,incomplete_elementary,552
2013,Broj,Osmaci,M,incomplete_elementary,172
2013,Broj,Osmaci,Ž,incomplete_elementary,380
2013,Broj,Oštra Luka,Oba pola,incomplete_elementary,352
2013,Broj,Oštra Luka,M,incomplete_elementary,154
2013,Broj,Oštra Luka,Ž,incomplete_elementary,198
2013,Broj,Pale,Oba pola,incomplete_elementary,986
2013,Broj,Pale,M,incomplete_elementary,214
2013,Broj,Pale,Ž,incomplete_elementary,772
2013,Broj,Pelagićevo,Oba pola,incomplete_elementary,1081
2013,Broj,Pelagićevo,M,incomplete_elementary,459
2013,Broj,Pelagićevo,Ž,incomplete_elementary,622
2013,Broj,Petrovac,Oba pola,incomplete_elementary,28
2013,Broj,Petrovac,M,incomplete_elementary,4
2013,Broj,Petrovac,Ž,incomplete_elementary,24
2013,Broj,Petrovo,Oba pola,incomplete_elementary,733
2013,Broj,Petrovo,M,incomplete_elementary,180
2013,Broj,Petrovo,Ž,incomplete_elementary,553
2013,Broj,Grad Prijedor,Oba pola,incomplete_elementary,6219
2013,Broj,Grad Prijedor,M,incomplete_elementary,1948
2013,Broj,Grad Prijedor,Ž,incomplete_elementary,4271
2013,Broj,Prnjavor,Oba pola,incomplete_elementary,4458
2013,Broj,Prnjavor,M,incomplete_elementary,1948
2013,Broj,Prnjavor,Ž,incomplete_elementary,2510
2013,Broj,Ribnik,Oba pola,incomplete_elementary,641
2013,Broj,Ribnik,M,incomplete_elementary,249
2013,Broj,Ribnik,Ž,incomplete_elementary,392
2013,Broj,Rogatica,Oba pola,incomplete_elementary,799
2013,Broj,Rogatica,M,incomplete_elementary,239
2013,Broj,Rogatica,Ž,incomplete_elementary,560
2013,Broj,Rudo,Oba pola,incomplete_elementary,719
2013,Broj,Rudo,M,incomplete_elementary,197
2013,Broj,Rudo,Ž,incomplete_elementary,522
2013,Broj,Sokolac,Oba pola,incomplete_elementary,747
2013,Broj,Sokolac,M,incomplete_elementary,207
2013,Broj,Sokolac,Ž,incomplete_elementary,540
2013,Broj,Srbac,Oba pola,incomplete_elementary,2023
2013,Broj,Srbac,M,incomplete_elementary,857
2013,Broj,Srbac,Ž,incomplete_elementary,1166
2013,Broj,Srebrenica,Oba pola,incomplete_elementary,1086
2013,Broj,Srebrenica,M,incomplete_elementary,308
2013,Broj,Srebrenica,Ž,incomplete_elementary,778
2013,Broj,Teslić,Oba pola,incomplete_elementary,4433
2013,Broj,Teslić,M,incomplete_elementary,1551
2013,Broj,Teslić,Ž,incomplete_elementary,2882
2013,Broj,Grad Trebinje,Oba pola,incomplete_elementary,1156
2013,Broj,Grad Trebinje,M,incomplete_elementary,210
2013,Broj,Grad Trebinje,Ž,incomplete_elementary,946
2013,Broj,Trnovo,Oba pola,incomplete_elementary,151
2013,Broj,Trnovo,M,incomplete_elementary,36
2013,Broj,Trnovo,Ž,incomplete_elementary,115
2013,Broj,Ugljevik,Oba pola,incomplete_elementary,1829
2013,Broj,Ugljevik,M,incomplete_elementary,734
2013,Broj,Ugljevik,Ž,incomplete_elementary,1095
2013,Broj,Foča,Oba pola,incomplete_elementary,1301
2013,Broj,Foča,M,incomplete_elementary,346
2013,Broj,Foča,Ž,incomplete_elementary,955
2013,Broj,Han Pijesak,Oba pola,incomplete_elementary,258
2013,Broj,Han Pijesak,M,incomplete_elementary,61
2013,Broj,Han Pijesak,Ž,incomplete_elementary,197
2013,Broj,Čajniče,Oba pola,incomplete_elementary,474
2013,Broj,Čajniče,M,incomplete_elementary,149
2013,Broj,Čajniče,Ž,incomplete_elementary,325
2013,Broj,Čelinac,Oba pola,incomplete_elementary,1317
2013,Broj,Čelinac,M,incomplete_elementary,474
2013,Broj,Čelinac,Ž,incomplete_elementary,843
2013,Broj,Šamac,Oba pola,incomplete_elementary,2046
2013,Broj,Šamac,M,incomplete_elementary,731
2013,Broj,Šamac,Ž,incomplete_elementary,1315
2013,Broj,Šekovići,Oba pola,incomplete_elementary,453
2013,Broj,Šekovići,M,incomplete_elementary,181
2013,Broj,Šekovići,Ž,incomplete_elementary,272
2013,Broj,Šipovo,Oba pola,incomplete_elementary,908
2013,Broj,Šipovo,M,incomplete_elementary,351
2013,Broj,Šipovo,Ž,incomplete_elementary,557
2013,Broj,Republika Srpska,Oba pola,elementary_education,212834
2013,Broj,Republika Srpska,M,elementary_education,95682
2013,Broj,Republika Srpska,Ž,elementary_education,117152
2013,Broj,Grad Banja Luka,Oba pola,elementary_education,23011
2013,Broj,Grad Banja Luka,M,elementary_education,9927
2013,Broj,Grad Banja Luka,Ž,elementary_education,13084
2013,Broj,Berkovići,Oba pola,elementary_education,430
2013,Broj,Berkovići,M,elementary_education,221
2013,Broj,Berkovići,Ž,elementary_education,209
2013,Broj,Grad Bijeljina,Oba pola,elementary_education,18771
2013,Broj,Grad Bijeljina,M,elementary_education,8590
2013,Broj,Grad Bijeljina,Ž,elementary_education,10181
2013,Broj,Bileća,Oba pola,elementary_education,1951
2013,Broj,Bileća,M,elementary_education,867
2013,Broj,Bileća,Ž,elementary_education,1084
2013,Broj,Bratunac,Oba pola,elementary_education,3893
2013,Broj,Bratunac,M,elementary_education,1769
2013,Broj,Bratunac,Ž,elementary_education,2124
2013,Broj,Brod,Oba pola,elementary_education,2986
2013,Broj,Brod,M,elementary_education,1248
2013,Broj,Brod,Ž,elementary_education,1738
2013,Broj,Višegrad,Oba pola,elementary_education,1626
2013,Broj,Višegrad,M,elementary_education,593
2013,Broj,Višegrad,Ž,elementary_education,1033
2013,Broj,Vlasenica,Oba pola,elementary_education,2268
2013,Broj,Vlasenica,M,elementary_education,993
2013,Broj,Vlasenica,Ž,elementary_education,1275
2013,Broj,Vukosavlje,Oba pola,elementary_education,999
2013,Broj,Vukosavlje,M,elementary_education,472
2013,Broj,Vukosavlje,Ž,elementary_education,527
2013,Broj,Gacko,Oba pola,elementary_education,1356
2013,Broj,Gacko,M,elementary_education,530
2013,Broj,Gacko,Ž,elementary_education,826
2013,Broj,Grad Gradiška,Oba pola,elementary_education,9626
2013,Broj,Grad Gradiška,M,elementary_education,4493
2013,Broj,Grad Gradiška,Ž,elementary_education,5133
2013,Broj,Grad Derventa,Oba pola,elementary_education,5260
2013,Broj,Grad Derventa,M,elementary_education,2463
2013,Broj,Grad Derventa,Ž,elementary_education,2797
2013,Broj,Grad Doboj,Oba pola,elementary_education,13403
2013,Broj,Grad Doboj,M,elementary_education,5750
2013,Broj,Grad Doboj,Ž,elementary_education,7653
2013,Broj,Donji Žabar,Oba pola,elementary_education,815
2013,Broj,Donji Žabar,M,elementary_education,408
2013,Broj,Donji Žabar,Ž,elementary_education,407
2013,Broj,Grad Zvornik,Oba pola,elementary_education,11440
2013,Broj,Grad Zvornik,M,elementary_education,5163
2013,Broj,Grad Zvornik,Ž,elementary_education,6277
2013,Broj,Istočna Ilidža,Oba pola,elementary_education,1676
2013,Broj,Istočna Ilidža,M,elementary_education,519
2013,Broj,Istočna Ilidža,Ž,elementary_education,1157
2013,Broj,Istočni Drvar,Oba pola,elementary_education,9
2013,Broj,Istočni Drvar,M,elementary_education,2
2013,Broj,Istočni Drvar,Ž,elementary_education,7
2013,Broj,Istočni Mostar,Oba pola,elementary_education,38
2013,Broj,Istočni Mostar,M,elementary_education,24
2013,Broj,Istočni Mostar,Ž,elementary_education,14
2013,Broj,Istočni Stari Grad,Oba pola,elementary_education,166
2013,Broj,Istočni Stari Grad,M,elementary_education,75
2013,Broj,Istočni Stari Grad,Ž,elementary_education,91
2013,Broj,Istočno Novo Sarajevo,Oba pola,elementary_education,1087
2013,Broj,Istočno Novo Sarajevo,M,elementary_education,356
2013,Broj,Istočno Novo Sarajevo,Ž,elementary_education,731
2013,Broj,Jezero,Oba pola,elementary_education,236
2013,Broj,Jezero,M,elementary_education,109
2013,Broj,Jezero,Ž,elementary_education,127
2013,Broj,Kalinovik,Oba pola,elementary_education,334
2013,Broj,Kalinovik,M,elementary_education,122
2013,Broj,Kalinovik,Ž,elementary_education,212
2013,Broj,Kneževo,Oba pola,elementary_education,1918
2013,Broj,Kneževo,M,elementary_education,990
2013,Broj,Kneževo,Ž,elementary_education,928
2013,Broj,Kozarska Dubica,Oba pola,elementary_education,3921
2013,Broj,Kozarska Dubica,M,elementary_education,1839
2013,Broj,Kozarska Dubica,Ž,elementary_education,2082
2013,Broj,Kostajnica,Oba pola,elementary_education,1117
2013,Broj,Kostajnica,M,elementary_education,486
2013,Broj,Kostajnica,Ž,elementary_education,631
2013,Broj,Kotor Varoš,Oba pola,elementary_education,3809
2013,Broj,Kotor Varoš,M,elementary_education,1797
2013,Broj,Kotor Varoš,Ž,elementary_education,2012
2013,Broj,Krupa Na Uni,Oba pola,elementary_education,524
2013,Broj,Krupa Na Uni,M,elementary_education,317
2013,Broj,Krupa Na Uni,Ž,elementary_education,207
2013,Broj,Kupres,Oba pola,elementary_education,53
2013,Broj,Kupres,M,elementary_education,33
2013,Broj,Kupres,Ž,elementary_education,20
2013,Broj,Laktaši,Oba pola,elementary_education,6602
2013,Broj,Laktaši,M,elementary_education,3078
2013,Broj,Laktaši,Ž,elementary_education,3524
2013,Broj,Lopare,Oba pola,elementary_education,3267
2013,Broj,Lopare,M,elementary_education,1670
2013,Broj,Lopare,Ž,elementary_education,1597
2013,Broj,Ljubinje,Oba pola,elementary_education,619
2013,Broj,Ljubinje,M,elementary_education,261
2013,Broj,Ljubinje,Ž,elementary_education,358
2013,Broj,Milići,Oba pola,elementary_education,2387
2013,Broj,Milići,M,elementary_education,1038
2013,Broj,Milići,Ž,elementary_education,1349
2013,Broj,Modriča,Oba pola,elementary_education,5255
2013,Broj,Modriča,M,elementary_education,2469
2013,Broj,Modriča,Ž,elementary_education,2786
2013,Broj,Mrkonjić Grad,Oba pola,elementary_education,2720
2013,Broj,Mrkonjić Grad,M,elementary_education,1373
2013,Broj,Mrkonjić Grad,Ž,elementary_education,1347
2013,Broj,Nevesinje,Oba pola,elementary_education,2193
2013,Broj,Nevesinje,M,elementary_education,961
2013,Broj,Nevesinje,Ž,elementary_education,1232
2013,Broj,Novi Grad,Oba pola,elementary_education,5660
2013,Broj,Novi Grad,M,elementary_education,2691
2013,Broj,Novi Grad,Ž,elementary_education,2969
2013,Broj,Novo Goražde,Oba pola,elementary_education,612
2013,Broj,Novo Goražde,M,elementary_education,229
2013,Broj,Novo Goražde,Ž,elementary_education,383
2013,Broj,Osmaci,Oba pola,elementary_education,1146
2013,Broj,Osmaci,M,elementary_education,495
2013,Broj,Osmaci,Ž,elementary_education,651
2013,Broj,Oštra Luka,Oba pola,elementary_education,648
2013,Broj,Oštra Luka,M,elementary_education,348
2013,Broj,Oštra Luka,Ž,elementary_education,300
2013,Broj,Pale,Oba pola,elementary_education,2570
2013,Broj,Pale,M,elementary_education,935
2013,Broj,Pale,Ž,elementary_education,1635
2013,Broj,Pelagićevo,Oba pola,elementary_education,1081
2013,Broj,Pelagićevo,M,elementary_education,586
2013,Broj,Pelagićevo,Ž,elementary_education,495
2013,Broj,Petrovac,Oba pola,elementary_education,57
2013,Broj,Petrovac,M,elementary_education,23
2013,Broj,Petrovac,Ž,elementary_education,34
2013,Broj,Petrovo,Oba pola,elementary_education,1114
2013,Broj,Petrovo,M,elementary_education,464
2013,Broj,Petrovo,Ž,elementary_education,650
2013,Broj,Grad Prijedor,Oba pola,elementary_education,15121
2013,Broj,Grad Prijedor,M,elementary_education,6682
2013,Broj,Grad Prijedor,Ž,elementary_education,8439
2013,Broj,Prnjavor,Oba pola,elementary_education,7504
2013,Broj,Prnjavor,M,elementary_education,3697
2013,Broj,Prnjavor,Ž,elementary_education,3807
2013,Broj,Ribnik,Oba pola,elementary_education,1275
2013,Broj,Ribnik,M,elementary_education,651
2013,Broj,Ribnik,Ž,elementary_education,624
2013,Broj,Rogatica,Oba pola,elementary_education,1761
2013,Broj,Rogatica,M,elementary_education,717
2013,Broj,Rogatica,Ž,elementary_education,1044
2013,Broj,Rudo,Oba pola,elementary_education,1332
2013,Broj,Rudo,M,elementary_education,514
2013,Broj,Rudo,Ž,elementary_education,818
2013,Broj,Sokolac,Oba pola,elementary_education,1790
2013,Broj,Sokolac,M,elementary_education,720
2013,Broj,Sokolac,Ž,elementary_education,1070
2013,Broj,Srbac,Oba pola,elementary_education,3740
2013,Broj,Srbac,M,elementary_education,1843
2013,Broj,Srbac,Ž,elementary_education,1897
2013,Broj,Srebrenica,Oba pola,elementary_education,2494
2013,Broj,Srebrenica,M,elementary_education,1115
2013,Broj,Srebrenica,Ž,elementary_education,1379
2013,Broj,Teslić,Oba pola,elementary_education,7412
2013,Broj,Teslić,M,elementary_education,3540
2013,Broj,Teslić,Ž,elementary_education,3872
2013,Broj,Grad Trebinje,Oba pola,elementary_education,3757
2013,Broj,Grad Trebinje,M,elementary_education,1267
2013,Broj,Grad Trebinje,Ž,elementary_education,2490
2013,Broj,Trnovo,Oba pola,elementary_education,342
2013,Broj,Trnovo,M,elementary_education,106
2013,Broj,Trnovo,Ž,elementary_education,236
2013,Broj,Ugljevik,Oba pola,elementary_education,2942
2013,Broj,Ugljevik,M,elementary_education,1398
2013,Broj,Ugljevik,Ž,elementary_education,1544
2013,Broj,Foča,Oba pola,elementary_education,2975
2013,Broj,Foča,M,elementary_education,1305
2013,Broj,Foča,Ž,elementary_education,1670
2013,Broj,Han Pijesak,Oba pola,elementary_education,686
2013,Broj,Han Pijesak,M,elementary_education,275
2013,Broj,Han Pijesak,Ž,elementary_education,411
2013,Broj,Čajniče,Oba pola,elementary_education,981
2013,Broj,Čajniče,M,elementary_education,436
2013,Broj,Čajniče,Ž,elementary_education,545
2013,Broj,Čelinac,Oba pola,elementary_education,3312
2013,Broj,Čelinac,M,elementary_education,1626
2013,Broj,Čelinac,Ž,elementary_education,1686
2013,Broj,Šamac,Oba pola,elementary_education,3511
2013,Broj,Šamac,M,elementary_education,1521
2013,Broj,Šamac,Ž,elementary_education,1990
2013,Broj,Šekovići,Oba pola,elementary_education,1397
2013,Broj,Šekovići,M,elementary_education,610
2013,Broj,Šekovići,Ž,elementary_education,787
2013,Broj,Šipovo,Oba pola,elementary_education,1848
2013,Broj,Šipovo,M,elementary_education,882
2013,Broj,Šipovo,Ž,elementary_education,966
2013,Broj,Republika Srpska,Oba pola,secondary_education,508414
2013,Broj,Republika Srpska,M,secondary_education,280747
2013,Broj,Republika Srpska,Ž,secondary_education,227667
2013,Broj,Grad Banja Luka,Oba pola,secondary_education,83044
2013,Broj,Grad Banja Luka,M,secondary_education,42327
2013,Broj,Grad Banja Luka,Ž,secondary_education,40717
2013,Broj,Berkovići,Oba pola,secondary_education,771
2013,Broj,Berkovići,M,secondary_education,446
2013,Broj,Berkovići,Ž,secondary_education,325
2013,Broj,Grad Bijeljina,Oba pola,secondary_education,43231
2013,Broj,Grad Bijeljina,M,secondary_education,23560
2013,Broj,Grad Bijeljina,Ž,secondary_education,19671
2013,Broj,Bileća,Oba pola,secondary_education,4799
2013,Broj,Bileća,M,secondary_education,2692
2013,Broj,Bileća,Ž,secondary_education,2107
2013,Broj,Bratunac,Oba pola,secondary_education,7868
2013,Broj,Bratunac,M,secondary_education,4649
2013,Broj,Bratunac,Ž,secondary_education,3219
2013,Broj,Brod,Oba pola,secondary_education,7331
2013,Broj,Brod,M,secondary_education,4080
2013,Broj,Brod,Ž,secondary_education,3251
2013,Broj,Višegrad,Oba pola,secondary_education,4635
2013,Broj,Višegrad,M,secondary_education,2672
2013,Broj,Višegrad,Ž,secondary_education,1963
2013,Broj,Vlasenica,Oba pola,secondary_education,4607
2013,Broj,Vlasenica,M,secondary_education,2596
2013,Broj,Vlasenica,Ž,secondary_education,2011
2013,Broj,Vukosavlje,Oba pola,secondary_education,1504
2013,Broj,Vukosavlje,M,secondary_education,919
2013,Broj,Vukosavlje,Ž,secondary_education,585
2013,Broj,Gacko,Oba pola,secondary_education,3801
2013,Broj,Gacko,M,secondary_education,2151
2013,Broj,Gacko,Ž,secondary_education,1650
2013,Broj,Grad Gradiška,Oba pola,secondary_education,21633
2013,Broj,Grad Gradiška,M,secondary_education,11815
2013,Broj,Grad Gradiška,Ž,secondary_education,9818
2013,Broj,Grad Derventa,Oba pola,secondary_education,10884
2013,Broj,Grad Derventa,M,secondary_education,6033
2013,Broj,Grad Derventa,Ž,secondary_education,4851
2013,Broj,Grad Doboj,Oba pola,secondary_education,29051
2013,Broj,Grad Doboj,M,secondary_education,16192
2013,Broj,Grad Doboj,Ž,secondary_education,12859
2013,Broj,Donji Žabar,Oba pola,secondary_education,1261
2013,Broj,Donji Žabar,M,secondary_education,739
2013,Broj,Donji Žabar,Ž,secondary_education,522
2013,Broj,Grad Zvornik,Oba pola,secondary_education,21815
2013,Broj,Grad Zvornik,M,secondary_education,12776
2013,Broj,Grad Zvornik,Ž,secondary_education,9039
2013,Broj,Istočna Ilidža,Oba pola,secondary_education,7474
2013,Broj,Istočna Ilidža,M,secondary_education,4082
2013,Broj,Istočna Ilidža,Ž,secondary_education,3392
2013,Broj,Istočni Drvar,Oba pola,secondary_education,29
2013,Broj,Istočni Drvar,M,secondary_education,24
2013,Broj,Istočni Drvar,Ž,secondary_education,5
2013,Broj,Istočni Mostar,Oba pola,secondary_education,99
2013,Broj,Istočni Mostar,M,secondary_education,65
2013,Broj,Istočni Mostar,Ž,secondary_education,34
2013,Broj,Istočni Stari Grad,Oba pola,secondary_education,548
2013,Broj,Istočni Stari Grad,M,secondary_education,329
2013,Broj,Istočni Stari Grad,Ž,secondary_education,219
2013,Broj,Istočno Novo Sarajevo,Oba pola,secondary_education,5073
2013,Broj,Istočno Novo Sarajevo,M,secondary_education,2656
2013,Broj,Istočno Novo Sarajevo,Ž,secondary_education,2417
2013,Broj,Jezero,Oba pola,secondary_education,435
2013,Broj,Jezero,M,secondary_education,273
2013,Broj,Jezero,Ž,secondary_education,162
2013,Broj,Kalinovik,Oba pola,secondary_education,881
2013,Broj,Kalinovik,M,secondary_education,551
2013,Broj,Kalinovik,Ž,secondary_education,330
2013,Broj,Kneževo,Oba pola,secondary_education,3485
2013,Broj,Kneževo,M,secondary_education,2026
2013,Broj,Kneževo,Ž,secondary_education,1459
2013,Broj,Kozarska Dubica,Oba pola,secondary_education,9698
2013,Broj,Kozarska Dubica,M,secondary_education,5259
2013,Broj,Kozarska Dubica,Ž,secondary_education,4439
2013,Broj,Kostajnica,Oba pola,secondary_education,2798
2013,Broj,Kostajnica,M,secondary_education,1545
2013,Broj,Kostajnica,Ž,secondary_education,1253
2013,Broj,Kotor Varoš,Oba pola,secondary_education,7807
2013,Broj,Kotor Varoš,M,secondary_education,4380
2013,Broj,Kotor Varoš,Ž,secondary_education,3427
2013,Broj,Krupa Na Uni,Oba pola,secondary_education,355
2013,Broj,Krupa Na Uni,M,secondary_education,236
2013,Broj,Krupa Na Uni,Ž,secondary_education,119
2013,Broj,Kupres,Oba pola,secondary_education,84
2013,Broj,Kupres,M,secondary_education,59
2013,Broj,Kupres,Ž,secondary_education,25
2013,Broj,Laktaši,Oba pola,secondary_education,15658
2013,Broj,Laktaši,M,secondary_education,8480
2013,Broj,Laktaši,Ž,secondary_education,7178
2013,Broj,Lopare,Oba pola,secondary_education,5477
2013,Broj,Lopare,M,secondary_education,3169
2013,Broj,Lopare,Ž,secondary_education,2308
2013,Broj,Ljubinje,Oba pola,secondary_education,1432
2013,Broj,Ljubinje,M,secondary_education,800
2013,Broj,Ljubinje,Ž,secondary_education,632
2013,Broj,Milići,Oba pola,secondary_education,4441
2013,Broj,Milići,M,secondary_education,2743
2013,Broj,Milići,Ž,secondary_education,1698
2013,Broj,Modriča,Oba pola,secondary_education,9850
2013,Broj,Modriča,M,secondary_education,5470
2013,Broj,Modriča,Ž,secondary_education,4380
2013,Broj,Mrkonjić Grad,Oba pola,secondary_education,6479
2013,Broj,Mrkonjić Grad,M,secondary_education,3500
2013,Broj,Mrkonjić Grad,Ž,secondary_education,2979
2013,Broj,Nevesinje,Oba pola,secondary_education,5592
2013,Broj,Nevesinje,M,secondary_education,3261
2013,Broj,Nevesinje,Ž,secondary_education,2331
2013,Broj,Novi Grad,Oba pola,secondary_education,11197
2013,Broj,Novi Grad,M,secondary_education,6273
2013,Broj,Novi Grad,Ž,secondary_education,4924
2013,Broj,Novo Goražde,Oba pola,secondary_education,1533
2013,Broj,Novo Goražde,M,secondary_education,952
2013,Broj,Novo Goražde,Ž,secondary_education,581
2013,Broj,Osmaci,Oba pola,secondary_education,2300
2013,Broj,Osmaci,M,secondary_education,1406
2013,Broj,Osmaci,Ž,secondary_education,894
2013,Broj,Oštra Luka,Oba pola,secondary_education,954
2013,Broj,Oštra Luka,M,secondary_education,578
2013,Broj,Oštra Luka,Ž,secondary_education,376
2013,Broj,Pale,Oba pola,secondary_education,10069
2013,Broj,Pale,M,secondary_education,5373
2013,Broj,Pale,Ž,secondary_education,4696
2013,Broj,Pelagićevo,Oba pola,secondary_education,1264
2013,Broj,Pelagićevo,M,secondary_education,726
2013,Broj,Pelagićevo,Ž,secondary_education,538
2013,Broj,Petrovac,Oba pola,secondary_education,169
2013,Broj,Petrovac,M,secondary_education,96
2013,Broj,Petrovac,Ž,secondary_education,73
2013,Broj,Petrovo,Oba pola,secondary_education,2821
2013,Broj,Petrovo,M,secondary_education,1664
2013,Broj,Petrovo,Ž,secondary_education,1157
2013,Broj,Grad Prijedor,Oba pola,secondary_education,37714
2013,Broj,Grad Prijedor,M,secondary_education,20808
2013,Broj,Grad Prijedor,Ž,secondary_education,16906
2013,Broj,Prnjavor,Oba pola,secondary_education,12669
2013,Broj,Prnjavor,M,secondary_education,7015
2013,Broj,Prnjavor,Ž,secondary_education,5654
2013,Broj,Ribnik,Oba pola,secondary_education,2154
2013,Broj,Ribnik,M,secondary_education,1291
2013,Broj,Ribnik,Ž,secondary_education,863
2013,Broj,Rogatica,Oba pola,secondary_education,4652
2013,Broj,Rogatica,M,secondary_education,2694
2013,Broj,Rogatica,Ž,secondary_education,1958
2013,Broj,Rudo,Oba pola,secondary_education,3609
2013,Broj,Rudo,M,secondary_education,2200
2013,Broj,Rudo,Ž,secondary_education,1409
2013,Broj,Sokolac,Oba pola,secondary_education,5543
2013,Broj,Sokolac,M,secondary_education,3105
2013,Broj,Sokolac,Ž,secondary_education,2438
2013,Broj,Srbac,Oba pola,secondary_education,6472
2013,Broj,Srbac,M,secondary_education,3466
2013,Broj,Srbac,Ž,secondary_education,3006
2013,Broj,Srebrenica,Oba pola,secondary_education,4716
2013,Broj,Srebrenica,M,secondary_education,2832
2013,Broj,Srebrenica,Ž,secondary_education,1884
2013,Broj,Teslić,Oba pola,secondary_education,14063
2013,Broj,Teslić,M,secondary_education,8090
2013,Broj,Teslić,Ž,secondary_education,5973
2013,Broj,Grad Trebinje,Oba pola,secondary_education,13551
2013,Broj,Grad Trebinje,M,secondary_education,7183
2013,Broj,Grad Trebinje,Ž,secondary_education,6368
2013,Broj,Trnovo,Oba pola,secondary_education,942
2013,Broj,Trnovo,M,secondary_education,576
2013,Broj,Trnovo,Ž,secondary_education,366
2013,Broj,Ugljevik,Oba pola,secondary_education,6085
2013,Broj,Ugljevik,M,secondary_education,3558
2013,Broj,Ugljevik,Ž,secondary_education,2527
2013,Broj,Foča,Oba pola,secondary_education,8378
2013,Broj,Foča,M,secondary_education,4841
2013,Broj,Foča,Ž,secondary_education,3537
2013,Broj,Han Pijesak,Oba pola,secondary_education,1514
2013,Broj,Han Pijesak,M,secondary_education,846
2013,Broj,Han Pijesak,Ž,secondary_education,668
2013,Broj,Čajniče,Oba pola,secondary_education,1993
2013,Broj,Čajniče,M,secondary_education,1187
2013,Broj,Čajniče,Ž,secondary_education,806
2013,Broj,Čelinac,Oba pola,secondary_education,6411
2013,Broj,Čelinac,M,secondary_education,3550
2013,Broj,Čelinac,Ž,secondary_education,2861
2013,Broj,Šamac,Oba pola,secondary_education,6680
2013,Broj,Šamac,M,secondary_education,3735
2013,Broj,Šamac,Ž,secondary_education,2945
2013,Broj,Šekovići,Oba pola,secondary_education,2601
2013,Broj,Šekovići,M,secondary_education,1563
2013,Broj,Šekovići,Ž,secondary_education,1038
2013,Broj,Šipovo,Oba pola,secondary_education,4430
2013,Broj,Šipovo,M,secondary_education,2584
2013,Broj,Šipovo,Ž,secondary_education,1846
2013,Broj,Republika Srpska,Oba pola,secondary_specialization,7618
2013,Broj,Republika Srpska,M,secondary_specialization,6324
2013,Broj,Republika Srpska,Ž,secondary_specialization,1294
2013,Broj,Grad Banja Luka,Oba pola,secondary_specialization,1552
2013,Broj,Grad Banja Luka,M,secondary_specialization,1261
2013,Broj,Grad Banja Luka,Ž,secondary_specialization,291
2013,Broj,Berkovići,Oba pola,secondary_specialization,11
2013,Broj,Berkovići,M,secondary_specialization,11
2013,Broj,Berkovići,Ž,secondary_specialization,0
2013,Broj,Grad Bijeljina,Oba pola,secondary_specialization,564
2013,Broj,Grad Bijeljina,M,secondary_specialization,485
2013,Broj,Grad Bijeljina,Ž,secondary_specialization,79
2013,Broj,Bileća,Oba pola,secondary_specialization,68
2013,Broj,Bileća,M,secondary_specialization,56
2013,Broj,Bileća,Ž,secondary_specialization,12
2013,Broj,Bratunac,Oba pola,secondary_specialization,77
2013,Broj,Bratunac,M,secondary_specialization,61
2013,Broj,Bratunac,Ž,secondary_specialization,16
2013,Broj,Brod,Oba pola,secondary_specialization,187
2013,Broj,Brod,M,secondary_specialization,160
2013,Broj,Brod,Ž,secondary_specialization,27
2013,Broj,Višegrad,Oba pola,secondary_specialization,137
2013,Broj,Višegrad,M,secondary_specialization,120
2013,Broj,Višegrad,Ž,secondary_specialization,17
2013,Broj,Vlasenica,Oba pola,secondary_specialization,28
2013,Broj,Vlasenica,M,secondary_specialization,21
2013,Broj,Vlasenica,Ž,secondary_specialization,7
2013,Broj,Vukosavlje,Oba pola,secondary_specialization,14
2013,Broj,Vukosavlje,M,secondary_specialization,12
2013,Broj,Vukosavlje,Ž,secondary_specialization,2
2013,Broj,Gacko,Oba pola,secondary_specialization,269
2013,Broj,Gacko,M,secondary_specialization,249
2013,Broj,Gacko,Ž,secondary_specialization,20
2013,Broj,Grad Gradiška,Oba pola,secondary_specialization,192
2013,Broj,Grad Gradiška,M,secondary_specialization,142
2013,Broj,Grad Gradiška,Ž,secondary_specialization,50
2013,Broj,Grad Derventa,Oba pola,secondary_specialization,120
2013,Broj,Grad Derventa,M,secondary_specialization,94
2013,Broj,Grad Derventa,Ž,secondary_specialization,26
2013,Broj,Grad Doboj,Oba pola,secondary_specialization,507
2013,Broj,Grad Doboj,M,secondary_specialization,448
2013,Broj,Grad Doboj,Ž,secondary_specialization,59
2013,Broj,Donji Žabar,Oba pola,secondary_specialization,10
2013,Broj,Donji Žabar,M,secondary_specialization,8
2013,Broj,Donji Žabar,Ž,secondary_specialization,2
2013,Broj,Grad Zvornik,Oba pola,secondary_specialization,277
2013,Broj,Grad Zvornik,M,secondary_specialization,244
2013,Broj,Grad Zvornik,Ž,secondary_specialization,33
2013,Broj,Istočna Ilidža,Oba pola,secondary_specialization,140
2013,Broj,Istočna Ilidža,M,secondary_specialization,123
2013,Broj,Istočna Ilidža,Ž,secondary_specialization,17
2013,Broj,Istočni Drvar,Oba pola,secondary_specialization,1
2013,Broj,Istočni Drvar,M,secondary_specialization,0
2013,Broj,Istočni Drvar,Ž,secondary_specialization,1
2013,Broj,Istočni Mostar,Oba pola,secondary_specialization,0
2013,Broj,Istočni Mostar,M,secondary_specialization,0
2013,Broj,Istočni Mostar,Ž,secondary_specialization,0
2013,Broj,Istočni Stari Grad,Oba pola,secondary_specialization,16
2013,Broj,Istočni Stari Grad,M,secondary_specialization,15
2013,Broj,Istočni Stari Grad,Ž,secondary_specialization,1
2013,Broj,Istočno Novo Sarajevo,Oba pola,secondary_specialization,81
2013,Broj,Istočno Novo Sarajevo,M,secondary_specialization,69
2013,Broj,Istočno Novo Sarajevo,Ž,secondary_specialization,12
2013,Broj,Jezero,Oba pola,secondary_specialization,1
2013,Broj,Jezero,M,secondary_specialization,1
2013,Broj,Jezero,Ž,secondary_specialization,0
2013,Broj,Kalinovik,Oba pola,secondary_specialization,16
2013,Broj,Kalinovik,M,secondary_specialization,13
2013,Broj,Kalinovik,Ž,secondary_specialization,3
2013,Broj,Kneževo,Oba pola,secondary_specialization,12
2013,Broj,Kneževo,M,secondary_specialization,11
2013,Broj,Kneževo,Ž,secondary_specialization,1
2013,Broj,Kozarska Dubica,Oba pola,secondary_specialization,91
2013,Broj,Kozarska Dubica,M,secondary_specialization,64
2013,Broj,Kozarska Dubica,Ž,secondary_specialization,27
2013,Broj,Kostajnica,Oba pola,secondary_specialization,23
2013,Broj,Kostajnica,M,secondary_specialization,18
2013,Broj,Kostajnica,Ž,secondary_specialization,5
2013,Broj,Kotor Varoš,Oba pola,secondary_specialization,74
2013,Broj,Kotor Varoš,M,secondary_specialization,52
2013,Broj,Kotor Varoš,Ž,secondary_specialization,22
2013,Broj,Krupa Na Uni,Oba pola,secondary_specialization,5
2013,Broj,Krupa Na Uni,M,secondary_specialization,3
2013,Broj,Krupa Na Uni,Ž,secondary_specialization,2
2013,Broj,Kupres,Oba pola,secondary_specialization,1
2013,Broj,Kupres,M,secondary_specialization,0
2013,Broj,Kupres,Ž,secondary_specialization,1
2013,Broj,Laktaši,Oba pola,secondary_specialization,169
2013,Broj,Laktaši,M,secondary_specialization,141
2013,Broj,Laktaši,Ž,secondary_specialization,28
2013,Broj,Lopare,Oba pola,secondary_specialization,64
2013,Broj,Lopare,M,secondary_specialization,45
2013,Broj,Lopare,Ž,secondary_specialization,19
2013,Broj,Ljubinje,Oba pola,secondary_specialization,81
2013,Broj,Ljubinje,M,secondary_specialization,72
2013,Broj,Ljubinje,Ž,secondary_specialization,9
2013,Broj,Milići,Oba pola,secondary_specialization,15
2013,Broj,Milići,M,secondary_specialization,10
2013,Broj,Milići,Ž,secondary_specialization,5
2013,Broj,Modriča,Oba pola,secondary_specialization,132
2013,Broj,Modriča,M,secondary_specialization,103
2013,Broj,Modriča,Ž,secondary_specialization,29
2013,Broj,Mrkonjić Grad,Oba pola,secondary_specialization,89
2013,Broj,Mrkonjić Grad,M,secondary_specialization,71
2013,Broj,Mrkonjić Grad,Ž,secondary_specialization,18
2013,Broj,Nevesinje,Oba pola,secondary_specialization,56
2013,Broj,Nevesinje,M,secondary_specialization,51
2013,Broj,Nevesinje,Ž,secondary_specialization,5
2013,Broj,Novi Grad,Oba pola,secondary_specialization,104
2013,Broj,Novi Grad,M,secondary_specialization,75
2013,Broj,Novi Grad,Ž,secondary_specialization,29
2013,Broj,Novo Goražde,Oba pola,secondary_specialization,10
2013,Broj,Novo Goražde,M,secondary_specialization,10
2013,Broj,Novo Goražde,Ž,secondary_specialization,0
2013,Broj,Osmaci,Oba pola,secondary_specialization,15
2013,Broj,Osmaci,M,secondary_specialization,12
2013,Broj,Osmaci,Ž,secondary_specialization,3
2013,Broj,Oštra Luka,Oba pola,secondary_specialization,13
2013,Broj,Oštra Luka,M,secondary_specialization,11
2013,Broj,Oštra Luka,Ž,secondary_specialization,2
2013,Broj,Pale,Oba pola,secondary_specialization,247
2013,Broj,Pale,M,secondary_specialization,205
2013,Broj,Pale,Ž,secondary_specialization,42
2013,Broj,Pelagićevo,Oba pola,secondary_specialization,4
2013,Broj,Pelagićevo,M,secondary_specialization,3
2013,Broj,Pelagićevo,Ž,secondary_specialization,1
2013,Broj,Petrovac,Oba pola,secondary_specialization,0
2013,Broj,Petrovac,M,secondary_specialization,0
2013,Broj,Petrovac,Ž,secondary_specialization,0
2013,Broj,Petrovo,Oba pola,secondary_specialization,79
2013,Broj,Petrovo,M,secondary_specialization,74
2013,Broj,Petrovo,Ž,secondary_specialization,5
2013,Broj,Grad Prijedor,Oba pola,secondary_specialization,666
2013,Broj,Grad Prijedor,M,secondary_specialization,492
2013,Broj,Grad Prijedor,Ž,secondary_specialization,174
2013,Broj,Prnjavor,Oba pola,secondary_specialization,112
2013,Broj,Prnjavor,M,secondary_specialization,83
2013,Broj,Prnjavor,Ž,secondary_specialization,29
2013,Broj,Ribnik,Oba pola,secondary_specialization,14
2013,Broj,Ribnik,M,secondary_specialization,13
2013,Broj,Ribnik,Ž,secondary_specialization,1
2013,Broj,Rogatica,Oba pola,secondary_specialization,56
2013,Broj,Rogatica,M,secondary_specialization,49
2013,Broj,Rogatica,Ž,secondary_specialization,7
2013,Broj,Rudo,Oba pola,secondary_specialization,12
2013,Broj,Rudo,M,secondary_specialization,11
2013,Broj,Rudo,Ž,secondary_specialization,1
2013,Broj,Sokolac,Oba pola,secondary_specialization,71
2013,Broj,Sokolac,M,secondary_specialization,57
2013,Broj,Sokolac,Ž,secondary_specialization,14
2013,Broj,Srbac,Oba pola,secondary_specialization,61
2013,Broj,Srbac,M,secondary_specialization,46
2013,Broj,Srbac,Ž,secondary_specialization,15
2013,Broj,Srebrenica,Oba pola,secondary_specialization,33
2013,Broj,Srebrenica,M,secondary_specialization,26
2013,Broj,Srebrenica,Ž,secondary_specialization,7
2013,Broj,Teslić,Oba pola,secondary_specialization,170
2013,Broj,Teslić,M,secondary_specialization,138
2013,Broj,Teslić,Ž,secondary_specialization,32
2013,Broj,Grad Trebinje,Oba pola,secondary_specialization,432
2013,Broj,Grad Trebinje,M,secondary_specialization,394
2013,Broj,Grad Trebinje,Ž,secondary_specialization,38
2013,Broj,Trnovo,Oba pola,secondary_specialization,15
2013,Broj,Trnovo,M,secondary_specialization,13
2013,Broj,Trnovo,Ž,secondary_specialization,2
2013,Broj,Ugljevik,Oba pola,secondary_specialization,97
2013,Broj,Ugljevik,M,secondary_specialization,89
2013,Broj,Ugljevik,Ž,secondary_specialization,8
2013,Broj,Foča,Oba pola,secondary_specialization,107
2013,Broj,Foča,M,secondary_specialization,93
2013,Broj,Foča,Ž,secondary_specialization,14
2013,Broj,Han Pijesak,Oba pola,secondary_specialization,20
2013,Broj,Han Pijesak,M,secondary_specialization,20
2013,Broj,Han Pijesak,Ž,secondary_specialization,0
2013,Broj,Čajniče,Oba pola,secondary_specialization,38
2013,Broj,Čajniče,M,secondary_specialization,37
2013,Broj,Čajniče,Ž,secondary_specialization,1
2013,Broj,Čelinac,Oba pola,secondary_specialization,69
2013,Broj,Čelinac,M,secondary_specialization,62
2013,Broj,Čelinac,Ž,secondary_specialization,7
2013,Broj,Šamac,Oba pola,secondary_specialization,55
2013,Broj,Šamac,M,secondary_specialization,41
2013,Broj,Šamac,Ž,secondary_specialization,14
2013,Broj,Šekovići,Oba pola,secondary_specialization,16
2013,Broj,Šekovići,M,secondary_specialization,16
2013,Broj,Šekovići,Ž,secondary_specialization,0
2013,Broj,Šipovo,Oba pola,secondary_specialization,22
2013,Broj,Šipovo,M,secondary_specialization,20
2013,Broj,Šipovo,Ž,secondary_specialization,2
2013,Broj,Republika Srpska,Oba pola,first_degree,33960
2013,Broj,Republika Srpska,M,first_degree,19142
2013,Broj,Republika Srpska,Ž,first_degree,14818
2013,Broj,Grad Banja Luka,Oba pola,first_degree,7972
2013,Broj,Grad Banja Luka,M,first_degree,4272
2013,Broj,Grad Banja Luka,Ž,first_degree,3700
2013,Broj,Berkovići,Oba pola,first_degree,47
2013,Broj,Berkovići,M,first_degree,34
2013,Broj,Berkovići,Ž,first_degree,13
2013,Broj,Grad Bijeljina,Oba pola,first_degree,3354
2013,Broj,Grad Bijeljina,M,first_degree,1805
2013,Broj,Grad Bijeljina,Ž,first_degree,1549
2013,Broj,Bileća,Oba pola,first_degree,434
2013,Broj,Bileća,M,first_degree,249
2013,Broj,Bileća,Ž,first_degree,185
2013,Broj,Bratunac,Oba pola,first_degree,399
2013,Broj,Bratunac,M,first_degree,230
2013,Broj,Bratunac,Ž,first_degree,169
2013,Broj,Brod,Oba pola,first_degree,374
2013,Broj,Brod,M,first_degree,215
2013,Broj,Brod,Ž,first_degree,159
2013,Broj,Višegrad,Oba pola,first_degree,375
2013,Broj,Višegrad,M,first_degree,196
2013,Broj,Višegrad,Ž,first_degree,179
2013,Broj,Vlasenica,Oba pola,first_degree,200
2013,Broj,Vlasenica,M,first_degree,123
2013,Broj,Vlasenica,Ž,first_degree,77
2013,Broj,Vukosavlje,Oba pola,first_degree,39
2013,Broj,Vukosavlje,M,first_degree,25
2013,Broj,Vukosavlje,Ž,first_degree,14
2013,Broj,Gacko,Oba pola,first_degree,335
2013,Broj,Gacko,M,first_degree,191
2013,Broj,Gacko,Ž,first_degree,144
2013,Broj,Grad Gradiška,Oba pola,first_degree,1222
2013,Broj,Grad Gradiška,M,first_degree,658
2013,Broj,Grad Gradiška,Ž,first_degree,564
2013,Broj,Grad Derventa,Oba pola,first_degree,542
2013,Broj,Grad Derventa,M,first_degree,331
2013,Broj,Grad Derventa,Ž,first_degree,211
2013,Broj,Grad Doboj,Oba pola,first_degree,1827
2013,Broj,Grad Doboj,M,first_degree,1078
2013,Broj,Grad Doboj,Ž,first_degree,749
2013,Broj,Donji Žabar,Oba pola,first_degree,37
2013,Broj,Donji Žabar,M,first_degree,23
2013,Broj,Donji Žabar,Ž,first_degree,14
2013,Broj,Grad Zvornik,Oba pola,first_degree,1283
2013,Broj,Grad Zvornik,M,first_degree,716
2013,Broj,Grad Zvornik,Ž,first_degree,567
2013,Broj,Istočna Ilidža,Oba pola,first_degree,513
2013,Broj,Istočna Ilidža,M,first_degree,315
2013,Broj,Istočna Ilidža,Ž,first_degree,198
2013,Broj,Istočni Drvar,Oba pola,first_degree,5
2013,Broj,Istočni Drvar,M,first_degree,5
2013,Broj,Istočni Drvar,Ž,first_degree,0
2013,Broj,Istočni Mostar,Oba pola,first_degree,2
2013,Broj,Istočni Mostar,M,first_degree,2
2013,Broj,Istočni Mostar,Ž,first_degree,0
2013,Broj,Istočni Stari Grad,Oba pola,first_degree,27
2013,Broj,Istočni Stari Grad,M,first_degree,14
2013,Broj,Istočni Stari Grad,Ž,first_degree,13
2013,Broj,Istočno Novo Sarajevo,Oba pola,first_degree,375
2013,Broj,Istočno Novo Sarajevo,M,first_degree,225
2013,Broj,Istočno Novo Sarajevo,Ž,first_degree,150
2013,Broj,Jezero,Oba pola,first_degree,16
2013,Broj,Jezero,M,first_degree,10
2013,Broj,Jezero,Ž,first_degree,6
2013,Broj,Kalinovik,Oba pola,first_degree,58
2013,Broj,Kalinovik,M,first_degree,41
2013,Broj,Kalinovik,Ž,first_degree,17
2013,Broj,Kneževo,Oba pola,first_degree,125
2013,Broj,Kneževo,M,first_degree,93
2013,Broj,Kneževo,Ž,first_degree,32
2013,Broj,Kozarska Dubica,Oba pola,first_degree,644
2013,Broj,Kozarska Dubica,M,first_degree,345
2013,Broj,Kozarska Dubica,Ž,first_degree,299
2013,Broj,Kostajnica,Oba pola,first_degree,206
2013,Broj,Kostajnica,M,first_degree,94
2013,Broj,Kostajnica,Ž,first_degree,112
2013,Broj,Kotor Varoš,Oba pola,first_degree,225
2013,Broj,Kotor Varoš,M,first_degree,144
2013,Broj,Kotor Varoš,Ž,first_degree,81
2013,Broj,Krupa Na Uni,Oba pola,first_degree,11
2013,Broj,Krupa Na Uni,M,first_degree,6
2013,Broj,Krupa Na Uni,Ž,first_degree,5
2013,Broj,Kupres,Oba pola,first_degree,2
2013,Broj,Kupres,M,first_degree,2
2013,Broj,Kupres,Ž,first_degree,0
2013,Broj,Laktaši,Oba pola,first_degree,822
2013,Broj,Laktaši,M,first_degree,462
2013,Broj,Laktaši,Ž,first_degree,360
2013,Broj,Lopare,Oba pola,first_degree,217
2013,Broj,Lopare,M,first_degree,133
2013,Broj,Lopare,Ž,first_degree,84
2013,Broj,Ljubinje,Oba pola,first_degree,126
2013,Broj,Ljubinje,M,first_degree,69
2013,Broj,Ljubinje,Ž,first_degree,57
2013,Broj,Milići,Oba pola,first_degree,213
2013,Broj,Milići,M,first_degree,113
2013,Broj,Milići,Ž,first_degree,100
2013,Broj,Modriča,Oba pola,first_degree,483
2013,Broj,Modriča,M,first_degree,303
2013,Broj,Modriča,Ž,first_degree,180
2013,Broj,Mrkonjić Grad,Oba pola,first_degree,350
2013,Broj,Mrkonjić Grad,M,first_degree,204
2013,Broj,Mrkonjić Grad,Ž,first_degree,146
2013,Broj,Nevesinje,Oba pola,first_degree,384
2013,Broj,Nevesinje,M,first_degree,236
2013,Broj,Nevesinje,Ž,first_degree,148
2013,Broj,Novi Grad,Oba pola,first_degree,714
2013,Broj,Novi Grad,M,first_degree,366
2013,Broj,Novi Grad,Ž,first_degree,348
2013,Broj,Novo Goražde,Oba pola,first_degree,48
2013,Broj,Novo Goražde,M,first_degree,39
2013,Broj,Novo Goražde,Ž,first_degree,9
2013,Broj,Osmaci,Oba pola,first_degree,65
2013,Broj,Osmaci,M,first_degree,48
2013,Broj,Osmaci,Ž,first_degree,17
2013,Broj,Oštra Luka,Oba pola,first_degree,36
2013,Broj,Oštra Luka,M,first_degree,16
2013,Broj,Oštra Luka,Ž,first_degree,20
2013,Broj,Pale,Oba pola,first_degree,645
2013,Broj,Pale,M,first_degree,389
2013,Broj,Pale,Ž,first_degree,256
2013,Broj,Pelagićevo,Oba pola,first_degree,81
2013,Broj,Pelagićevo,M,first_degree,44
2013,Broj,Pelagićevo,Ž,first_degree,37
2013,Broj,Petrovac,Oba pola,first_degree,11
2013,Broj,Petrovac,M,first_degree,6
2013,Broj,Petrovac,Ž,first_degree,5
2013,Broj,Petrovo,Oba pola,first_degree,166
2013,Broj,Petrovo,M,first_degree,109
2013,Broj,Petrovo,Ž,first_degree,57
2013,Broj,Grad Prijedor,Oba pola,first_degree,2448
2013,Broj,Grad Prijedor,M,first_degree,1252
2013,Broj,Grad Prijedor,Ž,first_degree,1196
2013,Broj,Prnjavor,Oba pola,first_degree,670
2013,Broj,Prnjavor,M,first_degree,388
2013,Broj,Prnjavor,Ž,first_degree,282
2013,Broj,Ribnik,Oba pola,first_degree,99
2013,Broj,Ribnik,M,first_degree,68
2013,Broj,Ribnik,Ž,first_degree,31
2013,Broj,Rogatica,Oba pola,first_degree,315
2013,Broj,Rogatica,M,first_degree,209
2013,Broj,Rogatica,Ž,first_degree,106
2013,Broj,Rudo,Oba pola,first_degree,277
2013,Broj,Rudo,M,first_degree,175
2013,Broj,Rudo,Ž,first_degree,102
2013,Broj,Sokolac,Oba pola,first_degree,393
2013,Broj,Sokolac,M,first_degree,237
2013,Broj,Sokolac,Ž,first_degree,156
2013,Broj,Srbac,Oba pola,first_degree,342
2013,Broj,Srbac,M,first_degree,232
2013,Broj,Srbac,Ž,first_degree,110
2013,Broj,Srebrenica,Oba pola,first_degree,290
2013,Broj,Srebrenica,M,first_degree,171
2013,Broj,Srebrenica,Ž,first_degree,119
2013,Broj,Teslić,Oba pola,first_degree,577
2013,Broj,Teslić,M,first_degree,335
2013,Broj,Teslić,Ž,first_degree,242
2013,Broj,Grad Trebinje,Oba pola,first_degree,1442
2013,Broj,Grad Trebinje,M,first_degree,806
2013,Broj,Grad Trebinje,Ž,first_degree,636
2013,Broj,Trnovo,Oba pola,first_degree,52
2013,Broj,Trnovo,M,first_degree,37
2013,Broj,Trnovo,Ž,first_degree,15
2013,Broj,Ugljevik,Oba pola,first_degree,252
2013,Broj,Ugljevik,M,first_degree,156
2013,Broj,Ugljevik,Ž,first_degree,96
2013,Broj,Foča,Oba pola,first_degree,510
2013,Broj,Foča,M,first_degree,334
2013,Broj,Foča,Ž,first_degree,176
2013,Broj,Han Pijesak,Oba pola,first_degree,110
2013,Broj,Han Pijesak,M,first_degree,67
2013,Broj,Han Pijesak,Ž,first_degree,43
2013,Broj,Čajniče,Oba pola,first_degree,75
2013,Broj,Čajniče,M,first_degree,48
2013,Broj,Čajniče,Ž,first_degree,27
2013,Broj,Čelinac,Oba pola,first_degree,293
2013,Broj,Čelinac,M,first_degree,186
2013,Broj,Čelinac,Ž,first_degree,107
2013,Broj,Šamac,Oba pola,first_degree,478
2013,Broj,Šamac,M,first_degree,265
2013,Broj,Šamac,Ž,first_degree,213
2013,Broj,Šekovići,Oba pola,first_degree,136
2013,Broj,Šekovići,M,first_degree,76
2013,Broj,Šekovići,Ž,first_degree,60
2013,Broj,Šipovo,Oba pola,first_degree,191
2013,Broj,Šipovo,M,first_degree,121
2013,Broj,Šipovo,Ž,first_degree,70
2013,Broj,Republika Srpska,Oba pola,university_degree,87036
2013,Broj,Republika Srpska,M,university_degree,42562
2013,Broj,Republika Srpska,Ž,university_degree,44474
2013,Broj,Grad Banja Luka,Oba pola,university_degree,25924
2013,Broj,Grad Banja Luka,M,university_degree,12201
2013,Broj,Grad Banja Luka,Ž,university_degree,13723
2013,Broj,Berkovići,Oba pola,university_degree,92
2013,Broj,Berkovići,M,university_degree,51
2013,Broj,Berkovići,Ž,university_degree,41
2013,Broj,Grad Bijeljina,Oba pola,university_degree,8088
2013,Broj,Grad Bijeljina,M,university_degree,3846
2013,Broj,Grad Bijeljina,Ž,university_degree,4242
2013,Broj,Bileća,Oba pola,university_degree,791
2013,Broj,Bileća,M,university_degree,443
2013,Broj,Bileća,Ž,university_degree,348
2013,Broj,Bratunac,Oba pola,university_degree,1014
2013,Broj,Bratunac,M,university_degree,515
2013,Broj,Bratunac,Ž,university_degree,499
2013,Broj,Brod,Oba pola,university_degree,801
2013,Broj,Brod,M,university_degree,389
2013,Broj,Brod,Ž,university_degree,412
2013,Broj,Višegrad,Oba pola,university_degree,818
2013,Broj,Višegrad,M,university_degree,410
2013,Broj,Višegrad,Ž,university_degree,408
2013,Broj,Vlasenica,Oba pola,university_degree,641
2013,Broj,Vlasenica,M,university_degree,316
2013,Broj,Vlasenica,Ž,university_degree,325
2013,Broj,Vukosavlje,Oba pola,university_degree,97
2013,Broj,Vukosavlje,M,university_degree,55
2013,Broj,Vukosavlje,Ž,university_degree,42
2013,Broj,Gacko,Oba pola,university_degree,812
2013,Broj,Gacko,M,university_degree,413
2013,Broj,Gacko,Ž,university_degree,399
2013,Broj,Grad Gradiška,Oba pola,university_degree,2538
2013,Broj,Grad Gradiška,M,university_degree,1270
2013,Broj,Grad Gradiška,Ž,university_degree,1268
2013,Broj,Grad Derventa,Oba pola,university_degree,1242
2013,Broj,Grad Derventa,M,university_degree,598
2013,Broj,Grad Derventa,Ž,university_degree,644
2013,Broj,Grad Doboj,Oba pola,university_degree,4634
2013,Broj,Grad Doboj,M,university_degree,2420
2013,Broj,Grad Doboj,Ž,university_degree,2214
2013,Broj,Donji Žabar,Oba pola,university_degree,100
2013,Broj,Donji Žabar,M,university_degree,59
2013,Broj,Donji Žabar,Ž,university_degree,41
2013,Broj,Grad Zvornik,Oba pola,university_degree,2964
2013,Broj,Grad Zvornik,M,university_degree,1529
2013,Broj,Grad Zvornik,Ž,university_degree,1435
2013,Broj,Istočna Ilidža,Oba pola,university_degree,1844
2013,Broj,Istočna Ilidža,M,university_degree,802
2013,Broj,Istočna Ilidža,Ž,university_degree,1042
2013,Broj,Istočni Drvar,Oba pola,university_degree,10
2013,Broj,Istočni Drvar,M,university_degree,8
2013,Broj,Istočni Drvar,Ž,university_degree,2
2013,Broj,Istočni Mostar,Oba pola,university_degree,14
2013,Broj,Istočni Mostar,M,university_degree,7
2013,Broj,Istočni Mostar,Ž,university_degree,7
2013,Broj,Istočni Stari Grad,Oba pola,university_degree,53
2013,Broj,Istočni Stari Grad,M,university_degree,21
2013,Broj,Istočni Stari Grad,Ž,university_degree,32
2013,Broj,Istočno Novo Sarajevo,Oba pola,university_degree,1563
2013,Broj,Istočno Novo Sarajevo,M,university_degree,745
2013,Broj,Istočno Novo Sarajevo,Ž,university_degree,818
2013,Broj,Jezero,Oba pola,university_degree,30
2013,Broj,Jezero,M,university_degree,19
2013,Broj,Jezero,Ž,university_degree,11
2013,Broj,Kalinovik,Oba pola,university_degree,147
2013,Broj,Kalinovik,M,university_degree,85
2013,Broj,Kalinovik,Ž,university_degree,62
2013,Broj,Kneževo,Oba pola,university_degree,334
2013,Broj,Kneževo,M,university_degree,188
2013,Broj,Kneževo,Ž,university_degree,146
2013,Broj,Kozarska Dubica,Oba pola,university_degree,999
2013,Broj,Kozarska Dubica,M,university_degree,501
2013,Broj,Kozarska Dubica,Ž,university_degree,498
2013,Broj,Kostajnica,Oba pola,university_degree,281
2013,Broj,Kostajnica,M,university_degree,134
2013,Broj,Kostajnica,Ž,university_degree,147
2013,Broj,Kotor Varoš,Oba pola,university_degree,767
2013,Broj,Kotor Varoš,M,university_degree,408
2013,Broj,Kotor Varoš,Ž,university_degree,359
2013,Broj,Krupa Na Uni,Oba pola,university_degree,13
2013,Broj,Krupa Na Uni,M,university_degree,7
2013,Broj,Krupa Na Uni,Ž,university_degree,6
2013,Broj,Kupres,Oba pola,university_degree,4
2013,Broj,Kupres,M,university_degree,3
2013,Broj,Kupres,Ž,university_degree,1
2013,Broj,Laktaši,Oba pola,university_degree,1729
2013,Broj,Laktaši,M,university_degree,829
2013,Broj,Laktaši,Ž,university_degree,900
2013,Broj,Lopare,Oba pola,university_degree,560
2013,Broj,Lopare,M,university_degree,264
2013,Broj,Lopare,Ž,university_degree,296
2013,Broj,Ljubinje,Oba pola,university_degree,255
2013,Broj,Ljubinje,M,university_degree,145
2013,Broj,Ljubinje,Ž,university_degree,110
2013,Broj,Milići,Oba pola,university_degree,573
2013,Broj,Milići,M,university_degree,295
2013,Broj,Milići,Ž,university_degree,278
2013,Broj,Modriča,Oba pola,university_degree,1186
2013,Broj,Modriča,M,university_degree,605
2013,Broj,Modriča,Ž,university_degree,581
2013,Broj,Mrkonjić Grad,Oba pola,university_degree,832
2013,Broj,Mrkonjić Grad,M,university_degree,410
2013,Broj,Mrkonjić Grad,Ž,university_degree,422
2013,Broj,Nevesinje,Oba pola,university_degree,856
2013,Broj,Nevesinje,M,university_degree,459
2013,Broj,Nevesinje,Ž,university_degree,397
2013,Broj,Novi Grad,Oba pola,university_degree,1243
2013,Broj,Novi Grad,M,university_degree,602
2013,Broj,Novi Grad,Ž,university_degree,641
2013,Broj,Novo Goražde,Oba pola,university_degree,145
2013,Broj,Novo Goražde,M,university_degree,71
2013,Broj,Novo Goražde,Ž,university_degree,74
2013,Broj,Osmaci,Oba pola,university_degree,235
2013,Broj,Osmaci,M,university_degree,148
2013,Broj,Osmaci,Ž,university_degree,87
2013,Broj,Oštra Luka,Oba pola,university_degree,55
2013,Broj,Oštra Luka,M,university_degree,24
2013,Broj,Oštra Luka,Ž,university_degree,31
2013,Broj,Pale,Oba pola,university_degree,2538
2013,Broj,Pale,M,university_degree,1148
2013,Broj,Pale,Ž,university_degree,1390
2013,Broj,Pelagićevo,Oba pola,university_degree,94
2013,Broj,Pelagićevo,M,university_degree,53
2013,Broj,Pelagićevo,Ž,university_degree,41
2013,Broj,Petrovac,Oba pola,university_degree,26
2013,Broj,Petrovac,M,university_degree,13
2013,Broj,Petrovac,Ž,university_degree,13
2013,Broj,Petrovo,Oba pola,university_degree,259
2013,Broj,Petrovo,M,university_degree,134
2013,Broj,Petrovo,Ž,university_degree,125
2013,Broj,Grad Prijedor,Oba pola,university_degree,4646
2013,Broj,Grad Prijedor,M,university_degree,2220
2013,Broj,Grad Prijedor,Ž,university_degree,2426
2013,Broj,Prnjavor,Oba pola,university_degree,1336
2013,Broj,Prnjavor,M,university_degree,627
2013,Broj,Prnjavor,Ž,university_degree,709
2013,Broj,Ribnik,Oba pola,university_degree,195
2013,Broj,Ribnik,M,university_degree,108
2013,Broj,Ribnik,Ž,university_degree,87
2013,Broj,Rogatica,Oba pola,university_degree,702
2013,Broj,Rogatica,M,university_degree,354
2013,Broj,Rogatica,Ž,university_degree,348
2013,Broj,Rudo,Oba pola,university_degree,454
2013,Broj,Rudo,M,university_degree,232
2013,Broj,Rudo,Ž,university_degree,222
2013,Broj,Sokolac,Oba pola,university_degree,1113
2013,Broj,Sokolac,M,university_degree,529
2013,Broj,Sokolac,Ž,university_degree,584
2013,Broj,Srbac,Oba pola,university_degree,798
2013,Broj,Srbac,M,university_degree,410
2013,Broj,Srbac,Ž,university_degree,388
2013,Broj,Srebrenica,Oba pola,university_degree,741
2013,Broj,Srebrenica,M,university_degree,395
2013,Broj,Srebrenica,Ž,university_degree,346
2013,Broj,Teslić,Oba pola,university_degree,1351
2013,Broj,Teslić,M,university_degree,689
2013,Broj,Teslić,Ž,university_degree,662
2013,Broj,Grad Trebinje,Oba pola,university_degree,3262
2013,Broj,Grad Trebinje,M,university_degree,1642
2013,Broj,Grad Trebinje,Ž,university_degree,1620
2013,Broj,Trnovo,Oba pola,university_degree,139
2013,Broj,Trnovo,M,university_degree,66
2013,Broj,Trnovo,Ž,university_degree,73
2013,Broj,Ugljevik,Oba pola,university_degree,903
2013,Broj,Ugljevik,M,university_degree,443
2013,Broj,Ugljevik,Ž,university_degree,460
2013,Broj,Foča,Oba pola,university_degree,1422
2013,Broj,Foča,M,university_degree,757
2013,Broj,Foča,Ž,university_degree,665
2013,Broj,Han Pijesak,Oba pola,university_degree,274
2013,Broj,Han Pijesak,M,university_degree,138
2013,Broj,Han Pijesak,Ž,university_degree,136
2013,Broj,Čajniče,Oba pola,university_degree,280
2013,Broj,Čajniče,M,university_degree,152
2013,Broj,Čajniče,Ž,university_degree,128
2013,Broj,Čelinac,Oba pola,university_degree,618
2013,Broj,Čelinac,M,university_degree,290
2013,Broj,Čelinac,Ž,university_degree,328
2013,Broj,Šamac,Oba pola,university_degree,911
2013,Broj,Šamac,M,university_degree,494
2013,Broj,Šamac,Ž,university_degree,417
2013,Broj,Šekovići,Oba pola,university_degree,267
2013,Broj,Šekovići,M,university_degree,144
2013,Broj,Šekovići,Ž,university_degree,123
2013,Broj,Šipovo,Oba pola,university_degree,423
2013,Broj,Šipovo,M,university_degree,229
2013,Broj,Šipovo,Ž,university_degree,194
