Year,UNIT_MEASURE,ADMIN_AREA,Spol,Disabilities,Value
2013,Broj,republika_srpska,Oba spola,_T,102262
2013,Broj,republika_srpska,M,_T,46720
2013,Broj,republika_srpska,Ž,_T,55542
2013,Broj,grad_banja_luka,Oba spola,_T,13450
2013,Broj,grad_banja_luka,M,_T,6251
2013,Broj,grad_banja_luka,Ž,_T,7199
2013,Broj,berkovici,Oba spola,_T,165
2013,Broj,berkovici,M,_T,75
2013,Broj,berkovici,Ž,_T,90
2013,Broj,grad_bijeljina,Oba spola,_T,8763
2013,Broj,grad_bijeljina,M,_T,3967
2013,Broj,grad_bijeljina,Ž,_T,4796
2013,Broj,bileca,Oba spola,_T,813
2013,Broj,bileca,M,_T,339
2013,Broj,bileca,Ž,_T,474
2013,Broj,bratunac,Oba spola,_T,1534
2013,Broj,bratunac,M,_T,688
2013,Broj,bratunac,Ž,_T,846
2013,Broj,brod,Oba spola,_T,1420
2013,Broj,brod,M,_T,658
2013,Broj,brod,Ž,_T,762
2013,Broj,visegrad,Oba spola,_T,1097
2013,Broj,visegrad,M,_T,422
2013,Broj,visegrad,Ž,_T,675
2013,Broj,vlasenica,Oba spola,_T,786
2013,Broj,vlasenica,M,_T,393
2013,Broj,vlasenica,Ž,_T,393
2013,Broj,vukosavlje,Oba spola,_T,472
2013,Broj,vukosavlje,M,_T,226
2013,Broj,vukosavlje,Ž,_T,246
2013,Broj,gacko,Oba spola,_T,597
2013,Broj,gacko,M,_T,261
2013,Broj,gacko,Ž,_T,336
2013,Broj,grad_gradiska,Oba spola,_T,4427
2013,Broj,grad_gradiska,M,_T,1965
2013,Broj,grad_gradiska,Ž,_T,2462
2013,Broj,grad_derventa,Oba spola,_T,2529
2013,Broj,grad_derventa,M,_T,1153
2013,Broj,grad_derventa,Ž,_T,1376
2013,Broj,grad_doboj,Oba spola,_T,7404
2013,Broj,grad_doboj,M,_T,3292
2013,Broj,grad_doboj,Ž,_T,4112
2013,Broj,donji_zabar,Oba spola,_T,313
2013,Broj,donji_zabar,M,_T,146
2013,Broj,donji_zabar,Ž,_T,167
2013,Broj,grad_zvornik,Oba spola,_T,4328
2013,Broj,grad_zvornik,M,_T,2027
2013,Broj,grad_zvornik,Ž,_T,2301
2013,Broj,istocna_ilidza,Oba spola,_T,1025
2013,Broj,istocna_ilidza,M,_T,464
2013,Broj,istocna_ilidza,Ž,_T,561
2013,Broj,istocni_drvar,Oba spola,_T,9
2013,Broj,istocni_drvar,M,_T,5
2013,Broj,istocni_drvar,Ž,_T,4
2013,Broj,istocni_mostar,Oba spola,_T,14
2013,Broj,istocni_mostar,M,_T,4
2013,Broj,istocni_mostar,Ž,_T,10
2013,Broj,istocni_stari_grad,Oba spola,_T,100
2013,Broj,istocni_stari_grad,M,_T,42
2013,Broj,istocni_stari_grad,Ž,_T,58
2013,Broj,istocno_novo_sarajevo,Oba spola,_T,611
2013,Broj,istocno_novo_sarajevo,M,_T,276
2013,Broj,istocno_novo_sarajevo,Ž,_T,335
2013,Broj,jezero,Oba spola,_T,80
2013,Broj,jezero,M,_T,37
2013,Broj,jezero,Ž,_T,43
2013,Broj,kalinovik,Oba spola,_T,203
2013,Broj,kalinovik,M,_T,88
2013,Broj,kalinovik,Ž,_T,115
2013,Broj,knezevo,Oba spola,_T,933
2013,Broj,knezevo,M,_T,449
2013,Broj,knezevo,Ž,_T,484
2013,Broj,kozarska_dubica,Oba spola,_T,2078
2013,Broj,kozarska_dubica,M,_T,919
2013,Broj,kozarska_dubica,Ž,_T,1159
2013,Broj,kostajnica,Oba spola,_T,475
2013,Broj,kostajnica,M,_T,216
2013,Broj,kostajnica,Ž,_T,259
2013,Broj,kotor_varos,Oba spola,_T,1857
2013,Broj,kotor_varos,M,_T,865
2013,Broj,kotor_varos,Ž,_T,992
2013,Broj,krupa_na_uni,Oba spola,_T,204
2013,Broj,krupa_na_uni,M,_T,93
2013,Broj,krupa_na_uni,Ž,_T,111
2013,Broj,kupres,Oba spola,_T,49
2013,Broj,kupres,M,_T,27
2013,Broj,kupres,Ž,_T,22
2013,Broj,laktasi,Oba spola,_T,2445
2013,Broj,laktasi,M,_T,1196
2013,Broj,laktasi,Ž,_T,1249
2013,Broj,lopare,Oba spola,_T,1612
2013,Broj,lopare,M,_T,791
2013,Broj,lopare,Ž,_T,821
2013,Broj,ljubinje,Oba spola,_T,197
2013,Broj,ljubinje,M,_T,84
2013,Broj,ljubinje,Ž,_T,113
2013,Broj,milici,Oba spola,_T,860
2013,Broj,milici,M,_T,392
2013,Broj,milici,Ž,_T,468
2013,Broj,modrica,Oba spola,_T,2458
2013,Broj,modrica,M,_T,1119
2013,Broj,modrica,Ž,_T,1339
2013,Broj,mrkonjic_grad,Oba spola,_T,1300
2013,Broj,mrkonjic_grad,M,_T,602
2013,Broj,mrkonjic_grad,Ž,_T,698
2013,Broj,nevesinje,Oba spola,_T,876
2013,Broj,nevesinje,M,_T,379
2013,Broj,nevesinje,Ž,_T,497
2013,Broj,novi_grad,Oba spola,_T,2687
2013,Broj,novi_grad,M,_T,1179
2013,Broj,novi_grad,Ž,_T,1508
2013,Broj,novo_gorazde,Oba spola,_T,206
2013,Broj,novo_gorazde,M,_T,101
2013,Broj,novo_gorazde,Ž,_T,105
2013,Broj,osmaci,Oba spola,_T,513
2013,Broj,osmaci,M,_T,234
2013,Broj,osmaci,Ž,_T,279
2013,Broj,ostra_luka,Oba spola,_T,394
2013,Broj,ostra_luka,M,_T,205
2013,Broj,ostra_luka,Ž,_T,189
2013,Broj,pale,Oba spola,_T,1289
2013,Broj,pale,M,_T,594
2013,Broj,pale,Ž,_T,695
2013,Broj,pelagicevo,Oba spola,_T,688
2013,Broj,pelagicevo,M,_T,299
2013,Broj,pelagicevo,Ž,_T,389
2013,Broj,petrovac,Oba spola,_T,16
2013,Broj,petrovac,M,_T,6
2013,Broj,petrovac,Ž,_T,10
2013,Broj,petrovo,Oba spola,_T,944
2013,Broj,petrovo,M,_T,399
2013,Broj,petrovo,Ž,_T,545
2013,Broj,grad_prijedor,Oba spola,_T,7173
2013,Broj,grad_prijedor,M,_T,3333
2013,Broj,grad_prijedor,Ž,_T,3840
2013,Broj,prnjavor,Oba spola,_T,3309
2013,Broj,prnjavor,M,_T,1497
2013,Broj,prnjavor,Ž,_T,1812
2013,Broj,ribnik,Oba spola,_T,701
2013,Broj,ribnik,M,_T,323
2013,Broj,ribnik,Ž,_T,378
2013,Broj,rogatica,Oba spola,_T,1012
2013,Broj,rogatica,M,_T,464
2013,Broj,rogatica,Ž,_T,548
2013,Broj,rudo,Oba spola,_T,596
2013,Broj,rudo,M,_T,258
2013,Broj,rudo,Ž,_T,338
2013,Broj,sokolac,Oba spola,_T,944
2013,Broj,sokolac,M,_T,422
2013,Broj,sokolac,Ž,_T,522
2013,Broj,srbac,Oba spola,_T,1526
2013,Broj,srbac,M,_T,714
2013,Broj,srbac,Ž,_T,812
2013,Broj,srebrenica,Oba spola,_T,1061
2013,Broj,srebrenica,M,_T,447
2013,Broj,srebrenica,Ž,_T,614
2013,Broj,teslic,Oba spola,_T,3562
2013,Broj,teslic,M,_T,1683
2013,Broj,teslic,Ž,_T,1879
2013,Broj,grad_trebinje,Oba spola,_T,1860
2013,Broj,grad_trebinje,M,_T,823
2013,Broj,grad_trebinje,Ž,_T,1037
2013,Broj,trnovo,Oba spola,_T,171
2013,Broj,trnovo,M,_T,70
2013,Broj,trnovo,Ž,_T,101
2013,Broj,ugljevik,Oba spola,_T,1179
2013,Broj,ugljevik,M,_T,532
2013,Broj,ugljevik,Ž,_T,647
2013,Broj,foca,Oba spola,_T,1473
2013,Broj,foca,M,_T,725
2013,Broj,foca,Ž,_T,748
2013,Broj,han_pijesak,Oba spola,_T,269
2013,Broj,han_pijesak,M,_T,99
2013,Broj,han_pijesak,Ž,_T,170
2013,Broj,cajnice,Oba spola,_T,461
2013,Broj,cajnice,M,_T,208
2013,Broj,cajnice,Ž,_T,253
2013,Broj,celinac,Oba spola,_T,1672
2013,Broj,celinac,M,_T,800
2013,Broj,celinac,Ž,_T,872
2013,Broj,samac,Oba spola,_T,1634
2013,Broj,samac,M,_T,724
2013,Broj,samac,Ž,_T,910
2013,Broj,sekovici,Oba spola,_T,595
2013,Broj,sekovici,M,_T,279
2013,Broj,sekovici,Ž,_T,316
2013,Broj,sipovo,Oba spola,_T,843
2013,Broj,sipovo,M,_T,391
2013,Broj,sipovo,Ž,_T,452
2013,Broj,republika_srpska,Oba spola,eyesight,43020
2013,Broj,republika_srpska,M,eyesight,18052
2013,Broj,republika_srpska,Ž,eyesight,24968
2013,Broj,grad_banja_luka,Oba spola,eyesight,5370
2013,Broj,grad_banja_luka,M,eyesight,2232
2013,Broj,grad_banja_luka,Ž,eyesight,3138
2013,Broj,berkovici,Oba spola,eyesight,73
2013,Broj,berkovici,M,eyesight,33
2013,Broj,berkovici,Ž,eyesight,40
2013,Broj,grad_bijeljina,Oba spola,eyesight,3450
2013,Broj,grad_bijeljina,M,eyesight,1424
2013,Broj,grad_bijeljina,Ž,eyesight,2026
2013,Broj,bileca,Oba spola,eyesight,375
2013,Broj,bileca,M,eyesight,159
2013,Broj,bileca,Ž,eyesight,216
2013,Broj,bratunac,Oba spola,eyesight,791
2013,Broj,bratunac,M,eyesight,328
2013,Broj,bratunac,Ž,eyesight,463
2013,Broj,brod,Oba spola,eyesight,596
2013,Broj,brod,M,eyesight,252
2013,Broj,brod,Ž,eyesight,344
2013,Broj,visegrad,Oba spola,eyesight,409
2013,Broj,visegrad,M,eyesight,162
2013,Broj,visegrad,Ž,eyesight,247
2013,Broj,vlasenica,Oba spola,eyesight,372
2013,Broj,vlasenica,M,eyesight,171
2013,Broj,vlasenica,Ž,eyesight,201
2013,Broj,vukosavlje,Oba spola,eyesight,157
2013,Broj,vukosavlje,M,eyesight,74
2013,Broj,vukosavlje,Ž,eyesight,83
2013,Broj,gacko,Oba spola,eyesight,245
2013,Broj,gacko,M,eyesight,107
2013,Broj,gacko,Ž,eyesight,138
2013,Broj,grad_gradiska,Oba spola,eyesight,1881
2013,Broj,grad_gradiska,M,eyesight,754
2013,Broj,grad_gradiska,Ž,eyesight,1127
2013,Broj,grad_derventa,Oba spola,eyesight,1172
2013,Broj,grad_derventa,M,eyesight,476
2013,Broj,grad_derventa,Ž,eyesight,696
2013,Broj,grad_doboj,Oba spola,eyesight,3265
2013,Broj,grad_doboj,M,eyesight,1332
2013,Broj,grad_doboj,Ž,eyesight,1933
2013,Broj,donji_zabar,Oba spola,eyesight,122
2013,Broj,donji_zabar,M,eyesight,50
2013,Broj,donji_zabar,Ž,eyesight,72
2013,Broj,grad_zvornik,Oba spola,eyesight,1920
2013,Broj,grad_zvornik,M,eyesight,842
2013,Broj,grad_zvornik,Ž,eyesight,1078
2013,Broj,istocna_ilidza,Oba spola,eyesight,423
2013,Broj,istocna_ilidza,M,eyesight,183
2013,Broj,istocna_ilidza,Ž,eyesight,240
2013,Broj,istocni_drvar,Oba spola,eyesight,5
2013,Broj,istocni_drvar,M,eyesight,2
2013,Broj,istocni_drvar,Ž,eyesight,3
2013,Broj,istocni_mostar,Oba spola,eyesight,9
2013,Broj,istocni_mostar,M,eyesight,3
2013,Broj,istocni_mostar,Ž,eyesight,6
2013,Broj,istocni_stari_grad,Oba spola,eyesight,49
2013,Broj,istocni_stari_grad,M,eyesight,22
2013,Broj,istocni_stari_grad,Ž,eyesight,27
2013,Broj,istocno_novo_sarajevo,Oba spola,eyesight,255
2013,Broj,istocno_novo_sarajevo,M,eyesight,90
2013,Broj,istocno_novo_sarajevo,Ž,eyesight,165
2013,Broj,jezero,Oba spola,eyesight,44
2013,Broj,jezero,M,eyesight,18
2013,Broj,jezero,Ž,eyesight,26
2013,Broj,kalinovik,Oba spola,eyesight,87
2013,Broj,kalinovik,M,eyesight,35
2013,Broj,kalinovik,Ž,eyesight,52
2013,Broj,knezevo,Oba spola,eyesight,355
2013,Broj,knezevo,M,eyesight,159
2013,Broj,knezevo,Ž,eyesight,196
2013,Broj,kozarska_dubica,Oba spola,eyesight,788
2013,Broj,kozarska_dubica,M,eyesight,329
2013,Broj,kozarska_dubica,Ž,eyesight,459
2013,Broj,kostajnica,Oba spola,eyesight,226
2013,Broj,kostajnica,M,eyesight,104
2013,Broj,kostajnica,Ž,eyesight,122
2013,Broj,kotor_varos,Oba spola,eyesight,894
2013,Broj,kotor_varos,M,eyesight,374
2013,Broj,kotor_varos,Ž,eyesight,520
2013,Broj,krupa_na_uni,Oba spola,eyesight,98
2013,Broj,krupa_na_uni,M,eyesight,47
2013,Broj,krupa_na_uni,Ž,eyesight,51
2013,Broj,kupres,Oba spola,eyesight,12
2013,Broj,kupres,M,eyesight,8
2013,Broj,kupres,Ž,eyesight,4
2013,Broj,laktasi,Oba spola,eyesight,1042
2013,Broj,laktasi,M,eyesight,460
2013,Broj,laktasi,Ž,eyesight,582
2013,Broj,lopare,Oba spola,eyesight,691
2013,Broj,lopare,M,eyesight,297
2013,Broj,lopare,Ž,eyesight,394
2013,Broj,ljubinje,Oba spola,eyesight,82
2013,Broj,ljubinje,M,eyesight,36
2013,Broj,ljubinje,Ž,eyesight,46
2013,Broj,milici,Oba spola,eyesight,390
2013,Broj,milici,M,eyesight,165
2013,Broj,milici,Ž,eyesight,225
2013,Broj,modrica,Oba spola,eyesight,990
2013,Broj,modrica,M,eyesight,443
2013,Broj,modrica,Ž,eyesight,547
2013,Broj,mrkonjic_grad,Oba spola,eyesight,524
2013,Broj,mrkonjic_grad,M,eyesight,227
2013,Broj,mrkonjic_grad,Ž,eyesight,297
2013,Broj,nevesinje,Oba spola,eyesight,401
2013,Broj,nevesinje,M,eyesight,187
2013,Broj,nevesinje,Ž,eyesight,214
2013,Broj,novi_grad,Oba spola,eyesight,1236
2013,Broj,novi_grad,M,eyesight,483
2013,Broj,novi_grad,Ž,eyesight,753
2013,Broj,novo_gorazde,Oba spola,eyesight,86
2013,Broj,novo_gorazde,M,eyesight,35
2013,Broj,novo_gorazde,Ž,eyesight,51
2013,Broj,osmaci,Oba spola,eyesight,243
2013,Broj,osmaci,M,eyesight,102
2013,Broj,osmaci,Ž,eyesight,141
2013,Broj,ostra_luka,Oba spola,eyesight,176
2013,Broj,ostra_luka,M,eyesight,88
2013,Broj,ostra_luka,Ž,eyesight,88
2013,Broj,pale,Oba spola,eyesight,492
2013,Broj,pale,M,eyesight,213
2013,Broj,pale,Ž,eyesight,279
2013,Broj,pelagicevo,Oba spola,eyesight,310
2013,Broj,pelagicevo,M,eyesight,132
2013,Broj,pelagicevo,Ž,eyesight,178
2013,Broj,petrovac,Oba spola,eyesight,6
2013,Broj,petrovac,M,eyesight,2
2013,Broj,petrovac,Ž,eyesight,4
2013,Broj,petrovo,Oba spola,eyesight,433
2013,Broj,petrovo,M,eyesight,178
2013,Broj,petrovo,Ž,eyesight,255
2013,Broj,grad_prijedor,Oba spola,eyesight,2857
2013,Broj,grad_prijedor,M,eyesight,1209
2013,Broj,grad_prijedor,Ž,eyesight,1648
2013,Broj,prnjavor,Oba spola,eyesight,1364
2013,Broj,prnjavor,M,eyesight,564
2013,Broj,prnjavor,Ž,eyesight,800
2013,Broj,ribnik,Oba spola,eyesight,293
2013,Broj,ribnik,M,eyesight,137
2013,Broj,ribnik,Ž,eyesight,156
2013,Broj,rogatica,Oba spola,eyesight,418
2013,Broj,rogatica,M,eyesight,174
2013,Broj,rogatica,Ž,eyesight,244
2013,Broj,rudo,Oba spola,eyesight,231
2013,Broj,rudo,M,eyesight,98
2013,Broj,rudo,Ž,eyesight,133
2013,Broj,sokolac,Oba spola,eyesight,368
2013,Broj,sokolac,M,eyesight,161
2013,Broj,sokolac,Ž,eyesight,207
2013,Broj,srbac,Oba spola,eyesight,684
2013,Broj,srbac,M,eyesight,291
2013,Broj,srbac,Ž,eyesight,393
2013,Broj,srebrenica,Oba spola,eyesight,487
2013,Broj,srebrenica,M,eyesight,176
2013,Broj,srebrenica,Ž,eyesight,311
2013,Broj,teslic,Oba spola,eyesight,1451
2013,Broj,teslic,M,eyesight,633
2013,Broj,teslic,Ž,eyesight,818
2013,Broj,grad_trebinje,Oba spola,eyesight,736
2013,Broj,grad_trebinje,M,eyesight,297
2013,Broj,grad_trebinje,Ž,eyesight,439
2013,Broj,trnovo,Oba spola,eyesight,62
2013,Broj,trnovo,M,eyesight,25
2013,Broj,trnovo,Ž,eyesight,37
2013,Broj,ugljevik,Oba spola,eyesight,488
2013,Broj,ugljevik,M,eyesight,202
2013,Broj,ugljevik,Ž,eyesight,286
2013,Broj,foca,Oba spola,eyesight,605
2013,Broj,foca,M,eyesight,263
2013,Broj,foca,Ž,eyesight,342
2013,Broj,han_pijesak,Oba spola,eyesight,102
2013,Broj,han_pijesak,M,eyesight,36
2013,Broj,han_pijesak,Ž,eyesight,66
2013,Broj,cajnice,Oba spola,eyesight,219
2013,Broj,cajnice,M,eyesight,93
2013,Broj,cajnice,Ž,eyesight,126
2013,Broj,celinac,Oba spola,eyesight,752
2013,Broj,celinac,M,eyesight,313
2013,Broj,celinac,Ž,eyesight,439
2013,Broj,samac,Oba spola,eyesight,679
2013,Broj,samac,M,eyesight,277
2013,Broj,samac,Ž,eyesight,402
2013,Broj,sekovici,Oba spola,eyesight,307
2013,Broj,sekovici,M,eyesight,130
2013,Broj,sekovici,Ž,eyesight,177
2013,Broj,sipovo,Oba spola,eyesight,372
2013,Broj,sipovo,M,eyesight,155
2013,Broj,sipovo,Ž,eyesight,217
2013,Broj,republika_srpska,Oba spola,hearing,26055
2013,Broj,republika_srpska,M,hearing,12971
2013,Broj,republika_srpska,Ž,hearing,13084
2013,Broj,grad_banja_luka,Oba spola,hearing,3262
2013,Broj,grad_banja_luka,M,hearing,1678
2013,Broj,grad_banja_luka,Ž,hearing,1584
2013,Broj,berkovici,Oba spola,hearing,48
2013,Broj,berkovici,M,hearing,28
2013,Broj,berkovici,Ž,hearing,20
2013,Broj,grad_bijeljina,Oba spola,hearing,2026
2013,Broj,grad_bijeljina,M,hearing,1028
2013,Broj,grad_bijeljina,Ž,hearing,998
2013,Broj,bileca,Oba spola,hearing,240
2013,Broj,bileca,M,hearing,122
2013,Broj,bileca,Ž,hearing,118
2013,Broj,bratunac,Oba spola,hearing,420
2013,Broj,bratunac,M,hearing,196
2013,Broj,bratunac,Ž,hearing,224
2013,Broj,brod,Oba spola,hearing,322
2013,Broj,brod,M,hearing,168
2013,Broj,brod,Ž,hearing,154
2013,Broj,visegrad,Oba spola,hearing,276
2013,Broj,visegrad,M,hearing,128
2013,Broj,visegrad,Ž,hearing,148
2013,Broj,vlasenica,Oba spola,hearing,236
2013,Broj,vlasenica,M,hearing,117
2013,Broj,vlasenica,Ž,hearing,119
2013,Broj,vukosavlje,Oba spola,hearing,107
2013,Broj,vukosavlje,M,hearing,49
2013,Broj,vukosavlje,Ž,hearing,58
2013,Broj,gacko,Oba spola,hearing,172
2013,Broj,gacko,M,hearing,80
2013,Broj,gacko,Ž,hearing,92
2013,Broj,grad_gradiska,Oba spola,hearing,1110
2013,Broj,grad_gradiska,M,hearing,525
2013,Broj,grad_gradiska,Ž,hearing,585
2013,Broj,grad_derventa,Oba spola,hearing,655
2013,Broj,grad_derventa,M,hearing,320
2013,Broj,grad_derventa,Ž,hearing,335
2013,Broj,grad_doboj,Oba spola,hearing,1902
2013,Broj,grad_doboj,M,hearing,925
2013,Broj,grad_doboj,Ž,hearing,977
2013,Broj,donji_zabar,Oba spola,hearing,81
2013,Broj,donji_zabar,M,hearing,50
2013,Broj,donji_zabar,Ž,hearing,31
2013,Broj,grad_zvornik,Oba spola,hearing,1157
2013,Broj,grad_zvornik,M,hearing,580
2013,Broj,grad_zvornik,Ž,hearing,577
2013,Broj,istocna_ilidza,Oba spola,hearing,267
2013,Broj,istocna_ilidza,M,hearing,123
2013,Broj,istocna_ilidza,Ž,hearing,144
2013,Broj,istocni_drvar,Oba spola,hearing,4
2013,Broj,istocni_drvar,M,hearing,1
2013,Broj,istocni_drvar,Ž,hearing,3
2013,Broj,istocni_mostar,Oba spola,hearing,7
2013,Broj,istocni_mostar,M,hearing,1
2013,Broj,istocni_mostar,Ž,hearing,6
2013,Broj,istocni_stari_grad,Oba spola,hearing,29
2013,Broj,istocni_stari_grad,M,hearing,15
2013,Broj,istocni_stari_grad,Ž,hearing,14
2013,Broj,istocno_novo_sarajevo,Oba spola,hearing,153
2013,Broj,istocno_novo_sarajevo,M,hearing,76
2013,Broj,istocno_novo_sarajevo,Ž,hearing,77
2013,Broj,jezero,Oba spola,hearing,34
2013,Broj,jezero,M,hearing,18
2013,Broj,jezero,Ž,hearing,16
2013,Broj,kalinovik,Oba spola,hearing,56
2013,Broj,kalinovik,M,hearing,25
2013,Broj,kalinovik,Ž,hearing,31
2013,Broj,knezevo,Oba spola,hearing,251
2013,Broj,knezevo,M,hearing,127
2013,Broj,knezevo,Ž,hearing,124
2013,Broj,kozarska_dubica,Oba spola,hearing,490
2013,Broj,kozarska_dubica,M,hearing,237
2013,Broj,kozarska_dubica,Ž,hearing,253
2013,Broj,kostajnica,Oba spola,hearing,123
2013,Broj,kostajnica,M,hearing,65
2013,Broj,kostajnica,Ž,hearing,58
2013,Broj,kotor_varos,Oba spola,hearing,485
2013,Broj,kotor_varos,M,hearing,244
2013,Broj,kotor_varos,Ž,hearing,241
2013,Broj,krupa_na_uni,Oba spola,hearing,59
2013,Broj,krupa_na_uni,M,hearing,36
2013,Broj,krupa_na_uni,Ž,hearing,23
2013,Broj,kupres,Oba spola,hearing,14
2013,Broj,kupres,M,hearing,10
2013,Broj,kupres,Ž,hearing,4
2013,Broj,laktasi,Oba spola,hearing,610
2013,Broj,laktasi,M,hearing,322
2013,Broj,laktasi,Ž,hearing,288
2013,Broj,lopare,Oba spola,hearing,400
2013,Broj,lopare,M,hearing,187
2013,Broj,lopare,Ž,hearing,213
2013,Broj,ljubinje,Oba spola,hearing,68
2013,Broj,ljubinje,M,hearing,33
2013,Broj,ljubinje,Ž,hearing,35
2013,Broj,milici,Oba spola,hearing,209
2013,Broj,milici,M,hearing,98
2013,Broj,milici,Ž,hearing,111
2013,Broj,modrica,Oba spola,hearing,623
2013,Broj,modrica,M,hearing,318
2013,Broj,modrica,Ž,hearing,305
2013,Broj,mrkonjic_grad,Oba spola,hearing,388
2013,Broj,mrkonjic_grad,M,hearing,188
2013,Broj,mrkonjic_grad,Ž,hearing,200
2013,Broj,nevesinje,Oba spola,hearing,254
2013,Broj,nevesinje,M,hearing,119
2013,Broj,nevesinje,Ž,hearing,135
2013,Broj,novi_grad,Oba spola,hearing,706
2013,Broj,novi_grad,M,hearing,334
2013,Broj,novi_grad,Ž,hearing,372
2013,Broj,novo_gorazde,Oba spola,hearing,57
2013,Broj,novo_gorazde,M,hearing,31
2013,Broj,novo_gorazde,Ž,hearing,26
2013,Broj,osmaci,Oba spola,hearing,144
2013,Broj,osmaci,M,hearing,71
2013,Broj,osmaci,Ž,hearing,73
2013,Broj,ostra_luka,Oba spola,hearing,97
2013,Broj,ostra_luka,M,hearing,65
2013,Broj,ostra_luka,Ž,hearing,32
2013,Broj,pale,Oba spola,hearing,318
2013,Broj,pale,M,hearing,164
2013,Broj,pale,Ž,hearing,154
2013,Broj,pelagicevo,Oba spola,hearing,167
2013,Broj,pelagicevo,M,hearing,74
2013,Broj,pelagicevo,Ž,hearing,93
2013,Broj,petrovac,Oba spola,hearing,4
2013,Broj,petrovac,M,hearing,1
2013,Broj,petrovac,Ž,hearing,3
2013,Broj,petrovo,Oba spola,hearing,257
2013,Broj,petrovo,M,hearing,134
2013,Broj,petrovo,Ž,hearing,123
2013,Broj,grad_prijedor,Oba spola,hearing,1805
2013,Broj,grad_prijedor,M,hearing,944
2013,Broj,grad_prijedor,Ž,hearing,861
2013,Broj,prnjavor,Oba spola,hearing,812
2013,Broj,prnjavor,M,hearing,383
2013,Broj,prnjavor,Ž,hearing,429
2013,Broj,ribnik,Oba spola,hearing,199
2013,Broj,ribnik,M,hearing,97
2013,Broj,ribnik,Ž,hearing,102
2013,Broj,rogatica,Oba spola,hearing,307
2013,Broj,rogatica,M,hearing,150
2013,Broj,rogatica,Ž,hearing,157
2013,Broj,rudo,Oba spola,hearing,169
2013,Broj,rudo,M,hearing,83
2013,Broj,rudo,Ž,hearing,86
2013,Broj,sokolac,Oba spola,hearing,257
2013,Broj,sokolac,M,hearing,121
2013,Broj,sokolac,Ž,hearing,136
2013,Broj,srbac,Oba spola,hearing,423
2013,Broj,srbac,M,hearing,212
2013,Broj,srbac,Ž,hearing,211
2013,Broj,srebrenica,Oba spola,hearing,229
2013,Broj,srebrenica,M,hearing,109
2013,Broj,srebrenica,Ž,hearing,120
2013,Broj,teslic,Oba spola,hearing,881
2013,Broj,teslic,M,hearing,435
2013,Broj,teslic,Ž,hearing,446
2013,Broj,grad_trebinje,Oba spola,hearing,461
2013,Broj,grad_trebinje,M,hearing,227
2013,Broj,grad_trebinje,Ž,hearing,234
2013,Broj,trnovo,Oba spola,hearing,46
2013,Broj,trnovo,M,hearing,22
2013,Broj,trnovo,Ž,hearing,24
2013,Broj,ugljevik,Oba spola,hearing,257
2013,Broj,ugljevik,M,hearing,117
2013,Broj,ugljevik,Ž,hearing,140
2013,Broj,foca,Oba spola,hearing,430
2013,Broj,foca,M,hearing,216
2013,Broj,foca,Ž,hearing,214
2013,Broj,han_pijesak,Oba spola,hearing,68
2013,Broj,han_pijesak,M,hearing,28
2013,Broj,han_pijesak,Ž,hearing,40
2013,Broj,cajnice,Oba spola,hearing,135
2013,Broj,cajnice,M,hearing,66
2013,Broj,cajnice,Ž,hearing,69
2013,Broj,celinac,Oba spola,hearing,457
2013,Broj,celinac,M,hearing,233
2013,Broj,celinac,Ž,hearing,224
2013,Broj,samac,Oba spola,hearing,419
2013,Broj,samac,M,hearing,217
2013,Broj,samac,Ž,hearing,202
2013,Broj,sekovici,Oba spola,hearing,193
2013,Broj,sekovici,M,hearing,96
2013,Broj,sekovici,Ž,hearing,97
2013,Broj,sipovo,Oba spola,hearing,219
2013,Broj,sipovo,M,hearing,104
2013,Broj,sipovo,Ž,hearing,115
2013,Broj,republika_srpska,Oba spola,walking,63381
2013,Broj,republika_srpska,M,walking,26903
2013,Broj,republika_srpska,Ž,walking,36478
2013,Broj,grad_banja_luka,Oba spola,walking,8456
2013,Broj,grad_banja_luka,M,walking,3667
2013,Broj,grad_banja_luka,Ž,walking,4789
2013,Broj,berkovici,Oba spola,walking,109
2013,Broj,berkovici,M,walking,45
2013,Broj,berkovici,Ž,walking,64
2013,Broj,grad_bijeljina,Oba spola,walking,5530
2013,Broj,grad_bijeljina,M,walking,2356
2013,Broj,grad_bijeljina,Ž,walking,3174
2013,Broj,bileca,Oba spola,walking,533
2013,Broj,bileca,M,walking,193
2013,Broj,bileca,Ž,walking,340
2013,Broj,bratunac,Oba spola,walking,835
2013,Broj,bratunac,M,walking,372
2013,Broj,bratunac,Ž,walking,463
2013,Broj,brod,Oba spola,walking,892
2013,Broj,brod,M,walking,392
2013,Broj,brod,Ž,walking,500
2013,Broj,visegrad,Oba spola,walking,598
2013,Broj,visegrad,M,walking,227
2013,Broj,visegrad,Ž,walking,371
2013,Broj,vlasenica,Oba spola,walking,440
2013,Broj,vlasenica,M,walking,211
2013,Broj,vlasenica,Ž,walking,229
2013,Broj,vukosavlje,Oba spola,walking,286
2013,Broj,vukosavlje,M,walking,130
2013,Broj,vukosavlje,Ž,walking,156
2013,Broj,gacko,Oba spola,walking,385
2013,Broj,gacko,M,walking,152
2013,Broj,gacko,Ž,walking,233
2013,Broj,grad_gradiska,Oba spola,walking,2675
2013,Broj,grad_gradiska,M,walking,1074
2013,Broj,grad_gradiska,Ž,walking,1601
2013,Broj,grad_derventa,Oba spola,walking,1590
2013,Broj,grad_derventa,M,walking,695
2013,Broj,grad_derventa,Ž,walking,895
2013,Broj,grad_doboj,Oba spola,walking,4793
2013,Broj,grad_doboj,M,walking,1953
2013,Broj,grad_doboj,Ž,walking,2840
2013,Broj,donji_zabar,Oba spola,walking,182
2013,Broj,donji_zabar,M,walking,76
2013,Broj,donji_zabar,Ž,walking,106
2013,Broj,grad_zvornik,Oba spola,walking,2535
2013,Broj,grad_zvornik,M,walking,1092
2013,Broj,grad_zvornik,Ž,walking,1443
2013,Broj,istocna_ilidza,Oba spola,walking,644
2013,Broj,istocna_ilidza,M,walking,267
2013,Broj,istocna_ilidza,Ž,walking,377
2013,Broj,istocni_drvar,Oba spola,walking,7
2013,Broj,istocni_drvar,M,walking,4
2013,Broj,istocni_drvar,Ž,walking,3
2013,Broj,istocni_mostar,Oba spola,walking,8
2013,Broj,istocni_mostar,M,walking,2
2013,Broj,istocni_mostar,Ž,walking,6
2013,Broj,istocni_stari_grad,Oba spola,walking,53
2013,Broj,istocni_stari_grad,M,walking,22
2013,Broj,istocni_stari_grad,Ž,walking,31
2013,Broj,istocno_novo_sarajevo,Oba spola,walking,380
2013,Broj,istocno_novo_sarajevo,M,walking,163
2013,Broj,istocno_novo_sarajevo,Ž,walking,217
2013,Broj,jezero,Oba spola,walking,60
2013,Broj,jezero,M,walking,29
2013,Broj,jezero,Ž,walking,31
2013,Broj,kalinovik,Oba spola,walking,132
2013,Broj,kalinovik,M,walking,54
2013,Broj,kalinovik,Ž,walking,78
2013,Broj,knezevo,Oba spola,walking,568
2013,Broj,knezevo,M,walking,255
2013,Broj,knezevo,Ž,walking,313
2013,Broj,kozarska_dubica,Oba spola,walking,1369
2013,Broj,kozarska_dubica,M,walking,549
2013,Broj,kozarska_dubica,Ž,walking,820
2013,Broj,kostajnica,Oba spola,walking,312
2013,Broj,kostajnica,M,walking,133
2013,Broj,kostajnica,Ž,walking,179
2013,Broj,kotor_varos,Oba spola,walking,1074
2013,Broj,kotor_varos,M,walking,475
2013,Broj,kotor_varos,Ž,walking,599
2013,Broj,krupa_na_uni,Oba spola,walking,112
2013,Broj,krupa_na_uni,M,walking,43
2013,Broj,krupa_na_uni,Ž,walking,69
2013,Broj,kupres,Oba spola,walking,33
2013,Broj,kupres,M,walking,18
2013,Broj,kupres,Ž,walking,15
2013,Broj,laktasi,Oba spola,walking,1426
2013,Broj,laktasi,M,walking,650
2013,Broj,laktasi,Ž,walking,776
2013,Broj,lopare,Oba spola,walking,984
2013,Broj,lopare,M,walking,447
2013,Broj,lopare,Ž,walking,537
2013,Broj,ljubinje,Oba spola,walking,119
2013,Broj,ljubinje,M,walking,48
2013,Broj,ljubinje,Ž,walking,71
2013,Broj,milici,Oba spola,walking,508
2013,Broj,milici,M,walking,224
2013,Broj,milici,Ž,walking,284
2013,Broj,modrica,Oba spola,walking,1527
2013,Broj,modrica,M,walking,635
2013,Broj,modrica,Ž,walking,892
2013,Broj,mrkonjic_grad,Oba spola,walking,798
2013,Broj,mrkonjic_grad,M,walking,355
2013,Broj,mrkonjic_grad,Ž,walking,443
2013,Broj,nevesinje,Oba spola,walking,551
2013,Broj,nevesinje,M,walking,209
2013,Broj,nevesinje,Ž,walking,342
2013,Broj,novi_grad,Oba spola,walking,1711
2013,Broj,novi_grad,M,walking,700
2013,Broj,novi_grad,Ž,walking,1011
2013,Broj,novo_gorazde,Oba spola,walking,135
2013,Broj,novo_gorazde,M,walking,61
2013,Broj,novo_gorazde,Ž,walking,74
2013,Broj,osmaci,Oba spola,walking,288
2013,Broj,osmaci,M,walking,125
2013,Broj,osmaci,Ž,walking,163
2013,Broj,ostra_luka,Oba spola,walking,224
2013,Broj,ostra_luka,M,walking,99
2013,Broj,ostra_luka,Ž,walking,125
2013,Broj,pale,Oba spola,walking,822
2013,Broj,pale,M,walking,366
2013,Broj,pale,Ž,walking,456
2013,Broj,pelagicevo,Oba spola,walking,445
2013,Broj,pelagicevo,M,walking,165
2013,Broj,pelagicevo,Ž,walking,280
2013,Broj,petrovac,Oba spola,walking,8
2013,Broj,petrovac,M,walking,5
2013,Broj,petrovac,Ž,walking,3
2013,Broj,petrovo,Oba spola,walking,602
2013,Broj,petrovo,M,walking,231
2013,Broj,petrovo,Ž,walking,371
2013,Broj,grad_prijedor,Oba spola,walking,4451
2013,Broj,grad_prijedor,M,walking,1891
2013,Broj,grad_prijedor,Ž,walking,2560
2013,Broj,prnjavor,Oba spola,walking,2094
2013,Broj,prnjavor,M,walking,860
2013,Broj,prnjavor,Ž,walking,1234
2013,Broj,ribnik,Oba spola,walking,438
2013,Broj,ribnik,M,walking,182
2013,Broj,ribnik,Ž,walking,256
2013,Broj,rogatica,Oba spola,walking,640
2013,Broj,rogatica,M,walking,264
2013,Broj,rogatica,Ž,walking,376
2013,Broj,rudo,Oba spola,walking,399
2013,Broj,rudo,M,walking,165
2013,Broj,rudo,Ž,walking,234
2013,Broj,sokolac,Oba spola,walking,600
2013,Broj,sokolac,M,walking,248
2013,Broj,sokolac,Ž,walking,352
2013,Broj,srbac,Oba spola,walking,910
2013,Broj,srbac,M,walking,412
2013,Broj,srbac,Ž,walking,498
2013,Broj,srebrenica,Oba spola,walking,621
2013,Broj,srebrenica,M,walking,256
2013,Broj,srebrenica,Ž,walking,365
2013,Broj,teslic,Oba spola,walking,2201
2013,Broj,teslic,M,walking,973
2013,Broj,teslic,Ž,walking,1228
2013,Broj,grad_trebinje,Oba spola,walking,1198
2013,Broj,grad_trebinje,M,walking,489
2013,Broj,grad_trebinje,Ž,walking,709
2013,Broj,trnovo,Oba spola,walking,104
2013,Broj,trnovo,M,walking,41
2013,Broj,trnovo,Ž,walking,63
2013,Broj,ugljevik,Oba spola,walking,734
2013,Broj,ugljevik,M,walking,312
2013,Broj,ugljevik,Ž,walking,422
2013,Broj,foca,Oba spola,walking,945
2013,Broj,foca,M,walking,438
2013,Broj,foca,Ž,walking,507
2013,Broj,han_pijesak,Oba spola,walking,187
2013,Broj,han_pijesak,M,walking,65
2013,Broj,han_pijesak,Ž,walking,122
2013,Broj,cajnice,Oba spola,walking,262
2013,Broj,cajnice,M,walking,108
2013,Broj,cajnice,Ž,walking,154
2013,Broj,celinac,Oba spola,walking,1038
2013,Broj,celinac,M,walking,469
2013,Broj,celinac,Ž,walking,569
2013,Broj,samac,Oba spola,walking,1041
2013,Broj,samac,M,walking,413
2013,Broj,samac,Ž,walking,628
2013,Broj,sekovici,Oba spola,walking,283
2013,Broj,sekovici,M,walking,125
2013,Broj,sekovici,Ž,walking,158
2013,Broj,sipovo,Oba spola,walking,496
2013,Broj,sipovo,M,walking,223
2013,Broj,sipovo,Ž,walking,273
2013,Broj,republika_srpska,Oba spola,memory,18330
2013,Broj,republika_srpska,M,memory,8168
2013,Broj,republika_srpska,Ž,memory,10162
2013,Broj,grad_banja_luka,Oba spola,memory,2300
2013,Broj,grad_banja_luka,M,memory,1087
2013,Broj,grad_banja_luka,Ž,memory,1213
2013,Broj,berkovici,Oba spola,memory,35
2013,Broj,berkovici,M,memory,13
2013,Broj,berkovici,Ž,memory,22
2013,Broj,grad_bijeljina,Oba spola,memory,1415
2013,Broj,grad_bijeljina,M,memory,630
2013,Broj,grad_bijeljina,Ž,memory,785
2013,Broj,bileca,Oba spola,memory,126
2013,Broj,bileca,M,memory,61
2013,Broj,bileca,Ž,memory,65
2013,Broj,bratunac,Oba spola,memory,290
2013,Broj,bratunac,M,memory,116
2013,Broj,bratunac,Ž,memory,174
2013,Broj,brod,Oba spola,memory,239
2013,Broj,brod,M,memory,104
2013,Broj,brod,Ž,memory,135
2013,Broj,visegrad,Oba spola,memory,309
2013,Broj,visegrad,M,memory,75
2013,Broj,visegrad,Ž,memory,234
2013,Broj,vlasenica,Oba spola,memory,137
2013,Broj,vlasenica,M,memory,60
2013,Broj,vlasenica,Ž,memory,77
2013,Broj,vukosavlje,Oba spola,memory,74
2013,Broj,vukosavlje,M,memory,37
2013,Broj,vukosavlje,Ž,memory,37
2013,Broj,gacko,Oba spola,memory,90
2013,Broj,gacko,M,memory,42
2013,Broj,gacko,Ž,memory,48
2013,Broj,grad_gradiska,Oba spola,memory,831
2013,Broj,grad_gradiska,M,memory,338
2013,Broj,grad_gradiska,Ž,memory,493
2013,Broj,grad_derventa,Oba spola,memory,455
2013,Broj,grad_derventa,M,memory,195
2013,Broj,grad_derventa,Ž,memory,260
2013,Broj,grad_doboj,Oba spola,memory,1369
2013,Broj,grad_doboj,M,memory,596
2013,Broj,grad_doboj,Ž,memory,773
2013,Broj,donji_zabar,Oba spola,memory,40
2013,Broj,donji_zabar,M,memory,19
2013,Broj,donji_zabar,Ž,memory,21
2013,Broj,grad_zvornik,Oba spola,memory,762
2013,Broj,grad_zvornik,M,memory,330
2013,Broj,grad_zvornik,Ž,memory,432
2013,Broj,istocna_ilidza,Oba spola,memory,149
2013,Broj,istocna_ilidza,M,memory,64
2013,Broj,istocna_ilidza,Ž,memory,85
2013,Broj,istocni_drvar,Oba spola,memory,1
2013,Broj,istocni_drvar,M,memory,0
2013,Broj,istocni_drvar,Ž,memory,1
2013,Broj,istocni_mostar,Oba spola,memory,3
2013,Broj,istocni_mostar,M,memory,2
2013,Broj,istocni_mostar,Ž,memory,1
2013,Broj,istocni_stari_grad,Oba spola,memory,20
2013,Broj,istocni_stari_grad,M,memory,9
2013,Broj,istocni_stari_grad,Ž,memory,11
2013,Broj,istocno_novo_sarajevo,Oba spola,memory,104
2013,Broj,istocno_novo_sarajevo,M,memory,49
2013,Broj,istocno_novo_sarajevo,Ž,memory,55
2013,Broj,jezero,Oba spola,memory,27
2013,Broj,jezero,M,memory,15
2013,Broj,jezero,Ž,memory,12
2013,Broj,kalinovik,Oba spola,memory,27
2013,Broj,kalinovik,M,memory,10
2013,Broj,kalinovik,Ž,memory,17
2013,Broj,knezevo,Oba spola,memory,238
2013,Broj,knezevo,M,memory,113
2013,Broj,knezevo,Ž,memory,125
2013,Broj,kozarska_dubica,Oba spola,memory,331
2013,Broj,kozarska_dubica,M,memory,154
2013,Broj,kozarska_dubica,Ž,memory,177
2013,Broj,kostajnica,Oba spola,memory,98
2013,Broj,kostajnica,M,memory,41
2013,Broj,kostajnica,Ž,memory,57
2013,Broj,kotor_varos,Oba spola,memory,339
2013,Broj,kotor_varos,M,memory,154
2013,Broj,kotor_varos,Ž,memory,185
2013,Broj,krupa_na_uni,Oba spola,memory,40
2013,Broj,krupa_na_uni,M,memory,19
2013,Broj,krupa_na_uni,Ž,memory,21
2013,Broj,kupres,Oba spola,memory,13
2013,Broj,kupres,M,memory,9
2013,Broj,kupres,Ž,memory,4
2013,Broj,laktasi,Oba spola,memory,410
2013,Broj,laktasi,M,memory,204
2013,Broj,laktasi,Ž,memory,206
2013,Broj,lopare,Oba spola,memory,281
2013,Broj,lopare,M,memory,140
2013,Broj,lopare,Ž,memory,141
2013,Broj,ljubinje,Oba spola,memory,44
2013,Broj,ljubinje,M,memory,17
2013,Broj,ljubinje,Ž,memory,27
2013,Broj,milici,Oba spola,memory,158
2013,Broj,milici,M,memory,64
2013,Broj,milici,Ž,memory,94
2013,Broj,modrica,Oba spola,memory,478
2013,Broj,modrica,M,memory,194
2013,Broj,modrica,Ž,memory,284
2013,Broj,mrkonjic_grad,Oba spola,memory,228
2013,Broj,mrkonjic_grad,M,memory,98
2013,Broj,mrkonjic_grad,Ž,memory,130
2013,Broj,nevesinje,Oba spola,memory,144
2013,Broj,nevesinje,M,memory,55
2013,Broj,nevesinje,Ž,memory,89
2013,Broj,novi_grad,Oba spola,memory,475
2013,Broj,novi_grad,M,memory,223
2013,Broj,novi_grad,Ž,memory,252
2013,Broj,novo_gorazde,Oba spola,memory,36
2013,Broj,novo_gorazde,M,memory,13
2013,Broj,novo_gorazde,Ž,memory,23
2013,Broj,osmaci,Oba spola,memory,95
2013,Broj,osmaci,M,memory,43
2013,Broj,osmaci,Ž,memory,52
2013,Broj,ostra_luka,Oba spola,memory,60
2013,Broj,ostra_luka,M,memory,30
2013,Broj,ostra_luka,Ž,memory,30
2013,Broj,pale,Oba spola,memory,212
2013,Broj,pale,M,memory,91
2013,Broj,pale,Ž,memory,121
2013,Broj,pelagicevo,Oba spola,memory,133
2013,Broj,pelagicevo,M,memory,65
2013,Broj,pelagicevo,Ž,memory,68
2013,Broj,petrovac,Oba spola,memory,3
2013,Broj,petrovac,M,memory,1
2013,Broj,petrovac,Ž,memory,2
2013,Broj,petrovo,Oba spola,memory,150
2013,Broj,petrovo,M,memory,62
2013,Broj,petrovo,Ž,memory,88
2013,Broj,grad_prijedor,Oba spola,memory,1532
2013,Broj,grad_prijedor,M,memory,766
2013,Broj,grad_prijedor,Ž,memory,766
2013,Broj,prnjavor,Oba spola,memory,567
2013,Broj,prnjavor,M,memory,240
2013,Broj,prnjavor,Ž,memory,327
2013,Broj,ribnik,Oba spola,memory,123
2013,Broj,ribnik,M,memory,56
2013,Broj,ribnik,Ž,memory,67
2013,Broj,rogatica,Oba spola,memory,169
2013,Broj,rogatica,M,memory,72
2013,Broj,rogatica,Ž,memory,97
2013,Broj,rudo,Oba spola,memory,123
2013,Broj,rudo,M,memory,53
2013,Broj,rudo,Ž,memory,70
2013,Broj,sokolac,Oba spola,memory,164
2013,Broj,sokolac,M,memory,64
2013,Broj,sokolac,Ž,memory,100
2013,Broj,srbac,Oba spola,memory,316
2013,Broj,srbac,M,memory,148
2013,Broj,srbac,Ž,memory,168
2013,Broj,srebrenica,Oba spola,memory,218
2013,Broj,srebrenica,M,memory,82
2013,Broj,srebrenica,Ž,memory,136
2013,Broj,teslic,Oba spola,memory,644
2013,Broj,teslic,M,memory,272
2013,Broj,teslic,Ž,memory,372
2013,Broj,grad_trebinje,Oba spola,memory,313
2013,Broj,grad_trebinje,M,memory,143
2013,Broj,grad_trebinje,Ž,memory,170
2013,Broj,trnovo,Oba spola,memory,39
2013,Broj,trnovo,M,memory,22
2013,Broj,trnovo,Ž,memory,17
2013,Broj,ugljevik,Oba spola,memory,191
2013,Broj,ugljevik,M,memory,78
2013,Broj,ugljevik,Ž,memory,113
2013,Broj,foca,Oba spola,memory,265
2013,Broj,foca,M,memory,126
2013,Broj,foca,Ž,memory,139
2013,Broj,han_pijesak,Oba spola,memory,49
2013,Broj,han_pijesak,M,memory,15
2013,Broj,han_pijesak,Ž,memory,34
2013,Broj,cajnice,Oba spola,memory,67
2013,Broj,cajnice,M,memory,30
2013,Broj,cajnice,Ž,memory,37
2013,Broj,celinac,Oba spola,memory,298
2013,Broj,celinac,M,memory,150
2013,Broj,celinac,Ž,memory,148
2013,Broj,samac,Oba spola,memory,252
2013,Broj,samac,M,memory,110
2013,Broj,samac,Ž,memory,142
2013,Broj,sekovici,Oba spola,memory,94
2013,Broj,sekovici,M,memory,38
2013,Broj,sekovici,Ž,memory,56
2013,Broj,sipovo,Oba spola,memory,137
2013,Broj,sipovo,M,memory,61
2013,Broj,sipovo,Ž,memory,76
2013,Broj,republika_srpska,Oba spola,dressing,13502
2013,Broj,republika_srpska,M,dressing,5773
2013,Broj,republika_srpska,Ž,dressing,7729
2013,Broj,grad_banja_luka,Oba spola,dressing,1717
2013,Broj,grad_banja_luka,M,dressing,774
2013,Broj,grad_banja_luka,Ž,dressing,943
2013,Broj,berkovici,Oba spola,dressing,29
2013,Broj,berkovici,M,dressing,11
2013,Broj,berkovici,Ž,dressing,18
2013,Broj,grad_bijeljina,Oba spola,dressing,1050
2013,Broj,grad_bijeljina,M,dressing,468
2013,Broj,grad_bijeljina,Ž,dressing,582
2013,Broj,bileca,Oba spola,dressing,107
2013,Broj,bileca,M,dressing,44
2013,Broj,bileca,Ž,dressing,63
2013,Broj,bratunac,Oba spola,dressing,172
2013,Broj,bratunac,M,dressing,76
2013,Broj,bratunac,Ž,dressing,96
2013,Broj,brod,Oba spola,dressing,143
2013,Broj,brod,M,dressing,55
2013,Broj,brod,Ž,dressing,88
2013,Broj,visegrad,Oba spola,dressing,232
2013,Broj,visegrad,M,dressing,60
2013,Broj,visegrad,Ž,dressing,172
2013,Broj,vlasenica,Oba spola,dressing,104
2013,Broj,vlasenica,M,dressing,49
2013,Broj,vlasenica,Ž,dressing,55
2013,Broj,vukosavlje,Oba spola,dressing,53
2013,Broj,vukosavlje,M,dressing,30
2013,Broj,vukosavlje,Ž,dressing,23
2013,Broj,gacko,Oba spola,dressing,74
2013,Broj,gacko,M,dressing,25
2013,Broj,gacko,Ž,dressing,49
2013,Broj,grad_gradiska,Oba spola,dressing,617
2013,Broj,grad_gradiska,M,dressing,252
2013,Broj,grad_gradiska,Ž,dressing,365
2013,Broj,grad_derventa,Oba spola,dressing,298
2013,Broj,grad_derventa,M,dressing,114
2013,Broj,grad_derventa,Ž,dressing,184
2013,Broj,grad_doboj,Oba spola,dressing,1011
2013,Broj,grad_doboj,M,dressing,408
2013,Broj,grad_doboj,Ž,dressing,603
2013,Broj,donji_zabar,Oba spola,dressing,31
2013,Broj,donji_zabar,M,dressing,11
2013,Broj,donji_zabar,Ž,dressing,20
2013,Broj,grad_zvornik,Oba spola,dressing,518
2013,Broj,grad_zvornik,M,dressing,239
2013,Broj,grad_zvornik,Ž,dressing,279
2013,Broj,istocna_ilidza,Oba spola,dressing,175
2013,Broj,istocna_ilidza,M,dressing,83
2013,Broj,istocna_ilidza,Ž,dressing,92
2013,Broj,istocni_drvar,Oba spola,dressing,0
2013,Broj,istocni_drvar,M,dressing,0
2013,Broj,istocni_drvar,Ž,dressing,0
2013,Broj,istocni_mostar,Oba spola,dressing,2
2013,Broj,istocni_mostar,M,dressing,1
2013,Broj,istocni_mostar,Ž,dressing,1
2013,Broj,istocni_stari_grad,Oba spola,dressing,15
2013,Broj,istocni_stari_grad,M,dressing,6
2013,Broj,istocni_stari_grad,Ž,dressing,9
2013,Broj,istocno_novo_sarajevo,Oba spola,dressing,77
2013,Broj,istocno_novo_sarajevo,M,dressing,34
2013,Broj,istocno_novo_sarajevo,Ž,dressing,43
2013,Broj,jezero,Oba spola,dressing,18
2013,Broj,jezero,M,dressing,9
2013,Broj,jezero,Ž,dressing,9
2013,Broj,kalinovik,Oba spola,dressing,26
2013,Broj,kalinovik,M,dressing,8
2013,Broj,kalinovik,Ž,dressing,18
2013,Broj,knezevo,Oba spola,dressing,171
2013,Broj,knezevo,M,dressing,70
2013,Broj,knezevo,Ž,dressing,101
2013,Broj,kozarska_dubica,Oba spola,dressing,243
2013,Broj,kozarska_dubica,M,dressing,108
2013,Broj,kozarska_dubica,Ž,dressing,135
2013,Broj,kostajnica,Oba spola,dressing,69
2013,Broj,kostajnica,M,dressing,24
2013,Broj,kostajnica,Ž,dressing,45
2013,Broj,kotor_varos,Oba spola,dressing,228
2013,Broj,kotor_varos,M,dressing,100
2013,Broj,kotor_varos,Ž,dressing,128
2013,Broj,krupa_na_uni,Oba spola,dressing,19
2013,Broj,krupa_na_uni,M,dressing,5
2013,Broj,krupa_na_uni,Ž,dressing,14
2013,Broj,kupres,Oba spola,dressing,6
2013,Broj,kupres,M,dressing,3
2013,Broj,kupres,Ž,dressing,3
2013,Broj,laktasi,Oba spola,dressing,324
2013,Broj,laktasi,M,dressing,162
2013,Broj,laktasi,Ž,dressing,162
2013,Broj,lopare,Oba spola,dressing,190
2013,Broj,lopare,M,dressing,85
2013,Broj,lopare,Ž,dressing,105
2013,Broj,ljubinje,Oba spola,dressing,44
2013,Broj,ljubinje,M,dressing,18
2013,Broj,ljubinje,Ž,dressing,26
2013,Broj,milici,Oba spola,dressing,107
2013,Broj,milici,M,dressing,42
2013,Broj,milici,Ž,dressing,65
2013,Broj,modrica,Oba spola,dressing,383
2013,Broj,modrica,M,dressing,152
2013,Broj,modrica,Ž,dressing,231
2013,Broj,mrkonjic_grad,Oba spola,dressing,203
2013,Broj,mrkonjic_grad,M,dressing,83
2013,Broj,mrkonjic_grad,Ž,dressing,120
2013,Broj,nevesinje,Oba spola,dressing,104
2013,Broj,nevesinje,M,dressing,38
2013,Broj,nevesinje,Ž,dressing,66
2013,Broj,novi_grad,Oba spola,dressing,373
2013,Broj,novi_grad,M,dressing,156
2013,Broj,novi_grad,Ž,dressing,217
2013,Broj,novo_gorazde,Oba spola,dressing,20
2013,Broj,novo_gorazde,M,dressing,7
2013,Broj,novo_gorazde,Ž,dressing,13
2013,Broj,osmaci,Oba spola,dressing,43
2013,Broj,osmaci,M,dressing,16
2013,Broj,osmaci,Ž,dressing,27
2013,Broj,ostra_luka,Oba spola,dressing,39
2013,Broj,ostra_luka,M,dressing,17
2013,Broj,ostra_luka,Ž,dressing,22
2013,Broj,pale,Oba spola,dressing,174
2013,Broj,pale,M,dressing,80
2013,Broj,pale,Ž,dressing,94
2013,Broj,pelagicevo,Oba spola,dressing,71
2013,Broj,pelagicevo,M,dressing,33
2013,Broj,pelagicevo,Ž,dressing,38
2013,Broj,petrovac,Oba spola,dressing,4
2013,Broj,petrovac,M,dressing,1
2013,Broj,petrovac,Ž,dressing,3
2013,Broj,petrovo,Oba spola,dressing,106
2013,Broj,petrovo,M,dressing,40
2013,Broj,petrovo,Ž,dressing,66
2013,Broj,grad_prijedor,Oba spola,dressing,1081
2013,Broj,grad_prijedor,M,dressing,517
2013,Broj,grad_prijedor,Ž,dressing,564
2013,Broj,prnjavor,Oba spola,dressing,418
2013,Broj,prnjavor,M,dressing,182
2013,Broj,prnjavor,Ž,dressing,236
2013,Broj,ribnik,Oba spola,dressing,111
2013,Broj,ribnik,M,dressing,50
2013,Broj,ribnik,Ž,dressing,61
2013,Broj,rogatica,Oba spola,dressing,153
2013,Broj,rogatica,M,dressing,59
2013,Broj,rogatica,Ž,dressing,94
2013,Broj,rudo,Oba spola,dressing,85
2013,Broj,rudo,M,dressing,40
2013,Broj,rudo,Ž,dressing,45
2013,Broj,sokolac,Oba spola,dressing,143
2013,Broj,sokolac,M,dressing,55
2013,Broj,sokolac,Ž,dressing,88
2013,Broj,srbac,Oba spola,dressing,174
2013,Broj,srbac,M,dressing,78
2013,Broj,srbac,Ž,dressing,96
2013,Broj,srebrenica,Oba spola,dressing,99
2013,Broj,srebrenica,M,dressing,34
2013,Broj,srebrenica,Ž,dressing,65
2013,Broj,teslic,Oba spola,dressing,499
2013,Broj,teslic,M,dressing,209
2013,Broj,teslic,Ž,dressing,290
2013,Broj,grad_trebinje,Oba spola,dressing,283
2013,Broj,grad_trebinje,M,dressing,104
2013,Broj,grad_trebinje,Ž,dressing,179
2013,Broj,trnovo,Oba spola,dressing,31
2013,Broj,trnovo,M,dressing,12
2013,Broj,trnovo,Ž,dressing,19
2013,Broj,ugljevik,Oba spola,dressing,151
2013,Broj,ugljevik,M,dressing,63
2013,Broj,ugljevik,Ž,dressing,88
2013,Broj,foca,Oba spola,dressing,230
2013,Broj,foca,M,dressing,97
2013,Broj,foca,Ž,dressing,133
2013,Broj,han_pijesak,Oba spola,dressing,48
2013,Broj,han_pijesak,M,dressing,15
2013,Broj,han_pijesak,Ž,dressing,33
2013,Broj,cajnice,Oba spola,dressing,50
2013,Broj,cajnice,M,dressing,23
2013,Broj,cajnice,Ž,dressing,27
2013,Broj,celinac,Oba spola,dressing,210
2013,Broj,celinac,M,dressing,96
2013,Broj,celinac,Ž,dressing,114
2013,Broj,samac,Oba spola,dressing,159
2013,Broj,samac,M,dressing,67
2013,Broj,samac,Ž,dressing,92
2013,Broj,sekovici,Oba spola,dressing,60
2013,Broj,sekovici,M,dressing,29
2013,Broj,sekovici,Ž,dressing,31
2013,Broj,sipovo,Oba spola,dressing,127
2013,Broj,sipovo,M,dressing,46
2013,Broj,sipovo,Ž,dressing,81
2013,Broj,republika_srpska,Oba spola,communication,10723
2013,Broj,republika_srpska,M,communication,5103
2013,Broj,republika_srpska,Ž,communication,5620
2013,Broj,grad_banja_luka,Oba spola,communication,1307
2013,Broj,grad_banja_luka,M,communication,670
2013,Broj,grad_banja_luka,Ž,communication,637
2013,Broj,berkovici,Oba spola,communication,26
2013,Broj,berkovici,M,communication,11
2013,Broj,berkovici,Ž,communication,15
2013,Broj,grad_bijeljina,Oba spola,communication,793
2013,Broj,grad_bijeljina,M,communication,398
2013,Broj,grad_bijeljina,Ž,communication,395
2013,Broj,bileca,Oba spola,communication,89
2013,Broj,bileca,M,communication,44
2013,Broj,bileca,Ž,communication,45
2013,Broj,bratunac,Oba spola,communication,135
2013,Broj,bratunac,M,communication,56
2013,Broj,bratunac,Ž,communication,79
2013,Broj,brod,Oba spola,communication,121
2013,Broj,brod,M,communication,60
2013,Broj,brod,Ž,communication,61
2013,Broj,visegrad,Oba spola,communication,202
2013,Broj,visegrad,M,communication,55
2013,Broj,visegrad,Ž,communication,147
2013,Broj,vlasenica,Oba spola,communication,96
2013,Broj,vlasenica,M,communication,50
2013,Broj,vlasenica,Ž,communication,46
2013,Broj,vukosavlje,Oba spola,communication,50
2013,Broj,vukosavlje,M,communication,26
2013,Broj,vukosavlje,Ž,communication,24
2013,Broj,gacko,Oba spola,communication,70
2013,Broj,gacko,M,communication,30
2013,Broj,gacko,Ž,communication,40
2013,Broj,grad_gradiska,Oba spola,communication,504
2013,Broj,grad_gradiska,M,communication,220
2013,Broj,grad_gradiska,Ž,communication,284
2013,Broj,grad_derventa,Oba spola,communication,255
2013,Broj,grad_derventa,M,communication,118
2013,Broj,grad_derventa,Ž,communication,137
2013,Broj,grad_doboj,Oba spola,communication,786
2013,Broj,grad_doboj,M,communication,353
2013,Broj,grad_doboj,Ž,communication,433
2013,Broj,donji_zabar,Oba spola,communication,23
2013,Broj,donji_zabar,M,communication,13
2013,Broj,donji_zabar,Ž,communication,10
2013,Broj,grad_zvornik,Oba spola,communication,402
2013,Broj,grad_zvornik,M,communication,184
2013,Broj,grad_zvornik,Ž,communication,218
2013,Broj,istocna_ilidza,Oba spola,communication,113
2013,Broj,istocna_ilidza,M,communication,54
2013,Broj,istocna_ilidza,Ž,communication,59
2013,Broj,istocni_drvar,Oba spola,communication,0
2013,Broj,istocni_drvar,M,communication,0
2013,Broj,istocni_drvar,Ž,communication,0
2013,Broj,istocni_mostar,Oba spola,communication,2
2013,Broj,istocni_mostar,M,communication,1
2013,Broj,istocni_mostar,Ž,communication,1
2013,Broj,istocni_stari_grad,Oba spola,communication,14
2013,Broj,istocni_stari_grad,M,communication,9
2013,Broj,istocni_stari_grad,Ž,communication,5
2013,Broj,istocno_novo_sarajevo,Oba spola,communication,65
2013,Broj,istocno_novo_sarajevo,M,communication,33
2013,Broj,istocno_novo_sarajevo,Ž,communication,32
2013,Broj,jezero,Oba spola,communication,14
2013,Broj,jezero,M,communication,6
2013,Broj,jezero,Ž,communication,8
2013,Broj,kalinovik,Oba spola,communication,17
2013,Broj,kalinovik,M,communication,8
2013,Broj,kalinovik,Ž,communication,9
2013,Broj,knezevo,Oba spola,communication,140
2013,Broj,knezevo,M,communication,59
2013,Broj,knezevo,Ž,communication,81
2013,Broj,kozarska_dubica,Oba spola,communication,187
2013,Broj,kozarska_dubica,M,communication,94
2013,Broj,kozarska_dubica,Ž,communication,93
2013,Broj,kostajnica,Oba spola,communication,53
2013,Broj,kostajnica,M,communication,21
2013,Broj,kostajnica,Ž,communication,32
2013,Broj,kotor_varos,Oba spola,communication,176
2013,Broj,kotor_varos,M,communication,84
2013,Broj,kotor_varos,Ž,communication,92
2013,Broj,krupa_na_uni,Oba spola,communication,20
2013,Broj,krupa_na_uni,M,communication,8
2013,Broj,krupa_na_uni,Ž,communication,12
2013,Broj,kupres,Oba spola,communication,6
2013,Broj,kupres,M,communication,4
2013,Broj,kupres,Ž,communication,2
2013,Broj,laktasi,Oba spola,communication,283
2013,Broj,laktasi,M,communication,148
2013,Broj,laktasi,Ž,communication,135
2013,Broj,lopare,Oba spola,communication,168
2013,Broj,lopare,M,communication,86
2013,Broj,lopare,Ž,communication,82
2013,Broj,ljubinje,Oba spola,communication,31
2013,Broj,ljubinje,M,communication,14
2013,Broj,ljubinje,Ž,communication,17
2013,Broj,milici,Oba spola,communication,77
2013,Broj,milici,M,communication,27
2013,Broj,milici,Ž,communication,50
2013,Broj,modrica,Oba spola,communication,309
2013,Broj,modrica,M,communication,139
2013,Broj,modrica,Ž,communication,170
2013,Broj,mrkonjic_grad,Oba spola,communication,176
2013,Broj,mrkonjic_grad,M,communication,73
2013,Broj,mrkonjic_grad,Ž,communication,103
2013,Broj,nevesinje,Oba spola,communication,107
2013,Broj,nevesinje,M,communication,43
2013,Broj,nevesinje,Ž,communication,64
2013,Broj,novi_grad,Oba spola,communication,277
2013,Broj,novi_grad,M,communication,121
2013,Broj,novi_grad,Ž,communication,156
2013,Broj,novo_gorazde,Oba spola,communication,18
2013,Broj,novo_gorazde,M,communication,5
2013,Broj,novo_gorazde,Ž,communication,13
2013,Broj,osmaci,Oba spola,communication,40
2013,Broj,osmaci,M,communication,19
2013,Broj,osmaci,Ž,communication,21
2013,Broj,ostra_luka,Oba spola,communication,26
2013,Broj,ostra_luka,M,communication,10
2013,Broj,ostra_luka,Ž,communication,16
2013,Broj,pale,Oba spola,communication,130
2013,Broj,pale,M,communication,59
2013,Broj,pale,Ž,communication,71
2013,Broj,pelagicevo,Oba spola,communication,68
2013,Broj,pelagicevo,M,communication,33
2013,Broj,pelagicevo,Ž,communication,35
2013,Broj,petrovac,Oba spola,communication,1
2013,Broj,petrovac,M,communication,0
2013,Broj,petrovac,Ž,communication,1
2013,Broj,petrovo,Oba spola,communication,64
2013,Broj,petrovo,M,communication,36
2013,Broj,petrovo,Ž,communication,28
2013,Broj,grad_prijedor,Oba spola,communication,927
2013,Broj,grad_prijedor,M,communication,517
2013,Broj,grad_prijedor,Ž,communication,410
2013,Broj,prnjavor,Oba spola,communication,320
2013,Broj,prnjavor,M,communication,162
2013,Broj,prnjavor,Ž,communication,158
2013,Broj,ribnik,Oba spola,communication,91
2013,Broj,ribnik,M,communication,45
2013,Broj,ribnik,Ž,communication,46
2013,Broj,rogatica,Oba spola,communication,90
2013,Broj,rogatica,M,communication,45
2013,Broj,rogatica,Ž,communication,45
2013,Broj,rudo,Oba spola,communication,68
2013,Broj,rudo,M,communication,29
2013,Broj,rudo,Ž,communication,39
2013,Broj,sokolac,Oba spola,communication,112
2013,Broj,sokolac,M,communication,43
2013,Broj,sokolac,Ž,communication,69
2013,Broj,srbac,Oba spola,communication,171
2013,Broj,srbac,M,communication,81
2013,Broj,srbac,Ž,communication,90
2013,Broj,srebrenica,Oba spola,communication,80
2013,Broj,srebrenica,M,communication,33
2013,Broj,srebrenica,Ž,communication,47
2013,Broj,teslic,Oba spola,communication,387
2013,Broj,teslic,M,communication,189
2013,Broj,teslic,Ž,communication,198
2013,Broj,grad_trebinje,Oba spola,communication,205
2013,Broj,grad_trebinje,M,communication,94
2013,Broj,grad_trebinje,Ž,communication,111
2013,Broj,trnovo,Oba spola,communication,22
2013,Broj,trnovo,M,communication,12
2013,Broj,trnovo,Ž,communication,10
2013,Broj,ugljevik,Oba spola,communication,93
2013,Broj,ugljevik,M,communication,41
2013,Broj,ugljevik,Ž,communication,52
2013,Broj,foca,Oba spola,communication,170
2013,Broj,foca,M,communication,81
2013,Broj,foca,Ž,communication,89
2013,Broj,han_pijesak,Oba spola,communication,36
2013,Broj,han_pijesak,M,communication,14
2013,Broj,han_pijesak,Ž,communication,22
2013,Broj,cajnice,Oba spola,communication,41
2013,Broj,cajnice,M,communication,17
2013,Broj,cajnice,Ž,communication,24
2013,Broj,celinac,Oba spola,communication,163
2013,Broj,celinac,M,communication,72
2013,Broj,celinac,Ž,communication,91
2013,Broj,samac,Oba spola,communication,146
2013,Broj,samac,M,communication,71
2013,Broj,samac,Ž,communication,75
2013,Broj,sekovici,Oba spola,communication,68
2013,Broj,sekovici,M,communication,33
2013,Broj,sekovici,Ž,communication,35
2013,Broj,sipovo,Oba spola,communication,92
2013,Broj,sipovo,M,communication,42
2013,Broj,sipovo,Ž,communication,50
2013,Broj,republika_srpska,Oba spola,multiple_disabilities,38298
2013,Broj,republika_srpska,M,multiple_disabilities,16292
2013,Broj,republika_srpska,Ž,multiple_disabilities,22006
2013,Broj,grad_banja_luka,Oba spola,multiple_disabilities,4944
2013,Broj,grad_banja_luka,M,multiple_disabilities,2158
2013,Broj,grad_banja_luka,Ž,multiple_disabilities,2786
2013,Broj,berkovici,Oba spola,multiple_disabilities,73
2013,Broj,berkovici,M,multiple_disabilities,32
2013,Broj,berkovici,Ž,multiple_disabilities,41
2013,Broj,grad_bijeljina,Oba spola,multiple_disabilities,3094
2013,Broj,grad_bijeljina,M,multiple_disabilities,1359
2013,Broj,grad_bijeljina,Ž,multiple_disabilities,1735
2013,Broj,bileca,Oba spola,multiple_disabilities,350
2013,Broj,bileca,M,multiple_disabilities,151
2013,Broj,bileca,Ž,multiple_disabilities,199
2013,Broj,bratunac,Oba spola,multiple_disabilities,566
2013,Broj,bratunac,M,multiple_disabilities,243
2013,Broj,bratunac,Ž,multiple_disabilities,323
2013,Broj,brod,Oba spola,multiple_disabilities,485
2013,Broj,brod,M,multiple_disabilities,194
2013,Broj,brod,Ž,multiple_disabilities,291
2013,Broj,visegrad,Oba spola,multiple_disabilities,477
2013,Broj,visegrad,M,multiple_disabilities,145
2013,Broj,visegrad,Ž,multiple_disabilities,332
2013,Broj,vlasenica,Oba spola,multiple_disabilities,305
2013,Broj,vlasenica,M,multiple_disabilities,130
2013,Broj,vlasenica,Ž,multiple_disabilities,175
2013,Broj,vukosavlje,Oba spola,multiple_disabilities,158
2013,Broj,vukosavlje,M,multiple_disabilities,77
2013,Broj,vukosavlje,Ž,multiple_disabilities,81
2013,Broj,gacko,Oba spola,multiple_disabilities,219
2013,Broj,gacko,M,multiple_disabilities,84
2013,Broj,gacko,Ž,multiple_disabilities,135
2013,Broj,grad_gradiska,Oba spola,multiple_disabilities,1641
2013,Broj,grad_gradiska,M,multiple_disabilities,637
2013,Broj,grad_gradiska,Ž,multiple_disabilities,1004
2013,Broj,grad_derventa,Oba spola,multiple_disabilities,938
2013,Broj,grad_derventa,M,multiple_disabilities,385
2013,Broj,grad_derventa,Ž,multiple_disabilities,553
2013,Broj,grad_doboj,Oba spola,multiple_disabilities,3008
2013,Broj,grad_doboj,M,multiple_disabilities,1227
2013,Broj,grad_doboj,Ž,multiple_disabilities,1781
2013,Broj,donji_zabar,Oba spola,multiple_disabilities,89
2013,Broj,donji_zabar,M,multiple_disabilities,42
2013,Broj,donji_zabar,Ž,multiple_disabilities,47
2013,Broj,grad_zvornik,Oba spola,multiple_disabilities,1546
2013,Broj,grad_zvornik,M,multiple_disabilities,670
2013,Broj,grad_zvornik,Ž,multiple_disabilities,876
2013,Broj,istocna_ilidza,Oba spola,multiple_disabilities,394
2013,Broj,istocna_ilidza,M,multiple_disabilities,171
2013,Broj,istocna_ilidza,Ž,multiple_disabilities,223
2013,Broj,istocni_drvar,Oba spola,multiple_disabilities,4
2013,Broj,istocni_drvar,M,multiple_disabilities,1
2013,Broj,istocni_drvar,Ž,multiple_disabilities,3
2013,Broj,istocni_mostar,Oba spola,multiple_disabilities,7
2013,Broj,istocni_mostar,M,multiple_disabilities,2
2013,Broj,istocni_mostar,Ž,multiple_disabilities,5
2013,Broj,istocni_stari_grad,Oba spola,multiple_disabilities,32
2013,Broj,istocni_stari_grad,M,multiple_disabilities,16
2013,Broj,istocni_stari_grad,Ž,multiple_disabilities,16
2013,Broj,istocno_novo_sarajevo,Oba spola,multiple_disabilities,206
2013,Broj,istocno_novo_sarajevo,M,multiple_disabilities,87
2013,Broj,istocno_novo_sarajevo,Ž,multiple_disabilities,119
2013,Broj,jezero,Oba spola,multiple_disabilities,40
2013,Broj,jezero,M,multiple_disabilities,17
2013,Broj,jezero,Ž,multiple_disabilities,23
2013,Broj,kalinovik,Oba spola,multiple_disabilities,80
2013,Broj,kalinovik,M,multiple_disabilities,30
2013,Broj,kalinovik,Ž,multiple_disabilities,50
2013,Broj,knezevo,Oba spola,multiple_disabilities,399
2013,Broj,knezevo,M,multiple_disabilities,178
2013,Broj,knezevo,Ž,multiple_disabilities,221
2013,Broj,kozarska_dubica,Oba spola,multiple_disabilities,741
2013,Broj,kozarska_dubica,M,multiple_disabilities,302
2013,Broj,kozarska_dubica,Ž,multiple_disabilities,439
2013,Broj,kostajnica,Oba spola,multiple_disabilities,209
2013,Broj,kostajnica,M,multiple_disabilities,93
2013,Broj,kostajnica,Ž,multiple_disabilities,116
2013,Broj,kotor_varos,Oba spola,multiple_disabilities,702
2013,Broj,kotor_varos,M,multiple_disabilities,310
2013,Broj,kotor_varos,Ž,multiple_disabilities,392
2013,Broj,krupa_na_uni,Oba spola,multiple_disabilities,88
2013,Broj,krupa_na_uni,M,multiple_disabilities,40
2013,Broj,krupa_na_uni,Ž,multiple_disabilities,48
2013,Broj,kupres,Oba spola,multiple_disabilities,21
2013,Broj,kupres,M,multiple_disabilities,13
2013,Broj,kupres,Ž,multiple_disabilities,8
2013,Broj,laktasi,Oba spola,multiple_disabilities,887
2013,Broj,laktasi,M,multiple_disabilities,413
2013,Broj,laktasi,Ž,multiple_disabilities,474
2013,Broj,lopare,Oba spola,multiple_disabilities,583
2013,Broj,lopare,M,multiple_disabilities,254
2013,Broj,lopare,Ž,multiple_disabilities,329
2013,Broj,ljubinje,Oba spola,multiple_disabilities,81
2013,Broj,ljubinje,M,multiple_disabilities,34
2013,Broj,ljubinje,Ž,multiple_disabilities,47
2013,Broj,milici,Oba spola,multiple_disabilities,314
2013,Broj,milici,M,multiple_disabilities,130
2013,Broj,milici,Ž,multiple_disabilities,184
2013,Broj,modrica,Oba spola,multiple_disabilities,927
2013,Broj,modrica,M,multiple_disabilities,399
2013,Broj,modrica,Ž,multiple_disabilities,528
2013,Broj,mrkonjic_grad,Oba spola,multiple_disabilities,475
2013,Broj,mrkonjic_grad,M,multiple_disabilities,210
2013,Broj,mrkonjic_grad,Ž,multiple_disabilities,265
2013,Broj,nevesinje,Oba spola,multiple_disabilities,327
2013,Broj,nevesinje,M,multiple_disabilities,130
2013,Broj,nevesinje,Ž,multiple_disabilities,197
2013,Broj,novi_grad,Oba spola,multiple_disabilities,1049
2013,Broj,novi_grad,M,multiple_disabilities,446
2013,Broj,novi_grad,Ž,multiple_disabilities,603
2013,Broj,novo_gorazde,Oba spola,multiple_disabilities,75
2013,Broj,novo_gorazde,M,multiple_disabilities,28
2013,Broj,novo_gorazde,Ž,multiple_disabilities,47
2013,Broj,osmaci,Oba spola,multiple_disabilities,189
2013,Broj,osmaci,M,multiple_disabilities,79
2013,Broj,osmaci,Ž,multiple_disabilities,110
2013,Broj,ostra_luka,Oba spola,multiple_disabilities,132
2013,Broj,ostra_luka,M,multiple_disabilities,63
2013,Broj,ostra_luka,Ž,multiple_disabilities,69
2013,Broj,pale,Oba spola,multiple_disabilities,446
2013,Broj,pale,M,multiple_disabilities,209
2013,Broj,pale,Ž,multiple_disabilities,237
2013,Broj,pelagicevo,Oba spola,multiple_disabilities,268
2013,Broj,pelagicevo,M,multiple_disabilities,102
2013,Broj,pelagicevo,Ž,multiple_disabilities,166
2013,Broj,petrovac,Oba spola,multiple_disabilities,7
2013,Broj,petrovac,M,multiple_disabilities,4
2013,Broj,petrovac,Ž,multiple_disabilities,3
2013,Broj,petrovo,Oba spola,multiple_disabilities,378
2013,Broj,petrovo,M,multiple_disabilities,156
2013,Broj,petrovo,Ž,multiple_disabilities,222
2013,Broj,grad_prijedor,Oba spola,multiple_disabilities,2789
2013,Broj,grad_prijedor,M,multiple_disabilities,1276
2013,Broj,grad_prijedor,Ž,multiple_disabilities,1513
2013,Broj,prnjavor,Oba spola,multiple_disabilities,1199
2013,Broj,prnjavor,M,multiple_disabilities,465
2013,Broj,prnjavor,Ž,multiple_disabilities,734
2013,Broj,ribnik,Oba spola,multiple_disabilities,272
2013,Broj,ribnik,M,multiple_disabilities,128
2013,Broj,ribnik,Ž,multiple_disabilities,144
2013,Broj,rogatica,Oba spola,multiple_disabilities,407
2013,Broj,rogatica,M,multiple_disabilities,164
2013,Broj,rogatica,Ž,multiple_disabilities,243
2013,Broj,rudo,Oba spola,multiple_disabilities,252
2013,Broj,rudo,M,multiple_disabilities,104
2013,Broj,rudo,Ž,multiple_disabilities,148
2013,Broj,sokolac,Oba spola,multiple_disabilities,347
2013,Broj,sokolac,M,multiple_disabilities,143
2013,Broj,sokolac,Ž,multiple_disabilities,204
2013,Broj,srbac,Oba spola,multiple_disabilities,576
2013,Broj,srbac,M,multiple_disabilities,257
2013,Broj,srbac,Ž,multiple_disabilities,319
2013,Broj,srebrenica,Oba spola,multiple_disabilities,381
2013,Broj,srebrenica,M,multiple_disabilities,144
2013,Broj,srebrenica,Ž,multiple_disabilities,237
2013,Broj,teslic,Oba spola,multiple_disabilities,1374
2013,Broj,teslic,M,multiple_disabilities,585
2013,Broj,teslic,Ž,multiple_disabilities,789
2013,Broj,grad_trebinje,Oba spola,multiple_disabilities,689
2013,Broj,grad_trebinje,M,multiple_disabilities,280
2013,Broj,grad_trebinje,Ž,multiple_disabilities,409
2013,Broj,trnovo,Oba spola,multiple_disabilities,69
2013,Broj,trnovo,M,multiple_disabilities,31
2013,Broj,trnovo,Ž,multiple_disabilities,38
2013,Broj,ugljevik,Oba spola,multiple_disabilities,402
2013,Broj,ugljevik,M,multiple_disabilities,165
2013,Broj,ugljevik,Ž,multiple_disabilities,237
2013,Broj,foca,Oba spola,multiple_disabilities,581
2013,Broj,foca,M,multiple_disabilities,262
2013,Broj,foca,Ž,multiple_disabilities,319
2013,Broj,han_pijesak,Oba spola,multiple_disabilities,95
2013,Broj,han_pijesak,M,multiple_disabilities,30
2013,Broj,han_pijesak,Ž,multiple_disabilities,65
2013,Broj,cajnice,Oba spola,multiple_disabilities,176
2013,Broj,cajnice,M,multiple_disabilities,77
2013,Broj,cajnice,Ž,multiple_disabilities,99
2013,Broj,celinac,Oba spola,multiple_disabilities,624
2013,Broj,celinac,M,multiple_disabilities,269
2013,Broj,celinac,Ž,multiple_disabilities,355
2013,Broj,samac,Oba spola,multiple_disabilities,567
2013,Broj,samac,M,multiple_disabilities,228
2013,Broj,samac,Ž,multiple_disabilities,339
2013,Broj,sekovici,Oba spola,multiple_disabilities,222
2013,Broj,sekovici,M,multiple_disabilities,101
2013,Broj,sekovici,Ž,multiple_disabilities,121
2013,Broj,sipovo,Oba spola,multiple_disabilities,322
2013,Broj,sipovo,M,multiple_disabilities,132
2013,Broj,sipovo,Ž,multiple_disabilities,190
