Year,UNIT_MEASURE,Administrativna oblast,Pol,Disabilities,Value
2013,Broj,Republika Srpska,Oba pola,Ukupno,102262
2013,Broj,Republika Srpska,M,Ukupno,46720
2013,Broj,Republika Srpska,Ž,Ukupno,55542
2013,Broj,Grad Banja Luka,Oba pola,Ukupno,13450
2013,Broj,Grad Banja Luka,M,Ukupno,6251
2013,Broj,Grad Banja Luka,Ž,Ukupno,7199
2013,Broj,Berkovići,Oba pola,Ukupno,165
2013,Broj,Berkovići,M,Ukupno,75
2013,Broj,Berkovići,Ž,Ukupno,90
2013,Broj,Grad Bijeljina,Oba pola,Ukupno,8763
2013,Broj,Grad Bijeljina,M,Ukupno,3967
2013,Broj,Grad Bijeljina,Ž,Ukupno,4796
2013,Broj,Bileća,Oba pola,Ukupno,813
2013,Broj,Bileća,M,Ukupno,339
2013,Broj,Bileća,Ž,Ukupno,474
2013,Broj,Bratunac,Oba pola,Ukupno,1534
2013,Broj,Bratunac,M,Ukupno,688
2013,Broj,Bratunac,Ž,Ukupno,846
2013,Broj,Brod,Oba pola,Ukupno,1420
2013,Broj,Brod,M,Ukupno,658
2013,Broj,Brod,Ž,Ukupno,762
2013,Broj,Višegrad,Oba pola,Ukupno,1097
2013,Broj,Višegrad,M,Ukupno,422
2013,Broj,Višegrad,Ž,Ukupno,675
2013,Broj,Vlasenica,Oba pola,Ukupno,786
2013,Broj,Vlasenica,M,Ukupno,393
2013,Broj,Vlasenica,Ž,Ukupno,393
2013,Broj,Vukosavlje,Oba pola,Ukupno,472
2013,Broj,Vukosavlje,M,Ukupno,226
2013,Broj,Vukosavlje,Ž,Ukupno,246
2013,Broj,Gacko,Oba pola,Ukupno,597
2013,Broj,Gacko,M,Ukupno,261
2013,Broj,Gacko,Ž,Ukupno,336
2013,Broj,Grad Gradiška,Oba pola,Ukupno,4427
2013,Broj,Grad Gradiška,M,Ukupno,1965
2013,Broj,Grad Gradiška,Ž,Ukupno,2462
2013,Broj,Grad Derventa,Oba pola,Ukupno,2529
2013,Broj,Grad Derventa,M,Ukupno,1153
2013,Broj,Grad Derventa,Ž,Ukupno,1376
2013,Broj,Grad Doboj,Oba pola,Ukupno,7404
2013,Broj,Grad Doboj,M,Ukupno,3292
2013,Broj,Grad Doboj,Ž,Ukupno,4112
2013,Broj,Donji Žabar,Oba pola,Ukupno,313
2013,Broj,Donji Žabar,M,Ukupno,146
2013,Broj,Donji Žabar,Ž,Ukupno,167
2013,Broj,Grad Zvornik,Oba pola,Ukupno,4328
2013,Broj,Grad Zvornik,M,Ukupno,2027
2013,Broj,Grad Zvornik,Ž,Ukupno,2301
2013,Broj,Istočna Ilidža,Oba pola,Ukupno,1025
2013,Broj,Istočna Ilidža,M,Ukupno,464
2013,Broj,Istočna Ilidža,Ž,Ukupno,561
2013,Broj,Istočni Drvar,Oba pola,Ukupno,9
2013,Broj,Istočni Drvar,M,Ukupno,5
2013,Broj,Istočni Drvar,Ž,Ukupno,4
2013,Broj,Istočni Mostar,Oba pola,Ukupno,14
2013,Broj,Istočni Mostar,M,Ukupno,4
2013,Broj,Istočni Mostar,Ž,Ukupno,10
2013,Broj,Istočni Stari Grad,Oba pola,Ukupno,100
2013,Broj,Istočni Stari Grad,M,Ukupno,42
2013,Broj,Istočni Stari Grad,Ž,Ukupno,58
2013,Broj,Istočno Novo Sarajevo,Oba pola,Ukupno,611
2013,Broj,Istočno Novo Sarajevo,M,Ukupno,276
2013,Broj,Istočno Novo Sarajevo,Ž,Ukupno,335
2013,Broj,Jezero,Oba pola,Ukupno,80
2013,Broj,Jezero,M,Ukupno,37
2013,Broj,Jezero,Ž,Ukupno,43
2013,Broj,Kalinovik,Oba pola,Ukupno,203
2013,Broj,Kalinovik,M,Ukupno,88
2013,Broj,Kalinovik,Ž,Ukupno,115
2013,Broj,Kneževo,Oba pola,Ukupno,933
2013,Broj,Kneževo,M,Ukupno,449
2013,Broj,Kneževo,Ž,Ukupno,484
2013,Broj,Kozarska Dubica,Oba pola,Ukupno,2078
2013,Broj,Kozarska Dubica,M,Ukupno,919
2013,Broj,Kozarska Dubica,Ž,Ukupno,1159
2013,Broj,Kostajnica,Oba pola,Ukupno,475
2013,Broj,Kostajnica,M,Ukupno,216
2013,Broj,Kostajnica,Ž,Ukupno,259
2013,Broj,Kotor Varoš,Oba pola,Ukupno,1857
2013,Broj,Kotor Varoš,M,Ukupno,865
2013,Broj,Kotor Varoš,Ž,Ukupno,992
2013,Broj,Krupa Na Uni,Oba pola,Ukupno,204
2013,Broj,Krupa Na Uni,M,Ukupno,93
2013,Broj,Krupa Na Uni,Ž,Ukupno,111
2013,Broj,Kupres,Oba pola,Ukupno,49
2013,Broj,Kupres,M,Ukupno,27
2013,Broj,Kupres,Ž,Ukupno,22
2013,Broj,Laktaši,Oba pola,Ukupno,2445
2013,Broj,Laktaši,M,Ukupno,1196
2013,Broj,Laktaši,Ž,Ukupno,1249
2013,Broj,Lopare,Oba pola,Ukupno,1612
2013,Broj,Lopare,M,Ukupno,791
2013,Broj,Lopare,Ž,Ukupno,821
2013,Broj,Ljubinje,Oba pola,Ukupno,197
2013,Broj,Ljubinje,M,Ukupno,84
2013,Broj,Ljubinje,Ž,Ukupno,113
2013,Broj,Milići,Oba pola,Ukupno,860
2013,Broj,Milići,M,Ukupno,392
2013,Broj,Milići,Ž,Ukupno,468
2013,Broj,Modriča,Oba pola,Ukupno,2458
2013,Broj,Modriča,M,Ukupno,1119
2013,Broj,Modriča,Ž,Ukupno,1339
2013,Broj,Mrkonjić Grad,Oba pola,Ukupno,1300
2013,Broj,Mrkonjić Grad,M,Ukupno,602
2013,Broj,Mrkonjić Grad,Ž,Ukupno,698
2013,Broj,Nevesinje,Oba pola,Ukupno,876
2013,Broj,Nevesinje,M,Ukupno,379
2013,Broj,Nevesinje,Ž,Ukupno,497
2013,Broj,Novi Grad,Oba pola,Ukupno,2687
2013,Broj,Novi Grad,M,Ukupno,1179
2013,Broj,Novi Grad,Ž,Ukupno,1508
2013,Broj,Novo Goražde,Oba pola,Ukupno,206
2013,Broj,Novo Goražde,M,Ukupno,101
2013,Broj,Novo Goražde,Ž,Ukupno,105
2013,Broj,Osmaci,Oba pola,Ukupno,513
2013,Broj,Osmaci,M,Ukupno,234
2013,Broj,Osmaci,Ž,Ukupno,279
2013,Broj,Oštra Luka,Oba pola,Ukupno,394
2013,Broj,Oštra Luka,M,Ukupno,205
2013,Broj,Oštra Luka,Ž,Ukupno,189
2013,Broj,Pale,Oba pola,Ukupno,1289
2013,Broj,Pale,M,Ukupno,594
2013,Broj,Pale,Ž,Ukupno,695
2013,Broj,Pelagićevo,Oba pola,Ukupno,688
2013,Broj,Pelagićevo,M,Ukupno,299
2013,Broj,Pelagićevo,Ž,Ukupno,389
2013,Broj,Petrovac,Oba pola,Ukupno,16
2013,Broj,Petrovac,M,Ukupno,6
2013,Broj,Petrovac,Ž,Ukupno,10
2013,Broj,Petrovo,Oba pola,Ukupno,944
2013,Broj,Petrovo,M,Ukupno,399
2013,Broj,Petrovo,Ž,Ukupno,545
2013,Broj,Grad Prijedor,Oba pola,Ukupno,7173
2013,Broj,Grad Prijedor,M,Ukupno,3333
2013,Broj,Grad Prijedor,Ž,Ukupno,3840
2013,Broj,Prnjavor,Oba pola,Ukupno,3309
2013,Broj,Prnjavor,M,Ukupno,1497
2013,Broj,Prnjavor,Ž,Ukupno,1812
2013,Broj,Ribnik,Oba pola,Ukupno,701
2013,Broj,Ribnik,M,Ukupno,323
2013,Broj,Ribnik,Ž,Ukupno,378
2013,Broj,Rogatica,Oba pola,Ukupno,1012
2013,Broj,Rogatica,M,Ukupno,464
2013,Broj,Rogatica,Ž,Ukupno,548
2013,Broj,Rudo,Oba pola,Ukupno,596
2013,Broj,Rudo,M,Ukupno,258
2013,Broj,Rudo,Ž,Ukupno,338
2013,Broj,Sokolac,Oba pola,Ukupno,944
2013,Broj,Sokolac,M,Ukupno,422
2013,Broj,Sokolac,Ž,Ukupno,522
2013,Broj,Srbac,Oba pola,Ukupno,1526
2013,Broj,Srbac,M,Ukupno,714
2013,Broj,Srbac,Ž,Ukupno,812
2013,Broj,Srebrenica,Oba pola,Ukupno,1061
2013,Broj,Srebrenica,M,Ukupno,447
2013,Broj,Srebrenica,Ž,Ukupno,614
2013,Broj,Teslić,Oba pola,Ukupno,3562
2013,Broj,Teslić,M,Ukupno,1683
2013,Broj,Teslić,Ž,Ukupno,1879
2013,Broj,Grad Trebinje,Oba pola,Ukupno,1860
2013,Broj,Grad Trebinje,M,Ukupno,823
2013,Broj,Grad Trebinje,Ž,Ukupno,1037
2013,Broj,Trnovo,Oba pola,Ukupno,171
2013,Broj,Trnovo,M,Ukupno,70
2013,Broj,Trnovo,Ž,Ukupno,101
2013,Broj,Ugljevik,Oba pola,Ukupno,1179
2013,Broj,Ugljevik,M,Ukupno,532
2013,Broj,Ugljevik,Ž,Ukupno,647
2013,Broj,Foča,Oba pola,Ukupno,1473
2013,Broj,Foča,M,Ukupno,725
2013,Broj,Foča,Ž,Ukupno,748
2013,Broj,Han Pijesak,Oba pola,Ukupno,269
2013,Broj,Han Pijesak,M,Ukupno,99
2013,Broj,Han Pijesak,Ž,Ukupno,170
2013,Broj,Čajniče,Oba pola,Ukupno,461
2013,Broj,Čajniče,M,Ukupno,208
2013,Broj,Čajniče,Ž,Ukupno,253
2013,Broj,Čelinac,Oba pola,Ukupno,1672
2013,Broj,Čelinac,M,Ukupno,800
2013,Broj,Čelinac,Ž,Ukupno,872
2013,Broj,Šamac,Oba pola,Ukupno,1634
2013,Broj,Šamac,M,Ukupno,724
2013,Broj,Šamac,Ž,Ukupno,910
2013,Broj,Šekovići,Oba pola,Ukupno,595
2013,Broj,Šekovići,M,Ukupno,279
2013,Broj,Šekovići,Ž,Ukupno,316
2013,Broj,Šipovo,Oba pola,Ukupno,843
2013,Broj,Šipovo,M,Ukupno,391
2013,Broj,Šipovo,Ž,Ukupno,452
2013,Broj,Republika Srpska,Oba pola,eyesight,43020
2013,Broj,Republika Srpska,M,eyesight,18052
2013,Broj,Republika Srpska,Ž,eyesight,24968
2013,Broj,Grad Banja Luka,Oba pola,eyesight,5370
2013,Broj,Grad Banja Luka,M,eyesight,2232
2013,Broj,Grad Banja Luka,Ž,eyesight,3138
2013,Broj,Berkovići,Oba pola,eyesight,73
2013,Broj,Berkovići,M,eyesight,33
2013,Broj,Berkovići,Ž,eyesight,40
2013,Broj,Grad Bijeljina,Oba pola,eyesight,3450
2013,Broj,Grad Bijeljina,M,eyesight,1424
2013,Broj,Grad Bijeljina,Ž,eyesight,2026
2013,Broj,Bileća,Oba pola,eyesight,375
2013,Broj,Bileća,M,eyesight,159
2013,Broj,Bileća,Ž,eyesight,216
2013,Broj,Bratunac,Oba pola,eyesight,791
2013,Broj,Bratunac,M,eyesight,328
2013,Broj,Bratunac,Ž,eyesight,463
2013,Broj,Brod,Oba pola,eyesight,596
2013,Broj,Brod,M,eyesight,252
2013,Broj,Brod,Ž,eyesight,344
2013,Broj,Višegrad,Oba pola,eyesight,409
2013,Broj,Višegrad,M,eyesight,162
2013,Broj,Višegrad,Ž,eyesight,247
2013,Broj,Vlasenica,Oba pola,eyesight,372
2013,Broj,Vlasenica,M,eyesight,171
2013,Broj,Vlasenica,Ž,eyesight,201
2013,Broj,Vukosavlje,Oba pola,eyesight,157
2013,Broj,Vukosavlje,M,eyesight,74
2013,Broj,Vukosavlje,Ž,eyesight,83
2013,Broj,Gacko,Oba pola,eyesight,245
2013,Broj,Gacko,M,eyesight,107
2013,Broj,Gacko,Ž,eyesight,138
2013,Broj,Grad Gradiška,Oba pola,eyesight,1881
2013,Broj,Grad Gradiška,M,eyesight,754
2013,Broj,Grad Gradiška,Ž,eyesight,1127
2013,Broj,Grad Derventa,Oba pola,eyesight,1172
2013,Broj,Grad Derventa,M,eyesight,476
2013,Broj,Grad Derventa,Ž,eyesight,696
2013,Broj,Grad Doboj,Oba pola,eyesight,3265
2013,Broj,Grad Doboj,M,eyesight,1332
2013,Broj,Grad Doboj,Ž,eyesight,1933
2013,Broj,Donji Žabar,Oba pola,eyesight,122
2013,Broj,Donji Žabar,M,eyesight,50
2013,Broj,Donji Žabar,Ž,eyesight,72
2013,Broj,Grad Zvornik,Oba pola,eyesight,1920
2013,Broj,Grad Zvornik,M,eyesight,842
2013,Broj,Grad Zvornik,Ž,eyesight,1078
2013,Broj,Istočna Ilidža,Oba pola,eyesight,423
2013,Broj,Istočna Ilidža,M,eyesight,183
2013,Broj,Istočna Ilidža,Ž,eyesight,240
2013,Broj,Istočni Drvar,Oba pola,eyesight,5
2013,Broj,Istočni Drvar,M,eyesight,2
2013,Broj,Istočni Drvar,Ž,eyesight,3
2013,Broj,Istočni Mostar,Oba pola,eyesight,9
2013,Broj,Istočni Mostar,M,eyesight,3
2013,Broj,Istočni Mostar,Ž,eyesight,6
2013,Broj,Istočni Stari Grad,Oba pola,eyesight,49
2013,Broj,Istočni Stari Grad,M,eyesight,22
2013,Broj,Istočni Stari Grad,Ž,eyesight,27
2013,Broj,Istočno Novo Sarajevo,Oba pola,eyesight,255
2013,Broj,Istočno Novo Sarajevo,M,eyesight,90
2013,Broj,Istočno Novo Sarajevo,Ž,eyesight,165
2013,Broj,Jezero,Oba pola,eyesight,44
2013,Broj,Jezero,M,eyesight,18
2013,Broj,Jezero,Ž,eyesight,26
2013,Broj,Kalinovik,Oba pola,eyesight,87
2013,Broj,Kalinovik,M,eyesight,35
2013,Broj,Kalinovik,Ž,eyesight,52
2013,Broj,Kneževo,Oba pola,eyesight,355
2013,Broj,Kneževo,M,eyesight,159
2013,Broj,Kneževo,Ž,eyesight,196
2013,Broj,Kozarska Dubica,Oba pola,eyesight,788
2013,Broj,Kozarska Dubica,M,eyesight,329
2013,Broj,Kozarska Dubica,Ž,eyesight,459
2013,Broj,Kostajnica,Oba pola,eyesight,226
2013,Broj,Kostajnica,M,eyesight,104
2013,Broj,Kostajnica,Ž,eyesight,122
2013,Broj,Kotor Varoš,Oba pola,eyesight,894
2013,Broj,Kotor Varoš,M,eyesight,374
2013,Broj,Kotor Varoš,Ž,eyesight,520
2013,Broj,Krupa Na Uni,Oba pola,eyesight,98
2013,Broj,Krupa Na Uni,M,eyesight,47
2013,Broj,Krupa Na Uni,Ž,eyesight,51
2013,Broj,Kupres,Oba pola,eyesight,12
2013,Broj,Kupres,M,eyesight,8
2013,Broj,Kupres,Ž,eyesight,4
2013,Broj,Laktaši,Oba pola,eyesight,1042
2013,Broj,Laktaši,M,eyesight,460
2013,Broj,Laktaši,Ž,eyesight,582
2013,Broj,Lopare,Oba pola,eyesight,691
2013,Broj,Lopare,M,eyesight,297
2013,Broj,Lopare,Ž,eyesight,394
2013,Broj,Ljubinje,Oba pola,eyesight,82
2013,Broj,Ljubinje,M,eyesight,36
2013,Broj,Ljubinje,Ž,eyesight,46
2013,Broj,Milići,Oba pola,eyesight,390
2013,Broj,Milići,M,eyesight,165
2013,Broj,Milići,Ž,eyesight,225
2013,Broj,Modriča,Oba pola,eyesight,990
2013,Broj,Modriča,M,eyesight,443
2013,Broj,Modriča,Ž,eyesight,547
2013,Broj,Mrkonjić Grad,Oba pola,eyesight,524
2013,Broj,Mrkonjić Grad,M,eyesight,227
2013,Broj,Mrkonjić Grad,Ž,eyesight,297
2013,Broj,Nevesinje,Oba pola,eyesight,401
2013,Broj,Nevesinje,M,eyesight,187
2013,Broj,Nevesinje,Ž,eyesight,214
2013,Broj,Novi Grad,Oba pola,eyesight,1236
2013,Broj,Novi Grad,M,eyesight,483
2013,Broj,Novi Grad,Ž,eyesight,753
2013,Broj,Novo Goražde,Oba pola,eyesight,86
2013,Broj,Novo Goražde,M,eyesight,35
2013,Broj,Novo Goražde,Ž,eyesight,51
2013,Broj,Osmaci,Oba pola,eyesight,243
2013,Broj,Osmaci,M,eyesight,102
2013,Broj,Osmaci,Ž,eyesight,141
2013,Broj,Oštra Luka,Oba pola,eyesight,176
2013,Broj,Oštra Luka,M,eyesight,88
2013,Broj,Oštra Luka,Ž,eyesight,88
2013,Broj,Pale,Oba pola,eyesight,492
2013,Broj,Pale,M,eyesight,213
2013,Broj,Pale,Ž,eyesight,279
2013,Broj,Pelagićevo,Oba pola,eyesight,310
2013,Broj,Pelagićevo,M,eyesight,132
2013,Broj,Pelagićevo,Ž,eyesight,178
2013,Broj,Petrovac,Oba pola,eyesight,6
2013,Broj,Petrovac,M,eyesight,2
2013,Broj,Petrovac,Ž,eyesight,4
2013,Broj,Petrovo,Oba pola,eyesight,433
2013,Broj,Petrovo,M,eyesight,178
2013,Broj,Petrovo,Ž,eyesight,255
2013,Broj,Grad Prijedor,Oba pola,eyesight,2857
2013,Broj,Grad Prijedor,M,eyesight,1209
2013,Broj,Grad Prijedor,Ž,eyesight,1648
2013,Broj,Prnjavor,Oba pola,eyesight,1364
2013,Broj,Prnjavor,M,eyesight,564
2013,Broj,Prnjavor,Ž,eyesight,800
2013,Broj,Ribnik,Oba pola,eyesight,293
2013,Broj,Ribnik,M,eyesight,137
2013,Broj,Ribnik,Ž,eyesight,156
2013,Broj,Rogatica,Oba pola,eyesight,418
2013,Broj,Rogatica,M,eyesight,174
2013,Broj,Rogatica,Ž,eyesight,244
2013,Broj,Rudo,Oba pola,eyesight,231
2013,Broj,Rudo,M,eyesight,98
2013,Broj,Rudo,Ž,eyesight,133
2013,Broj,Sokolac,Oba pola,eyesight,368
2013,Broj,Sokolac,M,eyesight,161
2013,Broj,Sokolac,Ž,eyesight,207
2013,Broj,Srbac,Oba pola,eyesight,684
2013,Broj,Srbac,M,eyesight,291
2013,Broj,Srbac,Ž,eyesight,393
2013,Broj,Srebrenica,Oba pola,eyesight,487
2013,Broj,Srebrenica,M,eyesight,176
2013,Broj,Srebrenica,Ž,eyesight,311
2013,Broj,Teslić,Oba pola,eyesight,1451
2013,Broj,Teslić,M,eyesight,633
2013,Broj,Teslić,Ž,eyesight,818
2013,Broj,Grad Trebinje,Oba pola,eyesight,736
2013,Broj,Grad Trebinje,M,eyesight,297
2013,Broj,Grad Trebinje,Ž,eyesight,439
2013,Broj,Trnovo,Oba pola,eyesight,62
2013,Broj,Trnovo,M,eyesight,25
2013,Broj,Trnovo,Ž,eyesight,37
2013,Broj,Ugljevik,Oba pola,eyesight,488
2013,Broj,Ugljevik,M,eyesight,202
2013,Broj,Ugljevik,Ž,eyesight,286
2013,Broj,Foča,Oba pola,eyesight,605
2013,Broj,Foča,M,eyesight,263
2013,Broj,Foča,Ž,eyesight,342
2013,Broj,Han Pijesak,Oba pola,eyesight,102
2013,Broj,Han Pijesak,M,eyesight,36
2013,Broj,Han Pijesak,Ž,eyesight,66
2013,Broj,Čajniče,Oba pola,eyesight,219
2013,Broj,Čajniče,M,eyesight,93
2013,Broj,Čajniče,Ž,eyesight,126
2013,Broj,Čelinac,Oba pola,eyesight,752
2013,Broj,Čelinac,M,eyesight,313
2013,Broj,Čelinac,Ž,eyesight,439
2013,Broj,Šamac,Oba pola,eyesight,679
2013,Broj,Šamac,M,eyesight,277
2013,Broj,Šamac,Ž,eyesight,402
2013,Broj,Šekovići,Oba pola,eyesight,307
2013,Broj,Šekovići,M,eyesight,130
2013,Broj,Šekovići,Ž,eyesight,177
2013,Broj,Šipovo,Oba pola,eyesight,372
2013,Broj,Šipovo,M,eyesight,155
2013,Broj,Šipovo,Ž,eyesight,217
2013,Broj,Republika Srpska,Oba pola,hearing,26055
2013,Broj,Republika Srpska,M,hearing,12971
2013,Broj,Republika Srpska,Ž,hearing,13084
2013,Broj,Grad Banja Luka,Oba pola,hearing,3262
2013,Broj,Grad Banja Luka,M,hearing,1678
2013,Broj,Grad Banja Luka,Ž,hearing,1584
2013,Broj,Berkovići,Oba pola,hearing,48
2013,Broj,Berkovići,M,hearing,28
2013,Broj,Berkovići,Ž,hearing,20
2013,Broj,Grad Bijeljina,Oba pola,hearing,2026
2013,Broj,Grad Bijeljina,M,hearing,1028
2013,Broj,Grad Bijeljina,Ž,hearing,998
2013,Broj,Bileća,Oba pola,hearing,240
2013,Broj,Bileća,M,hearing,122
2013,Broj,Bileća,Ž,hearing,118
2013,Broj,Bratunac,Oba pola,hearing,420
2013,Broj,Bratunac,M,hearing,196
2013,Broj,Bratunac,Ž,hearing,224
2013,Broj,Brod,Oba pola,hearing,322
2013,Broj,Brod,M,hearing,168
2013,Broj,Brod,Ž,hearing,154
2013,Broj,Višegrad,Oba pola,hearing,276
2013,Broj,Višegrad,M,hearing,128
2013,Broj,Višegrad,Ž,hearing,148
2013,Broj,Vlasenica,Oba pola,hearing,236
2013,Broj,Vlasenica,M,hearing,117
2013,Broj,Vlasenica,Ž,hearing,119
2013,Broj,Vukosavlje,Oba pola,hearing,107
2013,Broj,Vukosavlje,M,hearing,49
2013,Broj,Vukosavlje,Ž,hearing,58
2013,Broj,Gacko,Oba pola,hearing,172
2013,Broj,Gacko,M,hearing,80
2013,Broj,Gacko,Ž,hearing,92
2013,Broj,Grad Gradiška,Oba pola,hearing,1110
2013,Broj,Grad Gradiška,M,hearing,525
2013,Broj,Grad Gradiška,Ž,hearing,585
2013,Broj,Grad Derventa,Oba pola,hearing,655
2013,Broj,Grad Derventa,M,hearing,320
2013,Broj,Grad Derventa,Ž,hearing,335
2013,Broj,Grad Doboj,Oba pola,hearing,1902
2013,Broj,Grad Doboj,M,hearing,925
2013,Broj,Grad Doboj,Ž,hearing,977
2013,Broj,Donji Žabar,Oba pola,hearing,81
2013,Broj,Donji Žabar,M,hearing,50
2013,Broj,Donji Žabar,Ž,hearing,31
2013,Broj,Grad Zvornik,Oba pola,hearing,1157
2013,Broj,Grad Zvornik,M,hearing,580
2013,Broj,Grad Zvornik,Ž,hearing,577
2013,Broj,Istočna Ilidža,Oba pola,hearing,267
2013,Broj,Istočna Ilidža,M,hearing,123
2013,Broj,Istočna Ilidža,Ž,hearing,144
2013,Broj,Istočni Drvar,Oba pola,hearing,4
2013,Broj,Istočni Drvar,M,hearing,1
2013,Broj,Istočni Drvar,Ž,hearing,3
2013,Broj,Istočni Mostar,Oba pola,hearing,7
2013,Broj,Istočni Mostar,M,hearing,1
2013,Broj,Istočni Mostar,Ž,hearing,6
2013,Broj,Istočni Stari Grad,Oba pola,hearing,29
2013,Broj,Istočni Stari Grad,M,hearing,15
2013,Broj,Istočni Stari Grad,Ž,hearing,14
2013,Broj,Istočno Novo Sarajevo,Oba pola,hearing,153
2013,Broj,Istočno Novo Sarajevo,M,hearing,76
2013,Broj,Istočno Novo Sarajevo,Ž,hearing,77
2013,Broj,Jezero,Oba pola,hearing,34
2013,Broj,Jezero,M,hearing,18
2013,Broj,Jezero,Ž,hearing,16
2013,Broj,Kalinovik,Oba pola,hearing,56
2013,Broj,Kalinovik,M,hearing,25
2013,Broj,Kalinovik,Ž,hearing,31
2013,Broj,Kneževo,Oba pola,hearing,251
2013,Broj,Kneževo,M,hearing,127
2013,Broj,Kneževo,Ž,hearing,124
2013,Broj,Kozarska Dubica,Oba pola,hearing,490
2013,Broj,Kozarska Dubica,M,hearing,237
2013,Broj,Kozarska Dubica,Ž,hearing,253
2013,Broj,Kostajnica,Oba pola,hearing,123
2013,Broj,Kostajnica,M,hearing,65
2013,Broj,Kostajnica,Ž,hearing,58
2013,Broj,Kotor Varoš,Oba pola,hearing,485
2013,Broj,Kotor Varoš,M,hearing,244
2013,Broj,Kotor Varoš,Ž,hearing,241
2013,Broj,Krupa Na Uni,Oba pola,hearing,59
2013,Broj,Krupa Na Uni,M,hearing,36
2013,Broj,Krupa Na Uni,Ž,hearing,23
2013,Broj,Kupres,Oba pola,hearing,14
2013,Broj,Kupres,M,hearing,10
2013,Broj,Kupres,Ž,hearing,4
2013,Broj,Laktaši,Oba pola,hearing,610
2013,Broj,Laktaši,M,hearing,322
2013,Broj,Laktaši,Ž,hearing,288
2013,Broj,Lopare,Oba pola,hearing,400
2013,Broj,Lopare,M,hearing,187
2013,Broj,Lopare,Ž,hearing,213
2013,Broj,Ljubinje,Oba pola,hearing,68
2013,Broj,Ljubinje,M,hearing,33
2013,Broj,Ljubinje,Ž,hearing,35
2013,Broj,Milići,Oba pola,hearing,209
2013,Broj,Milići,M,hearing,98
2013,Broj,Milići,Ž,hearing,111
2013,Broj,Modriča,Oba pola,hearing,623
2013,Broj,Modriča,M,hearing,318
2013,Broj,Modriča,Ž,hearing,305
2013,Broj,Mrkonjić Grad,Oba pola,hearing,388
2013,Broj,Mrkonjić Grad,M,hearing,188
2013,Broj,Mrkonjić Grad,Ž,hearing,200
2013,Broj,Nevesinje,Oba pola,hearing,254
2013,Broj,Nevesinje,M,hearing,119
2013,Broj,Nevesinje,Ž,hearing,135
2013,Broj,Novi Grad,Oba pola,hearing,706
2013,Broj,Novi Grad,M,hearing,334
2013,Broj,Novi Grad,Ž,hearing,372
2013,Broj,Novo Goražde,Oba pola,hearing,57
2013,Broj,Novo Goražde,M,hearing,31
2013,Broj,Novo Goražde,Ž,hearing,26
2013,Broj,Osmaci,Oba pola,hearing,144
2013,Broj,Osmaci,M,hearing,71
2013,Broj,Osmaci,Ž,hearing,73
2013,Broj,Oštra Luka,Oba pola,hearing,97
2013,Broj,Oštra Luka,M,hearing,65
2013,Broj,Oštra Luka,Ž,hearing,32
2013,Broj,Pale,Oba pola,hearing,318
2013,Broj,Pale,M,hearing,164
2013,Broj,Pale,Ž,hearing,154
2013,Broj,Pelagićevo,Oba pola,hearing,167
2013,Broj,Pelagićevo,M,hearing,74
2013,Broj,Pelagićevo,Ž,hearing,93
2013,Broj,Petrovac,Oba pola,hearing,4
2013,Broj,Petrovac,M,hearing,1
2013,Broj,Petrovac,Ž,hearing,3
2013,Broj,Petrovo,Oba pola,hearing,257
2013,Broj,Petrovo,M,hearing,134
2013,Broj,Petrovo,Ž,hearing,123
2013,Broj,Grad Prijedor,Oba pola,hearing,1805
2013,Broj,Grad Prijedor,M,hearing,944
2013,Broj,Grad Prijedor,Ž,hearing,861
2013,Broj,Prnjavor,Oba pola,hearing,812
2013,Broj,Prnjavor,M,hearing,383
2013,Broj,Prnjavor,Ž,hearing,429
2013,Broj,Ribnik,Oba pola,hearing,199
2013,Broj,Ribnik,M,hearing,97
2013,Broj,Ribnik,Ž,hearing,102
2013,Broj,Rogatica,Oba pola,hearing,307
2013,Broj,Rogatica,M,hearing,150
2013,Broj,Rogatica,Ž,hearing,157
2013,Broj,Rudo,Oba pola,hearing,169
2013,Broj,Rudo,M,hearing,83
2013,Broj,Rudo,Ž,hearing,86
2013,Broj,Sokolac,Oba pola,hearing,257
2013,Broj,Sokolac,M,hearing,121
2013,Broj,Sokolac,Ž,hearing,136
2013,Broj,Srbac,Oba pola,hearing,423
2013,Broj,Srbac,M,hearing,212
2013,Broj,Srbac,Ž,hearing,211
2013,Broj,Srebrenica,Oba pola,hearing,229
2013,Broj,Srebrenica,M,hearing,109
2013,Broj,Srebrenica,Ž,hearing,120
2013,Broj,Teslić,Oba pola,hearing,881
2013,Broj,Teslić,M,hearing,435
2013,Broj,Teslić,Ž,hearing,446
2013,Broj,Grad Trebinje,Oba pola,hearing,461
2013,Broj,Grad Trebinje,M,hearing,227
2013,Broj,Grad Trebinje,Ž,hearing,234
2013,Broj,Trnovo,Oba pola,hearing,46
2013,Broj,Trnovo,M,hearing,22
2013,Broj,Trnovo,Ž,hearing,24
2013,Broj,Ugljevik,Oba pola,hearing,257
2013,Broj,Ugljevik,M,hearing,117
2013,Broj,Ugljevik,Ž,hearing,140
2013,Broj,Foča,Oba pola,hearing,430
2013,Broj,Foča,M,hearing,216
2013,Broj,Foča,Ž,hearing,214
2013,Broj,Han Pijesak,Oba pola,hearing,68
2013,Broj,Han Pijesak,M,hearing,28
2013,Broj,Han Pijesak,Ž,hearing,40
2013,Broj,Čajniče,Oba pola,hearing,135
2013,Broj,Čajniče,M,hearing,66
2013,Broj,Čajniče,Ž,hearing,69
2013,Broj,Čelinac,Oba pola,hearing,457
2013,Broj,Čelinac,M,hearing,233
2013,Broj,Čelinac,Ž,hearing,224
2013,Broj,Šamac,Oba pola,hearing,419
2013,Broj,Šamac,M,hearing,217
2013,Broj,Šamac,Ž,hearing,202
2013,Broj,Šekovići,Oba pola,hearing,193
2013,Broj,Šekovići,M,hearing,96
2013,Broj,Šekovići,Ž,hearing,97
2013,Broj,Šipovo,Oba pola,hearing,219
2013,Broj,Šipovo,M,hearing,104
2013,Broj,Šipovo,Ž,hearing,115
2013,Broj,Republika Srpska,Oba pola,walking,63381
2013,Broj,Republika Srpska,M,walking,26903
2013,Broj,Republika Srpska,Ž,walking,36478
2013,Broj,Grad Banja Luka,Oba pola,walking,8456
2013,Broj,Grad Banja Luka,M,walking,3667
2013,Broj,Grad Banja Luka,Ž,walking,4789
2013,Broj,Berkovići,Oba pola,walking,109
2013,Broj,Berkovići,M,walking,45
2013,Broj,Berkovići,Ž,walking,64
2013,Broj,Grad Bijeljina,Oba pola,walking,5530
2013,Broj,Grad Bijeljina,M,walking,2356
2013,Broj,Grad Bijeljina,Ž,walking,3174
2013,Broj,Bileća,Oba pola,walking,533
2013,Broj,Bileća,M,walking,193
2013,Broj,Bileća,Ž,walking,340
2013,Broj,Bratunac,Oba pola,walking,835
2013,Broj,Bratunac,M,walking,372
2013,Broj,Bratunac,Ž,walking,463
2013,Broj,Brod,Oba pola,walking,892
2013,Broj,Brod,M,walking,392
2013,Broj,Brod,Ž,walking,500
2013,Broj,Višegrad,Oba pola,walking,598
2013,Broj,Višegrad,M,walking,227
2013,Broj,Višegrad,Ž,walking,371
2013,Broj,Vlasenica,Oba pola,walking,440
2013,Broj,Vlasenica,M,walking,211
2013,Broj,Vlasenica,Ž,walking,229
2013,Broj,Vukosavlje,Oba pola,walking,286
2013,Broj,Vukosavlje,M,walking,130
2013,Broj,Vukosavlje,Ž,walking,156
2013,Broj,Gacko,Oba pola,walking,385
2013,Broj,Gacko,M,walking,152
2013,Broj,Gacko,Ž,walking,233
2013,Broj,Grad Gradiška,Oba pola,walking,2675
2013,Broj,Grad Gradiška,M,walking,1074
2013,Broj,Grad Gradiška,Ž,walking,1601
2013,Broj,Grad Derventa,Oba pola,walking,1590
2013,Broj,Grad Derventa,M,walking,695
2013,Broj,Grad Derventa,Ž,walking,895
2013,Broj,Grad Doboj,Oba pola,walking,4793
2013,Broj,Grad Doboj,M,walking,1953
2013,Broj,Grad Doboj,Ž,walking,2840
2013,Broj,Donji Žabar,Oba pola,walking,182
2013,Broj,Donji Žabar,M,walking,76
2013,Broj,Donji Žabar,Ž,walking,106
2013,Broj,Grad Zvornik,Oba pola,walking,2535
2013,Broj,Grad Zvornik,M,walking,1092
2013,Broj,Grad Zvornik,Ž,walking,1443
2013,Broj,Istočna Ilidža,Oba pola,walking,644
2013,Broj,Istočna Ilidža,M,walking,267
2013,Broj,Istočna Ilidža,Ž,walking,377
2013,Broj,Istočni Drvar,Oba pola,walking,7
2013,Broj,Istočni Drvar,M,walking,4
2013,Broj,Istočni Drvar,Ž,walking,3
2013,Broj,Istočni Mostar,Oba pola,walking,8
2013,Broj,Istočni Mostar,M,walking,2
2013,Broj,Istočni Mostar,Ž,walking,6
2013,Broj,Istočni Stari Grad,Oba pola,walking,53
2013,Broj,Istočni Stari Grad,M,walking,22
2013,Broj,Istočni Stari Grad,Ž,walking,31
2013,Broj,Istočno Novo Sarajevo,Oba pola,walking,380
2013,Broj,Istočno Novo Sarajevo,M,walking,163
2013,Broj,Istočno Novo Sarajevo,Ž,walking,217
2013,Broj,Jezero,Oba pola,walking,60
2013,Broj,Jezero,M,walking,29
2013,Broj,Jezero,Ž,walking,31
2013,Broj,Kalinovik,Oba pola,walking,132
2013,Broj,Kalinovik,M,walking,54
2013,Broj,Kalinovik,Ž,walking,78
2013,Broj,Kneževo,Oba pola,walking,568
2013,Broj,Kneževo,M,walking,255
2013,Broj,Kneževo,Ž,walking,313
2013,Broj,Kozarska Dubica,Oba pola,walking,1369
2013,Broj,Kozarska Dubica,M,walking,549
2013,Broj,Kozarska Dubica,Ž,walking,820
2013,Broj,Kostajnica,Oba pola,walking,312
2013,Broj,Kostajnica,M,walking,133
2013,Broj,Kostajnica,Ž,walking,179
2013,Broj,Kotor Varoš,Oba pola,walking,1074
2013,Broj,Kotor Varoš,M,walking,475
2013,Broj,Kotor Varoš,Ž,walking,599
2013,Broj,Krupa Na Uni,Oba pola,walking,112
2013,Broj,Krupa Na Uni,M,walking,43
2013,Broj,Krupa Na Uni,Ž,walking,69
2013,Broj,Kupres,Oba pola,walking,33
2013,Broj,Kupres,M,walking,18
2013,Broj,Kupres,Ž,walking,15
2013,Broj,Laktaši,Oba pola,walking,1426
2013,Broj,Laktaši,M,walking,650
2013,Broj,Laktaši,Ž,walking,776
2013,Broj,Lopare,Oba pola,walking,984
2013,Broj,Lopare,M,walking,447
2013,Broj,Lopare,Ž,walking,537
2013,Broj,Ljubinje,Oba pola,walking,119
2013,Broj,Ljubinje,M,walking,48
2013,Broj,Ljubinje,Ž,walking,71
2013,Broj,Milići,Oba pola,walking,508
2013,Broj,Milići,M,walking,224
2013,Broj,Milići,Ž,walking,284
2013,Broj,Modriča,Oba pola,walking,1527
2013,Broj,Modriča,M,walking,635
2013,Broj,Modriča,Ž,walking,892
2013,Broj,Mrkonjić Grad,Oba pola,walking,798
2013,Broj,Mrkonjić Grad,M,walking,355
2013,Broj,Mrkonjić Grad,Ž,walking,443
2013,Broj,Nevesinje,Oba pola,walking,551
2013,Broj,Nevesinje,M,walking,209
2013,Broj,Nevesinje,Ž,walking,342
2013,Broj,Novi Grad,Oba pola,walking,1711
2013,Broj,Novi Grad,M,walking,700
2013,Broj,Novi Grad,Ž,walking,1011
2013,Broj,Novo Goražde,Oba pola,walking,135
2013,Broj,Novo Goražde,M,walking,61
2013,Broj,Novo Goražde,Ž,walking,74
2013,Broj,Osmaci,Oba pola,walking,288
2013,Broj,Osmaci,M,walking,125
2013,Broj,Osmaci,Ž,walking,163
2013,Broj,Oštra Luka,Oba pola,walking,224
2013,Broj,Oštra Luka,M,walking,99
2013,Broj,Oštra Luka,Ž,walking,125
2013,Broj,Pale,Oba pola,walking,822
2013,Broj,Pale,M,walking,366
2013,Broj,Pale,Ž,walking,456
2013,Broj,Pelagićevo,Oba pola,walking,445
2013,Broj,Pelagićevo,M,walking,165
2013,Broj,Pelagićevo,Ž,walking,280
2013,Broj,Petrovac,Oba pola,walking,8
2013,Broj,Petrovac,M,walking,5
2013,Broj,Petrovac,Ž,walking,3
2013,Broj,Petrovo,Oba pola,walking,602
2013,Broj,Petrovo,M,walking,231
2013,Broj,Petrovo,Ž,walking,371
2013,Broj,Grad Prijedor,Oba pola,walking,4451
2013,Broj,Grad Prijedor,M,walking,1891
2013,Broj,Grad Prijedor,Ž,walking,2560
2013,Broj,Prnjavor,Oba pola,walking,2094
2013,Broj,Prnjavor,M,walking,860
2013,Broj,Prnjavor,Ž,walking,1234
2013,Broj,Ribnik,Oba pola,walking,438
2013,Broj,Ribnik,M,walking,182
2013,Broj,Ribnik,Ž,walking,256
2013,Broj,Rogatica,Oba pola,walking,640
2013,Broj,Rogatica,M,walking,264
2013,Broj,Rogatica,Ž,walking,376
2013,Broj,Rudo,Oba pola,walking,399
2013,Broj,Rudo,M,walking,165
2013,Broj,Rudo,Ž,walking,234
2013,Broj,Sokolac,Oba pola,walking,600
2013,Broj,Sokolac,M,walking,248
2013,Broj,Sokolac,Ž,walking,352
2013,Broj,Srbac,Oba pola,walking,910
2013,Broj,Srbac,M,walking,412
2013,Broj,Srbac,Ž,walking,498
2013,Broj,Srebrenica,Oba pola,walking,621
2013,Broj,Srebrenica,M,walking,256
2013,Broj,Srebrenica,Ž,walking,365
2013,Broj,Teslić,Oba pola,walking,2201
2013,Broj,Teslić,M,walking,973
2013,Broj,Teslić,Ž,walking,1228
2013,Broj,Grad Trebinje,Oba pola,walking,1198
2013,Broj,Grad Trebinje,M,walking,489
2013,Broj,Grad Trebinje,Ž,walking,709
2013,Broj,Trnovo,Oba pola,walking,104
2013,Broj,Trnovo,M,walking,41
2013,Broj,Trnovo,Ž,walking,63
2013,Broj,Ugljevik,Oba pola,walking,734
2013,Broj,Ugljevik,M,walking,312
2013,Broj,Ugljevik,Ž,walking,422
2013,Broj,Foča,Oba pola,walking,945
2013,Broj,Foča,M,walking,438
2013,Broj,Foča,Ž,walking,507
2013,Broj,Han Pijesak,Oba pola,walking,187
2013,Broj,Han Pijesak,M,walking,65
2013,Broj,Han Pijesak,Ž,walking,122
2013,Broj,Čajniče,Oba pola,walking,262
2013,Broj,Čajniče,M,walking,108
2013,Broj,Čajniče,Ž,walking,154
2013,Broj,Čelinac,Oba pola,walking,1038
2013,Broj,Čelinac,M,walking,469
2013,Broj,Čelinac,Ž,walking,569
2013,Broj,Šamac,Oba pola,walking,1041
2013,Broj,Šamac,M,walking,413
2013,Broj,Šamac,Ž,walking,628
2013,Broj,Šekovići,Oba pola,walking,283
2013,Broj,Šekovići,M,walking,125
2013,Broj,Šekovići,Ž,walking,158
2013,Broj,Šipovo,Oba pola,walking,496
2013,Broj,Šipovo,M,walking,223
2013,Broj,Šipovo,Ž,walking,273
2013,Broj,Republika Srpska,Oba pola,memory,18330
2013,Broj,Republika Srpska,M,memory,8168
2013,Broj,Republika Srpska,Ž,memory,10162
2013,Broj,Grad Banja Luka,Oba pola,memory,2300
2013,Broj,Grad Banja Luka,M,memory,1087
2013,Broj,Grad Banja Luka,Ž,memory,1213
2013,Broj,Berkovići,Oba pola,memory,35
2013,Broj,Berkovići,M,memory,13
2013,Broj,Berkovići,Ž,memory,22
2013,Broj,Grad Bijeljina,Oba pola,memory,1415
2013,Broj,Grad Bijeljina,M,memory,630
2013,Broj,Grad Bijeljina,Ž,memory,785
2013,Broj,Bileća,Oba pola,memory,126
2013,Broj,Bileća,M,memory,61
2013,Broj,Bileća,Ž,memory,65
2013,Broj,Bratunac,Oba pola,memory,290
2013,Broj,Bratunac,M,memory,116
2013,Broj,Bratunac,Ž,memory,174
2013,Broj,Brod,Oba pola,memory,239
2013,Broj,Brod,M,memory,104
2013,Broj,Brod,Ž,memory,135
2013,Broj,Višegrad,Oba pola,memory,309
2013,Broj,Višegrad,M,memory,75
2013,Broj,Višegrad,Ž,memory,234
2013,Broj,Vlasenica,Oba pola,memory,137
2013,Broj,Vlasenica,M,memory,60
2013,Broj,Vlasenica,Ž,memory,77
2013,Broj,Vukosavlje,Oba pola,memory,74
2013,Broj,Vukosavlje,M,memory,37
2013,Broj,Vukosavlje,Ž,memory,37
2013,Broj,Gacko,Oba pola,memory,90
2013,Broj,Gacko,M,memory,42
2013,Broj,Gacko,Ž,memory,48
2013,Broj,Grad Gradiška,Oba pola,memory,831
2013,Broj,Grad Gradiška,M,memory,338
2013,Broj,Grad Gradiška,Ž,memory,493
2013,Broj,Grad Derventa,Oba pola,memory,455
2013,Broj,Grad Derventa,M,memory,195
2013,Broj,Grad Derventa,Ž,memory,260
2013,Broj,Grad Doboj,Oba pola,memory,1369
2013,Broj,Grad Doboj,M,memory,596
2013,Broj,Grad Doboj,Ž,memory,773
2013,Broj,Donji Žabar,Oba pola,memory,40
2013,Broj,Donji Žabar,M,memory,19
2013,Broj,Donji Žabar,Ž,memory,21
2013,Broj,Grad Zvornik,Oba pola,memory,762
2013,Broj,Grad Zvornik,M,memory,330
2013,Broj,Grad Zvornik,Ž,memory,432
2013,Broj,Istočna Ilidža,Oba pola,memory,149
2013,Broj,Istočna Ilidža,M,memory,64
2013,Broj,Istočna Ilidža,Ž,memory,85
2013,Broj,Istočni Drvar,Oba pola,memory,1
2013,Broj,Istočni Drvar,M,memory,0
2013,Broj,Istočni Drvar,Ž,memory,1
2013,Broj,Istočni Mostar,Oba pola,memory,3
2013,Broj,Istočni Mostar,M,memory,2
2013,Broj,Istočni Mostar,Ž,memory,1
2013,Broj,Istočni Stari Grad,Oba pola,memory,20
2013,Broj,Istočni Stari Grad,M,memory,9
2013,Broj,Istočni Stari Grad,Ž,memory,11
2013,Broj,Istočno Novo Sarajevo,Oba pola,memory,104
2013,Broj,Istočno Novo Sarajevo,M,memory,49
2013,Broj,Istočno Novo Sarajevo,Ž,memory,55
2013,Broj,Jezero,Oba pola,memory,27
2013,Broj,Jezero,M,memory,15
2013,Broj,Jezero,Ž,memory,12
2013,Broj,Kalinovik,Oba pola,memory,27
2013,Broj,Kalinovik,M,memory,10
2013,Broj,Kalinovik,Ž,memory,17
2013,Broj,Kneževo,Oba pola,memory,238
2013,Broj,Kneževo,M,memory,113
2013,Broj,Kneževo,Ž,memory,125
2013,Broj,Kozarska Dubica,Oba pola,memory,331
2013,Broj,Kozarska Dubica,M,memory,154
2013,Broj,Kozarska Dubica,Ž,memory,177
2013,Broj,Kostajnica,Oba pola,memory,98
2013,Broj,Kostajnica,M,memory,41
2013,Broj,Kostajnica,Ž,memory,57
2013,Broj,Kotor Varoš,Oba pola,memory,339
2013,Broj,Kotor Varoš,M,memory,154
2013,Broj,Kotor Varoš,Ž,memory,185
2013,Broj,Krupa Na Uni,Oba pola,memory,40
2013,Broj,Krupa Na Uni,M,memory,19
2013,Broj,Krupa Na Uni,Ž,memory,21
2013,Broj,Kupres,Oba pola,memory,13
2013,Broj,Kupres,M,memory,9
2013,Broj,Kupres,Ž,memory,4
2013,Broj,Laktaši,Oba pola,memory,410
2013,Broj,Laktaši,M,memory,204
2013,Broj,Laktaši,Ž,memory,206
2013,Broj,Lopare,Oba pola,memory,281
2013,Broj,Lopare,M,memory,140
2013,Broj,Lopare,Ž,memory,141
2013,Broj,Ljubinje,Oba pola,memory,44
2013,Broj,Ljubinje,M,memory,17
2013,Broj,Ljubinje,Ž,memory,27
2013,Broj,Milići,Oba pola,memory,158
2013,Broj,Milići,M,memory,64
2013,Broj,Milići,Ž,memory,94
2013,Broj,Modriča,Oba pola,memory,478
2013,Broj,Modriča,M,memory,194
2013,Broj,Modriča,Ž,memory,284
2013,Broj,Mrkonjić Grad,Oba pola,memory,228
2013,Broj,Mrkonjić Grad,M,memory,98
2013,Broj,Mrkonjić Grad,Ž,memory,130
2013,Broj,Nevesinje,Oba pola,memory,144
2013,Broj,Nevesinje,M,memory,55
2013,Broj,Nevesinje,Ž,memory,89
2013,Broj,Novi Grad,Oba pola,memory,475
2013,Broj,Novi Grad,M,memory,223
2013,Broj,Novi Grad,Ž,memory,252
2013,Broj,Novo Goražde,Oba pola,memory,36
2013,Broj,Novo Goražde,M,memory,13
2013,Broj,Novo Goražde,Ž,memory,23
2013,Broj,Osmaci,Oba pola,memory,95
2013,Broj,Osmaci,M,memory,43
2013,Broj,Osmaci,Ž,memory,52
2013,Broj,Oštra Luka,Oba pola,memory,60
2013,Broj,Oštra Luka,M,memory,30
2013,Broj,Oštra Luka,Ž,memory,30
2013,Broj,Pale,Oba pola,memory,212
2013,Broj,Pale,M,memory,91
2013,Broj,Pale,Ž,memory,121
2013,Broj,Pelagićevo,Oba pola,memory,133
2013,Broj,Pelagićevo,M,memory,65
2013,Broj,Pelagićevo,Ž,memory,68
2013,Broj,Petrovac,Oba pola,memory,3
2013,Broj,Petrovac,M,memory,1
2013,Broj,Petrovac,Ž,memory,2
2013,Broj,Petrovo,Oba pola,memory,150
2013,Broj,Petrovo,M,memory,62
2013,Broj,Petrovo,Ž,memory,88
2013,Broj,Grad Prijedor,Oba pola,memory,1532
2013,Broj,Grad Prijedor,M,memory,766
2013,Broj,Grad Prijedor,Ž,memory,766
2013,Broj,Prnjavor,Oba pola,memory,567
2013,Broj,Prnjavor,M,memory,240
2013,Broj,Prnjavor,Ž,memory,327
2013,Broj,Ribnik,Oba pola,memory,123
2013,Broj,Ribnik,M,memory,56
2013,Broj,Ribnik,Ž,memory,67
2013,Broj,Rogatica,Oba pola,memory,169
2013,Broj,Rogatica,M,memory,72
2013,Broj,Rogatica,Ž,memory,97
2013,Broj,Rudo,Oba pola,memory,123
2013,Broj,Rudo,M,memory,53
2013,Broj,Rudo,Ž,memory,70
2013,Broj,Sokolac,Oba pola,memory,164
2013,Broj,Sokolac,M,memory,64
2013,Broj,Sokolac,Ž,memory,100
2013,Broj,Srbac,Oba pola,memory,316
2013,Broj,Srbac,M,memory,148
2013,Broj,Srbac,Ž,memory,168
2013,Broj,Srebrenica,Oba pola,memory,218
2013,Broj,Srebrenica,M,memory,82
2013,Broj,Srebrenica,Ž,memory,136
2013,Broj,Teslić,Oba pola,memory,644
2013,Broj,Teslić,M,memory,272
2013,Broj,Teslić,Ž,memory,372
2013,Broj,Grad Trebinje,Oba pola,memory,313
2013,Broj,Grad Trebinje,M,memory,143
2013,Broj,Grad Trebinje,Ž,memory,170
2013,Broj,Trnovo,Oba pola,memory,39
2013,Broj,Trnovo,M,memory,22
2013,Broj,Trnovo,Ž,memory,17
2013,Broj,Ugljevik,Oba pola,memory,191
2013,Broj,Ugljevik,M,memory,78
2013,Broj,Ugljevik,Ž,memory,113
2013,Broj,Foča,Oba pola,memory,265
2013,Broj,Foča,M,memory,126
2013,Broj,Foča,Ž,memory,139
2013,Broj,Han Pijesak,Oba pola,memory,49
2013,Broj,Han Pijesak,M,memory,15
2013,Broj,Han Pijesak,Ž,memory,34
2013,Broj,Čajniče,Oba pola,memory,67
2013,Broj,Čajniče,M,memory,30
2013,Broj,Čajniče,Ž,memory,37
2013,Broj,Čelinac,Oba pola,memory,298
2013,Broj,Čelinac,M,memory,150
2013,Broj,Čelinac,Ž,memory,148
2013,Broj,Šamac,Oba pola,memory,252
2013,Broj,Šamac,M,memory,110
2013,Broj,Šamac,Ž,memory,142
2013,Broj,Šekovići,Oba pola,memory,94
2013,Broj,Šekovići,M,memory,38
2013,Broj,Šekovići,Ž,memory,56
2013,Broj,Šipovo,Oba pola,memory,137
2013,Broj,Šipovo,M,memory,61
2013,Broj,Šipovo,Ž,memory,76
2013,Broj,Republika Srpska,Oba pola,dressing,13502
2013,Broj,Republika Srpska,M,dressing,5773
2013,Broj,Republika Srpska,Ž,dressing,7729
2013,Broj,Grad Banja Luka,Oba pola,dressing,1717
2013,Broj,Grad Banja Luka,M,dressing,774
2013,Broj,Grad Banja Luka,Ž,dressing,943
2013,Broj,Berkovići,Oba pola,dressing,29
2013,Broj,Berkovići,M,dressing,11
2013,Broj,Berkovići,Ž,dressing,18
2013,Broj,Grad Bijeljina,Oba pola,dressing,1050
2013,Broj,Grad Bijeljina,M,dressing,468
2013,Broj,Grad Bijeljina,Ž,dressing,582
2013,Broj,Bileća,Oba pola,dressing,107
2013,Broj,Bileća,M,dressing,44
2013,Broj,Bileća,Ž,dressing,63
2013,Broj,Bratunac,Oba pola,dressing,172
2013,Broj,Bratunac,M,dressing,76
2013,Broj,Bratunac,Ž,dressing,96
2013,Broj,Brod,Oba pola,dressing,143
2013,Broj,Brod,M,dressing,55
2013,Broj,Brod,Ž,dressing,88
2013,Broj,Višegrad,Oba pola,dressing,232
2013,Broj,Višegrad,M,dressing,60
2013,Broj,Višegrad,Ž,dressing,172
2013,Broj,Vlasenica,Oba pola,dressing,104
2013,Broj,Vlasenica,M,dressing,49
2013,Broj,Vlasenica,Ž,dressing,55
2013,Broj,Vukosavlje,Oba pola,dressing,53
2013,Broj,Vukosavlje,M,dressing,30
2013,Broj,Vukosavlje,Ž,dressing,23
2013,Broj,Gacko,Oba pola,dressing,74
2013,Broj,Gacko,M,dressing,25
2013,Broj,Gacko,Ž,dressing,49
2013,Broj,Grad Gradiška,Oba pola,dressing,617
2013,Broj,Grad Gradiška,M,dressing,252
2013,Broj,Grad Gradiška,Ž,dressing,365
2013,Broj,Grad Derventa,Oba pola,dressing,298
2013,Broj,Grad Derventa,M,dressing,114
2013,Broj,Grad Derventa,Ž,dressing,184
2013,Broj,Grad Doboj,Oba pola,dressing,1011
2013,Broj,Grad Doboj,M,dressing,408
2013,Broj,Grad Doboj,Ž,dressing,603
2013,Broj,Donji Žabar,Oba pola,dressing,31
2013,Broj,Donji Žabar,M,dressing,11
2013,Broj,Donji Žabar,Ž,dressing,20
2013,Broj,Grad Zvornik,Oba pola,dressing,518
2013,Broj,Grad Zvornik,M,dressing,239
2013,Broj,Grad Zvornik,Ž,dressing,279
2013,Broj,Istočna Ilidža,Oba pola,dressing,175
2013,Broj,Istočna Ilidža,M,dressing,83
2013,Broj,Istočna Ilidža,Ž,dressing,92
2013,Broj,Istočni Drvar,Oba pola,dressing,0
2013,Broj,Istočni Drvar,M,dressing,0
2013,Broj,Istočni Drvar,Ž,dressing,0
2013,Broj,Istočni Mostar,Oba pola,dressing,2
2013,Broj,Istočni Mostar,M,dressing,1
2013,Broj,Istočni Mostar,Ž,dressing,1
2013,Broj,Istočni Stari Grad,Oba pola,dressing,15
2013,Broj,Istočni Stari Grad,M,dressing,6
2013,Broj,Istočni Stari Grad,Ž,dressing,9
2013,Broj,Istočno Novo Sarajevo,Oba pola,dressing,77
2013,Broj,Istočno Novo Sarajevo,M,dressing,34
2013,Broj,Istočno Novo Sarajevo,Ž,dressing,43
2013,Broj,Jezero,Oba pola,dressing,18
2013,Broj,Jezero,M,dressing,9
2013,Broj,Jezero,Ž,dressing,9
2013,Broj,Kalinovik,Oba pola,dressing,26
2013,Broj,Kalinovik,M,dressing,8
2013,Broj,Kalinovik,Ž,dressing,18
2013,Broj,Kneževo,Oba pola,dressing,171
2013,Broj,Kneževo,M,dressing,70
2013,Broj,Kneževo,Ž,dressing,101
2013,Broj,Kozarska Dubica,Oba pola,dressing,243
2013,Broj,Kozarska Dubica,M,dressing,108
2013,Broj,Kozarska Dubica,Ž,dressing,135
2013,Broj,Kostajnica,Oba pola,dressing,69
2013,Broj,Kostajnica,M,dressing,24
2013,Broj,Kostajnica,Ž,dressing,45
2013,Broj,Kotor Varoš,Oba pola,dressing,228
2013,Broj,Kotor Varoš,M,dressing,100
2013,Broj,Kotor Varoš,Ž,dressing,128
2013,Broj,Krupa Na Uni,Oba pola,dressing,19
2013,Broj,Krupa Na Uni,M,dressing,5
2013,Broj,Krupa Na Uni,Ž,dressing,14
2013,Broj,Kupres,Oba pola,dressing,6
2013,Broj,Kupres,M,dressing,3
2013,Broj,Kupres,Ž,dressing,3
2013,Broj,Laktaši,Oba pola,dressing,324
2013,Broj,Laktaši,M,dressing,162
2013,Broj,Laktaši,Ž,dressing,162
2013,Broj,Lopare,Oba pola,dressing,190
2013,Broj,Lopare,M,dressing,85
2013,Broj,Lopare,Ž,dressing,105
2013,Broj,Ljubinje,Oba pola,dressing,44
2013,Broj,Ljubinje,M,dressing,18
2013,Broj,Ljubinje,Ž,dressing,26
2013,Broj,Milići,Oba pola,dressing,107
2013,Broj,Milići,M,dressing,42
2013,Broj,Milići,Ž,dressing,65
2013,Broj,Modriča,Oba pola,dressing,383
2013,Broj,Modriča,M,dressing,152
2013,Broj,Modriča,Ž,dressing,231
2013,Broj,Mrkonjić Grad,Oba pola,dressing,203
2013,Broj,Mrkonjić Grad,M,dressing,83
2013,Broj,Mrkonjić Grad,Ž,dressing,120
2013,Broj,Nevesinje,Oba pola,dressing,104
2013,Broj,Nevesinje,M,dressing,38
2013,Broj,Nevesinje,Ž,dressing,66
2013,Broj,Novi Grad,Oba pola,dressing,373
2013,Broj,Novi Grad,M,dressing,156
2013,Broj,Novi Grad,Ž,dressing,217
2013,Broj,Novo Goražde,Oba pola,dressing,20
2013,Broj,Novo Goražde,M,dressing,7
2013,Broj,Novo Goražde,Ž,dressing,13
2013,Broj,Osmaci,Oba pola,dressing,43
2013,Broj,Osmaci,M,dressing,16
2013,Broj,Osmaci,Ž,dressing,27
2013,Broj,Oštra Luka,Oba pola,dressing,39
2013,Broj,Oštra Luka,M,dressing,17
2013,Broj,Oštra Luka,Ž,dressing,22
2013,Broj,Pale,Oba pola,dressing,174
2013,Broj,Pale,M,dressing,80
2013,Broj,Pale,Ž,dressing,94
2013,Broj,Pelagićevo,Oba pola,dressing,71
2013,Broj,Pelagićevo,M,dressing,33
2013,Broj,Pelagićevo,Ž,dressing,38
2013,Broj,Petrovac,Oba pola,dressing,4
2013,Broj,Petrovac,M,dressing,1
2013,Broj,Petrovac,Ž,dressing,3
2013,Broj,Petrovo,Oba pola,dressing,106
2013,Broj,Petrovo,M,dressing,40
2013,Broj,Petrovo,Ž,dressing,66
2013,Broj,Grad Prijedor,Oba pola,dressing,1081
2013,Broj,Grad Prijedor,M,dressing,517
2013,Broj,Grad Prijedor,Ž,dressing,564
2013,Broj,Prnjavor,Oba pola,dressing,418
2013,Broj,Prnjavor,M,dressing,182
2013,Broj,Prnjavor,Ž,dressing,236
2013,Broj,Ribnik,Oba pola,dressing,111
2013,Broj,Ribnik,M,dressing,50
2013,Broj,Ribnik,Ž,dressing,61
2013,Broj,Rogatica,Oba pola,dressing,153
2013,Broj,Rogatica,M,dressing,59
2013,Broj,Rogatica,Ž,dressing,94
2013,Broj,Rudo,Oba pola,dressing,85
2013,Broj,Rudo,M,dressing,40
2013,Broj,Rudo,Ž,dressing,45
2013,Broj,Sokolac,Oba pola,dressing,143
2013,Broj,Sokolac,M,dressing,55
2013,Broj,Sokolac,Ž,dressing,88
2013,Broj,Srbac,Oba pola,dressing,174
2013,Broj,Srbac,M,dressing,78
2013,Broj,Srbac,Ž,dressing,96
2013,Broj,Srebrenica,Oba pola,dressing,99
2013,Broj,Srebrenica,M,dressing,34
2013,Broj,Srebrenica,Ž,dressing,65
2013,Broj,Teslić,Oba pola,dressing,499
2013,Broj,Teslić,M,dressing,209
2013,Broj,Teslić,Ž,dressing,290
2013,Broj,Grad Trebinje,Oba pola,dressing,283
2013,Broj,Grad Trebinje,M,dressing,104
2013,Broj,Grad Trebinje,Ž,dressing,179
2013,Broj,Trnovo,Oba pola,dressing,31
2013,Broj,Trnovo,M,dressing,12
2013,Broj,Trnovo,Ž,dressing,19
2013,Broj,Ugljevik,Oba pola,dressing,151
2013,Broj,Ugljevik,M,dressing,63
2013,Broj,Ugljevik,Ž,dressing,88
2013,Broj,Foča,Oba pola,dressing,230
2013,Broj,Foča,M,dressing,97
2013,Broj,Foča,Ž,dressing,133
2013,Broj,Han Pijesak,Oba pola,dressing,48
2013,Broj,Han Pijesak,M,dressing,15
2013,Broj,Han Pijesak,Ž,dressing,33
2013,Broj,Čajniče,Oba pola,dressing,50
2013,Broj,Čajniče,M,dressing,23
2013,Broj,Čajniče,Ž,dressing,27
2013,Broj,Čelinac,Oba pola,dressing,210
2013,Broj,Čelinac,M,dressing,96
2013,Broj,Čelinac,Ž,dressing,114
2013,Broj,Šamac,Oba pola,dressing,159
2013,Broj,Šamac,M,dressing,67
2013,Broj,Šamac,Ž,dressing,92
2013,Broj,Šekovići,Oba pola,dressing,60
2013,Broj,Šekovići,M,dressing,29
2013,Broj,Šekovići,Ž,dressing,31
2013,Broj,Šipovo,Oba pola,dressing,127
2013,Broj,Šipovo,M,dressing,46
2013,Broj,Šipovo,Ž,dressing,81
2013,Broj,Republika Srpska,Oba pola,communication,10723
2013,Broj,Republika Srpska,M,communication,5103
2013,Broj,Republika Srpska,Ž,communication,5620
2013,Broj,Grad Banja Luka,Oba pola,communication,1307
2013,Broj,Grad Banja Luka,M,communication,670
2013,Broj,Grad Banja Luka,Ž,communication,637
2013,Broj,Berkovići,Oba pola,communication,26
2013,Broj,Berkovići,M,communication,11
2013,Broj,Berkovići,Ž,communication,15
2013,Broj,Grad Bijeljina,Oba pola,communication,793
2013,Broj,Grad Bijeljina,M,communication,398
2013,Broj,Grad Bijeljina,Ž,communication,395
2013,Broj,Bileća,Oba pola,communication,89
2013,Broj,Bileća,M,communication,44
2013,Broj,Bileća,Ž,communication,45
2013,Broj,Bratunac,Oba pola,communication,135
2013,Broj,Bratunac,M,communication,56
2013,Broj,Bratunac,Ž,communication,79
2013,Broj,Brod,Oba pola,communication,121
2013,Broj,Brod,M,communication,60
2013,Broj,Brod,Ž,communication,61
2013,Broj,Višegrad,Oba pola,communication,202
2013,Broj,Višegrad,M,communication,55
2013,Broj,Višegrad,Ž,communication,147
2013,Broj,Vlasenica,Oba pola,communication,96
2013,Broj,Vlasenica,M,communication,50
2013,Broj,Vlasenica,Ž,communication,46
2013,Broj,Vukosavlje,Oba pola,communication,50
2013,Broj,Vukosavlje,M,communication,26
2013,Broj,Vukosavlje,Ž,communication,24
2013,Broj,Gacko,Oba pola,communication,70
2013,Broj,Gacko,M,communication,30
2013,Broj,Gacko,Ž,communication,40
2013,Broj,Grad Gradiška,Oba pola,communication,504
2013,Broj,Grad Gradiška,M,communication,220
2013,Broj,Grad Gradiška,Ž,communication,284
2013,Broj,Grad Derventa,Oba pola,communication,255
2013,Broj,Grad Derventa,M,communication,118
2013,Broj,Grad Derventa,Ž,communication,137
2013,Broj,Grad Doboj,Oba pola,communication,786
2013,Broj,Grad Doboj,M,communication,353
2013,Broj,Grad Doboj,Ž,communication,433
2013,Broj,Donji Žabar,Oba pola,communication,23
2013,Broj,Donji Žabar,M,communication,13
2013,Broj,Donji Žabar,Ž,communication,10
2013,Broj,Grad Zvornik,Oba pola,communication,402
2013,Broj,Grad Zvornik,M,communication,184
2013,Broj,Grad Zvornik,Ž,communication,218
2013,Broj,Istočna Ilidža,Oba pola,communication,113
2013,Broj,Istočna Ilidža,M,communication,54
2013,Broj,Istočna Ilidža,Ž,communication,59
2013,Broj,Istočni Drvar,Oba pola,communication,0
2013,Broj,Istočni Drvar,M,communication,0
2013,Broj,Istočni Drvar,Ž,communication,0
2013,Broj,Istočni Mostar,Oba pola,communication,2
2013,Broj,Istočni Mostar,M,communication,1
2013,Broj,Istočni Mostar,Ž,communication,1
2013,Broj,Istočni Stari Grad,Oba pola,communication,14
2013,Broj,Istočni Stari Grad,M,communication,9
2013,Broj,Istočni Stari Grad,Ž,communication,5
2013,Broj,Istočno Novo Sarajevo,Oba pola,communication,65
2013,Broj,Istočno Novo Sarajevo,M,communication,33
2013,Broj,Istočno Novo Sarajevo,Ž,communication,32
2013,Broj,Jezero,Oba pola,communication,14
2013,Broj,Jezero,M,communication,6
2013,Broj,Jezero,Ž,communication,8
2013,Broj,Kalinovik,Oba pola,communication,17
2013,Broj,Kalinovik,M,communication,8
2013,Broj,Kalinovik,Ž,communication,9
2013,Broj,Kneževo,Oba pola,communication,140
2013,Broj,Kneževo,M,communication,59
2013,Broj,Kneževo,Ž,communication,81
2013,Broj,Kozarska Dubica,Oba pola,communication,187
2013,Broj,Kozarska Dubica,M,communication,94
2013,Broj,Kozarska Dubica,Ž,communication,93
2013,Broj,Kostajnica,Oba pola,communication,53
2013,Broj,Kostajnica,M,communication,21
2013,Broj,Kostajnica,Ž,communication,32
2013,Broj,Kotor Varoš,Oba pola,communication,176
2013,Broj,Kotor Varoš,M,communication,84
2013,Broj,Kotor Varoš,Ž,communication,92
2013,Broj,Krupa Na Uni,Oba pola,communication,20
2013,Broj,Krupa Na Uni,M,communication,8
2013,Broj,Krupa Na Uni,Ž,communication,12
2013,Broj,Kupres,Oba pola,communication,6
2013,Broj,Kupres,M,communication,4
2013,Broj,Kupres,Ž,communication,2
2013,Broj,Laktaši,Oba pola,communication,283
2013,Broj,Laktaši,M,communication,148
2013,Broj,Laktaši,Ž,communication,135
2013,Broj,Lopare,Oba pola,communication,168
2013,Broj,Lopare,M,communication,86
2013,Broj,Lopare,Ž,communication,82
2013,Broj,Ljubinje,Oba pola,communication,31
2013,Broj,Ljubinje,M,communication,14
2013,Broj,Ljubinje,Ž,communication,17
2013,Broj,Milići,Oba pola,communication,77
2013,Broj,Milići,M,communication,27
2013,Broj,Milići,Ž,communication,50
2013,Broj,Modriča,Oba pola,communication,309
2013,Broj,Modriča,M,communication,139
2013,Broj,Modriča,Ž,communication,170
2013,Broj,Mrkonjić Grad,Oba pola,communication,176
2013,Broj,Mrkonjić Grad,M,communication,73
2013,Broj,Mrkonjić Grad,Ž,communication,103
2013,Broj,Nevesinje,Oba pola,communication,107
2013,Broj,Nevesinje,M,communication,43
2013,Broj,Nevesinje,Ž,communication,64
2013,Broj,Novi Grad,Oba pola,communication,277
2013,Broj,Novi Grad,M,communication,121
2013,Broj,Novi Grad,Ž,communication,156
2013,Broj,Novo Goražde,Oba pola,communication,18
2013,Broj,Novo Goražde,M,communication,5
2013,Broj,Novo Goražde,Ž,communication,13
2013,Broj,Osmaci,Oba pola,communication,40
2013,Broj,Osmaci,M,communication,19
2013,Broj,Osmaci,Ž,communication,21
2013,Broj,Oštra Luka,Oba pola,communication,26
2013,Broj,Oštra Luka,M,communication,10
2013,Broj,Oštra Luka,Ž,communication,16
2013,Broj,Pale,Oba pola,communication,130
2013,Broj,Pale,M,communication,59
2013,Broj,Pale,Ž,communication,71
2013,Broj,Pelagićevo,Oba pola,communication,68
2013,Broj,Pelagićevo,M,communication,33
2013,Broj,Pelagićevo,Ž,communication,35
2013,Broj,Petrovac,Oba pola,communication,1
2013,Broj,Petrovac,M,communication,0
2013,Broj,Petrovac,Ž,communication,1
2013,Broj,Petrovo,Oba pola,communication,64
2013,Broj,Petrovo,M,communication,36
2013,Broj,Petrovo,Ž,communication,28
2013,Broj,Grad Prijedor,Oba pola,communication,927
2013,Broj,Grad Prijedor,M,communication,517
2013,Broj,Grad Prijedor,Ž,communication,410
2013,Broj,Prnjavor,Oba pola,communication,320
2013,Broj,Prnjavor,M,communication,162
2013,Broj,Prnjavor,Ž,communication,158
2013,Broj,Ribnik,Oba pola,communication,91
2013,Broj,Ribnik,M,communication,45
2013,Broj,Ribnik,Ž,communication,46
2013,Broj,Rogatica,Oba pola,communication,90
2013,Broj,Rogatica,M,communication,45
2013,Broj,Rogatica,Ž,communication,45
2013,Broj,Rudo,Oba pola,communication,68
2013,Broj,Rudo,M,communication,29
2013,Broj,Rudo,Ž,communication,39
2013,Broj,Sokolac,Oba pola,communication,112
2013,Broj,Sokolac,M,communication,43
2013,Broj,Sokolac,Ž,communication,69
2013,Broj,Srbac,Oba pola,communication,171
2013,Broj,Srbac,M,communication,81
2013,Broj,Srbac,Ž,communication,90
2013,Broj,Srebrenica,Oba pola,communication,80
2013,Broj,Srebrenica,M,communication,33
2013,Broj,Srebrenica,Ž,communication,47
2013,Broj,Teslić,Oba pola,communication,387
2013,Broj,Teslić,M,communication,189
2013,Broj,Teslić,Ž,communication,198
2013,Broj,Grad Trebinje,Oba pola,communication,205
2013,Broj,Grad Trebinje,M,communication,94
2013,Broj,Grad Trebinje,Ž,communication,111
2013,Broj,Trnovo,Oba pola,communication,22
2013,Broj,Trnovo,M,communication,12
2013,Broj,Trnovo,Ž,communication,10
2013,Broj,Ugljevik,Oba pola,communication,93
2013,Broj,Ugljevik,M,communication,41
2013,Broj,Ugljevik,Ž,communication,52
2013,Broj,Foča,Oba pola,communication,170
2013,Broj,Foča,M,communication,81
2013,Broj,Foča,Ž,communication,89
2013,Broj,Han Pijesak,Oba pola,communication,36
2013,Broj,Han Pijesak,M,communication,14
2013,Broj,Han Pijesak,Ž,communication,22
2013,Broj,Čajniče,Oba pola,communication,41
2013,Broj,Čajniče,M,communication,17
2013,Broj,Čajniče,Ž,communication,24
2013,Broj,Čelinac,Oba pola,communication,163
2013,Broj,Čelinac,M,communication,72
2013,Broj,Čelinac,Ž,communication,91
2013,Broj,Šamac,Oba pola,communication,146
2013,Broj,Šamac,M,communication,71
2013,Broj,Šamac,Ž,communication,75
2013,Broj,Šekovići,Oba pola,communication,68
2013,Broj,Šekovići,M,communication,33
2013,Broj,Šekovići,Ž,communication,35
2013,Broj,Šipovo,Oba pola,communication,92
2013,Broj,Šipovo,M,communication,42
2013,Broj,Šipovo,Ž,communication,50
2013,Broj,Republika Srpska,Oba pola,multiple_disabilities,38298
2013,Broj,Republika Srpska,M,multiple_disabilities,16292
2013,Broj,Republika Srpska,Ž,multiple_disabilities,22006
2013,Broj,Grad Banja Luka,Oba pola,multiple_disabilities,4944
2013,Broj,Grad Banja Luka,M,multiple_disabilities,2158
2013,Broj,Grad Banja Luka,Ž,multiple_disabilities,2786
2013,Broj,Berkovići,Oba pola,multiple_disabilities,73
2013,Broj,Berkovići,M,multiple_disabilities,32
2013,Broj,Berkovići,Ž,multiple_disabilities,41
2013,Broj,Grad Bijeljina,Oba pola,multiple_disabilities,3094
2013,Broj,Grad Bijeljina,M,multiple_disabilities,1359
2013,Broj,Grad Bijeljina,Ž,multiple_disabilities,1735
2013,Broj,Bileća,Oba pola,multiple_disabilities,350
2013,Broj,Bileća,M,multiple_disabilities,151
2013,Broj,Bileća,Ž,multiple_disabilities,199
2013,Broj,Bratunac,Oba pola,multiple_disabilities,566
2013,Broj,Bratunac,M,multiple_disabilities,243
2013,Broj,Bratunac,Ž,multiple_disabilities,323
2013,Broj,Brod,Oba pola,multiple_disabilities,485
2013,Broj,Brod,M,multiple_disabilities,194
2013,Broj,Brod,Ž,multiple_disabilities,291
2013,Broj,Višegrad,Oba pola,multiple_disabilities,477
2013,Broj,Višegrad,M,multiple_disabilities,145
2013,Broj,Višegrad,Ž,multiple_disabilities,332
2013,Broj,Vlasenica,Oba pola,multiple_disabilities,305
2013,Broj,Vlasenica,M,multiple_disabilities,130
2013,Broj,Vlasenica,Ž,multiple_disabilities,175
2013,Broj,Vukosavlje,Oba pola,multiple_disabilities,158
2013,Broj,Vukosavlje,M,multiple_disabilities,77
2013,Broj,Vukosavlje,Ž,multiple_disabilities,81
2013,Broj,Gacko,Oba pola,multiple_disabilities,219
2013,Broj,Gacko,M,multiple_disabilities,84
2013,Broj,Gacko,Ž,multiple_disabilities,135
2013,Broj,Grad Gradiška,Oba pola,multiple_disabilities,1641
2013,Broj,Grad Gradiška,M,multiple_disabilities,637
2013,Broj,Grad Gradiška,Ž,multiple_disabilities,1004
2013,Broj,Grad Derventa,Oba pola,multiple_disabilities,938
2013,Broj,Grad Derventa,M,multiple_disabilities,385
2013,Broj,Grad Derventa,Ž,multiple_disabilities,553
2013,Broj,Grad Doboj,Oba pola,multiple_disabilities,3008
2013,Broj,Grad Doboj,M,multiple_disabilities,1227
2013,Broj,Grad Doboj,Ž,multiple_disabilities,1781
2013,Broj,Donji Žabar,Oba pola,multiple_disabilities,89
2013,Broj,Donji Žabar,M,multiple_disabilities,42
2013,Broj,Donji Žabar,Ž,multiple_disabilities,47
2013,Broj,Grad Zvornik,Oba pola,multiple_disabilities,1546
2013,Broj,Grad Zvornik,M,multiple_disabilities,670
2013,Broj,Grad Zvornik,Ž,multiple_disabilities,876
2013,Broj,Istočna Ilidža,Oba pola,multiple_disabilities,394
2013,Broj,Istočna Ilidža,M,multiple_disabilities,171
2013,Broj,Istočna Ilidža,Ž,multiple_disabilities,223
2013,Broj,Istočni Drvar,Oba pola,multiple_disabilities,4
2013,Broj,Istočni Drvar,M,multiple_disabilities,1
2013,Broj,Istočni Drvar,Ž,multiple_disabilities,3
2013,Broj,Istočni Mostar,Oba pola,multiple_disabilities,7
2013,Broj,Istočni Mostar,M,multiple_disabilities,2
2013,Broj,Istočni Mostar,Ž,multiple_disabilities,5
2013,Broj,Istočni Stari Grad,Oba pola,multiple_disabilities,32
2013,Broj,Istočni Stari Grad,M,multiple_disabilities,16
2013,Broj,Istočni Stari Grad,Ž,multiple_disabilities,16
2013,Broj,Istočno Novo Sarajevo,Oba pola,multiple_disabilities,206
2013,Broj,Istočno Novo Sarajevo,M,multiple_disabilities,87
2013,Broj,Istočno Novo Sarajevo,Ž,multiple_disabilities,119
2013,Broj,Jezero,Oba pola,multiple_disabilities,40
2013,Broj,Jezero,M,multiple_disabilities,17
2013,Broj,Jezero,Ž,multiple_disabilities,23
2013,Broj,Kalinovik,Oba pola,multiple_disabilities,80
2013,Broj,Kalinovik,M,multiple_disabilities,30
2013,Broj,Kalinovik,Ž,multiple_disabilities,50
2013,Broj,Kneževo,Oba pola,multiple_disabilities,399
2013,Broj,Kneževo,M,multiple_disabilities,178
2013,Broj,Kneževo,Ž,multiple_disabilities,221
2013,Broj,Kozarska Dubica,Oba pola,multiple_disabilities,741
2013,Broj,Kozarska Dubica,M,multiple_disabilities,302
2013,Broj,Kozarska Dubica,Ž,multiple_disabilities,439
2013,Broj,Kostajnica,Oba pola,multiple_disabilities,209
2013,Broj,Kostajnica,M,multiple_disabilities,93
2013,Broj,Kostajnica,Ž,multiple_disabilities,116
2013,Broj,Kotor Varoš,Oba pola,multiple_disabilities,702
2013,Broj,Kotor Varoš,M,multiple_disabilities,310
2013,Broj,Kotor Varoš,Ž,multiple_disabilities,392
2013,Broj,Krupa Na Uni,Oba pola,multiple_disabilities,88
2013,Broj,Krupa Na Uni,M,multiple_disabilities,40
2013,Broj,Krupa Na Uni,Ž,multiple_disabilities,48
2013,Broj,Kupres,Oba pola,multiple_disabilities,21
2013,Broj,Kupres,M,multiple_disabilities,13
2013,Broj,Kupres,Ž,multiple_disabilities,8
2013,Broj,Laktaši,Oba pola,multiple_disabilities,887
2013,Broj,Laktaši,M,multiple_disabilities,413
2013,Broj,Laktaši,Ž,multiple_disabilities,474
2013,Broj,Lopare,Oba pola,multiple_disabilities,583
2013,Broj,Lopare,M,multiple_disabilities,254
2013,Broj,Lopare,Ž,multiple_disabilities,329
2013,Broj,Ljubinje,Oba pola,multiple_disabilities,81
2013,Broj,Ljubinje,M,multiple_disabilities,34
2013,Broj,Ljubinje,Ž,multiple_disabilities,47
2013,Broj,Milići,Oba pola,multiple_disabilities,314
2013,Broj,Milići,M,multiple_disabilities,130
2013,Broj,Milići,Ž,multiple_disabilities,184
2013,Broj,Modriča,Oba pola,multiple_disabilities,927
2013,Broj,Modriča,M,multiple_disabilities,399
2013,Broj,Modriča,Ž,multiple_disabilities,528
2013,Broj,Mrkonjić Grad,Oba pola,multiple_disabilities,475
2013,Broj,Mrkonjić Grad,M,multiple_disabilities,210
2013,Broj,Mrkonjić Grad,Ž,multiple_disabilities,265
2013,Broj,Nevesinje,Oba pola,multiple_disabilities,327
2013,Broj,Nevesinje,M,multiple_disabilities,130
2013,Broj,Nevesinje,Ž,multiple_disabilities,197
2013,Broj,Novi Grad,Oba pola,multiple_disabilities,1049
2013,Broj,Novi Grad,M,multiple_disabilities,446
2013,Broj,Novi Grad,Ž,multiple_disabilities,603
2013,Broj,Novo Goražde,Oba pola,multiple_disabilities,75
2013,Broj,Novo Goražde,M,multiple_disabilities,28
2013,Broj,Novo Goražde,Ž,multiple_disabilities,47
2013,Broj,Osmaci,Oba pola,multiple_disabilities,189
2013,Broj,Osmaci,M,multiple_disabilities,79
2013,Broj,Osmaci,Ž,multiple_disabilities,110
2013,Broj,Oštra Luka,Oba pola,multiple_disabilities,132
2013,Broj,Oštra Luka,M,multiple_disabilities,63
2013,Broj,Oštra Luka,Ž,multiple_disabilities,69
2013,Broj,Pale,Oba pola,multiple_disabilities,446
2013,Broj,Pale,M,multiple_disabilities,209
2013,Broj,Pale,Ž,multiple_disabilities,237
2013,Broj,Pelagićevo,Oba pola,multiple_disabilities,268
2013,Broj,Pelagićevo,M,multiple_disabilities,102
2013,Broj,Pelagićevo,Ž,multiple_disabilities,166
2013,Broj,Petrovac,Oba pola,multiple_disabilities,7
2013,Broj,Petrovac,M,multiple_disabilities,4
2013,Broj,Petrovac,Ž,multiple_disabilities,3
2013,Broj,Petrovo,Oba pola,multiple_disabilities,378
2013,Broj,Petrovo,M,multiple_disabilities,156
2013,Broj,Petrovo,Ž,multiple_disabilities,222
2013,Broj,Grad Prijedor,Oba pola,multiple_disabilities,2789
2013,Broj,Grad Prijedor,M,multiple_disabilities,1276
2013,Broj,Grad Prijedor,Ž,multiple_disabilities,1513
2013,Broj,Prnjavor,Oba pola,multiple_disabilities,1199
2013,Broj,Prnjavor,M,multiple_disabilities,465
2013,Broj,Prnjavor,Ž,multiple_disabilities,734
2013,Broj,Ribnik,Oba pola,multiple_disabilities,272
2013,Broj,Ribnik,M,multiple_disabilities,128
2013,Broj,Ribnik,Ž,multiple_disabilities,144
2013,Broj,Rogatica,Oba pola,multiple_disabilities,407
2013,Broj,Rogatica,M,multiple_disabilities,164
2013,Broj,Rogatica,Ž,multiple_disabilities,243
2013,Broj,Rudo,Oba pola,multiple_disabilities,252
2013,Broj,Rudo,M,multiple_disabilities,104
2013,Broj,Rudo,Ž,multiple_disabilities,148
2013,Broj,Sokolac,Oba pola,multiple_disabilities,347
2013,Broj,Sokolac,M,multiple_disabilities,143
2013,Broj,Sokolac,Ž,multiple_disabilities,204
2013,Broj,Srbac,Oba pola,multiple_disabilities,576
2013,Broj,Srbac,M,multiple_disabilities,257
2013,Broj,Srbac,Ž,multiple_disabilities,319
2013,Broj,Srebrenica,Oba pola,multiple_disabilities,381
2013,Broj,Srebrenica,M,multiple_disabilities,144
2013,Broj,Srebrenica,Ž,multiple_disabilities,237
2013,Broj,Teslić,Oba pola,multiple_disabilities,1374
2013,Broj,Teslić,M,multiple_disabilities,585
2013,Broj,Teslić,Ž,multiple_disabilities,789
2013,Broj,Grad Trebinje,Oba pola,multiple_disabilities,689
2013,Broj,Grad Trebinje,M,multiple_disabilities,280
2013,Broj,Grad Trebinje,Ž,multiple_disabilities,409
2013,Broj,Trnovo,Oba pola,multiple_disabilities,69
2013,Broj,Trnovo,M,multiple_disabilities,31
2013,Broj,Trnovo,Ž,multiple_disabilities,38
2013,Broj,Ugljevik,Oba pola,multiple_disabilities,402
2013,Broj,Ugljevik,M,multiple_disabilities,165
2013,Broj,Ugljevik,Ž,multiple_disabilities,237
2013,Broj,Foča,Oba pola,multiple_disabilities,581
2013,Broj,Foča,M,multiple_disabilities,262
2013,Broj,Foča,Ž,multiple_disabilities,319
2013,Broj,Han Pijesak,Oba pola,multiple_disabilities,95
2013,Broj,Han Pijesak,M,multiple_disabilities,30
2013,Broj,Han Pijesak,Ž,multiple_disabilities,65
2013,Broj,Čajniče,Oba pola,multiple_disabilities,176
2013,Broj,Čajniče,M,multiple_disabilities,77
2013,Broj,Čajniče,Ž,multiple_disabilities,99
2013,Broj,Čelinac,Oba pola,multiple_disabilities,624
2013,Broj,Čelinac,M,multiple_disabilities,269
2013,Broj,Čelinac,Ž,multiple_disabilities,355
2013,Broj,Šamac,Oba pola,multiple_disabilities,567
2013,Broj,Šamac,M,multiple_disabilities,228
2013,Broj,Šamac,Ž,multiple_disabilities,339
2013,Broj,Šekovići,Oba pola,multiple_disabilities,222
2013,Broj,Šekovići,M,multiple_disabilities,101
2013,Broj,Šekovići,Ž,multiple_disabilities,121
2013,Broj,Šipovo,Oba pola,multiple_disabilities,322
2013,Broj,Šipovo,M,multiple_disabilities,132
2013,Broj,Šipovo,Ž,multiple_disabilities,190
