Year,UNIT_MEASURE,Administrativna oblast,Pol,Vrsta poteškoće,Value
2013,Broj,Republika Srpska,Ukupno,Ukupno,102262
2013,Broj,Republika Srpska,M,Ukupno,46720
2013,Broj,Republika Srpska,Ž,Ukupno,55542
2013,Broj,Grad Banja Luka,Ukupno,Ukupno,13450
2013,Broj,Grad Banja Luka,M,Ukupno,6251
2013,Broj,Grad Banja Luka,Ž,Ukupno,7199
2013,Broj,Berkovići,Ukupno,Ukupno,165
2013,Broj,Berkovići,M,Ukupno,75
2013,Broj,Berkovići,Ž,Ukupno,90
2013,Broj,Grad Bijeljina,Ukupno,Ukupno,8763
2013,Broj,Grad Bijeljina,M,Ukupno,3967
2013,Broj,Grad Bijeljina,Ž,Ukupno,4796
2013,Broj,Bileća,Ukupno,Ukupno,813
2013,Broj,Bileća,M,Ukupno,339
2013,Broj,Bileća,Ž,Ukupno,474
2013,Broj,Bratunac,Ukupno,Ukupno,1534
2013,Broj,Bratunac,M,Ukupno,688
2013,Broj,Bratunac,Ž,Ukupno,846
2013,Broj,Brod,Ukupno,Ukupno,1420
2013,Broj,Brod,M,Ukupno,658
2013,Broj,Brod,Ž,Ukupno,762
2013,Broj,Višegrad,Ukupno,Ukupno,1097
2013,Broj,Višegrad,M,Ukupno,422
2013,Broj,Višegrad,Ž,Ukupno,675
2013,Broj,Vlasenica,Ukupno,Ukupno,786
2013,Broj,Vlasenica,M,Ukupno,393
2013,Broj,Vlasenica,Ž,Ukupno,393
2013,Broj,Vukosavlje,Ukupno,Ukupno,472
2013,Broj,Vukosavlje,M,Ukupno,226
2013,Broj,Vukosavlje,Ž,Ukupno,246
2013,Broj,Gacko,Ukupno,Ukupno,597
2013,Broj,Gacko,M,Ukupno,261
2013,Broj,Gacko,Ž,Ukupno,336
2013,Broj,Grad Gradiška,Ukupno,Ukupno,4427
2013,Broj,Grad Gradiška,M,Ukupno,1965
2013,Broj,Grad Gradiška,Ž,Ukupno,2462
2013,Broj,Grad Derventa,Ukupno,Ukupno,2529
2013,Broj,Grad Derventa,M,Ukupno,1153
2013,Broj,Grad Derventa,Ž,Ukupno,1376
2013,Broj,Grad Doboj,Ukupno,Ukupno,7404
2013,Broj,Grad Doboj,M,Ukupno,3292
2013,Broj,Grad Doboj,Ž,Ukupno,4112
2013,Broj,Donji Žabar,Ukupno,Ukupno,313
2013,Broj,Donji Žabar,M,Ukupno,146
2013,Broj,Donji Žabar,Ž,Ukupno,167
2013,Broj,Grad Zvornik,Ukupno,Ukupno,4328
2013,Broj,Grad Zvornik,M,Ukupno,2027
2013,Broj,Grad Zvornik,Ž,Ukupno,2301
2013,Broj,Istočna Ilidža,Ukupno,Ukupno,1025
2013,Broj,Istočna Ilidža,M,Ukupno,464
2013,Broj,Istočna Ilidža,Ž,Ukupno,561
2013,Broj,Istočni Drvar,Ukupno,Ukupno,9
2013,Broj,Istočni Drvar,M,Ukupno,5
2013,Broj,Istočni Drvar,Ž,Ukupno,4
2013,Broj,Istočni Mostar,Ukupno,Ukupno,14
2013,Broj,Istočni Mostar,M,Ukupno,4
2013,Broj,Istočni Mostar,Ž,Ukupno,10
2013,Broj,Istočni Stari Grad,Ukupno,Ukupno,100
2013,Broj,Istočni Stari Grad,M,Ukupno,42
2013,Broj,Istočni Stari Grad,Ž,Ukupno,58
2013,Broj,Istočno Novo Sarajevo,Ukupno,Ukupno,611
2013,Broj,Istočno Novo Sarajevo,M,Ukupno,276
2013,Broj,Istočno Novo Sarajevo,Ž,Ukupno,335
2013,Broj,Jezero,Ukupno,Ukupno,80
2013,Broj,Jezero,M,Ukupno,37
2013,Broj,Jezero,Ž,Ukupno,43
2013,Broj,Kalinovik,Ukupno,Ukupno,203
2013,Broj,Kalinovik,M,Ukupno,88
2013,Broj,Kalinovik,Ž,Ukupno,115
2013,Broj,Kneževo,Ukupno,Ukupno,933
2013,Broj,Kneževo,M,Ukupno,449
2013,Broj,Kneževo,Ž,Ukupno,484
2013,Broj,Kozarska Dubica,Ukupno,Ukupno,2078
2013,Broj,Kozarska Dubica,M,Ukupno,919
2013,Broj,Kozarska Dubica,Ž,Ukupno,1159
2013,Broj,Kostajnica,Ukupno,Ukupno,475
2013,Broj,Kostajnica,M,Ukupno,216
2013,Broj,Kostajnica,Ž,Ukupno,259
2013,Broj,Kotor Varoš,Ukupno,Ukupno,1857
2013,Broj,Kotor Varoš,M,Ukupno,865
2013,Broj,Kotor Varoš,Ž,Ukupno,992
2013,Broj,Krupa Na Uni,Ukupno,Ukupno,204
2013,Broj,Krupa Na Uni,M,Ukupno,93
2013,Broj,Krupa Na Uni,Ž,Ukupno,111
2013,Broj,Kupres,Ukupno,Ukupno,49
2013,Broj,Kupres,M,Ukupno,27
2013,Broj,Kupres,Ž,Ukupno,22
2013,Broj,Laktaši,Ukupno,Ukupno,2445
2013,Broj,Laktaši,M,Ukupno,1196
2013,Broj,Laktaši,Ž,Ukupno,1249
2013,Broj,Lopare,Ukupno,Ukupno,1612
2013,Broj,Lopare,M,Ukupno,791
2013,Broj,Lopare,Ž,Ukupno,821
2013,Broj,Ljubinje,Ukupno,Ukupno,197
2013,Broj,Ljubinje,M,Ukupno,84
2013,Broj,Ljubinje,Ž,Ukupno,113
2013,Broj,Milići,Ukupno,Ukupno,860
2013,Broj,Milići,M,Ukupno,392
2013,Broj,Milići,Ž,Ukupno,468
2013,Broj,Modriča,Ukupno,Ukupno,2458
2013,Broj,Modriča,M,Ukupno,1119
2013,Broj,Modriča,Ž,Ukupno,1339
2013,Broj,Mrkonjić Grad,Ukupno,Ukupno,1300
2013,Broj,Mrkonjić Grad,M,Ukupno,602
2013,Broj,Mrkonjić Grad,Ž,Ukupno,698
2013,Broj,Nevesinje,Ukupno,Ukupno,876
2013,Broj,Nevesinje,M,Ukupno,379
2013,Broj,Nevesinje,Ž,Ukupno,497
2013,Broj,Novi Grad,Ukupno,Ukupno,2687
2013,Broj,Novi Grad,M,Ukupno,1179
2013,Broj,Novi Grad,Ž,Ukupno,1508
2013,Broj,Novo Goražde,Ukupno,Ukupno,206
2013,Broj,Novo Goražde,M,Ukupno,101
2013,Broj,Novo Goražde,Ž,Ukupno,105
2013,Broj,Osmaci,Ukupno,Ukupno,513
2013,Broj,Osmaci,M,Ukupno,234
2013,Broj,Osmaci,Ž,Ukupno,279
2013,Broj,Oštra Luka,Ukupno,Ukupno,394
2013,Broj,Oštra Luka,M,Ukupno,205
2013,Broj,Oštra Luka,Ž,Ukupno,189
2013,Broj,Pale,Ukupno,Ukupno,1289
2013,Broj,Pale,M,Ukupno,594
2013,Broj,Pale,Ž,Ukupno,695
2013,Broj,Pelagićevo,Ukupno,Ukupno,688
2013,Broj,Pelagićevo,M,Ukupno,299
2013,Broj,Pelagićevo,Ž,Ukupno,389
2013,Broj,Petrovac,Ukupno,Ukupno,16
2013,Broj,Petrovac,M,Ukupno,6
2013,Broj,Petrovac,Ž,Ukupno,10
2013,Broj,Petrovo,Ukupno,Ukupno,944
2013,Broj,Petrovo,M,Ukupno,399
2013,Broj,Petrovo,Ž,Ukupno,545
2013,Broj,Grad Prijedor,Ukupno,Ukupno,7173
2013,Broj,Grad Prijedor,M,Ukupno,3333
2013,Broj,Grad Prijedor,Ž,Ukupno,3840
2013,Broj,Prnjavor,Ukupno,Ukupno,3309
2013,Broj,Prnjavor,M,Ukupno,1497
2013,Broj,Prnjavor,Ž,Ukupno,1812
2013,Broj,Ribnik,Ukupno,Ukupno,701
2013,Broj,Ribnik,M,Ukupno,323
2013,Broj,Ribnik,Ž,Ukupno,378
2013,Broj,Rogatica,Ukupno,Ukupno,1012
2013,Broj,Rogatica,M,Ukupno,464
2013,Broj,Rogatica,Ž,Ukupno,548
2013,Broj,Rudo,Ukupno,Ukupno,596
2013,Broj,Rudo,M,Ukupno,258
2013,Broj,Rudo,Ž,Ukupno,338
2013,Broj,Sokolac,Ukupno,Ukupno,944
2013,Broj,Sokolac,M,Ukupno,422
2013,Broj,Sokolac,Ž,Ukupno,522
2013,Broj,Srbac,Ukupno,Ukupno,1526
2013,Broj,Srbac,M,Ukupno,714
2013,Broj,Srbac,Ž,Ukupno,812
2013,Broj,Srebrenica,Ukupno,Ukupno,1061
2013,Broj,Srebrenica,M,Ukupno,447
2013,Broj,Srebrenica,Ž,Ukupno,614
2013,Broj,Teslić,Ukupno,Ukupno,3562
2013,Broj,Teslić,M,Ukupno,1683
2013,Broj,Teslić,Ž,Ukupno,1879
2013,Broj,Grad Trebinje,Ukupno,Ukupno,1860
2013,Broj,Grad Trebinje,M,Ukupno,823
2013,Broj,Grad Trebinje,Ž,Ukupno,1037
2013,Broj,Trnovo,Ukupno,Ukupno,171
2013,Broj,Trnovo,M,Ukupno,70
2013,Broj,Trnovo,Ž,Ukupno,101
2013,Broj,Ugljevik,Ukupno,Ukupno,1179
2013,Broj,Ugljevik,M,Ukupno,532
2013,Broj,Ugljevik,Ž,Ukupno,647
2013,Broj,Foča,Ukupno,Ukupno,1473
2013,Broj,Foča,M,Ukupno,725
2013,Broj,Foča,Ž,Ukupno,748
2013,Broj,Han Pijesak,Ukupno,Ukupno,269
2013,Broj,Han Pijesak,M,Ukupno,99
2013,Broj,Han Pijesak,Ž,Ukupno,170
2013,Broj,Čajniče,Ukupno,Ukupno,461
2013,Broj,Čajniče,M,Ukupno,208
2013,Broj,Čajniče,Ž,Ukupno,253
2013,Broj,Čelinac,Ukupno,Ukupno,1672
2013,Broj,Čelinac,M,Ukupno,800
2013,Broj,Čelinac,Ž,Ukupno,872
2013,Broj,Šamac,Ukupno,Ukupno,1634
2013,Broj,Šamac,M,Ukupno,724
2013,Broj,Šamac,Ž,Ukupno,910
2013,Broj,Šekovići,Ukupno,Ukupno,595
2013,Broj,Šekovići,M,Ukupno,279
2013,Broj,Šekovići,Ž,Ukupno,316
2013,Broj,Šipovo,Ukupno,Ukupno,843
2013,Broj,Šipovo,M,Ukupno,391
2013,Broj,Šipovo,Ž,Ukupno,452
2013,Broj,Republika Srpska,Ukupno,Vid,43020
2013,Broj,Republika Srpska,M,Vid,18052
2013,Broj,Republika Srpska,Ž,Vid,24968
2013,Broj,Grad Banja Luka,Ukupno,Vid,5370
2013,Broj,Grad Banja Luka,M,Vid,2232
2013,Broj,Grad Banja Luka,Ž,Vid,3138
2013,Broj,Berkovići,Ukupno,Vid,73
2013,Broj,Berkovići,M,Vid,33
2013,Broj,Berkovići,Ž,Vid,40
2013,Broj,Grad Bijeljina,Ukupno,Vid,3450
2013,Broj,Grad Bijeljina,M,Vid,1424
2013,Broj,Grad Bijeljina,Ž,Vid,2026
2013,Broj,Bileća,Ukupno,Vid,375
2013,Broj,Bileća,M,Vid,159
2013,Broj,Bileća,Ž,Vid,216
2013,Broj,Bratunac,Ukupno,Vid,791
2013,Broj,Bratunac,M,Vid,328
2013,Broj,Bratunac,Ž,Vid,463
2013,Broj,Brod,Ukupno,Vid,596
2013,Broj,Brod,M,Vid,252
2013,Broj,Brod,Ž,Vid,344
2013,Broj,Višegrad,Ukupno,Vid,409
2013,Broj,Višegrad,M,Vid,162
2013,Broj,Višegrad,Ž,Vid,247
2013,Broj,Vlasenica,Ukupno,Vid,372
2013,Broj,Vlasenica,M,Vid,171
2013,Broj,Vlasenica,Ž,Vid,201
2013,Broj,Vukosavlje,Ukupno,Vid,157
2013,Broj,Vukosavlje,M,Vid,74
2013,Broj,Vukosavlje,Ž,Vid,83
2013,Broj,Gacko,Ukupno,Vid,245
2013,Broj,Gacko,M,Vid,107
2013,Broj,Gacko,Ž,Vid,138
2013,Broj,Grad Gradiška,Ukupno,Vid,1881
2013,Broj,Grad Gradiška,M,Vid,754
2013,Broj,Grad Gradiška,Ž,Vid,1127
2013,Broj,Grad Derventa,Ukupno,Vid,1172
2013,Broj,Grad Derventa,M,Vid,476
2013,Broj,Grad Derventa,Ž,Vid,696
2013,Broj,Grad Doboj,Ukupno,Vid,3265
2013,Broj,Grad Doboj,M,Vid,1332
2013,Broj,Grad Doboj,Ž,Vid,1933
2013,Broj,Donji Žabar,Ukupno,Vid,122
2013,Broj,Donji Žabar,M,Vid,50
2013,Broj,Donji Žabar,Ž,Vid,72
2013,Broj,Grad Zvornik,Ukupno,Vid,1920
2013,Broj,Grad Zvornik,M,Vid,842
2013,Broj,Grad Zvornik,Ž,Vid,1078
2013,Broj,Istočna Ilidža,Ukupno,Vid,423
2013,Broj,Istočna Ilidža,M,Vid,183
2013,Broj,Istočna Ilidža,Ž,Vid,240
2013,Broj,Istočni Drvar,Ukupno,Vid,5
2013,Broj,Istočni Drvar,M,Vid,2
2013,Broj,Istočni Drvar,Ž,Vid,3
2013,Broj,Istočni Mostar,Ukupno,Vid,9
2013,Broj,Istočni Mostar,M,Vid,3
2013,Broj,Istočni Mostar,Ž,Vid,6
2013,Broj,Istočni Stari Grad,Ukupno,Vid,49
2013,Broj,Istočni Stari Grad,M,Vid,22
2013,Broj,Istočni Stari Grad,Ž,Vid,27
2013,Broj,Istočno Novo Sarajevo,Ukupno,Vid,255
2013,Broj,Istočno Novo Sarajevo,M,Vid,90
2013,Broj,Istočno Novo Sarajevo,Ž,Vid,165
2013,Broj,Jezero,Ukupno,Vid,44
2013,Broj,Jezero,M,Vid,18
2013,Broj,Jezero,Ž,Vid,26
2013,Broj,Kalinovik,Ukupno,Vid,87
2013,Broj,Kalinovik,M,Vid,35
2013,Broj,Kalinovik,Ž,Vid,52
2013,Broj,Kneževo,Ukupno,Vid,355
2013,Broj,Kneževo,M,Vid,159
2013,Broj,Kneževo,Ž,Vid,196
2013,Broj,Kozarska Dubica,Ukupno,Vid,788
2013,Broj,Kozarska Dubica,M,Vid,329
2013,Broj,Kozarska Dubica,Ž,Vid,459
2013,Broj,Kostajnica,Ukupno,Vid,226
2013,Broj,Kostajnica,M,Vid,104
2013,Broj,Kostajnica,Ž,Vid,122
2013,Broj,Kotor Varoš,Ukupno,Vid,894
2013,Broj,Kotor Varoš,M,Vid,374
2013,Broj,Kotor Varoš,Ž,Vid,520
2013,Broj,Krupa Na Uni,Ukupno,Vid,98
2013,Broj,Krupa Na Uni,M,Vid,47
2013,Broj,Krupa Na Uni,Ž,Vid,51
2013,Broj,Kupres,Ukupno,Vid,12
2013,Broj,Kupres,M,Vid,8
2013,Broj,Kupres,Ž,Vid,4
2013,Broj,Laktaši,Ukupno,Vid,1042
2013,Broj,Laktaši,M,Vid,460
2013,Broj,Laktaši,Ž,Vid,582
2013,Broj,Lopare,Ukupno,Vid,691
2013,Broj,Lopare,M,Vid,297
2013,Broj,Lopare,Ž,Vid,394
2013,Broj,Ljubinje,Ukupno,Vid,82
2013,Broj,Ljubinje,M,Vid,36
2013,Broj,Ljubinje,Ž,Vid,46
2013,Broj,Milići,Ukupno,Vid,390
2013,Broj,Milići,M,Vid,165
2013,Broj,Milići,Ž,Vid,225
2013,Broj,Modriča,Ukupno,Vid,990
2013,Broj,Modriča,M,Vid,443
2013,Broj,Modriča,Ž,Vid,547
2013,Broj,Mrkonjić Grad,Ukupno,Vid,524
2013,Broj,Mrkonjić Grad,M,Vid,227
2013,Broj,Mrkonjić Grad,Ž,Vid,297
2013,Broj,Nevesinje,Ukupno,Vid,401
2013,Broj,Nevesinje,M,Vid,187
2013,Broj,Nevesinje,Ž,Vid,214
2013,Broj,Novi Grad,Ukupno,Vid,1236
2013,Broj,Novi Grad,M,Vid,483
2013,Broj,Novi Grad,Ž,Vid,753
2013,Broj,Novo Goražde,Ukupno,Vid,86
2013,Broj,Novo Goražde,M,Vid,35
2013,Broj,Novo Goražde,Ž,Vid,51
2013,Broj,Osmaci,Ukupno,Vid,243
2013,Broj,Osmaci,M,Vid,102
2013,Broj,Osmaci,Ž,Vid,141
2013,Broj,Oštra Luka,Ukupno,Vid,176
2013,Broj,Oštra Luka,M,Vid,88
2013,Broj,Oštra Luka,Ž,Vid,88
2013,Broj,Pale,Ukupno,Vid,492
2013,Broj,Pale,M,Vid,213
2013,Broj,Pale,Ž,Vid,279
2013,Broj,Pelagićevo,Ukupno,Vid,310
2013,Broj,Pelagićevo,M,Vid,132
2013,Broj,Pelagićevo,Ž,Vid,178
2013,Broj,Petrovac,Ukupno,Vid,6
2013,Broj,Petrovac,M,Vid,2
2013,Broj,Petrovac,Ž,Vid,4
2013,Broj,Petrovo,Ukupno,Vid,433
2013,Broj,Petrovo,M,Vid,178
2013,Broj,Petrovo,Ž,Vid,255
2013,Broj,Grad Prijedor,Ukupno,Vid,2857
2013,Broj,Grad Prijedor,M,Vid,1209
2013,Broj,Grad Prijedor,Ž,Vid,1648
2013,Broj,Prnjavor,Ukupno,Vid,1364
2013,Broj,Prnjavor,M,Vid,564
2013,Broj,Prnjavor,Ž,Vid,800
2013,Broj,Ribnik,Ukupno,Vid,293
2013,Broj,Ribnik,M,Vid,137
2013,Broj,Ribnik,Ž,Vid,156
2013,Broj,Rogatica,Ukupno,Vid,418
2013,Broj,Rogatica,M,Vid,174
2013,Broj,Rogatica,Ž,Vid,244
2013,Broj,Rudo,Ukupno,Vid,231
2013,Broj,Rudo,M,Vid,98
2013,Broj,Rudo,Ž,Vid,133
2013,Broj,Sokolac,Ukupno,Vid,368
2013,Broj,Sokolac,M,Vid,161
2013,Broj,Sokolac,Ž,Vid,207
2013,Broj,Srbac,Ukupno,Vid,684
2013,Broj,Srbac,M,Vid,291
2013,Broj,Srbac,Ž,Vid,393
2013,Broj,Srebrenica,Ukupno,Vid,487
2013,Broj,Srebrenica,M,Vid,176
2013,Broj,Srebrenica,Ž,Vid,311
2013,Broj,Teslić,Ukupno,Vid,1451
2013,Broj,Teslić,M,Vid,633
2013,Broj,Teslić,Ž,Vid,818
2013,Broj,Grad Trebinje,Ukupno,Vid,736
2013,Broj,Grad Trebinje,M,Vid,297
2013,Broj,Grad Trebinje,Ž,Vid,439
2013,Broj,Trnovo,Ukupno,Vid,62
2013,Broj,Trnovo,M,Vid,25
2013,Broj,Trnovo,Ž,Vid,37
2013,Broj,Ugljevik,Ukupno,Vid,488
2013,Broj,Ugljevik,M,Vid,202
2013,Broj,Ugljevik,Ž,Vid,286
2013,Broj,Foča,Ukupno,Vid,605
2013,Broj,Foča,M,Vid,263
2013,Broj,Foča,Ž,Vid,342
2013,Broj,Han Pijesak,Ukupno,Vid,102
2013,Broj,Han Pijesak,M,Vid,36
2013,Broj,Han Pijesak,Ž,Vid,66
2013,Broj,Čajniče,Ukupno,Vid,219
2013,Broj,Čajniče,M,Vid,93
2013,Broj,Čajniče,Ž,Vid,126
2013,Broj,Čelinac,Ukupno,Vid,752
2013,Broj,Čelinac,M,Vid,313
2013,Broj,Čelinac,Ž,Vid,439
2013,Broj,Šamac,Ukupno,Vid,679
2013,Broj,Šamac,M,Vid,277
2013,Broj,Šamac,Ž,Vid,402
2013,Broj,Šekovići,Ukupno,Vid,307
2013,Broj,Šekovići,M,Vid,130
2013,Broj,Šekovići,Ž,Vid,177
2013,Broj,Šipovo,Ukupno,Vid,372
2013,Broj,Šipovo,M,Vid,155
2013,Broj,Šipovo,Ž,Vid,217
2013,Broj,Republika Srpska,Ukupno,Sluh,26055
2013,Broj,Republika Srpska,M,Sluh,12971
2013,Broj,Republika Srpska,Ž,Sluh,13084
2013,Broj,Grad Banja Luka,Ukupno,Sluh,3262
2013,Broj,Grad Banja Luka,M,Sluh,1678
2013,Broj,Grad Banja Luka,Ž,Sluh,1584
2013,Broj,Berkovići,Ukupno,Sluh,48
2013,Broj,Berkovići,M,Sluh,28
2013,Broj,Berkovići,Ž,Sluh,20
2013,Broj,Grad Bijeljina,Ukupno,Sluh,2026
2013,Broj,Grad Bijeljina,M,Sluh,1028
2013,Broj,Grad Bijeljina,Ž,Sluh,998
2013,Broj,Bileća,Ukupno,Sluh,240
2013,Broj,Bileća,M,Sluh,122
2013,Broj,Bileća,Ž,Sluh,118
2013,Broj,Bratunac,Ukupno,Sluh,420
2013,Broj,Bratunac,M,Sluh,196
2013,Broj,Bratunac,Ž,Sluh,224
2013,Broj,Brod,Ukupno,Sluh,322
2013,Broj,Brod,M,Sluh,168
2013,Broj,Brod,Ž,Sluh,154
2013,Broj,Višegrad,Ukupno,Sluh,276
2013,Broj,Višegrad,M,Sluh,128
2013,Broj,Višegrad,Ž,Sluh,148
2013,Broj,Vlasenica,Ukupno,Sluh,236
2013,Broj,Vlasenica,M,Sluh,117
2013,Broj,Vlasenica,Ž,Sluh,119
2013,Broj,Vukosavlje,Ukupno,Sluh,107
2013,Broj,Vukosavlje,M,Sluh,49
2013,Broj,Vukosavlje,Ž,Sluh,58
2013,Broj,Gacko,Ukupno,Sluh,172
2013,Broj,Gacko,M,Sluh,80
2013,Broj,Gacko,Ž,Sluh,92
2013,Broj,Grad Gradiška,Ukupno,Sluh,1110
2013,Broj,Grad Gradiška,M,Sluh,525
2013,Broj,Grad Gradiška,Ž,Sluh,585
2013,Broj,Grad Derventa,Ukupno,Sluh,655
2013,Broj,Grad Derventa,M,Sluh,320
2013,Broj,Grad Derventa,Ž,Sluh,335
2013,Broj,Grad Doboj,Ukupno,Sluh,1902
2013,Broj,Grad Doboj,M,Sluh,925
2013,Broj,Grad Doboj,Ž,Sluh,977
2013,Broj,Donji Žabar,Ukupno,Sluh,81
2013,Broj,Donji Žabar,M,Sluh,50
2013,Broj,Donji Žabar,Ž,Sluh,31
2013,Broj,Grad Zvornik,Ukupno,Sluh,1157
2013,Broj,Grad Zvornik,M,Sluh,580
2013,Broj,Grad Zvornik,Ž,Sluh,577
2013,Broj,Istočna Ilidža,Ukupno,Sluh,267
2013,Broj,Istočna Ilidža,M,Sluh,123
2013,Broj,Istočna Ilidža,Ž,Sluh,144
2013,Broj,Istočni Drvar,Ukupno,Sluh,4
2013,Broj,Istočni Drvar,M,Sluh,1
2013,Broj,Istočni Drvar,Ž,Sluh,3
2013,Broj,Istočni Mostar,Ukupno,Sluh,7
2013,Broj,Istočni Mostar,M,Sluh,1
2013,Broj,Istočni Mostar,Ž,Sluh,6
2013,Broj,Istočni Stari Grad,Ukupno,Sluh,29
2013,Broj,Istočni Stari Grad,M,Sluh,15
2013,Broj,Istočni Stari Grad,Ž,Sluh,14
2013,Broj,Istočno Novo Sarajevo,Ukupno,Sluh,153
2013,Broj,Istočno Novo Sarajevo,M,Sluh,76
2013,Broj,Istočno Novo Sarajevo,Ž,Sluh,77
2013,Broj,Jezero,Ukupno,Sluh,34
2013,Broj,Jezero,M,Sluh,18
2013,Broj,Jezero,Ž,Sluh,16
2013,Broj,Kalinovik,Ukupno,Sluh,56
2013,Broj,Kalinovik,M,Sluh,25
2013,Broj,Kalinovik,Ž,Sluh,31
2013,Broj,Kneževo,Ukupno,Sluh,251
2013,Broj,Kneževo,M,Sluh,127
2013,Broj,Kneževo,Ž,Sluh,124
2013,Broj,Kozarska Dubica,Ukupno,Sluh,490
2013,Broj,Kozarska Dubica,M,Sluh,237
2013,Broj,Kozarska Dubica,Ž,Sluh,253
2013,Broj,Kostajnica,Ukupno,Sluh,123
2013,Broj,Kostajnica,M,Sluh,65
2013,Broj,Kostajnica,Ž,Sluh,58
2013,Broj,Kotor Varoš,Ukupno,Sluh,485
2013,Broj,Kotor Varoš,M,Sluh,244
2013,Broj,Kotor Varoš,Ž,Sluh,241
2013,Broj,Krupa Na Uni,Ukupno,Sluh,59
2013,Broj,Krupa Na Uni,M,Sluh,36
2013,Broj,Krupa Na Uni,Ž,Sluh,23
2013,Broj,Kupres,Ukupno,Sluh,14
2013,Broj,Kupres,M,Sluh,10
2013,Broj,Kupres,Ž,Sluh,4
2013,Broj,Laktaši,Ukupno,Sluh,610
2013,Broj,Laktaši,M,Sluh,322
2013,Broj,Laktaši,Ž,Sluh,288
2013,Broj,Lopare,Ukupno,Sluh,400
2013,Broj,Lopare,M,Sluh,187
2013,Broj,Lopare,Ž,Sluh,213
2013,Broj,Ljubinje,Ukupno,Sluh,68
2013,Broj,Ljubinje,M,Sluh,33
2013,Broj,Ljubinje,Ž,Sluh,35
2013,Broj,Milići,Ukupno,Sluh,209
2013,Broj,Milići,M,Sluh,98
2013,Broj,Milići,Ž,Sluh,111
2013,Broj,Modriča,Ukupno,Sluh,623
2013,Broj,Modriča,M,Sluh,318
2013,Broj,Modriča,Ž,Sluh,305
2013,Broj,Mrkonjić Grad,Ukupno,Sluh,388
2013,Broj,Mrkonjić Grad,M,Sluh,188
2013,Broj,Mrkonjić Grad,Ž,Sluh,200
2013,Broj,Nevesinje,Ukupno,Sluh,254
2013,Broj,Nevesinje,M,Sluh,119
2013,Broj,Nevesinje,Ž,Sluh,135
2013,Broj,Novi Grad,Ukupno,Sluh,706
2013,Broj,Novi Grad,M,Sluh,334
2013,Broj,Novi Grad,Ž,Sluh,372
2013,Broj,Novo Goražde,Ukupno,Sluh,57
2013,Broj,Novo Goražde,M,Sluh,31
2013,Broj,Novo Goražde,Ž,Sluh,26
2013,Broj,Osmaci,Ukupno,Sluh,144
2013,Broj,Osmaci,M,Sluh,71
2013,Broj,Osmaci,Ž,Sluh,73
2013,Broj,Oštra Luka,Ukupno,Sluh,97
2013,Broj,Oštra Luka,M,Sluh,65
2013,Broj,Oštra Luka,Ž,Sluh,32
2013,Broj,Pale,Ukupno,Sluh,318
2013,Broj,Pale,M,Sluh,164
2013,Broj,Pale,Ž,Sluh,154
2013,Broj,Pelagićevo,Ukupno,Sluh,167
2013,Broj,Pelagićevo,M,Sluh,74
2013,Broj,Pelagićevo,Ž,Sluh,93
2013,Broj,Petrovac,Ukupno,Sluh,4
2013,Broj,Petrovac,M,Sluh,1
2013,Broj,Petrovac,Ž,Sluh,3
2013,Broj,Petrovo,Ukupno,Sluh,257
2013,Broj,Petrovo,M,Sluh,134
2013,Broj,Petrovo,Ž,Sluh,123
2013,Broj,Grad Prijedor,Ukupno,Sluh,1805
2013,Broj,Grad Prijedor,M,Sluh,944
2013,Broj,Grad Prijedor,Ž,Sluh,861
2013,Broj,Prnjavor,Ukupno,Sluh,812
2013,Broj,Prnjavor,M,Sluh,383
2013,Broj,Prnjavor,Ž,Sluh,429
2013,Broj,Ribnik,Ukupno,Sluh,199
2013,Broj,Ribnik,M,Sluh,97
2013,Broj,Ribnik,Ž,Sluh,102
2013,Broj,Rogatica,Ukupno,Sluh,307
2013,Broj,Rogatica,M,Sluh,150
2013,Broj,Rogatica,Ž,Sluh,157
2013,Broj,Rudo,Ukupno,Sluh,169
2013,Broj,Rudo,M,Sluh,83
2013,Broj,Rudo,Ž,Sluh,86
2013,Broj,Sokolac,Ukupno,Sluh,257
2013,Broj,Sokolac,M,Sluh,121
2013,Broj,Sokolac,Ž,Sluh,136
2013,Broj,Srbac,Ukupno,Sluh,423
2013,Broj,Srbac,M,Sluh,212
2013,Broj,Srbac,Ž,Sluh,211
2013,Broj,Srebrenica,Ukupno,Sluh,229
2013,Broj,Srebrenica,M,Sluh,109
2013,Broj,Srebrenica,Ž,Sluh,120
2013,Broj,Teslić,Ukupno,Sluh,881
2013,Broj,Teslić,M,Sluh,435
2013,Broj,Teslić,Ž,Sluh,446
2013,Broj,Grad Trebinje,Ukupno,Sluh,461
2013,Broj,Grad Trebinje,M,Sluh,227
2013,Broj,Grad Trebinje,Ž,Sluh,234
2013,Broj,Trnovo,Ukupno,Sluh,46
2013,Broj,Trnovo,M,Sluh,22
2013,Broj,Trnovo,Ž,Sluh,24
2013,Broj,Ugljevik,Ukupno,Sluh,257
2013,Broj,Ugljevik,M,Sluh,117
2013,Broj,Ugljevik,Ž,Sluh,140
2013,Broj,Foča,Ukupno,Sluh,430
2013,Broj,Foča,M,Sluh,216
2013,Broj,Foča,Ž,Sluh,214
2013,Broj,Han Pijesak,Ukupno,Sluh,68
2013,Broj,Han Pijesak,M,Sluh,28
2013,Broj,Han Pijesak,Ž,Sluh,40
2013,Broj,Čajniče,Ukupno,Sluh,135
2013,Broj,Čajniče,M,Sluh,66
2013,Broj,Čajniče,Ž,Sluh,69
2013,Broj,Čelinac,Ukupno,Sluh,457
2013,Broj,Čelinac,M,Sluh,233
2013,Broj,Čelinac,Ž,Sluh,224
2013,Broj,Šamac,Ukupno,Sluh,419
2013,Broj,Šamac,M,Sluh,217
2013,Broj,Šamac,Ž,Sluh,202
2013,Broj,Šekovići,Ukupno,Sluh,193
2013,Broj,Šekovići,M,Sluh,96
2013,Broj,Šekovići,Ž,Sluh,97
2013,Broj,Šipovo,Ukupno,Sluh,219
2013,Broj,Šipovo,M,Sluh,104
2013,Broj,Šipovo,Ž,Sluh,115
2013,Broj,Republika Srpska,Ukupno,Hod ili penjanje uz stepenice,63381
2013,Broj,Republika Srpska,M,Hod ili penjanje uz stepenice,26903
2013,Broj,Republika Srpska,Ž,Hod ili penjanje uz stepenice,36478
2013,Broj,Grad Banja Luka,Ukupno,Hod ili penjanje uz stepenice,8456
2013,Broj,Grad Banja Luka,M,Hod ili penjanje uz stepenice,3667
2013,Broj,Grad Banja Luka,Ž,Hod ili penjanje uz stepenice,4789
2013,Broj,Berkovići,Ukupno,Hod ili penjanje uz stepenice,109
2013,Broj,Berkovići,M,Hod ili penjanje uz stepenice,45
2013,Broj,Berkovići,Ž,Hod ili penjanje uz stepenice,64
2013,Broj,Grad Bijeljina,Ukupno,Hod ili penjanje uz stepenice,5530
2013,Broj,Grad Bijeljina,M,Hod ili penjanje uz stepenice,2356
2013,Broj,Grad Bijeljina,Ž,Hod ili penjanje uz stepenice,3174
2013,Broj,Bileća,Ukupno,Hod ili penjanje uz stepenice,533
2013,Broj,Bileća,M,Hod ili penjanje uz stepenice,193
2013,Broj,Bileća,Ž,Hod ili penjanje uz stepenice,340
2013,Broj,Bratunac,Ukupno,Hod ili penjanje uz stepenice,835
2013,Broj,Bratunac,M,Hod ili penjanje uz stepenice,372
2013,Broj,Bratunac,Ž,Hod ili penjanje uz stepenice,463
2013,Broj,Brod,Ukupno,Hod ili penjanje uz stepenice,892
2013,Broj,Brod,M,Hod ili penjanje uz stepenice,392
2013,Broj,Brod,Ž,Hod ili penjanje uz stepenice,500
2013,Broj,Višegrad,Ukupno,Hod ili penjanje uz stepenice,598
2013,Broj,Višegrad,M,Hod ili penjanje uz stepenice,227
2013,Broj,Višegrad,Ž,Hod ili penjanje uz stepenice,371
2013,Broj,Vlasenica,Ukupno,Hod ili penjanje uz stepenice,440
2013,Broj,Vlasenica,M,Hod ili penjanje uz stepenice,211
2013,Broj,Vlasenica,Ž,Hod ili penjanje uz stepenice,229
2013,Broj,Vukosavlje,Ukupno,Hod ili penjanje uz stepenice,286
2013,Broj,Vukosavlje,M,Hod ili penjanje uz stepenice,130
2013,Broj,Vukosavlje,Ž,Hod ili penjanje uz stepenice,156
2013,Broj,Gacko,Ukupno,Hod ili penjanje uz stepenice,385
2013,Broj,Gacko,M,Hod ili penjanje uz stepenice,152
2013,Broj,Gacko,Ž,Hod ili penjanje uz stepenice,233
2013,Broj,Grad Gradiška,Ukupno,Hod ili penjanje uz stepenice,2675
2013,Broj,Grad Gradiška,M,Hod ili penjanje uz stepenice,1074
2013,Broj,Grad Gradiška,Ž,Hod ili penjanje uz stepenice,1601
2013,Broj,Grad Derventa,Ukupno,Hod ili penjanje uz stepenice,1590
2013,Broj,Grad Derventa,M,Hod ili penjanje uz stepenice,695
2013,Broj,Grad Derventa,Ž,Hod ili penjanje uz stepenice,895
2013,Broj,Grad Doboj,Ukupno,Hod ili penjanje uz stepenice,4793
2013,Broj,Grad Doboj,M,Hod ili penjanje uz stepenice,1953
2013,Broj,Grad Doboj,Ž,Hod ili penjanje uz stepenice,2840
2013,Broj,Donji Žabar,Ukupno,Hod ili penjanje uz stepenice,182
2013,Broj,Donji Žabar,M,Hod ili penjanje uz stepenice,76
2013,Broj,Donji Žabar,Ž,Hod ili penjanje uz stepenice,106
2013,Broj,Grad Zvornik,Ukupno,Hod ili penjanje uz stepenice,2535
2013,Broj,Grad Zvornik,M,Hod ili penjanje uz stepenice,1092
2013,Broj,Grad Zvornik,Ž,Hod ili penjanje uz stepenice,1443
2013,Broj,Istočna Ilidža,Ukupno,Hod ili penjanje uz stepenice,644
2013,Broj,Istočna Ilidža,M,Hod ili penjanje uz stepenice,267
2013,Broj,Istočna Ilidža,Ž,Hod ili penjanje uz stepenice,377
2013,Broj,Istočni Drvar,Ukupno,Hod ili penjanje uz stepenice,7
2013,Broj,Istočni Drvar,M,Hod ili penjanje uz stepenice,4
2013,Broj,Istočni Drvar,Ž,Hod ili penjanje uz stepenice,3
2013,Broj,Istočni Mostar,Ukupno,Hod ili penjanje uz stepenice,8
2013,Broj,Istočni Mostar,M,Hod ili penjanje uz stepenice,2
2013,Broj,Istočni Mostar,Ž,Hod ili penjanje uz stepenice,6
2013,Broj,Istočni Stari Grad,Ukupno,Hod ili penjanje uz stepenice,53
2013,Broj,Istočni Stari Grad,M,Hod ili penjanje uz stepenice,22
2013,Broj,Istočni Stari Grad,Ž,Hod ili penjanje uz stepenice,31
2013,Broj,Istočno Novo Sarajevo,Ukupno,Hod ili penjanje uz stepenice,380
2013,Broj,Istočno Novo Sarajevo,M,Hod ili penjanje uz stepenice,163
2013,Broj,Istočno Novo Sarajevo,Ž,Hod ili penjanje uz stepenice,217
2013,Broj,Jezero,Ukupno,Hod ili penjanje uz stepenice,60
2013,Broj,Jezero,M,Hod ili penjanje uz stepenice,29
2013,Broj,Jezero,Ž,Hod ili penjanje uz stepenice,31
2013,Broj,Kalinovik,Ukupno,Hod ili penjanje uz stepenice,132
2013,Broj,Kalinovik,M,Hod ili penjanje uz stepenice,54
2013,Broj,Kalinovik,Ž,Hod ili penjanje uz stepenice,78
2013,Broj,Kneževo,Ukupno,Hod ili penjanje uz stepenice,568
2013,Broj,Kneževo,M,Hod ili penjanje uz stepenice,255
2013,Broj,Kneževo,Ž,Hod ili penjanje uz stepenice,313
2013,Broj,Kozarska Dubica,Ukupno,Hod ili penjanje uz stepenice,1369
2013,Broj,Kozarska Dubica,M,Hod ili penjanje uz stepenice,549
2013,Broj,Kozarska Dubica,Ž,Hod ili penjanje uz stepenice,820
2013,Broj,Kostajnica,Ukupno,Hod ili penjanje uz stepenice,312
2013,Broj,Kostajnica,M,Hod ili penjanje uz stepenice,133
2013,Broj,Kostajnica,Ž,Hod ili penjanje uz stepenice,179
2013,Broj,Kotor Varoš,Ukupno,Hod ili penjanje uz stepenice,1074
2013,Broj,Kotor Varoš,M,Hod ili penjanje uz stepenice,475
2013,Broj,Kotor Varoš,Ž,Hod ili penjanje uz stepenice,599
2013,Broj,Krupa Na Uni,Ukupno,Hod ili penjanje uz stepenice,112
2013,Broj,Krupa Na Uni,M,Hod ili penjanje uz stepenice,43
2013,Broj,Krupa Na Uni,Ž,Hod ili penjanje uz stepenice,69
2013,Broj,Kupres,Ukupno,Hod ili penjanje uz stepenice,33
2013,Broj,Kupres,M,Hod ili penjanje uz stepenice,18
2013,Broj,Kupres,Ž,Hod ili penjanje uz stepenice,15
2013,Broj,Laktaši,Ukupno,Hod ili penjanje uz stepenice,1426
2013,Broj,Laktaši,M,Hod ili penjanje uz stepenice,650
2013,Broj,Laktaši,Ž,Hod ili penjanje uz stepenice,776
2013,Broj,Lopare,Ukupno,Hod ili penjanje uz stepenice,984
2013,Broj,Lopare,M,Hod ili penjanje uz stepenice,447
2013,Broj,Lopare,Ž,Hod ili penjanje uz stepenice,537
2013,Broj,Ljubinje,Ukupno,Hod ili penjanje uz stepenice,119
2013,Broj,Ljubinje,M,Hod ili penjanje uz stepenice,48
2013,Broj,Ljubinje,Ž,Hod ili penjanje uz stepenice,71
2013,Broj,Milići,Ukupno,Hod ili penjanje uz stepenice,508
2013,Broj,Milići,M,Hod ili penjanje uz stepenice,224
2013,Broj,Milići,Ž,Hod ili penjanje uz stepenice,284
2013,Broj,Modriča,Ukupno,Hod ili penjanje uz stepenice,1527
2013,Broj,Modriča,M,Hod ili penjanje uz stepenice,635
2013,Broj,Modriča,Ž,Hod ili penjanje uz stepenice,892
2013,Broj,Mrkonjić Grad,Ukupno,Hod ili penjanje uz stepenice,798
2013,Broj,Mrkonjić Grad,M,Hod ili penjanje uz stepenice,355
2013,Broj,Mrkonjić Grad,Ž,Hod ili penjanje uz stepenice,443
2013,Broj,Nevesinje,Ukupno,Hod ili penjanje uz stepenice,551
2013,Broj,Nevesinje,M,Hod ili penjanje uz stepenice,209
2013,Broj,Nevesinje,Ž,Hod ili penjanje uz stepenice,342
2013,Broj,Novi Grad,Ukupno,Hod ili penjanje uz stepenice,1711
2013,Broj,Novi Grad,M,Hod ili penjanje uz stepenice,700
2013,Broj,Novi Grad,Ž,Hod ili penjanje uz stepenice,1011
2013,Broj,Novo Goražde,Ukupno,Hod ili penjanje uz stepenice,135
2013,Broj,Novo Goražde,M,Hod ili penjanje uz stepenice,61
2013,Broj,Novo Goražde,Ž,Hod ili penjanje uz stepenice,74
2013,Broj,Osmaci,Ukupno,Hod ili penjanje uz stepenice,288
2013,Broj,Osmaci,M,Hod ili penjanje uz stepenice,125
2013,Broj,Osmaci,Ž,Hod ili penjanje uz stepenice,163
2013,Broj,Oštra Luka,Ukupno,Hod ili penjanje uz stepenice,224
2013,Broj,Oštra Luka,M,Hod ili penjanje uz stepenice,99
2013,Broj,Oštra Luka,Ž,Hod ili penjanje uz stepenice,125
2013,Broj,Pale,Ukupno,Hod ili penjanje uz stepenice,822
2013,Broj,Pale,M,Hod ili penjanje uz stepenice,366
2013,Broj,Pale,Ž,Hod ili penjanje uz stepenice,456
2013,Broj,Pelagićevo,Ukupno,Hod ili penjanje uz stepenice,445
2013,Broj,Pelagićevo,M,Hod ili penjanje uz stepenice,165
2013,Broj,Pelagićevo,Ž,Hod ili penjanje uz stepenice,280
2013,Broj,Petrovac,Ukupno,Hod ili penjanje uz stepenice,8
2013,Broj,Petrovac,M,Hod ili penjanje uz stepenice,5
2013,Broj,Petrovac,Ž,Hod ili penjanje uz stepenice,3
2013,Broj,Petrovo,Ukupno,Hod ili penjanje uz stepenice,602
2013,Broj,Petrovo,M,Hod ili penjanje uz stepenice,231
2013,Broj,Petrovo,Ž,Hod ili penjanje uz stepenice,371
2013,Broj,Grad Prijedor,Ukupno,Hod ili penjanje uz stepenice,4451
2013,Broj,Grad Prijedor,M,Hod ili penjanje uz stepenice,1891
2013,Broj,Grad Prijedor,Ž,Hod ili penjanje uz stepenice,2560
2013,Broj,Prnjavor,Ukupno,Hod ili penjanje uz stepenice,2094
2013,Broj,Prnjavor,M,Hod ili penjanje uz stepenice,860
2013,Broj,Prnjavor,Ž,Hod ili penjanje uz stepenice,1234
2013,Broj,Ribnik,Ukupno,Hod ili penjanje uz stepenice,438
2013,Broj,Ribnik,M,Hod ili penjanje uz stepenice,182
2013,Broj,Ribnik,Ž,Hod ili penjanje uz stepenice,256
2013,Broj,Rogatica,Ukupno,Hod ili penjanje uz stepenice,640
2013,Broj,Rogatica,M,Hod ili penjanje uz stepenice,264
2013,Broj,Rogatica,Ž,Hod ili penjanje uz stepenice,376
2013,Broj,Rudo,Ukupno,Hod ili penjanje uz stepenice,399
2013,Broj,Rudo,M,Hod ili penjanje uz stepenice,165
2013,Broj,Rudo,Ž,Hod ili penjanje uz stepenice,234
2013,Broj,Sokolac,Ukupno,Hod ili penjanje uz stepenice,600
2013,Broj,Sokolac,M,Hod ili penjanje uz stepenice,248
2013,Broj,Sokolac,Ž,Hod ili penjanje uz stepenice,352
2013,Broj,Srbac,Ukupno,Hod ili penjanje uz stepenice,910
2013,Broj,Srbac,M,Hod ili penjanje uz stepenice,412
2013,Broj,Srbac,Ž,Hod ili penjanje uz stepenice,498
2013,Broj,Srebrenica,Ukupno,Hod ili penjanje uz stepenice,621
2013,Broj,Srebrenica,M,Hod ili penjanje uz stepenice,256
2013,Broj,Srebrenica,Ž,Hod ili penjanje uz stepenice,365
2013,Broj,Teslić,Ukupno,Hod ili penjanje uz stepenice,2201
2013,Broj,Teslić,M,Hod ili penjanje uz stepenice,973
2013,Broj,Teslić,Ž,Hod ili penjanje uz stepenice,1228
2013,Broj,Grad Trebinje,Ukupno,Hod ili penjanje uz stepenice,1198
2013,Broj,Grad Trebinje,M,Hod ili penjanje uz stepenice,489
2013,Broj,Grad Trebinje,Ž,Hod ili penjanje uz stepenice,709
2013,Broj,Trnovo,Ukupno,Hod ili penjanje uz stepenice,104
2013,Broj,Trnovo,M,Hod ili penjanje uz stepenice,41
2013,Broj,Trnovo,Ž,Hod ili penjanje uz stepenice,63
2013,Broj,Ugljevik,Ukupno,Hod ili penjanje uz stepenice,734
2013,Broj,Ugljevik,M,Hod ili penjanje uz stepenice,312
2013,Broj,Ugljevik,Ž,Hod ili penjanje uz stepenice,422
2013,Broj,Foča,Ukupno,Hod ili penjanje uz stepenice,945
2013,Broj,Foča,M,Hod ili penjanje uz stepenice,438
2013,Broj,Foča,Ž,Hod ili penjanje uz stepenice,507
2013,Broj,Han Pijesak,Ukupno,Hod ili penjanje uz stepenice,187
2013,Broj,Han Pijesak,M,Hod ili penjanje uz stepenice,65
2013,Broj,Han Pijesak,Ž,Hod ili penjanje uz stepenice,122
2013,Broj,Čajniče,Ukupno,Hod ili penjanje uz stepenice,262
2013,Broj,Čajniče,M,Hod ili penjanje uz stepenice,108
2013,Broj,Čajniče,Ž,Hod ili penjanje uz stepenice,154
2013,Broj,Čelinac,Ukupno,Hod ili penjanje uz stepenice,1038
2013,Broj,Čelinac,M,Hod ili penjanje uz stepenice,469
2013,Broj,Čelinac,Ž,Hod ili penjanje uz stepenice,569
2013,Broj,Šamac,Ukupno,Hod ili penjanje uz stepenice,1041
2013,Broj,Šamac,M,Hod ili penjanje uz stepenice,413
2013,Broj,Šamac,Ž,Hod ili penjanje uz stepenice,628
2013,Broj,Šekovići,Ukupno,Hod ili penjanje uz stepenice,283
2013,Broj,Šekovići,M,Hod ili penjanje uz stepenice,125
2013,Broj,Šekovići,Ž,Hod ili penjanje uz stepenice,158
2013,Broj,Šipovo,Ukupno,Hod ili penjanje uz stepenice,496
2013,Broj,Šipovo,M,Hod ili penjanje uz stepenice,223
2013,Broj,Šipovo,Ž,Hod ili penjanje uz stepenice,273
2013,Broj,Republika Srpska,Ukupno,Pamćenje ili koncentracija,18330
2013,Broj,Republika Srpska,M,Pamćenje ili koncentracija,8168
2013,Broj,Republika Srpska,Ž,Pamćenje ili koncentracija,10162
2013,Broj,Grad Banja Luka,Ukupno,Pamćenje ili koncentracija,2300
2013,Broj,Grad Banja Luka,M,Pamćenje ili koncentracija,1087
2013,Broj,Grad Banja Luka,Ž,Pamćenje ili koncentracija,1213
2013,Broj,Berkovići,Ukupno,Pamćenje ili koncentracija,35
2013,Broj,Berkovići,M,Pamćenje ili koncentracija,13
2013,Broj,Berkovići,Ž,Pamćenje ili koncentracija,22
2013,Broj,Grad Bijeljina,Ukupno,Pamćenje ili koncentracija,1415
2013,Broj,Grad Bijeljina,M,Pamćenje ili koncentracija,630
2013,Broj,Grad Bijeljina,Ž,Pamćenje ili koncentracija,785
2013,Broj,Bileća,Ukupno,Pamćenje ili koncentracija,126
2013,Broj,Bileća,M,Pamćenje ili koncentracija,61
2013,Broj,Bileća,Ž,Pamćenje ili koncentracija,65
2013,Broj,Bratunac,Ukupno,Pamćenje ili koncentracija,290
2013,Broj,Bratunac,M,Pamćenje ili koncentracija,116
2013,Broj,Bratunac,Ž,Pamćenje ili koncentracija,174
2013,Broj,Brod,Ukupno,Pamćenje ili koncentracija,239
2013,Broj,Brod,M,Pamćenje ili koncentracija,104
2013,Broj,Brod,Ž,Pamćenje ili koncentracija,135
2013,Broj,Višegrad,Ukupno,Pamćenje ili koncentracija,309
2013,Broj,Višegrad,M,Pamćenje ili koncentracija,75
2013,Broj,Višegrad,Ž,Pamćenje ili koncentracija,234
2013,Broj,Vlasenica,Ukupno,Pamćenje ili koncentracija,137
2013,Broj,Vlasenica,M,Pamćenje ili koncentracija,60
2013,Broj,Vlasenica,Ž,Pamćenje ili koncentracija,77
2013,Broj,Vukosavlje,Ukupno,Pamćenje ili koncentracija,74
2013,Broj,Vukosavlje,M,Pamćenje ili koncentracija,37
2013,Broj,Vukosavlje,Ž,Pamćenje ili koncentracija,37
2013,Broj,Gacko,Ukupno,Pamćenje ili koncentracija,90
2013,Broj,Gacko,M,Pamćenje ili koncentracija,42
2013,Broj,Gacko,Ž,Pamćenje ili koncentracija,48
2013,Broj,Grad Gradiška,Ukupno,Pamćenje ili koncentracija,831
2013,Broj,Grad Gradiška,M,Pamćenje ili koncentracija,338
2013,Broj,Grad Gradiška,Ž,Pamćenje ili koncentracija,493
2013,Broj,Grad Derventa,Ukupno,Pamćenje ili koncentracija,455
2013,Broj,Grad Derventa,M,Pamćenje ili koncentracija,195
2013,Broj,Grad Derventa,Ž,Pamćenje ili koncentracija,260
2013,Broj,Grad Doboj,Ukupno,Pamćenje ili koncentracija,1369
2013,Broj,Grad Doboj,M,Pamćenje ili koncentracija,596
2013,Broj,Grad Doboj,Ž,Pamćenje ili koncentracija,773
2013,Broj,Donji Žabar,Ukupno,Pamćenje ili koncentracija,40
2013,Broj,Donji Žabar,M,Pamćenje ili koncentracija,19
2013,Broj,Donji Žabar,Ž,Pamćenje ili koncentracija,21
2013,Broj,Grad Zvornik,Ukupno,Pamćenje ili koncentracija,762
2013,Broj,Grad Zvornik,M,Pamćenje ili koncentracija,330
2013,Broj,Grad Zvornik,Ž,Pamćenje ili koncentracija,432
2013,Broj,Istočna Ilidža,Ukupno,Pamćenje ili koncentracija,149
2013,Broj,Istočna Ilidža,M,Pamćenje ili koncentracija,64
2013,Broj,Istočna Ilidža,Ž,Pamćenje ili koncentracija,85
2013,Broj,Istočni Drvar,Ukupno,Pamćenje ili koncentracija,1
2013,Broj,Istočni Drvar,M,Pamćenje ili koncentracija,0
2013,Broj,Istočni Drvar,Ž,Pamćenje ili koncentracija,1
2013,Broj,Istočni Mostar,Ukupno,Pamćenje ili koncentracija,3
2013,Broj,Istočni Mostar,M,Pamćenje ili koncentracija,2
2013,Broj,Istočni Mostar,Ž,Pamćenje ili koncentracija,1
2013,Broj,Istočni Stari Grad,Ukupno,Pamćenje ili koncentracija,20
2013,Broj,Istočni Stari Grad,M,Pamćenje ili koncentracija,9
2013,Broj,Istočni Stari Grad,Ž,Pamćenje ili koncentracija,11
2013,Broj,Istočno Novo Sarajevo,Ukupno,Pamćenje ili koncentracija,104
2013,Broj,Istočno Novo Sarajevo,M,Pamćenje ili koncentracija,49
2013,Broj,Istočno Novo Sarajevo,Ž,Pamćenje ili koncentracija,55
2013,Broj,Jezero,Ukupno,Pamćenje ili koncentracija,27
2013,Broj,Jezero,M,Pamćenje ili koncentracija,15
2013,Broj,Jezero,Ž,Pamćenje ili koncentracija,12
2013,Broj,Kalinovik,Ukupno,Pamćenje ili koncentracija,27
2013,Broj,Kalinovik,M,Pamćenje ili koncentracija,10
2013,Broj,Kalinovik,Ž,Pamćenje ili koncentracija,17
2013,Broj,Kneževo,Ukupno,Pamćenje ili koncentracija,238
2013,Broj,Kneževo,M,Pamćenje ili koncentracija,113
2013,Broj,Kneževo,Ž,Pamćenje ili koncentracija,125
2013,Broj,Kozarska Dubica,Ukupno,Pamćenje ili koncentracija,331
2013,Broj,Kozarska Dubica,M,Pamćenje ili koncentracija,154
2013,Broj,Kozarska Dubica,Ž,Pamćenje ili koncentracija,177
2013,Broj,Kostajnica,Ukupno,Pamćenje ili koncentracija,98
2013,Broj,Kostajnica,M,Pamćenje ili koncentracija,41
2013,Broj,Kostajnica,Ž,Pamćenje ili koncentracija,57
2013,Broj,Kotor Varoš,Ukupno,Pamćenje ili koncentracija,339
2013,Broj,Kotor Varoš,M,Pamćenje ili koncentracija,154
2013,Broj,Kotor Varoš,Ž,Pamćenje ili koncentracija,185
2013,Broj,Krupa Na Uni,Ukupno,Pamćenje ili koncentracija,40
2013,Broj,Krupa Na Uni,M,Pamćenje ili koncentracija,19
2013,Broj,Krupa Na Uni,Ž,Pamćenje ili koncentracija,21
2013,Broj,Kupres,Ukupno,Pamćenje ili koncentracija,13
2013,Broj,Kupres,M,Pamćenje ili koncentracija,9
2013,Broj,Kupres,Ž,Pamćenje ili koncentracija,4
2013,Broj,Laktaši,Ukupno,Pamćenje ili koncentracija,410
2013,Broj,Laktaši,M,Pamćenje ili koncentracija,204
2013,Broj,Laktaši,Ž,Pamćenje ili koncentracija,206
2013,Broj,Lopare,Ukupno,Pamćenje ili koncentracija,281
2013,Broj,Lopare,M,Pamćenje ili koncentracija,140
2013,Broj,Lopare,Ž,Pamćenje ili koncentracija,141
2013,Broj,Ljubinje,Ukupno,Pamćenje ili koncentracija,44
2013,Broj,Ljubinje,M,Pamćenje ili koncentracija,17
2013,Broj,Ljubinje,Ž,Pamćenje ili koncentracija,27
2013,Broj,Milići,Ukupno,Pamćenje ili koncentracija,158
2013,Broj,Milići,M,Pamćenje ili koncentracija,64
2013,Broj,Milići,Ž,Pamćenje ili koncentracija,94
2013,Broj,Modriča,Ukupno,Pamćenje ili koncentracija,478
2013,Broj,Modriča,M,Pamćenje ili koncentracija,194
2013,Broj,Modriča,Ž,Pamćenje ili koncentracija,284
2013,Broj,Mrkonjić Grad,Ukupno,Pamćenje ili koncentracija,228
2013,Broj,Mrkonjić Grad,M,Pamćenje ili koncentracija,98
2013,Broj,Mrkonjić Grad,Ž,Pamćenje ili koncentracija,130
2013,Broj,Nevesinje,Ukupno,Pamćenje ili koncentracija,144
2013,Broj,Nevesinje,M,Pamćenje ili koncentracija,55
2013,Broj,Nevesinje,Ž,Pamćenje ili koncentracija,89
2013,Broj,Novi Grad,Ukupno,Pamćenje ili koncentracija,475
2013,Broj,Novi Grad,M,Pamćenje ili koncentracija,223
2013,Broj,Novi Grad,Ž,Pamćenje ili koncentracija,252
2013,Broj,Novo Goražde,Ukupno,Pamćenje ili koncentracija,36
2013,Broj,Novo Goražde,M,Pamćenje ili koncentracija,13
2013,Broj,Novo Goražde,Ž,Pamćenje ili koncentracija,23
2013,Broj,Osmaci,Ukupno,Pamćenje ili koncentracija,95
2013,Broj,Osmaci,M,Pamćenje ili koncentracija,43
2013,Broj,Osmaci,Ž,Pamćenje ili koncentracija,52
2013,Broj,Oštra Luka,Ukupno,Pamćenje ili koncentracija,60
2013,Broj,Oštra Luka,M,Pamćenje ili koncentracija,30
2013,Broj,Oštra Luka,Ž,Pamćenje ili koncentracija,30
2013,Broj,Pale,Ukupno,Pamćenje ili koncentracija,212
2013,Broj,Pale,M,Pamćenje ili koncentracija,91
2013,Broj,Pale,Ž,Pamćenje ili koncentracija,121
2013,Broj,Pelagićevo,Ukupno,Pamćenje ili koncentracija,133
2013,Broj,Pelagićevo,M,Pamćenje ili koncentracija,65
2013,Broj,Pelagićevo,Ž,Pamćenje ili koncentracija,68
2013,Broj,Petrovac,Ukupno,Pamćenje ili koncentracija,3
2013,Broj,Petrovac,M,Pamćenje ili koncentracija,1
2013,Broj,Petrovac,Ž,Pamćenje ili koncentracija,2
2013,Broj,Petrovo,Ukupno,Pamćenje ili koncentracija,150
2013,Broj,Petrovo,M,Pamćenje ili koncentracija,62
2013,Broj,Petrovo,Ž,Pamćenje ili koncentracija,88
2013,Broj,Grad Prijedor,Ukupno,Pamćenje ili koncentracija,1532
2013,Broj,Grad Prijedor,M,Pamćenje ili koncentracija,766
2013,Broj,Grad Prijedor,Ž,Pamćenje ili koncentracija,766
2013,Broj,Prnjavor,Ukupno,Pamćenje ili koncentracija,567
2013,Broj,Prnjavor,M,Pamćenje ili koncentracija,240
2013,Broj,Prnjavor,Ž,Pamćenje ili koncentracija,327
2013,Broj,Ribnik,Ukupno,Pamćenje ili koncentracija,123
2013,Broj,Ribnik,M,Pamćenje ili koncentracija,56
2013,Broj,Ribnik,Ž,Pamćenje ili koncentracija,67
2013,Broj,Rogatica,Ukupno,Pamćenje ili koncentracija,169
2013,Broj,Rogatica,M,Pamćenje ili koncentracija,72
2013,Broj,Rogatica,Ž,Pamćenje ili koncentracija,97
2013,Broj,Rudo,Ukupno,Pamćenje ili koncentracija,123
2013,Broj,Rudo,M,Pamćenje ili koncentracija,53
2013,Broj,Rudo,Ž,Pamćenje ili koncentracija,70
2013,Broj,Sokolac,Ukupno,Pamćenje ili koncentracija,164
2013,Broj,Sokolac,M,Pamćenje ili koncentracija,64
2013,Broj,Sokolac,Ž,Pamćenje ili koncentracija,100
2013,Broj,Srbac,Ukupno,Pamćenje ili koncentracija,316
2013,Broj,Srbac,M,Pamćenje ili koncentracija,148
2013,Broj,Srbac,Ž,Pamćenje ili koncentracija,168
2013,Broj,Srebrenica,Ukupno,Pamćenje ili koncentracija,218
2013,Broj,Srebrenica,M,Pamćenje ili koncentracija,82
2013,Broj,Srebrenica,Ž,Pamćenje ili koncentracija,136
2013,Broj,Teslić,Ukupno,Pamćenje ili koncentracija,644
2013,Broj,Teslić,M,Pamćenje ili koncentracija,272
2013,Broj,Teslić,Ž,Pamćenje ili koncentracija,372
2013,Broj,Grad Trebinje,Ukupno,Pamćenje ili koncentracija,313
2013,Broj,Grad Trebinje,M,Pamćenje ili koncentracija,143
2013,Broj,Grad Trebinje,Ž,Pamćenje ili koncentracija,170
2013,Broj,Trnovo,Ukupno,Pamćenje ili koncentracija,39
2013,Broj,Trnovo,M,Pamćenje ili koncentracija,22
2013,Broj,Trnovo,Ž,Pamćenje ili koncentracija,17
2013,Broj,Ugljevik,Ukupno,Pamćenje ili koncentracija,191
2013,Broj,Ugljevik,M,Pamćenje ili koncentracija,78
2013,Broj,Ugljevik,Ž,Pamćenje ili koncentracija,113
2013,Broj,Foča,Ukupno,Pamćenje ili koncentracija,265
2013,Broj,Foča,M,Pamćenje ili koncentracija,126
2013,Broj,Foča,Ž,Pamćenje ili koncentracija,139
2013,Broj,Han Pijesak,Ukupno,Pamćenje ili koncentracija,49
2013,Broj,Han Pijesak,M,Pamćenje ili koncentracija,15
2013,Broj,Han Pijesak,Ž,Pamćenje ili koncentracija,34
2013,Broj,Čajniče,Ukupno,Pamćenje ili koncentracija,67
2013,Broj,Čajniče,M,Pamćenje ili koncentracija,30
2013,Broj,Čajniče,Ž,Pamćenje ili koncentracija,37
2013,Broj,Čelinac,Ukupno,Pamćenje ili koncentracija,298
2013,Broj,Čelinac,M,Pamćenje ili koncentracija,150
2013,Broj,Čelinac,Ž,Pamćenje ili koncentracija,148
2013,Broj,Šamac,Ukupno,Pamćenje ili koncentracija,252
2013,Broj,Šamac,M,Pamćenje ili koncentracija,110
2013,Broj,Šamac,Ž,Pamćenje ili koncentracija,142
2013,Broj,Šekovići,Ukupno,Pamćenje ili koncentracija,94
2013,Broj,Šekovići,M,Pamćenje ili koncentracija,38
2013,Broj,Šekovići,Ž,Pamćenje ili koncentracija,56
2013,Broj,Šipovo,Ukupno,Pamćenje ili koncentracija,137
2013,Broj,Šipovo,M,Pamćenje ili koncentracija,61
2013,Broj,Šipovo,Ž,Pamćenje ili koncentracija,76
2013,Broj,Republika Srpska,Ukupno,Odijevanje i održavanje lične higijene,13502
2013,Broj,Republika Srpska,M,Odijevanje i održavanje lične higijene,5773
2013,Broj,Republika Srpska,Ž,Odijevanje i održavanje lične higijene,7729
2013,Broj,Grad Banja Luka,Ukupno,Odijevanje i održavanje lične higijene,1717
2013,Broj,Grad Banja Luka,M,Odijevanje i održavanje lične higijene,774
2013,Broj,Grad Banja Luka,Ž,Odijevanje i održavanje lične higijene,943
2013,Broj,Berkovići,Ukupno,Odijevanje i održavanje lične higijene,29
2013,Broj,Berkovići,M,Odijevanje i održavanje lične higijene,11
2013,Broj,Berkovići,Ž,Odijevanje i održavanje lične higijene,18
2013,Broj,Grad Bijeljina,Ukupno,Odijevanje i održavanje lične higijene,1050
2013,Broj,Grad Bijeljina,M,Odijevanje i održavanje lične higijene,468
2013,Broj,Grad Bijeljina,Ž,Odijevanje i održavanje lične higijene,582
2013,Broj,Bileća,Ukupno,Odijevanje i održavanje lične higijene,107
2013,Broj,Bileća,M,Odijevanje i održavanje lične higijene,44
2013,Broj,Bileća,Ž,Odijevanje i održavanje lične higijene,63
2013,Broj,Bratunac,Ukupno,Odijevanje i održavanje lične higijene,172
2013,Broj,Bratunac,M,Odijevanje i održavanje lične higijene,76
2013,Broj,Bratunac,Ž,Odijevanje i održavanje lične higijene,96
2013,Broj,Brod,Ukupno,Odijevanje i održavanje lične higijene,143
2013,Broj,Brod,M,Odijevanje i održavanje lične higijene,55
2013,Broj,Brod,Ž,Odijevanje i održavanje lične higijene,88
2013,Broj,Višegrad,Ukupno,Odijevanje i održavanje lične higijene,232
2013,Broj,Višegrad,M,Odijevanje i održavanje lične higijene,60
2013,Broj,Višegrad,Ž,Odijevanje i održavanje lične higijene,172
2013,Broj,Vlasenica,Ukupno,Odijevanje i održavanje lične higijene,104
2013,Broj,Vlasenica,M,Odijevanje i održavanje lične higijene,49
2013,Broj,Vlasenica,Ž,Odijevanje i održavanje lične higijene,55
2013,Broj,Vukosavlje,Ukupno,Odijevanje i održavanje lične higijene,53
2013,Broj,Vukosavlje,M,Odijevanje i održavanje lične higijene,30
2013,Broj,Vukosavlje,Ž,Odijevanje i održavanje lične higijene,23
2013,Broj,Gacko,Ukupno,Odijevanje i održavanje lične higijene,74
2013,Broj,Gacko,M,Odijevanje i održavanje lične higijene,25
2013,Broj,Gacko,Ž,Odijevanje i održavanje lične higijene,49
2013,Broj,Grad Gradiška,Ukupno,Odijevanje i održavanje lične higijene,617
2013,Broj,Grad Gradiška,M,Odijevanje i održavanje lične higijene,252
2013,Broj,Grad Gradiška,Ž,Odijevanje i održavanje lične higijene,365
2013,Broj,Grad Derventa,Ukupno,Odijevanje i održavanje lične higijene,298
2013,Broj,Grad Derventa,M,Odijevanje i održavanje lične higijene,114
2013,Broj,Grad Derventa,Ž,Odijevanje i održavanje lične higijene,184
2013,Broj,Grad Doboj,Ukupno,Odijevanje i održavanje lične higijene,1011
2013,Broj,Grad Doboj,M,Odijevanje i održavanje lične higijene,408
2013,Broj,Grad Doboj,Ž,Odijevanje i održavanje lične higijene,603
2013,Broj,Donji Žabar,Ukupno,Odijevanje i održavanje lične higijene,31
2013,Broj,Donji Žabar,M,Odijevanje i održavanje lične higijene,11
2013,Broj,Donji Žabar,Ž,Odijevanje i održavanje lične higijene,20
2013,Broj,Grad Zvornik,Ukupno,Odijevanje i održavanje lične higijene,518
2013,Broj,Grad Zvornik,M,Odijevanje i održavanje lične higijene,239
2013,Broj,Grad Zvornik,Ž,Odijevanje i održavanje lične higijene,279
2013,Broj,Istočna Ilidža,Ukupno,Odijevanje i održavanje lične higijene,175
2013,Broj,Istočna Ilidža,M,Odijevanje i održavanje lične higijene,83
2013,Broj,Istočna Ilidža,Ž,Odijevanje i održavanje lične higijene,92
2013,Broj,Istočni Drvar,Ukupno,Odijevanje i održavanje lične higijene,0
2013,Broj,Istočni Drvar,M,Odijevanje i održavanje lične higijene,0
2013,Broj,Istočni Drvar,Ž,Odijevanje i održavanje lične higijene,0
2013,Broj,Istočni Mostar,Ukupno,Odijevanje i održavanje lične higijene,2
2013,Broj,Istočni Mostar,M,Odijevanje i održavanje lične higijene,1
2013,Broj,Istočni Mostar,Ž,Odijevanje i održavanje lične higijene,1
2013,Broj,Istočni Stari Grad,Ukupno,Odijevanje i održavanje lične higijene,15
2013,Broj,Istočni Stari Grad,M,Odijevanje i održavanje lične higijene,6
2013,Broj,Istočni Stari Grad,Ž,Odijevanje i održavanje lične higijene,9
2013,Broj,Istočno Novo Sarajevo,Ukupno,Odijevanje i održavanje lične higijene,77
2013,Broj,Istočno Novo Sarajevo,M,Odijevanje i održavanje lične higijene,34
2013,Broj,Istočno Novo Sarajevo,Ž,Odijevanje i održavanje lične higijene,43
2013,Broj,Jezero,Ukupno,Odijevanje i održavanje lične higijene,18
2013,Broj,Jezero,M,Odijevanje i održavanje lične higijene,9
2013,Broj,Jezero,Ž,Odijevanje i održavanje lične higijene,9
2013,Broj,Kalinovik,Ukupno,Odijevanje i održavanje lične higijene,26
2013,Broj,Kalinovik,M,Odijevanje i održavanje lične higijene,8
2013,Broj,Kalinovik,Ž,Odijevanje i održavanje lične higijene,18
2013,Broj,Kneževo,Ukupno,Odijevanje i održavanje lične higijene,171
2013,Broj,Kneževo,M,Odijevanje i održavanje lične higijene,70
2013,Broj,Kneževo,Ž,Odijevanje i održavanje lične higijene,101
2013,Broj,Kozarska Dubica,Ukupno,Odijevanje i održavanje lične higijene,243
2013,Broj,Kozarska Dubica,M,Odijevanje i održavanje lične higijene,108
2013,Broj,Kozarska Dubica,Ž,Odijevanje i održavanje lične higijene,135
2013,Broj,Kostajnica,Ukupno,Odijevanje i održavanje lične higijene,69
2013,Broj,Kostajnica,M,Odijevanje i održavanje lične higijene,24
2013,Broj,Kostajnica,Ž,Odijevanje i održavanje lične higijene,45
2013,Broj,Kotor Varoš,Ukupno,Odijevanje i održavanje lične higijene,228
2013,Broj,Kotor Varoš,M,Odijevanje i održavanje lične higijene,100
2013,Broj,Kotor Varoš,Ž,Odijevanje i održavanje lične higijene,128
2013,Broj,Krupa Na Uni,Ukupno,Odijevanje i održavanje lične higijene,19
2013,Broj,Krupa Na Uni,M,Odijevanje i održavanje lične higijene,5
2013,Broj,Krupa Na Uni,Ž,Odijevanje i održavanje lične higijene,14
2013,Broj,Kupres,Ukupno,Odijevanje i održavanje lične higijene,6
2013,Broj,Kupres,M,Odijevanje i održavanje lične higijene,3
2013,Broj,Kupres,Ž,Odijevanje i održavanje lične higijene,3
2013,Broj,Laktaši,Ukupno,Odijevanje i održavanje lične higijene,324
2013,Broj,Laktaši,M,Odijevanje i održavanje lične higijene,162
2013,Broj,Laktaši,Ž,Odijevanje i održavanje lične higijene,162
2013,Broj,Lopare,Ukupno,Odijevanje i održavanje lične higijene,190
2013,Broj,Lopare,M,Odijevanje i održavanje lične higijene,85
2013,Broj,Lopare,Ž,Odijevanje i održavanje lične higijene,105
2013,Broj,Ljubinje,Ukupno,Odijevanje i održavanje lične higijene,44
2013,Broj,Ljubinje,M,Odijevanje i održavanje lične higijene,18
2013,Broj,Ljubinje,Ž,Odijevanje i održavanje lične higijene,26
2013,Broj,Milići,Ukupno,Odijevanje i održavanje lične higijene,107
2013,Broj,Milići,M,Odijevanje i održavanje lične higijene,42
2013,Broj,Milići,Ž,Odijevanje i održavanje lične higijene,65
2013,Broj,Modriča,Ukupno,Odijevanje i održavanje lične higijene,383
2013,Broj,Modriča,M,Odijevanje i održavanje lične higijene,152
2013,Broj,Modriča,Ž,Odijevanje i održavanje lične higijene,231
2013,Broj,Mrkonjić Grad,Ukupno,Odijevanje i održavanje lične higijene,203
2013,Broj,Mrkonjić Grad,M,Odijevanje i održavanje lične higijene,83
2013,Broj,Mrkonjić Grad,Ž,Odijevanje i održavanje lične higijene,120
2013,Broj,Nevesinje,Ukupno,Odijevanje i održavanje lične higijene,104
2013,Broj,Nevesinje,M,Odijevanje i održavanje lične higijene,38
2013,Broj,Nevesinje,Ž,Odijevanje i održavanje lične higijene,66
2013,Broj,Novi Grad,Ukupno,Odijevanje i održavanje lične higijene,373
2013,Broj,Novi Grad,M,Odijevanje i održavanje lične higijene,156
2013,Broj,Novi Grad,Ž,Odijevanje i održavanje lične higijene,217
2013,Broj,Novo Goražde,Ukupno,Odijevanje i održavanje lične higijene,20
2013,Broj,Novo Goražde,M,Odijevanje i održavanje lične higijene,7
2013,Broj,Novo Goražde,Ž,Odijevanje i održavanje lične higijene,13
2013,Broj,Osmaci,Ukupno,Odijevanje i održavanje lične higijene,43
2013,Broj,Osmaci,M,Odijevanje i održavanje lične higijene,16
2013,Broj,Osmaci,Ž,Odijevanje i održavanje lične higijene,27
2013,Broj,Oštra Luka,Ukupno,Odijevanje i održavanje lične higijene,39
2013,Broj,Oštra Luka,M,Odijevanje i održavanje lične higijene,17
2013,Broj,Oštra Luka,Ž,Odijevanje i održavanje lične higijene,22
2013,Broj,Pale,Ukupno,Odijevanje i održavanje lične higijene,174
2013,Broj,Pale,M,Odijevanje i održavanje lične higijene,80
2013,Broj,Pale,Ž,Odijevanje i održavanje lične higijene,94
2013,Broj,Pelagićevo,Ukupno,Odijevanje i održavanje lične higijene,71
2013,Broj,Pelagićevo,M,Odijevanje i održavanje lične higijene,33
2013,Broj,Pelagićevo,Ž,Odijevanje i održavanje lične higijene,38
2013,Broj,Petrovac,Ukupno,Odijevanje i održavanje lične higijene,4
2013,Broj,Petrovac,M,Odijevanje i održavanje lične higijene,1
2013,Broj,Petrovac,Ž,Odijevanje i održavanje lične higijene,3
2013,Broj,Petrovo,Ukupno,Odijevanje i održavanje lične higijene,106
2013,Broj,Petrovo,M,Odijevanje i održavanje lične higijene,40
2013,Broj,Petrovo,Ž,Odijevanje i održavanje lične higijene,66
2013,Broj,Grad Prijedor,Ukupno,Odijevanje i održavanje lične higijene,1081
2013,Broj,Grad Prijedor,M,Odijevanje i održavanje lične higijene,517
2013,Broj,Grad Prijedor,Ž,Odijevanje i održavanje lične higijene,564
2013,Broj,Prnjavor,Ukupno,Odijevanje i održavanje lične higijene,418
2013,Broj,Prnjavor,M,Odijevanje i održavanje lične higijene,182
2013,Broj,Prnjavor,Ž,Odijevanje i održavanje lične higijene,236
2013,Broj,Ribnik,Ukupno,Odijevanje i održavanje lične higijene,111
2013,Broj,Ribnik,M,Odijevanje i održavanje lične higijene,50
2013,Broj,Ribnik,Ž,Odijevanje i održavanje lične higijene,61
2013,Broj,Rogatica,Ukupno,Odijevanje i održavanje lične higijene,153
2013,Broj,Rogatica,M,Odijevanje i održavanje lične higijene,59
2013,Broj,Rogatica,Ž,Odijevanje i održavanje lične higijene,94
2013,Broj,Rudo,Ukupno,Odijevanje i održavanje lične higijene,85
2013,Broj,Rudo,M,Odijevanje i održavanje lične higijene,40
2013,Broj,Rudo,Ž,Odijevanje i održavanje lične higijene,45
2013,Broj,Sokolac,Ukupno,Odijevanje i održavanje lične higijene,143
2013,Broj,Sokolac,M,Odijevanje i održavanje lične higijene,55
2013,Broj,Sokolac,Ž,Odijevanje i održavanje lične higijene,88
2013,Broj,Srbac,Ukupno,Odijevanje i održavanje lične higijene,174
2013,Broj,Srbac,M,Odijevanje i održavanje lične higijene,78
2013,Broj,Srbac,Ž,Odijevanje i održavanje lične higijene,96
2013,Broj,Srebrenica,Ukupno,Odijevanje i održavanje lične higijene,99
2013,Broj,Srebrenica,M,Odijevanje i održavanje lične higijene,34
2013,Broj,Srebrenica,Ž,Odijevanje i održavanje lične higijene,65
2013,Broj,Teslić,Ukupno,Odijevanje i održavanje lične higijene,499
2013,Broj,Teslić,M,Odijevanje i održavanje lične higijene,209
2013,Broj,Teslić,Ž,Odijevanje i održavanje lične higijene,290
2013,Broj,Grad Trebinje,Ukupno,Odijevanje i održavanje lične higijene,283
2013,Broj,Grad Trebinje,M,Odijevanje i održavanje lične higijene,104
2013,Broj,Grad Trebinje,Ž,Odijevanje i održavanje lične higijene,179
2013,Broj,Trnovo,Ukupno,Odijevanje i održavanje lične higijene,31
2013,Broj,Trnovo,M,Odijevanje i održavanje lične higijene,12
2013,Broj,Trnovo,Ž,Odijevanje i održavanje lične higijene,19
2013,Broj,Ugljevik,Ukupno,Odijevanje i održavanje lične higijene,151
2013,Broj,Ugljevik,M,Odijevanje i održavanje lične higijene,63
2013,Broj,Ugljevik,Ž,Odijevanje i održavanje lične higijene,88
2013,Broj,Foča,Ukupno,Odijevanje i održavanje lične higijene,230
2013,Broj,Foča,M,Odijevanje i održavanje lične higijene,97
2013,Broj,Foča,Ž,Odijevanje i održavanje lične higijene,133
2013,Broj,Han Pijesak,Ukupno,Odijevanje i održavanje lične higijene,48
2013,Broj,Han Pijesak,M,Odijevanje i održavanje lične higijene,15
2013,Broj,Han Pijesak,Ž,Odijevanje i održavanje lične higijene,33
2013,Broj,Čajniče,Ukupno,Odijevanje i održavanje lične higijene,50
2013,Broj,Čajniče,M,Odijevanje i održavanje lične higijene,23
2013,Broj,Čajniče,Ž,Odijevanje i održavanje lične higijene,27
2013,Broj,Čelinac,Ukupno,Odijevanje i održavanje lične higijene,210
2013,Broj,Čelinac,M,Odijevanje i održavanje lične higijene,96
2013,Broj,Čelinac,Ž,Odijevanje i održavanje lične higijene,114
2013,Broj,Šamac,Ukupno,Odijevanje i održavanje lične higijene,159
2013,Broj,Šamac,M,Odijevanje i održavanje lične higijene,67
2013,Broj,Šamac,Ž,Odijevanje i održavanje lične higijene,92
2013,Broj,Šekovići,Ukupno,Odijevanje i održavanje lične higijene,60
2013,Broj,Šekovići,M,Odijevanje i održavanje lične higijene,29
2013,Broj,Šekovići,Ž,Odijevanje i održavanje lične higijene,31
2013,Broj,Šipovo,Ukupno,Odijevanje i održavanje lične higijene,127
2013,Broj,Šipovo,M,Odijevanje i održavanje lične higijene,46
2013,Broj,Šipovo,Ž,Odijevanje i održavanje lične higijene,81
2013,Broj,Republika Srpska,Ukupno,Komunikacija,10723
2013,Broj,Republika Srpska,M,Komunikacija,5103
2013,Broj,Republika Srpska,Ž,Komunikacija,5620
2013,Broj,Grad Banja Luka,Ukupno,Komunikacija,1307
2013,Broj,Grad Banja Luka,M,Komunikacija,670
2013,Broj,Grad Banja Luka,Ž,Komunikacija,637
2013,Broj,Berkovići,Ukupno,Komunikacija,26
2013,Broj,Berkovići,M,Komunikacija,11
2013,Broj,Berkovići,Ž,Komunikacija,15
2013,Broj,Grad Bijeljina,Ukupno,Komunikacija,793
2013,Broj,Grad Bijeljina,M,Komunikacija,398
2013,Broj,Grad Bijeljina,Ž,Komunikacija,395
2013,Broj,Bileća,Ukupno,Komunikacija,89
2013,Broj,Bileća,M,Komunikacija,44
2013,Broj,Bileća,Ž,Komunikacija,45
2013,Broj,Bratunac,Ukupno,Komunikacija,135
2013,Broj,Bratunac,M,Komunikacija,56
2013,Broj,Bratunac,Ž,Komunikacija,79
2013,Broj,Brod,Ukupno,Komunikacija,121
2013,Broj,Brod,M,Komunikacija,60
2013,Broj,Brod,Ž,Komunikacija,61
2013,Broj,Višegrad,Ukupno,Komunikacija,202
2013,Broj,Višegrad,M,Komunikacija,55
2013,Broj,Višegrad,Ž,Komunikacija,147
2013,Broj,Vlasenica,Ukupno,Komunikacija,96
2013,Broj,Vlasenica,M,Komunikacija,50
2013,Broj,Vlasenica,Ž,Komunikacija,46
2013,Broj,Vukosavlje,Ukupno,Komunikacija,50
2013,Broj,Vukosavlje,M,Komunikacija,26
2013,Broj,Vukosavlje,Ž,Komunikacija,24
2013,Broj,Gacko,Ukupno,Komunikacija,70
2013,Broj,Gacko,M,Komunikacija,30
2013,Broj,Gacko,Ž,Komunikacija,40
2013,Broj,Grad Gradiška,Ukupno,Komunikacija,504
2013,Broj,Grad Gradiška,M,Komunikacija,220
2013,Broj,Grad Gradiška,Ž,Komunikacija,284
2013,Broj,Grad Derventa,Ukupno,Komunikacija,255
2013,Broj,Grad Derventa,M,Komunikacija,118
2013,Broj,Grad Derventa,Ž,Komunikacija,137
2013,Broj,Grad Doboj,Ukupno,Komunikacija,786
2013,Broj,Grad Doboj,M,Komunikacija,353
2013,Broj,Grad Doboj,Ž,Komunikacija,433
2013,Broj,Donji Žabar,Ukupno,Komunikacija,23
2013,Broj,Donji Žabar,M,Komunikacija,13
2013,Broj,Donji Žabar,Ž,Komunikacija,10
2013,Broj,Grad Zvornik,Ukupno,Komunikacija,402
2013,Broj,Grad Zvornik,M,Komunikacija,184
2013,Broj,Grad Zvornik,Ž,Komunikacija,218
2013,Broj,Istočna Ilidža,Ukupno,Komunikacija,113
2013,Broj,Istočna Ilidža,M,Komunikacija,54
2013,Broj,Istočna Ilidža,Ž,Komunikacija,59
2013,Broj,Istočni Drvar,Ukupno,Komunikacija,0
2013,Broj,Istočni Drvar,M,Komunikacija,0
2013,Broj,Istočni Drvar,Ž,Komunikacija,0
2013,Broj,Istočni Mostar,Ukupno,Komunikacija,2
2013,Broj,Istočni Mostar,M,Komunikacija,1
2013,Broj,Istočni Mostar,Ž,Komunikacija,1
2013,Broj,Istočni Stari Grad,Ukupno,Komunikacija,14
2013,Broj,Istočni Stari Grad,M,Komunikacija,9
2013,Broj,Istočni Stari Grad,Ž,Komunikacija,5
2013,Broj,Istočno Novo Sarajevo,Ukupno,Komunikacija,65
2013,Broj,Istočno Novo Sarajevo,M,Komunikacija,33
2013,Broj,Istočno Novo Sarajevo,Ž,Komunikacija,32
2013,Broj,Jezero,Ukupno,Komunikacija,14
2013,Broj,Jezero,M,Komunikacija,6
2013,Broj,Jezero,Ž,Komunikacija,8
2013,Broj,Kalinovik,Ukupno,Komunikacija,17
2013,Broj,Kalinovik,M,Komunikacija,8
2013,Broj,Kalinovik,Ž,Komunikacija,9
2013,Broj,Kneževo,Ukupno,Komunikacija,140
2013,Broj,Kneževo,M,Komunikacija,59
2013,Broj,Kneževo,Ž,Komunikacija,81
2013,Broj,Kozarska Dubica,Ukupno,Komunikacija,187
2013,Broj,Kozarska Dubica,M,Komunikacija,94
2013,Broj,Kozarska Dubica,Ž,Komunikacija,93
2013,Broj,Kostajnica,Ukupno,Komunikacija,53
2013,Broj,Kostajnica,M,Komunikacija,21
2013,Broj,Kostajnica,Ž,Komunikacija,32
2013,Broj,Kotor Varoš,Ukupno,Komunikacija,176
2013,Broj,Kotor Varoš,M,Komunikacija,84
2013,Broj,Kotor Varoš,Ž,Komunikacija,92
2013,Broj,Krupa Na Uni,Ukupno,Komunikacija,20
2013,Broj,Krupa Na Uni,M,Komunikacija,8
2013,Broj,Krupa Na Uni,Ž,Komunikacija,12
2013,Broj,Kupres,Ukupno,Komunikacija,6
2013,Broj,Kupres,M,Komunikacija,4
2013,Broj,Kupres,Ž,Komunikacija,2
2013,Broj,Laktaši,Ukupno,Komunikacija,283
2013,Broj,Laktaši,M,Komunikacija,148
2013,Broj,Laktaši,Ž,Komunikacija,135
2013,Broj,Lopare,Ukupno,Komunikacija,168
2013,Broj,Lopare,M,Komunikacija,86
2013,Broj,Lopare,Ž,Komunikacija,82
2013,Broj,Ljubinje,Ukupno,Komunikacija,31
2013,Broj,Ljubinje,M,Komunikacija,14
2013,Broj,Ljubinje,Ž,Komunikacija,17
2013,Broj,Milići,Ukupno,Komunikacija,77
2013,Broj,Milići,M,Komunikacija,27
2013,Broj,Milići,Ž,Komunikacija,50
2013,Broj,Modriča,Ukupno,Komunikacija,309
2013,Broj,Modriča,M,Komunikacija,139
2013,Broj,Modriča,Ž,Komunikacija,170
2013,Broj,Mrkonjić Grad,Ukupno,Komunikacija,176
2013,Broj,Mrkonjić Grad,M,Komunikacija,73
2013,Broj,Mrkonjić Grad,Ž,Komunikacija,103
2013,Broj,Nevesinje,Ukupno,Komunikacija,107
2013,Broj,Nevesinje,M,Komunikacija,43
2013,Broj,Nevesinje,Ž,Komunikacija,64
2013,Broj,Novi Grad,Ukupno,Komunikacija,277
2013,Broj,Novi Grad,M,Komunikacija,121
2013,Broj,Novi Grad,Ž,Komunikacija,156
2013,Broj,Novo Goražde,Ukupno,Komunikacija,18
2013,Broj,Novo Goražde,M,Komunikacija,5
2013,Broj,Novo Goražde,Ž,Komunikacija,13
2013,Broj,Osmaci,Ukupno,Komunikacija,40
2013,Broj,Osmaci,M,Komunikacija,19
2013,Broj,Osmaci,Ž,Komunikacija,21
2013,Broj,Oštra Luka,Ukupno,Komunikacija,26
2013,Broj,Oštra Luka,M,Komunikacija,10
2013,Broj,Oštra Luka,Ž,Komunikacija,16
2013,Broj,Pale,Ukupno,Komunikacija,130
2013,Broj,Pale,M,Komunikacija,59
2013,Broj,Pale,Ž,Komunikacija,71
2013,Broj,Pelagićevo,Ukupno,Komunikacija,68
2013,Broj,Pelagićevo,M,Komunikacija,33
2013,Broj,Pelagićevo,Ž,Komunikacija,35
2013,Broj,Petrovac,Ukupno,Komunikacija,1
2013,Broj,Petrovac,M,Komunikacija,0
2013,Broj,Petrovac,Ž,Komunikacija,1
2013,Broj,Petrovo,Ukupno,Komunikacija,64
2013,Broj,Petrovo,M,Komunikacija,36
2013,Broj,Petrovo,Ž,Komunikacija,28
2013,Broj,Grad Prijedor,Ukupno,Komunikacija,927
2013,Broj,Grad Prijedor,M,Komunikacija,517
2013,Broj,Grad Prijedor,Ž,Komunikacija,410
2013,Broj,Prnjavor,Ukupno,Komunikacija,320
2013,Broj,Prnjavor,M,Komunikacija,162
2013,Broj,Prnjavor,Ž,Komunikacija,158
2013,Broj,Ribnik,Ukupno,Komunikacija,91
2013,Broj,Ribnik,M,Komunikacija,45
2013,Broj,Ribnik,Ž,Komunikacija,46
2013,Broj,Rogatica,Ukupno,Komunikacija,90
2013,Broj,Rogatica,M,Komunikacija,45
2013,Broj,Rogatica,Ž,Komunikacija,45
2013,Broj,Rudo,Ukupno,Komunikacija,68
2013,Broj,Rudo,M,Komunikacija,29
2013,Broj,Rudo,Ž,Komunikacija,39
2013,Broj,Sokolac,Ukupno,Komunikacija,112
2013,Broj,Sokolac,M,Komunikacija,43
2013,Broj,Sokolac,Ž,Komunikacija,69
2013,Broj,Srbac,Ukupno,Komunikacija,171
2013,Broj,Srbac,M,Komunikacija,81
2013,Broj,Srbac,Ž,Komunikacija,90
2013,Broj,Srebrenica,Ukupno,Komunikacija,80
2013,Broj,Srebrenica,M,Komunikacija,33
2013,Broj,Srebrenica,Ž,Komunikacija,47
2013,Broj,Teslić,Ukupno,Komunikacija,387
2013,Broj,Teslić,M,Komunikacija,189
2013,Broj,Teslić,Ž,Komunikacija,198
2013,Broj,Grad Trebinje,Ukupno,Komunikacija,205
2013,Broj,Grad Trebinje,M,Komunikacija,94
2013,Broj,Grad Trebinje,Ž,Komunikacija,111
2013,Broj,Trnovo,Ukupno,Komunikacija,22
2013,Broj,Trnovo,M,Komunikacija,12
2013,Broj,Trnovo,Ž,Komunikacija,10
2013,Broj,Ugljevik,Ukupno,Komunikacija,93
2013,Broj,Ugljevik,M,Komunikacija,41
2013,Broj,Ugljevik,Ž,Komunikacija,52
2013,Broj,Foča,Ukupno,Komunikacija,170
2013,Broj,Foča,M,Komunikacija,81
2013,Broj,Foča,Ž,Komunikacija,89
2013,Broj,Han Pijesak,Ukupno,Komunikacija,36
2013,Broj,Han Pijesak,M,Komunikacija,14
2013,Broj,Han Pijesak,Ž,Komunikacija,22
2013,Broj,Čajniče,Ukupno,Komunikacija,41
2013,Broj,Čajniče,M,Komunikacija,17
2013,Broj,Čajniče,Ž,Komunikacija,24
2013,Broj,Čelinac,Ukupno,Komunikacija,163
2013,Broj,Čelinac,M,Komunikacija,72
2013,Broj,Čelinac,Ž,Komunikacija,91
2013,Broj,Šamac,Ukupno,Komunikacija,146
2013,Broj,Šamac,M,Komunikacija,71
2013,Broj,Šamac,Ž,Komunikacija,75
2013,Broj,Šekovići,Ukupno,Komunikacija,68
2013,Broj,Šekovići,M,Komunikacija,33
2013,Broj,Šekovići,Ž,Komunikacija,35
2013,Broj,Šipovo,Ukupno,Komunikacija,92
2013,Broj,Šipovo,M,Komunikacija,42
2013,Broj,Šipovo,Ž,Komunikacija,50
2013,Broj,Republika Srpska,Ukupno,Višestruke poteškoće,38298
2013,Broj,Republika Srpska,M,Višestruke poteškoće,16292
2013,Broj,Republika Srpska,Ž,Višestruke poteškoće,22006
2013,Broj,Grad Banja Luka,Ukupno,Višestruke poteškoće,4944
2013,Broj,Grad Banja Luka,M,Višestruke poteškoće,2158
2013,Broj,Grad Banja Luka,Ž,Višestruke poteškoće,2786
2013,Broj,Berkovići,Ukupno,Višestruke poteškoće,73
2013,Broj,Berkovići,M,Višestruke poteškoće,32
2013,Broj,Berkovići,Ž,Višestruke poteškoće,41
2013,Broj,Grad Bijeljina,Ukupno,Višestruke poteškoće,3094
2013,Broj,Grad Bijeljina,M,Višestruke poteškoće,1359
2013,Broj,Grad Bijeljina,Ž,Višestruke poteškoće,1735
2013,Broj,Bileća,Ukupno,Višestruke poteškoće,350
2013,Broj,Bileća,M,Višestruke poteškoće,151
2013,Broj,Bileća,Ž,Višestruke poteškoće,199
2013,Broj,Bratunac,Ukupno,Višestruke poteškoće,566
2013,Broj,Bratunac,M,Višestruke poteškoće,243
2013,Broj,Bratunac,Ž,Višestruke poteškoće,323
2013,Broj,Brod,Ukupno,Višestruke poteškoće,485
2013,Broj,Brod,M,Višestruke poteškoće,194
2013,Broj,Brod,Ž,Višestruke poteškoće,291
2013,Broj,Višegrad,Ukupno,Višestruke poteškoće,477
2013,Broj,Višegrad,M,Višestruke poteškoće,145
2013,Broj,Višegrad,Ž,Višestruke poteškoće,332
2013,Broj,Vlasenica,Ukupno,Višestruke poteškoće,305
2013,Broj,Vlasenica,M,Višestruke poteškoće,130
2013,Broj,Vlasenica,Ž,Višestruke poteškoće,175
2013,Broj,Vukosavlje,Ukupno,Višestruke poteškoće,158
2013,Broj,Vukosavlje,M,Višestruke poteškoće,77
2013,Broj,Vukosavlje,Ž,Višestruke poteškoće,81
2013,Broj,Gacko,Ukupno,Višestruke poteškoće,219
2013,Broj,Gacko,M,Višestruke poteškoće,84
2013,Broj,Gacko,Ž,Višestruke poteškoće,135
2013,Broj,Grad Gradiška,Ukupno,Višestruke poteškoće,1641
2013,Broj,Grad Gradiška,M,Višestruke poteškoće,637
2013,Broj,Grad Gradiška,Ž,Višestruke poteškoće,1004
2013,Broj,Grad Derventa,Ukupno,Višestruke poteškoće,938
2013,Broj,Grad Derventa,M,Višestruke poteškoće,385
2013,Broj,Grad Derventa,Ž,Višestruke poteškoće,553
2013,Broj,Grad Doboj,Ukupno,Višestruke poteškoće,3008
2013,Broj,Grad Doboj,M,Višestruke poteškoće,1227
2013,Broj,Grad Doboj,Ž,Višestruke poteškoće,1781
2013,Broj,Donji Žabar,Ukupno,Višestruke poteškoće,89
2013,Broj,Donji Žabar,M,Višestruke poteškoće,42
2013,Broj,Donji Žabar,Ž,Višestruke poteškoće,47
2013,Broj,Grad Zvornik,Ukupno,Višestruke poteškoće,1546
2013,Broj,Grad Zvornik,M,Višestruke poteškoće,670
2013,Broj,Grad Zvornik,Ž,Višestruke poteškoće,876
2013,Broj,Istočna Ilidža,Ukupno,Višestruke poteškoće,394
2013,Broj,Istočna Ilidža,M,Višestruke poteškoće,171
2013,Broj,Istočna Ilidža,Ž,Višestruke poteškoće,223
2013,Broj,Istočni Drvar,Ukupno,Višestruke poteškoće,4
2013,Broj,Istočni Drvar,M,Višestruke poteškoće,1
2013,Broj,Istočni Drvar,Ž,Višestruke poteškoće,3
2013,Broj,Istočni Mostar,Ukupno,Višestruke poteškoće,7
2013,Broj,Istočni Mostar,M,Višestruke poteškoće,2
2013,Broj,Istočni Mostar,Ž,Višestruke poteškoće,5
2013,Broj,Istočni Stari Grad,Ukupno,Višestruke poteškoće,32
2013,Broj,Istočni Stari Grad,M,Višestruke poteškoće,16
2013,Broj,Istočni Stari Grad,Ž,Višestruke poteškoće,16
2013,Broj,Istočno Novo Sarajevo,Ukupno,Višestruke poteškoće,206
2013,Broj,Istočno Novo Sarajevo,M,Višestruke poteškoće,87
2013,Broj,Istočno Novo Sarajevo,Ž,Višestruke poteškoće,119
2013,Broj,Jezero,Ukupno,Višestruke poteškoće,40
2013,Broj,Jezero,M,Višestruke poteškoće,17
2013,Broj,Jezero,Ž,Višestruke poteškoće,23
2013,Broj,Kalinovik,Ukupno,Višestruke poteškoće,80
2013,Broj,Kalinovik,M,Višestruke poteškoće,30
2013,Broj,Kalinovik,Ž,Višestruke poteškoće,50
2013,Broj,Kneževo,Ukupno,Višestruke poteškoće,399
2013,Broj,Kneževo,M,Višestruke poteškoće,178
2013,Broj,Kneževo,Ž,Višestruke poteškoće,221
2013,Broj,Kozarska Dubica,Ukupno,Višestruke poteškoće,741
2013,Broj,Kozarska Dubica,M,Višestruke poteškoće,302
2013,Broj,Kozarska Dubica,Ž,Višestruke poteškoće,439
2013,Broj,Kostajnica,Ukupno,Višestruke poteškoće,209
2013,Broj,Kostajnica,M,Višestruke poteškoće,93
2013,Broj,Kostajnica,Ž,Višestruke poteškoće,116
2013,Broj,Kotor Varoš,Ukupno,Višestruke poteškoće,702
2013,Broj,Kotor Varoš,M,Višestruke poteškoće,310
2013,Broj,Kotor Varoš,Ž,Višestruke poteškoće,392
2013,Broj,Krupa Na Uni,Ukupno,Višestruke poteškoće,88
2013,Broj,Krupa Na Uni,M,Višestruke poteškoće,40
2013,Broj,Krupa Na Uni,Ž,Višestruke poteškoće,48
2013,Broj,Kupres,Ukupno,Višestruke poteškoće,21
2013,Broj,Kupres,M,Višestruke poteškoće,13
2013,Broj,Kupres,Ž,Višestruke poteškoće,8
2013,Broj,Laktaši,Ukupno,Višestruke poteškoće,887
2013,Broj,Laktaši,M,Višestruke poteškoće,413
2013,Broj,Laktaši,Ž,Višestruke poteškoće,474
2013,Broj,Lopare,Ukupno,Višestruke poteškoće,583
2013,Broj,Lopare,M,Višestruke poteškoće,254
2013,Broj,Lopare,Ž,Višestruke poteškoće,329
2013,Broj,Ljubinje,Ukupno,Višestruke poteškoće,81
2013,Broj,Ljubinje,M,Višestruke poteškoće,34
2013,Broj,Ljubinje,Ž,Višestruke poteškoće,47
2013,Broj,Milići,Ukupno,Višestruke poteškoće,314
2013,Broj,Milići,M,Višestruke poteškoće,130
2013,Broj,Milići,Ž,Višestruke poteškoće,184
2013,Broj,Modriča,Ukupno,Višestruke poteškoće,927
2013,Broj,Modriča,M,Višestruke poteškoće,399
2013,Broj,Modriča,Ž,Višestruke poteškoće,528
2013,Broj,Mrkonjić Grad,Ukupno,Višestruke poteškoće,475
2013,Broj,Mrkonjić Grad,M,Višestruke poteškoće,210
2013,Broj,Mrkonjić Grad,Ž,Višestruke poteškoće,265
2013,Broj,Nevesinje,Ukupno,Višestruke poteškoće,327
2013,Broj,Nevesinje,M,Višestruke poteškoće,130
2013,Broj,Nevesinje,Ž,Višestruke poteškoće,197
2013,Broj,Novi Grad,Ukupno,Višestruke poteškoće,1049
2013,Broj,Novi Grad,M,Višestruke poteškoće,446
2013,Broj,Novi Grad,Ž,Višestruke poteškoće,603
2013,Broj,Novo Goražde,Ukupno,Višestruke poteškoće,75
2013,Broj,Novo Goražde,M,Višestruke poteškoće,28
2013,Broj,Novo Goražde,Ž,Višestruke poteškoće,47
2013,Broj,Osmaci,Ukupno,Višestruke poteškoće,189
2013,Broj,Osmaci,M,Višestruke poteškoće,79
2013,Broj,Osmaci,Ž,Višestruke poteškoće,110
2013,Broj,Oštra Luka,Ukupno,Višestruke poteškoće,132
2013,Broj,Oštra Luka,M,Višestruke poteškoće,63
2013,Broj,Oštra Luka,Ž,Višestruke poteškoće,69
2013,Broj,Pale,Ukupno,Višestruke poteškoće,446
2013,Broj,Pale,M,Višestruke poteškoće,209
2013,Broj,Pale,Ž,Višestruke poteškoće,237
2013,Broj,Pelagićevo,Ukupno,Višestruke poteškoće,268
2013,Broj,Pelagićevo,M,Višestruke poteškoće,102
2013,Broj,Pelagićevo,Ž,Višestruke poteškoće,166
2013,Broj,Petrovac,Ukupno,Višestruke poteškoće,7
2013,Broj,Petrovac,M,Višestruke poteškoće,4
2013,Broj,Petrovac,Ž,Višestruke poteškoće,3
2013,Broj,Petrovo,Ukupno,Višestruke poteškoće,378
2013,Broj,Petrovo,M,Višestruke poteškoće,156
2013,Broj,Petrovo,Ž,Višestruke poteškoće,222
2013,Broj,Grad Prijedor,Ukupno,Višestruke poteškoće,2789
2013,Broj,Grad Prijedor,M,Višestruke poteškoće,1276
2013,Broj,Grad Prijedor,Ž,Višestruke poteškoće,1513
2013,Broj,Prnjavor,Ukupno,Višestruke poteškoće,1199
2013,Broj,Prnjavor,M,Višestruke poteškoće,465
2013,Broj,Prnjavor,Ž,Višestruke poteškoće,734
2013,Broj,Ribnik,Ukupno,Višestruke poteškoće,272
2013,Broj,Ribnik,M,Višestruke poteškoće,128
2013,Broj,Ribnik,Ž,Višestruke poteškoće,144
2013,Broj,Rogatica,Ukupno,Višestruke poteškoće,407
2013,Broj,Rogatica,M,Višestruke poteškoće,164
2013,Broj,Rogatica,Ž,Višestruke poteškoće,243
2013,Broj,Rudo,Ukupno,Višestruke poteškoće,252
2013,Broj,Rudo,M,Višestruke poteškoće,104
2013,Broj,Rudo,Ž,Višestruke poteškoće,148
2013,Broj,Sokolac,Ukupno,Višestruke poteškoće,347
2013,Broj,Sokolac,M,Višestruke poteškoće,143
2013,Broj,Sokolac,Ž,Višestruke poteškoće,204
2013,Broj,Srbac,Ukupno,Višestruke poteškoće,576
2013,Broj,Srbac,M,Višestruke poteškoće,257
2013,Broj,Srbac,Ž,Višestruke poteškoće,319
2013,Broj,Srebrenica,Ukupno,Višestruke poteškoće,381
2013,Broj,Srebrenica,M,Višestruke poteškoće,144
2013,Broj,Srebrenica,Ž,Višestruke poteškoće,237
2013,Broj,Teslić,Ukupno,Višestruke poteškoće,1374
2013,Broj,Teslić,M,Višestruke poteškoće,585
2013,Broj,Teslić,Ž,Višestruke poteškoće,789
2013,Broj,Grad Trebinje,Ukupno,Višestruke poteškoće,689
2013,Broj,Grad Trebinje,M,Višestruke poteškoće,280
2013,Broj,Grad Trebinje,Ž,Višestruke poteškoće,409
2013,Broj,Trnovo,Ukupno,Višestruke poteškoće,69
2013,Broj,Trnovo,M,Višestruke poteškoće,31
2013,Broj,Trnovo,Ž,Višestruke poteškoće,38
2013,Broj,Ugljevik,Ukupno,Višestruke poteškoće,402
2013,Broj,Ugljevik,M,Višestruke poteškoće,165
2013,Broj,Ugljevik,Ž,Višestruke poteškoće,237
2013,Broj,Foča,Ukupno,Višestruke poteškoće,581
2013,Broj,Foča,M,Višestruke poteškoće,262
2013,Broj,Foča,Ž,Višestruke poteškoće,319
2013,Broj,Han Pijesak,Ukupno,Višestruke poteškoće,95
2013,Broj,Han Pijesak,M,Višestruke poteškoće,30
2013,Broj,Han Pijesak,Ž,Višestruke poteškoće,65
2013,Broj,Čajniče,Ukupno,Višestruke poteškoće,176
2013,Broj,Čajniče,M,Višestruke poteškoće,77
2013,Broj,Čajniče,Ž,Višestruke poteškoće,99
2013,Broj,Čelinac,Ukupno,Višestruke poteškoće,624
2013,Broj,Čelinac,M,Višestruke poteškoće,269
2013,Broj,Čelinac,Ž,Višestruke poteškoće,355
2013,Broj,Šamac,Ukupno,Višestruke poteškoće,567
2013,Broj,Šamac,M,Višestruke poteškoće,228
2013,Broj,Šamac,Ž,Višestruke poteškoće,339
2013,Broj,Šekovići,Ukupno,Višestruke poteškoće,222
2013,Broj,Šekovići,M,Višestruke poteškoće,101
2013,Broj,Šekovići,Ž,Višestruke poteškoće,121
2013,Broj,Šipovo,Ukupno,Višestruke poteškoće,322
2013,Broj,Šipovo,M,Višestruke poteškoće,132
2013,Broj,Šipovo,Ž,Višestruke poteškoće,190
