Year,Pol,CAUSE_OF_DEATH,UNIT_MEASURE,Value
1999,Ukupno,neoplasms,Broj,4591
1999,Ukupno,diseases_of_the_circulatory,Broj,15911
1999,Ukupno,diseases_of_the_respiratory,Broj,866
1999,Ukupno,diseases_of_the_digestive,Broj,709
1999,Ukupno,symptoms_signs_and_abnormal,Broj,2552
1999,Ukupno,injuries_poisoning_and_consequences,Broj,1022
1999,Ukupno,total,Broj,25651
1999,M,neoplasms,Broj,2752
1999,M,diseases_of_the_circulatory,Broj,7700
1999,M,diseases_of_the_respiratory,Broj,498
1999,M,diseases_of_the_digestive,Broj,445
1999,M,symptoms_signs_and_abnormal,Broj,1347
1999,M,injuries_poisoning_and_consequences,Broj,786
1999,M,total,Broj,13528
1999,Ž,neoplasms,Broj,1839
1999,Ž,diseases_of_the_circulatory,Broj,8211
1999,Ž,diseases_of_the_respiratory,Broj,368
1999,Ž,diseases_of_the_digestive,Broj,264
1999,Ž,symptoms_signs_and_abnormal,Broj,1205
1999,Ž,injuries_poisoning_and_consequences,Broj,236
1999,Ž,total,Broj,12123
2000,Ukupno,neoplasms,Broj,5122
2000,Ukupno,diseases_of_the_circulatory,Broj,16283
2000,Ukupno,diseases_of_the_respiratory,Broj,805
2000,Ukupno,diseases_of_the_digestive,Broj,848
2000,Ukupno,symptoms_signs_and_abnormal,Broj,2860
2000,Ukupno,injuries_poisoning_and_consequences,Broj,1091
2000,Ukupno,total,Broj,27009
2000,M,neoplasms,Broj,3144
2000,M,diseases_of_the_circulatory,Broj,7810
2000,M,diseases_of_the_respiratory,Broj,464
2000,M,diseases_of_the_digestive,Broj,518
2000,M,symptoms_signs_and_abnormal,Broj,1484
2000,M,injuries_poisoning_and_consequences,Broj,812
2000,M,total,Broj,14232
2000,Ž,neoplasms,Broj,1978
2000,Ž,diseases_of_the_circulatory,Broj,8473
2000,Ž,diseases_of_the_respiratory,Broj,341
2000,Ž,diseases_of_the_digestive,Broj,330
2000,Ž,symptoms_signs_and_abnormal,Broj,1376
2000,Ž,injuries_poisoning_and_consequences,Broj,279
2000,Ž,total,Broj,12777
2001,Ukupno,infectious_and_parasitic,Broj,257
2001,Ukupno,neoplasms,Broj,5347
2001,Ukupno,diseases_of_the_blood,Broj,20
2001,Ukupno,endocrine_metabolic_and_nutritional,Broj,667
2001,Ukupno,mental_and_behavioural_disorders,Broj,48
2001,Ukupno,diseases_of_the_nervous,Broj,161
2001,Ukupno,diseases_of_the_eye,Broj,1
2001,Ukupno,diseases_of_the_circulatory,Broj,16328
2001,Ukupno,diseases_of_the_respiratory,Broj,745
2001,Ukupno,diseases_of_the_digestive,Broj,827
2001,Ukupno,diseases_of_the_skin,Broj,17
2001,Ukupno,diseases_of_the_musculoskeletal,Broj,14
2001,Ukupno,diseases_of_the_genitourinary,Broj,397
2001,Ukupno,pregnancy_childbirth_and_the,Broj,1
2001,Ukupno,certain_conditions_originating,Broj,188
2001,Ukupno,congenital_malformations_deformations,Broj,43
2001,Ukupno,symptoms_signs_and_abnormal,Broj,3031
2001,Ukupno,injuries_poisoning_and_consequences,Broj,1017
2001,Ukupno,external_causes_of_mortality,Broj,261
2001,Ukupno,factors_influencing_health_status,Broj,1
2001,Ukupno,unknown,Broj,954
2001,Ukupno,total,Broj,30325
2001,M,infectious_and_parasitic,Broj,157
2001,M,neoplasms,Broj,3288
2001,M,diseases_of_the_blood,Broj,7
2001,M,endocrine_metabolic_and_nutritional,Broj,240
2001,M,mental_and_behavioural_disorders,Broj,37
2001,M,diseases_of_the_nervous,Broj,79
2001,M,diseases_of_the_eye,Broj,1
2001,M,diseases_of_the_circulatory,Broj,7943
2001,M,diseases_of_the_respiratory,Broj,434
2001,M,diseases_of_the_digestive,Broj,540
2001,M,diseases_of_the_skin,Broj,5
2001,M,diseases_of_the_musculoskeletal,Broj,6
2001,M,diseases_of_the_genitourinary,Broj,200
2001,M,certain_conditions_originating,Broj,109
2001,M,congenital_malformations_deformations,Broj,18
2001,M,symptoms_signs_and_abnormal,Broj,1637
2001,M,injuries_poisoning_and_consequences,Broj,768
2001,M,external_causes_of_mortality,Broj,206
2001,M,unknown,Broj,527
2001,M,total,Broj,16202
2001,Ž,infectious_and_parasitic,Broj,100
2001,Ž,neoplasms,Broj,2059
2001,Ž,diseases_of_the_blood,Broj,13
2001,Ž,endocrine_metabolic_and_nutritional,Broj,427
2001,Ž,mental_and_behavioural_disorders,Broj,11
2001,Ž,diseases_of_the_nervous,Broj,82
2001,Ž,diseases_of_the_circulatory,Broj,8385
2001,Ž,diseases_of_the_respiratory,Broj,311
2001,Ž,diseases_of_the_digestive,Broj,287
2001,Ž,diseases_of_the_skin,Broj,12
2001,Ž,diseases_of_the_musculoskeletal,Broj,8
2001,Ž,diseases_of_the_genitourinary,Broj,197
2001,Ž,pregnancy_childbirth_and_the,Broj,1
2001,Ž,certain_conditions_originating,Broj,79
2001,Ž,congenital_malformations_deformations,Broj,25
2001,Ž,symptoms_signs_and_abnormal,Broj,1394
2001,Ž,injuries_poisoning_and_consequences,Broj,249
2001,Ž,external_causes_of_mortality,Broj,55
2001,Ž,factors_influencing_health_status,Broj,1
2001,Ž,unknown,Broj,427
2001,Ž,total,Broj,14123
2002,Ukupno,infectious_and_parasitic,Broj,263
2002,Ukupno,neoplasms,Broj,5288
2002,Ukupno,diseases_of_the_blood,Broj,19
2002,Ukupno,endocrine_metabolic_and_nutritional,Broj,862
2002,Ukupno,mental_and_behavioural_disorders,Broj,66
2002,Ukupno,diseases_of_the_nervous,Broj,157
2002,Ukupno,diseases_of_the_eye,Broj,1
2002,Ukupno,diseases_of_the_circulatory,Broj,16007
2002,Ukupno,diseases_of_the_respiratory,Broj,817
2002,Ukupno,diseases_of_the_digestive,Broj,820
2002,Ukupno,diseases_of_the_skin,Broj,17
2002,Ukupno,diseases_of_the_musculoskeletal,Broj,10
2002,Ukupno,diseases_of_the_genitourinary,Broj,219
2002,Ukupno,pregnancy_childbirth_and_the,Broj,3
2002,Ukupno,certain_conditions_originating,Broj,226
2002,Ukupno,congenital_malformations_deformations,Broj,56
2002,Ukupno,symptoms_signs_and_abnormal,Broj,2983
2002,Ukupno,injuries_poisoning_and_consequences,Broj,984
2002,Ukupno,external_causes_of_mortality,Broj,242
2002,Ukupno,factors_influencing_health_status,Broj,1
2002,Ukupno,unknown,Broj,1790
2002,Ukupno,total,Broj,30831
2002,M,infectious_and_parasitic,Broj,160
2002,M,neoplasms,Broj,3201
2002,M,diseases_of_the_blood,Broj,11
2002,M,endocrine_metabolic_and_nutritional,Broj,300
2002,M,mental_and_behavioural_disorders,Broj,39
2002,M,diseases_of_the_nervous,Broj,87
2002,M,diseases_of_the_eye,Broj,1
2002,M,diseases_of_the_circulatory,Broj,7544
2002,M,diseases_of_the_respiratory,Broj,478
2002,M,diseases_of_the_digestive,Broj,495
2002,M,diseases_of_the_skin,Broj,3
2002,M,diseases_of_the_musculoskeletal,Broj,2
2002,M,diseases_of_the_genitourinary,Broj,120
2002,M,certain_conditions_originating,Broj,128
2002,M,congenital_malformations_deformations,Broj,32
2002,M,symptoms_signs_and_abnormal,Broj,1535
2002,M,injuries_poisoning_and_consequences,Broj,751
2002,M,external_causes_of_mortality,Broj,180
2002,M,factors_influencing_health_status,Broj,1
2002,M,unknown,Broj,965
2002,M,total,Broj,16033
2002,Ž,infectious_and_parasitic,Broj,103
2002,Ž,neoplasms,Broj,2087
2002,Ž,diseases_of_the_blood,Broj,8
2002,Ž,endocrine_metabolic_and_nutritional,Broj,562
2002,Ž,mental_and_behavioural_disorders,Broj,27
2002,Ž,diseases_of_the_nervous,Broj,70
2002,Ž,diseases_of_the_circulatory,Broj,8463
2002,Ž,diseases_of_the_respiratory,Broj,339
2002,Ž,diseases_of_the_digestive,Broj,325
2002,Ž,diseases_of_the_skin,Broj,14
2002,Ž,diseases_of_the_musculoskeletal,Broj,8
2002,Ž,diseases_of_the_genitourinary,Broj,99
2002,Ž,pregnancy_childbirth_and_the,Broj,3
2002,Ž,certain_conditions_originating,Broj,98
2002,Ž,congenital_malformations_deformations,Broj,24
2002,Ž,symptoms_signs_and_abnormal,Broj,1448
2002,Ž,injuries_poisoning_and_consequences,Broj,233
2002,Ž,external_causes_of_mortality,Broj,62
2002,Ž,unknown,Broj,825
2002,Ž,total,Broj,14798
2003,Ukupno,neoplasms,Broj,5771
2003,Ukupno,diseases_of_the_circulatory,Broj,16990
2003,Ukupno,diseases_of_the_respiratory,Broj,876
2003,Ukupno,diseases_of_the_digestive,Broj,810
2003,Ukupno,symptoms_signs_and_abnormal,Broj,3166
2003,Ukupno,injuries_poisoning_and_consequences,Broj,950
2003,Ukupno,unknown,Broj,770
2003,Ukupno,total,Broj,29333
2003,M,neoplasms,Broj,3499
2003,M,diseases_of_the_circulatory,Broj,8001
2003,M,diseases_of_the_respiratory,Broj,542
2003,M,diseases_of_the_digestive,Broj,499
2003,M,symptoms_signs_and_abnormal,Broj,1612
2003,M,injuries_poisoning_and_consequences,Broj,706
2003,M,unknown,Broj,424
2003,M,total,Broj,15283
2003,Ž,neoplasms,Broj,2272
2003,Ž,diseases_of_the_circulatory,Broj,8989
2003,Ž,diseases_of_the_respiratory,Broj,334
2003,Ž,diseases_of_the_digestive,Broj,311
2003,Ž,symptoms_signs_and_abnormal,Broj,1554
2003,Ž,injuries_poisoning_and_consequences,Broj,244
2003,Ž,unknown,Broj,346
2003,Ž,total,Broj,14050
2004,Ukupno,infectious_and_parasitic,Broj,255
2004,Ukupno,neoplasms,Broj,5709
2004,Ukupno,diseases_of_the_blood,Broj,31
2004,Ukupno,endocrine_metabolic_and_nutritional,Broj,993
2004,Ukupno,mental_and_behavioural_disorders,Broj,104
2004,Ukupno,diseases_of_the_nervous,Broj,251
2004,Ukupno,diseases_of_the_circulatory,Broj,17700
2004,Ukupno,diseases_of_the_respiratory,Broj,907
2004,Ukupno,diseases_of_the_digestive,Broj,839
2004,Ukupno,diseases_of_the_skin,Broj,11
2004,Ukupno,diseases_of_the_musculoskeletal,Broj,16
2004,Ukupno,diseases_of_the_genitourinary,Broj,467
2004,Ukupno,pregnancy_childbirth_and_the,Broj,1
2004,Ukupno,certain_conditions_originating,Broj,163
2004,Ukupno,congenital_malformations_deformations,Broj,42
2004,Ukupno,symptoms_signs_and_abnormal,Broj,2723
2004,Ukupno,injuries_poisoning_and_consequences,Broj,920
2004,Ukupno,external_causes_of_mortality,Broj,273
2004,Ukupno,factors_influencing_health_status,Broj,1
2004,Ukupno,unknown,Broj,1210
2004,Ukupno,total,Broj,32616
2004,M,infectious_and_parasitic,Broj,152
2004,M,neoplasms,Broj,3398
2004,M,diseases_of_the_blood,Broj,10
2004,M,endocrine_metabolic_and_nutritional,Broj,377
2004,M,mental_and_behavioural_disorders,Broj,80
2004,M,diseases_of_the_nervous,Broj,126
2004,M,diseases_of_the_circulatory,Broj,8262
2004,M,diseases_of_the_respiratory,Broj,551
2004,M,diseases_of_the_digestive,Broj,498
2004,M,diseases_of_the_skin,Broj,2
2004,M,diseases_of_the_musculoskeletal,Broj,9
2004,M,diseases_of_the_genitourinary,Broj,248
2004,M,certain_conditions_originating,Broj,101
2004,M,congenital_malformations_deformations,Broj,26
2004,M,symptoms_signs_and_abnormal,Broj,1399
2004,M,injuries_poisoning_and_consequences,Broj,691
2004,M,external_causes_of_mortality,Broj,198
2004,M,factors_influencing_health_status,Broj,1
2004,M,unknown,Broj,651
2004,M,total,Broj,16780
2004,Ž,infectious_and_parasitic,Broj,103
2004,Ž,neoplasms,Broj,2311
2004,Ž,diseases_of_the_blood,Broj,21
2004,Ž,endocrine_metabolic_and_nutritional,Broj,616
2004,Ž,mental_and_behavioural_disorders,Broj,24
2004,Ž,diseases_of_the_nervous,Broj,125
2004,Ž,diseases_of_the_circulatory,Broj,9438
2004,Ž,diseases_of_the_respiratory,Broj,356
2004,Ž,diseases_of_the_digestive,Broj,341
2004,Ž,diseases_of_the_skin,Broj,9
2004,Ž,diseases_of_the_musculoskeletal,Broj,7
2004,Ž,diseases_of_the_genitourinary,Broj,219
2004,Ž,pregnancy_childbirth_and_the,Broj,1
2004,Ž,certain_conditions_originating,Broj,62
2004,Ž,congenital_malformations_deformations,Broj,16
2004,Ž,symptoms_signs_and_abnormal,Broj,1324
2004,Ž,injuries_poisoning_and_consequences,Broj,229
2004,Ž,external_causes_of_mortality,Broj,75
2004,Ž,unknown,Broj,559
2004,Ž,total,Broj,15836
2005,Ukupno,neoplasms,Broj,6255
2005,Ukupno,diseases_of_the_circulatory,Broj,17915
2005,Ukupno,diseases_of_the_respiratory,Broj,1242
2005,Ukupno,diseases_of_the_digestive,Broj,818
2005,Ukupno,symptoms_signs_and_abnormal,Broj,2394
2005,Ukupno,injuries_poisoning_and_consequences,Broj,952
2005,Ukupno,total,Broj,29576
2005,M,neoplasms,Broj,3766
2005,M,diseases_of_the_circulatory,Broj,8559
2005,M,diseases_of_the_respiratory,Broj,726
2005,M,diseases_of_the_digestive,Broj,491
2005,M,symptoms_signs_and_abnormal,Broj,1312
2005,M,injuries_poisoning_and_consequences,Broj,718
2005,M,total,Broj,15572
2005,Ž,neoplasms,Broj,2489
2005,Ž,diseases_of_the_circulatory,Broj,9356
2005,Ž,diseases_of_the_respiratory,Broj,516
2005,Ž,diseases_of_the_digestive,Broj,327
2005,Ž,symptoms_signs_and_abnormal,Broj,1082
2005,Ž,injuries_poisoning_and_consequences,Broj,234
2005,Ž,total,Broj,14004
2006,Ukupno,infectious_and_parasitic,Broj,237
2006,Ukupno,neoplasms,Broj,6252
2006,Ukupno,diseases_of_the_blood,Broj,20
2006,Ukupno,endocrine_metabolic_and_nutritional,Broj,1537
2006,Ukupno,mental_and_behavioural_disorders,Broj,118
2006,Ukupno,diseases_of_the_nervous,Broj,298
2006,Ukupno,diseases_of_the_eye,Broj,1
2006,Ukupno,diseases_of_the_circulatory,Broj,16967
2006,Ukupno,diseases_of_the_respiratory,Broj,1132
2006,Ukupno,diseases_of_the_digestive,Broj,826
2006,Ukupno,diseases_of_the_skin,Broj,11
2006,Ukupno,diseases_of_the_musculoskeletal,Broj,16
2006,Ukupno,diseases_of_the_genitourinary,Broj,547
2006,Ukupno,pregnancy_childbirth_and_the,Broj,3
2006,Ukupno,certain_conditions_originating,Broj,185
2006,Ukupno,congenital_malformations_deformations,Broj,56
2006,Ukupno,symptoms_signs_and_abnormal,Broj,2744
2006,Ukupno,injuries_poisoning_and_consequences,Broj,1017
2006,Ukupno,external_causes_of_mortality,Broj,212
2006,Ukupno,factors_influencing_health_status,Broj,1
2006,Ukupno,unknown,Broj,1041
2006,Ukupno,total,Broj,33221
2006,M,infectious_and_parasitic,Broj,147
2006,M,neoplasms,Broj,3697
2006,M,diseases_of_the_blood,Broj,9
2006,M,endocrine_metabolic_and_nutritional,Broj,598
2006,M,mental_and_behavioural_disorders,Broj,88
2006,M,diseases_of_the_nervous,Broj,174
2006,M,diseases_of_the_circulatory,Broj,7941
2006,M,diseases_of_the_respiratory,Broj,677
2006,M,diseases_of_the_digestive,Broj,493
2006,M,diseases_of_the_skin,Broj,6
2006,M,diseases_of_the_musculoskeletal,Broj,3
2006,M,diseases_of_the_genitourinary,Broj,293
2006,M,certain_conditions_originating,Broj,118
2006,M,congenital_malformations_deformations,Broj,32
2006,M,symptoms_signs_and_abnormal,Broj,1527
2006,M,injuries_poisoning_and_consequences,Broj,775
2006,M,external_causes_of_mortality,Broj,152
2006,M,unknown,Broj,578
2006,M,total,Broj,17308
2006,Ž,infectious_and_parasitic,Broj,90
2006,Ž,neoplasms,Broj,2555
2006,Ž,diseases_of_the_blood,Broj,11
2006,Ž,endocrine_metabolic_and_nutritional,Broj,939
2006,Ž,mental_and_behavioural_disorders,Broj,30
2006,Ž,diseases_of_the_nervous,Broj,124
2006,Ž,diseases_of_the_eye,Broj,1
2006,Ž,diseases_of_the_circulatory,Broj,9026
2006,Ž,diseases_of_the_respiratory,Broj,455
2006,Ž,diseases_of_the_digestive,Broj,333
2006,Ž,diseases_of_the_skin,Broj,5
2006,Ž,diseases_of_the_musculoskeletal,Broj,13
2006,Ž,diseases_of_the_genitourinary,Broj,254
2006,Ž,pregnancy_childbirth_and_the,Broj,3
2006,Ž,certain_conditions_originating,Broj,67
2006,Ž,congenital_malformations_deformations,Broj,24
2006,Ž,symptoms_signs_and_abnormal,Broj,1217
2006,Ž,injuries_poisoning_and_consequences,Broj,242
2006,Ž,external_causes_of_mortality,Broj,60
2006,Ž,factors_influencing_health_status,Broj,1
2006,Ž,unknown,Broj,463
2006,Ž,total,Broj,15913
2007,Ukupno,infectious_and_parasitic,Broj,250
2007,Ukupno,neoplasms,Broj,6713
2007,Ukupno,diseases_of_the_blood,Broj,54
2007,Ukupno,endocrine_metabolic_and_nutritional,Broj,1582
2007,Ukupno,mental_and_behavioural_disorders,Broj,162
2007,Ukupno,diseases_of_the_nervous,Broj,317
2007,Ukupno,diseases_of_the_eye,Broj,1
2007,Ukupno,diseases_of_the_circulatory,Broj,18516
2007,Ukupno,diseases_of_the_respiratory,Broj,1145
2007,Ukupno,diseases_of_the_digestive,Broj,924
2007,Ukupno,diseases_of_the_skin,Broj,10
2007,Ukupno,diseases_of_the_musculoskeletal,Broj,32
2007,Ukupno,diseases_of_the_genitourinary,Broj,558
2007,Ukupno,pregnancy_childbirth_and_the,Broj,1
2007,Ukupno,certain_conditions_originating,Broj,133
2007,Ukupno,congenital_malformations_deformations,Broj,54
2007,Ukupno,symptoms_signs_and_abnormal,Broj,2219
2007,Ukupno,injuries_poisoning_and_consequences,Broj,1030
2007,Ukupno,external_causes_of_mortality,Broj,267
2007,Ukupno,unknown,Broj,1076
2007,Ukupno,total,Broj,35044
2007,M,infectious_and_parasitic,Broj,164
2007,M,neoplasms,Broj,3983
2007,M,diseases_of_the_blood,Broj,22
2007,M,endocrine_metabolic_and_nutritional,Broj,609
2007,M,mental_and_behavioural_disorders,Broj,113
2007,M,diseases_of_the_nervous,Broj,161
2007,M,diseases_of_the_eye,Broj,1
2007,M,diseases_of_the_circulatory,Broj,8697
2007,M,diseases_of_the_respiratory,Broj,664
2007,M,diseases_of_the_digestive,Broj,570
2007,M,diseases_of_the_skin,Broj,4
2007,M,diseases_of_the_musculoskeletal,Broj,9
2007,M,diseases_of_the_genitourinary,Broj,320
2007,M,certain_conditions_originating,Broj,79
2007,M,congenital_malformations_deformations,Broj,28
2007,M,symptoms_signs_and_abnormal,Broj,1143
2007,M,injuries_poisoning_and_consequences,Broj,766
2007,M,external_causes_of_mortality,Broj,199
2007,M,unknown,Broj,622
2007,M,total,Broj,18154
2007,Ž,infectious_and_parasitic,Broj,86
2007,Ž,neoplasms,Broj,2730
2007,Ž,diseases_of_the_blood,Broj,32
2007,Ž,endocrine_metabolic_and_nutritional,Broj,973
2007,Ž,mental_and_behavioural_disorders,Broj,49
2007,Ž,diseases_of_the_nervous,Broj,156
2007,Ž,diseases_of_the_circulatory,Broj,9819
2007,Ž,diseases_of_the_respiratory,Broj,481
2007,Ž,diseases_of_the_digestive,Broj,354
2007,Ž,diseases_of_the_skin,Broj,6
2007,Ž,diseases_of_the_musculoskeletal,Broj,23
2007,Ž,diseases_of_the_genitourinary,Broj,238
2007,Ž,pregnancy_childbirth_and_the,Broj,1
2007,Ž,certain_conditions_originating,Broj,54
2007,Ž,congenital_malformations_deformations,Broj,26
2007,Ž,symptoms_signs_and_abnormal,Broj,1076
2007,Ž,injuries_poisoning_and_consequences,Broj,264
2007,Ž,external_causes_of_mortality,Broj,68
2007,Ž,unknown,Broj,454
2007,Ž,total,Broj,16890
2008,Ukupno,infectious_and_parasitic,Broj,275
2008,Ukupno,neoplasms,Broj,6734
2008,Ukupno,diseases_of_the_blood,Broj,37
2008,Ukupno,endocrine_metabolic_and_nutritional,Broj,1563
2008,Ukupno,mental_and_behavioural_disorders,Broj,169
2008,Ukupno,diseases_of_the_nervous,Broj,287
2008,Ukupno,diseases_of_the_eye,Broj,1
2008,Ukupno,diseases_of_the_circulatory,Broj,17988
2008,Ukupno,diseases_of_the_respiratory,Broj,1035
2008,Ukupno,diseases_of_the_digestive,Broj,846
2008,Ukupno,diseases_of_the_skin,Broj,10
2008,Ukupno,diseases_of_the_musculoskeletal,Broj,40
2008,Ukupno,diseases_of_the_genitourinary,Broj,571
2008,Ukupno,pregnancy_childbirth_and_the,Broj,4
2008,Ukupno,certain_conditions_originating,Broj,136
2008,Ukupno,congenital_malformations_deformations,Broj,61
2008,Ukupno,symptoms_signs_and_abnormal,Broj,2028
2008,Ukupno,injuries_poisoning_and_consequences,Broj,1200
2008,Ukupno,external_causes_of_mortality,Broj,2
2008,Ukupno,unknown,Broj,1039
2008,Ukupno,total,Broj,34026
2008,M,infectious_and_parasitic,Broj,170
2008,M,neoplasms,Broj,4053
2008,M,diseases_of_the_blood,Broj,16
2008,M,endocrine_metabolic_and_nutritional,Broj,618
2008,M,mental_and_behavioural_disorders,Broj,127
2008,M,diseases_of_the_nervous,Broj,167
2008,M,diseases_of_the_circulatory,Broj,8385
2008,M,diseases_of_the_respiratory,Broj,627
2008,M,diseases_of_the_digestive,Broj,512
2008,M,diseases_of_the_skin,Broj,3
2008,M,diseases_of_the_musculoskeletal,Broj,14
2008,M,diseases_of_the_genitourinary,Broj,306
2008,M,certain_conditions_originating,Broj,75
2008,M,congenital_malformations_deformations,Broj,32
2008,M,symptoms_signs_and_abnormal,Broj,1052
2008,M,injuries_poisoning_and_consequences,Broj,942
2008,M,external_causes_of_mortality,Broj,2
2008,M,unknown,Broj,586
2008,M,total,Broj,17687
2008,Ž,infectious_and_parasitic,Broj,105
2008,Ž,neoplasms,Broj,2681
2008,Ž,diseases_of_the_blood,Broj,21
2008,Ž,endocrine_metabolic_and_nutritional,Broj,945
2008,Ž,mental_and_behavioural_disorders,Broj,42
2008,Ž,diseases_of_the_nervous,Broj,120
2008,Ž,diseases_of_the_eye,Broj,1
2008,Ž,diseases_of_the_circulatory,Broj,9603
2008,Ž,diseases_of_the_respiratory,Broj,408
2008,Ž,diseases_of_the_digestive,Broj,334
2008,Ž,diseases_of_the_skin,Broj,7
2008,Ž,diseases_of_the_musculoskeletal,Broj,26
2008,Ž,diseases_of_the_genitourinary,Broj,265
2008,Ž,pregnancy_childbirth_and_the,Broj,4
2008,Ž,certain_conditions_originating,Broj,61
2008,Ž,congenital_malformations_deformations,Broj,29
2008,Ž,symptoms_signs_and_abnormal,Broj,976
2008,Ž,injuries_poisoning_and_consequences,Broj,258
2008,Ž,unknown,Broj,453
2008,Ž,total,Broj,16339
2009,Ukupno,infectious_and_parasitic,Broj,287
2009,Ukupno,neoplasms,Broj,6970
2009,Ukupno,diseases_of_the_blood,Broj,41
2009,Ukupno,endocrine_metabolic_and_nutritional,Broj,1999
2009,Ukupno,mental_and_behavioural_disorders,Broj,191
2009,Ukupno,diseases_of_the_nervous,Broj,319
2009,Ukupno,diseases_of_the_circulatory,Broj,18295
2009,Ukupno,diseases_of_the_respiratory,Broj,1133
2009,Ukupno,diseases_of_the_digestive,Broj,936
2009,Ukupno,diseases_of_the_skin,Broj,9
2009,Ukupno,diseases_of_the_musculoskeletal,Broj,35
2009,Ukupno,diseases_of_the_genitourinary,Broj,588
2009,Ukupno,pregnancy_childbirth_and_the,Broj,1
2009,Ukupno,certain_conditions_originating,Broj,144
2009,Ukupno,congenital_malformations_deformations,Broj,61
2009,Ukupno,symptoms_signs_and_abnormal,Broj,1985
2009,Ukupno,injuries_poisoning_and_consequences,Broj,1256
2009,Ukupno,external_causes_of_mortality,Broj,2
2009,Ukupno,factors_influencing_health_status,Broj,2
2009,Ukupno,unknown,Broj,650
2009,Ukupno,total,Broj,34904
2009,M,infectious_and_parasitic,Broj,180
2009,M,neoplasms,Broj,4118
2009,M,diseases_of_the_blood,Broj,17
2009,M,endocrine_metabolic_and_nutritional,Broj,766
2009,M,mental_and_behavioural_disorders,Broj,127
2009,M,diseases_of_the_nervous,Broj,167
2009,M,diseases_of_the_circulatory,Broj,8586
2009,M,diseases_of_the_respiratory,Broj,644
2009,M,diseases_of_the_digestive,Broj,559
2009,M,diseases_of_the_skin,Broj,4
2009,M,diseases_of_the_musculoskeletal,Broj,8
2009,M,diseases_of_the_genitourinary,Broj,299
2009,M,certain_conditions_originating,Broj,76
2009,M,congenital_malformations_deformations,Broj,31
2009,M,symptoms_signs_and_abnormal,Broj,1012
2009,M,injuries_poisoning_and_consequences,Broj,941
2009,M,external_causes_of_mortality,Broj,2
2009,M,factors_influencing_health_status,Broj,1
2009,M,unknown,Broj,346
2009,M,total,Broj,17884
2009,Ž,infectious_and_parasitic,Broj,107
2009,Ž,neoplasms,Broj,2852
2009,Ž,diseases_of_the_blood,Broj,24
2009,Ž,endocrine_metabolic_and_nutritional,Broj,1233
2009,Ž,mental_and_behavioural_disorders,Broj,64
2009,Ž,diseases_of_the_nervous,Broj,152
2009,Ž,diseases_of_the_circulatory,Broj,9709
2009,Ž,diseases_of_the_respiratory,Broj,489
2009,Ž,diseases_of_the_digestive,Broj,377
2009,Ž,diseases_of_the_skin,Broj,5
2009,Ž,diseases_of_the_musculoskeletal,Broj,27
2009,Ž,diseases_of_the_genitourinary,Broj,289
2009,Ž,pregnancy_childbirth_and_the,Broj,1
2009,Ž,certain_conditions_originating,Broj,68
2009,Ž,congenital_malformations_deformations,Broj,30
2009,Ž,symptoms_signs_and_abnormal,Broj,973
2009,Ž,injuries_poisoning_and_consequences,Broj,315
2009,Ž,factors_influencing_health_status,Broj,1
2009,Ž,unknown,Broj,304
2009,Ž,total,Broj,17020
2010,Ukupno,infectious_and_parasitic,Broj,285
2010,Ukupno,neoplasms,Broj,6973
2010,Ukupno,diseases_of_the_blood,Broj,45
2010,Ukupno,endocrine_metabolic_and_nutritional,Broj,1903
2010,Ukupno,mental_and_behavioural_disorders,Broj,171
2010,Ukupno,diseases_of_the_nervous,Broj,350
2010,Ukupno,diseases_of_the_eye,Broj,2
2010,Ukupno,diseases_of_the_circulatory,Broj,18805
2010,Ukupno,diseases_of_the_respiratory,Broj,1145
2010,Ukupno,diseases_of_the_digestive,Broj,918
2010,Ukupno,diseases_of_the_skin,Broj,14
2010,Ukupno,diseases_of_the_musculoskeletal,Broj,42
2010,Ukupno,diseases_of_the_genitourinary,Broj,577
2010,Ukupno,pregnancy_childbirth_and_the,Broj,1
2010,Ukupno,certain_conditions_originating,Broj,138
2010,Ukupno,congenital_malformations_deformations,Broj,63
2010,Ukupno,symptoms_signs_and_abnormal,Broj,1916
2010,Ukupno,injuries_poisoning_and_consequences,Broj,1117
2010,Ukupno,external_causes_of_mortality,Broj,15
2010,Ukupno,unknown,Broj,638
2010,Ukupno,total,Broj,35118
2010,M,infectious_and_parasitic,Broj,183
2010,M,neoplasms,Broj,4059
2010,M,diseases_of_the_blood,Broj,17
2010,M,endocrine_metabolic_and_nutritional,Broj,729
2010,M,mental_and_behavioural_disorders,Broj,118
2010,M,diseases_of_the_nervous,Broj,178
2010,M,diseases_of_the_eye,Broj,1
2010,M,diseases_of_the_circulatory,Broj,8699
2010,M,diseases_of_the_respiratory,Broj,681
2010,M,diseases_of_the_digestive,Broj,544
2010,M,diseases_of_the_skin,Broj,5
2010,M,diseases_of_the_musculoskeletal,Broj,16
2010,M,diseases_of_the_genitourinary,Broj,296
2010,M,certain_conditions_originating,Broj,76
2010,M,congenital_malformations_deformations,Broj,37
2010,M,symptoms_signs_and_abnormal,Broj,1008
2010,M,injuries_poisoning_and_consequences,Broj,878
2010,M,external_causes_of_mortality,Broj,11
2010,M,unknown,Broj,364
2010,M,total,Broj,17900
2010,Ž,infectious_and_parasitic,Broj,102
2010,Ž,neoplasms,Broj,2914
2010,Ž,diseases_of_the_blood,Broj,28
2010,Ž,endocrine_metabolic_and_nutritional,Broj,1174
2010,Ž,mental_and_behavioural_disorders,Broj,53
2010,Ž,diseases_of_the_nervous,Broj,172
2010,Ž,diseases_of_the_eye,Broj,1
2010,Ž,diseases_of_the_circulatory,Broj,10106
2010,Ž,diseases_of_the_respiratory,Broj,464
2010,Ž,diseases_of_the_digestive,Broj,374
2010,Ž,diseases_of_the_skin,Broj,9
2010,Ž,diseases_of_the_musculoskeletal,Broj,26
2010,Ž,diseases_of_the_genitourinary,Broj,281
2010,Ž,pregnancy_childbirth_and_the,Broj,1
2010,Ž,certain_conditions_originating,Broj,62
2010,Ž,congenital_malformations_deformations,Broj,26
2010,Ž,symptoms_signs_and_abnormal,Broj,908
2010,Ž,injuries_poisoning_and_consequences,Broj,239
2010,Ž,external_causes_of_mortality,Broj,4
2010,Ž,unknown,Broj,274
2010,Ž,total,Broj,17218
2011,Ukupno,infectious_and_parasitic,Broj,298
2011,Ukupno,neoplasms,Broj,7214
2011,Ukupno,diseases_of_the_blood,Broj,59
2011,Ukupno,endocrine_metabolic_and_nutritional,Broj,1940
2011,Ukupno,mental_and_behavioural_disorders,Broj,161
2011,Ukupno,diseases_of_the_nervous,Broj,410
2011,Ukupno,diseases_of_the_circulatory,Broj,18468
2011,Ukupno,diseases_of_the_respiratory,Broj,1281
2011,Ukupno,diseases_of_the_digestive,Broj,874
2011,Ukupno,diseases_of_the_skin,Broj,12
2011,Ukupno,diseases_of_the_musculoskeletal,Broj,45
2011,Ukupno,diseases_of_the_genitourinary,Broj,551
2011,Ukupno,pregnancy_childbirth_and_the,Broj,2
2011,Ukupno,certain_conditions_originating,Broj,118
2011,Ukupno,congenital_malformations_deformations,Broj,58
2011,Ukupno,symptoms_signs_and_abnormal,Broj,1665
2011,Ukupno,injuries_poisoning_and_consequences,Broj,1162
2011,Ukupno,external_causes_of_mortality,Broj,14
2011,Ukupno,factors_influencing_health_status,Broj,1
2011,Ukupno,unknown,Broj,695
2011,Ukupno,total,Broj,35028
2011,M,infectious_and_parasitic,Broj,192
2011,M,neoplasms,Broj,4316
2011,M,diseases_of_the_blood,Broj,20
2011,M,endocrine_metabolic_and_nutritional,Broj,761
2011,M,mental_and_behavioural_disorders,Broj,89
2011,M,diseases_of_the_nervous,Broj,213
2011,M,diseases_of_the_circulatory,Broj,8542
2011,M,diseases_of_the_respiratory,Broj,725
2011,M,diseases_of_the_digestive,Broj,543
2011,M,diseases_of_the_skin,Broj,2
2011,M,diseases_of_the_musculoskeletal,Broj,12
2011,M,diseases_of_the_genitourinary,Broj,302
2011,M,certain_conditions_originating,Broj,67
2011,M,congenital_malformations_deformations,Broj,30
2011,M,symptoms_signs_and_abnormal,Broj,829
2011,M,injuries_poisoning_and_consequences,Broj,930
2011,M,external_causes_of_mortality,Broj,13
2011,M,factors_influencing_health_status,Broj,1
2011,M,unknown,Broj,378
2011,M,total,Broj,17965
2011,Ž,infectious_and_parasitic,Broj,106
2011,Ž,neoplasms,Broj,2898
2011,Ž,diseases_of_the_blood,Broj,39
2011,Ž,endocrine_metabolic_and_nutritional,Broj,1179
2011,Ž,mental_and_behavioural_disorders,Broj,72
2011,Ž,diseases_of_the_nervous,Broj,197
2011,Ž,diseases_of_the_circulatory,Broj,9926
2011,Ž,diseases_of_the_respiratory,Broj,556
2011,Ž,diseases_of_the_digestive,Broj,331
2011,Ž,diseases_of_the_skin,Broj,10
2011,Ž,diseases_of_the_musculoskeletal,Broj,33
2011,Ž,diseases_of_the_genitourinary,Broj,249
2011,Ž,pregnancy_childbirth_and_the,Broj,2
2011,Ž,certain_conditions_originating,Broj,51
2011,Ž,congenital_malformations_deformations,Broj,28
2011,Ž,symptoms_signs_and_abnormal,Broj,836
2011,Ž,injuries_poisoning_and_consequences,Broj,232
2011,Ž,external_causes_of_mortality,Broj,1
2011,Ž,unknown,Broj,317
2011,Ž,total,Broj,17063
2012,Ukupno,infectious_and_parasitic,Broj,344
2012,Ukupno,neoplasms,Broj,7598
2012,Ukupno,diseases_of_the_blood,Broj,47
2012,Ukupno,endocrine_metabolic_and_nutritional,Broj,1926
2012,Ukupno,mental_and_behavioural_disorders,Broj,160
2012,Ukupno,diseases_of_the_nervous,Broj,409
2012,Ukupno,diseases_of_the_eye,Broj,1
2012,Ukupno,diseases_of_the_circulatory,Broj,19252
2012,Ukupno,diseases_of_the_respiratory,Broj,1266
2012,Ukupno,diseases_of_the_digestive,Broj,978
2012,Ukupno,diseases_of_the_skin,Broj,13
2012,Ukupno,diseases_of_the_musculoskeletal,Broj,54
2012,Ukupno,diseases_of_the_genitourinary,Broj,601
2012,Ukupno,pregnancy_childbirth_and_the,Broj,3
2012,Ukupno,certain_conditions_originating,Broj,111
2012,Ukupno,congenital_malformations_deformations,Broj,40
2012,Ukupno,symptoms_signs_and_abnormal,Broj,1207
2012,Ukupno,injuries_poisoning_and_consequences,Broj,1067
2012,Ukupno,unknown,Broj,740
2012,Ukupno,total,Broj,35817
2012,M,infectious_and_parasitic,Broj,185
2012,M,neoplasms,Broj,4458
2012,M,diseases_of_the_blood,Broj,25
2012,M,endocrine_metabolic_and_nutritional,Broj,785
2012,M,mental_and_behavioural_disorders,Broj,109
2012,M,diseases_of_the_nervous,Broj,207
2012,M,diseases_of_the_circulatory,Broj,9060
2012,M,diseases_of_the_respiratory,Broj,754
2012,M,diseases_of_the_digestive,Broj,588
2012,M,diseases_of_the_skin,Broj,6
2012,M,diseases_of_the_musculoskeletal,Broj,15
2012,M,diseases_of_the_genitourinary,Broj,303
2012,M,certain_conditions_originating,Broj,67
2012,M,congenital_malformations_deformations,Broj,26
2012,M,symptoms_signs_and_abnormal,Broj,609
2012,M,injuries_poisoning_and_consequences,Broj,830
2012,M,unknown,Broj,409
2012,M,total,Broj,18436
2012,Ž,infectious_and_parasitic,Broj,159
2012,Ž,neoplasms,Broj,3140
2012,Ž,diseases_of_the_blood,Broj,22
2012,Ž,endocrine_metabolic_and_nutritional,Broj,1141
2012,Ž,mental_and_behavioural_disorders,Broj,51
2012,Ž,diseases_of_the_nervous,Broj,202
2012,Ž,diseases_of_the_eye,Broj,1
2012,Ž,diseases_of_the_circulatory,Broj,10192
2012,Ž,diseases_of_the_respiratory,Broj,512
2012,Ž,diseases_of_the_digestive,Broj,390
2012,Ž,diseases_of_the_skin,Broj,7
2012,Ž,diseases_of_the_musculoskeletal,Broj,39
2012,Ž,diseases_of_the_genitourinary,Broj,298
2012,Ž,pregnancy_childbirth_and_the,Broj,3
2012,Ž,certain_conditions_originating,Broj,44
2012,Ž,congenital_malformations_deformations,Broj,14
2012,Ž,symptoms_signs_and_abnormal,Broj,598
2012,Ž,injuries_poisoning_and_consequences,Broj,237
2012,Ž,unknown,Broj,331
2012,Ž,total,Broj,17381
2013,Ukupno,infectious_and_parasitic,Broj,268
2013,Ukupno,neoplasms,Broj,7506
2013,Ukupno,diseases_of_the_blood,Broj,50
2013,Ukupno,endocrine_metabolic_and_nutritional,Broj,1970
2013,Ukupno,mental_and_behavioural_disorders,Broj,192
2013,Ukupno,diseases_of_the_nervous,Broj,382
2013,Ukupno,diseases_of_the_circulatory,Broj,18186
2013,Ukupno,diseases_of_the_respiratory,Broj,1428
2013,Ukupno,diseases_of_the_digestive,Broj,955
2013,Ukupno,diseases_of_the_skin,Broj,31
2013,Ukupno,diseases_of_the_musculoskeletal,Broj,57
2013,Ukupno,diseases_of_the_genitourinary,Broj,581
2013,Ukupno,certain_conditions_originating,Broj,101
2013,Ukupno,congenital_malformations_deformations,Broj,38
2013,Ukupno,symptoms_signs_and_abnormal,Broj,2107
2013,Ukupno,injuries_poisoning_and_consequences,Broj,1024
2013,Ukupno,external_causes_of_mortality,Broj,4
2013,Ukupno,unknown,Broj,782
2013,Ukupno,total,Broj,35662
2013,M,infectious_and_parasitic,Broj,165
2013,M,neoplasms,Broj,4384
2013,M,diseases_of_the_blood,Broj,20
2013,M,endocrine_metabolic_and_nutritional,Broj,820
2013,M,mental_and_behavioural_disorders,Broj,101
2013,M,diseases_of_the_nervous,Broj,198
2013,M,diseases_of_the_circulatory,Broj,8458
2013,M,diseases_of_the_respiratory,Broj,827
2013,M,diseases_of_the_digestive,Broj,526
2013,M,diseases_of_the_skin,Broj,12
2013,M,diseases_of_the_musculoskeletal,Broj,18
2013,M,diseases_of_the_genitourinary,Broj,304
2013,M,certain_conditions_originating,Broj,62
2013,M,congenital_malformations_deformations,Broj,19
2013,M,symptoms_signs_and_abnormal,Broj,1112
2013,M,injuries_poisoning_and_consequences,Broj,794
2013,M,external_causes_of_mortality,Broj,4
2013,M,unknown,Broj,393
2013,M,total,Broj,18217
2013,Ž,infectious_and_parasitic,Broj,103
2013,Ž,neoplasms,Broj,3122
2013,Ž,diseases_of_the_blood,Broj,30
2013,Ž,endocrine_metabolic_and_nutritional,Broj,1150
2013,Ž,mental_and_behavioural_disorders,Broj,91
2013,Ž,diseases_of_the_nervous,Broj,184
2013,Ž,diseases_of_the_circulatory,Broj,9728
2013,Ž,diseases_of_the_respiratory,Broj,601
2013,Ž,diseases_of_the_digestive,Broj,429
2013,Ž,diseases_of_the_skin,Broj,19
2013,Ž,diseases_of_the_musculoskeletal,Broj,39
2013,Ž,diseases_of_the_genitourinary,Broj,277
2013,Ž,certain_conditions_originating,Broj,39
2013,Ž,congenital_malformations_deformations,Broj,19
2013,Ž,symptoms_signs_and_abnormal,Broj,995
2013,Ž,injuries_poisoning_and_consequences,Broj,230
2013,Ž,unknown,Broj,389
2013,Ž,total,Broj,17445
2014,Ukupno,infectious_and_parasitic,Broj,291
2014,Ukupno,neoplasms,Broj,7821
2014,Ukupno,diseases_of_the_blood,Broj,42
2014,Ukupno,endocrine_metabolic_and_nutritional,Broj,2267
2014,Ukupno,mental_and_behavioural_disorders,Broj,225
2014,Ukupno,diseases_of_the_nervous,Broj,396
2014,Ukupno,diseases_of_the_eye,Broj,6
2014,Ukupno,diseases_of_the_circulatory,Broj,17930
2014,Ukupno,diseases_of_the_respiratory,Broj,1409
2014,Ukupno,diseases_of_the_digestive,Broj,949
2014,Ukupno,diseases_of_the_skin,Broj,32
2014,Ukupno,diseases_of_the_musculoskeletal,Broj,61
2014,Ukupno,diseases_of_the_genitourinary,Broj,536
2014,Ukupno,certain_conditions_originating,Broj,85
2014,Ukupno,congenital_malformations_deformations,Broj,49
2014,Ukupno,symptoms_signs_and_abnormal,Broj,2241
2014,Ukupno,injuries_poisoning_and_consequences,Broj,1032
2014,Ukupno,external_causes_of_mortality,Broj,17
2014,Ukupno,factors_influencing_health_status,Broj,1
2014,Ukupno,unknown,Broj,590
2014,Ukupno,total,Broj,35980
2014,M,infectious_and_parasitic,Broj,164
2014,M,neoplasms,Broj,4569
2014,M,diseases_of_the_blood,Broj,14
2014,M,endocrine_metabolic_and_nutritional,Broj,925
2014,M,mental_and_behavioural_disorders,Broj,142
2014,M,diseases_of_the_nervous,Broj,207
2014,M,diseases_of_the_circulatory,Broj,8336
2014,M,diseases_of_the_respiratory,Broj,840
2014,M,diseases_of_the_digestive,Broj,545
2014,M,diseases_of_the_skin,Broj,16
2014,M,diseases_of_the_musculoskeletal,Broj,16
2014,M,diseases_of_the_genitourinary,Broj,260
2014,M,certain_conditions_originating,Broj,42
2014,M,congenital_malformations_deformations,Broj,20
2014,M,symptoms_signs_and_abnormal,Broj,1132
2014,M,injuries_poisoning_and_consequences,Broj,795
2014,M,external_causes_of_mortality,Broj,10
2014,M,unknown,Broj,327
2014,M,total,Broj,18360
2014,Ž,infectious_and_parasitic,Broj,127
2014,Ž,neoplasms,Broj,3252
2014,Ž,diseases_of_the_blood,Broj,28
2014,Ž,endocrine_metabolic_and_nutritional,Broj,1342
2014,Ž,mental_and_behavioural_disorders,Broj,83
2014,Ž,diseases_of_the_nervous,Broj,189
2014,Ž,diseases_of_the_eye,Broj,6
2014,Ž,diseases_of_the_circulatory,Broj,9594
2014,Ž,diseases_of_the_respiratory,Broj,569
2014,Ž,diseases_of_the_digestive,Broj,404
2014,Ž,diseases_of_the_skin,Broj,16
2014,Ž,diseases_of_the_musculoskeletal,Broj,45
2014,Ž,diseases_of_the_genitourinary,Broj,276
2014,Ž,certain_conditions_originating,Broj,43
2014,Ž,congenital_malformations_deformations,Broj,29
2014,Ž,symptoms_signs_and_abnormal,Broj,1109
2014,Ž,injuries_poisoning_and_consequences,Broj,237
2014,Ž,external_causes_of_mortality,Broj,7
2014,Ž,factors_influencing_health_status,Broj,1
2014,Ž,unknown,Broj,263
2014,Ž,total,Broj,17620
2015,Ukupno,infectious_and_parasitic,Broj,370
2015,Ukupno,neoplasms,Broj,7956
2015,Ukupno,diseases_of_the_blood,Broj,55
2015,Ukupno,endocrine_metabolic_and_nutritional,Broj,2025
2015,Ukupno,mental_and_behavioural_disorders,Broj,188
2015,Ukupno,diseases_of_the_nervous,Broj,447
2015,Ukupno,diseases_of_the_eye,Broj,1
2015,Ukupno,diseases_of_the_circulatory,Broj,19713
2015,Ukupno,diseases_of_the_respiratory,Broj,1718
2015,Ukupno,diseases_of_the_digestive,Broj,988
2015,Ukupno,diseases_of_the_skin,Broj,42
2015,Ukupno,diseases_of_the_musculoskeletal,Broj,55
2015,Ukupno,diseases_of_the_genitourinary,Broj,684
2015,Ukupno,pregnancy_childbirth_and_the,Broj,1
2015,Ukupno,certain_conditions_originating,Broj,126
2015,Ukupno,congenital_malformations_deformations,Broj,31
2015,Ukupno,symptoms_signs_and_abnormal,Broj,2098
2015,Ukupno,injuries_poisoning_and_consequences,Broj,1103
2015,Ukupno,external_causes_of_mortality,Broj,8
2015,Ukupno,unknown,Broj,541
2015,Ukupno,total,Broj,38150
2015,M,infectious_and_parasitic,Broj,207
2015,M,neoplasms,Broj,4525
2015,M,diseases_of_the_blood,Broj,19
2015,M,endocrine_metabolic_and_nutritional,Broj,856
2015,M,mental_and_behavioural_disorders,Broj,102
2015,M,diseases_of_the_nervous,Broj,241
2015,M,diseases_of_the_circulatory,Broj,9012
2015,M,diseases_of_the_respiratory,Broj,972
2015,M,diseases_of_the_digestive,Broj,571
2015,M,diseases_of_the_skin,Broj,16
2015,M,diseases_of_the_musculoskeletal,Broj,21
2015,M,diseases_of_the_genitourinary,Broj,331
2015,M,certain_conditions_originating,Broj,67
2015,M,congenital_malformations_deformations,Broj,15
2015,M,symptoms_signs_and_abnormal,Broj,1102
2015,M,injuries_poisoning_and_consequences,Broj,840
2015,M,external_causes_of_mortality,Broj,5
2015,M,unknown,Broj,317
2015,M,total,Broj,19219
2015,Ž,infectious_and_parasitic,Broj,163
2015,Ž,neoplasms,Broj,3431
2015,Ž,diseases_of_the_blood,Broj,36
2015,Ž,endocrine_metabolic_and_nutritional,Broj,1169
2015,Ž,mental_and_behavioural_disorders,Broj,86
2015,Ž,diseases_of_the_nervous,Broj,206
2015,Ž,diseases_of_the_eye,Broj,1
2015,Ž,diseases_of_the_circulatory,Broj,10701
2015,Ž,diseases_of_the_respiratory,Broj,746
2015,Ž,diseases_of_the_digestive,Broj,417
2015,Ž,diseases_of_the_skin,Broj,26
2015,Ž,diseases_of_the_musculoskeletal,Broj,34
2015,Ž,diseases_of_the_genitourinary,Broj,353
2015,Ž,pregnancy_childbirth_and_the,Broj,1
2015,Ž,certain_conditions_originating,Broj,59
2015,Ž,congenital_malformations_deformations,Broj,16
2015,Ž,symptoms_signs_and_abnormal,Broj,996
2015,Ž,injuries_poisoning_and_consequences,Broj,263
2015,Ž,external_causes_of_mortality,Broj,3
2015,Ž,unknown,Broj,224
2015,Ž,total,Broj,18931
2016,Ukupno,infectious_and_parasitic,Broj,412
2016,Ukupno,neoplasms,Broj,7761
2016,Ukupno,diseases_of_the_blood,Broj,54
2016,Ukupno,endocrine_metabolic_and_nutritional,Broj,1961
2016,Ukupno,mental_and_behavioural_disorders,Broj,226
2016,Ukupno,diseases_of_the_nervous,Broj,386
2016,Ukupno,diseases_of_the_eye,Broj,8
2016,Ukupno,diseases_of_the_circulatory,Broj,18959
2016,Ukupno,diseases_of_the_respiratory,Broj,1487
2016,Ukupno,diseases_of_the_digestive,Broj,1077
2016,Ukupno,diseases_of_the_skin,Broj,35
2016,Ukupno,diseases_of_the_musculoskeletal,Broj,46
2016,Ukupno,diseases_of_the_genitourinary,Broj,696
2016,Ukupno,pregnancy_childbirth_and_the,Broj,1
2016,Ukupno,certain_conditions_originating,Broj,117
2016,Ukupno,congenital_malformations_deformations,Broj,16
2016,Ukupno,symptoms_signs_and_abnormal,Broj,1730
2016,Ukupno,injuries_poisoning_and_consequences,Broj,1040
2016,Ukupno,external_causes_of_mortality,Broj,14
2016,Ukupno,unknown,Broj,545
2016,Ukupno,total,Broj,36571
2016,M,infectious_and_parasitic,Broj,214
2016,M,neoplasms,Broj,4464
2016,M,diseases_of_the_blood,Broj,22
2016,M,endocrine_metabolic_and_nutritional,Broj,789
2016,M,mental_and_behavioural_disorders,Broj,141
2016,M,diseases_of_the_nervous,Broj,213
2016,M,diseases_of_the_eye,Broj,6
2016,M,diseases_of_the_circulatory,Broj,8780
2016,M,diseases_of_the_respiratory,Broj,879
2016,M,diseases_of_the_digestive,Broj,619
2016,M,diseases_of_the_skin,Broj,16
2016,M,diseases_of_the_musculoskeletal,Broj,9
2016,M,diseases_of_the_genitourinary,Broj,345
2016,M,certain_conditions_originating,Broj,74
2016,M,congenital_malformations_deformations,Broj,9
2016,M,symptoms_signs_and_abnormal,Broj,872
2016,M,injuries_poisoning_and_consequences,Broj,783
2016,M,external_causes_of_mortality,Broj,11
2016,M,unknown,Broj,296
2016,M,total,Broj,18542
2016,Ž,infectious_and_parasitic,Broj,198
2016,Ž,neoplasms,Broj,3297
2016,Ž,diseases_of_the_blood,Broj,32
2016,Ž,endocrine_metabolic_and_nutritional,Broj,1172
2016,Ž,mental_and_behavioural_disorders,Broj,85
2016,Ž,diseases_of_the_nervous,Broj,173
2016,Ž,diseases_of_the_eye,Broj,2
2016,Ž,diseases_of_the_circulatory,Broj,10179
2016,Ž,diseases_of_the_respiratory,Broj,608
2016,Ž,diseases_of_the_digestive,Broj,458
2016,Ž,diseases_of_the_skin,Broj,19
2016,Ž,diseases_of_the_musculoskeletal,Broj,37
2016,Ž,diseases_of_the_genitourinary,Broj,351
2016,Ž,pregnancy_childbirth_and_the,Broj,1
2016,Ž,certain_conditions_originating,Broj,43
2016,Ž,congenital_malformations_deformations,Broj,7
2016,Ž,symptoms_signs_and_abnormal,Broj,858
2016,Ž,injuries_poisoning_and_consequences,Broj,257
2016,Ž,external_causes_of_mortality,Broj,3
2016,Ž,unknown,Broj,249
2016,Ž,total,Broj,18029
2017,Ukupno,infectious_and_parasitic,Broj,395
2017,Ukupno,neoplasms,Broj,8136
2017,Ukupno,diseases_of_the_blood,Broj,69
2017,Ukupno,endocrine_metabolic_and_nutritional,Broj,2170
2017,Ukupno,mental_and_behavioural_disorders,Broj,265
2017,Ukupno,diseases_of_the_nervous,Broj,382
2017,Ukupno,diseases_of_the_eye,Broj,5
2017,Ukupno,diseases_of_the_circulatory,Broj,19207
2017,Ukupno,diseases_of_the_respiratory,Broj,1579
2017,Ukupno,diseases_of_the_digestive,Broj,1007
2017,Ukupno,diseases_of_the_skin,Broj,44
2017,Ukupno,diseases_of_the_musculoskeletal,Broj,44
2017,Ukupno,diseases_of_the_genitourinary,Broj,587
2017,Ukupno,certain_conditions_originating,Broj,136
2017,Ukupno,congenital_malformations_deformations,Broj,27
2017,Ukupno,symptoms_signs_and_abnormal,Broj,2294
2017,Ukupno,injuries_poisoning_and_consequences,Broj,1067
2017,Ukupno,external_causes_of_mortality,Broj,15
2017,Ukupno,unknown,Broj,550
2017,Ukupno,total,Broj,37979
2017,M,infectious_and_parasitic,Broj,209
2017,M,neoplasms,Broj,4632
2017,M,diseases_of_the_blood,Broj,25
2017,M,endocrine_metabolic_and_nutritional,Broj,885
2017,M,mental_and_behavioural_disorders,Broj,147
2017,M,diseases_of_the_nervous,Broj,193
2017,M,diseases_of_the_eye,Broj,2
2017,M,diseases_of_the_circulatory,Broj,8880
2017,M,diseases_of_the_respiratory,Broj,936
2017,M,diseases_of_the_digestive,Broj,570
2017,M,diseases_of_the_skin,Broj,12
2017,M,diseases_of_the_musculoskeletal,Broj,17
2017,M,diseases_of_the_genitourinary,Broj,299
2017,M,certain_conditions_originating,Broj,75
2017,M,congenital_malformations_deformations,Broj,16
2017,M,symptoms_signs_and_abnormal,Broj,1168
2017,M,injuries_poisoning_and_consequences,Broj,780
2017,M,external_causes_of_mortality,Broj,9
2017,M,unknown,Broj,331
2017,M,total,Broj,19186
2017,Ž,infectious_and_parasitic,Broj,186
2017,Ž,neoplasms,Broj,3504
2017,Ž,diseases_of_the_blood,Broj,44
2017,Ž,endocrine_metabolic_and_nutritional,Broj,1285
2017,Ž,mental_and_behavioural_disorders,Broj,118
2017,Ž,diseases_of_the_nervous,Broj,189
2017,Ž,diseases_of_the_eye,Broj,3
2017,Ž,diseases_of_the_circulatory,Broj,10327
2017,Ž,diseases_of_the_respiratory,Broj,643
2017,Ž,diseases_of_the_digestive,Broj,437
2017,Ž,diseases_of_the_skin,Broj,32
2017,Ž,diseases_of_the_musculoskeletal,Broj,27
2017,Ž,diseases_of_the_genitourinary,Broj,288
2017,Ž,certain_conditions_originating,Broj,61
2017,Ž,congenital_malformations_deformations,Broj,11
2017,Ž,symptoms_signs_and_abnormal,Broj,1126
2017,Ž,injuries_poisoning_and_consequences,Broj,287
2017,Ž,external_causes_of_mortality,Broj,6
2017,Ž,unknown,Broj,219
2017,Ž,total,Broj,18793
2018,Ukupno,infectious_and_parasitic,Broj,443
2018,Ukupno,neoplasms,Broj,7881
2018,Ukupno,diseases_of_the_blood,Broj,72
2018,Ukupno,endocrine_metabolic_and_nutritional,Broj,2086
2018,Ukupno,mental_and_behavioural_disorders,Broj,236
2018,Ukupno,diseases_of_the_nervous,Broj,337
2018,Ukupno,diseases_of_the_circulatory,Broj,18818
2018,Ukupno,diseases_of_the_respiratory,Broj,1856
2018,Ukupno,diseases_of_the_digestive,Broj,1052
2018,Ukupno,diseases_of_the_skin,Broj,40
2018,Ukupno,diseases_of_the_musculoskeletal,Broj,53
2018,Ukupno,diseases_of_the_genitourinary,Broj,631
2018,Ukupno,pregnancy_childbirth_and_the,Broj,1
2018,Ukupno,certain_conditions_originating,Broj,134
2018,Ukupno,congenital_malformations_deformations,Broj,26
2018,Ukupno,symptoms_signs_and_abnormal,Broj,2581
2018,Ukupno,injuries_poisoning_and_consequences,Broj,1015
2018,Ukupno,external_causes_of_mortality,Broj,11
2018,Ukupno,factors_influencing_health_status,Broj,1
2018,Ukupno,unknown,Broj,470
2018,Ukupno,total,Broj,37744
2018,M,infectious_and_parasitic,Broj,243
2018,M,neoplasms,Broj,4606
2018,M,diseases_of_the_blood,Broj,27
2018,M,endocrine_metabolic_and_nutritional,Broj,881
2018,M,mental_and_behavioural_disorders,Broj,121
2018,M,diseases_of_the_nervous,Broj,171
2018,M,diseases_of_the_circulatory,Broj,8577
2018,M,diseases_of_the_respiratory,Broj,990
2018,M,diseases_of_the_digestive,Broj,610
2018,M,diseases_of_the_skin,Broj,21
2018,M,diseases_of_the_musculoskeletal,Broj,13
2018,M,diseases_of_the_genitourinary,Broj,337
2018,M,certain_conditions_originating,Broj,67
2018,M,congenital_malformations_deformations,Broj,12
2018,M,symptoms_signs_and_abnormal,Broj,1301
2018,M,injuries_poisoning_and_consequences,Broj,773
2018,M,external_causes_of_mortality,Broj,9
2018,M,factors_influencing_health_status,Broj,1
2018,M,unknown,Broj,247
2018,M,total,Broj,19007
2018,Ž,infectious_and_parasitic,Broj,200
2018,Ž,neoplasms,Broj,3275
2018,Ž,diseases_of_the_blood,Broj,45
2018,Ž,endocrine_metabolic_and_nutritional,Broj,1205
2018,Ž,mental_and_behavioural_disorders,Broj,115
2018,Ž,diseases_of_the_nervous,Broj,166
2018,Ž,diseases_of_the_circulatory,Broj,10241
2018,Ž,diseases_of_the_respiratory,Broj,866
2018,Ž,diseases_of_the_digestive,Broj,442
2018,Ž,diseases_of_the_skin,Broj,19
2018,Ž,diseases_of_the_musculoskeletal,Broj,40
2018,Ž,diseases_of_the_genitourinary,Broj,294
2018,Ž,pregnancy_childbirth_and_the,Broj,1
2018,Ž,certain_conditions_originating,Broj,67
2018,Ž,congenital_malformations_deformations,Broj,14
2018,Ž,symptoms_signs_and_abnormal,Broj,1280
2018,Ž,injuries_poisoning_and_consequences,Broj,242
2018,Ž,external_causes_of_mortality,Broj,2
2018,Ž,unknown,Broj,223
2018,Ž,total,Broj,18737
2019,Ukupno,infectious_and_parasitic,Broj,451
2019,Ukupno,neoplasms,Broj,8053
2019,Ukupno,diseases_of_the_blood,Broj,90
2019,Ukupno,endocrine_metabolic_and_nutritional,Broj,1925
2019,Ukupno,mental_and_behavioural_disorders,Broj,290
2019,Ukupno,diseases_of_the_nervous,Broj,388
2019,Ukupno,diseases_of_the_eye,Broj,9
2019,Ukupno,diseases_of_the_circulatory,Broj,18939
2019,Ukupno,diseases_of_the_respiratory,Broj,1946
2019,Ukupno,diseases_of_the_digestive,Broj,1043
2019,Ukupno,diseases_of_the_skin,Broj,43
2019,Ukupno,diseases_of_the_musculoskeletal,Broj,57
2019,Ukupno,diseases_of_the_genitourinary,Broj,600
2019,Ukupno,pregnancy_childbirth_and_the,Broj,3
2019,Ukupno,certain_conditions_originating,Broj,130
2019,Ukupno,congenital_malformations_deformations,Broj,30
2019,Ukupno,symptoms_signs_and_abnormal,Broj,3312
2019,Ukupno,injuries_poisoning_and_consequences,Broj,918
2019,Ukupno,external_causes_of_mortality,Broj,9
2019,Ukupno,factors_influencing_health_status,Broj,10
2019,Ukupno,unknown,Broj,583
2019,Ukupno,total,Broj,38829
2019,M,infectious_and_parasitic,Broj,241
2019,M,neoplasms,Broj,4606
2019,M,diseases_of_the_blood,Broj,30
2019,M,endocrine_metabolic_and_nutritional,Broj,806
2019,M,mental_and_behavioural_disorders,Broj,153
2019,M,diseases_of_the_nervous,Broj,202
2019,M,diseases_of_the_eye,Broj,3
2019,M,diseases_of_the_circulatory,Broj,8848
2019,M,diseases_of_the_respiratory,Broj,1076
2019,M,diseases_of_the_digestive,Broj,603
2019,M,diseases_of_the_skin,Broj,17
2019,M,diseases_of_the_musculoskeletal,Broj,15
2019,M,diseases_of_the_genitourinary,Broj,314
2019,M,certain_conditions_originating,Broj,70
2019,M,congenital_malformations_deformations,Broj,11
2019,M,symptoms_signs_and_abnormal,Broj,1727
2019,M,injuries_poisoning_and_consequences,Broj,701
2019,M,external_causes_of_mortality,Broj,8
2019,M,factors_influencing_health_status,Broj,7
2019,M,unknown,Broj,349
2019,M,total,Broj,19787
2019,Ž,infectious_and_parasitic,Broj,210
2019,Ž,neoplasms,Broj,3447
2019,Ž,diseases_of_the_blood,Broj,60
2019,Ž,endocrine_metabolic_and_nutritional,Broj,1119
2019,Ž,mental_and_behavioural_disorders,Broj,137
2019,Ž,diseases_of_the_nervous,Broj,186
2019,Ž,diseases_of_the_eye,Broj,6
2019,Ž,diseases_of_the_circulatory,Broj,10091
2019,Ž,diseases_of_the_respiratory,Broj,870
2019,Ž,diseases_of_the_digestive,Broj,440
2019,Ž,diseases_of_the_skin,Broj,26
2019,Ž,diseases_of_the_musculoskeletal,Broj,42
2019,Ž,diseases_of_the_genitourinary,Broj,286
2019,Ž,pregnancy_childbirth_and_the,Broj,3
2019,Ž,certain_conditions_originating,Broj,60
2019,Ž,congenital_malformations_deformations,Broj,19
2019,Ž,symptoms_signs_and_abnormal,Broj,1585
2019,Ž,injuries_poisoning_and_consequences,Broj,217
2019,Ž,external_causes_of_mortality,Broj,1
2019,Ž,factors_influencing_health_status,Broj,3
2019,Ž,unknown,Broj,234
2019,Ž,total,Broj,19042
