Year,UNIT_MEASURE,Oblast obrazovanja,Vrsta obrazovanja,Pol,Value
2017,Broj,Ukupno,Magistarske studije,Ukupno,2140
2017,Broj,"Prirodne nauke, matematika i statistika",Magistarske studije,Ukupno,67
2017,Broj,"Inženjerstvo, proizvodnja i građevinarstvo",Magistarske studije,Ukupno,347
2017,Broj,Informacione i komunikacione tehnologije,Magistarske studije,Ukupno,99
2017,Broj,Zdravstvo i socijalna zaštita,Magistarske studije,Ukupno,35
2017,Broj,"Poljoprivreda, šumarstvo, ribarstvo i veterinarstvo",Magistarske studije,Ukupno,206
2017,Broj,"Društvene nauke, novinarstvo i informisanje",Magistarske studije,Ukupno,473
2017,Broj,"Poslovanje, administracija i pravo",Magistarske studije,Ukupno,356
2017,Broj,Obrazovanje,Magistarske studije,Ukupno,236
2017,Broj,Umjetnost i humanističke nauke,Magistarske studije,Ukupno,319
2017,Broj,Usluge,Magistarske studije,Ukupno,2
2017,Broj,Ukupno,Magistarske studije,M,917
2017,Broj,"Prirodne nauke, matematika i statistika",Magistarske studije,M,26
2017,Broj,"Inženjerstvo, proizvodnja i građevinarstvo",Magistarske studije,M,208
2017,Broj,Informacione i komunikacione tehnologije,Magistarske studije,M,80
2017,Broj,Zdravstvo i socijalna zaštita,Magistarske studije,M,8
2017,Broj,"Poljoprivreda, šumarstvo, ribarstvo i veterinarstvo",Magistarske studije,M,114
2017,Broj,"Društvene nauke, novinarstvo i informisanje",Magistarske studije,M,176
2017,Broj,"Poslovanje, administracija i pravo",Magistarske studije,M,124
2017,Broj,Obrazovanje,Magistarske studije,M,39
2017,Broj,Umjetnost i humanističke nauke,Magistarske studije,M,142
2017,Broj,Usluge,Magistarske studije,M,0
2017,Broj,Ukupno,Magistarske studije,Ž,1223
2017,Broj,"Prirodne nauke, matematika i statistika",Magistarske studije,Ž,41
2017,Broj,"Inženjerstvo, proizvodnja i građevinarstvo",Magistarske studije,Ž,139
2017,Broj,Informacione i komunikacione tehnologije,Magistarske studije,Ž,19
2017,Broj,Zdravstvo i socijalna zaštita,Magistarske studije,Ž,27
2017,Broj,"Poljoprivreda, šumarstvo, ribarstvo i veterinarstvo",Magistarske studije,Ž,92
2017,Broj,"Društvene nauke, novinarstvo i informisanje",Magistarske studije,Ž,297
2017,Broj,"Poslovanje, administracija i pravo",Magistarske studije,Ž,232
2017,Broj,Obrazovanje,Magistarske studije,Ž,197
2017,Broj,Umjetnost i humanističke nauke,Magistarske studije,Ž,177
2017,Broj,Usluge,Magistarske studije,Ž,2
2017,Broj,Ukupno,Master studije,Ukupno,31
2017,Broj,"Prirodne nauke, matematika i statistika",Master studije,Ukupno,1
2017,Broj,"Inženjerstvo, proizvodnja i građevinarstvo",Master studije,Ukupno,0
2017,Broj,Informacione i komunikacione tehnologije,Master studije,Ukupno,22
2017,Broj,Zdravstvo i socijalna zaštita,Master studije,Ukupno,0
2017,Broj,"Poljoprivreda, šumarstvo, ribarstvo i veterinarstvo",Master studije,Ukupno,0
2017,Broj,"Društvene nauke, novinarstvo i informisanje",Master studije,Ukupno,0
2017,Broj,"Poslovanje, administracija i pravo",Master studije,Ukupno,2
2017,Broj,Obrazovanje,Master studije,Ukupno,1
2017,Broj,Umjetnost i humanističke nauke,Master studije,Ukupno,5
2017,Broj,Usluge,Master studije,Ukupno,0
2017,Broj,Ukupno,Master studije,M,21
2017,Broj,"Prirodne nauke, matematika i statistika",Master studije,M,0
2017,Broj,"Inženjerstvo, proizvodnja i građevinarstvo",Master studije,M,0
2017,Broj,Informacione i komunikacione tehnologije,Master studije,M,14
2017,Broj,Zdravstvo i socijalna zaštita,Master studije,M,0
2017,Broj,"Poljoprivreda, šumarstvo, ribarstvo i veterinarstvo",Master studije,M,0
2017,Broj,"Društvene nauke, novinarstvo i informisanje",Master studije,M,0
2017,Broj,"Poslovanje, administracija i pravo",Master studije,M,2
2017,Broj,Obrazovanje,Master studije,M,0
2017,Broj,Umjetnost i humanističke nauke,Master studije,M,5
2017,Broj,Usluge,Master studije,M,0
2017,Broj,Ukupno,Master studije,Ž,10
2017,Broj,"Prirodne nauke, matematika i statistika",Master studije,Ž,1
2017,Broj,"Inženjerstvo, proizvodnja i građevinarstvo",Master studije,Ž,0
2017,Broj,Informacione i komunikacione tehnologije,Master studije,Ž,8
2017,Broj,Zdravstvo i socijalna zaštita,Master studije,Ž,0
2017,Broj,"Poljoprivreda, šumarstvo, ribarstvo i veterinarstvo",Master studije,Ž,0
2017,Broj,"Društvene nauke, novinarstvo i informisanje",Master studije,Ž,0
2017,Broj,"Poslovanje, administracija i pravo",Master studije,Ž,0
2017,Broj,Obrazovanje,Master studije,Ž,1
2017,Broj,Umjetnost i humanističke nauke,Master studije,Ž,0
2017,Broj,Usluge,Master studije,Ž,0
2017,Broj,Ukupno,Specijalističke studije,Ukupno,73
2017,Broj,"Prirodne nauke, matematika i statistika",Specijalističke studije,Ukupno,0
2017,Broj,"Inženjerstvo, proizvodnja i građevinarstvo",Specijalističke studije,Ukupno,0
2017,Broj,Informacione i komunikacione tehnologije,Specijalističke studije,Ukupno,0
2017,Broj,Zdravstvo i socijalna zaštita,Specijalističke studije,Ukupno,71
2017,Broj,"Poljoprivreda, šumarstvo, ribarstvo i veterinarstvo",Specijalističke studije,Ukupno,0
2017,Broj,"Društvene nauke, novinarstvo i informisanje",Specijalističke studije,Ukupno,1
2017,Broj,"Poslovanje, administracija i pravo",Specijalističke studije,Ukupno,1
2017,Broj,Obrazovanje,Specijalističke studije,Ukupno,0
2017,Broj,Umjetnost i humanističke nauke,Specijalističke studije,Ukupno,0
2017,Broj,Usluge,Specijalističke studije,Ukupno,0
2017,Broj,Ukupno,Specijalističke studije,M,34
2017,Broj,"Prirodne nauke, matematika i statistika",Specijalističke studije,M,0
2017,Broj,"Inženjerstvo, proizvodnja i građevinarstvo",Specijalističke studije,M,0
2017,Broj,Informacione i komunikacione tehnologije,Specijalističke studije,M,0
2017,Broj,Zdravstvo i socijalna zaštita,Specijalističke studije,M,33
2017,Broj,"Poljoprivreda, šumarstvo, ribarstvo i veterinarstvo",Specijalističke studije,M,0
2017,Broj,"Društvene nauke, novinarstvo i informisanje",Specijalističke studije,M,1
2017,Broj,"Poslovanje, administracija i pravo",Specijalističke studije,M,0
2017,Broj,Obrazovanje,Specijalističke studije,M,0
2017,Broj,Umjetnost i humanističke nauke,Specijalističke studije,M,0
2017,Broj,Usluge,Specijalističke studije,M,0
2017,Broj,Ukupno,Specijalističke studije,Ž,39
2017,Broj,"Prirodne nauke, matematika i statistika",Specijalističke studije,Ž,0
2017,Broj,"Inženjerstvo, proizvodnja i građevinarstvo",Specijalističke studije,Ž,0
2017,Broj,Informacione i komunikacione tehnologije,Specijalističke studije,Ž,0
2017,Broj,Zdravstvo i socijalna zaštita,Specijalističke studije,Ž,38
2017,Broj,"Poljoprivreda, šumarstvo, ribarstvo i veterinarstvo",Specijalističke studije,Ž,0
2017,Broj,"Društvene nauke, novinarstvo i informisanje",Specijalističke studije,Ž,0
2017,Broj,"Poslovanje, administracija i pravo",Specijalističke studije,Ž,1
2017,Broj,Obrazovanje,Specijalističke studije,Ž,0
2017,Broj,Umjetnost i humanističke nauke,Specijalističke studije,Ž,0
2017,Broj,Usluge,Specijalističke studije,Ž,0
2018,Broj,Ukupno,Magistarske studije,Ukupno,14
2018,Broj,"Prirodne nauke, matematika i statistika",Magistarske studije,Ukupno,0
2018,Broj,"Inženjerstvo, proizvodnja i građevinarstvo",Magistarske studije,Ukupno,0
2018,Broj,Informacione i komunikacione tehnologije,Magistarske studije,Ukupno,0
2018,Broj,Zdravstvo i socijalna zaštita,Magistarske studije,Ukupno,0
2018,Broj,"Poljoprivreda, šumarstvo, ribarstvo i veterinarstvo",Magistarske studije,Ukupno,1
2018,Broj,"Društvene nauke, novinarstvo i informisanje",Magistarske studije,Ukupno,1
2018,Broj,"Poslovanje, administracija i pravo",Magistarske studije,Ukupno,0
2018,Broj,Obrazovanje,Magistarske studije,Ukupno,9
2018,Broj,Umjetnost i humanističke nauke,Magistarske studije,Ukupno,3
2018,Broj,Usluge,Magistarske studije,Ukupno,0
2018,Broj,Ukupno,Magistarske studije,M,6
2018,Broj,"Prirodne nauke, matematika i statistika",Magistarske studije,M,0
2018,Broj,"Inženjerstvo, proizvodnja i građevinarstvo",Magistarske studije,M,0
2018,Broj,Informacione i komunikacione tehnologije,Magistarske studije,M,0
2018,Broj,Zdravstvo i socijalna zaštita,Magistarske studije,M,0
2018,Broj,"Poljoprivreda, šumarstvo, ribarstvo i veterinarstvo",Magistarske studije,M,0
2018,Broj,"Društvene nauke, novinarstvo i informisanje",Magistarske studije,M,1
2018,Broj,"Poslovanje, administracija i pravo",Magistarske studije,M,0
2018,Broj,Obrazovanje,Magistarske studije,M,2
2018,Broj,Umjetnost i humanističke nauke,Magistarske studije,M,3
2018,Broj,Usluge,Magistarske studije,M,0
2018,Broj,Ukupno,Magistarske studije,Ž,8
2018,Broj,"Prirodne nauke, matematika i statistika",Magistarske studije,Ž,0
2018,Broj,"Inženjerstvo, proizvodnja i građevinarstvo",Magistarske studije,Ž,0
2018,Broj,Informacione i komunikacione tehnologije,Magistarske studije,Ž,0
2018,Broj,Zdravstvo i socijalna zaštita,Magistarske studije,Ž,0
2018,Broj,"Poljoprivreda, šumarstvo, ribarstvo i veterinarstvo",Magistarske studije,Ž,1
2018,Broj,"Društvene nauke, novinarstvo i informisanje",Magistarske studije,Ž,0
2018,Broj,"Poslovanje, administracija i pravo",Magistarske studije,Ž,0
2018,Broj,Obrazovanje,Magistarske studije,Ž,7
2018,Broj,Umjetnost i humanističke nauke,Magistarske studije,Ž,0
2018,Broj,Usluge,Magistarske studije,Ž,0
2018,Broj,Ukupno,Master studije,Ukupno,2144
2018,Broj,"Prirodne nauke, matematika i statistika",Master studije,Ukupno,76
2018,Broj,"Inženjerstvo, proizvodnja i građevinarstvo",Master studije,Ukupno,362
2018,Broj,Informacione i komunikacione tehnologije,Master studije,Ukupno,120
2018,Broj,Zdravstvo i socijalna zaštita,Master studije,Ukupno,42
2018,Broj,"Poljoprivreda, šumarstvo, ribarstvo i veterinarstvo",Master studije,Ukupno,189
2018,Broj,"Društvene nauke, novinarstvo i informisanje",Master studije,Ukupno,503
2018,Broj,"Poslovanje, administracija i pravo",Master studije,Ukupno,240
2018,Broj,Obrazovanje,Master studije,Ukupno,314
2018,Broj,Umjetnost i humanističke nauke,Master studije,Ukupno,291
2018,Broj,Usluge,Master studije,Ukupno,7
2018,Broj,Ukupno,Master studije,M,937
2018,Broj,"Prirodne nauke, matematika i statistika",Master studije,M,28
2018,Broj,"Inženjerstvo, proizvodnja i građevinarstvo",Master studije,M,229
2018,Broj,Informacione i komunikacione tehnologije,Master studije,M,83
2018,Broj,Zdravstvo i socijalna zaštita,Master studije,M,12
2018,Broj,"Poljoprivreda, šumarstvo, ribarstvo i veterinarstvo",Master studije,M,98
2018,Broj,"Društvene nauke, novinarstvo i informisanje",Master studije,M,163
2018,Broj,"Poslovanje, administracija i pravo",Master studije,M,85
2018,Broj,Obrazovanje,Master studije,M,103
2018,Broj,Umjetnost i humanističke nauke,Master studije,M,133
2018,Broj,Usluge,Master studije,M,3
2018,Broj,Ukupno,Master studije,Ž,1207
2018,Broj,"Prirodne nauke, matematika i statistika",Master studije,Ž,48
2018,Broj,"Inženjerstvo, proizvodnja i građevinarstvo",Master studije,Ž,133
2018,Broj,Informacione i komunikacione tehnologije,Master studije,Ž,37
2018,Broj,Zdravstvo i socijalna zaštita,Master studije,Ž,30
2018,Broj,"Poljoprivreda, šumarstvo, ribarstvo i veterinarstvo",Master studije,Ž,91
2018,Broj,"Društvene nauke, novinarstvo i informisanje",Master studije,Ž,340
2018,Broj,"Poslovanje, administracija i pravo",Master studije,Ž,155
2018,Broj,Obrazovanje,Master studije,Ž,211
2018,Broj,Umjetnost i humanističke nauke,Master studije,Ž,158
2018,Broj,Usluge,Master studije,Ž,4
2018,Broj,Ukupno,Specijalističke studije,Ukupno,160
2018,Broj,"Prirodne nauke, matematika i statistika",Specijalističke studije,Ukupno,0
2018,Broj,"Inženjerstvo, proizvodnja i građevinarstvo",Specijalističke studije,Ukupno,0
2018,Broj,Informacione i komunikacione tehnologije,Specijalističke studije,Ukupno,0
2018,Broj,Zdravstvo i socijalna zaštita,Specijalističke studije,Ukupno,156
2018,Broj,"Poljoprivreda, šumarstvo, ribarstvo i veterinarstvo",Specijalističke studije,Ukupno,0
2018,Broj,"Društvene nauke, novinarstvo i informisanje",Specijalističke studije,Ukupno,1
2018,Broj,"Poslovanje, administracija i pravo",Specijalističke studije,Ukupno,0
2018,Broj,Obrazovanje,Specijalističke studije,Ukupno,2
2018,Broj,Umjetnost i humanističke nauke,Specijalističke studije,Ukupno,1
2018,Broj,Usluge,Specijalističke studije,Ukupno,0
2018,Broj,Ukupno,Specijalističke studije,M,66
2018,Broj,"Prirodne nauke, matematika i statistika",Specijalističke studije,M,0
2018,Broj,"Inženjerstvo, proizvodnja i građevinarstvo",Specijalističke studije,M,0
2018,Broj,Informacione i komunikacione tehnologije,Specijalističke studije,M,0
2018,Broj,Zdravstvo i socijalna zaštita,Specijalističke studije,M,64
2018,Broj,"Poljoprivreda, šumarstvo, ribarstvo i veterinarstvo",Specijalističke studije,M,0
2018,Broj,"Društvene nauke, novinarstvo i informisanje",Specijalističke studije,M,1
2018,Broj,"Poslovanje, administracija i pravo",Specijalističke studije,M,0
2018,Broj,Obrazovanje,Specijalističke studije,M,0
2018,Broj,Umjetnost i humanističke nauke,Specijalističke studije,M,1
2018,Broj,Usluge,Specijalističke studije,M,0
2018,Broj,Ukupno,Specijalističke studije,Ž,94
2018,Broj,"Prirodne nauke, matematika i statistika",Specijalističke studije,Ž,0
2018,Broj,"Inženjerstvo, proizvodnja i građevinarstvo",Specijalističke studije,Ž,0
2018,Broj,Informacione i komunikacione tehnologije,Specijalističke studije,Ž,0
2018,Broj,Zdravstvo i socijalna zaštita,Specijalističke studije,Ž,92
2018,Broj,"Poljoprivreda, šumarstvo, ribarstvo i veterinarstvo",Specijalističke studije,Ž,0
2018,Broj,"Društvene nauke, novinarstvo i informisanje",Specijalističke studije,Ž,0
2018,Broj,"Poslovanje, administracija i pravo",Specijalističke studije,Ž,0
2018,Broj,Obrazovanje,Specijalističke studije,Ž,2
2018,Broj,Umjetnost i humanističke nauke,Specijalističke studije,Ž,0
2018,Broj,Usluge,Specijalističke studije,Ž,0
2019,Broj,Ukupno,Magistarske studije,Ukupno,16
2019,Broj,"Prirodne nauke, matematika i statistika",Magistarske studije,Ukupno,0
2019,Broj,"Inženjerstvo, proizvodnja i građevinarstvo",Magistarske studije,Ukupno,13
2019,Broj,Informacione i komunikacione tehnologije,Magistarske studije,Ukupno,0
2019,Broj,Zdravstvo i socijalna zaštita,Magistarske studije,Ukupno,0
2019,Broj,"Poljoprivreda, šumarstvo, ribarstvo i veterinarstvo",Magistarske studije,Ukupno,0
2019,Broj,"Društvene nauke, novinarstvo i informisanje",Magistarske studije,Ukupno,0
2019,Broj,"Poslovanje, administracija i pravo",Magistarske studije,Ukupno,0
2019,Broj,Obrazovanje,Magistarske studije,Ukupno,2
2019,Broj,Umjetnost i humanističke nauke,Magistarske studije,Ukupno,1
2019,Broj,Usluge,Magistarske studije,Ukupno,0
2019,Broj,Ukupno,Magistarske studije,M,12
2019,Broj,"Prirodne nauke, matematika i statistika",Magistarske studije,M,0
2019,Broj,"Inženjerstvo, proizvodnja i građevinarstvo",Magistarske studije,M,10
2019,Broj,Informacione i komunikacione tehnologije,Magistarske studije,M,0
2019,Broj,Zdravstvo i socijalna zaštita,Magistarske studije,M,0
2019,Broj,"Poljoprivreda, šumarstvo, ribarstvo i veterinarstvo",Magistarske studije,M,0
2019,Broj,"Društvene nauke, novinarstvo i informisanje",Magistarske studije,M,0
2019,Broj,"Poslovanje, administracija i pravo",Magistarske studije,M,0
2019,Broj,Obrazovanje,Magistarske studije,M,1
2019,Broj,Umjetnost i humanističke nauke,Magistarske studije,M,1
2019,Broj,Usluge,Magistarske studije,M,0
2019,Broj,Ukupno,Magistarske studije,Ž,4
2019,Broj,"Prirodne nauke, matematika i statistika",Magistarske studije,Ž,0
2019,Broj,"Inženjerstvo, proizvodnja i građevinarstvo",Magistarske studije,Ž,3
2019,Broj,Informacione i komunikacione tehnologije,Magistarske studije,Ž,0
2019,Broj,Zdravstvo i socijalna zaštita,Magistarske studije,Ž,0
2019,Broj,"Poljoprivreda, šumarstvo, ribarstvo i veterinarstvo",Magistarske studije,Ž,0
2019,Broj,"Društvene nauke, novinarstvo i informisanje",Magistarske studije,Ž,0
2019,Broj,"Poslovanje, administracija i pravo",Magistarske studije,Ž,0
2019,Broj,Obrazovanje,Magistarske studije,Ž,1
2019,Broj,Umjetnost i humanističke nauke,Magistarske studije,Ž,0
2019,Broj,Usluge,Magistarske studije,Ž,0
2019,Broj,Ukupno,Master studije,Ukupno,2109
2019,Broj,"Prirodne nauke, matematika i statistika",Master studije,Ukupno,79
2019,Broj,"Inženjerstvo, proizvodnja i građevinarstvo",Master studije,Ukupno,394
2019,Broj,Informacione i komunikacione tehnologije,Master studije,Ukupno,80
2019,Broj,Zdravstvo i socijalna zaštita,Master studije,Ukupno,45
2019,Broj,"Poljoprivreda, šumarstvo, ribarstvo i veterinarstvo",Master studije,Ukupno,188
2019,Broj,"Društvene nauke, novinarstvo i informisanje",Master studije,Ukupno,492
2019,Broj,"Poslovanje, administracija i pravo",Master studije,Ukupno,236
2019,Broj,Obrazovanje,Master studije,Ukupno,298
2019,Broj,Umjetnost i humanističke nauke,Master studije,Ukupno,291
2019,Broj,Usluge,Master studije,Ukupno,6
2019,Broj,Ukupno,Master studije,M,930
2019,Broj,"Prirodne nauke, matematika i statistika",Master studije,M,22
2019,Broj,"Inženjerstvo, proizvodnja i građevinarstvo",Master studije,M,243
2019,Broj,Informacione i komunikacione tehnologije,Master studije,M,59
2019,Broj,Zdravstvo i socijalna zaštita,Master studije,M,10
2019,Broj,"Poljoprivreda, šumarstvo, ribarstvo i veterinarstvo",Master studije,M,98
2019,Broj,"Društvene nauke, novinarstvo i informisanje",Master studije,M,160
2019,Broj,"Poslovanje, administracija i pravo",Master studije,M,89
2019,Broj,Obrazovanje,Master studije,M,104
2019,Broj,Umjetnost i humanističke nauke,Master studije,M,142
2019,Broj,Usluge,Master studije,M,3
2019,Broj,Ukupno,Master studije,Ž,1179
2019,Broj,"Prirodne nauke, matematika i statistika",Master studije,Ž,57
2019,Broj,"Inženjerstvo, proizvodnja i građevinarstvo",Master studije,Ž,151
2019,Broj,Informacione i komunikacione tehnologije,Master studije,Ž,21
2019,Broj,Zdravstvo i socijalna zaštita,Master studije,Ž,35
2019,Broj,"Poljoprivreda, šumarstvo, ribarstvo i veterinarstvo",Master studije,Ž,90
2019,Broj,"Društvene nauke, novinarstvo i informisanje",Master studije,Ž,332
2019,Broj,"Poslovanje, administracija i pravo",Master studije,Ž,147
2019,Broj,Obrazovanje,Master studije,Ž,194
2019,Broj,Umjetnost i humanističke nauke,Master studije,Ž,149
2019,Broj,Usluge,Master studije,Ž,3
2019,Broj,Ukupno,Specijalističke studije,Ukupno,170
2019,Broj,"Prirodne nauke, matematika i statistika",Specijalističke studije,Ukupno,0
2019,Broj,"Inženjerstvo, proizvodnja i građevinarstvo",Specijalističke studije,Ukupno,0
2019,Broj,Informacione i komunikacione tehnologije,Specijalističke studije,Ukupno,0
2019,Broj,Zdravstvo i socijalna zaštita,Specijalističke studije,Ukupno,170
2019,Broj,"Poljoprivreda, šumarstvo, ribarstvo i veterinarstvo",Specijalističke studije,Ukupno,0
2019,Broj,"Društvene nauke, novinarstvo i informisanje",Specijalističke studije,Ukupno,0
2019,Broj,"Poslovanje, administracija i pravo",Specijalističke studije,Ukupno,0
2019,Broj,Obrazovanje,Specijalističke studije,Ukupno,0
2019,Broj,Umjetnost i humanističke nauke,Specijalističke studije,Ukupno,0
2019,Broj,Usluge,Specijalističke studije,Ukupno,0
2019,Broj,Ukupno,Specijalističke studije,M,72
2019,Broj,"Prirodne nauke, matematika i statistika",Specijalističke studije,M,0
2019,Broj,"Inženjerstvo, proizvodnja i građevinarstvo",Specijalističke studije,M,0
2019,Broj,Informacione i komunikacione tehnologije,Specijalističke studije,M,0
2019,Broj,Zdravstvo i socijalna zaštita,Specijalističke studije,M,72
2019,Broj,"Poljoprivreda, šumarstvo, ribarstvo i veterinarstvo",Specijalističke studije,M,0
2019,Broj,"Društvene nauke, novinarstvo i informisanje",Specijalističke studije,M,0
2019,Broj,"Poslovanje, administracija i pravo",Specijalističke studije,M,0
2019,Broj,Obrazovanje,Specijalističke studije,M,0
2019,Broj,Umjetnost i humanističke nauke,Specijalističke studije,M,0
2019,Broj,Usluge,Specijalističke studije,M,0
2019,Broj,Ukupno,Specijalističke studije,Ž,98
2019,Broj,"Prirodne nauke, matematika i statistika",Specijalističke studije,Ž,0
2019,Broj,"Inženjerstvo, proizvodnja i građevinarstvo",Specijalističke studije,Ž,0
2019,Broj,Informacione i komunikacione tehnologije,Specijalističke studije,Ž,0
2019,Broj,Zdravstvo i socijalna zaštita,Specijalističke studije,Ž,98
2019,Broj,"Poljoprivreda, šumarstvo, ribarstvo i veterinarstvo",Specijalističke studije,Ž,0
2019,Broj,"Društvene nauke, novinarstvo i informisanje",Specijalističke studije,Ž,0
2019,Broj,"Poslovanje, administracija i pravo",Specijalističke studije,Ž,0
2019,Broj,Obrazovanje,Specijalističke studije,Ž,0
2019,Broj,Umjetnost i humanističke nauke,Specijalističke studije,Ž,0
2019,Broj,Usluge,Specijalističke studije,Ž,0
2020,Broj,Ukupno,Magistarske studije,Ukupno,4
2020,Broj,"Prirodne nauke, matematika i statistika",Magistarske studije,Ukupno,0
2020,Broj,"Inženjerstvo, proizvodnja i građevinarstvo",Magistarske studije,Ukupno,0
2020,Broj,Informacione i komunikacione tehnologije,Magistarske studije,Ukupno,0
2020,Broj,Zdravstvo i socijalna zaštita,Magistarske studije,Ukupno,0
2020,Broj,"Poljoprivreda, šumarstvo, ribarstvo i veterinarstvo",Magistarske studije,Ukupno,0
2020,Broj,"Društvene nauke, novinarstvo i informisanje",Magistarske studije,Ukupno,0
2020,Broj,"Poslovanje, administracija i pravo",Magistarske studije,Ukupno,2
2020,Broj,Obrazovanje,Magistarske studije,Ukupno,2
2020,Broj,Umjetnost i humanističke nauke,Magistarske studije,Ukupno,0
2020,Broj,Usluge,Magistarske studije,Ukupno,0
2020,Broj,Ukupno,Magistarske studije,M,3
2020,Broj,"Prirodne nauke, matematika i statistika",Magistarske studije,M,0
2020,Broj,"Inženjerstvo, proizvodnja i građevinarstvo",Magistarske studije,M,0
2020,Broj,Informacione i komunikacione tehnologije,Magistarske studije,M,0
2020,Broj,Zdravstvo i socijalna zaštita,Magistarske studije,M,0
2020,Broj,"Poljoprivreda, šumarstvo, ribarstvo i veterinarstvo",Magistarske studije,M,0
2020,Broj,"Društvene nauke, novinarstvo i informisanje",Magistarske studije,M,0
2020,Broj,"Poslovanje, administracija i pravo",Magistarske studije,M,1
2020,Broj,Obrazovanje,Magistarske studije,M,2
2020,Broj,Umjetnost i humanističke nauke,Magistarske studije,M,0
2020,Broj,Usluge,Magistarske studije,M,0
2020,Broj,Ukupno,Magistarske studije,Ž,1
2020,Broj,"Prirodne nauke, matematika i statistika",Magistarske studije,Ž,0
2020,Broj,"Inženjerstvo, proizvodnja i građevinarstvo",Magistarske studije,Ž,0
2020,Broj,Informacione i komunikacione tehnologije,Magistarske studije,Ž,0
2020,Broj,Zdravstvo i socijalna zaštita,Magistarske studije,Ž,0
2020,Broj,"Poljoprivreda, šumarstvo, ribarstvo i veterinarstvo",Magistarske studije,Ž,0
2020,Broj,"Društvene nauke, novinarstvo i informisanje",Magistarske studije,Ž,0
2020,Broj,"Poslovanje, administracija i pravo",Magistarske studije,Ž,1
2020,Broj,Obrazovanje,Magistarske studije,Ž,0
2020,Broj,Umjetnost i humanističke nauke,Magistarske studije,Ž,0
2020,Broj,Usluge,Magistarske studije,Ž,0
2020,Broj,Ukupno,Master studije,Ukupno,2430
2020,Broj,"Prirodne nauke, matematika i statistika",Master studije,Ukupno,93
2020,Broj,"Inženjerstvo, proizvodnja i građevinarstvo",Master studije,Ukupno,399
2020,Broj,Informacione i komunikacione tehnologije,Master studije,Ukupno,117
2020,Broj,Zdravstvo i socijalna zaštita,Master studije,Ukupno,52
2020,Broj,"Poljoprivreda, šumarstvo, ribarstvo i veterinarstvo",Master studije,Ukupno,216
2020,Broj,"Društvene nauke, novinarstvo i informisanje",Master studije,Ukupno,619
2020,Broj,"Poslovanje, administracija i pravo",Master studije,Ukupno,216
2020,Broj,Obrazovanje,Master studije,Ukupno,381
2020,Broj,Umjetnost i humanističke nauke,Master studije,Ukupno,328
2020,Broj,Usluge,Master studije,Ukupno,9
2020,Broj,Ukupno,Master studije,M,1036
2020,Broj,"Prirodne nauke, matematika i statistika",Master studije,M,26
2020,Broj,"Inženjerstvo, proizvodnja i građevinarstvo",Master studije,M,252
2020,Broj,Informacione i komunikacione tehnologije,Master studije,M,82
2020,Broj,Zdravstvo i socijalna zaštita,Master studije,M,10
2020,Broj,"Poljoprivreda, šumarstvo, ribarstvo i veterinarstvo",Master studije,M,119
2020,Broj,"Društvene nauke, novinarstvo i informisanje",Master studije,M,194
2020,Broj,"Poslovanje, administracija i pravo",Master studije,M,79
2020,Broj,Obrazovanje,Master studije,M,129
2020,Broj,Umjetnost i humanističke nauke,Master studije,M,142
2020,Broj,Usluge,Master studije,M,3
2020,Broj,Ukupno,Master studije,Ž,1394
2020,Broj,"Prirodne nauke, matematika i statistika",Master studije,Ž,67
2020,Broj,"Inženjerstvo, proizvodnja i građevinarstvo",Master studije,Ž,147
2020,Broj,Informacione i komunikacione tehnologije,Master studije,Ž,35
2020,Broj,Zdravstvo i socijalna zaštita,Master studije,Ž,42
2020,Broj,"Poljoprivreda, šumarstvo, ribarstvo i veterinarstvo",Master studije,Ž,97
2020,Broj,"Društvene nauke, novinarstvo i informisanje",Master studije,Ž,425
2020,Broj,"Poslovanje, administracija i pravo",Master studije,Ž,137
2020,Broj,Obrazovanje,Master studije,Ž,252
2020,Broj,Umjetnost i humanističke nauke,Master studije,Ž,186
2020,Broj,Usluge,Master studije,Ž,6
2020,Broj,Ukupno,Specijalističke studije,Ukupno,170
2020,Broj,"Prirodne nauke, matematika i statistika",Specijalističke studije,Ukupno,0
2020,Broj,"Inženjerstvo, proizvodnja i građevinarstvo",Specijalističke studije,Ukupno,0
2020,Broj,Informacione i komunikacione tehnologije,Specijalističke studije,Ukupno,0
2020,Broj,Zdravstvo i socijalna zaštita,Specijalističke studije,Ukupno,170
2020,Broj,"Poljoprivreda, šumarstvo, ribarstvo i veterinarstvo",Specijalističke studije,Ukupno,0
2020,Broj,"Društvene nauke, novinarstvo i informisanje",Specijalističke studije,Ukupno,0
2020,Broj,"Poslovanje, administracija i pravo",Specijalističke studije,Ukupno,0
2020,Broj,Obrazovanje,Specijalističke studije,Ukupno,0
2020,Broj,Umjetnost i humanističke nauke,Specijalističke studije,Ukupno,0
2020,Broj,Usluge,Specijalističke studije,Ukupno,0
2020,Broj,Ukupno,Specijalističke studije,M,39
2020,Broj,"Prirodne nauke, matematika i statistika",Specijalističke studije,M,0
2020,Broj,"Inženjerstvo, proizvodnja i građevinarstvo",Specijalističke studije,M,0
2020,Broj,Informacione i komunikacione tehnologije,Specijalističke studije,M,0
2020,Broj,Zdravstvo i socijalna zaštita,Specijalističke studije,M,39
2020,Broj,"Poljoprivreda, šumarstvo, ribarstvo i veterinarstvo",Specijalističke studije,M,0
2020,Broj,"Društvene nauke, novinarstvo i informisanje",Specijalističke studije,M,0
2020,Broj,"Poslovanje, administracija i pravo",Specijalističke studije,M,0
2020,Broj,Obrazovanje,Specijalističke studije,M,0
2020,Broj,Umjetnost i humanističke nauke,Specijalističke studije,M,0
2020,Broj,Usluge,Specijalističke studije,M,0
2020,Broj,Ukupno,Specijalističke studije,Ž,131
2020,Broj,"Prirodne nauke, matematika i statistika",Specijalističke studije,Ž,0
2020,Broj,"Inženjerstvo, proizvodnja i građevinarstvo",Specijalističke studije,Ž,0
2020,Broj,Informacione i komunikacione tehnologije,Specijalističke studije,Ž,0
2020,Broj,Zdravstvo i socijalna zaštita,Specijalističke studije,Ž,131
2020,Broj,"Poljoprivreda, šumarstvo, ribarstvo i veterinarstvo",Specijalističke studije,Ž,0
2020,Broj,"Društvene nauke, novinarstvo i informisanje",Specijalističke studije,Ž,0
2020,Broj,"Poslovanje, administracija i pravo",Specijalističke studije,Ž,0
2020,Broj,Obrazovanje,Specijalističke studije,Ž,0
2020,Broj,Umjetnost i humanističke nauke,Specijalističke studije,Ž,0
2020,Broj,Usluge,Specijalističke studije,Ž,0
