Year,UNIT_MEASURE,Oblast obrazovanja,Pol,Value
2017,Broj,Ukupno,Ukupno,534
2017,Broj,"Društvene nauke, novinarstvo i informisanje",Ukupno,100
2017,Broj,Umjetnost i humanističke nauke,Ukupno,100
2017,Broj,Informacione i komunikacione tehnologije,Ukupno,17
2017,Broj,"Inženjerstvo, proizvodnja i građevinarstvo",Ukupno,32
2017,Broj,Obrazovanje,Ukupno,51
2017,Broj,"Poljoprivreda, šumarstvo, ribarstvo i veterinarstvo",Ukupno,20
2017,Broj,"Poslovanje, administracija i pravo",Ukupno,80
2017,Broj,"Prirodne nauke, matematika i statistika",Ukupno,15
2017,Broj,Usluge,Ukupno,1
2017,Broj,Zdravstvo i socijalna zaštita,Ukupno,118
2017,Broj,Ukupno,M,252
2017,Broj,"Društvene nauke, novinarstvo i informisanje",M,45
2017,Broj,Umjetnost i humanističke nauke,M,49
2017,Broj,Informacione i komunikacione tehnologije,M,14
2017,Broj,"Inženjerstvo, proizvodnja i građevinarstvo",M,17
2017,Broj,Obrazovanje,M,14
2017,Broj,"Poljoprivreda, šumarstvo, ribarstvo i veterinarstvo",M,10
2017,Broj,"Poslovanje, administracija i pravo",M,48
2017,Broj,"Prirodne nauke, matematika i statistika",M,6
2017,Broj,Usluge,M,1
2017,Broj,Zdravstvo i socijalna zaštita,M,48
2017,Broj,Ukupno,Ž,282
2017,Broj,"Društvene nauke, novinarstvo i informisanje",Ž,55
2017,Broj,Umjetnost i humanističke nauke,Ž,51
2017,Broj,Informacione i komunikacione tehnologije,Ž,3
2017,Broj,"Inženjerstvo, proizvodnja i građevinarstvo",Ž,15
2017,Broj,Obrazovanje,Ž,37
2017,Broj,"Poljoprivreda, šumarstvo, ribarstvo i veterinarstvo",Ž,10
2017,Broj,"Poslovanje, administracija i pravo",Ž,32
2017,Broj,"Prirodne nauke, matematika i statistika",Ž,9
2017,Broj,Usluge,Ž,0
2017,Broj,Zdravstvo i socijalna zaštita,Ž,70
2018,Broj,Ukupno,Ukupno,530
2018,Broj,"Društvene nauke, novinarstvo i informisanje",Ukupno,101
2018,Broj,Umjetnost i humanističke nauke,Ukupno,76
2018,Broj,Informacione i komunikacione tehnologije,Ukupno,22
2018,Broj,"Inženjerstvo, proizvodnja i građevinarstvo",Ukupno,33
2018,Broj,Obrazovanje,Ukupno,55
2018,Broj,"Poljoprivreda, šumarstvo, ribarstvo i veterinarstvo",Ukupno,27
2018,Broj,"Poslovanje, administracija i pravo",Ukupno,67
2018,Broj,"Prirodne nauke, matematika i statistika",Ukupno,23
2018,Broj,Usluge,Ukupno,3
2018,Broj,Zdravstvo i socijalna zaštita,Ukupno,123
2018,Broj,Ukupno,M,322
2018,Broj,"Društvene nauke, novinarstvo i informisanje",M,64
2018,Broj,Umjetnost i humanističke nauke,M,46
2018,Broj,Informacione i komunikacione tehnologije,M,5
2018,Broj,"Inženjerstvo, proizvodnja i građevinarstvo",M,17
2018,Broj,Obrazovanje,M,35
2018,Broj,"Poljoprivreda, šumarstvo, ribarstvo i veterinarstvo",M,13
2018,Broj,"Poslovanje, administracija i pravo",M,36
2018,Broj,"Prirodne nauke, matematika i statistika",M,18
2018,Broj,Usluge,M,3
2018,Broj,Zdravstvo i socijalna zaštita,M,85
2018,Broj,Ukupno,Ž,208
2018,Broj,"Društvene nauke, novinarstvo i informisanje",Ž,37
2018,Broj,Umjetnost i humanističke nauke,Ž,30
2018,Broj,Informacione i komunikacione tehnologije,Ž,17
2018,Broj,"Inženjerstvo, proizvodnja i građevinarstvo",Ž,16
2018,Broj,Obrazovanje,Ž,20
2018,Broj,"Poljoprivreda, šumarstvo, ribarstvo i veterinarstvo",Ž,14
2018,Broj,"Poslovanje, administracija i pravo",Ž,31
2018,Broj,"Prirodne nauke, matematika i statistika",Ž,5
2018,Broj,Usluge,Ž,0
2018,Broj,Zdravstvo i socijalna zaštita,Ž,38
2019,Broj,Ukupno,Ukupno,466
2019,Broj,"Društvene nauke, novinarstvo i informisanje",Ukupno,148
2019,Broj,Umjetnost i humanističke nauke,Ukupno,59
2019,Broj,Informacione i komunikacione tehnologije,Ukupno,10
2019,Broj,"Inženjerstvo, proizvodnja i građevinarstvo",Ukupno,30
2019,Broj,Obrazovanje,Ukupno,48
2019,Broj,"Poljoprivreda, šumarstvo, ribarstvo i veterinarstvo",Ukupno,11
2019,Broj,"Poslovanje, administracija i pravo",Ukupno,35
2019,Broj,"Prirodne nauke, matematika i statistika",Ukupno,24
2019,Broj,Usluge,Ukupno,1
2019,Broj,Zdravstvo i socijalna zaštita,Ukupno,100
2019,Broj,Ukupno,M,188
2019,Broj,"Društvene nauke, novinarstvo i informisanje",M,65
2019,Broj,Umjetnost i humanističke nauke,M,21
2019,Broj,Informacione i komunikacione tehnologije,M,6
2019,Broj,"Inženjerstvo, proizvodnja i građevinarstvo",M,12
2019,Broj,Obrazovanje,M,12
2019,Broj,"Poljoprivreda, šumarstvo, ribarstvo i veterinarstvo",M,4
2019,Broj,"Poslovanje, administracija i pravo",M,22
2019,Broj,"Prirodne nauke, matematika i statistika",M,9
2019,Broj,Usluge,M,1
2019,Broj,Zdravstvo i socijalna zaštita,M,36
2019,Broj,Ukupno,Ž,278
2019,Broj,"Društvene nauke, novinarstvo i informisanje",Ž,83
2019,Broj,Umjetnost i humanističke nauke,Ž,38
2019,Broj,Informacione i komunikacione tehnologije,Ž,4
2019,Broj,"Inženjerstvo, proizvodnja i građevinarstvo",Ž,18
2019,Broj,Obrazovanje,Ž,36
2019,Broj,"Poljoprivreda, šumarstvo, ribarstvo i veterinarstvo",Ž,7
2019,Broj,"Poslovanje, administracija i pravo",Ž,13
2019,Broj,"Prirodne nauke, matematika i statistika",Ž,15
2019,Broj,Usluge,Ž,0
2019,Broj,Zdravstvo i socijalna zaštita,Ž,64
2020,Broj,Ukupno,Ukupno,384
2020,Broj,"Društvene nauke, novinarstvo i informisanje",Ukupno,86
2020,Broj,Umjetnost i humanističke nauke,Ukupno,65
2020,Broj,Informacione i komunikacione tehnologije,Ukupno,11
2020,Broj,"Inženjerstvo, proizvodnja i građevinarstvo",Ukupno,30
2020,Broj,Obrazovanje,Ukupno,29
2020,Broj,"Poljoprivreda, šumarstvo, ribarstvo i veterinarstvo",Ukupno,20
2020,Broj,"Poslovanje, administracija i pravo",Ukupno,28
2020,Broj,"Prirodne nauke, matematika i statistika",Ukupno,20
2020,Broj,Usluge,Ukupno,0
2020,Broj,Zdravstvo i socijalna zaštita,Ukupno,95
2020,Broj,Ukupno,M,156
2020,Broj,"Društvene nauke, novinarstvo i informisanje",M,41
2020,Broj,Umjetnost i humanističke nauke,M,20
2020,Broj,Informacione i komunikacione tehnologije,M,9
2020,Broj,"Inženjerstvo, proizvodnja i građevinarstvo",M,15
2020,Broj,Obrazovanje,M,7
2020,Broj,"Poljoprivreda, šumarstvo, ribarstvo i veterinarstvo",M,13
2020,Broj,"Poslovanje, administracija i pravo",M,13
2020,Broj,"Prirodne nauke, matematika i statistika",M,6
2020,Broj,Usluge,M,0
2020,Broj,Zdravstvo i socijalna zaštita,M,32
2020,Broj,Ukupno,Ž,228
2020,Broj,"Društvene nauke, novinarstvo i informisanje",Ž,45
2020,Broj,Umjetnost i humanističke nauke,Ž,45
2020,Broj,Informacione i komunikacione tehnologije,Ž,2
2020,Broj,"Inženjerstvo, proizvodnja i građevinarstvo",Ž,15
2020,Broj,Obrazovanje,Ž,22
2020,Broj,"Poljoprivreda, šumarstvo, ribarstvo i veterinarstvo",Ž,7
2020,Broj,"Poslovanje, administracija i pravo",Ž,15
2020,Broj,"Prirodne nauke, matematika i statistika",Ž,14
2020,Broj,Usluge,Ž,0
2020,Broj,Zdravstvo i socijalna zaštita,Ž,63
2021,Broj,Ukupno,Ukupno,435
2021,Broj,"Društvene nauke, novinarstvo i informisanje",Ukupno,117
2021,Broj,Umjetnost i humanističke nauke,Ukupno,64
2021,Broj,Informacione i komunikacione tehnologije,Ukupno,9
2021,Broj,"Inženjerstvo, proizvodnja i građevinarstvo",Ukupno,37
2021,Broj,Obrazovanje,Ukupno,46
2021,Broj,"Poljoprivreda, šumarstvo, ribarstvo i veterinarstvo",Ukupno,28
2021,Broj,"Poslovanje, administracija i pravo",Ukupno,28
2021,Broj,"Prirodne nauke, matematika i statistika",Ukupno,20
2021,Broj,Usluge,Ukupno,4
2021,Broj,Zdravstvo i socijalna zaštita,Ukupno,82
2021,Broj,Ukupno,M,181
2021,Broj,"Društvene nauke, novinarstvo i informisanje",M,46
2021,Broj,Umjetnost i humanističke nauke,M,32
2021,Broj,Informacione i komunikacione tehnologije,M,5
2021,Broj,"Inženjerstvo, proizvodnja i građevinarstvo",M,19
2021,Broj,Obrazovanje,M,13
2021,Broj,"Poljoprivreda, šumarstvo, ribarstvo i veterinarstvo",M,11
2021,Broj,"Poslovanje, administracija i pravo",M,18
2021,Broj,"Prirodne nauke, matematika i statistika",M,2
2021,Broj,Usluge,M,2
2021,Broj,Zdravstvo i socijalna zaštita,M,33
2021,Broj,Ukupno,Ž,254
2021,Broj,"Društvene nauke, novinarstvo i informisanje",Ž,71
2021,Broj,Umjetnost i humanističke nauke,Ž,32
2021,Broj,Informacione i komunikacione tehnologije,Ž,4
2021,Broj,"Inženjerstvo, proizvodnja i građevinarstvo",Ž,18
2021,Broj,Obrazovanje,Ž,33
2021,Broj,"Poljoprivreda, šumarstvo, ribarstvo i veterinarstvo",Ž,17
2021,Broj,"Poslovanje, administracija i pravo",Ž,10
2021,Broj,"Prirodne nauke, matematika i statistika",Ž,18
2021,Broj,Usluge,Ž,2
2021,Broj,Zdravstvo i socijalna zaštita,Ž,49
2022,Broj,Ukupno,Ukupno,430
2022,Broj,"Društvene nauke, novinarstvo i informisanje",Ukupno,85
2022,Broj,Umjetnost i humanističke nauke,Ukupno,59
2022,Broj,Informacione i komunikacione tehnologije,Ukupno,9
2022,Broj,"Inženjerstvo, proizvodnja i građevinarstvo",Ukupno,53
2022,Broj,Obrazovanje,Ukupno,35
2022,Broj,"Poljoprivreda, šumarstvo, ribarstvo i veterinarstvo",Ukupno,23
2022,Broj,"Poslovanje, administracija i pravo",Ukupno,33
2022,Broj,"Prirodne nauke, matematika i statistika",Ukupno,22
2022,Broj,Usluge,Ukupno,10
2022,Broj,Zdravstvo i socijalna zaštita,Ukupno,101
2022,Broj,Ukupno,M,193
2022,Broj,"Društvene nauke, novinarstvo i informisanje",M,46
2022,Broj,Umjetnost i humanističke nauke,M,25
2022,Broj,Informacione i komunikacione tehnologije,M,6
2022,Broj,"Inženjerstvo, proizvodnja i građevinarstvo",M,30
2022,Broj,Obrazovanje,M,17
2022,Broj,"Poljoprivreda, šumarstvo, ribarstvo i veterinarstvo",M,5
2022,Broj,"Poslovanje, administracija i pravo",M,9
2022,Broj,"Prirodne nauke, matematika i statistika",M,7
2022,Broj,Usluge,M,8
2022,Broj,Zdravstvo i socijalna zaštita,M,40
2022,Broj,Ukupno,Ž,237
2022,Broj,"Društvene nauke, novinarstvo i informisanje",Ž,39
2022,Broj,Umjetnost i humanističke nauke,Ž,34
2022,Broj,Informacione i komunikacione tehnologije,Ž,3
2022,Broj,"Inženjerstvo, proizvodnja i građevinarstvo",Ž,23
2022,Broj,Obrazovanje,Ž,18
2022,Broj,"Poljoprivreda, šumarstvo, ribarstvo i veterinarstvo",Ž,18
2022,Broj,"Poslovanje, administracija i pravo",Ž,24
2022,Broj,"Prirodne nauke, matematika i statistika",Ž,15
2022,Broj,Usluge,Ž,2
2022,Broj,Zdravstvo i socijalna zaštita,Ž,61
2023,Broj,Ukupno,Ukupno,465
2023,Broj,"Društvene nauke, novinarstvo i informisanje",Ukupno,46
2023,Broj,Umjetnost i humanističke nauke,Ukupno,71
2023,Broj,Informacione i komunikacione tehnologije,Ukupno,8
2023,Broj,"Inženjerstvo, proizvodnja i građevinarstvo",Ukupno,53
2023,Broj,Obrazovanje,Ukupno,49
2023,Broj,"Poljoprivreda, šumarstvo, ribarstvo i veterinarstvo",Ukupno,9
2023,Broj,"Poslovanje, administracija i pravo",Ukupno,66
2023,Broj,"Prirodne nauke, matematika i statistika",Ukupno,25
2023,Broj,Usluge,Ukupno,3
2023,Broj,Zdravstvo i socijalna zaštita,Ukupno,135
2023,Broj,Ukupno,M,179
2023,Broj,"Društvene nauke, novinarstvo i informisanje",M,11
2023,Broj,Umjetnost i humanističke nauke,M,23
2023,Broj,Informacione i komunikacione tehnologije,M,6
2023,Broj,"Inženjerstvo, proizvodnja i građevinarstvo",M,32
2023,Broj,Obrazovanje,M,7
2023,Broj,"Poljoprivreda, šumarstvo, ribarstvo i veterinarstvo",M,6
2023,Broj,"Poslovanje, administracija i pravo",M,24
2023,Broj,"Prirodne nauke, matematika i statistika",M,10
2023,Broj,Usluge,M,2
2023,Broj,Zdravstvo i socijalna zaštita,M,58
2023,Broj,Ukupno,Ž,286
2023,Broj,"Društvene nauke, novinarstvo i informisanje",Ž,35
2023,Broj,Umjetnost i humanističke nauke,Ž,48
2023,Broj,Informacione i komunikacione tehnologije,Ž,2
2023,Broj,"Inženjerstvo, proizvodnja i građevinarstvo",Ž,21
2023,Broj,Obrazovanje,Ž,42
2023,Broj,"Poljoprivreda, šumarstvo, ribarstvo i veterinarstvo",Ž,3
2023,Broj,"Poslovanje, administracija i pravo",Ž,42
2023,Broj,"Prirodne nauke, matematika i statistika",Ž,15
2023,Broj,Usluge,Ž,1
2023,Broj,Zdravstvo i socijalna zaštita,Ž,77
2024,Broj,Ukupno,Ukupno,475
2024,Broj,"Društvene nauke, novinarstvo i informisanje",Ukupno,65
2024,Broj,Umjetnost i humanističke nauke,Ukupno,68
2024,Broj,Informacione i komunikacione tehnologije,Ukupno,10
2024,Broj,"Inženjerstvo, proizvodnja i građevinarstvo",Ukupno,50
2024,Broj,Obrazovanje,Ukupno,88
2024,Broj,"Poljoprivreda, šumarstvo, ribarstvo i veterinarstvo",Ukupno,21
2024,Broj,"Poslovanje, administracija i pravo",Ukupno,31
2024,Broj,"Prirodne nauke, matematika i statistika",Ukupno,21
2024,Broj,Usluge,Ukupno,1
2024,Broj,Zdravstvo i socijalna zaštita,Ukupno,120
2024,Broj,Ukupno,M,181
2024,Broj,"Društvene nauke, novinarstvo i informisanje",M,20
2024,Broj,Umjetnost i humanističke nauke,M,27
2024,Broj,Informacione i komunikacione tehnologije,M,7
2024,Broj,"Inženjerstvo, proizvodnja i građevinarstvo",M,32
2024,Broj,Obrazovanje,M,21
2024,Broj,"Poljoprivreda, šumarstvo, ribarstvo i veterinarstvo",M,9
2024,Broj,"Poslovanje, administracija i pravo",M,16
2024,Broj,"Prirodne nauke, matematika i statistika",M,10
2024,Broj,Usluge,M,0
2024,Broj,Zdravstvo i socijalna zaštita,M,39
2024,Broj,Ukupno,Ž,294
2024,Broj,"Društvene nauke, novinarstvo i informisanje",Ž,45
2024,Broj,Umjetnost i humanističke nauke,Ž,41
2024,Broj,Informacione i komunikacione tehnologije,Ž,3
2024,Broj,"Inženjerstvo, proizvodnja i građevinarstvo",Ž,18
2024,Broj,Obrazovanje,Ž,67
2024,Broj,"Poljoprivreda, šumarstvo, ribarstvo i veterinarstvo",Ž,12
2024,Broj,"Poslovanje, administracija i pravo",Ž,15
2024,Broj,"Prirodne nauke, matematika i statistika",Ž,11
2024,Broj,Usluge,Ž,1
2024,Broj,Zdravstvo i socijalna zaštita,Ž,81
