Year,UNIT_MEASURE,Pol,Starost,Value
2020,% od ukupno,Ukupno,15+,45.5
2020,% od ukupno,Ukupno,15 - 24,24.2
2020,% od ukupno,Ukupno,25 - 49,69.9
2020,% od ukupno,Ukupno,50 - 64,52.4
2020,% od ukupno,Ukupno,15 - 64,56.5
2020,% od ukupno,M,15+,52.7
2020,% od ukupno,M,15 - 24,28.6
2020,% od ukupno,M,25 - 49,75.0
2020,% od ukupno,M,50 - 64,63.2
2020,% od ukupno,M,15 - 64,63.4
2020,% od ukupno,Ž,15+,38.8
2020,% od ukupno,Ž,15 - 24,19.4
2020,% od ukupno,Ž,25 - 49,64.6
2020,% od ukupno,Ž,50 - 64,42.1
2020,% od ukupno,Ž,15 - 64,49.5
