Year,UNIT_MEASURE,Spol,Starosna dob,Value
2013,Broj,Oba spola,Ukupno,1170342
2013,Broj,M,Ukupno,571812
2013,Broj,Ž,Ukupno,598530
2013,Broj,Oba spola,0-4,53405
2013,Broj,M,0-4,27393
2013,Broj,Ž,0-4,26012
2013,Broj,Oba spola,5-9,54076
2013,Broj,M,5-9,27716
2013,Broj,Ž,5-9,26360
2013,Broj,Oba spola,10-14,57326
2013,Broj,M,10-14,29411
2013,Broj,Ž,10-14,27915
2013,Broj,Oba spola,15-19,70815
2013,Broj,M,15-19,36577
2013,Broj,Ž,15-19,34238
2013,Broj,Oba spola,20-24,65363
2013,Broj,M,20-24,33893
2013,Broj,Ž,20-24,31470
2013,Broj,Oba spola,25-29,76753
2013,Broj,M,25-29,39159
2013,Broj,Ž,25-29,37594
2013,Broj,Oba spola,30-34,80472
2013,Broj,M,30-34,40809
2013,Broj,Ž,30-34,39663
2013,Broj,Oba spola,35-39,80588
2013,Broj,M,35-39,41264
2013,Broj,Ž,35-39,39324
2013,Broj,Oba spola,40-44,75683
2013,Broj,M,40-44,38704
2013,Broj,Ž,40-44,36979
2013,Broj,Oba spola,45-49,82810
2013,Broj,M,45-49,41422
2013,Broj,Ž,45-49,41388
2013,Broj,Oba spola,50-54,92000
2013,Broj,M,50-54,45159
2013,Broj,Ž,50-54,46841
2013,Broj,Oba spola,55-59,93458
2013,Broj,M,55-59,45289
2013,Broj,Ž,55-59,48169
2013,Broj,Oba spola,60-64,87204
2013,Broj,M,60-64,41420
2013,Broj,Ž,60-64,45784
2013,Broj,Oba spola,65-69,60073
2013,Broj,M,65-69,27337
2013,Broj,Ž,65-69,32736
2013,Broj,Oba spola,70-74,55148
2013,Broj,M,70-74,23525
2013,Broj,Ž,70-74,31623
2013,Broj,Oba spola,75-79,48037
2013,Broj,M,75-79,19261
2013,Broj,Ž,75-79,28776
2013,Broj,Oba spola,80-84,25566
2013,Broj,M,80-84,9608
2013,Broj,Ž,80-84,15958
2013,Broj,Oba spola,85+,11565
2013,Broj,M,85+,3865
2013,Broj,Ž,85+,7700
