Year,UNIT_MEASURE,Administrativna oblast,Spol,Education,Value
2013,Broj,REPUBLIKA SRPSKA,Oba spola,Ukupno,1005535
2013,Broj,REPUBLIKA SRPSKA,M,Ukupno,487292
2013,Broj,REPUBLIKA SRPSKA,Ž,Ukupno,518243
2013,Broj,BANJA LUKA,Oba spola,Ukupno,153659
2013,Broj,BANJA LUKA,M,Ukupno,73026
2013,Broj,BANJA LUKA,Ž,Ukupno,80633
2013,Broj,BERKOVICI,Oba spola,Ukupno,1684
2013,Broj,BERKOVICI,M,Ukupno,845
2013,Broj,BERKOVICI,Ž,Ukupno,839
2013,Broj,BIJELJINA,Oba spola,Ukupno,88664
2013,Broj,BIJELJINA,M,Ukupno,42935
2013,Broj,BIJELJINA,Ž,Ukupno,45729
2013,Broj,BILECA,Oba spola,Ukupno,9036
2013,Broj,BILECA,M,Ukupno,4536
2013,Broj,BILECA,Ž,Ukupno,4500
2013,Broj,BRATUNAC,Oba spola,Ukupno,15912
2013,Broj,BRATUNAC,M,Ukupno,7785
2013,Broj,BRATUNAC,Ž,Ukupno,8127
2013,Broj,BROD,Oba spola,Ukupno,13506
2013,Broj,BROD,M,Ukupno,6510
2013,Broj,BROD,Ž,Ukupno,6996
2013,Broj,VISEGRAD,Oba spola,Ukupno,8950
2013,Broj,VISEGRAD,M,Ukupno,4259
2013,Broj,VISEGRAD,Ž,Ukupno,4691
2013,Broj,VLASENICA,Oba spola,Ukupno,9131
2013,Broj,VLASENICA,M,Ukupno,4393
2013,Broj,VLASENICA,Ž,Ukupno,4738
2013,Broj,VUKOSAVLJE,Oba spola,Ukupno,3701
2013,Broj,VUKOSAVLJE,M,Ukupno,1852
2013,Broj,VUKOSAVLJE,Ž,Ukupno,1849
2013,Broj,GACKO,Oba spola,Ukupno,7337
2013,Broj,GACKO,M,Ukupno,3691
2013,Broj,GACKO,Ž,Ukupno,3646
2013,Broj,GRADISKA,Oba spola,Ukupno,42640
2013,Broj,GRADISKA,M,Ukupno,20635
2013,Broj,GRADISKA,Ž,Ukupno,22005
2013,Broj,DERVENTA,Oba spola,Ukupno,22345
2013,Broj,DERVENTA,M,Ukupno,10830
2013,Broj,DERVENTA,Ž,Ukupno,11515
2013,Broj,DOBOJ,Oba spola,Ukupno,58805
2013,Broj,DOBOJ,M,Ukupno,28207
2013,Broj,DOBOJ,Ž,Ukupno,30598
2013,Broj,DONJI ZABAR,Oba spola,Ukupno,3139
2013,Broj,DONJI ZABAR,M,Ukupno,1578
2013,Broj,DONJI ZABAR,Ž,Ukupno,1561
2013,Broj,ZVORNIK,Oba spola,Ukupno,45697
2013,Broj,ZVORNIK,M,Ukupno,22384
2013,Broj,ZVORNIK,Ž,Ukupno,23313
2013,Broj,ISTOCNA ILIDZA,Oba spola,Ukupno,12477
2013,Broj,ISTOCNA ILIDZA,M,Ukupno,5939
2013,Broj,ISTOCNA ILIDZA,Ž,Ukupno,6538
2013,Broj,ISTOCNI DRVAR,Oba spola,Ukupno,65
2013,Broj,ISTOCNI DRVAR,M,Ukupno,43
2013,Broj,ISTOCNI DRVAR,Ž,Ukupno,22
2013,Broj,ISTOCNI MOSTAR,Oba spola,Ukupno,213
2013,Broj,ISTOCNI MOSTAR,M,Ukupno,120
2013,Broj,ISTOCNI MOSTAR,Ž,Ukupno,93
2013,Broj,ISTOCNI STARI GRAD,Oba spola,Ukupno,1004
2013,Broj,ISTOCNI STARI GRAD,M,Ukupno,488
2013,Broj,ISTOCNI STARI GRAD,Ž,Ukupno,516
2013,Broj,ISTOCNO NOVO SARAJEVO,Oba spola,Ukupno,8824
2013,Broj,ISTOCNO NOVO SARAJEVO,M,Ukupno,4165
2013,Broj,ISTOCNO NOVO SARAJEVO,Ž,Ukupno,4659
2013,Broj,JEZERO,Oba spola,Ukupno,902
2013,Broj,JEZERO,M,Ukupno,465
2013,Broj,JEZERO,Ž,Ukupno,437
2013,Broj,KALINOVIK,Oba spola,Ukupno,1769
2013,Broj,KALINOVIK,M,Ukupno,871
2013,Broj,KALINOVIK,Ž,Ukupno,898
2013,Broj,KNEZEVO,Oba spola,Ukupno,8016
2013,Broj,KNEZEVO,M,Ukupno,3937
2013,Broj,KNEZEVO,Ž,Ukupno,4079
2013,Broj,KOZARSKA DUBICA,Oba spola,Ukupno,18231
2013,Broj,KOZARSKA DUBICA,M,Ukupno,8845
2013,Broj,KOZARSKA DUBICA,Ž,Ukupno,9386
2013,Broj,KOSTAJNICA,Oba spola,Ukupno,4975
2013,Broj,KOSTAJNICA,M,Ukupno,2437
2013,Broj,KOSTAJNICA,Ž,Ukupno,2538
2013,Broj,KOTOR VAROS,Oba spola,Ukupno,15368
2013,Broj,KOTOR VAROS,M,Ukupno,7454
2013,Broj,KOTOR VAROS,Ž,Ukupno,7914
2013,Broj,KRUPA NA UNI,Oba spola,Ukupno,1381
2013,Broj,KRUPA NA UNI,M,Ukupno,753
2013,Broj,KRUPA NA UNI,Ž,Ukupno,628
2013,Broj,KUPRES,Oba spola,Ukupno,266
2013,Broj,KUPRES,M,Ukupno,139
2013,Broj,KUPRES,Ž,Ukupno,127
2013,Broj,LAKTASI,Oba spola,Ukupno,28847
2013,Broj,LAKTASI,M,Ukupno,14165
2013,Broj,LAKTASI,Ž,Ukupno,14682
2013,Broj,LOPARE,Oba spola,Ukupno,12938
2013,Broj,LOPARE,M,Ukupno,6467
2013,Broj,LOPARE,Ž,Ukupno,6471
2013,Broj,LJUBINJE,Oba spola,Ukupno,2898
2013,Broj,LJUBINJE,M,Ukupno,1423
2013,Broj,LJUBINJE,Ž,Ukupno,1475
2013,Broj,MILICI,Oba spola,Ukupno,9001
2013,Broj,MILICI,M,Ukupno,4512
2013,Broj,MILICI,Ž,Ukupno,4489
2013,Broj,MODRICA,Oba spola,Ukupno,21096
2013,Broj,MODRICA,M,Ukupno,10240
2013,Broj,MODRICA,Ž,Ukupno,10856
2013,Broj,MRKONJIC GRAD,Oba spola,Ukupno,13701
2013,Broj,MRKONJIC GRAD,M,Ukupno,6548
2013,Broj,MRKONJIC GRAD,Ž,Ukupno,7153
2013,Broj,NEVESINJE,Oba spola,Ukupno,10674
2013,Broj,NEVESINJE,M,Ukupno,5289
2013,Broj,NEVESINJE,Ž,Ukupno,5385
2013,Broj,NOVI GRAD,Oba spola,Ukupno,22126
2013,Broj,NOVI GRAD,M,Ukupno,10935
2013,Broj,NOVI GRAD,Ž,Ukupno,11191
2013,Broj,NOVO GORAZDE,Oba spola,Ukupno,2637
2013,Broj,NOVO GORAZDE,M,Ukupno,1374
2013,Broj,NOVO GORAZDE,Ž,Ukupno,1263
2013,Broj,OSMACI,Oba spola,Ukupno,4710
2013,Broj,OSMACI,M,Ukupno,2343
2013,Broj,OSMACI,Ž,Ukupno,2367
2013,Broj,OSTRA LUKA,Oba spola,Ukupno,2305
2013,Broj,OSTRA LUKA,M,Ukupno,1174
2013,Broj,OSTRA LUKA,Ž,Ukupno,1131
2013,Broj,PALE,Oba spola,Ukupno,17661
2013,Broj,PALE,M,Ukupno,8344
2013,Broj,PALE,Ž,Ukupno,9317
2013,Broj,PELAGICEVO,Oba spola,Ukupno,3895
2013,Broj,PELAGICEVO,M,Ukupno,1917
2013,Broj,PELAGICEVO,Ž,Ukupno,1978
2013,Broj,PETROVAC,Oba spola,Ukupno,302
2013,Broj,PETROVAC,M,Ukupno,142
2013,Broj,PETROVAC,Ž,Ukupno,160
2013,Broj,PETROVO,Oba spola,Ukupno,5575
2013,Broj,PETROVO,M,Ukupno,2673
2013,Broj,PETROVO,Ž,Ukupno,2902
2013,Broj,PRIJEDOR,Oba spola,Ukupno,70732
2013,Broj,PRIJEDOR,M,Ukupno,34162
2013,Broj,PRIJEDOR,Ž,Ukupno,36570
2013,Broj,PRNJAVOR,Oba spola,Ukupno,29403
2013,Broj,PRNJAVOR,M,Ukupno,14149
2013,Broj,PRNJAVOR,Ž,Ukupno,15254
2013,Broj,RIBNIK,Oba spola,Ukupno,5058
2013,Broj,RIBNIK,M,Ukupno,2498
2013,Broj,RIBNIK,Ž,Ukupno,2560
2013,Broj,ROGATICA,Oba spola,Ukupno,8918
2013,Broj,ROGATICA,M,Ukupno,4351
2013,Broj,ROGATICA,Ž,Ukupno,4567
2013,Broj,RUDO,Oba spola,Ukupno,6682
2013,Broj,RUDO,M,Ukupno,3367
2013,Broj,RUDO,Ž,Ukupno,3315
2013,Broj,SOKOLAC,Oba spola,Ukupno,10049
2013,Broj,SOKOLAC,M,Ukupno,4907
2013,Broj,SOKOLAC,Ž,Ukupno,5142
2013,Broj,SRBAC,Oba spola,Ukupno,14551
2013,Broj,SRBAC,M,Ukupno,7089
2013,Broj,SRBAC,Ž,Ukupno,7462
2013,Broj,SREBRENICA,Oba spola,Ukupno,10212
2013,Broj,SREBRENICA,M,Ukupno,4952
2013,Broj,SREBRENICA,Ž,Ukupno,5260
2013,Broj,TESLIC,Oba spola,Ukupno,31305
2013,Broj,TESLIC,M,Ukupno,14814
2013,Broj,TESLIC,Ž,Ukupno,16491
2013,Broj,TREBINJE,Oba spola,Ukupno,23982
2013,Broj,TREBINJE,M,Ukupno,11546
2013,Broj,TREBINJE,Ž,Ukupno,12436
2013,Broj,TRNOVO,Oba spola,Ukupno,1784
2013,Broj,TRNOVO,M,Ukupno,848
2013,Broj,TRNOVO,Ž,Ukupno,936
2013,Broj,UGLJEVIK,Oba spola,Ukupno,12964
2013,Broj,UGLJEVIK,M,Ukupno,6513
2013,Broj,UGLJEVIK,Ž,Ukupno,6451
2013,Broj,FOCA,Oba spola,Ukupno,15468
2013,Broj,FOCA,M,Ukupno,7768
2013,Broj,FOCA,Ž,Ukupno,7700
2013,Broj,HAN PIJESAK,Oba spola,Ukupno,3060
2013,Broj,HAN PIJESAK,M,Ukupno,1429
2013,Broj,HAN PIJESAK,Ž,Ukupno,1631
2013,Broj,CAJNICE,Oba spola,Ukupno,4065
2013,Broj,CAJNICE,M,Ukupno,2040
2013,Broj,CAJNICE,Ž,Ukupno,2025
2013,Broj,CELINAC,Oba spola,Ukupno,12852
2013,Broj,CELINAC,M,Ukupno,6297
2013,Broj,CELINAC,Ž,Ukupno,6555
2013,Broj,SAMAC,Oba spola,Ukupno,14308
2013,Broj,SAMAC,M,Ukupno,6877
2013,Broj,SAMAC,Ž,Ukupno,7431
2013,Broj,SEKOVICI,Oba spola,Ukupno,5525
2013,Broj,SEKOVICI,M,Ukupno,2710
2013,Broj,SEKOVICI,Ž,Ukupno,2815
2013,Broj,SIPOVO,Oba spola,Ukupno,8554
2013,Broj,SIPOVO,M,Ukupno,4307
2013,Broj,SIPOVO,Ž,Ukupno,4247
2013,Broj,REPUBLIKA SRPSKA,Oba spola,Bez obrazovanja,58651
2013,Broj,REPUBLIKA SRPSKA,M,Bez obrazovanja,9370
2013,Broj,REPUBLIKA SRPSKA,Ž,Bez obrazovanja,49281
2013,Broj,BANJA LUKA,Oba spola,Bez obrazovanja,5673
2013,Broj,BANJA LUKA,M,Bez obrazovanja,921
2013,Broj,BANJA LUKA,Ž,Bez obrazovanja,4752
2013,Broj,BERKOVICI,Oba spola,Bez obrazovanja,104
2013,Broj,BERKOVICI,M,Bez obrazovanja,8
2013,Broj,BERKOVICI,Ž,Bez obrazovanja,96
2013,Broj,BIJELJINA,Oba spola,Bez obrazovanja,3916
2013,Broj,BIJELJINA,M,Bez obrazovanja,650
2013,Broj,BIJELJINA,Ž,Bez obrazovanja,3266
2013,Broj,BILECA,Oba spola,Bez obrazovanja,246
2013,Broj,BILECA,M,Bez obrazovanja,42
2013,Broj,BILECA,Ž,Bez obrazovanja,204
2013,Broj,BRATUNAC,Oba spola,Bez obrazovanja,1297
2013,Broj,BRATUNAC,M,Bez obrazovanja,166
2013,Broj,BRATUNAC,Ž,Bez obrazovanja,1131
2013,Broj,BROD,Oba spola,Bez obrazovanja,586
2013,Broj,BROD,M,Bez obrazovanja,90
2013,Broj,BROD,Ž,Bez obrazovanja,496
2013,Broj,VISEGRAD,Oba spola,Bez obrazovanja,576
2013,Broj,VISEGRAD,M,Bez obrazovanja,65
2013,Broj,VISEGRAD,Ž,Bez obrazovanja,511
2013,Broj,VLASENICA,Oba spola,Bez obrazovanja,629
2013,Broj,VLASENICA,M,Bez obrazovanja,101
2013,Broj,VLASENICA,Ž,Bez obrazovanja,528
2013,Broj,VUKOSAVLJE,Oba spola,Bez obrazovanja,329
2013,Broj,VUKOSAVLJE,M,Bez obrazovanja,69
2013,Broj,VUKOSAVLJE,Ž,Bez obrazovanja,260
2013,Broj,GACKO,Oba spola,Bez obrazovanja,268
2013,Broj,GACKO,M,Bez obrazovanja,22
2013,Broj,GACKO,Ž,Bez obrazovanja,246
2013,Broj,GRADISKA,Oba spola,Bez obrazovanja,2608
2013,Broj,GRADISKA,M,Bez obrazovanja,425
2013,Broj,GRADISKA,Ž,Bez obrazovanja,2183
2013,Broj,DERVENTA,Oba spola,Bez obrazovanja,1538
2013,Broj,DERVENTA,M,Bez obrazovanja,281
2013,Broj,DERVENTA,Ž,Bez obrazovanja,1257
2013,Broj,DOBOJ,Oba spola,Bez obrazovanja,3364
2013,Broj,DOBOJ,M,Bez obrazovanja,496
2013,Broj,DOBOJ,Ž,Bez obrazovanja,2868
2013,Broj,DONJI ZABAR,Oba spola,Bez obrazovanja,209
2013,Broj,DONJI ZABAR,M,Bez obrazovanja,37
2013,Broj,DONJI ZABAR,Ž,Bez obrazovanja,172
2013,Broj,ZVORNIK,Oba spola,Bez obrazovanja,3216
2013,Broj,ZVORNIK,M,Bez obrazovanja,484
2013,Broj,ZVORNIK,Ž,Bez obrazovanja,2732
2013,Broj,ISTOCNA ILIDZA,Oba spola,Bez obrazovanja,280
2013,Broj,ISTOCNA ILIDZA,M,Bez obrazovanja,33
2013,Broj,ISTOCNA ILIDZA,Ž,Bez obrazovanja,247
2013,Broj,ISTOCNI DRVAR,Oba spola,Bez obrazovanja,5
2013,Broj,ISTOCNI DRVAR,M,Bez obrazovanja,0
2013,Broj,ISTOCNI DRVAR,Ž,Bez obrazovanja,5
2013,Broj,ISTOCNI MOSTAR,Oba spola,Bez obrazovanja,19
2013,Broj,ISTOCNI MOSTAR,M,Bez obrazovanja,1
2013,Broj,ISTOCNI MOSTAR,Ž,Bez obrazovanja,18
2013,Broj,ISTOCNI STARI GRAD,Oba spola,Bez obrazovanja,61
2013,Broj,ISTOCNI STARI GRAD,M,Bez obrazovanja,5
2013,Broj,ISTOCNI STARI GRAD,Ž,Bez obrazovanja,56
2013,Broj,ISTOCNO NOVO SARAJEVO,Oba spola,Bez obrazovanja,191
2013,Broj,ISTOCNO NOVO SARAJEVO,M,Bez obrazovanja,25
2013,Broj,ISTOCNO NOVO SARAJEVO,Ž,Bez obrazovanja,166
2013,Broj,JEZERO,Oba spola,Bez obrazovanja,79
2013,Broj,JEZERO,M,Bez obrazovanja,14
2013,Broj,JEZERO,Ž,Bez obrazovanja,65
2013,Broj,KALINOVIK,Oba spola,Bez obrazovanja,158
2013,Broj,KALINOVIK,M,Bez obrazovanja,11
2013,Broj,KALINOVIK,Ž,Bez obrazovanja,147
2013,Broj,KNEZEVO,Oba spola,Bez obrazovanja,1390
2013,Broj,KNEZEVO,M,Bez obrazovanja,311
2013,Broj,KNEZEVO,Ž,Bez obrazovanja,1079
2013,Broj,KOZARSKA DUBICA,Oba spola,Bez obrazovanja,984
2013,Broj,KOZARSKA DUBICA,M,Bez obrazovanja,154
2013,Broj,KOZARSKA DUBICA,Ž,Bez obrazovanja,830
2013,Broj,KOSTAJNICA,Oba spola,Bez obrazovanja,163
2013,Broj,KOSTAJNICA,M,Bez obrazovanja,28
2013,Broj,KOSTAJNICA,Ž,Bez obrazovanja,135
2013,Broj,KOTOR VAROS,Oba spola,Bez obrazovanja,1503
2013,Broj,KOTOR VAROS,M,Bez obrazovanja,282
2013,Broj,KOTOR VAROS,Ž,Bez obrazovanja,1221
2013,Broj,KRUPA NA UNI,Oba spola,Bez obrazovanja,157
2013,Broj,KRUPA NA UNI,M,Bez obrazovanja,19
2013,Broj,KRUPA NA UNI,Ž,Bez obrazovanja,138
2013,Broj,KUPRES,Oba spola,Bez obrazovanja,103
2013,Broj,KUPRES,M,Bez obrazovanja,33
2013,Broj,KUPRES,Ž,Bez obrazovanja,70
2013,Broj,LAKTASI,Oba spola,Bez obrazovanja,1363
2013,Broj,LAKTASI,M,Bez obrazovanja,229
2013,Broj,LAKTASI,Ž,Bez obrazovanja,1134
2013,Broj,LOPARE,Oba spola,Bez obrazovanja,1235
2013,Broj,LOPARE,M,Bez obrazovanja,243
2013,Broj,LOPARE,Ž,Bez obrazovanja,992
2013,Broj,LJUBINJE,Oba spola,Bez obrazovanja,110
2013,Broj,LJUBINJE,M,Bez obrazovanja,12
2013,Broj,LJUBINJE,Ž,Bez obrazovanja,98
2013,Broj,MILICI,Oba spola,Bez obrazovanja,643
2013,Broj,MILICI,M,Bez obrazovanja,96
2013,Broj,MILICI,Ž,Bez obrazovanja,547
2013,Broj,MODRICA,Oba spola,Bez obrazovanja,1278
2013,Broj,MODRICA,M,Bez obrazovanja,241
2013,Broj,MODRICA,Ž,Bez obrazovanja,1037
2013,Broj,MRKONJIC GRAD,Oba spola,Bez obrazovanja,1462
2013,Broj,MRKONJIC GRAD,M,Bez obrazovanja,213
2013,Broj,MRKONJIC GRAD,Ž,Bez obrazovanja,1249
2013,Broj,NEVESINJE,Oba spola,Bez obrazovanja,545
2013,Broj,NEVESINJE,M,Bez obrazovanja,56
2013,Broj,NEVESINJE,Ž,Bez obrazovanja,489
2013,Broj,NOVI GRAD,Oba spola,Bez obrazovanja,1036
2013,Broj,NOVI GRAD,M,Bez obrazovanja,171
2013,Broj,NOVI GRAD,Ž,Bez obrazovanja,865
2013,Broj,NOVO GORAZDE,Oba spola,Bez obrazovanja,127
2013,Broj,NOVO GORAZDE,M,Bez obrazovanja,21
2013,Broj,NOVO GORAZDE,Ž,Bez obrazovanja,106
2013,Broj,OSMACI,Oba spola,Bez obrazovanja,397
2013,Broj,OSMACI,M,Bez obrazovanja,62
2013,Broj,OSMACI,Ž,Bez obrazovanja,335
2013,Broj,OSTRA LUKA,Oba spola,Bez obrazovanja,247
2013,Broj,OSTRA LUKA,M,Bez obrazovanja,43
2013,Broj,OSTRA LUKA,Ž,Bez obrazovanja,204
2013,Broj,PALE,Oba spola,Bez obrazovanja,606
2013,Broj,PALE,M,Bez obrazovanja,80
2013,Broj,PALE,Ž,Bez obrazovanja,526
2013,Broj,PELAGICEVO,Oba spola,Bez obrazovanja,290
2013,Broj,PELAGICEVO,M,Bez obrazovanja,46
2013,Broj,PELAGICEVO,Ž,Bez obrazovanja,244
2013,Broj,PETROVAC,Oba spola,Bez obrazovanja,11
2013,Broj,PETROVAC,M,Bez obrazovanja,0
2013,Broj,PETROVAC,Ž,Bez obrazovanja,11
2013,Broj,PETROVO,Oba spola,Bez obrazovanja,403
2013,Broj,PETROVO,M,Bez obrazovanja,48
2013,Broj,PETROVO,Ž,Bez obrazovanja,355
2013,Broj,PRIJEDOR,Oba spola,Bez obrazovanja,3918
2013,Broj,PRIJEDOR,M,Bez obrazovanja,760
2013,Broj,PRIJEDOR,Ž,Bez obrazovanja,3158
2013,Broj,PRNJAVOR,Oba spola,Bez obrazovanja,2654
2013,Broj,PRNJAVOR,M,Bez obrazovanja,391
2013,Broj,PRNJAVOR,Ž,Bez obrazovanja,2263
2013,Broj,RIBNIK,Oba spola,Bez obrazovanja,680
2013,Broj,RIBNIK,M,Bez obrazovanja,118
2013,Broj,RIBNIK,Ž,Bez obrazovanja,562
2013,Broj,ROGATICA,Oba spola,Bez obrazovanja,633
2013,Broj,ROGATICA,M,Bez obrazovanja,89
2013,Broj,ROGATICA,Ž,Bez obrazovanja,544
2013,Broj,RUDO,Oba spola,Bez obrazovanja,279
2013,Broj,RUDO,M,Bez obrazovanja,38
2013,Broj,RUDO,Ž,Bez obrazovanja,241
2013,Broj,SOKOLAC,Oba spola,Bez obrazovanja,392
2013,Broj,SOKOLAC,M,Bez obrazovanja,52
2013,Broj,SOKOLAC,Ž,Bez obrazovanja,340
2013,Broj,SRBAC,Oba spola,Bez obrazovanja,1115
2013,Broj,SRBAC,M,Bez obrazovanja,235
2013,Broj,SRBAC,Ž,Bez obrazovanja,880
2013,Broj,SREBRENICA,Oba spola,Bez obrazovanja,852
2013,Broj,SREBRENICA,M,Bez obrazovanja,105
2013,Broj,SREBRENICA,Ž,Bez obrazovanja,747
2013,Broj,TESLIC,Oba spola,Bez obrazovanja,3299
2013,Broj,TESLIC,M,Bez obrazovanja,471
2013,Broj,TESLIC,Ž,Bez obrazovanja,2828
2013,Broj,TREBINJE,Oba spola,Bez obrazovanja,382
2013,Broj,TREBINJE,M,Bez obrazovanja,44
2013,Broj,TREBINJE,Ž,Bez obrazovanja,338
2013,Broj,TRNOVO,Oba spola,Bez obrazovanja,143
2013,Broj,TRNOVO,M,Bez obrazovanja,14
2013,Broj,TRNOVO,Ž,Bez obrazovanja,129
2013,Broj,UGLJEVIK,Oba spola,Bez obrazovanja,856
2013,Broj,UGLJEVIK,M,Bez obrazovanja,135
2013,Broj,UGLJEVIK,Ž,Bez obrazovanja,721
2013,Broj,FOCA,Oba spola,Bez obrazovanja,775
2013,Broj,FOCA,M,Bez obrazovanja,92
2013,Broj,FOCA,Ž,Bez obrazovanja,683
2013,Broj,HAN PIJESAK,Oba spola,Bez obrazovanja,198
2013,Broj,HAN PIJESAK,M,Bez obrazovanja,22
2013,Broj,HAN PIJESAK,Ž,Bez obrazovanja,176
2013,Broj,CAJNICE,Oba spola,Bez obrazovanja,224
2013,Broj,CAJNICE,M,Bez obrazovanja,31
2013,Broj,CAJNICE,Ž,Bez obrazovanja,193
2013,Broj,CELINAC,Oba spola,Bez obrazovanja,832
2013,Broj,CELINAC,M,Bez obrazovanja,109
2013,Broj,CELINAC,Ž,Bez obrazovanja,723
2013,Broj,SAMAC,Oba spola,Bez obrazovanja,627
2013,Broj,SAMAC,M,Bez obrazovanja,90
2013,Broj,SAMAC,Ž,Bez obrazovanja,537
2013,Broj,SEKOVICI,Oba spola,Bez obrazovanja,655
2013,Broj,SEKOVICI,M,Bez obrazovanja,120
2013,Broj,SEKOVICI,Ž,Bez obrazovanja,535
2013,Broj,SIPOVO,Oba spola,Bez obrazovanja,732
2013,Broj,SIPOVO,M,Bez obrazovanja,120
2013,Broj,SIPOVO,Ž,Bez obrazovanja,612
2013,Broj,REPUBLIKA SRPSKA,Oba spola,incomplete_elementary,97022
2013,Broj,REPUBLIKA SRPSKA,M,incomplete_elementary,33465
2013,Broj,REPUBLIKA SRPSKA,Ž,incomplete_elementary,63557
2013,Broj,BANJA LUKA,Oba spola,incomplete_elementary,6483
2013,Broj,BANJA LUKA,M,incomplete_elementary,2117
2013,Broj,BANJA LUKA,Ž,incomplete_elementary,4366
2013,Broj,BERKOVICI,Oba spola,incomplete_elementary,229
2013,Broj,BERKOVICI,M,incomplete_elementary,74
2013,Broj,BERKOVICI,Ž,incomplete_elementary,155
2013,Broj,BIJELJINA,Oba spola,incomplete_elementary,10740
2013,Broj,BIJELJINA,M,incomplete_elementary,3999
2013,Broj,BIJELJINA,Ž,incomplete_elementary,6741
2013,Broj,BILECA,Oba spola,incomplete_elementary,747
2013,Broj,BILECA,M,incomplete_elementary,187
2013,Broj,BILECA,Ž,incomplete_elementary,560
2013,Broj,BRATUNAC,Oba spola,incomplete_elementary,1364
2013,Broj,BRATUNAC,M,incomplete_elementary,395
2013,Broj,BRATUNAC,Ž,incomplete_elementary,969
2013,Broj,BROD,Oba spola,incomplete_elementary,1241
2013,Broj,BROD,M,incomplete_elementary,328
2013,Broj,BROD,Ž,incomplete_elementary,913
2013,Broj,VISEGRAD,Oba spola,incomplete_elementary,783
2013,Broj,VISEGRAD,M,incomplete_elementary,203
2013,Broj,VISEGRAD,Ž,incomplete_elementary,580
2013,Broj,VLASENICA,Oba spola,incomplete_elementary,758
2013,Broj,VLASENICA,M,incomplete_elementary,243
2013,Broj,VLASENICA,Ž,incomplete_elementary,515
2013,Broj,VUKOSAVLJE,Oba spola,incomplete_elementary,719
2013,Broj,VUKOSAVLJE,M,incomplete_elementary,300
2013,Broj,VUKOSAVLJE,Ž,incomplete_elementary,419
2013,Broj,GACKO,Oba spola,incomplete_elementary,496
2013,Broj,GACKO,M,incomplete_elementary,135
2013,Broj,GACKO,Ž,incomplete_elementary,361
2013,Broj,GRADISKA,Oba spola,incomplete_elementary,4821
2013,Broj,GRADISKA,M,incomplete_elementary,1832
2013,Broj,GRADISKA,Ž,incomplete_elementary,2989
2013,Broj,DERVENTA,Oba spola,incomplete_elementary,2759
2013,Broj,DERVENTA,M,incomplete_elementary,1030
2013,Broj,DERVENTA,Ž,incomplete_elementary,1729
2013,Broj,DOBOJ,Oba spola,incomplete_elementary,6019
2013,Broj,DOBOJ,M,incomplete_elementary,1823
2013,Broj,DOBOJ,Ž,incomplete_elementary,4196
2013,Broj,DONJI ZABAR,Oba spola,incomplete_elementary,707
2013,Broj,DONJI ZABAR,M,incomplete_elementary,304
2013,Broj,DONJI ZABAR,Ž,incomplete_elementary,403
2013,Broj,ZVORNIK,Oba spola,incomplete_elementary,4702
2013,Broj,ZVORNIK,M,incomplete_elementary,1472
2013,Broj,ZVORNIK,Ž,incomplete_elementary,3230
2013,Broj,ISTOCNA ILIDZA,Oba spola,incomplete_elementary,550
2013,Broj,ISTOCNA ILIDZA,M,incomplete_elementary,65
2013,Broj,ISTOCNA ILIDZA,Ž,incomplete_elementary,485
2013,Broj,ISTOCNI DRVAR,Oba spola,incomplete_elementary,6
2013,Broj,ISTOCNI DRVAR,M,incomplete_elementary,4
2013,Broj,ISTOCNI DRVAR,Ž,incomplete_elementary,2
2013,Broj,ISTOCNI MOSTAR,Oba spola,incomplete_elementary,41
2013,Broj,ISTOCNI MOSTAR,M,incomplete_elementary,21
2013,Broj,ISTOCNI MOSTAR,Ž,incomplete_elementary,20
2013,Broj,ISTOCNI STARI GRAD,Oba spola,incomplete_elementary,133
2013,Broj,ISTOCNI STARI GRAD,M,incomplete_elementary,29
2013,Broj,ISTOCNI STARI GRAD,Ž,incomplete_elementary,104
2013,Broj,ISTOCNO NOVO SARAJEVO,Oba spola,incomplete_elementary,454
2013,Broj,ISTOCNO NOVO SARAJEVO,M,incomplete_elementary,89
2013,Broj,ISTOCNO NOVO SARAJEVO,Ž,incomplete_elementary,365
2013,Broj,JEZERO,Oba spola,incomplete_elementary,105
2013,Broj,JEZERO,M,incomplete_elementary,39
2013,Broj,JEZERO,Ž,incomplete_elementary,66
2013,Broj,KALINOVIK,Oba spola,incomplete_elementary,175
2013,Broj,KALINOVIK,M,incomplete_elementary,48
2013,Broj,KALINOVIK,Ž,incomplete_elementary,127
2013,Broj,KNEZEVO,Oba spola,incomplete_elementary,752
2013,Broj,KNEZEVO,M,incomplete_elementary,318
2013,Broj,KNEZEVO,Ž,incomplete_elementary,434
2013,Broj,KOZARSKA DUBICA,Oba spola,incomplete_elementary,1894
2013,Broj,KOZARSKA DUBICA,M,incomplete_elementary,683
2013,Broj,KOZARSKA DUBICA,Ž,incomplete_elementary,1211
2013,Broj,KOSTAJNICA,Oba spola,incomplete_elementary,387
2013,Broj,KOSTAJNICA,M,incomplete_elementary,132
2013,Broj,KOSTAJNICA,Ž,incomplete_elementary,255
2013,Broj,KOTOR VAROS,Oba spola,incomplete_elementary,1183
2013,Broj,KOTOR VAROS,M,incomplete_elementary,391
2013,Broj,KOTOR VAROS,Ž,incomplete_elementary,792
2013,Broj,KRUPA NA UNI,Oba spola,incomplete_elementary,316
2013,Broj,KRUPA NA UNI,M,incomplete_elementary,165
2013,Broj,KRUPA NA UNI,Ž,incomplete_elementary,151
2013,Broj,KUPRES,Oba spola,incomplete_elementary,19
2013,Broj,KUPRES,M,incomplete_elementary,9
2013,Broj,KUPRES,Ž,incomplete_elementary,10
2013,Broj,LAKTASI,Oba spola,incomplete_elementary,2504
2013,Broj,LAKTASI,M,incomplete_elementary,946
2013,Broj,LAKTASI,Ž,incomplete_elementary,1558
2013,Broj,LOPARE,Oba spola,incomplete_elementary,2118
2013,Broj,LOPARE,M,incomplete_elementary,943
2013,Broj,LOPARE,Ž,incomplete_elementary,1175
2013,Broj,LJUBINJE,Oba spola,incomplete_elementary,275
2013,Broj,LJUBINJE,M,incomplete_elementary,64
2013,Broj,LJUBINJE,Ž,incomplete_elementary,211
2013,Broj,MILICI,Oba spola,incomplete_elementary,729
2013,Broj,MILICI,M,incomplete_elementary,217
2013,Broj,MILICI,Ž,incomplete_elementary,512
2013,Broj,MODRICA,Oba spola,incomplete_elementary,2912
2013,Broj,MODRICA,M,incomplete_elementary,1049
2013,Broj,MODRICA,Ž,incomplete_elementary,1863
2013,Broj,MRKONJIC GRAD,Oba spola,incomplete_elementary,1769
2013,Broj,MRKONJIC GRAD,M,incomplete_elementary,777
2013,Broj,MRKONJIC GRAD,Ž,incomplete_elementary,992
2013,Broj,NEVESINJE,Oba spola,incomplete_elementary,1048
2013,Broj,NEVESINJE,M,incomplete_elementary,265
2013,Broj,NEVESINJE,Ž,incomplete_elementary,783
2013,Broj,NOVI GRAD,Oba spola,incomplete_elementary,2172
2013,Broj,NOVI GRAD,M,incomplete_elementary,757
2013,Broj,NOVI GRAD,Ž,incomplete_elementary,1415
2013,Broj,NOVO GORAZDE,Oba spola,incomplete_elementary,162
2013,Broj,NOVO GORAZDE,M,incomplete_elementary,52
2013,Broj,NOVO GORAZDE,Ž,incomplete_elementary,110
2013,Broj,OSMACI,Oba spola,incomplete_elementary,552
2013,Broj,OSMACI,M,incomplete_elementary,172
2013,Broj,OSMACI,Ž,incomplete_elementary,380
2013,Broj,OSTRA LUKA,Oba spola,incomplete_elementary,352
2013,Broj,OSTRA LUKA,M,incomplete_elementary,154
2013,Broj,OSTRA LUKA,Ž,incomplete_elementary,198
2013,Broj,PALE,Oba spola,incomplete_elementary,986
2013,Broj,PALE,M,incomplete_elementary,214
2013,Broj,PALE,Ž,incomplete_elementary,772
2013,Broj,PELAGICEVO,Oba spola,incomplete_elementary,1081
2013,Broj,PELAGICEVO,M,incomplete_elementary,459
2013,Broj,PELAGICEVO,Ž,incomplete_elementary,622
2013,Broj,PETROVAC,Oba spola,incomplete_elementary,28
2013,Broj,PETROVAC,M,incomplete_elementary,4
2013,Broj,PETROVAC,Ž,incomplete_elementary,24
2013,Broj,PETROVO,Oba spola,incomplete_elementary,733
2013,Broj,PETROVO,M,incomplete_elementary,180
2013,Broj,PETROVO,Ž,incomplete_elementary,553
2013,Broj,PRIJEDOR,Oba spola,incomplete_elementary,6219
2013,Broj,PRIJEDOR,M,incomplete_elementary,1948
2013,Broj,PRIJEDOR,Ž,incomplete_elementary,4271
2013,Broj,PRNJAVOR,Oba spola,incomplete_elementary,4458
2013,Broj,PRNJAVOR,M,incomplete_elementary,1948
2013,Broj,PRNJAVOR,Ž,incomplete_elementary,2510
2013,Broj,RIBNIK,Oba spola,incomplete_elementary,641
2013,Broj,RIBNIK,M,incomplete_elementary,249
2013,Broj,RIBNIK,Ž,incomplete_elementary,392
2013,Broj,ROGATICA,Oba spola,incomplete_elementary,799
2013,Broj,ROGATICA,M,incomplete_elementary,239
2013,Broj,ROGATICA,Ž,incomplete_elementary,560
2013,Broj,RUDO,Oba spola,incomplete_elementary,719
2013,Broj,RUDO,M,incomplete_elementary,197
2013,Broj,RUDO,Ž,incomplete_elementary,522
2013,Broj,SOKOLAC,Oba spola,incomplete_elementary,747
2013,Broj,SOKOLAC,M,incomplete_elementary,207
2013,Broj,SOKOLAC,Ž,incomplete_elementary,540
2013,Broj,SRBAC,Oba spola,incomplete_elementary,2023
2013,Broj,SRBAC,M,incomplete_elementary,857
2013,Broj,SRBAC,Ž,incomplete_elementary,1166
2013,Broj,SREBRENICA,Oba spola,incomplete_elementary,1086
2013,Broj,SREBRENICA,M,incomplete_elementary,308
2013,Broj,SREBRENICA,Ž,incomplete_elementary,778
2013,Broj,TESLIC,Oba spola,incomplete_elementary,4433
2013,Broj,TESLIC,M,incomplete_elementary,1551
2013,Broj,TESLIC,Ž,incomplete_elementary,2882
2013,Broj,TREBINJE,Oba spola,incomplete_elementary,1156
2013,Broj,TREBINJE,M,incomplete_elementary,210
2013,Broj,TREBINJE,Ž,incomplete_elementary,946
2013,Broj,TRNOVO,Oba spola,incomplete_elementary,151
2013,Broj,TRNOVO,M,incomplete_elementary,36
2013,Broj,TRNOVO,Ž,incomplete_elementary,115
2013,Broj,UGLJEVIK,Oba spola,incomplete_elementary,1829
2013,Broj,UGLJEVIK,M,incomplete_elementary,734
2013,Broj,UGLJEVIK,Ž,incomplete_elementary,1095
2013,Broj,FOCA,Oba spola,incomplete_elementary,1301
2013,Broj,FOCA,M,incomplete_elementary,346
2013,Broj,FOCA,Ž,incomplete_elementary,955
2013,Broj,HAN PIJESAK,Oba spola,incomplete_elementary,258
2013,Broj,HAN PIJESAK,M,incomplete_elementary,61
2013,Broj,HAN PIJESAK,Ž,incomplete_elementary,197
2013,Broj,CAJNICE,Oba spola,incomplete_elementary,474
2013,Broj,CAJNICE,M,incomplete_elementary,149
2013,Broj,CAJNICE,Ž,incomplete_elementary,325
2013,Broj,CELINAC,Oba spola,incomplete_elementary,1317
2013,Broj,CELINAC,M,incomplete_elementary,474
2013,Broj,CELINAC,Ž,incomplete_elementary,843
2013,Broj,SAMAC,Oba spola,incomplete_elementary,2046
2013,Broj,SAMAC,M,incomplete_elementary,731
2013,Broj,SAMAC,Ž,incomplete_elementary,1315
2013,Broj,SEKOVICI,Oba spola,incomplete_elementary,453
2013,Broj,SEKOVICI,M,incomplete_elementary,181
2013,Broj,SEKOVICI,Ž,incomplete_elementary,272
2013,Broj,SIPOVO,Oba spola,incomplete_elementary,908
2013,Broj,SIPOVO,M,incomplete_elementary,351
2013,Broj,SIPOVO,Ž,incomplete_elementary,557
2013,Broj,REPUBLIKA SRPSKA,Oba spola,elementary_education,212834
2013,Broj,REPUBLIKA SRPSKA,M,elementary_education,95682
2013,Broj,REPUBLIKA SRPSKA,Ž,elementary_education,117152
2013,Broj,BANJA LUKA,Oba spola,elementary_education,23011
2013,Broj,BANJA LUKA,M,elementary_education,9927
2013,Broj,BANJA LUKA,Ž,elementary_education,13084
2013,Broj,BERKOVICI,Oba spola,elementary_education,430
2013,Broj,BERKOVICI,M,elementary_education,221
2013,Broj,BERKOVICI,Ž,elementary_education,209
2013,Broj,BIJELJINA,Oba spola,elementary_education,18771
2013,Broj,BIJELJINA,M,elementary_education,8590
2013,Broj,BIJELJINA,Ž,elementary_education,10181
2013,Broj,BILECA,Oba spola,elementary_education,1951
2013,Broj,BILECA,M,elementary_education,867
2013,Broj,BILECA,Ž,elementary_education,1084
2013,Broj,BRATUNAC,Oba spola,elementary_education,3893
2013,Broj,BRATUNAC,M,elementary_education,1769
2013,Broj,BRATUNAC,Ž,elementary_education,2124
2013,Broj,BROD,Oba spola,elementary_education,2986
2013,Broj,BROD,M,elementary_education,1248
2013,Broj,BROD,Ž,elementary_education,1738
2013,Broj,VISEGRAD,Oba spola,elementary_education,1626
2013,Broj,VISEGRAD,M,elementary_education,593
2013,Broj,VISEGRAD,Ž,elementary_education,1033
2013,Broj,VLASENICA,Oba spola,elementary_education,2268
2013,Broj,VLASENICA,M,elementary_education,993
2013,Broj,VLASENICA,Ž,elementary_education,1275
2013,Broj,VUKOSAVLJE,Oba spola,elementary_education,999
2013,Broj,VUKOSAVLJE,M,elementary_education,472
2013,Broj,VUKOSAVLJE,Ž,elementary_education,527
2013,Broj,GACKO,Oba spola,elementary_education,1356
2013,Broj,GACKO,M,elementary_education,530
2013,Broj,GACKO,Ž,elementary_education,826
2013,Broj,GRADISKA,Oba spola,elementary_education,9626
2013,Broj,GRADISKA,M,elementary_education,4493
2013,Broj,GRADISKA,Ž,elementary_education,5133
2013,Broj,DERVENTA,Oba spola,elementary_education,5260
2013,Broj,DERVENTA,M,elementary_education,2463
2013,Broj,DERVENTA,Ž,elementary_education,2797
2013,Broj,DOBOJ,Oba spola,elementary_education,13403
2013,Broj,DOBOJ,M,elementary_education,5750
2013,Broj,DOBOJ,Ž,elementary_education,7653
2013,Broj,DONJI ZABAR,Oba spola,elementary_education,815
2013,Broj,DONJI ZABAR,M,elementary_education,408
2013,Broj,DONJI ZABAR,Ž,elementary_education,407
2013,Broj,ZVORNIK,Oba spola,elementary_education,11440
2013,Broj,ZVORNIK,M,elementary_education,5163
2013,Broj,ZVORNIK,Ž,elementary_education,6277
2013,Broj,ISTOCNA ILIDZA,Oba spola,elementary_education,1676
2013,Broj,ISTOCNA ILIDZA,M,elementary_education,519
2013,Broj,ISTOCNA ILIDZA,Ž,elementary_education,1157
2013,Broj,ISTOCNI DRVAR,Oba spola,elementary_education,9
2013,Broj,ISTOCNI DRVAR,M,elementary_education,2
2013,Broj,ISTOCNI DRVAR,Ž,elementary_education,7
2013,Broj,ISTOCNI MOSTAR,Oba spola,elementary_education,38
2013,Broj,ISTOCNI MOSTAR,M,elementary_education,24
2013,Broj,ISTOCNI MOSTAR,Ž,elementary_education,14
2013,Broj,ISTOCNI STARI GRAD,Oba spola,elementary_education,166
2013,Broj,ISTOCNI STARI GRAD,M,elementary_education,75
2013,Broj,ISTOCNI STARI GRAD,Ž,elementary_education,91
2013,Broj,ISTOCNO NOVO SARAJEVO,Oba spola,elementary_education,1087
2013,Broj,ISTOCNO NOVO SARAJEVO,M,elementary_education,356
2013,Broj,ISTOCNO NOVO SARAJEVO,Ž,elementary_education,731
2013,Broj,JEZERO,Oba spola,elementary_education,236
2013,Broj,JEZERO,M,elementary_education,109
2013,Broj,JEZERO,Ž,elementary_education,127
2013,Broj,KALINOVIK,Oba spola,elementary_education,334
2013,Broj,KALINOVIK,M,elementary_education,122
2013,Broj,KALINOVIK,Ž,elementary_education,212
2013,Broj,KNEZEVO,Oba spola,elementary_education,1918
2013,Broj,KNEZEVO,M,elementary_education,990
2013,Broj,KNEZEVO,Ž,elementary_education,928
2013,Broj,KOZARSKA DUBICA,Oba spola,elementary_education,3921
2013,Broj,KOZARSKA DUBICA,M,elementary_education,1839
2013,Broj,KOZARSKA DUBICA,Ž,elementary_education,2082
2013,Broj,KOSTAJNICA,Oba spola,elementary_education,1117
2013,Broj,KOSTAJNICA,M,elementary_education,486
2013,Broj,KOSTAJNICA,Ž,elementary_education,631
2013,Broj,KOTOR VAROS,Oba spola,elementary_education,3809
2013,Broj,KOTOR VAROS,M,elementary_education,1797
2013,Broj,KOTOR VAROS,Ž,elementary_education,2012
2013,Broj,KRUPA NA UNI,Oba spola,elementary_education,524
2013,Broj,KRUPA NA UNI,M,elementary_education,317
2013,Broj,KRUPA NA UNI,Ž,elementary_education,207
2013,Broj,KUPRES,Oba spola,elementary_education,53
2013,Broj,KUPRES,M,elementary_education,33
2013,Broj,KUPRES,Ž,elementary_education,20
2013,Broj,LAKTASI,Oba spola,elementary_education,6602
2013,Broj,LAKTASI,M,elementary_education,3078
2013,Broj,LAKTASI,Ž,elementary_education,3524
2013,Broj,LOPARE,Oba spola,elementary_education,3267
2013,Broj,LOPARE,M,elementary_education,1670
2013,Broj,LOPARE,Ž,elementary_education,1597
2013,Broj,LJUBINJE,Oba spola,elementary_education,619
2013,Broj,LJUBINJE,M,elementary_education,261
2013,Broj,LJUBINJE,Ž,elementary_education,358
2013,Broj,MILICI,Oba spola,elementary_education,2387
2013,Broj,MILICI,M,elementary_education,1038
2013,Broj,MILICI,Ž,elementary_education,1349
2013,Broj,MODRICA,Oba spola,elementary_education,5255
2013,Broj,MODRICA,M,elementary_education,2469
2013,Broj,MODRICA,Ž,elementary_education,2786
2013,Broj,MRKONJIC GRAD,Oba spola,elementary_education,2720
2013,Broj,MRKONJIC GRAD,M,elementary_education,1373
2013,Broj,MRKONJIC GRAD,Ž,elementary_education,1347
2013,Broj,NEVESINJE,Oba spola,elementary_education,2193
2013,Broj,NEVESINJE,M,elementary_education,961
2013,Broj,NEVESINJE,Ž,elementary_education,1232
2013,Broj,NOVI GRAD,Oba spola,elementary_education,5660
2013,Broj,NOVI GRAD,M,elementary_education,2691
2013,Broj,NOVI GRAD,Ž,elementary_education,2969
2013,Broj,NOVO GORAZDE,Oba spola,elementary_education,612
2013,Broj,NOVO GORAZDE,M,elementary_education,229
2013,Broj,NOVO GORAZDE,Ž,elementary_education,383
2013,Broj,OSMACI,Oba spola,elementary_education,1146
2013,Broj,OSMACI,M,elementary_education,495
2013,Broj,OSMACI,Ž,elementary_education,651
2013,Broj,OSTRA LUKA,Oba spola,elementary_education,648
2013,Broj,OSTRA LUKA,M,elementary_education,348
2013,Broj,OSTRA LUKA,Ž,elementary_education,300
2013,Broj,PALE,Oba spola,elementary_education,2570
2013,Broj,PALE,M,elementary_education,935
2013,Broj,PALE,Ž,elementary_education,1635
2013,Broj,PELAGICEVO,Oba spola,elementary_education,1081
2013,Broj,PELAGICEVO,M,elementary_education,586
2013,Broj,PELAGICEVO,Ž,elementary_education,495
2013,Broj,PETROVAC,Oba spola,elementary_education,57
2013,Broj,PETROVAC,M,elementary_education,23
2013,Broj,PETROVAC,Ž,elementary_education,34
2013,Broj,PETROVO,Oba spola,elementary_education,1114
2013,Broj,PETROVO,M,elementary_education,464
2013,Broj,PETROVO,Ž,elementary_education,650
2013,Broj,PRIJEDOR,Oba spola,elementary_education,15121
2013,Broj,PRIJEDOR,M,elementary_education,6682
2013,Broj,PRIJEDOR,Ž,elementary_education,8439
2013,Broj,PRNJAVOR,Oba spola,elementary_education,7504
2013,Broj,PRNJAVOR,M,elementary_education,3697
2013,Broj,PRNJAVOR,Ž,elementary_education,3807
2013,Broj,RIBNIK,Oba spola,elementary_education,1275
2013,Broj,RIBNIK,M,elementary_education,651
2013,Broj,RIBNIK,Ž,elementary_education,624
2013,Broj,ROGATICA,Oba spola,elementary_education,1761
2013,Broj,ROGATICA,M,elementary_education,717
2013,Broj,ROGATICA,Ž,elementary_education,1044
2013,Broj,RUDO,Oba spola,elementary_education,1332
2013,Broj,RUDO,M,elementary_education,514
2013,Broj,RUDO,Ž,elementary_education,818
2013,Broj,SOKOLAC,Oba spola,elementary_education,1790
2013,Broj,SOKOLAC,M,elementary_education,720
2013,Broj,SOKOLAC,Ž,elementary_education,1070
2013,Broj,SRBAC,Oba spola,elementary_education,3740
2013,Broj,SRBAC,M,elementary_education,1843
2013,Broj,SRBAC,Ž,elementary_education,1897
2013,Broj,SREBRENICA,Oba spola,elementary_education,2494
2013,Broj,SREBRENICA,M,elementary_education,1115
2013,Broj,SREBRENICA,Ž,elementary_education,1379
2013,Broj,TESLIC,Oba spola,elementary_education,7412
2013,Broj,TESLIC,M,elementary_education,3540
2013,Broj,TESLIC,Ž,elementary_education,3872
2013,Broj,TREBINJE,Oba spola,elementary_education,3757
2013,Broj,TREBINJE,M,elementary_education,1267
2013,Broj,TREBINJE,Ž,elementary_education,2490
2013,Broj,TRNOVO,Oba spola,elementary_education,342
2013,Broj,TRNOVO,M,elementary_education,106
2013,Broj,TRNOVO,Ž,elementary_education,236
2013,Broj,UGLJEVIK,Oba spola,elementary_education,2942
2013,Broj,UGLJEVIK,M,elementary_education,1398
2013,Broj,UGLJEVIK,Ž,elementary_education,1544
2013,Broj,FOCA,Oba spola,elementary_education,2975
2013,Broj,FOCA,M,elementary_education,1305
2013,Broj,FOCA,Ž,elementary_education,1670
2013,Broj,HAN PIJESAK,Oba spola,elementary_education,686
2013,Broj,HAN PIJESAK,M,elementary_education,275
2013,Broj,HAN PIJESAK,Ž,elementary_education,411
2013,Broj,CAJNICE,Oba spola,elementary_education,981
2013,Broj,CAJNICE,M,elementary_education,436
2013,Broj,CAJNICE,Ž,elementary_education,545
2013,Broj,CELINAC,Oba spola,elementary_education,3312
2013,Broj,CELINAC,M,elementary_education,1626
2013,Broj,CELINAC,Ž,elementary_education,1686
2013,Broj,SAMAC,Oba spola,elementary_education,3511
2013,Broj,SAMAC,M,elementary_education,1521
2013,Broj,SAMAC,Ž,elementary_education,1990
2013,Broj,SEKOVICI,Oba spola,elementary_education,1397
2013,Broj,SEKOVICI,M,elementary_education,610
2013,Broj,SEKOVICI,Ž,elementary_education,787
2013,Broj,SIPOVO,Oba spola,elementary_education,1848
2013,Broj,SIPOVO,M,elementary_education,882
2013,Broj,SIPOVO,Ž,elementary_education,966
2013,Broj,REPUBLIKA SRPSKA,Oba spola,secondary_education,508414
2013,Broj,REPUBLIKA SRPSKA,M,secondary_education,280747
2013,Broj,REPUBLIKA SRPSKA,Ž,secondary_education,227667
2013,Broj,BANJA LUKA,Oba spola,secondary_education,83044
2013,Broj,BANJA LUKA,M,secondary_education,42327
2013,Broj,BANJA LUKA,Ž,secondary_education,40717
2013,Broj,BERKOVICI,Oba spola,secondary_education,771
2013,Broj,BERKOVICI,M,secondary_education,446
2013,Broj,BERKOVICI,Ž,secondary_education,325
2013,Broj,BIJELJINA,Oba spola,secondary_education,43231
2013,Broj,BIJELJINA,M,secondary_education,23560
2013,Broj,BIJELJINA,Ž,secondary_education,19671
2013,Broj,BILECA,Oba spola,secondary_education,4799
2013,Broj,BILECA,M,secondary_education,2692
2013,Broj,BILECA,Ž,secondary_education,2107
2013,Broj,BRATUNAC,Oba spola,secondary_education,7868
2013,Broj,BRATUNAC,M,secondary_education,4649
2013,Broj,BRATUNAC,Ž,secondary_education,3219
2013,Broj,BROD,Oba spola,secondary_education,7331
2013,Broj,BROD,M,secondary_education,4080
2013,Broj,BROD,Ž,secondary_education,3251
2013,Broj,VISEGRAD,Oba spola,secondary_education,4635
2013,Broj,VISEGRAD,M,secondary_education,2672
2013,Broj,VISEGRAD,Ž,secondary_education,1963
2013,Broj,VLASENICA,Oba spola,secondary_education,4607
2013,Broj,VLASENICA,M,secondary_education,2596
2013,Broj,VLASENICA,Ž,secondary_education,2011
2013,Broj,VUKOSAVLJE,Oba spola,secondary_education,1504
2013,Broj,VUKOSAVLJE,M,secondary_education,919
2013,Broj,VUKOSAVLJE,Ž,secondary_education,585
2013,Broj,GACKO,Oba spola,secondary_education,3801
2013,Broj,GACKO,M,secondary_education,2151
2013,Broj,GACKO,Ž,secondary_education,1650
2013,Broj,GRADISKA,Oba spola,secondary_education,21633
2013,Broj,GRADISKA,M,secondary_education,11815
2013,Broj,GRADISKA,Ž,secondary_education,9818
2013,Broj,DERVENTA,Oba spola,secondary_education,10884
2013,Broj,DERVENTA,M,secondary_education,6033
2013,Broj,DERVENTA,Ž,secondary_education,4851
2013,Broj,DOBOJ,Oba spola,secondary_education,29051
2013,Broj,DOBOJ,M,secondary_education,16192
2013,Broj,DOBOJ,Ž,secondary_education,12859
2013,Broj,DONJI ZABAR,Oba spola,secondary_education,1261
2013,Broj,DONJI ZABAR,M,secondary_education,739
2013,Broj,DONJI ZABAR,Ž,secondary_education,522
2013,Broj,ZVORNIK,Oba spola,secondary_education,21815
2013,Broj,ZVORNIK,M,secondary_education,12776
2013,Broj,ZVORNIK,Ž,secondary_education,9039
2013,Broj,ISTOCNA ILIDZA,Oba spola,secondary_education,7474
2013,Broj,ISTOCNA ILIDZA,M,secondary_education,4082
2013,Broj,ISTOCNA ILIDZA,Ž,secondary_education,3392
2013,Broj,ISTOCNI DRVAR,Oba spola,secondary_education,29
2013,Broj,ISTOCNI DRVAR,M,secondary_education,24
2013,Broj,ISTOCNI DRVAR,Ž,secondary_education,5
2013,Broj,ISTOCNI MOSTAR,Oba spola,secondary_education,99
2013,Broj,ISTOCNI MOSTAR,M,secondary_education,65
2013,Broj,ISTOCNI MOSTAR,Ž,secondary_education,34
2013,Broj,ISTOCNI STARI GRAD,Oba spola,secondary_education,548
2013,Broj,ISTOCNI STARI GRAD,M,secondary_education,329
2013,Broj,ISTOCNI STARI GRAD,Ž,secondary_education,219
2013,Broj,ISTOCNO NOVO SARAJEVO,Oba spola,secondary_education,5073
2013,Broj,ISTOCNO NOVO SARAJEVO,M,secondary_education,2656
2013,Broj,ISTOCNO NOVO SARAJEVO,Ž,secondary_education,2417
2013,Broj,JEZERO,Oba spola,secondary_education,435
2013,Broj,JEZERO,M,secondary_education,273
2013,Broj,JEZERO,Ž,secondary_education,162
2013,Broj,KALINOVIK,Oba spola,secondary_education,881
2013,Broj,KALINOVIK,M,secondary_education,551
2013,Broj,KALINOVIK,Ž,secondary_education,330
2013,Broj,KNEZEVO,Oba spola,secondary_education,3485
2013,Broj,KNEZEVO,M,secondary_education,2026
2013,Broj,KNEZEVO,Ž,secondary_education,1459
2013,Broj,KOZARSKA DUBICA,Oba spola,secondary_education,9698
2013,Broj,KOZARSKA DUBICA,M,secondary_education,5259
2013,Broj,KOZARSKA DUBICA,Ž,secondary_education,4439
2013,Broj,KOSTAJNICA,Oba spola,secondary_education,2798
2013,Broj,KOSTAJNICA,M,secondary_education,1545
2013,Broj,KOSTAJNICA,Ž,secondary_education,1253
2013,Broj,KOTOR VAROS,Oba spola,secondary_education,7807
2013,Broj,KOTOR VAROS,M,secondary_education,4380
2013,Broj,KOTOR VAROS,Ž,secondary_education,3427
2013,Broj,KRUPA NA UNI,Oba spola,secondary_education,355
2013,Broj,KRUPA NA UNI,M,secondary_education,236
2013,Broj,KRUPA NA UNI,Ž,secondary_education,119
2013,Broj,KUPRES,Oba spola,secondary_education,84
2013,Broj,KUPRES,M,secondary_education,59
2013,Broj,KUPRES,Ž,secondary_education,25
2013,Broj,LAKTASI,Oba spola,secondary_education,15658
2013,Broj,LAKTASI,M,secondary_education,8480
2013,Broj,LAKTASI,Ž,secondary_education,7178
2013,Broj,LOPARE,Oba spola,secondary_education,5477
2013,Broj,LOPARE,M,secondary_education,3169
2013,Broj,LOPARE,Ž,secondary_education,2308
2013,Broj,LJUBINJE,Oba spola,secondary_education,1432
2013,Broj,LJUBINJE,M,secondary_education,800
2013,Broj,LJUBINJE,Ž,secondary_education,632
2013,Broj,MILICI,Oba spola,secondary_education,4441
2013,Broj,MILICI,M,secondary_education,2743
2013,Broj,MILICI,Ž,secondary_education,1698
2013,Broj,MODRICA,Oba spola,secondary_education,9850
2013,Broj,MODRICA,M,secondary_education,5470
2013,Broj,MODRICA,Ž,secondary_education,4380
2013,Broj,MRKONJIC GRAD,Oba spola,secondary_education,6479
2013,Broj,MRKONJIC GRAD,M,secondary_education,3500
2013,Broj,MRKONJIC GRAD,Ž,secondary_education,2979
2013,Broj,NEVESINJE,Oba spola,secondary_education,5592
2013,Broj,NEVESINJE,M,secondary_education,3261
2013,Broj,NEVESINJE,Ž,secondary_education,2331
2013,Broj,NOVI GRAD,Oba spola,secondary_education,11197
2013,Broj,NOVI GRAD,M,secondary_education,6273
2013,Broj,NOVI GRAD,Ž,secondary_education,4924
2013,Broj,NOVO GORAZDE,Oba spola,secondary_education,1533
2013,Broj,NOVO GORAZDE,M,secondary_education,952
2013,Broj,NOVO GORAZDE,Ž,secondary_education,581
2013,Broj,OSMACI,Oba spola,secondary_education,2300
2013,Broj,OSMACI,M,secondary_education,1406
2013,Broj,OSMACI,Ž,secondary_education,894
2013,Broj,OSTRA LUKA,Oba spola,secondary_education,954
2013,Broj,OSTRA LUKA,M,secondary_education,578
2013,Broj,OSTRA LUKA,Ž,secondary_education,376
2013,Broj,PALE,Oba spola,secondary_education,10069
2013,Broj,PALE,M,secondary_education,5373
2013,Broj,PALE,Ž,secondary_education,4696
2013,Broj,PELAGICEVO,Oba spola,secondary_education,1264
2013,Broj,PELAGICEVO,M,secondary_education,726
2013,Broj,PELAGICEVO,Ž,secondary_education,538
2013,Broj,PETROVAC,Oba spola,secondary_education,169
2013,Broj,PETROVAC,M,secondary_education,96
2013,Broj,PETROVAC,Ž,secondary_education,73
2013,Broj,PETROVO,Oba spola,secondary_education,2821
2013,Broj,PETROVO,M,secondary_education,1664
2013,Broj,PETROVO,Ž,secondary_education,1157
2013,Broj,PRIJEDOR,Oba spola,secondary_education,37714
2013,Broj,PRIJEDOR,M,secondary_education,20808
2013,Broj,PRIJEDOR,Ž,secondary_education,16906
2013,Broj,PRNJAVOR,Oba spola,secondary_education,12669
2013,Broj,PRNJAVOR,M,secondary_education,7015
2013,Broj,PRNJAVOR,Ž,secondary_education,5654
2013,Broj,RIBNIK,Oba spola,secondary_education,2154
2013,Broj,RIBNIK,M,secondary_education,1291
2013,Broj,RIBNIK,Ž,secondary_education,863
2013,Broj,ROGATICA,Oba spola,secondary_education,4652
2013,Broj,ROGATICA,M,secondary_education,2694
2013,Broj,ROGATICA,Ž,secondary_education,1958
2013,Broj,RUDO,Oba spola,secondary_education,3609
2013,Broj,RUDO,M,secondary_education,2200
2013,Broj,RUDO,Ž,secondary_education,1409
2013,Broj,SOKOLAC,Oba spola,secondary_education,5543
2013,Broj,SOKOLAC,M,secondary_education,3105
2013,Broj,SOKOLAC,Ž,secondary_education,2438
2013,Broj,SRBAC,Oba spola,secondary_education,6472
2013,Broj,SRBAC,M,secondary_education,3466
2013,Broj,SRBAC,Ž,secondary_education,3006
2013,Broj,SREBRENICA,Oba spola,secondary_education,4716
2013,Broj,SREBRENICA,M,secondary_education,2832
2013,Broj,SREBRENICA,Ž,secondary_education,1884
2013,Broj,TESLIC,Oba spola,secondary_education,14063
2013,Broj,TESLIC,M,secondary_education,8090
2013,Broj,TESLIC,Ž,secondary_education,5973
2013,Broj,TREBINJE,Oba spola,secondary_education,13551
2013,Broj,TREBINJE,M,secondary_education,7183
2013,Broj,TREBINJE,Ž,secondary_education,6368
2013,Broj,TRNOVO,Oba spola,secondary_education,942
2013,Broj,TRNOVO,M,secondary_education,576
2013,Broj,TRNOVO,Ž,secondary_education,366
2013,Broj,UGLJEVIK,Oba spola,secondary_education,6085
2013,Broj,UGLJEVIK,M,secondary_education,3558
2013,Broj,UGLJEVIK,Ž,secondary_education,2527
2013,Broj,FOCA,Oba spola,secondary_education,8378
2013,Broj,FOCA,M,secondary_education,4841
2013,Broj,FOCA,Ž,secondary_education,3537
2013,Broj,HAN PIJESAK,Oba spola,secondary_education,1514
2013,Broj,HAN PIJESAK,M,secondary_education,846
2013,Broj,HAN PIJESAK,Ž,secondary_education,668
2013,Broj,CAJNICE,Oba spola,secondary_education,1993
2013,Broj,CAJNICE,M,secondary_education,1187
2013,Broj,CAJNICE,Ž,secondary_education,806
2013,Broj,CELINAC,Oba spola,secondary_education,6411
2013,Broj,CELINAC,M,secondary_education,3550
2013,Broj,CELINAC,Ž,secondary_education,2861
2013,Broj,SAMAC,Oba spola,secondary_education,6680
2013,Broj,SAMAC,M,secondary_education,3735
2013,Broj,SAMAC,Ž,secondary_education,2945
2013,Broj,SEKOVICI,Oba spola,secondary_education,2601
2013,Broj,SEKOVICI,M,secondary_education,1563
2013,Broj,SEKOVICI,Ž,secondary_education,1038
2013,Broj,SIPOVO,Oba spola,secondary_education,4430
2013,Broj,SIPOVO,M,secondary_education,2584
2013,Broj,SIPOVO,Ž,secondary_education,1846
2013,Broj,REPUBLIKA SRPSKA,Oba spola,secondary_specialization,7618
2013,Broj,REPUBLIKA SRPSKA,M,secondary_specialization,6324
2013,Broj,REPUBLIKA SRPSKA,Ž,secondary_specialization,1294
2013,Broj,BANJA LUKA,Oba spola,secondary_specialization,1552
2013,Broj,BANJA LUKA,M,secondary_specialization,1261
2013,Broj,BANJA LUKA,Ž,secondary_specialization,291
2013,Broj,BERKOVICI,Oba spola,secondary_specialization,11
2013,Broj,BERKOVICI,M,secondary_specialization,11
2013,Broj,BERKOVICI,Ž,secondary_specialization,0
2013,Broj,BIJELJINA,Oba spola,secondary_specialization,564
2013,Broj,BIJELJINA,M,secondary_specialization,485
2013,Broj,BIJELJINA,Ž,secondary_specialization,79
2013,Broj,BILECA,Oba spola,secondary_specialization,68
2013,Broj,BILECA,M,secondary_specialization,56
2013,Broj,BILECA,Ž,secondary_specialization,12
2013,Broj,BRATUNAC,Oba spola,secondary_specialization,77
2013,Broj,BRATUNAC,M,secondary_specialization,61
2013,Broj,BRATUNAC,Ž,secondary_specialization,16
2013,Broj,BROD,Oba spola,secondary_specialization,187
2013,Broj,BROD,M,secondary_specialization,160
2013,Broj,BROD,Ž,secondary_specialization,27
2013,Broj,VISEGRAD,Oba spola,secondary_specialization,137
2013,Broj,VISEGRAD,M,secondary_specialization,120
2013,Broj,VISEGRAD,Ž,secondary_specialization,17
2013,Broj,VLASENICA,Oba spola,secondary_specialization,28
2013,Broj,VLASENICA,M,secondary_specialization,21
2013,Broj,VLASENICA,Ž,secondary_specialization,7
2013,Broj,VUKOSAVLJE,Oba spola,secondary_specialization,14
2013,Broj,VUKOSAVLJE,M,secondary_specialization,12
2013,Broj,VUKOSAVLJE,Ž,secondary_specialization,2
2013,Broj,GACKO,Oba spola,secondary_specialization,269
2013,Broj,GACKO,M,secondary_specialization,249
2013,Broj,GACKO,Ž,secondary_specialization,20
2013,Broj,GRADISKA,Oba spola,secondary_specialization,192
2013,Broj,GRADISKA,M,secondary_specialization,142
2013,Broj,GRADISKA,Ž,secondary_specialization,50
2013,Broj,DERVENTA,Oba spola,secondary_specialization,120
2013,Broj,DERVENTA,M,secondary_specialization,94
2013,Broj,DERVENTA,Ž,secondary_specialization,26
2013,Broj,DOBOJ,Oba spola,secondary_specialization,507
2013,Broj,DOBOJ,M,secondary_specialization,448
2013,Broj,DOBOJ,Ž,secondary_specialization,59
2013,Broj,DONJI ZABAR,Oba spola,secondary_specialization,10
2013,Broj,DONJI ZABAR,M,secondary_specialization,8
2013,Broj,DONJI ZABAR,Ž,secondary_specialization,2
2013,Broj,ZVORNIK,Oba spola,secondary_specialization,277
2013,Broj,ZVORNIK,M,secondary_specialization,244
2013,Broj,ZVORNIK,Ž,secondary_specialization,33
2013,Broj,ISTOCNA ILIDZA,Oba spola,secondary_specialization,140
2013,Broj,ISTOCNA ILIDZA,M,secondary_specialization,123
2013,Broj,ISTOCNA ILIDZA,Ž,secondary_specialization,17
2013,Broj,ISTOCNI DRVAR,Oba spola,secondary_specialization,1
2013,Broj,ISTOCNI DRVAR,M,secondary_specialization,0
2013,Broj,ISTOCNI DRVAR,Ž,secondary_specialization,1
2013,Broj,ISTOCNI MOSTAR,Oba spola,secondary_specialization,0
2013,Broj,ISTOCNI MOSTAR,M,secondary_specialization,0
2013,Broj,ISTOCNI MOSTAR,Ž,secondary_specialization,0
2013,Broj,ISTOCNI STARI GRAD,Oba spola,secondary_specialization,16
2013,Broj,ISTOCNI STARI GRAD,M,secondary_specialization,15
2013,Broj,ISTOCNI STARI GRAD,Ž,secondary_specialization,1
2013,Broj,ISTOCNO NOVO SARAJEVO,Oba spola,secondary_specialization,81
2013,Broj,ISTOCNO NOVO SARAJEVO,M,secondary_specialization,69
2013,Broj,ISTOCNO NOVO SARAJEVO,Ž,secondary_specialization,12
2013,Broj,JEZERO,Oba spola,secondary_specialization,1
2013,Broj,JEZERO,M,secondary_specialization,1
2013,Broj,JEZERO,Ž,secondary_specialization,0
2013,Broj,KALINOVIK,Oba spola,secondary_specialization,16
2013,Broj,KALINOVIK,M,secondary_specialization,13
2013,Broj,KALINOVIK,Ž,secondary_specialization,3
2013,Broj,KNEZEVO,Oba spola,secondary_specialization,12
2013,Broj,KNEZEVO,M,secondary_specialization,11
2013,Broj,KNEZEVO,Ž,secondary_specialization,1
2013,Broj,KOZARSKA DUBICA,Oba spola,secondary_specialization,91
2013,Broj,KOZARSKA DUBICA,M,secondary_specialization,64
2013,Broj,KOZARSKA DUBICA,Ž,secondary_specialization,27
2013,Broj,KOSTAJNICA,Oba spola,secondary_specialization,23
2013,Broj,KOSTAJNICA,M,secondary_specialization,18
2013,Broj,KOSTAJNICA,Ž,secondary_specialization,5
2013,Broj,KOTOR VAROS,Oba spola,secondary_specialization,74
2013,Broj,KOTOR VAROS,M,secondary_specialization,52
2013,Broj,KOTOR VAROS,Ž,secondary_specialization,22
2013,Broj,KRUPA NA UNI,Oba spola,secondary_specialization,5
2013,Broj,KRUPA NA UNI,M,secondary_specialization,3
2013,Broj,KRUPA NA UNI,Ž,secondary_specialization,2
2013,Broj,KUPRES,Oba spola,secondary_specialization,1
2013,Broj,KUPRES,M,secondary_specialization,0
2013,Broj,KUPRES,Ž,secondary_specialization,1
2013,Broj,LAKTASI,Oba spola,secondary_specialization,169
2013,Broj,LAKTASI,M,secondary_specialization,141
2013,Broj,LAKTASI,Ž,secondary_specialization,28
2013,Broj,LOPARE,Oba spola,secondary_specialization,64
2013,Broj,LOPARE,M,secondary_specialization,45
2013,Broj,LOPARE,Ž,secondary_specialization,19
2013,Broj,LJUBINJE,Oba spola,secondary_specialization,81
2013,Broj,LJUBINJE,M,secondary_specialization,72
2013,Broj,LJUBINJE,Ž,secondary_specialization,9
2013,Broj,MILICI,Oba spola,secondary_specialization,15
2013,Broj,MILICI,M,secondary_specialization,10
2013,Broj,MILICI,Ž,secondary_specialization,5
2013,Broj,MODRICA,Oba spola,secondary_specialization,132
2013,Broj,MODRICA,M,secondary_specialization,103
2013,Broj,MODRICA,Ž,secondary_specialization,29
2013,Broj,MRKONJIC GRAD,Oba spola,secondary_specialization,89
2013,Broj,MRKONJIC GRAD,M,secondary_specialization,71
2013,Broj,MRKONJIC GRAD,Ž,secondary_specialization,18
2013,Broj,NEVESINJE,Oba spola,secondary_specialization,56
2013,Broj,NEVESINJE,M,secondary_specialization,51
2013,Broj,NEVESINJE,Ž,secondary_specialization,5
2013,Broj,NOVI GRAD,Oba spola,secondary_specialization,104
2013,Broj,NOVI GRAD,M,secondary_specialization,75
2013,Broj,NOVI GRAD,Ž,secondary_specialization,29
2013,Broj,NOVO GORAZDE,Oba spola,secondary_specialization,10
2013,Broj,NOVO GORAZDE,M,secondary_specialization,10
2013,Broj,NOVO GORAZDE,Ž,secondary_specialization,0
2013,Broj,OSMACI,Oba spola,secondary_specialization,15
2013,Broj,OSMACI,M,secondary_specialization,12
2013,Broj,OSMACI,Ž,secondary_specialization,3
2013,Broj,OSTRA LUKA,Oba spola,secondary_specialization,13
2013,Broj,OSTRA LUKA,M,secondary_specialization,11
2013,Broj,OSTRA LUKA,Ž,secondary_specialization,2
2013,Broj,PALE,Oba spola,secondary_specialization,247
2013,Broj,PALE,M,secondary_specialization,205
2013,Broj,PALE,Ž,secondary_specialization,42
2013,Broj,PELAGICEVO,Oba spola,secondary_specialization,4
2013,Broj,PELAGICEVO,M,secondary_specialization,3
2013,Broj,PELAGICEVO,Ž,secondary_specialization,1
2013,Broj,PETROVAC,Oba spola,secondary_specialization,0
2013,Broj,PETROVAC,M,secondary_specialization,0
2013,Broj,PETROVAC,Ž,secondary_specialization,0
2013,Broj,PETROVO,Oba spola,secondary_specialization,79
2013,Broj,PETROVO,M,secondary_specialization,74
2013,Broj,PETROVO,Ž,secondary_specialization,5
2013,Broj,PRIJEDOR,Oba spola,secondary_specialization,666
2013,Broj,PRIJEDOR,M,secondary_specialization,492
2013,Broj,PRIJEDOR,Ž,secondary_specialization,174
2013,Broj,PRNJAVOR,Oba spola,secondary_specialization,112
2013,Broj,PRNJAVOR,M,secondary_specialization,83
2013,Broj,PRNJAVOR,Ž,secondary_specialization,29
2013,Broj,RIBNIK,Oba spola,secondary_specialization,14
2013,Broj,RIBNIK,M,secondary_specialization,13
2013,Broj,RIBNIK,Ž,secondary_specialization,1
2013,Broj,ROGATICA,Oba spola,secondary_specialization,56
2013,Broj,ROGATICA,M,secondary_specialization,49
2013,Broj,ROGATICA,Ž,secondary_specialization,7
2013,Broj,RUDO,Oba spola,secondary_specialization,12
2013,Broj,RUDO,M,secondary_specialization,11
2013,Broj,RUDO,Ž,secondary_specialization,1
2013,Broj,SOKOLAC,Oba spola,secondary_specialization,71
2013,Broj,SOKOLAC,M,secondary_specialization,57
2013,Broj,SOKOLAC,Ž,secondary_specialization,14
2013,Broj,SRBAC,Oba spola,secondary_specialization,61
2013,Broj,SRBAC,M,secondary_specialization,46
2013,Broj,SRBAC,Ž,secondary_specialization,15
2013,Broj,SREBRENICA,Oba spola,secondary_specialization,33
2013,Broj,SREBRENICA,M,secondary_specialization,26
2013,Broj,SREBRENICA,Ž,secondary_specialization,7
2013,Broj,TESLIC,Oba spola,secondary_specialization,170
2013,Broj,TESLIC,M,secondary_specialization,138
2013,Broj,TESLIC,Ž,secondary_specialization,32
2013,Broj,TREBINJE,Oba spola,secondary_specialization,432
2013,Broj,TREBINJE,M,secondary_specialization,394
2013,Broj,TREBINJE,Ž,secondary_specialization,38
2013,Broj,TRNOVO,Oba spola,secondary_specialization,15
2013,Broj,TRNOVO,M,secondary_specialization,13
2013,Broj,TRNOVO,Ž,secondary_specialization,2
2013,Broj,UGLJEVIK,Oba spola,secondary_specialization,97
2013,Broj,UGLJEVIK,M,secondary_specialization,89
2013,Broj,UGLJEVIK,Ž,secondary_specialization,8
2013,Broj,FOCA,Oba spola,secondary_specialization,107
2013,Broj,FOCA,M,secondary_specialization,93
2013,Broj,FOCA,Ž,secondary_specialization,14
2013,Broj,HAN PIJESAK,Oba spola,secondary_specialization,20
2013,Broj,HAN PIJESAK,M,secondary_specialization,20
2013,Broj,HAN PIJESAK,Ž,secondary_specialization,0
2013,Broj,CAJNICE,Oba spola,secondary_specialization,38
2013,Broj,CAJNICE,M,secondary_specialization,37
2013,Broj,CAJNICE,Ž,secondary_specialization,1
2013,Broj,CELINAC,Oba spola,secondary_specialization,69
2013,Broj,CELINAC,M,secondary_specialization,62
2013,Broj,CELINAC,Ž,secondary_specialization,7
2013,Broj,SAMAC,Oba spola,secondary_specialization,55
2013,Broj,SAMAC,M,secondary_specialization,41
2013,Broj,SAMAC,Ž,secondary_specialization,14
2013,Broj,SEKOVICI,Oba spola,secondary_specialization,16
2013,Broj,SEKOVICI,M,secondary_specialization,16
2013,Broj,SEKOVICI,Ž,secondary_specialization,0
2013,Broj,SIPOVO,Oba spola,secondary_specialization,22
2013,Broj,SIPOVO,M,secondary_specialization,20
2013,Broj,SIPOVO,Ž,secondary_specialization,2
2013,Broj,REPUBLIKA SRPSKA,Oba spola,first_degree,33960
2013,Broj,REPUBLIKA SRPSKA,M,first_degree,19142
2013,Broj,REPUBLIKA SRPSKA,Ž,first_degree,14818
2013,Broj,BANJA LUKA,Oba spola,first_degree,7972
2013,Broj,BANJA LUKA,M,first_degree,4272
2013,Broj,BANJA LUKA,Ž,first_degree,3700
2013,Broj,BERKOVICI,Oba spola,first_degree,47
2013,Broj,BERKOVICI,M,first_degree,34
2013,Broj,BERKOVICI,Ž,first_degree,13
2013,Broj,BIJELJINA,Oba spola,first_degree,3354
2013,Broj,BIJELJINA,M,first_degree,1805
2013,Broj,BIJELJINA,Ž,first_degree,1549
2013,Broj,BILECA,Oba spola,first_degree,434
2013,Broj,BILECA,M,first_degree,249
2013,Broj,BILECA,Ž,first_degree,185
2013,Broj,BRATUNAC,Oba spola,first_degree,399
2013,Broj,BRATUNAC,M,first_degree,230
2013,Broj,BRATUNAC,Ž,first_degree,169
2013,Broj,BROD,Oba spola,first_degree,374
2013,Broj,BROD,M,first_degree,215
2013,Broj,BROD,Ž,first_degree,159
2013,Broj,VISEGRAD,Oba spola,first_degree,375
2013,Broj,VISEGRAD,M,first_degree,196
2013,Broj,VISEGRAD,Ž,first_degree,179
2013,Broj,VLASENICA,Oba spola,first_degree,200
2013,Broj,VLASENICA,M,first_degree,123
2013,Broj,VLASENICA,Ž,first_degree,77
2013,Broj,VUKOSAVLJE,Oba spola,first_degree,39
2013,Broj,VUKOSAVLJE,M,first_degree,25
2013,Broj,VUKOSAVLJE,Ž,first_degree,14
2013,Broj,GACKO,Oba spola,first_degree,335
2013,Broj,GACKO,M,first_degree,191
2013,Broj,GACKO,Ž,first_degree,144
2013,Broj,GRADISKA,Oba spola,first_degree,1222
2013,Broj,GRADISKA,M,first_degree,658
2013,Broj,GRADISKA,Ž,first_degree,564
2013,Broj,DERVENTA,Oba spola,first_degree,542
2013,Broj,DERVENTA,M,first_degree,331
2013,Broj,DERVENTA,Ž,first_degree,211
2013,Broj,DOBOJ,Oba spola,first_degree,1827
2013,Broj,DOBOJ,M,first_degree,1078
2013,Broj,DOBOJ,Ž,first_degree,749
2013,Broj,DONJI ZABAR,Oba spola,first_degree,37
2013,Broj,DONJI ZABAR,M,first_degree,23
2013,Broj,DONJI ZABAR,Ž,first_degree,14
2013,Broj,ZVORNIK,Oba spola,first_degree,1283
2013,Broj,ZVORNIK,M,first_degree,716
2013,Broj,ZVORNIK,Ž,first_degree,567
2013,Broj,ISTOCNA ILIDZA,Oba spola,first_degree,513
2013,Broj,ISTOCNA ILIDZA,M,first_degree,315
2013,Broj,ISTOCNA ILIDZA,Ž,first_degree,198
2013,Broj,ISTOCNI DRVAR,Oba spola,first_degree,5
2013,Broj,ISTOCNI DRVAR,M,first_degree,5
2013,Broj,ISTOCNI DRVAR,Ž,first_degree,0
2013,Broj,ISTOCNI MOSTAR,Oba spola,first_degree,2
2013,Broj,ISTOCNI MOSTAR,M,first_degree,2
2013,Broj,ISTOCNI MOSTAR,Ž,first_degree,0
2013,Broj,ISTOCNI STARI GRAD,Oba spola,first_degree,27
2013,Broj,ISTOCNI STARI GRAD,M,first_degree,14
2013,Broj,ISTOCNI STARI GRAD,Ž,first_degree,13
2013,Broj,ISTOCNO NOVO SARAJEVO,Oba spola,first_degree,375
2013,Broj,ISTOCNO NOVO SARAJEVO,M,first_degree,225
2013,Broj,ISTOCNO NOVO SARAJEVO,Ž,first_degree,150
2013,Broj,JEZERO,Oba spola,first_degree,16
2013,Broj,JEZERO,M,first_degree,10
2013,Broj,JEZERO,Ž,first_degree,6
2013,Broj,KALINOVIK,Oba spola,first_degree,58
2013,Broj,KALINOVIK,M,first_degree,41
2013,Broj,KALINOVIK,Ž,first_degree,17
2013,Broj,KNEZEVO,Oba spola,first_degree,125
2013,Broj,KNEZEVO,M,first_degree,93
2013,Broj,KNEZEVO,Ž,first_degree,32
2013,Broj,KOZARSKA DUBICA,Oba spola,first_degree,644
2013,Broj,KOZARSKA DUBICA,M,first_degree,345
2013,Broj,KOZARSKA DUBICA,Ž,first_degree,299
2013,Broj,KOSTAJNICA,Oba spola,first_degree,206
2013,Broj,KOSTAJNICA,M,first_degree,94
2013,Broj,KOSTAJNICA,Ž,first_degree,112
2013,Broj,KOTOR VAROS,Oba spola,first_degree,225
2013,Broj,KOTOR VAROS,M,first_degree,144
2013,Broj,KOTOR VAROS,Ž,first_degree,81
2013,Broj,KRUPA NA UNI,Oba spola,first_degree,11
2013,Broj,KRUPA NA UNI,M,first_degree,6
2013,Broj,KRUPA NA UNI,Ž,first_degree,5
2013,Broj,KUPRES,Oba spola,first_degree,2
2013,Broj,KUPRES,M,first_degree,2
2013,Broj,KUPRES,Ž,first_degree,0
2013,Broj,LAKTASI,Oba spola,first_degree,822
2013,Broj,LAKTASI,M,first_degree,462
2013,Broj,LAKTASI,Ž,first_degree,360
2013,Broj,LOPARE,Oba spola,first_degree,217
2013,Broj,LOPARE,M,first_degree,133
2013,Broj,LOPARE,Ž,first_degree,84
2013,Broj,LJUBINJE,Oba spola,first_degree,126
2013,Broj,LJUBINJE,M,first_degree,69
2013,Broj,LJUBINJE,Ž,first_degree,57
2013,Broj,MILICI,Oba spola,first_degree,213
2013,Broj,MILICI,M,first_degree,113
2013,Broj,MILICI,Ž,first_degree,100
2013,Broj,MODRICA,Oba spola,first_degree,483
2013,Broj,MODRICA,M,first_degree,303
2013,Broj,MODRICA,Ž,first_degree,180
2013,Broj,MRKONJIC GRAD,Oba spola,first_degree,350
2013,Broj,MRKONJIC GRAD,M,first_degree,204
2013,Broj,MRKONJIC GRAD,Ž,first_degree,146
2013,Broj,NEVESINJE,Oba spola,first_degree,384
2013,Broj,NEVESINJE,M,first_degree,236
2013,Broj,NEVESINJE,Ž,first_degree,148
2013,Broj,NOVI GRAD,Oba spola,first_degree,714
2013,Broj,NOVI GRAD,M,first_degree,366
2013,Broj,NOVI GRAD,Ž,first_degree,348
2013,Broj,NOVO GORAZDE,Oba spola,first_degree,48
2013,Broj,NOVO GORAZDE,M,first_degree,39
2013,Broj,NOVO GORAZDE,Ž,first_degree,9
2013,Broj,OSMACI,Oba spola,first_degree,65
2013,Broj,OSMACI,M,first_degree,48
2013,Broj,OSMACI,Ž,first_degree,17
2013,Broj,OSTRA LUKA,Oba spola,first_degree,36
2013,Broj,OSTRA LUKA,M,first_degree,16
2013,Broj,OSTRA LUKA,Ž,first_degree,20
2013,Broj,PALE,Oba spola,first_degree,645
2013,Broj,PALE,M,first_degree,389
2013,Broj,PALE,Ž,first_degree,256
2013,Broj,PELAGICEVO,Oba spola,first_degree,81
2013,Broj,PELAGICEVO,M,first_degree,44
2013,Broj,PELAGICEVO,Ž,first_degree,37
2013,Broj,PETROVAC,Oba spola,first_degree,11
2013,Broj,PETROVAC,M,first_degree,6
2013,Broj,PETROVAC,Ž,first_degree,5
2013,Broj,PETROVO,Oba spola,first_degree,166
2013,Broj,PETROVO,M,first_degree,109
2013,Broj,PETROVO,Ž,first_degree,57
2013,Broj,PRIJEDOR,Oba spola,first_degree,2448
2013,Broj,PRIJEDOR,M,first_degree,1252
2013,Broj,PRIJEDOR,Ž,first_degree,1196
2013,Broj,PRNJAVOR,Oba spola,first_degree,670
2013,Broj,PRNJAVOR,M,first_degree,388
2013,Broj,PRNJAVOR,Ž,first_degree,282
2013,Broj,RIBNIK,Oba spola,first_degree,99
2013,Broj,RIBNIK,M,first_degree,68
2013,Broj,RIBNIK,Ž,first_degree,31
2013,Broj,ROGATICA,Oba spola,first_degree,315
2013,Broj,ROGATICA,M,first_degree,209
2013,Broj,ROGATICA,Ž,first_degree,106
2013,Broj,RUDO,Oba spola,first_degree,277
2013,Broj,RUDO,M,first_degree,175
2013,Broj,RUDO,Ž,first_degree,102
2013,Broj,SOKOLAC,Oba spola,first_degree,393
2013,Broj,SOKOLAC,M,first_degree,237
2013,Broj,SOKOLAC,Ž,first_degree,156
2013,Broj,SRBAC,Oba spola,first_degree,342
2013,Broj,SRBAC,M,first_degree,232
2013,Broj,SRBAC,Ž,first_degree,110
2013,Broj,SREBRENICA,Oba spola,first_degree,290
2013,Broj,SREBRENICA,M,first_degree,171
2013,Broj,SREBRENICA,Ž,first_degree,119
2013,Broj,TESLIC,Oba spola,first_degree,577
2013,Broj,TESLIC,M,first_degree,335
2013,Broj,TESLIC,Ž,first_degree,242
2013,Broj,TREBINJE,Oba spola,first_degree,1442
2013,Broj,TREBINJE,M,first_degree,806
2013,Broj,TREBINJE,Ž,first_degree,636
2013,Broj,TRNOVO,Oba spola,first_degree,52
2013,Broj,TRNOVO,M,first_degree,37
2013,Broj,TRNOVO,Ž,first_degree,15
2013,Broj,UGLJEVIK,Oba spola,first_degree,252
2013,Broj,UGLJEVIK,M,first_degree,156
2013,Broj,UGLJEVIK,Ž,first_degree,96
2013,Broj,FOCA,Oba spola,first_degree,510
2013,Broj,FOCA,M,first_degree,334
2013,Broj,FOCA,Ž,first_degree,176
2013,Broj,HAN PIJESAK,Oba spola,first_degree,110
2013,Broj,HAN PIJESAK,M,first_degree,67
2013,Broj,HAN PIJESAK,Ž,first_degree,43
2013,Broj,CAJNICE,Oba spola,first_degree,75
2013,Broj,CAJNICE,M,first_degree,48
2013,Broj,CAJNICE,Ž,first_degree,27
2013,Broj,CELINAC,Oba spola,first_degree,293
2013,Broj,CELINAC,M,first_degree,186
2013,Broj,CELINAC,Ž,first_degree,107
2013,Broj,SAMAC,Oba spola,first_degree,478
2013,Broj,SAMAC,M,first_degree,265
2013,Broj,SAMAC,Ž,first_degree,213
2013,Broj,SEKOVICI,Oba spola,first_degree,136
2013,Broj,SEKOVICI,M,first_degree,76
2013,Broj,SEKOVICI,Ž,first_degree,60
2013,Broj,SIPOVO,Oba spola,first_degree,191
2013,Broj,SIPOVO,M,first_degree,121
2013,Broj,SIPOVO,Ž,first_degree,70
2013,Broj,REPUBLIKA SRPSKA,Oba spola,university_degree,87036
2013,Broj,REPUBLIKA SRPSKA,M,university_degree,42562
2013,Broj,REPUBLIKA SRPSKA,Ž,university_degree,44474
2013,Broj,BANJA LUKA,Oba spola,university_degree,25924
2013,Broj,BANJA LUKA,M,university_degree,12201
2013,Broj,BANJA LUKA,Ž,university_degree,13723
2013,Broj,BERKOVICI,Oba spola,university_degree,92
2013,Broj,BERKOVICI,M,university_degree,51
2013,Broj,BERKOVICI,Ž,university_degree,41
2013,Broj,BIJELJINA,Oba spola,university_degree,8088
2013,Broj,BIJELJINA,M,university_degree,3846
2013,Broj,BIJELJINA,Ž,university_degree,4242
2013,Broj,BILECA,Oba spola,university_degree,791
2013,Broj,BILECA,M,university_degree,443
2013,Broj,BILECA,Ž,university_degree,348
2013,Broj,BRATUNAC,Oba spola,university_degree,1014
2013,Broj,BRATUNAC,M,university_degree,515
2013,Broj,BRATUNAC,Ž,university_degree,499
2013,Broj,BROD,Oba spola,university_degree,801
2013,Broj,BROD,M,university_degree,389
2013,Broj,BROD,Ž,university_degree,412
2013,Broj,VISEGRAD,Oba spola,university_degree,818
2013,Broj,VISEGRAD,M,university_degree,410
2013,Broj,VISEGRAD,Ž,university_degree,408
2013,Broj,VLASENICA,Oba spola,university_degree,641
2013,Broj,VLASENICA,M,university_degree,316
2013,Broj,VLASENICA,Ž,university_degree,325
2013,Broj,VUKOSAVLJE,Oba spola,university_degree,97
2013,Broj,VUKOSAVLJE,M,university_degree,55
2013,Broj,VUKOSAVLJE,Ž,university_degree,42
2013,Broj,GACKO,Oba spola,university_degree,812
2013,Broj,GACKO,M,university_degree,413
2013,Broj,GACKO,Ž,university_degree,399
2013,Broj,GRADISKA,Oba spola,university_degree,2538
2013,Broj,GRADISKA,M,university_degree,1270
2013,Broj,GRADISKA,Ž,university_degree,1268
2013,Broj,DERVENTA,Oba spola,university_degree,1242
2013,Broj,DERVENTA,M,university_degree,598
2013,Broj,DERVENTA,Ž,university_degree,644
2013,Broj,DOBOJ,Oba spola,university_degree,4634
2013,Broj,DOBOJ,M,university_degree,2420
2013,Broj,DOBOJ,Ž,university_degree,2214
2013,Broj,DONJI ZABAR,Oba spola,university_degree,100
2013,Broj,DONJI ZABAR,M,university_degree,59
2013,Broj,DONJI ZABAR,Ž,university_degree,41
2013,Broj,ZVORNIK,Oba spola,university_degree,2964
2013,Broj,ZVORNIK,M,university_degree,1529
2013,Broj,ZVORNIK,Ž,university_degree,1435
2013,Broj,ISTOCNA ILIDZA,Oba spola,university_degree,1844
2013,Broj,ISTOCNA ILIDZA,M,university_degree,802
2013,Broj,ISTOCNA ILIDZA,Ž,university_degree,1042
2013,Broj,ISTOCNI DRVAR,Oba spola,university_degree,10
2013,Broj,ISTOCNI DRVAR,M,university_degree,8
2013,Broj,ISTOCNI DRVAR,Ž,university_degree,2
2013,Broj,ISTOCNI MOSTAR,Oba spola,university_degree,14
2013,Broj,ISTOCNI MOSTAR,M,university_degree,7
2013,Broj,ISTOCNI MOSTAR,Ž,university_degree,7
2013,Broj,ISTOCNI STARI GRAD,Oba spola,university_degree,53
2013,Broj,ISTOCNI STARI GRAD,M,university_degree,21
2013,Broj,ISTOCNI STARI GRAD,Ž,university_degree,32
2013,Broj,ISTOCNO NOVO SARAJEVO,Oba spola,university_degree,1563
2013,Broj,ISTOCNO NOVO SARAJEVO,M,university_degree,745
2013,Broj,ISTOCNO NOVO SARAJEVO,Ž,university_degree,818
2013,Broj,JEZERO,Oba spola,university_degree,30
2013,Broj,JEZERO,M,university_degree,19
2013,Broj,JEZERO,Ž,university_degree,11
2013,Broj,KALINOVIK,Oba spola,university_degree,147
2013,Broj,KALINOVIK,M,university_degree,85
2013,Broj,KALINOVIK,Ž,university_degree,62
2013,Broj,KNEZEVO,Oba spola,university_degree,334
2013,Broj,KNEZEVO,M,university_degree,188
2013,Broj,KNEZEVO,Ž,university_degree,146
2013,Broj,KOZARSKA DUBICA,Oba spola,university_degree,999
2013,Broj,KOZARSKA DUBICA,M,university_degree,501
2013,Broj,KOZARSKA DUBICA,Ž,university_degree,498
2013,Broj,KOSTAJNICA,Oba spola,university_degree,281
2013,Broj,KOSTAJNICA,M,university_degree,134
2013,Broj,KOSTAJNICA,Ž,university_degree,147
2013,Broj,KOTOR VAROS,Oba spola,university_degree,767
2013,Broj,KOTOR VAROS,M,university_degree,408
2013,Broj,KOTOR VAROS,Ž,university_degree,359
2013,Broj,KRUPA NA UNI,Oba spola,university_degree,13
2013,Broj,KRUPA NA UNI,M,university_degree,7
2013,Broj,KRUPA NA UNI,Ž,university_degree,6
2013,Broj,KUPRES,Oba spola,university_degree,4
2013,Broj,KUPRES,M,university_degree,3
2013,Broj,KUPRES,Ž,university_degree,1
2013,Broj,LAKTASI,Oba spola,university_degree,1729
2013,Broj,LAKTASI,M,university_degree,829
2013,Broj,LAKTASI,Ž,university_degree,900
2013,Broj,LOPARE,Oba spola,university_degree,560
2013,Broj,LOPARE,M,university_degree,264
2013,Broj,LOPARE,Ž,university_degree,296
2013,Broj,LJUBINJE,Oba spola,university_degree,255
2013,Broj,LJUBINJE,M,university_degree,145
2013,Broj,LJUBINJE,Ž,university_degree,110
2013,Broj,MILICI,Oba spola,university_degree,573
2013,Broj,MILICI,M,university_degree,295
2013,Broj,MILICI,Ž,university_degree,278
2013,Broj,MODRICA,Oba spola,university_degree,1186
2013,Broj,MODRICA,M,university_degree,605
2013,Broj,MODRICA,Ž,university_degree,581
2013,Broj,MRKONJIC GRAD,Oba spola,university_degree,832
2013,Broj,MRKONJIC GRAD,M,university_degree,410
2013,Broj,MRKONJIC GRAD,Ž,university_degree,422
2013,Broj,NEVESINJE,Oba spola,university_degree,856
2013,Broj,NEVESINJE,M,university_degree,459
2013,Broj,NEVESINJE,Ž,university_degree,397
2013,Broj,NOVI GRAD,Oba spola,university_degree,1243
2013,Broj,NOVI GRAD,M,university_degree,602
2013,Broj,NOVI GRAD,Ž,university_degree,641
2013,Broj,NOVO GORAZDE,Oba spola,university_degree,145
2013,Broj,NOVO GORAZDE,M,university_degree,71
2013,Broj,NOVO GORAZDE,Ž,university_degree,74
2013,Broj,OSMACI,Oba spola,university_degree,235
2013,Broj,OSMACI,M,university_degree,148
2013,Broj,OSMACI,Ž,university_degree,87
2013,Broj,OSTRA LUKA,Oba spola,university_degree,55
2013,Broj,OSTRA LUKA,M,university_degree,24
2013,Broj,OSTRA LUKA,Ž,university_degree,31
2013,Broj,PALE,Oba spola,university_degree,2538
2013,Broj,PALE,M,university_degree,1148
2013,Broj,PALE,Ž,university_degree,1390
2013,Broj,PELAGICEVO,Oba spola,university_degree,94
2013,Broj,PELAGICEVO,M,university_degree,53
2013,Broj,PELAGICEVO,Ž,university_degree,41
2013,Broj,PETROVAC,Oba spola,university_degree,26
2013,Broj,PETROVAC,M,university_degree,13
2013,Broj,PETROVAC,Ž,university_degree,13
2013,Broj,PETROVO,Oba spola,university_degree,259
2013,Broj,PETROVO,M,university_degree,134
2013,Broj,PETROVO,Ž,university_degree,125
2013,Broj,PRIJEDOR,Oba spola,university_degree,4646
2013,Broj,PRIJEDOR,M,university_degree,2220
2013,Broj,PRIJEDOR,Ž,university_degree,2426
2013,Broj,PRNJAVOR,Oba spola,university_degree,1336
2013,Broj,PRNJAVOR,M,university_degree,627
2013,Broj,PRNJAVOR,Ž,university_degree,709
2013,Broj,RIBNIK,Oba spola,university_degree,195
2013,Broj,RIBNIK,M,university_degree,108
2013,Broj,RIBNIK,Ž,university_degree,87
2013,Broj,ROGATICA,Oba spola,university_degree,702
2013,Broj,ROGATICA,M,university_degree,354
2013,Broj,ROGATICA,Ž,university_degree,348
2013,Broj,RUDO,Oba spola,university_degree,454
2013,Broj,RUDO,M,university_degree,232
2013,Broj,RUDO,Ž,university_degree,222
2013,Broj,SOKOLAC,Oba spola,university_degree,1113
2013,Broj,SOKOLAC,M,university_degree,529
2013,Broj,SOKOLAC,Ž,university_degree,584
2013,Broj,SRBAC,Oba spola,university_degree,798
2013,Broj,SRBAC,M,university_degree,410
2013,Broj,SRBAC,Ž,university_degree,388
2013,Broj,SREBRENICA,Oba spola,university_degree,741
2013,Broj,SREBRENICA,M,university_degree,395
2013,Broj,SREBRENICA,Ž,university_degree,346
2013,Broj,TESLIC,Oba spola,university_degree,1351
2013,Broj,TESLIC,M,university_degree,689
2013,Broj,TESLIC,Ž,university_degree,662
2013,Broj,TREBINJE,Oba spola,university_degree,3262
2013,Broj,TREBINJE,M,university_degree,1642
2013,Broj,TREBINJE,Ž,university_degree,1620
2013,Broj,TRNOVO,Oba spola,university_degree,139
2013,Broj,TRNOVO,M,university_degree,66
2013,Broj,TRNOVO,Ž,university_degree,73
2013,Broj,UGLJEVIK,Oba spola,university_degree,903
2013,Broj,UGLJEVIK,M,university_degree,443
2013,Broj,UGLJEVIK,Ž,university_degree,460
2013,Broj,FOCA,Oba spola,university_degree,1422
2013,Broj,FOCA,M,university_degree,757
2013,Broj,FOCA,Ž,university_degree,665
2013,Broj,HAN PIJESAK,Oba spola,university_degree,274
2013,Broj,HAN PIJESAK,M,university_degree,138
2013,Broj,HAN PIJESAK,Ž,university_degree,136
2013,Broj,CAJNICE,Oba spola,university_degree,280
2013,Broj,CAJNICE,M,university_degree,152
2013,Broj,CAJNICE,Ž,university_degree,128
2013,Broj,CELINAC,Oba spola,university_degree,618
2013,Broj,CELINAC,M,university_degree,290
2013,Broj,CELINAC,Ž,university_degree,328
2013,Broj,SAMAC,Oba spola,university_degree,911
2013,Broj,SAMAC,M,university_degree,494
2013,Broj,SAMAC,Ž,university_degree,417
2013,Broj,SEKOVICI,Oba spola,university_degree,267
2013,Broj,SEKOVICI,M,university_degree,144
2013,Broj,SEKOVICI,Ž,university_degree,123
2013,Broj,SIPOVO,Oba spola,university_degree,423
2013,Broj,SIPOVO,M,university_degree,229
2013,Broj,SIPOVO,Ž,university_degree,194
