Year,UNIT_MEASURE,Teritory,Spol,Literacy,Value
2013,Broj,REPUBLIKA SRPSKA,Oba spola,Ukupno,1062861
2013,Broj,REPUBLIKA SRPSKA,M,Ukupno,516703
2013,Broj,REPUBLIKA SRPSKA,Ž,Ukupno,546158
2013,Broj,BANJA LUKA,Oba spola,Ukupno,162106
2013,Broj,BANJA LUKA,M,Ukupno,77356
2013,Broj,BANJA LUKA,Ž,Ukupno,84750
2013,Broj,BERKOVICI,Oba spola,Ukupno,1824
2013,Broj,BERKOVICI,M,Ukupno,916
2013,Broj,BERKOVICI,Ž,Ukupno,908
2013,Broj,BIJELJINA,Oba spola,Ukupno,94007
2013,Broj,BIJELJINA,M,Ukupno,45652
2013,Broj,BIJELJINA,Ž,Ukupno,48355
2013,Broj,BILECA,Oba spola,Ukupno,9644
2013,Broj,BILECA,M,Ukupno,4830
2013,Broj,BILECA,Ž,Ukupno,4814
2013,Broj,BRATUNAC,Oba spola,Ukupno,16773
2013,Broj,BRATUNAC,M,Ukupno,8235
2013,Broj,BRATUNAC,Ž,Ukupno,8538
2013,Broj,BROD,Oba spola,Ukupno,14277
2013,Broj,BROD,M,Ukupno,6911
2013,Broj,BROD,Ž,Ukupno,7366
2013,Broj,VISEGRAD,Oba spola,Ukupno,9381
2013,Broj,VISEGRAD,M,Ukupno,4478
2013,Broj,VISEGRAD,Ž,Ukupno,4903
2013,Broj,VLASENICA,Oba spola,Ukupno,9649
2013,Broj,VLASENICA,M,Ukupno,4669
2013,Broj,VLASENICA,Ž,Ukupno,4980
2013,Broj,VUKOSAVLJE,Oba spola,Ukupno,3950
2013,Broj,VUKOSAVLJE,M,Ukupno,1975
2013,Broj,VUKOSAVLJE,Ž,Ukupno,1975
2013,Broj,GACKO,Oba spola,Ukupno,7864
2013,Broj,GACKO,M,Ukupno,3987
2013,Broj,GACKO,Ž,Ukupno,3877
2013,Broj,GRADISKA,Oba spola,Ukupno,44972
2013,Broj,GRADISKA,M,Ukupno,21810
2013,Broj,GRADISKA,Ž,Ukupno,23162
2013,Broj,DERVENTA,Oba spola,Ukupno,23629
2013,Broj,DERVENTA,M,Ukupno,11467
2013,Broj,DERVENTA,Ž,Ukupno,12162
2013,Broj,DOBOJ,Oba spola,Ukupno,62056
2013,Broj,DOBOJ,M,Ukupno,29964
2013,Broj,DOBOJ,Ž,Ukupno,32092
2013,Broj,DONJI ZABAR,Oba spola,Ukupno,3352
2013,Broj,DONJI ZABAR,M,Ukupno,1685
2013,Broj,DONJI ZABAR,Ž,Ukupno,1667
2013,Broj,ZVORNIK,Oba spola,Ukupno,48535
2013,Broj,ZVORNIK,M,Ukupno,23809
2013,Broj,ZVORNIK,Ž,Ukupno,24726
2013,Broj,ISTOCNA ILIDZA,Oba spola,Ukupno,13131
2013,Broj,ISTOCNA ILIDZA,M,Ukupno,6250
2013,Broj,ISTOCNA ILIDZA,Ž,Ukupno,6881
2013,Broj,ISTOCNI DRVAR,Oba spola,Ukupno,65
2013,Broj,ISTOCNI DRVAR,M,Ukupno,43
2013,Broj,ISTOCNI DRVAR,Ž,Ukupno,22
2013,Broj,ISTOCNI MOSTAR,Oba spola,Ukupno,226
2013,Broj,ISTOCNI MOSTAR,M,Ukupno,128
2013,Broj,ISTOCNI MOSTAR,Ž,Ukupno,98
2013,Broj,ISTOCNI STARI GRAD,Oba spola,Ukupno,1033
2013,Broj,ISTOCNI STARI GRAD,M,Ukupno,505
2013,Broj,ISTOCNI STARI GRAD,Ž,Ukupno,528
2013,Broj,ISTOCNO NOVO SARAJEVO,Oba spola,Ukupno,9302
2013,Broj,ISTOCNO NOVO SARAJEVO,M,Ukupno,4402
2013,Broj,ISTOCNO NOVO SARAJEVO,Ž,Ukupno,4900
2013,Broj,JEZERO,Oba spola,Ukupno,951
2013,Broj,JEZERO,M,Ukupno,492
2013,Broj,JEZERO,Ž,Ukupno,459
2013,Broj,KALINOVIK,Oba spola,Ukupno,1845
2013,Broj,KALINOVIK,M,Ukupno,895
2013,Broj,KALINOVIK,Ž,Ukupno,950
2013,Broj,KNEZEVO,Oba spola,Ukupno,8558
2013,Broj,KNEZEVO,M,Ukupno,4209
2013,Broj,KNEZEVO,Ž,Ukupno,4349
2013,Broj,KOZARSKA DUBICA,Oba spola,Ukupno,19095
2013,Broj,KOZARSKA DUBICA,M,Ukupno,9296
2013,Broj,KOZARSKA DUBICA,Ž,Ukupno,9799
2013,Broj,KOSTAJNICA,Oba spola,Ukupno,5201
2013,Broj,KOSTAJNICA,M,Ukupno,2553
2013,Broj,KOSTAJNICA,Ž,Ukupno,2648
2013,Broj,KOTOR VAROS,Oba spola,Ukupno,16533
2013,Broj,KOTOR VAROS,M,Ukupno,8069
2013,Broj,KOTOR VAROS,Ž,Ukupno,8464
2013,Broj,KRUPA NA UNI,Oba spola,Ukupno,1456
2013,Broj,KRUPA NA UNI,M,Ukupno,786
2013,Broj,KRUPA NA UNI,Ž,Ukupno,670
2013,Broj,KUPRES,Oba spola,Ukupno,280
2013,Broj,KUPRES,M,Ukupno,147
2013,Broj,KUPRES,Ž,Ukupno,133
2013,Broj,LAKTASI,Oba spola,Ukupno,30705
2013,Broj,LAKTASI,M,Ukupno,15132
2013,Broj,LAKTASI,Ž,Ukupno,15573
2013,Broj,LOPARE,Oba spola,Ukupno,13599
2013,Broj,LOPARE,M,Ukupno,6831
2013,Broj,LOPARE,Ž,Ukupno,6768
2013,Broj,LJUBINJE,Oba spola,Ukupno,3046
2013,Broj,LJUBINJE,M,Ukupno,1502
2013,Broj,LJUBINJE,Ž,Ukupno,1544
2013,Broj,MILICI,Oba spola,Ukupno,9487
2013,Broj,MILICI,M,Ukupno,4761
2013,Broj,MILICI,Ž,Ukupno,4726
2013,Broj,MODRICA,Oba spola,Ukupno,22419
2013,Broj,MODRICA,M,Ukupno,10910
2013,Broj,MODRICA,Ž,Ukupno,11509
2013,Broj,MRKONJIC GRAD,Oba spola,Ukupno,14541
2013,Broj,MRKONJIC GRAD,M,Ukupno,6944
2013,Broj,MRKONJIC GRAD,Ž,Ukupno,7597
2013,Broj,NEVESINJE,Oba spola,Ukupno,11346
2013,Broj,NEVESINJE,M,Ukupno,5615
2013,Broj,NEVESINJE,Ž,Ukupno,5731
2013,Broj,NOVI GRAD,Oba spola,Ukupno,23292
2013,Broj,NOVI GRAD,M,Ukupno,11576
2013,Broj,NOVI GRAD,Ž,Ukupno,11716
2013,Broj,NOVO GORAZDE,Oba spola,Ukupno,2718
2013,Broj,NOVO GORAZDE,M,Ukupno,1408
2013,Broj,NOVO GORAZDE,Ž,Ukupno,1310
2013,Broj,OSMACI,Oba spola,Ukupno,5021
2013,Broj,OSMACI,M,Ukupno,2498
2013,Broj,OSMACI,Ž,Ukupno,2523
2013,Broj,OSTRA LUKA,Oba spola,Ukupno,2468
2013,Broj,OSTRA LUKA,M,Ukupno,1264
2013,Broj,OSTRA LUKA,Ž,Ukupno,1204
2013,Broj,PALE,Oba spola,Ukupno,18603
2013,Broj,PALE,M,Ukupno,8848
2013,Broj,PALE,Ž,Ukupno,9755
2013,Broj,PELAGICEVO,Oba spola,Ukupno,4076
2013,Broj,PELAGICEVO,M,Ukupno,2009
2013,Broj,PELAGICEVO,Ž,Ukupno,2067
2013,Broj,PETROVAC,Oba spola,Ukupno,323
2013,Broj,PETROVAC,M,Ukupno,151
2013,Broj,PETROVAC,Ž,Ukupno,172
2013,Broj,PETROVO,Oba spola,Ukupno,5831
2013,Broj,PETROVO,M,Ukupno,2793
2013,Broj,PETROVO,Ž,Ukupno,3038
2013,Broj,PRIJEDOR,Oba spola,Ukupno,74375
2013,Broj,PRIJEDOR,M,Ukupno,36023
2013,Broj,PRIJEDOR,Ž,Ukupno,38352
2013,Broj,PRNJAVOR,Oba spola,Ukupno,31231
2013,Broj,PRNJAVOR,M,Ukupno,15075
2013,Broj,PRNJAVOR,Ž,Ukupno,16156
2013,Broj,RIBNIK,Oba spola,Ukupno,5365
2013,Broj,RIBNIK,M,Ukupno,2649
2013,Broj,RIBNIK,Ž,Ukupno,2716
2013,Broj,ROGATICA,Oba spola,Ukupno,9327
2013,Broj,ROGATICA,M,Ukupno,4558
2013,Broj,ROGATICA,Ž,Ukupno,4769
2013,Broj,RUDO,Oba spola,Ukupno,6979
2013,Broj,RUDO,M,Ukupno,3524
2013,Broj,RUDO,Ž,Ukupno,3455
2013,Broj,SOKOLAC,Oba spola,Ukupno,10588
2013,Broj,SOKOLAC,M,Ukupno,5194
2013,Broj,SOKOLAC,Ž,Ukupno,5394
2013,Broj,SRBAC,Oba spola,Ukupno,15404
2013,Broj,SRBAC,M,Ukupno,7537
2013,Broj,SRBAC,Ž,Ukupno,7867
2013,Broj,SREBRENICA,Oba spola,Ukupno,10715
2013,Broj,SREBRENICA,M,Ukupno,5225
2013,Broj,SREBRENICA,Ž,Ukupno,5490
2013,Broj,TESLIC,Oba spola,Ukupno,33369
2013,Broj,TESLIC,M,Ukupno,15840
2013,Broj,TESLIC,Ž,Ukupno,17529
2013,Broj,TREBINJE,Oba spola,Ukupno,25447
2013,Broj,TREBINJE,M,Ukupno,12305
2013,Broj,TREBINJE,Ž,Ukupno,13142
2013,Broj,TRNOVO,Oba spola,Ukupno,1852
2013,Broj,TRNOVO,M,Ukupno,887
2013,Broj,TRNOVO,Ž,Ukupno,965
2013,Broj,UGLJEVIK,Oba spola,Ukupno,13720
2013,Broj,UGLJEVIK,M,Ukupno,6891
2013,Broj,UGLJEVIK,Ž,Ukupno,6829
2013,Broj,FOCA,Oba spola,Ukupno,16227
2013,Broj,FOCA,M,Ukupno,8147
2013,Broj,FOCA,Ž,Ukupno,8080
2013,Broj,HAN PIJESAK,Oba spola,Ukupno,3187
2013,Broj,HAN PIJESAK,M,Ukupno,1496
2013,Broj,HAN PIJESAK,Ž,Ukupno,1691
2013,Broj,CAJNICE,Oba spola,Ukupno,4289
2013,Broj,CAJNICE,M,Ukupno,2164
2013,Broj,CAJNICE,Ž,Ukupno,2125
2013,Broj,CELINAC,Oba spola,Ukupno,13636
2013,Broj,CELINAC,M,Ukupno,6711
2013,Broj,CELINAC,Ž,Ukupno,6925
2013,Broj,SAMAC,Oba spola,Ukupno,15072
2013,Broj,SAMAC,M,Ukupno,7273
2013,Broj,SAMAC,Ž,Ukupno,7799
2013,Broj,SEKOVICI,Oba spola,Ukupno,5816
2013,Broj,SEKOVICI,M,Ukupno,2868
2013,Broj,SEKOVICI,Ž,Ukupno,2948
2013,Broj,SIPOVO,Oba spola,Ukupno,9092
2013,Broj,SIPOVO,M,Ukupno,4575
2013,Broj,SIPOVO,Ž,Ukupno,4517
2013,Broj,REPUBLIKA SRPSKA,Oba spola,illiterate,34928
2013,Broj,REPUBLIKA SRPSKA,M,illiterate,4987
2013,Broj,REPUBLIKA SRPSKA,Ž,illiterate,29941
2013,Broj,BANJA LUKA,Oba spola,illiterate,3503
2013,Broj,BANJA LUKA,M,illiterate,509
2013,Broj,BANJA LUKA,Ž,illiterate,2994
2013,Broj,BERKOVICI,Oba spola,illiterate,47
2013,Broj,BERKOVICI,M,illiterate,1
2013,Broj,BERKOVICI,Ž,illiterate,46
2013,Broj,BIJELJINA,Oba spola,illiterate,2541
2013,Broj,BIJELJINA,M,illiterate,413
2013,Broj,BIJELJINA,Ž,illiterate,2128
2013,Broj,BILECA,Oba spola,illiterate,144
2013,Broj,BILECA,M,illiterate,31
2013,Broj,BILECA,Ž,illiterate,113
2013,Broj,BRATUNAC,Oba spola,illiterate,865
2013,Broj,BRATUNAC,M,illiterate,82
2013,Broj,BRATUNAC,Ž,illiterate,783
2013,Broj,BROD,Oba spola,illiterate,330
2013,Broj,BROD,M,illiterate,53
2013,Broj,BROD,Ž,illiterate,277
2013,Broj,VISEGRAD,Oba spola,illiterate,358
2013,Broj,VISEGRAD,M,illiterate,35
2013,Broj,VISEGRAD,Ž,illiterate,323
2013,Broj,VLASENICA,Oba spola,illiterate,350
2013,Broj,VLASENICA,M,illiterate,49
2013,Broj,VLASENICA,Ž,illiterate,301
2013,Broj,VUKOSAVLJE,Oba spola,illiterate,196
2013,Broj,VUKOSAVLJE,M,illiterate,31
2013,Broj,VUKOSAVLJE,Ž,illiterate,165
2013,Broj,GACKO,Oba spola,illiterate,110
2013,Broj,GACKO,M,illiterate,10
2013,Broj,GACKO,Ž,illiterate,100
2013,Broj,GRADISKA,Oba spola,illiterate,1526
2013,Broj,GRADISKA,M,illiterate,204
2013,Broj,GRADISKA,Ž,illiterate,1322
2013,Broj,DERVENTA,Oba spola,illiterate,812
2013,Broj,DERVENTA,M,illiterate,120
2013,Broj,DERVENTA,Ž,illiterate,692
2013,Broj,DOBOJ,Oba spola,illiterate,1979
2013,Broj,DOBOJ,M,illiterate,270
2013,Broj,DOBOJ,Ž,illiterate,1709
2013,Broj,DONJI ZABAR,Oba spola,illiterate,128
2013,Broj,DONJI ZABAR,M,illiterate,26
2013,Broj,DONJI ZABAR,Ž,illiterate,102
2013,Broj,ZVORNIK,Oba spola,illiterate,2055
2013,Broj,ZVORNIK,M,illiterate,245
2013,Broj,ZVORNIK,Ž,illiterate,1810
2013,Broj,ISTOCNA ILIDZA,Oba spola,illiterate,171
2013,Broj,ISTOCNA ILIDZA,M,illiterate,22
2013,Broj,ISTOCNA ILIDZA,Ž,illiterate,149
2013,Broj,ISTOCNI DRVAR,Oba spola,illiterate,2
2013,Broj,ISTOCNI DRVAR,Ž,illiterate,2
2013,Broj,ISTOCNI MOSTAR,Oba spola,illiterate,19
2013,Broj,ISTOCNI MOSTAR,M,illiterate,1
2013,Broj,ISTOCNI MOSTAR,Ž,illiterate,18
2013,Broj,ISTOCNI STARI GRAD,Oba spola,illiterate,40
2013,Broj,ISTOCNI STARI GRAD,M,illiterate,3
2013,Broj,ISTOCNI STARI GRAD,Ž,illiterate,37
2013,Broj,ISTOCNO NOVO SARAJEVO,Oba spola,illiterate,80
2013,Broj,ISTOCNO NOVO SARAJEVO,M,illiterate,14
2013,Broj,ISTOCNO NOVO SARAJEVO,Ž,illiterate,66
2013,Broj,JEZERO,Oba spola,illiterate,43
2013,Broj,JEZERO,M,illiterate,7
2013,Broj,JEZERO,Ž,illiterate,36
2013,Broj,KALINOVIK,Oba spola,illiterate,86
2013,Broj,KALINOVIK,M,illiterate,5
2013,Broj,KALINOVIK,Ž,illiterate,81
2013,Broj,KNEZEVO,Oba spola,illiterate,971
2013,Broj,KNEZEVO,M,illiterate,146
2013,Broj,KNEZEVO,Ž,illiterate,825
2013,Broj,KOZARSKA DUBICA,Oba spola,illiterate,590
2013,Broj,KOZARSKA DUBICA,M,illiterate,77
2013,Broj,KOZARSKA DUBICA,Ž,illiterate,513
2013,Broj,KOSTAJNICA,Oba spola,illiterate,115
2013,Broj,KOSTAJNICA,M,illiterate,14
2013,Broj,KOSTAJNICA,Ž,illiterate,101
2013,Broj,KOTOR VAROS,Oba spola,illiterate,1042
2013,Broj,KOTOR VAROS,M,illiterate,148
2013,Broj,KOTOR VAROS,Ž,illiterate,894
2013,Broj,KRUPA NA UNI,Oba spola,illiterate,145
2013,Broj,KRUPA NA UNI,M,illiterate,21
2013,Broj,KRUPA NA UNI,Ž,illiterate,124
2013,Broj,KUPRES,Oba spola,illiterate,81
2013,Broj,KUPRES,M,illiterate,27
2013,Broj,KUPRES,Ž,illiterate,54
2013,Broj,LAKTASI,Oba spola,illiterate,752
2013,Broj,LAKTASI,M,illiterate,117
2013,Broj,LAKTASI,Ž,illiterate,635
2013,Broj,LOPARE,Oba spola,illiterate,680
2013,Broj,LOPARE,M,illiterate,123
2013,Broj,LOPARE,Ž,illiterate,557
2013,Broj,LJUBINJE,Oba spola,illiterate,49
2013,Broj,LJUBINJE,M,illiterate,5
2013,Broj,LJUBINJE,Ž,illiterate,44
2013,Broj,MILICI,Oba spola,illiterate,399
2013,Broj,MILICI,M,illiterate,51
2013,Broj,MILICI,Ž,illiterate,348
2013,Broj,MODRICA,Oba spola,illiterate,736
2013,Broj,MODRICA,M,illiterate,119
2013,Broj,MODRICA,Ž,illiterate,617
2013,Broj,MRKONJIC GRAD,Oba spola,illiterate,821
2013,Broj,MRKONJIC GRAD,M,illiterate,95
2013,Broj,MRKONJIC GRAD,Ž,illiterate,726
2013,Broj,NEVESINJE,Oba spola,illiterate,305
2013,Broj,NEVESINJE,M,illiterate,32
2013,Broj,NEVESINJE,Ž,illiterate,273
2013,Broj,NOVI GRAD,Oba spola,illiterate,666
2013,Broj,NOVI GRAD,M,illiterate,106
2013,Broj,NOVI GRAD,Ž,illiterate,560
2013,Broj,NOVO GORAZDE,Oba spola,illiterate,76
2013,Broj,NOVO GORAZDE,M,illiterate,5
2013,Broj,NOVO GORAZDE,Ž,illiterate,71
2013,Broj,OSMACI,Oba spola,illiterate,264
2013,Broj,OSMACI,M,illiterate,29
2013,Broj,OSMACI,Ž,illiterate,235
2013,Broj,OSTRA LUKA,Oba spola,illiterate,196
2013,Broj,OSTRA LUKA,M,illiterate,32
2013,Broj,OSTRA LUKA,Ž,illiterate,164
2013,Broj,PALE,Oba spola,illiterate,293
2013,Broj,PALE,M,illiterate,40
2013,Broj,PALE,Ž,illiterate,253
2013,Broj,PELAGICEVO,Oba spola,illiterate,179
2013,Broj,PELAGICEVO,M,illiterate,29
2013,Broj,PELAGICEVO,Ž,illiterate,150
2013,Broj,PETROVAC,Oba spola,illiterate,6
2013,Broj,PETROVAC,M,illiterate,-
2013,Broj,PETROVAC,Ž,illiterate,6
2013,Broj,PETROVO,Oba spola,illiterate,245
2013,Broj,PETROVO,M,illiterate,28
2013,Broj,PETROVO,Ž,illiterate,217
2013,Broj,PRIJEDOR,Oba spola,illiterate,2172
2013,Broj,PRIJEDOR,M,illiterate,422
2013,Broj,PRIJEDOR,Ž,illiterate,1750
2013,Broj,PRNJAVOR,Oba spola,illiterate,1408
2013,Broj,PRNJAVOR,M,illiterate,203
2013,Broj,PRNJAVOR,Ž,illiterate,1205
2013,Broj,RIBNIK,Oba spola,illiterate,456
2013,Broj,RIBNIK,M,illiterate,69
2013,Broj,RIBNIK,Ž,illiterate,387
2013,Broj,ROGATICA,Oba spola,illiterate,351
2013,Broj,ROGATICA,M,illiterate,38
2013,Broj,ROGATICA,Ž,illiterate,313
2013,Broj,RUDO,Oba spola,illiterate,155
2013,Broj,RUDO,M,illiterate,27
2013,Broj,RUDO,Ž,illiterate,128
2013,Broj,SOKOLAC,Oba spola,illiterate,231
2013,Broj,SOKOLAC,M,illiterate,25
2013,Broj,SOKOLAC,Ž,illiterate,206
2013,Broj,SRBAC,Oba spola,illiterate,539
2013,Broj,SRBAC,M,illiterate,102
2013,Broj,SRBAC,Ž,illiterate,437
2013,Broj,SREBRENICA,Oba spola,illiterate,627
2013,Broj,SREBRENICA,M,illiterate,64
2013,Broj,SREBRENICA,Ž,illiterate,563
2013,Broj,TESLIC,Oba spola,illiterate,1980
2013,Broj,TESLIC,M,illiterate,227
2013,Broj,TESLIC,Ž,illiterate,1753
2013,Broj,TREBINJE,Oba spola,illiterate,237
2013,Broj,TREBINJE,M,illiterate,31
2013,Broj,TREBINJE,Ž,illiterate,206
2013,Broj,TRNOVO,Oba spola,illiterate,76
2013,Broj,TRNOVO,M,illiterate,10
2013,Broj,TRNOVO,Ž,illiterate,66
2013,Broj,UGLJEVIK,Oba spola,illiterate,451
2013,Broj,UGLJEVIK,M,illiterate,68
2013,Broj,UGLJEVIK,Ž,illiterate,383
2013,Broj,FOCA,Oba spola,illiterate,391
2013,Broj,FOCA,M,illiterate,51
2013,Broj,FOCA,Ž,illiterate,340
2013,Broj,HAN PIJESAK,Oba spola,illiterate,88
2013,Broj,HAN PIJESAK,M,illiterate,10
2013,Broj,HAN PIJESAK,Ž,illiterate,78
2013,Broj,CAJNICE,Oba spola,illiterate,140
2013,Broj,CAJNICE,M,illiterate,22
2013,Broj,CAJNICE,Ž,illiterate,118
2013,Broj,CELINAC,Oba spola,illiterate,472
2013,Broj,CELINAC,M,illiterate,56
2013,Broj,CELINAC,Ž,illiterate,416
2013,Broj,SAMAC,Oba spola,illiterate,300
2013,Broj,SAMAC,M,illiterate,55
2013,Broj,SAMAC,Ž,illiterate,245
2013,Broj,SEKOVICI,Oba spola,illiterate,427
2013,Broj,SEKOVICI,M,illiterate,83
2013,Broj,SEKOVICI,Ž,illiterate,344
2013,Broj,SIPOVO,Oba spola,illiterate,431
2013,Broj,SIPOVO,M,illiterate,49
2013,Broj,SIPOVO,Ž,illiterate,382
2013,Broj,REPUBLIKA SRPSKA,Oba spola,illiterates_percentage,3.29
2013,Broj,REPUBLIKA SRPSKA,M,illiterates_percentage,0.97
2013,Broj,REPUBLIKA SRPSKA,Ž,illiterates_percentage,5.48
2013,Broj,BANJA LUKA,Oba spola,illiterates_percentage,2.16
2013,Broj,BANJA LUKA,M,illiterates_percentage,0.66
2013,Broj,BANJA LUKA,Ž,illiterates_percentage,3.53
2013,Broj,BERKOVICI,Oba spola,illiterates_percentage,2.58
2013,Broj,BERKOVICI,M,illiterates_percentage,0.11
2013,Broj,BERKOVICI,Ž,illiterates_percentage,5.07
2013,Broj,BIJELJINA,Oba spola,illiterates_percentage,2.70
2013,Broj,BIJELJINA,M,illiterates_percentage,0.90
2013,Broj,BIJELJINA,Ž,illiterates_percentage,4.40
2013,Broj,BILECA,Oba spola,illiterates_percentage,1.49
2013,Broj,BILECA,M,illiterates_percentage,0.64
2013,Broj,BILECA,Ž,illiterates_percentage,2.35
2013,Broj,BRATUNAC,Oba spola,illiterates_percentage,5.16
2013,Broj,BRATUNAC,M,illiterates_percentage,1.00
2013,Broj,BRATUNAC,Ž,illiterates_percentage,9.17
2013,Broj,BROD,Oba spola,illiterates_percentage,2.31
2013,Broj,BROD,M,illiterates_percentage,0.77
2013,Broj,BROD,Ž,illiterates_percentage,3.76
2013,Broj,VISEGRAD,Oba spola,illiterates_percentage,3.82
2013,Broj,VISEGRAD,M,illiterates_percentage,0.78
2013,Broj,VISEGRAD,Ž,illiterates_percentage,6.59
2013,Broj,VLASENICA,Oba spola,illiterates_percentage,3.63
2013,Broj,VLASENICA,M,illiterates_percentage,1.05
2013,Broj,VLASENICA,Ž,illiterates_percentage,6.04
2013,Broj,VUKOSAVLJE,Oba spola,illiterates_percentage,4.96
2013,Broj,VUKOSAVLJE,M,illiterates_percentage,1.57
2013,Broj,VUKOSAVLJE,Ž,illiterates_percentage,8.35
2013,Broj,GACKO,Oba spola,illiterates_percentage,1.40
2013,Broj,GACKO,M,illiterates_percentage,0.25
2013,Broj,GACKO,Ž,illiterates_percentage,2.58
2013,Broj,GRADISKA,Oba spola,illiterates_percentage,3.39
2013,Broj,GRADISKA,M,illiterates_percentage,0.94
2013,Broj,GRADISKA,Ž,illiterates_percentage,5.71
2013,Broj,DERVENTA,Oba spola,illiterates_percentage,3.44
2013,Broj,DERVENTA,M,illiterates_percentage,1.05
2013,Broj,DERVENTA,Ž,illiterates_percentage,5.69
2013,Broj,DOBOJ,Oba spola,illiterates_percentage,3.19
2013,Broj,DOBOJ,M,illiterates_percentage,0.90
2013,Broj,DOBOJ,Ž,illiterates_percentage,5.33
2013,Broj,DONJI ZABAR,Oba spola,illiterates_percentage,3.82
2013,Broj,DONJI ZABAR,M,illiterates_percentage,1.54
2013,Broj,DONJI ZABAR,Ž,illiterates_percentage,6.12
2013,Broj,ZVORNIK,Oba spola,illiterates_percentage,4.23
2013,Broj,ZVORNIK,M,illiterates_percentage,1.03
2013,Broj,ZVORNIK,Ž,illiterates_percentage,7.32
2013,Broj,ISTOCNA ILIDZA,Oba spola,illiterates_percentage,1.30
2013,Broj,ISTOCNA ILIDZA,M,illiterates_percentage,0.35
2013,Broj,ISTOCNA ILIDZA,Ž,illiterates_percentage,2.17
2013,Broj,ISTOCNI DRVAR,Oba spola,illiterates_percentage,3.08
2013,Broj,ISTOCNI DRVAR,Ž,illiterates_percentage,9.09
2013,Broj,ISTOCNI MOSTAR,Oba spola,illiterates_percentage,8.41
2013,Broj,ISTOCNI MOSTAR,M,illiterates_percentage,0.78
2013,Broj,ISTOCNI MOSTAR,Ž,illiterates_percentage,18.37
2013,Broj,ISTOCNI STARI GRAD,Oba spola,illiterates_percentage,3.87
2013,Broj,ISTOCNI STARI GRAD,M,illiterates_percentage,0.59
2013,Broj,ISTOCNI STARI GRAD,Ž,illiterates_percentage,7.01
2013,Broj,ISTOCNO NOVO SARAJEVO,Oba spola,illiterates_percentage,0.86
2013,Broj,ISTOCNO NOVO SARAJEVO,M,illiterates_percentage,0.32
2013,Broj,ISTOCNO NOVO SARAJEVO,Ž,illiterates_percentage,1.35
2013,Broj,JEZERO,Oba spola,illiterates_percentage,4.52
2013,Broj,JEZERO,M,illiterates_percentage,1.42
2013,Broj,JEZERO,Ž,illiterates_percentage,7.84
2013,Broj,KALINOVIK,Oba spola,illiterates_percentage,4.66
2013,Broj,KALINOVIK,M,illiterates_percentage,0.56
2013,Broj,KALINOVIK,Ž,illiterates_percentage,8.53
2013,Broj,KNEZEVO,Oba spola,illiterates_percentage,11.35
2013,Broj,KNEZEVO,M,illiterates_percentage,3.47
2013,Broj,KNEZEVO,Ž,illiterates_percentage,18.97
2013,Broj,KOZARSKA DUBICA,Oba spola,illiterates_percentage,3.09
2013,Broj,KOZARSKA DUBICA,M,illiterates_percentage,0.83
2013,Broj,KOZARSKA DUBICA,Ž,illiterates_percentage,5.24
2013,Broj,KOSTAJNICA,Oba spola,illiterates_percentage,2.21
2013,Broj,KOSTAJNICA,M,illiterates_percentage,0.55
2013,Broj,KOSTAJNICA,Ž,illiterates_percentage,3.81
2013,Broj,KOTOR VAROS,Oba spola,illiterates_percentage,6.30
2013,Broj,KOTOR VAROS,M,illiterates_percentage,1.83
2013,Broj,KOTOR VAROS,Ž,illiterates_percentage,10.56
2013,Broj,KRUPA NA UNI,Oba spola,illiterates_percentage,9.96
2013,Broj,KRUPA NA UNI,M,illiterates_percentage,2.67
2013,Broj,KRUPA NA UNI,Ž,illiterates_percentage,18.51
2013,Broj,KUPRES,Oba spola,illiterates_percentage,28.93
2013,Broj,KUPRES,M,illiterates_percentage,18.37
2013,Broj,KUPRES,Ž,illiterates_percentage,40.60
2013,Broj,LAKTASI,Oba spola,illiterates_percentage,2.45
2013,Broj,LAKTASI,M,illiterates_percentage,0.77
2013,Broj,LAKTASI,Ž,illiterates_percentage,4.08
2013,Broj,LOPARE,Oba spola,illiterates_percentage,5.00
2013,Broj,LOPARE,M,illiterates_percentage,1.80
2013,Broj,LOPARE,Ž,illiterates_percentage,8.23
2013,Broj,LJUBINJE,Oba spola,illiterates_percentage,1.61
2013,Broj,LJUBINJE,M,illiterates_percentage,0.33
2013,Broj,LJUBINJE,Ž,illiterates_percentage,2.85
2013,Broj,MILICI,Oba spola,illiterates_percentage,4.21
2013,Broj,MILICI,M,illiterates_percentage,1.07
2013,Broj,MILICI,Ž,illiterates_percentage,7.36
2013,Broj,MODRICA,Oba spola,illiterates_percentage,3.28
2013,Broj,MODRICA,M,illiterates_percentage,1.09
2013,Broj,MODRICA,Ž,illiterates_percentage,5.36
2013,Broj,MRKONJIC GRAD,Oba spola,illiterates_percentage,5.65
2013,Broj,MRKONJIC GRAD,M,illiterates_percentage,1.37
2013,Broj,MRKONJIC GRAD,Ž,illiterates_percentage,9.56
2013,Broj,NEVESINJE,Oba spola,illiterates_percentage,2.69
2013,Broj,NEVESINJE,M,illiterates_percentage,0.57
2013,Broj,NEVESINJE,Ž,illiterates_percentage,4.76
2013,Broj,NOVI GRAD,Oba spola,illiterates_percentage,2.86
2013,Broj,NOVI GRAD,M,illiterates_percentage,0.92
2013,Broj,NOVI GRAD,Ž,illiterates_percentage,4.78
2013,Broj,NOVO GORAZDE,Oba spola,illiterates_percentage,2.80
2013,Broj,NOVO GORAZDE,M,illiterates_percentage,0.36
2013,Broj,NOVO GORAZDE,Ž,illiterates_percentage,5.42
2013,Broj,OSMACI,Oba spola,illiterates_percentage,5.26
2013,Broj,OSMACI,M,illiterates_percentage,1.16
2013,Broj,OSMACI,Ž,illiterates_percentage,9.31
2013,Broj,OSTRA LUKA,Oba spola,illiterates_percentage,7.94
2013,Broj,OSTRA LUKA,M,illiterates_percentage,2.53
2013,Broj,OSTRA LUKA,Ž,illiterates_percentage,13.62
2013,Broj,PALE,Oba spola,illiterates_percentage,1.58
2013,Broj,PALE,M,illiterates_percentage,0.45
2013,Broj,PALE,Ž,illiterates_percentage,2.59
2013,Broj,PELAGICEVO,Oba spola,illiterates_percentage,4.39
2013,Broj,PELAGICEVO,M,illiterates_percentage,1.44
2013,Broj,PELAGICEVO,Ž,illiterates_percentage,7.26
2013,Broj,PETROVAC,Oba spola,illiterates_percentage,1.86
2013,Broj,PETROVAC,Ž,illiterates_percentage,3.49
2013,Broj,PETROVO,Oba spola,illiterates_percentage,4.20
2013,Broj,PETROVO,M,illiterates_percentage,1.00
2013,Broj,PETROVO,Ž,illiterates_percentage,7.14
2013,Broj,PRIJEDOR,Oba spola,illiterates_percentage,2.92
2013,Broj,PRIJEDOR,M,illiterates_percentage,1.17
2013,Broj,PRIJEDOR,Ž,illiterates_percentage,4.56
2013,Broj,PRNJAVOR,Oba spola,illiterates_percentage,4.51
2013,Broj,PRNJAVOR,M,illiterates_percentage,1.35
2013,Broj,PRNJAVOR,Ž,illiterates_percentage,7.46
2013,Broj,RIBNIK,Oba spola,illiterates_percentage,8.50
2013,Broj,RIBNIK,M,illiterates_percentage,2.60
2013,Broj,RIBNIK,Ž,illiterates_percentage,14.25
2013,Broj,ROGATICA,Oba spola,illiterates_percentage,3.76
2013,Broj,ROGATICA,M,illiterates_percentage,0.83
2013,Broj,ROGATICA,Ž,illiterates_percentage,6.56
2013,Broj,RUDO,Oba spola,illiterates_percentage,2.22
2013,Broj,RUDO,M,illiterates_percentage,0.77
2013,Broj,RUDO,Ž,illiterates_percentage,3.70
2013,Broj,SOKOLAC,Oba spola,illiterates_percentage,2.18
2013,Broj,SOKOLAC,M,illiterates_percentage,0.48
2013,Broj,SOKOLAC,Ž,illiterates_percentage,3.82
2013,Broj,SRBAC,Oba spola,illiterates_percentage,3.50
2013,Broj,SRBAC,M,illiterates_percentage,1.35
2013,Broj,SRBAC,Ž,illiterates_percentage,5.55
2013,Broj,SREBRENICA,Oba spola,illiterates_percentage,5.85
2013,Broj,SREBRENICA,M,illiterates_percentage,1.22
2013,Broj,SREBRENICA,Ž,illiterates_percentage,10.26
2013,Broj,TESLIC,Oba spola,illiterates_percentage,5.93
2013,Broj,TESLIC,M,illiterates_percentage,1.43
2013,Broj,TESLIC,Ž,illiterates_percentage,10.00
2013,Broj,TREBINJE,Oba spola,illiterates_percentage,0.93
2013,Broj,TREBINJE,M,illiterates_percentage,0.25
2013,Broj,TREBINJE,Ž,illiterates_percentage,1.57
2013,Broj,TRNOVO,Oba spola,illiterates_percentage,4.10
2013,Broj,TRNOVO,M,illiterates_percentage,1.13
2013,Broj,TRNOVO,Ž,illiterates_percentage,6.84
2013,Broj,UGLJEVIK,Oba spola,illiterates_percentage,3.29
2013,Broj,UGLJEVIK,M,illiterates_percentage,0.99
2013,Broj,UGLJEVIK,Ž,illiterates_percentage,5.61
2013,Broj,FOCA,Oba spola,illiterates_percentage,2.41
2013,Broj,FOCA,M,illiterates_percentage,0.63
2013,Broj,FOCA,Ž,illiterates_percentage,4.21
2013,Broj,HAN PIJESAK,Oba spola,illiterates_percentage,2.76
2013,Broj,HAN PIJESAK,M,illiterates_percentage,0.67
2013,Broj,HAN PIJESAK,Ž,illiterates_percentage,4.61
2013,Broj,CAJNICE,Oba spola,illiterates_percentage,3.26
2013,Broj,CAJNICE,M,illiterates_percentage,1.02
2013,Broj,CAJNICE,Ž,illiterates_percentage,5.55
2013,Broj,CELINAC,Oba spola,illiterates_percentage,3.46
2013,Broj,CELINAC,M,illiterates_percentage,0.83
2013,Broj,CELINAC,Ž,illiterates_percentage,6.01
2013,Broj,SAMAC,Oba spola,illiterates_percentage,1.99
2013,Broj,SAMAC,M,illiterates_percentage,0.76
2013,Broj,SAMAC,Ž,illiterates_percentage,3.14
2013,Broj,SEKOVICI,Oba spola,illiterates_percentage,7.34
2013,Broj,SEKOVICI,M,illiterates_percentage,2.89
2013,Broj,SEKOVICI,Ž,illiterates_percentage,11.67
2013,Broj,SIPOVO,Oba spola,illiterates_percentage,4.74
2013,Broj,SIPOVO,M,illiterates_percentage,1.07
2013,Broj,SIPOVO,Ž,illiterates_percentage,8.46
2013,Broj,REPUBLIKA SRPSKA,Oba spola,Nepoznato,10476
2013,Broj,REPUBLIKA SRPSKA,M,Nepoznato,3675
2013,Broj,REPUBLIKA SRPSKA,Ž,Nepoznato,6801
2013,Broj,BANJA LUKA,Oba spola,Nepoznato,1192
2013,Broj,BANJA LUKA,M,Nepoznato,413
2013,Broj,BANJA LUKA,Ž,Nepoznato,779
2013,Broj,BERKOVICI,Oba spola,Nepoznato,27
2013,Broj,BERKOVICI,M,Nepoznato,10
2013,Broj,BERKOVICI,Ž,Nepoznato,17
2013,Broj,BIJELJINA,Oba spola,Nepoznato,916
2013,Broj,BIJELJINA,M,Nepoznato,302
2013,Broj,BIJELJINA,Ž,Nepoznato,614
2013,Broj,BILECA,Oba spola,Nepoznato,83
2013,Broj,BILECA,M,Nepoznato,27
2013,Broj,BILECA,Ž,Nepoznato,56
2013,Broj,BRATUNAC,Oba spola,Nepoznato,239
2013,Broj,BRATUNAC,M,Nepoznato,80
2013,Broj,BRATUNAC,Ž,Nepoznato,159
2013,Broj,BROD,Oba spola,Nepoznato,178
2013,Broj,BROD,M,Nepoznato,59
2013,Broj,BROD,Ž,Nepoznato,119
2013,Broj,VISEGRAD,Oba spola,Nepoznato,91
2013,Broj,VISEGRAD,M,Nepoznato,32
2013,Broj,VISEGRAD,Ž,Nepoznato,59
2013,Broj,VLASENICA,Oba spola,Nepoznato,185
2013,Broj,VLASENICA,M,Nepoznato,65
2013,Broj,VLASENICA,Ž,Nepoznato,120
2013,Broj,VUKOSAVLJE,Oba spola,Nepoznato,76
2013,Broj,VUKOSAVLJE,M,Nepoznato,29
2013,Broj,VUKOSAVLJE,Ž,Nepoznato,47
2013,Broj,GACKO,Oba spola,Nepoznato,71
2013,Broj,GACKO,M,Nepoznato,24
2013,Broj,GACKO,Ž,Nepoznato,47
2013,Broj,GRADISKA,Oba spola,Nepoznato,423
2013,Broj,GRADISKA,M,Nepoznato,163
2013,Broj,GRADISKA,Ž,Nepoznato,260
2013,Broj,DERVENTA,Oba spola,Nepoznato,368
2013,Broj,DERVENTA,M,Nepoznato,135
2013,Broj,DERVENTA,Ž,Nepoznato,233
2013,Broj,DOBOJ,Oba spola,Nepoznato,481
2013,Broj,DOBOJ,M,Nepoznato,166
2013,Broj,DOBOJ,Ž,Nepoznato,315
2013,Broj,DONJI ZABAR,Oba spola,Nepoznato,81
2013,Broj,DONJI ZABAR,M,Nepoznato,33
2013,Broj,DONJI ZABAR,Ž,Nepoznato,48
2013,Broj,ZVORNIK,Oba spola,Nepoznato,666
2013,Broj,ZVORNIK,M,Nepoznato,204
2013,Broj,ZVORNIK,Ž,Nepoznato,462
2013,Broj,ISTOCNA ILIDZA,Oba spola,Nepoznato,67
2013,Broj,ISTOCNA ILIDZA,M,Nepoznato,21
2013,Broj,ISTOCNA ILIDZA,Ž,Nepoznato,46
2013,Broj,ISTOCNI STARI GRAD,Oba spola,Nepoznato,6
2013,Broj,ISTOCNI STARI GRAD,M,Nepoznato,2
2013,Broj,ISTOCNI STARI GRAD,Ž,Nepoznato,4
2013,Broj,ISTOCNO NOVO SARAJEVO,Oba spola,Nepoznato,36
2013,Broj,ISTOCNO NOVO SARAJEVO,M,Nepoznato,12
2013,Broj,ISTOCNO NOVO SARAJEVO,Ž,Nepoznato,24
2013,Broj,JEZERO,Oba spola,Nepoznato,6
2013,Broj,JEZERO,M,Nepoznato,2
2013,Broj,JEZERO,Ž,Nepoznato,4
2013,Broj,KALINOVIK,Oba spola,Nepoznato,12
2013,Broj,KALINOVIK,M,Nepoznato,5
2013,Broj,KALINOVIK,Ž,Nepoznato,7
2013,Broj,KNEZEVO,Oba spola,Nepoznato,78
2013,Broj,KNEZEVO,M,Nepoznato,32
2013,Broj,KNEZEVO,Ž,Nepoznato,46
2013,Broj,KOZARSKA DUBICA,Oba spola,Nepoznato,124
2013,Broj,KOZARSKA DUBICA,M,Nepoznato,48
2013,Broj,KOZARSKA DUBICA,Ž,Nepoznato,76
2013,Broj,KOSTAJNICA,Oba spola,Nepoznato,34
2013,Broj,KOSTAJNICA,M,Nepoznato,15
2013,Broj,KOSTAJNICA,Ž,Nepoznato,19
2013,Broj,KOTOR VAROS,Oba spola,Nepoznato,216
2013,Broj,KOTOR VAROS,M,Nepoznato,73
2013,Broj,KOTOR VAROS,Ž,Nepoznato,143
2013,Broj,KRUPA NA UNI,Oba spola,Nepoznato,4
2013,Broj,KRUPA NA UNI,M,Nepoznato,1
2013,Broj,KRUPA NA UNI,Ž,Nepoznato,3
2013,Broj,KUPRES,Oba spola,Nepoznato,1
2013,Broj,KUPRES,Ž,Nepoznato,1
2013,Broj,LAKTASI,Oba spola,Nepoznato,314
2013,Broj,LAKTASI,M,Nepoznato,117
2013,Broj,LAKTASI,Ž,Nepoznato,197
2013,Broj,LOPARE,Oba spola,Nepoznato,156
2013,Broj,LOPARE,M,Nepoznato,62
2013,Broj,LOPARE,Ž,Nepoznato,94
2013,Broj,LJUBINJE,Oba spola,Nepoznato,22
2013,Broj,LJUBINJE,M,Nepoznato,7
2013,Broj,LJUBINJE,Ž,Nepoznato,15
2013,Broj,MILICI,Oba spola,Nepoznato,157
2013,Broj,MILICI,M,Nepoznato,42
2013,Broj,MILICI,Ž,Nepoznato,115
2013,Broj,MODRICA,Oba spola,Nepoznato,346
2013,Broj,MODRICA,M,Nepoznato,128
2013,Broj,MODRICA,Ž,Nepoznato,218
2013,Broj,MRKONJIC GRAD,Oba spola,Nepoznato,177
2013,Broj,MRKONJIC GRAD,M,Nepoznato,65
2013,Broj,MRKONJIC GRAD,Ž,Nepoznato,112
2013,Broj,NEVESINJE,Oba spola,Nepoznato,95
2013,Broj,NEVESINJE,M,Nepoznato,40
2013,Broj,NEVESINJE,Ž,Nepoznato,55
2013,Broj,NOVI GRAD,Oba spola,Nepoznato,265
2013,Broj,NOVI GRAD,M,Nepoznato,96
2013,Broj,NOVI GRAD,Ž,Nepoznato,169
2013,Broj,NOVO GORAZDE,Oba spola,Nepoznato,16
2013,Broj,NOVO GORAZDE,M,Nepoznato,3
2013,Broj,NOVO GORAZDE,Ž,Nepoznato,13
2013,Broj,OSMACI,Oba spola,Nepoznato,41
2013,Broj,OSMACI,M,Nepoznato,15
2013,Broj,OSMACI,Ž,Nepoznato,26
2013,Broj,OSTRA LUKA,Oba spola,Nepoznato,19
2013,Broj,OSTRA LUKA,M,Nepoznato,10
2013,Broj,OSTRA LUKA,Ž,Nepoznato,9
2013,Broj,PALE,Oba spola,Nepoznato,99
2013,Broj,PALE,M,Nepoznato,31
2013,Broj,PALE,Ž,Nepoznato,68
2013,Broj,PELAGICEVO,Oba spola,Nepoznato,132
2013,Broj,PELAGICEVO,M,Nepoznato,59
2013,Broj,PELAGICEVO,Ž,Nepoznato,73
2013,Broj,PETROVAC,Oba spola,Nepoznato,1
2013,Broj,PETROVAC,M,Nepoznato,1
2013,Broj,PETROVAC,Ž,Nepoznato,-
2013,Broj,PETROVO,Oba spola,Nepoznato,35
2013,Broj,PETROVO,M,Nepoznato,13
2013,Broj,PETROVO,Ž,Nepoznato,22
2013,Broj,PRIJEDOR,Oba spola,Nepoznato,816
2013,Broj,PRIJEDOR,M,Nepoznato,283
2013,Broj,PRIJEDOR,Ž,Nepoznato,533
2013,Broj,PRNJAVOR,Oba spola,Nepoznato,223
2013,Broj,PRNJAVOR,M,Nepoznato,90
2013,Broj,PRNJAVOR,Ž,Nepoznato,133
2013,Broj,RIBNIK,Oba spola,Nepoznato,41
2013,Broj,RIBNIK,M,Nepoznato,13
2013,Broj,RIBNIK,Ž,Nepoznato,28
2013,Broj,ROGATICA,Oba spola,Nepoznato,110
2013,Broj,ROGATICA,M,Nepoznato,24
2013,Broj,ROGATICA,Ž,Nepoznato,86
2013,Broj,RUDO,Oba spola,Nepoznato,40
2013,Broj,RUDO,M,Nepoznato,16
2013,Broj,RUDO,Ž,Nepoznato,24
2013,Broj,SOKOLAC,Oba spola,Nepoznato,69
2013,Broj,SOKOLAC,M,Nepoznato,29
2013,Broj,SOKOLAC,Ž,Nepoznato,40
2013,Broj,SRBAC,Oba spola,Nepoznato,250
2013,Broj,SRBAC,M,Nepoznato,90
2013,Broj,SRBAC,Ž,Nepoznato,160
2013,Broj,SREBRENICA,Oba spola,Nepoznato,134
2013,Broj,SREBRENICA,M,Nepoznato,26
2013,Broj,SREBRENICA,Ž,Nepoznato,108
2013,Broj,TESLIC,Oba spola,Nepoznato,346
2013,Broj,TESLIC,M,Nepoznato,124
2013,Broj,TESLIC,Ž,Nepoznato,222
2013,Broj,TREBINJE,Oba spola,Nepoznato,188
2013,Broj,TREBINJE,M,Nepoznato,59
2013,Broj,TREBINJE,Ž,Nepoznato,129
2013,Broj,TRNOVO,Oba spola,Nepoznato,12
2013,Broj,TRNOVO,M,Nepoznato,4
2013,Broj,TRNOVO,Ž,Nepoznato,8
2013,Broj,UGLJEVIK,Oba spola,Nepoznato,98
2013,Broj,UGLJEVIK,M,Nepoznato,37
2013,Broj,UGLJEVIK,Ž,Nepoznato,61
2013,Broj,FOCA,Oba spola,Nepoznato,128
2013,Broj,FOCA,M,Nepoznato,51
2013,Broj,FOCA,Ž,Nepoznato,77
2013,Broj,HAN PIJESAK,Oba spola,Nepoznato,13
2013,Broj,HAN PIJESAK,M,Nepoznato,4
2013,Broj,HAN PIJESAK,Ž,Nepoznato,9
2013,Broj,CAJNICE,Oba spola,Nepoznato,24
2013,Broj,CAJNICE,M,Nepoznato,9
2013,Broj,CAJNICE,Ž,Nepoznato,15
2013,Broj,CELINAC,Oba spola,Nepoznato,126
2013,Broj,CELINAC,M,Nepoznato,54
2013,Broj,CELINAC,Ž,Nepoznato,72
2013,Broj,SAMAC,Oba spola,Nepoznato,185
2013,Broj,SAMAC,M,Nepoznato,64
2013,Broj,SAMAC,Ž,Nepoznato,121
2013,Broj,SEKOVICI,Oba spola,Nepoznato,65
2013,Broj,SEKOVICI,M,Nepoznato,27
2013,Broj,SEKOVICI,Ž,Nepoznato,38
2013,Broj,SIPOVO,Oba spola,Nepoznato,72
2013,Broj,SIPOVO,M,Nepoznato,29
2013,Broj,SIPOVO,Ž,Nepoznato,43
