Year,UNIT_MEASURE,Пол,CAUSE_OF_DEATH,Value
2003,Број,Оба пола,total,12988
2004,Број,Оба пола,total,13082
2005,Број,Оба пола,total,13802
2006,Број,Оба пола,total,13232
2007,Број,Оба пола,total,14146
2008,Број,Оба пола,total,13501
2009,Број,Оба пола,total,13775
2010,Број,Оба пола,total,13517
2011,Број,Оба пола,total,13658
2012,Број,Оба пола,total,13796
2013,Број,Оба пола,total,13978
2014,Број,Оба пола,total,14409
2015,Број,Оба пола,total,15059
2016,Број,Оба пола,total,13970
2017,Број,Оба пола,total,14663
2018,Број,Оба пола,total,14763
2019,Број,Оба пола,total,15081
2020,Број,Оба пола,total,16582
2003,Број,M,total,6804
2004,Број,M,total,6735
2005,Број,M,total,7239
2006,Број,M,total,6904
2007,Број,M,total,7302
2008,Број,M,total,7058
2009,Број,M,total,7099
2010,Број,M,total,6935
2011,Број,M,total,7001
2012,Број,M,total,7064
2013,Број,M,total,7237
2014,Број,M,total,7386
2015,Број,M,total,7640
2016,Број,M,total,7198
2017,Број,M,total,7363
2018,Број,M,total,7449
2019,Број,M,total,7753
2020,Број,M,total,8613
2003,Број,M,infectious_and_parasitic_diseases,59
2004,Број,M,infectious_and_parasitic_diseases,75
2005,Број,M,infectious_and_parasitic_diseases,78
2006,Број,M,infectious_and_parasitic_diseases,73
2007,Број,M,infectious_and_parasitic_diseases,70
2008,Број,M,infectious_and_parasitic_diseases,72
2009,Број,M,infectious_and_parasitic_diseases,75
2010,Број,M,infectious_and_parasitic_diseases,72
2011,Број,M,infectious_and_parasitic_diseases,79
2012,Број,M,infectious_and_parasitic_diseases,69
2013,Број,M,infectious_and_parasitic_diseases,73
2014,Број,M,infectious_and_parasitic_diseases,80
2015,Број,M,infectious_and_parasitic_diseases,92
2016,Број,M,infectious_and_parasitic_diseases,104
2017,Број,M,infectious_and_parasitic_diseases,85
2018,Број,M,infectious_and_parasitic_diseases,109
2019,Број,M,infectious_and_parasitic_diseases,119
2020,Број,M,infectious_and_parasitic_diseases,87
2003,Број,M,neoplasms,1461
2004,Број,M,neoplasms,1402
2005,Број,M,neoplasms,1581
2006,Број,M,neoplasms,1536
2007,Број,M,neoplasms,1624
2008,Број,M,neoplasms,1658
2009,Број,M,neoplasms,1661
2010,Број,M,neoplasms,1595
2011,Број,M,neoplasms,1684
2012,Број,M,neoplasms,1754
2013,Број,M,neoplasms,1859
2014,Број,M,neoplasms,1801
2015,Број,M,neoplasms,1783
2016,Број,M,neoplasms,1739
2017,Број,M,neoplasms,1759
2018,Број,M,neoplasms,1729
2019,Број,M,neoplasms,1705
2020,Број,M,neoplasms,1622
2003,Број,M,diseases_of_the_blood_and_blood_forming_organs,6
2004,Број,M,diseases_of_the_blood_and_blood_forming_organs,2
2005,Број,M,diseases_of_the_blood_and_blood_forming_organs,5
2006,Број,M,diseases_of_the_blood_and_blood_forming_organs,2
2007,Број,M,diseases_of_the_blood_and_blood_forming_organs,6
2008,Број,M,diseases_of_the_blood_and_blood_forming_organs,3
2009,Број,M,diseases_of_the_blood_and_blood_forming_organs,4
2010,Број,M,diseases_of_the_blood_and_blood_forming_organs,5
2011,Број,M,diseases_of_the_blood_and_blood_forming_organs,7
2012,Број,M,diseases_of_the_blood_and_blood_forming_organs,9
2013,Број,M,diseases_of_the_blood_and_blood_forming_organs,8
2014,Број,M,diseases_of_the_blood_and_blood_forming_organs,2
2015,Број,M,diseases_of_the_blood_and_blood_forming_organs,9
2016,Број,M,diseases_of_the_blood_and_blood_forming_organs,9
2017,Број,M,diseases_of_the_blood_and_blood_forming_organs,3
2018,Број,M,diseases_of_the_blood_and_blood_forming_organs,18
2019,Број,M,diseases_of_the_blood_and_blood_forming_organs,8
2020,Број,M,diseases_of_the_blood_and_blood_forming_organs,12
2003,Број,M,diseases_of_the_endocrine_glands_nutrition_and_metabolism,71
2004,Број,M,diseases_of_the_endocrine_glands_nutrition_and_metabolism,68
2005,Број,M,diseases_of_the_endocrine_glands_nutrition_and_metabolism,286
2006,Број,M,diseases_of_the_endocrine_glands_nutrition_and_metabolism,306
2007,Број,M,diseases_of_the_endocrine_glands_nutrition_and_metabolism,349
2008,Број,M,diseases_of_the_endocrine_glands_nutrition_and_metabolism,310
2009,Број,M,diseases_of_the_endocrine_glands_nutrition_and_metabolism,361
2010,Број,M,diseases_of_the_endocrine_glands_nutrition_and_metabolism,289
2011,Број,M,diseases_of_the_endocrine_glands_nutrition_and_metabolism,257
2012,Број,M,diseases_of_the_endocrine_glands_nutrition_and_metabolism,211
2013,Број,M,diseases_of_the_endocrine_glands_nutrition_and_metabolism,341
2014,Број,M,diseases_of_the_endocrine_glands_nutrition_and_metabolism,411
2015,Број,M,diseases_of_the_endocrine_glands_nutrition_and_metabolism,362
2016,Број,M,diseases_of_the_endocrine_glands_nutrition_and_metabolism,313
2017,Број,M,diseases_of_the_endocrine_glands_nutrition_and_metabolism,373
2018,Број,M,diseases_of_the_endocrine_glands_nutrition_and_metabolism,386
2019,Број,M,diseases_of_the_endocrine_glands_nutrition_and_metabolism,261
2020,Број,M,diseases_of_the_endocrine_glands_nutrition_and_metabolism,340
2003,Број,M,mental_disorders_and_behavioral_disorders,24
2004,Број,M,mental_disorders_and_behavioral_disorders,46
2005,Број,M,mental_disorders_and_behavioral_disorders,64
2006,Број,M,mental_disorders_and_behavioral_disorders,67
2007,Број,M,mental_disorders_and_behavioral_disorders,87
2008,Број,M,mental_disorders_and_behavioral_disorders,82
2009,Број,M,mental_disorders_and_behavioral_disorders,92
2010,Број,M,mental_disorders_and_behavioral_disorders,73
2011,Број,M,mental_disorders_and_behavioral_disorders,58
2012,Број,M,mental_disorders_and_behavioral_disorders,46
2013,Број,M,mental_disorders_and_behavioral_disorders,64
2014,Број,M,mental_disorders_and_behavioral_disorders,63
2015,Број,M,mental_disorders_and_behavioral_disorders,44
2016,Број,M,mental_disorders_and_behavioral_disorders,72
2017,Број,M,mental_disorders_and_behavioral_disorders,70
2018,Број,M,mental_disorders_and_behavioral_disorders,55
2019,Број,M,mental_disorders_and_behavioral_disorders,50
2020,Број,M,mental_disorders_and_behavioral_disorders,43
2003,Број,M,diseases_of_the_nervous_system,39
2004,Број,M,diseases_of_the_nervous_system,53
2005,Број,M,diseases_of_the_nervous_system,86
2006,Број,M,diseases_of_the_nervous_system,111
2007,Број,M,diseases_of_the_nervous_system,85
2008,Број,M,diseases_of_the_nervous_system,91
2009,Број,M,diseases_of_the_nervous_system,78
2010,Број,M,diseases_of_the_nervous_system,76
2011,Број,M,diseases_of_the_nervous_system,112
2012,Број,M,diseases_of_the_nervous_system,105
2013,Број,M,diseases_of_the_nervous_system,98
2014,Број,M,diseases_of_the_nervous_system,97
2015,Број,M,diseases_of_the_nervous_system,106
2016,Број,M,diseases_of_the_nervous_system,96
2017,Број,M,diseases_of_the_nervous_system,102
2018,Број,M,diseases_of_the_nervous_system,82
2019,Број,M,diseases_of_the_nervous_system,84
2020,Број,M,diseases_of_the_nervous_system,91
2003,Број,M,eye_diseases_and_eye_soldering_disease,0
2004,Број,M,eye_diseases_and_eye_soldering_disease,0
2005,Број,M,eye_diseases_and_eye_soldering_disease,0
2006,Број,M,eye_diseases_and_eye_soldering_disease,0
2007,Број,M,eye_diseases_and_eye_soldering_disease,0
2008,Број,M,eye_diseases_and_eye_soldering_disease,0
2009,Број,M,eye_diseases_and_eye_soldering_disease,0
2010,Број,M,eye_diseases_and_eye_soldering_disease,0
2011,Број,M,eye_diseases_and_eye_soldering_disease,0
2012,Број,M,eye_diseases_and_eye_soldering_disease,0
2013,Број,M,eye_diseases_and_eye_soldering_disease,0
2014,Број,M,eye_diseases_and_eye_soldering_disease,0
2015,Број,M,eye_diseases_and_eye_soldering_disease,0
2016,Број,M,eye_diseases_and_eye_soldering_disease,0
2017,Број,M,eye_diseases_and_eye_soldering_disease,0
2018,Број,M,eye_diseases_and_eye_soldering_disease,0
2019,Број,M,eye_diseases_and_eye_soldering_disease,0
2020,Број,M,eye_diseases_and_eye_soldering_disease,0
2003,Број,M,diseases_of_ear_and_mastoid_process,0
2004,Број,M,diseases_of_ear_and_mastoid_process,0
2005,Број,M,diseases_of_ear_and_mastoid_process,1
2006,Број,M,diseases_of_ear_and_mastoid_process,0
2007,Број,M,diseases_of_ear_and_mastoid_process,1
2008,Број,M,diseases_of_ear_and_mastoid_process,0
2009,Број,M,diseases_of_ear_and_mastoid_process,0
2010,Број,M,diseases_of_ear_and_mastoid_process,0
2011,Број,M,diseases_of_ear_and_mastoid_process,0
2012,Број,M,diseases_of_ear_and_mastoid_process,0
2013,Број,M,diseases_of_ear_and_mastoid_process,0
2014,Број,M,diseases_of_ear_and_mastoid_process,0
2015,Број,M,diseases_of_ear_and_mastoid_process,0
2016,Број,M,diseases_of_ear_and_mastoid_process,0
2017,Број,M,diseases_of_ear_and_mastoid_process,0
2018,Број,M,diseases_of_ear_and_mastoid_process,0
2019,Број,M,diseases_of_ear_and_mastoid_process,0
2020,Број,M,diseases_of_ear_and_mastoid_process,0
2003,Број,M,diseases_of_the_circulatory_system,3323
2004,Број,M,diseases_of_the_circulatory_system,3383
2005,Број,M,diseases_of_the_circulatory_system,3325
2006,Број,M,diseases_of_the_circulatory_system,3005
2007,Број,M,diseases_of_the_circulatory_system,3233
2008,Број,M,diseases_of_the_circulatory_system,3209
2009,Број,M,diseases_of_the_circulatory_system,3271
2010,Број,M,diseases_of_the_circulatory_system,3285
2011,Број,M,diseases_of_the_circulatory_system,3330
2012,Број,M,diseases_of_the_circulatory_system,3516
2013,Број,M,diseases_of_the_circulatory_system,3062
2014,Број,M,diseases_of_the_circulatory_system,3142
2015,Број,M,diseases_of_the_circulatory_system,3311
2016,Број,M,diseases_of_the_circulatory_system,3177
2017,Број,M,diseases_of_the_circulatory_system,3220
2018,Број,M,diseases_of_the_circulatory_system,3084
2019,Број,M,diseases_of_the_circulatory_system,3440
2020,Број,M,diseases_of_the_circulatory_system,3452
2003,Број,M,diseases_of_the_respiratory_system,184
2004,Број,M,diseases_of_the_respiratory_system,211
2005,Број,M,diseases_of_the_respiratory_system,284
2006,Број,M,diseases_of_the_respiratory_system,292
2007,Број,M,diseases_of_the_respiratory_system,282
2008,Број,M,diseases_of_the_respiratory_system,276
2009,Број,M,diseases_of_the_respiratory_system,254
2010,Број,M,diseases_of_the_respiratory_system,277
2011,Број,M,diseases_of_the_respiratory_system,303
2012,Број,M,diseases_of_the_respiratory_system,263
2013,Број,M,diseases_of_the_respiratory_system,334
2014,Број,M,diseases_of_the_respiratory_system,315
2015,Број,M,diseases_of_the_respiratory_system,370
2016,Број,M,diseases_of_the_respiratory_system,306
2017,Број,M,diseases_of_the_respiratory_system,333
2018,Број,M,diseases_of_the_respiratory_system,344
2019,Број,M,diseases_of_the_respiratory_system,338
2020,Број,M,diseases_of_the_respiratory_system,377
2003,Број,M,diseases_of_the_digestive_system,216
2004,Број,M,diseases_of_the_digestive_system,206
2005,Број,M,diseases_of_the_digestive_system,219
2006,Број,M,diseases_of_the_digestive_system,233
2007,Број,M,diseases_of_the_digestive_system,249
2008,Број,M,diseases_of_the_digestive_system,235
2009,Број,M,diseases_of_the_digestive_system,223
2010,Број,M,diseases_of_the_digestive_system,242
2011,Број,M,diseases_of_the_digestive_system,255
2012,Број,M,diseases_of_the_digestive_system,248
2013,Број,M,diseases_of_the_digestive_system,219
2014,Број,M,diseases_of_the_digestive_system,241
2015,Број,M,diseases_of_the_digestive_system,249
2016,Број,M,diseases_of_the_digestive_system,265
2017,Број,M,diseases_of_the_digestive_system,229
2018,Број,M,diseases_of_the_digestive_system,290
2019,Број,M,diseases_of_the_digestive_system,239
2020,Број,M,diseases_of_the_digestive_system,269
2003,Број,M,skin_and_subcutaneous_tissue_disorders,0
2004,Број,M,skin_and_subcutaneous_tissue_disorders,0
2005,Број,M,skin_and_subcutaneous_tissue_disorders,0
2006,Број,M,skin_and_subcutaneous_tissue_disorders,0
2007,Број,M,skin_and_subcutaneous_tissue_disorders,0
2008,Број,M,skin_and_subcutaneous_tissue_disorders,0
2009,Број,M,skin_and_subcutaneous_tissue_disorders,1
2010,Број,M,skin_and_subcutaneous_tissue_disorders,4
2011,Број,M,skin_and_subcutaneous_tissue_disorders,0
2012,Број,M,skin_and_subcutaneous_tissue_disorders,3
2013,Број,M,skin_and_subcutaneous_tissue_disorders,9
2014,Број,M,skin_and_subcutaneous_tissue_disorders,13
2015,Број,M,skin_and_subcutaneous_tissue_disorders,7
2016,Број,M,skin_and_subcutaneous_tissue_disorders,7
2017,Број,M,skin_and_subcutaneous_tissue_disorders,5
2018,Број,M,skin_and_subcutaneous_tissue_disorders,12
2019,Број,M,skin_and_subcutaneous_tissue_disorders,7
2020,Број,M,skin_and_subcutaneous_tissue_disorders,13
2003,Број,M,diseases_of_the_musculoskeletal_system_and_connective_tissue,3
2004,Број,M,diseases_of_the_musculoskeletal_system_and_connective_tissue,1
2005,Број,M,diseases_of_the_musculoskeletal_system_and_connective_tissue,5
2006,Број,M,diseases_of_the_musculoskeletal_system_and_connective_tissue,1
2007,Број,M,diseases_of_the_musculoskeletal_system_and_connective_tissue,4
2008,Број,M,diseases_of_the_musculoskeletal_system_and_connective_tissue,3
2009,Број,M,diseases_of_the_musculoskeletal_system_and_connective_tissue,2
2010,Број,M,diseases_of_the_musculoskeletal_system_and_connective_tissue,3
2011,Број,M,diseases_of_the_musculoskeletal_system_and_connective_tissue,4
2012,Број,M,diseases_of_the_musculoskeletal_system_and_connective_tissue,4
2013,Број,M,diseases_of_the_musculoskeletal_system_and_connective_tissue,9
2014,Број,M,diseases_of_the_musculoskeletal_system_and_connective_tissue,8
2015,Број,M,diseases_of_the_musculoskeletal_system_and_connective_tissue,12
2016,Број,M,diseases_of_the_musculoskeletal_system_and_connective_tissue,6
2017,Број,M,diseases_of_the_musculoskeletal_system_and_connective_tissue,8
2018,Број,M,diseases_of_the_musculoskeletal_system_and_connective_tissue,4
2019,Број,M,diseases_of_the_musculoskeletal_system_and_connective_tissue,4
2020,Број,M,diseases_of_the_musculoskeletal_system_and_connective_tissue,7
2003,Број,M,diseases_of_the_genitourinary_system,123
2004,Број,M,diseases_of_the_genitourinary_system,113
2005,Број,M,diseases_of_the_genitourinary_system,160
2006,Број,M,diseases_of_the_genitourinary_system,152
2007,Број,M,diseases_of_the_genitourinary_system,163
2008,Број,M,diseases_of_the_genitourinary_system,155
2009,Број,M,diseases_of_the_genitourinary_system,139
2010,Број,M,diseases_of_the_genitourinary_system,140
2011,Број,M,diseases_of_the_genitourinary_system,101
2012,Број,M,diseases_of_the_genitourinary_system,116
2013,Број,M,diseases_of_the_genitourinary_system,121
2014,Број,M,diseases_of_the_genitourinary_system,73
2015,Број,M,diseases_of_the_genitourinary_system,93
2016,Број,M,diseases_of_the_genitourinary_system,117
2017,Број,M,diseases_of_the_genitourinary_system,96
2018,Број,M,diseases_of_the_genitourinary_system,117
2019,Број,M,diseases_of_the_genitourinary_system,104
2020,Број,M,diseases_of_the_genitourinary_system,113
2003,Број,M,certain_conditions_occurred_in_the_perinatal_period,23
2004,Број,M,certain_conditions_occurred_in_the_perinatal_period,28
2005,Број,M,certain_conditions_occurred_in_the_perinatal_period,17
2006,Број,M,certain_conditions_occurred_in_the_perinatal_period,26
2007,Број,M,certain_conditions_occurred_in_the_perinatal_period,15
2008,Број,M,certain_conditions_occurred_in_the_perinatal_period,12
2009,Број,M,certain_conditions_occurred_in_the_perinatal_period,22
2010,Број,M,certain_conditions_occurred_in_the_perinatal_period,13
2011,Број,M,certain_conditions_occurred_in_the_perinatal_period,20
2012,Број,M,certain_conditions_occurred_in_the_perinatal_period,18
2013,Број,M,certain_conditions_occurred_in_the_perinatal_period,13
2014,Број,M,certain_conditions_occurred_in_the_perinatal_period,7
2015,Број,M,certain_conditions_occurred_in_the_perinatal_period,2
2016,Број,M,certain_conditions_occurred_in_the_perinatal_period,13
2017,Број,M,certain_conditions_occurred_in_the_perinatal_period,7
2018,Број,M,certain_conditions_occurred_in_the_perinatal_period,3
2019,Број,M,certain_conditions_occurred_in_the_perinatal_period,6
2020,Број,M,certain_conditions_occurred_in_the_perinatal_period,16
2003,Број,M,congenital_anomalies_deformities_and_chromosomal_abnormalities,7
2004,Број,M,congenital_anomalies_deformities_and_chromosomal_abnormalities,10
2005,Број,M,congenital_anomalies_deformities_and_chromosomal_abnormalities,6
2006,Број,M,congenital_anomalies_deformities_and_chromosomal_abnormalities,7
2007,Број,M,congenital_anomalies_deformities_and_chromosomal_abnormalities,8
2008,Број,M,congenital_anomalies_deformities_and_chromosomal_abnormalities,5
2009,Број,M,congenital_anomalies_deformities_and_chromosomal_abnormalities,7
2010,Број,M,congenital_anomalies_deformities_and_chromosomal_abnormalities,10
2011,Број,M,congenital_anomalies_deformities_and_chromosomal_abnormalities,7
2012,Број,M,congenital_anomalies_deformities_and_chromosomal_abnormalities,5
2013,Број,M,congenital_anomalies_deformities_and_chromosomal_abnormalities,7
2014,Број,M,congenital_anomalies_deformities_and_chromosomal_abnormalities,3
2015,Број,M,congenital_anomalies_deformities_and_chromosomal_abnormalities,3
2016,Број,M,congenital_anomalies_deformities_and_chromosomal_abnormalities,3
2017,Број,M,congenital_anomalies_deformities_and_chromosomal_abnormalities,4
2018,Број,M,congenital_anomalies_deformities_and_chromosomal_abnormalities,2
2019,Број,M,congenital_anomalies_deformities_and_chromosomal_abnormalities,0
2020,Број,M,congenital_anomalies_deformities_and_chromosomal_abnormalities,3
2003,Број,M,symptoms_signs_and_abnormal_clinical_and_laboratory_findings,821
2004,Број,M,symptoms_signs_and_abnormal_clinical_and_laboratory_findings,726
2005,Број,M,symptoms_signs_and_abnormal_clinical_and_laboratory_findings,659
2006,Број,M,symptoms_signs_and_abnormal_clinical_and_laboratory_findings,627
2007,Број,M,symptoms_signs_and_abnormal_clinical_and_laboratory_findings,638
2008,Број,M,symptoms_signs_and_abnormal_clinical_and_laboratory_findings,496
2009,Број,M,symptoms_signs_and_abnormal_clinical_and_laboratory_findings,485
2010,Број,M,symptoms_signs_and_abnormal_clinical_and_laboratory_findings,446
2011,Број,M,symptoms_signs_and_abnormal_clinical_and_laboratory_findings,302
2012,Број,M,symptoms_signs_and_abnormal_clinical_and_laboratory_findings,277
2013,Број,M,symptoms_signs_and_abnormal_clinical_and_laboratory_findings,643
2014,Број,M,symptoms_signs_and_abnormal_clinical_and_laboratory_findings,718
2015,Број,M,symptoms_signs_and_abnormal_clinical_and_laboratory_findings,780
2016,Број,M,symptoms_signs_and_abnormal_clinical_and_laboratory_findings,598
2017,Број,M,symptoms_signs_and_abnormal_clinical_and_laboratory_findings,720
2018,Број,M,symptoms_signs_and_abnormal_clinical_and_laboratory_findings,844
2019,Број,M,symptoms_signs_and_abnormal_clinical_and_laboratory_findings,1048
2020,Број,M,symptoms_signs_and_abnormal_clinical_and_laboratory_findings,834
2003,Број,M,injuries_poisonings_and_consequences_of_external_factors,444
2004,Број,M,injuries_poisonings_and_consequences_of_external_factors,411
2005,Број,M,injuries_poisonings_and_consequences_of_external_factors,463
2006,Број,M,injuries_poisonings_and_consequences_of_external_factors,466
2007,Број,M,injuries_poisonings_and_consequences_of_external_factors,488
2008,Број,M,injuries_poisonings_and_consequences_of_external_factors,451
2009,Број,M,injuries_poisonings_and_consequences_of_external_factors,424
2010,Број,M,injuries_poisonings_and_consequences_of_external_factors,405
2011,Број,M,injuries_poisonings_and_consequences_of_external_factors,482
2012,Број,M,injuries_poisonings_and_consequences_of_external_factors,420
2013,Број,M,injuries_poisonings_and_consequences_of_external_factors,377
2014,Број,M,injuries_poisonings_and_consequences_of_external_factors,412
2015,Број,M,injuries_poisonings_and_consequences_of_external_factors,417
2016,Број,M,injuries_poisonings_and_consequences_of_external_factors,373
2017,Број,M,injuries_poisonings_and_consequences_of_external_factors,349
2018,Број,M,injuries_poisonings_and_consequences_of_external_factors,370
2019,Број,M,injuries_poisonings_and_consequences_of_external_factors,340
2020,Број,M,injuries_poisonings_and_consequences_of_external_factors,304
2003,Број,M,special_purpose_codes,0
2004,Број,M,special_purpose_codes,0
2005,Број,M,special_purpose_codes,0
2006,Број,M,special_purpose_codes,0
2007,Број,M,special_purpose_codes,0
2008,Број,M,special_purpose_codes,0
2009,Број,M,special_purpose_codes,0
2010,Број,M,special_purpose_codes,0
2011,Број,M,special_purpose_codes,0
2012,Број,M,special_purpose_codes,0
2013,Број,M,special_purpose_codes,0
2014,Број,M,special_purpose_codes,0
2015,Број,M,special_purpose_codes,0
2016,Број,M,special_purpose_codes,0
2017,Број,M,special_purpose_codes,0
2018,Број,M,special_purpose_codes,0
2019,Број,M,special_purpose_codes,0
2020,Број,M,special_purpose_codes,1030
2003,Број,Ж,total,6184
2004,Број,Ж,total,6347
2005,Број,Ж,total,6563
2006,Број,Ж,total,6328
2007,Број,Ж,total,6844
2008,Број,Ж,total,6443
2009,Број,Ж,total,6676
2010,Број,Ж,total,6582
2011,Број,Ж,total,6657
2012,Број,Ж,total,6732
2013,Број,Ж,total,6741
2014,Број,Ж,total,7023
2015,Број,Ж,total,7419
2016,Број,Ж,total,6772
2017,Број,Ж,total,7300
2018,Број,Ж,total,7314
2019,Број,Ж,total,7328
2020,Број,Ж,total,7969
2003,Број,Ж,infectious_and_parasitic_diseases,30
2004,Број,Ж,infectious_and_parasitic_diseases,49
2005,Број,Ж,infectious_and_parasitic_diseases,50
2006,Број,Ж,infectious_and_parasitic_diseases,38
2007,Број,Ж,infectious_and_parasitic_diseases,33
2008,Број,Ж,infectious_and_parasitic_diseases,46
2009,Број,Ж,infectious_and_parasitic_diseases,43
2010,Број,Ж,infectious_and_parasitic_diseases,37
2011,Број,Ж,infectious_and_parasitic_diseases,38
2012,Број,Ж,infectious_and_parasitic_diseases,66
2013,Број,Ж,infectious_and_parasitic_diseases,47
2014,Број,Ж,infectious_and_parasitic_diseases,56
2015,Број,Ж,infectious_and_parasitic_diseases,67
2016,Број,Ж,infectious_and_parasitic_diseases,83
2017,Број,Ж,infectious_and_parasitic_diseases,62
2018,Број,Ж,infectious_and_parasitic_diseases,75
2019,Број,Ж,infectious_and_parasitic_diseases,81
2020,Број,Ж,infectious_and_parasitic_diseases,75
2003,Број,Ж,neoplasms,950
2004,Број,Ж,neoplasms,928
2005,Број,Ж,neoplasms,1072
2006,Број,Ж,neoplasms,1015
2007,Број,Ж,neoplasms,1109
2008,Број,Ж,neoplasms,1075
2009,Број,Ж,neoplasms,1161
2010,Број,Ж,neoplasms,1105
2011,Број,Ж,neoplasms,1118
2012,Број,Ж,neoplasms,1183
2013,Број,Ж,neoplasms,1231
2014,Број,Ж,neoplasms,1353
2015,Број,Ж,neoplasms,1355
2016,Број,Ж,neoplasms,1209
2017,Број,Ж,neoplasms,1268
2018,Број,Ж,neoplasms,1209
2019,Број,Ж,neoplasms,1186
2020,Број,Ж,neoplasms,1097
2003,Број,Ж,diseases_of_the_blood_and_blood_forming_organs,2
2004,Број,Ж,diseases_of_the_blood_and_blood_forming_organs,11
2005,Број,Ж,diseases_of_the_blood_and_blood_forming_organs,10
2006,Број,Ж,diseases_of_the_blood_and_blood_forming_organs,4
2007,Број,Ж,diseases_of_the_blood_and_blood_forming_organs,10
2008,Број,Ж,diseases_of_the_blood_and_blood_forming_organs,5
2009,Број,Ж,diseases_of_the_blood_and_blood_forming_organs,9
2010,Број,Ж,diseases_of_the_blood_and_blood_forming_organs,10
2011,Број,Ж,diseases_of_the_blood_and_blood_forming_organs,10
2012,Број,Ж,diseases_of_the_blood_and_blood_forming_organs,6
2013,Број,Ж,diseases_of_the_blood_and_blood_forming_organs,8
2014,Број,Ж,diseases_of_the_blood_and_blood_forming_organs,8
2015,Број,Ж,diseases_of_the_blood_and_blood_forming_organs,10
2016,Број,Ж,diseases_of_the_blood_and_blood_forming_organs,15
2017,Број,Ж,diseases_of_the_blood_and_blood_forming_organs,17
2018,Број,Ж,diseases_of_the_blood_and_blood_forming_organs,18
2019,Број,Ж,diseases_of_the_blood_and_blood_forming_organs,16
2020,Број,Ж,diseases_of_the_blood_and_blood_forming_organs,15
2003,Број,Ж,diseases_of_the_endocrine_glands_nutrition_and_metabolism,109
2004,Број,Ж,diseases_of_the_endocrine_glands_nutrition_and_metabolism,92
2005,Број,Ж,diseases_of_the_endocrine_glands_nutrition_and_metabolism,441
2006,Број,Ж,diseases_of_the_endocrine_glands_nutrition_and_metabolism,484
2007,Број,Ж,diseases_of_the_endocrine_glands_nutrition_and_metabolism,442
2008,Број,Ж,diseases_of_the_endocrine_glands_nutrition_and_metabolism,454
2009,Број,Ж,diseases_of_the_endocrine_glands_nutrition_and_metabolism,530
2010,Број,Ж,diseases_of_the_endocrine_glands_nutrition_and_metabolism,402
2011,Број,Ж,diseases_of_the_endocrine_glands_nutrition_and_metabolism,397
2012,Број,Ж,diseases_of_the_endocrine_glands_nutrition_and_metabolism,350
2013,Број,Ж,diseases_of_the_endocrine_glands_nutrition_and_metabolism,459
2014,Број,Ж,diseases_of_the_endocrine_glands_nutrition_and_metabolism,501
2015,Број,Ж,diseases_of_the_endocrine_glands_nutrition_and_metabolism,400
2016,Број,Ж,diseases_of_the_endocrine_glands_nutrition_and_metabolism,378
2017,Број,Ж,diseases_of_the_endocrine_glands_nutrition_and_metabolism,452
2018,Број,Ж,diseases_of_the_endocrine_glands_nutrition_and_metabolism,458
2019,Број,Ж,diseases_of_the_endocrine_glands_nutrition_and_metabolism,343
2020,Број,Ж,diseases_of_the_endocrine_glands_nutrition_and_metabolism,485
2003,Број,Ж,mental_disorders_and_behavioral_disorders,9
2004,Број,Ж,mental_disorders_and_behavioral_disorders,12
2005,Број,Ж,mental_disorders_and_behavioral_disorders,16
2006,Број,Ж,mental_disorders_and_behavioral_disorders,15
2007,Број,Ж,mental_disorders_and_behavioral_disorders,20
2008,Број,Ж,mental_disorders_and_behavioral_disorders,19
2009,Број,Ж,mental_disorders_and_behavioral_disorders,30
2010,Број,Ж,mental_disorders_and_behavioral_disorders,11
2011,Број,Ж,mental_disorders_and_behavioral_disorders,14
2012,Број,Ж,mental_disorders_and_behavioral_disorders,12
2013,Број,Ж,mental_disorders_and_behavioral_disorders,31
2014,Број,Ж,mental_disorders_and_behavioral_disorders,21
2015,Број,Ж,mental_disorders_and_behavioral_disorders,28
2016,Број,Ж,mental_disorders_and_behavioral_disorders,26
2017,Број,Ж,mental_disorders_and_behavioral_disorders,43
2018,Број,Ж,mental_disorders_and_behavioral_disorders,30
2019,Број,Ж,mental_disorders_and_behavioral_disorders,22
2020,Број,Ж,mental_disorders_and_behavioral_disorders,29
2003,Број,Ж,diseases_of_the_nervous_system,26
2004,Број,Ж,diseases_of_the_nervous_system,38
2005,Број,Ж,diseases_of_the_nervous_system,84
2006,Број,Ж,diseases_of_the_nervous_system,73
2007,Број,Ж,diseases_of_the_nervous_system,70
2008,Број,Ж,diseases_of_the_nervous_system,55
2009,Број,Ж,diseases_of_the_nervous_system,55
2010,Број,Ж,diseases_of_the_nervous_system,76
2011,Број,Ж,diseases_of_the_nervous_system,97
2012,Број,Ж,diseases_of_the_nervous_system,102
2013,Број,Ж,diseases_of_the_nervous_system,87
2014,Број,Ж,diseases_of_the_nervous_system,89
2015,Број,Ж,diseases_of_the_nervous_system,106
2016,Број,Ж,diseases_of_the_nervous_system,75
2017,Број,Ж,diseases_of_the_nervous_system,95
2018,Број,Ж,diseases_of_the_nervous_system,87
2019,Број,Ж,diseases_of_the_nervous_system,81
2020,Број,Ж,diseases_of_the_nervous_system,97
2003,Број,Ж,eye_diseases_and_eye_soldering_disease,0
2004,Број,Ж,eye_diseases_and_eye_soldering_disease,0
2005,Број,Ж,eye_diseases_and_eye_soldering_disease,0
2006,Број,Ж,eye_diseases_and_eye_soldering_disease,0
2007,Број,Ж,eye_diseases_and_eye_soldering_disease,0
2008,Број,Ж,eye_diseases_and_eye_soldering_disease,0
2009,Број,Ж,eye_diseases_and_eye_soldering_disease,0
2010,Број,Ж,eye_diseases_and_eye_soldering_disease,0
2011,Број,Ж,eye_diseases_and_eye_soldering_disease,0
2012,Број,Ж,eye_diseases_and_eye_soldering_disease,0
2013,Број,Ж,eye_diseases_and_eye_soldering_disease,0
2014,Број,Ж,eye_diseases_and_eye_soldering_disease,0
2015,Број,Ж,eye_diseases_and_eye_soldering_disease,0
2016,Број,Ж,eye_diseases_and_eye_soldering_disease,0
2017,Број,Ж,eye_diseases_and_eye_soldering_disease,0
2018,Број,Ж,eye_diseases_and_eye_soldering_disease,0
2019,Број,Ж,eye_diseases_and_eye_soldering_disease,0
2020,Број,Ж,eye_diseases_and_eye_soldering_disease,0
2003,Број,Ж,diseases_of_ear_and_mastoid_process,0
2004,Број,Ж,diseases_of_ear_and_mastoid_process,0
2005,Број,Ж,diseases_of_ear_and_mastoid_process,0
2006,Број,Ж,diseases_of_ear_and_mastoid_process,0
2007,Број,Ж,diseases_of_ear_and_mastoid_process,0
2008,Број,Ж,diseases_of_ear_and_mastoid_process,0
2009,Број,Ж,diseases_of_ear_and_mastoid_process,0
2010,Број,Ж,diseases_of_ear_and_mastoid_process,0
2011,Број,Ж,diseases_of_ear_and_mastoid_process,0
2012,Број,Ж,diseases_of_ear_and_mastoid_process,0
2013,Број,Ж,diseases_of_ear_and_mastoid_process,0
2014,Број,Ж,diseases_of_ear_and_mastoid_process,0
2015,Број,Ж,diseases_of_ear_and_mastoid_process,0
2016,Број,Ж,diseases_of_ear_and_mastoid_process,0
2017,Број,Ж,diseases_of_ear_and_mastoid_process,0
2018,Број,Ж,diseases_of_ear_and_mastoid_process,0
2019,Број,Ж,diseases_of_ear_and_mastoid_process,0
2020,Број,Ж,diseases_of_ear_and_mastoid_process,0
2003,Број,Ж,diseases_of_the_circulatory_system,3748
2004,Број,Ж,diseases_of_the_circulatory_system,3957
2005,Број,Ж,diseases_of_the_circulatory_system,3677
2006,Број,Ж,diseases_of_the_circulatory_system,3458
2007,Број,Ж,diseases_of_the_circulatory_system,3864
2008,Број,Ж,diseases_of_the_circulatory_system,3756
2009,Број,Ж,diseases_of_the_circulatory_system,3743
2010,Број,Ж,diseases_of_the_circulatory_system,3926
2011,Број,Ж,diseases_of_the_circulatory_system,4009
2012,Број,Ж,diseases_of_the_circulatory_system,4109
2013,Број,Ж,diseases_of_the_circulatory_system,3625
2014,Број,Ж,diseases_of_the_circulatory_system,3635
2015,Број,Ж,diseases_of_the_circulatory_system,3964
2016,Број,Ж,diseases_of_the_circulatory_system,3743
2017,Број,Ж,diseases_of_the_circulatory_system,3960
2018,Број,Ж,diseases_of_the_circulatory_system,3905
2019,Број,Ж,diseases_of_the_circulatory_system,4033
2020,Број,Ж,diseases_of_the_circulatory_system,4150
2003,Број,Ж,diseases_of_the_respiratory_system,120
2004,Број,Ж,diseases_of_the_respiratory_system,134
2005,Број,Ж,diseases_of_the_respiratory_system,220
2006,Број,Ж,diseases_of_the_respiratory_system,228
2007,Број,Ж,diseases_of_the_respiratory_system,211
2008,Број,Ж,diseases_of_the_respiratory_system,173
2009,Број,Ж,diseases_of_the_respiratory_system,176
2010,Број,Ж,diseases_of_the_respiratory_system,173
2011,Број,Ж,diseases_of_the_respiratory_system,233
2012,Број,Ж,diseases_of_the_respiratory_system,161
2013,Број,Ж,diseases_of_the_respiratory_system,222
2014,Број,Ж,diseases_of_the_respiratory_system,209
2015,Број,Ж,diseases_of_the_respiratory_system,248
2016,Број,Ж,diseases_of_the_respiratory_system,204
2017,Број,Ж,diseases_of_the_respiratory_system,243
2018,Број,Ж,diseases_of_the_respiratory_system,282
2019,Број,Ж,diseases_of_the_respiratory_system,258
2020,Број,Ж,diseases_of_the_respiratory_system,254
2003,Број,Ж,diseases_of_the_digestive_system,136
2004,Број,Ж,diseases_of_the_digestive_system,141
2005,Број,Ж,diseases_of_the_digestive_system,124
2006,Број,Ж,diseases_of_the_digestive_system,146
2007,Број,Ж,diseases_of_the_digestive_system,147
2008,Број,Ж,diseases_of_the_digestive_system,131
2009,Број,Ж,diseases_of_the_digestive_system,148
2010,Број,Ж,diseases_of_the_digestive_system,156
2011,Број,Ж,diseases_of_the_digestive_system,136
2012,Број,Ж,diseases_of_the_digestive_system,145
2013,Број,Ж,diseases_of_the_digestive_system,183
2014,Број,Ж,diseases_of_the_digestive_system,188
2015,Број,Ж,diseases_of_the_digestive_system,191
2016,Број,Ж,diseases_of_the_digestive_system,185
2017,Број,Ж,diseases_of_the_digestive_system,184
2018,Број,Ж,diseases_of_the_digestive_system,191
2019,Број,Ж,diseases_of_the_digestive_system,180
2020,Број,Ж,diseases_of_the_digestive_system,169
2003,Број,Ж,skin_and_subcutaneous_tissue_disorders,0
2004,Број,Ж,skin_and_subcutaneous_tissue_disorders,3
2005,Број,Ж,skin_and_subcutaneous_tissue_disorders,0
2006,Број,Ж,skin_and_subcutaneous_tissue_disorders,1
2007,Број,Ж,skin_and_subcutaneous_tissue_disorders,2
2008,Број,Ж,skin_and_subcutaneous_tissue_disorders,2
2009,Број,Ж,skin_and_subcutaneous_tissue_disorders,2
2010,Број,Ж,skin_and_subcutaneous_tissue_disorders,2
2011,Број,Ж,skin_and_subcutaneous_tissue_disorders,1
2012,Број,Ж,skin_and_subcutaneous_tissue_disorders,1
2013,Број,Ж,skin_and_subcutaneous_tissue_disorders,11
2014,Број,Ж,skin_and_subcutaneous_tissue_disorders,9
2015,Број,Ж,skin_and_subcutaneous_tissue_disorders,15
2016,Број,Ж,skin_and_subcutaneous_tissue_disorders,14
2017,Број,Ж,skin_and_subcutaneous_tissue_disorders,19
2018,Број,Ж,skin_and_subcutaneous_tissue_disorders,10
2019,Број,Ж,skin_and_subcutaneous_tissue_disorders,16
2020,Број,Ж,skin_and_subcutaneous_tissue_disorders,17
2003,Број,Ж,diseases_of_the_musculoskeletal_system_and_connective_tissue,3
2004,Број,Ж,diseases_of_the_musculoskeletal_system_and_connective_tissue,2
2005,Број,Ж,diseases_of_the_musculoskeletal_system_and_connective_tissue,7
2006,Број,Ж,diseases_of_the_musculoskeletal_system_and_connective_tissue,9
2007,Број,Ж,diseases_of_the_musculoskeletal_system_and_connective_tissue,9
2008,Број,Ж,diseases_of_the_musculoskeletal_system_and_connective_tissue,14
2009,Број,Ж,diseases_of_the_musculoskeletal_system_and_connective_tissue,11
2010,Број,Ж,diseases_of_the_musculoskeletal_system_and_connective_tissue,8
2011,Број,Ж,diseases_of_the_musculoskeletal_system_and_connective_tissue,14
2012,Број,Ж,diseases_of_the_musculoskeletal_system_and_connective_tissue,12
2013,Број,Ж,diseases_of_the_musculoskeletal_system_and_connective_tissue,19
2014,Број,Ж,diseases_of_the_musculoskeletal_system_and_connective_tissue,14
2015,Број,Ж,diseases_of_the_musculoskeletal_system_and_connective_tissue,18
2016,Број,Ж,diseases_of_the_musculoskeletal_system_and_connective_tissue,13
2017,Број,Ж,diseases_of_the_musculoskeletal_system_and_connective_tissue,9
2018,Број,Ж,diseases_of_the_musculoskeletal_system_and_connective_tissue,17
2019,Број,Ж,diseases_of_the_musculoskeletal_system_and_connective_tissue,9
2020,Број,Ж,diseases_of_the_musculoskeletal_system_and_connective_tissue,21
2003,Број,Ж,diseases_of_the_genitourinary_system,99
2004,Број,Ж,diseases_of_the_genitourinary_system,92
2005,Број,Ж,diseases_of_the_genitourinary_system,97
2006,Број,Ж,diseases_of_the_genitourinary_system,114
2007,Број,Ж,diseases_of_the_genitourinary_system,112
2008,Број,Ж,diseases_of_the_genitourinary_system,113
2009,Број,Ж,diseases_of_the_genitourinary_system,118
2010,Број,Ж,diseases_of_the_genitourinary_system,115
2011,Број,Ж,diseases_of_the_genitourinary_system,74
2012,Број,Ж,diseases_of_the_genitourinary_system,120
2013,Број,Ж,diseases_of_the_genitourinary_system,92
2014,Број,Ж,diseases_of_the_genitourinary_system,77
2015,Број,Ж,diseases_of_the_genitourinary_system,86
2016,Број,Ж,diseases_of_the_genitourinary_system,101
2017,Број,Ж,diseases_of_the_genitourinary_system,97
2018,Број,Ж,diseases_of_the_genitourinary_system,103
2019,Број,Ж,diseases_of_the_genitourinary_system,91
2020,Број,Ж,diseases_of_the_genitourinary_system,108
2003,Број,Ж,pregnancy_childbirth_and_puerperium,1
2004,Број,Ж,pregnancy_childbirth_and_puerperium,0
2005,Број,Ж,pregnancy_childbirth_and_puerperium,2
2006,Број,Ж,pregnancy_childbirth_and_puerperium,2
2007,Број,Ж,pregnancy_childbirth_and_puerperium,1
2008,Број,Ж,pregnancy_childbirth_and_puerperium,1
2009,Број,Ж,pregnancy_childbirth_and_puerperium,0
2010,Број,Ж,pregnancy_childbirth_and_puerperium,1
2011,Број,Ж,pregnancy_childbirth_and_puerperium,1
2012,Број,Ж,pregnancy_childbirth_and_puerperium,0
2013,Број,Ж,pregnancy_childbirth_and_puerperium,0
2014,Број,Ж,pregnancy_childbirth_and_puerperium,0
2015,Број,Ж,pregnancy_childbirth_and_puerperium,1
2016,Број,Ж,pregnancy_childbirth_and_puerperium,1
2017,Број,Ж,pregnancy_childbirth_and_puerperium,0
2018,Број,Ж,pregnancy_childbirth_and_puerperium,1
2019,Број,Ж,pregnancy_childbirth_and_puerperium,0
2020,Број,Ж,pregnancy_childbirth_and_puerperium,3
2003,Број,Ж,certain_conditions_occurred_in_the_perinatal_period,21
2004,Број,Ж,certain_conditions_occurred_in_the_perinatal_period,10
2005,Број,Ж,certain_conditions_occurred_in_the_perinatal_period,10
2006,Број,Ж,certain_conditions_occurred_in_the_perinatal_period,12
2007,Број,Ж,certain_conditions_occurred_in_the_perinatal_period,12
2008,Број,Ж,certain_conditions_occurred_in_the_perinatal_period,8
2009,Број,Ж,certain_conditions_occurred_in_the_perinatal_period,12
2010,Број,Ж,certain_conditions_occurred_in_the_perinatal_period,16
2011,Број,Ж,certain_conditions_occurred_in_the_perinatal_period,16
2012,Број,Ж,certain_conditions_occurred_in_the_perinatal_period,11
2013,Број,Ж,certain_conditions_occurred_in_the_perinatal_period,8
2014,Број,Ж,certain_conditions_occurred_in_the_perinatal_period,9
2015,Број,Ж,certain_conditions_occurred_in_the_perinatal_period,8
2016,Број,Ж,certain_conditions_occurred_in_the_perinatal_period,5
2017,Број,Ж,certain_conditions_occurred_in_the_perinatal_period,10
2018,Број,Ж,certain_conditions_occurred_in_the_perinatal_period,7
2019,Број,Ж,certain_conditions_occurred_in_the_perinatal_period,5
2020,Број,Ж,certain_conditions_occurred_in_the_perinatal_period,18
2003,Број,Ж,congenital_anomalies_deformities_and_chromosomal_abnormalities,3
2004,Број,Ж,congenital_anomalies_deformities_and_chromosomal_abnormalities,1
2005,Број,Ж,congenital_anomalies_deformities_and_chromosomal_abnormalities,8
2006,Број,Ж,congenital_anomalies_deformities_and_chromosomal_abnormalities,7
2007,Број,Ж,congenital_anomalies_deformities_and_chromosomal_abnormalities,6
2008,Број,Ж,congenital_anomalies_deformities_and_chromosomal_abnormalities,10
2009,Број,Ж,congenital_anomalies_deformities_and_chromosomal_abnormalities,13
2010,Број,Ж,congenital_anomalies_deformities_and_chromosomal_abnormalities,7
2011,Број,Ж,congenital_anomalies_deformities_and_chromosomal_abnormalities,2
2012,Број,Ж,congenital_anomalies_deformities_and_chromosomal_abnormalities,1
2013,Број,Ж,congenital_anomalies_deformities_and_chromosomal_abnormalities,3
2014,Број,Ж,congenital_anomalies_deformities_and_chromosomal_abnormalities,7
2015,Број,Ж,congenital_anomalies_deformities_and_chromosomal_abnormalities,4
2016,Број,Ж,congenital_anomalies_deformities_and_chromosomal_abnormalities,2
2017,Број,Ж,congenital_anomalies_deformities_and_chromosomal_abnormalities,1
2018,Број,Ж,congenital_anomalies_deformities_and_chromosomal_abnormalities,3
2019,Број,Ж,congenital_anomalies_deformities_and_chromosomal_abnormalities,4
2020,Број,Ж,congenital_anomalies_deformities_and_chromosomal_abnormalities,3
2003,Број,Ж,symptoms_signs_and_abnormal_clinical_and_laboratory_findings,791
2004,Број,Ж,symptoms_signs_and_abnormal_clinical_and_laboratory_findings,736
2005,Број,Ж,symptoms_signs_and_abnormal_clinical_and_laboratory_findings,590
2006,Број,Ж,symptoms_signs_and_abnormal_clinical_and_laboratory_findings,573
2007,Број,Ж,symptoms_signs_and_abnormal_clinical_and_laboratory_findings,650
2008,Број,Ж,symptoms_signs_and_abnormal_clinical_and_laboratory_findings,449
2009,Број,Ж,symptoms_signs_and_abnormal_clinical_and_laboratory_findings,468
2010,Број,Ж,symptoms_signs_and_abnormal_clinical_and_laboratory_findings,431
2011,Број,Ж,symptoms_signs_and_abnormal_clinical_and_laboratory_findings,379
2012,Број,Ж,symptoms_signs_and_abnormal_clinical_and_laboratory_findings,335
2013,Број,Ж,symptoms_signs_and_abnormal_clinical_and_laboratory_findings,588
2014,Број,Ж,symptoms_signs_and_abnormal_clinical_and_laboratory_findings,727
2015,Број,Ж,symptoms_signs_and_abnormal_clinical_and_laboratory_findings,776
2016,Број,Ж,symptoms_signs_and_abnormal_clinical_and_laboratory_findings,600
2017,Број,Ж,symptoms_signs_and_abnormal_clinical_and_laboratory_findings,715
2018,Број,Ж,symptoms_signs_and_abnormal_clinical_and_laboratory_findings,806
2019,Број,Ж,symptoms_signs_and_abnormal_clinical_and_laboratory_findings,913
2020,Број,Ж,symptoms_signs_and_abnormal_clinical_and_laboratory_findings,765
2003,Број,Ж,injuries_poisonings_and_consequences_of_external_factors,136
2004,Број,Ж,injuries_poisonings_and_consequences_of_external_factors,141
2005,Број,Ж,injuries_poisonings_and_consequences_of_external_factors,155
2006,Број,Ж,injuries_poisonings_and_consequences_of_external_factors,149
2007,Број,Ж,injuries_poisonings_and_consequences_of_external_factors,146
2008,Број,Ж,injuries_poisonings_and_consequences_of_external_factors,133
2009,Број,Ж,injuries_poisonings_and_consequences_of_external_factors,157
2010,Број,Ж,injuries_poisonings_and_consequences_of_external_factors,106
2011,Број,Ж,injuries_poisonings_and_consequences_of_external_factors,118
2012,Број,Ж,injuries_poisonings_and_consequences_of_external_factors,118
2013,Број,Ж,injuries_poisonings_and_consequences_of_external_factors,127
2014,Број,Ж,injuries_poisonings_and_consequences_of_external_factors,120
2015,Број,Ж,injuries_poisonings_and_consequences_of_external_factors,142
2016,Број,Ж,injuries_poisonings_and_consequences_of_external_factors,118
2017,Број,Ж,injuries_poisonings_and_consequences_of_external_factors,125
2018,Број,Ж,injuries_poisonings_and_consequences_of_external_factors,112
2019,Број,Ж,injuries_poisonings_and_consequences_of_external_factors,90
2020,Број,Ж,injuries_poisonings_and_consequences_of_external_factors,101
2003,Број,Ж,special_purpose_codes,0
2004,Број,Ж,special_purpose_codes,0
2005,Број,Ж,special_purpose_codes,0
2006,Број,Ж,special_purpose_codes,0
2007,Број,Ж,special_purpose_codes,0
2008,Број,Ж,special_purpose_codes,0
2009,Број,Ж,special_purpose_codes,0
2010,Број,Ж,special_purpose_codes,0
2011,Број,Ж,special_purpose_codes,0
2012,Број,Ж,special_purpose_codes,0
2013,Број,Ж,special_purpose_codes,0
2014,Број,Ж,special_purpose_codes,0
2015,Број,Ж,special_purpose_codes,0
2016,Број,Ж,special_purpose_codes,0
2017,Број,Ж,special_purpose_codes,0
2018,Број,Ж,special_purpose_codes,0
2019,Број,Ж,special_purpose_codes,0
2020,Број,Ж,special_purpose_codes,562
