Year,Пол,Административно подручје,UNIT_MEASURE,Value
1998,Оба пола,BiH,Старосна доб,66.1
1999,Оба пола,BiH,Старосна доб,66.6
2000,Оба пола,BiH,Старосна доб,66.8
2001,Оба пола,BiH,Старосна доб,67.2
2002,Оба пола,BiH,Старосна доб,67.8
2003,Оба пола,BiH,Старосна доб,68.4
2004,Оба пола,BiH,Старосна доб,68.9
2005,Оба пола,BiH,Старосна доб,69.3
2006,Оба пола,BiH,Старосна доб,69.4
2007,Оба пола,BiH,Старосна доб,69.6
2008,Оба пола,BiH,Старосна доб,70.2
2009,Оба пола,BiH,Старосна доб,70.8
2010,Оба пола,BiH,Старосна доб,71.6
2011,Оба пола,BiH,Старосна доб,72.1
2012,Оба пола,BiH,Старосна доб,72.5
2013,Оба пола,BiH,Старосна доб,72.7
2014,Оба пола,BiH,Старосна доб,73.0
2015,Оба пола,BiH,Старосна доб,73.4
2016,Оба пола,BiH,Старосна доб,73.4
2017,Оба пола,BiH,Старосна доб,73.9
2018,Оба пола,BiH,Старосна доб,74.1
2019,Оба пола,BiH,Старосна доб,74.1
1961,M,BiH,Старосна доб,31.6
1971,M,BiH,Старосна доб,48.0
1998,M,BiH,Старосна доб,63.3
1999,M,BiH,Старосна доб,64.0
2000,M,BiH,Старосна доб,64.2
2001,M,BiH,Старосна доб,64.6
2002,M,BiH,Старосна доб,65.0
2003,M,BiH,Старосна доб,65.8
2004,M,BiH,Старосна доб,66.3
2005,M,BiH,Старосна доб,66.8
2006,M,BiH,Старосна доб,66.8
2007,M,BiH,Старосна доб,66.9
2008,M,BiH,Старосна доб,67.4
2009,M,BiH,Старосна доб,68.1
2010,M,BiH,Старосна доб,68.9
2011,M,BiH,Старосна доб,69.4
2012,M,BiH,Старосна доб,69.8
2013,M,BiH,Старосна доб,70.0
2014,M,BiH,Старосна доб,70.4
2015,M,BiH,Старосна доб,70.7
2016,M,BiH,Старосна доб,70.7
2017,M,BiH,Старосна доб,71.2
2018,M,BiH,Старосна доб,71.4
2019,M,BiH,Старосна доб,71.5
1961,Ж,BiH,Старосна доб,34.5
1971,Ж,BiH,Старосна доб,51.6
1998,Ж,BiH,Старосна доб,69.2
1999,Ж,BiH,Старосна доб,69.5
2000,Ж,BiH,Старосна доб,69.7
2001,Ж,BiH,Старосна доб,70.2
2002,Ж,BiH,Старосна доб,70.7
2003,Ж,BiH,Старосна доб,71.2
2004,Ж,BiH,Старосна доб,71.7
2005,Ж,BiH,Старосна доб,72.2
2006,Ж,BiH,Старосна доб,72.2
2007,Ж,BiH,Старосна доб,72.5
2008,Ж,BiH,Старосна доб,73.3
2009,Ж,BiH,Старосна доб,73.6
2010,Ж,BiH,Старосна доб,74.5
2011,Ж,BiH,Старосна доб,75.0
2012,Ж,BiH,Старосна доб,75.3
2013,Ж,BiH,Старосна доб,75.5
2014,Ж,BiH,Старосна доб,75.8
2015,Ж,BiH,Старосна доб,76.1
2016,Ж,BiH,Старосна доб,76.2
2017,Ж,BiH,Старосна доб,76.5
2018,Ж,BiH,Старосна доб,76.8
2019,Ж,BiH,Старосна доб,76.9
1997,Оба пола,Федерација БиХ,Старосна доб,64.3
1998,Оба пола,Федерација БиХ,Старосна доб,63.8
1999,Оба пола,Федерација БиХ,Старосна доб,65.7
2000,Оба пола,Федерација БиХ,Старосна доб,66.5
2001,Оба пола,Федерација БиХ,Старосна доб,67.1
2002,Оба пола,Федерација БиХ,Старосна доб,67.3
2003,Оба пола,Федерација БиХ,Старосна доб,68.2
2004,Оба пола,Федерација БиХ,Старосна доб,68.6
2005,Оба пола,Федерација БиХ,Старосна доб,69.1
2006,Оба пола,Федерација БиХ,Старосна доб,69.0
2007,Оба пола,Федерација БиХ,Старосна доб,69.3
2008,Оба пола,Федерација БиХ,Старосна доб,69.5
2009,Оба пола,Федерација БиХ,Старосна доб,70.2
2010,Оба пола,Федерација БиХ,Старосна доб,70.5
2011,Оба пола,Федерација БиХ,Старосна доб,70.8
2012,Оба пола,Федерација БиХ,Старосна доб,71.3
2013,Оба пола,Федерација БиХ,Старосна доб,71.6
2014,Оба пола,Федерација БиХ,Старосна доб,72.0
2015,Оба пола,Федерација БиХ,Старосна доб,72.3
2016,Оба пола,Федерација БиХ,Старосна доб,72.3
2017,Оба пола,Федерација БиХ,Старосна доб,72.5
2018,Оба пола,Федерација БиХ,Старосна доб,73.0
2019,Оба пола,Федерација БиХ,Старосна доб,73.0
1997,M,Федерација БиХ,Старосна доб,61.6
1998,M,Федерација БиХ,Старосна доб,61.3
1999,M,Федерација БиХ,Старосна доб,63.2
2000,M,Федерација БиХ,Старосна доб,64.1
2001,M,Федерација БиХ,Старосна доб,64.5
2002,M,Федерација БиХ,Старосна доб,64.6
2003,M,Федерација БиХ,Старосна доб,65.5
2004,M,Федерација БиХ,Старосна доб,66.0
2005,M,Федерација БиХ,Старосна доб,66.4
2006,M,Федерација БиХ,Старосна доб,66.5
2007,M,Федерација БиХ,Старосна доб,66.8
2008,M,Федерација БиХ,Старосна доб,66.7
2009,M,Федерација БиХ,Старосна доб,67.5
2010,M,Федерација БиХ,Старосна доб,67.7
2011,M,Федерација БиХ,Старосна доб,68.2
2012,M,Федерација БиХ,Старосна доб,68.9
2013,M,Федерација БиХ,Старосна доб,69.0
2014,M,Федерација БиХ,Старосна доб,69.4
2015,M,Федерација БиХ,Старосна доб,69.6
2016,M,Федерација БиХ,Старосна доб,69.7
2017,M,Федерација БиХ,Старосна доб,70.1
2018,M,Федерација БиХ,Старосна доб,70.5
2019,M,Федерација БиХ,Старосна доб,70.5
1997,Ж,Федерација БиХ,Старосна доб,67.5
1998,Ж,Федерација БиХ,Старосна доб,66.8
1999,Ж,Федерација БиХ,Старосна доб,68.5
2000,Ж,Федерација БиХ,Старосна доб,69.3
2001,Ж,Федерација БиХ,Старосна доб,69.9
2002,Ж,Федерација БиХ,Старосна доб,70.3
2003,Ж,Федерација БиХ,Старосна доб,71.1
2004,Ж,Федерација БиХ,Старосна доб,71.3
2005,Ж,Федерација БиХ,Старосна доб,72.0
2006,Ж,Федерација БиХ,Старосна доб,71.7
2007,Ж,Федерација БиХ,Старосна доб,72.0
2008,Ж,Федерација БиХ,Старосна доб,72.5
2009,Ж,Федерација БиХ,Старосна доб,73.0
2010,Ж,Федерација БиХ,Старосна доб,73.3
2011,Ж,Федерација БиХ,Старосна доб,73.7
2012,Ж,Федерација БиХ,Старосна доб,74.1
2013,Ж,Федерација БиХ,Старосна доб,74.3
2014,Ж,Федерација БиХ,Старосна доб,74.7
2015,Ж,Федерација БиХ,Старосна доб,75.0
2016,Ж,Федерација БиХ,Старосна доб,74.9
2017,Ж,Федерација БиХ,Старосна доб,75.0
2018,Ж,Федерација БиХ,Старосна доб,75.5
2019,Ж,Федерација БиХ,Старосна доб,75.6
2010,Оба пола,Република Српска,Старосна доб,72.1
2011,Оба пола,Република Српска,Старосна доб,72.5
2012,Оба пола,Република Српска,Старосна доб,73.0
2013,Оба пола,Република Српска,Старосна доб,73.0
2014,Оба пола,Република Српска,Старосна доб,73.0
2015,Оба пола,Република Српска,Старосна доб,73.7
2016,Оба пола,Република Српска,Старосна доб,73.8
2017,Оба пола,Република Српска,Старосна доб,74.5
2018,Оба пола,Република Српска,Старосна доб,74.5
2019,Оба пола,Република Српска,Старосна доб,74.5
1998,M,Република Српска,Старосна доб,64.9
2000,M,Република Српска,Старосна доб,65.2
2001,M,Република Српска,Старосна доб,66.5
2002,M,Република Српска,Старосна доб,66.3
2003,M,Република Српска,Старосна доб,67.0
2004,M,Република Српска,Старосна доб,67.0
2005,M,Република Српска,Старосна доб,67.3
2006,M,Република Српска,Старосна доб,67.6
2007,M,Република Српска,Старосна доб,68.2
2008,M,Република Српска,Старосна доб,68.3
2009,M,Република Српска,Старосна доб,68.9
2010,M,Република Српска,Старосна доб,69.4
2011,M,Република Српска,Старосна доб,69.6
2012,M,Република Српска,Старосна доб,70.1
2013,M,Република Српска,Старосна доб,70.1
2014,M,Република Српска,Старосна доб,70.5
2015,M,Република Српска,Старосна доб,71.0
2016,M,Република Српска,Старосна доб,71.0
2017,M,Република Српска,Старосна доб,71.6
2018,M,Република Српска,Старосна доб,71.6
2019,Ж,Република Српска,Старосна доб,71.7
1998,Ж,Република Српска,Старосна доб,70.8
2000,Ж,Република Српска,Старосна доб,71.2
2001,Ж,Република Српска,Старосна доб,71.3
2002,Ж,Република Српска,Старосна доб,72.0
2003,Ж,Република Српска,Старосна доб,72.0
2004,Ж,Република Српска,Старосна доб,72.0
2005,Ж,Република Српска,Старосна доб,72.5
2006,Ж,Република Српска,Старосна доб,73.1
2007,Ж,Република Српска,Старосна доб,74.0
2008,Ж,Република Српска,Старосна доб,74.3
2009,Ж,Република Српска,Старосна доб,74.4
2010,Ж,Република Српска,Старосна доб,74.9
2011,Ж,Република Српска,Старосна доб,75.5
2012,Ж,Република Српска,Старосна доб,76.1
2013,Ж,Република Српска,Старосна доб,76.0
2014,Ж,Република Српска,Старосна доб,76.1
2015,Ж,Република Српска,Старосна доб,76.5
2016,Ж,Република Српска,Старосна доб,76.9
2017,Ж,Република Српска,Старосна доб,77.4
2018,Ж,Република Српска,Старосна доб,77.4
2019,Ж,Република Српска,Старосна доб,77.4
2004,Оба пола,Брчко дистрикт БиХ,Старосна доб,70.6
2005,Оба пола,Брчко дистрикт БиХ,Старосна доб,71.2
2006,Оба пола,Брчко дистрикт БиХ,Старосна доб,71.5
2007,Оба пола,Брчко дистрикт БиХ,Старосна доб,70.3
2008,Оба пола,Брчко дистрикт БиХ,Старосна доб,70.7
2009,Оба пола,Брчко дистрикт БиХ,Старосна доб,71.5
2010,Оба пола,Брчко дистрикт БиХ,Старосна доб,72.1
2011,Оба пола,Брчко дистрикт БиХ,Старосна доб,73.3
2012,Оба пола,Брчко дистрикт БиХ,Старосна доб,70.9
2013,Оба пола,Брчко дистрикт БиХ,Старосна доб,73.2
2014,Оба пола,Брчко дистрикт БиХ,Старосна доб,71.7
2015,Оба пола,Брчко дистрикт БиХ,Старосна доб,76.2
2016,Оба пола,Брчко дистрикт БиХ,Старосна доб,75.3
2017,Оба пола,Брчко дистрикт БиХ,Старосна доб,75.5
2018,Оба пола,Брчко дистрикт БиХ,Старосна доб,75.2
2019,Оба пола,Брчко дистрикт БиХ,Старосна доб,75.8
2004,M,Брчко дистрикт БиХ,Старосна доб,68.1
2005,M,Брчко дистрикт БиХ,Старосна доб,68.4
2006,M,Брчко дистрикт БиХ,Старосна доб,68.5
2007,M,Брчко дистрикт БиХ,Старосна доб,67.7
2008,M,Брчко дистрикт БиХ,Старосна доб,67.1
2009,M,Брчко дистрикт БиХ,Старосна доб,70.6
2010,M,Брчко дистрикт БиХ,Старосна доб,69.8
2011,M,Брчко дистрикт БиХ,Старосна доб,69.9
2012,M,Брчко дистрикт БиХ,Старосна доб,69.1
2013,M,Брчко дистрикт БиХ,Старосна доб,70.8
2014,M,Брчко дистрикт БиХ,Старосна доб,69.1
2015,M,Брчко дистрикт БиХ,Старосна доб,74.8
2016,M,Брчко дистрикт БиХ,Старосна доб,72.9
2017,M,Брчко дистрикт БиХ,Старосна доб,73.5
2018,M,Брчко дистрикт БиХ,Старосна доб,71.1
2019,M,Брчко дистрикт БиХ,Старосна доб,74.0
2004,Ж,Брчко дистрикт БиХ,Старосна доб,73.2
2005,Ж,Брчко дистрикт БиХ,Старосна доб,74.1
2006,Ж,Брчко дистрикт БиХ,Старосна доб,74.8
2007,Ж,Брчко дистрикт БиХ,Старосна доб,73.0
2008,Ж,Брчко дистрикт БиХ,Старосна доб,74.7
2009,Ж,Брчко дистрикт БиХ,Старосна доб,74.3
2010,Ж,Брчко дистрикт БиХ,Старосна доб,75.0
2011,Ж,Брчко дистрикт БиХ,Старосна доб,75.7
2012,Ж,Брчко дистрикт БиХ,Старосна доб,72.6
2013,Ж,Брчко дистрикт БиХ,Старосна доб,75.7
2014,Ж,Брчко дистрикт БиХ,Старосна доб,74.4
2015,Ж,Брчко дистрикт БиХ,Старосна доб,77.7
2016,Ж,Брчко дистрикт БиХ,Старосна доб,78.1
2017,Ж,Брчко дистрикт БиХ,Старосна доб,77.5
2018,Ж,Брчко дистрикт БиХ,Старосна доб,77.3
2019,Ж,Брчко дистрикт БиХ,Старосна доб,77.6
