Year,UNIT_MEASURE,Value
2019,Број на 1.000 становника,8.22
2020,Број на 1.000 становника,8.16
2025,Број на 1.000 становника,7.87
2030,Број на 1.000 становника,7.63
2035,Број на 1.000 становника,7.41
2040,Број на 1.000 становника,7.27
2045,Број на 1.000 становника,7.16
2050,Број на 1.000 становника,7.11
2055,Број на 1.000 становника,7.09
2060,Број на 1.000 становника,7.07
2065,Број на 1.000 становника,7.03
2070,Број на 1.000 становника,7.01
