Year,UNIT_MEASURE,Административно подручје,Пол,Religion,Value
2013,Број,Република Српска,Оба пола,Укупно,1170342
2013,Број,Република Српска,M,Укупно,571812
2013,Број,Република Српска,Ж,Укупно,598530
2013,Број,Град Бања Лука,Оба пола,Укупно,180053
2013,Број,Град Бања Лука,M,Укупно,86510
2013,Број,Град Бања Лука,Ж,Укупно,93543
2013,Број,Берковићи,Оба пола,Укупно,2041
2013,Број,Берковићи,M,Укупно,1032
2013,Број,Берковићи,Ж,Укупно,1009
2013,Број,Град Бијељина,Оба пола,Укупно,103874
2013,Број,Град Бијељина,M,Укупно,50760
2013,Број,Град Бијељина,Ж,Укупно,53114
2013,Број,Билећа,Оба пола,Укупно,10607
2013,Број,Билећа,M,Укупно,5346
2013,Број,Билећа,Ж,Укупно,5261
2013,Број,Братунац,Оба пола,Укупно,18651
2013,Број,Братунац,M,Укупно,9210
2013,Број,Братунац,Ж,Укупно,9441
2013,Број,Брод,Оба пола,Укупно,15720
2013,Број,Брод,M,Укупно,7670
2013,Број,Брод,Ж,Укупно,8050
2013,Број,Вишеград,Оба пола,Укупно,10118
2013,Број,Вишеград,M,Укупно,4834
2013,Број,Вишеград,Ж,Укупно,5284
2013,Број,Власеница,Оба пола,Укупно,10657
2013,Број,Власеница,M,Укупно,5193
2013,Број,Власеница,Ж,Укупно,5464
2013,Број,Вукосавље,Оба пола,Укупно,4363
2013,Број,Вукосавље,M,Укупно,2185
2013,Број,Вукосавље,Ж,Укупно,2178
2013,Број,Гацко,Оба пола,Укупно,8710
2013,Број,Гацко,M,Укупно,4423
2013,Број,Гацко,Ж,Укупно,4287
2013,Број,Град Градишка,Оба пола,Укупно,49196
2013,Број,Град Градишка,M,Укупно,23944
2013,Број,Град Градишка,Ж,Укупно,25252
2013,Број,Град Дервента,Оба пола,Укупно,25922
2013,Број,Град Дервента,M,Укупно,12629
2013,Број,Град Дервента,Ж,Укупно,13293
2013,Број,Град Добој,Оба пола,Укупно,68514
2013,Број,Град Добој,M,Укупно,33222
2013,Број,Град Добој,Ж,Укупно,35292
2013,Број,Доњи Жабар,Оба пола,Укупно,3669
2013,Број,Доњи Жабар,M,Укупно,1853
2013,Број,Доњи Жабар,Ж,Укупно,1816
2013,Број,Град Зворник,Оба пола,Укупно,54407
2013,Број,Град Зворник,M,Укупно,26803
2013,Број,Град Зворник,Ж,Укупно,27604
2013,Број,Источна Илиџа,Оба пола,Укупно,14437
2013,Број,Источна Илиџа,M,Укупно,6905
2013,Број,Источна Илиџа,Ж,Укупно,7532
2013,Број,Источни Дрвар,Оба пола,Укупно,66
2013,Број,Источни Дрвар,M,Укупно,44
2013,Број,Источни Дрвар,Ж,Укупно,22
2013,Број,Источни Мостар,Оба пола,Укупно,244
2013,Број,Источни Мостар,M,Укупно,138
2013,Број,Источни Мостар,Ж,Укупно,106
2013,Број,Источни Стари Град,Оба пола,Укупно,1116
2013,Број,Источни Стари Град,M,Укупно,552
2013,Број,Источни Стари Град,Ж,Укупно,564
2013,Број,Источно Ново Сарајево,Оба пола,Укупно,10401
2013,Број,Источно Ново Сарајево,M,Укупно,4936
2013,Број,Источно Ново Сарајево,Ж,Укупно,5465
2013,Број,Језеро,Оба пола,Укупно,1039
2013,Број,Језеро,M,Укупно,534
2013,Број,Језеро,Ж,Укупно,505
2013,Број,Калиновик,Оба пола,Укупно,1962
2013,Број,Калиновик,M,Укупно,950
2013,Број,Калиновик,Ж,Укупно,1012
2013,Број,Кнежево,Оба пола,Укупно,9368
2013,Број,Кнежево,M,Укупно,4632
2013,Број,Кнежево,Ж,Укупно,4736
2013,Број,Козарска Дубица,Оба пола,Укупно,20681
2013,Број,Козарска Дубица,M,Укупно,10094
2013,Број,Козарска Дубица,Ж,Укупно,10587
2013,Број,Костајница,Оба пола,Укупно,5645
2013,Број,Костајница,M,Укупно,2780
2013,Број,Костајница,Ж,Укупно,2865
2013,Број,Котор Варош,Оба пола,Укупно,18361
2013,Број,Котор Варош,M,Укупно,9007
2013,Број,Котор Варош,Ж,Укупно,9354
2013,Број,Крупа на Уни,Оба пола,Укупно,1560
2013,Број,Крупа на Уни,M,Укупно,841
2013,Број,Крупа на Уни,Ж,Укупно,719
2013,Број,Купрес,Оба пола,Укупно,293
2013,Број,Купрес,M,Укупно,157
2013,Број,Купрес,Ж,Укупно,136
2013,Број,Лакташи,Оба пола,Укупно,34210
2013,Број,Лакташи,M,Укупно,16905
2013,Број,Лакташи,Ж,Укупно,17305
2013,Број,Лопаре,Оба пола,Укупно,14689
2013,Број,Лопаре,M,Укупно,7377
2013,Број,Лопаре,Ж,Укупно,7312
2013,Број,Љубиње,Оба пола,Укупно,3319
2013,Број,Љубиње,M,Укупно,1633
2013,Број,Љубиње,Ж,Укупно,1686
2013,Број,Милићи,Оба пола,Укупно,10445
2013,Број,Милићи,M,Укупно,5252
2013,Број,Милићи,Ж,Укупно,5193
2013,Број,Модрича,Оба пола,Укупно,24490
2013,Број,Модрича,M,Укупно,11969
2013,Број,Модрича,Ж,Укупно,12521
2013,Број,Мркоњић Град,Оба пола,Укупно,15926
2013,Број,Мркоњић Град,M,Укупно,7660
2013,Број,Мркоњић Град,Ж,Укупно,8266
2013,Број,Невесиње,Оба пола,Укупно,12542
2013,Број,Невесиње,M,Укупно,6236
2013,Број,Невесиње,Ж,Укупно,6306
2013,Број,Нови Град,Оба пола,Укупно,25240
2013,Број,Нови Град,M,Укупно,12580
2013,Број,Нови Град,Ж,Укупно,12660
2013,Број,Ново Горажде,Оба пола,Укупно,2915
2013,Број,Ново Горажде,M,Укупно,1500
2013,Број,Ново Горажде,Ж,Укупно,1415
2013,Број,Осмаци,Оба пола,Укупно,5546
2013,Број,Осмаци,M,Укупно,2779
2013,Број,Осмаци,Ж,Укупно,2767
2013,Број,Оштра Лука,Оба пола,Укупно,2705
2013,Број,Оштра Лука,M,Укупно,1386
2013,Број,Оштра Лука,Ж,Укупно,1319
2013,Број,Пале,Оба пола,Укупно,20359
2013,Број,Пале,M,Укупно,9744
2013,Број,Пале,Ж,Укупно,10615
2013,Број,Пелагићево,Оба пола,Укупно,4358
2013,Број,Пелагићево,M,Укупно,2151
2013,Број,Пелагићево,Ж,Укупно,2207
2013,Број,Петровац,Оба пола,Укупно,354
2013,Број,Петровац,M,Укупно,169
2013,Број,Петровац,Ж,Укупно,185
2013,Број,Петрово,Оба пола,Укупно,6317
2013,Број,Петрово,M,Укупно,3043
2013,Број,Петрово,Ж,Укупно,3274
2013,Број,Град Приједор,Оба пола,Укупно,80916
2013,Број,Град Приједор,M,Укупно,39418
2013,Број,Град Приједор,Ж,Укупно,41498
2013,Број,Прњавор,Оба пола,Укупно,34357
2013,Број,Прњавор,M,Укупно,16675
2013,Број,Прњавор,Ж,Укупно,17682
2013,Број,Рибник,Оба пола,Укупно,5851
2013,Број,Рибник,M,Укупно,2900
2013,Број,Рибник,Ж,Укупно,2951
2013,Број,Рогатица,Оба пола,Укупно,10302
2013,Број,Рогатица,M,Укупно,5053
2013,Број,Рогатица,Ж,Укупно,5249
2013,Број,Рудо,Оба пола,Укупно,7578
2013,Број,Рудо,M,Укупно,3840
2013,Број,Рудо,Ж,Укупно,3738
2013,Број,Соколац,Оба пола,Укупно,11620
2013,Број,Соколац,M,Укупно,5723
2013,Број,Соколац,Ж,Укупно,5897
2013,Број,Србац,Оба пола,Укупно,16933
2013,Број,Србац,M,Укупно,8295
2013,Број,Србац,Ж,Укупно,8638
2013,Број,Сребреница,Оба пола,Укупно,11698
2013,Број,Сребреница,M,Укупно,5714
2013,Број,Сребреница,Ж,Укупно,5984
2013,Број,Теслић,Оба пола,Укупно,37236
2013,Број,Теслић,M,Укупно,17894
2013,Број,Теслић,Ж,Укупно,19342
2013,Број,Град Требиње,Оба пола,Укупно,28239
2013,Број,Град Требиње,M,Укупно,13760
2013,Број,Град Требиње,Ж,Укупно,14479
2013,Број,Трново,Оба пола,Укупно,1983
2013,Број,Трново,M,Укупно,953
2013,Број,Трново,Ж,Укупно,1030
2013,Број,Угљевик,Оба пола,Укупно,15118
2013,Број,Угљевик,M,Укупно,7626
2013,Број,Угљевик,Ж,Укупно,7492
2013,Број,Фоча,Оба пола,Укупно,17580
2013,Број,Фоча,M,Укупно,8880
2013,Број,Фоча,Ж,Укупно,8700
2013,Број,Хан Пијесак,Оба пола,Укупно,3445
2013,Број,Хан Пијесак,M,Укупно,1632
2013,Број,Хан Пијесак,Ж,Укупно,1813
2013,Број,Чајниче,Оба пола,Укупно,4679
2013,Број,Чајниче,M,Укупно,2347
2013,Број,Чајниче,Ж,Укупно,2332
2013,Број,Челинац,Оба пола,Укупно,15117
2013,Број,Челинац,M,Укупно,7477
2013,Број,Челинац,Ж,Укупно,7640
2013,Број,Шамац,Оба пола,Укупно,16308
2013,Број,Шамац,M,Укупно,7908
2013,Број,Шамац,Ж,Укупно,8400
2013,Број,Шековићи,Оба пола,Укупно,6323
2013,Број,Шековићи,M,Укупно,3103
2013,Број,Шековићи,Ж,Укупно,3220
2013,Број,Шипово,Оба пола,Укупно,9969
2013,Број,Шипово,M,Укупно,5046
2013,Број,Шипово,Ж,Укупно,4923
2013,Број,Република Српска,Оба пола,islam,149435
2013,Број,Република Српска,M,islam,72605
2013,Број,Република Српска,Ж,islam,76830
2013,Број,Град Бања Лука,Оба пола,islam,6693
2013,Број,Град Бања Лука,M,islam,3053
2013,Број,Град Бања Лука,Ж,islam,3640
2013,Број,Берковићи,Оба пола,islam,155
2013,Број,Берковићи,M,islam,87
2013,Број,Берковићи,Ж,islam,68
2013,Број,Град Бијељина,Оба пола,islam,12055
2013,Број,Град Бијељина,M,islam,5902
2013,Број,Град Бијељина,Ж,islam,6153
2013,Број,Билећа,Оба пола,islam,23
2013,Број,Билећа,M,islam,14
2013,Број,Билећа,Ж,islam,9
2013,Број,Братунац,Оба пола,islam,6591
2013,Број,Братунац,M,islam,3220
2013,Број,Братунац,Ж,islam,3371
2013,Број,Брод,Оба пола,islam,1311
2013,Број,Брод,M,islam,646
2013,Број,Брод,Ж,islam,665
2013,Број,Вишеград,Оба пола,islam,876
2013,Број,Вишеград,M,islam,443
2013,Број,Вишеград,Ж,islam,433
2013,Број,Власеница,Оба пола,islam,3354
2013,Број,Власеница,M,islam,1645
2013,Број,Власеница,Ж,islam,1709
2013,Број,Вукосавље,Оба пола,islam,2154
2013,Број,Вукосавље,M,islam,1105
2013,Број,Вукосавље,Ж,islam,1049
2013,Број,Гацко,Оба пола,islam,330
2013,Број,Гацко,M,islam,178
2013,Број,Гацко,Ж,islam,152
2013,Број,Град Градишка,Оба пола,islam,6619
2013,Број,Град Градишка,M,islam,3214
2013,Број,Град Градишка,Ж,islam,3405
2013,Број,Град Дервента,Оба пола,islam,1709
2013,Број,Град Дервента,M,islam,820
2013,Број,Град Дервента,Ж,islam,889
2013,Број,Град Добој,Оба пола,islam,14342
2013,Број,Град Добој,M,islam,6861
2013,Број,Град Добој,Ж,islam,7481
2013,Број,Доњи Жабар,Оба пола,islam,4
2013,Број,Доњи Жабар,M,islam,0
2013,Број,Доњи Жабар,Ж,islam,4
2013,Број,Град Зворник,Оба пола,islam,16791
2013,Број,Град Зворник,M,islam,8218
2013,Број,Град Зворник,Ж,islam,8573
2013,Број,Источна Илиџа,Оба пола,islam,630
2013,Број,Источна Илиџа,M,islam,291
2013,Број,Источна Илиџа,Ж,islam,339
2013,Број,Источни Дрвар,Оба пола,islam,0
2013,Број,Источни Дрвар,M,islam,0
2013,Број,Источни Дрвар,Ж,islam,0
2013,Број,Источни Мостар,Оба пола,islam,77
2013,Број,Источни Мостар,M,islam,44
2013,Број,Источни Мостар,Ж,islam,33
2013,Број,Источни Стари Град,Оба пола,islam,38
2013,Број,Источни Стари Град,M,islam,23
2013,Број,Источни Стари Град,Ж,islam,15
2013,Број,Источно Ново Сарајево,Оба пола,islam,121
2013,Број,Источно Ново Сарајево,M,islam,52
2013,Број,Источно Ново Сарајево,Ж,islam,69
2013,Број,Језеро,Оба пола,islam,250
2013,Број,Језеро,M,islam,117
2013,Број,Језеро,Ж,islam,133
2013,Број,Калиновик,Оба пола,islam,42
2013,Број,Калиновик,M,islam,19
2013,Број,Калиновик,Ж,islam,23
2013,Број,Кнежево,Оба пола,islam,403
2013,Број,Кнежево,M,islam,182
2013,Број,Кнежево,Ж,islam,221
2013,Број,Козарска Дубица,Оба пола,islam,1902
2013,Број,Козарска Дубица,M,islam,915
2013,Број,Козарска Дубица,Ж,islam,987
2013,Број,Костајница,Оба пола,islam,1271
2013,Број,Костајница,M,islam,623
2013,Број,Костајница,Ж,islam,648
2013,Број,Котор Варош,Оба пола,islam,4498
2013,Број,Котор Варош,M,islam,2159
2013,Број,Котор Варош,Ж,islam,2339
2013,Број,Крупа на Уни,Оба пола,islam,3
2013,Број,Крупа на Уни,M,islam,1
2013,Број,Крупа на Уни,Ж,islam,2
2013,Број,Купрес,Оба пола,islam,0
2013,Број,Купрес,M,islam,0
2013,Број,Купрес,Ж,islam,0
2013,Број,Лакташи,Оба пола,islam,110
2013,Број,Лакташи,M,islam,49
2013,Број,Лакташи,Ж,islam,61
2013,Број,Лопаре,Оба пола,islam,1315
2013,Број,Лопаре,M,islam,648
2013,Број,Лопаре,Ж,islam,667
2013,Број,Љубиње,Оба пола,islam,12
2013,Број,Љубиње,M,islam,6
2013,Број,Љубиње,Ж,islam,6
2013,Број,Милићи,Оба пола,islam,3538
2013,Број,Милићи,M,islam,1750
2013,Број,Милићи,Ж,islam,1788
2013,Број,Модрича,Оба пола,islam,3032
2013,Број,Модрича,M,islam,1445
2013,Број,Модрича,Ж,islam,1587
2013,Број,Мркоњић Град,Оба пола,islam,351
2013,Број,Мркоњић Град,M,islam,170
2013,Број,Мркоњић Град,Ж,islam,181
2013,Број,Невесиње,Оба пола,islam,508
2013,Број,Невесиње,M,islam,260
2013,Број,Невесиње,Ж,islam,248
2013,Број,Нови Град,Оба пола,islam,5261
2013,Број,Нови Град,M,islam,2635
2013,Број,Нови Град,Ж,islam,2626
2013,Број,Ново Горажде,Оба пола,islam,1319
2013,Број,Ново Горажде,M,islam,662
2013,Број,Ново Горажде,Ж,islam,657
2013,Број,Осмаци,Оба пола,islam,2647
2013,Број,Осмаци,M,islam,1303
2013,Број,Осмаци,Ж,islam,1344
2013,Број,Оштра Лука,Оба пола,islam,26
2013,Број,Оштра Лука,M,islam,8
2013,Број,Оштра Лука,Ж,islam,18
2013,Број,Пале,Оба пола,islam,160
2013,Број,Пале,M,islam,83
2013,Број,Пале,Ж,islam,77
2013,Број,Пелагићево,Оба пола,islam,13
2013,Број,Пелагићево,M,islam,3
2013,Број,Пелагићево,Ж,islam,10
2013,Број,Петровац,Оба пола,islam,0
2013,Број,Петровац,M,islam,0
2013,Број,Петровац,Ж,islam,0
2013,Број,Петрово,Оба пола,islam,7
2013,Број,Петрово,M,islam,2
2013,Број,Петрово,Ж,islam,5
2013,Број,Град Приједор,Оба пола,islam,22271
2013,Број,Град Приједор,M,islam,10662
2013,Број,Град Приједор,Ж,islam,11609
2013,Број,Прњавор,Оба пола,islam,2776
2013,Број,Прњавор,M,islam,1337
2013,Број,Прњавор,Ж,islam,1439
2013,Број,Рибник,Оба пола,islam,0
2013,Број,Рибник,M,islam,0
2013,Број,Рибник,Ж,islam,0
2013,Број,Рогатица,Оба пола,islam,1006
2013,Број,Рогатица,M,islam,517
2013,Број,Рогатица,Ж,islam,489
2013,Број,Рудо,Оба пола,islam,588
2013,Број,Рудо,M,islam,306
2013,Број,Рудо,Ж,islam,282
2013,Број,Соколац,Оба пола,islam,620
2013,Број,Соколац,M,islam,325
2013,Број,Соколац,Ж,islam,295
2013,Број,Србац,Оба пола,islam,399
2013,Број,Србац,M,islam,184
2013,Број,Србац,Ж,islam,215
2013,Број,Сребреница,Оба пола,islam,6134
2013,Број,Сребреница,M,islam,2916
2013,Број,Сребреница,Ж,islam,3218
2013,Број,Теслић,Оба пола,islam,6932
2013,Број,Теслић,M,islam,3410
2013,Број,Теслић,Ж,islam,3522
2013,Број,Град Требиње,Оба пола,islam,848
2013,Број,Град Требиње,M,islam,415
2013,Број,Град Требиње,Ж,islam,433
2013,Број,Трново,Оба пола,islam,802
2013,Број,Трново,M,islam,395
2013,Број,Трново,Ж,islam,407
2013,Број,Угљевик,Оба пола,islam,2002
2013,Број,Угљевик,M,islam,977
2013,Број,Угљевик,Ж,islam,1025
2013,Број,Фоча,Оба пола,islam,1173
2013,Број,Фоча,M,islam,630
2013,Број,Фоча,Ж,islam,543
2013,Број,Хан Пијесак,Оба пола,islam,435
2013,Број,Хан Пијесак,M,islam,212
2013,Број,Хан Пијесак,Ж,islam,223
2013,Број,Чајниче,Оба пола,islam,836
2013,Број,Чајниче,M,islam,440
2013,Број,Чајниче,Ж,islam,396
2013,Број,Челинац,Оба пола,islam,406
2013,Број,Челинац,M,islam,203
2013,Број,Челинац,Ж,islam,203
2013,Број,Шамац,Оба пола,islam,976
2013,Број,Шамац,M,islam,471
2013,Број,Шамац,Ж,islam,505
2013,Број,Шековићи,Оба пола,islam,107
2013,Број,Шековићи,M,islam,54
2013,Број,Шековићи,Ж,islam,53
2013,Број,Шипово,Оба пола,islam,583
2013,Број,Шипово,M,islam,295
2013,Број,Шипово,Ж,islam,288
2013,Број,Република Српска,Оба пола,catholic,25763
2013,Број,Република Српска,M,catholic,10431
2013,Број,Република Српска,Ж,catholic,15332
2013,Број,Град Бања Лука,Оба пола,catholic,4637
2013,Број,Град Бања Лука,M,catholic,1585
2013,Број,Град Бања Лука,Ж,catholic,3052
2013,Број,Берковићи,Оба пола,catholic,6
2013,Број,Берковићи,M,catholic,1
2013,Број,Берковићи,Ж,catholic,5
2013,Број,Град Бијељина,Оба пола,catholic,508
2013,Број,Град Бијељина,M,catholic,103
2013,Број,Град Бијељина,Ж,catholic,405
2013,Број,Билећа,Оба пола,catholic,18
2013,Број,Билећа,M,catholic,2
2013,Број,Билећа,Ж,catholic,16
2013,Број,Братунац,Оба пола,catholic,26
2013,Број,Братунац,M,catholic,3
2013,Број,Братунац,Ж,catholic,23
2013,Број,Брод,Оба пола,catholic,2925
2013,Број,Брод,M,catholic,1360
2013,Број,Брод,Ж,catholic,1565
2013,Број,Вишеград,Оба пола,catholic,33
2013,Број,Вишеград,M,catholic,6
2013,Број,Вишеград,Ж,catholic,27
2013,Број,Власеница,Оба пола,catholic,22
2013,Број,Власеница,M,catholic,4
2013,Број,Власеница,Ж,catholic,18
2013,Број,Вукосавље,Оба пола,catholic,680
2013,Број,Вукосавље,M,catholic,325
2013,Број,Вукосавље,Ж,catholic,355
2013,Број,Гацко,Оба пола,catholic,10
2013,Број,Гацко,M,catholic,4
2013,Број,Гацко,Ж,catholic,6
2013,Број,Град Градишка,Оба пола,catholic,865
2013,Број,Град Градишка,M,catholic,303
2013,Број,Град Градишка,Ж,catholic,562
2013,Број,Град Дервента,Оба пола,catholic,2109
2013,Број,Град Дервента,M,catholic,999
2013,Број,Град Дервента,Ж,catholic,1110
2013,Број,Град Добој,Оба пола,catholic,1448
2013,Број,Град Добој,M,catholic,532
2013,Број,Град Добој,Ж,catholic,916
2013,Број,Доњи Жабар,Оба пола,catholic,977
2013,Број,Доњи Жабар,M,catholic,490
2013,Број,Доњи Жабар,Ж,catholic,487
2013,Број,Град Зворник,Оба пола,catholic,83
2013,Број,Град Зворник,M,catholic,6
2013,Број,Град Зворник,Ж,catholic,77
2013,Број,Источна Илиџа,Оба пола,catholic,142
2013,Број,Источна Илиџа,M,catholic,36
2013,Број,Источна Илиџа,Ж,catholic,106
2013,Број,Источни Дрвар,Оба пола,catholic,1
2013,Број,Источни Дрвар,M,catholic,0
2013,Број,Источни Дрвар,Ж,catholic,1
2013,Број,Источни Мостар,Оба пола,catholic,11
2013,Број,Источни Мостар,M,catholic,8
2013,Број,Источни Мостар,Ж,catholic,3
2013,Број,Источни Стари Град,Оба пола,catholic,5
2013,Број,Источни Стари Град,M,catholic,0
2013,Број,Источни Стари Град,Ж,catholic,5
2013,Број,Источно Ново Сарајево,Оба пола,catholic,101
2013,Број,Источно Ново Сарајево,M,catholic,28
2013,Број,Источно Ново Сарајево,Ж,catholic,73
2013,Број,Језеро,Оба пола,catholic,4
2013,Број,Језеро,M,catholic,2
2013,Број,Језеро,Ж,catholic,2
2013,Број,Калиновик,Оба пола,catholic,5
2013,Број,Калиновик,M,catholic,2
2013,Број,Калиновик,Ж,catholic,3
2013,Број,Кнежево,Оба пола,catholic,17
2013,Број,Кнежево,M,catholic,4
2013,Број,Кнежево,Ж,catholic,13
2013,Број,Козарска Дубица,Оба пола,catholic,250
2013,Број,Козарска Дубица,M,catholic,72
2013,Број,Козарска Дубица,Ж,catholic,178
2013,Број,Костајница,Оба пола,catholic,84
2013,Број,Костајница,M,catholic,26
2013,Број,Костајница,Ж,catholic,58
2013,Број,Котор Варош,Оба пола,catholic,788
2013,Број,Котор Варош,M,catholic,365
2013,Број,Котор Варош,Ж,catholic,423
2013,Број,Крупа на Уни,Оба пола,catholic,2
2013,Број,Крупа на Уни,M,catholic,0
2013,Број,Крупа на Уни,Ж,catholic,2
2013,Број,Купрес,Оба пола,catholic,0
2013,Број,Купрес,M,catholic,0
2013,Број,Купрес,Ж,catholic,0
2013,Број,Лакташи,Оба пола,catholic,497
2013,Број,Лакташи,M,catholic,166
2013,Број,Лакташи,Ж,catholic,331
2013,Број,Лопаре,Оба пола,catholic,40
2013,Број,Лопаре,M,catholic,5
2013,Број,Лопаре,Ж,catholic,35
2013,Број,Љубиње,Оба пола,catholic,5
2013,Број,Љубиње,M,catholic,1
2013,Број,Љубиње,Ж,catholic,4
2013,Број,Милићи,Оба пола,catholic,17
2013,Број,Милићи,M,catholic,5
2013,Број,Милићи,Ж,catholic,12
2013,Број,Модрича,Оба пола,catholic,1365
2013,Број,Модрича,M,catholic,651
2013,Број,Модрича,Ж,catholic,714
2013,Број,Мркоњић Град,Оба пола,catholic,146
2013,Број,Мркоњић Град,M,catholic,56
2013,Број,Мркоњић Град,Ж,catholic,90
2013,Број,Невесиње,Оба пола,catholic,21
2013,Број,Невесиње,M,catholic,5
2013,Број,Невесиње,Ж,catholic,16
2013,Број,Нови Град,Оба пола,catholic,152
2013,Број,Нови Град,M,catholic,47
2013,Број,Нови Град,Ж,catholic,105
2013,Број,Ново Горажде,Оба пола,catholic,2
2013,Број,Ново Горажде,M,catholic,1
2013,Број,Ново Горажде,Ж,catholic,1
2013,Број,Осмаци,Оба пола,catholic,4
2013,Број,Осмаци,M,catholic,0
2013,Број,Осмаци,Ж,catholic,4
2013,Број,Оштра Лука,Оба пола,catholic,131
2013,Број,Оштра Лука,M,catholic,62
2013,Број,Оштра Лука,Ж,catholic,69
2013,Број,Пале,Оба пола,catholic,116
2013,Број,Пале,M,catholic,30
2013,Број,Пале,Ж,catholic,86
2013,Број,Пелагићево,Оба пола,catholic,1180
2013,Број,Пелагићево,M,catholic,578
2013,Број,Пелагићево,Ж,catholic,602
2013,Број,Петровац,Оба пола,catholic,0
2013,Број,Петровац,M,catholic,0
2013,Број,Петровац,Ж,catholic,0
2013,Број,Петрово,Оба пола,catholic,35
2013,Број,Петрово,M,catholic,10
2013,Број,Петрово,Ж,catholic,25
2013,Број,Град Приједор,Оба пола,catholic,1544
2013,Број,Град Приједор,M,catholic,587
2013,Број,Град Приједор,Ж,catholic,957
2013,Број,Прњавор,Оба пола,catholic,645
2013,Број,Прњавор,M,catholic,255
2013,Број,Прњавор,Ж,catholic,390
2013,Број,Рибник,Оба пола,catholic,7
2013,Број,Рибник,M,catholic,1
2013,Број,Рибник,Ж,catholic,6
2013,Број,Рогатица,Оба пола,catholic,16
2013,Број,Рогатица,M,catholic,1
2013,Број,Рогатица,Ж,catholic,15
2013,Број,Рудо,Оба пола,catholic,3
2013,Број,Рудо,M,catholic,1
2013,Број,Рудо,Ж,catholic,2
2013,Број,Соколац,Оба пола,catholic,23
2013,Број,Соколац,M,catholic,3
2013,Број,Соколац,Ж,catholic,20
2013,Број,Србац,Оба пола,catholic,153
2013,Број,Србац,M,catholic,37
2013,Број,Србац,Ж,catholic,116
2013,Број,Сребреница,Оба пола,catholic,17
2013,Број,Сребреница,M,catholic,7
2013,Број,Сребреница,Ж,catholic,10
2013,Број,Теслић,Оба пола,catholic,1292
2013,Број,Теслић,M,catholic,552
2013,Број,Теслић,Ж,catholic,740
2013,Број,Град Требиње,Оба пола,catholic,293
2013,Број,Град Требиње,M,catholic,90
2013,Број,Град Требиње,Ж,catholic,203
2013,Број,Трново,Оба пола,catholic,15
2013,Број,Трново,M,catholic,2
2013,Број,Трново,Ж,catholic,13
2013,Број,Угљевик,Оба пола,catholic,39
2013,Број,Угљевик,M,catholic,7
2013,Број,Угљевик,Ж,catholic,32
2013,Број,Фоча,Оба пола,catholic,64
2013,Број,Фоча,M,catholic,20
2013,Број,Фоча,Ж,catholic,44
2013,Број,Хан Пијесак,Оба пола,catholic,5
2013,Број,Хан Пијесак,M,catholic,0
2013,Број,Хан Пијесак,Ж,catholic,5
2013,Број,Чајниче,Оба пола,catholic,5
2013,Број,Чајниче,M,catholic,0
2013,Број,Чајниче,Ж,catholic,5
2013,Број,Челинац,Оба пола,catholic,58
2013,Број,Челинац,M,catholic,14
2013,Број,Челинац,Ж,catholic,44
2013,Број,Шамац,Оба пола,catholic,2091
2013,Број,Шамац,M,catholic,969
2013,Број,Шамац,Ж,catholic,1122
2013,Број,Шековићи,Оба пола,catholic,7
2013,Број,Шековићи,M,catholic,0
2013,Број,Шековићи,Ж,catholic,7
2013,Број,Шипово,Оба пола,catholic,18
2013,Број,Шипово,M,catholic,2
2013,Број,Шипово,Ж,catholic,16
2013,Број,Република Српска,Оба пола,ortodox,969315
2013,Број,Република Српска,M,ortodox,476184
2013,Број,Република Српска,Ж,ortodox,493131
2013,Број,Град Бања Лука,Оба пола,ortodox,161267
2013,Број,Град Бања Лука,M,ortodox,78266
2013,Број,Град Бања Лука,Ж,ortodox,83001
2013,Број,Берковићи,Оба пола,ortodox,1873
2013,Број,Берковићи,M,ortodox,940
2013,Број,Берковићи,Ж,ortodox,933
2013,Број,Град Бијељина,Оба пола,ortodox,89144
2013,Број,Град Бијељина,M,ortodox,43682
2013,Број,Град Бијељина,Ж,ortodox,45462
2013,Број,Билећа,Оба пола,ortodox,10490
2013,Број,Билећа,M,ortodox,5291
2013,Број,Билећа,Ж,ortodox,5199
2013,Број,Братунац,Оба пола,ortodox,11726
2013,Број,Братунац,M,ortodox,5835
2013,Број,Братунац,Ж,ortodox,5891
2013,Број,Брод,Оба пола,ortodox,11066
2013,Број,Брод,M,ortodox,5474
2013,Број,Брод,Ж,ortodox,5592
2013,Број,Вишеград,Оба пола,ortodox,8913
2013,Број,Вишеград,M,ortodox,4315
2013,Број,Вишеград,Ж,ortodox,4598
2013,Број,Власеница,Оба пола,ortodox,7111
2013,Број,Власеница,M,ortodox,3473
2013,Број,Власеница,Ж,ortodox,3638
2013,Број,Вукосавље,Оба пола,ortodox,1442
2013,Број,Вукосавље,M,ortodox,713
2013,Број,Вукосавље,Ж,ortodox,729
2013,Број,Гацко,Оба пола,ortodox,8337
2013,Број,Гацко,M,ortodox,4228
2013,Број,Гацко,Ж,ortodox,4109
2013,Број,Град Градишка,Оба пола,ortodox,40702
2013,Број,Град Градишка,M,ortodox,19929
2013,Број,Град Градишка,Ж,ortodox,20773
2013,Број,Град Дервента,Оба пола,ortodox,21541
2013,Број,Град Дервента,M,ortodox,10537
2013,Број,Град Дервента,Ж,ortodox,11004
2013,Број,Град Добој,Оба пола,ortodox,50744
2013,Број,Град Добој,M,ortodox,24842
2013,Број,Град Добој,Ж,ortodox,25902
2013,Број,Доњи Жабар,Оба пола,ortodox,2658
2013,Број,Доњи Жабар,M,ortodox,1352
2013,Број,Доњи Жабар,Ж,ortodox,1306
2013,Број,Град Зворник,Оба пола,ortodox,37114
2013,Број,Град Зворник,M,ortodox,18378
2013,Број,Град Зворник,Ж,ortodox,18736
2013,Број,Источна Илиџа,Оба пола,ortodox,13458
2013,Број,Источна Илиџа,M,ortodox,6479
2013,Број,Источна Илиџа,Ж,ortodox,6979
2013,Број,Источни Дрвар,Оба пола,ortodox,65
2013,Број,Источни Дрвар,M,ortodox,44
2013,Број,Источни Дрвар,Ж,ortodox,21
2013,Број,Источни Мостар,Оба пола,ortodox,153
2013,Број,Источни Мостар,M,ortodox,84
2013,Број,Источни Мостар,Ж,ortodox,69
2013,Број,Источни Стари Град,Оба пола,ortodox,1058
2013,Број,Источни Стари Град,M,ortodox,520
2013,Број,Источни Стари Град,Ж,ortodox,538
2013,Број,Источно Ново Сарајево,Оба пола,ortodox,10044
2013,Број,Источно Ново Сарајево,M,ortodox,4796
2013,Број,Источно Ново Сарајево,Ж,ortodox,5248
2013,Број,Језеро,Оба пола,ortodox,780
2013,Број,Језеро,M,ortodox,412
2013,Број,Језеро,Ж,ortodox,368
2013,Број,Калиновик,Оба пола,ortodox,1905
2013,Број,Калиновик,M,ortodox,923
2013,Број,Калиновик,Ж,ortodox,982
2013,Број,Кнежево,Оба пола,ortodox,8866
2013,Број,Кнежево,M,ortodox,4408
2013,Број,Кнежево,Ж,ortodox,4458
2013,Број,Козарска Дубица,Оба пола,ortodox,18103
2013,Број,Козарска Дубица,M,ortodox,8909
2013,Број,Козарска Дубица,Ж,ortodox,9194
2013,Број,Костајница,Оба пола,ortodox,4190
2013,Број,Костајница,M,ortodox,2080
2013,Број,Костајница,Ж,ortodox,2110
2013,Број,Котор Варош,Оба пола,ortodox,12645
2013,Број,Котор Варош,M,ortodox,6263
2013,Број,Котор Варош,Ж,ortodox,6382
2013,Број,Крупа на Уни,Оба пола,ortodox,1554
2013,Број,Крупа на Уни,M,ortodox,840
2013,Број,Крупа на Уни,Ж,ortodox,714
2013,Број,Купрес,Оба пола,ortodox,292
2013,Број,Купрес,M,ortodox,156
2013,Број,Купрес,Ж,ortodox,136
2013,Број,Лакташи,Оба пола,ortodox,32907
2013,Број,Лакташи,M,ortodox,16334
2013,Број,Лакташи,Ж,ortodox,16573
2013,Број,Лопаре,Оба пола,ortodox,13273
2013,Број,Лопаре,M,ortodox,6700
2013,Број,Лопаре,Ж,ortodox,6573
2013,Број,Љубиње,Оба пола,ortodox,3295
2013,Број,Љубиње,M,ortodox,1621
2013,Број,Љубиње,Ж,ortodox,1674
2013,Број,Милићи,Оба пола,ortodox,6835
2013,Број,Милићи,M,ortodox,3469
2013,Број,Милићи,Ж,ortodox,3366
2013,Број,Модрича,Оба пола,ortodox,19482
2013,Број,Модрича,M,ortodox,9579
2013,Број,Модрича,Ж,ortodox,9903
2013,Број,Мркоњић Град,Оба пола,ortodox,15334
2013,Број,Мркоњић Град,M,ortodox,7387
2013,Број,Мркоњић Град,Ж,ortodox,7947
2013,Број,Невесиње,Оба пола,ortodox,11973
2013,Број,Невесиње,M,ortodox,5955
2013,Број,Невесиње,Ж,ortodox,6018
2013,Број,Нови Град,Оба пола,ortodox,19443
2013,Број,Нови Град,M,ortodox,9725
2013,Број,Нови Град,Ж,ortodox,9718
2013,Број,Ново Горажде,Оба пола,ortodox,1563
2013,Број,Ново Горажде,M,ortodox,822
2013,Број,Ново Горажде,Ж,ortodox,741
2013,Број,Осмаци,Оба пола,ortodox,2848
2013,Број,Осмаци,M,ortodox,1446
2013,Број,Осмаци,Ж,ortodox,1402
2013,Број,Оштра Лука,Оба пола,ortodox,2503
2013,Број,Оштра Лука,M,ortodox,1290
2013,Број,Оштра Лука,Ж,ortodox,1213
2013,Број,Пале,Оба пола,ortodox,19901
2013,Број,Пале,M,ortodox,9546
2013,Број,Пале,Ж,ortodox,10355
2013,Број,Пелагићево,Оба пола,ortodox,3152
2013,Број,Пелагићево,M,ortodox,1566
2013,Број,Пелагићево,Ж,ortodox,1586
2013,Број,Петровац,Оба пола,ortodox,352
2013,Број,Петровац,M,ortodox,168
2013,Број,Петровац,Ж,ortodox,184
2013,Број,Петрово,Оба пола,ortodox,6221
2013,Број,Петрово,M,ortodox,3004
2013,Број,Петрово,Ж,ortodox,3217
2013,Број,Град Приједор,Оба пола,ortodox,53842
2013,Број,Град Приједор,M,ortodox,26540
2013,Број,Град Приједор,Ж,ortodox,27302
2013,Број,Прњавор,Оба пола,ortodox,29944
2013,Број,Прњавор,M,ortodox,14579
2013,Број,Прњавор,Ж,ortodox,15365
2013,Број,Рибник,Оба пола,ortodox,5824
2013,Број,Рибник,M,ortodox,2886
2013,Број,Рибник,Ж,ortodox,2938
2013,Број,Рогатица,Оба пола,ortodox,9199
2013,Број,Рогатица,M,ortodox,4492
2013,Број,Рогатица,Ж,ortodox,4707
2013,Број,Рудо,Оба пола,ortodox,6968
2013,Број,Рудо,M,ortodox,3521
2013,Број,Рудо,Ж,ortodox,3447
2013,Број,Соколац,Оба пола,ortodox,10897
2013,Број,Соколац,M,ortodox,5356
2013,Број,Соколац,Ж,ortodox,5541
2013,Број,Србац,Оба пола,ortodox,16110
2013,Број,Србац,M,ortodox,7932
2013,Број,Србац,Ж,ortodox,8178
2013,Број,Сребреница,Оба пола,ortodox,5418
2013,Број,Сребреница,M,ortodox,2721
2013,Број,Сребреница,Ж,ortodox,2697
2013,Број,Теслић,Оба пола,ortodox,28140
2013,Број,Теслић,M,ortodox,13523
2013,Број,Теслић,Ж,ortodox,14617
2013,Број,Град Требиње,Оба пола,ortodox,26669
2013,Број,Град Требиње,M,ortodox,13054
2013,Број,Град Требиње,Ж,ortodox,13615
2013,Број,Трново,Оба пола,ortodox,1135
2013,Број,Трново,M,ortodox,537
2013,Број,Трново,Ж,ortodox,598
2013,Број,Угљевик,Оба пола,ortodox,13016
2013,Број,Угљевик,M,ortodox,6602
2013,Број,Угљевик,Ж,ortodox,6414
2013,Број,Фоча,Оба пола,ortodox,16163
2013,Број,Фоча,M,ortodox,8138
2013,Број,Фоча,Ж,ortodox,8025
2013,Број,Хан Пијесак,Оба пола,ortodox,2998
2013,Број,Хан Пијесак,M,ortodox,1416
2013,Број,Хан Пијесак,Ж,ortodox,1582
2013,Број,Чајниче,Оба пола,ortodox,3812
2013,Број,Чајниче,M,ortodox,1895
2013,Број,Чајниче,Ж,ortodox,1917
2013,Број,Челинац,Оба пола,ortodox,14538
2013,Број,Челинац,M,ortodox,7205
2013,Број,Челинац,Ж,ortodox,7333
2013,Број,Шамац,Оба пола,ortodox,12833
2013,Број,Шамац,M,ortodox,6262
2013,Број,Шамац,Ж,ortodox,6571
2013,Број,Шековићи,Оба пола,ortodox,6188
2013,Број,Шековићи,M,ortodox,3035
2013,Број,Шековићи,Ж,ortodox,3153
2013,Број,Шипово,Оба пола,ortodox,9298
2013,Број,Шипово,M,ortodox,4709
2013,Број,Шипово,Ж,ortodox,4589
2013,Број,Република Српска,Оба пола,agnostic,1223
2013,Број,Република Српска,M,agnostic,610
2013,Број,Република Српска,Ж,agnostic,613
2013,Број,Град Бања Лука,Оба пола,agnostic,592
2013,Број,Град Бања Лука,M,agnostic,285
2013,Број,Град Бања Лука,Ж,agnostic,307
2013,Број,Берковићи,Оба пола,agnostic,0
2013,Број,Берковићи,M,agnostic,0
2013,Број,Берковићи,Ж,agnostic,0
2013,Број,Град Бијељина,Оба пола,agnostic,60
2013,Број,Град Бијељина,M,agnostic,33
2013,Број,Град Бијељина,Ж,agnostic,27
2013,Број,Билећа,Оба пола,agnostic,1
2013,Број,Билећа,M,agnostic,1
2013,Број,Билећа,Ж,agnostic,0
2013,Број,Братунац,Оба пола,agnostic,2
2013,Број,Братунац,M,agnostic,1
2013,Број,Братунац,Ж,agnostic,1
2013,Број,Брод,Оба пола,agnostic,15
2013,Број,Брод,M,agnostic,7
2013,Број,Брод,Ж,agnostic,8
2013,Број,Вишеград,Оба пола,agnostic,2
2013,Број,Вишеград,M,agnostic,2
2013,Број,Вишеград,Ж,agnostic,0
2013,Број,Власеница,Оба пола,agnostic,2
2013,Број,Власеница,M,agnostic,1
2013,Број,Власеница,Ж,agnostic,1
2013,Број,Вукосавље,Оба пола,agnostic,1
2013,Број,Вукосавље,M,agnostic,1
2013,Број,Вукосавље,Ж,agnostic,0
2013,Број,Гацко,Оба пола,agnostic,1
2013,Број,Гацко,M,agnostic,0
2013,Број,Гацко,Ж,agnostic,1
2013,Број,Град Градишка,Оба пола,agnostic,45
2013,Број,Град Градишка,M,agnostic,28
2013,Број,Град Градишка,Ж,agnostic,17
2013,Број,Град Дервента,Оба пола,agnostic,19
2013,Број,Град Дервента,M,agnostic,9
2013,Број,Град Дервента,Ж,agnostic,10
2013,Број,Град Добој,Оба пола,agnostic,71
2013,Број,Град Добој,M,agnostic,40
2013,Број,Град Добој,Ж,agnostic,31
2013,Број,Доњи Жабар,Оба пола,agnostic,1
2013,Број,Доњи Жабар,M,agnostic,0
2013,Број,Доњи Жабар,Ж,agnostic,1
2013,Број,Град Зворник,Оба пола,agnostic,9
2013,Број,Град Зворник,M,agnostic,5
2013,Број,Град Зворник,Ж,agnostic,4
2013,Број,Источна Илиџа,Оба пола,agnostic,17
2013,Број,Источна Илиџа,M,agnostic,8
2013,Број,Источна Илиџа,Ж,agnostic,9
2013,Број,Источни Дрвар,Оба пола,agnostic,0
2013,Број,Источни Дрвар,M,agnostic,0
2013,Број,Источни Дрвар,Ж,agnostic,0
2013,Број,Источни Мостар,Оба пола,agnostic,0
2013,Број,Источни Мостар,M,agnostic,0
2013,Број,Источни Мостар,Ж,agnostic,0
2013,Број,Источни Стари Град,Оба пола,agnostic,0
2013,Број,Источни Стари Град,M,agnostic,0
2013,Број,Источни Стари Град,Ж,agnostic,0
2013,Број,Источно Ново Сарајево,Оба пола,agnostic,23
2013,Број,Источно Ново Сарајево,M,agnostic,8
2013,Број,Источно Ново Сарајево,Ж,agnostic,15
2013,Број,Језеро,Оба пола,agnostic,0
2013,Број,Језеро,M,agnostic,0
2013,Број,Језеро,Ж,agnostic,0
2013,Број,Калиновик,Оба пола,agnostic,2
2013,Број,Калиновик,M,agnostic,0
2013,Број,Калиновик,Ж,agnostic,2
2013,Број,Кнежево,Оба пола,agnostic,0
2013,Број,Кнежево,M,agnostic,0
2013,Број,Кнежево,Ж,agnostic,0
2013,Број,Козарска Дубица,Оба пола,agnostic,17
2013,Број,Козарска Дубица,M,agnostic,5
2013,Број,Козарска Дубица,Ж,agnostic,12
2013,Број,Костајница,Оба пола,agnostic,3
2013,Број,Костајница,M,agnostic,3
2013,Број,Костајница,Ж,agnostic,0
2013,Број,Котор Варош,Оба пола,agnostic,10
2013,Број,Котор Варош,M,agnostic,6
2013,Број,Котор Варош,Ж,agnostic,4
2013,Број,Крупа на Уни,Оба пола,agnostic,0
2013,Број,Крупа на Уни,M,agnostic,0
2013,Број,Крупа на Уни,Ж,agnostic,0
2013,Број,Купрес,Оба пола,agnostic,0
2013,Број,Купрес,M,agnostic,0
2013,Број,Купрес,Ж,agnostic,0
2013,Број,Лакташи,Оба пола,agnostic,35
2013,Број,Лакташи,M,agnostic,19
2013,Број,Лакташи,Ж,agnostic,16
2013,Број,Лопаре,Оба пола,agnostic,4
2013,Број,Лопаре,M,agnostic,0
2013,Број,Лопаре,Ж,agnostic,4
2013,Број,Љубиње,Оба пола,agnostic,0
2013,Број,Љубиње,M,agnostic,0
2013,Број,Љубиње,Ж,agnostic,0
2013,Број,Милићи,Оба пола,agnostic,0
2013,Број,Милићи,M,agnostic,0
2013,Број,Милићи,Ж,agnostic,0
2013,Број,Модрича,Оба пола,agnostic,26
2013,Број,Модрича,M,agnostic,13
2013,Број,Модрича,Ж,agnostic,13
2013,Број,Мркоњић Град,Оба пола,agnostic,8
2013,Број,Мркоњић Град,M,agnostic,5
2013,Број,Мркоњић Град,Ж,agnostic,3
2013,Број,Невесиње,Оба пола,agnostic,3
2013,Број,Невесиње,M,agnostic,1
2013,Број,Невесиње,Ж,agnostic,2
2013,Број,Нови Град,Оба пола,agnostic,9
2013,Број,Нови Град,M,agnostic,5
2013,Број,Нови Град,Ж,agnostic,4
2013,Број,Ново Горажде,Оба пола,agnostic,0
2013,Број,Ново Горажде,M,agnostic,0
2013,Број,Ново Горажде,Ж,agnostic,0
2013,Број,Осмаци,Оба пола,agnostic,0
2013,Број,Осмаци,M,agnostic,0
2013,Број,Осмаци,Ж,agnostic,0
2013,Број,Оштра Лука,Оба пола,agnostic,2
2013,Број,Оштра Лука,M,agnostic,1
2013,Број,Оштра Лука,Ж,agnostic,1
2013,Број,Пале,Оба пола,agnostic,15
2013,Број,Пале,M,agnostic,9
2013,Број,Пале,Ж,agnostic,6
2013,Број,Пелагићево,Оба пола,agnostic,0
2013,Број,Пелагићево,M,agnostic,0
2013,Број,Пелагићево,Ж,agnostic,0
2013,Број,Петровац,Оба пола,agnostic,0
2013,Број,Петровац,M,agnostic,0
2013,Број,Петровац,Ж,agnostic,0
2013,Број,Петрово,Оба пола,agnostic,1
2013,Број,Петрово,M,agnostic,1
2013,Број,Петрово,Ж,agnostic,0
2013,Број,Град Приједор,Оба пола,agnostic,84
2013,Број,Град Приједор,M,agnostic,48
2013,Број,Град Приједор,Ж,agnostic,36
2013,Број,Прњавор,Оба пола,agnostic,25
2013,Број,Прњавор,M,agnostic,11
2013,Број,Прњавор,Ж,agnostic,14
2013,Број,Рибник,Оба пола,agnostic,0
2013,Број,Рибник,M,agnostic,0
2013,Број,Рибник,Ж,agnostic,0
2013,Број,Рогатица,Оба пола,agnostic,2
2013,Број,Рогатица,M,agnostic,2
2013,Број,Рогатица,Ж,agnostic,0
2013,Број,Рудо,Оба пола,agnostic,1
2013,Број,Рудо,M,agnostic,1
2013,Број,Рудо,Ж,agnostic,0
2013,Број,Соколац,Оба пола,agnostic,2
2013,Број,Соколац,M,agnostic,0
2013,Број,Соколац,Ж,agnostic,2
2013,Број,Србац,Оба пола,agnostic,7
2013,Број,Србац,M,agnostic,5
2013,Број,Србац,Ж,agnostic,2
2013,Број,Сребреница,Оба пола,agnostic,1
2013,Број,Сребреница,M,agnostic,0
2013,Број,Сребреница,Ж,agnostic,1
2013,Број,Теслић,Оба пола,agnostic,37
2013,Број,Теслић,M,agnostic,15
2013,Број,Теслић,Ж,agnostic,22
2013,Број,Град Требиње,Оба пола,agnostic,32
2013,Број,Град Требиње,M,agnostic,14
2013,Број,Град Требиње,Ж,agnostic,18
2013,Број,Трново,Оба пола,agnostic,3
2013,Број,Трново,M,agnostic,2
2013,Број,Трново,Ж,agnostic,1
2013,Број,Угљевик,Оба пола,agnostic,1
2013,Број,Угљевик,M,agnostic,1
2013,Број,Угљевик,Ж,agnostic,0
2013,Број,Фоча,Оба пола,agnostic,3
2013,Број,Фоча,M,agnostic,1
2013,Број,Фоча,Ж,agnostic,2
2013,Број,Хан Пијесак,Оба пола,agnostic,1
2013,Број,Хан Пијесак,M,agnostic,0
2013,Број,Хан Пијесак,Ж,agnostic,1
2013,Број,Чајниче,Оба пола,agnostic,1
2013,Број,Чајниче,M,agnostic,0
2013,Број,Чајниче,Ж,agnostic,1
2013,Број,Челинац,Оба пола,agnostic,8
2013,Број,Челинац,M,agnostic,4
2013,Број,Челинац,Ж,agnostic,4
2013,Број,Шамац,Оба пола,agnostic,18
2013,Број,Шамац,M,agnostic,8
2013,Број,Шамац,Ж,agnostic,10
2013,Број,Шековићи,Оба пола,agnostic,1
2013,Број,Шековићи,M,agnostic,1
2013,Број,Шековићи,Ж,agnostic,0
2013,Број,Шипово,Оба пола,agnostic,0
2013,Број,Шипово,M,agnostic,0
2013,Број,Шипово,Ж,agnostic,0
2013,Број,Република Српска,Оба пола,atheist,5784
2013,Број,Република Српска,M,atheist,3146
2013,Број,Република Српска,Ж,atheist,2638
2013,Број,Град Бања Лука,Оба пола,atheist,2593
2013,Број,Град Бања Лука,M,atheist,1342
2013,Број,Град Бања Лука,Ж,atheist,1251
2013,Број,Берковићи,Оба пола,atheist,2
2013,Број,Берковићи,M,atheist,1
2013,Број,Берковићи,Ж,atheist,1
2013,Број,Град Бијељина,Оба пола,atheist,345
2013,Број,Град Бијељина,M,atheist,218
2013,Број,Град Бијељина,Ж,atheist,127
2013,Број,Билећа,Оба пола,atheist,7
2013,Број,Билећа,M,atheist,5
2013,Број,Билећа,Ж,atheist,2
2013,Број,Братунац,Оба пола,atheist,8
2013,Број,Братунац,M,atheist,5
2013,Број,Братунац,Ж,atheist,3
2013,Број,Брод,Оба пола,atheist,113
2013,Број,Брод,M,atheist,59
2013,Број,Брод,Ж,atheist,54
2013,Број,Вишеград,Оба пола,atheist,21
2013,Број,Вишеград,M,atheist,15
2013,Број,Вишеград,Ж,atheist,6
2013,Број,Власеница,Оба пола,atheist,16
2013,Број,Власеница,M,atheist,10
2013,Број,Власеница,Ж,atheist,6
2013,Број,Вукосавље,Оба пола,atheist,9
2013,Број,Вукосавље,M,atheist,7
2013,Број,Вукосавље,Ж,atheist,2
2013,Број,Гацко,Оба пола,atheist,3
2013,Број,Гацко,M,atheist,1
2013,Број,Гацко,Ж,atheist,2
2013,Број,Град Градишка,Оба пола,atheist,223
2013,Број,Град Градишка,M,atheist,126
2013,Број,Град Градишка,Ж,atheist,97
2013,Број,Град Дервента,Оба пола,atheist,100
2013,Број,Град Дервента,M,atheist,51
2013,Број,Град Дервента,Ж,atheist,49
2013,Број,Град Добој,Оба пола,atheist,378
2013,Број,Град Добој,M,atheist,200
2013,Број,Град Добој,Ж,atheist,178
2013,Број,Доњи Жабар,Оба пола,atheist,0
2013,Број,Доњи Жабар,M,atheist,0
2013,Број,Доњи Жабар,Ж,atheist,0
2013,Број,Град Зворник,Оба пола,atheist,59
2013,Број,Град Зворник,M,atheist,36
2013,Број,Град Зворник,Ж,atheist,23
2013,Број,Источна Илиџа,Оба пола,atheist,60
2013,Број,Источна Илиџа,M,atheist,27
2013,Број,Источна Илиџа,Ж,atheist,33
2013,Број,Источни Дрвар,Оба пола,atheist,0
2013,Број,Источни Дрвар,M,atheist,0
2013,Број,Источни Дрвар,Ж,atheist,0
2013,Број,Источни Мостар,Оба пола,atheist,0
2013,Број,Источни Мостар,M,atheist,0
2013,Број,Источни Мостар,Ж,atheist,0
2013,Број,Источни Стари Град,Оба пола,atheist,2
2013,Број,Источни Стари Град,M,atheist,1
2013,Број,Источни Стари Град,Ж,atheist,1
2013,Број,Источно Ново Сарајево,Оба пола,atheist,37
2013,Број,Источно Ново Сарајево,M,atheist,18
2013,Број,Источно Ново Сарајево,Ж,atheist,19
2013,Број,Језеро,Оба пола,atheist,3
2013,Број,Језеро,M,atheist,2
2013,Број,Језеро,Ж,atheist,1
2013,Број,Калиновик,Оба пола,atheist,0
2013,Број,Калиновик,M,atheist,0
2013,Број,Калиновик,Ж,atheist,0
2013,Број,Кнежево,Оба пола,atheist,5
2013,Број,Кнежево,M,atheist,3
2013,Број,Кнежево,Ж,atheist,2
2013,Број,Козарска Дубица,Оба пола,atheist,130
2013,Број,Козарска Дубица,M,atheist,68
2013,Број,Козарска Дубица,Ж,atheist,62
2013,Број,Костајница,Оба пола,atheist,16
2013,Број,Костајница,M,atheist,12
2013,Број,Костајница,Ж,atheist,4
2013,Број,Котор Варош,Оба пола,atheist,56
2013,Број,Котор Варош,M,atheist,34
2013,Број,Котор Варош,Ж,atheist,22
2013,Број,Крупа на Уни,Оба пола,atheist,0
2013,Број,Крупа на Уни,M,atheist,0
2013,Број,Крупа на Уни,Ж,atheist,0
2013,Број,Купрес,Оба пола,atheist,0
2013,Број,Купрес,M,atheist,0
2013,Број,Купрес,Ж,atheist,0
2013,Број,Лакташи,Оба пола,atheist,96
2013,Број,Лакташи,M,atheist,57
2013,Број,Лакташи,Ж,atheist,39
2013,Број,Лопаре,Оба пола,atheist,21
2013,Број,Лопаре,M,atheist,12
2013,Број,Лопаре,Ж,atheist,9
2013,Број,Љубиње,Оба пола,atheist,1
2013,Број,Љубиње,M,atheist,1
2013,Број,Љубиње,Ж,atheist,0
2013,Број,Милићи,Оба пола,atheist,3
2013,Број,Милићи,M,atheist,3
2013,Број,Милићи,Ж,atheist,0
2013,Број,Модрича,Оба пола,atheist,98
2013,Број,Модрича,M,atheist,53
2013,Број,Модрича,Ж,atheist,45
2013,Број,Мркоњић Град,Оба пола,atheist,28
2013,Број,Мркоњић Град,M,atheist,13
2013,Број,Мркоњић Град,Ж,atheist,15
2013,Број,Невесиње,Оба пола,atheist,8
2013,Број,Невесиње,M,atheist,3
2013,Број,Невесиње,Ж,atheist,5
2013,Број,Нови Град,Оба пола,atheist,81
2013,Број,Нови Град,M,atheist,36
2013,Број,Нови Град,Ж,atheist,45
2013,Број,Ново Горажде,Оба пола,atheist,0
2013,Број,Ново Горажде,M,atheist,0
2013,Број,Ново Горажде,Ж,atheist,0
2013,Број,Осмаци,Оба пола,atheist,1
2013,Број,Осмаци,M,atheist,1
2013,Број,Осмаци,Ж,atheist,0
2013,Број,Оштра Лука,Оба пола,atheist,4
2013,Број,Оштра Лука,M,atheist,3
2013,Број,Оштра Лука,Ж,atheist,1
2013,Број,Пале,Оба пола,atheist,47
2013,Број,Пале,M,atheist,23
2013,Број,Пале,Ж,atheist,24
2013,Број,Пелагићево,Оба пола,atheist,1
2013,Број,Пелагићево,M,atheist,0
2013,Број,Пелагићево,Ж,atheist,1
2013,Број,Петровац,Оба пола,atheist,2
2013,Број,Петровац,M,atheist,1
2013,Број,Петровац,Ж,atheist,1
2013,Број,Петрово,Оба пола,atheist,10
2013,Број,Петрово,M,atheist,7
2013,Број,Петрово,Ж,atheist,3
2013,Број,Град Приједор,Оба пола,atheist,511
2013,Број,Град Приједор,M,atheist,277
2013,Број,Град Приједор,Ж,atheist,234
2013,Број,Прњавор,Оба пола,atheist,102
2013,Број,Прњавор,M,atheist,65
2013,Број,Прњавор,Ж,atheist,37
2013,Број,Рибник,Оба пола,atheist,3
2013,Број,Рибник,M,atheist,2
2013,Број,Рибник,Ж,atheist,1
2013,Број,Рогатица,Оба пола,atheist,20
2013,Број,Рогатица,M,atheist,13
2013,Број,Рогатица,Ж,atheist,7
2013,Број,Рудо,Оба пола,atheist,11
2013,Број,Рудо,M,atheist,9
2013,Број,Рудо,Ж,atheist,2
2013,Број,Соколац,Оба пола,atheist,14
2013,Број,Соколац,M,atheist,11
2013,Број,Соколац,Ж,atheist,3
2013,Број,Србац,Оба пола,atheist,46
2013,Број,Србац,M,atheist,28
2013,Број,Србац,Ж,atheist,18
2013,Број,Сребреница,Оба пола,atheist,14
2013,Број,Сребреница,M,atheist,10
2013,Број,Сребреница,Ж,atheist,4
2013,Број,Теслић,Оба пола,atheist,167
2013,Број,Теслић,M,atheist,89
2013,Број,Теслић,Ж,atheist,78
2013,Број,Град Требиње,Оба пола,atheist,118
2013,Број,Град Требиње,M,atheist,62
2013,Број,Град Требиње,Ж,atheist,56
2013,Број,Трново,Оба пола,atheist,7
2013,Број,Трново,M,atheist,5
2013,Број,Трново,Ж,atheist,2
2013,Број,Угљевик,Оба пола,atheist,22
2013,Број,Угљевик,M,atheist,16
2013,Број,Угљевик,Ж,atheist,6
2013,Број,Фоча,Оба пола,atheist,34
2013,Број,Фоча,M,atheist,19
2013,Број,Фоча,Ж,atheist,15
2013,Број,Хан Пијесак,Оба пола,atheist,1
2013,Број,Хан Пијесак,M,atheist,1
2013,Број,Хан Пијесак,Ж,atheist,0
2013,Број,Чајниче,Оба пола,atheist,4
2013,Број,Чајниче,M,atheist,3
2013,Број,Чајниче,Ж,atheist,1
2013,Број,Челинац,Оба пола,atheist,23
2013,Број,Челинац,M,atheist,12
2013,Број,Челинац,Ж,atheist,11
2013,Број,Шамац,Оба пола,atheist,81
2013,Број,Шамац,M,atheist,56
2013,Број,Шамац,Ж,atheist,25
2013,Број,Шековићи,Оба пола,atheist,6
2013,Број,Шековићи,M,atheist,5
2013,Број,Шековићи,Ж,atheist,1
2013,Број,Шипово,Оба пола,atheist,13
2013,Број,Шипово,M,atheist,9
2013,Број,Шипово,Ж,atheist,4
2013,Број,Република Српска,Оба пола,Друго,8729
2013,Број,Република Српска,M,Друго,4319
2013,Број,Република Српска,Ж,Друго,4410
2013,Број,Град Бања Лука,Оба пола,Друго,1230
2013,Број,Град Бања Лука,M,Друго,620
2013,Број,Град Бања Лука,Ж,Друго,610
2013,Број,Берковићи,Оба пола,Друго,3
2013,Број,Берковићи,M,Друго,2
2013,Број,Берковићи,Ж,Друго,1
2013,Број,Град Бијељина,Оба пола,Друго,944
2013,Број,Град Бијељина,M,Друго,471
2013,Број,Град Бијељина,Ж,Друго,473
2013,Број,Билећа,Оба пола,Друго,26
2013,Број,Билећа,M,Друго,15
2013,Број,Билећа,Ж,Друго,11
2013,Број,Братунац,Оба пола,Друго,237
2013,Број,Братунац,M,Друго,121
2013,Број,Братунац,Ж,Друго,116
2013,Број,Брод,Оба пола,Друго,98
2013,Број,Брод,M,Друго,52
2013,Број,Брод,Ж,Друго,46
2013,Број,Вишеград,Оба пола,Друго,76
2013,Број,Вишеград,M,Друго,40
2013,Број,Вишеград,Ж,Друго,36
2013,Број,Власеница,Оба пола,Друго,115
2013,Број,Власеница,M,Друго,42
2013,Број,Власеница,Ж,Друго,73
2013,Број,Вукосавље,Оба пола,Друго,30
2013,Број,Вукосавље,M,Друго,15
2013,Број,Вукосавље,Ж,Друго,15
2013,Број,Гацко,Оба пола,Друго,16
2013,Број,Гацко,M,Друго,9
2013,Број,Гацко,Ж,Друго,7
2013,Број,Град Градишка,Оба пола,Друго,321
2013,Број,Град Градишка,M,Друго,168
2013,Број,Град Градишка,Ж,Друго,153
2013,Број,Град Дервента,Оба пола,Друго,141
2013,Број,Град Дервента,M,Друго,67
2013,Број,Град Дервента,Ж,Друго,74
2013,Број,Град Добој,Оба пола,Друго,845
2013,Број,Град Добој,M,Друго,412
2013,Број,Град Добој,Ж,Друго,433
2013,Број,Доњи Жабар,Оба пола,Друго,21
2013,Број,Доњи Жабар,M,Друго,8
2013,Број,Доњи Жабар,Ж,Друго,13
2013,Број,Град Зворник,Оба пола,Друго,186
2013,Број,Град Зворник,M,Друго,90
2013,Број,Град Зворник,Ж,Друго,96
2013,Број,Источна Илиџа,Оба пола,Друго,28
2013,Број,Источна Илиџа,M,Друго,18
2013,Број,Источна Илиџа,Ж,Друго,10
2013,Број,Источни Дрвар,Оба пола,Друго,0
2013,Број,Источни Дрвар,M,Друго,0
2013,Број,Источни Дрвар,Ж,Друго,0
2013,Број,Источни Мостар,Оба пола,Друго,1
2013,Број,Источни Мостар,M,Друго,1
2013,Број,Источни Мостар,Ж,Друго,0
2013,Број,Источни Стари Град,Оба пола,Друго,5
2013,Број,Источни Стари Град,M,Друго,2
2013,Број,Источни Стари Град,Ж,Друго,3
2013,Број,Источно Ново Сарајево,Оба пола,Друго,16
2013,Број,Источно Ново Сарајево,M,Друго,10
2013,Број,Источно Ново Сарајево,Ж,Друго,6
2013,Број,Језеро,Оба пола,Друго,0
2013,Број,Језеро,M,Друго,0
2013,Број,Језеро,Ж,Друго,0
2013,Број,Калиновик,Оба пола,Друго,3
2013,Број,Калиновик,M,Друго,2
2013,Број,Калиновик,Ж,Друго,1
2013,Број,Кнежево,Оба пола,Друго,68
2013,Број,Кнежево,M,Друго,29
2013,Број,Кнежево,Ж,Друго,39
2013,Број,Козарска Дубица,Оба пола,Друго,83
2013,Број,Козарска Дубица,M,Друго,37
2013,Број,Козарска Дубица,Ж,Друго,46
2013,Број,Костајница,Оба пола,Друго,13
2013,Број,Костајница,M,Друго,9
2013,Број,Костајница,Ж,Друго,4
2013,Број,Котор Варош,Оба пола,Друго,236
2013,Број,Котор Варош,M,Друго,120
2013,Број,Котор Варош,Ж,Друго,116
2013,Број,Крупа на Уни,Оба пола,Друго,0
2013,Број,Крупа на Уни,M,Друго,0
2013,Број,Крупа на Уни,Ж,Друго,0
2013,Број,Купрес,Оба пола,Друго,0
2013,Број,Купрес,M,Друго,0
2013,Број,Купрес,Ж,Друго,0
2013,Број,Лакташи,Оба пола,Друго,278
2013,Број,Лакташи,M,Друго,147
2013,Број,Лакташи,Ж,Друго,131
2013,Број,Лопаре,Оба пола,Друго,1
2013,Број,Лопаре,M,Друго,0
2013,Број,Лопаре,Ж,Друго,1
2013,Број,Љубиње,Оба пола,Друго,1
2013,Број,Љубиње,M,Друго,1
2013,Број,Љубиње,Ж,Друго,0
2013,Број,Милићи,Оба пола,Друго,34
2013,Број,Милићи,M,Друго,19
2013,Број,Милићи,Ж,Друго,15
2013,Број,Модрича,Оба пола,Друго,211
2013,Број,Модрича,M,Друго,98
2013,Број,Модрича,Ж,Друго,113
2013,Број,Мркоњић Град,Оба пола,Друго,9
2013,Број,Мркоњић Град,M,Друго,6
2013,Број,Мркоњић Град,Ж,Друго,3
2013,Број,Невесиње,Оба пола,Друго,8
2013,Број,Невесиње,M,Друго,4
2013,Број,Невесиње,Ж,Друго,4
2013,Број,Нови Град,Оба пола,Друго,134
2013,Број,Нови Град,M,Друго,60
2013,Број,Нови Град,Ж,Друго,74
2013,Број,Ново Горажде,Оба пола,Друго,19
2013,Број,Ново Горажде,M,Друго,9
2013,Број,Ново Горажде,Ж,Друго,10
2013,Број,Осмаци,Оба пола,Друго,41
2013,Број,Осмаци,M,Друго,26
2013,Број,Осмаци,Ж,Друго,15
2013,Број,Оштра Лука,Оба пола,Друго,23
2013,Број,Оштра Лука,M,Друго,15
2013,Број,Оштра Лука,Ж,Друго,8
2013,Број,Пале,Оба пола,Друго,53
2013,Број,Пале,M,Друго,24
2013,Број,Пале,Ж,Друго,29
2013,Број,Пелагићево,Оба пола,Друго,5
2013,Број,Пелагићево,M,Друго,3
2013,Број,Пелагићево,Ж,Друго,2
2013,Број,Петровац,Оба пола,Друго,0
2013,Број,Петровац,M,Друго,0
2013,Број,Петровац,Ж,Друго,0
2013,Број,Петрово,Оба пола,Друго,20
2013,Број,Петрово,M,Друго,8
2013,Број,Петрово,Ж,Друго,12
2013,Број,Град Приједор,Оба пола,Друго,1506
2013,Број,Град Приједор,M,Друго,722
2013,Број,Град Приједор,Ж,Друго,784
2013,Број,Прњавор,Оба пола,Друго,611
2013,Број,Прњавор,M,Друго,317
2013,Број,Прњавор,Ж,Друго,294
2013,Број,Рибник,Оба пола,Друго,12
2013,Број,Рибник,M,Друго,8
2013,Број,Рибник,Ж,Друго,4
2013,Број,Рогатица,Оба пола,Друго,48
2013,Број,Рогатица,M,Друго,21
2013,Број,Рогатица,Ж,Друго,27
2013,Број,Рудо,Оба пола,Друго,0
2013,Број,Рудо,M,Друго,0
2013,Број,Рудо,Ж,Друго,0
2013,Број,Соколац,Оба пола,Друго,30
2013,Број,Соколац,M,Друго,16
2013,Број,Соколац,Ж,Друго,14
2013,Број,Србац,Оба пола,Друго,95
2013,Број,Србац,M,Друго,50
2013,Број,Србац,Ж,Друго,45
2013,Број,Сребреница,Оба пола,Друго,72
2013,Број,Сребреница,M,Друго,36
2013,Број,Сребреница,Ж,Друго,36
2013,Број,Теслић,Оба пола,Друго,316
2013,Број,Теслић,M,Друго,148
2013,Број,Теслић,Ж,Друго,168
2013,Број,Град Требиње,Оба пола,Друго,95
2013,Број,Град Требиње,M,Друго,42
2013,Број,Град Требиње,Ж,Друго,53
2013,Број,Трново,Оба пола,Друго,17
2013,Број,Трново,M,Друго,9
2013,Број,Трново,Ж,Друго,8
2013,Број,Угљевик,Оба пола,Друго,2
2013,Број,Угљевик,M,Друго,1
2013,Број,Угљевик,Ж,Друго,1
2013,Број,Фоча,Оба пола,Друго,104
2013,Број,Фоча,M,Друго,53
2013,Број,Фоча,Ж,Друго,51
2013,Број,Хан Пијесак,Оба пола,Друго,5
2013,Број,Хан Пијесак,M,Друго,3
2013,Број,Хан Пијесак,Ж,Друго,2
2013,Број,Чајниче,Оба пола,Друго,16
2013,Број,Чајниче,M,Друго,7
2013,Број,Чајниче,Ж,Друго,9
2013,Број,Челинац,Оба пола,Друго,44
2013,Број,Челинац,M,Друго,20
2013,Број,Челинац,Ж,Друго,24
2013,Број,Шамац,Оба пола,Друго,144
2013,Број,Шамац,M,Друго,68
2013,Број,Шамац,Ж,Друго,76
2013,Број,Шековићи,Оба пола,Друго,1
2013,Број,Шековићи,M,Друго,1
2013,Број,Шековићи,Ж,Друго,0
2013,Број,Шипово,Оба пола,Друго,32
2013,Број,Шипово,M,Друго,17
2013,Број,Шипово,Ж,Друго,15
2013,Број,Република Српска,Оба пола,does_not_declare,8028
2013,Број,Република Српска,M,does_not_declare,3554
2013,Број,Република Српска,Ж,does_not_declare,4474
2013,Број,Град Бања Лука,Оба пола,does_not_declare,2684
2013,Број,Град Бања Лука,M,does_not_declare,1186
2013,Број,Град Бања Лука,Ж,does_not_declare,1498
2013,Број,Берковићи,Оба пола,does_not_declare,1
2013,Број,Берковићи,M,does_not_declare,1
2013,Број,Берковићи,Ж,does_not_declare,0
2013,Број,Град Бијељина,Оба пола,does_not_declare,716
2013,Број,Град Бијељина,M,does_not_declare,307
2013,Број,Град Бијељина,Ж,does_not_declare,409
2013,Број,Билећа,Оба пола,does_not_declare,30
2013,Број,Билећа,M,does_not_declare,14
2013,Број,Билећа,Ж,does_not_declare,16
2013,Број,Братунац,Оба пола,does_not_declare,21
2013,Број,Братунац,M,does_not_declare,9
2013,Број,Братунац,Ж,does_not_declare,12
2013,Број,Брод,Оба пола,does_not_declare,160
2013,Број,Брод,M,does_not_declare,60
2013,Број,Брод,Ж,does_not_declare,100
2013,Број,Вишеград,Оба пола,does_not_declare,18
2013,Број,Вишеград,M,does_not_declare,9
2013,Број,Вишеград,Ж,does_not_declare,9
2013,Број,Власеница,Оба пола,does_not_declare,16
2013,Број,Власеница,M,does_not_declare,8
2013,Број,Власеница,Ж,does_not_declare,8
2013,Број,Вукосавље,Оба пола,does_not_declare,33
2013,Број,Вукосавље,M,does_not_declare,16
2013,Број,Вукосавље,Ж,does_not_declare,17
2013,Број,Гацко,Оба пола,does_not_declare,6
2013,Број,Гацко,M,does_not_declare,1
2013,Број,Гацко,Ж,does_not_declare,5
2013,Број,Град Градишка,Оба пола,does_not_declare,375
2013,Број,Град Градишка,M,does_not_declare,155
2013,Број,Град Градишка,Ж,does_not_declare,220
2013,Број,Град Дервента,Оба пола,does_not_declare,256
2013,Број,Град Дервента,M,does_not_declare,125
2013,Број,Град Дервента,Ж,does_not_declare,131
2013,Број,Град Добој,Оба пола,does_not_declare,526
2013,Број,Град Добој,M,does_not_declare,271
2013,Број,Град Добој,Ж,does_not_declare,255
2013,Број,Доњи Жабар,Оба пола,does_not_declare,6
2013,Број,Доњи Жабар,M,does_not_declare,2
2013,Број,Доњи Жабар,Ж,does_not_declare,4
2013,Број,Град Зворник,Оба пола,does_not_declare,67
2013,Број,Град Зворник,M,does_not_declare,31
2013,Број,Град Зворник,Ж,does_not_declare,36
2013,Број,Источна Илиџа,Оба пола,does_not_declare,92
2013,Број,Источна Илиџа,M,does_not_declare,41
2013,Број,Источна Илиџа,Ж,does_not_declare,51
2013,Број,Источни Дрвар,Оба пола,does_not_declare,0
2013,Број,Источни Дрвар,M,does_not_declare,0
2013,Број,Источни Дрвар,Ж,does_not_declare,0
2013,Број,Источни Мостар,Оба пола,does_not_declare,0
2013,Број,Источни Мостар,M,does_not_declare,0
2013,Број,Источни Мостар,Ж,does_not_declare,0
2013,Број,Источни Стари Град,Оба пола,does_not_declare,6
2013,Број,Источни Стари Град,M,does_not_declare,5
2013,Број,Источни Стари Град,Ж,does_not_declare,1
2013,Број,Источно Ново Сарајево,Оба пола,does_not_declare,56
2013,Број,Источно Ново Сарајево,M,does_not_declare,24
2013,Број,Источно Ново Сарајево,Ж,does_not_declare,32
2013,Број,Језеро,Оба пола,does_not_declare,0
2013,Број,Језеро,M,does_not_declare,0
2013,Број,Језеро,Ж,does_not_declare,0
2013,Број,Калиновик,Оба пола,does_not_declare,5
2013,Број,Калиновик,M,does_not_declare,4
2013,Број,Калиновик,Ж,does_not_declare,1
2013,Број,Кнежево,Оба пола,does_not_declare,4
2013,Број,Кнежево,M,does_not_declare,3
2013,Број,Кнежево,Ж,does_not_declare,1
2013,Број,Козарска Дубица,Оба пола,does_not_declare,178
2013,Број,Козарска Дубица,M,does_not_declare,77
2013,Број,Козарска Дубица,Ж,does_not_declare,101
2013,Број,Костајница,Оба пола,does_not_declare,67
2013,Број,Костајница,M,does_not_declare,26
2013,Број,Костајница,Ж,does_not_declare,41
2013,Број,Котор Варош,Оба пола,does_not_declare,107
2013,Број,Котор Варош,M,does_not_declare,45
2013,Број,Котор Варош,Ж,does_not_declare,62
2013,Број,Крупа на Уни,Оба пола,does_not_declare,0
2013,Број,Крупа на Уни,M,does_not_declare,0
2013,Број,Крупа на Уни,Ж,does_not_declare,0
2013,Број,Купрес,Оба пола,does_not_declare,1
2013,Број,Купрес,M,does_not_declare,1
2013,Број,Купрес,Ж,does_not_declare,0
2013,Број,Лакташи,Оба пола,does_not_declare,239
2013,Број,Лакташи,M,does_not_declare,112
2013,Број,Лакташи,Ж,does_not_declare,127
2013,Број,Лопаре,Оба пола,does_not_declare,22
2013,Број,Лопаре,M,does_not_declare,6
2013,Број,Лопаре,Ж,does_not_declare,16
2013,Број,Љубиње,Оба пола,does_not_declare,3
2013,Број,Љубиње,M,does_not_declare,2
2013,Број,Љубиње,Ж,does_not_declare,1
2013,Број,Милићи,Оба пола,does_not_declare,10
2013,Број,Милићи,M,does_not_declare,3
2013,Број,Милићи,Ж,does_not_declare,7
2013,Број,Модрича,Оба пола,does_not_declare,151
2013,Број,Модрича,M,does_not_declare,64
2013,Број,Модрича,Ж,does_not_declare,87
2013,Број,Мркоњић Град,Оба пола,does_not_declare,37
2013,Број,Мркоњић Град,M,does_not_declare,16
2013,Број,Мркоњић Град,Ж,does_not_declare,21
2013,Број,Невесиње,Оба пола,does_not_declare,14
2013,Број,Невесиње,M,does_not_declare,6
2013,Број,Невесиње,Ж,does_not_declare,8
2013,Број,Нови Град,Оба пола,does_not_declare,134
2013,Број,Нови Град,M,does_not_declare,58
2013,Број,Нови Град,Ж,does_not_declare,76
2013,Број,Ново Горажде,Оба пола,does_not_declare,5
2013,Број,Ново Горажде,M,does_not_declare,3
2013,Број,Ново Горажде,Ж,does_not_declare,2
2013,Број,Осмаци,Оба пола,does_not_declare,1
2013,Број,Осмаци,M,does_not_declare,1
2013,Број,Осмаци,Ж,does_not_declare,0
2013,Број,Оштра Лука,Оба пола,does_not_declare,13
2013,Број,Оштра Лука,M,does_not_declare,5
2013,Број,Оштра Лука,Ж,does_not_declare,8
2013,Број,Пале,Оба пола,does_not_declare,56
2013,Број,Пале,M,does_not_declare,22
2013,Број,Пале,Ж,does_not_declare,34
2013,Број,Пелагићево,Оба пола,does_not_declare,2
2013,Број,Пелагићево,M,does_not_declare,0
2013,Број,Пелагићево,Ж,does_not_declare,2
2013,Број,Петровац,Оба пола,does_not_declare,0
2013,Број,Петровац,M,does_not_declare,0
2013,Број,Петровац,Ж,does_not_declare,0
2013,Број,Петрово,Оба пола,does_not_declare,19
2013,Број,Петрово,M,does_not_declare,9
2013,Број,Петрово,Ж,does_not_declare,10
2013,Број,Град Приједор,Оба пола,does_not_declare,784
2013,Број,Град Приједор,M,does_not_declare,325
2013,Број,Град Приједор,Ж,does_not_declare,459
2013,Број,Прњавор,Оба пола,does_not_declare,223
2013,Број,Прњавор,M,does_not_declare,98
2013,Број,Прњавор,Ж,does_not_declare,125
2013,Број,Рибник,Оба пола,does_not_declare,3
2013,Број,Рибник,M,does_not_declare,1
2013,Број,Рибник,Ж,does_not_declare,2
2013,Број,Рогатица,Оба пола,does_not_declare,7
2013,Број,Рогатица,M,does_not_declare,4
2013,Број,Рогатица,Ж,does_not_declare,3
2013,Број,Рудо,Оба пола,does_not_declare,3
2013,Број,Рудо,M,does_not_declare,2
2013,Број,Рудо,Ж,does_not_declare,1
2013,Број,Соколац,Оба пола,does_not_declare,20
2013,Број,Соколац,M,does_not_declare,9
2013,Број,Соколац,Ж,does_not_declare,11
2013,Број,Србац,Оба пола,does_not_declare,95
2013,Број,Србац,M,does_not_declare,46
2013,Број,Србац,Ж,does_not_declare,49
2013,Број,Сребреница,Оба пола,does_not_declare,22
2013,Број,Сребреница,M,does_not_declare,10
2013,Број,Сребреница,Ж,does_not_declare,12
2013,Број,Теслић,Оба пола,does_not_declare,309
2013,Број,Теслић,M,does_not_declare,136
2013,Број,Теслић,Ж,does_not_declare,173
2013,Број,Град Требиње,Оба пола,does_not_declare,170
2013,Број,Град Требиње,M,does_not_declare,75
2013,Број,Град Требиње,Ж,does_not_declare,95
2013,Број,Трново,Оба пола,does_not_declare,4
2013,Број,Трново,M,does_not_declare,3
2013,Број,Трново,Ж,does_not_declare,1
2013,Број,Угљевик,Оба пола,does_not_declare,23
2013,Број,Угљевик,M,does_not_declare,11
2013,Број,Угљевик,Ж,does_not_declare,12
2013,Број,Фоча,Оба пола,does_not_declare,27
2013,Број,Фоча,M,does_not_declare,13
2013,Број,Фоча,Ж,does_not_declare,14
2013,Број,Хан Пијесак,Оба пола,does_not_declare,0
2013,Број,Хан Пијесак,M,does_not_declare,0
2013,Број,Хан Пијесак,Ж,does_not_declare,0
2013,Број,Чајниче,Оба пола,does_not_declare,1
2013,Број,Чајниче,M,does_not_declare,1
2013,Број,Чајниче,Ж,does_not_declare,0
2013,Број,Челинац,Оба пола,does_not_declare,30
2013,Број,Челинац,M,does_not_declare,15
2013,Број,Челинац,Ж,does_not_declare,15
2013,Број,Шамац,Оба пола,does_not_declare,147
2013,Број,Шамац,M,does_not_declare,64
2013,Број,Шамац,Ж,does_not_declare,83
2013,Број,Шековићи,Оба пола,does_not_declare,4
2013,Број,Шековићи,M,does_not_declare,3
2013,Број,Шековићи,Ж,does_not_declare,1
2013,Број,Шипово,Оба пола,does_not_declare,19
2013,Број,Шипово,M,does_not_declare,10
2013,Број,Шипово,Ж,does_not_declare,9
2013,Број,Република Српска,Оба пола,Непознато,2065
2013,Број,Република Српска,M,Непознато,963
2013,Број,Република Српска,Ж,Непознато,1102
2013,Број,Град Бања Лука,Оба пола,Непознато,357
2013,Број,Град Бања Лука,M,Непознато,173
2013,Број,Град Бања Лука,Ж,Непознато,184
2013,Број,Берковићи,Оба пола,Непознато,1
2013,Број,Берковићи,M,Непознато,0
2013,Број,Берковићи,Ж,Непознато,1
2013,Број,Град Бијељина,Оба пола,Непознато,102
2013,Број,Град Бијељина,M,Непознато,44
2013,Број,Град Бијељина,Ж,Непознато,58
2013,Број,Билећа,Оба пола,Непознато,12
2013,Број,Билећа,M,Непознато,4
2013,Број,Билећа,Ж,Непознато,8
2013,Број,Братунац,Оба пола,Непознато,40
2013,Број,Братунац,M,Непознато,16
2013,Број,Братунац,Ж,Непознато,24
2013,Број,Брод,Оба пола,Непознато,32
2013,Број,Брод,M,Непознато,12
2013,Број,Брод,Ж,Непознато,20
2013,Број,Вишеград,Оба пола,Непознато,179
2013,Број,Вишеград,M,Непознато,4
2013,Број,Вишеград,Ж,Непознато,175
2013,Број,Власеница,Оба пола,Непознато,21
2013,Број,Власеница,M,Непознато,10
2013,Број,Власеница,Ж,Непознато,11
2013,Број,Вукосавље,Оба пола,Непознато,14
2013,Број,Вукосавље,M,Непознато,3
2013,Број,Вукосавље,Ж,Непознато,11
2013,Број,Гацко,Оба пола,Непознато,7
2013,Број,Гацко,M,Непознато,2
2013,Број,Гацко,Ж,Непознато,5
2013,Број,Град Градишка,Оба пола,Непознато,46
2013,Број,Град Градишка,M,Непознато,21
2013,Број,Град Градишка,Ж,Непознато,25
2013,Број,Град Дервента,Оба пола,Непознато,47
2013,Број,Град Дервента,M,Непознато,21
2013,Број,Град Дервента,Ж,Непознато,26
2013,Број,Град Добој,Оба пола,Непознато,160
2013,Број,Град Добој,M,Непознато,64
2013,Број,Град Добој,Ж,Непознато,96
2013,Број,Доњи Жабар,Оба пола,Непознато,2
2013,Број,Доњи Жабар,M,Непознато,1
2013,Број,Доњи Жабар,Ж,Непознато,1
2013,Број,Град Зворник,Оба пола,Непознато,98
2013,Број,Град Зворник,M,Непознато,39
2013,Број,Град Зворник,Ж,Непознато,59
2013,Број,Источна Илиџа,Оба пола,Непознато,10
2013,Број,Источна Илиџа,M,Непознато,5
2013,Број,Источна Илиџа,Ж,Непознато,5
2013,Број,Источни Дрвар,Оба пола,Непознато,0
2013,Број,Источни Дрвар,M,Непознато,0
2013,Број,Источни Дрвар,Ж,Непознато,0
2013,Број,Источни Мостар,Оба пола,Непознато,2
2013,Број,Источни Мостар,M,Непознато,1
2013,Број,Источни Мостар,Ж,Непознато,1
2013,Број,Источни Стари Град,Оба пола,Непознато,2
2013,Број,Источни Стари Град,M,Непознато,1
2013,Број,Источни Стари Град,Ж,Непознато,1
2013,Број,Источно Ново Сарајево,Оба пола,Непознато,3
2013,Број,Источно Ново Сарајево,M,Непознато,0
2013,Број,Источно Ново Сарајево,Ж,Непознато,3
2013,Број,Језеро,Оба пола,Непознато,2
2013,Број,Језеро,M,Непознато,1
2013,Број,Језеро,Ж,Непознато,1
2013,Број,Калиновик,Оба пола,Непознато,0
2013,Број,Калиновик,M,Непознато,0
2013,Број,Калиновик,Ж,Непознато,0
2013,Број,Кнежево,Оба пола,Непознато,5
2013,Број,Кнежево,M,Непознато,3
2013,Број,Кнежево,Ж,Непознато,2
2013,Број,Козарска Дубица,Оба пола,Непознато,18
2013,Број,Козарска Дубица,M,Непознато,11
2013,Број,Козарска Дубица,Ж,Непознато,7
2013,Број,Костајница,Оба пола,Непознато,1
2013,Број,Костајница,M,Непознато,1
2013,Број,Костајница,Ж,Непознато,0
2013,Број,Котор Варош,Оба пола,Непознато,21
2013,Број,Котор Варош,M,Непознато,15
2013,Број,Котор Варош,Ж,Непознато,6
2013,Број,Крупа на Уни,Оба пола,Непознато,1
2013,Број,Крупа на Уни,M,Непознато,0
2013,Број,Крупа на Уни,Ж,Непознато,1
2013,Број,Купрес,Оба пола,Непознато,0
2013,Број,Купрес,M,Непознато,0
2013,Број,Купрес,Ж,Непознато,0
2013,Број,Лакташи,Оба пола,Непознато,48
2013,Број,Лакташи,M,Непознато,21
2013,Број,Лакташи,Ж,Непознато,27
2013,Број,Лопаре,Оба пола,Непознато,13
2013,Број,Лопаре,M,Непознато,6
2013,Број,Лопаре,Ж,Непознато,7
2013,Број,Љубиње,Оба пола,Непознато,2
2013,Број,Љубиње,M,Непознато,1
2013,Број,Љубиње,Ж,Непознато,1
2013,Број,Милићи,Оба пола,Непознато,8
2013,Број,Милићи,M,Непознато,3
2013,Број,Милићи,Ж,Непознато,5
2013,Број,Модрича,Оба пола,Непознато,125
2013,Број,Модрича,M,Непознато,66
2013,Број,Модрича,Ж,Непознато,59
2013,Број,Мркоњић Град,Оба пола,Непознато,13
2013,Број,Мркоњић Град,M,Непознато,7
2013,Број,Мркоњић Град,Ж,Непознато,6
2013,Број,Невесиње,Оба пола,Непознато,7
2013,Број,Невесиње,M,Непознато,2
2013,Број,Невесиње,Ж,Непознато,5
2013,Број,Нови Град,Оба пола,Непознато,26
2013,Број,Нови Град,M,Непознато,14
2013,Број,Нови Град,Ж,Непознато,12
2013,Број,Ново Горажде,Оба пола,Непознато,7
2013,Број,Ново Горажде,M,Непознато,3
2013,Број,Ново Горажде,Ж,Непознато,4
2013,Број,Осмаци,Оба пола,Непознато,4
2013,Број,Осмаци,M,Непознато,2
2013,Број,Осмаци,Ж,Непознато,2
2013,Број,Оштра Лука,Оба пола,Непознато,3
2013,Број,Оштра Лука,M,Непознато,2
2013,Број,Оштра Лука,Ж,Непознато,1
2013,Број,Пале,Оба пола,Непознато,11
2013,Број,Пале,M,Непознато,7
2013,Број,Пале,Ж,Непознато,4
2013,Број,Пелагићево,Оба пола,Непознато,5
2013,Број,Пелагићево,M,Непознато,1
2013,Број,Пелагићево,Ж,Непознато,4
2013,Број,Петровац,Оба пола,Непознато,0
2013,Број,Петровац,M,Непознато,0
2013,Број,Петровац,Ж,Непознато,0
2013,Број,Петрово,Оба пола,Непознато,4
2013,Број,Петрово,M,Непознато,2
2013,Број,Петрово,Ж,Непознато,2
2013,Број,Град Приједор,Оба пола,Непознато,374
2013,Број,Град Приједор,M,Непознато,257
2013,Број,Град Приједор,Ж,Непознато,117
2013,Број,Прњавор,Оба пола,Непознато,31
2013,Број,Прњавор,M,Непознато,13
2013,Број,Прњавор,Ж,Непознато,18
2013,Број,Рибник,Оба пола,Непознато,2
2013,Број,Рибник,M,Непознато,2
2013,Број,Рибник,Ж,Непознато,0
2013,Број,Рогатица,Оба пола,Непознато,4
2013,Број,Рогатица,M,Непознато,3
2013,Број,Рогатица,Ж,Непознато,1
2013,Број,Рудо,Оба пола,Непознато,4
2013,Број,Рудо,M,Непознато,0
2013,Број,Рудо,Ж,Непознато,4
2013,Број,Соколац,Оба пола,Непознато,14
2013,Број,Соколац,M,Непознато,3
2013,Број,Соколац,Ж,Непознато,11
2013,Број,Србац,Оба пола,Непознато,28
2013,Број,Србац,M,Непознато,13
2013,Број,Србац,Ж,Непознато,15
2013,Број,Сребреница,Оба пола,Непознато,20
2013,Број,Сребреница,M,Непознато,14
2013,Број,Сребреница,Ж,Непознато,6
2013,Број,Теслић,Оба пола,Непознато,43
2013,Број,Теслић,M,Непознато,21
2013,Број,Теслић,Ж,Непознато,22
2013,Број,Град Требиње,Оба пола,Непознато,14
2013,Број,Град Требиње,M,Непознато,8
2013,Број,Град Требиње,Ж,Непознато,6
2013,Број,Трново,Оба пола,Непознато,0
2013,Број,Трново,M,Непознато,0
2013,Број,Трново,Ж,Непознато,0
2013,Број,Угљевик,Оба пола,Непознато,13
2013,Број,Угљевик,M,Непознато,11
2013,Број,Угљевик,Ж,Непознато,2
2013,Број,Фоча,Оба пола,Непознато,12
2013,Број,Фоча,M,Непознато,6
2013,Број,Фоча,Ж,Непознато,6
2013,Број,Хан Пијесак,Оба пола,Непознато,0
2013,Број,Хан Пијесак,M,Непознато,0
2013,Број,Хан Пијесак,Ж,Непознато,0
2013,Број,Чајниче,Оба пола,Непознато,4
2013,Број,Чајниче,M,Непознато,1
2013,Број,Чајниче,Ж,Непознато,3
2013,Број,Челинац,Оба пола,Непознато,10
2013,Број,Челинац,M,Непознато,4
2013,Број,Челинац,Ж,Непознато,6
2013,Број,Шамац,Оба пола,Непознато,18
2013,Број,Шамац,M,Непознато,10
2013,Број,Шамац,Ж,Непознато,8
2013,Број,Шековићи,Оба пола,Непознато,9
2013,Број,Шековићи,M,Непознато,4
2013,Број,Шековићи,Ж,Непознато,5
2013,Број,Шипово,Оба пола,Непознато,6
2013,Број,Шипово,M,Непознато,4
2013,Број,Шипово,Ж,Непознато,2
