Year,UNIT_MEASURE,Административно подручје,Пол,Величина домаћинства,Value
2013,Број,Република Српска,Оба пола,Укупно,408825.0
2013,Број,Град Бања Лука,M,Укупно,65010.0
2013,Број,Берковићи,Ж,Укупно,636.0
2013,Број,Град Бијељина,Оба пола,Укупно,34309.0
2013,Број,Билећа,M,Укупно,3307.0
2013,Број,Братунац,Ж,Укупно,5945.0
2013,Број,Брод,Оба пола,Укупно,5599.0
2013,Број,Вишеград,M,Укупно,3966.0
2013,Број,Власеница,Ж,Укупно,3712.0
2013,Број,Вукосавље,Оба пола,Укупно,1537.0
2013,Број,Гацко,M,Укупно,2766.0
2013,Број,Град Градишка,Ж,Укупно,16939.0
2013,Број,Град Дервента,Оба пола,Укупно,9345.0
2013,Број,Град Добој,M,Укупно,25447.0
2013,Број,Доњи Жабар,Ж,Укупно,1191.0
2013,Број,Град Зворник,Оба пола,Укупно,17690.0
2013,Број,Источна Илиџа,M,Укупно,4981.0
2013,Број,Источни Дрвар,Ж,Укупно,38.0
2013,Број,Источни Мостар,Оба пола,Укупно,83.0
2013,Број,Источни Стари Град,M,Укупно,438.0
2013,Број,Источно Ново Сарајево,Ж,Укупно,3819.0
2013,Број,Језеро,Оба пола,Укупно,365.0
2013,Број,Калиновик,M,Укупно,783.0
2013,Број,Кнежево,Ж,Укупно,3168.0
2013,Број,Козарска Дубица,Оба пола,Укупно,7492.0
2013,Број,Костајница,M,Укупно,1896.0
2013,Број,Котор Варош,Ж,Укупно,5863.0
2013,Број,Крупа на Уни,Оба пола,Укупно,543.0
2013,Број,Купрес,M,Укупно,128.0
2013,Број,Лакташи,Ж,Укупно,11293.0
2013,Број,Лопаре,Оба пола,Укупно,5081.0
2013,Број,Љубиње,M,Укупно,1077.0
2013,Број,Милићи,Ж,Укупно,3579.0
2013,Број,Модрича,Оба пола,Укупно,8553.0
2013,Број,Мркоњић Град,M,Укупно,6104.0
2013,Број,Невесиње,Ж,Укупно,3985.0
2013,Број,Нови Град,Оба пола,Укупно,8792.0
2013,Број,Ново Горажде,M,Укупно,1078.0
2013,Број,Осмаци,Ж,Укупно,1675.0
2013,Број,Оштра Лука,Оба пола,Укупно,971.0
2013,Број,Пале,M,Укупно,7158.0
2013,Број,Пелагићево,Ж,Укупно,1787.0
2013,Број,Петровац,Оба пола,Укупно,130.0
2013,Број,Петрово,M,Укупно,2532.0
2013,Број,Град Приједор,Ж,Укупно,27961.0
2013,Број,Прњавор,Оба пола,Укупно,12166.0
2013,Број,Рибник,M,Укупно,2252.0
2013,Број,Рогатица,Ж,Укупно,3871.0
2013,Број,Рудо,Оба пола,Укупно,2847.0
2013,Број,Соколац,M,Укупно,4276.0
2013,Број,Србац,Ж,Укупно,6157.0
2013,Број,Сребреница,Оба пола,Укупно,3792.0
2013,Број,Теслић,M,Укупно,13255.0
2013,Број,Град Требиње,Ж,Укупно,9394.0
2013,Број,Трново,Оба пола,Укупно,800.0
2013,Број,Угљевик,M,Укупно,4867.0
2013,Број,Фоча,Ж,Укупно,6544.0
2013,Број,Хан Пијесак,Оба пола,Укупно,1390.0
2013,Број,Чајниче,M,Укупно,1662.0
2013,Број,Челинац,Ж,Укупно,5009.0
2013,Број,Шамац,Оба пола,Укупно,5609.0
2013,Број,Шековићи,M,Укупно,2517.0
2013,Број,Шипово,Ж,Укупно,3665.0
2013,Број,Република Српска,Оба пола,1 члан,91300.0
2013,Број,Град Бања Лука,M,1 члан,13984.0
2013,Број,Берковићи,Ж,1 члан,129.0
2013,Број,Град Бијељина,Оба пола,1 члан,6984.0
2013,Број,Билећа,M,1 члан,629.0
2013,Број,Братунац,Ж,1 члан,1155.0
2013,Број,Брод,Оба пола,1 члан,1360.0
2013,Број,Вишеград,M,1 члан,1132.0
2013,Број,Власеница,Ж,1 члан,768.0
2013,Број,Вукосавље,Оба пола,1 члан,348.0
2013,Број,Гацко,M,1 члан,522.0
2013,Број,Град Градишка,Ж,1 члан,3782.0
2013,Број,Град Дервента,Оба пола,1 члан,2270.0
2013,Број,Град Добој,M,1 члан,6230.0
2013,Број,Доњи Жабар,Ж,1 члан,271.0
2013,Број,Град Зворник,Оба пола,1 члан,3323.0
2013,Број,Источна Илиџа,M,1 члан,949.0
2013,Број,Источни Дрвар,Ж,1 члан,24.0
2013,Број,Источни Мостар,Оба пола,1 члан,29.0
2013,Број,Источни Стари Град,M,1 члан,123.0
2013,Број,Источно Ново Сарајево,Ж,1 члан,904.0
2013,Број,Језеро,Оба пола,1 члан,86.0
2013,Број,Калиновик,M,1 члан,245.0
2013,Број,Кнежево,Ж,1 члан,611.0
2013,Број,Козарска Дубица,Оба пола,1 члан,1898.0
2013,Број,Костајница,M,1 члан,384.0
2013,Број,Котор Варош,Ж,1 члан,1089.0
2013,Број,Крупа на Уни,Оба пола,1 члан,159.0
2013,Број,Купрес,M,1 члан,44.0
2013,Број,Лакташи,Ж,1 члан,2093.0
2013,Број,Лопаре,Оба пола,1 члан,1256.0
2013,Број,Љубиње,M,1 члан,196.0
2013,Број,Милићи,Ж,1 члан,789.0
2013,Број,Модрича,Оба пола,1 члан,1983.0
2013,Број,Мркоњић Град,M,1 члан,1538.0
2013,Број,Невесиње,Ж,1 члан,766.0
2013,Број,Нови Град,Оба пола,1 члан,1965.0
2013,Број,Ново Горажде,M,1 члан,270.0
2013,Број,Осмаци,Ж,1 члан,254.0
2013,Број,Оштра Лука,Оба пола,1 члан,277.0
2013,Број,Пале,M,1 члан,1515.0
2013,Број,Пелагићево,Ж,1 члан,640.0
2013,Број,Петровац,Оба пола,1 члан,34.0
2013,Број,Петрово,M,1 члан,726.0
2013,Број,Град Приједор,Ж,1 члан,6423.0
2013,Број,Прњавор,Оба пола,1 члан,2943.0
2013,Број,Рибник,M,1 члан,642.0
2013,Број,Рогатица,Ж,1 члан,986.0
2013,Број,Рудо,Оба пола,1 члан,696.0
2013,Број,Соколац,M,1 члан,1022.0
2013,Број,Србац,Ж,1 члан,1507.0
2013,Број,Сребреница,Оба пола,1 члан,874.0
2013,Број,Теслић,M,1 члан,3060.0
2013,Број,Град Требиње,Ж,1 члан,1848.0
2013,Број,Трново,Оба пола,1 члан,223.0
2013,Број,Угљевик,M,1 члан,1019.0
2013,Број,Фоча,Ж,1 члан,1635.0
2013,Број,Хан Пијесак,Оба пола,1 члан,389.0
2013,Број,Чајниче,M,1 члан,395.0
2013,Број,Челинац,Ж,1 члан,951.0
2013,Број,Шамац,Оба пола,1 члан,1406.0
2013,Број,Шековићи,M,1 члан,708.0
2013,Број,Шипово,Ж,1 члан,839.0
2013,Број,Република Српска,Оба пола,2 члана,107130.0
2013,Број,Град Бања Лука,M,2 члана,17243.0
2013,Број,Берковићи,Ж,2 члана,166.0
2013,Број,Град Бијељина,Оба пола,2 члана,8272.0
2013,Број,Билећа,M,2 члана,719.0
2013,Број,Братунац,Ж,2 члана,1345.0
2013,Број,Брод,Оба пола,2 члана,1439.0
2013,Број,Вишеград,M,2 члана,1172.0
2013,Број,Власеница,Ж,2 члана,1001.0
2013,Број,Вукосавље,Оба пола,2 члана,425.0
2013,Број,Гацко,M,2 члана,622.0
2013,Број,Град Градишка,Ж,2 члана,4438.0
2013,Број,Град Дервента,Оба пола,2 члана,2598.0
2013,Број,Град Добој,M,2 члана,7242.0
2013,Број,Доњи Жабар,Ж,2 члана,290.0
2013,Број,Град Зворник,Оба пола,2 члана,4288.0
2013,Број,Источна Илиџа,M,2 члана,1316.0
2013,Број,Источни Дрвар,Ж,2 члана,7.0
2013,Број,Источни Мостар,Оба пола,2 члана,15.0
2013,Број,Источни Стари Град,M,2 члана,146.0
2013,Број,Источно Ново Сарајево,Ж,2 члана,1011.0
2013,Број,Језеро,Оба пола,2 члана,89.0
2013,Број,Калиновик,M,2 члана,213.0
2013,Број,Кнежево,Ж,2 члана,937.0
2013,Број,Козарска Дубица,Оба пола,2 члана,2021.0
2013,Број,Костајница,M,2 члана,477.0
2013,Број,Котор Варош,Ж,2 члана,1358.0
2013,Број,Крупа на Уни,Оба пола,2 члана,128.0
2013,Број,Купрес,M,2 члана,48.0
2013,Број,Лакташи,Ж,2 члана,2768.0
2013,Број,Лопаре,Оба пола,2 члана,1261.0
2013,Број,Љубиње,M,2 члана,254.0
2013,Број,Милићи,Ж,2 члана,859.0
2013,Број,Модрича,Оба пола,2 члана,2332.0
2013,Број,Мркоњић Град,M,2 члана,1806.0
2013,Број,Невесиње,Ж,2 члана,939.0
2013,Број,Нови Град,Оба пола,2 члана,2390.0
2013,Број,Ново Горажде,M,2 члана,288.0
2013,Број,Осмаци,Ж,2 члана,372.0
2013,Број,Оштра Лука,Оба пола,2 члана,243.0
2013,Број,Пале,M,2 члана,1890.0
2013,Број,Пелагићево,Ж,2 члана,516.0
2013,Број,Петровац,Оба пола,2 члана,35.0
2013,Број,Петрово,M,2 члана,760.0
2013,Број,Град Приједор,Ж,2 члана,7125.0
2013,Број,Прњавор,Оба пола,2 члана,3253.0
2013,Број,Рибник,M,2 члана,673.0
2013,Број,Рогатица,Ж,2 члана,1120.0
2013,Број,Рудо,Оба пола,2 члана,851.0
2013,Број,Соколац,M,2 члана,1227.0
2013,Број,Србац,Ж,2 члана,1729.0
2013,Број,Сребреница,Оба пола,2 члана,858.0
2013,Број,Теслић,M,2 члана,3602.0
2013,Број,Град Требиње,Ж,2 члана,2317.0
2013,Број,Трново,Оба пола,2 члана,250.0
2013,Број,Угљевик,M,2 члана,1118.0
2013,Број,Фоча,Ж,2 члана,1877.0
2013,Број,Хан Пијесак,Оба пола,2 члана,439.0
2013,Број,Чајниче,M,2 члана,442.0
2013,Број,Челинац,Ж,2 члана,1260.0
2013,Број,Шамац,Оба пола,2 члана,1408.0
2013,Број,Шековићи,M,2 члана,783.0
2013,Број,Шипово,Ж,2 члана,1059.0
2013,Број,Република Српска,Оба пола,3 члана,79155.0
2013,Број,Град Бања Лука,M,3 члана,14267.0
2013,Број,Берковићи,Ж,3 члана,92.0
2013,Број,Град Бијељина,Оба пола,3 члана,6586.0
2013,Број,Билећа,M,3 члана,620.0
2013,Број,Братунац,Ж,3 члана,1137.0
2013,Број,Брод,Оба пола,3 члана,1107.0
2013,Број,Вишеград,M,3 члана,724.0
2013,Број,Власеница,Ж,3 члана,747.0
2013,Број,Вукосавље,Оба пола,3 члана,280.0
2013,Број,Гацко,M,3 члана,561.0
2013,Број,Град Градишка,Ж,3 члана,3140.0
2013,Број,Град Дервента,Оба пола,3 члана,1688.0
2013,Број,Град Добој,M,3 члана,4956.0
2013,Број,Доњи Жабар,Ж,3 члана,178.0
2013,Број,Град Зворник,Оба пола,3 члана,3400.0
2013,Број,Источна Илиџа,M,3 члана,1075.0
2013,Број,Источни Дрвар,Ж,3 члана,6.0
2013,Број,Источни Мостар,Оба пола,3 члана,12.0
2013,Број,Источни Стари Град,M,3 члана,75.0
2013,Број,Источно Ново Сарајево,Ж,3 члана,813.0
2013,Број,Језеро,Оба пола,3 члана,75.0
2013,Број,Калиновик,M,3 члана,136.0
2013,Број,Кнежево,Ж,3 члана,554.0
2013,Број,Козарска Дубица,Оба пола,3 члана,1351.0
2013,Број,Костајница,M,3 члана,384.0
2013,Број,Котор Варош,Ж,3 члана,1079.0
2013,Број,Крупа на Уни,Оба пола,3 члана,84.0
2013,Број,Купрес,M,3 члана,16.0
2013,Број,Лакташи,Ж,3 члана,2241.0
2013,Број,Лопаре,Оба пола,3 члана,908.0
2013,Број,Љубиње,M,3 члана,234.0
2013,Број,Милићи,Ж,3 члана,709.0
2013,Број,Модрича,Оба пола,3 члана,1567.0
2013,Број,Мркоњић Град,M,3 члана,1218.0
2013,Број,Невесиње,Ж,3 члана,701.0
2013,Број,Нови Град,Оба пола,3 члана,1669.0
2013,Број,Ново Горажде,M,3 члана,193.0
2013,Број,Осмаци,Ж,3 члана,317.0
2013,Број,Оштра Лука,Оба пола,3 члана,151.0
2013,Број,Пале,M,3 члана,1438.0
2013,Број,Пелагићево,Ж,3 члана,225.0
2013,Број,Петровац,Оба пола,3 члана,22.0
2013,Број,Петрово,M,3 члана,448.0
2013,Број,Град Приједор,Ж,3 члана,5351.0
2013,Број,Прњавор,Оба пола,3 члана,2183.0
2013,Број,Рибник,M,3 члана,356.0
2013,Број,Рогатица,Ж,3 члана,709.0
2013,Број,Рудо,Оба пола,3 члана,523.0
2013,Број,Соколац,M,3 члана,808.0
2013,Број,Србац,Ж,3 члана,1106.0
2013,Број,Сребреница,Оба пола,3 члана,656.0
2013,Број,Теслић,M,3 члана,2559.0
2013,Број,Град Требиње,Ж,3 члана,1871.0
2013,Број,Трново,Оба пола,3 члана,143.0
2013,Број,Угљевик,M,3 члана,821.0
2013,Број,Фоча,Ж,3 члана,1263.0
2013,Број,Хан Пијесак,Оба пола,3 члана,249.0
2013,Број,Чајниче,M,3 члана,303.0
2013,Број,Челинац,Ж,3 члана,985.0
2013,Број,Шамац,Оба пола,3 члана,971.0
2013,Број,Шековићи,M,3 члана,418.0
2013,Број,Шипово,Ж,3 члана,696.0
2013,Број,Република Српска,Оба пола,4 члана,72771.0
2013,Број,Град Бања Лука,M,4 члана,12952.0
2013,Број,Берковићи,Ж,4 члана,84.0
2013,Број,Град Бијељина,Оба пола,4 члана,6377.0
2013,Број,Билећа,M,4 члана,616.0
2013,Број,Братунац,Ж,4 члана,1161.0
2013,Број,Брод,Оба пола,4 члана,928.0
2013,Број,Вишеград,M,4 члана,582.0
2013,Број,Власеница,Ж,4 члана,687.0
2013,Број,Вукосавље,Оба пола,4 члана,249.0
2013,Број,Гацко,M,4 члана,480.0
2013,Број,Град Градишка,Ж,4 члана,2878.0
2013,Број,Град Дервента,Оба пола,4 члана,1520.0
2013,Број,Град Добој,M,4 члана,4148.0
2013,Број,Доњи Жабар,Ж,4 члана,184.0
2013,Број,Град Зворник,Оба пола,4 члана,3448.0
2013,Број,Источна Илиџа,M,4 члана,1028.0
2013,Број,Источни Дрвар,Ж,4 члана,0.0
2013,Број,Источни Мостар,Оба пола,4 члана,10.0
2013,Број,Источни Стари Град,M,4 члана,43.0
2013,Број,Источно Ново Сарајево,Ж,4 члана,702.0
2013,Број,Језеро,Оба пола,4 члана,58.0
2013,Број,Калиновик,M,4 члана,109.0
2013,Број,Кнежево,Ж,4 члана,551.0
2013,Број,Козарска Дубица,Оба пола,4 члана,1175.0
2013,Број,Костајница,M,4 члана,311.0
2013,Број,Котор Варош,Ж,4 члана,1206.0
2013,Број,Крупа на Уни,Оба пола,4 члана,72.0
2013,Број,Купрес,M,4 члана,6.0
2013,Број,Лакташи,Ж,4 члана,2345.0
2013,Број,Лопаре,Оба пола,4 члана,805.0
2013,Број,Љубиње,M,4 члана,194.0
2013,Број,Милићи,Ж,4 члана,714.0
2013,Број,Модрича,Оба пола,4 члана,1422.0
2013,Број,Мркоњић Град,M,4 члана,939.0
2013,Број,Невесиње,Ж,4 члана,736.0
2013,Број,Нови Град,Оба пола,4 члана,1422.0
2013,Број,Ново Горажде,M,4 члана,204.0
2013,Број,Осмаци,Ж,4 члана,358.0
2013,Број,Оштра Лука,Оба пола,4 члана,131.0
2013,Број,Пале,M,4 члана,1418.0
2013,Број,Пелагићево,Ж,4 члана,191.0
2013,Број,Петровац,Оба пола,4 члана,19.0
2013,Број,Петрово,M,4 члана,370.0
2013,Број,Град Приједор,Ж,4 члана,4862.0
2013,Број,Прњавор,Оба пола,4 члана,1953.0
2013,Број,Рибник,M,4 члана,308.0
2013,Број,Рогатица,Ж,4 члана,630.0
2013,Број,Рудо,Оба пола,4 члана,467.0
2013,Број,Соколац,M,4 члана,728.0
2013,Број,Србац,Ж,4 члана,1011.0
2013,Број,Сребреница,Оба пола,4 члана,652.0
2013,Број,Теслић,M,4 члана,2147.0
2013,Број,Град Требиње,Ж,4 члана,1765.0
2013,Број,Трново,Оба пола,4 члана,110.0
2013,Број,Угљевик,M,4 члана,932.0
2013,Број,Фоча,Ж,4 члана,1115.0
2013,Број,Хан Пијесак,Оба пола,4 члана,194.0
2013,Број,Чајниче,M,4 члана,278.0
2013,Број,Челинац,Ж,4 члана,964.0
2013,Број,Шамац,Оба пола,4 члана,823.0
2013,Број,Шековићи,M,4 члана,379.0
2013,Број,Шипово,Ж,4 члана,620.0
2013,Број,Република Српска,Оба пола,5 и више чланова,58469.0
2013,Број,Град Бања Лука,M,5 и више чланова,6564.0
2013,Број,Берковићи,Ж,5 и више чланова,165.0
2013,Број,Град Бијељина,Оба пола,5 и више чланова,6090.0
2013,Број,Билећа,M,5 и више чланова,723.0
2013,Број,Братунац,Ж,5 и више чланова,1147.0
2013,Број,Брод,Оба пола,5 и више чланова,765.0
2013,Број,Вишеград,M,5 и више чланова,356.0
2013,Број,Власеница,Ж,5 и више чланова,509.0
2013,Број,Вукосавље,Оба пола,5 и више чланова,235.0
2013,Број,Гацко,M,5 и више чланова,581.0
2013,Број,Град Градишка,Ж,5 и више чланова,2701.0
2013,Број,Град Дервента,Оба пола,5 и више чланова,1269.0
2013,Број,Град Добој,M,5 и више чланова,2871.0
2013,Број,Доњи Жабар,Ж,5 и више чланова,268.0
2013,Број,Град Зворник,Оба пола,5 и више чланова,3231.0
2013,Број,Источна Илиџа,M,5 и више чланова,613.0
2013,Број,Источни Дрвар,Ж,5 и више чланова,1.0
2013,Број,Источни Мостар,Оба пола,5 и више чланова,17.0
2013,Број,Источни Стари Град,M,5 и више чланова,51.0
2013,Број,Источно Ново Сарајево,Ж,5 и више чланова,389.0
2013,Број,Језеро,Оба пола,5 и више чланова,57.0
2013,Број,Калиновик,M,5 и више чланова,80.0
2013,Број,Кнежево,Ж,5 и више чланова,515.0
2013,Број,Козарска Дубица,Оба пола,5 и више чланова,1047.0
2013,Број,Костајница,M,5 и више чланова,340.0
2013,Број,Котор Варош,Ж,5 и више чланова,1131.0
2013,Број,Крупа на Уни,Оба пола,5 и више чланова,100.0
2013,Број,Купрес,M,5 и више чланова,14.0
2013,Број,Лакташи,Ж,5 и више чланова,1846.0
2013,Број,Лопаре,Оба пола,5 и више чланова,851.0
2013,Број,Љубиње,M,5 и више чланова,199.0
2013,Број,Милићи,Ж,5 и више чланова,508.0
2013,Број,Модрича,Оба пола,5 и више чланова,1249.0
2013,Број,Мркоњић Град,M,5 и више чланова,603.0
2013,Број,Невесиње,Ж,5 и више чланова,843.0
2013,Број,Нови Град,Оба пола,5 и више чланова,1346.0
2013,Број,Ново Горажде,M,5 и више чланова,123.0
2013,Број,Осмаци,Ж,5 и више чланова,374.0
2013,Број,Оштра Лука,Оба пола,5 и више чланова,169.0
2013,Број,Пале,M,5 и више чланова,897.0
2013,Број,Пелагићево,Ж,5 и више чланова,215.0
2013,Број,Петровац,Оба пола,5 и више чланова,20.0
2013,Број,Петрово,M,5 и више чланова,228.0
2013,Број,Град Приједор,Ж,5 и више чланова,4200.0
2013,Број,Прњавор,Оба пола,5 и више чланова,1834.0
2013,Број,Рибник,M,5 и више чланова,273.0
2013,Број,Рогатица,Ж,5 и више чланова,426.0
2013,Број,Рудо,Оба пола,5 и више чланова,310.0
2013,Број,Соколац,M,5 и више чланова,491.0
2013,Број,Србац,Ж,5 и више чланова,804.0
2013,Број,Сребреница,Оба пола,5 и више чланова,752.0
2013,Број,Теслић,M,5 и више чланова,1887.0
2013,Број,Град Требиње,Ж,5 и више чланова,1593.0
2013,Број,Трново,Оба пола,5 и више чланова,74.0
2013,Број,Угљевик,M,5 и више чланова,977.0
2013,Број,Фоча,Ж,5 и више чланова,654.0
2013,Број,Хан Пијесак,Оба пола,5 и више чланова,119.0
2013,Број,Чајниче,M,5 и више чланова,244.0
2013,Број,Челинац,Ж,5 и више чланова,849.0
2013,Број,Шамац,Оба пола,5 и више чланова,1001.0
2013,Број,Шековићи,M,5 и више чланова,229.0
2013,Број,Шипово,Ж,5 и више чланова,451.0
2013,Број,Република Српска,Оба пола,Просјечан број чланова домаћинства,2.85
2013,Број,Град Бања Лука,M,Просјечан број чланова домаћинства,2.76
2013,Број,Берковићи,Ж,Просјечан број чланова домаћинства,3.21
2013,Број,Град Бијељина,Оба пола,Просјечан број чланова домаћинства,3.02
2013,Број,Билећа,M,Просјечан број чланова домаћинства,3.21
2013,Број,Братунац,Ж,Просјечан број чланова домаћинства,3.14
2013,Број,Брод,Оба пола,Просјечан број чланова домаћинства,2.81
2013,Број,Вишеград,M,Просјечан број чланова домаћинства,2.51
2013,Број,Власеница,Ж,Просјечан број чланова домаћинства,2.87
2013,Број,Вукосавље,Оба пола,Просјечан број чланова домаћинства,2.84
2013,Број,Гацко,M,Просјечан број чланова домаћинства,3.15
2013,Број,Град Градишка,Ж,Просјечан број чланова домаћинства,2.9
2013,Број,Град Дервента,Оба пола,Просјечан број чланова домаћинства,2.77
2013,Број,Град Добој,M,Просјечан број чланова домаћинства,2.68
2013,Број,Доњи Жабар,Ж,Просјечан број чланова домаћинства,3.08
2013,Број,Град Зворник,Оба пола,Просјечан број чланова домаћинства,3.07
2013,Број,Источна Илиџа,M,Просјечан број чланова домаћинства,2.86
2013,Број,Источни Дрвар,Ж,Просјечан број чланова домаћинства,1.61
2013,Број,Источни Мостар,Оба пола,Просјечан број чланова домаћинства,2.94
2013,Број,Источни Стари Град,M,Просјечан број чланова домаћинства,2.55
2013,Број,Источно Ново Сарајево,Ж,Просјечан број чланова домаћинства,2.71
2013,Број,Језеро,Оба пола,Просјечан број чланова домаћинства,2.85
2013,Број,Калиновик,M,Просјечан број чланова домаћинства,2.5
2013,Број,Кнежево,Ж,Просјечан број чланова домаћинства,2.94
2013,Број,Козарска Дубица,Оба пола,Просјечан број чланова домаћинства,2.76
2013,Број,Костајница,M,Просјечан број чланова домаћинства,2.98
2013,Број,Котор Варош,Ж,Просјечан број чланова домаћинства,3.13
2013,Број,Крупа на Уни,Оба пола,Просјечан број чланова домаћинства,2.87
2013,Број,Купрес,M,Просјечан број чланова домаћинства,2.29
2013,Број,Лакташи,Ж,Просјечан број чланова домаћинства,3.02
2013,Број,Лопаре,Оба пола,Просјечан број чланова домаћинства,2.88
2013,Број,Љубиње,M,Просјечан број чланова домаћинства,3.08
2013,Број,Милићи,Ж,Просјечан број чланова домаћинства,2.92
2013,Број,Модрича,Оба пола,Просјечан број чланова домаћинства,2.83
2013,Број,Мркоњић Град,M,Просјечан број чланова домаћинства,2.6
2013,Број,Невесиње,Ж,Просјечан број чланова домаћинства,3.15
2013,Број,Нови Град,Оба пола,Просјечан број чланова домаћинства,2.87
2013,Број,Ново Горажде,M,Просјечан број чланова домаћинства,2.7
2013,Број,Осмаци,Ж,Просјечан број чланова домаћинства,3.31
2013,Број,Оштра Лука,Оба пола,Просјечан број чланова домаћинства,2.79
2013,Број,Пале,M,Просјечан број чланова домаћинства,2.83
2013,Број,Пелагићево,Ж,Просјечан број чланова домаћинства,2.43
2013,Број,Петровац,Оба пола,Просјечан број чланова домаћинства,2.72
2013,Број,Петрово,M,Просјечан број чланова домаћинства,2.49
2013,Број,Град Приједор,Ж,Просјечан број чланова домаћинства,2.88
2013,Број,Прњавор,Оба пола,Просјечан број чланова домаћинства,2.82
2013,Број,Рибник,M,Просјечан број чланова домаћинства,2.6
2013,Број,Рогатица,Ж,Просјечан број чланова домаћинства,2.65
2013,Број,Рудо,Оба пола,Просјечан број чланова домаћинства,2.66
2013,Број,Соколац,M,Просјечан број чланова домаћинства,2.7
2013,Број,Србац,Ж,Просјечан број чланова домаћинства,2.75
2013,Број,Сребреница,Оба пола,Просјечан број чланова домаћинства,3.08
2013,Број,Теслић,M,Просјечан број чланова домаћинства,2.81
2013,Број,Град Требиње,Ж,Просјечан број чланова домаћинства,2.99
2013,Број,Трново,Оба пола,Просјечан број чланова домаћинства,2.48
2013,Број,Угљевик,M,Просјечан број чланова домаћинства,3.11
2013,Број,Фоча,Ж,Просјечан број чланова домаћинства,2.63
2013,Број,Хан Пијесак,Оба пола,Просјечан број чланова домаћинства,2.48
2013,Број,Чајниче,M,Просјечан број чланова домаћинства,2.82
2013,Број,Челинац,Ж,Просјечан број чланова домаћинства,3.02
2013,Број,Шамац,Оба пола,Просјечан број чланова домаћинства,2.91
2013,Број,Шековићи,M,Просјечан број чланова домаћинства,2.51
2013,Број,Шипово,Ж,Просјечан број чланова домаћинства,2.72
