Year,UNIT_MEASURE,Административно подручје,Пол,Education,Value
2013,Број,Република Српска,Оба пола,Укупно,1005535
2013,Број,Република Српска,M,Укупно,487292
2013,Број,Република Српска,Ж,Укупно,518243
2013,Број,Град Бања Лука,Оба пола,Укупно,153659
2013,Број,Град Бања Лука,M,Укупно,73026
2013,Број,Град Бања Лука,Ж,Укупно,80633
2013,Број,Берковићи,Оба пола,Укупно,1684
2013,Број,Берковићи,M,Укупно,845
2013,Број,Берковићи,Ж,Укупно,839
2013,Број,Град Бијељина,Оба пола,Укупно,88664
2013,Број,Град Бијељина,M,Укупно,42935
2013,Број,Град Бијељина,Ж,Укупно,45729
2013,Број,Билећа,Оба пола,Укупно,9036
2013,Број,Билећа,M,Укупно,4536
2013,Број,Билећа,Ж,Укупно,4500
2013,Број,Братунац,Оба пола,Укупно,15912
2013,Број,Братунац,M,Укупно,7785
2013,Број,Братунац,Ж,Укупно,8127
2013,Број,Брод,Оба пола,Укупно,13506
2013,Број,Брод,M,Укупно,6510
2013,Број,Брод,Ж,Укупно,6996
2013,Број,Вишеград,Оба пола,Укупно,8950
2013,Број,Вишеград,M,Укупно,4259
2013,Број,Вишеград,Ж,Укупно,4691
2013,Број,Власеница,Оба пола,Укупно,9131
2013,Број,Власеница,M,Укупно,4393
2013,Број,Власеница,Ж,Укупно,4738
2013,Број,Вукосавље,Оба пола,Укупно,3701
2013,Број,Вукосавље,M,Укупно,1852
2013,Број,Вукосавље,Ж,Укупно,1849
2013,Број,Гацко,Оба пола,Укупно,7337
2013,Број,Гацко,M,Укупно,3691
2013,Број,Гацко,Ж,Укупно,3646
2013,Број,Град Градишка,Оба пола,Укупно,42640
2013,Број,Град Градишка,M,Укупно,20635
2013,Број,Град Градишка,Ж,Укупно,22005
2013,Број,Град Дервента,Оба пола,Укупно,22345
2013,Број,Град Дервента,M,Укупно,10830
2013,Број,Град Дервента,Ж,Укупно,11515
2013,Број,Град Добој,Оба пола,Укупно,58805
2013,Број,Град Добој,M,Укупно,28207
2013,Број,Град Добој,Ж,Укупно,30598
2013,Број,Доњи Жабар,Оба пола,Укупно,3139
2013,Број,Доњи Жабар,M,Укупно,1578
2013,Број,Доњи Жабар,Ж,Укупно,1561
2013,Број,Град Зворник,Оба пола,Укупно,45697
2013,Број,Град Зворник,M,Укупно,22384
2013,Број,Град Зворник,Ж,Укупно,23313
2013,Број,Источна Илиџа,Оба пола,Укупно,12477
2013,Број,Источна Илиџа,M,Укупно,5939
2013,Број,Источна Илиџа,Ж,Укупно,6538
2013,Број,Источни Дрвар,Оба пола,Укупно,65
2013,Број,Источни Дрвар,M,Укупно,43
2013,Број,Источни Дрвар,Ж,Укупно,22
2013,Број,Источни Мостар,Оба пола,Укупно,213
2013,Број,Источни Мостар,M,Укупно,120
2013,Број,Источни Мостар,Ж,Укупно,93
2013,Број,Источни Стари Град,Оба пола,Укупно,1004
2013,Број,Источни Стари Град,M,Укупно,488
2013,Број,Источни Стари Град,Ж,Укупно,516
2013,Број,Источно Ново Сарајево,Оба пола,Укупно,8824
2013,Број,Источно Ново Сарајево,M,Укупно,4165
2013,Број,Источно Ново Сарајево,Ж,Укупно,4659
2013,Број,Језеро,Оба пола,Укупно,902
2013,Број,Језеро,M,Укупно,465
2013,Број,Језеро,Ж,Укупно,437
2013,Број,Калиновик,Оба пола,Укупно,1769
2013,Број,Калиновик,M,Укупно,871
2013,Број,Калиновик,Ж,Укупно,898
2013,Број,Кнежево,Оба пола,Укупно,8016
2013,Број,Кнежево,M,Укупно,3937
2013,Број,Кнежево,Ж,Укупно,4079
2013,Број,Козарска Дубица,Оба пола,Укупно,18231
2013,Број,Козарска Дубица,M,Укупно,8845
2013,Број,Козарска Дубица,Ж,Укупно,9386
2013,Број,Костајница,Оба пола,Укупно,4975
2013,Број,Костајница,M,Укупно,2437
2013,Број,Костајница,Ж,Укупно,2538
2013,Број,Котор Варош,Оба пола,Укупно,15368
2013,Број,Котор Варош,M,Укупно,7454
2013,Број,Котор Варош,Ж,Укупно,7914
2013,Број,Крупа на Уни,Оба пола,Укупно,1381
2013,Број,Крупа на Уни,M,Укупно,753
2013,Број,Крупа на Уни,Ж,Укупно,628
2013,Број,Купрес,Оба пола,Укупно,266
2013,Број,Купрес,M,Укупно,139
2013,Број,Купрес,Ж,Укупно,127
2013,Број,Лакташи,Оба пола,Укупно,28847
2013,Број,Лакташи,M,Укупно,14165
2013,Број,Лакташи,Ж,Укупно,14682
2013,Број,Лопаре,Оба пола,Укупно,12938
2013,Број,Лопаре,M,Укупно,6467
2013,Број,Лопаре,Ж,Укупно,6471
2013,Број,Љубиње,Оба пола,Укупно,2898
2013,Број,Љубиње,M,Укупно,1423
2013,Број,Љубиње,Ж,Укупно,1475
2013,Број,Милићи,Оба пола,Укупно,9001
2013,Број,Милићи,M,Укупно,4512
2013,Број,Милићи,Ж,Укупно,4489
2013,Број,Модрича,Оба пола,Укупно,21096
2013,Број,Модрича,M,Укупно,10240
2013,Број,Модрича,Ж,Укупно,10856
2013,Број,Мркоњић Град,Оба пола,Укупно,13701
2013,Број,Мркоњић Град,M,Укупно,6548
2013,Број,Мркоњић Град,Ж,Укупно,7153
2013,Број,Невесиње,Оба пола,Укупно,10674
2013,Број,Невесиње,M,Укупно,5289
2013,Број,Невесиње,Ж,Укупно,5385
2013,Број,Нови Град,Оба пола,Укупно,22126
2013,Број,Нови Град,M,Укупно,10935
2013,Број,Нови Град,Ж,Укупно,11191
2013,Број,Ново Горажде,Оба пола,Укупно,2637
2013,Број,Ново Горажде,M,Укупно,1374
2013,Број,Ново Горажде,Ж,Укупно,1263
2013,Број,Осмаци,Оба пола,Укупно,4710
2013,Број,Осмаци,M,Укупно,2343
2013,Број,Осмаци,Ж,Укупно,2367
2013,Број,Оштра Лука,Оба пола,Укупно,2305
2013,Број,Оштра Лука,M,Укупно,1174
2013,Број,Оштра Лука,Ж,Укупно,1131
2013,Број,Пале,Оба пола,Укупно,17661
2013,Број,Пале,M,Укупно,8344
2013,Број,Пале,Ж,Укупно,9317
2013,Број,Пелагићево,Оба пола,Укупно,3895
2013,Број,Пелагићево,M,Укупно,1917
2013,Број,Пелагићево,Ж,Укупно,1978
2013,Број,Петровац,Оба пола,Укупно,302
2013,Број,Петровац,M,Укупно,142
2013,Број,Петровац,Ж,Укупно,160
2013,Број,Петрово,Оба пола,Укупно,5575
2013,Број,Петрово,M,Укупно,2673
2013,Број,Петрово,Ж,Укупно,2902
2013,Број,Град Приједор,Оба пола,Укупно,70732
2013,Број,Град Приједор,M,Укупно,34162
2013,Број,Град Приједор,Ж,Укупно,36570
2013,Број,Прњавор,Оба пола,Укупно,29403
2013,Број,Прњавор,M,Укупно,14149
2013,Број,Прњавор,Ж,Укупно,15254
2013,Број,Рибник,Оба пола,Укупно,5058
2013,Број,Рибник,M,Укупно,2498
2013,Број,Рибник,Ж,Укупно,2560
2013,Број,Рогатица,Оба пола,Укупно,8918
2013,Број,Рогатица,M,Укупно,4351
2013,Број,Рогатица,Ж,Укупно,4567
2013,Број,Рудо,Оба пола,Укупно,6682
2013,Број,Рудо,M,Укупно,3367
2013,Број,Рудо,Ж,Укупно,3315
2013,Број,Соколац,Оба пола,Укупно,10049
2013,Број,Соколац,M,Укупно,4907
2013,Број,Соколац,Ж,Укупно,5142
2013,Број,Србац,Оба пола,Укупно,14551
2013,Број,Србац,M,Укупно,7089
2013,Број,Србац,Ж,Укупно,7462
2013,Број,Сребреница,Оба пола,Укупно,10212
2013,Број,Сребреница,M,Укупно,4952
2013,Број,Сребреница,Ж,Укупно,5260
2013,Број,Теслић,Оба пола,Укупно,31305
2013,Број,Теслић,M,Укупно,14814
2013,Број,Теслић,Ж,Укупно,16491
2013,Број,Град Требиње,Оба пола,Укупно,23982
2013,Број,Град Требиње,M,Укупно,11546
2013,Број,Град Требиње,Ж,Укупно,12436
2013,Број,Трново,Оба пола,Укупно,1784
2013,Број,Трново,M,Укупно,848
2013,Број,Трново,Ж,Укупно,936
2013,Број,Угљевик,Оба пола,Укупно,12964
2013,Број,Угљевик,M,Укупно,6513
2013,Број,Угљевик,Ж,Укупно,6451
2013,Број,Фоча,Оба пола,Укупно,15468
2013,Број,Фоча,M,Укупно,7768
2013,Број,Фоча,Ж,Укупно,7700
2013,Број,Хан Пијесак,Оба пола,Укупно,3060
2013,Број,Хан Пијесак,M,Укупно,1429
2013,Број,Хан Пијесак,Ж,Укупно,1631
2013,Број,Чајниче,Оба пола,Укупно,4065
2013,Број,Чајниче,M,Укупно,2040
2013,Број,Чајниче,Ж,Укупно,2025
2013,Број,Челинац,Оба пола,Укупно,12852
2013,Број,Челинац,M,Укупно,6297
2013,Број,Челинац,Ж,Укупно,6555
2013,Број,Шамац,Оба пола,Укупно,14308
2013,Број,Шамац,M,Укупно,6877
2013,Број,Шамац,Ж,Укупно,7431
2013,Број,Шековићи,Оба пола,Укупно,5525
2013,Број,Шековићи,M,Укупно,2710
2013,Број,Шековићи,Ж,Укупно,2815
2013,Број,Шипово,Оба пола,Укупно,8554
2013,Број,Шипово,M,Укупно,4307
2013,Број,Шипово,Ж,Укупно,4247
2013,Број,Република Српска,Оба пола,Без образовања,58651
2013,Број,Република Српска,M,Без образовања,9370
2013,Број,Република Српска,Ж,Без образовања,49281
2013,Број,Град Бања Лука,Оба пола,Без образовања,5673
2013,Број,Град Бања Лука,M,Без образовања,921
2013,Број,Град Бања Лука,Ж,Без образовања,4752
2013,Број,Берковићи,Оба пола,Без образовања,104
2013,Број,Берковићи,M,Без образовања,8
2013,Број,Берковићи,Ж,Без образовања,96
2013,Број,Град Бијељина,Оба пола,Без образовања,3916
2013,Број,Град Бијељина,M,Без образовања,650
2013,Број,Град Бијељина,Ж,Без образовања,3266
2013,Број,Билећа,Оба пола,Без образовања,246
2013,Број,Билећа,M,Без образовања,42
2013,Број,Билећа,Ж,Без образовања,204
2013,Број,Братунац,Оба пола,Без образовања,1297
2013,Број,Братунац,M,Без образовања,166
2013,Број,Братунац,Ж,Без образовања,1131
2013,Број,Брод,Оба пола,Без образовања,586
2013,Број,Брод,M,Без образовања,90
2013,Број,Брод,Ж,Без образовања,496
2013,Број,Вишеград,Оба пола,Без образовања,576
2013,Број,Вишеград,M,Без образовања,65
2013,Број,Вишеград,Ж,Без образовања,511
2013,Број,Власеница,Оба пола,Без образовања,629
2013,Број,Власеница,M,Без образовања,101
2013,Број,Власеница,Ж,Без образовања,528
2013,Број,Вукосавље,Оба пола,Без образовања,329
2013,Број,Вукосавље,M,Без образовања,69
2013,Број,Вукосавље,Ж,Без образовања,260
2013,Број,Гацко,Оба пола,Без образовања,268
2013,Број,Гацко,M,Без образовања,22
2013,Број,Гацко,Ж,Без образовања,246
2013,Број,Град Градишка,Оба пола,Без образовања,2608
2013,Број,Град Градишка,M,Без образовања,425
2013,Број,Град Градишка,Ж,Без образовања,2183
2013,Број,Град Дервента,Оба пола,Без образовања,1538
2013,Број,Град Дервента,M,Без образовања,281
2013,Број,Град Дервента,Ж,Без образовања,1257
2013,Број,Град Добој,Оба пола,Без образовања,3364
2013,Број,Град Добој,M,Без образовања,496
2013,Број,Град Добој,Ж,Без образовања,2868
2013,Број,Доњи Жабар,Оба пола,Без образовања,209
2013,Број,Доњи Жабар,M,Без образовања,37
2013,Број,Доњи Жабар,Ж,Без образовања,172
2013,Број,Град Зворник,Оба пола,Без образовања,3216
2013,Број,Град Зворник,M,Без образовања,484
2013,Број,Град Зворник,Ж,Без образовања,2732
2013,Број,Источна Илиџа,Оба пола,Без образовања,280
2013,Број,Источна Илиџа,M,Без образовања,33
2013,Број,Источна Илиџа,Ж,Без образовања,247
2013,Број,Источни Дрвар,Оба пола,Без образовања,5
2013,Број,Источни Дрвар,M,Без образовања,0
2013,Број,Источни Дрвар,Ж,Без образовања,5
2013,Број,Источни Мостар,Оба пола,Без образовања,19
2013,Број,Источни Мостар,M,Без образовања,1
2013,Број,Источни Мостар,Ж,Без образовања,18
2013,Број,Источни Стари Град,Оба пола,Без образовања,61
2013,Број,Источни Стари Град,M,Без образовања,5
2013,Број,Источни Стари Град,Ж,Без образовања,56
2013,Број,Источно Ново Сарајево,Оба пола,Без образовања,191
2013,Број,Источно Ново Сарајево,M,Без образовања,25
2013,Број,Источно Ново Сарајево,Ж,Без образовања,166
2013,Број,Језеро,Оба пола,Без образовања,79
2013,Број,Језеро,M,Без образовања,14
2013,Број,Језеро,Ж,Без образовања,65
2013,Број,Калиновик,Оба пола,Без образовања,158
2013,Број,Калиновик,M,Без образовања,11
2013,Број,Калиновик,Ж,Без образовања,147
2013,Број,Кнежево,Оба пола,Без образовања,1390
2013,Број,Кнежево,M,Без образовања,311
2013,Број,Кнежево,Ж,Без образовања,1079
2013,Број,Козарска Дубица,Оба пола,Без образовања,984
2013,Број,Козарска Дубица,M,Без образовања,154
2013,Број,Козарска Дубица,Ж,Без образовања,830
2013,Број,Костајница,Оба пола,Без образовања,163
2013,Број,Костајница,M,Без образовања,28
2013,Број,Костајница,Ж,Без образовања,135
2013,Број,Котор Варош,Оба пола,Без образовања,1503
2013,Број,Котор Варош,M,Без образовања,282
2013,Број,Котор Варош,Ж,Без образовања,1221
2013,Број,Крупа на Уни,Оба пола,Без образовања,157
2013,Број,Крупа на Уни,M,Без образовања,19
2013,Број,Крупа на Уни,Ж,Без образовања,138
2013,Број,Купрес,Оба пола,Без образовања,103
2013,Број,Купрес,M,Без образовања,33
2013,Број,Купрес,Ж,Без образовања,70
2013,Број,Лакташи,Оба пола,Без образовања,1363
2013,Број,Лакташи,M,Без образовања,229
2013,Број,Лакташи,Ж,Без образовања,1134
2013,Број,Лопаре,Оба пола,Без образовања,1235
2013,Број,Лопаре,M,Без образовања,243
2013,Број,Лопаре,Ж,Без образовања,992
2013,Број,Љубиње,Оба пола,Без образовања,110
2013,Број,Љубиње,M,Без образовања,12
2013,Број,Љубиње,Ж,Без образовања,98
2013,Број,Милићи,Оба пола,Без образовања,643
2013,Број,Милићи,M,Без образовања,96
2013,Број,Милићи,Ж,Без образовања,547
2013,Број,Модрича,Оба пола,Без образовања,1278
2013,Број,Модрича,M,Без образовања,241
2013,Број,Модрича,Ж,Без образовања,1037
2013,Број,Мркоњић Град,Оба пола,Без образовања,1462
2013,Број,Мркоњић Град,M,Без образовања,213
2013,Број,Мркоњић Град,Ж,Без образовања,1249
2013,Број,Невесиње,Оба пола,Без образовања,545
2013,Број,Невесиње,M,Без образовања,56
2013,Број,Невесиње,Ж,Без образовања,489
2013,Број,Нови Град,Оба пола,Без образовања,1036
2013,Број,Нови Град,M,Без образовања,171
2013,Број,Нови Град,Ж,Без образовања,865
2013,Број,Ново Горажде,Оба пола,Без образовања,127
2013,Број,Ново Горажде,M,Без образовања,21
2013,Број,Ново Горажде,Ж,Без образовања,106
2013,Број,Осмаци,Оба пола,Без образовања,397
2013,Број,Осмаци,M,Без образовања,62
2013,Број,Осмаци,Ж,Без образовања,335
2013,Број,Оштра Лука,Оба пола,Без образовања,247
2013,Број,Оштра Лука,M,Без образовања,43
2013,Број,Оштра Лука,Ж,Без образовања,204
2013,Број,Пале,Оба пола,Без образовања,606
2013,Број,Пале,M,Без образовања,80
2013,Број,Пале,Ж,Без образовања,526
2013,Број,Пелагићево,Оба пола,Без образовања,290
2013,Број,Пелагићево,M,Без образовања,46
2013,Број,Пелагићево,Ж,Без образовања,244
2013,Број,Петровац,Оба пола,Без образовања,11
2013,Број,Петровац,M,Без образовања,0
2013,Број,Петровац,Ж,Без образовања,11
2013,Број,Петрово,Оба пола,Без образовања,403
2013,Број,Петрово,M,Без образовања,48
2013,Број,Петрово,Ж,Без образовања,355
2013,Број,Град Приједор,Оба пола,Без образовања,3918
2013,Број,Град Приједор,M,Без образовања,760
2013,Број,Град Приједор,Ж,Без образовања,3158
2013,Број,Прњавор,Оба пола,Без образовања,2654
2013,Број,Прњавор,M,Без образовања,391
2013,Број,Прњавор,Ж,Без образовања,2263
2013,Број,Рибник,Оба пола,Без образовања,680
2013,Број,Рибник,M,Без образовања,118
2013,Број,Рибник,Ж,Без образовања,562
2013,Број,Рогатица,Оба пола,Без образовања,633
2013,Број,Рогатица,M,Без образовања,89
2013,Број,Рогатица,Ж,Без образовања,544
2013,Број,Рудо,Оба пола,Без образовања,279
2013,Број,Рудо,M,Без образовања,38
2013,Број,Рудо,Ж,Без образовања,241
2013,Број,Соколац,Оба пола,Без образовања,392
2013,Број,Соколац,M,Без образовања,52
2013,Број,Соколац,Ж,Без образовања,340
2013,Број,Србац,Оба пола,Без образовања,1115
2013,Број,Србац,M,Без образовања,235
2013,Број,Србац,Ж,Без образовања,880
2013,Број,Сребреница,Оба пола,Без образовања,852
2013,Број,Сребреница,M,Без образовања,105
2013,Број,Сребреница,Ж,Без образовања,747
2013,Број,Теслић,Оба пола,Без образовања,3299
2013,Број,Теслић,M,Без образовања,471
2013,Број,Теслић,Ж,Без образовања,2828
2013,Број,Град Требиње,Оба пола,Без образовања,382
2013,Број,Град Требиње,M,Без образовања,44
2013,Број,Град Требиње,Ж,Без образовања,338
2013,Број,Трново,Оба пола,Без образовања,143
2013,Број,Трново,M,Без образовања,14
2013,Број,Трново,Ж,Без образовања,129
2013,Број,Угљевик,Оба пола,Без образовања,856
2013,Број,Угљевик,M,Без образовања,135
2013,Број,Угљевик,Ж,Без образовања,721
2013,Број,Фоча,Оба пола,Без образовања,775
2013,Број,Фоча,M,Без образовања,92
2013,Број,Фоча,Ж,Без образовања,683
2013,Број,Хан Пијесак,Оба пола,Без образовања,198
2013,Број,Хан Пијесак,M,Без образовања,22
2013,Број,Хан Пијесак,Ж,Без образовања,176
2013,Број,Чајниче,Оба пола,Без образовања,224
2013,Број,Чајниче,M,Без образовања,31
2013,Број,Чајниче,Ж,Без образовања,193
2013,Број,Челинац,Оба пола,Без образовања,832
2013,Број,Челинац,M,Без образовања,109
2013,Број,Челинац,Ж,Без образовања,723
2013,Број,Шамац,Оба пола,Без образовања,627
2013,Број,Шамац,M,Без образовања,90
2013,Број,Шамац,Ж,Без образовања,537
2013,Број,Шековићи,Оба пола,Без образовања,655
2013,Број,Шековићи,M,Без образовања,120
2013,Број,Шековићи,Ж,Без образовања,535
2013,Број,Шипово,Оба пола,Без образовања,732
2013,Број,Шипово,M,Без образовања,120
2013,Број,Шипово,Ж,Без образовања,612
2013,Број,Република Српска,Оба пола,incomplete_elementary,97022
2013,Број,Република Српска,M,incomplete_elementary,33465
2013,Број,Република Српска,Ж,incomplete_elementary,63557
2013,Број,Град Бања Лука,Оба пола,incomplete_elementary,6483
2013,Број,Град Бања Лука,M,incomplete_elementary,2117
2013,Број,Град Бања Лука,Ж,incomplete_elementary,4366
2013,Број,Берковићи,Оба пола,incomplete_elementary,229
2013,Број,Берковићи,M,incomplete_elementary,74
2013,Број,Берковићи,Ж,incomplete_elementary,155
2013,Број,Град Бијељина,Оба пола,incomplete_elementary,10740
2013,Број,Град Бијељина,M,incomplete_elementary,3999
2013,Број,Град Бијељина,Ж,incomplete_elementary,6741
2013,Број,Билећа,Оба пола,incomplete_elementary,747
2013,Број,Билећа,M,incomplete_elementary,187
2013,Број,Билећа,Ж,incomplete_elementary,560
2013,Број,Братунац,Оба пола,incomplete_elementary,1364
2013,Број,Братунац,M,incomplete_elementary,395
2013,Број,Братунац,Ж,incomplete_elementary,969
2013,Број,Брод,Оба пола,incomplete_elementary,1241
2013,Број,Брод,M,incomplete_elementary,328
2013,Број,Брод,Ж,incomplete_elementary,913
2013,Број,Вишеград,Оба пола,incomplete_elementary,783
2013,Број,Вишеград,M,incomplete_elementary,203
2013,Број,Вишеград,Ж,incomplete_elementary,580
2013,Број,Власеница,Оба пола,incomplete_elementary,758
2013,Број,Власеница,M,incomplete_elementary,243
2013,Број,Власеница,Ж,incomplete_elementary,515
2013,Број,Вукосавље,Оба пола,incomplete_elementary,719
2013,Број,Вукосавље,M,incomplete_elementary,300
2013,Број,Вукосавље,Ж,incomplete_elementary,419
2013,Број,Гацко,Оба пола,incomplete_elementary,496
2013,Број,Гацко,M,incomplete_elementary,135
2013,Број,Гацко,Ж,incomplete_elementary,361
2013,Број,Град Градишка,Оба пола,incomplete_elementary,4821
2013,Број,Град Градишка,M,incomplete_elementary,1832
2013,Број,Град Градишка,Ж,incomplete_elementary,2989
2013,Број,Град Дервента,Оба пола,incomplete_elementary,2759
2013,Број,Град Дервента,M,incomplete_elementary,1030
2013,Број,Град Дервента,Ж,incomplete_elementary,1729
2013,Број,Град Добој,Оба пола,incomplete_elementary,6019
2013,Број,Град Добој,M,incomplete_elementary,1823
2013,Број,Град Добој,Ж,incomplete_elementary,4196
2013,Број,Доњи Жабар,Оба пола,incomplete_elementary,707
2013,Број,Доњи Жабар,M,incomplete_elementary,304
2013,Број,Доњи Жабар,Ж,incomplete_elementary,403
2013,Број,Град Зворник,Оба пола,incomplete_elementary,4702
2013,Број,Град Зворник,M,incomplete_elementary,1472
2013,Број,Град Зворник,Ж,incomplete_elementary,3230
2013,Број,Источна Илиџа,Оба пола,incomplete_elementary,550
2013,Број,Источна Илиџа,M,incomplete_elementary,65
2013,Број,Источна Илиџа,Ж,incomplete_elementary,485
2013,Број,Источни Дрвар,Оба пола,incomplete_elementary,6
2013,Број,Источни Дрвар,M,incomplete_elementary,4
2013,Број,Источни Дрвар,Ж,incomplete_elementary,2
2013,Број,Источни Мостар,Оба пола,incomplete_elementary,41
2013,Број,Источни Мостар,M,incomplete_elementary,21
2013,Број,Источни Мостар,Ж,incomplete_elementary,20
2013,Број,Источни Стари Град,Оба пола,incomplete_elementary,133
2013,Број,Источни Стари Град,M,incomplete_elementary,29
2013,Број,Источни Стари Град,Ж,incomplete_elementary,104
2013,Број,Источно Ново Сарајево,Оба пола,incomplete_elementary,454
2013,Број,Источно Ново Сарајево,M,incomplete_elementary,89
2013,Број,Источно Ново Сарајево,Ж,incomplete_elementary,365
2013,Број,Језеро,Оба пола,incomplete_elementary,105
2013,Број,Језеро,M,incomplete_elementary,39
2013,Број,Језеро,Ж,incomplete_elementary,66
2013,Број,Калиновик,Оба пола,incomplete_elementary,175
2013,Број,Калиновик,M,incomplete_elementary,48
2013,Број,Калиновик,Ж,incomplete_elementary,127
2013,Број,Кнежево,Оба пола,incomplete_elementary,752
2013,Број,Кнежево,M,incomplete_elementary,318
2013,Број,Кнежево,Ж,incomplete_elementary,434
2013,Број,Козарска Дубица,Оба пола,incomplete_elementary,1894
2013,Број,Козарска Дубица,M,incomplete_elementary,683
2013,Број,Козарска Дубица,Ж,incomplete_elementary,1211
2013,Број,Костајница,Оба пола,incomplete_elementary,387
2013,Број,Костајница,M,incomplete_elementary,132
2013,Број,Костајница,Ж,incomplete_elementary,255
2013,Број,Котор Варош,Оба пола,incomplete_elementary,1183
2013,Број,Котор Варош,M,incomplete_elementary,391
2013,Број,Котор Варош,Ж,incomplete_elementary,792
2013,Број,Крупа на Уни,Оба пола,incomplete_elementary,316
2013,Број,Крупа на Уни,M,incomplete_elementary,165
2013,Број,Крупа на Уни,Ж,incomplete_elementary,151
2013,Број,Купрес,Оба пола,incomplete_elementary,19
2013,Број,Купрес,M,incomplete_elementary,9
2013,Број,Купрес,Ж,incomplete_elementary,10
2013,Број,Лакташи,Оба пола,incomplete_elementary,2504
2013,Број,Лакташи,M,incomplete_elementary,946
2013,Број,Лакташи,Ж,incomplete_elementary,1558
2013,Број,Лопаре,Оба пола,incomplete_elementary,2118
2013,Број,Лопаре,M,incomplete_elementary,943
2013,Број,Лопаре,Ж,incomplete_elementary,1175
2013,Број,Љубиње,Оба пола,incomplete_elementary,275
2013,Број,Љубиње,M,incomplete_elementary,64
2013,Број,Љубиње,Ж,incomplete_elementary,211
2013,Број,Милићи,Оба пола,incomplete_elementary,729
2013,Број,Милићи,M,incomplete_elementary,217
2013,Број,Милићи,Ж,incomplete_elementary,512
2013,Број,Модрича,Оба пола,incomplete_elementary,2912
2013,Број,Модрича,M,incomplete_elementary,1049
2013,Број,Модрича,Ж,incomplete_elementary,1863
2013,Број,Мркоњић Град,Оба пола,incomplete_elementary,1769
2013,Број,Мркоњић Град,M,incomplete_elementary,777
2013,Број,Мркоњић Град,Ж,incomplete_elementary,992
2013,Број,Невесиње,Оба пола,incomplete_elementary,1048
2013,Број,Невесиње,M,incomplete_elementary,265
2013,Број,Невесиње,Ж,incomplete_elementary,783
2013,Број,Нови Град,Оба пола,incomplete_elementary,2172
2013,Број,Нови Град,M,incomplete_elementary,757
2013,Број,Нови Град,Ж,incomplete_elementary,1415
2013,Број,Ново Горажде,Оба пола,incomplete_elementary,162
2013,Број,Ново Горажде,M,incomplete_elementary,52
2013,Број,Ново Горажде,Ж,incomplete_elementary,110
2013,Број,Осмаци,Оба пола,incomplete_elementary,552
2013,Број,Осмаци,M,incomplete_elementary,172
2013,Број,Осмаци,Ж,incomplete_elementary,380
2013,Број,Оштра Лука,Оба пола,incomplete_elementary,352
2013,Број,Оштра Лука,M,incomplete_elementary,154
2013,Број,Оштра Лука,Ж,incomplete_elementary,198
2013,Број,Пале,Оба пола,incomplete_elementary,986
2013,Број,Пале,M,incomplete_elementary,214
2013,Број,Пале,Ж,incomplete_elementary,772
2013,Број,Пелагићево,Оба пола,incomplete_elementary,1081
2013,Број,Пелагићево,M,incomplete_elementary,459
2013,Број,Пелагићево,Ж,incomplete_elementary,622
2013,Број,Петровац,Оба пола,incomplete_elementary,28
2013,Број,Петровац,M,incomplete_elementary,4
2013,Број,Петровац,Ж,incomplete_elementary,24
2013,Број,Петрово,Оба пола,incomplete_elementary,733
2013,Број,Петрово,M,incomplete_elementary,180
2013,Број,Петрово,Ж,incomplete_elementary,553
2013,Број,Град Приједор,Оба пола,incomplete_elementary,6219
2013,Број,Град Приједор,M,incomplete_elementary,1948
2013,Број,Град Приједор,Ж,incomplete_elementary,4271
2013,Број,Прњавор,Оба пола,incomplete_elementary,4458
2013,Број,Прњавор,M,incomplete_elementary,1948
2013,Број,Прњавор,Ж,incomplete_elementary,2510
2013,Број,Рибник,Оба пола,incomplete_elementary,641
2013,Број,Рибник,M,incomplete_elementary,249
2013,Број,Рибник,Ж,incomplete_elementary,392
2013,Број,Рогатица,Оба пола,incomplete_elementary,799
2013,Број,Рогатица,M,incomplete_elementary,239
2013,Број,Рогатица,Ж,incomplete_elementary,560
2013,Број,Рудо,Оба пола,incomplete_elementary,719
2013,Број,Рудо,M,incomplete_elementary,197
2013,Број,Рудо,Ж,incomplete_elementary,522
2013,Број,Соколац,Оба пола,incomplete_elementary,747
2013,Број,Соколац,M,incomplete_elementary,207
2013,Број,Соколац,Ж,incomplete_elementary,540
2013,Број,Србац,Оба пола,incomplete_elementary,2023
2013,Број,Србац,M,incomplete_elementary,857
2013,Број,Србац,Ж,incomplete_elementary,1166
2013,Број,Сребреница,Оба пола,incomplete_elementary,1086
2013,Број,Сребреница,M,incomplete_elementary,308
2013,Број,Сребреница,Ж,incomplete_elementary,778
2013,Број,Теслић,Оба пола,incomplete_elementary,4433
2013,Број,Теслић,M,incomplete_elementary,1551
2013,Број,Теслић,Ж,incomplete_elementary,2882
2013,Број,Град Требиње,Оба пола,incomplete_elementary,1156
2013,Број,Град Требиње,M,incomplete_elementary,210
2013,Број,Град Требиње,Ж,incomplete_elementary,946
2013,Број,Трново,Оба пола,incomplete_elementary,151
2013,Број,Трново,M,incomplete_elementary,36
2013,Број,Трново,Ж,incomplete_elementary,115
2013,Број,Угљевик,Оба пола,incomplete_elementary,1829
2013,Број,Угљевик,M,incomplete_elementary,734
2013,Број,Угљевик,Ж,incomplete_elementary,1095
2013,Број,Фоча,Оба пола,incomplete_elementary,1301
2013,Број,Фоча,M,incomplete_elementary,346
2013,Број,Фоча,Ж,incomplete_elementary,955
2013,Број,Хан Пијесак,Оба пола,incomplete_elementary,258
2013,Број,Хан Пијесак,M,incomplete_elementary,61
2013,Број,Хан Пијесак,Ж,incomplete_elementary,197
2013,Број,Чајниче,Оба пола,incomplete_elementary,474
2013,Број,Чајниче,M,incomplete_elementary,149
2013,Број,Чајниче,Ж,incomplete_elementary,325
2013,Број,Челинац,Оба пола,incomplete_elementary,1317
2013,Број,Челинац,M,incomplete_elementary,474
2013,Број,Челинац,Ж,incomplete_elementary,843
2013,Број,Шамац,Оба пола,incomplete_elementary,2046
2013,Број,Шамац,M,incomplete_elementary,731
2013,Број,Шамац,Ж,incomplete_elementary,1315
2013,Број,Шековићи,Оба пола,incomplete_elementary,453
2013,Број,Шековићи,M,incomplete_elementary,181
2013,Број,Шековићи,Ж,incomplete_elementary,272
2013,Број,Шипово,Оба пола,incomplete_elementary,908
2013,Број,Шипово,M,incomplete_elementary,351
2013,Број,Шипово,Ж,incomplete_elementary,557
2013,Број,Република Српска,Оба пола,elementary_education,212834
2013,Број,Република Српска,M,elementary_education,95682
2013,Број,Република Српска,Ж,elementary_education,117152
2013,Број,Град Бања Лука,Оба пола,elementary_education,23011
2013,Број,Град Бања Лука,M,elementary_education,9927
2013,Број,Град Бања Лука,Ж,elementary_education,13084
2013,Број,Берковићи,Оба пола,elementary_education,430
2013,Број,Берковићи,M,elementary_education,221
2013,Број,Берковићи,Ж,elementary_education,209
2013,Број,Град Бијељина,Оба пола,elementary_education,18771
2013,Број,Град Бијељина,M,elementary_education,8590
2013,Број,Град Бијељина,Ж,elementary_education,10181
2013,Број,Билећа,Оба пола,elementary_education,1951
2013,Број,Билећа,M,elementary_education,867
2013,Број,Билећа,Ж,elementary_education,1084
2013,Број,Братунац,Оба пола,elementary_education,3893
2013,Број,Братунац,M,elementary_education,1769
2013,Број,Братунац,Ж,elementary_education,2124
2013,Број,Брод,Оба пола,elementary_education,2986
2013,Број,Брод,M,elementary_education,1248
2013,Број,Брод,Ж,elementary_education,1738
2013,Број,Вишеград,Оба пола,elementary_education,1626
2013,Број,Вишеград,M,elementary_education,593
2013,Број,Вишеград,Ж,elementary_education,1033
2013,Број,Власеница,Оба пола,elementary_education,2268
2013,Број,Власеница,M,elementary_education,993
2013,Број,Власеница,Ж,elementary_education,1275
2013,Број,Вукосавље,Оба пола,elementary_education,999
2013,Број,Вукосавље,M,elementary_education,472
2013,Број,Вукосавље,Ж,elementary_education,527
2013,Број,Гацко,Оба пола,elementary_education,1356
2013,Број,Гацко,M,elementary_education,530
2013,Број,Гацко,Ж,elementary_education,826
2013,Број,Град Градишка,Оба пола,elementary_education,9626
2013,Број,Град Градишка,M,elementary_education,4493
2013,Број,Град Градишка,Ж,elementary_education,5133
2013,Број,Град Дервента,Оба пола,elementary_education,5260
2013,Број,Град Дервента,M,elementary_education,2463
2013,Број,Град Дервента,Ж,elementary_education,2797
2013,Број,Град Добој,Оба пола,elementary_education,13403
2013,Број,Град Добој,M,elementary_education,5750
2013,Број,Град Добој,Ж,elementary_education,7653
2013,Број,Доњи Жабар,Оба пола,elementary_education,815
2013,Број,Доњи Жабар,M,elementary_education,408
2013,Број,Доњи Жабар,Ж,elementary_education,407
2013,Број,Град Зворник,Оба пола,elementary_education,11440
2013,Број,Град Зворник,M,elementary_education,5163
2013,Број,Град Зворник,Ж,elementary_education,6277
2013,Број,Источна Илиџа,Оба пола,elementary_education,1676
2013,Број,Источна Илиџа,M,elementary_education,519
2013,Број,Источна Илиџа,Ж,elementary_education,1157
2013,Број,Источни Дрвар,Оба пола,elementary_education,9
2013,Број,Источни Дрвар,M,elementary_education,2
2013,Број,Источни Дрвар,Ж,elementary_education,7
2013,Број,Источни Мостар,Оба пола,elementary_education,38
2013,Број,Источни Мостар,M,elementary_education,24
2013,Број,Источни Мостар,Ж,elementary_education,14
2013,Број,Источни Стари Град,Оба пола,elementary_education,166
2013,Број,Источни Стари Град,M,elementary_education,75
2013,Број,Источни Стари Град,Ж,elementary_education,91
2013,Број,Источно Ново Сарајево,Оба пола,elementary_education,1087
2013,Број,Источно Ново Сарајево,M,elementary_education,356
2013,Број,Источно Ново Сарајево,Ж,elementary_education,731
2013,Број,Језеро,Оба пола,elementary_education,236
2013,Број,Језеро,M,elementary_education,109
2013,Број,Језеро,Ж,elementary_education,127
2013,Број,Калиновик,Оба пола,elementary_education,334
2013,Број,Калиновик,M,elementary_education,122
2013,Број,Калиновик,Ж,elementary_education,212
2013,Број,Кнежево,Оба пола,elementary_education,1918
2013,Број,Кнежево,M,elementary_education,990
2013,Број,Кнежево,Ж,elementary_education,928
2013,Број,Козарска Дубица,Оба пола,elementary_education,3921
2013,Број,Козарска Дубица,M,elementary_education,1839
2013,Број,Козарска Дубица,Ж,elementary_education,2082
2013,Број,Костајница,Оба пола,elementary_education,1117
2013,Број,Костајница,M,elementary_education,486
2013,Број,Костајница,Ж,elementary_education,631
2013,Број,Котор Варош,Оба пола,elementary_education,3809
2013,Број,Котор Варош,M,elementary_education,1797
2013,Број,Котор Варош,Ж,elementary_education,2012
2013,Број,Крупа на Уни,Оба пола,elementary_education,524
2013,Број,Крупа на Уни,M,elementary_education,317
2013,Број,Крупа на Уни,Ж,elementary_education,207
2013,Број,Купрес,Оба пола,elementary_education,53
2013,Број,Купрес,M,elementary_education,33
2013,Број,Купрес,Ж,elementary_education,20
2013,Број,Лакташи,Оба пола,elementary_education,6602
2013,Број,Лакташи,M,elementary_education,3078
2013,Број,Лакташи,Ж,elementary_education,3524
2013,Број,Лопаре,Оба пола,elementary_education,3267
2013,Број,Лопаре,M,elementary_education,1670
2013,Број,Лопаре,Ж,elementary_education,1597
2013,Број,Љубиње,Оба пола,elementary_education,619
2013,Број,Љубиње,M,elementary_education,261
2013,Број,Љубиње,Ж,elementary_education,358
2013,Број,Милићи,Оба пола,elementary_education,2387
2013,Број,Милићи,M,elementary_education,1038
2013,Број,Милићи,Ж,elementary_education,1349
2013,Број,Модрича,Оба пола,elementary_education,5255
2013,Број,Модрича,M,elementary_education,2469
2013,Број,Модрича,Ж,elementary_education,2786
2013,Број,Мркоњић Град,Оба пола,elementary_education,2720
2013,Број,Мркоњић Град,M,elementary_education,1373
2013,Број,Мркоњић Град,Ж,elementary_education,1347
2013,Број,Невесиње,Оба пола,elementary_education,2193
2013,Број,Невесиње,M,elementary_education,961
2013,Број,Невесиње,Ж,elementary_education,1232
2013,Број,Нови Град,Оба пола,elementary_education,5660
2013,Број,Нови Град,M,elementary_education,2691
2013,Број,Нови Град,Ж,elementary_education,2969
2013,Број,Ново Горажде,Оба пола,elementary_education,612
2013,Број,Ново Горажде,M,elementary_education,229
2013,Број,Ново Горажде,Ж,elementary_education,383
2013,Број,Осмаци,Оба пола,elementary_education,1146
2013,Број,Осмаци,M,elementary_education,495
2013,Број,Осмаци,Ж,elementary_education,651
2013,Број,Оштра Лука,Оба пола,elementary_education,648
2013,Број,Оштра Лука,M,elementary_education,348
2013,Број,Оштра Лука,Ж,elementary_education,300
2013,Број,Пале,Оба пола,elementary_education,2570
2013,Број,Пале,M,elementary_education,935
2013,Број,Пале,Ж,elementary_education,1635
2013,Број,Пелагићево,Оба пола,elementary_education,1081
2013,Број,Пелагићево,M,elementary_education,586
2013,Број,Пелагићево,Ж,elementary_education,495
2013,Број,Петровац,Оба пола,elementary_education,57
2013,Број,Петровац,M,elementary_education,23
2013,Број,Петровац,Ж,elementary_education,34
2013,Број,Петрово,Оба пола,elementary_education,1114
2013,Број,Петрово,M,elementary_education,464
2013,Број,Петрово,Ж,elementary_education,650
2013,Број,Град Приједор,Оба пола,elementary_education,15121
2013,Број,Град Приједор,M,elementary_education,6682
2013,Број,Град Приједор,Ж,elementary_education,8439
2013,Број,Прњавор,Оба пола,elementary_education,7504
2013,Број,Прњавор,M,elementary_education,3697
2013,Број,Прњавор,Ж,elementary_education,3807
2013,Број,Рибник,Оба пола,elementary_education,1275
2013,Број,Рибник,M,elementary_education,651
2013,Број,Рибник,Ж,elementary_education,624
2013,Број,Рогатица,Оба пола,elementary_education,1761
2013,Број,Рогатица,M,elementary_education,717
2013,Број,Рогатица,Ж,elementary_education,1044
2013,Број,Рудо,Оба пола,elementary_education,1332
2013,Број,Рудо,M,elementary_education,514
2013,Број,Рудо,Ж,elementary_education,818
2013,Број,Соколац,Оба пола,elementary_education,1790
2013,Број,Соколац,M,elementary_education,720
2013,Број,Соколац,Ж,elementary_education,1070
2013,Број,Србац,Оба пола,elementary_education,3740
2013,Број,Србац,M,elementary_education,1843
2013,Број,Србац,Ж,elementary_education,1897
2013,Број,Сребреница,Оба пола,elementary_education,2494
2013,Број,Сребреница,M,elementary_education,1115
2013,Број,Сребреница,Ж,elementary_education,1379
2013,Број,Теслић,Оба пола,elementary_education,7412
2013,Број,Теслић,M,elementary_education,3540
2013,Број,Теслић,Ж,elementary_education,3872
2013,Број,Град Требиње,Оба пола,elementary_education,3757
2013,Број,Град Требиње,M,elementary_education,1267
2013,Број,Град Требиње,Ж,elementary_education,2490
2013,Број,Трново,Оба пола,elementary_education,342
2013,Број,Трново,M,elementary_education,106
2013,Број,Трново,Ж,elementary_education,236
2013,Број,Угљевик,Оба пола,elementary_education,2942
2013,Број,Угљевик,M,elementary_education,1398
2013,Број,Угљевик,Ж,elementary_education,1544
2013,Број,Фоча,Оба пола,elementary_education,2975
2013,Број,Фоча,M,elementary_education,1305
2013,Број,Фоча,Ж,elementary_education,1670
2013,Број,Хан Пијесак,Оба пола,elementary_education,686
2013,Број,Хан Пијесак,M,elementary_education,275
2013,Број,Хан Пијесак,Ж,elementary_education,411
2013,Број,Чајниче,Оба пола,elementary_education,981
2013,Број,Чајниче,M,elementary_education,436
2013,Број,Чајниче,Ж,elementary_education,545
2013,Број,Челинац,Оба пола,elementary_education,3312
2013,Број,Челинац,M,elementary_education,1626
2013,Број,Челинац,Ж,elementary_education,1686
2013,Број,Шамац,Оба пола,elementary_education,3511
2013,Број,Шамац,M,elementary_education,1521
2013,Број,Шамац,Ж,elementary_education,1990
2013,Број,Шековићи,Оба пола,elementary_education,1397
2013,Број,Шековићи,M,elementary_education,610
2013,Број,Шековићи,Ж,elementary_education,787
2013,Број,Шипово,Оба пола,elementary_education,1848
2013,Број,Шипово,M,elementary_education,882
2013,Број,Шипово,Ж,elementary_education,966
2013,Број,Република Српска,Оба пола,secondary_education,508414
2013,Број,Република Српска,M,secondary_education,280747
2013,Број,Република Српска,Ж,secondary_education,227667
2013,Број,Град Бања Лука,Оба пола,secondary_education,83044
2013,Број,Град Бања Лука,M,secondary_education,42327
2013,Број,Град Бања Лука,Ж,secondary_education,40717
2013,Број,Берковићи,Оба пола,secondary_education,771
2013,Број,Берковићи,M,secondary_education,446
2013,Број,Берковићи,Ж,secondary_education,325
2013,Број,Град Бијељина,Оба пола,secondary_education,43231
2013,Број,Град Бијељина,M,secondary_education,23560
2013,Број,Град Бијељина,Ж,secondary_education,19671
2013,Број,Билећа,Оба пола,secondary_education,4799
2013,Број,Билећа,M,secondary_education,2692
2013,Број,Билећа,Ж,secondary_education,2107
2013,Број,Братунац,Оба пола,secondary_education,7868
2013,Број,Братунац,M,secondary_education,4649
2013,Број,Братунац,Ж,secondary_education,3219
2013,Број,Брод,Оба пола,secondary_education,7331
2013,Број,Брод,M,secondary_education,4080
2013,Број,Брод,Ж,secondary_education,3251
2013,Број,Вишеград,Оба пола,secondary_education,4635
2013,Број,Вишеград,M,secondary_education,2672
2013,Број,Вишеград,Ж,secondary_education,1963
2013,Број,Власеница,Оба пола,secondary_education,4607
2013,Број,Власеница,M,secondary_education,2596
2013,Број,Власеница,Ж,secondary_education,2011
2013,Број,Вукосавље,Оба пола,secondary_education,1504
2013,Број,Вукосавље,M,secondary_education,919
2013,Број,Вукосавље,Ж,secondary_education,585
2013,Број,Гацко,Оба пола,secondary_education,3801
2013,Број,Гацко,M,secondary_education,2151
2013,Број,Гацко,Ж,secondary_education,1650
2013,Број,Град Градишка,Оба пола,secondary_education,21633
2013,Број,Град Градишка,M,secondary_education,11815
2013,Број,Град Градишка,Ж,secondary_education,9818
2013,Број,Град Дервента,Оба пола,secondary_education,10884
2013,Број,Град Дервента,M,secondary_education,6033
2013,Број,Град Дервента,Ж,secondary_education,4851
2013,Број,Град Добој,Оба пола,secondary_education,29051
2013,Број,Град Добој,M,secondary_education,16192
2013,Број,Град Добој,Ж,secondary_education,12859
2013,Број,Доњи Жабар,Оба пола,secondary_education,1261
2013,Број,Доњи Жабар,M,secondary_education,739
2013,Број,Доњи Жабар,Ж,secondary_education,522
2013,Број,Град Зворник,Оба пола,secondary_education,21815
2013,Број,Град Зворник,M,secondary_education,12776
2013,Број,Град Зворник,Ж,secondary_education,9039
2013,Број,Источна Илиџа,Оба пола,secondary_education,7474
2013,Број,Источна Илиџа,M,secondary_education,4082
2013,Број,Источна Илиџа,Ж,secondary_education,3392
2013,Број,Источни Дрвар,Оба пола,secondary_education,29
2013,Број,Источни Дрвар,M,secondary_education,24
2013,Број,Источни Дрвар,Ж,secondary_education,5
2013,Број,Источни Мостар,Оба пола,secondary_education,99
2013,Број,Источни Мостар,M,secondary_education,65
2013,Број,Источни Мостар,Ж,secondary_education,34
2013,Број,Источни Стари Град,Оба пола,secondary_education,548
2013,Број,Источни Стари Град,M,secondary_education,329
2013,Број,Источни Стари Град,Ж,secondary_education,219
2013,Број,Источно Ново Сарајево,Оба пола,secondary_education,5073
2013,Број,Источно Ново Сарајево,M,secondary_education,2656
2013,Број,Источно Ново Сарајево,Ж,secondary_education,2417
2013,Број,Језеро,Оба пола,secondary_education,435
2013,Број,Језеро,M,secondary_education,273
2013,Број,Језеро,Ж,secondary_education,162
2013,Број,Калиновик,Оба пола,secondary_education,881
2013,Број,Калиновик,M,secondary_education,551
2013,Број,Калиновик,Ж,secondary_education,330
2013,Број,Кнежево,Оба пола,secondary_education,3485
2013,Број,Кнежево,M,secondary_education,2026
2013,Број,Кнежево,Ж,secondary_education,1459
2013,Број,Козарска Дубица,Оба пола,secondary_education,9698
2013,Број,Козарска Дубица,M,secondary_education,5259
2013,Број,Козарска Дубица,Ж,secondary_education,4439
2013,Број,Костајница,Оба пола,secondary_education,2798
2013,Број,Костајница,M,secondary_education,1545
2013,Број,Костајница,Ж,secondary_education,1253
2013,Број,Котор Варош,Оба пола,secondary_education,7807
2013,Број,Котор Варош,M,secondary_education,4380
2013,Број,Котор Варош,Ж,secondary_education,3427
2013,Број,Крупа на Уни,Оба пола,secondary_education,355
2013,Број,Крупа на Уни,M,secondary_education,236
2013,Број,Крупа на Уни,Ж,secondary_education,119
2013,Број,Купрес,Оба пола,secondary_education,84
2013,Број,Купрес,M,secondary_education,59
2013,Број,Купрес,Ж,secondary_education,25
2013,Број,Лакташи,Оба пола,secondary_education,15658
2013,Број,Лакташи,M,secondary_education,8480
2013,Број,Лакташи,Ж,secondary_education,7178
2013,Број,Лопаре,Оба пола,secondary_education,5477
2013,Број,Лопаре,M,secondary_education,3169
2013,Број,Лопаре,Ж,secondary_education,2308
2013,Број,Љубиње,Оба пола,secondary_education,1432
2013,Број,Љубиње,M,secondary_education,800
2013,Број,Љубиње,Ж,secondary_education,632
2013,Број,Милићи,Оба пола,secondary_education,4441
2013,Број,Милићи,M,secondary_education,2743
2013,Број,Милићи,Ж,secondary_education,1698
2013,Број,Модрича,Оба пола,secondary_education,9850
2013,Број,Модрича,M,secondary_education,5470
2013,Број,Модрича,Ж,secondary_education,4380
2013,Број,Мркоњић Град,Оба пола,secondary_education,6479
2013,Број,Мркоњић Град,M,secondary_education,3500
2013,Број,Мркоњић Град,Ж,secondary_education,2979
2013,Број,Невесиње,Оба пола,secondary_education,5592
2013,Број,Невесиње,M,secondary_education,3261
2013,Број,Невесиње,Ж,secondary_education,2331
2013,Број,Нови Град,Оба пола,secondary_education,11197
2013,Број,Нови Град,M,secondary_education,6273
2013,Број,Нови Град,Ж,secondary_education,4924
2013,Број,Ново Горажде,Оба пола,secondary_education,1533
2013,Број,Ново Горажде,M,secondary_education,952
2013,Број,Ново Горажде,Ж,secondary_education,581
2013,Број,Осмаци,Оба пола,secondary_education,2300
2013,Број,Осмаци,M,secondary_education,1406
2013,Број,Осмаци,Ж,secondary_education,894
2013,Број,Оштра Лука,Оба пола,secondary_education,954
2013,Број,Оштра Лука,M,secondary_education,578
2013,Број,Оштра Лука,Ж,secondary_education,376
2013,Број,Пале,Оба пола,secondary_education,10069
2013,Број,Пале,M,secondary_education,5373
2013,Број,Пале,Ж,secondary_education,4696
2013,Број,Пелагићево,Оба пола,secondary_education,1264
2013,Број,Пелагићево,M,secondary_education,726
2013,Број,Пелагићево,Ж,secondary_education,538
2013,Број,Петровац,Оба пола,secondary_education,169
2013,Број,Петровац,M,secondary_education,96
2013,Број,Петровац,Ж,secondary_education,73
2013,Број,Петрово,Оба пола,secondary_education,2821
2013,Број,Петрово,M,secondary_education,1664
2013,Број,Петрово,Ж,secondary_education,1157
2013,Број,Град Приједор,Оба пола,secondary_education,37714
2013,Број,Град Приједор,M,secondary_education,20808
2013,Број,Град Приједор,Ж,secondary_education,16906
2013,Број,Прњавор,Оба пола,secondary_education,12669
2013,Број,Прњавор,M,secondary_education,7015
2013,Број,Прњавор,Ж,secondary_education,5654
2013,Број,Рибник,Оба пола,secondary_education,2154
2013,Број,Рибник,M,secondary_education,1291
2013,Број,Рибник,Ж,secondary_education,863
2013,Број,Рогатица,Оба пола,secondary_education,4652
2013,Број,Рогатица,M,secondary_education,2694
2013,Број,Рогатица,Ж,secondary_education,1958
2013,Број,Рудо,Оба пола,secondary_education,3609
2013,Број,Рудо,M,secondary_education,2200
2013,Број,Рудо,Ж,secondary_education,1409
2013,Број,Соколац,Оба пола,secondary_education,5543
2013,Број,Соколац,M,secondary_education,3105
2013,Број,Соколац,Ж,secondary_education,2438
2013,Број,Србац,Оба пола,secondary_education,6472
2013,Број,Србац,M,secondary_education,3466
2013,Број,Србац,Ж,secondary_education,3006
2013,Број,Сребреница,Оба пола,secondary_education,4716
2013,Број,Сребреница,M,secondary_education,2832
2013,Број,Сребреница,Ж,secondary_education,1884
2013,Број,Теслић,Оба пола,secondary_education,14063
2013,Број,Теслић,M,secondary_education,8090
2013,Број,Теслић,Ж,secondary_education,5973
2013,Број,Град Требиње,Оба пола,secondary_education,13551
2013,Број,Град Требиње,M,secondary_education,7183
2013,Број,Град Требиње,Ж,secondary_education,6368
2013,Број,Трново,Оба пола,secondary_education,942
2013,Број,Трново,M,secondary_education,576
2013,Број,Трново,Ж,secondary_education,366
2013,Број,Угљевик,Оба пола,secondary_education,6085
2013,Број,Угљевик,M,secondary_education,3558
2013,Број,Угљевик,Ж,secondary_education,2527
2013,Број,Фоча,Оба пола,secondary_education,8378
2013,Број,Фоча,M,secondary_education,4841
2013,Број,Фоча,Ж,secondary_education,3537
2013,Број,Хан Пијесак,Оба пола,secondary_education,1514
2013,Број,Хан Пијесак,M,secondary_education,846
2013,Број,Хан Пијесак,Ж,secondary_education,668
2013,Број,Чајниче,Оба пола,secondary_education,1993
2013,Број,Чајниче,M,secondary_education,1187
2013,Број,Чајниче,Ж,secondary_education,806
2013,Број,Челинац,Оба пола,secondary_education,6411
2013,Број,Челинац,M,secondary_education,3550
2013,Број,Челинац,Ж,secondary_education,2861
2013,Број,Шамац,Оба пола,secondary_education,6680
2013,Број,Шамац,M,secondary_education,3735
2013,Број,Шамац,Ж,secondary_education,2945
2013,Број,Шековићи,Оба пола,secondary_education,2601
2013,Број,Шековићи,M,secondary_education,1563
2013,Број,Шековићи,Ж,secondary_education,1038
2013,Број,Шипово,Оба пола,secondary_education,4430
2013,Број,Шипово,M,secondary_education,2584
2013,Број,Шипово,Ж,secondary_education,1846
2013,Број,Република Српска,Оба пола,secondary_specialization,7618
2013,Број,Република Српска,M,secondary_specialization,6324
2013,Број,Република Српска,Ж,secondary_specialization,1294
2013,Број,Град Бања Лука,Оба пола,secondary_specialization,1552
2013,Број,Град Бања Лука,M,secondary_specialization,1261
2013,Број,Град Бања Лука,Ж,secondary_specialization,291
2013,Број,Берковићи,Оба пола,secondary_specialization,11
2013,Број,Берковићи,M,secondary_specialization,11
2013,Број,Берковићи,Ж,secondary_specialization,0
2013,Број,Град Бијељина,Оба пола,secondary_specialization,564
2013,Број,Град Бијељина,M,secondary_specialization,485
2013,Број,Град Бијељина,Ж,secondary_specialization,79
2013,Број,Билећа,Оба пола,secondary_specialization,68
2013,Број,Билећа,M,secondary_specialization,56
2013,Број,Билећа,Ж,secondary_specialization,12
2013,Број,Братунац,Оба пола,secondary_specialization,77
2013,Број,Братунац,M,secondary_specialization,61
2013,Број,Братунац,Ж,secondary_specialization,16
2013,Број,Брод,Оба пола,secondary_specialization,187
2013,Број,Брод,M,secondary_specialization,160
2013,Број,Брод,Ж,secondary_specialization,27
2013,Број,Вишеград,Оба пола,secondary_specialization,137
2013,Број,Вишеград,M,secondary_specialization,120
2013,Број,Вишеград,Ж,secondary_specialization,17
2013,Број,Власеница,Оба пола,secondary_specialization,28
2013,Број,Власеница,M,secondary_specialization,21
2013,Број,Власеница,Ж,secondary_specialization,7
2013,Број,Вукосавље,Оба пола,secondary_specialization,14
2013,Број,Вукосавље,M,secondary_specialization,12
2013,Број,Вукосавље,Ж,secondary_specialization,2
2013,Број,Гацко,Оба пола,secondary_specialization,269
2013,Број,Гацко,M,secondary_specialization,249
2013,Број,Гацко,Ж,secondary_specialization,20
2013,Број,Град Градишка,Оба пола,secondary_specialization,192
2013,Број,Град Градишка,M,secondary_specialization,142
2013,Број,Град Градишка,Ж,secondary_specialization,50
2013,Број,Град Дервента,Оба пола,secondary_specialization,120
2013,Број,Град Дервента,M,secondary_specialization,94
2013,Број,Град Дервента,Ж,secondary_specialization,26
2013,Број,Град Добој,Оба пола,secondary_specialization,507
2013,Број,Град Добој,M,secondary_specialization,448
2013,Број,Град Добој,Ж,secondary_specialization,59
2013,Број,Доњи Жабар,Оба пола,secondary_specialization,10
2013,Број,Доњи Жабар,M,secondary_specialization,8
2013,Број,Доњи Жабар,Ж,secondary_specialization,2
2013,Број,Град Зворник,Оба пола,secondary_specialization,277
2013,Број,Град Зворник,M,secondary_specialization,244
2013,Број,Град Зворник,Ж,secondary_specialization,33
2013,Број,Источна Илиџа,Оба пола,secondary_specialization,140
2013,Број,Источна Илиџа,M,secondary_specialization,123
2013,Број,Источна Илиџа,Ж,secondary_specialization,17
2013,Број,Источни Дрвар,Оба пола,secondary_specialization,1
2013,Број,Источни Дрвар,M,secondary_specialization,0
2013,Број,Источни Дрвар,Ж,secondary_specialization,1
2013,Број,Источни Мостар,Оба пола,secondary_specialization,0
2013,Број,Источни Мостар,M,secondary_specialization,0
2013,Број,Источни Мостар,Ж,secondary_specialization,0
2013,Број,Источни Стари Град,Оба пола,secondary_specialization,16
2013,Број,Источни Стари Град,M,secondary_specialization,15
2013,Број,Источни Стари Град,Ж,secondary_specialization,1
2013,Број,Источно Ново Сарајево,Оба пола,secondary_specialization,81
2013,Број,Источно Ново Сарајево,M,secondary_specialization,69
2013,Број,Источно Ново Сарајево,Ж,secondary_specialization,12
2013,Број,Језеро,Оба пола,secondary_specialization,1
2013,Број,Језеро,M,secondary_specialization,1
2013,Број,Језеро,Ж,secondary_specialization,0
2013,Број,Калиновик,Оба пола,secondary_specialization,16
2013,Број,Калиновик,M,secondary_specialization,13
2013,Број,Калиновик,Ж,secondary_specialization,3
2013,Број,Кнежево,Оба пола,secondary_specialization,12
2013,Број,Кнежево,M,secondary_specialization,11
2013,Број,Кнежево,Ж,secondary_specialization,1
2013,Број,Козарска Дубица,Оба пола,secondary_specialization,91
2013,Број,Козарска Дубица,M,secondary_specialization,64
2013,Број,Козарска Дубица,Ж,secondary_specialization,27
2013,Број,Костајница,Оба пола,secondary_specialization,23
2013,Број,Костајница,M,secondary_specialization,18
2013,Број,Костајница,Ж,secondary_specialization,5
2013,Број,Котор Варош,Оба пола,secondary_specialization,74
2013,Број,Котор Варош,M,secondary_specialization,52
2013,Број,Котор Варош,Ж,secondary_specialization,22
2013,Број,Крупа на Уни,Оба пола,secondary_specialization,5
2013,Број,Крупа на Уни,M,secondary_specialization,3
2013,Број,Крупа на Уни,Ж,secondary_specialization,2
2013,Број,Купрес,Оба пола,secondary_specialization,1
2013,Број,Купрес,M,secondary_specialization,0
2013,Број,Купрес,Ж,secondary_specialization,1
2013,Број,Лакташи,Оба пола,secondary_specialization,169
2013,Број,Лакташи,M,secondary_specialization,141
2013,Број,Лакташи,Ж,secondary_specialization,28
2013,Број,Лопаре,Оба пола,secondary_specialization,64
2013,Број,Лопаре,M,secondary_specialization,45
2013,Број,Лопаре,Ж,secondary_specialization,19
2013,Број,Љубиње,Оба пола,secondary_specialization,81
2013,Број,Љубиње,M,secondary_specialization,72
2013,Број,Љубиње,Ж,secondary_specialization,9
2013,Број,Милићи,Оба пола,secondary_specialization,15
2013,Број,Милићи,M,secondary_specialization,10
2013,Број,Милићи,Ж,secondary_specialization,5
2013,Број,Модрича,Оба пола,secondary_specialization,132
2013,Број,Модрича,M,secondary_specialization,103
2013,Број,Модрича,Ж,secondary_specialization,29
2013,Број,Мркоњић Град,Оба пола,secondary_specialization,89
2013,Број,Мркоњић Град,M,secondary_specialization,71
2013,Број,Мркоњић Град,Ж,secondary_specialization,18
2013,Број,Невесиње,Оба пола,secondary_specialization,56
2013,Број,Невесиње,M,secondary_specialization,51
2013,Број,Невесиње,Ж,secondary_specialization,5
2013,Број,Нови Град,Оба пола,secondary_specialization,104
2013,Број,Нови Град,M,secondary_specialization,75
2013,Број,Нови Град,Ж,secondary_specialization,29
2013,Број,Ново Горажде,Оба пола,secondary_specialization,10
2013,Број,Ново Горажде,M,secondary_specialization,10
2013,Број,Ново Горажде,Ж,secondary_specialization,0
2013,Број,Осмаци,Оба пола,secondary_specialization,15
2013,Број,Осмаци,M,secondary_specialization,12
2013,Број,Осмаци,Ж,secondary_specialization,3
2013,Број,Оштра Лука,Оба пола,secondary_specialization,13
2013,Број,Оштра Лука,M,secondary_specialization,11
2013,Број,Оштра Лука,Ж,secondary_specialization,2
2013,Број,Пале,Оба пола,secondary_specialization,247
2013,Број,Пале,M,secondary_specialization,205
2013,Број,Пале,Ж,secondary_specialization,42
2013,Број,Пелагићево,Оба пола,secondary_specialization,4
2013,Број,Пелагићево,M,secondary_specialization,3
2013,Број,Пелагићево,Ж,secondary_specialization,1
2013,Број,Петровац,Оба пола,secondary_specialization,0
2013,Број,Петровац,M,secondary_specialization,0
2013,Број,Петровац,Ж,secondary_specialization,0
2013,Број,Петрово,Оба пола,secondary_specialization,79
2013,Број,Петрово,M,secondary_specialization,74
2013,Број,Петрово,Ж,secondary_specialization,5
2013,Број,Град Приједор,Оба пола,secondary_specialization,666
2013,Број,Град Приједор,M,secondary_specialization,492
2013,Број,Град Приједор,Ж,secondary_specialization,174
2013,Број,Прњавор,Оба пола,secondary_specialization,112
2013,Број,Прњавор,M,secondary_specialization,83
2013,Број,Прњавор,Ж,secondary_specialization,29
2013,Број,Рибник,Оба пола,secondary_specialization,14
2013,Број,Рибник,M,secondary_specialization,13
2013,Број,Рибник,Ж,secondary_specialization,1
2013,Број,Рогатица,Оба пола,secondary_specialization,56
2013,Број,Рогатица,M,secondary_specialization,49
2013,Број,Рогатица,Ж,secondary_specialization,7
2013,Број,Рудо,Оба пола,secondary_specialization,12
2013,Број,Рудо,M,secondary_specialization,11
2013,Број,Рудо,Ж,secondary_specialization,1
2013,Број,Соколац,Оба пола,secondary_specialization,71
2013,Број,Соколац,M,secondary_specialization,57
2013,Број,Соколац,Ж,secondary_specialization,14
2013,Број,Србац,Оба пола,secondary_specialization,61
2013,Број,Србац,M,secondary_specialization,46
2013,Број,Србац,Ж,secondary_specialization,15
2013,Број,Сребреница,Оба пола,secondary_specialization,33
2013,Број,Сребреница,M,secondary_specialization,26
2013,Број,Сребреница,Ж,secondary_specialization,7
2013,Број,Теслић,Оба пола,secondary_specialization,170
2013,Број,Теслић,M,secondary_specialization,138
2013,Број,Теслић,Ж,secondary_specialization,32
2013,Број,Град Требиње,Оба пола,secondary_specialization,432
2013,Број,Град Требиње,M,secondary_specialization,394
2013,Број,Град Требиње,Ж,secondary_specialization,38
2013,Број,Трново,Оба пола,secondary_specialization,15
2013,Број,Трново,M,secondary_specialization,13
2013,Број,Трново,Ж,secondary_specialization,2
2013,Број,Угљевик,Оба пола,secondary_specialization,97
2013,Број,Угљевик,M,secondary_specialization,89
2013,Број,Угљевик,Ж,secondary_specialization,8
2013,Број,Фоча,Оба пола,secondary_specialization,107
2013,Број,Фоча,M,secondary_specialization,93
2013,Број,Фоча,Ж,secondary_specialization,14
2013,Број,Хан Пијесак,Оба пола,secondary_specialization,20
2013,Број,Хан Пијесак,M,secondary_specialization,20
2013,Број,Хан Пијесак,Ж,secondary_specialization,0
2013,Број,Чајниче,Оба пола,secondary_specialization,38
2013,Број,Чајниче,M,secondary_specialization,37
2013,Број,Чајниче,Ж,secondary_specialization,1
2013,Број,Челинац,Оба пола,secondary_specialization,69
2013,Број,Челинац,M,secondary_specialization,62
2013,Број,Челинац,Ж,secondary_specialization,7
2013,Број,Шамац,Оба пола,secondary_specialization,55
2013,Број,Шамац,M,secondary_specialization,41
2013,Број,Шамац,Ж,secondary_specialization,14
2013,Број,Шековићи,Оба пола,secondary_specialization,16
2013,Број,Шековићи,M,secondary_specialization,16
2013,Број,Шековићи,Ж,secondary_specialization,0
2013,Број,Шипово,Оба пола,secondary_specialization,22
2013,Број,Шипово,M,secondary_specialization,20
2013,Број,Шипово,Ж,secondary_specialization,2
2013,Број,Република Српска,Оба пола,first_degree,33960
2013,Број,Република Српска,M,first_degree,19142
2013,Број,Република Српска,Ж,first_degree,14818
2013,Број,Град Бања Лука,Оба пола,first_degree,7972
2013,Број,Град Бања Лука,M,first_degree,4272
2013,Број,Град Бања Лука,Ж,first_degree,3700
2013,Број,Берковићи,Оба пола,first_degree,47
2013,Број,Берковићи,M,first_degree,34
2013,Број,Берковићи,Ж,first_degree,13
2013,Број,Град Бијељина,Оба пола,first_degree,3354
2013,Број,Град Бијељина,M,first_degree,1805
2013,Број,Град Бијељина,Ж,first_degree,1549
2013,Број,Билећа,Оба пола,first_degree,434
2013,Број,Билећа,M,first_degree,249
2013,Број,Билећа,Ж,first_degree,185
2013,Број,Братунац,Оба пола,first_degree,399
2013,Број,Братунац,M,first_degree,230
2013,Број,Братунац,Ж,first_degree,169
2013,Број,Брод,Оба пола,first_degree,374
2013,Број,Брод,M,first_degree,215
2013,Број,Брод,Ж,first_degree,159
2013,Број,Вишеград,Оба пола,first_degree,375
2013,Број,Вишеград,M,first_degree,196
2013,Број,Вишеград,Ж,first_degree,179
2013,Број,Власеница,Оба пола,first_degree,200
2013,Број,Власеница,M,first_degree,123
2013,Број,Власеница,Ж,first_degree,77
2013,Број,Вукосавље,Оба пола,first_degree,39
2013,Број,Вукосавље,M,first_degree,25
2013,Број,Вукосавље,Ж,first_degree,14
2013,Број,Гацко,Оба пола,first_degree,335
2013,Број,Гацко,M,first_degree,191
2013,Број,Гацко,Ж,first_degree,144
2013,Број,Град Градишка,Оба пола,first_degree,1222
2013,Број,Град Градишка,M,first_degree,658
2013,Број,Град Градишка,Ж,first_degree,564
2013,Број,Град Дервента,Оба пола,first_degree,542
2013,Број,Град Дервента,M,first_degree,331
2013,Број,Град Дервента,Ж,first_degree,211
2013,Број,Град Добој,Оба пола,first_degree,1827
2013,Број,Град Добој,M,first_degree,1078
2013,Број,Град Добој,Ж,first_degree,749
2013,Број,Доњи Жабар,Оба пола,first_degree,37
2013,Број,Доњи Жабар,M,first_degree,23
2013,Број,Доњи Жабар,Ж,first_degree,14
2013,Број,Град Зворник,Оба пола,first_degree,1283
2013,Број,Град Зворник,M,first_degree,716
2013,Број,Град Зворник,Ж,first_degree,567
2013,Број,Источна Илиџа,Оба пола,first_degree,513
2013,Број,Источна Илиџа,M,first_degree,315
2013,Број,Источна Илиџа,Ж,first_degree,198
2013,Број,Источни Дрвар,Оба пола,first_degree,5
2013,Број,Источни Дрвар,M,first_degree,5
2013,Број,Источни Дрвар,Ж,first_degree,0
2013,Број,Источни Мостар,Оба пола,first_degree,2
2013,Број,Источни Мостар,M,first_degree,2
2013,Број,Источни Мостар,Ж,first_degree,0
2013,Број,Источни Стари Град,Оба пола,first_degree,27
2013,Број,Источни Стари Град,M,first_degree,14
2013,Број,Источни Стари Град,Ж,first_degree,13
2013,Број,Источно Ново Сарајево,Оба пола,first_degree,375
2013,Број,Источно Ново Сарајево,M,first_degree,225
2013,Број,Источно Ново Сарајево,Ж,first_degree,150
2013,Број,Језеро,Оба пола,first_degree,16
2013,Број,Језеро,M,first_degree,10
2013,Број,Језеро,Ж,first_degree,6
2013,Број,Калиновик,Оба пола,first_degree,58
2013,Број,Калиновик,M,first_degree,41
2013,Број,Калиновик,Ж,first_degree,17
2013,Број,Кнежево,Оба пола,first_degree,125
2013,Број,Кнежево,M,first_degree,93
2013,Број,Кнежево,Ж,first_degree,32
2013,Број,Козарска Дубица,Оба пола,first_degree,644
2013,Број,Козарска Дубица,M,first_degree,345
2013,Број,Козарска Дубица,Ж,first_degree,299
2013,Број,Костајница,Оба пола,first_degree,206
2013,Број,Костајница,M,first_degree,94
2013,Број,Костајница,Ж,first_degree,112
2013,Број,Котор Варош,Оба пола,first_degree,225
2013,Број,Котор Варош,M,first_degree,144
2013,Број,Котор Варош,Ж,first_degree,81
2013,Број,Крупа на Уни,Оба пола,first_degree,11
2013,Број,Крупа на Уни,M,first_degree,6
2013,Број,Крупа на Уни,Ж,first_degree,5
2013,Број,Купрес,Оба пола,first_degree,2
2013,Број,Купрес,M,first_degree,2
2013,Број,Купрес,Ж,first_degree,0
2013,Број,Лакташи,Оба пола,first_degree,822
2013,Број,Лакташи,M,first_degree,462
2013,Број,Лакташи,Ж,first_degree,360
2013,Број,Лопаре,Оба пола,first_degree,217
2013,Број,Лопаре,M,first_degree,133
2013,Број,Лопаре,Ж,first_degree,84
2013,Број,Љубиње,Оба пола,first_degree,126
2013,Број,Љубиње,M,first_degree,69
2013,Број,Љубиње,Ж,first_degree,57
2013,Број,Милићи,Оба пола,first_degree,213
2013,Број,Милићи,M,first_degree,113
2013,Број,Милићи,Ж,first_degree,100
2013,Број,Модрича,Оба пола,first_degree,483
2013,Број,Модрича,M,first_degree,303
2013,Број,Модрича,Ж,first_degree,180
2013,Број,Мркоњић Град,Оба пола,first_degree,350
2013,Број,Мркоњић Град,M,first_degree,204
2013,Број,Мркоњић Град,Ж,first_degree,146
2013,Број,Невесиње,Оба пола,first_degree,384
2013,Број,Невесиње,M,first_degree,236
2013,Број,Невесиње,Ж,first_degree,148
2013,Број,Нови Град,Оба пола,first_degree,714
2013,Број,Нови Град,M,first_degree,366
2013,Број,Нови Град,Ж,first_degree,348
2013,Број,Ново Горажде,Оба пола,first_degree,48
2013,Број,Ново Горажде,M,first_degree,39
2013,Број,Ново Горажде,Ж,first_degree,9
2013,Број,Осмаци,Оба пола,first_degree,65
2013,Број,Осмаци,M,first_degree,48
2013,Број,Осмаци,Ж,first_degree,17
2013,Број,Оштра Лука,Оба пола,first_degree,36
2013,Број,Оштра Лука,M,first_degree,16
2013,Број,Оштра Лука,Ж,first_degree,20
2013,Број,Пале,Оба пола,first_degree,645
2013,Број,Пале,M,first_degree,389
2013,Број,Пале,Ж,first_degree,256
2013,Број,Пелагићево,Оба пола,first_degree,81
2013,Број,Пелагићево,M,first_degree,44
2013,Број,Пелагићево,Ж,first_degree,37
2013,Број,Петровац,Оба пола,first_degree,11
2013,Број,Петровац,M,first_degree,6
2013,Број,Петровац,Ж,first_degree,5
2013,Број,Петрово,Оба пола,first_degree,166
2013,Број,Петрово,M,first_degree,109
2013,Број,Петрово,Ж,first_degree,57
2013,Број,Град Приједор,Оба пола,first_degree,2448
2013,Број,Град Приједор,M,first_degree,1252
2013,Број,Град Приједор,Ж,first_degree,1196
2013,Број,Прњавор,Оба пола,first_degree,670
2013,Број,Прњавор,M,first_degree,388
2013,Број,Прњавор,Ж,first_degree,282
2013,Број,Рибник,Оба пола,first_degree,99
2013,Број,Рибник,M,first_degree,68
2013,Број,Рибник,Ж,first_degree,31
2013,Број,Рогатица,Оба пола,first_degree,315
2013,Број,Рогатица,M,first_degree,209
2013,Број,Рогатица,Ж,first_degree,106
2013,Број,Рудо,Оба пола,first_degree,277
2013,Број,Рудо,M,first_degree,175
2013,Број,Рудо,Ж,first_degree,102
2013,Број,Соколац,Оба пола,first_degree,393
2013,Број,Соколац,M,first_degree,237
2013,Број,Соколац,Ж,first_degree,156
2013,Број,Србац,Оба пола,first_degree,342
2013,Број,Србац,M,first_degree,232
2013,Број,Србац,Ж,first_degree,110
2013,Број,Сребреница,Оба пола,first_degree,290
2013,Број,Сребреница,M,first_degree,171
2013,Број,Сребреница,Ж,first_degree,119
2013,Број,Теслић,Оба пола,first_degree,577
2013,Број,Теслић,M,first_degree,335
2013,Број,Теслић,Ж,first_degree,242
2013,Број,Град Требиње,Оба пола,first_degree,1442
2013,Број,Град Требиње,M,first_degree,806
2013,Број,Град Требиње,Ж,first_degree,636
2013,Број,Трново,Оба пола,first_degree,52
2013,Број,Трново,M,first_degree,37
2013,Број,Трново,Ж,first_degree,15
2013,Број,Угљевик,Оба пола,first_degree,252
2013,Број,Угљевик,M,first_degree,156
2013,Број,Угљевик,Ж,first_degree,96
2013,Број,Фоча,Оба пола,first_degree,510
2013,Број,Фоча,M,first_degree,334
2013,Број,Фоча,Ж,first_degree,176
2013,Број,Хан Пијесак,Оба пола,first_degree,110
2013,Број,Хан Пијесак,M,first_degree,67
2013,Број,Хан Пијесак,Ж,first_degree,43
2013,Број,Чајниче,Оба пола,first_degree,75
2013,Број,Чајниче,M,first_degree,48
2013,Број,Чајниче,Ж,first_degree,27
2013,Број,Челинац,Оба пола,first_degree,293
2013,Број,Челинац,M,first_degree,186
2013,Број,Челинац,Ж,first_degree,107
2013,Број,Шамац,Оба пола,first_degree,478
2013,Број,Шамац,M,first_degree,265
2013,Број,Шамац,Ж,first_degree,213
2013,Број,Шековићи,Оба пола,first_degree,136
2013,Број,Шековићи,M,first_degree,76
2013,Број,Шековићи,Ж,first_degree,60
2013,Број,Шипово,Оба пола,first_degree,191
2013,Број,Шипово,M,first_degree,121
2013,Број,Шипово,Ж,first_degree,70
2013,Број,Република Српска,Оба пола,university_degree,87036
2013,Број,Република Српска,M,university_degree,42562
2013,Број,Република Српска,Ж,university_degree,44474
2013,Број,Град Бања Лука,Оба пола,university_degree,25924
2013,Број,Град Бања Лука,M,university_degree,12201
2013,Број,Град Бања Лука,Ж,university_degree,13723
2013,Број,Берковићи,Оба пола,university_degree,92
2013,Број,Берковићи,M,university_degree,51
2013,Број,Берковићи,Ж,university_degree,41
2013,Број,Град Бијељина,Оба пола,university_degree,8088
2013,Број,Град Бијељина,M,university_degree,3846
2013,Број,Град Бијељина,Ж,university_degree,4242
2013,Број,Билећа,Оба пола,university_degree,791
2013,Број,Билећа,M,university_degree,443
2013,Број,Билећа,Ж,university_degree,348
2013,Број,Братунац,Оба пола,university_degree,1014
2013,Број,Братунац,M,university_degree,515
2013,Број,Братунац,Ж,university_degree,499
2013,Број,Брод,Оба пола,university_degree,801
2013,Број,Брод,M,university_degree,389
2013,Број,Брод,Ж,university_degree,412
2013,Број,Вишеград,Оба пола,university_degree,818
2013,Број,Вишеград,M,university_degree,410
2013,Број,Вишеград,Ж,university_degree,408
2013,Број,Власеница,Оба пола,university_degree,641
2013,Број,Власеница,M,university_degree,316
2013,Број,Власеница,Ж,university_degree,325
2013,Број,Вукосавље,Оба пола,university_degree,97
2013,Број,Вукосавље,M,university_degree,55
2013,Број,Вукосавље,Ж,university_degree,42
2013,Број,Гацко,Оба пола,university_degree,812
2013,Број,Гацко,M,university_degree,413
2013,Број,Гацко,Ж,university_degree,399
2013,Број,Град Градишка,Оба пола,university_degree,2538
2013,Број,Град Градишка,M,university_degree,1270
2013,Број,Град Градишка,Ж,university_degree,1268
2013,Број,Град Дервента,Оба пола,university_degree,1242
2013,Број,Град Дервента,M,university_degree,598
2013,Број,Град Дервента,Ж,university_degree,644
2013,Број,Град Добој,Оба пола,university_degree,4634
2013,Број,Град Добој,M,university_degree,2420
2013,Број,Град Добој,Ж,university_degree,2214
2013,Број,Доњи Жабар,Оба пола,university_degree,100
2013,Број,Доњи Жабар,M,university_degree,59
2013,Број,Доњи Жабар,Ж,university_degree,41
2013,Број,Град Зворник,Оба пола,university_degree,2964
2013,Број,Град Зворник,M,university_degree,1529
2013,Број,Град Зворник,Ж,university_degree,1435
2013,Број,Источна Илиџа,Оба пола,university_degree,1844
2013,Број,Источна Илиџа,M,university_degree,802
2013,Број,Источна Илиџа,Ж,university_degree,1042
2013,Број,Источни Дрвар,Оба пола,university_degree,10
2013,Број,Источни Дрвар,M,university_degree,8
2013,Број,Источни Дрвар,Ж,university_degree,2
2013,Број,Источни Мостар,Оба пола,university_degree,14
2013,Број,Источни Мостар,M,university_degree,7
2013,Број,Источни Мостар,Ж,university_degree,7
2013,Број,Источни Стари Град,Оба пола,university_degree,53
2013,Број,Источни Стари Град,M,university_degree,21
2013,Број,Источни Стари Град,Ж,university_degree,32
2013,Број,Источно Ново Сарајево,Оба пола,university_degree,1563
2013,Број,Источно Ново Сарајево,M,university_degree,745
2013,Број,Источно Ново Сарајево,Ж,university_degree,818
2013,Број,Језеро,Оба пола,university_degree,30
2013,Број,Језеро,M,university_degree,19
2013,Број,Језеро,Ж,university_degree,11
2013,Број,Калиновик,Оба пола,university_degree,147
2013,Број,Калиновик,M,university_degree,85
2013,Број,Калиновик,Ж,university_degree,62
2013,Број,Кнежево,Оба пола,university_degree,334
2013,Број,Кнежево,M,university_degree,188
2013,Број,Кнежево,Ж,university_degree,146
2013,Број,Козарска Дубица,Оба пола,university_degree,999
2013,Број,Козарска Дубица,M,university_degree,501
2013,Број,Козарска Дубица,Ж,university_degree,498
2013,Број,Костајница,Оба пола,university_degree,281
2013,Број,Костајница,M,university_degree,134
2013,Број,Костајница,Ж,university_degree,147
2013,Број,Котор Варош,Оба пола,university_degree,767
2013,Број,Котор Варош,M,university_degree,408
2013,Број,Котор Варош,Ж,university_degree,359
2013,Број,Крупа на Уни,Оба пола,university_degree,13
2013,Број,Крупа на Уни,M,university_degree,7
2013,Број,Крупа на Уни,Ж,university_degree,6
2013,Број,Купрес,Оба пола,university_degree,4
2013,Број,Купрес,M,university_degree,3
2013,Број,Купрес,Ж,university_degree,1
2013,Број,Лакташи,Оба пола,university_degree,1729
2013,Број,Лакташи,M,university_degree,829
2013,Број,Лакташи,Ж,university_degree,900
2013,Број,Лопаре,Оба пола,university_degree,560
2013,Број,Лопаре,M,university_degree,264
2013,Број,Лопаре,Ж,university_degree,296
2013,Број,Љубиње,Оба пола,university_degree,255
2013,Број,Љубиње,M,university_degree,145
2013,Број,Љубиње,Ж,university_degree,110
2013,Број,Милићи,Оба пола,university_degree,573
2013,Број,Милићи,M,university_degree,295
2013,Број,Милићи,Ж,university_degree,278
2013,Број,Модрича,Оба пола,university_degree,1186
2013,Број,Модрича,M,university_degree,605
2013,Број,Модрича,Ж,university_degree,581
2013,Број,Мркоњић Град,Оба пола,university_degree,832
2013,Број,Мркоњић Град,M,university_degree,410
2013,Број,Мркоњић Град,Ж,university_degree,422
2013,Број,Невесиње,Оба пола,university_degree,856
2013,Број,Невесиње,M,university_degree,459
2013,Број,Невесиње,Ж,university_degree,397
2013,Број,Нови Град,Оба пола,university_degree,1243
2013,Број,Нови Град,M,university_degree,602
2013,Број,Нови Град,Ж,university_degree,641
2013,Број,Ново Горажде,Оба пола,university_degree,145
2013,Број,Ново Горажде,M,university_degree,71
2013,Број,Ново Горажде,Ж,university_degree,74
2013,Број,Осмаци,Оба пола,university_degree,235
2013,Број,Осмаци,M,university_degree,148
2013,Број,Осмаци,Ж,university_degree,87
2013,Број,Оштра Лука,Оба пола,university_degree,55
2013,Број,Оштра Лука,M,university_degree,24
2013,Број,Оштра Лука,Ж,university_degree,31
2013,Број,Пале,Оба пола,university_degree,2538
2013,Број,Пале,M,university_degree,1148
2013,Број,Пале,Ж,university_degree,1390
2013,Број,Пелагићево,Оба пола,university_degree,94
2013,Број,Пелагићево,M,university_degree,53
2013,Број,Пелагићево,Ж,university_degree,41
2013,Број,Петровац,Оба пола,university_degree,26
2013,Број,Петровац,M,university_degree,13
2013,Број,Петровац,Ж,university_degree,13
2013,Број,Петрово,Оба пола,university_degree,259
2013,Број,Петрово,M,university_degree,134
2013,Број,Петрово,Ж,university_degree,125
2013,Број,Град Приједор,Оба пола,university_degree,4646
2013,Број,Град Приједор,M,university_degree,2220
2013,Број,Град Приједор,Ж,university_degree,2426
2013,Број,Прњавор,Оба пола,university_degree,1336
2013,Број,Прњавор,M,university_degree,627
2013,Број,Прњавор,Ж,university_degree,709
2013,Број,Рибник,Оба пола,university_degree,195
2013,Број,Рибник,M,university_degree,108
2013,Број,Рибник,Ж,university_degree,87
2013,Број,Рогатица,Оба пола,university_degree,702
2013,Број,Рогатица,M,university_degree,354
2013,Број,Рогатица,Ж,university_degree,348
2013,Број,Рудо,Оба пола,university_degree,454
2013,Број,Рудо,M,university_degree,232
2013,Број,Рудо,Ж,university_degree,222
2013,Број,Соколац,Оба пола,university_degree,1113
2013,Број,Соколац,M,university_degree,529
2013,Број,Соколац,Ж,university_degree,584
2013,Број,Србац,Оба пола,university_degree,798
2013,Број,Србац,M,university_degree,410
2013,Број,Србац,Ж,university_degree,388
2013,Број,Сребреница,Оба пола,university_degree,741
2013,Број,Сребреница,M,university_degree,395
2013,Број,Сребреница,Ж,university_degree,346
2013,Број,Теслић,Оба пола,university_degree,1351
2013,Број,Теслић,M,university_degree,689
2013,Број,Теслић,Ж,university_degree,662
2013,Број,Град Требиње,Оба пола,university_degree,3262
2013,Број,Град Требиње,M,university_degree,1642
2013,Број,Град Требиње,Ж,university_degree,1620
2013,Број,Трново,Оба пола,university_degree,139
2013,Број,Трново,M,university_degree,66
2013,Број,Трново,Ж,university_degree,73
2013,Број,Угљевик,Оба пола,university_degree,903
2013,Број,Угљевик,M,university_degree,443
2013,Број,Угљевик,Ж,university_degree,460
2013,Број,Фоча,Оба пола,university_degree,1422
2013,Број,Фоча,M,university_degree,757
2013,Број,Фоча,Ж,university_degree,665
2013,Број,Хан Пијесак,Оба пола,university_degree,274
2013,Број,Хан Пијесак,M,university_degree,138
2013,Број,Хан Пијесак,Ж,university_degree,136
2013,Број,Чајниче,Оба пола,university_degree,280
2013,Број,Чајниче,M,university_degree,152
2013,Број,Чајниче,Ж,university_degree,128
2013,Број,Челинац,Оба пола,university_degree,618
2013,Број,Челинац,M,university_degree,290
2013,Број,Челинац,Ж,university_degree,328
2013,Број,Шамац,Оба пола,university_degree,911
2013,Број,Шамац,M,university_degree,494
2013,Број,Шамац,Ж,university_degree,417
2013,Број,Шековићи,Оба пола,university_degree,267
2013,Број,Шековићи,M,university_degree,144
2013,Број,Шековићи,Ж,university_degree,123
2013,Број,Шипово,Оба пола,university_degree,423
2013,Број,Шипово,M,university_degree,229
2013,Број,Шипово,Ж,university_degree,194
