Year,UNIT_MEASURE,Административно подручје,Пол,Literacy,Value
2013,Број,REPUBLIKA SRPSKA,Оба пола,Укупно,1062861.0
2013,Број,REPUBLIKA SRPSKA,M,Укупно,516703.0
2013,Број,REPUBLIKA SRPSKA,Ж,Укупно,546158.0
2013,Број,BANJA LUKA,Оба пола,Укупно,162106.0
2013,Број,BANJA LUKA,M,Укупно,77356.0
2013,Број,BANJA LUKA,Ж,Укупно,84750.0
2013,Број,BERKOVICI,Оба пола,Укупно,1824.0
2013,Број,BERKOVICI,M,Укупно,916.0
2013,Број,BERKOVICI,Ж,Укупно,908.0
2013,Број,BIJELJINA,Оба пола,Укупно,94007.0
2013,Број,BIJELJINA,M,Укупно,45652.0
2013,Број,BIJELJINA,Ж,Укупно,48355.0
2013,Број,BILECA,Оба пола,Укупно,9644.0
2013,Број,BILECA,M,Укупно,4830.0
2013,Број,BILECA,Ж,Укупно,4814.0
2013,Број,BRATUNAC,Оба пола,Укупно,16773.0
2013,Број,BRATUNAC,M,Укупно,8235.0
2013,Број,BRATUNAC,Ж,Укупно,8538.0
2013,Број,BROD,Оба пола,Укупно,14277.0
2013,Број,BROD,M,Укупно,6911.0
2013,Број,BROD,Ж,Укупно,7366.0
2013,Број,VISEGRAD,Оба пола,Укупно,9381.0
2013,Број,VISEGRAD,M,Укупно,4478.0
2013,Број,VISEGRAD,Ж,Укупно,4903.0
2013,Број,VLASENICA,Оба пола,Укупно,9649.0
2013,Број,VLASENICA,M,Укупно,4669.0
2013,Број,VLASENICA,Ж,Укупно,4980.0
2013,Број,VUKOSAVLJE,Оба пола,Укупно,3950.0
2013,Број,VUKOSAVLJE,M,Укупно,1975.0
2013,Број,VUKOSAVLJE,Ж,Укупно,1975.0
2013,Број,GACKO,Оба пола,Укупно,7864.0
2013,Број,GACKO,M,Укупно,3987.0
2013,Број,GACKO,Ж,Укупно,3877.0
2013,Број,GRADISKA,Оба пола,Укупно,44972.0
2013,Број,GRADISKA,M,Укупно,21810.0
2013,Број,GRADISKA,Ж,Укупно,23162.0
2013,Број,DERVENTA,Оба пола,Укупно,23629.0
2013,Број,DERVENTA,M,Укупно,11467.0
2013,Број,DERVENTA,Ж,Укупно,12162.0
2013,Број,DOBOJ,Оба пола,Укупно,62056.0
2013,Број,DOBOJ,M,Укупно,29964.0
2013,Број,DOBOJ,Ж,Укупно,32092.0
2013,Број,DONJI ZABAR,Оба пола,Укупно,3352.0
2013,Број,DONJI ZABAR,M,Укупно,1685.0
2013,Број,DONJI ZABAR,Ж,Укупно,1667.0
2013,Број,ZVORNIK,Оба пола,Укупно,48535.0
2013,Број,ZVORNIK,M,Укупно,23809.0
2013,Број,ZVORNIK,Ж,Укупно,24726.0
2013,Број,ISTOCNA ILIDZA,Оба пола,Укупно,13131.0
2013,Број,ISTOCNA ILIDZA,M,Укупно,6250.0
2013,Број,ISTOCNA ILIDZA,Ж,Укупно,6881.0
2013,Број,ISTOCNI DRVAR,Оба пола,Укупно,65.0
2013,Број,ISTOCNI DRVAR,M,Укупно,43.0
2013,Број,ISTOCNI DRVAR,Ж,Укупно,22.0
2013,Број,ISTOCNI MOSTAR,Оба пола,Укупно,226.0
2013,Број,ISTOCNI MOSTAR,M,Укупно,128.0
2013,Број,ISTOCNI MOSTAR,Ж,Укупно,98.0
2013,Број,ISTOCNI STARI GRAD,Оба пола,Укупно,1033.0
2013,Број,ISTOCNI STARI GRAD,M,Укупно,505.0
2013,Број,ISTOCNI STARI GRAD,Ж,Укупно,528.0
2013,Број,ISTOCNO NOVO SARAJEVO,Оба пола,Укупно,9302.0
2013,Број,ISTOCNO NOVO SARAJEVO,M,Укупно,4402.0
2013,Број,ISTOCNO NOVO SARAJEVO,Ж,Укупно,4900.0
2013,Број,JEZERO,Оба пола,Укупно,951.0
2013,Број,JEZERO,M,Укупно,492.0
2013,Број,JEZERO,Ж,Укупно,459.0
2013,Број,KALINOVIK,Оба пола,Укупно,1845.0
2013,Број,KALINOVIK,M,Укупно,895.0
2013,Број,KALINOVIK,Ж,Укупно,950.0
2013,Број,KNEZEVO,Оба пола,Укупно,8558.0
2013,Број,KNEZEVO,M,Укупно,4209.0
2013,Број,KNEZEVO,Ж,Укупно,4349.0
2013,Број,KOZARSKA DUBICA,Оба пола,Укупно,19095.0
2013,Број,KOZARSKA DUBICA,M,Укупно,9296.0
2013,Број,KOZARSKA DUBICA,Ж,Укупно,9799.0
2013,Број,KOSTAJNICA,Оба пола,Укупно,5201.0
2013,Број,KOSTAJNICA,M,Укупно,2553.0
2013,Број,KOSTAJNICA,Ж,Укупно,2648.0
2013,Број,KOTOR VAROS,Оба пола,Укупно,16533.0
2013,Број,KOTOR VAROS,M,Укупно,8069.0
2013,Број,KOTOR VAROS,Ж,Укупно,8464.0
2013,Број,KRUPA NA UNI,Оба пола,Укупно,1456.0
2013,Број,KRUPA NA UNI,M,Укупно,786.0
2013,Број,KRUPA NA UNI,Ж,Укупно,670.0
2013,Број,KUPRES,Оба пола,Укупно,280.0
2013,Број,KUPRES,M,Укупно,147.0
2013,Број,KUPRES,Ж,Укупно,133.0
2013,Број,LAKTASI,Оба пола,Укупно,30705.0
2013,Број,LAKTASI,M,Укупно,15132.0
2013,Број,LAKTASI,Ж,Укупно,15573.0
2013,Број,LOPARE,Оба пола,Укупно,13599.0
2013,Број,LOPARE,M,Укупно,6831.0
2013,Број,LOPARE,Ж,Укупно,6768.0
2013,Број,LJUBINJE,Оба пола,Укупно,3046.0
2013,Број,LJUBINJE,M,Укупно,1502.0
2013,Број,LJUBINJE,Ж,Укупно,1544.0
2013,Број,MILICI,Оба пола,Укупно,9487.0
2013,Број,MILICI,M,Укупно,4761.0
2013,Број,MILICI,Ж,Укупно,4726.0
2013,Број,MODRICA,Оба пола,Укупно,22419.0
2013,Број,MODRICA,M,Укупно,10910.0
2013,Број,MODRICA,Ж,Укупно,11509.0
2013,Број,MRKONJIC GRAD,Оба пола,Укупно,14541.0
2013,Број,MRKONJIC GRAD,M,Укупно,6944.0
2013,Број,MRKONJIC GRAD,Ж,Укупно,7597.0
2013,Број,NEVESINJE,Оба пола,Укупно,11346.0
2013,Број,NEVESINJE,M,Укупно,5615.0
2013,Број,NEVESINJE,Ж,Укупно,5731.0
2013,Број,NOVI GRAD,Оба пола,Укупно,23292.0
2013,Број,NOVI GRAD,M,Укупно,11576.0
2013,Број,NOVI GRAD,Ж,Укупно,11716.0
2013,Број,NOVO GORAZDE,Оба пола,Укупно,2718.0
2013,Број,NOVO GORAZDE,M,Укупно,1408.0
2013,Број,NOVO GORAZDE,Ж,Укупно,1310.0
2013,Број,OSMACI,Оба пола,Укупно,5021.0
2013,Број,OSMACI,M,Укупно,2498.0
2013,Број,OSMACI,Ж,Укупно,2523.0
2013,Број,OSTRA LUKA,Оба пола,Укупно,2468.0
2013,Број,OSTRA LUKA,M,Укупно,1264.0
2013,Број,OSTRA LUKA,Ж,Укупно,1204.0
2013,Број,PALE,Оба пола,Укупно,18603.0
2013,Број,PALE,M,Укупно,8848.0
2013,Број,PALE,Ж,Укупно,9755.0
2013,Број,PELAGICEVO,Оба пола,Укупно,4076.0
2013,Број,PELAGICEVO,M,Укупно,2009.0
2013,Број,PELAGICEVO,Ж,Укупно,2067.0
2013,Број,PETROVAC,Оба пола,Укупно,323.0
2013,Број,PETROVAC,M,Укупно,151.0
2013,Број,PETROVAC,Ж,Укупно,172.0
2013,Број,PETROVO,Оба пола,Укупно,5831.0
2013,Број,PETROVO,M,Укупно,2793.0
2013,Број,PETROVO,Ж,Укупно,3038.0
2013,Број,PRIJEDOR,Оба пола,Укупно,74375.0
2013,Број,PRIJEDOR,M,Укупно,36023.0
2013,Број,PRIJEDOR,Ж,Укупно,38352.0
2013,Број,PRNJAVOR,Оба пола,Укупно,31231.0
2013,Број,PRNJAVOR,M,Укупно,15075.0
2013,Број,PRNJAVOR,Ж,Укупно,16156.0
2013,Број,RIBNIK,Оба пола,Укупно,5365.0
2013,Број,RIBNIK,M,Укупно,2649.0
2013,Број,RIBNIK,Ж,Укупно,2716.0
2013,Број,ROGATICA,Оба пола,Укупно,9327.0
2013,Број,ROGATICA,M,Укупно,4558.0
2013,Број,ROGATICA,Ж,Укупно,4769.0
2013,Број,RUDO,Оба пола,Укупно,6979.0
2013,Број,RUDO,M,Укупно,3524.0
2013,Број,RUDO,Ж,Укупно,3455.0
2013,Број,SOKOLAC,Оба пола,Укупно,10588.0
2013,Број,SOKOLAC,M,Укупно,5194.0
2013,Број,SOKOLAC,Ж,Укупно,5394.0
2013,Број,SRBAC,Оба пола,Укупно,15404.0
2013,Број,SRBAC,M,Укупно,7537.0
2013,Број,SRBAC,Ж,Укупно,7867.0
2013,Број,SREBRENICA,Оба пола,Укупно,10715.0
2013,Број,SREBRENICA,M,Укупно,5225.0
2013,Број,SREBRENICA,Ж,Укупно,5490.0
2013,Број,TESLIC,Оба пола,Укупно,33369.0
2013,Број,TESLIC,M,Укупно,15840.0
2013,Број,TESLIC,Ж,Укупно,17529.0
2013,Број,TREBINJE,Оба пола,Укупно,25447.0
2013,Број,TREBINJE,M,Укупно,12305.0
2013,Број,TREBINJE,Ж,Укупно,13142.0
2013,Број,TRNOVO,Оба пола,Укупно,1852.0
2013,Број,TRNOVO,M,Укупно,887.0
2013,Број,TRNOVO,Ж,Укупно,965.0
2013,Број,UGLJEVIK,Оба пола,Укупно,13720.0
2013,Број,UGLJEVIK,M,Укупно,6891.0
2013,Број,UGLJEVIK,Ж,Укупно,6829.0
2013,Број,FOCA,Оба пола,Укупно,16227.0
2013,Број,FOCA,M,Укупно,8147.0
2013,Број,FOCA,Ж,Укупно,8080.0
2013,Број,HAN PIJESAK,Оба пола,Укупно,3187.0
2013,Број,HAN PIJESAK,M,Укупно,1496.0
2013,Број,HAN PIJESAK,Ж,Укупно,1691.0
2013,Број,CAJNICE,Оба пола,Укупно,4289.0
2013,Број,CAJNICE,M,Укупно,2164.0
2013,Број,CAJNICE,Ж,Укупно,2125.0
2013,Број,CELINAC,Оба пола,Укупно,13636.0
2013,Број,CELINAC,M,Укупно,6711.0
2013,Број,CELINAC,Ж,Укупно,6925.0
2013,Број,SAMAC,Оба пола,Укупно,15072.0
2013,Број,SAMAC,M,Укупно,7273.0
2013,Број,SAMAC,Ж,Укупно,7799.0
2013,Број,SEKOVICI,Оба пола,Укупно,5816.0
2013,Број,SEKOVICI,M,Укупно,2868.0
2013,Број,SEKOVICI,Ж,Укупно,2948.0
2013,Број,SIPOVO,Оба пола,Укупно,9092.0
2013,Број,SIPOVO,M,Укупно,4575.0
2013,Број,SIPOVO,Ж,Укупно,4517.0
2013,Број,REPUBLIKA SRPSKA,Оба пола,illiterate,34928.0
2013,Број,REPUBLIKA SRPSKA,M,illiterate,4987.0
2013,Број,REPUBLIKA SRPSKA,Ж,illiterate,29941.0
2013,Број,BANJA LUKA,Оба пола,illiterate,3503.0
2013,Број,BANJA LUKA,M,illiterate,509.0
2013,Број,BANJA LUKA,Ж,illiterate,2994.0
2013,Број,BERKOVICI,Оба пола,illiterate,47.0
2013,Број,BERKOVICI,M,illiterate,1.0
2013,Број,BERKOVICI,Ж,illiterate,46.0
2013,Број,BIJELJINA,Оба пола,illiterate,2541.0
2013,Број,BIJELJINA,M,illiterate,413.0
2013,Број,BIJELJINA,Ж,illiterate,2128.0
2013,Број,BILECA,Оба пола,illiterate,144.0
2013,Број,BILECA,M,illiterate,31.0
2013,Број,BILECA,Ж,illiterate,113.0
2013,Број,BRATUNAC,Оба пола,illiterate,865.0
2013,Број,BRATUNAC,M,illiterate,82.0
2013,Број,BRATUNAC,Ж,illiterate,783.0
2013,Број,BROD,Оба пола,illiterate,330.0
2013,Број,BROD,M,illiterate,53.0
2013,Број,BROD,Ж,illiterate,277.0
2013,Број,VISEGRAD,Оба пола,illiterate,358.0
2013,Број,VISEGRAD,M,illiterate,35.0
2013,Број,VISEGRAD,Ж,illiterate,323.0
2013,Број,VLASENICA,Оба пола,illiterate,350.0
2013,Број,VLASENICA,M,illiterate,49.0
2013,Број,VLASENICA,Ж,illiterate,301.0
2013,Број,VUKOSAVLJE,Оба пола,illiterate,196.0
2013,Број,VUKOSAVLJE,M,illiterate,31.0
2013,Број,VUKOSAVLJE,Ж,illiterate,165.0
2013,Број,GACKO,Оба пола,illiterate,110.0
2013,Број,GACKO,M,illiterate,10.0
2013,Број,GACKO,Ж,illiterate,100.0
2013,Број,GRADISKA,Оба пола,illiterate,1526.0
2013,Број,GRADISKA,M,illiterate,204.0
2013,Број,GRADISKA,Ж,illiterate,1322.0
2013,Број,DERVENTA,Оба пола,illiterate,812.0
2013,Број,DERVENTA,M,illiterate,120.0
2013,Број,DERVENTA,Ж,illiterate,692.0
2013,Број,DOBOJ,Оба пола,illiterate,1979.0
2013,Број,DOBOJ,M,illiterate,270.0
2013,Број,DOBOJ,Ж,illiterate,1709.0
2013,Број,DONJI ZABAR,Оба пола,illiterate,128.0
2013,Број,DONJI ZABAR,M,illiterate,26.0
2013,Број,DONJI ZABAR,Ж,illiterate,102.0
2013,Број,ZVORNIK,Оба пола,illiterate,2055.0
2013,Број,ZVORNIK,M,illiterate,245.0
2013,Број,ZVORNIK,Ж,illiterate,1810.0
2013,Број,ISTOCNA ILIDZA,Оба пола,illiterate,171.0
2013,Број,ISTOCNA ILIDZA,M,illiterate,22.0
2013,Број,ISTOCNA ILIDZA,Ж,illiterate,149.0
2013,Број,ISTOCNI DRVAR,Оба пола,illiterate,2.0
2013,Број,ISTOCNI DRVAR,M,illiterate,0.0
2013,Број,ISTOCNI DRVAR,Ж,illiterate,2.0
2013,Број,ISTOCNI MOSTAR,Оба пола,illiterate,19.0
2013,Број,ISTOCNI MOSTAR,M,illiterate,1.0
2013,Број,ISTOCNI MOSTAR,Ж,illiterate,18.0
2013,Број,ISTOCNI STARI GRAD,Оба пола,illiterate,40.0
2013,Број,ISTOCNI STARI GRAD,M,illiterate,3.0
2013,Број,ISTOCNI STARI GRAD,Ж,illiterate,37.0
2013,Број,ISTOCNO NOVO SARAJEVO,Оба пола,illiterate,80.0
2013,Број,ISTOCNO NOVO SARAJEVO,M,illiterate,14.0
2013,Број,ISTOCNO NOVO SARAJEVO,Ж,illiterate,66.0
2013,Број,JEZERO,Оба пола,illiterate,43.0
2013,Број,JEZERO,M,illiterate,7.0
2013,Број,JEZERO,Ж,illiterate,36.0
2013,Број,KALINOVIK,Оба пола,illiterate,86.0
2013,Број,KALINOVIK,M,illiterate,5.0
2013,Број,KALINOVIK,Ж,illiterate,81.0
2013,Број,KNEZEVO,Оба пола,illiterate,971.0
2013,Број,KNEZEVO,M,illiterate,146.0
2013,Број,KNEZEVO,Ж,illiterate,825.0
2013,Број,KOZARSKA DUBICA,Оба пола,illiterate,590.0
2013,Број,KOZARSKA DUBICA,M,illiterate,77.0
2013,Број,KOZARSKA DUBICA,Ж,illiterate,513.0
2013,Број,KOSTAJNICA,Оба пола,illiterate,115.0
2013,Број,KOSTAJNICA,M,illiterate,14.0
2013,Број,KOSTAJNICA,Ж,illiterate,101.0
2013,Број,KOTOR VAROS,Оба пола,illiterate,1042.0
2013,Број,KOTOR VAROS,M,illiterate,148.0
2013,Број,KOTOR VAROS,Ж,illiterate,894.0
2013,Број,KRUPA NA UNI,Оба пола,illiterate,145.0
2013,Број,KRUPA NA UNI,M,illiterate,21.0
2013,Број,KRUPA NA UNI,Ж,illiterate,124.0
2013,Број,KUPRES,Оба пола,illiterate,81.0
2013,Број,KUPRES,M,illiterate,27.0
2013,Број,KUPRES,Ж,illiterate,54.0
2013,Број,LAKTASI,Оба пола,illiterate,752.0
2013,Број,LAKTASI,M,illiterate,117.0
2013,Број,LAKTASI,Ж,illiterate,635.0
2013,Број,LOPARE,Оба пола,illiterate,680.0
2013,Број,LOPARE,M,illiterate,123.0
2013,Број,LOPARE,Ж,illiterate,557.0
2013,Број,LJUBINJE,Оба пола,illiterate,49.0
2013,Број,LJUBINJE,M,illiterate,5.0
2013,Број,LJUBINJE,Ж,illiterate,44.0
2013,Број,MILICI,Оба пола,illiterate,399.0
2013,Број,MILICI,M,illiterate,51.0
2013,Број,MILICI,Ж,illiterate,348.0
2013,Број,MODRICA,Оба пола,illiterate,736.0
2013,Број,MODRICA,M,illiterate,119.0
2013,Број,MODRICA,Ж,illiterate,617.0
2013,Број,MRKONJIC GRAD,Оба пола,illiterate,821.0
2013,Број,MRKONJIC GRAD,M,illiterate,95.0
2013,Број,MRKONJIC GRAD,Ж,illiterate,726.0
2013,Број,NEVESINJE,Оба пола,illiterate,305.0
2013,Број,NEVESINJE,M,illiterate,32.0
2013,Број,NEVESINJE,Ж,illiterate,273.0
2013,Број,NOVI GRAD,Оба пола,illiterate,666.0
2013,Број,NOVI GRAD,M,illiterate,106.0
2013,Број,NOVI GRAD,Ж,illiterate,560.0
2013,Број,NOVO GORAZDE,Оба пола,illiterate,76.0
2013,Број,NOVO GORAZDE,M,illiterate,5.0
2013,Број,NOVO GORAZDE,Ж,illiterate,71.0
2013,Број,OSMACI,Оба пола,illiterate,264.0
2013,Број,OSMACI,M,illiterate,29.0
2013,Број,OSMACI,Ж,illiterate,235.0
2013,Број,OSTRA LUKA,Оба пола,illiterate,196.0
2013,Број,OSTRA LUKA,M,illiterate,32.0
2013,Број,OSTRA LUKA,Ж,illiterate,164.0
2013,Број,PALE,Оба пола,illiterate,293.0
2013,Број,PALE,M,illiterate,40.0
2013,Број,PALE,Ж,illiterate,253.0
2013,Број,PELAGICEVO,Оба пола,illiterate,179.0
2013,Број,PELAGICEVO,M,illiterate,29.0
2013,Број,PELAGICEVO,Ж,illiterate,150.0
2013,Број,PETROVAC,Оба пола,illiterate,6.0
2013,Број,PETROVAC,M,illiterate,0.0
2013,Број,PETROVAC,Ж,illiterate,6.0
2013,Број,PETROVO,Оба пола,illiterate,245.0
2013,Број,PETROVO,M,illiterate,28.0
2013,Број,PETROVO,Ж,illiterate,217.0
2013,Број,PRIJEDOR,Оба пола,illiterate,2172.0
2013,Број,PRIJEDOR,M,illiterate,422.0
2013,Број,PRIJEDOR,Ж,illiterate,1750.0
2013,Број,PRNJAVOR,Оба пола,illiterate,1408.0
2013,Број,PRNJAVOR,M,illiterate,203.0
2013,Број,PRNJAVOR,Ж,illiterate,1205.0
2013,Број,RIBNIK,Оба пола,illiterate,456.0
2013,Број,RIBNIK,M,illiterate,69.0
2013,Број,RIBNIK,Ж,illiterate,387.0
2013,Број,ROGATICA,Оба пола,illiterate,351.0
2013,Број,ROGATICA,M,illiterate,38.0
2013,Број,ROGATICA,Ж,illiterate,313.0
2013,Број,RUDO,Оба пола,illiterate,155.0
2013,Број,RUDO,M,illiterate,27.0
2013,Број,RUDO,Ж,illiterate,128.0
2013,Број,SOKOLAC,Оба пола,illiterate,231.0
2013,Број,SOKOLAC,M,illiterate,25.0
2013,Број,SOKOLAC,Ж,illiterate,206.0
2013,Број,SRBAC,Оба пола,illiterate,539.0
2013,Број,SRBAC,M,illiterate,102.0
2013,Број,SRBAC,Ж,illiterate,437.0
2013,Број,SREBRENICA,Оба пола,illiterate,627.0
2013,Број,SREBRENICA,M,illiterate,64.0
2013,Број,SREBRENICA,Ж,illiterate,563.0
2013,Број,TESLIC,Оба пола,illiterate,1980.0
2013,Број,TESLIC,M,illiterate,227.0
2013,Број,TESLIC,Ж,illiterate,1753.0
2013,Број,TREBINJE,Оба пола,illiterate,237.0
2013,Број,TREBINJE,M,illiterate,31.0
2013,Број,TREBINJE,Ж,illiterate,206.0
2013,Број,TRNOVO,Оба пола,illiterate,76.0
2013,Број,TRNOVO,M,illiterate,10.0
2013,Број,TRNOVO,Ж,illiterate,66.0
2013,Број,UGLJEVIK,Оба пола,illiterate,451.0
2013,Број,UGLJEVIK,M,illiterate,68.0
2013,Број,UGLJEVIK,Ж,illiterate,383.0
2013,Број,FOCA,Оба пола,illiterate,391.0
2013,Број,FOCA,M,illiterate,51.0
2013,Број,FOCA,Ж,illiterate,340.0
2013,Број,HAN PIJESAK,Оба пола,illiterate,88.0
2013,Број,HAN PIJESAK,M,illiterate,10.0
2013,Број,HAN PIJESAK,Ж,illiterate,78.0
2013,Број,CAJNICE,Оба пола,illiterate,140.0
2013,Број,CAJNICE,M,illiterate,22.0
2013,Број,CAJNICE,Ж,illiterate,118.0
2013,Број,CELINAC,Оба пола,illiterate,472.0
2013,Број,CELINAC,M,illiterate,56.0
2013,Број,CELINAC,Ж,illiterate,416.0
2013,Број,SAMAC,Оба пола,illiterate,300.0
2013,Број,SAMAC,M,illiterate,55.0
2013,Број,SAMAC,Ж,illiterate,245.0
2013,Број,SEKOVICI,Оба пола,illiterate,427.0
2013,Број,SEKOVICI,M,illiterate,83.0
2013,Број,SEKOVICI,Ж,illiterate,344.0
2013,Број,SIPOVO,Оба пола,illiterate,431.0
2013,Број,SIPOVO,M,illiterate,49.0
2013,Број,SIPOVO,Ж,illiterate,382.0
2013,Број,REPUBLIKA SRPSKA,Оба пола,illiterates_percentage,3.29
2013,Број,REPUBLIKA SRPSKA,M,illiterates_percentage,0.97
2013,Број,REPUBLIKA SRPSKA,Ж,illiterates_percentage,5.48
2013,Број,BANJA LUKA,Оба пола,illiterates_percentage,2.16
2013,Број,BANJA LUKA,M,illiterates_percentage,0.66
2013,Број,BANJA LUKA,Ж,illiterates_percentage,3.53
2013,Број,BERKOVICI,Оба пола,illiterates_percentage,2.58
2013,Број,BERKOVICI,M,illiterates_percentage,0.11
2013,Број,BERKOVICI,Ж,illiterates_percentage,5.07
2013,Број,BIJELJINA,Оба пола,illiterates_percentage,2.7
2013,Број,BIJELJINA,M,illiterates_percentage,0.9
2013,Број,BIJELJINA,Ж,illiterates_percentage,4.4
2013,Број,BILECA,Оба пола,illiterates_percentage,1.49
2013,Број,BILECA,M,illiterates_percentage,0.64
2013,Број,BILECA,Ж,illiterates_percentage,2.35
2013,Број,BRATUNAC,Оба пола,illiterates_percentage,5.16
2013,Број,BRATUNAC,M,illiterates_percentage,1.0
2013,Број,BRATUNAC,Ж,illiterates_percentage,9.17
2013,Број,BROD,Оба пола,illiterates_percentage,2.31
2013,Број,BROD,M,illiterates_percentage,0.77
2013,Број,BROD,Ж,illiterates_percentage,3.76
2013,Број,VISEGRAD,Оба пола,illiterates_percentage,3.82
2013,Број,VISEGRAD,M,illiterates_percentage,0.78
2013,Број,VISEGRAD,Ж,illiterates_percentage,6.59
2013,Број,VLASENICA,Оба пола,illiterates_percentage,3.63
2013,Број,VLASENICA,M,illiterates_percentage,1.05
2013,Број,VLASENICA,Ж,illiterates_percentage,6.04
2013,Број,VUKOSAVLJE,Оба пола,illiterates_percentage,4.96
2013,Број,VUKOSAVLJE,M,illiterates_percentage,1.57
2013,Број,VUKOSAVLJE,Ж,illiterates_percentage,8.35
2013,Број,GACKO,Оба пола,illiterates_percentage,1.4
2013,Број,GACKO,M,illiterates_percentage,0.25
2013,Број,GACKO,Ж,illiterates_percentage,2.58
2013,Број,GRADISKA,Оба пола,illiterates_percentage,3.39
2013,Број,GRADISKA,M,illiterates_percentage,0.94
2013,Број,GRADISKA,Ж,illiterates_percentage,5.71
2013,Број,DERVENTA,Оба пола,illiterates_percentage,3.44
2013,Број,DERVENTA,M,illiterates_percentage,1.05
2013,Број,DERVENTA,Ж,illiterates_percentage,5.69
2013,Број,DOBOJ,Оба пола,illiterates_percentage,3.19
2013,Број,DOBOJ,M,illiterates_percentage,0.9
2013,Број,DOBOJ,Ж,illiterates_percentage,5.33
2013,Број,DONJI ZABAR,Оба пола,illiterates_percentage,3.82
2013,Број,DONJI ZABAR,M,illiterates_percentage,1.54
2013,Број,DONJI ZABAR,Ж,illiterates_percentage,6.12
2013,Број,ZVORNIK,Оба пола,illiterates_percentage,4.23
2013,Број,ZVORNIK,M,illiterates_percentage,1.03
2013,Број,ZVORNIK,Ж,illiterates_percentage,7.32
2013,Број,ISTOCNA ILIDZA,Оба пола,illiterates_percentage,1.3
2013,Број,ISTOCNA ILIDZA,M,illiterates_percentage,0.35
2013,Број,ISTOCNA ILIDZA,Ж,illiterates_percentage,2.17
2013,Број,ISTOCNI DRVAR,Оба пола,illiterates_percentage,3.08
2013,Број,ISTOCNI DRVAR,M,illiterates_percentage,0.0
2013,Број,ISTOCNI DRVAR,Ж,illiterates_percentage,9.09
2013,Број,ISTOCNI MOSTAR,Оба пола,illiterates_percentage,8.41
2013,Број,ISTOCNI MOSTAR,M,illiterates_percentage,0.78
2013,Број,ISTOCNI MOSTAR,Ж,illiterates_percentage,18.37
2013,Број,ISTOCNI STARI GRAD,Оба пола,illiterates_percentage,3.87
2013,Број,ISTOCNI STARI GRAD,M,illiterates_percentage,0.59
2013,Број,ISTOCNI STARI GRAD,Ж,illiterates_percentage,7.01
2013,Број,ISTOCNO NOVO SARAJEVO,Оба пола,illiterates_percentage,0.86
2013,Број,ISTOCNO NOVO SARAJEVO,M,illiterates_percentage,0.32
2013,Број,ISTOCNO NOVO SARAJEVO,Ж,illiterates_percentage,1.35
2013,Број,JEZERO,Оба пола,illiterates_percentage,4.52
2013,Број,JEZERO,M,illiterates_percentage,1.42
2013,Број,JEZERO,Ж,illiterates_percentage,7.84
2013,Број,KALINOVIK,Оба пола,illiterates_percentage,4.66
2013,Број,KALINOVIK,M,illiterates_percentage,0.56
2013,Број,KALINOVIK,Ж,illiterates_percentage,8.53
2013,Број,KNEZEVO,Оба пола,illiterates_percentage,11.35
2013,Број,KNEZEVO,M,illiterates_percentage,3.47
2013,Број,KNEZEVO,Ж,illiterates_percentage,18.97
2013,Број,KOZARSKA DUBICA,Оба пола,illiterates_percentage,3.09
2013,Број,KOZARSKA DUBICA,M,illiterates_percentage,0.83
2013,Број,KOZARSKA DUBICA,Ж,illiterates_percentage,5.24
2013,Број,KOSTAJNICA,Оба пола,illiterates_percentage,2.21
2013,Број,KOSTAJNICA,M,illiterates_percentage,0.55
2013,Број,KOSTAJNICA,Ж,illiterates_percentage,3.81
2013,Број,KOTOR VAROS,Оба пола,illiterates_percentage,6.3
2013,Број,KOTOR VAROS,M,illiterates_percentage,1.83
2013,Број,KOTOR VAROS,Ж,illiterates_percentage,10.56
2013,Број,KRUPA NA UNI,Оба пола,illiterates_percentage,9.96
2013,Број,KRUPA NA UNI,M,illiterates_percentage,2.67
2013,Број,KRUPA NA UNI,Ж,illiterates_percentage,18.51
2013,Број,KUPRES,Оба пола,illiterates_percentage,28.93
2013,Број,KUPRES,M,illiterates_percentage,18.37
2013,Број,KUPRES,Ж,illiterates_percentage,40.6
2013,Број,LAKTASI,Оба пола,illiterates_percentage,2.45
2013,Број,LAKTASI,M,illiterates_percentage,0.77
2013,Број,LAKTASI,Ж,illiterates_percentage,4.08
2013,Број,LOPARE,Оба пола,illiterates_percentage,5.0
2013,Број,LOPARE,M,illiterates_percentage,1.8
2013,Број,LOPARE,Ж,illiterates_percentage,8.23
2013,Број,LJUBINJE,Оба пола,illiterates_percentage,1.61
2013,Број,LJUBINJE,M,illiterates_percentage,0.33
2013,Број,LJUBINJE,Ж,illiterates_percentage,2.85
2013,Број,MILICI,Оба пола,illiterates_percentage,4.21
2013,Број,MILICI,M,illiterates_percentage,1.07
2013,Број,MILICI,Ж,illiterates_percentage,7.36
2013,Број,MODRICA,Оба пола,illiterates_percentage,3.28
2013,Број,MODRICA,M,illiterates_percentage,1.09
2013,Број,MODRICA,Ж,illiterates_percentage,5.36
2013,Број,MRKONJIC GRAD,Оба пола,illiterates_percentage,5.65
2013,Број,MRKONJIC GRAD,M,illiterates_percentage,1.37
2013,Број,MRKONJIC GRAD,Ж,illiterates_percentage,9.56
2013,Број,NEVESINJE,Оба пола,illiterates_percentage,2.69
2013,Број,NEVESINJE,M,illiterates_percentage,0.57
2013,Број,NEVESINJE,Ж,illiterates_percentage,4.76
2013,Број,NOVI GRAD,Оба пола,illiterates_percentage,2.86
2013,Број,NOVI GRAD,M,illiterates_percentage,0.92
2013,Број,NOVI GRAD,Ж,illiterates_percentage,4.78
2013,Број,NOVO GORAZDE,Оба пола,illiterates_percentage,2.8
2013,Број,NOVO GORAZDE,M,illiterates_percentage,0.36
2013,Број,NOVO GORAZDE,Ж,illiterates_percentage,5.42
2013,Број,OSMACI,Оба пола,illiterates_percentage,5.26
2013,Број,OSMACI,M,illiterates_percentage,1.16
2013,Број,OSMACI,Ж,illiterates_percentage,9.31
2013,Број,OSTRA LUKA,Оба пола,illiterates_percentage,7.94
2013,Број,OSTRA LUKA,M,illiterates_percentage,2.53
2013,Број,OSTRA LUKA,Ж,illiterates_percentage,13.62
2013,Број,PALE,Оба пола,illiterates_percentage,1.58
2013,Број,PALE,M,illiterates_percentage,0.45
2013,Број,PALE,Ж,illiterates_percentage,2.59
2013,Број,PELAGICEVO,Оба пола,illiterates_percentage,4.39
2013,Број,PELAGICEVO,M,illiterates_percentage,1.44
2013,Број,PELAGICEVO,Ж,illiterates_percentage,7.26
2013,Број,PETROVAC,Оба пола,illiterates_percentage,1.86
2013,Број,PETROVAC,M,illiterates_percentage,0.0
2013,Број,PETROVAC,Ж,illiterates_percentage,3.49
2013,Број,PETROVO,Оба пола,illiterates_percentage,4.2
2013,Број,PETROVO,M,illiterates_percentage,1.0
2013,Број,PETROVO,Ж,illiterates_percentage,7.14
2013,Број,PRIJEDOR,Оба пола,illiterates_percentage,2.92
2013,Број,PRIJEDOR,M,illiterates_percentage,1.17
2013,Број,PRIJEDOR,Ж,illiterates_percentage,4.56
2013,Број,PRNJAVOR,Оба пола,illiterates_percentage,4.51
2013,Број,PRNJAVOR,M,illiterates_percentage,1.35
2013,Број,PRNJAVOR,Ж,illiterates_percentage,7.46
2013,Број,RIBNIK,Оба пола,illiterates_percentage,8.5
2013,Број,RIBNIK,M,illiterates_percentage,2.6
2013,Број,RIBNIK,Ж,illiterates_percentage,14.25
2013,Број,ROGATICA,Оба пола,illiterates_percentage,3.76
2013,Број,ROGATICA,M,illiterates_percentage,0.83
2013,Број,ROGATICA,Ж,illiterates_percentage,6.56
2013,Број,RUDO,Оба пола,illiterates_percentage,2.22
2013,Број,RUDO,M,illiterates_percentage,0.77
2013,Број,RUDO,Ж,illiterates_percentage,3.7
2013,Број,SOKOLAC,Оба пола,illiterates_percentage,2.18
2013,Број,SOKOLAC,M,illiterates_percentage,0.48
2013,Број,SOKOLAC,Ж,illiterates_percentage,3.82
2013,Број,SRBAC,Оба пола,illiterates_percentage,3.5
2013,Број,SRBAC,M,illiterates_percentage,1.35
2013,Број,SRBAC,Ж,illiterates_percentage,5.55
2013,Број,SREBRENICA,Оба пола,illiterates_percentage,5.85
2013,Број,SREBRENICA,M,illiterates_percentage,1.22
2013,Број,SREBRENICA,Ж,illiterates_percentage,10.26
2013,Број,TESLIC,Оба пола,illiterates_percentage,5.93
2013,Број,TESLIC,M,illiterates_percentage,1.43
2013,Број,TESLIC,Ж,illiterates_percentage,10.0
2013,Број,TREBINJE,Оба пола,illiterates_percentage,0.93
2013,Број,TREBINJE,M,illiterates_percentage,0.25
2013,Број,TREBINJE,Ж,illiterates_percentage,1.57
2013,Број,TRNOVO,Оба пола,illiterates_percentage,4.1
2013,Број,TRNOVO,M,illiterates_percentage,1.13
2013,Број,TRNOVO,Ж,illiterates_percentage,6.84
2013,Број,UGLJEVIK,Оба пола,illiterates_percentage,3.29
2013,Број,UGLJEVIK,M,illiterates_percentage,0.99
2013,Број,UGLJEVIK,Ж,illiterates_percentage,5.61
2013,Број,FOCA,Оба пола,illiterates_percentage,2.41
2013,Број,FOCA,M,illiterates_percentage,0.63
2013,Број,FOCA,Ж,illiterates_percentage,4.21
2013,Број,HAN PIJESAK,Оба пола,illiterates_percentage,2.76
2013,Број,HAN PIJESAK,M,illiterates_percentage,0.67
2013,Број,HAN PIJESAK,Ж,illiterates_percentage,4.61
2013,Број,CAJNICE,Оба пола,illiterates_percentage,3.26
2013,Број,CAJNICE,M,illiterates_percentage,1.02
2013,Број,CAJNICE,Ж,illiterates_percentage,5.55
2013,Број,CELINAC,Оба пола,illiterates_percentage,3.46
2013,Број,CELINAC,M,illiterates_percentage,0.83
2013,Број,CELINAC,Ж,illiterates_percentage,6.01
2013,Број,SAMAC,Оба пола,illiterates_percentage,1.99
2013,Број,SAMAC,M,illiterates_percentage,0.76
2013,Број,SAMAC,Ж,illiterates_percentage,3.14
2013,Број,SEKOVICI,Оба пола,illiterates_percentage,7.34
2013,Број,SEKOVICI,M,illiterates_percentage,2.89
2013,Број,SEKOVICI,Ж,illiterates_percentage,11.67
2013,Број,SIPOVO,Оба пола,illiterates_percentage,4.74
2013,Број,SIPOVO,M,illiterates_percentage,1.07
2013,Број,SIPOVO,Ж,illiterates_percentage,8.46
2013,Број,REPUBLIKA SRPSKA,Оба пола,Непознато,10476.0
2013,Број,REPUBLIKA SRPSKA,M,Непознато,3675.0
2013,Број,REPUBLIKA SRPSKA,Ж,Непознато,6801.0
2013,Број,BANJA LUKA,Оба пола,Непознато,1192.0
2013,Број,BANJA LUKA,M,Непознато,413.0
2013,Број,BANJA LUKA,Ж,Непознато,779.0
2013,Број,BERKOVICI,Оба пола,Непознато,27.0
2013,Број,BERKOVICI,M,Непознато,10.0
2013,Број,BERKOVICI,Ж,Непознато,17.0
2013,Број,BIJELJINA,Оба пола,Непознато,916.0
2013,Број,BIJELJINA,M,Непознато,302.0
2013,Број,BIJELJINA,Ж,Непознато,614.0
2013,Број,BILECA,Оба пола,Непознато,83.0
2013,Број,BILECA,M,Непознато,27.0
2013,Број,BILECA,Ж,Непознато,56.0
2013,Број,BRATUNAC,Оба пола,Непознато,239.0
2013,Број,BRATUNAC,M,Непознато,80.0
2013,Број,BRATUNAC,Ж,Непознато,159.0
2013,Број,BROD,Оба пола,Непознато,178.0
2013,Број,BROD,M,Непознато,59.0
2013,Број,BROD,Ж,Непознато,119.0
2013,Број,VISEGRAD,Оба пола,Непознато,91.0
2013,Број,VISEGRAD,M,Непознато,32.0
2013,Број,VISEGRAD,Ж,Непознато,59.0
2013,Број,VLASENICA,Оба пола,Непознато,185.0
2013,Број,VLASENICA,M,Непознато,65.0
2013,Број,VLASENICA,Ж,Непознато,120.0
2013,Број,VUKOSAVLJE,Оба пола,Непознато,76.0
2013,Број,VUKOSAVLJE,M,Непознато,29.0
2013,Број,VUKOSAVLJE,Ж,Непознато,47.0
2013,Број,GACKO,Оба пола,Непознато,71.0
2013,Број,GACKO,M,Непознато,24.0
2013,Број,GACKO,Ж,Непознато,47.0
2013,Број,GRADISKA,Оба пола,Непознато,423.0
2013,Број,GRADISKA,M,Непознато,163.0
2013,Број,GRADISKA,Ж,Непознато,260.0
2013,Број,DERVENTA,Оба пола,Непознато,368.0
2013,Број,DERVENTA,M,Непознато,135.0
2013,Број,DERVENTA,Ж,Непознато,233.0
2013,Број,DOBOJ,Оба пола,Непознато,481.0
2013,Број,DOBOJ,M,Непознато,166.0
2013,Број,DOBOJ,Ж,Непознато,315.0
2013,Број,DONJI ZABAR,Оба пола,Непознато,81.0
2013,Број,DONJI ZABAR,M,Непознато,33.0
2013,Број,DONJI ZABAR,Ж,Непознато,48.0
2013,Број,ZVORNIK,Оба пола,Непознато,666.0
2013,Број,ZVORNIK,M,Непознато,204.0
2013,Број,ZVORNIK,Ж,Непознато,462.0
2013,Број,ISTOCNA ILIDZA,Оба пола,Непознато,67.0
2013,Број,ISTOCNA ILIDZA,M,Непознато,21.0
2013,Број,ISTOCNA ILIDZA,Ж,Непознато,46.0
2013,Број,ISTOCNI DRVAR,Оба пола,Непознато,0.0
2013,Број,ISTOCNI DRVAR,M,Непознато,0.0
2013,Број,ISTOCNI DRVAR,Ж,Непознато,0.0
2013,Број,ISTOCNI MOSTAR,Оба пола,Непознато,0.0
2013,Број,ISTOCNI MOSTAR,M,Непознато,0.0
2013,Број,ISTOCNI MOSTAR,Ж,Непознато,0.0
2013,Број,ISTOCNI STARI GRAD,Оба пола,Непознато,6.0
2013,Број,ISTOCNI STARI GRAD,M,Непознато,2.0
2013,Број,ISTOCNI STARI GRAD,Ж,Непознато,4.0
2013,Број,ISTOCNO NOVO SARAJEVO,Оба пола,Непознато,36.0
2013,Број,ISTOCNO NOVO SARAJEVO,M,Непознато,12.0
2013,Број,ISTOCNO NOVO SARAJEVO,Ж,Непознато,24.0
2013,Број,JEZERO,Оба пола,Непознато,6.0
2013,Број,JEZERO,M,Непознато,2.0
2013,Број,JEZERO,Ж,Непознато,4.0
2013,Број,KALINOVIK,Оба пола,Непознато,12.0
2013,Број,KALINOVIK,M,Непознато,5.0
2013,Број,KALINOVIK,Ж,Непознато,7.0
2013,Број,KNEZEVO,Оба пола,Непознато,78.0
2013,Број,KNEZEVO,M,Непознато,32.0
2013,Број,KNEZEVO,Ж,Непознато,46.0
2013,Број,KOZARSKA DUBICA,Оба пола,Непознато,124.0
2013,Број,KOZARSKA DUBICA,M,Непознато,48.0
2013,Број,KOZARSKA DUBICA,Ж,Непознато,76.0
2013,Број,KOSTAJNICA,Оба пола,Непознато,34.0
2013,Број,KOSTAJNICA,M,Непознато,15.0
2013,Број,KOSTAJNICA,Ж,Непознато,19.0
2013,Број,KOTOR VAROS,Оба пола,Непознато,216.0
2013,Број,KOTOR VAROS,M,Непознато,73.0
2013,Број,KOTOR VAROS,Ж,Непознато,143.0
2013,Број,KRUPA NA UNI,Оба пола,Непознато,4.0
2013,Број,KRUPA NA UNI,M,Непознато,1.0
2013,Број,KRUPA NA UNI,Ж,Непознато,3.0
2013,Број,KUPRES,Оба пола,Непознато,1.0
2013,Број,KUPRES,M,Непознато,0.0
2013,Број,KUPRES,Ж,Непознато,1.0
2013,Број,LAKTASI,Оба пола,Непознато,314.0
2013,Број,LAKTASI,M,Непознато,117.0
2013,Број,LAKTASI,Ж,Непознато,197.0
2013,Број,LOPARE,Оба пола,Непознато,156.0
2013,Број,LOPARE,M,Непознато,62.0
2013,Број,LOPARE,Ж,Непознато,94.0
2013,Број,LJUBINJE,Оба пола,Непознато,22.0
2013,Број,LJUBINJE,M,Непознато,7.0
2013,Број,LJUBINJE,Ж,Непознато,15.0
2013,Број,MILICI,Оба пола,Непознато,157.0
2013,Број,MILICI,M,Непознато,42.0
2013,Број,MILICI,Ж,Непознато,115.0
2013,Број,MODRICA,Оба пола,Непознато,346.0
2013,Број,MODRICA,M,Непознато,128.0
2013,Број,MODRICA,Ж,Непознато,218.0
2013,Број,MRKONJIC GRAD,Оба пола,Непознато,177.0
2013,Број,MRKONJIC GRAD,M,Непознато,65.0
2013,Број,MRKONJIC GRAD,Ж,Непознато,112.0
2013,Број,NEVESINJE,Оба пола,Непознато,95.0
2013,Број,NEVESINJE,M,Непознато,40.0
2013,Број,NEVESINJE,Ж,Непознато,55.0
2013,Број,NOVI GRAD,Оба пола,Непознато,265.0
2013,Број,NOVI GRAD,M,Непознато,96.0
2013,Број,NOVI GRAD,Ж,Непознато,169.0
2013,Број,NOVO GORAZDE,Оба пола,Непознато,16.0
2013,Број,NOVO GORAZDE,M,Непознато,3.0
2013,Број,NOVO GORAZDE,Ж,Непознато,13.0
2013,Број,OSMACI,Оба пола,Непознато,41.0
2013,Број,OSMACI,M,Непознато,15.0
2013,Број,OSMACI,Ж,Непознато,26.0
2013,Број,OSTRA LUKA,Оба пола,Непознато,19.0
2013,Број,OSTRA LUKA,M,Непознато,10.0
2013,Број,OSTRA LUKA,Ж,Непознато,9.0
2013,Број,PALE,Оба пола,Непознато,99.0
2013,Број,PALE,M,Непознато,31.0
2013,Број,PALE,Ж,Непознато,68.0
2013,Број,PELAGICEVO,Оба пола,Непознато,132.0
2013,Број,PELAGICEVO,M,Непознато,59.0
2013,Број,PELAGICEVO,Ж,Непознато,73.0
2013,Број,PETROVAC,Оба пола,Непознато,1.0
2013,Број,PETROVAC,M,Непознато,1.0
2013,Број,PETROVAC,Ж,Непознато,0.0
2013,Број,PETROVO,Оба пола,Непознато,35.0
2013,Број,PETROVO,M,Непознато,13.0
2013,Број,PETROVO,Ж,Непознато,22.0
2013,Број,PRIJEDOR,Оба пола,Непознато,816.0
2013,Број,PRIJEDOR,M,Непознато,283.0
2013,Број,PRIJEDOR,Ж,Непознато,533.0
2013,Број,PRNJAVOR,Оба пола,Непознато,223.0
2013,Број,PRNJAVOR,M,Непознато,90.0
2013,Број,PRNJAVOR,Ж,Непознато,133.0
2013,Број,RIBNIK,Оба пола,Непознато,41.0
2013,Број,RIBNIK,M,Непознато,13.0
2013,Број,RIBNIK,Ж,Непознато,28.0
2013,Број,ROGATICA,Оба пола,Непознато,110.0
2013,Број,ROGATICA,M,Непознато,24.0
2013,Број,ROGATICA,Ж,Непознато,86.0
2013,Број,RUDO,Оба пола,Непознато,40.0
2013,Број,RUDO,M,Непознато,16.0
2013,Број,RUDO,Ж,Непознато,24.0
2013,Број,SOKOLAC,Оба пола,Непознато,69.0
2013,Број,SOKOLAC,M,Непознато,29.0
2013,Број,SOKOLAC,Ж,Непознато,40.0
2013,Број,SRBAC,Оба пола,Непознато,250.0
2013,Број,SRBAC,M,Непознато,90.0
2013,Број,SRBAC,Ж,Непознато,160.0
2013,Број,SREBRENICA,Оба пола,Непознато,134.0
2013,Број,SREBRENICA,M,Непознато,26.0
2013,Број,SREBRENICA,Ж,Непознато,108.0
2013,Број,TESLIC,Оба пола,Непознато,346.0
2013,Број,TESLIC,M,Непознато,124.0
2013,Број,TESLIC,Ж,Непознато,222.0
2013,Број,TREBINJE,Оба пола,Непознато,188.0
2013,Број,TREBINJE,M,Непознато,59.0
2013,Број,TREBINJE,Ж,Непознато,129.0
2013,Број,TRNOVO,Оба пола,Непознато,12.0
2013,Број,TRNOVO,M,Непознато,4.0
2013,Број,TRNOVO,Ж,Непознато,8.0
2013,Број,UGLJEVIK,Оба пола,Непознато,98.0
2013,Број,UGLJEVIK,M,Непознато,37.0
2013,Број,UGLJEVIK,Ж,Непознато,61.0
2013,Број,FOCA,Оба пола,Непознато,128.0
2013,Број,FOCA,M,Непознато,51.0
2013,Број,FOCA,Ж,Непознато,77.0
2013,Број,HAN PIJESAK,Оба пола,Непознато,13.0
2013,Број,HAN PIJESAK,M,Непознато,4.0
2013,Број,HAN PIJESAK,Ж,Непознато,9.0
2013,Број,CAJNICE,Оба пола,Непознато,24.0
2013,Број,CAJNICE,M,Непознато,9.0
2013,Број,CAJNICE,Ж,Непознато,15.0
2013,Број,CELINAC,Оба пола,Непознато,126.0
2013,Број,CELINAC,M,Непознато,54.0
2013,Број,CELINAC,Ж,Непознато,72.0
2013,Број,SAMAC,Оба пола,Непознато,185.0
2013,Број,SAMAC,M,Непознато,64.0
2013,Број,SAMAC,Ж,Непознато,121.0
2013,Број,SEKOVICI,Оба пола,Непознато,65.0
2013,Број,SEKOVICI,M,Непознато,27.0
2013,Број,SEKOVICI,Ж,Непознато,38.0
2013,Број,SIPOVO,Оба пола,Непознато,72.0
2013,Број,SIPOVO,M,Непознато,29.0
2013,Број,SIPOVO,Ж,Непознато,43.0
