Year,UNIT_MEASURE,Административно подручје,Value
2008,Број,BiH,4105.0
2008,Број,Федерација БиХ,4105.0
2009,Број,BiH,3806.0
2009,Број,Федерација БиХ,3806.0
2010,Број,BiH,3080.0
2010,Број,Федерација БиХ,3080.0
2011,Број,BiH,4598.0
2011,Број,Федерација БиХ,4598.0
2012,Број,BiH,4823.0
2012,Број,Федерација БиХ,4823.0
2013,Број,BiH,4597.0
2013,Број,Федерација БиХ,4597.0
2014,Број,BiH,4730.0
2014,Број,Федерација БиХ,4730.0
2015,Број,BiH,4788.0
2015,Број,Федерација БиХ,4788.0
2016,Број,BiH,4909.0
2016,Број,Федерација БиХ,4909.0
2017,Број,BiH,5038.0
2017,Број,Федерација БиХ,5038.0
2018,Број,BiH,4910.0
2018,Број,Федерација БиХ,4910.0
