Year,UNIT_MEASURE,type_of_institution,Пол,Value
2016,Број,Укупно,Оба пола,132
2016,Број,public,M,82
2016,Број,private,Ж,50
2017,Број,Укупно,Оба пола,132
2017,Број,public,M,84
2017,Број,private,Ж,48
2018,Број,Укупно,Оба пола,161
2018,Број,public,M,88
2018,Број,private,Ж,73
2019,Број,Укупно,Оба пола,174
2019,Број,public,M,91
2019,Број,private,Ж,83
2020,Број,Укупно,Оба пола,177
2020,Број,public,M,95
2020,Број,private,Ж,82
