Year,UNIT_MEASURE,Type_of_school,Пол,Value
2011,Број,Укупно,Оба пола,163284
2012,Број,Укупно,Оба пола,166662
2013,Број,Укупно,Оба пола,156350
2014,Број,Укупно,Оба пола,143881
2015,Број,Укупно,Оба пола,133228
2016,Број,Укупно,Оба пола,126824
2017,Број,Укупно,Оба пола,124148
2018,Број,Укупно,Оба пола,117475
2019,Број,Укупно,Оба пола,112796
2020,Број,Укупно,Оба пола,110404
2011,Број,gymnasium,Оба пола,41081
2012,Број,gymnasium,Оба пола,42225
2013,Број,gymnasium,Оба пола,40065
2014,Број,gymnasium,Оба пола,37132
2015,Број,gymnasium,Оба пола,33321
2016,Број,gymnasium,Оба пола,30615
2017,Број,gymnasium,Оба пола,29591
2018,Број,gymnasium,Оба пола,26731
2019,Број,gymnasium,Оба пола,24817
2020,Број,gymnasium,Оба пола,23867
2011,Број,technical_schools,Оба пола,83704
2012,Број,technical_schools,Оба пола,86539
2013,Број,technical_schools,Оба пола,82743
2014,Број,technical_schools,Оба пола,77388
2015,Број,technical_schools,Оба пола,72109
2016,Број,technical_schools,Оба пола,68743
2017,Број,technical_schools,Оба пола,67895
2018,Број,technical_schools,Оба пола,64706
2019,Број,technical_schools,Оба пола,62846
2020,Број,technical_schools,Оба пола,61811
2011,Број,art_schools,Оба пола,1514
2012,Број,art_schools,Оба пола,1520
2013,Број,art_schools,Оба пола,1445
2014,Број,art_schools,Оба пола,1291
2015,Број,art_schools,Оба пола,1216
2016,Број,art_schools,Оба пола,1203
2017,Број,art_schools,Оба пола,1154
2018,Број,art_schools,Оба пола,1166
2019,Број,art_schools,Оба пола,1139
2020,Број,art_schools,Оба пола,1151
2011,Број,religion_schools,Оба пола,2095
2012,Број,religion_schools,Оба пола,2266
2013,Број,religion_schools,Оба пола,2258
2014,Број,religion_schools,Оба пола,2222
2015,Број,religion_schools,Оба пола,2189
2016,Број,religion_schools,Оба пола,2227
2017,Број,religion_schools,Оба пола,2309
2018,Број,religion_schools,Оба пола,2245
2019,Број,religion_schools,Оба пола,2197
2020,Број,religion_schools,Оба пола,2196
2011,Број,vocational_schools,Оба пола,34479
2012,Број,vocational_schools,Оба пола,33672
2013,Број,vocational_schools,Оба пола,29414
2014,Број,vocational_schools,Оба пола,25463
2015,Број,vocational_schools,Оба пола,23995
2016,Број,vocational_schools,Оба пола,23642
2017,Број,vocational_schools,Оба пола,22819
2018,Број,vocational_schools,Оба пола,22280
2019,Број,vocational_schools,Оба пола,21481
2020,Број,vocational_schools,Оба пола,21054
2011,Број,high_schools_for_children_with_special_needs,Оба пола,411
2012,Број,high_schools_for_children_with_special_needs,Оба пола,440
2013,Број,high_schools_for_children_with_special_needs,Оба пола,425
2014,Број,high_schools_for_children_with_special_needs,Оба пола,385
2015,Број,high_schools_for_children_with_special_needs,Оба пола,398
2016,Број,high_schools_for_children_with_special_needs,Оба пола,394
2017,Број,high_schools_for_children_with_special_needs,Оба пола,380
2018,Број,high_schools_for_children_with_special_needs,Оба пола,347
2019,Број,high_schools_for_children_with_special_needs,Оба пола,316
2020,Број,high_schools_for_children_with_special_needs,Оба пола,325
2011,Број,Укупно,M,82745
2012,Број,Укупно,M,84420
2013,Број,Укупно,M,78882
2014,Број,Укупно,M,72095
2015,Број,Укупно,M,66708
2016,Број,Укупно,M,63232
2017,Број,Укупно,M,61934
2018,Број,Укупно,M,58821
2019,Број,Укупно,M,56328
2020,Број,Укупно,M,55068
2011,Број,gymnasium,M,15329
2012,Број,gymnasium,M,15779
2013,Број,gymnasium,M,14829
2014,Број,gymnasium,M,13802
2015,Број,gymnasium,M,12424
2016,Број,gymnasium,M,11379
2017,Број,gymnasium,M,10929
2018,Број,gymnasium,M,9694
2019,Број,gymnasium,M,8899
2020,Број,gymnasium,M,8451
2011,Број,technical_schools,M,41624
2012,Број,technical_schools,M,43010
2013,Број,technical_schools,M,41216
2014,Број,technical_schools,M,38340
2015,Број,technical_schools,M,35563
2016,Број,technical_schools,M,33308
2017,Број,technical_schools,M,32926
2018,Број,technical_schools,M,31248
2019,Број,technical_schools,M,30030
2020,Број,technical_schools,M,29382
2011,Број,art_schools,M,657
2012,Број,art_schools,M,645
2013,Број,art_schools,M,581
2014,Број,art_schools,M,512
2015,Број,art_schools,M,471
2016,Број,art_schools,M,454
2017,Број,art_schools,M,432
2018,Број,art_schools,M,447
2019,Број,art_schools,M,403
2020,Број,art_schools,M,411
2011,Број,religion_schools,M,1089
2012,Број,religion_schools,M,1138
2013,Број,religion_schools,M,1149
2014,Број,religion_schools,M,1106
2015,Број,religion_schools,M,1070
2016,Број,religion_schools,M,1099
2017,Број,religion_schools,M,1121
2018,Број,religion_schools,M,1075
2019,Број,religion_schools,M,1053
2020,Број,religion_schools,M,1027
2011,Број,vocational_schools,M,23787
2012,Број,vocational_schools,M,23567
2013,Број,vocational_schools,M,20832
2014,Број,vocational_schools,M,18088
2015,Број,vocational_schools,M,16937
2016,Број,vocational_schools,M,16746
2017,Број,vocational_schools,M,16292
2018,Број,vocational_schools,M,16137
2019,Број,vocational_schools,M,15739
2020,Број,vocational_schools,M,15588
2011,Број,high_schools_for_children_with_special_needs,M,259
2012,Број,high_schools_for_children_with_special_needs,M,281
2013,Број,high_schools_for_children_with_special_needs,M,275
2014,Број,high_schools_for_children_with_special_needs,M,247
2015,Број,high_schools_for_children_with_special_needs,M,243
2016,Број,high_schools_for_children_with_special_needs,M,246
2017,Број,high_schools_for_children_with_special_needs,M,234
2018,Број,high_schools_for_children_with_special_needs,M,220
2019,Број,high_schools_for_children_with_special_needs,M,204
2020,Број,high_schools_for_children_with_special_needs,M,209
2011,Број,Укупно,Ж,80539
2012,Број,Укупно,Ж,82242
2013,Број,Укупно,Ж,77468
2014,Број,Укупно,Ж,71786
2015,Број,Укупно,Ж,66520
2016,Број,Укупно,Ж,63592
2017,Број,Укупно,Ж,62214
2018,Број,Укупно,Ж,58654
2019,Број,Укупно,Ж,56468
2020,Број,Укупно,Ж,55336
2011,Број,gymnasium,Ж,25752
2012,Број,gymnasium,Ж,26446
2013,Број,gymnasium,Ж,25236
2014,Број,gymnasium,Ж,23330
2015,Број,gymnasium,Ж,20897
2016,Број,gymnasium,Ж,19236
2017,Број,gymnasium,Ж,18662
2018,Број,gymnasium,Ж,17037
2019,Број,gymnasium,Ж,15918
2020,Број,gymnasium,Ж,15416
2011,Број,technical_schools,Ж,42080
2012,Број,technical_schools,Ж,43529
2013,Број,technical_schools,Ж,41527
2014,Број,technical_schools,Ж,39048
2015,Број,technical_schools,Ж,36546
2016,Број,technical_schools,Ж,35435
2017,Број,technical_schools,Ж,34969
2018,Број,technical_schools,Ж,33458
2019,Број,technical_schools,Ж,32816
2020,Број,technical_schools,Ж,32429
2011,Број,art_schools,Ж,857
2012,Број,art_schools,Ж,875
2013,Број,art_schools,Ж,864
2014,Број,art_schools,Ж,779
2015,Број,art_schools,Ж,745
2016,Број,art_schools,Ж,749
2017,Број,art_schools,Ж,722
2018,Број,art_schools,Ж,719
2019,Број,art_schools,Ж,736
2020,Број,art_schools,Ж,740
2011,Број,religion_schools,Ж,1006
2012,Број,religion_schools,Ж,1128
2013,Број,religion_schools,Ж,1109
2014,Број,religion_schools,Ж,1116
2015,Број,religion_schools,Ж,1119
2016,Број,religion_schools,Ж,1128
2017,Број,religion_schools,Ж,1188
2018,Број,religion_schools,Ж,1170
2019,Број,religion_schools,Ж,1144
2020,Број,religion_schools,Ж,1169
2011,Број,vocational_schools,Ж,10692
2012,Број,vocational_schools,Ж,10105
2013,Број,vocational_schools,Ж,8582
2014,Број,vocational_schools,Ж,7375
2015,Број,vocational_schools,Ж,7058
2016,Број,vocational_schools,Ж,6896
2017,Број,vocational_schools,Ж,6527
2018,Број,vocational_schools,Ж,6143
2019,Број,vocational_schools,Ж,5742
2020,Број,vocational_schools,Ж,5466
2011,Број,high_schools_for_children_with_special_needs,Ж,152
2012,Број,high_schools_for_children_with_special_needs,Ж,159
2013,Број,high_schools_for_children_with_special_needs,Ж,150
2014,Број,high_schools_for_children_with_special_needs,Ж,138
2015,Број,high_schools_for_children_with_special_needs,Ж,155
2016,Број,high_schools_for_children_with_special_needs,Ж,148
2017,Број,high_schools_for_children_with_special_needs,Ж,146
2018,Број,high_schools_for_children_with_special_needs,Ж,127
2019,Број,high_schools_for_children_with_special_needs,Ж,112
2020,Број,high_schools_for_children_with_special_needs,Ж,116
