Year,UNIT_MEASURE,Type_of_school,Value
2016,Број,gymnasium,9443
2016,Број,Средње техничке школе,24999
2016,Број,Средње стручне школе,6162
2016,Број,Умјетничке школе,307
2016,Број,Вјерске школе,88
2016,Број,Средње школе за ученике са сметњама у развоју,137
2017,Број,gymnasium,8875
2017,Број,Средње техничке школе,24644
2017,Број,Средње стручне школе,5832
2017,Број,Умјетничке школе,275
2017,Број,Вјерске школе,80
2017,Број,Средње школе за ученике са сметњама у развоју,125
2018,Број,gymnasium,8360
2018,Број,Средње техничке школе,23574
2018,Број,Средње стручне школе,6107
2018,Број,Умјетничке школе,287
2018,Број,Вјерске школе,65
2018,Број,Средње школе за ученике са сметњама у развоју,106
2019,Број,gymnasium,7781
2019,Број,Средње техничке школе,22965
2019,Број,Средње стручне школе,6023
2019,Број,Умјетничке школе,293
2019,Број,Вјерске школе,58
2019,Број,Средње школе за ученике са сметњама у развоју,86
2020,Број,gymnasium,7278
2020,Број,Средње техничке школе,22749
2020,Број,Средње стручне школе,5935
2020,Број,Умјетничке школе,311
2020,Број,Вјерске школе,54
2020,Број,Средње школе за ученике са сметњама у развоју,78
