Year,UNIT_MEASURE,Научна област,Value
2016,Број,Образовање,547
2016,Број,Хуманистичке науке и умјетност,457
2016,Број,"Друштвене науке,пословање и право",2455
2016,Број,"Пословање, администрација и право Природне науке, математика и информатика",458
2016,Број,"Инжењеринг, производне технологије и грађевинарство",449
2016,Број,Пољопривреда и ветеринарство,219
2016,Број,Здравство и социјална заштита,725
2016,Број,Услуге,164
2017,Број,Образовање,542
2017,Број,Хуманистичке науке и умјетност,429
2017,Број,"Друштвене науке,пословање и право",725
2017,Број,"Пословање, администрација и право",1677
2017,Број,"Пословање, администрација и право Природне науке, математика и информатика",209
2017,Број,Информационе и комуникационе технологије,262
2017,Број,"Инжењеринг, производне технологије и грађевинарство",367
2017,Број,"Пољопривреда, шумарство, рибарство и ветеринарство",205
2017,Број,Здравство и социјална заштита,547
2017,Број,Услуге,118
2018,Број,Образовање,459
2018,Број,Хуманистичке науке и умјетност,403
2018,Број,"Друштвене науке,пословање и право",524
2018,Број,"Пословање, администрација и право",1320
2018,Број,"Пословање, администрација и право Природне науке, математика и информатика",165
2018,Број,Информационе и комуникационе технологије,294
2018,Број,"Инжењеринг, производне технологије и грађевинарство",464
2018,Број,"Пољопривреда, шумарство, рибарство и ветеринарство",205
2018,Број,Здравство и социјална заштита,629
2018,Број,Услуге,101
2019,Број,Образовање,406
2019,Број,Хуманистичке науке и умјетност,385
2019,Број,"Друштвене науке,пословање и право",482
2019,Број,"Пословање, администрација и право",1110
2019,Број,"Пословање, администрација и право Природне науке, математика и информатика",168
2019,Број,Информационе и комуникационе технологије,231
2019,Број,"Инжењеринг, производне технологије и грађевинарство",461
2019,Број,"Пољопривреда, шумарство, рибарство и ветеринарство",238
2019,Број,Здравство и социјална заштита,534
2019,Број,Услуге,129
2020,Број,Образовање,336
2020,Број,Хуманистичке науке и умјетност,433
2020,Број,"Друштвене науке,пословање и право",588
2020,Број,"Пословање, администрација и право",991
2020,Број,"Пословање, администрација и право Природне науке, математика и информатика",166
2020,Број,Информационе и комуникационе технологије,254
2020,Број,"Инжењеринг, производне технологије и грађевинарство",438
2020,Број,"Пољопривреда, шумарство, рибарство и ветеринарство",229
2020,Број,Здравство и социјална заштита,590
2020,Број,Услуге,159
