Year,UNIT_MEASURE,Научна област,Врста образовања,Пол,Value
2017,Број,Укупно,Уписани на магистарске студије,Оба пола,2140
2017,Број,"Природне науке, математика и статистика",Уписани на магистарске студије,Оба пола,67
2017,Број,"Инжeњерство, производња и грађевинарство",Уписани на магистарске студије,Оба пола,347
2017,Број,Информационе и комуникационе технологије,Уписани на магистарске студије,Оба пола,99
2017,Број,Здравство и социјална заштита,Уписани на магистарске студије,Оба пола,35
2017,Број,"Пољопривреда, шумарство, рибарство и ветеринарство",Уписани на магистарске студије,Оба пола,206
2017,Број,"Друштвене науке, новинарство и информисање",Уписани на магистарске студије,Оба пола,473
2017,Број,"Пословање, администрација и право",Уписани на магистарске студије,Оба пола,356
2017,Број,Образовање,Уписани на магистарске студије,Оба пола,236
2017,Број,Хуманистичке науке и умјетност,Уписани на магистарске студије,Оба пола,319
2017,Број,Услуге,Уписани на магистарске студије,Оба пола,2
2017,Број,Укупно,Уписани на магистарске студије,M,917
2017,Број,"Природне науке, математика и статистика",Уписани на магистарске студије,M,26
2017,Број,"Инжeњерство, производња и грађевинарство",Уписани на магистарске студије,M,208
2017,Број,Информационе и комуникационе технологије,Уписани на магистарске студије,M,80
2017,Број,Здравство и социјална заштита,Уписани на магистарске студије,M,8
2017,Број,"Пољопривреда, шумарство, рибарство и ветеринарство",Уписани на магистарске студије,M,114
2017,Број,"Друштвене науке, новинарство и информисање",Уписани на магистарске студије,M,176
2017,Број,"Пословање, администрација и право",Уписани на магистарске студије,M,124
2017,Број,Образовање,Уписани на магистарске студије,M,39
2017,Број,Хуманистичке науке и умјетност,Уписани на магистарске студије,M,142
2017,Број,Услуге,Уписани на магистарске студије,M,0
2017,Број,Укупно,Уписани на магистарске студије,Ж,1223
2017,Број,"Природне науке, математика и статистика",Уписани на магистарске студије,Ж,41
2017,Број,"Инжeњерство, производња и грађевинарство",Уписани на магистарске студије,Ж,139
2017,Број,Информационе и комуникационе технологије,Уписани на магистарске студије,Ж,19
2017,Број,Здравство и социјална заштита,Уписани на магистарске студије,Ж,27
2017,Број,"Пољопривреда, шумарство, рибарство и ветеринарство",Уписани на магистарске студије,Ж,92
2017,Број,"Друштвене науке, новинарство и информисање",Уписани на магистарске студије,Ж,297
2017,Број,"Пословање, администрација и право",Уписани на магистарске студије,Ж,232
2017,Број,Образовање,Уписани на магистарске студије,Ж,197
2017,Број,Хуманистичке науке и умјетност,Уписани на магистарске студије,Ж,177
2017,Број,Услуге,Уписани на магистарске студије,Ж,2
2017,Број,Укупно,Уписани на мастер студије,Оба пола,31
2017,Број,"Природне науке, математика и статистика",Уписани на мастер студије,Оба пола,1
2017,Број,"Инжeњерство, производња и грађевинарство",Уписани на мастер студије,Оба пола,0
2017,Број,Информационе и комуникационе технологије,Уписани на мастер студије,Оба пола,22
2017,Број,Здравство и социјална заштита,Уписани на мастер студије,Оба пола,0
2017,Број,"Пољопривреда, шумарство, рибарство и ветеринарство",Уписани на мастер студије,Оба пола,0
2017,Број,"Друштвене науке, новинарство и информисање",Уписани на мастер студије,Оба пола,0
2017,Број,"Пословање, администрација и право",Уписани на мастер студије,Оба пола,2
2017,Број,Образовање,Уписани на мастер студије,Оба пола,1
2017,Број,Хуманистичке науке и умјетност,Уписани на мастер студије,Оба пола,5
2017,Број,Услуге,Уписани на мастер студије,Оба пола,0
2017,Број,Укупно,Уписани на мастер студије,M,21
2017,Број,"Природне науке, математика и статистика",Уписани на мастер студије,M,0
2017,Број,"Инжeњерство, производња и грађевинарство",Уписани на мастер студије,M,0
2017,Број,Информационе и комуникационе технологије,Уписани на мастер студије,M,14
2017,Број,Здравство и социјална заштита,Уписани на мастер студије,M,0
2017,Број,"Пољопривреда, шумарство, рибарство и ветеринарство",Уписани на мастер студије,M,0
2017,Број,"Друштвене науке, новинарство и информисање",Уписани на мастер студије,M,0
2017,Број,"Пословање, администрација и право",Уписани на мастер студије,M,2
2017,Број,Образовање,Уписани на мастер студије,M,0
2017,Број,Хуманистичке науке и умјетност,Уписани на мастер студије,M,5
2017,Број,Услуге,Уписани на мастер студије,M,0
2017,Број,Укупно,Уписани на мастер студије,Ж,10
2017,Број,"Природне науке, математика и статистика",Уписани на мастер студије,Ж,1
2017,Број,"Инжeњерство, производња и грађевинарство",Уписани на мастер студије,Ж,0
2017,Број,Информационе и комуникационе технологије,Уписани на мастер студије,Ж,8
2017,Број,Здравство и социјална заштита,Уписани на мастер студије,Ж,0
2017,Број,"Пољопривреда, шумарство, рибарство и ветеринарство",Уписани на мастер студије,Ж,0
2017,Број,"Друштвене науке, новинарство и информисање",Уписани на мастер студије,Ж,0
2017,Број,"Пословање, администрација и право",Уписани на мастер студије,Ж,0
2017,Број,Образовање,Уписани на мастер студије,Ж,1
2017,Број,Хуманистичке науке и умјетност,Уписани на мастер студије,Ж,0
2017,Број,Услуге,Уписани на мастер студије,Ж,0
2017,Број,Укупно,Уписани на специјалистичке студије,Оба пола,73
2017,Број,"Природне науке, математика и статистика",Уписани на специјалистичке студије,Оба пола,0
2017,Број,"Инжeњерство, производња и грађевинарство",Уписани на специјалистичке студије,Оба пола,0
2017,Број,Информационе и комуникационе технологије,Уписани на специјалистичке студије,Оба пола,0
2017,Број,Здравство и социјална заштита,Уписани на специјалистичке студије,Оба пола,71
2017,Број,"Пољопривреда, шумарство, рибарство и ветеринарство",Уписани на специјалистичке студије,Оба пола,0
2017,Број,"Друштвене науке, новинарство и информисање",Уписани на специјалистичке студије,Оба пола,1
2017,Број,"Пословање, администрација и право",Уписани на специјалистичке студије,Оба пола,1
2017,Број,Образовање,Уписани на специјалистичке студије,Оба пола,0
2017,Број,Хуманистичке науке и умјетност,Уписани на специјалистичке студије,Оба пола,0
2017,Број,Услуге,Уписани на специјалистичке студије,Оба пола,0
2017,Број,Укупно,Уписани на специјалистичке студије,M,34
2017,Број,"Природне науке, математика и статистика",Уписани на специјалистичке студије,M,0
2017,Број,"Инжeњерство, производња и грађевинарство",Уписани на специјалистичке студије,M,0
2017,Број,Информационе и комуникационе технологије,Уписани на специјалистичке студије,M,0
2017,Број,Здравство и социјална заштита,Уписани на специјалистичке студије,M,33
2017,Број,"Пољопривреда, шумарство, рибарство и ветеринарство",Уписани на специјалистичке студије,M,0
2017,Број,"Друштвене науке, новинарство и информисање",Уписани на специјалистичке студије,M,1
2017,Број,"Пословање, администрација и право",Уписани на специјалистичке студије,M,0
2017,Број,Образовање,Уписани на специјалистичке студије,M,0
2017,Број,Хуманистичке науке и умјетност,Уписани на специјалистичке студије,M,0
2017,Број,Услуге,Уписани на специјалистичке студије,M,0
2017,Број,Укупно,Уписани на специјалистичке студије,Ж,39
2017,Број,"Природне науке, математика и статистика",Уписани на специјалистичке студије,Ж,0
2017,Број,"Инжeњерство, производња и грађевинарство",Уписани на специјалистичке студије,Ж,0
2017,Број,Информационе и комуникационе технологије,Уписани на специјалистичке студије,Ж,0
2017,Број,Здравство и социјална заштита,Уписани на специјалистичке студије,Ж,38
2017,Број,"Пољопривреда, шумарство, рибарство и ветеринарство",Уписани на специјалистичке студије,Ж,0
2017,Број,"Друштвене науке, новинарство и информисање",Уписани на специјалистичке студије,Ж,0
2017,Број,"Пословање, администрација и право",Уписани на специјалистичке студије,Ж,1
2017,Број,Образовање,Уписани на специјалистичке студије,Ж,0
2017,Број,Хуманистичке науке и умјетност,Уписани на специјалистичке студије,Ж,0
2017,Број,Услуге,Уписани на специјалистичке студије,Ж,0
2017,Број,Укупно,Докторанти,Оба пола,130
2017,Број,"Природне науке, математика и статистика",Докторанти,Оба пола,10
2017,Број,"Инжeњерство, производња и грађевинарство",Докторанти,Оба пола,4
2017,Број,Информационе и комуникационе технологије,Докторанти,Оба пола,12
2017,Број,Здравство и социјална заштита,Докторанти,Оба пола,25
2017,Број,"Пољопривреда, шумарство, рибарство и ветеринарство",Докторанти,Оба пола,9
2017,Број,"Друштвене науке, новинарство и информисање",Докторанти,Оба пола,50
2017,Број,"Пословање, администрација и право",Докторанти,Оба пола,10
2017,Број,Образовање,Докторанти,Оба пола,0
2017,Број,Хуманистичке науке и умјетност,Докторанти,Оба пола,10
2017,Број,Услуге,Докторанти,Оба пола,0
2017,Број,Укупно,Докторанти,M,70
2017,Број,"Природне науке, математика и статистика",Докторанти,M,6
2017,Број,"Инжeњерство, производња и грађевинарство",Докторанти,M,3
2017,Број,Информационе и комуникационе технологије,Докторанти,M,9
2017,Број,Здравство и социјална заштита,Докторанти,M,6
2017,Број,"Пољопривреда, шумарство, рибарство и ветеринарство",Докторанти,M,4
2017,Број,"Друштвене науке, новинарство и информисање",Докторанти,M,29
2017,Број,"Пословање, администрација и право",Докторанти,M,4
2017,Број,Образовање,Докторанти,M,0
2017,Број,Хуманистичке науке и умјетност,Докторанти,M,9
2017,Број,Услуге,Докторанти,M,0
2017,Број,Укупно,Докторанти,Ж,60
2017,Број,"Природне науке, математика и статистика",Докторанти,Ж,4
2017,Број,"Инжeњерство, производња и грађевинарство",Докторанти,Ж,1
2017,Број,Информационе и комуникационе технологије,Докторанти,Ж,3
2017,Број,Здравство и социјална заштита,Докторанти,Ж,19
2017,Број,"Пољопривреда, шумарство, рибарство и ветеринарство",Докторанти,Ж,5
2017,Број,"Друштвене науке, новинарство и информисање",Докторанти,Ж,21
2017,Број,"Пословање, администрација и право",Докторанти,Ж,6
2017,Број,Образовање,Докторанти,Ж,0
2017,Број,Хуманистичке науке и умјетност,Докторанти,Ж,1
2017,Број,Услуге,Докторанти,Ж,0
2018,Број,Укупно,Уписани на магистарске студије,Оба пола,14
2018,Број,"Природне науке, математика и статистика",Уписани на магистарске студије,Оба пола,0
2018,Број,"Инжeњерство, производња и грађевинарство",Уписани на магистарске студије,Оба пола,0
2018,Број,Информационе и комуникационе технологије,Уписани на магистарске студије,Оба пола,0
2018,Број,Здравство и социјална заштита,Уписани на магистарске студије,Оба пола,0
2018,Број,"Пољопривреда, шумарство, рибарство и ветеринарство",Уписани на магистарске студије,Оба пола,1
2018,Број,"Друштвене науке, новинарство и информисање",Уписани на магистарске студије,Оба пола,1
2018,Број,"Пословање, администрација и право",Уписани на магистарске студије,Оба пола,0
2018,Број,Образовање,Уписани на магистарске студије,Оба пола,9
2018,Број,Хуманистичке науке и умјетност,Уписани на магистарске студије,Оба пола,3
2018,Број,Услуге,Уписани на магистарске студије,Оба пола,0
2018,Број,Укупно,Уписани на магистарске студије,M,6
2018,Број,"Природне науке, математика и статистика",Уписани на магистарске студије,M,0
2018,Број,"Инжeњерство, производња и грађевинарство",Уписани на магистарске студије,M,0
2018,Број,Информационе и комуникационе технологије,Уписани на магистарске студије,M,0
2018,Број,Здравство и социјална заштита,Уписани на магистарске студије,M,0
2018,Број,"Пољопривреда, шумарство, рибарство и ветеринарство",Уписани на магистарске студије,M,0
2018,Број,"Друштвене науке, новинарство и информисање",Уписани на магистарске студије,M,1
2018,Број,"Пословање, администрација и право",Уписани на магистарске студије,M,0
2018,Број,Образовање,Уписани на магистарске студије,M,2
2018,Број,Хуманистичке науке и умјетност,Уписани на магистарске студије,M,3
2018,Број,Услуге,Уписани на магистарске студије,M,0
2018,Број,Укупно,Уписани на магистарске студије,Ж,8
2018,Број,"Природне науке, математика и статистика",Уписани на магистарске студије,Ж,0
2018,Број,"Инжeњерство, производња и грађевинарство",Уписани на магистарске студије,Ж,0
2018,Број,Информационе и комуникационе технологије,Уписани на магистарске студије,Ж,0
2018,Број,Здравство и социјална заштита,Уписани на магистарске студије,Ж,0
2018,Број,"Пољопривреда, шумарство, рибарство и ветеринарство",Уписани на магистарске студије,Ж,1
2018,Број,"Друштвене науке, новинарство и информисање",Уписани на магистарске студије,Ж,0
2018,Број,"Пословање, администрација и право",Уписани на магистарске студије,Ж,0
2018,Број,Образовање,Уписани на магистарске студије,Ж,7
2018,Број,Хуманистичке науке и умјетност,Уписани на магистарске студије,Ж,0
2018,Број,Услуге,Уписани на магистарске студије,Ж,0
2018,Број,Укупно,Уписани на мастер студије,Оба пола,2 144
2018,Број,"Природне науке, математика и статистика",Уписани на мастер студије,Оба пола,76
2018,Број,"Инжeњерство, производња и грађевинарство",Уписани на мастер студије,Оба пола,362
2018,Број,Информационе и комуникационе технологије,Уписани на мастер студије,Оба пола,120
2018,Број,Здравство и социјална заштита,Уписани на мастер студије,Оба пола,42
2018,Број,"Пољопривреда, шумарство, рибарство и ветеринарство",Уписани на мастер студије,Оба пола,189
2018,Број,"Друштвене науке, новинарство и информисање",Уписани на мастер студије,Оба пола,503
2018,Број,"Пословање, администрација и право",Уписани на мастер студије,Оба пола,240
2018,Број,Образовање,Уписани на мастер студије,Оба пола,314
2018,Број,Хуманистичке науке и умјетност,Уписани на мастер студије,Оба пола,291
2018,Број,Услуге,Уписани на мастер студије,Оба пола,7
2018,Број,Укупно,Уписани на мастер студије,M,937
2018,Број,"Природне науке, математика и статистика",Уписани на мастер студије,M,28
2018,Број,"Инжeњерство, производња и грађевинарство",Уписани на мастер студије,M,229
2018,Број,Информационе и комуникационе технологије,Уписани на мастер студије,M,83
2018,Број,Здравство и социјална заштита,Уписани на мастер студије,M,12
2018,Број,"Пољопривреда, шумарство, рибарство и ветеринарство",Уписани на мастер студије,M,98
2018,Број,"Друштвене науке, новинарство и информисање",Уписани на мастер студије,M,163
2018,Број,"Пословање, администрација и право",Уписани на мастер студије,M,85
2018,Број,Образовање,Уписани на мастер студије,M,103
2018,Број,Хуманистичке науке и умјетност,Уписани на мастер студије,M,133
2018,Број,Услуге,Уписани на мастер студије,M,3
2018,Број,Укупно,Уписани на мастер студије,Ж,1 207
2018,Број,"Природне науке, математика и статистика",Уписани на мастер студије,Ж,48
2018,Број,"Инжeњерство, производња и грађевинарство",Уписани на мастер студије,Ж,133
2018,Број,Информационе и комуникационе технологије,Уписани на мастер студије,Ж,37
2018,Број,Здравство и социјална заштита,Уписани на мастер студије,Ж,30
2018,Број,"Пољопривреда, шумарство, рибарство и ветеринарство",Уписани на мастер студије,Ж,91
2018,Број,"Друштвене науке, новинарство и информисање",Уписани на мастер студије,Ж,340
2018,Број,"Пословање, администрација и право",Уписани на мастер студије,Ж,155
2018,Број,Образовање,Уписани на мастер студије,Ж,211
2018,Број,Хуманистичке науке и умјетност,Уписани на мастер студије,Ж,158
2018,Број,Услуге,Уписани на мастер студије,Ж,4
2018,Број,Укупно,Уписани на специјалистичке студије,Оба пола,160
2018,Број,"Природне науке, математика и статистика",Уписани на специјалистичке студије,Оба пола,0
2018,Број,"Инжeњерство, производња и грађевинарство",Уписани на специјалистичке студије,Оба пола,0
2018,Број,Информационе и комуникационе технологије,Уписани на специјалистичке студије,Оба пола,0
2018,Број,Здравство и социјална заштита,Уписани на специјалистичке студије,Оба пола,156
2018,Број,"Пољопривреда, шумарство, рибарство и ветеринарство",Уписани на специјалистичке студије,Оба пола,0
2018,Број,"Друштвене науке, новинарство и информисање",Уписани на специјалистичке студије,Оба пола,1
2018,Број,"Пословање, администрација и право",Уписани на специјалистичке студије,Оба пола,0
2018,Број,Образовање,Уписани на специјалистичке студије,Оба пола,2
2018,Број,Хуманистичке науке и умјетност,Уписани на специјалистичке студије,Оба пола,1
2018,Број,Услуге,Уписани на специјалистичке студије,Оба пола,0
2018,Број,Укупно,Уписани на специјалистичке студије,M,66
2018,Број,"Природне науке, математика и статистика",Уписани на специјалистичке студије,M,0
2018,Број,"Инжeњерство, производња и грађевинарство",Уписани на специјалистичке студије,M,0
2018,Број,Информационе и комуникационе технологије,Уписани на специјалистичке студије,M,0
2018,Број,Здравство и социјална заштита,Уписани на специјалистичке студије,M,64
2018,Број,"Пољопривреда, шумарство, рибарство и ветеринарство",Уписани на специјалистичке студије,M,0
2018,Број,"Друштвене науке, новинарство и информисање",Уписани на специјалистичке студије,M,1
2018,Број,"Пословање, администрација и право",Уписани на специјалистичке студије,M,0
2018,Број,Образовање,Уписани на специјалистичке студије,M,0
2018,Број,Хуманистичке науке и умјетност,Уписани на специјалистичке студије,M,1
2018,Број,Услуге,Уписани на специјалистичке студије,M,0
2018,Број,Укупно,Уписани на специјалистичке студије,Ж,94
2018,Број,"Природне науке, математика и статистика",Уписани на специјалистичке студије,Ж,0
2018,Број,"Инжeњерство, производња и грађевинарство",Уписани на специјалистичке студије,Ж,0
2018,Број,Информационе и комуникационе технологије,Уписани на специјалистичке студије,Ж,0
2018,Број,Здравство и социјална заштита,Уписани на специјалистичке студије,Ж,92
2018,Број,"Пољопривреда, шумарство, рибарство и ветеринарство",Уписани на специјалистичке студије,Ж,0
2018,Број,"Друштвене науке, новинарство и информисање",Уписани на специјалистичке студије,Ж,0
2018,Број,"Пословање, администрација и право",Уписани на специјалистичке студије,Ж,0
2018,Број,Образовање,Уписани на специјалистичке студије,Ж,2
2018,Број,Хуманистичке науке и умјетност,Уписани на специјалистичке студије,Ж,0
2018,Број,Услуге,Уписани на специјалистичке студије,Ж,0
2018,Број,Укупно,Докторанти,Оба пола,119
2018,Број,"Природне науке, математика и статистика",Докторанти,Оба пола,8
2018,Број,"Инжeњерство, производња и грађевинарство",Докторанти,Оба пола,3
2018,Број,Информационе и комуникационе технологије,Докторанти,Оба пола,11
2018,Број,Здравство и социјална заштита,Докторанти,Оба пола,37
2018,Број,"Пољопривреда, шумарство, рибарство и ветеринарство",Докторанти,Оба пола,9
2018,Број,"Друштвене науке, новинарство и информисање",Докторанти,Оба пола,16
2018,Број,"Пословање, администрација и право",Докторанти,Оба пола,10
2018,Број,Образовање,Докторанти,Оба пола,3
2018,Број,Хуманистичке науке и умјетност,Докторанти,Оба пола,22
2018,Број,Услуге,Докторанти,Оба пола,0
2018,Број,Укупно,Докторанти,M,56
2018,Број,"Природне науке, математика и статистика",Докторанти,M,3
2018,Број,"Инжeњерство, производња и грађевинарство",Докторанти,M,2
2018,Број,Информационе и комуникационе технологије,Докторанти,M,11
2018,Број,Здравство и социјална заштита,Докторанти,M,9
2018,Број,"Пољопривреда, шумарство, рибарство и ветеринарство",Докторанти,M,6
2018,Број,"Друштвене науке, новинарство и информисање",Докторанти,M,8
2018,Број,"Пословање, администрација и право",Докторанти,M,4
2018,Број,Образовање,Докторанти,M,3
2018,Број,Хуманистичке науке и умјетност,Докторанти,M,10
2018,Број,Услуге,Докторанти,M,0
2018,Број,Укупно,Докторанти,Ж,63
2018,Број,"Природне науке, математика и статистика",Докторанти,Ж,5
2018,Број,"Инжeњерство, производња и грађевинарство",Докторанти,Ж,1
2018,Број,Информационе и комуникационе технологије,Докторанти,Ж,0
2018,Број,Здравство и социјална заштита,Докторанти,Ж,28
2018,Број,"Пољопривреда, шумарство, рибарство и ветеринарство",Докторанти,Ж,3
2018,Број,"Друштвене науке, новинарство и информисање",Докторанти,Ж,8
2018,Број,"Пословање, администрација и право",Докторанти,Ж,6
2018,Број,Образовање,Докторанти,Ж,0
2018,Број,Хуманистичке науке и умјетност,Докторанти,Ж,12
2018,Број,Услуге,Докторанти,Ж,0
2019,Број,Укупно,Уписани на магистарске студије,Оба пола,16
2019,Број,"Природне науке, математика и статистика",Уписани на магистарске студије,Оба пола,0
2019,Број,"Инжeњерство, производња и грађевинарство",Уписани на магистарске студије,Оба пола,13
2019,Број,Информационе и комуникационе технологије,Уписани на магистарске студије,Оба пола,0
2019,Број,Здравство и социјална заштита,Уписани на магистарске студије,Оба пола,0
2019,Број,"Пољопривреда, шумарство, рибарство и ветеринарство",Уписани на магистарске студије,Оба пола,0
2019,Број,"Друштвене науке, новинарство и информисање",Уписани на магистарске студије,Оба пола,0
2019,Број,"Пословање, администрација и право",Уписани на магистарске студије,Оба пола,0
2019,Број,Образовање,Уписани на магистарске студије,Оба пола,2
2019,Број,Хуманистичке науке и умјетност,Уписани на магистарске студије,Оба пола,1
2019,Број,Услуге,Уписани на магистарске студије,Оба пола,0
2019,Број,Укупно,Уписани на магистарске студије,M,12
2019,Број,"Природне науке, математика и статистика",Уписани на магистарске студије,M,0
2019,Број,"Инжeњерство, производња и грађевинарство",Уписани на магистарске студије,M,10
2019,Број,Информационе и комуникационе технологије,Уписани на магистарске студије,M,0
2019,Број,Здравство и социјална заштита,Уписани на магистарске студије,M,0
2019,Број,"Пољопривреда, шумарство, рибарство и ветеринарство",Уписани на магистарске студије,M,0
2019,Број,"Друштвене науке, новинарство и информисање",Уписани на магистарске студије,M,0
2019,Број,"Пословање, администрација и право",Уписани на магистарске студије,M,0
2019,Број,Образовање,Уписани на магистарске студије,M,1
2019,Број,Хуманистичке науке и умјетност,Уписани на магистарске студије,M,1
2019,Број,Услуге,Уписани на магистарске студије,M,0
2019,Број,Укупно,Уписани на магистарске студије,Ж,4
2019,Број,"Природне науке, математика и статистика",Уписани на магистарске студије,Ж,0
2019,Број,"Инжeњерство, производња и грађевинарство",Уписани на магистарске студије,Ж,3
2019,Број,Информационе и комуникационе технологије,Уписани на магистарске студије,Ж,0
2019,Број,Здравство и социјална заштита,Уписани на магистарске студије,Ж,0
2019,Број,"Пољопривреда, шумарство, рибарство и ветеринарство",Уписани на магистарске студије,Ж,0
2019,Број,"Друштвене науке, новинарство и информисање",Уписани на магистарске студије,Ж,0
2019,Број,"Пословање, администрација и право",Уписани на магистарске студије,Ж,0
2019,Број,Образовање,Уписани на магистарске студије,Ж,1
2019,Број,Хуманистичке науке и умјетност,Уписани на магистарске студије,Ж,0
2019,Број,Услуге,Уписани на магистарске студије,Ж,0
2019,Број,Укупно,Уписани на мастер студије,Оба пола,2 109
2019,Број,"Природне науке, математика и статистика",Уписани на мастер студије,Оба пола,79
2019,Број,"Инжeњерство, производња и грађевинарство",Уписани на мастер студије,Оба пола,394
2019,Број,Информационе и комуникационе технологије,Уписани на мастер студије,Оба пола,80
2019,Број,Здравство и социјална заштита,Уписани на мастер студије,Оба пола,45
2019,Број,"Пољопривреда, шумарство, рибарство и ветеринарство",Уписани на мастер студије,Оба пола,188
2019,Број,"Друштвене науке, новинарство и информисање",Уписани на мастер студије,Оба пола,492
2019,Број,"Пословање, администрација и право",Уписани на мастер студије,Оба пола,236
2019,Број,Образовање,Уписани на мастер студије,Оба пола,298
2019,Број,Хуманистичке науке и умјетност,Уписани на мастер студије,Оба пола,291
2019,Број,Услуге,Уписани на мастер студије,Оба пола,6
2019,Број,Укупно,Уписани на мастер студије,M,930
2019,Број,"Природне науке, математика и статистика",Уписани на мастер студије,M,22
2019,Број,"Инжeњерство, производња и грађевинарство",Уписани на мастер студије,M,243
2019,Број,Информационе и комуникационе технологије,Уписани на мастер студије,M,59
2019,Број,Здравство и социјална заштита,Уписани на мастер студије,M,10
2019,Број,"Пољопривреда, шумарство, рибарство и ветеринарство",Уписани на мастер студије,M,98
2019,Број,"Друштвене науке, новинарство и информисање",Уписани на мастер студије,M,160
2019,Број,"Пословање, администрација и право",Уписани на мастер студије,M,89
2019,Број,Образовање,Уписани на мастер студије,M,104
2019,Број,Хуманистичке науке и умјетност,Уписани на мастер студије,M,142
2019,Број,Услуге,Уписани на мастер студије,M,3
2019,Број,Укупно,Уписани на мастер студије,Ж,1 179
2019,Број,"Природне науке, математика и статистика",Уписани на мастер студије,Ж,57
2019,Број,"Инжeњерство, производња и грађевинарство",Уписани на мастер студије,Ж,151
2019,Број,Информационе и комуникационе технологије,Уписани на мастер студије,Ж,21
2019,Број,Здравство и социјална заштита,Уписани на мастер студије,Ж,35
2019,Број,"Пољопривреда, шумарство, рибарство и ветеринарство",Уписани на мастер студије,Ж,90
2019,Број,"Друштвене науке, новинарство и информисање",Уписани на мастер студије,Ж,332
2019,Број,"Пословање, администрација и право",Уписани на мастер студије,Ж,147
2019,Број,Образовање,Уписани на мастер студије,Ж,194
2019,Број,Хуманистичке науке и умјетност,Уписани на мастер студије,Ж,149
2019,Број,Услуге,Уписани на мастер студије,Ж,3
2019,Број,Укупно,Уписани на специјалистичке студије,Оба пола,170
2019,Број,"Природне науке, математика и статистика",Уписани на специјалистичке студије,Оба пола,0
2019,Број,"Инжeњерство, производња и грађевинарство",Уписани на специјалистичке студије,Оба пола,0
2019,Број,Информационе и комуникационе технологије,Уписани на специјалистичке студије,Оба пола,0
2019,Број,Здравство и социјална заштита,Уписани на специјалистичке студије,Оба пола,170
2019,Број,"Пољопривреда, шумарство, рибарство и ветеринарство",Уписани на специјалистичке студије,Оба пола,0
2019,Број,"Друштвене науке, новинарство и информисање",Уписани на специјалистичке студије,Оба пола,0
2019,Број,"Пословање, администрација и право",Уписани на специјалистичке студије,Оба пола,0
2019,Број,Образовање,Уписани на специјалистичке студије,Оба пола,0
2019,Број,Хуманистичке науке и умјетност,Уписани на специјалистичке студије,Оба пола,0
2019,Број,Услуге,Уписани на специјалистичке студије,Оба пола,0
2019,Број,Укупно,Уписани на специјалистичке студије,M,72
2019,Број,"Природне науке, математика и статистика",Уписани на специјалистичке студије,M,0
2019,Број,"Инжeњерство, производња и грађевинарство",Уписани на специјалистичке студије,M,0
2019,Број,Информационе и комуникационе технологије,Уписани на специјалистичке студије,M,0
2019,Број,Здравство и социјална заштита,Уписани на специјалистичке студије,M,72
2019,Број,"Пољопривреда, шумарство, рибарство и ветеринарство",Уписани на специјалистичке студије,M,0
2019,Број,"Друштвене науке, новинарство и информисање",Уписани на специјалистичке студије,M,0
2019,Број,"Пословање, администрација и право",Уписани на специјалистичке студије,M,0
2019,Број,Образовање,Уписани на специјалистичке студије,M,0
2019,Број,Хуманистичке науке и умјетност,Уписани на специјалистичке студије,M,0
2019,Број,Услуге,Уписани на специјалистичке студије,M,0
2019,Број,Укупно,Уписани на специјалистичке студије,Ж,98
2019,Број,"Природне науке, математика и статистика",Уписани на специјалистичке студије,Ж,0
2019,Број,"Инжeњерство, производња и грађевинарство",Уписани на специјалистичке студије,Ж,0
2019,Број,Информационе и комуникационе технологије,Уписани на специјалистичке студије,Ж,0
2019,Број,Здравство и социјална заштита,Уписани на специјалистичке студије,Ж,98
2019,Број,"Пољопривреда, шумарство, рибарство и ветеринарство",Уписани на специјалистичке студије,Ж,0
2019,Број,"Друштвене науке, новинарство и информисање",Уписани на специјалистичке студије,Ж,0
2019,Број,"Пословање, администрација и право",Уписани на специјалистичке студије,Ж,0
2019,Број,Образовање,Уписани на специјалистичке студије,Ж,0
2019,Број,Хуманистичке науке и умјетност,Уписани на специјалистичке студије,Ж,0
2019,Број,Услуге,Уписани на специјалистичке студије,Ж,0
2019,Број,Укупно,Докторанти,Оба пола,165
2019,Број,"Природне науке, математика и статистика",Докторанти,Оба пола,10
2019,Број,"Инжeњерство, производња и грађевинарство",Докторанти,Оба пола,0
2019,Број,Информационе и комуникационе технологије,Докторанти,Оба пола,0
2019,Број,Здравство и социјална заштита,Докторанти,Оба пола,65
2019,Број,"Пољопривреда, шумарство, рибарство и ветеринарство",Докторанти,Оба пола,9
2019,Број,"Друштвене науке, новинарство и информисање",Докторанти,Оба пола,58
2019,Број,"Пословање, администрација и право",Докторанти,Оба пола,5
2019,Број,Образовање,Докторанти,Оба пола,8
2019,Број,Хуманистичке науке и умјетност,Докторанти,Оба пола,10
2019,Број,Услуге,Докторанти,Оба пола,0
2019,Број,Укупно,Докторанти,M,71
2019,Број,"Природне науке, математика и статистика",Докторанти,M,6
2019,Број,"Инжeњерство, производња и грађевинарство",Докторанти,M,0
2019,Број,Информационе и комуникационе технологије,Докторанти,M,0
2019,Број,Здравство и социјална заштита,Докторанти,M,19
2019,Број,"Пољопривреда, шумарство, рибарство и ветеринарство",Докторанти,M,6
2019,Број,"Друштвене науке, новинарство и информисање",Докторанти,M,28
2019,Број,"Пословање, администрација и право",Докторанти,M,2
2019,Број,Образовање,Докторанти,M,5
2019,Број,Хуманистичке науке и умјетност,Докторанти,M,5
2019,Број,Услуге,Докторанти,M,0
2019,Број,Укупно,Докторанти,Ж,94
2019,Број,"Природне науке, математика и статистика",Докторанти,Ж,4
2019,Број,"Инжeњерство, производња и грађевинарство",Докторанти,Ж,0
2019,Број,Информационе и комуникационе технологије,Докторанти,Ж,0
2019,Број,Здравство и социјална заштита,Докторанти,Ж,46
2019,Број,"Пољопривреда, шумарство, рибарство и ветеринарство",Докторанти,Ж,3
2019,Број,"Друштвене науке, новинарство и информисање",Докторанти,Ж,30
2019,Број,"Пословање, администрација и право",Докторанти,Ж,3
2019,Број,Образовање,Докторанти,Ж,3
2019,Број,Хуманистичке науке и умјетност,Докторанти,Ж,5
2019,Број,Услуге,Докторанти,Ж,0
2020,Број,Укупно,Уписани на магистарске студије,Оба пола,4
2020,Број,"Природне науке, математика и статистика",Уписани на магистарске студије,Оба пола,0
2020,Број,"Инжeњерство, производња и грађевинарство",Уписани на магистарске студије,Оба пола,0
2020,Број,Информационе и комуникационе технологије,Уписани на магистарске студије,Оба пола,0
2020,Број,Здравство и социјална заштита,Уписани на магистарске студије,Оба пола,0
2020,Број,"Пољопривреда, шумарство, рибарство и ветеринарство",Уписани на магистарске студије,Оба пола,0
2020,Број,"Друштвене науке, новинарство и информисање",Уписани на магистарске студије,Оба пола,0
2020,Број,"Пословање, администрација и право",Уписани на магистарске студије,Оба пола,2
2020,Број,Образовање,Уписани на магистарске студије,Оба пола,2
2020,Број,Хуманистичке науке и умјетност,Уписани на магистарске студије,Оба пола,0
2020,Број,Услуге,Уписани на магистарске студије,Оба пола,0
2020,Број,Укупно,Уписани на магистарске студије,M,3
2020,Број,"Природне науке, математика и статистика",Уписани на магистарске студије,M,0
2020,Број,"Инжeњерство, производња и грађевинарство",Уписани на магистарске студије,M,0
2020,Број,Информационе и комуникационе технологије,Уписани на магистарске студије,M,0
2020,Број,Здравство и социјална заштита,Уписани на магистарске студије,M,0
2020,Број,"Пољопривреда, шумарство, рибарство и ветеринарство",Уписани на магистарске студије,M,0
2020,Број,"Друштвене науке, новинарство и информисање",Уписани на магистарске студије,M,0
2020,Број,"Пословање, администрација и право",Уписани на магистарске студије,M,1
2020,Број,Образовање,Уписани на магистарске студије,M,2
2020,Број,Хуманистичке науке и умјетност,Уписани на магистарске студије,M,0
2020,Број,Услуге,Уписани на магистарске студије,M,0
2020,Број,Укупно,Уписани на магистарске студије,Ж,1
2020,Број,"Природне науке, математика и статистика",Уписани на магистарске студије,Ж,0
2020,Број,"Инжeњерство, производња и грађевинарство",Уписани на магистарске студије,Ж,0
2020,Број,Информационе и комуникационе технологије,Уписани на магистарске студије,Ж,0
2020,Број,Здравство и социјална заштита,Уписани на магистарске студије,Ж,0
2020,Број,"Пољопривреда, шумарство, рибарство и ветеринарство",Уписани на магистарске студије,Ж,0
2020,Број,"Друштвене науке, новинарство и информисање",Уписани на магистарске студије,Ж,0
2020,Број,"Пословање, администрација и право",Уписани на магистарске студије,Ж,1
2020,Број,Образовање,Уписани на магистарске студије,Ж,0
2020,Број,Хуманистичке науке и умјетност,Уписани на магистарске студије,Ж,0
2020,Број,Услуге,Уписани на магистарске студије,Ж,0
2020,Број,Укупно,Уписани на мастер студије,Оба пола,2 430
2020,Број,"Природне науке, математика и статистика",Уписани на мастер студије,Оба пола,93
2020,Број,"Инжeњерство, производња и грађевинарство",Уписани на мастер студије,Оба пола,399
2020,Број,Информационе и комуникационе технологије,Уписани на мастер студије,Оба пола,117
2020,Број,Здравство и социјална заштита,Уписани на мастер студије,Оба пола,52
2020,Број,"Пољопривреда, шумарство, рибарство и ветеринарство",Уписани на мастер студије,Оба пола,216
2020,Број,"Друштвене науке, новинарство и информисање",Уписани на мастер студије,Оба пола,619
2020,Број,"Пословање, администрација и право",Уписани на мастер студије,Оба пола,216
2020,Број,Образовање,Уписани на мастер студије,Оба пола,381
2020,Број,Хуманистичке науке и умјетност,Уписани на мастер студије,Оба пола,328
2020,Број,Услуге,Уписани на мастер студије,Оба пола,9
2020,Број,Укупно,Уписани на мастер студије,M,1 036
2020,Број,"Природне науке, математика и статистика",Уписани на мастер студије,M,26
2020,Број,"Инжeњерство, производња и грађевинарство",Уписани на мастер студије,M,252
2020,Број,Информационе и комуникационе технологије,Уписани на мастер студије,M,82
2020,Број,Здравство и социјална заштита,Уписани на мастер студије,M,10
2020,Број,"Пољопривреда, шумарство, рибарство и ветеринарство",Уписани на мастер студије,M,119
2020,Број,"Друштвене науке, новинарство и информисање",Уписани на мастер студије,M,194
2020,Број,"Пословање, администрација и право",Уписани на мастер студије,M,79
2020,Број,Образовање,Уписани на мастер студије,M,129
2020,Број,Хуманистичке науке и умјетност,Уписани на мастер студије,M,142
2020,Број,Услуге,Уписани на мастер студије,M,3
2020,Број,Укупно,Уписани на мастер студије,Ж,1 394
2020,Број,"Природне науке, математика и статистика",Уписани на мастер студије,Ж,67
2020,Број,"Инжeњерство, производња и грађевинарство",Уписани на мастер студије,Ж,147
2020,Број,Информационе и комуникационе технологије,Уписани на мастер студије,Ж,35
2020,Број,Здравство и социјална заштита,Уписани на мастер студије,Ж,42
2020,Број,"Пољопривреда, шумарство, рибарство и ветеринарство",Уписани на мастер студије,Ж,97
2020,Број,"Друштвене науке, новинарство и информисање",Уписани на мастер студије,Ж,425
2020,Број,"Пословање, администрација и право",Уписани на мастер студије,Ж,137
2020,Број,Образовање,Уписани на мастер студије,Ж,252
2020,Број,Хуманистичке науке и умјетност,Уписани на мастер студије,Ж,186
2020,Број,Услуге,Уписани на мастер студије,Ж,6
2020,Број,Укупно,Уписани на специјалистичке студије,Оба пола,170
2020,Број,"Природне науке, математика и статистика",Уписани на специјалистичке студије,Оба пола,0
2020,Број,"Инжeњерство, производња и грађевинарство",Уписани на специјалистичке студије,Оба пола,0
2020,Број,Информационе и комуникационе технологије,Уписани на специјалистичке студије,Оба пола,0
2020,Број,Здравство и социјална заштита,Уписани на специјалистичке студије,Оба пола,170
2020,Број,"Пољопривреда, шумарство, рибарство и ветеринарство",Уписани на специјалистичке студије,Оба пола,0
2020,Број,"Друштвене науке, новинарство и информисање",Уписани на специјалистичке студије,Оба пола,0
2020,Број,"Пословање, администрација и право",Уписани на специјалистичке студије,Оба пола,0
2020,Број,Образовање,Уписани на специјалистичке студије,Оба пола,0
2020,Број,Хуманистичке науке и умјетност,Уписани на специјалистичке студије,Оба пола,0
2020,Број,Услуге,Уписани на специјалистичке студије,Оба пола,0
2020,Број,Укупно,Уписани на специјалистичке студије,M,39
2020,Број,"Природне науке, математика и статистика",Уписани на специјалистичке студије,M,0
2020,Број,"Инжeњерство, производња и грађевинарство",Уписани на специјалистичке студије,M,0
2020,Број,Информационе и комуникационе технологије,Уписани на специјалистичке студије,M,0
2020,Број,Здравство и социјална заштита,Уписани на специјалистичке студије,M,39
2020,Број,"Пољопривреда, шумарство, рибарство и ветеринарство",Уписани на специјалистичке студије,M,0
2020,Број,"Друштвене науке, новинарство и информисање",Уписани на специјалистичке студије,M,0
2020,Број,"Пословање, администрација и право",Уписани на специјалистичке студије,M,0
2020,Број,Образовање,Уписани на специјалистичке студије,M,0
2020,Број,Хуманистичке науке и умјетност,Уписани на специјалистичке студије,M,0
2020,Број,Услуге,Уписани на специјалистичке студије,M,0
2020,Број,Укупно,Уписани на специјалистичке студије,Ж,131
2020,Број,"Природне науке, математика и статистика",Уписани на специјалистичке студије,Ж,0
2020,Број,"Инжeњерство, производња и грађевинарство",Уписани на специјалистичке студије,Ж,0
2020,Број,Информационе и комуникационе технологије,Уписани на специјалистичке студије,Ж,0
2020,Број,Здравство и социјална заштита,Уписани на специјалистичке студије,Ж,131
2020,Број,"Пољопривреда, шумарство, рибарство и ветеринарство",Уписани на специјалистичке студије,Ж,0
2020,Број,"Друштвене науке, новинарство и информисање",Уписани на специјалистичке студије,Ж,0
2020,Број,"Пословање, администрација и право",Уписани на специјалистичке студије,Ж,0
2020,Број,Образовање,Уписани на специјалистичке студије,Ж,0
2020,Број,Хуманистичке науке и умјетност,Уписани на специјалистичке студије,Ж,0
2020,Број,Услуге,Уписани на специјалистичке студије,Ж,0
2020,Број,Укупно,Докторанти,Оба пола,184
2020,Број,"Природне науке, математика и статистика",Докторанти,Оба пола,12
2020,Број,"Инжeњерство, производња и грађевинарство",Докторанти,Оба пола,2
2020,Број,Информационе и комуникационе технологије,Докторанти,Оба пола,5
2020,Број,Здравство и социјална заштита,Докторанти,Оба пола,96
2020,Број,"Пољопривреда, шумарство, рибарство и ветеринарство",Докторанти,Оба пола,14
2020,Број,"Друштвене науке, новинарство и информисање",Докторанти,Оба пола,22
2020,Број,"Пословање, администрација и право",Докторанти,Оба пола,1
2020,Број,Образовање,Докторанти,Оба пола,8
2020,Број,Хуманистичке науке и умјетност,Докторанти,Оба пола,24
2020,Број,Услуге,Докторанти,Оба пола,0
2020,Број,Укупно,Докторанти,M,79
2020,Број,"Природне науке, математика и статистика",Докторанти,M,8
2020,Број,"Инжeњерство, производња и грађевинарство",Докторанти,M,1
2020,Број,Информационе и комуникационе технологије,Докторанти,M,3
2020,Број,Здравство и социјална заштита,Докторанти,M,35
2020,Број,"Пољопривреда, шумарство, рибарство и ветеринарство",Докторанти,M,9
2020,Број,"Друштвене науке, новинарство и информисање",Докторанти,M,12
2020,Број,"Пословање, администрација и право",Докторанти,M,0
2020,Број,Образовање,Докторанти,M,8
2020,Број,Хуманистичке науке и умјетност,Докторанти,M,3
2020,Број,Услуге,Докторанти,M,0
2020,Број,Укупно,Докторанти,Ж,105
2020,Број,"Природне науке, математика и статистика",Докторанти,Ж,4
2020,Број,"Инжeњерство, производња и грађевинарство",Докторанти,Ж,1
2020,Број,Информационе и комуникационе технологије,Докторанти,Ж,2
2020,Број,Здравство и социјална заштита,Докторанти,Ж,61
2020,Број,"Пољопривреда, шумарство, рибарство и ветеринарство",Докторанти,Ж,5
2020,Број,"Друштвене науке, новинарство и информисање",Докторанти,Ж,10
2020,Број,"Пословање, администрација и право",Докторанти,Ж,1
2020,Број,Образовање,Докторанти,Ж,0
2020,Број,Хуманистичке науке и умјетност,Докторанти,Ж,21
2020,Број,Услуге,Докторанти,Ж,0
