Year,UNIT_MEASURE,Врста образовања,Пол,Value
2016,Број,Уписани на магистарске студије,Оба пола,59
2016,Број,Уписани на магистарске студије,Ж,22
2016,Број,Уписани на мастер студије,Оба пола,2 456
2016,Број,Уписани на мастер студије,Ж,1 408
2016,Број,Уписани на специјалистичке студије,Оба пола,71
2016,Број,Уписани на специјалистичке студије,Ж,43
2017,Број,Уписани на магистарске студије,Оба пола,31
2017,Број,Уписани на магистарске студије,Ж,10
2017,Број,Уписани на мастер студије,Оба пола,2 140
2017,Број,Уписани на мастер студије,Ж,1 223
2017,Број,Уписани на специјалистичке студије,Оба пола,73
2017,Број,Уписани на специјалистичке студије,Ж,39
2018,Број,Уписани на магистарске студије,Оба пола,14
2018,Број,Уписани на магистарске студије,Ж,8
2018,Број,Уписани на мастер студије,Оба пола,2 144
2018,Број,Уписани на мастер студије,Ж,1 207
2018,Број,Уписани на специјалистичке студије,Оба пола,160
2018,Број,Уписани на специјалистичке студије,Ж,94
2019,Број,Уписани на магистарске студије,Оба пола,16
2019,Број,Уписани на магистарске студије,Ж,4
2019,Број,Уписани на мастер студије,Оба пола,2 109
2019,Број,Уписани на мастер студије,Ж,1 179
2019,Број,Уписани на специјалистичке студије,Оба пола,170
2019,Број,Уписани на специјалистичке студије,Ж,98
2020,Број,Уписани на магистарске студије,Оба пола,4
2020,Број,Уписани на магистарске студије,Ж,1
2020,Број,Уписани на мастер студије,Оба пола,2 430
2020,Број,Уписани на мастер студије,Ж,1 394
2020,Број,Уписани на специјалистичке студије,Оба пола,170
2020,Број,Уписани на специјалистичке студије,Ж,131
