Year,UNIT_MEASURE,SEX,CAUSE_OF_DEATH,Value
2003,NUMBER,_T,total,12988
2004,NUMBER,_T,total,13082
2005,NUMBER,_T,total,13802
2006,NUMBER,_T,total,13232
2007,NUMBER,_T,total,14146
2008,NUMBER,_T,total,13501
2009,NUMBER,_T,total,13775
2010,NUMBER,_T,total,13517
2011,NUMBER,_T,total,13658
2012,NUMBER,_T,total,13796
2013,NUMBER,_T,total,13978
2014,NUMBER,_T,total,14409
2015,NUMBER,_T,total,15059
2016,NUMBER,_T,total,13970
2017,NUMBER,_T,total,14663
2018,NUMBER,_T,total,14763
2019,NUMBER,_T,total,15081
2020,NUMBER,_T,total,16582
2021,NUMBER,_T,total,19002
2022,NUMBER,_T,total,16263
2003,NUMBER,_T,infectious_and_parasitic,89
2004,NUMBER,_T,infectious_and_parasitic,124
2005,NUMBER,_T,infectious_and_parasitic,128
2006,NUMBER,_T,infectious_and_parasitic,111
2007,NUMBER,_T,infectious_and_parasitic,103
2008,NUMBER,_T,infectious_and_parasitic,118
2009,NUMBER,_T,infectious_and_parasitic,118
2010,NUMBER,_T,infectious_and_parasitic,109
2011,NUMBER,_T,infectious_and_parasitic,117
2012,NUMBER,_T,infectious_and_parasitic,135
2013,NUMBER,_T,infectious_and_parasitic,120
2014,NUMBER,_T,infectious_and_parasitic,136
2015,NUMBER,_T,infectious_and_parasitic,159
2016,NUMBER,_T,infectious_and_parasitic,187
2017,NUMBER,_T,infectious_and_parasitic,147
2018,NUMBER,_T,infectious_and_parasitic,184
2019,NUMBER,_T,infectious_and_parasitic,200
2020,NUMBER,_T,infectious_and_parasitic,162
2021,NUMBER,_T,infectious_and_parasitic,140
2022,NUMBER,_T,infectious_and_parasitic,211
2003,NUMBER,_T,neoplasms,2411
2004,NUMBER,_T,neoplasms,2330
2005,NUMBER,_T,neoplasms,2653
2006,NUMBER,_T,neoplasms,2551
2007,NUMBER,_T,neoplasms,2733
2008,NUMBER,_T,neoplasms,2733
2009,NUMBER,_T,neoplasms,2822
2010,NUMBER,_T,neoplasms,2700
2011,NUMBER,_T,neoplasms,2802
2012,NUMBER,_T,neoplasms,2937
2013,NUMBER,_T,neoplasms,3090
2014,NUMBER,_T,neoplasms,3154
2015,NUMBER,_T,neoplasms,3138
2016,NUMBER,_T,neoplasms,2948
2017,NUMBER,_T,neoplasms,3027
2018,NUMBER,_T,neoplasms,2938
2019,NUMBER,_T,neoplasms,2891
2020,NUMBER,_T,neoplasms,2719
2021,NUMBER,_T,neoplasms,2623
2022,NUMBER,_T,neoplasms,2635
2003,NUMBER,_T,diseases_of_the_blood,8
2004,NUMBER,_T,diseases_of_the_blood,13
2005,NUMBER,_T,diseases_of_the_blood,15
2006,NUMBER,_T,diseases_of_the_blood,6
2007,NUMBER,_T,diseases_of_the_blood,16
2008,NUMBER,_T,diseases_of_the_blood,8
2009,NUMBER,_T,diseases_of_the_blood,13
2010,NUMBER,_T,diseases_of_the_blood,15
2011,NUMBER,_T,diseases_of_the_blood,17
2012,NUMBER,_T,diseases_of_the_blood,15
2013,NUMBER,_T,diseases_of_the_blood,16
2014,NUMBER,_T,diseases_of_the_blood,10
2015,NUMBER,_T,diseases_of_the_blood,19
2016,NUMBER,_T,diseases_of_the_blood,24
2017,NUMBER,_T,diseases_of_the_blood,20
2018,NUMBER,_T,diseases_of_the_blood,36
2019,NUMBER,_T,diseases_of_the_blood,24
2020,NUMBER,_T,diseases_of_the_blood,27
2021,NUMBER,_T,diseases_of_the_blood,22
2022,NUMBER,_T,diseases_of_the_blood,28
2003,NUMBER,_T,endocrine_metabolic_and_nutritional,180
2004,NUMBER,_T,endocrine_metabolic_and_nutritional,160
2005,NUMBER,_T,endocrine_metabolic_and_nutritional,727
2006,NUMBER,_T,endocrine_metabolic_and_nutritional,790
2007,NUMBER,_T,endocrine_metabolic_and_nutritional,791
2008,NUMBER,_T,endocrine_metabolic_and_nutritional,764
2009,NUMBER,_T,endocrine_metabolic_and_nutritional,891
2010,NUMBER,_T,endocrine_metabolic_and_nutritional,691
2011,NUMBER,_T,endocrine_metabolic_and_nutritional,654
2012,NUMBER,_T,endocrine_metabolic_and_nutritional,561
2013,NUMBER,_T,endocrine_metabolic_and_nutritional,800
2014,NUMBER,_T,endocrine_metabolic_and_nutritional,912
2015,NUMBER,_T,endocrine_metabolic_and_nutritional,762
2016,NUMBER,_T,endocrine_metabolic_and_nutritional,691
2017,NUMBER,_T,endocrine_metabolic_and_nutritional,825
2018,NUMBER,_T,endocrine_metabolic_and_nutritional,844
2019,NUMBER,_T,endocrine_metabolic_and_nutritional,604
2020,NUMBER,_T,endocrine_metabolic_and_nutritional,825
2021,NUMBER,_T,endocrine_metabolic_and_nutritional,921
2022,NUMBER,_T,endocrine_metabolic_and_nutritional,994
2003,NUMBER,_T,mental_and_behavioural_disorders,33
2004,NUMBER,_T,mental_and_behavioural_disorders,58
2005,NUMBER,_T,mental_and_behavioural_disorders,80
2006,NUMBER,_T,mental_and_behavioural_disorders,82
2007,NUMBER,_T,mental_and_behavioural_disorders,107
2008,NUMBER,_T,mental_and_behavioural_disorders,101
2009,NUMBER,_T,mental_and_behavioural_disorders,122
2010,NUMBER,_T,mental_and_behavioural_disorders,84
2011,NUMBER,_T,mental_and_behavioural_disorders,72
2012,NUMBER,_T,mental_and_behavioural_disorders,58
2013,NUMBER,_T,mental_and_behavioural_disorders,95
2014,NUMBER,_T,mental_and_behavioural_disorders,84
2015,NUMBER,_T,mental_and_behavioural_disorders,72
2016,NUMBER,_T,mental_and_behavioural_disorders,98
2017,NUMBER,_T,mental_and_behavioural_disorders,113
2018,NUMBER,_T,mental_and_behavioural_disorders,85
2019,NUMBER,_T,mental_and_behavioural_disorders,72
2020,NUMBER,_T,mental_and_behavioural_disorders,72
2021,NUMBER,_T,mental_and_behavioural_disorders,107
2022,NUMBER,_T,mental_and_behavioural_disorders,132
2003,NUMBER,_T,diseases_of_the_nervous,65
2004,NUMBER,_T,diseases_of_the_nervous,91
2005,NUMBER,_T,diseases_of_the_nervous,170
2006,NUMBER,_T,diseases_of_the_nervous,184
2007,NUMBER,_T,diseases_of_the_nervous,155
2008,NUMBER,_T,diseases_of_the_nervous,146
2009,NUMBER,_T,diseases_of_the_nervous,133
2010,NUMBER,_T,diseases_of_the_nervous,152
2011,NUMBER,_T,diseases_of_the_nervous,209
2012,NUMBER,_T,diseases_of_the_nervous,207
2013,NUMBER,_T,diseases_of_the_nervous,185
2014,NUMBER,_T,diseases_of_the_nervous,186
2015,NUMBER,_T,diseases_of_the_nervous,212
2016,NUMBER,_T,diseases_of_the_nervous,171
2017,NUMBER,_T,diseases_of_the_nervous,197
2018,NUMBER,_T,diseases_of_the_nervous,169
2019,NUMBER,_T,diseases_of_the_nervous,165
2020,NUMBER,_T,diseases_of_the_nervous,188
2021,NUMBER,_T,diseases_of_the_nervous,173
2022,NUMBER,_T,diseases_of_the_nervous,168
2003,NUMBER,_T,diseases_of_the_eye,0
2004,NUMBER,_T,diseases_of_the_eye,0
2005,NUMBER,_T,diseases_of_the_eye,0
2006,NUMBER,_T,diseases_of_the_eye,0
2007,NUMBER,_T,diseases_of_the_eye,0
2008,NUMBER,_T,diseases_of_the_eye,0
2009,NUMBER,_T,diseases_of_the_eye,0
2010,NUMBER,_T,diseases_of_the_eye,0
2011,NUMBER,_T,diseases_of_the_eye,0
2012,NUMBER,_T,diseases_of_the_eye,0
2013,NUMBER,_T,diseases_of_the_eye,0
2014,NUMBER,_T,diseases_of_the_eye,0
2015,NUMBER,_T,diseases_of_the_eye,0
2016,NUMBER,_T,diseases_of_the_eye,0
2017,NUMBER,_T,diseases_of_the_eye,0
2018,NUMBER,_T,diseases_of_the_eye,0
2019,NUMBER,_T,diseases_of_the_eye,0
2020,NUMBER,_T,diseases_of_the_eye,0
2021,NUMBER,_T,diseases_of_the_eye,0
2022,NUMBER,_T,diseases_of_the_eye,0
2003,NUMBER,_T,diseases_of_the_ear,0
2004,NUMBER,_T,diseases_of_the_ear,0
2005,NUMBER,_T,diseases_of_the_ear,1
2006,NUMBER,_T,diseases_of_the_ear,0
2007,NUMBER,_T,diseases_of_the_ear,1
2008,NUMBER,_T,diseases_of_the_ear,0
2009,NUMBER,_T,diseases_of_the_ear,0
2010,NUMBER,_T,diseases_of_the_ear,0
2011,NUMBER,_T,diseases_of_the_ear,0
2012,NUMBER,_T,diseases_of_the_ear,0
2013,NUMBER,_T,diseases_of_the_ear,0
2014,NUMBER,_T,diseases_of_the_ear,0
2015,NUMBER,_T,diseases_of_the_ear,0
2016,NUMBER,_T,diseases_of_the_ear,0
2017,NUMBER,_T,diseases_of_the_ear,0
2018,NUMBER,_T,diseases_of_the_ear,0
2019,NUMBER,_T,diseases_of_the_ear,0
2020,NUMBER,_T,diseases_of_the_ear,0
2021,NUMBER,_T,diseases_of_the_ear,0
2022,NUMBER,_T,diseases_of_the_ear,0
2003,NUMBER,_T,diseases_of_the_circulatory,7071
2004,NUMBER,_T,diseases_of_the_circulatory,7340
2005,NUMBER,_T,diseases_of_the_circulatory,7002
2006,NUMBER,_T,diseases_of_the_circulatory,6463
2007,NUMBER,_T,diseases_of_the_circulatory,7097
2008,NUMBER,_T,diseases_of_the_circulatory,6965
2009,NUMBER,_T,diseases_of_the_circulatory,7014
2010,NUMBER,_T,diseases_of_the_circulatory,7211
2011,NUMBER,_T,diseases_of_the_circulatory,7339
2012,NUMBER,_T,diseases_of_the_circulatory,7625
2013,NUMBER,_T,diseases_of_the_circulatory,6687
2014,NUMBER,_T,diseases_of_the_circulatory,6777
2015,NUMBER,_T,diseases_of_the_circulatory,7275
2016,NUMBER,_T,diseases_of_the_circulatory,6920
2017,NUMBER,_T,diseases_of_the_circulatory,7180
2018,NUMBER,_T,diseases_of_the_circulatory,6989
2019,NUMBER,_T,diseases_of_the_circulatory,7473
2020,NUMBER,_T,diseases_of_the_circulatory,7602
2021,NUMBER,_T,diseases_of_the_circulatory,7217
2022,NUMBER,_T,diseases_of_the_circulatory,6791
2003,NUMBER,_T,diseases_of_the_respiratory,304
2004,NUMBER,_T,diseases_of_the_respiratory,345
2005,NUMBER,_T,diseases_of_the_respiratory,504
2006,NUMBER,_T,diseases_of_the_respiratory,520
2007,NUMBER,_T,diseases_of_the_respiratory,493
2008,NUMBER,_T,diseases_of_the_respiratory,449
2009,NUMBER,_T,diseases_of_the_respiratory,430
2010,NUMBER,_T,diseases_of_the_respiratory,450
2011,NUMBER,_T,diseases_of_the_respiratory,536
2012,NUMBER,_T,diseases_of_the_respiratory,424
2013,NUMBER,_T,diseases_of_the_respiratory,556
2014,NUMBER,_T,diseases_of_the_respiratory,524
2015,NUMBER,_T,diseases_of_the_respiratory,618
2016,NUMBER,_T,diseases_of_the_respiratory,510
2017,NUMBER,_T,diseases_of_the_respiratory,576
2018,NUMBER,_T,diseases_of_the_respiratory,626
2019,NUMBER,_T,diseases_of_the_respiratory,596
2020,NUMBER,_T,diseases_of_the_respiratory,631
2021,NUMBER,_T,diseases_of_the_respiratory,640
2022,NUMBER,_T,diseases_of_the_respiratory,567
2003,NUMBER,_T,diseases_of_the_digestive,352
2004,NUMBER,_T,diseases_of_the_digestive,347
2005,NUMBER,_T,diseases_of_the_digestive,343
2006,NUMBER,_T,diseases_of_the_digestive,379
2007,NUMBER,_T,diseases_of_the_digestive,396
2008,NUMBER,_T,diseases_of_the_digestive,366
2009,NUMBER,_T,diseases_of_the_digestive,371
2010,NUMBER,_T,diseases_of_the_digestive,398
2011,NUMBER,_T,diseases_of_the_digestive,391
2012,NUMBER,_T,diseases_of_the_digestive,393
2013,NUMBER,_T,diseases_of_the_digestive,402
2014,NUMBER,_T,diseases_of_the_digestive,429
2015,NUMBER,_T,diseases_of_the_digestive,440
2016,NUMBER,_T,diseases_of_the_digestive,450
2017,NUMBER,_T,diseases_of_the_digestive,413
2018,NUMBER,_T,diseases_of_the_digestive,481
2019,NUMBER,_T,diseases_of_the_digestive,419
2020,NUMBER,_T,diseases_of_the_digestive,438
2021,NUMBER,_T,diseases_of_the_digestive,400
2022,NUMBER,_T,diseases_of_the_digestive,460
2003,NUMBER,_T,diseases_of_the_skin,0
2004,NUMBER,_T,diseases_of_the_skin,3
2005,NUMBER,_T,diseases_of_the_skin,0
2006,NUMBER,_T,diseases_of_the_skin,1
2007,NUMBER,_T,diseases_of_the_skin,2
2008,NUMBER,_T,diseases_of_the_skin,2
2009,NUMBER,_T,diseases_of_the_skin,3
2010,NUMBER,_T,diseases_of_the_skin,6
2011,NUMBER,_T,diseases_of_the_skin,1
2012,NUMBER,_T,diseases_of_the_skin,4
2013,NUMBER,_T,diseases_of_the_skin,20
2014,NUMBER,_T,diseases_of_the_skin,22
2015,NUMBER,_T,diseases_of_the_skin,22
2016,NUMBER,_T,diseases_of_the_skin,21
2017,NUMBER,_T,diseases_of_the_skin,24
2018,NUMBER,_T,diseases_of_the_skin,22
2019,NUMBER,_T,diseases_of_the_skin,23
2020,NUMBER,_T,diseases_of_the_skin,30
2021,NUMBER,_T,diseases_of_the_skin,33
2022,NUMBER,_T,diseases_of_the_skin,31
2003,NUMBER,_T,diseases_of_the_musculoskeletal,6
2004,NUMBER,_T,diseases_of_the_musculoskeletal,3
2005,NUMBER,_T,diseases_of_the_musculoskeletal,12
2006,NUMBER,_T,diseases_of_the_musculoskeletal,10
2007,NUMBER,_T,diseases_of_the_musculoskeletal,13
2008,NUMBER,_T,diseases_of_the_musculoskeletal,17
2009,NUMBER,_T,diseases_of_the_musculoskeletal,13
2010,NUMBER,_T,diseases_of_the_musculoskeletal,11
2011,NUMBER,_T,diseases_of_the_musculoskeletal,18
2012,NUMBER,_T,diseases_of_the_musculoskeletal,16
2013,NUMBER,_T,diseases_of_the_musculoskeletal,28
2014,NUMBER,_T,diseases_of_the_musculoskeletal,22
2015,NUMBER,_T,diseases_of_the_musculoskeletal,30
2016,NUMBER,_T,diseases_of_the_musculoskeletal,19
2017,NUMBER,_T,diseases_of_the_musculoskeletal,17
2018,NUMBER,_T,diseases_of_the_musculoskeletal,21
2019,NUMBER,_T,diseases_of_the_musculoskeletal,13
2020,NUMBER,_T,diseases_of_the_musculoskeletal,28
2021,NUMBER,_T,diseases_of_the_musculoskeletal,8
2022,NUMBER,_T,diseases_of_the_musculoskeletal,24
2003,NUMBER,_T,diseases_of_the_genitourinary,222
2004,NUMBER,_T,diseases_of_the_genitourinary,205
2005,NUMBER,_T,diseases_of_the_genitourinary,257
2006,NUMBER,_T,diseases_of_the_genitourinary,266
2007,NUMBER,_T,diseases_of_the_genitourinary,275
2008,NUMBER,_T,diseases_of_the_genitourinary,268
2009,NUMBER,_T,diseases_of_the_genitourinary,257
2010,NUMBER,_T,diseases_of_the_genitourinary,255
2011,NUMBER,_T,diseases_of_the_genitourinary,175
2012,NUMBER,_T,diseases_of_the_genitourinary,236
2013,NUMBER,_T,diseases_of_the_genitourinary,213
2014,NUMBER,_T,diseases_of_the_genitourinary,150
2015,NUMBER,_T,diseases_of_the_genitourinary,179
2016,NUMBER,_T,diseases_of_the_genitourinary,218
2017,NUMBER,_T,diseases_of_the_genitourinary,193
2018,NUMBER,_T,diseases_of_the_genitourinary,220
2019,NUMBER,_T,diseases_of_the_genitourinary,195
2020,NUMBER,_T,diseases_of_the_genitourinary,221
2021,NUMBER,_T,diseases_of_the_genitourinary,197
2022,NUMBER,_T,diseases_of_the_genitourinary,254
2003,NUMBER,_T,pregnancy_childbirth_and_the,1
2004,NUMBER,_T,pregnancy_childbirth_and_the,0
2005,NUMBER,_T,pregnancy_childbirth_and_the,2
2006,NUMBER,_T,pregnancy_childbirth_and_the,2
2007,NUMBER,_T,pregnancy_childbirth_and_the,1
2008,NUMBER,_T,pregnancy_childbirth_and_the,1
2009,NUMBER,_T,pregnancy_childbirth_and_the,0
2010,NUMBER,_T,pregnancy_childbirth_and_the,1
2011,NUMBER,_T,pregnancy_childbirth_and_the,1
2012,NUMBER,_T,pregnancy_childbirth_and_the,0
2013,NUMBER,_T,pregnancy_childbirth_and_the,0
2014,NUMBER,_T,pregnancy_childbirth_and_the,0
2015,NUMBER,_T,pregnancy_childbirth_and_the,1
2016,NUMBER,_T,pregnancy_childbirth_and_the,1
2017,NUMBER,_T,pregnancy_childbirth_and_the,0
2018,NUMBER,_T,pregnancy_childbirth_and_the,1
2019,NUMBER,_T,pregnancy_childbirth_and_the,0
2020,NUMBER,_T,pregnancy_childbirth_and_the,3
2021,NUMBER,_T,pregnancy_childbirth_and_the,0
2022,NUMBER,_T,pregnancy_childbirth_and_the,1
2003,NUMBER,_T,certain_conditions_originating,44
2004,NUMBER,_T,certain_conditions_originating,38
2005,NUMBER,_T,certain_conditions_originating,27
2006,NUMBER,_T,certain_conditions_originating,38
2007,NUMBER,_T,certain_conditions_originating,27
2008,NUMBER,_T,certain_conditions_originating,20
2009,NUMBER,_T,certain_conditions_originating,34
2010,NUMBER,_T,certain_conditions_originating,29
2011,NUMBER,_T,certain_conditions_originating,36
2012,NUMBER,_T,certain_conditions_originating,29
2013,NUMBER,_T,certain_conditions_originating,21
2014,NUMBER,_T,certain_conditions_originating,16
2015,NUMBER,_T,certain_conditions_originating,10
2016,NUMBER,_T,certain_conditions_originating,18
2017,NUMBER,_T,certain_conditions_originating,17
2018,NUMBER,_T,certain_conditions_originating,10
2019,NUMBER,_T,certain_conditions_originating,11
2020,NUMBER,_T,certain_conditions_originating,34
2021,NUMBER,_T,certain_conditions_originating,9
2022,NUMBER,_T,certain_conditions_originating,19
2003,NUMBER,_T,congenital_malformations_deformations,10
2004,NUMBER,_T,congenital_malformations_deformations,11
2005,NUMBER,_T,congenital_malformations_deformations,14
2006,NUMBER,_T,congenital_malformations_deformations,14
2007,NUMBER,_T,congenital_malformations_deformations,14
2008,NUMBER,_T,congenital_malformations_deformations,15
2009,NUMBER,_T,congenital_malformations_deformations,20
2010,NUMBER,_T,congenital_malformations_deformations,17
2011,NUMBER,_T,congenital_malformations_deformations,9
2012,NUMBER,_T,congenital_malformations_deformations,6
2013,NUMBER,_T,congenital_malformations_deformations,10
2014,NUMBER,_T,congenital_malformations_deformations,10
2015,NUMBER,_T,congenital_malformations_deformations,7
2016,NUMBER,_T,congenital_malformations_deformations,5
2017,NUMBER,_T,congenital_malformations_deformations,5
2018,NUMBER,_T,congenital_malformations_deformations,5
2019,NUMBER,_T,congenital_malformations_deformations,4
2020,NUMBER,_T,congenital_malformations_deformations,6
2021,NUMBER,_T,congenital_malformations_deformations,5
2022,NUMBER,_T,congenital_malformations_deformations,13
2003,NUMBER,_T,symptoms_signs_and_abnormal,1612
2004,NUMBER,_T,symptoms_signs_and_abnormal,1462
2005,NUMBER,_T,symptoms_signs_and_abnormal,1249
2006,NUMBER,_T,symptoms_signs_and_abnormal,1200
2007,NUMBER,_T,symptoms_signs_and_abnormal,1288
2008,NUMBER,_T,symptoms_signs_and_abnormal,945
2009,NUMBER,_T,symptoms_signs_and_abnormal,953
2010,NUMBER,_T,symptoms_signs_and_abnormal,877
2011,NUMBER,_T,symptoms_signs_and_abnormal,681
2012,NUMBER,_T,symptoms_signs_and_abnormal,612
2013,NUMBER,_T,symptoms_signs_and_abnormal,1231
2014,NUMBER,_T,symptoms_signs_and_abnormal,1445
2015,NUMBER,_T,symptoms_signs_and_abnormal,1556
2016,NUMBER,_T,symptoms_signs_and_abnormal,1198
2017,NUMBER,_T,symptoms_signs_and_abnormal,1435
2018,NUMBER,_T,symptoms_signs_and_abnormal,1650
2019,NUMBER,_T,symptoms_signs_and_abnormal,1961
2020,NUMBER,_T,symptoms_signs_and_abnormal,1599
2021,NUMBER,_T,symptoms_signs_and_abnormal,2213
2022,NUMBER,_T,symptoms_signs_and_abnormal,2158
2003,NUMBER,_T,injuries_poisoning_and_consequences,580
2004,NUMBER,_T,injuries_poisoning_and_consequences,552
2005,NUMBER,_T,injuries_poisoning_and_consequences,618
2006,NUMBER,_T,injuries_poisoning_and_consequences,615
2007,NUMBER,_T,injuries_poisoning_and_consequences,634
2008,NUMBER,_T,injuries_poisoning_and_consequences,584
2009,NUMBER,_T,injuries_poisoning_and_consequences,581
2010,NUMBER,_T,injuries_poisoning_and_consequences,511
2011,NUMBER,_T,injuries_poisoning_and_consequences,600
2012,NUMBER,_T,injuries_poisoning_and_consequences,538
2013,NUMBER,_T,injuries_poisoning_and_consequences,504
2014,NUMBER,_T,injuries_poisoning_and_consequences,532
2015,NUMBER,_T,injuries_poisoning_and_consequences,559
2016,NUMBER,_T,injuries_poisoning_and_consequences,491
2017,NUMBER,_T,injuries_poisoning_and_consequences,474
2018,NUMBER,_T,injuries_poisoning_and_consequences,482
2019,NUMBER,_T,injuries_poisoning_and_consequences,430
2020,NUMBER,_T,injuries_poisoning_and_consequences,405
2021,NUMBER,_T,injuries_poisoning_and_consequences,448
2022,NUMBER,_T,injuries_poisoning_and_consequences,465
2003,NUMBER,_T,special_purpose_codes,0
2004,NUMBER,_T,special_purpose_codes,0
2005,NUMBER,_T,special_purpose_codes,0
2006,NUMBER,_T,special_purpose_codes,0
2007,NUMBER,_T,special_purpose_codes,0
2008,NUMBER,_T,special_purpose_codes,0
2009,NUMBER,_T,special_purpose_codes,0
2010,NUMBER,_T,special_purpose_codes,0
2011,NUMBER,_T,special_purpose_codes,0
2012,NUMBER,_T,special_purpose_codes,0
2013,NUMBER,_T,special_purpose_codes,0
2014,NUMBER,_T,special_purpose_codes,0
2015,NUMBER,_T,special_purpose_codes,0
2016,NUMBER,_T,special_purpose_codes,0
2017,NUMBER,_T,special_purpose_codes,0
2018,NUMBER,_T,special_purpose_codes,0
2019,NUMBER,_T,special_purpose_codes,0
2020,NUMBER,_T,special_purpose_codes,1592
2021,NUMBER,_T,special_purpose_codes,3846
2022,NUMBER,_T,special_purpose_codes,1312
2003,NUMBER,M,total,6804
2004,NUMBER,M,total,6735
2005,NUMBER,M,total,7239
2006,NUMBER,M,total,6904
2007,NUMBER,M,total,7302
2008,NUMBER,M,total,7058
2009,NUMBER,M,total,7099
2010,NUMBER,M,total,6935
2011,NUMBER,M,total,7001
2012,NUMBER,M,total,7064
2013,NUMBER,M,total,7237
2014,NUMBER,M,total,7386
2015,NUMBER,M,total,7640
2016,NUMBER,M,total,7198
2017,NUMBER,M,total,7363
2018,NUMBER,M,total,7449
2019,NUMBER,M,total,7753
2020,NUMBER,M,total,8613
2021,NUMBER,M,total,9943
2022,NUMBER,M,total,8469
2003,NUMBER,M,infectious_and_parasitic,59
2004,NUMBER,M,infectious_and_parasitic,75
2005,NUMBER,M,infectious_and_parasitic,78
2006,NUMBER,M,infectious_and_parasitic,73
2007,NUMBER,M,infectious_and_parasitic,70
2008,NUMBER,M,infectious_and_parasitic,72
2009,NUMBER,M,infectious_and_parasitic,75
2010,NUMBER,M,infectious_and_parasitic,72
2011,NUMBER,M,infectious_and_parasitic,79
2012,NUMBER,M,infectious_and_parasitic,69
2013,NUMBER,M,infectious_and_parasitic,73
2014,NUMBER,M,infectious_and_parasitic,80
2015,NUMBER,M,infectious_and_parasitic,92
2016,NUMBER,M,infectious_and_parasitic,104
2017,NUMBER,M,infectious_and_parasitic,85
2018,NUMBER,M,infectious_and_parasitic,109
2019,NUMBER,M,infectious_and_parasitic,119
2020,NUMBER,M,infectious_and_parasitic,87
2021,NUMBER,M,infectious_and_parasitic,86
2022,NUMBER,M,infectious_and_parasitic,115
2003,NUMBER,M,neoplasms,1461
2004,NUMBER,M,neoplasms,1402
2005,NUMBER,M,neoplasms,1581
2006,NUMBER,M,neoplasms,1536
2007,NUMBER,M,neoplasms,1624
2008,NUMBER,M,neoplasms,1658
2009,NUMBER,M,neoplasms,1661
2010,NUMBER,M,neoplasms,1595
2011,NUMBER,M,neoplasms,1684
2012,NUMBER,M,neoplasms,1754
2013,NUMBER,M,neoplasms,1859
2014,NUMBER,M,neoplasms,1801
2015,NUMBER,M,neoplasms,1783
2016,NUMBER,M,neoplasms,1739
2017,NUMBER,M,neoplasms,1759
2018,NUMBER,M,neoplasms,1729
2019,NUMBER,M,neoplasms,1705
2020,NUMBER,M,neoplasms,1622
2021,NUMBER,M,neoplasms,1558
2022,NUMBER,M,neoplasms,1519
2003,NUMBER,M,diseases_of_the_blood,6
2004,NUMBER,M,diseases_of_the_blood,2
2005,NUMBER,M,diseases_of_the_blood,5
2006,NUMBER,M,diseases_of_the_blood,2
2007,NUMBER,M,diseases_of_the_blood,6
2008,NUMBER,M,diseases_of_the_blood,3
2009,NUMBER,M,diseases_of_the_blood,4
2010,NUMBER,M,diseases_of_the_blood,5
2011,NUMBER,M,diseases_of_the_blood,7
2012,NUMBER,M,diseases_of_the_blood,9
2013,NUMBER,M,diseases_of_the_blood,8
2014,NUMBER,M,diseases_of_the_blood,2
2015,NUMBER,M,diseases_of_the_blood,9
2016,NUMBER,M,diseases_of_the_blood,9
2017,NUMBER,M,diseases_of_the_blood,3
2018,NUMBER,M,diseases_of_the_blood,18
2019,NUMBER,M,diseases_of_the_blood,8
2020,NUMBER,M,diseases_of_the_blood,12
2021,NUMBER,M,diseases_of_the_blood,7
2022,NUMBER,M,diseases_of_the_blood,9
2003,NUMBER,M,endocrine_metabolic_and_nutritional,71
2004,NUMBER,M,endocrine_metabolic_and_nutritional,68
2005,NUMBER,M,endocrine_metabolic_and_nutritional,286
2006,NUMBER,M,endocrine_metabolic_and_nutritional,306
2007,NUMBER,M,endocrine_metabolic_and_nutritional,349
2008,NUMBER,M,endocrine_metabolic_and_nutritional,310
2009,NUMBER,M,endocrine_metabolic_and_nutritional,361
2010,NUMBER,M,endocrine_metabolic_and_nutritional,289
2011,NUMBER,M,endocrine_metabolic_and_nutritional,257
2012,NUMBER,M,endocrine_metabolic_and_nutritional,211
2013,NUMBER,M,endocrine_metabolic_and_nutritional,341
2014,NUMBER,M,endocrine_metabolic_and_nutritional,411
2015,NUMBER,M,endocrine_metabolic_and_nutritional,362
2016,NUMBER,M,endocrine_metabolic_and_nutritional,313
2017,NUMBER,M,endocrine_metabolic_and_nutritional,373
2018,NUMBER,M,endocrine_metabolic_and_nutritional,386
2019,NUMBER,M,endocrine_metabolic_and_nutritional,261
2020,NUMBER,M,endocrine_metabolic_and_nutritional,340
2021,NUMBER,M,endocrine_metabolic_and_nutritional,387
2022,NUMBER,M,endocrine_metabolic_and_nutritional,435
2003,NUMBER,M,mental_and_behavioural_disorders,24
2004,NUMBER,M,mental_and_behavioural_disorders,46
2005,NUMBER,M,mental_and_behavioural_disorders,64
2006,NUMBER,M,mental_and_behavioural_disorders,67
2007,NUMBER,M,mental_and_behavioural_disorders,87
2008,NUMBER,M,mental_and_behavioural_disorders,82
2009,NUMBER,M,mental_and_behavioural_disorders,92
2010,NUMBER,M,mental_and_behavioural_disorders,73
2011,NUMBER,M,mental_and_behavioural_disorders,58
2012,NUMBER,M,mental_and_behavioural_disorders,46
2013,NUMBER,M,mental_and_behavioural_disorders,64
2014,NUMBER,M,mental_and_behavioural_disorders,63
2015,NUMBER,M,mental_and_behavioural_disorders,44
2016,NUMBER,M,mental_and_behavioural_disorders,72
2017,NUMBER,M,mental_and_behavioural_disorders,70
2018,NUMBER,M,mental_and_behavioural_disorders,55
2019,NUMBER,M,mental_and_behavioural_disorders,50
2020,NUMBER,M,mental_and_behavioural_disorders,43
2021,NUMBER,M,mental_and_behavioural_disorders,63
2022,NUMBER,M,mental_and_behavioural_disorders,94
2003,NUMBER,M,diseases_of_the_nervous,39
2004,NUMBER,M,diseases_of_the_nervous,53
2005,NUMBER,M,diseases_of_the_nervous,86
2006,NUMBER,M,diseases_of_the_nervous,111
2007,NUMBER,M,diseases_of_the_nervous,85
2008,NUMBER,M,diseases_of_the_nervous,91
2009,NUMBER,M,diseases_of_the_nervous,78
2010,NUMBER,M,diseases_of_the_nervous,76
2011,NUMBER,M,diseases_of_the_nervous,112
2012,NUMBER,M,diseases_of_the_nervous,105
2013,NUMBER,M,diseases_of_the_nervous,98
2014,NUMBER,M,diseases_of_the_nervous,97
2015,NUMBER,M,diseases_of_the_nervous,106
2016,NUMBER,M,diseases_of_the_nervous,96
2017,NUMBER,M,diseases_of_the_nervous,102
2018,NUMBER,M,diseases_of_the_nervous,82
2019,NUMBER,M,diseases_of_the_nervous,84
2020,NUMBER,M,diseases_of_the_nervous,91
2021,NUMBER,M,diseases_of_the_nervous,100
2021,NUMBER,M,diseases_of_the_nervous,90
2003,NUMBER,M,diseases_of_the_eye,0
2004,NUMBER,M,diseases_of_the_eye,0
2005,NUMBER,M,diseases_of_the_eye,0
2006,NUMBER,M,diseases_of_the_eye,0
2007,NUMBER,M,diseases_of_the_eye,0
2008,NUMBER,M,diseases_of_the_eye,0
2009,NUMBER,M,diseases_of_the_eye,0
2010,NUMBER,M,diseases_of_the_eye,0
2011,NUMBER,M,diseases_of_the_eye,0
2012,NUMBER,M,diseases_of_the_eye,0
2013,NUMBER,M,diseases_of_the_eye,0
2014,NUMBER,M,diseases_of_the_eye,0
2015,NUMBER,M,diseases_of_the_eye,0
2016,NUMBER,M,diseases_of_the_eye,0
2017,NUMBER,M,diseases_of_the_eye,0
2018,NUMBER,M,diseases_of_the_eye,0
2019,NUMBER,M,diseases_of_the_eye,0
2020,NUMBER,M,diseases_of_the_eye,0
2021,NUMBER,M,diseases_of_the_eye,0
2022,NUMBER,M,diseases_of_the_eye,0
2003,NUMBER,M,diseases_of_the_ear,0
2004,NUMBER,M,diseases_of_the_ear,0
2005,NUMBER,M,diseases_of_the_ear,1
2006,NUMBER,M,diseases_of_the_ear,0
2007,NUMBER,M,diseases_of_the_ear,1
2008,NUMBER,M,diseases_of_the_ear,0
2009,NUMBER,M,diseases_of_the_ear,0
2010,NUMBER,M,diseases_of_the_ear,0
2011,NUMBER,M,diseases_of_the_ear,0
2012,NUMBER,M,diseases_of_the_ear,0
2013,NUMBER,M,diseases_of_the_ear,0
2014,NUMBER,M,diseases_of_the_ear,0
2015,NUMBER,M,diseases_of_the_ear,0
2016,NUMBER,M,diseases_of_the_ear,0
2017,NUMBER,M,diseases_of_the_ear,0
2018,NUMBER,M,diseases_of_the_ear,0
2019,NUMBER,M,diseases_of_the_ear,0
2020,NUMBER,M,diseases_of_the_ear,0
2021,NUMBER,M,diseases_of_the_ear,0
2022,NUMBER,M,diseases_of_the_ear,0
2003,NUMBER,M,diseases_of_the_circulatory,3323
2004,NUMBER,M,diseases_of_the_circulatory,3383
2005,NUMBER,M,diseases_of_the_circulatory,3325
2006,NUMBER,M,diseases_of_the_circulatory,3005
2007,NUMBER,M,diseases_of_the_circulatory,3233
2008,NUMBER,M,diseases_of_the_circulatory,3209
2009,NUMBER,M,diseases_of_the_circulatory,3271
2010,NUMBER,M,diseases_of_the_circulatory,3285
2011,NUMBER,M,diseases_of_the_circulatory,3330
2012,NUMBER,M,diseases_of_the_circulatory,3516
2013,NUMBER,M,diseases_of_the_circulatory,3062
2014,NUMBER,M,diseases_of_the_circulatory,3142
2015,NUMBER,M,diseases_of_the_circulatory,3311
2016,NUMBER,M,diseases_of_the_circulatory,3177
2017,NUMBER,M,diseases_of_the_circulatory,3220
2018,NUMBER,M,diseases_of_the_circulatory,3084
2019,NUMBER,M,diseases_of_the_circulatory,3440
2020,NUMBER,M,diseases_of_the_circulatory,3452
2021,NUMBER,M,diseases_of_the_circulatory,3261
2022,NUMBER,M,diseases_of_the_circulatory,3175
2003,NUMBER,M,diseases_of_the_respiratory,184
2004,NUMBER,M,diseases_of_the_respiratory,211
2005,NUMBER,M,diseases_of_the_respiratory,284
2006,NUMBER,M,diseases_of_the_respiratory,292
2007,NUMBER,M,diseases_of_the_respiratory,282
2008,NUMBER,M,diseases_of_the_respiratory,276
2009,NUMBER,M,diseases_of_the_respiratory,254
2010,NUMBER,M,diseases_of_the_respiratory,277
2011,NUMBER,M,diseases_of_the_respiratory,303
2012,NUMBER,M,diseases_of_the_respiratory,263
2013,NUMBER,M,diseases_of_the_respiratory,334
2014,NUMBER,M,diseases_of_the_respiratory,315
2015,NUMBER,M,diseases_of_the_respiratory,370
2016,NUMBER,M,diseases_of_the_respiratory,306
2017,NUMBER,M,diseases_of_the_respiratory,333
2018,NUMBER,M,diseases_of_the_respiratory,344
2019,NUMBER,M,diseases_of_the_respiratory,338
2020,NUMBER,M,diseases_of_the_respiratory,377
2021,NUMBER,M,diseases_of_the_respiratory,369
2022,NUMBER,M,diseases_of_the_respiratory,311
2003,NUMBER,M,diseases_of_the_digestive,216
2004,NUMBER,M,diseases_of_the_digestive,206
2005,NUMBER,M,diseases_of_the_digestive,219
2006,NUMBER,M,diseases_of_the_digestive,233
2007,NUMBER,M,diseases_of_the_digestive,249
2008,NUMBER,M,diseases_of_the_digestive,235
2009,NUMBER,M,diseases_of_the_digestive,223
2010,NUMBER,M,diseases_of_the_digestive,242
2011,NUMBER,M,diseases_of_the_digestive,255
2012,NUMBER,M,diseases_of_the_digestive,248
2013,NUMBER,M,diseases_of_the_digestive,219
2014,NUMBER,M,diseases_of_the_digestive,241
2015,NUMBER,M,diseases_of_the_digestive,249
2016,NUMBER,M,diseases_of_the_digestive,265
2017,NUMBER,M,diseases_of_the_digestive,229
2018,NUMBER,M,diseases_of_the_digestive,290
2019,NUMBER,M,diseases_of_the_digestive,239
2020,NUMBER,M,diseases_of_the_digestive,269
2021,NUMBER,M,diseases_of_the_digestive,244
2022,NUMBER,M,diseases_of_the_digestive,286
2003,NUMBER,M,diseases_of_the_skin,0
2004,NUMBER,M,diseases_of_the_skin,0
2005,NUMBER,M,diseases_of_the_skin,0
2006,NUMBER,M,diseases_of_the_skin,0
2007,NUMBER,M,diseases_of_the_skin,0
2008,NUMBER,M,diseases_of_the_skin,0
2009,NUMBER,M,diseases_of_the_skin,1
2010,NUMBER,M,diseases_of_the_skin,4
2011,NUMBER,M,diseases_of_the_skin,0
2012,NUMBER,M,diseases_of_the_skin,3
2013,NUMBER,M,diseases_of_the_skin,9
2014,NUMBER,M,diseases_of_the_skin,13
2015,NUMBER,M,diseases_of_the_skin,7
2016,NUMBER,M,diseases_of_the_skin,7
2017,NUMBER,M,diseases_of_the_skin,5
2018,NUMBER,M,diseases_of_the_skin,12
2019,NUMBER,M,diseases_of_the_skin,7
2020,NUMBER,M,diseases_of_the_skin,13
2021,NUMBER,M,diseases_of_the_skin,12
2022,NUMBER,M,diseases_of_the_skin,13
2003,NUMBER,M,diseases_of_the_musculoskeletal,3
2004,NUMBER,M,diseases_of_the_musculoskeletal,1
2005,NUMBER,M,diseases_of_the_musculoskeletal,5
2006,NUMBER,M,diseases_of_the_musculoskeletal,1
2007,NUMBER,M,diseases_of_the_musculoskeletal,4
2008,NUMBER,M,diseases_of_the_musculoskeletal,3
2009,NUMBER,M,diseases_of_the_musculoskeletal,2
2010,NUMBER,M,diseases_of_the_musculoskeletal,3
2011,NUMBER,M,diseases_of_the_musculoskeletal,4
2012,NUMBER,M,diseases_of_the_musculoskeletal,4
2013,NUMBER,M,diseases_of_the_musculoskeletal,9
2014,NUMBER,M,diseases_of_the_musculoskeletal,8
2015,NUMBER,M,diseases_of_the_musculoskeletal,12
2016,NUMBER,M,diseases_of_the_musculoskeletal,6
2017,NUMBER,M,diseases_of_the_musculoskeletal,8
2018,NUMBER,M,diseases_of_the_musculoskeletal,4
2019,NUMBER,M,diseases_of_the_musculoskeletal,4
2020,NUMBER,M,diseases_of_the_musculoskeletal,7
2021,NUMBER,M,diseases_of_the_musculoskeletal,5
2022,NUMBER,M,diseases_of_the_musculoskeletal,11
2003,NUMBER,M,diseases_of_the_genitourinary,123
2004,NUMBER,M,diseases_of_the_genitourinary,113
2005,NUMBER,M,diseases_of_the_genitourinary,160
2006,NUMBER,M,diseases_of_the_genitourinary,152
2007,NUMBER,M,diseases_of_the_genitourinary,163
2008,NUMBER,M,diseases_of_the_genitourinary,155
2009,NUMBER,M,diseases_of_the_genitourinary,139
2010,NUMBER,M,diseases_of_the_genitourinary,140
2011,NUMBER,M,diseases_of_the_genitourinary,101
2012,NUMBER,M,diseases_of_the_genitourinary,116
2013,NUMBER,M,diseases_of_the_genitourinary,121
2014,NUMBER,M,diseases_of_the_genitourinary,73
2015,NUMBER,M,diseases_of_the_genitourinary,93
2016,NUMBER,M,diseases_of_the_genitourinary,117
2017,NUMBER,M,diseases_of_the_genitourinary,96
2018,NUMBER,M,diseases_of_the_genitourinary,117
2019,NUMBER,M,diseases_of_the_genitourinary,104
2020,NUMBER,M,diseases_of_the_genitourinary,113
2021,NUMBER,M,diseases_of_the_genitourinary,107
2022,NUMBER,M,diseases_of_the_genitourinary,129
2003,NUMBER,M,certain_conditions_originating,23
2004,NUMBER,M,certain_conditions_originating,28
2005,NUMBER,M,certain_conditions_originating,17
2006,NUMBER,M,certain_conditions_originating,26
2007,NUMBER,M,certain_conditions_originating,15
2008,NUMBER,M,certain_conditions_originating,12
2009,NUMBER,M,certain_conditions_originating,22
2010,NUMBER,M,certain_conditions_originating,13
2011,NUMBER,M,certain_conditions_originating,20
2012,NUMBER,M,certain_conditions_originating,18
2013,NUMBER,M,certain_conditions_originating,13
2014,NUMBER,M,certain_conditions_originating,7
2015,NUMBER,M,certain_conditions_originating,2
2016,NUMBER,M,certain_conditions_originating,13
2017,NUMBER,M,certain_conditions_originating,7
2018,NUMBER,M,certain_conditions_originating,3
2019,NUMBER,M,certain_conditions_originating,6
2020,NUMBER,M,certain_conditions_originating,16
2021,NUMBER,M,certain_conditions_originating,5
2022,NUMBER,M,certain_conditions_originating,12
2003,NUMBER,M,congenital_malformations_deformations,7
2004,NUMBER,M,congenital_malformations_deformations,10
2005,NUMBER,M,congenital_malformations_deformations,6
2006,NUMBER,M,congenital_malformations_deformations,7
2007,NUMBER,M,congenital_malformations_deformations,8
2008,NUMBER,M,congenital_malformations_deformations,5
2009,NUMBER,M,congenital_malformations_deformations,7
2010,NUMBER,M,congenital_malformations_deformations,10
2011,NUMBER,M,congenital_malformations_deformations,7
2012,NUMBER,M,congenital_malformations_deformations,5
2013,NUMBER,M,congenital_malformations_deformations,7
2014,NUMBER,M,congenital_malformations_deformations,3
2015,NUMBER,M,congenital_malformations_deformations,3
2016,NUMBER,M,congenital_malformations_deformations,3
2017,NUMBER,M,congenital_malformations_deformations,4
2018,NUMBER,M,congenital_malformations_deformations,2
2019,NUMBER,M,congenital_malformations_deformations,0
2020,NUMBER,M,congenital_malformations_deformations,3
2021,NUMBER,M,congenital_malformations_deformations,5
2022,NUMBER,M,congenital_malformations_deformations,11
2003,NUMBER,M,symptoms_signs_and_abnormal,821
2004,NUMBER,M,symptoms_signs_and_abnormal,726
2005,NUMBER,M,symptoms_signs_and_abnormal,659
2006,NUMBER,M,symptoms_signs_and_abnormal,627
2007,NUMBER,M,symptoms_signs_and_abnormal,638
2008,NUMBER,M,symptoms_signs_and_abnormal,496
2009,NUMBER,M,symptoms_signs_and_abnormal,485
2010,NUMBER,M,symptoms_signs_and_abnormal,446
2011,NUMBER,M,symptoms_signs_and_abnormal,302
2012,NUMBER,M,symptoms_signs_and_abnormal,277
2013,NUMBER,M,symptoms_signs_and_abnormal,643
2014,NUMBER,M,symptoms_signs_and_abnormal,718
2015,NUMBER,M,symptoms_signs_and_abnormal,780
2016,NUMBER,M,symptoms_signs_and_abnormal,598
2017,NUMBER,M,symptoms_signs_and_abnormal,720
2018,NUMBER,M,symptoms_signs_and_abnormal,844
2019,NUMBER,M,symptoms_signs_and_abnormal,1048
2020,NUMBER,M,symptoms_signs_and_abnormal,834
2021,NUMBER,M,symptoms_signs_and_abnormal,1187
2022,NUMBER,M,symptoms_signs_and_abnormal,1167
2003,NUMBER,M,injuries_poisoning_and_consequences,444
2004,NUMBER,M,injuries_poisoning_and_consequences,411
2005,NUMBER,M,injuries_poisoning_and_consequences,463
2006,NUMBER,M,injuries_poisoning_and_consequences,466
2007,NUMBER,M,injuries_poisoning_and_consequences,488
2008,NUMBER,M,injuries_poisoning_and_consequences,451
2009,NUMBER,M,injuries_poisoning_and_consequences,424
2010,NUMBER,M,injuries_poisoning_and_consequences,405
2011,NUMBER,M,injuries_poisoning_and_consequences,482
2012,NUMBER,M,injuries_poisoning_and_consequences,420
2013,NUMBER,M,injuries_poisoning_and_consequences,377
2014,NUMBER,M,injuries_poisoning_and_consequences,412
2015,NUMBER,M,injuries_poisoning_and_consequences,417
2016,NUMBER,M,injuries_poisoning_and_consequences,373
2017,NUMBER,M,injuries_poisoning_and_consequences,349
2018,NUMBER,M,injuries_poisoning_and_consequences,370
2019,NUMBER,M,injuries_poisoning_and_consequences,340
2020,NUMBER,M,injuries_poisoning_and_consequences,304
2021,NUMBER,M,injuries_poisoning_and_consequences,334
2022,NUMBER,M,injuries_poisoning_and_consequences,338
2003,NUMBER,M,special_purpose_codes,0
2004,NUMBER,M,special_purpose_codes,0
2005,NUMBER,M,special_purpose_codes,0
2006,NUMBER,M,special_purpose_codes,0
2007,NUMBER,M,special_purpose_codes,0
2008,NUMBER,M,special_purpose_codes,0
2009,NUMBER,M,special_purpose_codes,0
2010,NUMBER,M,special_purpose_codes,0
2011,NUMBER,M,special_purpose_codes,0
2012,NUMBER,M,special_purpose_codes,0
2013,NUMBER,M,special_purpose_codes,0
2014,NUMBER,M,special_purpose_codes,0
2015,NUMBER,M,special_purpose_codes,0
2016,NUMBER,M,special_purpose_codes,0
2017,NUMBER,M,special_purpose_codes,0
2018,NUMBER,M,special_purpose_codes,0
2019,NUMBER,M,special_purpose_codes,0
2020,NUMBER,M,special_purpose_codes,1030
2021,NUMBER,M,special_purpose_codes,2213
2022,NUMBER,M,special_purpose_codes,754
2003,NUMBER,F,total,6184
2004,NUMBER,F,total,6347
2005,NUMBER,F,total,6563
2006,NUMBER,F,total,6328
2007,NUMBER,F,total,6844
2008,NUMBER,F,total,6443
2009,NUMBER,F,total,6676
2010,NUMBER,F,total,6582
2011,NUMBER,F,total,6657
2012,NUMBER,F,total,6732
2013,NUMBER,F,total,6741
2014,NUMBER,F,total,7023
2015,NUMBER,F,total,7419
2016,NUMBER,F,total,6772
2017,NUMBER,F,total,7300
2018,NUMBER,F,total,7314
2019,NUMBER,F,total,7328
2020,NUMBER,F,total,7969
2021,NUMBER,F,total,9059
2022,NUMBER,F,total,7794
2003,NUMBER,F,infectious_and_parasitic,30
2004,NUMBER,F,infectious_and_parasitic,49
2005,NUMBER,F,infectious_and_parasitic,50
2006,NUMBER,F,infectious_and_parasitic,38
2007,NUMBER,F,infectious_and_parasitic,33
2008,NUMBER,F,infectious_and_parasitic,46
2009,NUMBER,F,infectious_and_parasitic,43
2010,NUMBER,F,infectious_and_parasitic,37
2011,NUMBER,F,infectious_and_parasitic,38
2012,NUMBER,F,infectious_and_parasitic,66
2013,NUMBER,F,infectious_and_parasitic,47
2014,NUMBER,F,infectious_and_parasitic,56
2015,NUMBER,F,infectious_and_parasitic,67
2016,NUMBER,F,infectious_and_parasitic,83
2017,NUMBER,F,infectious_and_parasitic,62
2018,NUMBER,F,infectious_and_parasitic,75
2019,NUMBER,F,infectious_and_parasitic,81
2020,NUMBER,F,infectious_and_parasitic,75
2021,NUMBER,F,infectious_and_parasitic,54
2022,NUMBER,F,infectious_and_parasitic,96
2003,NUMBER,F,neoplasms,950
2004,NUMBER,F,neoplasms,928
2005,NUMBER,F,neoplasms,1072
2006,NUMBER,F,neoplasms,1015
2007,NUMBER,F,neoplasms,1109
2008,NUMBER,F,neoplasms,1075
2009,NUMBER,F,neoplasms,1161
2010,NUMBER,F,neoplasms,1105
2011,NUMBER,F,neoplasms,1118
2012,NUMBER,F,neoplasms,1183
2013,NUMBER,F,neoplasms,1231
2014,NUMBER,F,neoplasms,1353
2015,NUMBER,F,neoplasms,1355
2016,NUMBER,F,neoplasms,1209
2017,NUMBER,F,neoplasms,1268
2018,NUMBER,F,neoplasms,1209
2019,NUMBER,F,neoplasms,1186
2020,NUMBER,F,neoplasms,1097
2021,NUMBER,F,neoplasms,1065
2022,NUMBER,F,neoplasms,1116
2003,NUMBER,F,diseases_of_the_blood,2
2004,NUMBER,F,diseases_of_the_blood,11
2005,NUMBER,F,diseases_of_the_blood,10
2006,NUMBER,F,diseases_of_the_blood,4
2007,NUMBER,F,diseases_of_the_blood,10
2008,NUMBER,F,diseases_of_the_blood,5
2009,NUMBER,F,diseases_of_the_blood,9
2010,NUMBER,F,diseases_of_the_blood,10
2011,NUMBER,F,diseases_of_the_blood,10
2012,NUMBER,F,diseases_of_the_blood,6
2013,NUMBER,F,diseases_of_the_blood,8
2014,NUMBER,F,diseases_of_the_blood,8
2015,NUMBER,F,diseases_of_the_blood,10
2016,NUMBER,F,diseases_of_the_blood,15
2017,NUMBER,F,diseases_of_the_blood,17
2018,NUMBER,F,diseases_of_the_blood,18
2019,NUMBER,F,diseases_of_the_blood,16
2020,NUMBER,F,diseases_of_the_blood,15
2021,NUMBER,F,diseases_of_the_blood,15
2022,NUMBER,F,diseases_of_the_blood,19
2003,NUMBER,F,endocrine_metabolic_and_nutritional,109
2004,NUMBER,F,endocrine_metabolic_and_nutritional,92
2005,NUMBER,F,endocrine_metabolic_and_nutritional,441
2006,NUMBER,F,endocrine_metabolic_and_nutritional,484
2007,NUMBER,F,endocrine_metabolic_and_nutritional,442
2008,NUMBER,F,endocrine_metabolic_and_nutritional,454
2009,NUMBER,F,endocrine_metabolic_and_nutritional,530
2010,NUMBER,F,endocrine_metabolic_and_nutritional,402
2011,NUMBER,F,endocrine_metabolic_and_nutritional,397
2012,NUMBER,F,endocrine_metabolic_and_nutritional,350
2013,NUMBER,F,endocrine_metabolic_and_nutritional,459
2014,NUMBER,F,endocrine_metabolic_and_nutritional,501
2015,NUMBER,F,endocrine_metabolic_and_nutritional,400
2016,NUMBER,F,endocrine_metabolic_and_nutritional,378
2017,NUMBER,F,endocrine_metabolic_and_nutritional,452
2018,NUMBER,F,endocrine_metabolic_and_nutritional,458
2019,NUMBER,F,endocrine_metabolic_and_nutritional,343
2020,NUMBER,F,endocrine_metabolic_and_nutritional,485
2021,NUMBER,F,endocrine_metabolic_and_nutritional,534
2022,NUMBER,F,endocrine_metabolic_and_nutritional,559
2003,NUMBER,F,mental_and_behavioural_disorders,9
2004,NUMBER,F,mental_and_behavioural_disorders,12
2005,NUMBER,F,mental_and_behavioural_disorders,16
2006,NUMBER,F,mental_and_behavioural_disorders,15
2007,NUMBER,F,mental_and_behavioural_disorders,20
2008,NUMBER,F,mental_and_behavioural_disorders,19
2009,NUMBER,F,mental_and_behavioural_disorders,30
2010,NUMBER,F,mental_and_behavioural_disorders,11
2011,NUMBER,F,mental_and_behavioural_disorders,14
2012,NUMBER,F,mental_and_behavioural_disorders,12
2013,NUMBER,F,mental_and_behavioural_disorders,31
2014,NUMBER,F,mental_and_behavioural_disorders,21
2015,NUMBER,F,mental_and_behavioural_disorders,28
2016,NUMBER,F,mental_and_behavioural_disorders,26
2017,NUMBER,F,mental_and_behavioural_disorders,43
2018,NUMBER,F,mental_and_behavioural_disorders,30
2019,NUMBER,F,mental_and_behavioural_disorders,22
2020,NUMBER,F,mental_and_behavioural_disorders,29
2021,NUMBER,F,mental_and_behavioural_disorders,44
2022,NUMBER,F,mental_and_behavioural_disorders,38
2003,NUMBER,F,diseases_of_the_nervous,26
2004,NUMBER,F,diseases_of_the_nervous,38
2005,NUMBER,F,diseases_of_the_nervous,84
2006,NUMBER,F,diseases_of_the_nervous,73
2007,NUMBER,F,diseases_of_the_nervous,70
2008,NUMBER,F,diseases_of_the_nervous,55
2009,NUMBER,F,diseases_of_the_nervous,55
2010,NUMBER,F,diseases_of_the_nervous,76
2011,NUMBER,F,diseases_of_the_nervous,97
2012,NUMBER,F,diseases_of_the_nervous,102
2013,NUMBER,F,diseases_of_the_nervous,87
2014,NUMBER,F,diseases_of_the_nervous,89
2015,NUMBER,F,diseases_of_the_nervous,106
2016,NUMBER,F,diseases_of_the_nervous,75
2017,NUMBER,F,diseases_of_the_nervous,95
2018,NUMBER,F,diseases_of_the_nervous,87
2019,NUMBER,F,diseases_of_the_nervous,81
2020,NUMBER,F,diseases_of_the_nervous,97
2021,NUMBER,F,diseases_of_the_nervous,73
2022,NUMBER,F,diseases_of_the_nervous,78
2003,NUMBER,F,diseases_of_the_eye,0
2004,NUMBER,F,diseases_of_the_eye,0
2005,NUMBER,F,diseases_of_the_eye,0
2006,NUMBER,F,diseases_of_the_eye,0
2007,NUMBER,F,diseases_of_the_eye,0
2008,NUMBER,F,diseases_of_the_eye,0
2009,NUMBER,F,diseases_of_the_eye,0
2010,NUMBER,F,diseases_of_the_eye,0
2011,NUMBER,F,diseases_of_the_eye,0
2012,NUMBER,F,diseases_of_the_eye,0
2013,NUMBER,F,diseases_of_the_eye,0
2014,NUMBER,F,diseases_of_the_eye,0
2015,NUMBER,F,diseases_of_the_eye,0
2016,NUMBER,F,diseases_of_the_eye,0
2017,NUMBER,F,diseases_of_the_eye,0
2018,NUMBER,F,diseases_of_the_eye,0
2019,NUMBER,F,diseases_of_the_eye,0
2020,NUMBER,F,diseases_of_the_eye,0
2021,NUMBER,F,diseases_of_the_eye,0
2022,NUMBER,F,diseases_of_the_eye,0
2003,NUMBER,F,diseases_of_the_ear,0
2004,NUMBER,F,diseases_of_the_ear,0
2005,NUMBER,F,diseases_of_the_ear,0
2006,NUMBER,F,diseases_of_the_ear,0
2007,NUMBER,F,diseases_of_the_ear,0
2008,NUMBER,F,diseases_of_the_ear,0
2009,NUMBER,F,diseases_of_the_ear,0
2010,NUMBER,F,diseases_of_the_ear,0
2011,NUMBER,F,diseases_of_the_ear,0
2012,NUMBER,F,diseases_of_the_ear,0
2013,NUMBER,F,diseases_of_the_ear,0
2014,NUMBER,F,diseases_of_the_ear,0
2015,NUMBER,F,diseases_of_the_ear,0
2016,NUMBER,F,diseases_of_the_ear,0
2017,NUMBER,F,diseases_of_the_ear,0
2018,NUMBER,F,diseases_of_the_ear,0
2019,NUMBER,F,diseases_of_the_ear,0
2020,NUMBER,F,diseases_of_the_ear,0
2021,NUMBER,F,diseases_of_the_ear,0
2022,NUMBER,F,diseases_of_the_ear,0
2003,NUMBER,F,diseases_of_the_circulatory,3748
2004,NUMBER,F,diseases_of_the_circulatory,3957
2005,NUMBER,F,diseases_of_the_circulatory,3677
2006,NUMBER,F,diseases_of_the_circulatory,3458
2007,NUMBER,F,diseases_of_the_circulatory,3864
2008,NUMBER,F,diseases_of_the_circulatory,3756
2009,NUMBER,F,diseases_of_the_circulatory,3743
2010,NUMBER,F,diseases_of_the_circulatory,3926
2011,NUMBER,F,diseases_of_the_circulatory,4009
2012,NUMBER,F,diseases_of_the_circulatory,4109
2013,NUMBER,F,diseases_of_the_circulatory,3625
2014,NUMBER,F,diseases_of_the_circulatory,3635
2015,NUMBER,F,diseases_of_the_circulatory,3964
2016,NUMBER,F,diseases_of_the_circulatory,3743
2017,NUMBER,F,diseases_of_the_circulatory,3960
2018,NUMBER,F,diseases_of_the_circulatory,3905
2019,NUMBER,F,diseases_of_the_circulatory,4033
2020,NUMBER,F,diseases_of_the_circulatory,4150
2021,NUMBER,F,diseases_of_the_circulatory,3956
2022,NUMBER,F,diseases_of_the_circulatory,3616
2003,NUMBER,F,diseases_of_the_respiratory,120
2004,NUMBER,F,diseases_of_the_respiratory,134
2005,NUMBER,F,diseases_of_the_respiratory,220
2006,NUMBER,F,diseases_of_the_respiratory,228
2007,NUMBER,F,diseases_of_the_respiratory,211
2008,NUMBER,F,diseases_of_the_respiratory,173
2009,NUMBER,F,diseases_of_the_respiratory,176
2010,NUMBER,F,diseases_of_the_respiratory,173
2011,NUMBER,F,diseases_of_the_respiratory,233
2012,NUMBER,F,diseases_of_the_respiratory,161
2013,NUMBER,F,diseases_of_the_respiratory,222
2014,NUMBER,F,diseases_of_the_respiratory,209
2015,NUMBER,F,diseases_of_the_respiratory,248
2016,NUMBER,F,diseases_of_the_respiratory,204
2017,NUMBER,F,diseases_of_the_respiratory,243
2018,NUMBER,F,diseases_of_the_respiratory,282
2019,NUMBER,F,diseases_of_the_respiratory,258
2020,NUMBER,F,diseases_of_the_respiratory,254
2021,NUMBER,F,diseases_of_the_respiratory,271
2022,NUMBER,F,diseases_of_the_respiratory,256
2003,NUMBER,F,diseases_of_the_digestive,136
2004,NUMBER,F,diseases_of_the_digestive,141
2005,NUMBER,F,diseases_of_the_digestive,124
2006,NUMBER,F,diseases_of_the_digestive,146
2007,NUMBER,F,diseases_of_the_digestive,147
2008,NUMBER,F,diseases_of_the_digestive,131
2009,NUMBER,F,diseases_of_the_digestive,148
2010,NUMBER,F,diseases_of_the_digestive,156
2011,NUMBER,F,diseases_of_the_digestive,136
2012,NUMBER,F,diseases_of_the_digestive,145
2013,NUMBER,F,diseases_of_the_digestive,183
2014,NUMBER,F,diseases_of_the_digestive,188
2015,NUMBER,F,diseases_of_the_digestive,191
2016,NUMBER,F,diseases_of_the_digestive,185
2017,NUMBER,F,diseases_of_the_digestive,184
2018,NUMBER,F,diseases_of_the_digestive,191
2019,NUMBER,F,diseases_of_the_digestive,180
2020,NUMBER,F,diseases_of_the_digestive,169
2021,NUMBER,F,diseases_of_the_digestive,156
2022,NUMBER,F,diseases_of_the_digestive,174
2003,NUMBER,F,diseases_of_the_skin,0
2004,NUMBER,F,diseases_of_the_skin,3
2005,NUMBER,F,diseases_of_the_skin,0
2006,NUMBER,F,diseases_of_the_skin,1
2007,NUMBER,F,diseases_of_the_skin,2
2008,NUMBER,F,diseases_of_the_skin,2
2009,NUMBER,F,diseases_of_the_skin,2
2010,NUMBER,F,diseases_of_the_skin,2
2011,NUMBER,F,diseases_of_the_skin,1
2012,NUMBER,F,diseases_of_the_skin,1
2013,NUMBER,F,diseases_of_the_skin,11
2014,NUMBER,F,diseases_of_the_skin,9
2015,NUMBER,F,diseases_of_the_skin,15
2016,NUMBER,F,diseases_of_the_skin,14
2017,NUMBER,F,diseases_of_the_skin,19
2018,NUMBER,F,diseases_of_the_skin,10
2019,NUMBER,F,diseases_of_the_skin,16
2020,NUMBER,F,diseases_of_the_skin,17
2021,NUMBER,F,diseases_of_the_skin,21
2022,NUMBER,F,diseases_of_the_skin,18
2003,NUMBER,F,diseases_of_the_musculoskeletal,3
2004,NUMBER,F,diseases_of_the_musculoskeletal,2
2005,NUMBER,F,diseases_of_the_musculoskeletal,7
2006,NUMBER,F,diseases_of_the_musculoskeletal,9
2007,NUMBER,F,diseases_of_the_musculoskeletal,9
2008,NUMBER,F,diseases_of_the_musculoskeletal,14
2009,NUMBER,F,diseases_of_the_musculoskeletal,11
2010,NUMBER,F,diseases_of_the_musculoskeletal,8
2011,NUMBER,F,diseases_of_the_musculoskeletal,14
2012,NUMBER,F,diseases_of_the_musculoskeletal,12
2013,NUMBER,F,diseases_of_the_musculoskeletal,19
2014,NUMBER,F,diseases_of_the_musculoskeletal,14
2015,NUMBER,F,diseases_of_the_musculoskeletal,18
2016,NUMBER,F,diseases_of_the_musculoskeletal,13
2017,NUMBER,F,diseases_of_the_musculoskeletal,9
2018,NUMBER,F,diseases_of_the_musculoskeletal,17
2019,NUMBER,F,diseases_of_the_musculoskeletal,9
2020,NUMBER,F,diseases_of_the_musculoskeletal,21
2021,NUMBER,F,diseases_of_the_musculoskeletal,3
2022,NUMBER,F,diseases_of_the_musculoskeletal,13
2003,NUMBER,F,diseases_of_the_genitourinary,99
2004,NUMBER,F,diseases_of_the_genitourinary,92
2005,NUMBER,F,diseases_of_the_genitourinary,97
2006,NUMBER,F,diseases_of_the_genitourinary,114
2007,NUMBER,F,diseases_of_the_genitourinary,112
2008,NUMBER,F,diseases_of_the_genitourinary,113
2009,NUMBER,F,diseases_of_the_genitourinary,118
2010,NUMBER,F,diseases_of_the_genitourinary,115
2011,NUMBER,F,diseases_of_the_genitourinary,74
2012,NUMBER,F,diseases_of_the_genitourinary,120
2013,NUMBER,F,diseases_of_the_genitourinary,92
2014,NUMBER,F,diseases_of_the_genitourinary,77
2015,NUMBER,F,diseases_of_the_genitourinary,86
2016,NUMBER,F,diseases_of_the_genitourinary,101
2017,NUMBER,F,diseases_of_the_genitourinary,97
2018,NUMBER,F,diseases_of_the_genitourinary,103
2019,NUMBER,F,diseases_of_the_genitourinary,91
2020,NUMBER,F,diseases_of_the_genitourinary,108
2021,NUMBER,F,diseases_of_the_genitourinary,90
2022,NUMBER,F,diseases_of_the_genitourinary,125
2003,NUMBER,F,pregnancy_childbirth_and_the,1
2004,NUMBER,F,pregnancy_childbirth_and_the,0
2005,NUMBER,F,pregnancy_childbirth_and_the,2
2006,NUMBER,F,pregnancy_childbirth_and_the,2
2007,NUMBER,F,pregnancy_childbirth_and_the,1
2008,NUMBER,F,pregnancy_childbirth_and_the,1
2009,NUMBER,F,pregnancy_childbirth_and_the,0
2010,NUMBER,F,pregnancy_childbirth_and_the,1
2011,NUMBER,F,pregnancy_childbirth_and_the,1
2012,NUMBER,F,pregnancy_childbirth_and_the,0
2013,NUMBER,F,pregnancy_childbirth_and_the,0
2014,NUMBER,F,pregnancy_childbirth_and_the,0
2015,NUMBER,F,pregnancy_childbirth_and_the,1
2016,NUMBER,F,pregnancy_childbirth_and_the,1
2017,NUMBER,F,pregnancy_childbirth_and_the,0
2018,NUMBER,F,pregnancy_childbirth_and_the,1
2019,NUMBER,F,pregnancy_childbirth_and_the,0
2020,NUMBER,F,pregnancy_childbirth_and_the,3
2021,NUMBER,F,pregnancy_childbirth_and_the,0
2022,NUMBER,F,pregnancy_childbirth_and_the,1
2003,NUMBER,F,certain_conditions_originating,21
2004,NUMBER,F,certain_conditions_originating,10
2005,NUMBER,F,certain_conditions_originating,10
2006,NUMBER,F,certain_conditions_originating,12
2007,NUMBER,F,certain_conditions_originating,12
2008,NUMBER,F,certain_conditions_originating,8
2009,NUMBER,F,certain_conditions_originating,12
2010,NUMBER,F,certain_conditions_originating,16
2011,NUMBER,F,certain_conditions_originating,16
2012,NUMBER,F,certain_conditions_originating,11
2013,NUMBER,F,certain_conditions_originating,8
2014,NUMBER,F,certain_conditions_originating,9
2015,NUMBER,F,certain_conditions_originating,8
2016,NUMBER,F,certain_conditions_originating,5
2017,NUMBER,F,certain_conditions_originating,10
2018,NUMBER,F,certain_conditions_originating,7
2019,NUMBER,F,certain_conditions_originating,5
2020,NUMBER,F,certain_conditions_originating,18
2021,NUMBER,F,certain_conditions_originating,4
2022,NUMBER,F,certain_conditions_originating,7
2003,NUMBER,F,congenital_malformations_deformations,3
2004,NUMBER,F,congenital_malformations_deformations,1
2005,NUMBER,F,congenital_malformations_deformations,8
2006,NUMBER,F,congenital_malformations_deformations,7
2007,NUMBER,F,congenital_malformations_deformations,6
2008,NUMBER,F,congenital_malformations_deformations,10
2009,NUMBER,F,congenital_malformations_deformations,13
2010,NUMBER,F,congenital_malformations_deformations,7
2011,NUMBER,F,congenital_malformations_deformations,2
2012,NUMBER,F,congenital_malformations_deformations,1
2013,NUMBER,F,congenital_malformations_deformations,3
2014,NUMBER,F,congenital_malformations_deformations,7
2015,NUMBER,F,congenital_malformations_deformations,4
2016,NUMBER,F,congenital_malformations_deformations,2
2017,NUMBER,F,congenital_malformations_deformations,1
2018,NUMBER,F,congenital_malformations_deformations,3
2019,NUMBER,F,congenital_malformations_deformations,4
2020,NUMBER,F,congenital_malformations_deformations,3
2021,NUMBER,F,congenital_malformations_deformations,0
2022,NUMBER,F,congenital_malformations_deformations,2
2003,NUMBER,F,symptoms_signs_and_abnormal,791
2004,NUMBER,F,symptoms_signs_and_abnormal,736
2005,NUMBER,F,symptoms_signs_and_abnormal,590
2006,NUMBER,F,symptoms_signs_and_abnormal,573
2007,NUMBER,F,symptoms_signs_and_abnormal,650
2008,NUMBER,F,symptoms_signs_and_abnormal,449
2009,NUMBER,F,symptoms_signs_and_abnormal,468
2010,NUMBER,F,symptoms_signs_and_abnormal,431
2011,NUMBER,F,symptoms_signs_and_abnormal,379
2012,NUMBER,F,symptoms_signs_and_abnormal,335
2013,NUMBER,F,symptoms_signs_and_abnormal,588
2014,NUMBER,F,symptoms_signs_and_abnormal,727
2015,NUMBER,F,symptoms_signs_and_abnormal,776
2016,NUMBER,F,symptoms_signs_and_abnormal,600
2017,NUMBER,F,symptoms_signs_and_abnormal,715
2018,NUMBER,F,symptoms_signs_and_abnormal,806
2019,NUMBER,F,symptoms_signs_and_abnormal,913
2020,NUMBER,F,symptoms_signs_and_abnormal,765
2021,NUMBER,F,symptoms_signs_and_abnormal,1026
2022,NUMBER,F,symptoms_signs_and_abnormal,991
2003,NUMBER,F,injuries_poisoning_and_consequences,136
2004,NUMBER,F,injuries_poisoning_and_consequences,141
2005,NUMBER,F,injuries_poisoning_and_consequences,155
2006,NUMBER,F,injuries_poisoning_and_consequences,149
2007,NUMBER,F,injuries_poisoning_and_consequences,146
2008,NUMBER,F,injuries_poisoning_and_consequences,133
2009,NUMBER,F,injuries_poisoning_and_consequences,157
2010,NUMBER,F,injuries_poisoning_and_consequences,106
2011,NUMBER,F,injuries_poisoning_and_consequences,118
2012,NUMBER,F,injuries_poisoning_and_consequences,118
2013,NUMBER,F,injuries_poisoning_and_consequences,127
2014,NUMBER,F,injuries_poisoning_and_consequences,120
2015,NUMBER,F,injuries_poisoning_and_consequences,142
2016,NUMBER,F,injuries_poisoning_and_consequences,118
2017,NUMBER,F,injuries_poisoning_and_consequences,125
2018,NUMBER,F,injuries_poisoning_and_consequences,112
2019,NUMBER,F,injuries_poisoning_and_consequences,90
2020,NUMBER,F,injuries_poisoning_and_consequences,101
2021,NUMBER,F,injuries_poisoning_and_consequences,114
2022,NUMBER,F,injuries_poisoning_and_consequences,127
2003,NUMBER,F,special_purpose_codes,0
2004,NUMBER,F,special_purpose_codes,0
2005,NUMBER,F,special_purpose_codes,0
2006,NUMBER,F,special_purpose_codes,0
2007,NUMBER,F,special_purpose_codes,0
2008,NUMBER,F,special_purpose_codes,0
2009,NUMBER,F,special_purpose_codes,0
2010,NUMBER,F,special_purpose_codes,0
2011,NUMBER,F,special_purpose_codes,0
2012,NUMBER,F,special_purpose_codes,0
2013,NUMBER,F,special_purpose_codes,0
2014,NUMBER,F,special_purpose_codes,0
2015,NUMBER,F,special_purpose_codes,0
2016,NUMBER,F,special_purpose_codes,0
2017,NUMBER,F,special_purpose_codes,0
2018,NUMBER,F,special_purpose_codes,0
2019,NUMBER,F,special_purpose_codes,0
2020,NUMBER,F,special_purpose_codes,562
2021,NUMBER,F,special_purpose_codes,1633
2022,NUMBER,F,special_purpose_codes,558
