Year,UNIT_MEASURE,Value
2003,no_per_1000_marriages,0.62
2004,no_per_1000_marriages,0.54
2005,no_per_1000_marriages,0.61
2006,no_per_1000_marriages,0.44
2007,no_per_1000_marriages,0.5
2008,no_per_1000_marriages,0.27
2009,no_per_1000_marriages,0.39
2010,no_per_1000_marriages,0.44
2011,no_per_1000_marriages,0.75
2012,no_per_1000_marriages,0.75
2013,no_per_1000_marriages,0.9
2014,no_per_1000_marriages,0.95
2015,no_per_1000_marriages,0.98
2016,no_per_1000_marriages,0.89
2017,no_per_1000_marriages,0.85
2018,no_per_1000_marriages,0.8
2019,no_per_1000_marriages,0.8
2020,no_per_1000_marriages,0.8
2021,no_per_1000_marriages,0.9
2022,no_per_1000_marriages,0.9
