Year,UNIT_MEASURE,SEX,AGE,Value
2019,NUMBER,_T,_T,1140112
2019,NUMBER,_T,0,9365
2019,NUMBER,_T,1,9555
2019,NUMBER,_T,2,9316
2019,NUMBER,_T,3,9433
2019,NUMBER,_T,4,9323
2019,NUMBER,_T,5,9399
2019,NUMBER,_T,6,9571
2019,NUMBER,_T,7,10527
2019,NUMBER,_T,8,10434
2019,NUMBER,_T,9,10966
2019,NUMBER,_T,10,11378
2019,NUMBER,_T,11,11112
2019,NUMBER,_T,12,10754
2019,NUMBER,_T,13,10677
2019,NUMBER,_T,14,10771
2019,NUMBER,_T,15,10877
2019,NUMBER,_T,16,10884
2019,NUMBER,_T,17,11024
2019,NUMBER,_T,18,11567
2019,NUMBER,_T,19,11723
2019,NUMBER,_T,20,11693
2019,NUMBER,_T,21,12775
2019,NUMBER,_T,22,14434
2019,NUMBER,_T,23,14270
2019,NUMBER,_T,24,14659
2019,NUMBER,_T,25,14017
2019,NUMBER,_T,26,11482
2019,NUMBER,_T,27,11833
2019,NUMBER,_T,28,13765
2019,NUMBER,_T,29,13562
2019,NUMBER,_T,30,13907
2019,NUMBER,_T,31,14751
2019,NUMBER,_T,32,14841
2019,NUMBER,_T,33,15061
2019,NUMBER,_T,34,15456
2019,NUMBER,_T,35,15937
2019,NUMBER,_T,36,16224
2019,NUMBER,_T,37,16162
2019,NUMBER,_T,38,16065
2019,NUMBER,_T,39,16127
2019,NUMBER,_T,40,15898
2019,NUMBER,_T,41,15919
2019,NUMBER,_T,42,16039
2019,NUMBER,_T,43,16715
2019,NUMBER,_T,44,16047
2019,NUMBER,_T,45,15407
2019,NUMBER,_T,46,15443
2019,NUMBER,_T,47,15610
2019,NUMBER,_T,48,15146
2019,NUMBER,_T,49,14028
2019,NUMBER,_T,50,14847
2019,NUMBER,_T,51,15107
2019,NUMBER,_T,52,15826
2019,NUMBER,_T,53,16313
2019,NUMBER,_T,54,17072
2019,NUMBER,_T,55,16272
2019,NUMBER,_T,56,16727
2019,NUMBER,_T,57,17617
2019,NUMBER,_T,58,17514
2019,NUMBER,_T,59,17817
2019,NUMBER,_T,60,17727
2019,NUMBER,_T,61,18106
2019,NUMBER,_T,62,16355
2019,NUMBER,_T,63,17906
2019,NUMBER,_T,64,17566
2019,NUMBER,_T,65,18676
2019,NUMBER,_T,66,17163
2019,NUMBER,_T,67,17866
2019,NUMBER,_T,68,14222
2019,NUMBER,_T,69,15224
2019,NUMBER,_T,70,14838
2019,NUMBER,_T,71,12880
2019,NUMBER,_T,72,12575
2019,NUMBER,_T,73,11272
2019,NUMBER,_T,74,8067
2019,NUMBER,_T,75,7740
2019,NUMBER,_T,76,7885
2019,NUMBER,_T,77,7719
2019,NUMBER,_T,78,8469
2019,NUMBER,_T,79,9102
2019,NUMBER,_T,80,8151
2019,NUMBER,_T,81,7535
2019,NUMBER,_T,82,6869
2019,NUMBER,_T,83,5998
2019,NUMBER,_T,84,4968
2019,NUMBER,_T,85,4224
2019,NUMBER,_T,86,3516
2019,NUMBER,_T,87,2715
2019,NUMBER,_T,88,2019
2019,NUMBER,_T,89,1817
2019,NUMBER,_T,90,1228
2019,NUMBER,_T,91,997
2019,NUMBER,_T,92,561
2019,NUMBER,_T,93,366
2019,NUMBER,_T,94,252
2019,NUMBER,_T,95,158
2019,NUMBER,_T,96,111
2019,NUMBER,_T,97,73
2019,NUMBER,_T,98,46
2019,NUMBER,_T,99,35
2019,NUMBER,_T,100,17
2019,NUMBER,_T,101,28
2019,NUMBER,_T,102,16
2019,NUMBER,_T,103,8
2019,NUMBER,_T,104,4
2019,NUMBER,_T,105,3
2019,NUMBER,_T,106,2
2019,NUMBER,_T,107,1
2019,NUMBER,_T,108,0
2019,NUMBER,_T,109,0
2019,NUMBER,_T,110,0
2019,NUMBER,_T,111,0
2019,NUMBER,_T,112,0
2019,NUMBER,_T,113,0
2019,NUMBER,_T,114,0
2019,NUMBER,_T,115,0
2019,NUMBER,_T,116,0
2019,NUMBER,_T,117,0
2019,NUMBER,_T,118,0
2019,NUMBER,_T,119,0
2019,NUMBER,_T,120+,0
2020,NUMBER,_T,_T,1134945
2020,NUMBER,_T,0,9255
2020,NUMBER,_T,1,9364
2020,NUMBER,_T,2,9558
2020,NUMBER,_T,3,9318
2020,NUMBER,_T,4,9433
2020,NUMBER,_T,5,9323
2020,NUMBER,_T,6,9405
2020,NUMBER,_T,7,9575
2020,NUMBER,_T,8,10526
2020,NUMBER,_T,9,10432
2020,NUMBER,_T,10,10963
2020,NUMBER,_T,11,11376
2020,NUMBER,_T,12,11110
2020,NUMBER,_T,13,10753
2020,NUMBER,_T,14,10676
2020,NUMBER,_T,15,10769
2020,NUMBER,_T,16,10875
2020,NUMBER,_T,17,10883
2020,NUMBER,_T,18,11002
2020,NUMBER,_T,19,11543
2020,NUMBER,_T,20,11718
2020,NUMBER,_T,21,11686
2020,NUMBER,_T,22,12767
2020,NUMBER,_T,23,14425
2020,NUMBER,_T,24,14261
2020,NUMBER,_T,25,14647
2020,NUMBER,_T,26,14001
2020,NUMBER,_T,27,11472
2020,NUMBER,_T,28,11831
2020,NUMBER,_T,29,13764
2020,NUMBER,_T,30,13561
2020,NUMBER,_T,31,13906
2020,NUMBER,_T,32,14749
2020,NUMBER,_T,33,14838
2020,NUMBER,_T,34,15057
2020,NUMBER,_T,35,15451
2020,NUMBER,_T,36,15929
2020,NUMBER,_T,37,16214
2020,NUMBER,_T,38,16149
2020,NUMBER,_T,39,16050
2020,NUMBER,_T,40,16110
2020,NUMBER,_T,41,15879
2020,NUMBER,_T,42,15896
2020,NUMBER,_T,43,16013
2020,NUMBER,_T,44,16683
2020,NUMBER,_T,45,16012
2020,NUMBER,_T,46,15371
2020,NUMBER,_T,47,15404
2020,NUMBER,_T,48,15565
2020,NUMBER,_T,49,15097
2020,NUMBER,_T,50,13977
2020,NUMBER,_T,51,14787
2020,NUMBER,_T,52,15043
2020,NUMBER,_T,53,15753
2020,NUMBER,_T,54,16229
2020,NUMBER,_T,55,16971
2020,NUMBER,_T,56,16163
2020,NUMBER,_T,57,16605
2020,NUMBER,_T,58,17478
2020,NUMBER,_T,59,17364
2020,NUMBER,_T,60,17654
2020,NUMBER,_T,61,17552
2020,NUMBER,_T,62,17911
2020,NUMBER,_T,63,16163
2020,NUMBER,_T,64,17671
2020,NUMBER,_T,65,17313
2020,NUMBER,_T,66,18391
2020,NUMBER,_T,67,16885
2020,NUMBER,_T,68,17548
2020,NUMBER,_T,69,13940
2020,NUMBER,_T,70,14886
2020,NUMBER,_T,71,14467
2020,NUMBER,_T,72,12524
2020,NUMBER,_T,73,12185
2020,NUMBER,_T,74,10881
2020,NUMBER,_T,75,7755
2020,NUMBER,_T,76,7405
2020,NUMBER,_T,77,7503
2020,NUMBER,_T,78,7300
2020,NUMBER,_T,79,7955
2020,NUMBER,_T,80,8485
2020,NUMBER,_T,81,7535
2020,NUMBER,_T,82,6900
2020,NUMBER,_T,83,6226
2020,NUMBER,_T,84,5375
2020,NUMBER,_T,85,4397
2020,NUMBER,_T,86,3688
2020,NUMBER,_T,87,3022
2020,NUMBER,_T,88,2295
2020,NUMBER,_T,89,1676
2020,NUMBER,_T,90,1478
2020,NUMBER,_T,91,979
2020,NUMBER,_T,92,777
2020,NUMBER,_T,93,427
2020,NUMBER,_T,94,271
2020,NUMBER,_T,95,182
2020,NUMBER,_T,96,111
2020,NUMBER,_T,97,76
2020,NUMBER,_T,98,48
2020,NUMBER,_T,99,29
2020,NUMBER,_T,100,21
2020,NUMBER,_T,101,10
2020,NUMBER,_T,102,17
2020,NUMBER,_T,103,9
2020,NUMBER,_T,104,4
2020,NUMBER,_T,105,2
2020,NUMBER,_T,106,1
2020,NUMBER,_T,107,1
2020,NUMBER,_T,108,1
2020,NUMBER,_T,109,0
2020,NUMBER,_T,110,0
2020,NUMBER,_T,111,0
2020,NUMBER,_T,112,0
2020,NUMBER,_T,113,0
2020,NUMBER,_T,114,0
2020,NUMBER,_T,115,0
2020,NUMBER,_T,116,0
2020,NUMBER,_T,117,0
2020,NUMBER,_T,118,0
2020,NUMBER,_T,119,0
2020,NUMBER,_T,120+,0
2025,NUMBER,_T,_T,1107541
2025,NUMBER,_T,0,8710
2025,NUMBER,_T,1,8815
2025,NUMBER,_T,2,8926
2025,NUMBER,_T,3,9039
2025,NUMBER,_T,4,9150
2025,NUMBER,_T,5,9260
2025,NUMBER,_T,6,9373
2025,NUMBER,_T,7,9568
2025,NUMBER,_T,8,9327
2025,NUMBER,_T,9,9441
2025,NUMBER,_T,10,9331
2025,NUMBER,_T,11,9407
2025,NUMBER,_T,12,9571
2025,NUMBER,_T,13,10519
2025,NUMBER,_T,14,10425
2025,NUMBER,_T,15,10955
2025,NUMBER,_T,16,11366
2025,NUMBER,_T,17,11101
2025,NUMBER,_T,18,10727
2025,NUMBER,_T,19,10633
2025,NUMBER,_T,20,10726
2025,NUMBER,_T,21,10830
2025,NUMBER,_T,22,10840
2025,NUMBER,_T,23,10981
2025,NUMBER,_T,24,11542
2025,NUMBER,_T,25,11718
2025,NUMBER,_T,26,11678
2025,NUMBER,_T,27,12732
2025,NUMBER,_T,28,14361
2025,NUMBER,_T,29,14191
2025,NUMBER,_T,30,14584
2025,NUMBER,_T,31,13973
2025,NUMBER,_T,32,11491
2025,NUMBER,_T,33,11858
2025,NUMBER,_T,34,13773
2025,NUMBER,_T,35,13565
2025,NUMBER,_T,36,13905
2025,NUMBER,_T,37,14734
2025,NUMBER,_T,38,14815
2025,NUMBER,_T,39,15024
2025,NUMBER,_T,40,15401
2025,NUMBER,_T,41,15863
2025,NUMBER,_T,42,16131
2025,NUMBER,_T,43,16054
2025,NUMBER,_T,44,15942
2025,NUMBER,_T,45,15986
2025,NUMBER,_T,46,15741
2025,NUMBER,_T,47,15740
2025,NUMBER,_T,48,15835
2025,NUMBER,_T,49,16473
2025,NUMBER,_T,50,15788
2025,NUMBER,_T,51,15133
2025,NUMBER,_T,52,15142
2025,NUMBER,_T,53,15274
2025,NUMBER,_T,54,14796
2025,NUMBER,_T,55,13678
2025,NUMBER,_T,56,14432
2025,NUMBER,_T,57,14643
2025,NUMBER,_T,58,15282
2025,NUMBER,_T,59,15692
2025,NUMBER,_T,60,16357
2025,NUMBER,_T,61,15537
2025,NUMBER,_T,62,15911
2025,NUMBER,_T,63,16678
2025,NUMBER,_T,64,16495
2025,NUMBER,_T,65,16687
2025,NUMBER,_T,66,16510
2025,NUMBER,_T,67,16767
2025,NUMBER,_T,68,15051
2025,NUMBER,_T,69,16343
2025,NUMBER,_T,70,15876
2025,NUMBER,_T,71,16700
2025,NUMBER,_T,72,15163
2025,NUMBER,_T,73,15566
2025,NUMBER,_T,74,12187
2025,NUMBER,_T,75,12815
2025,NUMBER,_T,76,12215
2025,NUMBER,_T,77,10373
2025,NUMBER,_T,78,9858
2025,NUMBER,_T,79,8588
2025,NUMBER,_T,80,5969
2025,NUMBER,_T,81,5529
2025,NUMBER,_T,82,5413
2025,NUMBER,_T,83,5057
2025,NUMBER,_T,84,5264
2025,NUMBER,_T,85,5342
2025,NUMBER,_T,86,4498
2025,NUMBER,_T,87,3880
2025,NUMBER,_T,88,3280
2025,NUMBER,_T,89,2637
2025,NUMBER,_T,90,1996
2025,NUMBER,_T,91,1538
2025,NUMBER,_T,92,1149
2025,NUMBER,_T,93,791
2025,NUMBER,_T,94,520
2025,NUMBER,_T,95,410
2025,NUMBER,_T,96,242
2025,NUMBER,_T,97,171
2025,NUMBER,_T,98,81
2025,NUMBER,_T,99,46
2025,NUMBER,_T,100,27
2025,NUMBER,_T,101,14
2025,NUMBER,_T,102,8
2025,NUMBER,_T,103,4
2025,NUMBER,_T,104,2
2025,NUMBER,_T,105,1
2025,NUMBER,_T,106,1
2025,NUMBER,_T,107,1
2025,NUMBER,_T,108,0
2025,NUMBER,_T,109,0
2025,NUMBER,_T,110,0
2025,NUMBER,_T,111,0
2025,NUMBER,_T,112,0
2025,NUMBER,_T,113,0
2025,NUMBER,_T,114,0
2025,NUMBER,_T,115,0
2025,NUMBER,_T,116,0
2025,NUMBER,_T,117,0
2025,NUMBER,_T,118,0
2025,NUMBER,_T,119,0
2025,NUMBER,_T,120+,0
2030,NUMBER,_T,_T,1077274
2030,NUMBER,_T,0,8221
2030,NUMBER,_T,1,8315
2030,NUMBER,_T,2,8414
2030,NUMBER,_T,3,8514
2030,NUMBER,_T,4,8615
2030,NUMBER,_T,5,8718
2030,NUMBER,_T,6,8828
2030,NUMBER,_T,7,8940
2030,NUMBER,_T,8,9050
2030,NUMBER,_T,9,9160
2030,NUMBER,_T,10,9268
2030,NUMBER,_T,11,9376
2030,NUMBER,_T,12,9566
2030,NUMBER,_T,13,9325
2030,NUMBER,_T,14,9441
2030,NUMBER,_T,15,9331
2030,NUMBER,_T,16,9407
2030,NUMBER,_T,17,9569
2030,NUMBER,_T,18,10498
2030,NUMBER,_T,19,10384
2030,NUMBER,_T,20,10908
2030,NUMBER,_T,21,11312
2030,NUMBER,_T,22,11053
2030,NUMBER,_T,23,10712
2030,NUMBER,_T,24,10649
2030,NUMBER,_T,25,10748
2030,NUMBER,_T,26,10849
2030,NUMBER,_T,27,10852
2030,NUMBER,_T,28,10985
2030,NUMBER,_T,29,11537
2030,NUMBER,_T,30,11714
2030,NUMBER,_T,31,11684
2030,NUMBER,_T,32,12737
2030,NUMBER,_T,33,14356
2030,NUMBER,_T,34,14184
2030,NUMBER,_T,35,14578
2030,NUMBER,_T,36,13978
2030,NUMBER,_T,37,11517
2030,NUMBER,_T,38,11878
2030,NUMBER,_T,39,13768
2030,NUMBER,_T,40,13548
2030,NUMBER,_T,41,13874
2030,NUMBER,_T,42,14683
2030,NUMBER,_T,43,14749
2030,NUMBER,_T,44,14942
2030,NUMBER,_T,45,15299
2030,NUMBER,_T,46,15737
2030,NUMBER,_T,47,15985
2030,NUMBER,_T,48,15891
2030,NUMBER,_T,49,15761
2030,NUMBER,_T,50,15782
2030,NUMBER,_T,51,15518
2030,NUMBER,_T,52,15491
2030,NUMBER,_T,53,15561
2030,NUMBER,_T,54,16161
2030,NUMBER,_T,55,15465
2030,NUMBER,_T,56,14796
2030,NUMBER,_T,57,14771
2030,NUMBER,_T,58,14861
2030,NUMBER,_T,59,14362
2030,NUMBER,_T,60,13249
2030,NUMBER,_T,61,13938
2030,NUMBER,_T,62,14104
2030,NUMBER,_T,63,14662
2030,NUMBER,_T,64,14994
2030,NUMBER,_T,65,15556
2030,NUMBER,_T,66,14715
2030,NUMBER,_T,67,15001
2030,NUMBER,_T,68,15636
2030,NUMBER,_T,69,15370
2030,NUMBER,_T,70,15436
2030,NUMBER,_T,71,15145
2030,NUMBER,_T,72,15222
2030,NUMBER,_T,73,13507
2030,NUMBER,_T,74,14469
2030,NUMBER,_T,75,13841
2030,NUMBER,_T,76,14316
2030,NUMBER,_T,77,12757
2030,NUMBER,_T,78,12832
2030,NUMBER,_T,79,9812
2030,NUMBER,_T,80,10069
2030,NUMBER,_T,81,9319
2030,NUMBER,_T,82,7683
2030,NUMBER,_T,83,7049
2030,NUMBER,_T,84,5911
2030,NUMBER,_T,85,3947
2030,NUMBER,_T,86,3487
2030,NUMBER,_T,87,3235
2030,NUMBER,_T,88,2845
2030,NUMBER,_T,89,2771
2030,NUMBER,_T,90,2617
2030,NUMBER,_T,91,2040
2030,NUMBER,_T,92,1620
2030,NUMBER,_T,93,1252
2030,NUMBER,_T,94,915
2030,NUMBER,_T,95,626
2030,NUMBER,_T,96,433
2030,NUMBER,_T,97,289
2030,NUMBER,_T,98,177
2030,NUMBER,_T,99,103
2030,NUMBER,_T,100,72
2030,NUMBER,_T,101,37
2030,NUMBER,_T,102,23
2030,NUMBER,_T,103,9
2030,NUMBER,_T,104,5
2030,NUMBER,_T,105,2
2030,NUMBER,_T,106,1
2030,NUMBER,_T,107,1
2030,NUMBER,_T,108,0
2030,NUMBER,_T,109,0
2030,NUMBER,_T,110,0
2030,NUMBER,_T,111,0
2030,NUMBER,_T,112,0
2030,NUMBER,_T,113,0
2030,NUMBER,_T,114,0
2030,NUMBER,_T,115,0
2030,NUMBER,_T,116,0
2030,NUMBER,_T,117,0
2030,NUMBER,_T,118,0
2030,NUMBER,_T,119,0
2030,NUMBER,_T,120+,0
2035,NUMBER,_T,_T,1043705
2035,NUMBER,_T,0,7740
2035,NUMBER,_T,1,7836
2035,NUMBER,_T,2,7935
2035,NUMBER,_T,3,8034
2035,NUMBER,_T,4,8131
2035,NUMBER,_T,5,8231
2035,NUMBER,_T,6,8330
2035,NUMBER,_T,7,8430
2035,NUMBER,_T,8,8528
2035,NUMBER,_T,9,8628
2035,NUMBER,_T,10,8729
2035,NUMBER,_T,11,8833
2035,NUMBER,_T,12,8940
2035,NUMBER,_T,13,9049
2035,NUMBER,_T,14,9159
2035,NUMBER,_T,15,9268
2035,NUMBER,_T,16,9375
2035,NUMBER,_T,17,9565
2035,NUMBER,_T,18,9312
2035,NUMBER,_T,19,9418
2035,NUMBER,_T,20,9314
2035,NUMBER,_T,21,9393
2035,NUMBER,_T,22,9554
2035,NUMBER,_T,23,10495
2035,NUMBER,_T,24,10401
2035,NUMBER,_T,25,10923
2035,NUMBER,_T,26,11320
2035,NUMBER,_T,27,11058
2035,NUMBER,_T,28,10719
2035,NUMBER,_T,29,10659
2035,NUMBER,_T,30,10761
2035,NUMBER,_T,31,10874
2035,NUMBER,_T,32,10891
2035,NUMBER,_T,33,11028
2035,NUMBER,_T,34,11577
2035,NUMBER,_T,35,11750
2035,NUMBER,_T,36,11715
2035,NUMBER,_T,37,12751
2035,NUMBER,_T,38,14348
2035,NUMBER,_T,39,14166
2035,NUMBER,_T,40,14552
2035,NUMBER,_T,41,13954
2035,NUMBER,_T,42,11508
2035,NUMBER,_T,43,11857
2035,NUMBER,_T,44,13716
2035,NUMBER,_T,45,13481
2035,NUMBER,_T,46,13788
2035,NUMBER,_T,47,14572
2035,NUMBER,_T,48,14620
2035,NUMBER,_T,49,14793
2035,NUMBER,_T,50,15120
2035,NUMBER,_T,51,15528
2035,NUMBER,_T,52,15749
2035,NUMBER,_T,53,15637
2035,NUMBER,_T,54,15488
2035,NUMBER,_T,55,15486
2035,NUMBER,_T,56,15199
2035,NUMBER,_T,57,15138
2035,NUMBER,_T,58,15169
2035,NUMBER,_T,59,15712
2035,NUMBER,_T,60,15003
2035,NUMBER,_T,61,14324
2035,NUMBER,_T,62,14266
2035,NUMBER,_T,63,14309
2035,NUMBER,_T,64,13789
2035,NUMBER,_T,65,12681
2035,NUMBER,_T,66,13277
2035,NUMBER,_T,67,13383
2035,NUMBER,_T,68,13837
2035,NUMBER,_T,69,14069
2035,NUMBER,_T,70,14496
2035,NUMBER,_T,71,13608
2035,NUMBER,_T,72,13740
2035,NUMBER,_T,73,14161
2035,NUMBER,_T,74,13749
2035,NUMBER,_T,75,13621
2035,NUMBER,_T,76,13165
2035,NUMBER,_T,77,13008
2035,NUMBER,_T,78,11322
2035,NUMBER,_T,79,11873
2035,NUMBER,_T,80,11085
2035,NUMBER,_T,81,11171
2035,NUMBER,_T,82,9672
2035,NUMBER,_T,83,9428
2035,NUMBER,_T,84,6956
2035,NUMBER,_T,85,6868
2035,NUMBER,_T,86,6079
2035,NUMBER,_T,87,4783
2035,NUMBER,_T,88,4160
2035,NUMBER,_T,89,3292
2035,NUMBER,_T,90,2066
2035,NUMBER,_T,91,1701
2035,NUMBER,_T,92,1462
2035,NUMBER,_T,93,1183
2035,NUMBER,_T,94,1055
2035,NUMBER,_T,95,907
2035,NUMBER,_T,96,640
2035,NUMBER,_T,97,458
2035,NUMBER,_T,98,317
2035,NUMBER,_T,99,206
2035,NUMBER,_T,100,125
2035,NUMBER,_T,101,76
2035,NUMBER,_T,102,45
2035,NUMBER,_T,103,24
2035,NUMBER,_T,104,12
2035,NUMBER,_T,105,7
2035,NUMBER,_T,106,3
2035,NUMBER,_T,107,2
2035,NUMBER,_T,108,1
2035,NUMBER,_T,109,0
2035,NUMBER,_T,110,0
2035,NUMBER,_T,111,0
2035,NUMBER,_T,112,0
2035,NUMBER,_T,113,0
2035,NUMBER,_T,114,0
2035,NUMBER,_T,115,0
2035,NUMBER,_T,116,0
2035,NUMBER,_T,117,0
2035,NUMBER,_T,118,0
2035,NUMBER,_T,119,0
2035,NUMBER,_T,120+,0
2040,NUMBER,_T,_T,1006736
2040,NUMBER,_T,0,7326
2040,NUMBER,_T,1,7403
2040,NUMBER,_T,2,7485
2040,NUMBER,_T,3,7571
2040,NUMBER,_T,4,7659
2040,NUMBER,_T,5,7752
2040,NUMBER,_T,6,7853
2040,NUMBER,_T,7,7954
2040,NUMBER,_T,8,8050
2040,NUMBER,_T,9,8146
2040,NUMBER,_T,10,8244
2040,NUMBER,_T,11,8337
2040,NUMBER,_T,12,8432
2040,NUMBER,_T,13,8530
2040,NUMBER,_T,14,8630
2040,NUMBER,_T,15,8731
2040,NUMBER,_T,16,8834
2040,NUMBER,_T,17,8941
2040,NUMBER,_T,18,9039
2040,NUMBER,_T,19,9139
2040,NUMBER,_T,20,9250
2040,NUMBER,_T,21,9359
2040,NUMBER,_T,22,9554
2040,NUMBER,_T,23,9327
2040,NUMBER,_T,24,9458
2040,NUMBER,_T,25,9360
2040,NUMBER,_T,26,9438
2040,NUMBER,_T,27,9585
2040,NUMBER,_T,28,10509
2040,NUMBER,_T,29,10409
2040,NUMBER,_T,30,10929
2040,NUMBER,_T,31,11334
2040,NUMBER,_T,32,11090
2040,NUMBER,_T,33,10764
2040,NUMBER,_T,34,10707
2040,NUMBER,_T,35,10808
2040,NUMBER,_T,36,10919
2040,NUMBER,_T,37,10932
2040,NUMBER,_T,38,11062
2040,NUMBER,_T,39,11599
2040,NUMBER,_T,40,11763
2040,NUMBER,_T,41,11718
2040,NUMBER,_T,42,12731
2040,NUMBER,_T,43,14300
2040,NUMBER,_T,44,14105
2040,NUMBER,_T,45,14476
2040,NUMBER,_T,46,13876
2040,NUMBER,_T,47,11449
2040,NUMBER,_T,48,11782
2040,NUMBER,_T,49,13601
2040,NUMBER,_T,50,13347
2040,NUMBER,_T,51,13631
2040,NUMBER,_T,52,14382
2040,NUMBER,_T,53,14411
2040,NUMBER,_T,54,14562
2040,NUMBER,_T,55,14857
2040,NUMBER,_T,56,15229
2040,NUMBER,_T,57,15414
2040,NUMBER,_T,58,15272
2040,NUMBER,_T,59,15092
2040,NUMBER,_T,60,15059
2040,NUMBER,_T,61,14750
2040,NUMBER,_T,62,14653
2040,NUMBER,_T,63,14644
2040,NUMBER,_T,64,15114
2040,NUMBER,_T,65,14384
2040,NUMBER,_T,66,13685
2040,NUMBER,_T,67,13582
2040,NUMBER,_T,68,13564
2040,NUMBER,_T,69,13013
2040,NUMBER,_T,70,11905
2040,NUMBER,_T,71,12361
2040,NUMBER,_T,72,12352
2040,NUMBER,_T,73,12634
2040,NUMBER,_T,74,12701
2040,NUMBER,_T,75,12920
2040,NUMBER,_T,76,11962
2040,NUMBER,_T,77,11890
2040,NUMBER,_T,78,12036
2040,NUMBER,_T,79,11457
2040,NUMBER,_T,80,11107
2040,NUMBER,_T,81,10485
2040,NUMBER,_T,82,10091
2040,NUMBER,_T,83,8528
2040,NUMBER,_T,84,8652
2040,NUMBER,_T,85,7784
2040,NUMBER,_T,86,7535
2040,NUMBER,_T,87,6242
2040,NUMBER,_T,88,5798
2040,NUMBER,_T,89,4054
2040,NUMBER,_T,90,3776
2040,NUMBER,_T,91,3133
2040,NUMBER,_T,92,2300
2040,NUMBER,_T,93,1855
2040,NUMBER,_T,94,1354
2040,NUMBER,_T,95,779
2040,NUMBER,_T,96,584
2040,NUMBER,_T,97,455
2040,NUMBER,_T,98,332
2040,NUMBER,_T,99,265
2040,NUMBER,_T,100,203
2040,NUMBER,_T,101,127
2040,NUMBER,_T,102,80
2040,NUMBER,_T,103,49
2040,NUMBER,_T,104,28
2040,NUMBER,_T,105,15
2040,NUMBER,_T,106,8
2040,NUMBER,_T,107,4
2040,NUMBER,_T,108,2
2040,NUMBER,_T,109,1
2040,NUMBER,_T,110,0
2040,NUMBER,_T,111,0
2040,NUMBER,_T,112,0
2040,NUMBER,_T,113,0
2040,NUMBER,_T,114,0
2040,NUMBER,_T,115,0
2040,NUMBER,_T,116,0
2040,NUMBER,_T,117,0
2040,NUMBER,_T,118,0
2040,NUMBER,_T,119,0
2040,NUMBER,_T,120+,0
2045,NUMBER,_T,_T,967780
2045,NUMBER,_T,0,6941
2045,NUMBER,_T,1,7018
2045,NUMBER,_T,2,7098
2045,NUMBER,_T,3,7179
2045,NUMBER,_T,4,7258
2045,NUMBER,_T,5,7339
2045,NUMBER,_T,6,7421
2045,NUMBER,_T,7,7505
2045,NUMBER,_T,8,7588
2045,NUMBER,_T,9,7676
2045,NUMBER,_T,10,7767
2045,NUMBER,_T,11,7862
2045,NUMBER,_T,12,7958
2045,NUMBER,_T,13,8053
2045,NUMBER,_T,14,8149
2045,NUMBER,_T,15,8247
2045,NUMBER,_T,16,8340
2045,NUMBER,_T,17,8435
2045,NUMBER,_T,18,8523
2045,NUMBER,_T,19,8615
2045,NUMBER,_T,20,8721
2045,NUMBER,_T,21,8827
2045,NUMBER,_T,22,8939
2045,NUMBER,_T,23,9057
2045,NUMBER,_T,24,9178
2045,NUMBER,_T,25,9293
2045,NUMBER,_T,26,9398
2045,NUMBER,_T,27,9587
2045,NUMBER,_T,28,9357
2045,NUMBER,_T,29,9488
2045,NUMBER,_T,30,9394
2045,NUMBER,_T,31,9481
2045,NUMBER,_T,32,9637
2045,NUMBER,_T,33,10559
2045,NUMBER,_T,34,10456
2045,NUMBER,_T,35,10971
2045,NUMBER,_T,36,11371
2045,NUMBER,_T,37,11126
2045,NUMBER,_T,38,10800
2045,NUMBER,_T,39,10739
2045,NUMBER,_T,40,10833
2045,NUMBER,_T,41,10935
2045,NUMBER,_T,42,10940
2045,NUMBER,_T,43,11059
2045,NUMBER,_T,44,11581
2045,NUMBER,_T,45,11733
2045,NUMBER,_T,46,11674
2045,NUMBER,_T,47,12660
2045,NUMBER,_T,48,14195
2045,NUMBER,_T,49,13983
2045,NUMBER,_T,50,14335
2045,NUMBER,_T,51,13730
2045,NUMBER,_T,52,11326
2045,NUMBER,_T,53,11642
2045,NUMBER,_T,54,13414
2045,NUMBER,_T,55,13143
2045,NUMBER,_T,56,13400
2045,NUMBER,_T,57,14107
2045,NUMBER,_T,58,14107
2045,NUMBER,_T,59,14225
2045,NUMBER,_T,60,14477
2045,NUMBER,_T,61,14807
2045,NUMBER,_T,62,14953
2045,NUMBER,_T,63,14779
2045,NUMBER,_T,64,14562
2045,NUMBER,_T,65,14482
2045,NUMBER,_T,66,14138
2045,NUMBER,_T,67,13993
2045,NUMBER,_T,68,13931
2045,NUMBER,_T,69,14306
2045,NUMBER,_T,70,13545
2045,NUMBER,_T,71,12801
2045,NUMBER,_T,72,12602
2045,NUMBER,_T,73,12466
2045,NUMBER,_T,74,11841
2045,NUMBER,_T,75,10714
2045,NUMBER,_T,76,10971
2045,NUMBER,_T,77,10810
2045,NUMBER,_T,78,10871
2045,NUMBER,_T,79,10734
2045,NUMBER,_T,80,10702
2045,NUMBER,_T,81,9696
2045,NUMBER,_T,82,9407
2045,NUMBER,_T,83,9264
2045,NUMBER,_T,84,8554
2045,NUMBER,_T,85,8018
2045,NUMBER,_T,86,7297
2045,NUMBER,_T,87,6743
2045,NUMBER,_T,88,5448
2045,NUMBER,_T,89,5259
2045,NUMBER,_T,90,4478
2045,NUMBER,_T,91,4085
2045,NUMBER,_T,92,3172
2045,NUMBER,_T,93,2748
2045,NUMBER,_T,94,1781
2045,NUMBER,_T,95,1530
2045,NUMBER,_T,96,1164
2045,NUMBER,_T,97,778
2045,NUMBER,_T,98,568
2045,NUMBER,_T,99,373
2045,NUMBER,_T,100,192
2045,NUMBER,_T,101,128
2045,NUMBER,_T,102,88
2045,NUMBER,_T,103,57
2045,NUMBER,_T,104,40
2045,NUMBER,_T,105,26
2045,NUMBER,_T,106,14
2045,NUMBER,_T,107,8
2045,NUMBER,_T,108,4
2045,NUMBER,_T,109,2
2045,NUMBER,_T,110,1
2045,NUMBER,_T,111,0
2045,NUMBER,_T,112,0
2045,NUMBER,_T,113,0
2045,NUMBER,_T,114,0
2045,NUMBER,_T,115,0
2045,NUMBER,_T,116,0
2045,NUMBER,_T,117,0
2045,NUMBER,_T,118,0
2045,NUMBER,_T,119,0
2045,NUMBER,_T,120+,0
2050,NUMBER,_T,_T,928681
2050,NUMBER,_T,0,6613
2050,NUMBER,_T,1,6675
2050,NUMBER,_T,2,6741
2050,NUMBER,_T,3,6811
2050,NUMBER,_T,4,6881
2050,NUMBER,_T,5,6955
2050,NUMBER,_T,6,7037
2050,NUMBER,_T,7,7119
2050,NUMBER,_T,8,7198
2050,NUMBER,_T,9,7276
2050,NUMBER,_T,10,7356
2050,NUMBER,_T,11,7432
2050,NUMBER,_T,12,7510
2050,NUMBER,_T,13,7593
2050,NUMBER,_T,14,7680
2050,NUMBER,_T,15,7772
2050,NUMBER,_T,16,7866
2050,NUMBER,_T,17,7962
2050,NUMBER,_T,18,8049
2050,NUMBER,_T,19,8139
2050,NUMBER,_T,20,8243
2050,NUMBER,_T,21,8339
2050,NUMBER,_T,22,8441
2050,NUMBER,_T,23,8548
2050,NUMBER,_T,24,8660
2050,NUMBER,_T,25,8769
2050,NUMBER,_T,26,8873
2050,NUMBER,_T,27,8977
2050,NUMBER,_T,28,9089
2050,NUMBER,_T,29,9206
2050,NUMBER,_T,30,9323
2050,NUMBER,_T,31,9437
2050,NUMBER,_T,32,9637
2050,NUMBER,_T,33,9416
2050,NUMBER,_T,34,9548
2050,NUMBER,_T,35,9453
2050,NUMBER,_T,36,9539
2050,NUMBER,_T,37,9687
2050,NUMBER,_T,38,10598
2050,NUMBER,_T,39,10486
2050,NUMBER,_T,40,10991
2050,NUMBER,_T,41,11379
2050,NUMBER,_T,42,11129
2050,NUMBER,_T,43,10800
2050,NUMBER,_T,44,10732
2050,NUMBER,_T,45,10816
2050,NUMBER,_T,46,10907
2050,NUMBER,_T,47,10902
2050,NUMBER,_T,48,11007
2050,NUMBER,_T,49,11510
2050,NUMBER,_T,50,11646
2050,NUMBER,_T,51,11572
2050,NUMBER,_T,52,12526
2050,NUMBER,_T,53,14019
2050,NUMBER,_T,54,13792
2050,NUMBER,_T,55,14123
2050,NUMBER,_T,56,13512
2050,NUMBER,_T,57,11140
2050,NUMBER,_T,58,11429
2050,NUMBER,_T,59,13134
2050,NUMBER,_T,60,12842
2050,NUMBER,_T,61,13069
2050,NUMBER,_T,62,13725
2050,NUMBER,_T,63,13693
2050,NUMBER,_T,64,13770
2050,NUMBER,_T,65,13959
2050,NUMBER,_T,66,14228
2050,NUMBER,_T,67,14320
2050,NUMBER,_T,68,14106
2050,NUMBER,_T,69,13841
2050,NUMBER,_T,70,13697
2050,NUMBER,_T,71,13289
2050,NUMBER,_T,72,13047
2050,NUMBER,_T,73,12881
2050,NUMBER,_T,74,13097
2050,NUMBER,_T,75,12271
2050,NUMBER,_T,76,11457
2050,NUMBER,_T,77,11129
2050,NUMBER,_T,78,10842
2050,NUMBER,_T,79,10131
2050,NUMBER,_T,80,9004
2050,NUMBER,_T,81,9029
2050,NUMBER,_T,82,8705
2050,NUMBER,_T,83,8532
2050,NUMBER,_T,84,8193
2050,NUMBER,_T,85,7918
2050,NUMBER,_T,86,6934
2050,NUMBER,_T,87,6480
2050,NUMBER,_T,88,6119
2050,NUMBER,_T,89,5396
2050,NUMBER,_T,90,4809
2050,NUMBER,_T,91,4142
2050,NUMBER,_T,92,3603
2050,NUMBER,_T,93,2727
2050,NUMBER,_T,94,2453
2050,NUMBER,_T,95,1935
2050,NUMBER,_T,96,1626
2050,NUMBER,_T,97,1156
2050,NUMBER,_T,98,910
2050,NUMBER,_T,99,534
2050,NUMBER,_T,100,411
2050,NUMBER,_T,101,279
2050,NUMBER,_T,102,165
2050,NUMBER,_T,103,106
2050,NUMBER,_T,104,61
2050,NUMBER,_T,105,27
2050,NUMBER,_T,106,16
2050,NUMBER,_T,107,9
2050,NUMBER,_T,108,5
2050,NUMBER,_T,109,3
2050,NUMBER,_T,110,2
2050,NUMBER,_T,111,1
2050,NUMBER,_T,112,0
2050,NUMBER,_T,113,0
2050,NUMBER,_T,114,0
2050,NUMBER,_T,115,0
2050,NUMBER,_T,116,0
2050,NUMBER,_T,117,0
2050,NUMBER,_T,118,0
2050,NUMBER,_T,119,0
2050,NUMBER,_T,120+,0
2055,NUMBER,_T,_T,890590
2055,NUMBER,_T,0,6328
2055,NUMBER,_T,1,6385
2055,NUMBER,_T,2,6445
2055,NUMBER,_T,3,6505
2055,NUMBER,_T,4,6565
2055,NUMBER,_T,5,6627
2055,NUMBER,_T,6,6694
2055,NUMBER,_T,7,6762
2055,NUMBER,_T,8,6829
2055,NUMBER,_T,9,6899
2055,NUMBER,_T,10,6972
2055,NUMBER,_T,11,7048
2055,NUMBER,_T,12,7125
2055,NUMBER,_T,13,7203
2055,NUMBER,_T,14,7281
2055,NUMBER,_T,15,7361
2055,NUMBER,_T,16,7436
2055,NUMBER,_T,17,7515
2055,NUMBER,_T,18,7591
2055,NUMBER,_T,19,7674
2055,NUMBER,_T,20,7771
2055,NUMBER,_T,21,7870
2055,NUMBER,_T,22,7972
2055,NUMBER,_T,23,8078
2055,NUMBER,_T,24,8186
2055,NUMBER,_T,25,8293
2055,NUMBER,_T,26,8387
2055,NUMBER,_T,27,8481
2055,NUMBER,_T,28,8583
2055,NUMBER,_T,29,8691
2055,NUMBER,_T,30,8802
2055,NUMBER,_T,31,8914
2055,NUMBER,_T,32,9029
2055,NUMBER,_T,33,9146
2055,NUMBER,_T,34,9263
2055,NUMBER,_T,35,9377
2055,NUMBER,_T,36,9489
2055,NUMBER,_T,37,9685
2055,NUMBER,_T,38,9461
2055,NUMBER,_T,39,9588
2055,NUMBER,_T,40,9489
2055,NUMBER,_T,41,9568
2055,NUMBER,_T,42,9705
2055,NUMBER,_T,43,10601
2055,NUMBER,_T,44,10480
2055,NUMBER,_T,45,10970
2055,NUMBER,_T,46,11344
2055,NUMBER,_T,47,11088
2055,NUMBER,_T,48,10754
2055,NUMBER,_T,49,10677
2055,NUMBER,_T,50,10747
2055,NUMBER,_T,51,10824
2055,NUMBER,_T,52,10808
2055,NUMBER,_T,53,10899
2055,NUMBER,_T,54,11381
2055,NUMBER,_T,55,11503
2055,NUMBER,_T,56,11412
2055,NUMBER,_T,57,12324
2055,NUMBER,_T,58,13759
2055,NUMBER,_T,59,13510
2055,NUMBER,_T,60,13812
2055,NUMBER,_T,61,13198
2055,NUMBER,_T,62,10876
2055,NUMBER,_T,63,11135
2055,NUMBER,_T,64,12750
2055,NUMBER,_T,65,12426
2055,NUMBER,_T,66,12608
2055,NUMBER,_T,67,13192
2055,NUMBER,_T,68,13119
2055,NUMBER,_T,69,13141
2055,NUMBER,_T,70,13248
2055,NUMBER,_T,71,13421
2055,NUMBER,_T,72,13412
2055,NUMBER,_T,73,13109
2055,NUMBER,_T,74,12748
2055,NUMBER,_T,75,12493
2055,NUMBER,_T,76,11986
2055,NUMBER,_T,77,11615
2055,NUMBER,_T,78,11309
2055,NUMBER,_T,79,11318
2055,NUMBER,_T,80,10425
2055,NUMBER,_T,81,9550
2055,NUMBER,_T,82,9086
2055,NUMBER,_T,83,8647
2055,NUMBER,_T,84,7877
2055,NUMBER,_T,85,6806
2055,NUMBER,_T,86,6607
2055,NUMBER,_T,87,6154
2055,NUMBER,_T,88,5799
2055,NUMBER,_T,89,5336
2055,NUMBER,_T,90,4918
2055,NUMBER,_T,91,4091
2055,NUMBER,_T,92,3613
2055,NUMBER,_T,93,3208
2055,NUMBER,_T,94,2646
2055,NUMBER,_T,95,2194
2055,NUMBER,_T,96,1748
2055,NUMBER,_T,97,1397
2055,NUMBER,_T,98,965
2055,NUMBER,_T,99,787
2055,NUMBER,_T,100,559
2055,NUMBER,_T,101,420
2055,NUMBER,_T,102,265
2055,NUMBER,_T,103,184
2055,NUMBER,_T,104,95
2055,NUMBER,_T,105,64
2055,NUMBER,_T,106,37
2055,NUMBER,_T,107,19
2055,NUMBER,_T,108,10
2055,NUMBER,_T,109,5
2055,NUMBER,_T,110,2
2055,NUMBER,_T,111,1
2055,NUMBER,_T,112,0
2055,NUMBER,_T,113,0
2055,NUMBER,_T,114,0
2055,NUMBER,_T,115,0
2055,NUMBER,_T,116,0
2055,NUMBER,_T,117,0
2055,NUMBER,_T,118,0
2055,NUMBER,_T,119,0
2055,NUMBER,_T,120+,0
2060,NUMBER,_T,_T,853574
2060,NUMBER,_T,0,6045
2060,NUMBER,_T,1,6104
2060,NUMBER,_T,2,6166
2060,NUMBER,_T,3,6226
2060,NUMBER,_T,4,6284
2060,NUMBER,_T,5,6342
2060,NUMBER,_T,6,6404
2060,NUMBER,_T,7,6465
2060,NUMBER,_T,8,6524
2060,NUMBER,_T,9,6583
2060,NUMBER,_T,10,6643
2060,NUMBER,_T,11,6705
2060,NUMBER,_T,12,6768
2060,NUMBER,_T,13,6835
2060,NUMBER,_T,14,6904
2060,NUMBER,_T,15,6977
2060,NUMBER,_T,16,7052
2060,NUMBER,_T,17,7130
2060,NUMBER,_T,18,7202
2060,NUMBER,_T,19,7276
2060,NUMBER,_T,20,7362
2060,NUMBER,_T,21,7443
2060,NUMBER,_T,22,7529
2060,NUMBER,_T,23,7622
2060,NUMBER,_T,24,7722
2060,NUMBER,_T,25,7823
2060,NUMBER,_T,26,7919
2060,NUMBER,_T,27,8015
2060,NUMBER,_T,28,8115
2060,NUMBER,_T,29,8220
2060,NUMBER,_T,30,8328
2060,NUMBER,_T,31,8430
2060,NUMBER,_T,32,8535
2060,NUMBER,_T,33,8641
2060,NUMBER,_T,34,8749
2060,NUMBER,_T,35,8857
2060,NUMBER,_T,36,8967
2060,NUMBER,_T,37,9078
2060,NUMBER,_T,38,9190
2060,NUMBER,_T,39,9301
2060,NUMBER,_T,40,9409
2060,NUMBER,_T,41,9513
2060,NUMBER,_T,42,9702
2060,NUMBER,_T,43,9473
2060,NUMBER,_T,44,9593
2060,NUMBER,_T,45,9487
2060,NUMBER,_T,46,9557
2060,NUMBER,_T,47,9683
2060,NUMBER,_T,48,10560
2060,NUMBER,_T,49,10427
2060,NUMBER,_T,50,10900
2060,NUMBER,_T,51,11256
2060,NUMBER,_T,52,10993
2060,NUMBER,_T,53,10655
2060,NUMBER,_T,54,10570
2060,NUMBER,_T,55,10628
2060,NUMBER,_T,56,10689
2060,NUMBER,_T,57,10659
2060,NUMBER,_T,58,10730
2060,NUMBER,_T,59,11182
2060,NUMBER,_T,60,11285
2060,NUMBER,_T,61,11177
2060,NUMBER,_T,62,12039
2060,NUMBER,_T,63,13400
2060,NUMBER,_T,64,13123
2060,NUMBER,_T,65,13379
2060,NUMBER,_T,66,12755
2060,NUMBER,_T,67,10500
2060,NUMBER,_T,68,10714
2060,NUMBER,_T,69,12208
2060,NUMBER,_T,70,11842
2060,NUMBER,_T,71,11948
2060,NUMBER,_T,72,12410
2060,NUMBER,_T,73,12251
2060,NUMBER,_T,74,12171
2060,NUMBER,_T,75,12148
2060,NUMBER,_T,76,12177
2060,NUMBER,_T,77,12026
2060,NUMBER,_T,78,11602
2060,NUMBER,_T,79,11119
2060,NUMBER,_T,80,10723
2060,NUMBER,_T,81,10108
2060,NUMBER,_T,82,9599
2060,NUMBER,_T,83,9148
2060,NUMBER,_T,84,8933
2060,NUMBER,_T,85,8010
2060,NUMBER,_T,86,7123
2060,NUMBER,_T,87,6561
2060,NUMBER,_T,88,6020
2060,NUMBER,_T,89,5270
2060,NUMBER,_T,90,4358
2060,NUMBER,_T,91,4027
2060,NUMBER,_T,92,3559
2060,NUMBER,_T,93,3163
2060,NUMBER,_T,94,2732
2060,NUMBER,_T,95,2351
2060,NUMBER,_T,96,1815
2060,NUMBER,_T,97,1478
2060,NUMBER,_T,98,1202
2060,NUMBER,_T,99,901
2060,NUMBER,_T,100,674
2060,NUMBER,_T,101,481
2060,NUMBER,_T,102,342
2060,NUMBER,_T,103,209
2060,NUMBER,_T,104,150
2060,NUMBER,_T,105,93
2060,NUMBER,_T,106,60
2060,NUMBER,_T,107,32
2060,NUMBER,_T,108,18
2060,NUMBER,_T,109,8
2060,NUMBER,_T,110,4
2060,NUMBER,_T,111,2
2060,NUMBER,_T,112,1
2060,NUMBER,_T,113,0
2060,NUMBER,_T,114,0
2060,NUMBER,_T,115,0
2060,NUMBER,_T,116,0
2060,NUMBER,_T,117,0
2060,NUMBER,_T,118,0
2060,NUMBER,_T,119,0
2060,NUMBER,_T,120+,0
2065,NUMBER,_T,_T,817309
2065,NUMBER,_T,0,5760
2065,NUMBER,_T,1,5818
2065,NUMBER,_T,2,5878
2065,NUMBER,_T,3,5939
2065,NUMBER,_T,4,5998
2065,NUMBER,_T,5,6058
2065,NUMBER,_T,6,6122
2065,NUMBER,_T,7,6185
2065,NUMBER,_T,8,6244
2065,NUMBER,_T,9,6301
2065,NUMBER,_T,10,6358
2065,NUMBER,_T,11,6414
2065,NUMBER,_T,12,6471
2065,NUMBER,_T,13,6529
2065,NUMBER,_T,14,6588
2065,NUMBER,_T,15,6649
2065,NUMBER,_T,16,6710
2065,NUMBER,_T,17,6774
2065,NUMBER,_T,18,6834
2065,NUMBER,_T,19,6901
2065,NUMBER,_T,20,6980
2065,NUMBER,_T,21,7061
2065,NUMBER,_T,22,7145
2065,NUMBER,_T,23,7235
2065,NUMBER,_T,24,7326
2065,NUMBER,_T,25,7414
2065,NUMBER,_T,26,7493
2065,NUMBER,_T,27,7573
2065,NUMBER,_T,28,7661
2065,NUMBER,_T,29,7758
2065,NUMBER,_T,30,7859
2065,NUMBER,_T,31,7963
2065,NUMBER,_T,32,8068
2065,NUMBER,_T,33,8173
2065,NUMBER,_T,34,8277
2065,NUMBER,_T,35,8383
2065,NUMBER,_T,36,8483
2065,NUMBER,_T,37,8584
2065,NUMBER,_T,38,8686
2065,NUMBER,_T,39,8789
2065,NUMBER,_T,40,8891
2065,NUMBER,_T,41,8994
2065,NUMBER,_T,42,9098
2065,NUMBER,_T,43,9203
2065,NUMBER,_T,44,9306
2065,NUMBER,_T,45,9406
2065,NUMBER,_T,46,9501
2065,NUMBER,_T,47,9680
2065,NUMBER,_T,48,9444
2065,NUMBER,_T,49,9555
2065,NUMBER,_T,50,9440
2065,NUMBER,_T,51,9499
2065,NUMBER,_T,52,9613
2065,NUMBER,_T,53,10470
2065,NUMBER,_T,54,10325
2065,NUMBER,_T,55,10781
2065,NUMBER,_T,56,11116
2065,NUMBER,_T,57,10844
2065,NUMBER,_T,58,10500
2065,NUMBER,_T,59,10402
2065,NUMBER,_T,60,10444
2065,NUMBER,_T,61,10489
2065,NUMBER,_T,62,10444
2065,NUMBER,_T,63,10493
2065,NUMBER,_T,64,10905
2065,NUMBER,_T,65,10978
2065,NUMBER,_T,66,10841
2065,NUMBER,_T,67,11633
2065,NUMBER,_T,68,12894
2065,NUMBER,_T,69,12582
2065,NUMBER,_T,70,12777
2065,NUMBER,_T,71,12120
2065,NUMBER,_T,72,9924
2065,NUMBER,_T,73,10053
2065,NUMBER,_T,74,11358
2065,NUMBER,_T,75,10920
2065,NUMBER,_T,76,10911
2065,NUMBER,_T,77,11203
2065,NUMBER,_T,78,10926
2065,NUMBER,_T,79,10710
2065,NUMBER,_T,80,10519
2065,NUMBER,_T,81,10370
2065,NUMBER,_T,82,10055
2065,NUMBER,_T,83,9505
2065,NUMBER,_T,84,8904
2065,NUMBER,_T,85,8375
2065,NUMBER,_T,86,7679
2065,NUMBER,_T,87,7068
2065,NUMBER,_T,88,6512
2065,NUMBER,_T,89,6123
2065,NUMBER,_T,90,5267
2065,NUMBER,_T,91,4472
2065,NUMBER,_T,92,3918
2065,NUMBER,_T,93,3402
2065,NUMBER,_T,94,2805
2065,NUMBER,_T,95,2172
2065,NUMBER,_T,96,1869
2065,NUMBER,_T,97,1527
2065,NUMBER,_T,98,1247
2065,NUMBER,_T,99,982
2065,NUMBER,_T,100,764
2065,NUMBER,_T,101,530
2065,NUMBER,_T,102,384
2065,NUMBER,_T,103,277
2065,NUMBER,_T,104,182
2065,NUMBER,_T,105,119
2065,NUMBER,_T,106,73
2065,NUMBER,_T,107,44
2065,NUMBER,_T,108,22
2065,NUMBER,_T,109,13
2065,NUMBER,_T,110,7
2065,NUMBER,_T,111,3
2065,NUMBER,_T,112,2
2065,NUMBER,_T,113,1
2065,NUMBER,_T,114,0
2065,NUMBER,_T,115,0
2065,NUMBER,_T,116,0
2065,NUMBER,_T,117,0
2065,NUMBER,_T,118,0
2065,NUMBER,_T,119,0
2065,NUMBER,_T,120+,0
2070,NUMBER,_T,_T,781474
2070,NUMBER,_T,0,5493
2070,NUMBER,_T,1,5546
2070,NUMBER,_T,2,5603
2070,NUMBER,_T,3,5659
2070,NUMBER,_T,4,5716
2070,NUMBER,_T,5,5773
2070,NUMBER,_T,6,5835
2070,NUMBER,_T,7,5897
2070,NUMBER,_T,8,5955
2070,NUMBER,_T,9,6014
2070,NUMBER,_T,10,6073
2070,NUMBER,_T,11,6132
2070,NUMBER,_T,12,6191
2070,NUMBER,_T,13,6249
2070,NUMBER,_T,14,6306
2070,NUMBER,_T,15,6363
2070,NUMBER,_T,16,6419
2070,NUMBER,_T,17,6477
2070,NUMBER,_T,18,6528
2070,NUMBER,_T,19,6585
2070,NUMBER,_T,20,6652
2070,NUMBER,_T,21,6718
2070,NUMBER,_T,22,6789
2070,NUMBER,_T,23,6866
2070,NUMBER,_T,24,6948
2070,NUMBER,_T,25,7030
2070,NUMBER,_T,26,7109
2070,NUMBER,_T,27,7188
2070,NUMBER,_T,28,7271
2070,NUMBER,_T,29,7360
2070,NUMBER,_T,30,7450
2070,NUMBER,_T,31,7536
2070,NUMBER,_T,32,7625
2070,NUMBER,_T,33,7717
2070,NUMBER,_T,34,7814
2070,NUMBER,_T,35,7913
2070,NUMBER,_T,36,8015
2070,NUMBER,_T,37,8117
2070,NUMBER,_T,38,8217
2070,NUMBER,_T,39,8317
2070,NUMBER,_T,40,8417
2070,NUMBER,_T,41,8511
2070,NUMBER,_T,42,8605
2070,NUMBER,_T,43,8700
2070,NUMBER,_T,44,8796
2070,NUMBER,_T,45,8891
2070,NUMBER,_T,46,8986
2070,NUMBER,_T,47,9081
2070,NUMBER,_T,48,9177
2070,NUMBER,_T,49,9270
2070,NUMBER,_T,50,9359
2070,NUMBER,_T,51,9444
2070,NUMBER,_T,52,9612
2070,NUMBER,_T,53,9371
2070,NUMBER,_T,54,9473
2070,NUMBER,_T,55,9352
2070,NUMBER,_T,56,9400
2070,NUMBER,_T,57,9498
2070,NUMBER,_T,58,10326
2070,NUMBER,_T,59,10167
2070,NUMBER,_T,60,10600
2070,NUMBER,_T,61,10910
2070,NUMBER,_T,62,10630
2070,NUMBER,_T,63,10281
2070,NUMBER,_T,64,10166
2070,NUMBER,_T,65,10181
2070,NUMBER,_T,66,10197
2070,NUMBER,_T,67,10131
2070,NUMBER,_T,68,10147
2070,NUMBER,_T,69,10504
2070,NUMBER,_T,70,10533
2070,NUMBER,_T,71,10347
2070,NUMBER,_T,72,11026
2070,NUMBER,_T,73,12129
2070,NUMBER,_T,74,11749
2070,NUMBER,_T,75,11836
2070,NUMBER,_T,76,11123
2070,NUMBER,_T,77,9015
2070,NUMBER,_T,78,9025
2070,NUMBER,_T,79,10067
2070,NUMBER,_T,80,9539
2070,NUMBER,_T,81,9385
2070,NUMBER,_T,82,9467
2070,NUMBER,_T,83,9060
2070,NUMBER,_T,84,8695
2070,NUMBER,_T,85,8332
2070,NUMBER,_T,86,8002
2070,NUMBER,_T,87,7538
2070,NUMBER,_T,88,6904
2070,NUMBER,_T,89,6241
2070,NUMBER,_T,90,5645
2070,NUMBER,_T,91,4955
2070,NUMBER,_T,92,4346
2070,NUMBER,_T,93,3801
2070,NUMBER,_T,94,3374
2070,NUMBER,_T,95,2725
2070,NUMBER,_T,96,2160
2070,NUMBER,_T,97,1755
2070,NUMBER,_T,98,1403
2070,NUMBER,_T,99,1057
2070,NUMBER,_T,100,742
2070,NUMBER,_T,101,574
2070,NUMBER,_T,102,419
2070,NUMBER,_T,103,303
2070,NUMBER,_T,104,210
2070,NUMBER,_T,105,142
2070,NUMBER,_T,106,85
2070,NUMBER,_T,107,52
2070,NUMBER,_T,108,31
2070,NUMBER,_T,109,17
2070,NUMBER,_T,110,9
2070,NUMBER,_T,111,4
2070,NUMBER,_T,112,2
2070,NUMBER,_T,113,1
2070,NUMBER,_T,114,0
2070,NUMBER,_T,115,0
2070,NUMBER,_T,116,0
2070,NUMBER,_T,117,0
2070,NUMBER,_T,118,0
2070,NUMBER,_T,119,0
2070,NUMBER,_T,120+,0
2019,NUMBER,M,_T,556961
2019,NUMBER,M,0,4821
2019,NUMBER,M,1,4995
2019,NUMBER,M,2,4870
2019,NUMBER,M,3,4921
2019,NUMBER,M,4,4819
2019,NUMBER,M,5,4887
2019,NUMBER,M,6,4934
2019,NUMBER,M,7,5342
2019,NUMBER,M,8,5366
2019,NUMBER,M,9,5551
2019,NUMBER,M,10,5938
2019,NUMBER,M,11,5721
2019,NUMBER,M,12,5459
2019,NUMBER,M,13,5424
2019,NUMBER,M,14,5524
2019,NUMBER,M,15,5646
2019,NUMBER,M,16,5564
2019,NUMBER,M,17,5689
2019,NUMBER,M,18,6021
2019,NUMBER,M,19,5968
2019,NUMBER,M,20,5984
2019,NUMBER,M,21,6559
2019,NUMBER,M,22,7457
2019,NUMBER,M,23,7312
2019,NUMBER,M,24,7450
2019,NUMBER,M,25,7299
2019,NUMBER,M,26,6066
2019,NUMBER,M,27,6245
2019,NUMBER,M,28,7140
2019,NUMBER,M,29,7027
2019,NUMBER,M,30,7111
2019,NUMBER,M,31,7600
2019,NUMBER,M,32,7516
2019,NUMBER,M,33,7543
2019,NUMBER,M,34,7962
2019,NUMBER,M,35,8171
2019,NUMBER,M,36,8278
2019,NUMBER,M,37,8177
2019,NUMBER,M,38,8143
2019,NUMBER,M,39,8147
2019,NUMBER,M,40,8022
2019,NUMBER,M,41,8168
2019,NUMBER,M,42,8114
2019,NUMBER,M,43,8525
2019,NUMBER,M,44,8176
2019,NUMBER,M,45,7921
2019,NUMBER,M,46,7876
2019,NUMBER,M,47,7992
2019,NUMBER,M,48,7698
2019,NUMBER,M,49,7066
2019,NUMBER,M,50,7606
2019,NUMBER,M,51,7498
2019,NUMBER,M,52,7928
2019,NUMBER,M,53,8072
2019,NUMBER,M,54,8461
2019,NUMBER,M,55,7984
2019,NUMBER,M,56,8111
2019,NUMBER,M,57,8540
2019,NUMBER,M,58,8486
2019,NUMBER,M,59,8615
2019,NUMBER,M,60,8432
2019,NUMBER,M,61,8563
2019,NUMBER,M,62,7709
2019,NUMBER,M,63,8398
2019,NUMBER,M,64,8289
2019,NUMBER,M,65,8753
2019,NUMBER,M,66,7957
2019,NUMBER,M,67,8140
2019,NUMBER,M,68,6562
2019,NUMBER,M,69,6768
2019,NUMBER,M,70,6719
2019,NUMBER,M,71,5590
2019,NUMBER,M,72,5486
2019,NUMBER,M,73,4872
2019,NUMBER,M,74,3406
2019,NUMBER,M,75,3232
2019,NUMBER,M,76,3176
2019,NUMBER,M,77,3151
2019,NUMBER,M,78,3418
2019,NUMBER,M,79,3617
2019,NUMBER,M,80,3155
2019,NUMBER,M,81,2931
2019,NUMBER,M,82,2633
2019,NUMBER,M,83,2260
2019,NUMBER,M,84,1823
2019,NUMBER,M,85,1495
2019,NUMBER,M,86,1225
2019,NUMBER,M,87,986
2019,NUMBER,M,88,720
2019,NUMBER,M,89,630
2019,NUMBER,M,90,431
2019,NUMBER,M,91,385
2019,NUMBER,M,92,177
2019,NUMBER,M,93,129
2019,NUMBER,M,94,80
2019,NUMBER,M,95,61
2019,NUMBER,M,96,36
2019,NUMBER,M,97,13
2019,NUMBER,M,98,11
2019,NUMBER,M,99,7
2019,NUMBER,M,100,5
2019,NUMBER,M,101,12
2019,NUMBER,M,102,6
2019,NUMBER,M,103,3
2019,NUMBER,M,104,2
2019,NUMBER,M,105,1
2019,NUMBER,M,106,1
2019,NUMBER,M,107,1
2019,NUMBER,M,108,0
2019,NUMBER,M,109,0
2019,NUMBER,M,110,0
2019,NUMBER,M,111,0
2019,NUMBER,M,112,0
2019,NUMBER,M,113,0
2019,NUMBER,M,114,0
2019,NUMBER,M,115,0
2019,NUMBER,M,116,0
2019,NUMBER,M,117,0
2019,NUMBER,M,118,0
2019,NUMBER,M,119,0
2019,NUMBER,M,120+,0
2020,NUMBER,M,_T,554363
2020,NUMBER,M,0,4765
2020,NUMBER,M,1,4820
2020,NUMBER,M,2,4996
2020,NUMBER,M,3,4871
2020,NUMBER,M,4,4920
2020,NUMBER,M,5,4819
2020,NUMBER,M,6,4890
2020,NUMBER,M,7,4937
2020,NUMBER,M,8,5342
2020,NUMBER,M,9,5365
2020,NUMBER,M,10,5550
2020,NUMBER,M,11,5936
2020,NUMBER,M,12,5720
2020,NUMBER,M,13,5458
2020,NUMBER,M,14,5424
2020,NUMBER,M,15,5523
2020,NUMBER,M,16,5644
2020,NUMBER,M,17,5562
2020,NUMBER,M,18,5676
2020,NUMBER,M,19,6007
2020,NUMBER,M,20,5964
2020,NUMBER,M,21,5978
2020,NUMBER,M,22,6551
2020,NUMBER,M,23,7450
2020,NUMBER,M,24,7308
2020,NUMBER,M,25,7447
2020,NUMBER,M,26,7296
2020,NUMBER,M,27,6064
2020,NUMBER,M,28,6245
2020,NUMBER,M,29,7140
2020,NUMBER,M,30,7026
2020,NUMBER,M,31,7110
2020,NUMBER,M,32,7598
2020,NUMBER,M,33,7513
2020,NUMBER,M,34,7540
2020,NUMBER,M,35,7956
2020,NUMBER,M,36,8164
2020,NUMBER,M,37,8270
2020,NUMBER,M,38,8167
2020,NUMBER,M,39,8132
2020,NUMBER,M,40,8135
2020,NUMBER,M,41,8009
2020,NUMBER,M,42,8152
2020,NUMBER,M,43,8095
2020,NUMBER,M,44,8502
2020,NUMBER,M,45,8151
2020,NUMBER,M,46,7896
2020,NUMBER,M,47,7849
2020,NUMBER,M,48,7961
2020,NUMBER,M,49,7664
2020,NUMBER,M,50,7030
2020,NUMBER,M,51,7563
2020,NUMBER,M,52,7452
2020,NUMBER,M,53,7876
2020,NUMBER,M,54,8014
2020,NUMBER,M,55,8391
2020,NUMBER,M,56,7909
2020,NUMBER,M,57,8027
2020,NUMBER,M,58,8442
2020,NUMBER,M,59,8380
2020,NUMBER,M,60,8499
2020,NUMBER,M,61,8310
2020,NUMBER,M,62,8428
2020,NUMBER,M,63,7577
2020,NUMBER,M,64,8237
2020,NUMBER,M,65,8114
2020,NUMBER,M,66,8560
2020,NUMBER,M,67,7773
2020,NUMBER,M,68,7937
2020,NUMBER,M,69,6383
2020,NUMBER,M,70,6562
2020,NUMBER,M,71,6493
2020,NUMBER,M,72,5384
2020,NUMBER,M,73,5264
2020,NUMBER,M,74,4655
2020,NUMBER,M,75,3239
2020,NUMBER,M,76,3056
2020,NUMBER,M,77,2985
2020,NUMBER,M,78,2943
2020,NUMBER,M,79,3170
2020,NUMBER,M,80,3330
2020,NUMBER,M,81,2880
2020,NUMBER,M,82,2652
2020,NUMBER,M,83,2360
2020,NUMBER,M,84,2004
2020,NUMBER,M,85,1598
2020,NUMBER,M,86,1294
2020,NUMBER,M,87,1046
2020,NUMBER,M,88,830
2020,NUMBER,M,89,597
2020,NUMBER,M,90,514
2020,NUMBER,M,91,346
2020,NUMBER,M,92,303
2020,NUMBER,M,93,136
2020,NUMBER,M,94,98
2020,NUMBER,M,95,60
2020,NUMBER,M,96,44
2020,NUMBER,M,97,25
2020,NUMBER,M,98,9
2020,NUMBER,M,99,7
2020,NUMBER,M,100,4
2020,NUMBER,M,101,3
2020,NUMBER,M,102,8
2020,NUMBER,M,103,3
2020,NUMBER,M,104,2
2020,NUMBER,M,105,1
2020,NUMBER,M,106,1
2020,NUMBER,M,107,0
2020,NUMBER,M,108,0
2020,NUMBER,M,109,0
2020,NUMBER,M,110,0
2020,NUMBER,M,111,0
2020,NUMBER,M,112,0
2020,NUMBER,M,113,0
2020,NUMBER,M,114,0
2020,NUMBER,M,115,0
2020,NUMBER,M,116,0
2020,NUMBER,M,117,0
2020,NUMBER,M,118,0
2020,NUMBER,M,119,0
2020,NUMBER,M,120+,0
2025,NUMBER,M,_T,540706
2025,NUMBER,M,0,4485
2025,NUMBER,M,1,4539
2025,NUMBER,M,2,4595
2025,NUMBER,M,3,4654
2025,NUMBER,M,4,4711
2025,NUMBER,M,5,4767
2025,NUMBER,M,6,4824
2025,NUMBER,M,7,5001
2025,NUMBER,M,8,4875
2025,NUMBER,M,9,4924
2025,NUMBER,M,10,4823
2025,NUMBER,M,11,4891
2025,NUMBER,M,12,4934
2025,NUMBER,M,13,5338
2025,NUMBER,M,14,5361
2025,NUMBER,M,15,5546
2025,NUMBER,M,16,5931
2025,NUMBER,M,17,5714
2025,NUMBER,M,18,5444
2025,NUMBER,M,19,5399
2025,NUMBER,M,20,5497
2025,NUMBER,M,21,5613
2025,NUMBER,M,22,5529
2025,NUMBER,M,23,5651
2025,NUMBER,M,24,5992
2025,NUMBER,M,25,5954
2025,NUMBER,M,26,5972
2025,NUMBER,M,27,6542
2025,NUMBER,M,28,7433
2025,NUMBER,M,29,7291
2025,NUMBER,M,30,7431
2025,NUMBER,M,31,7288
2025,NUMBER,M,32,6073
2025,NUMBER,M,33,6254
2025,NUMBER,M,34,7139
2025,NUMBER,M,35,7022
2025,NUMBER,M,36,7101
2025,NUMBER,M,37,7580
2025,NUMBER,M,38,7491
2025,NUMBER,M,39,7511
2025,NUMBER,M,40,7916
2025,NUMBER,M,41,8113
2025,NUMBER,M,42,8210
2025,NUMBER,M,43,8100
2025,NUMBER,M,44,8056
2025,NUMBER,M,45,8048
2025,NUMBER,M,46,7912
2025,NUMBER,M,47,8041
2025,NUMBER,M,48,7971
2025,NUMBER,M,49,8355
2025,NUMBER,M,50,7994
2025,NUMBER,M,51,7727
2025,NUMBER,M,52,7662
2025,NUMBER,M,53,7752
2025,NUMBER,M,54,7447
2025,NUMBER,M,55,6816
2025,NUMBER,M,56,7308
2025,NUMBER,M,57,7172
2025,NUMBER,M,58,7543
2025,NUMBER,M,59,7635
2025,NUMBER,M,60,7954
2025,NUMBER,M,61,7463
2025,NUMBER,M,62,7536
2025,NUMBER,M,63,7879
2025,NUMBER,M,64,7771
2025,NUMBER,M,65,7825
2025,NUMBER,M,66,7595
2025,NUMBER,M,67,7652
2025,NUMBER,M,68,6830
2025,NUMBER,M,69,7363
2025,NUMBER,M,70,7182
2025,NUMBER,M,71,7489
2025,NUMBER,M,72,6709
2025,NUMBER,M,73,6751
2025,NUMBER,M,74,5341
2025,NUMBER,M,75,5391
2025,NUMBER,M,76,5224
2025,NUMBER,M,77,4232
2025,NUMBER,M,78,4033
2025,NUMBER,M,79,3471
2025,NUMBER,M,80,2348
2025,NUMBER,M,81,2148
2025,NUMBER,M,82,2026
2025,NUMBER,M,83,1920
2025,NUMBER,M,84,1979
2025,NUMBER,M,85,1983
2025,NUMBER,M,86,1631
2025,NUMBER,M,87,1422
2025,NUMBER,M,88,1193
2025,NUMBER,M,89,951
2025,NUMBER,M,90,709
2025,NUMBER,M,91,534
2025,NUMBER,M,92,400
2025,NUMBER,M,93,292
2025,NUMBER,M,94,193
2025,NUMBER,M,95,151
2025,NUMBER,M,96,93
2025,NUMBER,M,97,73
2025,NUMBER,M,98,30
2025,NUMBER,M,99,19
2025,NUMBER,M,100,10
2025,NUMBER,M,101,7
2025,NUMBER,M,102,3
2025,NUMBER,M,103,1
2025,NUMBER,M,104,1
2025,NUMBER,M,105,0
2025,NUMBER,M,106,0
2025,NUMBER,M,107,1
2025,NUMBER,M,108,0
2025,NUMBER,M,109,0
2025,NUMBER,M,110,0
2025,NUMBER,M,111,0
2025,NUMBER,M,112,0
2025,NUMBER,M,113,0
2025,NUMBER,M,114,0
2025,NUMBER,M,115,0
2025,NUMBER,M,116,0
2025,NUMBER,M,117,0
2025,NUMBER,M,118,0
2025,NUMBER,M,119,0
2025,NUMBER,M,120+,0
2030,NUMBER,M,_T,525886
2030,NUMBER,M,0,4233
2030,NUMBER,M,1,4281
2030,NUMBER,M,2,4332
2030,NUMBER,M,3,4384
2030,NUMBER,M,4,4435
2030,NUMBER,M,5,4488
2030,NUMBER,M,6,4545
2030,NUMBER,M,7,4603
2030,NUMBER,M,8,4659
2030,NUMBER,M,9,4716
2030,NUMBER,M,10,4771
2030,NUMBER,M,11,4825
2030,NUMBER,M,12,4999
2030,NUMBER,M,13,4873
2030,NUMBER,M,14,4923
2030,NUMBER,M,15,4822
2030,NUMBER,M,16,4890
2030,NUMBER,M,17,4933
2030,NUMBER,M,18,5326
2030,NUMBER,M,19,5338
2030,NUMBER,M,20,5519
2030,NUMBER,M,21,5896
2030,NUMBER,M,22,5679
2030,NUMBER,M,23,5424
2030,NUMBER,M,24,5395
2030,NUMBER,M,25,5497
2030,NUMBER,M,26,5619
2030,NUMBER,M,27,5539
2030,NUMBER,M,28,5663
2030,NUMBER,M,29,6002
2030,NUMBER,M,30,5964
2030,NUMBER,M,31,5983
2030,NUMBER,M,32,6547
2030,NUMBER,M,33,7430
2030,NUMBER,M,34,7285
2030,NUMBER,M,35,7424
2030,NUMBER,M,36,7283
2030,NUMBER,M,37,6077
2030,NUMBER,M,38,6254
2030,NUMBER,M,39,7124
2030,NUMBER,M,40,7001
2030,NUMBER,M,41,7072
2030,NUMBER,M,42,7539
2030,NUMBER,M,43,7443
2030,NUMBER,M,44,7453
2030,NUMBER,M,45,7842
2030,NUMBER,M,46,8023
2030,NUMBER,M,47,8107
2030,NUMBER,M,48,7988
2030,NUMBER,M,49,7931
2030,NUMBER,M,50,7908
2030,NUMBER,M,51,7757
2030,NUMBER,M,52,7865
2030,NUMBER,M,53,7778
2030,NUMBER,M,54,8134
2030,NUMBER,M,55,7765
2030,NUMBER,M,56,7486
2030,NUMBER,M,57,7398
2030,NUMBER,M,58,7456
2030,NUMBER,M,59,7135
2030,NUMBER,M,60,6506
2030,NUMBER,M,61,6944
2030,NUMBER,M,62,6782
2030,NUMBER,M,63,7095
2030,NUMBER,M,64,7137
2030,NUMBER,M,65,7387
2030,NUMBER,M,66,6888
2030,NUMBER,M,67,6911
2030,NUMBER,M,68,7175
2030,NUMBER,M,69,7023
2030,NUMBER,M,70,7011
2030,NUMBER,M,71,6734
2030,NUMBER,M,72,6702
2030,NUMBER,M,73,5900
2030,NUMBER,M,74,6262
2030,NUMBER,M,75,6004
2030,NUMBER,M,76,6144
2030,NUMBER,M,77,5387
2030,NUMBER,M,78,5297
2030,NUMBER,M,79,4084
2030,NUMBER,M,80,4012
2030,NUMBER,M,81,3775
2030,NUMBER,M,82,2964
2030,NUMBER,M,83,2729
2030,NUMBER,M,84,2263
2030,NUMBER,M,85,1473
2030,NUMBER,M,86,1289
2030,NUMBER,M,87,1156
2030,NUMBER,M,88,1037
2030,NUMBER,M,89,1007
2030,NUMBER,M,90,947
2030,NUMBER,M,91,729
2030,NUMBER,M,92,592
2030,NUMBER,M,93,461
2030,NUMBER,M,94,339
2030,NUMBER,M,95,232
2030,NUMBER,M,96,160
2030,NUMBER,M,97,109
2030,NUMBER,M,98,72
2030,NUMBER,M,99,43
2030,NUMBER,M,100,30
2030,NUMBER,M,101,16
2030,NUMBER,M,102,11
2030,NUMBER,M,103,4
2030,NUMBER,M,104,2
2030,NUMBER,M,105,1
2030,NUMBER,M,106,1
2030,NUMBER,M,107,0
2030,NUMBER,M,108,0
2030,NUMBER,M,109,0
2030,NUMBER,M,110,0
2030,NUMBER,M,111,0
2030,NUMBER,M,112,0
2030,NUMBER,M,113,0
2030,NUMBER,M,114,0
2030,NUMBER,M,115,0
2030,NUMBER,M,116,0
2030,NUMBER,M,117,0
2030,NUMBER,M,118,0
2030,NUMBER,M,119,0
2030,NUMBER,M,120+,0
2035,NUMBER,M,_T,509696
2035,NUMBER,M,0,3985
2035,NUMBER,M,1,4034
2035,NUMBER,M,2,4086
2035,NUMBER,M,3,4137
2035,NUMBER,M,4,4186
2035,NUMBER,M,5,4238
2035,NUMBER,M,6,4289
2035,NUMBER,M,7,4340
2035,NUMBER,M,8,4391
2035,NUMBER,M,9,4442
2035,NUMBER,M,10,4494
2035,NUMBER,M,11,4548
2035,NUMBER,M,12,4602
2035,NUMBER,M,13,4659
2035,NUMBER,M,14,4716
2035,NUMBER,M,15,4771
2035,NUMBER,M,16,4825
2035,NUMBER,M,17,4997
2035,NUMBER,M,18,4865
2035,NUMBER,M,19,4908
2035,NUMBER,M,20,4809
2035,NUMBER,M,21,4876
2035,NUMBER,M,22,4914
2035,NUMBER,M,23,5313
2035,NUMBER,M,24,5335
2035,NUMBER,M,25,5518
2035,NUMBER,M,26,5898
2035,NUMBER,M,27,5688
2035,NUMBER,M,28,5440
2035,NUMBER,M,29,5413
2035,NUMBER,M,30,5515
2035,NUMBER,M,31,5638
2035,NUMBER,M,32,5562
2035,NUMBER,M,33,5685
2035,NUMBER,M,34,6019
2035,NUMBER,M,35,5979
2035,NUMBER,M,36,5994
2035,NUMBER,M,37,6547
2035,NUMBER,M,38,7416
2035,NUMBER,M,39,7265
2035,NUMBER,M,40,7399
2035,NUMBER,M,41,7258
2035,NUMBER,M,42,6060
2035,NUMBER,M,43,6230
2035,NUMBER,M,44,7082
2035,NUMBER,M,45,6949
2035,NUMBER,M,46,7010
2035,NUMBER,M,47,7460
2035,NUMBER,M,48,7354
2035,NUMBER,M,49,7351
2035,NUMBER,M,50,7718
2035,NUMBER,M,51,7878
2035,NUMBER,M,52,7943
2035,NUMBER,M,53,7810
2035,NUMBER,M,54,7739
2035,NUMBER,M,55,7701
2035,NUMBER,M,56,7534
2035,NUMBER,M,57,7614
2035,NUMBER,M,58,7501
2035,NUMBER,M,59,7813
2035,NUMBER,M,60,7431
2035,NUMBER,M,61,7139
2035,NUMBER,M,62,7027
2035,NUMBER,M,63,7050
2035,NUMBER,M,64,6716
2035,NUMBER,M,65,6091
2035,NUMBER,M,66,6463
2035,NUMBER,M,67,6275
2035,NUMBER,M,68,6523
2035,NUMBER,M,69,6514
2035,NUMBER,M,70,6688
2035,NUMBER,M,71,6177
2035,NUMBER,M,72,6125
2035,NUMBER,M,73,6275
2035,NUMBER,M,74,6055
2035,NUMBER,M,75,5952
2035,NUMBER,M,76,5619
2035,NUMBER,M,77,5484
2035,NUMBER,M,78,4723
2035,NUMBER,M,79,4897
2035,NUMBER,M,80,4576
2035,NUMBER,M,81,4557
2035,NUMBER,M,82,3879
2035,NUMBER,M,83,3696
2035,NUMBER,M,84,2752
2035,NUMBER,M,85,2602
2035,NUMBER,M,86,2349
2035,NUMBER,M,87,1763
2035,NUMBER,M,88,1546
2035,NUMBER,M,89,1217
2035,NUMBER,M,90,749
2035,NUMBER,M,91,616
2035,NUMBER,M,92,517
2035,NUMBER,M,93,432
2035,NUMBER,M,94,390
2035,NUMBER,M,95,339
2035,NUMBER,M,96,239
2035,NUMBER,M,97,178
2035,NUMBER,M,98,126
2035,NUMBER,M,99,84
2035,NUMBER,M,100,52
2035,NUMBER,M,101,32
2035,NUMBER,M,102,19
2035,NUMBER,M,103,11
2035,NUMBER,M,104,6
2035,NUMBER,M,105,4
2035,NUMBER,M,106,2
2035,NUMBER,M,107,1
2035,NUMBER,M,108,0
2035,NUMBER,M,109,0
2035,NUMBER,M,110,0
2035,NUMBER,M,111,0
2035,NUMBER,M,112,0
2035,NUMBER,M,113,0
2035,NUMBER,M,114,0
2035,NUMBER,M,115,0
2035,NUMBER,M,116,0
2035,NUMBER,M,117,0
2035,NUMBER,M,118,0
2035,NUMBER,M,119,0
2035,NUMBER,M,120+,0
2040,NUMBER,M,_T,492220
2040,NUMBER,M,0,3772
2040,NUMBER,M,1,3811
2040,NUMBER,M,2,3854
2040,NUMBER,M,3,3898
2040,NUMBER,M,4,3943
2040,NUMBER,M,5,3991
2040,NUMBER,M,6,4043
2040,NUMBER,M,7,4095
2040,NUMBER,M,8,4145
2040,NUMBER,M,9,4194
2040,NUMBER,M,10,4245
2040,NUMBER,M,11,4293
2040,NUMBER,M,12,4342
2040,NUMBER,M,13,4392
2040,NUMBER,M,14,4443
2040,NUMBER,M,15,4495
2040,NUMBER,M,16,4548
2040,NUMBER,M,17,4603
2040,NUMBER,M,18,4652
2040,NUMBER,M,19,4703
2040,NUMBER,M,20,4759
2040,NUMBER,M,21,4810
2040,NUMBER,M,22,4980
2040,NUMBER,M,23,4858
2040,NUMBER,M,24,4914
2040,NUMBER,M,25,4821
2040,NUMBER,M,26,4893
2040,NUMBER,M,27,4934
2040,NUMBER,M,28,5331
2040,NUMBER,M,29,5353
2040,NUMBER,M,30,5533
2040,NUMBER,M,31,5913
2040,NUMBER,M,32,5708
2040,NUMBER,M,33,5464
2040,NUMBER,M,34,5437
2040,NUMBER,M,35,5536
2040,NUMBER,M,36,5656
2040,NUMBER,M,37,5578
2040,NUMBER,M,38,5696
2040,NUMBER,M,39,6023
2040,NUMBER,M,40,5978
2040,NUMBER,M,41,5988
2040,NUMBER,M,42,6527
2040,NUMBER,M,43,7378
2040,NUMBER,M,44,7220
2040,NUMBER,M,45,7344
2040,NUMBER,M,46,7199
2040,NUMBER,M,47,6012
2040,NUMBER,M,48,6172
2040,NUMBER,M,49,6999
2040,NUMBER,M,50,6854
2040,NUMBER,M,51,6900
2040,NUMBER,M,52,7326
2040,NUMBER,M,53,7207
2040,NUMBER,M,54,7191
2040,NUMBER,M,55,7531
2040,NUMBER,M,56,7666
2040,NUMBER,M,57,7706
2040,NUMBER,M,58,7553
2040,NUMBER,M,59,7458
2040,NUMBER,M,60,7394
2040,NUMBER,M,61,7209
2040,NUMBER,M,62,7259
2040,NUMBER,M,63,7120
2040,NUMBER,M,64,7380
2040,NUMBER,M,65,6982
2040,NUMBER,M,66,6675
2040,NUMBER,M,67,6538
2040,NUMBER,M,68,6524
2040,NUMBER,M,69,6180
2040,NUMBER,M,70,5569
2040,NUMBER,M,71,5854
2040,NUMBER,M,72,5620
2040,NUMBER,M,73,5769
2040,NUMBER,M,74,5684
2040,NUMBER,M,75,5752
2040,NUMBER,M,76,5228
2040,NUMBER,M,77,5091
2040,NUMBER,M,78,5112
2040,NUMBER,M,79,4826
2040,NUMBER,M,80,4634
2040,NUMBER,M,81,4265
2040,NUMBER,M,82,4052
2040,NUMBER,M,83,3387
2040,NUMBER,M,84,3400
2040,NUMBER,M,85,3064
2040,NUMBER,M,86,2936
2040,NUMBER,M,87,2395
2040,NUMBER,M,88,2182
2040,NUMBER,M,89,1547
2040,NUMBER,M,90,1387
2040,NUMBER,M,91,1183
2040,NUMBER,M,92,835
2040,NUMBER,M,93,687
2040,NUMBER,M,94,504
2040,NUMBER,M,95,288
2040,NUMBER,M,96,219
2040,NUMBER,M,97,169
2040,NUMBER,M,98,129
2040,NUMBER,M,99,105
2040,NUMBER,M,100,82
2040,NUMBER,M,101,52
2040,NUMBER,M,102,35
2040,NUMBER,M,103,22
2040,NUMBER,M,104,13
2040,NUMBER,M,105,7
2040,NUMBER,M,106,4
2040,NUMBER,M,107,2
2040,NUMBER,M,108,1
2040,NUMBER,M,109,0
2040,NUMBER,M,110,0
2040,NUMBER,M,111,0
2040,NUMBER,M,112,0
2040,NUMBER,M,113,0
2040,NUMBER,M,114,0
2040,NUMBER,M,115,0
2040,NUMBER,M,116,0
2040,NUMBER,M,117,0
2040,NUMBER,M,118,0
2040,NUMBER,M,119,0
2040,NUMBER,M,120+,0
2045,NUMBER,M,_T,474085
2045,NUMBER,M,0,3574
2045,NUMBER,M,1,3613
2045,NUMBER,M,2,3655
2045,NUMBER,M,3,3696
2045,NUMBER,M,4,3737
2045,NUMBER,M,5,3779
2045,NUMBER,M,6,3821
2045,NUMBER,M,7,3865
2045,NUMBER,M,8,3908
2045,NUMBER,M,9,3953
2045,NUMBER,M,10,4000
2045,NUMBER,M,11,4048
2045,NUMBER,M,12,4098
2045,NUMBER,M,13,4147
2045,NUMBER,M,14,4196
2045,NUMBER,M,15,4247
2045,NUMBER,M,16,4294
2045,NUMBER,M,17,4343
2045,NUMBER,M,18,4387
2045,NUMBER,M,19,4434
2045,NUMBER,M,20,4488
2045,NUMBER,M,21,4539
2045,NUMBER,M,22,4592
2045,NUMBER,M,23,4650
2045,NUMBER,M,24,4711
2045,NUMBER,M,25,4771
2045,NUMBER,M,26,4827
2045,NUMBER,M,27,5000
2045,NUMBER,M,28,4881
2045,NUMBER,M,29,4939
2045,NUMBER,M,30,4847
2045,NUMBER,M,31,4921
2045,NUMBER,M,32,4963
2045,NUMBER,M,33,5358
2045,NUMBER,M,34,5377
2045,NUMBER,M,35,5553
2045,NUMBER,M,36,5927
2045,NUMBER,M,37,5722
2045,NUMBER,M,38,5478
2045,NUMBER,M,39,5449
2045,NUMBER,M,40,5543
2045,NUMBER,M,41,5658
2045,NUMBER,M,42,5575
2045,NUMBER,M,43,5686
2045,NUMBER,M,44,6004
2045,NUMBER,M,45,5952
2045,NUMBER,M,46,5953
2045,NUMBER,M,47,6475
2045,NUMBER,M,48,7304
2045,NUMBER,M,49,7135
2045,NUMBER,M,50,7247
2045,NUMBER,M,51,7095
2045,NUMBER,M,52,5921
2045,NUMBER,M,53,6068
2045,NUMBER,M,54,6864
2045,NUMBER,M,55,6707
2045,NUMBER,M,56,6736
2045,NUMBER,M,57,7130
2045,NUMBER,M,58,6992
2045,NUMBER,M,59,6952
2045,NUMBER,M,60,7255
2045,NUMBER,M,61,7358
2045,NUMBER,M,62,7370
2045,NUMBER,M,63,7196
2045,NUMBER,M,64,7075
2045,NUMBER,M,65,6980
2045,NUMBER,M,66,6772
2045,NUMBER,M,67,6787
2045,NUMBER,M,68,6622
2045,NUMBER,M,69,6824
2045,NUMBER,M,70,6415
2045,NUMBER,M,71,6085
2045,NUMBER,M,72,5901
2045,NUMBER,M,73,5823
2045,NUMBER,M,74,5451
2045,NUMBER,M,75,4848
2045,NUMBER,M,76,5019
2045,NUMBER,M,77,4737
2045,NUMBER,M,78,4773
2045,NUMBER,M,79,4608
2045,NUMBER,M,80,4563
2045,NUMBER,M,81,4051
2045,NUMBER,M,82,3847
2045,NUMBER,M,83,3757
2045,NUMBER,M,84,3440
2045,NUMBER,M,85,3196
2045,NUMBER,M,86,2837
2045,NUMBER,M,87,2592
2045,NUMBER,M,88,2076
2045,NUMBER,M,89,1991
2045,NUMBER,M,90,1706
2045,NUMBER,M,91,1550
2045,NUMBER,M,92,1194
2045,NUMBER,M,93,1023
2045,NUMBER,M,94,679
2045,NUMBER,M,95,568
2045,NUMBER,M,96,449
2045,NUMBER,M,97,292
2045,NUMBER,M,98,220
2045,NUMBER,M,99,147
2045,NUMBER,M,100,76
2045,NUMBER,M,101,52
2045,NUMBER,M,102,36
2045,NUMBER,M,103,24
2045,NUMBER,M,104,17
2045,NUMBER,M,105,12
2045,NUMBER,M,106,7
2045,NUMBER,M,107,4
2045,NUMBER,M,108,2
2045,NUMBER,M,109,1
2045,NUMBER,M,110,0
2045,NUMBER,M,111,0
2045,NUMBER,M,112,0
2045,NUMBER,M,113,0
2045,NUMBER,M,114,0
2045,NUMBER,M,115,0
2045,NUMBER,M,116,0
2045,NUMBER,M,117,0
2045,NUMBER,M,118,0
2045,NUMBER,M,119,0
2045,NUMBER,M,120+,0
2050,NUMBER,M,_T,455913
2050,NUMBER,M,0,3405
2050,NUMBER,M,1,3437
2050,NUMBER,M,2,3471
2050,NUMBER,M,3,3507
2050,NUMBER,M,4,3543
2050,NUMBER,M,5,3581
2050,NUMBER,M,6,3623
2050,NUMBER,M,7,3666
2050,NUMBER,M,8,3707
2050,NUMBER,M,9,3747
2050,NUMBER,M,10,3788
2050,NUMBER,M,11,3827
2050,NUMBER,M,12,3867
2050,NUMBER,M,13,3910
2050,NUMBER,M,14,3955
2050,NUMBER,M,15,4002
2050,NUMBER,M,16,4050
2050,NUMBER,M,17,4100
2050,NUMBER,M,18,4144
2050,NUMBER,M,19,4190
2050,NUMBER,M,20,4242
2050,NUMBER,M,21,4289
2050,NUMBER,M,22,4337
2050,NUMBER,M,23,4389
2050,NUMBER,M,24,4445
2050,NUMBER,M,25,4502
2050,NUMBER,M,26,4559
2050,NUMBER,M,27,4616
2050,NUMBER,M,28,4675
2050,NUMBER,M,29,4736
2050,NUMBER,M,30,4797
2050,NUMBER,M,31,4853
2050,NUMBER,M,32,5028
2050,NUMBER,M,33,4911
2050,NUMBER,M,34,4968
2050,NUMBER,M,35,4875
2050,NUMBER,M,36,4947
2050,NUMBER,M,37,4986
2050,NUMBER,M,38,5374
2050,NUMBER,M,39,5388
2050,NUMBER,M,40,5558
2050,NUMBER,M,41,5925
2050,NUMBER,M,42,5717
2050,NUMBER,M,43,5472
2050,NUMBER,M,44,5439
2050,NUMBER,M,45,5526
2050,NUMBER,M,46,5633
2050,NUMBER,M,47,5545
2050,NUMBER,M,48,5647
2050,NUMBER,M,49,5952
2050,NUMBER,M,50,5891
2050,NUMBER,M,51,5881
2050,NUMBER,M,52,6380
2050,NUMBER,M,53,7179
2050,NUMBER,M,54,7000
2050,NUMBER,M,55,7097
2050,NUMBER,M,56,6938
2050,NUMBER,M,57,5783
2050,NUMBER,M,58,5910
2050,NUMBER,M,59,6658
2050,NUMBER,M,60,6485
2050,NUMBER,M,61,6491
2050,NUMBER,M,62,6846
2050,NUMBER,M,63,6689
2050,NUMBER,M,64,6623
2050,NUMBER,M,65,6876
2050,NUMBER,M,66,6939
2050,NUMBER,M,67,6920
2050,NUMBER,M,68,6726
2050,NUMBER,M,69,6579
2050,NUMBER,M,70,6452
2050,NUMBER,M,71,6212
2050,NUMBER,M,72,6167
2050,NUMBER,M,73,5955
2050,NUMBER,M,74,6068
2050,NUMBER,M,75,5635
2050,NUMBER,M,76,5273
2050,NUMBER,M,77,5034
2050,NUMBER,M,78,4883
2050,NUMBER,M,79,4486
2050,NUMBER,M,80,3910
2050,NUMBER,M,81,3963
2050,NUMBER,M,82,3652
2050,NUMBER,M,83,3586
2050,NUMBER,M,84,3365
2050,NUMBER,M,85,3231
2050,NUMBER,M,86,2773
2050,NUMBER,M,87,2538
2050,NUMBER,M,88,2382
2050,NUMBER,M,89,2088
2050,NUMBER,M,90,1852
2050,NUMBER,M,91,1563
2050,NUMBER,M,92,1353
2050,NUMBER,M,93,1022
2050,NUMBER,M,94,921
2050,NUMBER,M,95,738
2050,NUMBER,M,96,624
2050,NUMBER,M,97,444
2050,NUMBER,M,98,350
2050,NUMBER,M,99,212
2050,NUMBER,M,100,161
2050,NUMBER,M,101,114
2050,NUMBER,M,102,66
2050,NUMBER,M,103,44
2050,NUMBER,M,104,26
2050,NUMBER,M,105,12
2050,NUMBER,M,106,7
2050,NUMBER,M,107,4
2050,NUMBER,M,108,2
2050,NUMBER,M,109,1
2050,NUMBER,M,110,1
2050,NUMBER,M,111,0
2050,NUMBER,M,112,0
2050,NUMBER,M,113,0
2050,NUMBER,M,114,0
2050,NUMBER,M,115,0
2050,NUMBER,M,116,0
2050,NUMBER,M,117,0
2050,NUMBER,M,118,0
2050,NUMBER,M,119,0
2050,NUMBER,M,120+,0
2055,NUMBER,M,_T,438059
2055,NUMBER,M,0,3258
2055,NUMBER,M,1,3288
2055,NUMBER,M,2,3318
2055,NUMBER,M,3,3350
2055,NUMBER,M,4,3380
2055,NUMBER,M,5,3412
2055,NUMBER,M,6,3447
2055,NUMBER,M,7,3482
2055,NUMBER,M,8,3517
2055,NUMBER,M,9,3553
2055,NUMBER,M,10,3590
2055,NUMBER,M,11,3629
2055,NUMBER,M,12,3669
2055,NUMBER,M,13,3710
2055,NUMBER,M,14,3750
2055,NUMBER,M,15,3791
2055,NUMBER,M,16,3829
2055,NUMBER,M,17,3870
2055,NUMBER,M,18,3908
2055,NUMBER,M,19,3951
2055,NUMBER,M,20,4000
2055,NUMBER,M,21,4048
2055,NUMBER,M,22,4097
2055,NUMBER,M,23,4148
2055,NUMBER,M,24,4203
2055,NUMBER,M,25,4258
2055,NUMBER,M,26,4310
2055,NUMBER,M,27,4361
2055,NUMBER,M,28,4415
2055,NUMBER,M,29,4472
2055,NUMBER,M,30,4529
2055,NUMBER,M,31,4587
2055,NUMBER,M,32,4646
2055,NUMBER,M,33,4706
2055,NUMBER,M,34,4765
2055,NUMBER,M,35,4824
2055,NUMBER,M,36,4877
2055,NUMBER,M,37,5049
2055,NUMBER,M,38,4930
2055,NUMBER,M,39,4984
2055,NUMBER,M,40,4889
2055,NUMBER,M,41,4957
2055,NUMBER,M,42,4991
2055,NUMBER,M,43,5370
2055,NUMBER,M,44,5378
2055,NUMBER,M,45,5540
2055,NUMBER,M,46,5896
2055,NUMBER,M,47,5685
2055,NUMBER,M,48,5439
2055,NUMBER,M,49,5400
2055,NUMBER,M,50,5477
2055,NUMBER,M,51,5574
2055,NUMBER,M,52,5478
2055,NUMBER,M,53,5569
2055,NUMBER,M,54,5859
2055,NUMBER,M,55,5790
2055,NUMBER,M,56,5767
2055,NUMBER,M,57,6236
2055,NUMBER,M,58,6992
2055,NUMBER,M,59,6797
2055,NUMBER,M,60,6872
2055,NUMBER,M,61,6703
2055,NUMBER,M,62,5577
2055,NUMBER,M,63,5680
2055,NUMBER,M,64,6369
2055,NUMBER,M,65,6175
2055,NUMBER,M,66,6153
2055,NUMBER,M,67,6461
2055,NUMBER,M,68,6285
2055,NUMBER,M,69,6192
2055,NUMBER,M,70,6389
2055,NUMBER,M,71,6400
2055,NUMBER,M,72,6326
2055,NUMBER,M,73,6090
2055,NUMBER,M,74,5895
2055,NUMBER,M,75,5716
2055,NUMBER,M,76,5433
2055,NUMBER,M,77,5317
2055,NUMBER,M,78,5050
2055,NUMBER,M,79,5056
2055,NUMBER,M,80,4607
2055,NUMBER,M,81,4225
2055,NUMBER,M,82,3946
2055,NUMBER,M,83,3737
2055,NUMBER,M,84,3345
2055,NUMBER,M,85,2833
2055,NUMBER,M,86,2782
2055,NUMBER,M,87,2476
2055,NUMBER,M,88,2342
2055,NUMBER,M,89,2109
2055,NUMBER,M,90,1938
2055,NUMBER,M,91,1585
2055,NUMBER,M,92,1379
2055,NUMBER,M,93,1225
2055,NUMBER,M,94,1012
2055,NUMBER,M,95,841
2055,NUMBER,M,96,662
2055,NUMBER,M,97,532
2055,NUMBER,M,98,370
2055,NUMBER,M,99,305
2055,NUMBER,M,100,222
2055,NUMBER,M,101,169
2055,NUMBER,M,102,108
2055,NUMBER,M,103,75
2055,NUMBER,M,104,40
2055,NUMBER,M,105,27
2055,NUMBER,M,106,16
2055,NUMBER,M,107,8
2055,NUMBER,M,108,5
2055,NUMBER,M,109,2
2055,NUMBER,M,110,1
2055,NUMBER,M,111,0
2055,NUMBER,M,112,0
2055,NUMBER,M,113,0
2055,NUMBER,M,114,0
2055,NUMBER,M,115,0
2055,NUMBER,M,116,0
2055,NUMBER,M,117,0
2055,NUMBER,M,118,0
2055,NUMBER,M,119,0
2055,NUMBER,M,120+,0
2060,NUMBER,M,_T,420437
2060,NUMBER,M,0,3113
2060,NUMBER,M,1,3143
2060,NUMBER,M,2,3175
2060,NUMBER,M,3,3206
2060,NUMBER,M,4,3236
2060,NUMBER,M,5,3266
2060,NUMBER,M,6,3298
2060,NUMBER,M,7,3330
2060,NUMBER,M,8,3360
2060,NUMBER,M,9,3390
2060,NUMBER,M,10,3421
2060,NUMBER,M,11,3453
2060,NUMBER,M,12,3486
2060,NUMBER,M,13,3520
2060,NUMBER,M,14,3556
2060,NUMBER,M,15,3593
2060,NUMBER,M,16,3632
2060,NUMBER,M,17,3672
2060,NUMBER,M,18,3708
2060,NUMBER,M,19,3747
2060,NUMBER,M,20,3790
2060,NUMBER,M,21,3829
2060,NUMBER,M,22,3869
2060,NUMBER,M,23,3914
2060,NUMBER,M,24,3965
2060,NUMBER,M,25,4017
2060,NUMBER,M,26,4070
2060,NUMBER,M,27,4122
2060,NUMBER,M,28,4175
2060,NUMBER,M,29,4230
2060,NUMBER,M,30,4286
2060,NUMBER,M,31,4339
2060,NUMBER,M,32,4392
2060,NUMBER,M,33,4447
2060,NUMBER,M,34,4501
2060,NUMBER,M,35,4557
2060,NUMBER,M,36,4613
2060,NUMBER,M,37,4669
2060,NUMBER,M,38,4725
2060,NUMBER,M,39,4782
2060,NUMBER,M,40,4836
2060,NUMBER,M,41,4886
2060,NUMBER,M,42,5053
2060,NUMBER,M,43,4930
2060,NUMBER,M,44,4981
2060,NUMBER,M,45,4882
2060,NUMBER,M,46,4944
2060,NUMBER,M,47,4971
2060,NUMBER,M,48,5340
2060,NUMBER,M,49,5340
2060,NUMBER,M,50,5491
2060,NUMBER,M,51,5833
2060,NUMBER,M,52,5617
2060,NUMBER,M,53,5369
2060,NUMBER,M,54,5324
2060,NUMBER,M,55,5391
2060,NUMBER,M,56,5476
2060,NUMBER,M,57,5370
2060,NUMBER,M,58,5445
2060,NUMBER,M,59,5711
2060,NUMBER,M,60,5628
2060,NUMBER,M,61,5590
2060,NUMBER,M,62,6021
2060,NUMBER,M,63,6724
2060,NUMBER,M,64,6510
2060,NUMBER,M,65,6555
2060,NUMBER,M,66,6373
2060,NUMBER,M,67,5292
2060,NUMBER,M,68,5368
2060,NUMBER,M,69,5984
2060,NUMBER,M,70,5768
2060,NUMBER,M,71,5708
2060,NUMBER,M,72,5942
2060,NUMBER,M,73,5727
2060,NUMBER,M,74,5586
2060,NUMBER,M,75,5701
2060,NUMBER,M,76,5642
2060,NUMBER,M,77,5501
2060,NUMBER,M,78,5215
2060,NUMBER,M,79,4965
2060,NUMBER,M,80,4729
2060,NUMBER,M,81,4409
2060,NUMBER,M,82,4226
2060,NUMBER,M,83,3924
2060,NUMBER,M,84,3832
2060,NUMBER,M,85,3398
2060,NUMBER,M,86,3025
2060,NUMBER,M,87,2735
2060,NUMBER,M,88,2500
2060,NUMBER,M,89,2153
2060,NUMBER,M,90,1748
2060,NUMBER,M,91,1641
2060,NUMBER,M,92,1391
2060,NUMBER,M,93,1248
2060,NUMBER,M,94,1061
2060,NUMBER,M,95,917
2060,NUMBER,M,96,701
2060,NUMBER,M,97,567
2060,NUMBER,M,98,465
2060,NUMBER,M,99,352
2060,NUMBER,M,100,266
2060,NUMBER,M,101,189
2060,NUMBER,M,102,136
2060,NUMBER,M,103,84
2060,NUMBER,M,104,61
2060,NUMBER,M,105,39
2060,NUMBER,M,106,26
2060,NUMBER,M,107,14
2060,NUMBER,M,108,8
2060,NUMBER,M,109,4
2060,NUMBER,M,110,2
2060,NUMBER,M,111,1
2060,NUMBER,M,112,0
2060,NUMBER,M,113,0
2060,NUMBER,M,114,0
2060,NUMBER,M,115,0
2060,NUMBER,M,116,0
2060,NUMBER,M,117,0
2060,NUMBER,M,118,0
2060,NUMBER,M,119,0
2060,NUMBER,M,120+,0
2065,NUMBER,M,_T,403010
2065,NUMBER,M,0,2966
2065,NUMBER,M,1,2995
2065,NUMBER,M,2,3027
2065,NUMBER,M,3,3058
2065,NUMBER,M,4,3089
2065,NUMBER,M,5,3120
2065,NUMBER,M,6,3153
2065,NUMBER,M,7,3185
2065,NUMBER,M,8,3216
2065,NUMBER,M,9,3245
2065,NUMBER,M,10,3274
2065,NUMBER,M,11,3304
2065,NUMBER,M,12,3333
2065,NUMBER,M,13,3363
2065,NUMBER,M,14,3393
2065,NUMBER,M,15,3425
2065,NUMBER,M,16,3456
2065,NUMBER,M,17,3489
2065,NUMBER,M,18,3520
2065,NUMBER,M,19,3554
2065,NUMBER,M,20,3594
2065,NUMBER,M,21,3633
2065,NUMBER,M,22,3673
2065,NUMBER,M,23,3716
2065,NUMBER,M,24,3761
2065,NUMBER,M,25,3808
2065,NUMBER,M,26,3851
2065,NUMBER,M,27,3895
2065,NUMBER,M,28,3942
2065,NUMBER,M,29,3993
2065,NUMBER,M,30,4045
2065,NUMBER,M,31,4099
2065,NUMBER,M,32,4153
2065,NUMBER,M,33,4207
2065,NUMBER,M,34,4260
2065,NUMBER,M,35,4314
2065,NUMBER,M,36,4365
2065,NUMBER,M,37,4416
2065,NUMBER,M,38,4467
2065,NUMBER,M,39,4519
2065,NUMBER,M,40,4571
2065,NUMBER,M,41,4623
2065,NUMBER,M,42,4675
2065,NUMBER,M,43,4728
2065,NUMBER,M,44,4780
2065,NUMBER,M,45,4829
2065,NUMBER,M,46,4873
2065,NUMBER,M,47,5033
2065,NUMBER,M,48,4907
2065,NUMBER,M,49,4952
2065,NUMBER,M,50,4848
2065,NUMBER,M,51,4903
2065,NUMBER,M,52,4921
2065,NUMBER,M,53,5277
2065,NUMBER,M,54,5268
2065,NUMBER,M,55,5407
2065,NUMBER,M,56,5732
2065,NUMBER,M,57,5510
2065,NUMBER,M,58,5257
2065,NUMBER,M,59,5201
2065,NUMBER,M,60,5253
2065,NUMBER,M,61,5322
2065,NUMBER,M,62,5205
2065,NUMBER,M,63,5261
2065,NUMBER,M,64,5497
2065,NUMBER,M,65,5396
2065,NUMBER,M,66,5339
2065,NUMBER,M,67,5724
2065,NUMBER,M,68,6361
2065,NUMBER,M,69,6130
2065,NUMBER,M,70,6142
2065,NUMBER,M,71,5937
2065,NUMBER,M,72,4896
2065,NUMBER,M,73,4923
2065,NUMBER,M,74,5434
2065,NUMBER,M,75,5184
2065,NUMBER,M,76,5071
2065,NUMBER,M,77,5211
2065,NUMBER,M,78,4950
2065,NUMBER,M,79,4752
2065,NUMBER,M,80,4769
2065,NUMBER,M,81,4633
2065,NUMBER,M,82,4429
2065,NUMBER,M,83,4110
2065,NUMBER,M,84,3823
2065,NUMBER,M,85,3548
2065,NUMBER,M,86,3216
2065,NUMBER,M,87,2989
2065,NUMBER,M,88,2683
2065,NUMBER,M,89,2527
2065,NUMBER,M,90,2152
2065,NUMBER,M,91,1835
2065,NUMBER,M,92,1583
2065,NUMBER,M,93,1376
2065,NUMBER,M,94,1122
2065,NUMBER,M,95,858
2065,NUMBER,M,96,755
2065,NUMBER,M,97,596
2065,NUMBER,M,98,494
2065,NUMBER,M,99,386
2065,NUMBER,M,100,303
2065,NUMBER,M,101,210
2065,NUMBER,M,102,152
2065,NUMBER,M,103,111
2065,NUMBER,M,104,74
2065,NUMBER,M,105,49
2065,NUMBER,M,106,30
2065,NUMBER,M,107,18
2065,NUMBER,M,108,9
2065,NUMBER,M,109,6
2065,NUMBER,M,110,3
2065,NUMBER,M,111,2
2065,NUMBER,M,112,1
2065,NUMBER,M,113,0
2065,NUMBER,M,114,0
2065,NUMBER,M,115,0
2065,NUMBER,M,116,0
2065,NUMBER,M,117,0
2065,NUMBER,M,118,0
2065,NUMBER,M,119,0
2065,NUMBER,M,120+,0
2070,NUMBER,M,_T,385806
2070,NUMBER,M,0,2828
2070,NUMBER,M,1,2856
2070,NUMBER,M,2,2885
2070,NUMBER,M,3,2914
2070,NUMBER,M,4,2943
2070,NUMBER,M,5,2973
2070,NUMBER,M,6,3005
2070,NUMBER,M,7,3037
2070,NUMBER,M,8,3067
2070,NUMBER,M,9,3098
2070,NUMBER,M,10,3128
2070,NUMBER,M,11,3158
2070,NUMBER,M,12,3189
2070,NUMBER,M,13,3219
2070,NUMBER,M,14,3248
2070,NUMBER,M,15,3277
2070,NUMBER,M,16,3306
2070,NUMBER,M,17,3336
2070,NUMBER,M,18,3362
2070,NUMBER,M,19,3391
2070,NUMBER,M,20,3425
2070,NUMBER,M,21,3456
2070,NUMBER,M,22,3490
2070,NUMBER,M,23,3527
2070,NUMBER,M,24,3568
2070,NUMBER,M,25,3612
2070,NUMBER,M,26,3655
2070,NUMBER,M,27,3698
2070,NUMBER,M,28,3742
2070,NUMBER,M,29,3788
2070,NUMBER,M,30,3835
2070,NUMBER,M,31,3880
2070,NUMBER,M,32,3925
2070,NUMBER,M,33,3973
2070,NUMBER,M,34,4022
2070,NUMBER,M,35,4073
2070,NUMBER,M,36,4125
2070,NUMBER,M,37,4176
2070,NUMBER,M,38,4227
2070,NUMBER,M,39,4278
2070,NUMBER,M,40,4329
2070,NUMBER,M,41,4376
2070,NUMBER,M,42,4424
2070,NUMBER,M,43,4471
2070,NUMBER,M,44,4519
2070,NUMBER,M,45,4567
2070,NUMBER,M,46,4614
2070,NUMBER,M,47,4661
2070,NUMBER,M,48,4708
2070,NUMBER,M,49,4753
2070,NUMBER,M,50,4796
2070,NUMBER,M,51,4832
2070,NUMBER,M,52,4984
2070,NUMBER,M,53,4854
2070,NUMBER,M,54,4892
2070,NUMBER,M,55,4784
2070,NUMBER,M,56,4830
2070,NUMBER,M,57,4838
2070,NUMBER,M,58,5173
2070,NUMBER,M,59,5152
2070,NUMBER,M,60,5274
2070,NUMBER,M,61,5575
2070,NUMBER,M,62,5347
2070,NUMBER,M,63,5089
2070,NUMBER,M,64,5020
2070,NUMBER,M,65,5052
2070,NUMBER,M,66,5099
2070,NUMBER,M,67,4973
2070,NUMBER,M,68,5007
2070,NUMBER,M,69,5207
2070,NUMBER,M,70,5087
2070,NUMBER,M,71,5001
2070,NUMBER,M,72,5316
2070,NUMBER,M,73,5856
2070,NUMBER,M,74,5593
2070,NUMBER,M,75,5552
2070,NUMBER,M,76,5311
2070,NUMBER,M,77,4328
2070,NUMBER,M,78,4293
2070,NUMBER,M,79,4668
2070,NUMBER,M,80,4382
2070,NUMBER,M,81,4213
2070,NUMBER,M,82,4249
2070,NUMBER,M,83,3955
2070,NUMBER,M,84,3713
2070,NUMBER,M,85,3635
2070,NUMBER,M,86,3438
2070,NUMBER,M,87,3192
2070,NUMBER,M,88,2869
2070,NUMBER,M,89,2577
2070,NUMBER,M,90,2303
2070,NUMBER,M,91,2003
2070,NUMBER,M,92,1780
2070,NUMBER,M,93,1522
2070,NUMBER,M,94,1360
2070,NUMBER,M,95,1094
2070,NUMBER,M,96,875
2070,NUMBER,M,97,704
2070,NUMBER,M,98,567
2070,NUMBER,M,99,425
2070,NUMBER,M,100,297
2070,NUMBER,M,101,236
2070,NUMBER,M,102,167
2070,NUMBER,M,103,123
2070,NUMBER,M,104,85
2070,NUMBER,M,105,59
2070,NUMBER,M,106,35
2070,NUMBER,M,107,21
2070,NUMBER,M,108,13
2070,NUMBER,M,109,7
2070,NUMBER,M,110,4
2070,NUMBER,M,111,2
2070,NUMBER,M,112,1
2070,NUMBER,M,113,0
2070,NUMBER,M,114,0
2070,NUMBER,M,115,0
2070,NUMBER,M,116,0
2070,NUMBER,M,117,0
2070,NUMBER,M,118,0
2070,NUMBER,M,119,0
2070,NUMBER,M,120+,0
2019,NUMBER,F,_T,583151
2019,NUMBER,F,0,4544
2019,NUMBER,F,1,4560
2019,NUMBER,F,2,4445
2019,NUMBER,F,3,4513
2019,NUMBER,F,4,4504
2019,NUMBER,F,5,4512
2019,NUMBER,F,6,4636
2019,NUMBER,F,7,5185
2019,NUMBER,F,8,5068
2019,NUMBER,F,9,5414
2019,NUMBER,F,10,5441
2019,NUMBER,F,11,5391
2019,NUMBER,F,12,5295
2019,NUMBER,F,13,5253
2019,NUMBER,F,14,5247
2019,NUMBER,F,15,5231
2019,NUMBER,F,16,5320
2019,NUMBER,F,17,5335
2019,NUMBER,F,18,5546
2019,NUMBER,F,19,5756
2019,NUMBER,F,20,5708
2019,NUMBER,F,21,6216
2019,NUMBER,F,22,6977
2019,NUMBER,F,23,6958
2019,NUMBER,F,24,7209
2019,NUMBER,F,25,6717
2019,NUMBER,F,26,5416
2019,NUMBER,F,27,5588
2019,NUMBER,F,28,6625
2019,NUMBER,F,29,6535
2019,NUMBER,F,30,6796
2019,NUMBER,F,31,7151
2019,NUMBER,F,32,7325
2019,NUMBER,F,33,7518
2019,NUMBER,F,34,7495
2019,NUMBER,F,35,7767
2019,NUMBER,F,36,7946
2019,NUMBER,F,37,7984
2019,NUMBER,F,38,7922
2019,NUMBER,F,39,7980
2019,NUMBER,F,40,7876
2019,NUMBER,F,41,7751
2019,NUMBER,F,42,7925
2019,NUMBER,F,43,8190
2019,NUMBER,F,44,7871
2019,NUMBER,F,45,7485
2019,NUMBER,F,46,7567
2019,NUMBER,F,47,7618
2019,NUMBER,F,48,7448
2019,NUMBER,F,49,6961
2019,NUMBER,F,50,7241
2019,NUMBER,F,51,7610
2019,NUMBER,F,52,7898
2019,NUMBER,F,53,8240
2019,NUMBER,F,54,8611
2019,NUMBER,F,55,8288
2019,NUMBER,F,56,8616
2019,NUMBER,F,57,9077
2019,NUMBER,F,58,9028
2019,NUMBER,F,59,9202
2019,NUMBER,F,60,9295
2019,NUMBER,F,61,9543
2019,NUMBER,F,62,8646
2019,NUMBER,F,63,9508
2019,NUMBER,F,64,9277
2019,NUMBER,F,65,9923
2019,NUMBER,F,66,9206
2019,NUMBER,F,67,9725
2019,NUMBER,F,68,7660
2019,NUMBER,F,69,8456
2019,NUMBER,F,70,8119
2019,NUMBER,F,71,7290
2019,NUMBER,F,72,7089
2019,NUMBER,F,73,6400
2019,NUMBER,F,74,4660
2019,NUMBER,F,75,4508
2019,NUMBER,F,76,4709
2019,NUMBER,F,77,4568
2019,NUMBER,F,78,5051
2019,NUMBER,F,79,5485
2019,NUMBER,F,80,4996
2019,NUMBER,F,81,4604
2019,NUMBER,F,82,4236
2019,NUMBER,F,83,3738
2019,NUMBER,F,84,3144
2019,NUMBER,F,85,2729
2019,NUMBER,F,86,2291
2019,NUMBER,F,87,1729
2019,NUMBER,F,88,1299
2019,NUMBER,F,89,1187
2019,NUMBER,F,90,797
2019,NUMBER,F,91,613
2019,NUMBER,F,92,385
2019,NUMBER,F,93,237
2019,NUMBER,F,94,171
2019,NUMBER,F,95,97
2019,NUMBER,F,96,75
2019,NUMBER,F,97,60
2019,NUMBER,F,98,35
2019,NUMBER,F,99,28
2019,NUMBER,F,100,12
2019,NUMBER,F,101,16
2019,NUMBER,F,102,10
2019,NUMBER,F,103,5
2019,NUMBER,F,104,3
2019,NUMBER,F,105,2
2019,NUMBER,F,106,1
2019,NUMBER,F,107,0
2019,NUMBER,F,108,0
2019,NUMBER,F,109,0
2019,NUMBER,F,110,0
2019,NUMBER,F,111,0
2019,NUMBER,F,112,0
2019,NUMBER,F,113,0
2019,NUMBER,F,114,0
2019,NUMBER,F,115,0
2019,NUMBER,F,116,0
2019,NUMBER,F,117,0
2019,NUMBER,F,118,0
2019,NUMBER,F,119,0
2019,NUMBER,F,120+,0
2020,NUMBER,F,_T,580582
2020,NUMBER,F,0,4490
2020,NUMBER,F,1,4544
2020,NUMBER,F,2,4561
2020,NUMBER,F,3,4446
2020,NUMBER,F,4,4513
2020,NUMBER,F,5,4504
2020,NUMBER,F,6,4515
2020,NUMBER,F,7,4639
2020,NUMBER,F,8,5184
2020,NUMBER,F,9,5067
2020,NUMBER,F,10,5413
2020,NUMBER,F,11,5440
2020,NUMBER,F,12,5390
2020,NUMBER,F,13,5295
2020,NUMBER,F,14,5252
2020,NUMBER,F,15,5246
2020,NUMBER,F,16,5230
2020,NUMBER,F,17,5320
2020,NUMBER,F,18,5326
2020,NUMBER,F,19,5536
2020,NUMBER,F,20,5754
2020,NUMBER,F,21,5708
2020,NUMBER,F,22,6216
2020,NUMBER,F,23,6976
2020,NUMBER,F,24,6954
2020,NUMBER,F,25,7199
2020,NUMBER,F,26,6705
2020,NUMBER,F,27,5407
2020,NUMBER,F,28,5586
2020,NUMBER,F,29,6624
2020,NUMBER,F,30,6534
2020,NUMBER,F,31,6796
2020,NUMBER,F,32,7151
2020,NUMBER,F,33,7325
2020,NUMBER,F,34,7518
2020,NUMBER,F,35,7494
2020,NUMBER,F,36,7765
2020,NUMBER,F,37,7944
2020,NUMBER,F,38,7982
2020,NUMBER,F,39,7918
2020,NUMBER,F,40,7975
2020,NUMBER,F,41,7870
2020,NUMBER,F,42,7744
2020,NUMBER,F,43,7918
2020,NUMBER,F,44,8181
2020,NUMBER,F,45,7861
2020,NUMBER,F,46,7475
2020,NUMBER,F,47,7555
2020,NUMBER,F,48,7604
2020,NUMBER,F,49,7434
2020,NUMBER,F,50,6947
2020,NUMBER,F,51,7224
2020,NUMBER,F,52,7591
2020,NUMBER,F,53,7877
2020,NUMBER,F,54,8215
2020,NUMBER,F,55,8580
2020,NUMBER,F,56,8254
2020,NUMBER,F,57,8578
2020,NUMBER,F,58,9036
2020,NUMBER,F,59,8985
2020,NUMBER,F,60,9155
2020,NUMBER,F,61,9242
2020,NUMBER,F,62,9482
2020,NUMBER,F,63,8586
2020,NUMBER,F,64,9435
2020,NUMBER,F,65,9199
2020,NUMBER,F,66,9831
2020,NUMBER,F,67,9112
2020,NUMBER,F,68,9611
2020,NUMBER,F,69,7557
2020,NUMBER,F,70,8324
2020,NUMBER,F,71,7974
2020,NUMBER,F,72,7140
2020,NUMBER,F,73,6921
2020,NUMBER,F,74,6226
2020,NUMBER,F,75,4516
2020,NUMBER,F,76,4348
2020,NUMBER,F,77,4518
2020,NUMBER,F,78,4357
2020,NUMBER,F,79,4785
2020,NUMBER,F,80,5155
2020,NUMBER,F,81,4655
2020,NUMBER,F,82,4248
2020,NUMBER,F,83,3866
2020,NUMBER,F,84,3371
2020,NUMBER,F,85,2798
2020,NUMBER,F,86,2394
2020,NUMBER,F,87,1976
2020,NUMBER,F,88,1465
2020,NUMBER,F,89,1079
2020,NUMBER,F,90,964
2020,NUMBER,F,91,633
2020,NUMBER,F,92,474
2020,NUMBER,F,93,290
2020,NUMBER,F,94,174
2020,NUMBER,F,95,122
2020,NUMBER,F,96,67
2020,NUMBER,F,97,50
2020,NUMBER,F,98,39
2020,NUMBER,F,99,22
2020,NUMBER,F,100,17
2020,NUMBER,F,101,7
2020,NUMBER,F,102,9
2020,NUMBER,F,103,6
2020,NUMBER,F,104,3
2020,NUMBER,F,105,1
2020,NUMBER,F,106,1
2020,NUMBER,F,107,0
2020,NUMBER,F,108,0
2020,NUMBER,F,109,0
2020,NUMBER,F,110,0
2020,NUMBER,F,111,0
2020,NUMBER,F,112,0
2020,NUMBER,F,113,0
2020,NUMBER,F,114,0
2020,NUMBER,F,115,0
2020,NUMBER,F,116,0
2020,NUMBER,F,117,0
2020,NUMBER,F,118,0
2020,NUMBER,F,119,0
2020,NUMBER,F,120+,0
2025,NUMBER,F,_T,566834
2025,NUMBER,F,0,4226
2025,NUMBER,F,1,4277
2025,NUMBER,F,2,4330
2025,NUMBER,F,3,4385
2025,NUMBER,F,4,4439
2025,NUMBER,F,5,4493
2025,NUMBER,F,6,4549
2025,NUMBER,F,7,4568
2025,NUMBER,F,8,4452
2025,NUMBER,F,9,4518
2025,NUMBER,F,10,4508
2025,NUMBER,F,11,4517
2025,NUMBER,F,12,4637
2025,NUMBER,F,13,5181
2025,NUMBER,F,14,5064
2025,NUMBER,F,15,5409
2025,NUMBER,F,16,5436
2025,NUMBER,F,17,5387
2025,NUMBER,F,18,5284
2025,NUMBER,F,19,5234
2025,NUMBER,F,20,5229
2025,NUMBER,F,21,5217
2025,NUMBER,F,22,5311
2025,NUMBER,F,23,5330
2025,NUMBER,F,24,5550
2025,NUMBER,F,25,5764
2025,NUMBER,F,26,5706
2025,NUMBER,F,27,6190
2025,NUMBER,F,28,6928
2025,NUMBER,F,29,6900
2025,NUMBER,F,30,7153
2025,NUMBER,F,31,6685
2025,NUMBER,F,32,5418
2025,NUMBER,F,33,5604
2025,NUMBER,F,34,6634
2025,NUMBER,F,35,6543
2025,NUMBER,F,36,6804
2025,NUMBER,F,37,7154
2025,NUMBER,F,38,7324
2025,NUMBER,F,39,7513
2025,NUMBER,F,40,7485
2025,NUMBER,F,41,7750
2025,NUMBER,F,42,7921
2025,NUMBER,F,43,7954
2025,NUMBER,F,44,7886
2025,NUMBER,F,45,7938
2025,NUMBER,F,46,7830
2025,NUMBER,F,47,7699
2025,NUMBER,F,48,7864
2025,NUMBER,F,49,8117
2025,NUMBER,F,50,7794
2025,NUMBER,F,51,7406
2025,NUMBER,F,52,7480
2025,NUMBER,F,53,7522
2025,NUMBER,F,54,7348
2025,NUMBER,F,55,6861
2025,NUMBER,F,56,7124
2025,NUMBER,F,57,7472
2025,NUMBER,F,58,7739
2025,NUMBER,F,59,8057
2025,NUMBER,F,60,8403
2025,NUMBER,F,61,8074
2025,NUMBER,F,62,8375
2025,NUMBER,F,63,8799
2025,NUMBER,F,64,8724
2025,NUMBER,F,65,8862
2025,NUMBER,F,66,8915
2025,NUMBER,F,67,9114
2025,NUMBER,F,68,8221
2025,NUMBER,F,69,8980
2025,NUMBER,F,70,8694
2025,NUMBER,F,71,9211
2025,NUMBER,F,72,8453
2025,NUMBER,F,73,8814
2025,NUMBER,F,74,6846
2025,NUMBER,F,75,7425
2025,NUMBER,F,76,6990
2025,NUMBER,F,77,6141
2025,NUMBER,F,78,5825
2025,NUMBER,F,79,5117
2025,NUMBER,F,80,3620
2025,NUMBER,F,81,3381
2025,NUMBER,F,82,3388
2025,NUMBER,F,83,3136
2025,NUMBER,F,84,3285
2025,NUMBER,F,85,3359
2025,NUMBER,F,86,2867
2025,NUMBER,F,87,2458
2025,NUMBER,F,88,2087
2025,NUMBER,F,89,1686
2025,NUMBER,F,90,1287
2025,NUMBER,F,91,1004
2025,NUMBER,F,92,750
2025,NUMBER,F,93,499
2025,NUMBER,F,94,328
2025,NUMBER,F,95,259
2025,NUMBER,F,96,149
2025,NUMBER,F,97,98
2025,NUMBER,F,98,52
2025,NUMBER,F,99,27
2025,NUMBER,F,100,16
2025,NUMBER,F,101,8
2025,NUMBER,F,102,5
2025,NUMBER,F,103,3
2025,NUMBER,F,104,2
2025,NUMBER,F,105,1
2025,NUMBER,F,106,0
2025,NUMBER,F,107,0
2025,NUMBER,F,108,0
2025,NUMBER,F,109,0
2025,NUMBER,F,110,0
2025,NUMBER,F,111,0
2025,NUMBER,F,112,0
2025,NUMBER,F,113,0
2025,NUMBER,F,114,0
2025,NUMBER,F,115,0
2025,NUMBER,F,116,0
2025,NUMBER,F,117,0
2025,NUMBER,F,118,0
2025,NUMBER,F,119,0
2025,NUMBER,F,120+,0
2030,NUMBER,F,_T,551388
2030,NUMBER,F,0,3988
2030,NUMBER,F,1,4034
2030,NUMBER,F,2,4082
2030,NUMBER,F,3,4131
2030,NUMBER,F,4,4180
2030,NUMBER,F,5,4230
2030,NUMBER,F,6,4283
2030,NUMBER,F,7,4337
2030,NUMBER,F,8,4391
2030,NUMBER,F,9,4444
2030,NUMBER,F,10,4497
2030,NUMBER,F,11,4551
2030,NUMBER,F,12,4567
2030,NUMBER,F,13,4451
2030,NUMBER,F,14,4517
2030,NUMBER,F,15,4508
2030,NUMBER,F,16,4517
2030,NUMBER,F,17,4637
2030,NUMBER,F,18,5172
2030,NUMBER,F,19,5046
2030,NUMBER,F,20,5390
2030,NUMBER,F,21,5416
2030,NUMBER,F,22,5373
2030,NUMBER,F,23,5288
2030,NUMBER,F,24,5254
2030,NUMBER,F,25,5250
2030,NUMBER,F,26,5230
2030,NUMBER,F,27,5312
2030,NUMBER,F,28,5322
2030,NUMBER,F,29,5535
2030,NUMBER,F,30,5750
2030,NUMBER,F,31,5701
2030,NUMBER,F,32,6190
2030,NUMBER,F,33,6926
2030,NUMBER,F,34,6899
2030,NUMBER,F,35,7155
2030,NUMBER,F,36,6695
2030,NUMBER,F,37,5441
2030,NUMBER,F,38,5624
2030,NUMBER,F,39,6644
2030,NUMBER,F,40,6547
2030,NUMBER,F,41,6801
2030,NUMBER,F,42,7143
2030,NUMBER,F,43,7306
2030,NUMBER,F,44,7489
2030,NUMBER,F,45,7457
2030,NUMBER,F,46,7714
2030,NUMBER,F,47,7877
2030,NUMBER,F,48,7904
2030,NUMBER,F,49,7830
2030,NUMBER,F,50,7875
2030,NUMBER,F,51,7761
2030,NUMBER,F,52,7626
2030,NUMBER,F,53,7783
2030,NUMBER,F,54,8026
2030,NUMBER,F,55,7701
2030,NUMBER,F,56,7310
2030,NUMBER,F,57,7373
2030,NUMBER,F,58,7405
2030,NUMBER,F,59,7227
2030,NUMBER,F,60,6744
2030,NUMBER,F,61,6994
2030,NUMBER,F,62,7322
2030,NUMBER,F,63,7567
2030,NUMBER,F,64,7856
2030,NUMBER,F,65,8169
2030,NUMBER,F,66,7827
2030,NUMBER,F,67,8090
2030,NUMBER,F,68,8461
2030,NUMBER,F,69,8347
2030,NUMBER,F,70,8425
2030,NUMBER,F,71,8410
2030,NUMBER,F,72,8520
2030,NUMBER,F,73,7607
2030,NUMBER,F,74,8207
2030,NUMBER,F,75,7837
2030,NUMBER,F,76,8173
2030,NUMBER,F,77,7370
2030,NUMBER,F,78,7535
2030,NUMBER,F,79,5728
2030,NUMBER,F,80,6057
2030,NUMBER,F,81,5544
2030,NUMBER,F,82,4720
2030,NUMBER,F,83,4319
2030,NUMBER,F,84,3647
2030,NUMBER,F,85,2474
2030,NUMBER,F,86,2198
2030,NUMBER,F,87,2079
2030,NUMBER,F,88,1808
2030,NUMBER,F,89,1764
2030,NUMBER,F,90,1670
2030,NUMBER,F,91,1312
2030,NUMBER,F,92,1028
2030,NUMBER,F,93,792
2030,NUMBER,F,94,576
2030,NUMBER,F,95,394
2030,NUMBER,F,96,273
2030,NUMBER,F,97,180
2030,NUMBER,F,98,105
2030,NUMBER,F,99,60
2030,NUMBER,F,100,41
2030,NUMBER,F,101,21
2030,NUMBER,F,102,12
2030,NUMBER,F,103,5
2030,NUMBER,F,104,2
2030,NUMBER,F,105,1
2030,NUMBER,F,106,0
2030,NUMBER,F,107,0
2030,NUMBER,F,108,0
2030,NUMBER,F,109,0
2030,NUMBER,F,110,0
2030,NUMBER,F,111,0
2030,NUMBER,F,112,0
2030,NUMBER,F,113,0
2030,NUMBER,F,114,0
2030,NUMBER,F,115,0
2030,NUMBER,F,116,0
2030,NUMBER,F,117,0
2030,NUMBER,F,118,0
2030,NUMBER,F,119,0
2030,NUMBER,F,120+,0
2035,NUMBER,F,_T,534009
2035,NUMBER,F,0,3755
2035,NUMBER,F,1,3801
2035,NUMBER,F,2,3850
2035,NUMBER,F,3,3898
2035,NUMBER,F,4,3945
2035,NUMBER,F,5,3993
2035,NUMBER,F,6,4041
2035,NUMBER,F,7,4090
2035,NUMBER,F,8,4137
2035,NUMBER,F,9,4186
2035,NUMBER,F,10,4235
2035,NUMBER,F,11,4286
2035,NUMBER,F,12,4337
2035,NUMBER,F,13,4390
2035,NUMBER,F,14,4444
2035,NUMBER,F,15,4497
2035,NUMBER,F,16,4550
2035,NUMBER,F,17,4567
2035,NUMBER,F,18,4447
2035,NUMBER,F,19,4510
2035,NUMBER,F,20,4505
2035,NUMBER,F,21,4518
2035,NUMBER,F,22,4640
2035,NUMBER,F,23,5182
2035,NUMBER,F,24,5065
2035,NUMBER,F,25,5405
2035,NUMBER,F,26,5422
2035,NUMBER,F,27,5370
2035,NUMBER,F,28,5280
2035,NUMBER,F,29,5245
2035,NUMBER,F,30,5246
2035,NUMBER,F,31,5236
2035,NUMBER,F,32,5329
2035,NUMBER,F,33,5344
2035,NUMBER,F,34,5557
2035,NUMBER,F,35,5771
2035,NUMBER,F,36,5721
2035,NUMBER,F,37,6204
2035,NUMBER,F,38,6932
2035,NUMBER,F,39,6901
2035,NUMBER,F,40,7153
2035,NUMBER,F,41,6696
2035,NUMBER,F,42,5448
2035,NUMBER,F,43,5627
2035,NUMBER,F,44,6635
2035,NUMBER,F,45,6532
2035,NUMBER,F,46,6779
2035,NUMBER,F,47,7112
2035,NUMBER,F,48,7267
2035,NUMBER,F,49,7442
2035,NUMBER,F,50,7403
2035,NUMBER,F,51,7651
2035,NUMBER,F,52,7807
2035,NUMBER,F,53,7827
2035,NUMBER,F,54,7748
2035,NUMBER,F,55,7786
2035,NUMBER,F,56,7665
2035,NUMBER,F,57,7523
2035,NUMBER,F,58,7668
2035,NUMBER,F,59,7899
2035,NUMBER,F,60,7573
2035,NUMBER,F,61,7185
2035,NUMBER,F,62,7239
2035,NUMBER,F,63,7259
2035,NUMBER,F,64,7073
2035,NUMBER,F,65,6590
2035,NUMBER,F,66,6814
2035,NUMBER,F,67,7108
2035,NUMBER,F,68,7314
2035,NUMBER,F,69,7555
2035,NUMBER,F,70,7808
2035,NUMBER,F,71,7431
2035,NUMBER,F,72,7614
2035,NUMBER,F,73,7885
2035,NUMBER,F,74,7694
2035,NUMBER,F,75,7668
2035,NUMBER,F,76,7547
2035,NUMBER,F,77,7524
2035,NUMBER,F,78,6599
2035,NUMBER,F,79,6975
2035,NUMBER,F,80,6509
2035,NUMBER,F,81,6614
2035,NUMBER,F,82,5793
2035,NUMBER,F,83,5732
2035,NUMBER,F,84,4203
2035,NUMBER,F,85,4266
2035,NUMBER,F,86,3730
2035,NUMBER,F,87,3021
2035,NUMBER,F,88,2614
2035,NUMBER,F,89,2075
2035,NUMBER,F,90,1317
2035,NUMBER,F,91,1084
2035,NUMBER,F,92,944
2035,NUMBER,F,93,751
2035,NUMBER,F,94,665
2035,NUMBER,F,95,569
2035,NUMBER,F,96,401
2035,NUMBER,F,97,280
2035,NUMBER,F,98,191
2035,NUMBER,F,99,123
2035,NUMBER,F,100,73
2035,NUMBER,F,101,44
2035,NUMBER,F,102,26
2035,NUMBER,F,103,13
2035,NUMBER,F,104,6
2035,NUMBER,F,105,4
2035,NUMBER,F,106,2
2035,NUMBER,F,107,1
2035,NUMBER,F,108,0
2035,NUMBER,F,109,0
2035,NUMBER,F,110,0
2035,NUMBER,F,111,0
2035,NUMBER,F,112,0
2035,NUMBER,F,113,0
2035,NUMBER,F,114,0
2035,NUMBER,F,115,0
2035,NUMBER,F,116,0
2035,NUMBER,F,117,0
2035,NUMBER,F,118,0
2035,NUMBER,F,119,0
2035,NUMBER,F,120+,0
2040,NUMBER,F,_T,514516
2040,NUMBER,F,0,3554
2040,NUMBER,F,1,3591
2040,NUMBER,F,2,3631
2040,NUMBER,F,3,3673
2040,NUMBER,F,4,3716
2040,NUMBER,F,5,3761
2040,NUMBER,F,6,3809
2040,NUMBER,F,7,3858
2040,NUMBER,F,8,3905
2040,NUMBER,F,9,3952
2040,NUMBER,F,10,3999
2040,NUMBER,F,11,4045
2040,NUMBER,F,12,4091
2040,NUMBER,F,13,4138
2040,NUMBER,F,14,4186
2040,NUMBER,F,15,4236
2040,NUMBER,F,16,4286
2040,NUMBER,F,17,4338
2040,NUMBER,F,18,4387
2040,NUMBER,F,19,4436
2040,NUMBER,F,20,4491
2040,NUMBER,F,21,4549
2040,NUMBER,F,22,4573
2040,NUMBER,F,23,4469
2040,NUMBER,F,24,4544
2040,NUMBER,F,25,4539
2040,NUMBER,F,26,4545
2040,NUMBER,F,27,4651
2040,NUMBER,F,28,5178
2040,NUMBER,F,29,5056
2040,NUMBER,F,30,5396
2040,NUMBER,F,31,5422
2040,NUMBER,F,32,5383
2040,NUMBER,F,33,5300
2040,NUMBER,F,34,5269
2040,NUMBER,F,35,5272
2040,NUMBER,F,36,5263
2040,NUMBER,F,37,5354
2040,NUMBER,F,38,5367
2040,NUMBER,F,39,5576
2040,NUMBER,F,40,5785
2040,NUMBER,F,41,5730
2040,NUMBER,F,42,6204
2040,NUMBER,F,43,6922
2040,NUMBER,F,44,6885
2040,NUMBER,F,45,7132
2040,NUMBER,F,46,6677
2040,NUMBER,F,47,5436
2040,NUMBER,F,48,5610
2040,NUMBER,F,49,6602
2040,NUMBER,F,50,6493
2040,NUMBER,F,51,6732
2040,NUMBER,F,52,7056
2040,NUMBER,F,53,7204
2040,NUMBER,F,54,7371
2040,NUMBER,F,55,7326
2040,NUMBER,F,56,7563
2040,NUMBER,F,57,7707
2040,NUMBER,F,58,7719
2040,NUMBER,F,59,7634
2040,NUMBER,F,60,7665
2040,NUMBER,F,61,7541
2040,NUMBER,F,62,7395
2040,NUMBER,F,63,7524
2040,NUMBER,F,64,7734
2040,NUMBER,F,65,7402
2040,NUMBER,F,66,7010
2040,NUMBER,F,67,7044
2040,NUMBER,F,68,7040
2040,NUMBER,F,69,6833
2040,NUMBER,F,70,6336
2040,NUMBER,F,71,6507
2040,NUMBER,F,72,6732
2040,NUMBER,F,73,6865
2040,NUMBER,F,74,7017
2040,NUMBER,F,75,7168
2040,NUMBER,F,76,6734
2040,NUMBER,F,77,6799
2040,NUMBER,F,78,6924
2040,NUMBER,F,79,6631
2040,NUMBER,F,80,6473
2040,NUMBER,F,81,6220
2040,NUMBER,F,82,6039
2040,NUMBER,F,83,5141
2040,NUMBER,F,84,5253
2040,NUMBER,F,85,4720
2040,NUMBER,F,86,4599
2040,NUMBER,F,87,3847
2040,NUMBER,F,88,3616
2040,NUMBER,F,89,2507
2040,NUMBER,F,90,2389
2040,NUMBER,F,91,1950
2040,NUMBER,F,92,1465
2040,NUMBER,F,93,1168
2040,NUMBER,F,94,849
2040,NUMBER,F,95,491
2040,NUMBER,F,96,366
2040,NUMBER,F,97,286
2040,NUMBER,F,98,203
2040,NUMBER,F,99,160
2040,NUMBER,F,100,120
2040,NUMBER,F,101,75
2040,NUMBER,F,102,45
2040,NUMBER,F,103,27
2040,NUMBER,F,104,15
2040,NUMBER,F,105,8
2040,NUMBER,F,106,4
2040,NUMBER,F,107,2
2040,NUMBER,F,108,1
2040,NUMBER,F,109,0
2040,NUMBER,F,110,0
2040,NUMBER,F,111,0
2040,NUMBER,F,112,0
2040,NUMBER,F,113,0
2040,NUMBER,F,114,0
2040,NUMBER,F,115,0
2040,NUMBER,F,116,0
2040,NUMBER,F,117,0
2040,NUMBER,F,118,0
2040,NUMBER,F,119,0
2040,NUMBER,F,120+,0
2045,NUMBER,F,_T,493695
2045,NUMBER,F,0,3368
2045,NUMBER,F,1,3404
2045,NUMBER,F,2,3443
2045,NUMBER,F,3,3483
2045,NUMBER,F,4,3521
2045,NUMBER,F,5,3560
2045,NUMBER,F,6,3600
2045,NUMBER,F,7,3641
2045,NUMBER,F,8,3681
2045,NUMBER,F,9,3723
2045,NUMBER,F,10,3768
2045,NUMBER,F,11,3814
2045,NUMBER,F,12,3860
2045,NUMBER,F,13,3907
2045,NUMBER,F,14,3953
2045,NUMBER,F,15,4001
2045,NUMBER,F,16,4046
2045,NUMBER,F,17,4093
2045,NUMBER,F,18,4136
2045,NUMBER,F,19,4181
2045,NUMBER,F,20,4233
2045,NUMBER,F,21,4288
2045,NUMBER,F,22,4347
2045,NUMBER,F,23,4407
2045,NUMBER,F,24,4467
2045,NUMBER,F,25,4522
2045,NUMBER,F,26,4572
2045,NUMBER,F,27,4587
2045,NUMBER,F,28,4477
2045,NUMBER,F,29,4549
2045,NUMBER,F,30,4547
2045,NUMBER,F,31,4561
2045,NUMBER,F,32,4673
2045,NUMBER,F,33,5201
2045,NUMBER,F,34,5079
2045,NUMBER,F,35,5418
2045,NUMBER,F,36,5443
2045,NUMBER,F,37,5404
2045,NUMBER,F,38,5322
2045,NUMBER,F,39,5290
2045,NUMBER,F,40,5290
2045,NUMBER,F,41,5277
2045,NUMBER,F,42,5365
2045,NUMBER,F,43,5373
2045,NUMBER,F,44,5577
2045,NUMBER,F,45,5780
2045,NUMBER,F,46,5721
2045,NUMBER,F,47,6185
2045,NUMBER,F,48,6891
2045,NUMBER,F,49,6848
2045,NUMBER,F,50,7088
2045,NUMBER,F,51,6635
2045,NUMBER,F,52,5404
2045,NUMBER,F,53,5573
2045,NUMBER,F,54,6550
2045,NUMBER,F,55,6435
2045,NUMBER,F,56,6664
2045,NUMBER,F,57,6977
2045,NUMBER,F,58,7115
2045,NUMBER,F,59,7273
2045,NUMBER,F,60,7223
2045,NUMBER,F,61,7449
2045,NUMBER,F,62,7583
2045,NUMBER,F,63,7584
2045,NUMBER,F,64,7488
2045,NUMBER,F,65,7503
2045,NUMBER,F,66,7366
2045,NUMBER,F,67,7206
2045,NUMBER,F,68,7309
2045,NUMBER,F,69,7483
2045,NUMBER,F,70,7130
2045,NUMBER,F,71,6716
2045,NUMBER,F,72,6701
2045,NUMBER,F,73,6643
2045,NUMBER,F,74,6390
2045,NUMBER,F,75,5866
2045,NUMBER,F,76,5952
2045,NUMBER,F,77,6073
2045,NUMBER,F,78,6098
2045,NUMBER,F,79,6127
2045,NUMBER,F,80,6139
2045,NUMBER,F,81,5645
2045,NUMBER,F,82,5560
2045,NUMBER,F,83,5507
2045,NUMBER,F,84,5114
2045,NUMBER,F,85,4822
2045,NUMBER,F,86,4460
2045,NUMBER,F,87,4150
2045,NUMBER,F,88,3371
2045,NUMBER,F,89,3269
2045,NUMBER,F,90,2772
2045,NUMBER,F,91,2535
2045,NUMBER,F,92,1978
2045,NUMBER,F,93,1724
2045,NUMBER,F,94,1102
2045,NUMBER,F,95,962
2045,NUMBER,F,96,715
2045,NUMBER,F,97,486
2045,NUMBER,F,98,348
2045,NUMBER,F,99,226
2045,NUMBER,F,100,116
2045,NUMBER,F,101,76
2045,NUMBER,F,102,52
2045,NUMBER,F,103,32
2045,NUMBER,F,104,22
2045,NUMBER,F,105,14
2045,NUMBER,F,106,8
2045,NUMBER,F,107,4
2045,NUMBER,F,108,2
2045,NUMBER,F,109,1
2045,NUMBER,F,110,0
2045,NUMBER,F,111,0
2045,NUMBER,F,112,0
2045,NUMBER,F,113,0
2045,NUMBER,F,114,0
2045,NUMBER,F,115,0
2045,NUMBER,F,116,0
2045,NUMBER,F,117,0
2045,NUMBER,F,118,0
2045,NUMBER,F,119,0
2045,NUMBER,F,120+,0
2050,NUMBER,F,_T,472768
2050,NUMBER,F,0,3208
2050,NUMBER,F,1,3238
2050,NUMBER,F,2,3270
2050,NUMBER,F,3,3304
2050,NUMBER,F,4,3338
2050,NUMBER,F,5,3374
2050,NUMBER,F,6,3413
2050,NUMBER,F,7,3453
2050,NUMBER,F,8,3491
2050,NUMBER,F,9,3529
2050,NUMBER,F,10,3568
2050,NUMBER,F,11,3605
2050,NUMBER,F,12,3643
2050,NUMBER,F,13,3683
2050,NUMBER,F,14,3725
2050,NUMBER,F,15,3770
2050,NUMBER,F,16,3816
2050,NUMBER,F,17,3863
2050,NUMBER,F,18,3905
2050,NUMBER,F,19,3949
2050,NUMBER,F,20,4001
2050,NUMBER,F,21,4051
2050,NUMBER,F,22,4104
2050,NUMBER,F,23,4159
2050,NUMBER,F,24,4215
2050,NUMBER,F,25,4267
2050,NUMBER,F,26,4314
2050,NUMBER,F,27,4361
2050,NUMBER,F,28,4414
2050,NUMBER,F,29,4470
2050,NUMBER,F,30,4526
2050,NUMBER,F,31,4584
2050,NUMBER,F,32,4609
2050,NUMBER,F,33,4505
2050,NUMBER,F,34,4580
2050,NUMBER,F,35,4578
2050,NUMBER,F,36,4592
2050,NUMBER,F,37,4701
2050,NUMBER,F,38,5224
2050,NUMBER,F,39,5098
2050,NUMBER,F,40,5433
2050,NUMBER,F,41,5454
2050,NUMBER,F,42,5413
2050,NUMBER,F,43,5328
2050,NUMBER,F,44,5293
2050,NUMBER,F,45,5290
2050,NUMBER,F,46,5274
2050,NUMBER,F,47,5357
2050,NUMBER,F,48,5360
2050,NUMBER,F,49,5558
2050,NUMBER,F,50,5755
2050,NUMBER,F,51,5691
2050,NUMBER,F,52,6146
2050,NUMBER,F,53,6840
2050,NUMBER,F,54,6791
2050,NUMBER,F,55,7026
2050,NUMBER,F,56,6574
2050,NUMBER,F,57,5356
2050,NUMBER,F,58,5519
2050,NUMBER,F,59,6476
2050,NUMBER,F,60,6357
2050,NUMBER,F,61,6578
2050,NUMBER,F,62,6878
2050,NUMBER,F,63,7004
2050,NUMBER,F,64,7147
2050,NUMBER,F,65,7084
2050,NUMBER,F,66,7288
2050,NUMBER,F,67,7400
2050,NUMBER,F,68,7380
2050,NUMBER,F,69,7263
2050,NUMBER,F,70,7246
2050,NUMBER,F,71,7077
2050,NUMBER,F,72,6880
2050,NUMBER,F,73,6926
2050,NUMBER,F,74,7030
2050,NUMBER,F,75,6636
2050,NUMBER,F,76,6184
2050,NUMBER,F,77,6095
2050,NUMBER,F,78,5959
2050,NUMBER,F,79,5645
2050,NUMBER,F,80,5094
2050,NUMBER,F,81,5067
2050,NUMBER,F,82,5053
2050,NUMBER,F,83,4946
2050,NUMBER,F,84,4828
2050,NUMBER,F,85,4687
2050,NUMBER,F,86,4162
2050,NUMBER,F,87,3942
2050,NUMBER,F,88,3738
2050,NUMBER,F,89,3308
2050,NUMBER,F,90,2957
2050,NUMBER,F,91,2579
2050,NUMBER,F,92,2250
2050,NUMBER,F,93,1704
2050,NUMBER,F,94,1531
2050,NUMBER,F,95,1196
2050,NUMBER,F,96,1002
2050,NUMBER,F,97,711
2050,NUMBER,F,98,560
2050,NUMBER,F,99,322
2050,NUMBER,F,100,250
2050,NUMBER,F,101,165
2050,NUMBER,F,102,99
2050,NUMBER,F,103,62
2050,NUMBER,F,104,35
2050,NUMBER,F,105,16
2050,NUMBER,F,106,9
2050,NUMBER,F,107,5
2050,NUMBER,F,108,3
2050,NUMBER,F,109,1
2050,NUMBER,F,110,1
2050,NUMBER,F,111,0
2050,NUMBER,F,112,0
2050,NUMBER,F,113,0
2050,NUMBER,F,114,0
2050,NUMBER,F,115,0
2050,NUMBER,F,116,0
2050,NUMBER,F,117,0
2050,NUMBER,F,118,0
2050,NUMBER,F,119,0
2050,NUMBER,F,120+,0
2055,NUMBER,F,_T,452531
2055,NUMBER,F,0,3070
2055,NUMBER,F,1,3098
2055,NUMBER,F,2,3127
2055,NUMBER,F,3,3156
2055,NUMBER,F,4,3185
2055,NUMBER,F,5,3215
2055,NUMBER,F,6,3247
2055,NUMBER,F,7,3280
2055,NUMBER,F,8,3312
2055,NUMBER,F,9,3346
2055,NUMBER,F,10,3381
2055,NUMBER,F,11,3418
2055,NUMBER,F,12,3456
2055,NUMBER,F,13,3493
2055,NUMBER,F,14,3531
2055,NUMBER,F,15,3570
2055,NUMBER,F,16,3607
2055,NUMBER,F,17,3645
2055,NUMBER,F,18,3682
2055,NUMBER,F,19,3723
2055,NUMBER,F,20,3771
2055,NUMBER,F,21,3822
2055,NUMBER,F,22,3875
2055,NUMBER,F,23,3930
2055,NUMBER,F,24,3984
2055,NUMBER,F,25,4034
2055,NUMBER,F,26,4077
2055,NUMBER,F,27,4120
2055,NUMBER,F,28,4168
2055,NUMBER,F,29,4219
2055,NUMBER,F,30,4273
2055,NUMBER,F,31,4327
2055,NUMBER,F,32,4383
2055,NUMBER,F,33,4440
2055,NUMBER,F,34,4497
2055,NUMBER,F,35,4554
2055,NUMBER,F,36,4611
2055,NUMBER,F,37,4636
2055,NUMBER,F,38,4532
2055,NUMBER,F,39,4604
2055,NUMBER,F,40,4600
2055,NUMBER,F,41,4611
2055,NUMBER,F,42,4715
2055,NUMBER,F,43,5231
2055,NUMBER,F,44,5101
2055,NUMBER,F,45,5430
2055,NUMBER,F,46,5448
2055,NUMBER,F,47,5403
2055,NUMBER,F,48,5316
2055,NUMBER,F,49,5277
2055,NUMBER,F,50,5270
2055,NUMBER,F,51,5250
2055,NUMBER,F,52,5330
2055,NUMBER,F,53,5330
2055,NUMBER,F,54,5522
2055,NUMBER,F,55,5714
2055,NUMBER,F,56,5645
2055,NUMBER,F,57,6088
2055,NUMBER,F,58,6767
2055,NUMBER,F,59,6713
2055,NUMBER,F,60,6940
2055,NUMBER,F,61,6496
2055,NUMBER,F,62,5299
2055,NUMBER,F,63,5454
2055,NUMBER,F,64,6381
2055,NUMBER,F,65,6252
2055,NUMBER,F,66,6454
2055,NUMBER,F,67,6730
2055,NUMBER,F,68,6833
2055,NUMBER,F,69,6949
2055,NUMBER,F,70,6860
2055,NUMBER,F,71,7021
2055,NUMBER,F,72,7086
2055,NUMBER,F,73,7019
2055,NUMBER,F,74,6854
2055,NUMBER,F,75,6777
2055,NUMBER,F,76,6553
2055,NUMBER,F,77,6298
2055,NUMBER,F,78,6259
2055,NUMBER,F,79,6262
2055,NUMBER,F,80,5817
2055,NUMBER,F,81,5325
2055,NUMBER,F,82,5140
2055,NUMBER,F,83,4910
2055,NUMBER,F,84,4532
2055,NUMBER,F,85,3973
2055,NUMBER,F,86,3825
2055,NUMBER,F,87,3679
2055,NUMBER,F,88,3457
2055,NUMBER,F,89,3227
2055,NUMBER,F,90,2981
2055,NUMBER,F,91,2506
2055,NUMBER,F,92,2235
2055,NUMBER,F,93,1984
2055,NUMBER,F,94,1635
2055,NUMBER,F,95,1353
2055,NUMBER,F,96,1085
2055,NUMBER,F,97,865
2055,NUMBER,F,98,595
2055,NUMBER,F,99,482
2055,NUMBER,F,100,337
2055,NUMBER,F,101,251
2055,NUMBER,F,102,157
2055,NUMBER,F,103,109
2055,NUMBER,F,104,55
2055,NUMBER,F,105,37
2055,NUMBER,F,106,21
2055,NUMBER,F,107,10
2055,NUMBER,F,108,5
2055,NUMBER,F,109,3
2055,NUMBER,F,110,1
2055,NUMBER,F,111,0
2055,NUMBER,F,112,0
2055,NUMBER,F,113,0
2055,NUMBER,F,114,0
2055,NUMBER,F,115,0
2055,NUMBER,F,116,0
2055,NUMBER,F,117,0
2055,NUMBER,F,118,0
2055,NUMBER,F,119,0
2055,NUMBER,F,120+,0
2060,NUMBER,F,_T,433137
2060,NUMBER,F,0,2933
2060,NUMBER,F,1,2961
2060,NUMBER,F,2,2991
2060,NUMBER,F,3,3020
2060,NUMBER,F,4,3048
2060,NUMBER,F,5,3076
2060,NUMBER,F,6,3106
2060,NUMBER,F,7,3136
2060,NUMBER,F,8,3164
2060,NUMBER,F,9,3192
2060,NUMBER,F,10,3222
2060,NUMBER,F,11,3252
2060,NUMBER,F,12,3282
2060,NUMBER,F,13,3315
2060,NUMBER,F,14,3348
2060,NUMBER,F,15,3384
2060,NUMBER,F,16,3420
2060,NUMBER,F,17,3458
2060,NUMBER,F,18,3493
2060,NUMBER,F,19,3530
2060,NUMBER,F,20,3572
2060,NUMBER,F,21,3614
2060,NUMBER,F,22,3660
2060,NUMBER,F,23,3708
2060,NUMBER,F,24,3758
2060,NUMBER,F,25,3805
2060,NUMBER,F,26,3849
2060,NUMBER,F,27,3893
2060,NUMBER,F,28,3940
2060,NUMBER,F,29,3990
2060,NUMBER,F,30,4042
2060,NUMBER,F,31,4092
2060,NUMBER,F,32,4143
2060,NUMBER,F,33,4194
2060,NUMBER,F,34,4247
2060,NUMBER,F,35,4301
2060,NUMBER,F,36,4355
2060,NUMBER,F,37,4409
2060,NUMBER,F,38,4465
2060,NUMBER,F,39,4520
2060,NUMBER,F,40,4573
2060,NUMBER,F,41,4628
2060,NUMBER,F,42,4649
2060,NUMBER,F,43,4543
2060,NUMBER,F,44,4612
2060,NUMBER,F,45,4605
2060,NUMBER,F,46,4612
2060,NUMBER,F,47,4711
2060,NUMBER,F,48,5220
2060,NUMBER,F,49,5086
2060,NUMBER,F,50,5409
2060,NUMBER,F,51,5422
2060,NUMBER,F,52,5375
2060,NUMBER,F,53,5286
2060,NUMBER,F,54,5246
2060,NUMBER,F,55,5237
2060,NUMBER,F,56,5214
2060,NUMBER,F,57,5288
2060,NUMBER,F,58,5285
2060,NUMBER,F,59,5471
2060,NUMBER,F,60,5657
2060,NUMBER,F,61,5587
2060,NUMBER,F,62,6018
2060,NUMBER,F,63,6676
2060,NUMBER,F,64,6612
2060,NUMBER,F,65,6824
2060,NUMBER,F,66,6382
2060,NUMBER,F,67,5208
2060,NUMBER,F,68,5346
2060,NUMBER,F,69,6224
2060,NUMBER,F,70,6074
2060,NUMBER,F,71,6240
2060,NUMBER,F,72,6468
2060,NUMBER,F,73,6524
2060,NUMBER,F,74,6585
2060,NUMBER,F,75,6447
2060,NUMBER,F,76,6536
2060,NUMBER,F,77,6525
2060,NUMBER,F,78,6387
2060,NUMBER,F,79,6154
2060,NUMBER,F,80,5994
2060,NUMBER,F,81,5699
2060,NUMBER,F,82,5373
2060,NUMBER,F,83,5224
2060,NUMBER,F,84,5100
2060,NUMBER,F,85,4612
2060,NUMBER,F,86,4098
2060,NUMBER,F,87,3826
2060,NUMBER,F,88,3520
2060,NUMBER,F,89,3117
2060,NUMBER,F,90,2609
2060,NUMBER,F,91,2386
2060,NUMBER,F,92,2168
2060,NUMBER,F,93,1915
2060,NUMBER,F,94,1671
2060,NUMBER,F,95,1434
2060,NUMBER,F,96,1113
2060,NUMBER,F,97,911
2060,NUMBER,F,98,737
2060,NUMBER,F,99,550
2060,NUMBER,F,100,408
2060,NUMBER,F,101,292
2060,NUMBER,F,102,206
2060,NUMBER,F,103,125
2060,NUMBER,F,104,88
2060,NUMBER,F,105,54
2060,NUMBER,F,106,34
2060,NUMBER,F,107,18
2060,NUMBER,F,108,10
2060,NUMBER,F,109,4
2060,NUMBER,F,110,2
2060,NUMBER,F,111,1
2060,NUMBER,F,112,0
2060,NUMBER,F,113,0
2060,NUMBER,F,114,0
2060,NUMBER,F,115,0
2060,NUMBER,F,116,0
2060,NUMBER,F,117,0
2060,NUMBER,F,118,0
2060,NUMBER,F,119,0
2060,NUMBER,F,120+,0
2065,NUMBER,F,_T,414299
2065,NUMBER,F,0,2795
2065,NUMBER,F,1,2823
2065,NUMBER,F,2,2852
2065,NUMBER,F,3,2881
2065,NUMBER,F,4,2910
2065,NUMBER,F,5,2939
2065,NUMBER,F,6,2969
2065,NUMBER,F,7,3000
2065,NUMBER,F,8,3028
2065,NUMBER,F,9,3056
2065,NUMBER,F,10,3083
2065,NUMBER,F,11,3111
2065,NUMBER,F,12,3138
2065,NUMBER,F,13,3166
2065,NUMBER,F,14,3195
2065,NUMBER,F,15,3224
2065,NUMBER,F,16,3254
2065,NUMBER,F,17,3285
2065,NUMBER,F,18,3315
2065,NUMBER,F,19,3347
2065,NUMBER,F,20,3387
2065,NUMBER,F,21,3428
2065,NUMBER,F,22,3473
2065,NUMBER,F,23,3519
2065,NUMBER,F,24,3564
2065,NUMBER,F,25,3606
2065,NUMBER,F,26,3642
2065,NUMBER,F,27,3678
2065,NUMBER,F,28,3719
2065,NUMBER,F,29,3765
2065,NUMBER,F,30,3814
2065,NUMBER,F,31,3864
2065,NUMBER,F,32,3915
2065,NUMBER,F,33,3966
2065,NUMBER,F,34,4017
2065,NUMBER,F,35,4069
2065,NUMBER,F,36,4119
2065,NUMBER,F,37,4168
2065,NUMBER,F,38,4219
2065,NUMBER,F,39,4269
2065,NUMBER,F,40,4320
2065,NUMBER,F,41,4371
2065,NUMBER,F,42,4423
2065,NUMBER,F,43,4475
2065,NUMBER,F,44,4527
2065,NUMBER,F,45,4577
2065,NUMBER,F,46,4628
2065,NUMBER,F,47,4646
2065,NUMBER,F,48,4537
2065,NUMBER,F,49,4603
2065,NUMBER,F,50,4592
2065,NUMBER,F,51,4597
2065,NUMBER,F,52,4692
2065,NUMBER,F,53,5193
2065,NUMBER,F,54,5057
2065,NUMBER,F,55,5374
2065,NUMBER,F,56,5384
2065,NUMBER,F,57,5334
2065,NUMBER,F,58,5243
2065,NUMBER,F,59,5201
2065,NUMBER,F,60,5191
2065,NUMBER,F,61,5167
2065,NUMBER,F,62,5239
2065,NUMBER,F,63,5231
2065,NUMBER,F,64,5408
2065,NUMBER,F,65,5582
2065,NUMBER,F,66,5502
2065,NUMBER,F,67,5909
2065,NUMBER,F,68,6533
2065,NUMBER,F,69,6452
2065,NUMBER,F,70,6635
2065,NUMBER,F,71,6183
2065,NUMBER,F,72,5028
2065,NUMBER,F,73,5130
2065,NUMBER,F,74,5925
2065,NUMBER,F,75,5736
2065,NUMBER,F,76,5840
2065,NUMBER,F,77,5992
2065,NUMBER,F,78,5976
2065,NUMBER,F,79,5957
2065,NUMBER,F,80,5750
2065,NUMBER,F,81,5737
2065,NUMBER,F,82,5625
2065,NUMBER,F,83,5395
2065,NUMBER,F,84,5082
2065,NUMBER,F,85,4827
2065,NUMBER,F,86,4463
2065,NUMBER,F,87,4079
2065,NUMBER,F,88,3830
2065,NUMBER,F,89,3596
2065,NUMBER,F,90,3115
2065,NUMBER,F,91,2637
2065,NUMBER,F,92,2335
2065,NUMBER,F,93,2026
2065,NUMBER,F,94,1683
2065,NUMBER,F,95,1314
2065,NUMBER,F,96,1114
2065,NUMBER,F,97,932
2065,NUMBER,F,98,753
2065,NUMBER,F,99,596
2065,NUMBER,F,100,461
2065,NUMBER,F,101,320
2065,NUMBER,F,102,232
2065,NUMBER,F,103,166
2065,NUMBER,F,104,108
2065,NUMBER,F,105,70
2065,NUMBER,F,106,43
2065,NUMBER,F,107,25
2065,NUMBER,F,108,13
2065,NUMBER,F,109,7
2065,NUMBER,F,110,4
2065,NUMBER,F,111,2
2065,NUMBER,F,112,1
2065,NUMBER,F,113,0
2065,NUMBER,F,114,0
2065,NUMBER,F,115,0
2065,NUMBER,F,116,0
2065,NUMBER,F,117,0
2065,NUMBER,F,118,0
2065,NUMBER,F,119,0
2065,NUMBER,F,120+,0
2070,NUMBER,F,_T,395667
2070,NUMBER,F,0,2665
2070,NUMBER,F,1,2691
2070,NUMBER,F,2,2718
2070,NUMBER,F,3,2745
2070,NUMBER,F,4,2772
2070,NUMBER,F,5,2800
2070,NUMBER,F,6,2830
2070,NUMBER,F,7,2860
2070,NUMBER,F,8,2888
2070,NUMBER,F,9,2917
2070,NUMBER,F,10,2945
2070,NUMBER,F,11,2974
2070,NUMBER,F,12,3002
2070,NUMBER,F,13,3030
2070,NUMBER,F,14,3058
2070,NUMBER,F,15,3085
2070,NUMBER,F,16,3113
2070,NUMBER,F,17,3141
2070,NUMBER,F,18,3166
2070,NUMBER,F,19,3194
2070,NUMBER,F,20,3227
2070,NUMBER,F,21,3261
2070,NUMBER,F,22,3299
2070,NUMBER,F,23,3339
2070,NUMBER,F,24,3380
2070,NUMBER,F,25,3419
2070,NUMBER,F,26,3454
2070,NUMBER,F,27,3490
2070,NUMBER,F,28,3529
2070,NUMBER,F,29,3571
2070,NUMBER,F,30,3614
2070,NUMBER,F,31,3656
2070,NUMBER,F,32,3699
2070,NUMBER,F,33,3744
2070,NUMBER,F,34,3792
2070,NUMBER,F,35,3840
2070,NUMBER,F,36,3890
2070,NUMBER,F,37,3940
2070,NUMBER,F,38,3990
2070,NUMBER,F,39,4039
2070,NUMBER,F,40,4088
2070,NUMBER,F,41,4135
2070,NUMBER,F,42,4182
2070,NUMBER,F,43,4229
2070,NUMBER,F,44,4277
2070,NUMBER,F,45,4324
2070,NUMBER,F,46,4372
2070,NUMBER,F,47,4420
2070,NUMBER,F,48,4469
2070,NUMBER,F,49,4517
2070,NUMBER,F,50,4563
2070,NUMBER,F,51,4611
2070,NUMBER,F,52,4627
2070,NUMBER,F,53,4517
2070,NUMBER,F,54,4581
2070,NUMBER,F,55,4568
2070,NUMBER,F,56,4570
2070,NUMBER,F,57,4661
2070,NUMBER,F,58,5153
2070,NUMBER,F,59,5015
2070,NUMBER,F,60,5326
2070,NUMBER,F,61,5334
2070,NUMBER,F,62,5284
2070,NUMBER,F,63,5191
2070,NUMBER,F,64,5146
2070,NUMBER,F,65,5129
2070,NUMBER,F,66,5098
2070,NUMBER,F,67,5159
2070,NUMBER,F,68,5140
2070,NUMBER,F,69,5296
2070,NUMBER,F,70,5446
2070,NUMBER,F,71,5347
2070,NUMBER,F,72,5710
2070,NUMBER,F,73,6274
2070,NUMBER,F,74,6156
2070,NUMBER,F,75,6284
2070,NUMBER,F,76,5812
2070,NUMBER,F,77,4687
2070,NUMBER,F,78,4732
2070,NUMBER,F,79,5398
2070,NUMBER,F,80,5158
2070,NUMBER,F,81,5173
2070,NUMBER,F,82,5218
2070,NUMBER,F,83,5105
2070,NUMBER,F,84,4982
2070,NUMBER,F,85,4696
2070,NUMBER,F,86,4564
2070,NUMBER,F,87,4346
2070,NUMBER,F,88,4035
2070,NUMBER,F,89,3664
2070,NUMBER,F,90,3342
2070,NUMBER,F,91,2952
2070,NUMBER,F,92,2566
2070,NUMBER,F,93,2279
2070,NUMBER,F,94,2014
2070,NUMBER,F,95,1632
2070,NUMBER,F,96,1285
2070,NUMBER,F,97,1051
2070,NUMBER,F,98,836
2070,NUMBER,F,99,632
2070,NUMBER,F,100,446
2070,NUMBER,F,101,338
2070,NUMBER,F,102,252
2070,NUMBER,F,103,179
2070,NUMBER,F,104,125
2070,NUMBER,F,105,84
2070,NUMBER,F,106,50
2070,NUMBER,F,107,30
2070,NUMBER,F,108,18
2070,NUMBER,F,109,9
2070,NUMBER,F,110,5
2070,NUMBER,F,111,2
2070,NUMBER,F,112,1
2070,NUMBER,F,113,0
2070,NUMBER,F,114,0
2070,NUMBER,F,115,0
2070,NUMBER,F,116,0
2070,NUMBER,F,117,0
2070,NUMBER,F,118,0
2070,NUMBER,F,119,0
2070,NUMBER,F,120+,0
