Year,UNIT_MEASURE,Teritory,SEX,Live births,Value
2013,NUMBER,REPUBLIKA SRPSKA,F,_T,518243
2013,NUMBER,BANJA LUKA,F,_T,80633
2013,NUMBER,BERKOVICI,F,_T,839
2013,NUMBER,BIJELJINA,F,_T,45729
2013,NUMBER,BILECA,F,_T,4500
2013,NUMBER,BRATUNAC,F,_T,8127
2013,NUMBER,BROD,F,_T,6996
2013,NUMBER,VISEGRAD,F,_T,4691
2013,NUMBER,VLASENICA,F,_T,4738
2013,NUMBER,VUKOSAVLJE,F,_T,1849
2013,NUMBER,GACKO,F,_T,3646
2013,NUMBER,GRADISKA,F,_T,22005
2013,NUMBER,DERVENTA,F,_T,11515
2013,NUMBER,DOBOJ,F,_T,30598
2013,NUMBER,DONJI ZABAR,F,_T,1561
2013,NUMBER,ZVORNIK,F,_T,23313
2013,NUMBER,ISTOCNA ILIDZA,F,_T,6538
2013,NUMBER,ISTOCNI DRVAR,F,_T,22
2013,NUMBER,ISTOCNI MOSTAR,F,_T,93
2013,NUMBER,ISTOCNI STARI GRAD,F,_T,516
2013,NUMBER,ISTOCNO NOVO SARAJEVO,F,_T,4659
2013,NUMBER,JEZERO,F,_T,437
2013,NUMBER,KALINOVIK,F,_T,898
2013,NUMBER,KNEZEVO,F,_T,4079
2013,NUMBER,KOZARSKA DUBICA,F,_T,9386
2013,NUMBER,KOSTAJNICA,F,_T,2538
2013,NUMBER,KOTOR VAROS,F,_T,7914
2013,NUMBER,KRUPA NA UNI,F,_T,628
2013,NUMBER,KUPRES,F,_T,127
2013,NUMBER,LAKTASI,F,_T,14682
2013,NUMBER,LOPARE,F,_T,6471
2013,NUMBER,LJUBINJE,F,_T,1475
2013,NUMBER,MILICI,F,_T,4489
2013,NUMBER,MODRICA,F,_T,10856
2013,NUMBER,MRKONJIC GRAD,F,_T,7153
2013,NUMBER,NEVESINJE,F,_T,5385
2013,NUMBER,NOVI GRAD,F,_T,11191
2013,NUMBER,NOVO GORAZDE,F,_T,1263
2013,NUMBER,OSMACI,F,_T,2367
2013,NUMBER,OSTRA LUKA,F,_T,1131
2013,NUMBER,PALE,F,_T,9317
2013,NUMBER,PELAGICEVO,F,_T,1978
2013,NUMBER,PETROVAC,F,_T,160
2013,NUMBER,PETROVO,F,_T,2902
2013,NUMBER,PRIJEDOR,F,_T,36570
2013,NUMBER,PRNJAVOR,F,_T,15254
2013,NUMBER,RIBNIK,F,_T,2560
2013,NUMBER,ROGATICA,F,_T,4567
2013,NUMBER,RUDO,F,_T,3315
2013,NUMBER,SOKOLAC,F,_T,5142
2013,NUMBER,SRBAC,F,_T,7462
2013,NUMBER,SREBRENICA,F,_T,5260
2013,NUMBER,TESLIC,F,_T,16491
2013,NUMBER,TREBINJE,F,_T,12436
2013,NUMBER,TRNOVO,F,_T,936
2013,NUMBER,UGLJEVIK,F,_T,6451
2013,NUMBER,FOCA,F,_T,7700
2013,NUMBER,HAN PIJESAK,F,_T,1631
2013,NUMBER,CAJNICE,F,_T,2025
2013,NUMBER,CELINAC,F,_T,6555
2013,NUMBER,SAMAC,F,_T,7431
2013,NUMBER,SEKOVICI,F,_T,2815
2013,NUMBER,SIPOVO,F,_T,4247
2013,NUMBER,REPUBLIKA SRPSKA,F,did_not_give_birth,131752
2013,NUMBER,BANJA LUKA,F,did_not_give_birth,22958
2013,NUMBER,BERKOVICI,F,did_not_give_birth,198
2013,NUMBER,BIJELJINA,F,did_not_give_birth,11452
2013,NUMBER,BILECA,F,did_not_give_birth,1303
2013,NUMBER,BRATUNAC,F,did_not_give_birth,2067
2013,NUMBER,BROD,F,did_not_give_birth,1822
2013,NUMBER,VISEGRAD,F,did_not_give_birth,1278
2013,NUMBER,VLASENICA,F,did_not_give_birth,1293
2013,NUMBER,VUKOSAVLJE,F,did_not_give_birth,419
2013,NUMBER,GACKO,F,did_not_give_birth,1080
2013,NUMBER,GRADISKA,F,did_not_give_birth,5312
2013,NUMBER,DERVENTA,F,did_not_give_birth,2841
2013,NUMBER,DOBOJ,F,did_not_give_birth,7244
2013,NUMBER,DONJI ZABAR,F,did_not_give_birth,394
2013,NUMBER,ZVORNIK,F,did_not_give_birth,5530
2013,NUMBER,ISTOCNA ILIDZA,F,did_not_give_birth,1897
2013,NUMBER,ISTOCNI DRVAR,F,did_not_give_birth,5
2013,NUMBER,ISTOCNI MOSTAR,F,did_not_give_birth,25
2013,NUMBER,ISTOCNI STARI GRAD,F,did_not_give_birth,122
2013,NUMBER,ISTOCNO NOVO SARAJEVO,F,did_not_give_birth,1372
2013,NUMBER,JEZERO,F,did_not_give_birth,111
2013,NUMBER,KALINOVIK,F,did_not_give_birth,250
2013,NUMBER,KNEZEVO,F,did_not_give_birth,868
2013,NUMBER,KOZARSKA DUBICA,F,did_not_give_birth,2106
2013,NUMBER,KOSTAJNICA,F,did_not_give_birth,632
2013,NUMBER,KOTOR VAROS,F,did_not_give_birth,2052
2013,NUMBER,KRUPA NA UNI,F,did_not_give_birth,110
2013,NUMBER,KUPRES,F,did_not_give_birth,24
2013,NUMBER,LAKTASI,F,did_not_give_birth,3589
2013,NUMBER,LOPARE,F,did_not_give_birth,1679
2013,NUMBER,LJUBINJE,F,did_not_give_birth,377
2013,NUMBER,MILICI,F,did_not_give_birth,1235
2013,NUMBER,MODRICA,F,did_not_give_birth,2736
2013,NUMBER,MRKONJIC GRAD,F,did_not_give_birth,1571
2013,NUMBER,NEVESINJE,F,did_not_give_birth,1490
2013,NUMBER,NOVI GRAD,F,did_not_give_birth,2605
2013,NUMBER,NOVO GORAZDE,F,did_not_give_birth,405
2013,NUMBER,OSMACI,F,did_not_give_birth,570
2013,NUMBER,OSTRA LUKA,F,did_not_give_birth,235
2013,NUMBER,PALE,F,did_not_give_birth,2843
2013,NUMBER,PELAGICEVO,F,did_not_give_birth,467
2013,NUMBER,PETROVAC,F,did_not_give_birth,34
2013,NUMBER,PETROVO,F,did_not_give_birth,581
2013,NUMBER,PRIJEDOR,F,did_not_give_birth,9358
2013,NUMBER,PRNJAVOR,F,did_not_give_birth,3458
2013,NUMBER,RIBNIK,F,did_not_give_birth,493
2013,NUMBER,ROGATICA,F,did_not_give_birth,1126
2013,NUMBER,RUDO,F,did_not_give_birth,769
2013,NUMBER,SOKOLAC,F,did_not_give_birth,1278
2013,NUMBER,SRBAC,F,did_not_give_birth,1710
2013,NUMBER,SREBRENICA,F,did_not_give_birth,1385
2013,NUMBER,TESLIC,F,did_not_give_birth,3716
2013,NUMBER,TREBINJE,F,did_not_give_birth,3394
2013,NUMBER,TRNOVO,F,did_not_give_birth,243
2013,NUMBER,UGLJEVIK,F,did_not_give_birth,1598
2013,NUMBER,FOCA,F,did_not_give_birth,2037
2013,NUMBER,HAN PIJESAK,F,did_not_give_birth,391
2013,NUMBER,CAJNICE,F,did_not_give_birth,525
2013,NUMBER,CELINAC,F,did_not_give_birth,1600
2013,NUMBER,SAMAC,F,did_not_give_birth,1848
2013,NUMBER,SEKOVICI,F,did_not_give_birth,667
2013,NUMBER,SIPOVO,F,did_not_give_birth,974
2013,NUMBER,REPUBLIKA SRPSKA,F,one_child,69805
2013,NUMBER,BANJA LUKA,F,one_child,13545
2013,NUMBER,BERKOVICI,F,one_child,72
2013,NUMBER,BIJELJINA,F,one_child,6922
2013,NUMBER,BILECA,F,one_child,374
2013,NUMBER,BRATUNAC,F,one_child,856
2013,NUMBER,BROD,F,one_child,987
2013,NUMBER,VISEGRAD,F,one_child,536
2013,NUMBER,VLASENICA,F,one_child,547
2013,NUMBER,VUKOSAVLJE,F,one_child,236
2013,NUMBER,GACKO,F,one_child,325
2013,NUMBER,GRADISKA,F,one_child,3293
2013,NUMBER,DERVENTA,F,one_child,1633
2013,NUMBER,DOBOJ,F,one_child,4512
2013,NUMBER,DONJI ZABAR,F,one_child,205
2013,NUMBER,ZVORNIK,F,one_child,2647
2013,NUMBER,ISTOCNA ILIDZA,F,one_child,1017
2013,NUMBER,ISTOCNI DRVAR,F,one_child,4
2013,NUMBER,ISTOCNI MOSTAR,F,one_child,8
2013,NUMBER,ISTOCNI STARI GRAD,F,one_child,53
2013,NUMBER,ISTOCNO NOVO SARAJEVO,F,one_child,832
2013,NUMBER,JEZERO,F,one_child,41
2013,NUMBER,KALINOVIK,F,one_child,62
2013,NUMBER,KNEZEVO,F,one_child,329
2013,NUMBER,KOZARSKA DUBICA,F,one_child,1478
2013,NUMBER,KOSTAJNICA,F,one_child,460
2013,NUMBER,KOTOR VAROS,F,one_child,706
2013,NUMBER,KRUPA NA UNI,F,one_child,58
2013,NUMBER,KUPRES,F,one_child,13
2013,NUMBER,LAKTASI,F,one_child,2036
2013,NUMBER,LOPARE,F,one_child,737
2013,NUMBER,LJUBINJE,F,one_child,102
2013,NUMBER,MILICI,F,one_child,405
2013,NUMBER,MODRICA,F,one_child,1389
2013,NUMBER,MRKONJIC GRAD,F,one_child,720
2013,NUMBER,NEVESINJE,F,one_child,478
2013,NUMBER,NOVI GRAD,F,one_child,1568
2013,NUMBER,NOVO GORAZDE,F,one_child,147
2013,NUMBER,OSMACI,F,one_child,227
2013,NUMBER,OSTRA LUKA,F,one_child,79
2013,NUMBER,PALE,F,one_child,1269
2013,NUMBER,PELAGICEVO,F,one_child,240
2013,NUMBER,PETROVAC,F,one_child,23
2013,NUMBER,PETROVO,F,one_child,407
2013,NUMBER,PRIJEDOR,F,one_child,5181
2013,NUMBER,PRNJAVOR,F,one_child,1922
2013,NUMBER,RIBNIK,F,one_child,226
2013,NUMBER,ROGATICA,F,one_child,505
2013,NUMBER,RUDO,F,one_child,299
2013,NUMBER,SOKOLAC,F,one_child,646
2013,NUMBER,SRBAC,F,one_child,1066
2013,NUMBER,SREBRENICA,F,one_child,519
2013,NUMBER,TESLIC,F,one_child,1963
2013,NUMBER,TREBINJE,F,one_child,1415
2013,NUMBER,TRNOVO,F,one_child,114
2013,NUMBER,UGLJEVIK,F,one_child,797
2013,NUMBER,FOCA,F,one_child,829
2013,NUMBER,HAN PIJESAK,F,one_child,200
2013,NUMBER,CAJNICE,F,one_child,203
2013,NUMBER,CELINAC,F,one_child,640
2013,NUMBER,SAMAC,F,one_child,1094
2013,NUMBER,SEKOVICI,F,one_child,241
2013,NUMBER,SIPOVO,F,one_child,367
2013,NUMBER,REPUBLIKA SRPSKA,F,two_children,201271
2013,NUMBER,BANJA LUKA,F,two_children,32459
2013,NUMBER,BERKOVICI,F,two_children,239
2013,NUMBER,BIJELJINA,F,two_children,19232
2013,NUMBER,BILECA,F,two_children,1326
2013,NUMBER,BRATUNAC,F,two_children,2792
2013,NUMBER,BROD,F,two_children,2580
2013,NUMBER,VISEGRAD,F,two_children,1848
2013,NUMBER,VLASENICA,F,two_children,1665
2013,NUMBER,VUKOSAVLJE,F,two_children,559
2013,NUMBER,GACKO,F,two_children,1059
2013,NUMBER,GRADISKA,F,two_children,8900
2013,NUMBER,DERVENTA,F,two_children,4439
2013,NUMBER,DOBOJ,F,two_children,12173
2013,NUMBER,DONJI ZABAR,F,two_children,593
2013,NUMBER,ZVORNIK,F,two_children,8830
2013,NUMBER,ISTOCNA ILIDZA,F,two_children,2779
2013,NUMBER,ISTOCNI DRVAR,F,two_children,10
2013,NUMBER,ISTOCNI MOSTAR,F,two_children,33
2013,NUMBER,ISTOCNI STARI GRAD,F,two_children,228
2013,NUMBER,ISTOCNO NOVO SARAJEVO,F,two_children,1900
2013,NUMBER,JEZERO,F,two_children,148
2013,NUMBER,KALINOVIK,F,two_children,319
2013,NUMBER,KNEZEVO,F,two_children,1392
2013,NUMBER,KOZARSKA DUBICA,F,two_children,4143
2013,NUMBER,KOSTAJNICA,F,two_children,1052
2013,NUMBER,KOTOR VAROS,F,two_children,2402
2013,NUMBER,KRUPA NA UNI,F,two_children,192
2013,NUMBER,KUPRES,F,two_children,40
2013,NUMBER,LAKTASI,F,two_children,6184
2013,NUMBER,LOPARE,F,two_children,2505
2013,NUMBER,LJUBINJE,F,two_children,553
2013,NUMBER,MILICI,F,two_children,1495
2013,NUMBER,MODRICA,F,two_children,4165
2013,NUMBER,MRKONJIC GRAD,F,two_children,2860
2013,NUMBER,NEVESINJE,F,two_children,1754
2013,NUMBER,NOVI GRAD,F,two_children,4409
2013,NUMBER,NOVO GORAZDE,F,two_children,422
2013,NUMBER,OSMACI,F,two_children,797
2013,NUMBER,OSTRA LUKA,F,two_children,344
2013,NUMBER,PALE,F,two_children,3827
2013,NUMBER,PELAGICEVO,F,two_children,665
2013,NUMBER,PETROVAC,F,two_children,82
2013,NUMBER,PETROVO,F,two_children,1379
2013,NUMBER,PRIJEDOR,F,two_children,13567
2013,NUMBER,PRNJAVOR,F,two_children,6044
2013,NUMBER,RIBNIK,F,two_children,909
2013,NUMBER,ROGATICA,F,two_children,1710
2013,NUMBER,RUDO,F,two_children,1350
2013,NUMBER,SOKOLAC,F,two_children,2140
2013,NUMBER,SRBAC,F,two_children,3026
2013,NUMBER,SREBRENICA,F,two_children,1722
2013,NUMBER,TESLIC,F,two_children,5747
2013,NUMBER,TREBINJE,F,two_children,4888
2013,NUMBER,TRNOVO,F,two_children,376
2013,NUMBER,UGLJEVIK,F,two_children,2613
2013,NUMBER,FOCA,F,two_children,2985
2013,NUMBER,HAN PIJESAK,F,two_children,636
2013,NUMBER,CAJNICE,F,two_children,677
2013,NUMBER,CELINAC,F,two_children,2447
2013,NUMBER,SAMAC,F,two_children,3141
2013,NUMBER,SEKOVICI,F,two_children,982
2013,NUMBER,SIPOVO,F,two_children,1538
2013,NUMBER,REPUBLIKA SRPSKA,F,three_children,75481
2013,NUMBER,BANJA LUKA,F,three_children,8070
2013,NUMBER,BERKOVICI,F,three_children,217
2013,NUMBER,BIJELJINA,F,three_children,5831
2013,NUMBER,BILECA,F,three_children,977
2013,NUMBER,BRATUNAC,F,three_children,1431
2013,NUMBER,BROD,F,three_children,1080
2013,NUMBER,VISEGRAD,F,three_children,712
2013,NUMBER,VLASENICA,F,three_children,713
2013,NUMBER,VUKOSAVLJE,F,three_children,347
2013,NUMBER,GACKO,F,three_children,776
2013,NUMBER,GRADISKA,F,three_children,3006
2013,NUMBER,DERVENTA,F,three_children,1724
2013,NUMBER,DOBOJ,F,three_children,4326
2013,NUMBER,DONJI ZABAR,F,three_children,250
2013,NUMBER,ZVORNIK,F,three_children,4031
2013,NUMBER,ISTOCNA ILIDZA,F,three_children,680
2013,NUMBER,ISTOCNI DRVAR,F,three_children,3
2013,NUMBER,ISTOCNI MOSTAR,F,three_children,15
2013,NUMBER,ISTOCNI STARI GRAD,F,three_children,83
2013,NUMBER,ISTOCNO NOVO SARAJEVO,F,three_children,443
2013,NUMBER,JEZERO,F,three_children,77
2013,NUMBER,KALINOVIK,F,three_children,171
2013,NUMBER,KNEZEVO,F,three_children,808
2013,NUMBER,KOZARSKA DUBICA,F,three_children,1200
2013,NUMBER,KOSTAJNICA,F,three_children,277
2013,NUMBER,KOTOR VAROS,F,three_children,1502
2013,NUMBER,KRUPA NA UNI,F,three_children,142
2013,NUMBER,KUPRES,F,three_children,27
2013,NUMBER,LAKTASI,F,three_children,2018
2013,NUMBER,LOPARE,F,three_children,1040
2013,NUMBER,LJUBINJE,F,three_children,328
2013,NUMBER,MILICI,F,three_children,838
2013,NUMBER,MODRICA,F,three_children,1652
2013,NUMBER,MRKONJIC GRAD,F,three_children,1314
2013,NUMBER,NEVESINJE,F,three_children,1064
2013,NUMBER,NOVI GRAD,F,three_children,1483
2013,NUMBER,NOVO GORAZDE,F,three_children,192
2013,NUMBER,OSMACI,F,three_children,427
2013,NUMBER,OSTRA LUKA,F,three_children,266
2013,NUMBER,PALE,F,three_children,1048
2013,NUMBER,PELAGICEVO,F,three_children,364
2013,NUMBER,PETROVAC,F,three_children,19
2013,NUMBER,PETROVO,F,three_children,379
2013,NUMBER,PRIJEDOR,F,three_children,5168
2013,NUMBER,PRNJAVOR,F,three_children,2451
2013,NUMBER,RIBNIK,F,three_children,572
2013,NUMBER,ROGATICA,F,three_children,824
2013,NUMBER,RUDO,F,three_children,604
2013,NUMBER,SOKOLAC,F,three_children,768
2013,NUMBER,SRBAC,F,three_children,1137
2013,NUMBER,SREBRENICA,F,three_children,914
2013,NUMBER,TESLIC,F,three_children,2955
2013,NUMBER,TREBINJE,F,three_children,2131
2013,NUMBER,TRNOVO,F,three_children,136
2013,NUMBER,UGLJEVIK,F,three_children,1018
2013,NUMBER,FOCA,F,three_children,1283
2013,NUMBER,HAN PIJESAK,F,three_children,282
2013,NUMBER,CAJNICE,F,three_children,408
2013,NUMBER,CELINAC,F,three_children,1172
2013,NUMBER,SAMAC,F,three_children,962
2013,NUMBER,SEKOVICI,F,three_children,558
2013,NUMBER,SIPOVO,F,three_children,787
2013,NUMBER,REPUBLIKA SRPSKA,F,four_children,22659
2013,NUMBER,BANJA LUKA,F,four_children,2049
2013,NUMBER,BERKOVICI,F,four_children,76
2013,NUMBER,BIJELJINA,F,four_children,1410
2013,NUMBER,BILECA,F,four_children,351
2013,NUMBER,BRATUNAC,F,four_children,492
2013,NUMBER,BROD,F,four_children,303
2013,NUMBER,VISEGRAD,F,four_children,194
2013,NUMBER,VLASENICA,F,four_children,266
2013,NUMBER,VUKOSAVLJE,F,four_children,148
2013,NUMBER,GACKO,F,four_children,273
2013,NUMBER,GRADISKA,F,four_children,817
2013,NUMBER,DERVENTA,F,four_children,506
2013,NUMBER,DOBOJ,F,four_children,1337
2013,NUMBER,DONJI ZABAR,F,four_children,69
2013,NUMBER,ZVORNIK,F,four_children,1267
2013,NUMBER,ISTOCNA ILIDZA,F,four_children,111
2013,NUMBER,ISTOCNI MOSTAR,F,four_children,5
2013,NUMBER,ISTOCNI STARI GRAD,F,four_children,23
2013,NUMBER,ISTOCNO NOVO SARAJEVO,F,four_children,82
2013,NUMBER,JEZERO,F,four_children,34
2013,NUMBER,KALINOVIK,F,four_children,53
2013,NUMBER,KNEZEVO,F,four_children,317
2013,NUMBER,KOZARSKA DUBICA,F,four_children,294
2013,NUMBER,KOSTAJNICA,F,four_children,70
2013,NUMBER,KOTOR VAROS,F,four_children,635
2013,NUMBER,KRUPA NA UNI,F,four_children,61
2013,NUMBER,KUPRES,F,four_children,13
2013,NUMBER,LAKTASI,F,four_children,549
2013,NUMBER,LOPARE,F,four_children,301
2013,NUMBER,LJUBINJE,F,four_children,74
2013,NUMBER,MILICI,F,four_children,277
2013,NUMBER,MODRICA,F,four_children,548
2013,NUMBER,MRKONJIC GRAD,F,four_children,393
2013,NUMBER,NEVESINJE,F,four_children,395
2013,NUMBER,NOVI GRAD,F,four_children,583
2013,NUMBER,NOVO GORAZDE,F,four_children,55
2013,NUMBER,OSMACI,F,four_children,171
2013,NUMBER,OSTRA LUKA,F,four_children,105
2013,NUMBER,PALE,F,four_children,235
2013,NUMBER,PELAGICEVO,F,four_children,133
2013,NUMBER,PETROVAC,F,four_children,2
2013,NUMBER,PETROVO,F,four_children,91
2013,NUMBER,PRIJEDOR,F,four_children,1761
2013,NUMBER,PRNJAVOR,F,four_children,769
2013,NUMBER,RIBNIK,F,four_children,198
2013,NUMBER,ROGATICA,F,four_children,259
2013,NUMBER,RUDO,F,four_children,201
2013,NUMBER,SOKOLAC,F,four_children,206
2013,NUMBER,SRBAC,F,four_children,306
2013,NUMBER,SREBRENICA,F,four_children,358
2013,NUMBER,TESLIC,F,four_children,1010
2013,NUMBER,TREBINJE,F,four_children,463
2013,NUMBER,TRNOVO,F,four_children,45
2013,NUMBER,UGLJEVIK,F,four_children,264
2013,NUMBER,FOCA,F,four_children,348
2013,NUMBER,HAN PIJESAK,F,four_children,75
2013,NUMBER,CAJNICE,F,four_children,140
2013,NUMBER,CELINAC,F,four_children,385
2013,NUMBER,SAMAC,F,four_children,235
2013,NUMBER,SEKOVICI,F,four_children,193
2013,NUMBER,SIPOVO,F,four_children,275
2013,NUMBER,REPUBLIKA SRPSKA,F,5+,17275
2013,NUMBER,BANJA LUKA,F,5+,1552
2013,NUMBER,BERKOVICI,F,5+,37
2013,NUMBER,BIJELJINA,F,5+,882
2013,NUMBER,BILECA,F,5+,169
2013,NUMBER,BRATUNAC,F,5+,489
2013,NUMBER,BROD,F,5+,224
2013,NUMBER,VISEGRAD,F,5+,123
2013,NUMBER,VLASENICA,F,5+,254
2013,NUMBER,VUKOSAVLJE,F,5+,140
2013,NUMBER,GACKO,F,5+,133
2013,NUMBER,GRADISKA,F,5+,677
2013,NUMBER,DERVENTA,F,5+,372
2013,NUMBER,DOBOJ,F,5+,1006
2013,NUMBER,DONJI ZABAR,F,5+,50
2013,NUMBER,ZVORNIK,F,5+,1008
2013,NUMBER,ISTOCNA ILIDZA,F,5+,54
2013,NUMBER,ISTOCNI MOSTAR,F,5+,7
2013,NUMBER,ISTOCNI STARI GRAD,F,5+,7
2013,NUMBER,ISTOCNO NOVO SARAJEVO,F,5+,30
2013,NUMBER,JEZERO,F,5+,26
2013,NUMBER,KALINOVIK,F,5+,43
2013,NUMBER,KNEZEVO,F,5+,365
2013,NUMBER,KOZARSKA DUBICA,F,5+,165
2013,NUMBER,KOSTAJNICA,F,5+,47
2013,NUMBER,KOTOR VAROS,F,5+,617
2013,NUMBER,KRUPA NA UNI,F,5+,65
2013,NUMBER,KUPRES,F,5+,10
2013,NUMBER,LAKTASI,F,5+,306
2013,NUMBER,LOPARE,F,5+,209
2013,NUMBER,LJUBINJE,F,5+,41
2013,NUMBER,MILICI,F,5+,239
2013,NUMBER,MODRICA,F,5+,366
2013,NUMBER,MRKONJIC GRAD,F,5+,295
2013,NUMBER,NEVESINJE,F,5+,204
2013,NUMBER,NOVI GRAD,F,5+,543
2013,NUMBER,NOVO GORAZDE,F,5+,42
2013,NUMBER,OSMACI,F,5+,175
2013,NUMBER,OSTRA LUKA,F,5+,102
2013,NUMBER,PALE,F,5+,95
2013,NUMBER,PELAGICEVO,F,5+,109
2013,NUMBER,PETROVO,F,5+,65
2013,NUMBER,PRIJEDOR,F,5+,1535
2013,NUMBER,PRNJAVOR,F,5+,610
2013,NUMBER,RIBNIK,F,5+,162
2013,NUMBER,ROGATICA,F,5+,143
2013,NUMBER,RUDO,F,5+,92
2013,NUMBER,SOKOLAC,F,5+,104
2013,NUMBER,SRBAC,F,5+,217
2013,NUMBER,SREBRENICA,F,5+,362
2013,NUMBER,TESLIC,F,5+,1100
2013,NUMBER,TREBINJE,F,5+,145
2013,NUMBER,TRNOVO,F,5+,22
2013,NUMBER,UGLJEVIK,F,5+,161
2013,NUMBER,FOCA,F,5+,218
2013,NUMBER,HAN PIJESAK,F,5+,47
2013,NUMBER,CAJNICE,F,5+,72
2013,NUMBER,CELINAC,F,5+,311
2013,NUMBER,SAMAC,F,5+,151
2013,NUMBER,SEKOVICI,F,5+,174
2013,NUMBER,SIPOVO,F,5+,306
