Year,SEX,UNIT_MEASURE,Value
2020,_T,number_birth_rate,10.9
2025,_T,number_birth_rate,11.9
2030,_T,number_birth_rate,13.1
2035,_T,number_birth_rate,14.5
2040,_T,number_birth_rate,16.0
2045,_T,number_birth_rate,17.5
2050,_T,number_birth_rate,18.8
2055,_T,number_birth_rate,19.8
2060,_T,number_birth_rate,20.7
2065,_T,number_birth_rate,21.5
2070,_T,number_birth_rate,22.2
2020,M,number_birth_rate,11.4
2025,M,number_birth_rate,12.5
2030,M,number_birth_rate,13.8
2035,M,number_birth_rate,15.3
2040,M,number_birth_rate,16.9
2045,M,number_birth_rate,18.5
2050,M,number_birth_rate,19.8
2055,M,number_birth_rate,20.9
2060,M,number_birth_rate,21.9
2065,M,number_birth_rate,22.6
2070,M,number_birth_rate,23.1
2020,F,number_birth_rate,10.52
2025,F,number_birth_rate,11.42
2030,F,number_birth_rate,12.48
2035,F,number_birth_rate,13.75
2040,F,number_birth_rate,15.19
2045,F,number_birth_rate,16.66
2050,F,number_birth_rate,17.9
2055,F,number_birth_rate,18.93
2060,F,number_birth_rate,19.79
2065,F,number_birth_rate,20.64
2070,F,number_birth_rate,21.5
