Year,UNIT_MEASURE,ADMIN_AREA,SEX,Religion,Value
2013,NUMBER,republika_srpska,_T,_T,1170342
2013,NUMBER,republika_srpska,M,_T,571812
2013,NUMBER,republika_srpska,F,_T,598530
2013,NUMBER,grad_banja_luka,_T,_T,180053
2013,NUMBER,grad_banja_luka,M,_T,86510
2013,NUMBER,grad_banja_luka,F,_T,93543
2013,NUMBER,berkovici,_T,_T,2041
2013,NUMBER,berkovici,M,_T,1032
2013,NUMBER,berkovici,F,_T,1009
2013,NUMBER,grad_bijeljina,_T,_T,103874
2013,NUMBER,grad_bijeljina,M,_T,50760
2013,NUMBER,grad_bijeljina,F,_T,53114
2013,NUMBER,bileca,_T,_T,10607
2013,NUMBER,bileca,M,_T,5346
2013,NUMBER,bileca,F,_T,5261
2013,NUMBER,bratunac,_T,_T,18651
2013,NUMBER,bratunac,M,_T,9210
2013,NUMBER,bratunac,F,_T,9441
2013,NUMBER,brod,_T,_T,15720
2013,NUMBER,brod,M,_T,7670
2013,NUMBER,brod,F,_T,8050
2013,NUMBER,visegrad,_T,_T,10118
2013,NUMBER,visegrad,M,_T,4834
2013,NUMBER,visegrad,F,_T,5284
2013,NUMBER,vlasenica,_T,_T,10657
2013,NUMBER,vlasenica,M,_T,5193
2013,NUMBER,vlasenica,F,_T,5464
2013,NUMBER,vukosavlje,_T,_T,4363
2013,NUMBER,vukosavlje,M,_T,2185
2013,NUMBER,vukosavlje,F,_T,2178
2013,NUMBER,gacko,_T,_T,8710
2013,NUMBER,gacko,M,_T,4423
2013,NUMBER,gacko,F,_T,4287
2013,NUMBER,grad_gradiska,_T,_T,49196
2013,NUMBER,grad_gradiska,M,_T,23944
2013,NUMBER,grad_gradiska,F,_T,25252
2013,NUMBER,grad_derventa,_T,_T,25922
2013,NUMBER,grad_derventa,M,_T,12629
2013,NUMBER,grad_derventa,F,_T,13293
2013,NUMBER,grad_doboj,_T,_T,68514
2013,NUMBER,grad_doboj,M,_T,33222
2013,NUMBER,grad_doboj,F,_T,35292
2013,NUMBER,donji_zabar,_T,_T,3669
2013,NUMBER,donji_zabar,M,_T,1853
2013,NUMBER,donji_zabar,F,_T,1816
2013,NUMBER,grad_zvornik,_T,_T,54407
2013,NUMBER,grad_zvornik,M,_T,26803
2013,NUMBER,grad_zvornik,F,_T,27604
2013,NUMBER,istocna_ilidza,_T,_T,14437
2013,NUMBER,istocna_ilidza,M,_T,6905
2013,NUMBER,istocna_ilidza,F,_T,7532
2013,NUMBER,istocni_drvar,_T,_T,66
2013,NUMBER,istocni_drvar,M,_T,44
2013,NUMBER,istocni_drvar,F,_T,22
2013,NUMBER,istocni_mostar,_T,_T,244
2013,NUMBER,istocni_mostar,M,_T,138
2013,NUMBER,istocni_mostar,F,_T,106
2013,NUMBER,istocni_stari_grad,_T,_T,1116
2013,NUMBER,istocni_stari_grad,M,_T,552
2013,NUMBER,istocni_stari_grad,F,_T,564
2013,NUMBER,istocno_novo_sarajevo,_T,_T,10401
2013,NUMBER,istocno_novo_sarajevo,M,_T,4936
2013,NUMBER,istocno_novo_sarajevo,F,_T,5465
2013,NUMBER,jezero,_T,_T,1039
2013,NUMBER,jezero,M,_T,534
2013,NUMBER,jezero,F,_T,505
2013,NUMBER,kalinovik,_T,_T,1962
2013,NUMBER,kalinovik,M,_T,950
2013,NUMBER,kalinovik,F,_T,1012
2013,NUMBER,knezevo,_T,_T,9368
2013,NUMBER,knezevo,M,_T,4632
2013,NUMBER,knezevo,F,_T,4736
2013,NUMBER,kozarska_dubica,_T,_T,20681
2013,NUMBER,kozarska_dubica,M,_T,10094
2013,NUMBER,kozarska_dubica,F,_T,10587
2013,NUMBER,kostajnica,_T,_T,5645
2013,NUMBER,kostajnica,M,_T,2780
2013,NUMBER,kostajnica,F,_T,2865
2013,NUMBER,kotor_varos,_T,_T,18361
2013,NUMBER,kotor_varos,M,_T,9007
2013,NUMBER,kotor_varos,F,_T,9354
2013,NUMBER,krupa_na_uni,_T,_T,1560
2013,NUMBER,krupa_na_uni,M,_T,841
2013,NUMBER,krupa_na_uni,F,_T,719
2013,NUMBER,kupres,_T,_T,293
2013,NUMBER,kupres,M,_T,157
2013,NUMBER,kupres,F,_T,136
2013,NUMBER,laktasi,_T,_T,34210
2013,NUMBER,laktasi,M,_T,16905
2013,NUMBER,laktasi,F,_T,17305
2013,NUMBER,lopare,_T,_T,14689
2013,NUMBER,lopare,M,_T,7377
2013,NUMBER,lopare,F,_T,7312
2013,NUMBER,ljubinje,_T,_T,3319
2013,NUMBER,ljubinje,M,_T,1633
2013,NUMBER,ljubinje,F,_T,1686
2013,NUMBER,milici,_T,_T,10445
2013,NUMBER,milici,M,_T,5252
2013,NUMBER,milici,F,_T,5193
2013,NUMBER,modrica,_T,_T,24490
2013,NUMBER,modrica,M,_T,11969
2013,NUMBER,modrica,F,_T,12521
2013,NUMBER,mrkonjic_grad,_T,_T,15926
2013,NUMBER,mrkonjic_grad,M,_T,7660
2013,NUMBER,mrkonjic_grad,F,_T,8266
2013,NUMBER,nevesinje,_T,_T,12542
2013,NUMBER,nevesinje,M,_T,6236
2013,NUMBER,nevesinje,F,_T,6306
2013,NUMBER,novi_grad,_T,_T,25240
2013,NUMBER,novi_grad,M,_T,12580
2013,NUMBER,novi_grad,F,_T,12660
2013,NUMBER,novo_gorazde,_T,_T,2915
2013,NUMBER,novo_gorazde,M,_T,1500
2013,NUMBER,novo_gorazde,F,_T,1415
2013,NUMBER,osmaci,_T,_T,5546
2013,NUMBER,osmaci,M,_T,2779
2013,NUMBER,osmaci,F,_T,2767
2013,NUMBER,ostra_luka,_T,_T,2705
2013,NUMBER,ostra_luka,M,_T,1386
2013,NUMBER,ostra_luka,F,_T,1319
2013,NUMBER,pale,_T,_T,20359
2013,NUMBER,pale,M,_T,9744
2013,NUMBER,pale,F,_T,10615
2013,NUMBER,pelagicevo,_T,_T,4358
2013,NUMBER,pelagicevo,M,_T,2151
2013,NUMBER,pelagicevo,F,_T,2207
2013,NUMBER,petrovac,_T,_T,354
2013,NUMBER,petrovac,M,_T,169
2013,NUMBER,petrovac,F,_T,185
2013,NUMBER,petrovo,_T,_T,6317
2013,NUMBER,petrovo,M,_T,3043
2013,NUMBER,petrovo,F,_T,3274
2013,NUMBER,grad_prijedor,_T,_T,80916
2013,NUMBER,grad_prijedor,M,_T,39418
2013,NUMBER,grad_prijedor,F,_T,41498
2013,NUMBER,prnjavor,_T,_T,34357
2013,NUMBER,prnjavor,M,_T,16675
2013,NUMBER,prnjavor,F,_T,17682
2013,NUMBER,ribnik,_T,_T,5851
2013,NUMBER,ribnik,M,_T,2900
2013,NUMBER,ribnik,F,_T,2951
2013,NUMBER,rogatica,_T,_T,10302
2013,NUMBER,rogatica,M,_T,5053
2013,NUMBER,rogatica,F,_T,5249
2013,NUMBER,rudo,_T,_T,7578
2013,NUMBER,rudo,M,_T,3840
2013,NUMBER,rudo,F,_T,3738
2013,NUMBER,sokolac,_T,_T,11620
2013,NUMBER,sokolac,M,_T,5723
2013,NUMBER,sokolac,F,_T,5897
2013,NUMBER,srbac,_T,_T,16933
2013,NUMBER,srbac,M,_T,8295
2013,NUMBER,srbac,F,_T,8638
2013,NUMBER,srebrenica,_T,_T,11698
2013,NUMBER,srebrenica,M,_T,5714
2013,NUMBER,srebrenica,F,_T,5984
2013,NUMBER,teslic,_T,_T,37236
2013,NUMBER,teslic,M,_T,17894
2013,NUMBER,teslic,F,_T,19342
2013,NUMBER,grad_trebinje,_T,_T,28239
2013,NUMBER,grad_trebinje,M,_T,13760
2013,NUMBER,grad_trebinje,F,_T,14479
2013,NUMBER,trnovo,_T,_T,1983
2013,NUMBER,trnovo,M,_T,953
2013,NUMBER,trnovo,F,_T,1030
2013,NUMBER,ugljevik,_T,_T,15118
2013,NUMBER,ugljevik,M,_T,7626
2013,NUMBER,ugljevik,F,_T,7492
2013,NUMBER,foca,_T,_T,17580
2013,NUMBER,foca,M,_T,8880
2013,NUMBER,foca,F,_T,8700
2013,NUMBER,han_pijesak,_T,_T,3445
2013,NUMBER,han_pijesak,M,_T,1632
2013,NUMBER,han_pijesak,F,_T,1813
2013,NUMBER,cajnice,_T,_T,4679
2013,NUMBER,cajnice,M,_T,2347
2013,NUMBER,cajnice,F,_T,2332
2013,NUMBER,celinac,_T,_T,15117
2013,NUMBER,celinac,M,_T,7477
2013,NUMBER,celinac,F,_T,7640
2013,NUMBER,samac,_T,_T,16308
2013,NUMBER,samac,M,_T,7908
2013,NUMBER,samac,F,_T,8400
2013,NUMBER,sekovici,_T,_T,6323
2013,NUMBER,sekovici,M,_T,3103
2013,NUMBER,sekovici,F,_T,3220
2013,NUMBER,sipovo,_T,_T,9969
2013,NUMBER,sipovo,M,_T,5046
2013,NUMBER,sipovo,F,_T,4923
2013,NUMBER,republika_srpska,_T,muslim,149435
2013,NUMBER,republika_srpska,M,muslim,72605
2013,NUMBER,republika_srpska,F,muslim,76830
2013,NUMBER,grad_banja_luka,_T,muslim,6693
2013,NUMBER,grad_banja_luka,M,muslim,3053
2013,NUMBER,grad_banja_luka,F,muslim,3640
2013,NUMBER,berkovici,_T,muslim,155
2013,NUMBER,berkovici,M,muslim,87
2013,NUMBER,berkovici,F,muslim,68
2013,NUMBER,grad_bijeljina,_T,muslim,12055
2013,NUMBER,grad_bijeljina,M,muslim,5902
2013,NUMBER,grad_bijeljina,F,muslim,6153
2013,NUMBER,bileca,_T,muslim,23
2013,NUMBER,bileca,M,muslim,14
2013,NUMBER,bileca,F,muslim,9
2013,NUMBER,bratunac,_T,muslim,6591
2013,NUMBER,bratunac,M,muslim,3220
2013,NUMBER,bratunac,F,muslim,3371
2013,NUMBER,brod,_T,muslim,1311
2013,NUMBER,brod,M,muslim,646
2013,NUMBER,brod,F,muslim,665
2013,NUMBER,visegrad,_T,muslim,876
2013,NUMBER,visegrad,M,muslim,443
2013,NUMBER,visegrad,F,muslim,433
2013,NUMBER,vlasenica,_T,muslim,3354
2013,NUMBER,vlasenica,M,muslim,1645
2013,NUMBER,vlasenica,F,muslim,1709
2013,NUMBER,vukosavlje,_T,muslim,2154
2013,NUMBER,vukosavlje,M,muslim,1105
2013,NUMBER,vukosavlje,F,muslim,1049
2013,NUMBER,gacko,_T,muslim,330
2013,NUMBER,gacko,M,muslim,178
2013,NUMBER,gacko,F,muslim,152
2013,NUMBER,grad_gradiska,_T,muslim,6619
2013,NUMBER,grad_gradiska,M,muslim,3214
2013,NUMBER,grad_gradiska,F,muslim,3405
2013,NUMBER,grad_derventa,_T,muslim,1709
2013,NUMBER,grad_derventa,M,muslim,820
2013,NUMBER,grad_derventa,F,muslim,889
2013,NUMBER,grad_doboj,_T,muslim,14342
2013,NUMBER,grad_doboj,M,muslim,6861
2013,NUMBER,grad_doboj,F,muslim,7481
2013,NUMBER,donji_zabar,_T,muslim,4
2013,NUMBER,donji_zabar,M,muslim,0
2013,NUMBER,donji_zabar,F,muslim,4
2013,NUMBER,grad_zvornik,_T,muslim,16791
2013,NUMBER,grad_zvornik,M,muslim,8218
2013,NUMBER,grad_zvornik,F,muslim,8573
2013,NUMBER,istocna_ilidza,_T,muslim,630
2013,NUMBER,istocna_ilidza,M,muslim,291
2013,NUMBER,istocna_ilidza,F,muslim,339
2013,NUMBER,istocni_drvar,_T,muslim,0
2013,NUMBER,istocni_drvar,M,muslim,0
2013,NUMBER,istocni_drvar,F,muslim,0
2013,NUMBER,istocni_mostar,_T,muslim,77
2013,NUMBER,istocni_mostar,M,muslim,44
2013,NUMBER,istocni_mostar,F,muslim,33
2013,NUMBER,istocni_stari_grad,_T,muslim,38
2013,NUMBER,istocni_stari_grad,M,muslim,23
2013,NUMBER,istocni_stari_grad,F,muslim,15
2013,NUMBER,istocno_novo_sarajevo,_T,muslim,121
2013,NUMBER,istocno_novo_sarajevo,M,muslim,52
2013,NUMBER,istocno_novo_sarajevo,F,muslim,69
2013,NUMBER,jezero,_T,muslim,250
2013,NUMBER,jezero,M,muslim,117
2013,NUMBER,jezero,F,muslim,133
2013,NUMBER,kalinovik,_T,muslim,42
2013,NUMBER,kalinovik,M,muslim,19
2013,NUMBER,kalinovik,F,muslim,23
2013,NUMBER,knezevo,_T,muslim,403
2013,NUMBER,knezevo,M,muslim,182
2013,NUMBER,knezevo,F,muslim,221
2013,NUMBER,kozarska_dubica,_T,muslim,1902
2013,NUMBER,kozarska_dubica,M,muslim,915
2013,NUMBER,kozarska_dubica,F,muslim,987
2013,NUMBER,kostajnica,_T,muslim,1271
2013,NUMBER,kostajnica,M,muslim,623
2013,NUMBER,kostajnica,F,muslim,648
2013,NUMBER,kotor_varos,_T,muslim,4498
2013,NUMBER,kotor_varos,M,muslim,2159
2013,NUMBER,kotor_varos,F,muslim,2339
2013,NUMBER,krupa_na_uni,_T,muslim,3
2013,NUMBER,krupa_na_uni,M,muslim,1
2013,NUMBER,krupa_na_uni,F,muslim,2
2013,NUMBER,kupres,_T,muslim,0
2013,NUMBER,kupres,M,muslim,0
2013,NUMBER,kupres,F,muslim,0
2013,NUMBER,laktasi,_T,muslim,110
2013,NUMBER,laktasi,M,muslim,49
2013,NUMBER,laktasi,F,muslim,61
2013,NUMBER,lopare,_T,muslim,1315
2013,NUMBER,lopare,M,muslim,648
2013,NUMBER,lopare,F,muslim,667
2013,NUMBER,ljubinje,_T,muslim,12
2013,NUMBER,ljubinje,M,muslim,6
2013,NUMBER,ljubinje,F,muslim,6
2013,NUMBER,milici,_T,muslim,3538
2013,NUMBER,milici,M,muslim,1750
2013,NUMBER,milici,F,muslim,1788
2013,NUMBER,modrica,_T,muslim,3032
2013,NUMBER,modrica,M,muslim,1445
2013,NUMBER,modrica,F,muslim,1587
2013,NUMBER,mrkonjic_grad,_T,muslim,351
2013,NUMBER,mrkonjic_grad,M,muslim,170
2013,NUMBER,mrkonjic_grad,F,muslim,181
2013,NUMBER,nevesinje,_T,muslim,508
2013,NUMBER,nevesinje,M,muslim,260
2013,NUMBER,nevesinje,F,muslim,248
2013,NUMBER,novi_grad,_T,muslim,5261
2013,NUMBER,novi_grad,M,muslim,2635
2013,NUMBER,novi_grad,F,muslim,2626
2013,NUMBER,novo_gorazde,_T,muslim,1319
2013,NUMBER,novo_gorazde,M,muslim,662
2013,NUMBER,novo_gorazde,F,muslim,657
2013,NUMBER,osmaci,_T,muslim,2647
2013,NUMBER,osmaci,M,muslim,1303
2013,NUMBER,osmaci,F,muslim,1344
2013,NUMBER,ostra_luka,_T,muslim,26
2013,NUMBER,ostra_luka,M,muslim,8
2013,NUMBER,ostra_luka,F,muslim,18
2013,NUMBER,pale,_T,muslim,160
2013,NUMBER,pale,M,muslim,83
2013,NUMBER,pale,F,muslim,77
2013,NUMBER,pelagicevo,_T,muslim,13
2013,NUMBER,pelagicevo,M,muslim,3
2013,NUMBER,pelagicevo,F,muslim,10
2013,NUMBER,petrovac,_T,muslim,0
2013,NUMBER,petrovac,M,muslim,0
2013,NUMBER,petrovac,F,muslim,0
2013,NUMBER,petrovo,_T,muslim,7
2013,NUMBER,petrovo,M,muslim,2
2013,NUMBER,petrovo,F,muslim,5
2013,NUMBER,grad_prijedor,_T,muslim,22271
2013,NUMBER,grad_prijedor,M,muslim,10662
2013,NUMBER,grad_prijedor,F,muslim,11609
2013,NUMBER,prnjavor,_T,muslim,2776
2013,NUMBER,prnjavor,M,muslim,1337
2013,NUMBER,prnjavor,F,muslim,1439
2013,NUMBER,ribnik,_T,muslim,0
2013,NUMBER,ribnik,M,muslim,0
2013,NUMBER,ribnik,F,muslim,0
2013,NUMBER,rogatica,_T,muslim,1006
2013,NUMBER,rogatica,M,muslim,517
2013,NUMBER,rogatica,F,muslim,489
2013,NUMBER,rudo,_T,muslim,588
2013,NUMBER,rudo,M,muslim,306
2013,NUMBER,rudo,F,muslim,282
2013,NUMBER,sokolac,_T,muslim,620
2013,NUMBER,sokolac,M,muslim,325
2013,NUMBER,sokolac,F,muslim,295
2013,NUMBER,srbac,_T,muslim,399
2013,NUMBER,srbac,M,muslim,184
2013,NUMBER,srbac,F,muslim,215
2013,NUMBER,srebrenica,_T,muslim,6134
2013,NUMBER,srebrenica,M,muslim,2916
2013,NUMBER,srebrenica,F,muslim,3218
2013,NUMBER,teslic,_T,muslim,6932
2013,NUMBER,teslic,M,muslim,3410
2013,NUMBER,teslic,F,muslim,3522
2013,NUMBER,grad_trebinje,_T,muslim,848
2013,NUMBER,grad_trebinje,M,muslim,415
2013,NUMBER,grad_trebinje,F,muslim,433
2013,NUMBER,trnovo,_T,muslim,802
2013,NUMBER,trnovo,M,muslim,395
2013,NUMBER,trnovo,F,muslim,407
2013,NUMBER,ugljevik,_T,muslim,2002
2013,NUMBER,ugljevik,M,muslim,977
2013,NUMBER,ugljevik,F,muslim,1025
2013,NUMBER,foca,_T,muslim,1173
2013,NUMBER,foca,M,muslim,630
2013,NUMBER,foca,F,muslim,543
2013,NUMBER,han_pijesak,_T,muslim,435
2013,NUMBER,han_pijesak,M,muslim,212
2013,NUMBER,han_pijesak,F,muslim,223
2013,NUMBER,cajnice,_T,muslim,836
2013,NUMBER,cajnice,M,muslim,440
2013,NUMBER,cajnice,F,muslim,396
2013,NUMBER,celinac,_T,muslim,406
2013,NUMBER,celinac,M,muslim,203
2013,NUMBER,celinac,F,muslim,203
2013,NUMBER,samac,_T,muslim,976
2013,NUMBER,samac,M,muslim,471
2013,NUMBER,samac,F,muslim,505
2013,NUMBER,sekovici,_T,muslim,107
2013,NUMBER,sekovici,M,muslim,54
2013,NUMBER,sekovici,F,muslim,53
2013,NUMBER,sipovo,_T,muslim,583
2013,NUMBER,sipovo,M,muslim,295
2013,NUMBER,sipovo,F,muslim,288
2013,NUMBER,republika_srpska,_T,catholic,25763
2013,NUMBER,republika_srpska,M,catholic,10431
2013,NUMBER,republika_srpska,F,catholic,15332
2013,NUMBER,grad_banja_luka,_T,catholic,4637
2013,NUMBER,grad_banja_luka,M,catholic,1585
2013,NUMBER,grad_banja_luka,F,catholic,3052
2013,NUMBER,berkovici,_T,catholic,6
2013,NUMBER,berkovici,M,catholic,1
2013,NUMBER,berkovici,F,catholic,5
2013,NUMBER,grad_bijeljina,_T,catholic,508
2013,NUMBER,grad_bijeljina,M,catholic,103
2013,NUMBER,grad_bijeljina,F,catholic,405
2013,NUMBER,bileca,_T,catholic,18
2013,NUMBER,bileca,M,catholic,2
2013,NUMBER,bileca,F,catholic,16
2013,NUMBER,bratunac,_T,catholic,26
2013,NUMBER,bratunac,M,catholic,3
2013,NUMBER,bratunac,F,catholic,23
2013,NUMBER,brod,_T,catholic,2925
2013,NUMBER,brod,M,catholic,1360
2013,NUMBER,brod,F,catholic,1565
2013,NUMBER,visegrad,_T,catholic,33
2013,NUMBER,visegrad,M,catholic,6
2013,NUMBER,visegrad,F,catholic,27
2013,NUMBER,vlasenica,_T,catholic,22
2013,NUMBER,vlasenica,M,catholic,4
2013,NUMBER,vlasenica,F,catholic,18
2013,NUMBER,vukosavlje,_T,catholic,680
2013,NUMBER,vukosavlje,M,catholic,325
2013,NUMBER,vukosavlje,F,catholic,355
2013,NUMBER,gacko,_T,catholic,10
2013,NUMBER,gacko,M,catholic,4
2013,NUMBER,gacko,F,catholic,6
2013,NUMBER,grad_gradiska,_T,catholic,865
2013,NUMBER,grad_gradiska,M,catholic,303
2013,NUMBER,grad_gradiska,F,catholic,562
2013,NUMBER,grad_derventa,_T,catholic,2109
2013,NUMBER,grad_derventa,M,catholic,999
2013,NUMBER,grad_derventa,F,catholic,1110
2013,NUMBER,grad_doboj,_T,catholic,1448
2013,NUMBER,grad_doboj,M,catholic,532
2013,NUMBER,grad_doboj,F,catholic,916
2013,NUMBER,donji_zabar,_T,catholic,977
2013,NUMBER,donji_zabar,M,catholic,490
2013,NUMBER,donji_zabar,F,catholic,487
2013,NUMBER,grad_zvornik,_T,catholic,83
2013,NUMBER,grad_zvornik,M,catholic,6
2013,NUMBER,grad_zvornik,F,catholic,77
2013,NUMBER,istocna_ilidza,_T,catholic,142
2013,NUMBER,istocna_ilidza,M,catholic,36
2013,NUMBER,istocna_ilidza,F,catholic,106
2013,NUMBER,istocni_drvar,_T,catholic,1
2013,NUMBER,istocni_drvar,M,catholic,0
2013,NUMBER,istocni_drvar,F,catholic,1
2013,NUMBER,istocni_mostar,_T,catholic,11
2013,NUMBER,istocni_mostar,M,catholic,8
2013,NUMBER,istocni_mostar,F,catholic,3
2013,NUMBER,istocni_stari_grad,_T,catholic,5
2013,NUMBER,istocni_stari_grad,M,catholic,0
2013,NUMBER,istocni_stari_grad,F,catholic,5
2013,NUMBER,istocno_novo_sarajevo,_T,catholic,101
2013,NUMBER,istocno_novo_sarajevo,M,catholic,28
2013,NUMBER,istocno_novo_sarajevo,F,catholic,73
2013,NUMBER,jezero,_T,catholic,4
2013,NUMBER,jezero,M,catholic,2
2013,NUMBER,jezero,F,catholic,2
2013,NUMBER,kalinovik,_T,catholic,5
2013,NUMBER,kalinovik,M,catholic,2
2013,NUMBER,kalinovik,F,catholic,3
2013,NUMBER,knezevo,_T,catholic,17
2013,NUMBER,knezevo,M,catholic,4
2013,NUMBER,knezevo,F,catholic,13
2013,NUMBER,kozarska_dubica,_T,catholic,250
2013,NUMBER,kozarska_dubica,M,catholic,72
2013,NUMBER,kozarska_dubica,F,catholic,178
2013,NUMBER,kostajnica,_T,catholic,84
2013,NUMBER,kostajnica,M,catholic,26
2013,NUMBER,kostajnica,F,catholic,58
2013,NUMBER,kotor_varos,_T,catholic,788
2013,NUMBER,kotor_varos,M,catholic,365
2013,NUMBER,kotor_varos,F,catholic,423
2013,NUMBER,krupa_na_uni,_T,catholic,2
2013,NUMBER,krupa_na_uni,M,catholic,0
2013,NUMBER,krupa_na_uni,F,catholic,2
2013,NUMBER,kupres,_T,catholic,0
2013,NUMBER,kupres,M,catholic,0
2013,NUMBER,kupres,F,catholic,0
2013,NUMBER,laktasi,_T,catholic,497
2013,NUMBER,laktasi,M,catholic,166
2013,NUMBER,laktasi,F,catholic,331
2013,NUMBER,lopare,_T,catholic,40
2013,NUMBER,lopare,M,catholic,5
2013,NUMBER,lopare,F,catholic,35
2013,NUMBER,ljubinje,_T,catholic,5
2013,NUMBER,ljubinje,M,catholic,1
2013,NUMBER,ljubinje,F,catholic,4
2013,NUMBER,milici,_T,catholic,17
2013,NUMBER,milici,M,catholic,5
2013,NUMBER,milici,F,catholic,12
2013,NUMBER,modrica,_T,catholic,1365
2013,NUMBER,modrica,M,catholic,651
2013,NUMBER,modrica,F,catholic,714
2013,NUMBER,mrkonjic_grad,_T,catholic,146
2013,NUMBER,mrkonjic_grad,M,catholic,56
2013,NUMBER,mrkonjic_grad,F,catholic,90
2013,NUMBER,nevesinje,_T,catholic,21
2013,NUMBER,nevesinje,M,catholic,5
2013,NUMBER,nevesinje,F,catholic,16
2013,NUMBER,novi_grad,_T,catholic,152
2013,NUMBER,novi_grad,M,catholic,47
2013,NUMBER,novi_grad,F,catholic,105
2013,NUMBER,novo_gorazde,_T,catholic,2
2013,NUMBER,novo_gorazde,M,catholic,1
2013,NUMBER,novo_gorazde,F,catholic,1
2013,NUMBER,osmaci,_T,catholic,4
2013,NUMBER,osmaci,M,catholic,0
2013,NUMBER,osmaci,F,catholic,4
2013,NUMBER,ostra_luka,_T,catholic,131
2013,NUMBER,ostra_luka,M,catholic,62
2013,NUMBER,ostra_luka,F,catholic,69
2013,NUMBER,pale,_T,catholic,116
2013,NUMBER,pale,M,catholic,30
2013,NUMBER,pale,F,catholic,86
2013,NUMBER,pelagicevo,_T,catholic,1180
2013,NUMBER,pelagicevo,M,catholic,578
2013,NUMBER,pelagicevo,F,catholic,602
2013,NUMBER,petrovac,_T,catholic,0
2013,NUMBER,petrovac,M,catholic,0
2013,NUMBER,petrovac,F,catholic,0
2013,NUMBER,petrovo,_T,catholic,35
2013,NUMBER,petrovo,M,catholic,10
2013,NUMBER,petrovo,F,catholic,25
2013,NUMBER,grad_prijedor,_T,catholic,1544
2013,NUMBER,grad_prijedor,M,catholic,587
2013,NUMBER,grad_prijedor,F,catholic,957
2013,NUMBER,prnjavor,_T,catholic,645
2013,NUMBER,prnjavor,M,catholic,255
2013,NUMBER,prnjavor,F,catholic,390
2013,NUMBER,ribnik,_T,catholic,7
2013,NUMBER,ribnik,M,catholic,1
2013,NUMBER,ribnik,F,catholic,6
2013,NUMBER,rogatica,_T,catholic,16
2013,NUMBER,rogatica,M,catholic,1
2013,NUMBER,rogatica,F,catholic,15
2013,NUMBER,rudo,_T,catholic,3
2013,NUMBER,rudo,M,catholic,1
2013,NUMBER,rudo,F,catholic,2
2013,NUMBER,sokolac,_T,catholic,23
2013,NUMBER,sokolac,M,catholic,3
2013,NUMBER,sokolac,F,catholic,20
2013,NUMBER,srbac,_T,catholic,153
2013,NUMBER,srbac,M,catholic,37
2013,NUMBER,srbac,F,catholic,116
2013,NUMBER,srebrenica,_T,catholic,17
2013,NUMBER,srebrenica,M,catholic,7
2013,NUMBER,srebrenica,F,catholic,10
2013,NUMBER,teslic,_T,catholic,1292
2013,NUMBER,teslic,M,catholic,552
2013,NUMBER,teslic,F,catholic,740
2013,NUMBER,grad_trebinje,_T,catholic,293
2013,NUMBER,grad_trebinje,M,catholic,90
2013,NUMBER,grad_trebinje,F,catholic,203
2013,NUMBER,trnovo,_T,catholic,15
2013,NUMBER,trnovo,M,catholic,2
2013,NUMBER,trnovo,F,catholic,13
2013,NUMBER,ugljevik,_T,catholic,39
2013,NUMBER,ugljevik,M,catholic,7
2013,NUMBER,ugljevik,F,catholic,32
2013,NUMBER,foca,_T,catholic,64
2013,NUMBER,foca,M,catholic,20
2013,NUMBER,foca,F,catholic,44
2013,NUMBER,han_pijesak,_T,catholic,5
2013,NUMBER,han_pijesak,M,catholic,0
2013,NUMBER,han_pijesak,F,catholic,5
2013,NUMBER,cajnice,_T,catholic,5
2013,NUMBER,cajnice,M,catholic,0
2013,NUMBER,cajnice,F,catholic,5
2013,NUMBER,celinac,_T,catholic,58
2013,NUMBER,celinac,M,catholic,14
2013,NUMBER,celinac,F,catholic,44
2013,NUMBER,samac,_T,catholic,2091
2013,NUMBER,samac,M,catholic,969
2013,NUMBER,samac,F,catholic,1122
2013,NUMBER,sekovici,_T,catholic,7
2013,NUMBER,sekovici,M,catholic,0
2013,NUMBER,sekovici,F,catholic,7
2013,NUMBER,sipovo,_T,catholic,18
2013,NUMBER,sipovo,M,catholic,2
2013,NUMBER,sipovo,F,catholic,16
2013,NUMBER,republika_srpska,_T,orthodox,969315
2013,NUMBER,republika_srpska,M,orthodox,476184
2013,NUMBER,republika_srpska,F,orthodox,493131
2013,NUMBER,grad_banja_luka,_T,orthodox,161267
2013,NUMBER,grad_banja_luka,M,orthodox,78266
2013,NUMBER,grad_banja_luka,F,orthodox,83001
2013,NUMBER,berkovici,_T,orthodox,1873
2013,NUMBER,berkovici,M,orthodox,940
2013,NUMBER,berkovici,F,orthodox,933
2013,NUMBER,grad_bijeljina,_T,orthodox,89144
2013,NUMBER,grad_bijeljina,M,orthodox,43682
2013,NUMBER,grad_bijeljina,F,orthodox,45462
2013,NUMBER,bileca,_T,orthodox,10490
2013,NUMBER,bileca,M,orthodox,5291
2013,NUMBER,bileca,F,orthodox,5199
2013,NUMBER,bratunac,_T,orthodox,11726
2013,NUMBER,bratunac,M,orthodox,5835
2013,NUMBER,bratunac,F,orthodox,5891
2013,NUMBER,brod,_T,orthodox,11066
2013,NUMBER,brod,M,orthodox,5474
2013,NUMBER,brod,F,orthodox,5592
2013,NUMBER,visegrad,_T,orthodox,8913
2013,NUMBER,visegrad,M,orthodox,4315
2013,NUMBER,visegrad,F,orthodox,4598
2013,NUMBER,vlasenica,_T,orthodox,7111
2013,NUMBER,vlasenica,M,orthodox,3473
2013,NUMBER,vlasenica,F,orthodox,3638
2013,NUMBER,vukosavlje,_T,orthodox,1442
2013,NUMBER,vukosavlje,M,orthodox,713
2013,NUMBER,vukosavlje,F,orthodox,729
2013,NUMBER,gacko,_T,orthodox,8337
2013,NUMBER,gacko,M,orthodox,4228
2013,NUMBER,gacko,F,orthodox,4109
2013,NUMBER,grad_gradiska,_T,orthodox,40702
2013,NUMBER,grad_gradiska,M,orthodox,19929
2013,NUMBER,grad_gradiska,F,orthodox,20773
2013,NUMBER,grad_derventa,_T,orthodox,21541
2013,NUMBER,grad_derventa,M,orthodox,10537
2013,NUMBER,grad_derventa,F,orthodox,11004
2013,NUMBER,grad_doboj,_T,orthodox,50744
2013,NUMBER,grad_doboj,M,orthodox,24842
2013,NUMBER,grad_doboj,F,orthodox,25902
2013,NUMBER,donji_zabar,_T,orthodox,2658
2013,NUMBER,donji_zabar,M,orthodox,1352
2013,NUMBER,donji_zabar,F,orthodox,1306
2013,NUMBER,grad_zvornik,_T,orthodox,37114
2013,NUMBER,grad_zvornik,M,orthodox,18378
2013,NUMBER,grad_zvornik,F,orthodox,18736
2013,NUMBER,istocna_ilidza,_T,orthodox,13458
2013,NUMBER,istocna_ilidza,M,orthodox,6479
2013,NUMBER,istocna_ilidza,F,orthodox,6979
2013,NUMBER,istocni_drvar,_T,orthodox,65
2013,NUMBER,istocni_drvar,M,orthodox,44
2013,NUMBER,istocni_drvar,F,orthodox,21
2013,NUMBER,istocni_mostar,_T,orthodox,153
2013,NUMBER,istocni_mostar,M,orthodox,84
2013,NUMBER,istocni_mostar,F,orthodox,69
2013,NUMBER,istocni_stari_grad,_T,orthodox,1058
2013,NUMBER,istocni_stari_grad,M,orthodox,520
2013,NUMBER,istocni_stari_grad,F,orthodox,538
2013,NUMBER,istocno_novo_sarajevo,_T,orthodox,10044
2013,NUMBER,istocno_novo_sarajevo,M,orthodox,4796
2013,NUMBER,istocno_novo_sarajevo,F,orthodox,5248
2013,NUMBER,jezero,_T,orthodox,780
2013,NUMBER,jezero,M,orthodox,412
2013,NUMBER,jezero,F,orthodox,368
2013,NUMBER,kalinovik,_T,orthodox,1905
2013,NUMBER,kalinovik,M,orthodox,923
2013,NUMBER,kalinovik,F,orthodox,982
2013,NUMBER,knezevo,_T,orthodox,8866
2013,NUMBER,knezevo,M,orthodox,4408
2013,NUMBER,knezevo,F,orthodox,4458
2013,NUMBER,kozarska_dubica,_T,orthodox,18103
2013,NUMBER,kozarska_dubica,M,orthodox,8909
2013,NUMBER,kozarska_dubica,F,orthodox,9194
2013,NUMBER,kostajnica,_T,orthodox,4190
2013,NUMBER,kostajnica,M,orthodox,2080
2013,NUMBER,kostajnica,F,orthodox,2110
2013,NUMBER,kotor_varos,_T,orthodox,12645
2013,NUMBER,kotor_varos,M,orthodox,6263
2013,NUMBER,kotor_varos,F,orthodox,6382
2013,NUMBER,krupa_na_uni,_T,orthodox,1554
2013,NUMBER,krupa_na_uni,M,orthodox,840
2013,NUMBER,krupa_na_uni,F,orthodox,714
2013,NUMBER,kupres,_T,orthodox,292
2013,NUMBER,kupres,M,orthodox,156
2013,NUMBER,kupres,F,orthodox,136
2013,NUMBER,laktasi,_T,orthodox,32907
2013,NUMBER,laktasi,M,orthodox,16334
2013,NUMBER,laktasi,F,orthodox,16573
2013,NUMBER,lopare,_T,orthodox,13273
2013,NUMBER,lopare,M,orthodox,6700
2013,NUMBER,lopare,F,orthodox,6573
2013,NUMBER,ljubinje,_T,orthodox,3295
2013,NUMBER,ljubinje,M,orthodox,1621
2013,NUMBER,ljubinje,F,orthodox,1674
2013,NUMBER,milici,_T,orthodox,6835
2013,NUMBER,milici,M,orthodox,3469
2013,NUMBER,milici,F,orthodox,3366
2013,NUMBER,modrica,_T,orthodox,19482
2013,NUMBER,modrica,M,orthodox,9579
2013,NUMBER,modrica,F,orthodox,9903
2013,NUMBER,mrkonjic_grad,_T,orthodox,15334
2013,NUMBER,mrkonjic_grad,M,orthodox,7387
2013,NUMBER,mrkonjic_grad,F,orthodox,7947
2013,NUMBER,nevesinje,_T,orthodox,11973
2013,NUMBER,nevesinje,M,orthodox,5955
2013,NUMBER,nevesinje,F,orthodox,6018
2013,NUMBER,novi_grad,_T,orthodox,19443
2013,NUMBER,novi_grad,M,orthodox,9725
2013,NUMBER,novi_grad,F,orthodox,9718
2013,NUMBER,novo_gorazde,_T,orthodox,1563
2013,NUMBER,novo_gorazde,M,orthodox,822
2013,NUMBER,novo_gorazde,F,orthodox,741
2013,NUMBER,osmaci,_T,orthodox,2848
2013,NUMBER,osmaci,M,orthodox,1446
2013,NUMBER,osmaci,F,orthodox,1402
2013,NUMBER,ostra_luka,_T,orthodox,2503
2013,NUMBER,ostra_luka,M,orthodox,1290
2013,NUMBER,ostra_luka,F,orthodox,1213
2013,NUMBER,pale,_T,orthodox,19901
2013,NUMBER,pale,M,orthodox,9546
2013,NUMBER,pale,F,orthodox,10355
2013,NUMBER,pelagicevo,_T,orthodox,3152
2013,NUMBER,pelagicevo,M,orthodox,1566
2013,NUMBER,pelagicevo,F,orthodox,1586
2013,NUMBER,petrovac,_T,orthodox,352
2013,NUMBER,petrovac,M,orthodox,168
2013,NUMBER,petrovac,F,orthodox,184
2013,NUMBER,petrovo,_T,orthodox,6221
2013,NUMBER,petrovo,M,orthodox,3004
2013,NUMBER,petrovo,F,orthodox,3217
2013,NUMBER,grad_prijedor,_T,orthodox,53842
2013,NUMBER,grad_prijedor,M,orthodox,26540
2013,NUMBER,grad_prijedor,F,orthodox,27302
2013,NUMBER,prnjavor,_T,orthodox,29944
2013,NUMBER,prnjavor,M,orthodox,14579
2013,NUMBER,prnjavor,F,orthodox,15365
2013,NUMBER,ribnik,_T,orthodox,5824
2013,NUMBER,ribnik,M,orthodox,2886
2013,NUMBER,ribnik,F,orthodox,2938
2013,NUMBER,rogatica,_T,orthodox,9199
2013,NUMBER,rogatica,M,orthodox,4492
2013,NUMBER,rogatica,F,orthodox,4707
2013,NUMBER,rudo,_T,orthodox,6968
2013,NUMBER,rudo,M,orthodox,3521
2013,NUMBER,rudo,F,orthodox,3447
2013,NUMBER,sokolac,_T,orthodox,10897
2013,NUMBER,sokolac,M,orthodox,5356
2013,NUMBER,sokolac,F,orthodox,5541
2013,NUMBER,srbac,_T,orthodox,16110
2013,NUMBER,srbac,M,orthodox,7932
2013,NUMBER,srbac,F,orthodox,8178
2013,NUMBER,srebrenica,_T,orthodox,5418
2013,NUMBER,srebrenica,M,orthodox,2721
2013,NUMBER,srebrenica,F,orthodox,2697
2013,NUMBER,teslic,_T,orthodox,28140
2013,NUMBER,teslic,M,orthodox,13523
2013,NUMBER,teslic,F,orthodox,14617
2013,NUMBER,grad_trebinje,_T,orthodox,26669
2013,NUMBER,grad_trebinje,M,orthodox,13054
2013,NUMBER,grad_trebinje,F,orthodox,13615
2013,NUMBER,trnovo,_T,orthodox,1135
2013,NUMBER,trnovo,M,orthodox,537
2013,NUMBER,trnovo,F,orthodox,598
2013,NUMBER,ugljevik,_T,orthodox,13016
2013,NUMBER,ugljevik,M,orthodox,6602
2013,NUMBER,ugljevik,F,orthodox,6414
2013,NUMBER,foca,_T,orthodox,16163
2013,NUMBER,foca,M,orthodox,8138
2013,NUMBER,foca,F,orthodox,8025
2013,NUMBER,han_pijesak,_T,orthodox,2998
2013,NUMBER,han_pijesak,M,orthodox,1416
2013,NUMBER,han_pijesak,F,orthodox,1582
2013,NUMBER,cajnice,_T,orthodox,3812
2013,NUMBER,cajnice,M,orthodox,1895
2013,NUMBER,cajnice,F,orthodox,1917
2013,NUMBER,celinac,_T,orthodox,14538
2013,NUMBER,celinac,M,orthodox,7205
2013,NUMBER,celinac,F,orthodox,7333
2013,NUMBER,samac,_T,orthodox,12833
2013,NUMBER,samac,M,orthodox,6262
2013,NUMBER,samac,F,orthodox,6571
2013,NUMBER,sekovici,_T,orthodox,6188
2013,NUMBER,sekovici,M,orthodox,3035
2013,NUMBER,sekovici,F,orthodox,3153
2013,NUMBER,sipovo,_T,orthodox,9298
2013,NUMBER,sipovo,M,orthodox,4709
2013,NUMBER,sipovo,F,orthodox,4589
2013,NUMBER,republika_srpska,_T,agnostic,1223
2013,NUMBER,republika_srpska,M,agnostic,610
2013,NUMBER,republika_srpska,F,agnostic,613
2013,NUMBER,grad_banja_luka,_T,agnostic,592
2013,NUMBER,grad_banja_luka,M,agnostic,285
2013,NUMBER,grad_banja_luka,F,agnostic,307
2013,NUMBER,berkovici,_T,agnostic,0
2013,NUMBER,berkovici,M,agnostic,0
2013,NUMBER,berkovici,F,agnostic,0
2013,NUMBER,grad_bijeljina,_T,agnostic,60
2013,NUMBER,grad_bijeljina,M,agnostic,33
2013,NUMBER,grad_bijeljina,F,agnostic,27
2013,NUMBER,bileca,_T,agnostic,1
2013,NUMBER,bileca,M,agnostic,1
2013,NUMBER,bileca,F,agnostic,0
2013,NUMBER,bratunac,_T,agnostic,2
2013,NUMBER,bratunac,M,agnostic,1
2013,NUMBER,bratunac,F,agnostic,1
2013,NUMBER,brod,_T,agnostic,15
2013,NUMBER,brod,M,agnostic,7
2013,NUMBER,brod,F,agnostic,8
2013,NUMBER,visegrad,_T,agnostic,2
2013,NUMBER,visegrad,M,agnostic,2
2013,NUMBER,visegrad,F,agnostic,0
2013,NUMBER,vlasenica,_T,agnostic,2
2013,NUMBER,vlasenica,M,agnostic,1
2013,NUMBER,vlasenica,F,agnostic,1
2013,NUMBER,vukosavlje,_T,agnostic,1
2013,NUMBER,vukosavlje,M,agnostic,1
2013,NUMBER,vukosavlje,F,agnostic,0
2013,NUMBER,gacko,_T,agnostic,1
2013,NUMBER,gacko,M,agnostic,0
2013,NUMBER,gacko,F,agnostic,1
2013,NUMBER,grad_gradiska,_T,agnostic,45
2013,NUMBER,grad_gradiska,M,agnostic,28
2013,NUMBER,grad_gradiska,F,agnostic,17
2013,NUMBER,grad_derventa,_T,agnostic,19
2013,NUMBER,grad_derventa,M,agnostic,9
2013,NUMBER,grad_derventa,F,agnostic,10
2013,NUMBER,grad_doboj,_T,agnostic,71
2013,NUMBER,grad_doboj,M,agnostic,40
2013,NUMBER,grad_doboj,F,agnostic,31
2013,NUMBER,donji_zabar,_T,agnostic,1
2013,NUMBER,donji_zabar,M,agnostic,0
2013,NUMBER,donji_zabar,F,agnostic,1
2013,NUMBER,grad_zvornik,_T,agnostic,9
2013,NUMBER,grad_zvornik,M,agnostic,5
2013,NUMBER,grad_zvornik,F,agnostic,4
2013,NUMBER,istocna_ilidza,_T,agnostic,17
2013,NUMBER,istocna_ilidza,M,agnostic,8
2013,NUMBER,istocna_ilidza,F,agnostic,9
2013,NUMBER,istocni_drvar,_T,agnostic,0
2013,NUMBER,istocni_drvar,M,agnostic,0
2013,NUMBER,istocni_drvar,F,agnostic,0
2013,NUMBER,istocni_mostar,_T,agnostic,0
2013,NUMBER,istocni_mostar,M,agnostic,0
2013,NUMBER,istocni_mostar,F,agnostic,0
2013,NUMBER,istocni_stari_grad,_T,agnostic,0
2013,NUMBER,istocni_stari_grad,M,agnostic,0
2013,NUMBER,istocni_stari_grad,F,agnostic,0
2013,NUMBER,istocno_novo_sarajevo,_T,agnostic,23
2013,NUMBER,istocno_novo_sarajevo,M,agnostic,8
2013,NUMBER,istocno_novo_sarajevo,F,agnostic,15
2013,NUMBER,jezero,_T,agnostic,0
2013,NUMBER,jezero,M,agnostic,0
2013,NUMBER,jezero,F,agnostic,0
2013,NUMBER,kalinovik,_T,agnostic,2
2013,NUMBER,kalinovik,M,agnostic,0
2013,NUMBER,kalinovik,F,agnostic,2
2013,NUMBER,knezevo,_T,agnostic,0
2013,NUMBER,knezevo,M,agnostic,0
2013,NUMBER,knezevo,F,agnostic,0
2013,NUMBER,kozarska_dubica,_T,agnostic,17
2013,NUMBER,kozarska_dubica,M,agnostic,5
2013,NUMBER,kozarska_dubica,F,agnostic,12
2013,NUMBER,kostajnica,_T,agnostic,3
2013,NUMBER,kostajnica,M,agnostic,3
2013,NUMBER,kostajnica,F,agnostic,0
2013,NUMBER,kotor_varos,_T,agnostic,10
2013,NUMBER,kotor_varos,M,agnostic,6
2013,NUMBER,kotor_varos,F,agnostic,4
2013,NUMBER,krupa_na_uni,_T,agnostic,0
2013,NUMBER,krupa_na_uni,M,agnostic,0
2013,NUMBER,krupa_na_uni,F,agnostic,0
2013,NUMBER,kupres,_T,agnostic,0
2013,NUMBER,kupres,M,agnostic,0
2013,NUMBER,kupres,F,agnostic,0
2013,NUMBER,laktasi,_T,agnostic,35
2013,NUMBER,laktasi,M,agnostic,19
2013,NUMBER,laktasi,F,agnostic,16
2013,NUMBER,lopare,_T,agnostic,4
2013,NUMBER,lopare,M,agnostic,0
2013,NUMBER,lopare,F,agnostic,4
2013,NUMBER,ljubinje,_T,agnostic,0
2013,NUMBER,ljubinje,M,agnostic,0
2013,NUMBER,ljubinje,F,agnostic,0
2013,NUMBER,milici,_T,agnostic,0
2013,NUMBER,milici,M,agnostic,0
2013,NUMBER,milici,F,agnostic,0
2013,NUMBER,modrica,_T,agnostic,26
2013,NUMBER,modrica,M,agnostic,13
2013,NUMBER,modrica,F,agnostic,13
2013,NUMBER,mrkonjic_grad,_T,agnostic,8
2013,NUMBER,mrkonjic_grad,M,agnostic,5
2013,NUMBER,mrkonjic_grad,F,agnostic,3
2013,NUMBER,nevesinje,_T,agnostic,3
2013,NUMBER,nevesinje,M,agnostic,1
2013,NUMBER,nevesinje,F,agnostic,2
2013,NUMBER,novi_grad,_T,agnostic,9
2013,NUMBER,novi_grad,M,agnostic,5
2013,NUMBER,novi_grad,F,agnostic,4
2013,NUMBER,novo_gorazde,_T,agnostic,0
2013,NUMBER,novo_gorazde,M,agnostic,0
2013,NUMBER,novo_gorazde,F,agnostic,0
2013,NUMBER,osmaci,_T,agnostic,0
2013,NUMBER,osmaci,M,agnostic,0
2013,NUMBER,osmaci,F,agnostic,0
2013,NUMBER,ostra_luka,_T,agnostic,2
2013,NUMBER,ostra_luka,M,agnostic,1
2013,NUMBER,ostra_luka,F,agnostic,1
2013,NUMBER,pale,_T,agnostic,15
2013,NUMBER,pale,M,agnostic,9
2013,NUMBER,pale,F,agnostic,6
2013,NUMBER,pelagicevo,_T,agnostic,0
2013,NUMBER,pelagicevo,M,agnostic,0
2013,NUMBER,pelagicevo,F,agnostic,0
2013,NUMBER,petrovac,_T,agnostic,0
2013,NUMBER,petrovac,M,agnostic,0
2013,NUMBER,petrovac,F,agnostic,0
2013,NUMBER,petrovo,_T,agnostic,1
2013,NUMBER,petrovo,M,agnostic,1
2013,NUMBER,petrovo,F,agnostic,0
2013,NUMBER,grad_prijedor,_T,agnostic,84
2013,NUMBER,grad_prijedor,M,agnostic,48
2013,NUMBER,grad_prijedor,F,agnostic,36
2013,NUMBER,prnjavor,_T,agnostic,25
2013,NUMBER,prnjavor,M,agnostic,11
2013,NUMBER,prnjavor,F,agnostic,14
2013,NUMBER,ribnik,_T,agnostic,0
2013,NUMBER,ribnik,M,agnostic,0
2013,NUMBER,ribnik,F,agnostic,0
2013,NUMBER,rogatica,_T,agnostic,2
2013,NUMBER,rogatica,M,agnostic,2
2013,NUMBER,rogatica,F,agnostic,0
2013,NUMBER,rudo,_T,agnostic,1
2013,NUMBER,rudo,M,agnostic,1
2013,NUMBER,rudo,F,agnostic,0
2013,NUMBER,sokolac,_T,agnostic,2
2013,NUMBER,sokolac,M,agnostic,0
2013,NUMBER,sokolac,F,agnostic,2
2013,NUMBER,srbac,_T,agnostic,7
2013,NUMBER,srbac,M,agnostic,5
2013,NUMBER,srbac,F,agnostic,2
2013,NUMBER,srebrenica,_T,agnostic,1
2013,NUMBER,srebrenica,M,agnostic,0
2013,NUMBER,srebrenica,F,agnostic,1
2013,NUMBER,teslic,_T,agnostic,37
2013,NUMBER,teslic,M,agnostic,15
2013,NUMBER,teslic,F,agnostic,22
2013,NUMBER,grad_trebinje,_T,agnostic,32
2013,NUMBER,grad_trebinje,M,agnostic,14
2013,NUMBER,grad_trebinje,F,agnostic,18
2013,NUMBER,trnovo,_T,agnostic,3
2013,NUMBER,trnovo,M,agnostic,2
2013,NUMBER,trnovo,F,agnostic,1
2013,NUMBER,ugljevik,_T,agnostic,1
2013,NUMBER,ugljevik,M,agnostic,1
2013,NUMBER,ugljevik,F,agnostic,0
2013,NUMBER,foca,_T,agnostic,3
2013,NUMBER,foca,M,agnostic,1
2013,NUMBER,foca,F,agnostic,2
2013,NUMBER,han_pijesak,_T,agnostic,1
2013,NUMBER,han_pijesak,M,agnostic,0
2013,NUMBER,han_pijesak,F,agnostic,1
2013,NUMBER,cajnice,_T,agnostic,1
2013,NUMBER,cajnice,M,agnostic,0
2013,NUMBER,cajnice,F,agnostic,1
2013,NUMBER,celinac,_T,agnostic,8
2013,NUMBER,celinac,M,agnostic,4
2013,NUMBER,celinac,F,agnostic,4
2013,NUMBER,samac,_T,agnostic,18
2013,NUMBER,samac,M,agnostic,8
2013,NUMBER,samac,F,agnostic,10
2013,NUMBER,sekovici,_T,agnostic,1
2013,NUMBER,sekovici,M,agnostic,1
2013,NUMBER,sekovici,F,agnostic,0
2013,NUMBER,sipovo,_T,agnostic,0
2013,NUMBER,sipovo,M,agnostic,0
2013,NUMBER,sipovo,F,agnostic,0
2013,NUMBER,republika_srpska,_T,atheist,5784
2013,NUMBER,republika_srpska,M,atheist,3146
2013,NUMBER,republika_srpska,F,atheist,2638
2013,NUMBER,grad_banja_luka,_T,atheist,2593
2013,NUMBER,grad_banja_luka,M,atheist,1342
2013,NUMBER,grad_banja_luka,F,atheist,1251
2013,NUMBER,berkovici,_T,atheist,2
2013,NUMBER,berkovici,M,atheist,1
2013,NUMBER,berkovici,F,atheist,1
2013,NUMBER,grad_bijeljina,_T,atheist,345
2013,NUMBER,grad_bijeljina,M,atheist,218
2013,NUMBER,grad_bijeljina,F,atheist,127
2013,NUMBER,bileca,_T,atheist,7
2013,NUMBER,bileca,M,atheist,5
2013,NUMBER,bileca,F,atheist,2
2013,NUMBER,bratunac,_T,atheist,8
2013,NUMBER,bratunac,M,atheist,5
2013,NUMBER,bratunac,F,atheist,3
2013,NUMBER,brod,_T,atheist,113
2013,NUMBER,brod,M,atheist,59
2013,NUMBER,brod,F,atheist,54
2013,NUMBER,visegrad,_T,atheist,21
2013,NUMBER,visegrad,M,atheist,15
2013,NUMBER,visegrad,F,atheist,6
2013,NUMBER,vlasenica,_T,atheist,16
2013,NUMBER,vlasenica,M,atheist,10
2013,NUMBER,vlasenica,F,atheist,6
2013,NUMBER,vukosavlje,_T,atheist,9
2013,NUMBER,vukosavlje,M,atheist,7
2013,NUMBER,vukosavlje,F,atheist,2
2013,NUMBER,gacko,_T,atheist,3
2013,NUMBER,gacko,M,atheist,1
2013,NUMBER,gacko,F,atheist,2
2013,NUMBER,grad_gradiska,_T,atheist,223
2013,NUMBER,grad_gradiska,M,atheist,126
2013,NUMBER,grad_gradiska,F,atheist,97
2013,NUMBER,grad_derventa,_T,atheist,100
2013,NUMBER,grad_derventa,M,atheist,51
2013,NUMBER,grad_derventa,F,atheist,49
2013,NUMBER,grad_doboj,_T,atheist,378
2013,NUMBER,grad_doboj,M,atheist,200
2013,NUMBER,grad_doboj,F,atheist,178
2013,NUMBER,donji_zabar,_T,atheist,0
2013,NUMBER,donji_zabar,M,atheist,0
2013,NUMBER,donji_zabar,F,atheist,0
2013,NUMBER,grad_zvornik,_T,atheist,59
2013,NUMBER,grad_zvornik,M,atheist,36
2013,NUMBER,grad_zvornik,F,atheist,23
2013,NUMBER,istocna_ilidza,_T,atheist,60
2013,NUMBER,istocna_ilidza,M,atheist,27
2013,NUMBER,istocna_ilidza,F,atheist,33
2013,NUMBER,istocni_drvar,_T,atheist,0
2013,NUMBER,istocni_drvar,M,atheist,0
2013,NUMBER,istocni_drvar,F,atheist,0
2013,NUMBER,istocni_mostar,_T,atheist,0
2013,NUMBER,istocni_mostar,M,atheist,0
2013,NUMBER,istocni_mostar,F,atheist,0
2013,NUMBER,istocni_stari_grad,_T,atheist,2
2013,NUMBER,istocni_stari_grad,M,atheist,1
2013,NUMBER,istocni_stari_grad,F,atheist,1
2013,NUMBER,istocno_novo_sarajevo,_T,atheist,37
2013,NUMBER,istocno_novo_sarajevo,M,atheist,18
2013,NUMBER,istocno_novo_sarajevo,F,atheist,19
2013,NUMBER,jezero,_T,atheist,3
2013,NUMBER,jezero,M,atheist,2
2013,NUMBER,jezero,F,atheist,1
2013,NUMBER,kalinovik,_T,atheist,0
2013,NUMBER,kalinovik,M,atheist,0
2013,NUMBER,kalinovik,F,atheist,0
2013,NUMBER,knezevo,_T,atheist,5
2013,NUMBER,knezevo,M,atheist,3
2013,NUMBER,knezevo,F,atheist,2
2013,NUMBER,kozarska_dubica,_T,atheist,130
2013,NUMBER,kozarska_dubica,M,atheist,68
2013,NUMBER,kozarska_dubica,F,atheist,62
2013,NUMBER,kostajnica,_T,atheist,16
2013,NUMBER,kostajnica,M,atheist,12
2013,NUMBER,kostajnica,F,atheist,4
2013,NUMBER,kotor_varos,_T,atheist,56
2013,NUMBER,kotor_varos,M,atheist,34
2013,NUMBER,kotor_varos,F,atheist,22
2013,NUMBER,krupa_na_uni,_T,atheist,0
2013,NUMBER,krupa_na_uni,M,atheist,0
2013,NUMBER,krupa_na_uni,F,atheist,0
2013,NUMBER,kupres,_T,atheist,0
2013,NUMBER,kupres,M,atheist,0
2013,NUMBER,kupres,F,atheist,0
2013,NUMBER,laktasi,_T,atheist,96
2013,NUMBER,laktasi,M,atheist,57
2013,NUMBER,laktasi,F,atheist,39
2013,NUMBER,lopare,_T,atheist,21
2013,NUMBER,lopare,M,atheist,12
2013,NUMBER,lopare,F,atheist,9
2013,NUMBER,ljubinje,_T,atheist,1
2013,NUMBER,ljubinje,M,atheist,1
2013,NUMBER,ljubinje,F,atheist,0
2013,NUMBER,milici,_T,atheist,3
2013,NUMBER,milici,M,atheist,3
2013,NUMBER,milici,F,atheist,0
2013,NUMBER,modrica,_T,atheist,98
2013,NUMBER,modrica,M,atheist,53
2013,NUMBER,modrica,F,atheist,45
2013,NUMBER,mrkonjic_grad,_T,atheist,28
2013,NUMBER,mrkonjic_grad,M,atheist,13
2013,NUMBER,mrkonjic_grad,F,atheist,15
2013,NUMBER,nevesinje,_T,atheist,8
2013,NUMBER,nevesinje,M,atheist,3
2013,NUMBER,nevesinje,F,atheist,5
2013,NUMBER,novi_grad,_T,atheist,81
2013,NUMBER,novi_grad,M,atheist,36
2013,NUMBER,novi_grad,F,atheist,45
2013,NUMBER,novo_gorazde,_T,atheist,0
2013,NUMBER,novo_gorazde,M,atheist,0
2013,NUMBER,novo_gorazde,F,atheist,0
2013,NUMBER,osmaci,_T,atheist,1
2013,NUMBER,osmaci,M,atheist,1
2013,NUMBER,osmaci,F,atheist,0
2013,NUMBER,ostra_luka,_T,atheist,4
2013,NUMBER,ostra_luka,M,atheist,3
2013,NUMBER,ostra_luka,F,atheist,1
2013,NUMBER,pale,_T,atheist,47
2013,NUMBER,pale,M,atheist,23
2013,NUMBER,pale,F,atheist,24
2013,NUMBER,pelagicevo,_T,atheist,1
2013,NUMBER,pelagicevo,M,atheist,0
2013,NUMBER,pelagicevo,F,atheist,1
2013,NUMBER,petrovac,_T,atheist,2
2013,NUMBER,petrovac,M,atheist,1
2013,NUMBER,petrovac,F,atheist,1
2013,NUMBER,petrovo,_T,atheist,10
2013,NUMBER,petrovo,M,atheist,7
2013,NUMBER,petrovo,F,atheist,3
2013,NUMBER,grad_prijedor,_T,atheist,511
2013,NUMBER,grad_prijedor,M,atheist,277
2013,NUMBER,grad_prijedor,F,atheist,234
2013,NUMBER,prnjavor,_T,atheist,102
2013,NUMBER,prnjavor,M,atheist,65
2013,NUMBER,prnjavor,F,atheist,37
2013,NUMBER,ribnik,_T,atheist,3
2013,NUMBER,ribnik,M,atheist,2
2013,NUMBER,ribnik,F,atheist,1
2013,NUMBER,rogatica,_T,atheist,20
2013,NUMBER,rogatica,M,atheist,13
2013,NUMBER,rogatica,F,atheist,7
2013,NUMBER,rudo,_T,atheist,11
2013,NUMBER,rudo,M,atheist,9
2013,NUMBER,rudo,F,atheist,2
2013,NUMBER,sokolac,_T,atheist,14
2013,NUMBER,sokolac,M,atheist,11
2013,NUMBER,sokolac,F,atheist,3
2013,NUMBER,srbac,_T,atheist,46
2013,NUMBER,srbac,M,atheist,28
2013,NUMBER,srbac,F,atheist,18
2013,NUMBER,srebrenica,_T,atheist,14
2013,NUMBER,srebrenica,M,atheist,10
2013,NUMBER,srebrenica,F,atheist,4
2013,NUMBER,teslic,_T,atheist,167
2013,NUMBER,teslic,M,atheist,89
2013,NUMBER,teslic,F,atheist,78
2013,NUMBER,grad_trebinje,_T,atheist,118
2013,NUMBER,grad_trebinje,M,atheist,62
2013,NUMBER,grad_trebinje,F,atheist,56
2013,NUMBER,trnovo,_T,atheist,7
2013,NUMBER,trnovo,M,atheist,5
2013,NUMBER,trnovo,F,atheist,2
2013,NUMBER,ugljevik,_T,atheist,22
2013,NUMBER,ugljevik,M,atheist,16
2013,NUMBER,ugljevik,F,atheist,6
2013,NUMBER,foca,_T,atheist,34
2013,NUMBER,foca,M,atheist,19
2013,NUMBER,foca,F,atheist,15
2013,NUMBER,han_pijesak,_T,atheist,1
2013,NUMBER,han_pijesak,M,atheist,1
2013,NUMBER,han_pijesak,F,atheist,0
2013,NUMBER,cajnice,_T,atheist,4
2013,NUMBER,cajnice,M,atheist,3
2013,NUMBER,cajnice,F,atheist,1
2013,NUMBER,celinac,_T,atheist,23
2013,NUMBER,celinac,M,atheist,12
2013,NUMBER,celinac,F,atheist,11
2013,NUMBER,samac,_T,atheist,81
2013,NUMBER,samac,M,atheist,56
2013,NUMBER,samac,F,atheist,25
2013,NUMBER,sekovici,_T,atheist,6
2013,NUMBER,sekovici,M,atheist,5
2013,NUMBER,sekovici,F,atheist,1
2013,NUMBER,sipovo,_T,atheist,13
2013,NUMBER,sipovo,M,atheist,9
2013,NUMBER,sipovo,F,atheist,4
2013,NUMBER,republika_srpska,_T,other_religion,8729
2013,NUMBER,republika_srpska,M,other_religion,4319
2013,NUMBER,republika_srpska,F,other_religion,4410
2013,NUMBER,grad_banja_luka,_T,other_religion,1230
2013,NUMBER,grad_banja_luka,M,other_religion,620
2013,NUMBER,grad_banja_luka,F,other_religion,610
2013,NUMBER,berkovici,_T,other_religion,3
2013,NUMBER,berkovici,M,other_religion,2
2013,NUMBER,berkovici,F,other_religion,1
2013,NUMBER,grad_bijeljina,_T,other_religion,944
2013,NUMBER,grad_bijeljina,M,other_religion,471
2013,NUMBER,grad_bijeljina,F,other_religion,473
2013,NUMBER,bileca,_T,other_religion,26
2013,NUMBER,bileca,M,other_religion,15
2013,NUMBER,bileca,F,other_religion,11
2013,NUMBER,bratunac,_T,other_religion,237
2013,NUMBER,bratunac,M,other_religion,121
2013,NUMBER,bratunac,F,other_religion,116
2013,NUMBER,brod,_T,other_religion,98
2013,NUMBER,brod,M,other_religion,52
2013,NUMBER,brod,F,other_religion,46
2013,NUMBER,visegrad,_T,other_religion,76
2013,NUMBER,visegrad,M,other_religion,40
2013,NUMBER,visegrad,F,other_religion,36
2013,NUMBER,vlasenica,_T,other_religion,115
2013,NUMBER,vlasenica,M,other_religion,42
2013,NUMBER,vlasenica,F,other_religion,73
2013,NUMBER,vukosavlje,_T,other_religion,30
2013,NUMBER,vukosavlje,M,other_religion,15
2013,NUMBER,vukosavlje,F,other_religion,15
2013,NUMBER,gacko,_T,other_religion,16
2013,NUMBER,gacko,M,other_religion,9
2013,NUMBER,gacko,F,other_religion,7
2013,NUMBER,grad_gradiska,_T,other_religion,321
2013,NUMBER,grad_gradiska,M,other_religion,168
2013,NUMBER,grad_gradiska,F,other_religion,153
2013,NUMBER,grad_derventa,_T,other_religion,141
2013,NUMBER,grad_derventa,M,other_religion,67
2013,NUMBER,grad_derventa,F,other_religion,74
2013,NUMBER,grad_doboj,_T,other_religion,845
2013,NUMBER,grad_doboj,M,other_religion,412
2013,NUMBER,grad_doboj,F,other_religion,433
2013,NUMBER,donji_zabar,_T,other_religion,21
2013,NUMBER,donji_zabar,M,other_religion,8
2013,NUMBER,donji_zabar,F,other_religion,13
2013,NUMBER,grad_zvornik,_T,other_religion,186
2013,NUMBER,grad_zvornik,M,other_religion,90
2013,NUMBER,grad_zvornik,F,other_religion,96
2013,NUMBER,istocna_ilidza,_T,other_religion,28
2013,NUMBER,istocna_ilidza,M,other_religion,18
2013,NUMBER,istocna_ilidza,F,other_religion,10
2013,NUMBER,istocni_drvar,_T,other_religion,0
2013,NUMBER,istocni_drvar,M,other_religion,0
2013,NUMBER,istocni_drvar,F,other_religion,0
2013,NUMBER,istocni_mostar,_T,other_religion,1
2013,NUMBER,istocni_mostar,M,other_religion,1
2013,NUMBER,istocni_mostar,F,other_religion,0
2013,NUMBER,istocni_stari_grad,_T,other_religion,5
2013,NUMBER,istocni_stari_grad,M,other_religion,2
2013,NUMBER,istocni_stari_grad,F,other_religion,3
2013,NUMBER,istocno_novo_sarajevo,_T,other_religion,16
2013,NUMBER,istocno_novo_sarajevo,M,other_religion,10
2013,NUMBER,istocno_novo_sarajevo,F,other_religion,6
2013,NUMBER,jezero,_T,other_religion,0
2013,NUMBER,jezero,M,other_religion,0
2013,NUMBER,jezero,F,other_religion,0
2013,NUMBER,kalinovik,_T,other_religion,3
2013,NUMBER,kalinovik,M,other_religion,2
2013,NUMBER,kalinovik,F,other_religion,1
2013,NUMBER,knezevo,_T,other_religion,68
2013,NUMBER,knezevo,M,other_religion,29
2013,NUMBER,knezevo,F,other_religion,39
2013,NUMBER,kozarska_dubica,_T,other_religion,83
2013,NUMBER,kozarska_dubica,M,other_religion,37
2013,NUMBER,kozarska_dubica,F,other_religion,46
2013,NUMBER,kostajnica,_T,other_religion,13
2013,NUMBER,kostajnica,M,other_religion,9
2013,NUMBER,kostajnica,F,other_religion,4
2013,NUMBER,kotor_varos,_T,other_religion,236
2013,NUMBER,kotor_varos,M,other_religion,120
2013,NUMBER,kotor_varos,F,other_religion,116
2013,NUMBER,krupa_na_uni,_T,other_religion,0
2013,NUMBER,krupa_na_uni,M,other_religion,0
2013,NUMBER,krupa_na_uni,F,other_religion,0
2013,NUMBER,kupres,_T,other_religion,0
2013,NUMBER,kupres,M,other_religion,0
2013,NUMBER,kupres,F,other_religion,0
2013,NUMBER,laktasi,_T,other_religion,278
2013,NUMBER,laktasi,M,other_religion,147
2013,NUMBER,laktasi,F,other_religion,131
2013,NUMBER,lopare,_T,other_religion,1
2013,NUMBER,lopare,M,other_religion,0
2013,NUMBER,lopare,F,other_religion,1
2013,NUMBER,ljubinje,_T,other_religion,1
2013,NUMBER,ljubinje,M,other_religion,1
2013,NUMBER,ljubinje,F,other_religion,0
2013,NUMBER,milici,_T,other_religion,34
2013,NUMBER,milici,M,other_religion,19
2013,NUMBER,milici,F,other_religion,15
2013,NUMBER,modrica,_T,other_religion,211
2013,NUMBER,modrica,M,other_religion,98
2013,NUMBER,modrica,F,other_religion,113
2013,NUMBER,mrkonjic_grad,_T,other_religion,9
2013,NUMBER,mrkonjic_grad,M,other_religion,6
2013,NUMBER,mrkonjic_grad,F,other_religion,3
2013,NUMBER,nevesinje,_T,other_religion,8
2013,NUMBER,nevesinje,M,other_religion,4
2013,NUMBER,nevesinje,F,other_religion,4
2013,NUMBER,novi_grad,_T,other_religion,134
2013,NUMBER,novi_grad,M,other_religion,60
2013,NUMBER,novi_grad,F,other_religion,74
2013,NUMBER,novo_gorazde,_T,other_religion,19
2013,NUMBER,novo_gorazde,M,other_religion,9
2013,NUMBER,novo_gorazde,F,other_religion,10
2013,NUMBER,osmaci,_T,other_religion,41
2013,NUMBER,osmaci,M,other_religion,26
2013,NUMBER,osmaci,F,other_religion,15
2013,NUMBER,ostra_luka,_T,other_religion,23
2013,NUMBER,ostra_luka,M,other_religion,15
2013,NUMBER,ostra_luka,F,other_religion,8
2013,NUMBER,pale,_T,other_religion,53
2013,NUMBER,pale,M,other_religion,24
2013,NUMBER,pale,F,other_religion,29
2013,NUMBER,pelagicevo,_T,other_religion,5
2013,NUMBER,pelagicevo,M,other_religion,3
2013,NUMBER,pelagicevo,F,other_religion,2
2013,NUMBER,petrovac,_T,other_religion,0
2013,NUMBER,petrovac,M,other_religion,0
2013,NUMBER,petrovac,F,other_religion,0
2013,NUMBER,petrovo,_T,other_religion,20
2013,NUMBER,petrovo,M,other_religion,8
2013,NUMBER,petrovo,F,other_religion,12
2013,NUMBER,grad_prijedor,_T,other_religion,1506
2013,NUMBER,grad_prijedor,M,other_religion,722
2013,NUMBER,grad_prijedor,F,other_religion,784
2013,NUMBER,prnjavor,_T,other_religion,611
2013,NUMBER,prnjavor,M,other_religion,317
2013,NUMBER,prnjavor,F,other_religion,294
2013,NUMBER,ribnik,_T,other_religion,12
2013,NUMBER,ribnik,M,other_religion,8
2013,NUMBER,ribnik,F,other_religion,4
2013,NUMBER,rogatica,_T,other_religion,48
2013,NUMBER,rogatica,M,other_religion,21
2013,NUMBER,rogatica,F,other_religion,27
2013,NUMBER,rudo,_T,other_religion,0
2013,NUMBER,rudo,M,other_religion,0
2013,NUMBER,rudo,F,other_religion,0
2013,NUMBER,sokolac,_T,other_religion,30
2013,NUMBER,sokolac,M,other_religion,16
2013,NUMBER,sokolac,F,other_religion,14
2013,NUMBER,srbac,_T,other_religion,95
2013,NUMBER,srbac,M,other_religion,50
2013,NUMBER,srbac,F,other_religion,45
2013,NUMBER,srebrenica,_T,other_religion,72
2013,NUMBER,srebrenica,M,other_religion,36
2013,NUMBER,srebrenica,F,other_religion,36
2013,NUMBER,teslic,_T,other_religion,316
2013,NUMBER,teslic,M,other_religion,148
2013,NUMBER,teslic,F,other_religion,168
2013,NUMBER,grad_trebinje,_T,other_religion,95
2013,NUMBER,grad_trebinje,M,other_religion,42
2013,NUMBER,grad_trebinje,F,other_religion,53
2013,NUMBER,trnovo,_T,other_religion,17
2013,NUMBER,trnovo,M,other_religion,9
2013,NUMBER,trnovo,F,other_religion,8
2013,NUMBER,ugljevik,_T,other_religion,2
2013,NUMBER,ugljevik,M,other_religion,1
2013,NUMBER,ugljevik,F,other_religion,1
2013,NUMBER,foca,_T,other_religion,104
2013,NUMBER,foca,M,other_religion,53
2013,NUMBER,foca,F,other_religion,51
2013,NUMBER,han_pijesak,_T,other_religion,5
2013,NUMBER,han_pijesak,M,other_religion,3
2013,NUMBER,han_pijesak,F,other_religion,2
2013,NUMBER,cajnice,_T,other_religion,16
2013,NUMBER,cajnice,M,other_religion,7
2013,NUMBER,cajnice,F,other_religion,9
2013,NUMBER,celinac,_T,other_religion,44
2013,NUMBER,celinac,M,other_religion,20
2013,NUMBER,celinac,F,other_religion,24
2013,NUMBER,samac,_T,other_religion,144
2013,NUMBER,samac,M,other_religion,68
2013,NUMBER,samac,F,other_religion,76
2013,NUMBER,sekovici,_T,other_religion,1
2013,NUMBER,sekovici,M,other_religion,1
2013,NUMBER,sekovici,F,other_religion,0
2013,NUMBER,sipovo,_T,other_religion,32
2013,NUMBER,sipovo,M,other_religion,17
2013,NUMBER,sipovo,F,other_religion,15
2013,NUMBER,republika_srpska,_T,does_not_declare,8028
2013,NUMBER,republika_srpska,M,does_not_declare,3554
2013,NUMBER,republika_srpska,F,does_not_declare,4474
2013,NUMBER,grad_banja_luka,_T,does_not_declare,2684
2013,NUMBER,grad_banja_luka,M,does_not_declare,1186
2013,NUMBER,grad_banja_luka,F,does_not_declare,1498
2013,NUMBER,berkovici,_T,does_not_declare,1
2013,NUMBER,berkovici,M,does_not_declare,1
2013,NUMBER,berkovici,F,does_not_declare,0
2013,NUMBER,grad_bijeljina,_T,does_not_declare,716
2013,NUMBER,grad_bijeljina,M,does_not_declare,307
2013,NUMBER,grad_bijeljina,F,does_not_declare,409
2013,NUMBER,bileca,_T,does_not_declare,30
2013,NUMBER,bileca,M,does_not_declare,14
2013,NUMBER,bileca,F,does_not_declare,16
2013,NUMBER,bratunac,_T,does_not_declare,21
2013,NUMBER,bratunac,M,does_not_declare,9
2013,NUMBER,bratunac,F,does_not_declare,12
2013,NUMBER,brod,_T,does_not_declare,160
2013,NUMBER,brod,M,does_not_declare,60
2013,NUMBER,brod,F,does_not_declare,100
2013,NUMBER,visegrad,_T,does_not_declare,18
2013,NUMBER,visegrad,M,does_not_declare,9
2013,NUMBER,visegrad,F,does_not_declare,9
2013,NUMBER,vlasenica,_T,does_not_declare,16
2013,NUMBER,vlasenica,M,does_not_declare,8
2013,NUMBER,vlasenica,F,does_not_declare,8
2013,NUMBER,vukosavlje,_T,does_not_declare,33
2013,NUMBER,vukosavlje,M,does_not_declare,16
2013,NUMBER,vukosavlje,F,does_not_declare,17
2013,NUMBER,gacko,_T,does_not_declare,6
2013,NUMBER,gacko,M,does_not_declare,1
2013,NUMBER,gacko,F,does_not_declare,5
2013,NUMBER,grad_gradiska,_T,does_not_declare,375
2013,NUMBER,grad_gradiska,M,does_not_declare,155
2013,NUMBER,grad_gradiska,F,does_not_declare,220
2013,NUMBER,grad_derventa,_T,does_not_declare,256
2013,NUMBER,grad_derventa,M,does_not_declare,125
2013,NUMBER,grad_derventa,F,does_not_declare,131
2013,NUMBER,grad_doboj,_T,does_not_declare,526
2013,NUMBER,grad_doboj,M,does_not_declare,271
2013,NUMBER,grad_doboj,F,does_not_declare,255
2013,NUMBER,donji_zabar,_T,does_not_declare,6
2013,NUMBER,donji_zabar,M,does_not_declare,2
2013,NUMBER,donji_zabar,F,does_not_declare,4
2013,NUMBER,grad_zvornik,_T,does_not_declare,67
2013,NUMBER,grad_zvornik,M,does_not_declare,31
2013,NUMBER,grad_zvornik,F,does_not_declare,36
2013,NUMBER,istocna_ilidza,_T,does_not_declare,92
2013,NUMBER,istocna_ilidza,M,does_not_declare,41
2013,NUMBER,istocna_ilidza,F,does_not_declare,51
2013,NUMBER,istocni_drvar,_T,does_not_declare,0
2013,NUMBER,istocni_drvar,M,does_not_declare,0
2013,NUMBER,istocni_drvar,F,does_not_declare,0
2013,NUMBER,istocni_mostar,_T,does_not_declare,0
2013,NUMBER,istocni_mostar,M,does_not_declare,0
2013,NUMBER,istocni_mostar,F,does_not_declare,0
2013,NUMBER,istocni_stari_grad,_T,does_not_declare,6
2013,NUMBER,istocni_stari_grad,M,does_not_declare,5
2013,NUMBER,istocni_stari_grad,F,does_not_declare,1
2013,NUMBER,istocno_novo_sarajevo,_T,does_not_declare,56
2013,NUMBER,istocno_novo_sarajevo,M,does_not_declare,24
2013,NUMBER,istocno_novo_sarajevo,F,does_not_declare,32
2013,NUMBER,jezero,_T,does_not_declare,0
2013,NUMBER,jezero,M,does_not_declare,0
2013,NUMBER,jezero,F,does_not_declare,0
2013,NUMBER,kalinovik,_T,does_not_declare,5
2013,NUMBER,kalinovik,M,does_not_declare,4
2013,NUMBER,kalinovik,F,does_not_declare,1
2013,NUMBER,knezevo,_T,does_not_declare,4
2013,NUMBER,knezevo,M,does_not_declare,3
2013,NUMBER,knezevo,F,does_not_declare,1
2013,NUMBER,kozarska_dubica,_T,does_not_declare,178
2013,NUMBER,kozarska_dubica,M,does_not_declare,77
2013,NUMBER,kozarska_dubica,F,does_not_declare,101
2013,NUMBER,kostajnica,_T,does_not_declare,67
2013,NUMBER,kostajnica,M,does_not_declare,26
2013,NUMBER,kostajnica,F,does_not_declare,41
2013,NUMBER,kotor_varos,_T,does_not_declare,107
2013,NUMBER,kotor_varos,M,does_not_declare,45
2013,NUMBER,kotor_varos,F,does_not_declare,62
2013,NUMBER,krupa_na_uni,_T,does_not_declare,0
2013,NUMBER,krupa_na_uni,M,does_not_declare,0
2013,NUMBER,krupa_na_uni,F,does_not_declare,0
2013,NUMBER,kupres,_T,does_not_declare,1
2013,NUMBER,kupres,M,does_not_declare,1
2013,NUMBER,kupres,F,does_not_declare,0
2013,NUMBER,laktasi,_T,does_not_declare,239
2013,NUMBER,laktasi,M,does_not_declare,112
2013,NUMBER,laktasi,F,does_not_declare,127
2013,NUMBER,lopare,_T,does_not_declare,22
2013,NUMBER,lopare,M,does_not_declare,6
2013,NUMBER,lopare,F,does_not_declare,16
2013,NUMBER,ljubinje,_T,does_not_declare,3
2013,NUMBER,ljubinje,M,does_not_declare,2
2013,NUMBER,ljubinje,F,does_not_declare,1
2013,NUMBER,milici,_T,does_not_declare,10
2013,NUMBER,milici,M,does_not_declare,3
2013,NUMBER,milici,F,does_not_declare,7
2013,NUMBER,modrica,_T,does_not_declare,151
2013,NUMBER,modrica,M,does_not_declare,64
2013,NUMBER,modrica,F,does_not_declare,87
2013,NUMBER,mrkonjic_grad,_T,does_not_declare,37
2013,NUMBER,mrkonjic_grad,M,does_not_declare,16
2013,NUMBER,mrkonjic_grad,F,does_not_declare,21
2013,NUMBER,nevesinje,_T,does_not_declare,14
2013,NUMBER,nevesinje,M,does_not_declare,6
2013,NUMBER,nevesinje,F,does_not_declare,8
2013,NUMBER,novi_grad,_T,does_not_declare,134
2013,NUMBER,novi_grad,M,does_not_declare,58
2013,NUMBER,novi_grad,F,does_not_declare,76
2013,NUMBER,novo_gorazde,_T,does_not_declare,5
2013,NUMBER,novo_gorazde,M,does_not_declare,3
2013,NUMBER,novo_gorazde,F,does_not_declare,2
2013,NUMBER,osmaci,_T,does_not_declare,1
2013,NUMBER,osmaci,M,does_not_declare,1
2013,NUMBER,osmaci,F,does_not_declare,0
2013,NUMBER,ostra_luka,_T,does_not_declare,13
2013,NUMBER,ostra_luka,M,does_not_declare,5
2013,NUMBER,ostra_luka,F,does_not_declare,8
2013,NUMBER,pale,_T,does_not_declare,56
2013,NUMBER,pale,M,does_not_declare,22
2013,NUMBER,pale,F,does_not_declare,34
2013,NUMBER,pelagicevo,_T,does_not_declare,2
2013,NUMBER,pelagicevo,M,does_not_declare,0
2013,NUMBER,pelagicevo,F,does_not_declare,2
2013,NUMBER,petrovac,_T,does_not_declare,0
2013,NUMBER,petrovac,M,does_not_declare,0
2013,NUMBER,petrovac,F,does_not_declare,0
2013,NUMBER,petrovo,_T,does_not_declare,19
2013,NUMBER,petrovo,M,does_not_declare,9
2013,NUMBER,petrovo,F,does_not_declare,10
2013,NUMBER,grad_prijedor,_T,does_not_declare,784
2013,NUMBER,grad_prijedor,M,does_not_declare,325
2013,NUMBER,grad_prijedor,F,does_not_declare,459
2013,NUMBER,prnjavor,_T,does_not_declare,223
2013,NUMBER,prnjavor,M,does_not_declare,98
2013,NUMBER,prnjavor,F,does_not_declare,125
2013,NUMBER,ribnik,_T,does_not_declare,3
2013,NUMBER,ribnik,M,does_not_declare,1
2013,NUMBER,ribnik,F,does_not_declare,2
2013,NUMBER,rogatica,_T,does_not_declare,7
2013,NUMBER,rogatica,M,does_not_declare,4
2013,NUMBER,rogatica,F,does_not_declare,3
2013,NUMBER,rudo,_T,does_not_declare,3
2013,NUMBER,rudo,M,does_not_declare,2
2013,NUMBER,rudo,F,does_not_declare,1
2013,NUMBER,sokolac,_T,does_not_declare,20
2013,NUMBER,sokolac,M,does_not_declare,9
2013,NUMBER,sokolac,F,does_not_declare,11
2013,NUMBER,srbac,_T,does_not_declare,95
2013,NUMBER,srbac,M,does_not_declare,46
2013,NUMBER,srbac,F,does_not_declare,49
2013,NUMBER,srebrenica,_T,does_not_declare,22
2013,NUMBER,srebrenica,M,does_not_declare,10
2013,NUMBER,srebrenica,F,does_not_declare,12
2013,NUMBER,teslic,_T,does_not_declare,309
2013,NUMBER,teslic,M,does_not_declare,136
2013,NUMBER,teslic,F,does_not_declare,173
2013,NUMBER,grad_trebinje,_T,does_not_declare,170
2013,NUMBER,grad_trebinje,M,does_not_declare,75
2013,NUMBER,grad_trebinje,F,does_not_declare,95
2013,NUMBER,trnovo,_T,does_not_declare,4
2013,NUMBER,trnovo,M,does_not_declare,3
2013,NUMBER,trnovo,F,does_not_declare,1
2013,NUMBER,ugljevik,_T,does_not_declare,23
2013,NUMBER,ugljevik,M,does_not_declare,11
2013,NUMBER,ugljevik,F,does_not_declare,12
2013,NUMBER,foca,_T,does_not_declare,27
2013,NUMBER,foca,M,does_not_declare,13
2013,NUMBER,foca,F,does_not_declare,14
2013,NUMBER,han_pijesak,_T,does_not_declare,0
2013,NUMBER,han_pijesak,M,does_not_declare,0
2013,NUMBER,han_pijesak,F,does_not_declare,0
2013,NUMBER,cajnice,_T,does_not_declare,1
2013,NUMBER,cajnice,M,does_not_declare,1
2013,NUMBER,cajnice,F,does_not_declare,0
2013,NUMBER,celinac,_T,does_not_declare,30
2013,NUMBER,celinac,M,does_not_declare,15
2013,NUMBER,celinac,F,does_not_declare,15
2013,NUMBER,samac,_T,does_not_declare,147
2013,NUMBER,samac,M,does_not_declare,64
2013,NUMBER,samac,F,does_not_declare,83
2013,NUMBER,sekovici,_T,does_not_declare,4
2013,NUMBER,sekovici,M,does_not_declare,3
2013,NUMBER,sekovici,F,does_not_declare,1
2013,NUMBER,sipovo,_T,does_not_declare,19
2013,NUMBER,sipovo,M,does_not_declare,10
2013,NUMBER,sipovo,F,does_not_declare,9
2013,NUMBER,republika_srpska,_T,unknown_religion,2065
2013,NUMBER,republika_srpska,M,unknown_religion,963
2013,NUMBER,republika_srpska,F,unknown_religion,1102
2013,NUMBER,grad_banja_luka,_T,unknown_religion,357
2013,NUMBER,grad_banja_luka,M,unknown_religion,173
2013,NUMBER,grad_banja_luka,F,unknown_religion,184
2013,NUMBER,berkovici,_T,unknown_religion,1
2013,NUMBER,berkovici,M,unknown_religion,0
2013,NUMBER,berkovici,F,unknown_religion,1
2013,NUMBER,grad_bijeljina,_T,unknown_religion,102
2013,NUMBER,grad_bijeljina,M,unknown_religion,44
2013,NUMBER,grad_bijeljina,F,unknown_religion,58
2013,NUMBER,bileca,_T,unknown_religion,12
2013,NUMBER,bileca,M,unknown_religion,4
2013,NUMBER,bileca,F,unknown_religion,8
2013,NUMBER,bratunac,_T,unknown_religion,40
2013,NUMBER,bratunac,M,unknown_religion,16
2013,NUMBER,bratunac,F,unknown_religion,24
2013,NUMBER,brod,_T,unknown_religion,32
2013,NUMBER,brod,M,unknown_religion,12
2013,NUMBER,brod,F,unknown_religion,20
2013,NUMBER,visegrad,_T,unknown_religion,179
2013,NUMBER,visegrad,M,unknown_religion,4
2013,NUMBER,visegrad,F,unknown_religion,175
2013,NUMBER,vlasenica,_T,unknown_religion,21
2013,NUMBER,vlasenica,M,unknown_religion,10
2013,NUMBER,vlasenica,F,unknown_religion,11
2013,NUMBER,vukosavlje,_T,unknown_religion,14
2013,NUMBER,vukosavlje,M,unknown_religion,3
2013,NUMBER,vukosavlje,F,unknown_religion,11
2013,NUMBER,gacko,_T,unknown_religion,7
2013,NUMBER,gacko,M,unknown_religion,2
2013,NUMBER,gacko,F,unknown_religion,5
2013,NUMBER,grad_gradiska,_T,unknown_religion,46
2013,NUMBER,grad_gradiska,M,unknown_religion,21
2013,NUMBER,grad_gradiska,F,unknown_religion,25
2013,NUMBER,grad_derventa,_T,unknown_religion,47
2013,NUMBER,grad_derventa,M,unknown_religion,21
2013,NUMBER,grad_derventa,F,unknown_religion,26
2013,NUMBER,grad_doboj,_T,unknown_religion,160
2013,NUMBER,grad_doboj,M,unknown_religion,64
2013,NUMBER,grad_doboj,F,unknown_religion,96
2013,NUMBER,donji_zabar,_T,unknown_religion,2
2013,NUMBER,donji_zabar,M,unknown_religion,1
2013,NUMBER,donji_zabar,F,unknown_religion,1
2013,NUMBER,grad_zvornik,_T,unknown_religion,98
2013,NUMBER,grad_zvornik,M,unknown_religion,39
2013,NUMBER,grad_zvornik,F,unknown_religion,59
2013,NUMBER,istocna_ilidza,_T,unknown_religion,10
2013,NUMBER,istocna_ilidza,M,unknown_religion,5
2013,NUMBER,istocna_ilidza,F,unknown_religion,5
2013,NUMBER,istocni_drvar,_T,unknown_religion,0
2013,NUMBER,istocni_drvar,M,unknown_religion,0
2013,NUMBER,istocni_drvar,F,unknown_religion,0
2013,NUMBER,istocni_mostar,_T,unknown_religion,2
2013,NUMBER,istocni_mostar,M,unknown_religion,1
2013,NUMBER,istocni_mostar,F,unknown_religion,1
2013,NUMBER,istocni_stari_grad,_T,unknown_religion,2
2013,NUMBER,istocni_stari_grad,M,unknown_religion,1
2013,NUMBER,istocni_stari_grad,F,unknown_religion,1
2013,NUMBER,istocno_novo_sarajevo,_T,unknown_religion,3
2013,NUMBER,istocno_novo_sarajevo,M,unknown_religion,0
2013,NUMBER,istocno_novo_sarajevo,F,unknown_religion,3
2013,NUMBER,jezero,_T,unknown_religion,2
2013,NUMBER,jezero,M,unknown_religion,1
2013,NUMBER,jezero,F,unknown_religion,1
2013,NUMBER,kalinovik,_T,unknown_religion,0
2013,NUMBER,kalinovik,M,unknown_religion,0
2013,NUMBER,kalinovik,F,unknown_religion,0
2013,NUMBER,knezevo,_T,unknown_religion,5
2013,NUMBER,knezevo,M,unknown_religion,3
2013,NUMBER,knezevo,F,unknown_religion,2
2013,NUMBER,kozarska_dubica,_T,unknown_religion,18
2013,NUMBER,kozarska_dubica,M,unknown_religion,11
2013,NUMBER,kozarska_dubica,F,unknown_religion,7
2013,NUMBER,kostajnica,_T,unknown_religion,1
2013,NUMBER,kostajnica,M,unknown_religion,1
2013,NUMBER,kostajnica,F,unknown_religion,0
2013,NUMBER,kotor_varos,_T,unknown_religion,21
2013,NUMBER,kotor_varos,M,unknown_religion,15
2013,NUMBER,kotor_varos,F,unknown_religion,6
2013,NUMBER,krupa_na_uni,_T,unknown_religion,1
2013,NUMBER,krupa_na_uni,M,unknown_religion,0
2013,NUMBER,krupa_na_uni,F,unknown_religion,1
2013,NUMBER,kupres,_T,unknown_religion,0
2013,NUMBER,kupres,M,unknown_religion,0
2013,NUMBER,kupres,F,unknown_religion,0
2013,NUMBER,laktasi,_T,unknown_religion,48
2013,NUMBER,laktasi,M,unknown_religion,21
2013,NUMBER,laktasi,F,unknown_religion,27
2013,NUMBER,lopare,_T,unknown_religion,13
2013,NUMBER,lopare,M,unknown_religion,6
2013,NUMBER,lopare,F,unknown_religion,7
2013,NUMBER,ljubinje,_T,unknown_religion,2
2013,NUMBER,ljubinje,M,unknown_religion,1
2013,NUMBER,ljubinje,F,unknown_religion,1
2013,NUMBER,milici,_T,unknown_religion,8
2013,NUMBER,milici,M,unknown_religion,3
2013,NUMBER,milici,F,unknown_religion,5
2013,NUMBER,modrica,_T,unknown_religion,125
2013,NUMBER,modrica,M,unknown_religion,66
2013,NUMBER,modrica,F,unknown_religion,59
2013,NUMBER,mrkonjic_grad,_T,unknown_religion,13
2013,NUMBER,mrkonjic_grad,M,unknown_religion,7
2013,NUMBER,mrkonjic_grad,F,unknown_religion,6
2013,NUMBER,nevesinje,_T,unknown_religion,7
2013,NUMBER,nevesinje,M,unknown_religion,2
2013,NUMBER,nevesinje,F,unknown_religion,5
2013,NUMBER,novi_grad,_T,unknown_religion,26
2013,NUMBER,novi_grad,M,unknown_religion,14
2013,NUMBER,novi_grad,F,unknown_religion,12
2013,NUMBER,novo_gorazde,_T,unknown_religion,7
2013,NUMBER,novo_gorazde,M,unknown_religion,3
2013,NUMBER,novo_gorazde,F,unknown_religion,4
2013,NUMBER,osmaci,_T,unknown_religion,4
2013,NUMBER,osmaci,M,unknown_religion,2
2013,NUMBER,osmaci,F,unknown_religion,2
2013,NUMBER,ostra_luka,_T,unknown_religion,3
2013,NUMBER,ostra_luka,M,unknown_religion,2
2013,NUMBER,ostra_luka,F,unknown_religion,1
2013,NUMBER,pale,_T,unknown_religion,11
2013,NUMBER,pale,M,unknown_religion,7
2013,NUMBER,pale,F,unknown_religion,4
2013,NUMBER,pelagicevo,_T,unknown_religion,5
2013,NUMBER,pelagicevo,M,unknown_religion,1
2013,NUMBER,pelagicevo,F,unknown_religion,4
2013,NUMBER,petrovac,_T,unknown_religion,0
2013,NUMBER,petrovac,M,unknown_religion,0
2013,NUMBER,petrovac,F,unknown_religion,0
2013,NUMBER,petrovo,_T,unknown_religion,4
2013,NUMBER,petrovo,M,unknown_religion,2
2013,NUMBER,petrovo,F,unknown_religion,2
2013,NUMBER,grad_prijedor,_T,unknown_religion,374
2013,NUMBER,grad_prijedor,M,unknown_religion,257
2013,NUMBER,grad_prijedor,F,unknown_religion,117
2013,NUMBER,prnjavor,_T,unknown_religion,31
2013,NUMBER,prnjavor,M,unknown_religion,13
2013,NUMBER,prnjavor,F,unknown_religion,18
2013,NUMBER,ribnik,_T,unknown_religion,2
2013,NUMBER,ribnik,M,unknown_religion,2
2013,NUMBER,ribnik,F,unknown_religion,0
2013,NUMBER,rogatica,_T,unknown_religion,4
2013,NUMBER,rogatica,M,unknown_religion,3
2013,NUMBER,rogatica,F,unknown_religion,1
2013,NUMBER,rudo,_T,unknown_religion,4
2013,NUMBER,rudo,M,unknown_religion,0
2013,NUMBER,rudo,F,unknown_religion,4
2013,NUMBER,sokolac,_T,unknown_religion,14
2013,NUMBER,sokolac,M,unknown_religion,3
2013,NUMBER,sokolac,F,unknown_religion,11
2013,NUMBER,srbac,_T,unknown_religion,28
2013,NUMBER,srbac,M,unknown_religion,13
2013,NUMBER,srbac,F,unknown_religion,15
2013,NUMBER,srebrenica,_T,unknown_religion,20
2013,NUMBER,srebrenica,M,unknown_religion,14
2013,NUMBER,srebrenica,F,unknown_religion,6
2013,NUMBER,teslic,_T,unknown_religion,43
2013,NUMBER,teslic,M,unknown_religion,21
2013,NUMBER,teslic,F,unknown_religion,22
2013,NUMBER,grad_trebinje,_T,unknown_religion,14
2013,NUMBER,grad_trebinje,M,unknown_religion,8
2013,NUMBER,grad_trebinje,F,unknown_religion,6
2013,NUMBER,trnovo,_T,unknown_religion,0
2013,NUMBER,trnovo,M,unknown_religion,0
2013,NUMBER,trnovo,F,unknown_religion,0
2013,NUMBER,ugljevik,_T,unknown_religion,13
2013,NUMBER,ugljevik,M,unknown_religion,11
2013,NUMBER,ugljevik,F,unknown_religion,2
2013,NUMBER,foca,_T,unknown_religion,12
2013,NUMBER,foca,M,unknown_religion,6
2013,NUMBER,foca,F,unknown_religion,6
2013,NUMBER,han_pijesak,_T,unknown_religion,0
2013,NUMBER,han_pijesak,M,unknown_religion,0
2013,NUMBER,han_pijesak,F,unknown_religion,0
2013,NUMBER,cajnice,_T,unknown_religion,4
2013,NUMBER,cajnice,M,unknown_religion,1
2013,NUMBER,cajnice,F,unknown_religion,3
2013,NUMBER,celinac,_T,unknown_religion,10
2013,NUMBER,celinac,M,unknown_religion,4
2013,NUMBER,celinac,F,unknown_religion,6
2013,NUMBER,samac,_T,unknown_religion,18
2013,NUMBER,samac,M,unknown_religion,10
2013,NUMBER,samac,F,unknown_religion,8
2013,NUMBER,sekovici,_T,unknown_religion,9
2013,NUMBER,sekovici,M,unknown_religion,4
2013,NUMBER,sekovici,F,unknown_religion,5
2013,NUMBER,sipovo,_T,unknown_religion,6
2013,NUMBER,sipovo,M,unknown_religion,4
2013,NUMBER,sipovo,F,unknown_religion,2
