Year,UNIT_MEASURE,ADMIN_AREA,SEX,Nationality,Value
2013,NUMBER,REPUBLIKA SRPSKA,_T,_T,1170342
2013,NUMBER,REPUBLIKA SRPSKA,M,_T,571812
2013,NUMBER,REPUBLIKA SRPSKA,F,_T,598530
2013,NUMBER,BANJA LUKA,_T,_T,180053
2013,NUMBER,BANJA LUKA,M,_T,86510
2013,NUMBER,BANJA LUKA,F,_T,93543
2013,NUMBER,BERKOVICI,_T,_T,2041
2013,NUMBER,BERKOVICI,M,_T,1032
2013,NUMBER,BERKOVICI,F,_T,1009
2013,NUMBER,BIJELJINA,_T,_T,103874
2013,NUMBER,BIJELJINA,M,_T,50760
2013,NUMBER,BIJELJINA,F,_T,53114
2013,NUMBER,BILECA,_T,_T,10607
2013,NUMBER,BILECA,M,_T,5346
2013,NUMBER,BILECA,F,_T,5261
2013,NUMBER,BRATUNAC,_T,_T,18651
2013,NUMBER,BRATUNAC,M,_T,9210
2013,NUMBER,BRATUNAC,F,_T,9441
2013,NUMBER,BROD,_T,_T,15720
2013,NUMBER,BROD,M,_T,7670
2013,NUMBER,BROD,F,_T,8050
2013,NUMBER,VISEGRAD,_T,_T,10118
2013,NUMBER,VISEGRAD,M,_T,4834
2013,NUMBER,VISEGRAD,F,_T,5284
2013,NUMBER,VLASENICA,_T,_T,10657
2013,NUMBER,VLASENICA,M,_T,5193
2013,NUMBER,VLASENICA,F,_T,5464
2013,NUMBER,VUKOSAVLJE,_T,_T,4363
2013,NUMBER,VUKOSAVLJE,M,_T,2185
2013,NUMBER,VUKOSAVLJE,F,_T,2178
2013,NUMBER,GACKO,_T,_T,8710
2013,NUMBER,GACKO,M,_T,4423
2013,NUMBER,GACKO,F,_T,4287
2013,NUMBER,GRADISKA,_T,_T,49196
2013,NUMBER,GRADISKA,M,_T,23944
2013,NUMBER,GRADISKA,F,_T,25252
2013,NUMBER,DERVENTA,_T,_T,25922
2013,NUMBER,DERVENTA,M,_T,12629
2013,NUMBER,DERVENTA,F,_T,13293
2013,NUMBER,DOBOJ,_T,_T,68514
2013,NUMBER,DOBOJ,M,_T,33222
2013,NUMBER,DOBOJ,F,_T,35292
2013,NUMBER,DONJI ZABAR,_T,_T,3669
2013,NUMBER,DONJI ZABAR,M,_T,1853
2013,NUMBER,DONJI ZABAR,F,_T,1816
2013,NUMBER,ZVORNIK,_T,_T,54407
2013,NUMBER,ZVORNIK,M,_T,26803
2013,NUMBER,ZVORNIK,F,_T,27604
2013,NUMBER,ISTOCNA ILIDZA,_T,_T,14437
2013,NUMBER,ISTOCNA ILIDZA,M,_T,6905
2013,NUMBER,ISTOCNA ILIDZA,F,_T,7532
2013,NUMBER,ISTOCNI DRVAR,_T,_T,66
2013,NUMBER,ISTOCNI DRVAR,M,_T,44
2013,NUMBER,ISTOCNI DRVAR,F,_T,22
2013,NUMBER,ISTOCNI MOSTAR,_T,_T,244
2013,NUMBER,ISTOCNI MOSTAR,M,_T,138
2013,NUMBER,ISTOCNI MOSTAR,F,_T,106
2013,NUMBER,ISTOCNI STARI GRAD,_T,_T,1116
2013,NUMBER,ISTOCNI STARI GRAD,M,_T,552
2013,NUMBER,ISTOCNI STARI GRAD,F,_T,564
2013,NUMBER,ISTOCNO NOVO SARAJEVO,_T,_T,10401
2013,NUMBER,ISTOCNO NOVO SARAJEVO,M,_T,4936
2013,NUMBER,ISTOCNO NOVO SARAJEVO,F,_T,5465
2013,NUMBER,JEZERO,_T,_T,1039
2013,NUMBER,JEZERO,M,_T,534
2013,NUMBER,JEZERO,F,_T,505
2013,NUMBER,KALINOVIK,_T,_T,1962
2013,NUMBER,KALINOVIK,M,_T,950
2013,NUMBER,KALINOVIK,F,_T,1012
2013,NUMBER,KNEZEVO,_T,_T,9368
2013,NUMBER,KNEZEVO,M,_T,4632
2013,NUMBER,KNEZEVO,F,_T,4736
2013,NUMBER,KOZARSKA DUBICA,_T,_T,20681
2013,NUMBER,KOZARSKA DUBICA,M,_T,10094
2013,NUMBER,KOZARSKA DUBICA,F,_T,10587
2013,NUMBER,KOSTAJNICA,_T,_T,5645
2013,NUMBER,KOSTAJNICA,M,_T,2780
2013,NUMBER,KOSTAJNICA,F,_T,2865
2013,NUMBER,KOTOR VAROS,_T,_T,18361
2013,NUMBER,KOTOR VAROS,M,_T,9007
2013,NUMBER,KOTOR VAROS,F,_T,9354
2013,NUMBER,KRUPA NA UNI,_T,_T,1560
2013,NUMBER,KRUPA NA UNI,M,_T,841
2013,NUMBER,KRUPA NA UNI,F,_T,719
2013,NUMBER,KUPRES,_T,_T,293
2013,NUMBER,KUPRES,M,_T,157
2013,NUMBER,KUPRES,F,_T,136
2013,NUMBER,LAKTASI,_T,_T,34210
2013,NUMBER,LAKTASI,M,_T,16905
2013,NUMBER,LAKTASI,F,_T,17305
2013,NUMBER,LOPARE,_T,_T,14689
2013,NUMBER,LOPARE,M,_T,7377
2013,NUMBER,LOPARE,F,_T,7312
2013,NUMBER,LJUBINJE,_T,_T,3319
2013,NUMBER,LJUBINJE,M,_T,1633
2013,NUMBER,LJUBINJE,F,_T,1686
2013,NUMBER,MILICI,_T,_T,10445
2013,NUMBER,MILICI,M,_T,5252
2013,NUMBER,MILICI,F,_T,5193
2013,NUMBER,MODRICA,_T,_T,24490
2013,NUMBER,MODRICA,M,_T,11969
2013,NUMBER,MODRICA,F,_T,12521
2013,NUMBER,MRKONJIC GRAD,_T,_T,15926
2013,NUMBER,MRKONJIC GRAD,M,_T,7660
2013,NUMBER,MRKONJIC GRAD,F,_T,8266
2013,NUMBER,NEVESINJE,_T,_T,12542
2013,NUMBER,NEVESINJE,M,_T,6236
2013,NUMBER,NEVESINJE,F,_T,6306
2013,NUMBER,NOVI GRAD,_T,_T,25240
2013,NUMBER,NOVI GRAD,M,_T,12580
2013,NUMBER,NOVI GRAD,F,_T,12660
2013,NUMBER,NOVO GORAZDE,_T,_T,2915
2013,NUMBER,NOVO GORAZDE,M,_T,1500
2013,NUMBER,NOVO GORAZDE,F,_T,1415
2013,NUMBER,OSMACI,_T,_T,5546
2013,NUMBER,OSMACI,M,_T,2779
2013,NUMBER,OSMACI,F,_T,2767
2013,NUMBER,OSTRA LUKA,_T,_T,2705
2013,NUMBER,OSTRA LUKA,M,_T,1386
2013,NUMBER,OSTRA LUKA,F,_T,1319
2013,NUMBER,PALE,_T,_T,20359
2013,NUMBER,PALE,M,_T,9744
2013,NUMBER,PALE,F,_T,10615
2013,NUMBER,PELAGICEVO,_T,_T,4358
2013,NUMBER,PELAGICEVO,M,_T,2151
2013,NUMBER,PELAGICEVO,F,_T,2207
2013,NUMBER,PETROVAC,_T,_T,354
2013,NUMBER,PETROVAC,M,_T,169
2013,NUMBER,PETROVAC,F,_T,185
2013,NUMBER,PETROVO,_T,_T,6317
2013,NUMBER,PETROVO,M,_T,3043
2013,NUMBER,PETROVO,F,_T,3274
2013,NUMBER,PRIJEDOR,_T,_T,80916
2013,NUMBER,PRIJEDOR,M,_T,39418
2013,NUMBER,PRIJEDOR,F,_T,41498
2013,NUMBER,PRNJAVOR,_T,_T,34357
2013,NUMBER,PRNJAVOR,M,_T,16675
2013,NUMBER,PRNJAVOR,F,_T,17682
2013,NUMBER,RIBNIK,_T,_T,5851
2013,NUMBER,RIBNIK,M,_T,2900
2013,NUMBER,RIBNIK,F,_T,2951
2013,NUMBER,ROGATICA,_T,_T,10302
2013,NUMBER,ROGATICA,M,_T,5053
2013,NUMBER,ROGATICA,F,_T,5249
2013,NUMBER,RUDO,_T,_T,7578
2013,NUMBER,RUDO,M,_T,3840
2013,NUMBER,RUDO,F,_T,3738
2013,NUMBER,SOKOLAC,_T,_T,11620
2013,NUMBER,SOKOLAC,M,_T,5723
2013,NUMBER,SOKOLAC,F,_T,5897
2013,NUMBER,SRBAC,_T,_T,16933
2013,NUMBER,SRBAC,M,_T,8295
2013,NUMBER,SRBAC,F,_T,8638
2013,NUMBER,SREBRENICA,_T,_T,11698
2013,NUMBER,SREBRENICA,M,_T,5714
2013,NUMBER,SREBRENICA,F,_T,5984
2013,NUMBER,TESLIC,_T,_T,37236
2013,NUMBER,TESLIC,M,_T,17894
2013,NUMBER,TESLIC,F,_T,19342
2013,NUMBER,TREBINJE,_T,_T,28239
2013,NUMBER,TREBINJE,M,_T,13760
2013,NUMBER,TREBINJE,F,_T,14479
2013,NUMBER,TRNOVO,_T,_T,1983
2013,NUMBER,TRNOVO,M,_T,953
2013,NUMBER,TRNOVO,F,_T,1030
2013,NUMBER,UGLJEVIK,_T,_T,15118
2013,NUMBER,UGLJEVIK,M,_T,7626
2013,NUMBER,UGLJEVIK,F,_T,7492
2013,NUMBER,FOCA,_T,_T,17580
2013,NUMBER,FOCA,M,_T,8880
2013,NUMBER,FOCA,F,_T,8700
2013,NUMBER,HAN PIJESAK,_T,_T,3445
2013,NUMBER,HAN PIJESAK,M,_T,1632
2013,NUMBER,HAN PIJESAK,F,_T,1813
2013,NUMBER,CAJNICE,_T,_T,4679
2013,NUMBER,CAJNICE,M,_T,2347
2013,NUMBER,CAJNICE,F,_T,2332
2013,NUMBER,CELINAC,_T,_T,15117
2013,NUMBER,CELINAC,M,_T,7477
2013,NUMBER,CELINAC,F,_T,7640
2013,NUMBER,SAMAC,_T,_T,16308
2013,NUMBER,SAMAC,M,_T,7908
2013,NUMBER,SAMAC,F,_T,8400
2013,NUMBER,SEKOVICI,_T,_T,6323
2013,NUMBER,SEKOVICI,M,_T,3103
2013,NUMBER,SEKOVICI,F,_T,3220
2013,NUMBER,SIPOVO,_T,_T,9969
2013,NUMBER,SIPOVO,M,_T,5046
2013,NUMBER,SIPOVO,F,_T,4923
2013,NUMBER,REPUBLIKA SRPSKA,_T,bosniaks,148477
2013,NUMBER,REPUBLIKA SRPSKA,M,bosniaks,72148
2013,NUMBER,REPUBLIKA SRPSKA,F,bosniaks,76329
2013,NUMBER,BANJA LUKA,_T,bosniaks,6816
2013,NUMBER,BANJA LUKA,M,bosniaks,3108
2013,NUMBER,BANJA LUKA,F,bosniaks,3708
2013,NUMBER,BERKOVICI,_T,bosniaks,155
2013,NUMBER,BERKOVICI,M,bosniaks,87
2013,NUMBER,BERKOVICI,F,bosniaks,68
2013,NUMBER,BIJELJINA,_T,bosniaks,11680
2013,NUMBER,BIJELJINA,M,bosniaks,5733
2013,NUMBER,BIJELJINA,F,bosniaks,5947
2013,NUMBER,BILECA,_T,bosniaks,26
2013,NUMBER,BILECA,M,bosniaks,16
2013,NUMBER,BILECA,F,bosniaks,10
2013,NUMBER,BRATUNAC,_T,bosniaks,6588
2013,NUMBER,BRATUNAC,M,bosniaks,3218
2013,NUMBER,BRATUNAC,F,bosniaks,3370
2013,NUMBER,BROD,_T,bosniaks,1312
2013,NUMBER,BROD,M,bosniaks,640
2013,NUMBER,BROD,F,bosniaks,672
2013,NUMBER,VISEGRAD,_T,bosniaks,895
2013,NUMBER,VISEGRAD,M,bosniaks,454
2013,NUMBER,VISEGRAD,F,bosniaks,441
2013,NUMBER,VLASENICA,_T,bosniaks,3360
2013,NUMBER,VLASENICA,M,bosniaks,1646
2013,NUMBER,VLASENICA,F,bosniaks,1714
2013,NUMBER,VUKOSAVLJE,_T,bosniaks,2025
2013,NUMBER,VUKOSAVLJE,M,bosniaks,1034
2013,NUMBER,VUKOSAVLJE,F,bosniaks,991
2013,NUMBER,GACKO,_T,bosniaks,332
2013,NUMBER,GACKO,M,bosniaks,179
2013,NUMBER,GACKO,F,bosniaks,153
2013,NUMBER,GRADISKA,_T,bosniaks,6266
2013,NUMBER,GRADISKA,M,bosniaks,3047
2013,NUMBER,GRADISKA,F,bosniaks,3219
2013,NUMBER,DERVENTA,_T,bosniaks,1686
2013,NUMBER,DERVENTA,M,bosniaks,812
2013,NUMBER,DERVENTA,F,bosniaks,874
2013,NUMBER,DOBOJ,_T,bosniaks,14417
2013,NUMBER,DOBOJ,M,bosniaks,6904
2013,NUMBER,DOBOJ,F,bosniaks,7513
2013,NUMBER,DONJI ZABAR,_T,bosniaks,4
2013,NUMBER,DONJI ZABAR,M,bosniaks,0
2013,NUMBER,DONJI ZABAR,F,bosniaks,4
2013,NUMBER,ZVORNIK,_T,bosniaks,16775
2013,NUMBER,ZVORNIK,M,bosniaks,8206
2013,NUMBER,ZVORNIK,F,bosniaks,8569
2013,NUMBER,ISTOCNA ILIDZA,_T,bosniaks,632
2013,NUMBER,ISTOCNA ILIDZA,M,bosniaks,293
2013,NUMBER,ISTOCNA ILIDZA,F,bosniaks,339
2013,NUMBER,ISTOCNI DRVAR,_T,bosniaks,0
2013,NUMBER,ISTOCNI DRVAR,M,bosniaks,0
2013,NUMBER,ISTOCNI DRVAR,F,bosniaks,0
2013,NUMBER,ISTOCNI MOSTAR,_T,bosniaks,78
2013,NUMBER,ISTOCNI MOSTAR,M,bosniaks,45
2013,NUMBER,ISTOCNI MOSTAR,F,bosniaks,33
2013,NUMBER,ISTOCNI STARI GRAD,_T,bosniaks,41
2013,NUMBER,ISTOCNI STARI GRAD,M,bosniaks,25
2013,NUMBER,ISTOCNI STARI GRAD,F,bosniaks,16
2013,NUMBER,ISTOCNO NOVO SARAJEVO,_T,bosniaks,44
2013,NUMBER,ISTOCNO NOVO SARAJEVO,M,bosniaks,14
2013,NUMBER,ISTOCNO NOVO SARAJEVO,F,bosniaks,30
2013,NUMBER,JEZERO,_T,bosniaks,251
2013,NUMBER,JEZERO,M,bosniaks,118
2013,NUMBER,JEZERO,F,bosniaks,133
2013,NUMBER,KALINOVIK,_T,bosniaks,43
2013,NUMBER,KALINOVIK,M,bosniaks,19
2013,NUMBER,KALINOVIK,F,bosniaks,24
2013,NUMBER,KNEZEVO,_T,bosniaks,413
2013,NUMBER,KNEZEVO,M,bosniaks,186
2013,NUMBER,KNEZEVO,F,bosniaks,227
2013,NUMBER,KOZARSKA DUBICA,_T,bosniaks,1883
2013,NUMBER,KOZARSKA DUBICA,M,bosniaks,906
2013,NUMBER,KOZARSKA DUBICA,F,bosniaks,977
2013,NUMBER,KOSTAJNICA,_T,bosniaks,1276
2013,NUMBER,KOSTAJNICA,M,bosniaks,626
2013,NUMBER,KOSTAJNICA,F,bosniaks,650
2013,NUMBER,KOTOR VAROS,_T,bosniaks,4516
2013,NUMBER,KOTOR VAROS,M,bosniaks,2173
2013,NUMBER,KOTOR VAROS,F,bosniaks,2343
2013,NUMBER,KRUPA NA UNI,_T,bosniaks,3
2013,NUMBER,KRUPA NA UNI,M,bosniaks,1
2013,NUMBER,KRUPA NA UNI,F,bosniaks,2
2013,NUMBER,KUPRES,_T,bosniaks,0
2013,NUMBER,KUPRES,M,bosniaks,0
2013,NUMBER,KUPRES,F,bosniaks,0
2013,NUMBER,LAKTASI,_T,bosniaks,104
2013,NUMBER,LAKTASI,M,bosniaks,47
2013,NUMBER,LAKTASI,F,bosniaks,57
2013,NUMBER,LOPARE,_T,bosniaks,1310
2013,NUMBER,LOPARE,M,bosniaks,646
2013,NUMBER,LOPARE,F,bosniaks,664
2013,NUMBER,LJUBINJE,_T,bosniaks,9
2013,NUMBER,LJUBINJE,M,bosniaks,5
2013,NUMBER,LJUBINJE,F,bosniaks,4
2013,NUMBER,MILICI,_T,bosniaks,3532
2013,NUMBER,MILICI,M,bosniaks,1746
2013,NUMBER,MILICI,F,bosniaks,1786
2013,NUMBER,MODRICA,_T,bosniaks,2880
2013,NUMBER,MODRICA,M,bosniaks,1364
2013,NUMBER,MODRICA,F,bosniaks,1516
2013,NUMBER,MRKONJIC GRAD,_T,bosniaks,354
2013,NUMBER,MRKONJIC GRAD,M,bosniaks,170
2013,NUMBER,MRKONJIC GRAD,F,bosniaks,184
2013,NUMBER,NEVESINJE,_T,bosniaks,508
2013,NUMBER,NEVESINJE,M,bosniaks,261
2013,NUMBER,NEVESINJE,F,bosniaks,247
2013,NUMBER,NOVI GRAD,_T,bosniaks,5214
2013,NUMBER,NOVI GRAD,M,bosniaks,2606
2013,NUMBER,NOVI GRAD,F,bosniaks,2608
2013,NUMBER,NOVO GORAZDE,_T,bosniaks,1317
2013,NUMBER,NOVO GORAZDE,M,bosniaks,662
2013,NUMBER,NOVO GORAZDE,F,bosniaks,655
2013,NUMBER,OSMACI,_T,bosniaks,2673
2013,NUMBER,OSMACI,M,bosniaks,1321
2013,NUMBER,OSMACI,F,bosniaks,1352
2013,NUMBER,OSTRA LUKA,_T,bosniaks,23
2013,NUMBER,OSTRA LUKA,M,bosniaks,7
2013,NUMBER,OSTRA LUKA,F,bosniaks,16
2013,NUMBER,PALE,_T,bosniaks,165
2013,NUMBER,PALE,M,bosniaks,86
2013,NUMBER,PALE,F,bosniaks,79
2013,NUMBER,PELAGICEVO,_T,bosniaks,13
2013,NUMBER,PELAGICEVO,M,bosniaks,2
2013,NUMBER,PELAGICEVO,F,bosniaks,11
2013,NUMBER,PETROVAC,_T,bosniaks,0
2013,NUMBER,PETROVAC,M,bosniaks,0
2013,NUMBER,PETROVAC,F,bosniaks,0
2013,NUMBER,PETROVO,_T,bosniaks,6
2013,NUMBER,PETROVO,M,bosniaks,2
2013,NUMBER,PETROVO,F,bosniaks,4
2013,NUMBER,PRIJEDOR,_T,bosniaks,22303
2013,NUMBER,PRIJEDOR,M,bosniaks,10669
2013,NUMBER,PRIJEDOR,F,bosniaks,11634
2013,NUMBER,PRNJAVOR,_T,bosniaks,2749
2013,NUMBER,PRNJAVOR,M,bosniaks,1329
2013,NUMBER,PRNJAVOR,F,bosniaks,1420
2013,NUMBER,RIBNIK,_T,bosniaks,0
2013,NUMBER,RIBNIK,M,bosniaks,0
2013,NUMBER,RIBNIK,F,bosniaks,0
2013,NUMBER,ROGATICA,_T,bosniaks,1009
2013,NUMBER,ROGATICA,M,bosniaks,520
2013,NUMBER,ROGATICA,F,bosniaks,489
2013,NUMBER,RUDO,_T,bosniaks,574
2013,NUMBER,RUDO,M,bosniaks,300
2013,NUMBER,RUDO,F,bosniaks,274
2013,NUMBER,SOKOLAC,_T,bosniaks,629
2013,NUMBER,SOKOLAC,M,bosniaks,329
2013,NUMBER,SOKOLAC,F,bosniaks,300
2013,NUMBER,SRBAC,_T,bosniaks,394
2013,NUMBER,SRBAC,M,bosniaks,184
2013,NUMBER,SRBAC,F,bosniaks,210
2013,NUMBER,SREBRENICA,_T,bosniaks,6122
2013,NUMBER,SREBRENICA,M,bosniaks,2913
2013,NUMBER,SREBRENICA,F,bosniaks,3209
2013,NUMBER,TESLIC,_T,bosniaks,6887
2013,NUMBER,TESLIC,M,bosniaks,3387
2013,NUMBER,TESLIC,F,bosniaks,3500
2013,NUMBER,TREBINJE,_T,bosniaks,863
2013,NUMBER,TREBINJE,M,bosniaks,426
2013,NUMBER,TREBINJE,F,bosniaks,437
2013,NUMBER,TRNOVO,_T,bosniaks,818
2013,NUMBER,TRNOVO,M,bosniaks,405
2013,NUMBER,TRNOVO,F,bosniaks,413
2013,NUMBER,UGLJEVIK,_T,bosniaks,1999
2013,NUMBER,UGLJEVIK,M,bosniaks,974
2013,NUMBER,UGLJEVIK,F,bosniaks,1025
2013,NUMBER,FOCA,_T,bosniaks,1169
2013,NUMBER,FOCA,M,bosniaks,626
2013,NUMBER,FOCA,F,bosniaks,543
2013,NUMBER,HAN PIJESAK,_T,bosniaks,420
2013,NUMBER,HAN PIJESAK,M,bosniaks,204
2013,NUMBER,HAN PIJESAK,F,bosniaks,216
2013,NUMBER,CAJNICE,_T,bosniaks,835
2013,NUMBER,CAJNICE,M,bosniaks,439
2013,NUMBER,CAJNICE,F,bosniaks,396
2013,NUMBER,CELINAC,_T,bosniaks,395
2013,NUMBER,CELINAC,M,bosniaks,197
2013,NUMBER,CELINAC,F,bosniaks,198
2013,NUMBER,SAMAC,_T,bosniaks,1005
2013,NUMBER,SAMAC,M,bosniaks,486
2013,NUMBER,SAMAC,F,bosniaks,519
2013,NUMBER,SEKOVICI,_T,bosniaks,103
2013,NUMBER,SEKOVICI,M,bosniaks,51
2013,NUMBER,SEKOVICI,F,bosniaks,52
2013,NUMBER,SIPOVO,_T,bosniaks,578
2013,NUMBER,SIPOVO,M,bosniaks,294
2013,NUMBER,SIPOVO,F,bosniaks,284
2013,NUMBER,REPUBLIKA SRPSKA,_T,croats,26509
2013,NUMBER,REPUBLIKA SRPSKA,M,croats,11005
2013,NUMBER,REPUBLIKA SRPSKA,F,croats,15504
2013,NUMBER,BANJA LUKA,_T,croats,4887
2013,NUMBER,BANJA LUKA,M,croats,1761
2013,NUMBER,BANJA LUKA,F,croats,3126
2013,NUMBER,BERKOVICI,_T,croats,11
2013,NUMBER,BERKOVICI,M,croats,1
2013,NUMBER,BERKOVICI,F,croats,10
2013,NUMBER,BIJELJINA,_T,croats,498
2013,NUMBER,BIJELJINA,M,croats,140
2013,NUMBER,BIJELJINA,F,croats,358
2013,NUMBER,BILECA,_T,croats,21
2013,NUMBER,BILECA,M,croats,2
2013,NUMBER,BILECA,F,croats,19
2013,NUMBER,BRATUNAC,_T,croats,30
2013,NUMBER,BRATUNAC,M,croats,5
2013,NUMBER,BRATUNAC,F,croats,25
2013,NUMBER,BROD,_T,croats,3021
2013,NUMBER,BROD,M,croats,1413
2013,NUMBER,BROD,F,croats,1608
2013,NUMBER,VISEGRAD,_T,croats,32
2013,NUMBER,VISEGRAD,M,croats,5
2013,NUMBER,VISEGRAD,F,croats,27
2013,NUMBER,VLASENICA,_T,croats,29
2013,NUMBER,VLASENICA,M,croats,5
2013,NUMBER,VLASENICA,F,croats,24
2013,NUMBER,VUKOSAVLJE,_T,croats,698
2013,NUMBER,VUKOSAVLJE,M,croats,332
2013,NUMBER,VUKOSAVLJE,F,croats,366
2013,NUMBER,GACKO,_T,croats,13
2013,NUMBER,GACKO,M,croats,5
2013,NUMBER,GACKO,F,croats,8
2013,NUMBER,GRADISKA,_T,croats,800
2013,NUMBER,GRADISKA,M,croats,276
2013,NUMBER,GRADISKA,F,croats,524
2013,NUMBER,DERVENTA,_T,croats,2181
2013,NUMBER,DERVENTA,M,croats,1040
2013,NUMBER,DERVENTA,F,croats,1141
2013,NUMBER,DOBOJ,_T,croats,1550
2013,NUMBER,DOBOJ,M,croats,605
2013,NUMBER,DOBOJ,F,croats,945
2013,NUMBER,DONJI ZABAR,_T,croats,991
2013,NUMBER,DONJI ZABAR,M,croats,497
2013,NUMBER,DONJI ZABAR,F,croats,494
2013,NUMBER,ZVORNIK,_T,croats,103
2013,NUMBER,ZVORNIK,M,croats,17
2013,NUMBER,ZVORNIK,F,croats,86
2013,NUMBER,ISTOCNA ILIDZA,_T,croats,148
2013,NUMBER,ISTOCNA ILIDZA,M,croats,39
2013,NUMBER,ISTOCNA ILIDZA,F,croats,109
2013,NUMBER,ISTOCNI DRVAR,_T,croats,1
2013,NUMBER,ISTOCNI DRVAR,M,croats,0
2013,NUMBER,ISTOCNI DRVAR,F,croats,1
2013,NUMBER,ISTOCNI MOSTAR,_T,croats,11
2013,NUMBER,ISTOCNI MOSTAR,M,croats,8
2013,NUMBER,ISTOCNI MOSTAR,F,croats,3
2013,NUMBER,ISTOCNI STARI GRAD,_T,croats,6
2013,NUMBER,ISTOCNI STARI GRAD,M,croats,2
2013,NUMBER,ISTOCNI STARI GRAD,F,croats,4
2013,NUMBER,ISTOCNO NOVO SARAJEVO,_T,croats,102
2013,NUMBER,ISTOCNO NOVO SARAJEVO,M,croats,23
2013,NUMBER,ISTOCNO NOVO SARAJEVO,F,croats,79
2013,NUMBER,JEZERO,_T,croats,6
2013,NUMBER,JEZERO,M,croats,4
2013,NUMBER,JEZERO,F,croats,2
2013,NUMBER,KALINOVIK,_T,croats,8
2013,NUMBER,KALINOVIK,M,croats,2
2013,NUMBER,KALINOVIK,F,croats,6
2013,NUMBER,KNEZEVO,_T,croats,24
2013,NUMBER,KNEZEVO,M,croats,5
2013,NUMBER,KNEZEVO,F,croats,19
2013,NUMBER,KOZARSKA DUBICA,_T,croats,261
2013,NUMBER,KOZARSKA DUBICA,M,croats,79
2013,NUMBER,KOZARSKA DUBICA,F,croats,182
2013,NUMBER,KOSTAJNICA,_T,croats,82
2013,NUMBER,KOSTAJNICA,M,croats,29
2013,NUMBER,KOSTAJNICA,F,croats,53
2013,NUMBER,KOTOR VAROS,_T,croats,852
2013,NUMBER,KOTOR VAROS,M,croats,410
2013,NUMBER,KOTOR VAROS,F,croats,442
2013,NUMBER,KRUPA NA UNI,_T,croats,2
2013,NUMBER,KRUPA NA UNI,M,croats,0
2013,NUMBER,KRUPA NA UNI,F,croats,2
2013,NUMBER,KUPRES,_T,croats,0
2013,NUMBER,KUPRES,M,croats,0
2013,NUMBER,KUPRES,F,croats,0
2013,NUMBER,LAKTASI,_T,croats,500
2013,NUMBER,LAKTASI,M,croats,175
2013,NUMBER,LAKTASI,F,croats,325
2013,NUMBER,LOPARE,_T,croats,48
2013,NUMBER,LOPARE,M,croats,9
2013,NUMBER,LOPARE,F,croats,39
2013,NUMBER,LJUBINJE,_T,croats,10
2013,NUMBER,LJUBINJE,M,croats,3
2013,NUMBER,LJUBINJE,F,croats,7
2013,NUMBER,MILICI,_T,croats,22
2013,NUMBER,MILICI,M,croats,7
2013,NUMBER,MILICI,F,croats,15
2013,NUMBER,MODRICA,_T,croats,1396
2013,NUMBER,MODRICA,M,croats,662
2013,NUMBER,MODRICA,F,croats,734
2013,NUMBER,MRKONJIC GRAD,_T,croats,148
2013,NUMBER,MRKONJIC GRAD,M,croats,60
2013,NUMBER,MRKONJIC GRAD,F,croats,88
2013,NUMBER,NEVESINJE,_T,croats,27
2013,NUMBER,NEVESINJE,M,croats,9
2013,NUMBER,NEVESINJE,F,croats,18
2013,NUMBER,NOVI GRAD,_T,croats,174
2013,NUMBER,NOVI GRAD,M,croats,58
2013,NUMBER,NOVI GRAD,F,croats,116
2013,NUMBER,NOVO GORAZDE,_T,croats,2
2013,NUMBER,NOVO GORAZDE,M,croats,1
2013,NUMBER,NOVO GORAZDE,F,croats,1
2013,NUMBER,OSMACI,_T,croats,7
2013,NUMBER,OSMACI,M,croats,1
2013,NUMBER,OSMACI,F,croats,6
2013,NUMBER,OSTRA LUKA,_T,croats,149
2013,NUMBER,OSTRA LUKA,M,croats,74
2013,NUMBER,OSTRA LUKA,F,croats,75
2013,NUMBER,PALE,_T,croats,126
2013,NUMBER,PALE,M,croats,37
2013,NUMBER,PALE,F,croats,89
2013,NUMBER,PELAGICEVO,_T,croats,1182
2013,NUMBER,PELAGICEVO,M,croats,580
2013,NUMBER,PELAGICEVO,F,croats,602
2013,NUMBER,PETROVAC,_T,croats,0
2013,NUMBER,PETROVAC,M,croats,0
2013,NUMBER,PETROVAC,F,croats,0
2013,NUMBER,PETROVO,_T,croats,34
2013,NUMBER,PETROVO,M,croats,8
2013,NUMBER,PETROVO,F,croats,26
2013,NUMBER,PRIJEDOR,_T,croats,1666
2013,NUMBER,PRIJEDOR,M,croats,679
2013,NUMBER,PRIJEDOR,F,croats,987
2013,NUMBER,PRNJAVOR,_T,croats,423
2013,NUMBER,PRNJAVOR,M,croats,150
2013,NUMBER,PRNJAVOR,F,croats,273
2013,NUMBER,RIBNIK,_T,croats,11
2013,NUMBER,RIBNIK,M,croats,4
2013,NUMBER,RIBNIK,F,croats,7
2013,NUMBER,ROGATICA,_T,croats,18
2013,NUMBER,ROGATICA,M,croats,2
2013,NUMBER,ROGATICA,F,croats,16
2013,NUMBER,RUDO,_T,croats,7
2013,NUMBER,RUDO,M,croats,6
2013,NUMBER,RUDO,F,croats,1
2013,NUMBER,SOKOLAC,_T,croats,28
2013,NUMBER,SOKOLAC,M,croats,8
2013,NUMBER,SOKOLAC,F,croats,20
2013,NUMBER,SRBAC,_T,croats,128
2013,NUMBER,SRBAC,M,croats,21
2013,NUMBER,SRBAC,F,croats,107
2013,NUMBER,SREBRENICA,_T,croats,14
2013,NUMBER,SREBRENICA,M,croats,6
2013,NUMBER,SREBRENICA,F,croats,8
2013,NUMBER,TESLIC,_T,croats,1346
2013,NUMBER,TESLIC,M,croats,581
2013,NUMBER,TESLIC,F,croats,765
2013,NUMBER,TREBINJE,_T,croats,295
2013,NUMBER,TREBINJE,M,croats,99
2013,NUMBER,TREBINJE,F,croats,196
2013,NUMBER,TRNOVO,_T,croats,15
2013,NUMBER,TRNOVO,M,croats,3
2013,NUMBER,TRNOVO,F,croats,12
2013,NUMBER,UGLJEVIK,_T,croats,42
2013,NUMBER,UGLJEVIK,M,croats,8
2013,NUMBER,UGLJEVIK,F,croats,34
2013,NUMBER,FOCA,_T,croats,52
2013,NUMBER,FOCA,M,croats,16
2013,NUMBER,FOCA,F,croats,36
2013,NUMBER,HAN PIJESAK,_T,croats,7
2013,NUMBER,HAN PIJESAK,M,croats,1
2013,NUMBER,HAN PIJESAK,F,croats,6
2013,NUMBER,CAJNICE,_T,croats,6
2013,NUMBER,CAJNICE,M,croats,1
2013,NUMBER,CAJNICE,F,croats,5
2013,NUMBER,CELINAC,_T,croats,48
2013,NUMBER,CELINAC,M,croats,11
2013,NUMBER,CELINAC,F,croats,37
2013,NUMBER,SAMAC,_T,croats,2176
2013,NUMBER,SAMAC,M,croats,1011
2013,NUMBER,SAMAC,F,croats,1165
2013,NUMBER,SEKOVICI,_T,croats,8
2013,NUMBER,SEKOVICI,M,croats,2
2013,NUMBER,SEKOVICI,F,croats,6
2013,NUMBER,SIPOVO,_T,croats,26
2013,NUMBER,SIPOVO,M,croats,7
2013,NUMBER,SIPOVO,F,croats,19
2013,NUMBER,REPUBLIKA SRPSKA,_T,serbs,970857
2013,NUMBER,REPUBLIKA SRPSKA,M,serbs,477334
2013,NUMBER,REPUBLIKA SRPSKA,F,serbs,493523
2013,NUMBER,BANJA LUKA,_T,serbs,162057
2013,NUMBER,BANJA LUKA,M,serbs,78827
2013,NUMBER,BANJA LUKA,F,serbs,83230
2013,NUMBER,BERKOVICI,_T,serbs,1873
2013,NUMBER,BERKOVICI,M,serbs,943
2013,NUMBER,BERKOVICI,F,serbs,930
2013,NUMBER,BIJELJINA,_T,serbs,89474
2013,NUMBER,BIJELJINA,M,serbs,43861
2013,NUMBER,BIJELJINA,F,serbs,45613
2013,NUMBER,BILECA,_T,serbs,10447
2013,NUMBER,BILECA,M,serbs,5276
2013,NUMBER,BILECA,F,serbs,5171
2013,NUMBER,BRATUNAC,_T,serbs,11897
2013,NUMBER,BRATUNAC,M,serbs,5915
2013,NUMBER,BRATUNAC,F,serbs,5982
2013,NUMBER,BROD,_T,serbs,11065
2013,NUMBER,BROD,M,serbs,5486
2013,NUMBER,BROD,F,serbs,5579
2013,NUMBER,VISEGRAD,_T,serbs,8942
2013,NUMBER,VISEGRAD,M,serbs,4337
2013,NUMBER,VISEGRAD,F,serbs,4605
2013,NUMBER,VLASENICA,_T,serbs,7190
2013,NUMBER,VLASENICA,M,serbs,3505
2013,NUMBER,VLASENICA,F,serbs,3685
2013,NUMBER,VUKOSAVLJE,_T,serbs,1448
2013,NUMBER,VUKOSAVLJE,M,serbs,720
2013,NUMBER,VUKOSAVLJE,F,serbs,728
2013,NUMBER,GACKO,_T,serbs,8316
2013,NUMBER,GACKO,M,serbs,4211
2013,NUMBER,GACKO,F,serbs,4105
2013,NUMBER,GRADISKA,_T,serbs,40707
2013,NUMBER,GRADISKA,M,serbs,19960
2013,NUMBER,GRADISKA,F,serbs,20747
2013,NUMBER,DERVENTA,_T,serbs,21495
2013,NUMBER,DERVENTA,M,serbs,10524
2013,NUMBER,DERVENTA,F,serbs,10971
2013,NUMBER,DOBOJ,_T,serbs,50968
2013,NUMBER,DOBOJ,M,serbs,24968
2013,NUMBER,DOBOJ,F,serbs,26000
2013,NUMBER,DONJI ZABAR,_T,serbs,2658
2013,NUMBER,DONJI ZABAR,M,serbs,1352
2013,NUMBER,DONJI ZABAR,F,serbs,1306
2013,NUMBER,ZVORNIK,_T,serbs,37242
2013,NUMBER,ZVORNIK,M,serbs,18452
2013,NUMBER,ZVORNIK,F,serbs,18790
2013,NUMBER,ISTOCNA ILIDZA,_T,serbs,13455
2013,NUMBER,ISTOCNA ILIDZA,M,serbs,6486
2013,NUMBER,ISTOCNA ILIDZA,F,serbs,6969
2013,NUMBER,ISTOCNI DRVAR,_T,serbs,65
2013,NUMBER,ISTOCNI DRVAR,M,serbs,44
2013,NUMBER,ISTOCNI DRVAR,F,serbs,21
2013,NUMBER,ISTOCNI MOSTAR,_T,serbs,153
2013,NUMBER,ISTOCNI MOSTAR,M,serbs,84
2013,NUMBER,ISTOCNI MOSTAR,F,serbs,69
2013,NUMBER,ISTOCNI STARI GRAD,_T,serbs,1059
2013,NUMBER,ISTOCNI STARI GRAD,M,serbs,519
2013,NUMBER,ISTOCNI STARI GRAD,F,serbs,540
2013,NUMBER,ISTOCNO NOVO SARAJEVO,_T,serbs,10028
2013,NUMBER,ISTOCNO NOVO SARAJEVO,M,serbs,4801
2013,NUMBER,ISTOCNO NOVO SARAJEVO,F,serbs,5227
2013,NUMBER,JEZERO,_T,serbs,779
2013,NUMBER,JEZERO,M,serbs,410
2013,NUMBER,JEZERO,F,serbs,369
2013,NUMBER,KALINOVIK,_T,serbs,1895
2013,NUMBER,KALINOVIK,M,serbs,920
2013,NUMBER,KALINOVIK,F,serbs,975
2013,NUMBER,KNEZEVO,_T,serbs,8886
2013,NUMBER,KNEZEVO,M,serbs,4414
2013,NUMBER,KNEZEVO,F,serbs,4472
2013,NUMBER,KOZARSKA DUBICA,_T,serbs,18144
2013,NUMBER,KOZARSKA DUBICA,M,serbs,8939
2013,NUMBER,KOZARSKA DUBICA,F,serbs,9205
2013,NUMBER,KOSTAJNICA,_T,serbs,4177
2013,NUMBER,KOSTAJNICA,M,serbs,2077
2013,NUMBER,KOSTAJNICA,F,serbs,2100
2013,NUMBER,KOTOR VAROS,_T,serbs,12730
2013,NUMBER,KOTOR VAROS,M,serbs,6305
2013,NUMBER,KOTOR VAROS,F,serbs,6425
2013,NUMBER,KRUPA NA UNI,_T,serbs,1555
2013,NUMBER,KRUPA NA UNI,M,serbs,840
2013,NUMBER,KRUPA NA UNI,F,serbs,715
2013,NUMBER,KUPRES,_T,serbs,292
2013,NUMBER,KUPRES,M,serbs,156
2013,NUMBER,KUPRES,F,serbs,136
2013,NUMBER,LAKTASI,_T,serbs,32761
2013,NUMBER,LAKTASI,M,serbs,16275
2013,NUMBER,LAKTASI,F,serbs,16486
2013,NUMBER,LOPARE,_T,serbs,13267
2013,NUMBER,LOPARE,M,serbs,6695
2013,NUMBER,LOPARE,F,serbs,6572
2013,NUMBER,LJUBINJE,_T,serbs,3280
2013,NUMBER,LJUBINJE,M,serbs,1615
2013,NUMBER,LJUBINJE,F,serbs,1665
2013,NUMBER,MILICI,_T,serbs,6857
2013,NUMBER,MILICI,M,serbs,3486
2013,NUMBER,MILICI,F,serbs,3371
2013,NUMBER,MODRICA,_T,serbs,19530
2013,NUMBER,MODRICA,M,serbs,9611
2013,NUMBER,MODRICA,F,serbs,9919
2013,NUMBER,MRKONJIC GRAD,_T,serbs,15340
2013,NUMBER,MRKONJIC GRAD,M,serbs,7388
2013,NUMBER,MRKONJIC GRAD,F,serbs,7952
2013,NUMBER,NEVESINJE,_T,serbs,11964
2013,NUMBER,NEVESINJE,M,serbs,5951
2013,NUMBER,NEVESINJE,F,serbs,6013
2013,NUMBER,NOVI GRAD,_T,serbs,19491
2013,NUMBER,NOVI GRAD,M,serbs,9747
2013,NUMBER,NOVI GRAD,F,serbs,9744
2013,NUMBER,NOVO GORAZDE,_T,serbs,1561
2013,NUMBER,NOVO GORAZDE,M,serbs,821
2013,NUMBER,NOVO GORAZDE,F,serbs,740
2013,NUMBER,OSMACI,_T,serbs,2852
2013,NUMBER,OSMACI,M,serbs,1450
2013,NUMBER,OSMACI,F,serbs,1402
2013,NUMBER,OSTRA LUKA,_T,serbs,2510
2013,NUMBER,OSTRA LUKA,M,serbs,1296
2013,NUMBER,OSTRA LUKA,F,serbs,1214
2013,NUMBER,PALE,_T,serbs,19932
2013,NUMBER,PALE,M,serbs,9561
2013,NUMBER,PALE,F,serbs,10371
2013,NUMBER,PELAGICEVO,_T,serbs,3146
2013,NUMBER,PELAGICEVO,M,serbs,1563
2013,NUMBER,PELAGICEVO,F,serbs,1583
2013,NUMBER,PETROVAC,_T,serbs,351
2013,NUMBER,PETROVAC,M,serbs,168
2013,NUMBER,PETROVAC,F,serbs,183
2013,NUMBER,PETROVO,_T,serbs,6222
2013,NUMBER,PETROVO,M,serbs,3002
2013,NUMBER,PETROVO,F,serbs,3220
2013,NUMBER,PRIJEDOR,_T,serbs,54365
2013,NUMBER,PRIJEDOR,M,serbs,26834
2013,NUMBER,PRIJEDOR,F,serbs,27531
2013,NUMBER,PRNJAVOR,_T,serbs,29478
2013,NUMBER,PRNJAVOR,M,serbs,14352
2013,NUMBER,PRNJAVOR,F,serbs,15126
2013,NUMBER,RIBNIK,_T,serbs,5825
2013,NUMBER,RIBNIK,M,serbs,2891
2013,NUMBER,RIBNIK,F,serbs,2934
2013,NUMBER,ROGATICA,_T,serbs,9217
2013,NUMBER,ROGATICA,M,serbs,4502
2013,NUMBER,ROGATICA,F,serbs,4715
2013,NUMBER,RUDO,_T,serbs,6963
2013,NUMBER,RUDO,M,serbs,3517
2013,NUMBER,RUDO,F,serbs,3446
2013,NUMBER,SOKOLAC,_T,serbs,10894
2013,NUMBER,SOKOLAC,M,serbs,5357
2013,NUMBER,SOKOLAC,F,serbs,5537
2013,NUMBER,SRBAC,_T,serbs,16013
2013,NUMBER,SRBAC,M,serbs,7888
2013,NUMBER,SRBAC,F,serbs,8125
2013,NUMBER,SREBRENICA,_T,serbs,5467
2013,NUMBER,SREBRENICA,M,serbs,2743
2013,NUMBER,SREBRENICA,F,serbs,2724
2013,NUMBER,TESLIC,_T,serbs,28166
2013,NUMBER,TESLIC,M,serbs,13545
2013,NUMBER,TESLIC,F,serbs,14621
2013,NUMBER,TREBINJE,_T,serbs,26484
2013,NUMBER,TREBINJE,M,serbs,12943
2013,NUMBER,TREBINJE,F,serbs,13541
2013,NUMBER,TRNOVO,_T,serbs,1131
2013,NUMBER,TRNOVO,M,serbs,534
2013,NUMBER,TRNOVO,F,serbs,597
2013,NUMBER,UGLJEVIK,_T,serbs,13007
2013,NUMBER,UGLJEVIK,M,serbs,6606
2013,NUMBER,UGLJEVIK,F,serbs,6401
2013,NUMBER,FOCA,_T,serbs,16157
2013,NUMBER,FOCA,M,serbs,8133
2013,NUMBER,FOCA,F,serbs,8024
2013,NUMBER,HAN PIJESAK,_T,serbs,2994
2013,NUMBER,HAN PIJESAK,M,serbs,1412
2013,NUMBER,HAN PIJESAK,F,serbs,1582
2013,NUMBER,CAJNICE,_T,serbs,3806
2013,NUMBER,CAJNICE,M,serbs,1891
2013,NUMBER,CAJNICE,F,serbs,1915
2013,NUMBER,CELINAC,_T,serbs,14508
2013,NUMBER,CELINAC,M,serbs,7194
2013,NUMBER,CELINAC,F,serbs,7314
2013,NUMBER,SAMAC,_T,serbs,12832
2013,NUMBER,SAMAC,M,serbs,6277
2013,NUMBER,SAMAC,F,serbs,6555
2013,NUMBER,SEKOVICI,_T,serbs,6187
2013,NUMBER,SEKOVICI,M,serbs,3038
2013,NUMBER,SEKOVICI,F,serbs,3149
2013,NUMBER,SIPOVO,_T,serbs,9302
2013,NUMBER,SIPOVO,M,serbs,4716
2013,NUMBER,SIPOVO,F,serbs,4586
2013,NUMBER,REPUBLIKA SRPSKA,_T,other,14641
2013,NUMBER,REPUBLIKA SRPSKA,M,other,7207
2013,NUMBER,REPUBLIKA SRPSKA,F,other,7434
2013,NUMBER,BANJA LUKA,_T,other,3324
2013,NUMBER,BANJA LUKA,M,other,1617
2013,NUMBER,BANJA LUKA,F,other,1707
2013,NUMBER,BERKOVICI,_T,other,1
2013,NUMBER,BERKOVICI,M,other,1
2013,NUMBER,BERKOVICI,F,other,0
2013,NUMBER,BIJELJINA,_T,other,1478
2013,NUMBER,BIJELJINA,M,other,717
2013,NUMBER,BIJELJINA,F,other,761
2013,NUMBER,BILECA,_T,other,72
2013,NUMBER,BILECA,M,other,38
2013,NUMBER,BILECA,F,other,34
2013,NUMBER,BRATUNAC,_T,other,79
2013,NUMBER,BRATUNAC,M,other,45
2013,NUMBER,BRATUNAC,F,other,34
2013,NUMBER,BROD,_T,other,151
2013,NUMBER,BROD,M,other,69
2013,NUMBER,BROD,F,other,82
2013,NUMBER,VISEGRAD,_T,other,53
2013,NUMBER,VISEGRAD,M,other,26
2013,NUMBER,VISEGRAD,F,other,27
2013,NUMBER,VLASENICA,_T,other,29
2013,NUMBER,VLASENICA,M,other,13
2013,NUMBER,VLASENICA,F,other,16
2013,NUMBER,VUKOSAVLJE,_T,other,146
2013,NUMBER,VUKOSAVLJE,M,other,81
2013,NUMBER,VUKOSAVLJE,F,other,65
2013,NUMBER,GACKO,_T,other,40
2013,NUMBER,GACKO,M,other,27
2013,NUMBER,GACKO,F,other,13
2013,NUMBER,GRADISKA,_T,other,970
2013,NUMBER,GRADISKA,M,other,468
2013,NUMBER,GRADISKA,F,other,502
2013,NUMBER,DERVENTA,_T,other,264
2013,NUMBER,DERVENTA,M,other,116
2013,NUMBER,DERVENTA,F,other,148
2013,NUMBER,DOBOJ,_T,other,949
2013,NUMBER,DOBOJ,M,other,486
2013,NUMBER,DOBOJ,F,other,463
2013,NUMBER,DONJI ZABAR,_T,other,9
2013,NUMBER,DONJI ZABAR,M,other,1
2013,NUMBER,DONJI ZABAR,F,other,8
2013,NUMBER,ZVORNIK,_T,other,120
2013,NUMBER,ZVORNIK,M,other,55
2013,NUMBER,ZVORNIK,F,other,65
2013,NUMBER,ISTOCNA ILIDZA,_T,other,96
2013,NUMBER,ISTOCNA ILIDZA,M,other,44
2013,NUMBER,ISTOCNA ILIDZA,F,other,52
2013,NUMBER,ISTOCNI DRVAR,_T,other,0
2013,NUMBER,ISTOCNI DRVAR,M,other,0
2013,NUMBER,ISTOCNI DRVAR,F,other,0
2013,NUMBER,ISTOCNI MOSTAR,_T,other,0
2013,NUMBER,ISTOCNI MOSTAR,M,other,0
2013,NUMBER,ISTOCNI MOSTAR,F,other,0
2013,NUMBER,ISTOCNI STARI GRAD,_T,other,7
2013,NUMBER,ISTOCNI STARI GRAD,M,other,5
2013,NUMBER,ISTOCNI STARI GRAD,F,other,2
2013,NUMBER,ISTOCNO NOVO SARAJEVO,_T,other,163
2013,NUMBER,ISTOCNO NOVO SARAJEVO,M,other,72
2013,NUMBER,ISTOCNO NOVO SARAJEVO,F,other,91
2013,NUMBER,JEZERO,_T,other,1
2013,NUMBER,JEZERO,M,other,1
2013,NUMBER,JEZERO,F,other,0
2013,NUMBER,KALINOVIK,_T,other,15
2013,NUMBER,KALINOVIK,M,other,8
2013,NUMBER,KALINOVIK,F,other,7
2013,NUMBER,KNEZEVO,_T,other,37
2013,NUMBER,KNEZEVO,M,other,21
2013,NUMBER,KNEZEVO,F,other,16
2013,NUMBER,KOZARSKA DUBICA,_T,other,219
2013,NUMBER,KOZARSKA DUBICA,M,other,102
2013,NUMBER,KOZARSKA DUBICA,F,other,117
2013,NUMBER,KOSTAJNICA,_T,other,42
2013,NUMBER,KOSTAJNICA,M,other,20
2013,NUMBER,KOSTAJNICA,F,other,22
2013,NUMBER,KOTOR VAROS,_T,other,129
2013,NUMBER,KOTOR VAROS,M,other,63
2013,NUMBER,KOTOR VAROS,F,other,66
2013,NUMBER,KRUPA NA UNI,_T,other,0
2013,NUMBER,KRUPA NA UNI,M,other,0
2013,NUMBER,KRUPA NA UNI,F,other,0
2013,NUMBER,KUPRES,_T,other,0
2013,NUMBER,KUPRES,M,other,0
2013,NUMBER,KUPRES,F,other,0
2013,NUMBER,LAKTASI,_T,other,562
2013,NUMBER,LAKTASI,M,other,285
2013,NUMBER,LAKTASI,F,other,277
2013,NUMBER,LOPARE,_T,other,31
2013,NUMBER,LOPARE,M,other,16
2013,NUMBER,LOPARE,F,other,15
2013,NUMBER,LJUBINJE,_T,other,13
2013,NUMBER,LJUBINJE,M,other,7
2013,NUMBER,LJUBINJE,F,other,6
2013,NUMBER,MILICI,_T,other,19
2013,NUMBER,MILICI,M,other,7
2013,NUMBER,MILICI,F,other,12
2013,NUMBER,MODRICA,_T,other,412
2013,NUMBER,MODRICA,M,other,207
2013,NUMBER,MODRICA,F,other,205
2013,NUMBER,MRKONJIC GRAD,_T,other,37
2013,NUMBER,MRKONJIC GRAD,M,other,17
2013,NUMBER,MRKONJIC GRAD,F,other,20
2013,NUMBER,NEVESINJE,_T,other,18
2013,NUMBER,NEVESINJE,M,other,5
2013,NUMBER,NEVESINJE,F,other,13
2013,NUMBER,NOVI GRAD,_T,other,200
2013,NUMBER,NOVI GRAD,M,other,100
2013,NUMBER,NOVI GRAD,F,other,100
2013,NUMBER,NOVO GORAZDE,_T,other,22
2013,NUMBER,NOVO GORAZDE,M,other,11
2013,NUMBER,NOVO GORAZDE,F,other,11
2013,NUMBER,OSMACI,_T,other,5
2013,NUMBER,OSMACI,M,other,2
2013,NUMBER,OSMACI,F,other,3
2013,NUMBER,OSTRA LUKA,_T,other,8
2013,NUMBER,OSTRA LUKA,M,other,3
2013,NUMBER,OSTRA LUKA,F,other,5
2013,NUMBER,PALE,_T,other,70
2013,NUMBER,PALE,M,other,31
2013,NUMBER,PALE,F,other,39
2013,NUMBER,PELAGICEVO,_T,other,9
2013,NUMBER,PELAGICEVO,M,other,4
2013,NUMBER,PELAGICEVO,F,other,5
2013,NUMBER,PETROVAC,_T,other,3
2013,NUMBER,PETROVAC,M,other,1
2013,NUMBER,PETROVAC,F,other,2
2013,NUMBER,PETROVO,_T,other,30
2013,NUMBER,PETROVO,M,other,19
2013,NUMBER,PETROVO,F,other,11
2013,NUMBER,PRIJEDOR,_T,other,1495
2013,NUMBER,PRIJEDOR,M,other,712
2013,NUMBER,PRIJEDOR,F,other,783
2013,NUMBER,PRNJAVOR,_T,other,1452
2013,NUMBER,PRNJAVOR,M,other,738
2013,NUMBER,PRNJAVOR,F,other,714
2013,NUMBER,RIBNIK,_T,other,11
2013,NUMBER,RIBNIK,M,other,3
2013,NUMBER,RIBNIK,F,other,8
2013,NUMBER,ROGATICA,_T,other,41
2013,NUMBER,ROGATICA,M,other,20
2013,NUMBER,ROGATICA,F,other,21
2013,NUMBER,RUDO,_T,other,26
2013,NUMBER,RUDO,M,other,14
2013,NUMBER,RUDO,F,other,12
2013,NUMBER,SOKOLAC,_T,other,38
2013,NUMBER,SOKOLAC,M,other,19
2013,NUMBER,SOKOLAC,F,other,19
2013,NUMBER,SRBAC,_T,other,280
2013,NUMBER,SRBAC,M,other,146
2013,NUMBER,SRBAC,F,other,134
2013,NUMBER,SREBRENICA,_T,other,59
2013,NUMBER,SREBRENICA,M,other,34
2013,NUMBER,SREBRENICA,F,other,25
2013,NUMBER,TESLIC,_T,other,454
2013,NUMBER,TESLIC,M,other,222
2013,NUMBER,TESLIC,F,other,232
2013,NUMBER,TREBINJE,_T,other,398
2013,NUMBER,TREBINJE,M,other,204
2013,NUMBER,TREBINJE,F,other,194
2013,NUMBER,TRNOVO,_T,other,10
2013,NUMBER,TRNOVO,M,other,7
2013,NUMBER,TRNOVO,F,other,3
2013,NUMBER,UGLJEVIK,_T,other,36
2013,NUMBER,UGLJEVIK,M,other,17
2013,NUMBER,UGLJEVIK,F,other,19
2013,NUMBER,FOCA,_T,other,160
2013,NUMBER,FOCA,M,other,90
2013,NUMBER,FOCA,F,other,70
2013,NUMBER,HAN PIJESAK,_T,other,21
2013,NUMBER,HAN PIJESAK,M,other,14
2013,NUMBER,HAN PIJESAK,F,other,7
2013,NUMBER,CAJNICE,_T,other,24
2013,NUMBER,CAJNICE,M,other,13
2013,NUMBER,CAJNICE,F,other,11
2013,NUMBER,CELINAC,_T,other,122
2013,NUMBER,CELINAC,M,other,55
2013,NUMBER,CELINAC,F,other,67
2013,NUMBER,SAMAC,_T,other,135
2013,NUMBER,SAMAC,M,other,67
2013,NUMBER,SAMAC,F,other,68
2013,NUMBER,SEKOVICI,_T,other,12
2013,NUMBER,SEKOVICI,M,other,7
2013,NUMBER,SEKOVICI,F,other,5
2013,NUMBER,SIPOVO,_T,other,34
2013,NUMBER,SIPOVO,M,other,14
2013,NUMBER,SIPOVO,F,other,20
2013,NUMBER,REPUBLIKA SRPSKA,_T,does_not_declare,7861
2013,NUMBER,REPUBLIKA SRPSKA,M,does_not_declare,3202
2013,NUMBER,REPUBLIKA SRPSKA,F,does_not_declare,4659
2013,NUMBER,BANJA LUKA,_T,does_not_declare,2641
2013,NUMBER,BANJA LUKA,M,does_not_declare,1044
2013,NUMBER,BANJA LUKA,F,does_not_declare,1597
2013,NUMBER,BERKOVICI,_T,does_not_declare,0
2013,NUMBER,BERKOVICI,M,does_not_declare,0
2013,NUMBER,BERKOVICI,F,does_not_declare,0
2013,NUMBER,BIJELJINA,_T,does_not_declare,654
2013,NUMBER,BIJELJINA,M,does_not_declare,272
2013,NUMBER,BIJELJINA,F,does_not_declare,382
2013,NUMBER,BILECA,_T,does_not_declare,30
2013,NUMBER,BILECA,M,does_not_declare,10
2013,NUMBER,BILECA,F,does_not_declare,20
2013,NUMBER,BRATUNAC,_T,does_not_declare,22
2013,NUMBER,BRATUNAC,M,does_not_declare,11
2013,NUMBER,BRATUNAC,F,does_not_declare,11
2013,NUMBER,BROD,_T,does_not_declare,142
2013,NUMBER,BROD,M,does_not_declare,50
2013,NUMBER,BROD,F,does_not_declare,92
2013,NUMBER,VISEGRAD,_T,does_not_declare,19
2013,NUMBER,VISEGRAD,M,does_not_declare,10
2013,NUMBER,VISEGRAD,F,does_not_declare,9
2013,NUMBER,VLASENICA,_T,does_not_declare,20
2013,NUMBER,VLASENICA,M,does_not_declare,11
2013,NUMBER,VLASENICA,F,does_not_declare,9
2013,NUMBER,VUKOSAVLJE,_T,does_not_declare,32
2013,NUMBER,VUKOSAVLJE,M,does_not_declare,15
2013,NUMBER,VUKOSAVLJE,F,does_not_declare,17
2013,NUMBER,GACKO,_T,does_not_declare,3
2013,NUMBER,GACKO,M,does_not_declare,0
2013,NUMBER,GACKO,F,does_not_declare,3
2013,NUMBER,GRADISKA,_T,does_not_declare,411
2013,NUMBER,GRADISKA,M,does_not_declare,174
2013,NUMBER,GRADISKA,F,does_not_declare,237
2013,NUMBER,DERVENTA,_T,does_not_declare,242
2013,NUMBER,DERVENTA,M,does_not_declare,113
2013,NUMBER,DERVENTA,F,does_not_declare,129
2013,NUMBER,DOBOJ,_T,does_not_declare,467
2013,NUMBER,DOBOJ,M,does_not_declare,198
2013,NUMBER,DOBOJ,F,does_not_declare,269
2013,NUMBER,DONJI ZABAR,_T,does_not_declare,5
2013,NUMBER,DONJI ZABAR,M,does_not_declare,2
2013,NUMBER,DONJI ZABAR,F,does_not_declare,3
2013,NUMBER,ZVORNIK,_T,does_not_declare,70
2013,NUMBER,ZVORNIK,M,does_not_declare,31
2013,NUMBER,ZVORNIK,F,does_not_declare,39
2013,NUMBER,ISTOCNA ILIDZA,_T,does_not_declare,96
2013,NUMBER,ISTOCNA ILIDZA,M,does_not_declare,38
2013,NUMBER,ISTOCNA ILIDZA,F,does_not_declare,58
2013,NUMBER,ISTOCNI DRVAR,_T,does_not_declare,0
2013,NUMBER,ISTOCNI DRVAR,M,does_not_declare,0
2013,NUMBER,ISTOCNI DRVAR,F,does_not_declare,0
2013,NUMBER,ISTOCNI MOSTAR,_T,does_not_declare,0
2013,NUMBER,ISTOCNI MOSTAR,M,does_not_declare,0
2013,NUMBER,ISTOCNI MOSTAR,F,does_not_declare,0
2013,NUMBER,ISTOCNI STARI GRAD,_T,does_not_declare,2
2013,NUMBER,ISTOCNI STARI GRAD,M,does_not_declare,0
2013,NUMBER,ISTOCNI STARI GRAD,F,does_not_declare,2
2013,NUMBER,ISTOCNO NOVO SARAJEVO,_T,does_not_declare,61
2013,NUMBER,ISTOCNO NOVO SARAJEVO,M,does_not_declare,26
2013,NUMBER,ISTOCNO NOVO SARAJEVO,F,does_not_declare,35
2013,NUMBER,JEZERO,_T,does_not_declare,1
2013,NUMBER,JEZERO,M,does_not_declare,0
2013,NUMBER,JEZERO,F,does_not_declare,1
2013,NUMBER,KALINOVIK,_T,does_not_declare,1
2013,NUMBER,KALINOVIK,M,does_not_declare,1
2013,NUMBER,KALINOVIK,F,does_not_declare,0
2013,NUMBER,KNEZEVO,_T,does_not_declare,4
2013,NUMBER,KNEZEVO,M,does_not_declare,3
2013,NUMBER,KNEZEVO,F,does_not_declare,1
2013,NUMBER,KOZARSKA DUBICA,_T,does_not_declare,162
2013,NUMBER,KOZARSKA DUBICA,M,does_not_declare,63
2013,NUMBER,KOZARSKA DUBICA,F,does_not_declare,99
2013,NUMBER,KOSTAJNICA,_T,does_not_declare,66
2013,NUMBER,KOSTAJNICA,M,does_not_declare,28
2013,NUMBER,KOSTAJNICA,F,does_not_declare,38
2013,NUMBER,KOTOR VAROS,_T,does_not_declare,115
2013,NUMBER,KOTOR VAROS,M,does_not_declare,42
2013,NUMBER,KOTOR VAROS,F,does_not_declare,73
2013,NUMBER,KRUPA NA UNI,_T,does_not_declare,0
2013,NUMBER,KRUPA NA UNI,M,does_not_declare,0
2013,NUMBER,KRUPA NA UNI,F,does_not_declare,0
2013,NUMBER,KUPRES,_T,does_not_declare,1
2013,NUMBER,KUPRES,M,does_not_declare,1
2013,NUMBER,KUPRES,F,does_not_declare,0
2013,NUMBER,LAKTASI,_T,does_not_declare,237
2013,NUMBER,LAKTASI,M,does_not_declare,103
2013,NUMBER,LAKTASI,F,does_not_declare,134
2013,NUMBER,LOPARE,_T,does_not_declare,23
2013,NUMBER,LOPARE,M,does_not_declare,5
2013,NUMBER,LOPARE,F,does_not_declare,18
2013,NUMBER,LJUBINJE,_T,does_not_declare,5
2013,NUMBER,LJUBINJE,M,does_not_declare,2
2013,NUMBER,LJUBINJE,F,does_not_declare,3
2013,NUMBER,MILICI,_T,does_not_declare,7
2013,NUMBER,MILICI,M,does_not_declare,3
2013,NUMBER,MILICI,F,does_not_declare,4
2013,NUMBER,MODRICA,_T,does_not_declare,156
2013,NUMBER,MODRICA,M,does_not_declare,63
2013,NUMBER,MODRICA,F,does_not_declare,93
2013,NUMBER,MRKONJIC GRAD,_T,does_not_declare,35
2013,NUMBER,MRKONJIC GRAD,M,does_not_declare,19
2013,NUMBER,MRKONJIC GRAD,F,does_not_declare,16
2013,NUMBER,NEVESINJE,_T,does_not_declare,18
2013,NUMBER,NEVESINJE,M,does_not_declare,8
2013,NUMBER,NEVESINJE,F,does_not_declare,10
2013,NUMBER,NOVI GRAD,_T,does_not_declare,137
2013,NUMBER,NOVI GRAD,M,does_not_declare,56
2013,NUMBER,NOVI GRAD,F,does_not_declare,81
2013,NUMBER,NOVO GORAZDE,_T,does_not_declare,6
2013,NUMBER,NOVO GORAZDE,M,does_not_declare,3
2013,NUMBER,NOVO GORAZDE,F,does_not_declare,3
2013,NUMBER,OSMACI,_T,does_not_declare,5
2013,NUMBER,OSMACI,M,does_not_declare,3
2013,NUMBER,OSMACI,F,does_not_declare,2
2013,NUMBER,OSTRA LUKA,_T,does_not_declare,12
2013,NUMBER,OSTRA LUKA,M,does_not_declare,4
2013,NUMBER,OSTRA LUKA,F,does_not_declare,8
2013,NUMBER,PALE,_T,does_not_declare,53
2013,NUMBER,PALE,M,does_not_declare,20
2013,NUMBER,PALE,F,does_not_declare,33
2013,NUMBER,PELAGICEVO,_T,does_not_declare,3
2013,NUMBER,PELAGICEVO,M,does_not_declare,1
2013,NUMBER,PELAGICEVO,F,does_not_declare,2
2013,NUMBER,PETROVAC,_T,does_not_declare,0
2013,NUMBER,PETROVAC,M,does_not_declare,0
2013,NUMBER,PETROVAC,F,does_not_declare,0
2013,NUMBER,PETROVO,_T,does_not_declare,21
2013,NUMBER,PETROVO,M,does_not_declare,10
2013,NUMBER,PETROVO,F,does_not_declare,11
2013,NUMBER,PRIJEDOR,_T,does_not_declare,718
2013,NUMBER,PRIJEDOR,M,does_not_declare,267
2013,NUMBER,PRIJEDOR,F,does_not_declare,451
2013,NUMBER,PRNJAVOR,_T,does_not_declare,225
2013,NUMBER,PRNJAVOR,M,does_not_declare,96
2013,NUMBER,PRNJAVOR,F,does_not_declare,129
2013,NUMBER,RIBNIK,_T,does_not_declare,2
2013,NUMBER,RIBNIK,M,does_not_declare,0
2013,NUMBER,RIBNIK,F,does_not_declare,2
2013,NUMBER,ROGATICA,_T,does_not_declare,12
2013,NUMBER,ROGATICA,M,does_not_declare,7
2013,NUMBER,ROGATICA,F,does_not_declare,5
2013,NUMBER,RUDO,_T,does_not_declare,5
2013,NUMBER,RUDO,M,does_not_declare,3
2013,NUMBER,RUDO,F,does_not_declare,2
2013,NUMBER,SOKOLAC,_T,does_not_declare,13
2013,NUMBER,SOKOLAC,M,does_not_declare,5
2013,NUMBER,SOKOLAC,F,does_not_declare,8
2013,NUMBER,SRBAC,_T,does_not_declare,89
2013,NUMBER,SRBAC,M,does_not_declare,45
2013,NUMBER,SRBAC,F,does_not_declare,44
2013,NUMBER,SREBRENICA,_T,does_not_declare,22
2013,NUMBER,SREBRENICA,M,does_not_declare,10
2013,NUMBER,SREBRENICA,F,does_not_declare,12
2013,NUMBER,TESLIC,_T,does_not_declare,339
2013,NUMBER,TESLIC,M,does_not_declare,136
2013,NUMBER,TESLIC,F,does_not_declare,203
2013,NUMBER,TREBINJE,_T,does_not_declare,180
2013,NUMBER,TREBINJE,M,does_not_declare,77
2013,NUMBER,TREBINJE,F,does_not_declare,103
2013,NUMBER,TRNOVO,_T,does_not_declare,9
2013,NUMBER,TRNOVO,M,does_not_declare,4
2013,NUMBER,TRNOVO,F,does_not_declare,5
2013,NUMBER,UGLJEVIK,_T,does_not_declare,21
2013,NUMBER,UGLJEVIK,M,does_not_declare,10
2013,NUMBER,UGLJEVIK,F,does_not_declare,11
2013,NUMBER,FOCA,_T,does_not_declare,30
2013,NUMBER,FOCA,M,does_not_declare,10
2013,NUMBER,FOCA,F,does_not_declare,20
2013,NUMBER,HAN PIJESAK,_T,does_not_declare,3
2013,NUMBER,HAN PIJESAK,M,does_not_declare,1
2013,NUMBER,HAN PIJESAK,F,does_not_declare,2
2013,NUMBER,CAJNICE,_T,does_not_declare,3
2013,NUMBER,CAJNICE,M,does_not_declare,1
2013,NUMBER,CAJNICE,F,does_not_declare,2
2013,NUMBER,CELINAC,_T,does_not_declare,35
2013,NUMBER,CELINAC,M,does_not_declare,16
2013,NUMBER,CELINAC,F,does_not_declare,19
2013,NUMBER,SAMAC,_T,does_not_declare,141
2013,NUMBER,SAMAC,M,does_not_declare,57
2013,NUMBER,SAMAC,F,does_not_declare,84
2013,NUMBER,SEKOVICI,_T,does_not_declare,5
2013,NUMBER,SEKOVICI,M,does_not_declare,2
2013,NUMBER,SEKOVICI,F,does_not_declare,3
2013,NUMBER,SIPOVO,_T,does_not_declare,24
2013,NUMBER,SIPOVO,M,does_not_declare,12
2013,NUMBER,SIPOVO,F,does_not_declare,12
2013,NUMBER,REPUBLIKA SRPSKA,_T,unknown,1997
2013,NUMBER,REPUBLIKA SRPSKA,M,unknown,916
2013,NUMBER,REPUBLIKA SRPSKA,F,unknown,1081
2013,NUMBER,BANJA LUKA,_T,unknown,328
2013,NUMBER,BANJA LUKA,M,unknown,153
2013,NUMBER,BANJA LUKA,F,unknown,175
2013,NUMBER,BERKOVICI,_T,unknown,1
2013,NUMBER,BERKOVICI,M,unknown,0
2013,NUMBER,BERKOVICI,F,unknown,1
2013,NUMBER,BIJELJINA,_T,unknown,90
2013,NUMBER,BIJELJINA,M,unknown,37
2013,NUMBER,BIJELJINA,F,unknown,53
2013,NUMBER,BILECA,_T,unknown,11
2013,NUMBER,BILECA,M,unknown,4
2013,NUMBER,BILECA,F,unknown,7
2013,NUMBER,BRATUNAC,_T,unknown,35
2013,NUMBER,BRATUNAC,M,unknown,16
2013,NUMBER,BRATUNAC,F,unknown,19
2013,NUMBER,BROD,_T,unknown,29
2013,NUMBER,BROD,M,unknown,12
2013,NUMBER,BROD,F,unknown,17
2013,NUMBER,VISEGRAD,_T,unknown,177
2013,NUMBER,VISEGRAD,M,unknown,2
2013,NUMBER,VISEGRAD,F,unknown,175
2013,NUMBER,VLASENICA,_T,unknown,29
2013,NUMBER,VLASENICA,M,unknown,13
2013,NUMBER,VLASENICA,F,unknown,16
2013,NUMBER,VUKOSAVLJE,_T,unknown,14
2013,NUMBER,VUKOSAVLJE,M,unknown,3
2013,NUMBER,VUKOSAVLJE,F,unknown,11
2013,NUMBER,GACKO,_T,unknown,6
2013,NUMBER,GACKO,M,unknown,1
2013,NUMBER,GACKO,F,unknown,5
2013,NUMBER,GRADISKA,_T,unknown,42
2013,NUMBER,GRADISKA,M,unknown,19
2013,NUMBER,GRADISKA,F,unknown,23
2013,NUMBER,DERVENTA,_T,unknown,54
2013,NUMBER,DERVENTA,M,unknown,24
2013,NUMBER,DERVENTA,F,unknown,30
2013,NUMBER,DOBOJ,_T,unknown,163
2013,NUMBER,DOBOJ,M,unknown,61
2013,NUMBER,DOBOJ,F,unknown,102
2013,NUMBER,DONJI ZABAR,_T,unknown,2
2013,NUMBER,DONJI ZABAR,M,unknown,1
2013,NUMBER,DONJI ZABAR,F,unknown,1
2013,NUMBER,ZVORNIK,_T,unknown,97
2013,NUMBER,ZVORNIK,M,unknown,42
2013,NUMBER,ZVORNIK,F,unknown,55
2013,NUMBER,ISTOCNA ILIDZA,_T,unknown,10
2013,NUMBER,ISTOCNA ILIDZA,M,unknown,5
2013,NUMBER,ISTOCNA ILIDZA,F,unknown,5
2013,NUMBER,ISTOCNI DRVAR,_T,unknown,0
2013,NUMBER,ISTOCNI DRVAR,M,unknown,0
2013,NUMBER,ISTOCNI DRVAR,F,unknown,0
2013,NUMBER,ISTOCNI MOSTAR,_T,unknown,2
2013,NUMBER,ISTOCNI MOSTAR,M,unknown,1
2013,NUMBER,ISTOCNI MOSTAR,F,unknown,1
2013,NUMBER,ISTOCNI STARI GRAD,_T,unknown,1
2013,NUMBER,ISTOCNI STARI GRAD,M,unknown,1
2013,NUMBER,ISTOCNI STARI GRAD,F,unknown,0
2013,NUMBER,ISTOCNO NOVO SARAJEVO,_T,unknown,3
2013,NUMBER,ISTOCNO NOVO SARAJEVO,M,unknown,0
2013,NUMBER,ISTOCNO NOVO SARAJEVO,F,unknown,3
2013,NUMBER,JEZERO,_T,unknown,1
2013,NUMBER,JEZERO,M,unknown,1
2013,NUMBER,JEZERO,F,unknown,0
2013,NUMBER,KALINOVIK,_T,unknown,0
2013,NUMBER,KALINOVIK,M,unknown,0
2013,NUMBER,KALINOVIK,F,unknown,0
2013,NUMBER,KNEZEVO,_T,unknown,4
2013,NUMBER,KNEZEVO,M,unknown,3
2013,NUMBER,KNEZEVO,F,unknown,1
2013,NUMBER,KOZARSKA DUBICA,_T,unknown,12
2013,NUMBER,KOZARSKA DUBICA,M,unknown,5
2013,NUMBER,KOZARSKA DUBICA,F,unknown,7
2013,NUMBER,KOSTAJNICA,_T,unknown,2
2013,NUMBER,KOSTAJNICA,M,unknown,0
2013,NUMBER,KOSTAJNICA,F,unknown,2
2013,NUMBER,KOTOR VAROS,_T,unknown,19
2013,NUMBER,KOTOR VAROS,M,unknown,14
2013,NUMBER,KOTOR VAROS,F,unknown,5
2013,NUMBER,KRUPA NA UNI,_T,unknown,0
2013,NUMBER,KRUPA NA UNI,M,unknown,0
2013,NUMBER,KRUPA NA UNI,F,unknown,0
2013,NUMBER,KUPRES,_T,unknown,0
2013,NUMBER,KUPRES,M,unknown,0
2013,NUMBER,KUPRES,F,unknown,0
2013,NUMBER,LAKTASI,_T,unknown,46
2013,NUMBER,LAKTASI,M,unknown,20
2013,NUMBER,LAKTASI,F,unknown,26
2013,NUMBER,LOPARE,_T,unknown,10
2013,NUMBER,LOPARE,M,unknown,6
2013,NUMBER,LOPARE,F,unknown,4
2013,NUMBER,LJUBINJE,_T,unknown,2
2013,NUMBER,LJUBINJE,M,unknown,1
2013,NUMBER,LJUBINJE,F,unknown,1
2013,NUMBER,MILICI,_T,unknown,8
2013,NUMBER,MILICI,M,unknown,3
2013,NUMBER,MILICI,F,unknown,5
2013,NUMBER,MODRICA,_T,unknown,116
2013,NUMBER,MODRICA,M,unknown,62
2013,NUMBER,MODRICA,F,unknown,54
2013,NUMBER,MRKONJIC GRAD,_T,unknown,12
2013,NUMBER,MRKONJIC GRAD,M,unknown,6
2013,NUMBER,MRKONJIC GRAD,F,unknown,6
2013,NUMBER,NEVESINJE,_T,unknown,7
2013,NUMBER,NEVESINJE,M,unknown,2
2013,NUMBER,NEVESINJE,F,unknown,5
2013,NUMBER,NOVI GRAD,_T,unknown,24
2013,NUMBER,NOVI GRAD,M,unknown,13
2013,NUMBER,NOVI GRAD,F,unknown,11
2013,NUMBER,NOVO GORAZDE,_T,unknown,7
2013,NUMBER,NOVO GORAZDE,M,unknown,2
2013,NUMBER,NOVO GORAZDE,F,unknown,5
2013,NUMBER,OSMACI,_T,unknown,4
2013,NUMBER,OSMACI,M,unknown,2
2013,NUMBER,OSMACI,F,unknown,2
2013,NUMBER,OSTRA LUKA,_T,unknown,3
2013,NUMBER,OSTRA LUKA,M,unknown,2
2013,NUMBER,OSTRA LUKA,F,unknown,1
2013,NUMBER,PALE,_T,unknown,13
2013,NUMBER,PALE,M,unknown,9
2013,NUMBER,PALE,F,unknown,4
2013,NUMBER,PELAGICEVO,_T,unknown,5
2013,NUMBER,PELAGICEVO,M,unknown,1
2013,NUMBER,PELAGICEVO,F,unknown,4
2013,NUMBER,PETROVAC,_T,unknown,0
2013,NUMBER,PETROVAC,M,unknown,0
2013,NUMBER,PETROVAC,F,unknown,0
2013,NUMBER,PETROVO,_T,unknown,4
2013,NUMBER,PETROVO,M,unknown,2
2013,NUMBER,PETROVO,F,unknown,2
2013,NUMBER,PRIJEDOR,_T,unknown,369
2013,NUMBER,PRIJEDOR,M,unknown,257
2013,NUMBER,PRIJEDOR,F,unknown,112
2013,NUMBER,PRNJAVOR,_T,unknown,30
2013,NUMBER,PRNJAVOR,M,unknown,10
2013,NUMBER,PRNJAVOR,F,unknown,20
2013,NUMBER,RIBNIK,_T,unknown,2
2013,NUMBER,RIBNIK,M,unknown,2
2013,NUMBER,RIBNIK,F,unknown,0
2013,NUMBER,ROGATICA,_T,unknown,5
2013,NUMBER,ROGATICA,M,unknown,2
2013,NUMBER,ROGATICA,F,unknown,3
2013,NUMBER,RUDO,_T,unknown,3
2013,NUMBER,RUDO,M,unknown,0
2013,NUMBER,RUDO,F,unknown,3
2013,NUMBER,SOKOLAC,_T,unknown,18
2013,NUMBER,SOKOLAC,M,unknown,5
2013,NUMBER,SOKOLAC,F,unknown,13
2013,NUMBER,SRBAC,_T,unknown,29
2013,NUMBER,SRBAC,M,unknown,11
2013,NUMBER,SRBAC,F,unknown,18
2013,NUMBER,SREBRENICA,_T,unknown,14
2013,NUMBER,SREBRENICA,M,unknown,8
2013,NUMBER,SREBRENICA,F,unknown,6
2013,NUMBER,TESLIC,_T,unknown,44
2013,NUMBER,TESLIC,M,unknown,23
2013,NUMBER,TESLIC,F,unknown,21
2013,NUMBER,TREBINJE,_T,unknown,19
2013,NUMBER,TREBINJE,M,unknown,11
2013,NUMBER,TREBINJE,F,unknown,8
2013,NUMBER,TRNOVO,_T,unknown,0
2013,NUMBER,TRNOVO,M,unknown,0
2013,NUMBER,TRNOVO,F,unknown,0
2013,NUMBER,UGLJEVIK,_T,unknown,13
2013,NUMBER,UGLJEVIK,M,unknown,11
2013,NUMBER,UGLJEVIK,F,unknown,2
2013,NUMBER,FOCA,_T,unknown,12
2013,NUMBER,FOCA,M,unknown,5
2013,NUMBER,FOCA,F,unknown,7
2013,NUMBER,HAN PIJESAK,_T,unknown,0
2013,NUMBER,HAN PIJESAK,M,unknown,0
2013,NUMBER,HAN PIJESAK,F,unknown,0
2013,NUMBER,CAJNICE,_T,unknown,5
2013,NUMBER,CAJNICE,M,unknown,2
2013,NUMBER,CAJNICE,F,unknown,3
2013,NUMBER,CELINAC,_T,unknown,9
2013,NUMBER,CELINAC,M,unknown,4
2013,NUMBER,CELINAC,F,unknown,5
2013,NUMBER,SAMAC,_T,unknown,19
2013,NUMBER,SAMAC,M,unknown,10
2013,NUMBER,SAMAC,F,unknown,9
2013,NUMBER,SEKOVICI,_T,unknown,8
2013,NUMBER,SEKOVICI,M,unknown,3
2013,NUMBER,SEKOVICI,F,unknown,5
2013,NUMBER,SIPOVO,_T,unknown,5
2013,NUMBER,SIPOVO,M,unknown,3
2013,NUMBER,SIPOVO,F,unknown,2
