Year,UNIT_MEASURE,ADMIN_AREA,SEX,Nationality,Value
2013,NUMBER,republika_srpska,_T,_T,1170342
2013,NUMBER,republika_srpska,M,_T,571812
2013,NUMBER,republika_srpska,F,_T,598530
2013,NUMBER,grad_banja_luka,_T,_T,180053
2013,NUMBER,grad_banja_luka,M,_T,86510
2013,NUMBER,grad_banja_luka,F,_T,93543
2013,NUMBER,berkovici,_T,_T,2041
2013,NUMBER,berkovici,M,_T,1032
2013,NUMBER,berkovici,F,_T,1009
2013,NUMBER,grad_bijeljina,_T,_T,103874
2013,NUMBER,grad_bijeljina,M,_T,50760
2013,NUMBER,grad_bijeljina,F,_T,53114
2013,NUMBER,bileca,_T,_T,10607
2013,NUMBER,bileca,M,_T,5346
2013,NUMBER,bileca,F,_T,5261
2013,NUMBER,bratunac,_T,_T,18651
2013,NUMBER,bratunac,M,_T,9210
2013,NUMBER,bratunac,F,_T,9441
2013,NUMBER,brod,_T,_T,15720
2013,NUMBER,brod,M,_T,7670
2013,NUMBER,brod,F,_T,8050
2013,NUMBER,visegrad,_T,_T,10118
2013,NUMBER,visegrad,M,_T,4834
2013,NUMBER,visegrad,F,_T,5284
2013,NUMBER,vlasenica,_T,_T,10657
2013,NUMBER,vlasenica,M,_T,5193
2013,NUMBER,vlasenica,F,_T,5464
2013,NUMBER,vukosavlje,_T,_T,4363
2013,NUMBER,vukosavlje,M,_T,2185
2013,NUMBER,vukosavlje,F,_T,2178
2013,NUMBER,gacko,_T,_T,8710
2013,NUMBER,gacko,M,_T,4423
2013,NUMBER,gacko,F,_T,4287
2013,NUMBER,grad_gradiska,_T,_T,49196
2013,NUMBER,grad_gradiska,M,_T,23944
2013,NUMBER,grad_gradiska,F,_T,25252
2013,NUMBER,grad_derventa,_T,_T,25922
2013,NUMBER,grad_derventa,M,_T,12629
2013,NUMBER,grad_derventa,F,_T,13293
2013,NUMBER,grad_doboj,_T,_T,68514
2013,NUMBER,grad_doboj,M,_T,33222
2013,NUMBER,grad_doboj,F,_T,35292
2013,NUMBER,donji_zabar,_T,_T,3669
2013,NUMBER,donji_zabar,M,_T,1853
2013,NUMBER,donji_zabar,F,_T,1816
2013,NUMBER,grad_zvornik,_T,_T,54407
2013,NUMBER,grad_zvornik,M,_T,26803
2013,NUMBER,grad_zvornik,F,_T,27604
2013,NUMBER,istocna_ilidza,_T,_T,14437
2013,NUMBER,istocna_ilidza,M,_T,6905
2013,NUMBER,istocna_ilidza,F,_T,7532
2013,NUMBER,istocni_drvar,_T,_T,66
2013,NUMBER,istocni_drvar,M,_T,44
2013,NUMBER,istocni_drvar,F,_T,22
2013,NUMBER,istocni_mostar,_T,_T,244
2013,NUMBER,istocni_mostar,M,_T,138
2013,NUMBER,istocni_mostar,F,_T,106
2013,NUMBER,istocni_stari_grad,_T,_T,1116
2013,NUMBER,istocni_stari_grad,M,_T,552
2013,NUMBER,istocni_stari_grad,F,_T,564
2013,NUMBER,istocno_novo_sarajevo,_T,_T,10401
2013,NUMBER,istocno_novo_sarajevo,M,_T,4936
2013,NUMBER,istocno_novo_sarajevo,F,_T,5465
2013,NUMBER,jezero,_T,_T,1039
2013,NUMBER,jezero,M,_T,534
2013,NUMBER,jezero,F,_T,505
2013,NUMBER,kalinovik,_T,_T,1962
2013,NUMBER,kalinovik,M,_T,950
2013,NUMBER,kalinovik,F,_T,1012
2013,NUMBER,knezevo,_T,_T,9368
2013,NUMBER,knezevo,M,_T,4632
2013,NUMBER,knezevo,F,_T,4736
2013,NUMBER,kozarska_dubica,_T,_T,20681
2013,NUMBER,kozarska_dubica,M,_T,10094
2013,NUMBER,kozarska_dubica,F,_T,10587
2013,NUMBER,kostajnica,_T,_T,5645
2013,NUMBER,kostajnica,M,_T,2780
2013,NUMBER,kostajnica,F,_T,2865
2013,NUMBER,kotor_varos,_T,_T,18361
2013,NUMBER,kotor_varos,M,_T,9007
2013,NUMBER,kotor_varos,F,_T,9354
2013,NUMBER,krupa_na_uni,_T,_T,1560
2013,NUMBER,krupa_na_uni,M,_T,841
2013,NUMBER,krupa_na_uni,F,_T,719
2013,NUMBER,kupres,_T,_T,293
2013,NUMBER,kupres,M,_T,157
2013,NUMBER,kupres,F,_T,136
2013,NUMBER,laktasi,_T,_T,34210
2013,NUMBER,laktasi,M,_T,16905
2013,NUMBER,laktasi,F,_T,17305
2013,NUMBER,lopare,_T,_T,14689
2013,NUMBER,lopare,M,_T,7377
2013,NUMBER,lopare,F,_T,7312
2013,NUMBER,ljubinje,_T,_T,3319
2013,NUMBER,ljubinje,M,_T,1633
2013,NUMBER,ljubinje,F,_T,1686
2013,NUMBER,milici,_T,_T,10445
2013,NUMBER,milici,M,_T,5252
2013,NUMBER,milici,F,_T,5193
2013,NUMBER,modrica,_T,_T,24490
2013,NUMBER,modrica,M,_T,11969
2013,NUMBER,modrica,F,_T,12521
2013,NUMBER,mrkonjic_grad,_T,_T,15926
2013,NUMBER,mrkonjic_grad,M,_T,7660
2013,NUMBER,mrkonjic_grad,F,_T,8266
2013,NUMBER,nevesinje,_T,_T,12542
2013,NUMBER,nevesinje,M,_T,6236
2013,NUMBER,nevesinje,F,_T,6306
2013,NUMBER,novi_grad,_T,_T,25240
2013,NUMBER,novi_grad,M,_T,12580
2013,NUMBER,novi_grad,F,_T,12660
2013,NUMBER,novo_gorazde,_T,_T,2915
2013,NUMBER,novo_gorazde,M,_T,1500
2013,NUMBER,novo_gorazde,F,_T,1415
2013,NUMBER,osmaci,_T,_T,5546
2013,NUMBER,osmaci,M,_T,2779
2013,NUMBER,osmaci,F,_T,2767
2013,NUMBER,ostra_luka,_T,_T,2705
2013,NUMBER,ostra_luka,M,_T,1386
2013,NUMBER,ostra_luka,F,_T,1319
2013,NUMBER,pale,_T,_T,20359
2013,NUMBER,pale,M,_T,9744
2013,NUMBER,pale,F,_T,10615
2013,NUMBER,pelagicevo,_T,_T,4358
2013,NUMBER,pelagicevo,M,_T,2151
2013,NUMBER,pelagicevo,F,_T,2207
2013,NUMBER,petrovac,_T,_T,354
2013,NUMBER,petrovac,M,_T,169
2013,NUMBER,petrovac,F,_T,185
2013,NUMBER,petrovo,_T,_T,6317
2013,NUMBER,petrovo,M,_T,3043
2013,NUMBER,petrovo,F,_T,3274
2013,NUMBER,grad_prijedor,_T,_T,80916
2013,NUMBER,grad_prijedor,M,_T,39418
2013,NUMBER,grad_prijedor,F,_T,41498
2013,NUMBER,prnjavor,_T,_T,34357
2013,NUMBER,prnjavor,M,_T,16675
2013,NUMBER,prnjavor,F,_T,17682
2013,NUMBER,ribnik,_T,_T,5851
2013,NUMBER,ribnik,M,_T,2900
2013,NUMBER,ribnik,F,_T,2951
2013,NUMBER,rogatica,_T,_T,10302
2013,NUMBER,rogatica,M,_T,5053
2013,NUMBER,rogatica,F,_T,5249
2013,NUMBER,rudo,_T,_T,7578
2013,NUMBER,rudo,M,_T,3840
2013,NUMBER,rudo,F,_T,3738
2013,NUMBER,sokolac,_T,_T,11620
2013,NUMBER,sokolac,M,_T,5723
2013,NUMBER,sokolac,F,_T,5897
2013,NUMBER,srbac,_T,_T,16933
2013,NUMBER,srbac,M,_T,8295
2013,NUMBER,srbac,F,_T,8638
2013,NUMBER,srebrenica,_T,_T,11698
2013,NUMBER,srebrenica,M,_T,5714
2013,NUMBER,srebrenica,F,_T,5984
2013,NUMBER,teslic,_T,_T,37236
2013,NUMBER,teslic,M,_T,17894
2013,NUMBER,teslic,F,_T,19342
2013,NUMBER,grad_trebinje,_T,_T,28239
2013,NUMBER,grad_trebinje,M,_T,13760
2013,NUMBER,grad_trebinje,F,_T,14479
2013,NUMBER,trnovo,_T,_T,1983
2013,NUMBER,trnovo,M,_T,953
2013,NUMBER,trnovo,F,_T,1030
2013,NUMBER,ugljevik,_T,_T,15118
2013,NUMBER,ugljevik,M,_T,7626
2013,NUMBER,ugljevik,F,_T,7492
2013,NUMBER,foca,_T,_T,17580
2013,NUMBER,foca,M,_T,8880
2013,NUMBER,foca,F,_T,8700
2013,NUMBER,han_pijesak,_T,_T,3445
2013,NUMBER,han_pijesak,M,_T,1632
2013,NUMBER,han_pijesak,F,_T,1813
2013,NUMBER,cajnice,_T,_T,4679
2013,NUMBER,cajnice,M,_T,2347
2013,NUMBER,cajnice,F,_T,2332
2013,NUMBER,celinac,_T,_T,15117
2013,NUMBER,celinac,M,_T,7477
2013,NUMBER,celinac,F,_T,7640
2013,NUMBER,samac,_T,_T,16308
2013,NUMBER,samac,M,_T,7908
2013,NUMBER,samac,F,_T,8400
2013,NUMBER,sekovici,_T,_T,6323
2013,NUMBER,sekovici,M,_T,3103
2013,NUMBER,sekovici,F,_T,3220
2013,NUMBER,sipovo,_T,_T,9969
2013,NUMBER,sipovo,M,_T,5046
2013,NUMBER,sipovo,F,_T,4923
2013,NUMBER,republika_srpska,_T,bosniaks,148477
2013,NUMBER,republika_srpska,M,bosniaks,72148
2013,NUMBER,republika_srpska,F,bosniaks,76329
2013,NUMBER,grad_banja_luka,_T,bosniaks,6816
2013,NUMBER,grad_banja_luka,M,bosniaks,3108
2013,NUMBER,grad_banja_luka,F,bosniaks,3708
2013,NUMBER,berkovici,_T,bosniaks,155
2013,NUMBER,berkovici,M,bosniaks,87
2013,NUMBER,berkovici,F,bosniaks,68
2013,NUMBER,grad_bijeljina,_T,bosniaks,11680
2013,NUMBER,grad_bijeljina,M,bosniaks,5733
2013,NUMBER,grad_bijeljina,F,bosniaks,5947
2013,NUMBER,bileca,_T,bosniaks,26
2013,NUMBER,bileca,M,bosniaks,16
2013,NUMBER,bileca,F,bosniaks,10
2013,NUMBER,bratunac,_T,bosniaks,6588
2013,NUMBER,bratunac,M,bosniaks,3218
2013,NUMBER,bratunac,F,bosniaks,3370
2013,NUMBER,brod,_T,bosniaks,1312
2013,NUMBER,brod,M,bosniaks,640
2013,NUMBER,brod,F,bosniaks,672
2013,NUMBER,visegrad,_T,bosniaks,895
2013,NUMBER,visegrad,M,bosniaks,454
2013,NUMBER,visegrad,F,bosniaks,441
2013,NUMBER,vlasenica,_T,bosniaks,3360
2013,NUMBER,vlasenica,M,bosniaks,1646
2013,NUMBER,vlasenica,F,bosniaks,1714
2013,NUMBER,vukosavlje,_T,bosniaks,2025
2013,NUMBER,vukosavlje,M,bosniaks,1034
2013,NUMBER,vukosavlje,F,bosniaks,991
2013,NUMBER,gacko,_T,bosniaks,332
2013,NUMBER,gacko,M,bosniaks,179
2013,NUMBER,gacko,F,bosniaks,153
2013,NUMBER,grad_gradiska,_T,bosniaks,6266
2013,NUMBER,grad_gradiska,M,bosniaks,3047
2013,NUMBER,grad_gradiska,F,bosniaks,3219
2013,NUMBER,grad_derventa,_T,bosniaks,1686
2013,NUMBER,grad_derventa,M,bosniaks,812
2013,NUMBER,grad_derventa,F,bosniaks,874
2013,NUMBER,grad_doboj,_T,bosniaks,14417
2013,NUMBER,grad_doboj,M,bosniaks,6904
2013,NUMBER,grad_doboj,F,bosniaks,7513
2013,NUMBER,donji_zabar,_T,bosniaks,4
2013,NUMBER,donji_zabar,M,bosniaks,0
2013,NUMBER,donji_zabar,F,bosniaks,4
2013,NUMBER,grad_zvornik,_T,bosniaks,16775
2013,NUMBER,grad_zvornik,M,bosniaks,8206
2013,NUMBER,grad_zvornik,F,bosniaks,8569
2013,NUMBER,istocna_ilidza,_T,bosniaks,632
2013,NUMBER,istocna_ilidza,M,bosniaks,293
2013,NUMBER,istocna_ilidza,F,bosniaks,339
2013,NUMBER,istocni_drvar,_T,bosniaks,0
2013,NUMBER,istocni_drvar,M,bosniaks,0
2013,NUMBER,istocni_drvar,F,bosniaks,0
2013,NUMBER,istocni_mostar,_T,bosniaks,78
2013,NUMBER,istocni_mostar,M,bosniaks,45
2013,NUMBER,istocni_mostar,F,bosniaks,33
2013,NUMBER,istocni_stari_grad,_T,bosniaks,41
2013,NUMBER,istocni_stari_grad,M,bosniaks,25
2013,NUMBER,istocni_stari_grad,F,bosniaks,16
2013,NUMBER,istocno_novo_sarajevo,_T,bosniaks,44
2013,NUMBER,istocno_novo_sarajevo,M,bosniaks,14
2013,NUMBER,istocno_novo_sarajevo,F,bosniaks,30
2013,NUMBER,jezero,_T,bosniaks,251
2013,NUMBER,jezero,M,bosniaks,118
2013,NUMBER,jezero,F,bosniaks,133
2013,NUMBER,kalinovik,_T,bosniaks,43
2013,NUMBER,kalinovik,M,bosniaks,19
2013,NUMBER,kalinovik,F,bosniaks,24
2013,NUMBER,knezevo,_T,bosniaks,413
2013,NUMBER,knezevo,M,bosniaks,186
2013,NUMBER,knezevo,F,bosniaks,227
2013,NUMBER,kozarska_dubica,_T,bosniaks,1883
2013,NUMBER,kozarska_dubica,M,bosniaks,906
2013,NUMBER,kozarska_dubica,F,bosniaks,977
2013,NUMBER,kostajnica,_T,bosniaks,1276
2013,NUMBER,kostajnica,M,bosniaks,626
2013,NUMBER,kostajnica,F,bosniaks,650
2013,NUMBER,kotor_varos,_T,bosniaks,4516
2013,NUMBER,kotor_varos,M,bosniaks,2173
2013,NUMBER,kotor_varos,F,bosniaks,2343
2013,NUMBER,krupa_na_uni,_T,bosniaks,3
2013,NUMBER,krupa_na_uni,M,bosniaks,1
2013,NUMBER,krupa_na_uni,F,bosniaks,2
2013,NUMBER,kupres,_T,bosniaks,0
2013,NUMBER,kupres,M,bosniaks,0
2013,NUMBER,kupres,F,bosniaks,0
2013,NUMBER,laktasi,_T,bosniaks,104
2013,NUMBER,laktasi,M,bosniaks,47
2013,NUMBER,laktasi,F,bosniaks,57
2013,NUMBER,lopare,_T,bosniaks,1310
2013,NUMBER,lopare,M,bosniaks,646
2013,NUMBER,lopare,F,bosniaks,664
2013,NUMBER,ljubinje,_T,bosniaks,9
2013,NUMBER,ljubinje,M,bosniaks,5
2013,NUMBER,ljubinje,F,bosniaks,4
2013,NUMBER,milici,_T,bosniaks,3532
2013,NUMBER,milici,M,bosniaks,1746
2013,NUMBER,milici,F,bosniaks,1786
2013,NUMBER,modrica,_T,bosniaks,2880
2013,NUMBER,modrica,M,bosniaks,1364
2013,NUMBER,modrica,F,bosniaks,1516
2013,NUMBER,mrkonjic_grad,_T,bosniaks,354
2013,NUMBER,mrkonjic_grad,M,bosniaks,170
2013,NUMBER,mrkonjic_grad,F,bosniaks,184
2013,NUMBER,nevesinje,_T,bosniaks,508
2013,NUMBER,nevesinje,M,bosniaks,261
2013,NUMBER,nevesinje,F,bosniaks,247
2013,NUMBER,novi_grad,_T,bosniaks,5214
2013,NUMBER,novi_grad,M,bosniaks,2606
2013,NUMBER,novi_grad,F,bosniaks,2608
2013,NUMBER,novo_gorazde,_T,bosniaks,1317
2013,NUMBER,novo_gorazde,M,bosniaks,662
2013,NUMBER,novo_gorazde,F,bosniaks,655
2013,NUMBER,osmaci,_T,bosniaks,2673
2013,NUMBER,osmaci,M,bosniaks,1321
2013,NUMBER,osmaci,F,bosniaks,1352
2013,NUMBER,ostra_luka,_T,bosniaks,23
2013,NUMBER,ostra_luka,M,bosniaks,7
2013,NUMBER,ostra_luka,F,bosniaks,16
2013,NUMBER,pale,_T,bosniaks,165
2013,NUMBER,pale,M,bosniaks,86
2013,NUMBER,pale,F,bosniaks,79
2013,NUMBER,pelagicevo,_T,bosniaks,13
2013,NUMBER,pelagicevo,M,bosniaks,2
2013,NUMBER,pelagicevo,F,bosniaks,11
2013,NUMBER,petrovac,_T,bosniaks,0
2013,NUMBER,petrovac,M,bosniaks,0
2013,NUMBER,petrovac,F,bosniaks,0
2013,NUMBER,petrovo,_T,bosniaks,6
2013,NUMBER,petrovo,M,bosniaks,2
2013,NUMBER,petrovo,F,bosniaks,4
2013,NUMBER,grad_prijedor,_T,bosniaks,22303
2013,NUMBER,grad_prijedor,M,bosniaks,10669
2013,NUMBER,grad_prijedor,F,bosniaks,11634
2013,NUMBER,prnjavor,_T,bosniaks,2749
2013,NUMBER,prnjavor,M,bosniaks,1329
2013,NUMBER,prnjavor,F,bosniaks,1420
2013,NUMBER,ribnik,_T,bosniaks,0
2013,NUMBER,ribnik,M,bosniaks,0
2013,NUMBER,ribnik,F,bosniaks,0
2013,NUMBER,rogatica,_T,bosniaks,1009
2013,NUMBER,rogatica,M,bosniaks,520
2013,NUMBER,rogatica,F,bosniaks,489
2013,NUMBER,rudo,_T,bosniaks,574
2013,NUMBER,rudo,M,bosniaks,300
2013,NUMBER,rudo,F,bosniaks,274
2013,NUMBER,sokolac,_T,bosniaks,629
2013,NUMBER,sokolac,M,bosniaks,329
2013,NUMBER,sokolac,F,bosniaks,300
2013,NUMBER,srbac,_T,bosniaks,394
2013,NUMBER,srbac,M,bosniaks,184
2013,NUMBER,srbac,F,bosniaks,210
2013,NUMBER,srebrenica,_T,bosniaks,6122
2013,NUMBER,srebrenica,M,bosniaks,2913
2013,NUMBER,srebrenica,F,bosniaks,3209
2013,NUMBER,teslic,_T,bosniaks,6887
2013,NUMBER,teslic,M,bosniaks,3387
2013,NUMBER,teslic,F,bosniaks,3500
2013,NUMBER,grad_trebinje,_T,bosniaks,863
2013,NUMBER,grad_trebinje,M,bosniaks,426
2013,NUMBER,grad_trebinje,F,bosniaks,437
2013,NUMBER,trnovo,_T,bosniaks,818
2013,NUMBER,trnovo,M,bosniaks,405
2013,NUMBER,trnovo,F,bosniaks,413
2013,NUMBER,ugljevik,_T,bosniaks,1999
2013,NUMBER,ugljevik,M,bosniaks,974
2013,NUMBER,ugljevik,F,bosniaks,1025
2013,NUMBER,foca,_T,bosniaks,1169
2013,NUMBER,foca,M,bosniaks,626
2013,NUMBER,foca,F,bosniaks,543
2013,NUMBER,han_pijesak,_T,bosniaks,420
2013,NUMBER,han_pijesak,M,bosniaks,204
2013,NUMBER,han_pijesak,F,bosniaks,216
2013,NUMBER,cajnice,_T,bosniaks,835
2013,NUMBER,cajnice,M,bosniaks,439
2013,NUMBER,cajnice,F,bosniaks,396
2013,NUMBER,celinac,_T,bosniaks,395
2013,NUMBER,celinac,M,bosniaks,197
2013,NUMBER,celinac,F,bosniaks,198
2013,NUMBER,samac,_T,bosniaks,1005
2013,NUMBER,samac,M,bosniaks,486
2013,NUMBER,samac,F,bosniaks,519
2013,NUMBER,sekovici,_T,bosniaks,103
2013,NUMBER,sekovici,M,bosniaks,51
2013,NUMBER,sekovici,F,bosniaks,52
2013,NUMBER,sipovo,_T,bosniaks,578
2013,NUMBER,sipovo,M,bosniaks,294
2013,NUMBER,sipovo,F,bosniaks,284
2013,NUMBER,republika_srpska,_T,croats,26509
2013,NUMBER,republika_srpska,M,croats,11005
2013,NUMBER,republika_srpska,F,croats,15504
2013,NUMBER,grad_banja_luka,_T,croats,4887
2013,NUMBER,grad_banja_luka,M,croats,1761
2013,NUMBER,grad_banja_luka,F,croats,3126
2013,NUMBER,berkovici,_T,croats,11
2013,NUMBER,berkovici,M,croats,1
2013,NUMBER,berkovici,F,croats,10
2013,NUMBER,grad_bijeljina,_T,croats,498
2013,NUMBER,grad_bijeljina,M,croats,140
2013,NUMBER,grad_bijeljina,F,croats,358
2013,NUMBER,bileca,_T,croats,21
2013,NUMBER,bileca,M,croats,2
2013,NUMBER,bileca,F,croats,19
2013,NUMBER,bratunac,_T,croats,30
2013,NUMBER,bratunac,M,croats,5
2013,NUMBER,bratunac,F,croats,25
2013,NUMBER,brod,_T,croats,3021
2013,NUMBER,brod,M,croats,1413
2013,NUMBER,brod,F,croats,1608
2013,NUMBER,visegrad,_T,croats,32
2013,NUMBER,visegrad,M,croats,5
2013,NUMBER,visegrad,F,croats,27
2013,NUMBER,vlasenica,_T,croats,29
2013,NUMBER,vlasenica,M,croats,5
2013,NUMBER,vlasenica,F,croats,24
2013,NUMBER,vukosavlje,_T,croats,698
2013,NUMBER,vukosavlje,M,croats,332
2013,NUMBER,vukosavlje,F,croats,366
2013,NUMBER,gacko,_T,croats,13
2013,NUMBER,gacko,M,croats,5
2013,NUMBER,gacko,F,croats,8
2013,NUMBER,grad_gradiska,_T,croats,800
2013,NUMBER,grad_gradiska,M,croats,276
2013,NUMBER,grad_gradiska,F,croats,524
2013,NUMBER,grad_derventa,_T,croats,2181
2013,NUMBER,grad_derventa,M,croats,1040
2013,NUMBER,grad_derventa,F,croats,1141
2013,NUMBER,grad_doboj,_T,croats,1550
2013,NUMBER,grad_doboj,M,croats,605
2013,NUMBER,grad_doboj,F,croats,945
2013,NUMBER,donji_zabar,_T,croats,991
2013,NUMBER,donji_zabar,M,croats,497
2013,NUMBER,donji_zabar,F,croats,494
2013,NUMBER,grad_zvornik,_T,croats,103
2013,NUMBER,grad_zvornik,M,croats,17
2013,NUMBER,grad_zvornik,F,croats,86
2013,NUMBER,istocna_ilidza,_T,croats,148
2013,NUMBER,istocna_ilidza,M,croats,39
2013,NUMBER,istocna_ilidza,F,croats,109
2013,NUMBER,istocni_drvar,_T,croats,1
2013,NUMBER,istocni_drvar,M,croats,0
2013,NUMBER,istocni_drvar,F,croats,1
2013,NUMBER,istocni_mostar,_T,croats,11
2013,NUMBER,istocni_mostar,M,croats,8
2013,NUMBER,istocni_mostar,F,croats,3
2013,NUMBER,istocni_stari_grad,_T,croats,6
2013,NUMBER,istocni_stari_grad,M,croats,2
2013,NUMBER,istocni_stari_grad,F,croats,4
2013,NUMBER,istocno_novo_sarajevo,_T,croats,102
2013,NUMBER,istocno_novo_sarajevo,M,croats,23
2013,NUMBER,istocno_novo_sarajevo,F,croats,79
2013,NUMBER,jezero,_T,croats,6
2013,NUMBER,jezero,M,croats,4
2013,NUMBER,jezero,F,croats,2
2013,NUMBER,kalinovik,_T,croats,8
2013,NUMBER,kalinovik,M,croats,2
2013,NUMBER,kalinovik,F,croats,6
2013,NUMBER,knezevo,_T,croats,24
2013,NUMBER,knezevo,M,croats,5
2013,NUMBER,knezevo,F,croats,19
2013,NUMBER,kozarska_dubica,_T,croats,261
2013,NUMBER,kozarska_dubica,M,croats,79
2013,NUMBER,kozarska_dubica,F,croats,182
2013,NUMBER,kostajnica,_T,croats,82
2013,NUMBER,kostajnica,M,croats,29
2013,NUMBER,kostajnica,F,croats,53
2013,NUMBER,kotor_varos,_T,croats,852
2013,NUMBER,kotor_varos,M,croats,410
2013,NUMBER,kotor_varos,F,croats,442
2013,NUMBER,krupa_na_uni,_T,croats,2
2013,NUMBER,krupa_na_uni,M,croats,0
2013,NUMBER,krupa_na_uni,F,croats,2
2013,NUMBER,kupres,_T,croats,0
2013,NUMBER,kupres,M,croats,0
2013,NUMBER,kupres,F,croats,0
2013,NUMBER,laktasi,_T,croats,500
2013,NUMBER,laktasi,M,croats,175
2013,NUMBER,laktasi,F,croats,325
2013,NUMBER,lopare,_T,croats,48
2013,NUMBER,lopare,M,croats,9
2013,NUMBER,lopare,F,croats,39
2013,NUMBER,ljubinje,_T,croats,10
2013,NUMBER,ljubinje,M,croats,3
2013,NUMBER,ljubinje,F,croats,7
2013,NUMBER,milici,_T,croats,22
2013,NUMBER,milici,M,croats,7
2013,NUMBER,milici,F,croats,15
2013,NUMBER,modrica,_T,croats,1396
2013,NUMBER,modrica,M,croats,662
2013,NUMBER,modrica,F,croats,734
2013,NUMBER,mrkonjic_grad,_T,croats,148
2013,NUMBER,mrkonjic_grad,M,croats,60
2013,NUMBER,mrkonjic_grad,F,croats,88
2013,NUMBER,nevesinje,_T,croats,27
2013,NUMBER,nevesinje,M,croats,9
2013,NUMBER,nevesinje,F,croats,18
2013,NUMBER,novi_grad,_T,croats,174
2013,NUMBER,novi_grad,M,croats,58
2013,NUMBER,novi_grad,F,croats,116
2013,NUMBER,novo_gorazde,_T,croats,2
2013,NUMBER,novo_gorazde,M,croats,1
2013,NUMBER,novo_gorazde,F,croats,1
2013,NUMBER,osmaci,_T,croats,7
2013,NUMBER,osmaci,M,croats,1
2013,NUMBER,osmaci,F,croats,6
2013,NUMBER,ostra_luka,_T,croats,149
2013,NUMBER,ostra_luka,M,croats,74
2013,NUMBER,ostra_luka,F,croats,75
2013,NUMBER,pale,_T,croats,126
2013,NUMBER,pale,M,croats,37
2013,NUMBER,pale,F,croats,89
2013,NUMBER,pelagicevo,_T,croats,1182
2013,NUMBER,pelagicevo,M,croats,580
2013,NUMBER,pelagicevo,F,croats,602
2013,NUMBER,petrovac,_T,croats,0
2013,NUMBER,petrovac,M,croats,0
2013,NUMBER,petrovac,F,croats,0
2013,NUMBER,petrovo,_T,croats,34
2013,NUMBER,petrovo,M,croats,8
2013,NUMBER,petrovo,F,croats,26
2013,NUMBER,grad_prijedor,_T,croats,1666
2013,NUMBER,grad_prijedor,M,croats,679
2013,NUMBER,grad_prijedor,F,croats,987
2013,NUMBER,prnjavor,_T,croats,423
2013,NUMBER,prnjavor,M,croats,150
2013,NUMBER,prnjavor,F,croats,273
2013,NUMBER,ribnik,_T,croats,11
2013,NUMBER,ribnik,M,croats,4
2013,NUMBER,ribnik,F,croats,7
2013,NUMBER,rogatica,_T,croats,18
2013,NUMBER,rogatica,M,croats,2
2013,NUMBER,rogatica,F,croats,16
2013,NUMBER,rudo,_T,croats,7
2013,NUMBER,rudo,M,croats,6
2013,NUMBER,rudo,F,croats,1
2013,NUMBER,sokolac,_T,croats,28
2013,NUMBER,sokolac,M,croats,8
2013,NUMBER,sokolac,F,croats,20
2013,NUMBER,srbac,_T,croats,128
2013,NUMBER,srbac,M,croats,21
2013,NUMBER,srbac,F,croats,107
2013,NUMBER,srebrenica,_T,croats,14
2013,NUMBER,srebrenica,M,croats,6
2013,NUMBER,srebrenica,F,croats,8
2013,NUMBER,teslic,_T,croats,1346
2013,NUMBER,teslic,M,croats,581
2013,NUMBER,teslic,F,croats,765
2013,NUMBER,grad_trebinje,_T,croats,295
2013,NUMBER,grad_trebinje,M,croats,99
2013,NUMBER,grad_trebinje,F,croats,196
2013,NUMBER,trnovo,_T,croats,15
2013,NUMBER,trnovo,M,croats,3
2013,NUMBER,trnovo,F,croats,12
2013,NUMBER,ugljevik,_T,croats,42
2013,NUMBER,ugljevik,M,croats,8
2013,NUMBER,ugljevik,F,croats,34
2013,NUMBER,foca,_T,croats,52
2013,NUMBER,foca,M,croats,16
2013,NUMBER,foca,F,croats,36
2013,NUMBER,han_pijesak,_T,croats,7
2013,NUMBER,han_pijesak,M,croats,1
2013,NUMBER,han_pijesak,F,croats,6
2013,NUMBER,cajnice,_T,croats,6
2013,NUMBER,cajnice,M,croats,1
2013,NUMBER,cajnice,F,croats,5
2013,NUMBER,celinac,_T,croats,48
2013,NUMBER,celinac,M,croats,11
2013,NUMBER,celinac,F,croats,37
2013,NUMBER,samac,_T,croats,2176
2013,NUMBER,samac,M,croats,1011
2013,NUMBER,samac,F,croats,1165
2013,NUMBER,sekovici,_T,croats,8
2013,NUMBER,sekovici,M,croats,2
2013,NUMBER,sekovici,F,croats,6
2013,NUMBER,sipovo,_T,croats,26
2013,NUMBER,sipovo,M,croats,7
2013,NUMBER,sipovo,F,croats,19
2013,NUMBER,republika_srpska,_T,serbs,970857
2013,NUMBER,republika_srpska,M,serbs,477334
2013,NUMBER,republika_srpska,F,serbs,493523
2013,NUMBER,grad_banja_luka,_T,serbs,162057
2013,NUMBER,grad_banja_luka,M,serbs,78827
2013,NUMBER,grad_banja_luka,F,serbs,83230
2013,NUMBER,berkovici,_T,serbs,1873
2013,NUMBER,berkovici,M,serbs,943
2013,NUMBER,berkovici,F,serbs,930
2013,NUMBER,grad_bijeljina,_T,serbs,89474
2013,NUMBER,grad_bijeljina,M,serbs,43861
2013,NUMBER,grad_bijeljina,F,serbs,45613
2013,NUMBER,bileca,_T,serbs,10447
2013,NUMBER,bileca,M,serbs,5276
2013,NUMBER,bileca,F,serbs,5171
2013,NUMBER,bratunac,_T,serbs,11897
2013,NUMBER,bratunac,M,serbs,5915
2013,NUMBER,bratunac,F,serbs,5982
2013,NUMBER,brod,_T,serbs,11065
2013,NUMBER,brod,M,serbs,5486
2013,NUMBER,brod,F,serbs,5579
2013,NUMBER,visegrad,_T,serbs,8942
2013,NUMBER,visegrad,M,serbs,4337
2013,NUMBER,visegrad,F,serbs,4605
2013,NUMBER,vlasenica,_T,serbs,7190
2013,NUMBER,vlasenica,M,serbs,3505
2013,NUMBER,vlasenica,F,serbs,3685
2013,NUMBER,vukosavlje,_T,serbs,1448
2013,NUMBER,vukosavlje,M,serbs,720
2013,NUMBER,vukosavlje,F,serbs,728
2013,NUMBER,gacko,_T,serbs,8316
2013,NUMBER,gacko,M,serbs,4211
2013,NUMBER,gacko,F,serbs,4105
2013,NUMBER,grad_gradiska,_T,serbs,40707
2013,NUMBER,grad_gradiska,M,serbs,19960
2013,NUMBER,grad_gradiska,F,serbs,20747
2013,NUMBER,grad_derventa,_T,serbs,21495
2013,NUMBER,grad_derventa,M,serbs,10524
2013,NUMBER,grad_derventa,F,serbs,10971
2013,NUMBER,grad_doboj,_T,serbs,50968
2013,NUMBER,grad_doboj,M,serbs,24968
2013,NUMBER,grad_doboj,F,serbs,26000
2013,NUMBER,donji_zabar,_T,serbs,2658
2013,NUMBER,donji_zabar,M,serbs,1352
2013,NUMBER,donji_zabar,F,serbs,1306
2013,NUMBER,grad_zvornik,_T,serbs,37242
2013,NUMBER,grad_zvornik,M,serbs,18452
2013,NUMBER,grad_zvornik,F,serbs,18790
2013,NUMBER,istocna_ilidza,_T,serbs,13455
2013,NUMBER,istocna_ilidza,M,serbs,6486
2013,NUMBER,istocna_ilidza,F,serbs,6969
2013,NUMBER,istocni_drvar,_T,serbs,65
2013,NUMBER,istocni_drvar,M,serbs,44
2013,NUMBER,istocni_drvar,F,serbs,21
2013,NUMBER,istocni_mostar,_T,serbs,153
2013,NUMBER,istocni_mostar,M,serbs,84
2013,NUMBER,istocni_mostar,F,serbs,69
2013,NUMBER,istocni_stari_grad,_T,serbs,1059
2013,NUMBER,istocni_stari_grad,M,serbs,519
2013,NUMBER,istocni_stari_grad,F,serbs,540
2013,NUMBER,istocno_novo_sarajevo,_T,serbs,10028
2013,NUMBER,istocno_novo_sarajevo,M,serbs,4801
2013,NUMBER,istocno_novo_sarajevo,F,serbs,5227
2013,NUMBER,jezero,_T,serbs,779
2013,NUMBER,jezero,M,serbs,410
2013,NUMBER,jezero,F,serbs,369
2013,NUMBER,kalinovik,_T,serbs,1895
2013,NUMBER,kalinovik,M,serbs,920
2013,NUMBER,kalinovik,F,serbs,975
2013,NUMBER,knezevo,_T,serbs,8886
2013,NUMBER,knezevo,M,serbs,4414
2013,NUMBER,knezevo,F,serbs,4472
2013,NUMBER,kozarska_dubica,_T,serbs,18144
2013,NUMBER,kozarska_dubica,M,serbs,8939
2013,NUMBER,kozarska_dubica,F,serbs,9205
2013,NUMBER,kostajnica,_T,serbs,4177
2013,NUMBER,kostajnica,M,serbs,2077
2013,NUMBER,kostajnica,F,serbs,2100
2013,NUMBER,kotor_varos,_T,serbs,12730
2013,NUMBER,kotor_varos,M,serbs,6305
2013,NUMBER,kotor_varos,F,serbs,6425
2013,NUMBER,krupa_na_uni,_T,serbs,1555
2013,NUMBER,krupa_na_uni,M,serbs,840
2013,NUMBER,krupa_na_uni,F,serbs,715
2013,NUMBER,kupres,_T,serbs,292
2013,NUMBER,kupres,M,serbs,156
2013,NUMBER,kupres,F,serbs,136
2013,NUMBER,laktasi,_T,serbs,32761
2013,NUMBER,laktasi,M,serbs,16275
2013,NUMBER,laktasi,F,serbs,16486
2013,NUMBER,lopare,_T,serbs,13267
2013,NUMBER,lopare,M,serbs,6695
2013,NUMBER,lopare,F,serbs,6572
2013,NUMBER,ljubinje,_T,serbs,3280
2013,NUMBER,ljubinje,M,serbs,1615
2013,NUMBER,ljubinje,F,serbs,1665
2013,NUMBER,milici,_T,serbs,6857
2013,NUMBER,milici,M,serbs,3486
2013,NUMBER,milici,F,serbs,3371
2013,NUMBER,modrica,_T,serbs,19530
2013,NUMBER,modrica,M,serbs,9611
2013,NUMBER,modrica,F,serbs,9919
2013,NUMBER,mrkonjic_grad,_T,serbs,15340
2013,NUMBER,mrkonjic_grad,M,serbs,7388
2013,NUMBER,mrkonjic_grad,F,serbs,7952
2013,NUMBER,nevesinje,_T,serbs,11964
2013,NUMBER,nevesinje,M,serbs,5951
2013,NUMBER,nevesinje,F,serbs,6013
2013,NUMBER,novi_grad,_T,serbs,19491
2013,NUMBER,novi_grad,M,serbs,9747
2013,NUMBER,novi_grad,F,serbs,9744
2013,NUMBER,novo_gorazde,_T,serbs,1561
2013,NUMBER,novo_gorazde,M,serbs,821
2013,NUMBER,novo_gorazde,F,serbs,740
2013,NUMBER,osmaci,_T,serbs,2852
2013,NUMBER,osmaci,M,serbs,1450
2013,NUMBER,osmaci,F,serbs,1402
2013,NUMBER,ostra_luka,_T,serbs,2510
2013,NUMBER,ostra_luka,M,serbs,1296
2013,NUMBER,ostra_luka,F,serbs,1214
2013,NUMBER,pale,_T,serbs,19932
2013,NUMBER,pale,M,serbs,9561
2013,NUMBER,pale,F,serbs,10371
2013,NUMBER,pelagicevo,_T,serbs,3146
2013,NUMBER,pelagicevo,M,serbs,1563
2013,NUMBER,pelagicevo,F,serbs,1583
2013,NUMBER,petrovac,_T,serbs,351
2013,NUMBER,petrovac,M,serbs,168
2013,NUMBER,petrovac,F,serbs,183
2013,NUMBER,petrovo,_T,serbs,6222
2013,NUMBER,petrovo,M,serbs,3002
2013,NUMBER,petrovo,F,serbs,3220
2013,NUMBER,grad_prijedor,_T,serbs,54365
2013,NUMBER,grad_prijedor,M,serbs,26834
2013,NUMBER,grad_prijedor,F,serbs,27531
2013,NUMBER,prnjavor,_T,serbs,29478
2013,NUMBER,prnjavor,M,serbs,14352
2013,NUMBER,prnjavor,F,serbs,15126
2013,NUMBER,ribnik,_T,serbs,5825
2013,NUMBER,ribnik,M,serbs,2891
2013,NUMBER,ribnik,F,serbs,2934
2013,NUMBER,rogatica,_T,serbs,9217
2013,NUMBER,rogatica,M,serbs,4502
2013,NUMBER,rogatica,F,serbs,4715
2013,NUMBER,rudo,_T,serbs,6963
2013,NUMBER,rudo,M,serbs,3517
2013,NUMBER,rudo,F,serbs,3446
2013,NUMBER,sokolac,_T,serbs,10894
2013,NUMBER,sokolac,M,serbs,5357
2013,NUMBER,sokolac,F,serbs,5537
2013,NUMBER,srbac,_T,serbs,16013
2013,NUMBER,srbac,M,serbs,7888
2013,NUMBER,srbac,F,serbs,8125
2013,NUMBER,srebrenica,_T,serbs,5467
2013,NUMBER,srebrenica,M,serbs,2743
2013,NUMBER,srebrenica,F,serbs,2724
2013,NUMBER,teslic,_T,serbs,28166
2013,NUMBER,teslic,M,serbs,13545
2013,NUMBER,teslic,F,serbs,14621
2013,NUMBER,grad_trebinje,_T,serbs,26484
2013,NUMBER,grad_trebinje,M,serbs,12943
2013,NUMBER,grad_trebinje,F,serbs,13541
2013,NUMBER,trnovo,_T,serbs,1131
2013,NUMBER,trnovo,M,serbs,534
2013,NUMBER,trnovo,F,serbs,597
2013,NUMBER,ugljevik,_T,serbs,13007
2013,NUMBER,ugljevik,M,serbs,6606
2013,NUMBER,ugljevik,F,serbs,6401
2013,NUMBER,foca,_T,serbs,16157
2013,NUMBER,foca,M,serbs,8133
2013,NUMBER,foca,F,serbs,8024
2013,NUMBER,han_pijesak,_T,serbs,2994
2013,NUMBER,han_pijesak,M,serbs,1412
2013,NUMBER,han_pijesak,F,serbs,1582
2013,NUMBER,cajnice,_T,serbs,3806
2013,NUMBER,cajnice,M,serbs,1891
2013,NUMBER,cajnice,F,serbs,1915
2013,NUMBER,celinac,_T,serbs,14508
2013,NUMBER,celinac,M,serbs,7194
2013,NUMBER,celinac,F,serbs,7314
2013,NUMBER,samac,_T,serbs,12832
2013,NUMBER,samac,M,serbs,6277
2013,NUMBER,samac,F,serbs,6555
2013,NUMBER,sekovici,_T,serbs,6187
2013,NUMBER,sekovici,M,serbs,3038
2013,NUMBER,sekovici,F,serbs,3149
2013,NUMBER,sipovo,_T,serbs,9302
2013,NUMBER,sipovo,M,serbs,4716
2013,NUMBER,sipovo,F,serbs,4586
2013,NUMBER,republika_srpska,_T,other_ethnicity/nationality,14641
2013,NUMBER,republika_srpska,M,other_ethnicity/nationality,7207
2013,NUMBER,republika_srpska,F,other_ethnicity/nationality,7434
2013,NUMBER,grad_banja_luka,_T,other_ethnicity/nationality,3324
2013,NUMBER,grad_banja_luka,M,other_ethnicity/nationality,1617
2013,NUMBER,grad_banja_luka,F,other_ethnicity/nationality,1707
2013,NUMBER,berkovici,_T,other_ethnicity/nationality,1
2013,NUMBER,berkovici,M,other_ethnicity/nationality,1
2013,NUMBER,berkovici,F,other_ethnicity/nationality,0
2013,NUMBER,grad_bijeljina,_T,other_ethnicity/nationality,1478
2013,NUMBER,grad_bijeljina,M,other_ethnicity/nationality,717
2013,NUMBER,grad_bijeljina,F,other_ethnicity/nationality,761
2013,NUMBER,bileca,_T,other_ethnicity/nationality,72
2013,NUMBER,bileca,M,other_ethnicity/nationality,38
2013,NUMBER,bileca,F,other_ethnicity/nationality,34
2013,NUMBER,bratunac,_T,other_ethnicity/nationality,79
2013,NUMBER,bratunac,M,other_ethnicity/nationality,45
2013,NUMBER,bratunac,F,other_ethnicity/nationality,34
2013,NUMBER,brod,_T,other_ethnicity/nationality,151
2013,NUMBER,brod,M,other_ethnicity/nationality,69
2013,NUMBER,brod,F,other_ethnicity/nationality,82
2013,NUMBER,visegrad,_T,other_ethnicity/nationality,53
2013,NUMBER,visegrad,M,other_ethnicity/nationality,26
2013,NUMBER,visegrad,F,other_ethnicity/nationality,27
2013,NUMBER,vlasenica,_T,other_ethnicity/nationality,29
2013,NUMBER,vlasenica,M,other_ethnicity/nationality,13
2013,NUMBER,vlasenica,F,other_ethnicity/nationality,16
2013,NUMBER,vukosavlje,_T,other_ethnicity/nationality,146
2013,NUMBER,vukosavlje,M,other_ethnicity/nationality,81
2013,NUMBER,vukosavlje,F,other_ethnicity/nationality,65
2013,NUMBER,gacko,_T,other_ethnicity/nationality,40
2013,NUMBER,gacko,M,other_ethnicity/nationality,27
2013,NUMBER,gacko,F,other_ethnicity/nationality,13
2013,NUMBER,grad_gradiska,_T,other_ethnicity/nationality,970
2013,NUMBER,grad_gradiska,M,other_ethnicity/nationality,468
2013,NUMBER,grad_gradiska,F,other_ethnicity/nationality,502
2013,NUMBER,grad_derventa,_T,other_ethnicity/nationality,264
2013,NUMBER,grad_derventa,M,other_ethnicity/nationality,116
2013,NUMBER,grad_derventa,F,other_ethnicity/nationality,148
2013,NUMBER,grad_doboj,_T,other_ethnicity/nationality,949
2013,NUMBER,grad_doboj,M,other_ethnicity/nationality,486
2013,NUMBER,grad_doboj,F,other_ethnicity/nationality,463
2013,NUMBER,donji_zabar,_T,other_ethnicity/nationality,9
2013,NUMBER,donji_zabar,M,other_ethnicity/nationality,1
2013,NUMBER,donji_zabar,F,other_ethnicity/nationality,8
2013,NUMBER,grad_zvornik,_T,other_ethnicity/nationality,120
2013,NUMBER,grad_zvornik,M,other_ethnicity/nationality,55
2013,NUMBER,grad_zvornik,F,other_ethnicity/nationality,65
2013,NUMBER,istocna_ilidza,_T,other_ethnicity/nationality,96
2013,NUMBER,istocna_ilidza,M,other_ethnicity/nationality,44
2013,NUMBER,istocna_ilidza,F,other_ethnicity/nationality,52
2013,NUMBER,istocni_drvar,_T,other_ethnicity/nationality,0
2013,NUMBER,istocni_drvar,M,other_ethnicity/nationality,0
2013,NUMBER,istocni_drvar,F,other_ethnicity/nationality,0
2013,NUMBER,istocni_mostar,_T,other_ethnicity/nationality,0
2013,NUMBER,istocni_mostar,M,other_ethnicity/nationality,0
2013,NUMBER,istocni_mostar,F,other_ethnicity/nationality,0
2013,NUMBER,istocni_stari_grad,_T,other_ethnicity/nationality,7
2013,NUMBER,istocni_stari_grad,M,other_ethnicity/nationality,5
2013,NUMBER,istocni_stari_grad,F,other_ethnicity/nationality,2
2013,NUMBER,istocno_novo_sarajevo,_T,other_ethnicity/nationality,163
2013,NUMBER,istocno_novo_sarajevo,M,other_ethnicity/nationality,72
2013,NUMBER,istocno_novo_sarajevo,F,other_ethnicity/nationality,91
2013,NUMBER,jezero,_T,other_ethnicity/nationality,1
2013,NUMBER,jezero,M,other_ethnicity/nationality,1
2013,NUMBER,jezero,F,other_ethnicity/nationality,0
2013,NUMBER,kalinovik,_T,other_ethnicity/nationality,15
2013,NUMBER,kalinovik,M,other_ethnicity/nationality,8
2013,NUMBER,kalinovik,F,other_ethnicity/nationality,7
2013,NUMBER,knezevo,_T,other_ethnicity/nationality,37
2013,NUMBER,knezevo,M,other_ethnicity/nationality,21
2013,NUMBER,knezevo,F,other_ethnicity/nationality,16
2013,NUMBER,kozarska_dubica,_T,other_ethnicity/nationality,219
2013,NUMBER,kozarska_dubica,M,other_ethnicity/nationality,102
2013,NUMBER,kozarska_dubica,F,other_ethnicity/nationality,117
2013,NUMBER,kostajnica,_T,other_ethnicity/nationality,42
2013,NUMBER,kostajnica,M,other_ethnicity/nationality,20
2013,NUMBER,kostajnica,F,other_ethnicity/nationality,22
2013,NUMBER,kotor_varos,_T,other_ethnicity/nationality,129
2013,NUMBER,kotor_varos,M,other_ethnicity/nationality,63
2013,NUMBER,kotor_varos,F,other_ethnicity/nationality,66
2013,NUMBER,krupa_na_uni,_T,other_ethnicity/nationality,0
2013,NUMBER,krupa_na_uni,M,other_ethnicity/nationality,0
2013,NUMBER,krupa_na_uni,F,other_ethnicity/nationality,0
2013,NUMBER,kupres,_T,other_ethnicity/nationality,0
2013,NUMBER,kupres,M,other_ethnicity/nationality,0
2013,NUMBER,kupres,F,other_ethnicity/nationality,0
2013,NUMBER,laktasi,_T,other_ethnicity/nationality,562
2013,NUMBER,laktasi,M,other_ethnicity/nationality,285
2013,NUMBER,laktasi,F,other_ethnicity/nationality,277
2013,NUMBER,lopare,_T,other_ethnicity/nationality,31
2013,NUMBER,lopare,M,other_ethnicity/nationality,16
2013,NUMBER,lopare,F,other_ethnicity/nationality,15
2013,NUMBER,ljubinje,_T,other_ethnicity/nationality,13
2013,NUMBER,ljubinje,M,other_ethnicity/nationality,7
2013,NUMBER,ljubinje,F,other_ethnicity/nationality,6
2013,NUMBER,milici,_T,other_ethnicity/nationality,19
2013,NUMBER,milici,M,other_ethnicity/nationality,7
2013,NUMBER,milici,F,other_ethnicity/nationality,12
2013,NUMBER,modrica,_T,other_ethnicity/nationality,412
2013,NUMBER,modrica,M,other_ethnicity/nationality,207
2013,NUMBER,modrica,F,other_ethnicity/nationality,205
2013,NUMBER,mrkonjic_grad,_T,other_ethnicity/nationality,37
2013,NUMBER,mrkonjic_grad,M,other_ethnicity/nationality,17
2013,NUMBER,mrkonjic_grad,F,other_ethnicity/nationality,20
2013,NUMBER,nevesinje,_T,other_ethnicity/nationality,18
2013,NUMBER,nevesinje,M,other_ethnicity/nationality,5
2013,NUMBER,nevesinje,F,other_ethnicity/nationality,13
2013,NUMBER,novi_grad,_T,other_ethnicity/nationality,200
2013,NUMBER,novi_grad,M,other_ethnicity/nationality,100
2013,NUMBER,novi_grad,F,other_ethnicity/nationality,100
2013,NUMBER,novo_gorazde,_T,other_ethnicity/nationality,22
2013,NUMBER,novo_gorazde,M,other_ethnicity/nationality,11
2013,NUMBER,novo_gorazde,F,other_ethnicity/nationality,11
2013,NUMBER,osmaci,_T,other_ethnicity/nationality,5
2013,NUMBER,osmaci,M,other_ethnicity/nationality,2
2013,NUMBER,osmaci,F,other_ethnicity/nationality,3
2013,NUMBER,ostra_luka,_T,other_ethnicity/nationality,8
2013,NUMBER,ostra_luka,M,other_ethnicity/nationality,3
2013,NUMBER,ostra_luka,F,other_ethnicity/nationality,5
2013,NUMBER,pale,_T,other_ethnicity/nationality,70
2013,NUMBER,pale,M,other_ethnicity/nationality,31
2013,NUMBER,pale,F,other_ethnicity/nationality,39
2013,NUMBER,pelagicevo,_T,other_ethnicity/nationality,9
2013,NUMBER,pelagicevo,M,other_ethnicity/nationality,4
2013,NUMBER,pelagicevo,F,other_ethnicity/nationality,5
2013,NUMBER,petrovac,_T,other_ethnicity/nationality,3
2013,NUMBER,petrovac,M,other_ethnicity/nationality,1
2013,NUMBER,petrovac,F,other_ethnicity/nationality,2
2013,NUMBER,petrovo,_T,other_ethnicity/nationality,30
2013,NUMBER,petrovo,M,other_ethnicity/nationality,19
2013,NUMBER,petrovo,F,other_ethnicity/nationality,11
2013,NUMBER,grad_prijedor,_T,other_ethnicity/nationality,1495
2013,NUMBER,grad_prijedor,M,other_ethnicity/nationality,712
2013,NUMBER,grad_prijedor,F,other_ethnicity/nationality,783
2013,NUMBER,prnjavor,_T,other_ethnicity/nationality,1452
2013,NUMBER,prnjavor,M,other_ethnicity/nationality,738
2013,NUMBER,prnjavor,F,other_ethnicity/nationality,714
2013,NUMBER,ribnik,_T,other_ethnicity/nationality,11
2013,NUMBER,ribnik,M,other_ethnicity/nationality,3
2013,NUMBER,ribnik,F,other_ethnicity/nationality,8
2013,NUMBER,rogatica,_T,other_ethnicity/nationality,41
2013,NUMBER,rogatica,M,other_ethnicity/nationality,20
2013,NUMBER,rogatica,F,other_ethnicity/nationality,21
2013,NUMBER,rudo,_T,other_ethnicity/nationality,26
2013,NUMBER,rudo,M,other_ethnicity/nationality,14
2013,NUMBER,rudo,F,other_ethnicity/nationality,12
2013,NUMBER,sokolac,_T,other_ethnicity/nationality,38
2013,NUMBER,sokolac,M,other_ethnicity/nationality,19
2013,NUMBER,sokolac,F,other_ethnicity/nationality,19
2013,NUMBER,srbac,_T,other_ethnicity/nationality,280
2013,NUMBER,srbac,M,other_ethnicity/nationality,146
2013,NUMBER,srbac,F,other_ethnicity/nationality,134
2013,NUMBER,srebrenica,_T,other_ethnicity/nationality,59
2013,NUMBER,srebrenica,M,other_ethnicity/nationality,34
2013,NUMBER,srebrenica,F,other_ethnicity/nationality,25
2013,NUMBER,teslic,_T,other_ethnicity/nationality,454
2013,NUMBER,teslic,M,other_ethnicity/nationality,222
2013,NUMBER,teslic,F,other_ethnicity/nationality,232
2013,NUMBER,grad_trebinje,_T,other_ethnicity/nationality,398
2013,NUMBER,grad_trebinje,M,other_ethnicity/nationality,204
2013,NUMBER,grad_trebinje,F,other_ethnicity/nationality,194
2013,NUMBER,trnovo,_T,other_ethnicity/nationality,10
2013,NUMBER,trnovo,M,other_ethnicity/nationality,7
2013,NUMBER,trnovo,F,other_ethnicity/nationality,3
2013,NUMBER,ugljevik,_T,other_ethnicity/nationality,36
2013,NUMBER,ugljevik,M,other_ethnicity/nationality,17
2013,NUMBER,ugljevik,F,other_ethnicity/nationality,19
2013,NUMBER,foca,_T,other_ethnicity/nationality,160
2013,NUMBER,foca,M,other_ethnicity/nationality,90
2013,NUMBER,foca,F,other_ethnicity/nationality,70
2013,NUMBER,han_pijesak,_T,other_ethnicity/nationality,21
2013,NUMBER,han_pijesak,M,other_ethnicity/nationality,14
2013,NUMBER,han_pijesak,F,other_ethnicity/nationality,7
2013,NUMBER,cajnice,_T,other_ethnicity/nationality,24
2013,NUMBER,cajnice,M,other_ethnicity/nationality,13
2013,NUMBER,cajnice,F,other_ethnicity/nationality,11
2013,NUMBER,celinac,_T,other_ethnicity/nationality,122
2013,NUMBER,celinac,M,other_ethnicity/nationality,55
2013,NUMBER,celinac,F,other_ethnicity/nationality,67
2013,NUMBER,samac,_T,other_ethnicity/nationality,135
2013,NUMBER,samac,M,other_ethnicity/nationality,67
2013,NUMBER,samac,F,other_ethnicity/nationality,68
2013,NUMBER,sekovici,_T,other_ethnicity/nationality,12
2013,NUMBER,sekovici,M,other_ethnicity/nationality,7
2013,NUMBER,sekovici,F,other_ethnicity/nationality,5
2013,NUMBER,sipovo,_T,other_ethnicity/nationality,34
2013,NUMBER,sipovo,M,other_ethnicity/nationality,14
2013,NUMBER,sipovo,F,other_ethnicity/nationality,20
2013,NUMBER,republika_srpska,_T,does_not_declare_ethnicity/nationality,7861
2013,NUMBER,republika_srpska,M,does_not_declare_ethnicity/nationality,3202
2013,NUMBER,republika_srpska,F,does_not_declare_ethnicity/nationality,4659
2013,NUMBER,grad_banja_luka,_T,does_not_declare_ethnicity/nationality,2641
2013,NUMBER,grad_banja_luka,M,does_not_declare_ethnicity/nationality,1044
2013,NUMBER,grad_banja_luka,F,does_not_declare_ethnicity/nationality,1597
2013,NUMBER,berkovici,_T,does_not_declare_ethnicity/nationality,0
2013,NUMBER,berkovici,M,does_not_declare_ethnicity/nationality,0
2013,NUMBER,berkovici,F,does_not_declare_ethnicity/nationality,0
2013,NUMBER,grad_bijeljina,_T,does_not_declare_ethnicity/nationality,654
2013,NUMBER,grad_bijeljina,M,does_not_declare_ethnicity/nationality,272
2013,NUMBER,grad_bijeljina,F,does_not_declare_ethnicity/nationality,382
2013,NUMBER,bileca,_T,does_not_declare_ethnicity/nationality,30
2013,NUMBER,bileca,M,does_not_declare_ethnicity/nationality,10
2013,NUMBER,bileca,F,does_not_declare_ethnicity/nationality,20
2013,NUMBER,bratunac,_T,does_not_declare_ethnicity/nationality,22
2013,NUMBER,bratunac,M,does_not_declare_ethnicity/nationality,11
2013,NUMBER,bratunac,F,does_not_declare_ethnicity/nationality,11
2013,NUMBER,brod,_T,does_not_declare_ethnicity/nationality,142
2013,NUMBER,brod,M,does_not_declare_ethnicity/nationality,50
2013,NUMBER,brod,F,does_not_declare_ethnicity/nationality,92
2013,NUMBER,visegrad,_T,does_not_declare_ethnicity/nationality,19
2013,NUMBER,visegrad,M,does_not_declare_ethnicity/nationality,10
2013,NUMBER,visegrad,F,does_not_declare_ethnicity/nationality,9
2013,NUMBER,vlasenica,_T,does_not_declare_ethnicity/nationality,20
2013,NUMBER,vlasenica,M,does_not_declare_ethnicity/nationality,11
2013,NUMBER,vlasenica,F,does_not_declare_ethnicity/nationality,9
2013,NUMBER,vukosavlje,_T,does_not_declare_ethnicity/nationality,32
2013,NUMBER,vukosavlje,M,does_not_declare_ethnicity/nationality,15
2013,NUMBER,vukosavlje,F,does_not_declare_ethnicity/nationality,17
2013,NUMBER,gacko,_T,does_not_declare_ethnicity/nationality,3
2013,NUMBER,gacko,M,does_not_declare_ethnicity/nationality,0
2013,NUMBER,gacko,F,does_not_declare_ethnicity/nationality,3
2013,NUMBER,grad_gradiska,_T,does_not_declare_ethnicity/nationality,411
2013,NUMBER,grad_gradiska,M,does_not_declare_ethnicity/nationality,174
2013,NUMBER,grad_gradiska,F,does_not_declare_ethnicity/nationality,237
2013,NUMBER,grad_derventa,_T,does_not_declare_ethnicity/nationality,242
2013,NUMBER,grad_derventa,M,does_not_declare_ethnicity/nationality,113
2013,NUMBER,grad_derventa,F,does_not_declare_ethnicity/nationality,129
2013,NUMBER,grad_doboj,_T,does_not_declare_ethnicity/nationality,467
2013,NUMBER,grad_doboj,M,does_not_declare_ethnicity/nationality,198
2013,NUMBER,grad_doboj,F,does_not_declare_ethnicity/nationality,269
2013,NUMBER,donji_zabar,_T,does_not_declare_ethnicity/nationality,5
2013,NUMBER,donji_zabar,M,does_not_declare_ethnicity/nationality,2
2013,NUMBER,donji_zabar,F,does_not_declare_ethnicity/nationality,3
2013,NUMBER,grad_zvornik,_T,does_not_declare_ethnicity/nationality,70
2013,NUMBER,grad_zvornik,M,does_not_declare_ethnicity/nationality,31
2013,NUMBER,grad_zvornik,F,does_not_declare_ethnicity/nationality,39
2013,NUMBER,istocna_ilidza,_T,does_not_declare_ethnicity/nationality,96
2013,NUMBER,istocna_ilidza,M,does_not_declare_ethnicity/nationality,38
2013,NUMBER,istocna_ilidza,F,does_not_declare_ethnicity/nationality,58
2013,NUMBER,istocni_drvar,_T,does_not_declare_ethnicity/nationality,0
2013,NUMBER,istocni_drvar,M,does_not_declare_ethnicity/nationality,0
2013,NUMBER,istocni_drvar,F,does_not_declare_ethnicity/nationality,0
2013,NUMBER,istocni_mostar,_T,does_not_declare_ethnicity/nationality,0
2013,NUMBER,istocni_mostar,M,does_not_declare_ethnicity/nationality,0
2013,NUMBER,istocni_mostar,F,does_not_declare_ethnicity/nationality,0
2013,NUMBER,istocni_stari_grad,_T,does_not_declare_ethnicity/nationality,2
2013,NUMBER,istocni_stari_grad,M,does_not_declare_ethnicity/nationality,0
2013,NUMBER,istocni_stari_grad,F,does_not_declare_ethnicity/nationality,2
2013,NUMBER,istocno_novo_sarajevo,_T,does_not_declare_ethnicity/nationality,61
2013,NUMBER,istocno_novo_sarajevo,M,does_not_declare_ethnicity/nationality,26
2013,NUMBER,istocno_novo_sarajevo,F,does_not_declare_ethnicity/nationality,35
2013,NUMBER,jezero,_T,does_not_declare_ethnicity/nationality,1
2013,NUMBER,jezero,M,does_not_declare_ethnicity/nationality,0
2013,NUMBER,jezero,F,does_not_declare_ethnicity/nationality,1
2013,NUMBER,kalinovik,_T,does_not_declare_ethnicity/nationality,1
2013,NUMBER,kalinovik,M,does_not_declare_ethnicity/nationality,1
2013,NUMBER,kalinovik,F,does_not_declare_ethnicity/nationality,0
2013,NUMBER,knezevo,_T,does_not_declare_ethnicity/nationality,4
2013,NUMBER,knezevo,M,does_not_declare_ethnicity/nationality,3
2013,NUMBER,knezevo,F,does_not_declare_ethnicity/nationality,1
2013,NUMBER,kozarska_dubica,_T,does_not_declare_ethnicity/nationality,162
2013,NUMBER,kozarska_dubica,M,does_not_declare_ethnicity/nationality,63
2013,NUMBER,kozarska_dubica,F,does_not_declare_ethnicity/nationality,99
2013,NUMBER,kostajnica,_T,does_not_declare_ethnicity/nationality,66
2013,NUMBER,kostajnica,M,does_not_declare_ethnicity/nationality,28
2013,NUMBER,kostajnica,F,does_not_declare_ethnicity/nationality,38
2013,NUMBER,kotor_varos,_T,does_not_declare_ethnicity/nationality,115
2013,NUMBER,kotor_varos,M,does_not_declare_ethnicity/nationality,42
2013,NUMBER,kotor_varos,F,does_not_declare_ethnicity/nationality,73
2013,NUMBER,krupa_na_uni,_T,does_not_declare_ethnicity/nationality,0
2013,NUMBER,krupa_na_uni,M,does_not_declare_ethnicity/nationality,0
2013,NUMBER,krupa_na_uni,F,does_not_declare_ethnicity/nationality,0
2013,NUMBER,kupres,_T,does_not_declare_ethnicity/nationality,1
2013,NUMBER,kupres,M,does_not_declare_ethnicity/nationality,1
2013,NUMBER,kupres,F,does_not_declare_ethnicity/nationality,0
2013,NUMBER,laktasi,_T,does_not_declare_ethnicity/nationality,237
2013,NUMBER,laktasi,M,does_not_declare_ethnicity/nationality,103
2013,NUMBER,laktasi,F,does_not_declare_ethnicity/nationality,134
2013,NUMBER,lopare,_T,does_not_declare_ethnicity/nationality,23
2013,NUMBER,lopare,M,does_not_declare_ethnicity/nationality,5
2013,NUMBER,lopare,F,does_not_declare_ethnicity/nationality,18
2013,NUMBER,ljubinje,_T,does_not_declare_ethnicity/nationality,5
2013,NUMBER,ljubinje,M,does_not_declare_ethnicity/nationality,2
2013,NUMBER,ljubinje,F,does_not_declare_ethnicity/nationality,3
2013,NUMBER,milici,_T,does_not_declare_ethnicity/nationality,7
2013,NUMBER,milici,M,does_not_declare_ethnicity/nationality,3
2013,NUMBER,milici,F,does_not_declare_ethnicity/nationality,4
2013,NUMBER,modrica,_T,does_not_declare_ethnicity/nationality,156
2013,NUMBER,modrica,M,does_not_declare_ethnicity/nationality,63
2013,NUMBER,modrica,F,does_not_declare_ethnicity/nationality,93
2013,NUMBER,mrkonjic_grad,_T,does_not_declare_ethnicity/nationality,35
2013,NUMBER,mrkonjic_grad,M,does_not_declare_ethnicity/nationality,19
2013,NUMBER,mrkonjic_grad,F,does_not_declare_ethnicity/nationality,16
2013,NUMBER,nevesinje,_T,does_not_declare_ethnicity/nationality,18
2013,NUMBER,nevesinje,M,does_not_declare_ethnicity/nationality,8
2013,NUMBER,nevesinje,F,does_not_declare_ethnicity/nationality,10
2013,NUMBER,novi_grad,_T,does_not_declare_ethnicity/nationality,137
2013,NUMBER,novi_grad,M,does_not_declare_ethnicity/nationality,56
2013,NUMBER,novi_grad,F,does_not_declare_ethnicity/nationality,81
2013,NUMBER,novo_gorazde,_T,does_not_declare_ethnicity/nationality,6
2013,NUMBER,novo_gorazde,M,does_not_declare_ethnicity/nationality,3
2013,NUMBER,novo_gorazde,F,does_not_declare_ethnicity/nationality,3
2013,NUMBER,osmaci,_T,does_not_declare_ethnicity/nationality,5
2013,NUMBER,osmaci,M,does_not_declare_ethnicity/nationality,3
2013,NUMBER,osmaci,F,does_not_declare_ethnicity/nationality,2
2013,NUMBER,ostra_luka,_T,does_not_declare_ethnicity/nationality,12
2013,NUMBER,ostra_luka,M,does_not_declare_ethnicity/nationality,4
2013,NUMBER,ostra_luka,F,does_not_declare_ethnicity/nationality,8
2013,NUMBER,pale,_T,does_not_declare_ethnicity/nationality,53
2013,NUMBER,pale,M,does_not_declare_ethnicity/nationality,20
2013,NUMBER,pale,F,does_not_declare_ethnicity/nationality,33
2013,NUMBER,pelagicevo,_T,does_not_declare_ethnicity/nationality,3
2013,NUMBER,pelagicevo,M,does_not_declare_ethnicity/nationality,1
2013,NUMBER,pelagicevo,F,does_not_declare_ethnicity/nationality,2
2013,NUMBER,petrovac,_T,does_not_declare_ethnicity/nationality,0
2013,NUMBER,petrovac,M,does_not_declare_ethnicity/nationality,0
2013,NUMBER,petrovac,F,does_not_declare_ethnicity/nationality,0
2013,NUMBER,petrovo,_T,does_not_declare_ethnicity/nationality,21
2013,NUMBER,petrovo,M,does_not_declare_ethnicity/nationality,10
2013,NUMBER,petrovo,F,does_not_declare_ethnicity/nationality,11
2013,NUMBER,grad_prijedor,_T,does_not_declare_ethnicity/nationality,718
2013,NUMBER,grad_prijedor,M,does_not_declare_ethnicity/nationality,267
2013,NUMBER,grad_prijedor,F,does_not_declare_ethnicity/nationality,451
2013,NUMBER,prnjavor,_T,does_not_declare_ethnicity/nationality,225
2013,NUMBER,prnjavor,M,does_not_declare_ethnicity/nationality,96
2013,NUMBER,prnjavor,F,does_not_declare_ethnicity/nationality,129
2013,NUMBER,ribnik,_T,does_not_declare_ethnicity/nationality,2
2013,NUMBER,ribnik,M,does_not_declare_ethnicity/nationality,0
2013,NUMBER,ribnik,F,does_not_declare_ethnicity/nationality,2
2013,NUMBER,rogatica,_T,does_not_declare_ethnicity/nationality,12
2013,NUMBER,rogatica,M,does_not_declare_ethnicity/nationality,7
2013,NUMBER,rogatica,F,does_not_declare_ethnicity/nationality,5
2013,NUMBER,rudo,_T,does_not_declare_ethnicity/nationality,5
2013,NUMBER,rudo,M,does_not_declare_ethnicity/nationality,3
2013,NUMBER,rudo,F,does_not_declare_ethnicity/nationality,2
2013,NUMBER,sokolac,_T,does_not_declare_ethnicity/nationality,13
2013,NUMBER,sokolac,M,does_not_declare_ethnicity/nationality,5
2013,NUMBER,sokolac,F,does_not_declare_ethnicity/nationality,8
2013,NUMBER,srbac,_T,does_not_declare_ethnicity/nationality,89
2013,NUMBER,srbac,M,does_not_declare_ethnicity/nationality,45
2013,NUMBER,srbac,F,does_not_declare_ethnicity/nationality,44
2013,NUMBER,srebrenica,_T,does_not_declare_ethnicity/nationality,22
2013,NUMBER,srebrenica,M,does_not_declare_ethnicity/nationality,10
2013,NUMBER,srebrenica,F,does_not_declare_ethnicity/nationality,12
2013,NUMBER,teslic,_T,does_not_declare_ethnicity/nationality,339
2013,NUMBER,teslic,M,does_not_declare_ethnicity/nationality,136
2013,NUMBER,teslic,F,does_not_declare_ethnicity/nationality,203
2013,NUMBER,grad_trebinje,_T,does_not_declare_ethnicity/nationality,180
2013,NUMBER,grad_trebinje,M,does_not_declare_ethnicity/nationality,77
2013,NUMBER,grad_trebinje,F,does_not_declare_ethnicity/nationality,103
2013,NUMBER,trnovo,_T,does_not_declare_ethnicity/nationality,9
2013,NUMBER,trnovo,M,does_not_declare_ethnicity/nationality,4
2013,NUMBER,trnovo,F,does_not_declare_ethnicity/nationality,5
2013,NUMBER,ugljevik,_T,does_not_declare_ethnicity/nationality,21
2013,NUMBER,ugljevik,M,does_not_declare_ethnicity/nationality,10
2013,NUMBER,ugljevik,F,does_not_declare_ethnicity/nationality,11
2013,NUMBER,foca,_T,does_not_declare_ethnicity/nationality,30
2013,NUMBER,foca,M,does_not_declare_ethnicity/nationality,10
2013,NUMBER,foca,F,does_not_declare_ethnicity/nationality,20
2013,NUMBER,han_pijesak,_T,does_not_declare_ethnicity/nationality,3
2013,NUMBER,han_pijesak,M,does_not_declare_ethnicity/nationality,1
2013,NUMBER,han_pijesak,F,does_not_declare_ethnicity/nationality,2
2013,NUMBER,cajnice,_T,does_not_declare_ethnicity/nationality,3
2013,NUMBER,cajnice,M,does_not_declare_ethnicity/nationality,1
2013,NUMBER,cajnice,F,does_not_declare_ethnicity/nationality,2
2013,NUMBER,celinac,_T,does_not_declare_ethnicity/nationality,35
2013,NUMBER,celinac,M,does_not_declare_ethnicity/nationality,16
2013,NUMBER,celinac,F,does_not_declare_ethnicity/nationality,19
2013,NUMBER,samac,_T,does_not_declare_ethnicity/nationality,141
2013,NUMBER,samac,M,does_not_declare_ethnicity/nationality,57
2013,NUMBER,samac,F,does_not_declare_ethnicity/nationality,84
2013,NUMBER,sekovici,_T,does_not_declare_ethnicity/nationality,5
2013,NUMBER,sekovici,M,does_not_declare_ethnicity/nationality,2
2013,NUMBER,sekovici,F,does_not_declare_ethnicity/nationality,3
2013,NUMBER,sipovo,_T,does_not_declare_ethnicity/nationality,24
2013,NUMBER,sipovo,M,does_not_declare_ethnicity/nationality,12
2013,NUMBER,sipovo,F,does_not_declare_ethnicity/nationality,12
2013,NUMBER,republika_srpska,_T,unknown_ethnicity/nationality,1997
2013,NUMBER,republika_srpska,M,unknown_ethnicity/nationality,916
2013,NUMBER,republika_srpska,F,unknown_ethnicity/nationality,1081
2013,NUMBER,grad_banja_luka,_T,unknown_ethnicity/nationality,328
2013,NUMBER,grad_banja_luka,M,unknown_ethnicity/nationality,153
2013,NUMBER,grad_banja_luka,F,unknown_ethnicity/nationality,175
2013,NUMBER,berkovici,_T,unknown_ethnicity/nationality,1
2013,NUMBER,berkovici,M,unknown_ethnicity/nationality,0
2013,NUMBER,berkovici,F,unknown_ethnicity/nationality,1
2013,NUMBER,grad_bijeljina,_T,unknown_ethnicity/nationality,90
2013,NUMBER,grad_bijeljina,M,unknown_ethnicity/nationality,37
2013,NUMBER,grad_bijeljina,F,unknown_ethnicity/nationality,53
2013,NUMBER,bileca,_T,unknown_ethnicity/nationality,11
2013,NUMBER,bileca,M,unknown_ethnicity/nationality,4
2013,NUMBER,bileca,F,unknown_ethnicity/nationality,7
2013,NUMBER,bratunac,_T,unknown_ethnicity/nationality,35
2013,NUMBER,bratunac,M,unknown_ethnicity/nationality,16
2013,NUMBER,bratunac,F,unknown_ethnicity/nationality,19
2013,NUMBER,brod,_T,unknown_ethnicity/nationality,29
2013,NUMBER,brod,M,unknown_ethnicity/nationality,12
2013,NUMBER,brod,F,unknown_ethnicity/nationality,17
2013,NUMBER,visegrad,_T,unknown_ethnicity/nationality,177
2013,NUMBER,visegrad,M,unknown_ethnicity/nationality,2
2013,NUMBER,visegrad,F,unknown_ethnicity/nationality,175
2013,NUMBER,vlasenica,_T,unknown_ethnicity/nationality,29
2013,NUMBER,vlasenica,M,unknown_ethnicity/nationality,13
2013,NUMBER,vlasenica,F,unknown_ethnicity/nationality,16
2013,NUMBER,vukosavlje,_T,unknown_ethnicity/nationality,14
2013,NUMBER,vukosavlje,M,unknown_ethnicity/nationality,3
2013,NUMBER,vukosavlje,F,unknown_ethnicity/nationality,11
2013,NUMBER,gacko,_T,unknown_ethnicity/nationality,6
2013,NUMBER,gacko,M,unknown_ethnicity/nationality,1
2013,NUMBER,gacko,F,unknown_ethnicity/nationality,5
2013,NUMBER,grad_gradiska,_T,unknown_ethnicity/nationality,42
2013,NUMBER,grad_gradiska,M,unknown_ethnicity/nationality,19
2013,NUMBER,grad_gradiska,F,unknown_ethnicity/nationality,23
2013,NUMBER,grad_derventa,_T,unknown_ethnicity/nationality,54
2013,NUMBER,grad_derventa,M,unknown_ethnicity/nationality,24
2013,NUMBER,grad_derventa,F,unknown_ethnicity/nationality,30
2013,NUMBER,grad_doboj,_T,unknown_ethnicity/nationality,163
2013,NUMBER,grad_doboj,M,unknown_ethnicity/nationality,61
2013,NUMBER,grad_doboj,F,unknown_ethnicity/nationality,102
2013,NUMBER,donji_zabar,_T,unknown_ethnicity/nationality,2
2013,NUMBER,donji_zabar,M,unknown_ethnicity/nationality,1
2013,NUMBER,donji_zabar,F,unknown_ethnicity/nationality,1
2013,NUMBER,grad_zvornik,_T,unknown_ethnicity/nationality,97
2013,NUMBER,grad_zvornik,M,unknown_ethnicity/nationality,42
2013,NUMBER,grad_zvornik,F,unknown_ethnicity/nationality,55
2013,NUMBER,istocna_ilidza,_T,unknown_ethnicity/nationality,10
2013,NUMBER,istocna_ilidza,M,unknown_ethnicity/nationality,5
2013,NUMBER,istocna_ilidza,F,unknown_ethnicity/nationality,5
2013,NUMBER,istocni_drvar,_T,unknown_ethnicity/nationality,0
2013,NUMBER,istocni_drvar,M,unknown_ethnicity/nationality,0
2013,NUMBER,istocni_drvar,F,unknown_ethnicity/nationality,0
2013,NUMBER,istocni_mostar,_T,unknown_ethnicity/nationality,2
2013,NUMBER,istocni_mostar,M,unknown_ethnicity/nationality,1
2013,NUMBER,istocni_mostar,F,unknown_ethnicity/nationality,1
2013,NUMBER,istocni_stari_grad,_T,unknown_ethnicity/nationality,1
2013,NUMBER,istocni_stari_grad,M,unknown_ethnicity/nationality,1
2013,NUMBER,istocni_stari_grad,F,unknown_ethnicity/nationality,0
2013,NUMBER,istocno_novo_sarajevo,_T,unknown_ethnicity/nationality,3
2013,NUMBER,istocno_novo_sarajevo,M,unknown_ethnicity/nationality,0
2013,NUMBER,istocno_novo_sarajevo,F,unknown_ethnicity/nationality,3
2013,NUMBER,jezero,_T,unknown_ethnicity/nationality,1
2013,NUMBER,jezero,M,unknown_ethnicity/nationality,1
2013,NUMBER,jezero,F,unknown_ethnicity/nationality,0
2013,NUMBER,kalinovik,_T,unknown_ethnicity/nationality,0
2013,NUMBER,kalinovik,M,unknown_ethnicity/nationality,0
2013,NUMBER,kalinovik,F,unknown_ethnicity/nationality,0
2013,NUMBER,knezevo,_T,unknown_ethnicity/nationality,4
2013,NUMBER,knezevo,M,unknown_ethnicity/nationality,3
2013,NUMBER,knezevo,F,unknown_ethnicity/nationality,1
2013,NUMBER,kozarska_dubica,_T,unknown_ethnicity/nationality,12
2013,NUMBER,kozarska_dubica,M,unknown_ethnicity/nationality,5
2013,NUMBER,kozarska_dubica,F,unknown_ethnicity/nationality,7
2013,NUMBER,kostajnica,_T,unknown_ethnicity/nationality,2
2013,NUMBER,kostajnica,M,unknown_ethnicity/nationality,0
2013,NUMBER,kostajnica,F,unknown_ethnicity/nationality,2
2013,NUMBER,kotor_varos,_T,unknown_ethnicity/nationality,19
2013,NUMBER,kotor_varos,M,unknown_ethnicity/nationality,14
2013,NUMBER,kotor_varos,F,unknown_ethnicity/nationality,5
2013,NUMBER,krupa_na_uni,_T,unknown_ethnicity/nationality,0
2013,NUMBER,krupa_na_uni,M,unknown_ethnicity/nationality,0
2013,NUMBER,krupa_na_uni,F,unknown_ethnicity/nationality,0
2013,NUMBER,kupres,_T,unknown_ethnicity/nationality,0
2013,NUMBER,kupres,M,unknown_ethnicity/nationality,0
2013,NUMBER,kupres,F,unknown_ethnicity/nationality,0
2013,NUMBER,laktasi,_T,unknown_ethnicity/nationality,46
2013,NUMBER,laktasi,M,unknown_ethnicity/nationality,20
2013,NUMBER,laktasi,F,unknown_ethnicity/nationality,26
2013,NUMBER,lopare,_T,unknown_ethnicity/nationality,10
2013,NUMBER,lopare,M,unknown_ethnicity/nationality,6
2013,NUMBER,lopare,F,unknown_ethnicity/nationality,4
2013,NUMBER,ljubinje,_T,unknown_ethnicity/nationality,2
2013,NUMBER,ljubinje,M,unknown_ethnicity/nationality,1
2013,NUMBER,ljubinje,F,unknown_ethnicity/nationality,1
2013,NUMBER,milici,_T,unknown_ethnicity/nationality,8
2013,NUMBER,milici,M,unknown_ethnicity/nationality,3
2013,NUMBER,milici,F,unknown_ethnicity/nationality,5
2013,NUMBER,modrica,_T,unknown_ethnicity/nationality,116
2013,NUMBER,modrica,M,unknown_ethnicity/nationality,62
2013,NUMBER,modrica,F,unknown_ethnicity/nationality,54
2013,NUMBER,mrkonjic_grad,_T,unknown_ethnicity/nationality,12
2013,NUMBER,mrkonjic_grad,M,unknown_ethnicity/nationality,6
2013,NUMBER,mrkonjic_grad,F,unknown_ethnicity/nationality,6
2013,NUMBER,nevesinje,_T,unknown_ethnicity/nationality,7
2013,NUMBER,nevesinje,M,unknown_ethnicity/nationality,2
2013,NUMBER,nevesinje,F,unknown_ethnicity/nationality,5
2013,NUMBER,novi_grad,_T,unknown_ethnicity/nationality,24
2013,NUMBER,novi_grad,M,unknown_ethnicity/nationality,13
2013,NUMBER,novi_grad,F,unknown_ethnicity/nationality,11
2013,NUMBER,novo_gorazde,_T,unknown_ethnicity/nationality,7
2013,NUMBER,novo_gorazde,M,unknown_ethnicity/nationality,2
2013,NUMBER,novo_gorazde,F,unknown_ethnicity/nationality,5
2013,NUMBER,osmaci,_T,unknown_ethnicity/nationality,4
2013,NUMBER,osmaci,M,unknown_ethnicity/nationality,2
2013,NUMBER,osmaci,F,unknown_ethnicity/nationality,2
2013,NUMBER,ostra_luka,_T,unknown_ethnicity/nationality,3
2013,NUMBER,ostra_luka,M,unknown_ethnicity/nationality,2
2013,NUMBER,ostra_luka,F,unknown_ethnicity/nationality,1
2013,NUMBER,pale,_T,unknown_ethnicity/nationality,13
2013,NUMBER,pale,M,unknown_ethnicity/nationality,9
2013,NUMBER,pale,F,unknown_ethnicity/nationality,4
2013,NUMBER,pelagicevo,_T,unknown_ethnicity/nationality,5
2013,NUMBER,pelagicevo,M,unknown_ethnicity/nationality,1
2013,NUMBER,pelagicevo,F,unknown_ethnicity/nationality,4
2013,NUMBER,petrovac,_T,unknown_ethnicity/nationality,0
2013,NUMBER,petrovac,M,unknown_ethnicity/nationality,0
2013,NUMBER,petrovac,F,unknown_ethnicity/nationality,0
2013,NUMBER,petrovo,_T,unknown_ethnicity/nationality,4
2013,NUMBER,petrovo,M,unknown_ethnicity/nationality,2
2013,NUMBER,petrovo,F,unknown_ethnicity/nationality,2
2013,NUMBER,grad_prijedor,_T,unknown_ethnicity/nationality,369
2013,NUMBER,grad_prijedor,M,unknown_ethnicity/nationality,257
2013,NUMBER,grad_prijedor,F,unknown_ethnicity/nationality,112
2013,NUMBER,prnjavor,_T,unknown_ethnicity/nationality,30
2013,NUMBER,prnjavor,M,unknown_ethnicity/nationality,10
2013,NUMBER,prnjavor,F,unknown_ethnicity/nationality,20
2013,NUMBER,ribnik,_T,unknown_ethnicity/nationality,2
2013,NUMBER,ribnik,M,unknown_ethnicity/nationality,2
2013,NUMBER,ribnik,F,unknown_ethnicity/nationality,0
2013,NUMBER,rogatica,_T,unknown_ethnicity/nationality,5
2013,NUMBER,rogatica,M,unknown_ethnicity/nationality,2
2013,NUMBER,rogatica,F,unknown_ethnicity/nationality,3
2013,NUMBER,rudo,_T,unknown_ethnicity/nationality,3
2013,NUMBER,rudo,M,unknown_ethnicity/nationality,0
2013,NUMBER,rudo,F,unknown_ethnicity/nationality,3
2013,NUMBER,sokolac,_T,unknown_ethnicity/nationality,18
2013,NUMBER,sokolac,M,unknown_ethnicity/nationality,5
2013,NUMBER,sokolac,F,unknown_ethnicity/nationality,13
2013,NUMBER,srbac,_T,unknown_ethnicity/nationality,29
2013,NUMBER,srbac,M,unknown_ethnicity/nationality,11
2013,NUMBER,srbac,F,unknown_ethnicity/nationality,18
2013,NUMBER,srebrenica,_T,unknown_ethnicity/nationality,14
2013,NUMBER,srebrenica,M,unknown_ethnicity/nationality,8
2013,NUMBER,srebrenica,F,unknown_ethnicity/nationality,6
2013,NUMBER,teslic,_T,unknown_ethnicity/nationality,44
2013,NUMBER,teslic,M,unknown_ethnicity/nationality,23
2013,NUMBER,teslic,F,unknown_ethnicity/nationality,21
2013,NUMBER,grad_trebinje,_T,unknown_ethnicity/nationality,19
2013,NUMBER,grad_trebinje,M,unknown_ethnicity/nationality,11
2013,NUMBER,grad_trebinje,F,unknown_ethnicity/nationality,8
2013,NUMBER,trnovo,_T,unknown_ethnicity/nationality,0
2013,NUMBER,trnovo,M,unknown_ethnicity/nationality,0
2013,NUMBER,trnovo,F,unknown_ethnicity/nationality,0
2013,NUMBER,ugljevik,_T,unknown_ethnicity/nationality,13
2013,NUMBER,ugljevik,M,unknown_ethnicity/nationality,11
2013,NUMBER,ugljevik,F,unknown_ethnicity/nationality,2
2013,NUMBER,foca,_T,unknown_ethnicity/nationality,12
2013,NUMBER,foca,M,unknown_ethnicity/nationality,5
2013,NUMBER,foca,F,unknown_ethnicity/nationality,7
2013,NUMBER,han_pijesak,_T,unknown_ethnicity/nationality,0
2013,NUMBER,han_pijesak,M,unknown_ethnicity/nationality,0
2013,NUMBER,han_pijesak,F,unknown_ethnicity/nationality,0
2013,NUMBER,cajnice,_T,unknown_ethnicity/nationality,5
2013,NUMBER,cajnice,M,unknown_ethnicity/nationality,2
2013,NUMBER,cajnice,F,unknown_ethnicity/nationality,3
2013,NUMBER,celinac,_T,unknown_ethnicity/nationality,9
2013,NUMBER,celinac,M,unknown_ethnicity/nationality,4
2013,NUMBER,celinac,F,unknown_ethnicity/nationality,5
2013,NUMBER,samac,_T,unknown_ethnicity/nationality,19
2013,NUMBER,samac,M,unknown_ethnicity/nationality,10
2013,NUMBER,samac,F,unknown_ethnicity/nationality,9
2013,NUMBER,sekovici,_T,unknown_ethnicity/nationality,8
2013,NUMBER,sekovici,M,unknown_ethnicity/nationality,3
2013,NUMBER,sekovici,F,unknown_ethnicity/nationality,5
2013,NUMBER,sipovo,_T,unknown_ethnicity/nationality,5
2013,NUMBER,sipovo,M,unknown_ethnicity/nationality,3
2013,NUMBER,sipovo,F,unknown_ethnicity/nationality,2
