Year,UNIT_MEASURE,Teritory,SEX,Religion,Value
2013,NUMBER,REPUBLIKA SRPSKA,_T,_T,1170342
2013,NUMBER,REPUBLIKA SRPSKA,M,_T,571812
2013,NUMBER,REPUBLIKA SRPSKA,F,_T,598530
2013,NUMBER,BANJA LUKA,_T,_T,180053
2013,NUMBER,BANJA LUKA,M,_T,86510
2013,NUMBER,BANJA LUKA,F,_T,93543
2013,NUMBER,BERKOVICI,_T,_T,2041
2013,NUMBER,BERKOVICI,M,_T,1032
2013,NUMBER,BERKOVICI,F,_T,1009
2013,NUMBER,BIJELJINA,_T,_T,103874
2013,NUMBER,BIJELJINA,M,_T,50760
2013,NUMBER,BIJELJINA,F,_T,53114
2013,NUMBER,BILECA,_T,_T,10607
2013,NUMBER,BILECA,M,_T,5346
2013,NUMBER,BILECA,F,_T,5261
2013,NUMBER,BRATUNAC,_T,_T,18651
2013,NUMBER,BRATUNAC,M,_T,9210
2013,NUMBER,BRATUNAC,F,_T,9441
2013,NUMBER,BROD,_T,_T,15720
2013,NUMBER,BROD,M,_T,7670
2013,NUMBER,BROD,F,_T,8050
2013,NUMBER,VISEGRAD,_T,_T,10118
2013,NUMBER,VISEGRAD,M,_T,4834
2013,NUMBER,VISEGRAD,F,_T,5284
2013,NUMBER,VLASENICA,_T,_T,10657
2013,NUMBER,VLASENICA,M,_T,5193
2013,NUMBER,VLASENICA,F,_T,5464
2013,NUMBER,VUKOSAVLJE,_T,_T,4363
2013,NUMBER,VUKOSAVLJE,M,_T,2185
2013,NUMBER,VUKOSAVLJE,F,_T,2178
2013,NUMBER,GACKO,_T,_T,8710
2013,NUMBER,GACKO,M,_T,4423
2013,NUMBER,GACKO,F,_T,4287
2013,NUMBER,GRADISKA,_T,_T,49196
2013,NUMBER,GRADISKA,M,_T,23944
2013,NUMBER,GRADISKA,F,_T,25252
2013,NUMBER,DERVENTA,_T,_T,25922
2013,NUMBER,DERVENTA,M,_T,12629
2013,NUMBER,DERVENTA,F,_T,13293
2013,NUMBER,DOBOJ,_T,_T,68514
2013,NUMBER,DOBOJ,M,_T,33222
2013,NUMBER,DOBOJ,F,_T,35292
2013,NUMBER,DONJI ZABAR,_T,_T,3669
2013,NUMBER,DONJI ZABAR,M,_T,1853
2013,NUMBER,DONJI ZABAR,F,_T,1816
2013,NUMBER,ZVORNIK,_T,_T,54407
2013,NUMBER,ZVORNIK,M,_T,26803
2013,NUMBER,ZVORNIK,F,_T,27604
2013,NUMBER,ISTOCNA ILIDZA,_T,_T,14437
2013,NUMBER,ISTOCNA ILIDZA,M,_T,6905
2013,NUMBER,ISTOCNA ILIDZA,F,_T,7532
2013,NUMBER,ISTOCNI DRVAR,_T,_T,66
2013,NUMBER,ISTOCNI DRVAR,M,_T,44
2013,NUMBER,ISTOCNI DRVAR,F,_T,22
2013,NUMBER,ISTOCNI MOSTAR,_T,_T,244
2013,NUMBER,ISTOCNI MOSTAR,M,_T,138
2013,NUMBER,ISTOCNI MOSTAR,F,_T,106
2013,NUMBER,ISTOCNI STARI GRAD,_T,_T,1116
2013,NUMBER,ISTOCNI STARI GRAD,M,_T,552
2013,NUMBER,ISTOCNI STARI GRAD,F,_T,564
2013,NUMBER,ISTOCNO NOVO SARAJEVO,_T,_T,10401
2013,NUMBER,ISTOCNO NOVO SARAJEVO,M,_T,4936
2013,NUMBER,ISTOCNO NOVO SARAJEVO,F,_T,5465
2013,NUMBER,JEZERO,_T,_T,1039
2013,NUMBER,JEZERO,M,_T,534
2013,NUMBER,JEZERO,F,_T,505
2013,NUMBER,KALINOVIK,_T,_T,1962
2013,NUMBER,KALINOVIK,M,_T,950
2013,NUMBER,KALINOVIK,F,_T,1012
2013,NUMBER,KNEZEVO,_T,_T,9368
2013,NUMBER,KNEZEVO,M,_T,4632
2013,NUMBER,KNEZEVO,F,_T,4736
2013,NUMBER,KOZARSKA DUBICA,_T,_T,20681
2013,NUMBER,KOZARSKA DUBICA,M,_T,10094
2013,NUMBER,KOZARSKA DUBICA,F,_T,10587
2013,NUMBER,KOSTAJNICA,_T,_T,5645
2013,NUMBER,KOSTAJNICA,M,_T,2780
2013,NUMBER,KOSTAJNICA,F,_T,2865
2013,NUMBER,KOTOR VAROS,_T,_T,18361
2013,NUMBER,KOTOR VAROS,M,_T,9007
2013,NUMBER,KOTOR VAROS,F,_T,9354
2013,NUMBER,KRUPA NA UNI,_T,_T,1560
2013,NUMBER,KRUPA NA UNI,M,_T,841
2013,NUMBER,KRUPA NA UNI,F,_T,719
2013,NUMBER,KUPRES,_T,_T,293
2013,NUMBER,KUPRES,M,_T,157
2013,NUMBER,KUPRES,F,_T,136
2013,NUMBER,LAKTASI,_T,_T,34210
2013,NUMBER,LAKTASI,M,_T,16905
2013,NUMBER,LAKTASI,F,_T,17305
2013,NUMBER,LOPARE,_T,_T,14689
2013,NUMBER,LOPARE,M,_T,7377
2013,NUMBER,LOPARE,F,_T,7312
2013,NUMBER,LJUBINJE,_T,_T,3319
2013,NUMBER,LJUBINJE,M,_T,1633
2013,NUMBER,LJUBINJE,F,_T,1686
2013,NUMBER,MILICI,_T,_T,10445
2013,NUMBER,MILICI,M,_T,5252
2013,NUMBER,MILICI,F,_T,5193
2013,NUMBER,MODRICA,_T,_T,24490
2013,NUMBER,MODRICA,M,_T,11969
2013,NUMBER,MODRICA,F,_T,12521
2013,NUMBER,MRKONJIC GRAD,_T,_T,15926
2013,NUMBER,MRKONJIC GRAD,M,_T,7660
2013,NUMBER,MRKONJIC GRAD,F,_T,8266
2013,NUMBER,NEVESINJE,_T,_T,12542
2013,NUMBER,NEVESINJE,M,_T,6236
2013,NUMBER,NEVESINJE,F,_T,6306
2013,NUMBER,NOVI GRAD,_T,_T,25240
2013,NUMBER,NOVI GRAD,M,_T,12580
2013,NUMBER,NOVI GRAD,F,_T,12660
2013,NUMBER,NOVO GORAZDE,_T,_T,2915
2013,NUMBER,NOVO GORAZDE,M,_T,1500
2013,NUMBER,NOVO GORAZDE,F,_T,1415
2013,NUMBER,OSMACI,_T,_T,5546
2013,NUMBER,OSMACI,M,_T,2779
2013,NUMBER,OSMACI,F,_T,2767
2013,NUMBER,OSTRA LUKA,_T,_T,2705
2013,NUMBER,OSTRA LUKA,M,_T,1386
2013,NUMBER,OSTRA LUKA,F,_T,1319
2013,NUMBER,PALE,_T,_T,20359
2013,NUMBER,PALE,M,_T,9744
2013,NUMBER,PALE,F,_T,10615
2013,NUMBER,PELAGICEVO,_T,_T,4358
2013,NUMBER,PELAGICEVO,M,_T,2151
2013,NUMBER,PELAGICEVO,F,_T,2207
2013,NUMBER,PETROVAC,_T,_T,354
2013,NUMBER,PETROVAC,M,_T,169
2013,NUMBER,PETROVAC,F,_T,185
2013,NUMBER,PETROVO,_T,_T,6317
2013,NUMBER,PETROVO,M,_T,3043
2013,NUMBER,PETROVO,F,_T,3274
2013,NUMBER,PRIJEDOR,_T,_T,80916
2013,NUMBER,PRIJEDOR,M,_T,39418
2013,NUMBER,PRIJEDOR,F,_T,41498
2013,NUMBER,PRNJAVOR,_T,_T,34357
2013,NUMBER,PRNJAVOR,M,_T,16675
2013,NUMBER,PRNJAVOR,F,_T,17682
2013,NUMBER,RIBNIK,_T,_T,5851
2013,NUMBER,RIBNIK,M,_T,2900
2013,NUMBER,RIBNIK,F,_T,2951
2013,NUMBER,ROGATICA,_T,_T,10302
2013,NUMBER,ROGATICA,M,_T,5053
2013,NUMBER,ROGATICA,F,_T,5249
2013,NUMBER,RUDO,_T,_T,7578
2013,NUMBER,RUDO,M,_T,3840
2013,NUMBER,RUDO,F,_T,3738
2013,NUMBER,SOKOLAC,_T,_T,11620
2013,NUMBER,SOKOLAC,M,_T,5723
2013,NUMBER,SOKOLAC,F,_T,5897
2013,NUMBER,SRBAC,_T,_T,16933
2013,NUMBER,SRBAC,M,_T,8295
2013,NUMBER,SRBAC,F,_T,8638
2013,NUMBER,SREBRENICA,_T,_T,11698
2013,NUMBER,SREBRENICA,M,_T,5714
2013,NUMBER,SREBRENICA,F,_T,5984
2013,NUMBER,TESLIC,_T,_T,37236
2013,NUMBER,TESLIC,M,_T,17894
2013,NUMBER,TESLIC,F,_T,19342
2013,NUMBER,TREBINJE,_T,_T,28239
2013,NUMBER,TREBINJE,M,_T,13760
2013,NUMBER,TREBINJE,F,_T,14479
2013,NUMBER,TRNOVO,_T,_T,1983
2013,NUMBER,TRNOVO,M,_T,953
2013,NUMBER,TRNOVO,F,_T,1030
2013,NUMBER,UGLJEVIK,_T,_T,15118
2013,NUMBER,UGLJEVIK,M,_T,7626
2013,NUMBER,UGLJEVIK,F,_T,7492
2013,NUMBER,FOCA,_T,_T,17580
2013,NUMBER,FOCA,M,_T,8880
2013,NUMBER,FOCA,F,_T,8700
2013,NUMBER,HAN PIJESAK,_T,_T,3445
2013,NUMBER,HAN PIJESAK,M,_T,1632
2013,NUMBER,HAN PIJESAK,F,_T,1813
2013,NUMBER,CAJNICE,_T,_T,4679
2013,NUMBER,CAJNICE,M,_T,2347
2013,NUMBER,CAJNICE,F,_T,2332
2013,NUMBER,CELINAC,_T,_T,15117
2013,NUMBER,CELINAC,M,_T,7477
2013,NUMBER,CELINAC,F,_T,7640
2013,NUMBER,SAMAC,_T,_T,16308
2013,NUMBER,SAMAC,M,_T,7908
2013,NUMBER,SAMAC,F,_T,8400
2013,NUMBER,SEKOVICI,_T,_T,6323
2013,NUMBER,SEKOVICI,M,_T,3103
2013,NUMBER,SEKOVICI,F,_T,3220
2013,NUMBER,SIPOVO,_T,_T,9969
2013,NUMBER,SIPOVO,M,_T,5046
2013,NUMBER,SIPOVO,F,_T,4923
2013,NUMBER,REPUBLIKA SRPSKA,_T,islam,149435
2013,NUMBER,REPUBLIKA SRPSKA,M,islam,72605
2013,NUMBER,REPUBLIKA SRPSKA,F,islam,76830
2013,NUMBER,BANJA LUKA,_T,islam,6693
2013,NUMBER,BANJA LUKA,M,islam,3053
2013,NUMBER,BANJA LUKA,F,islam,3640
2013,NUMBER,BERKOVICI,_T,islam,155
2013,NUMBER,BERKOVICI,M,islam,87
2013,NUMBER,BERKOVICI,F,islam,68
2013,NUMBER,BIJELJINA,_T,islam,12055
2013,NUMBER,BIJELJINA,M,islam,5902
2013,NUMBER,BIJELJINA,F,islam,6153
2013,NUMBER,BILECA,_T,islam,23
2013,NUMBER,BILECA,M,islam,14
2013,NUMBER,BILECA,F,islam,9
2013,NUMBER,BRATUNAC,_T,islam,6591
2013,NUMBER,BRATUNAC,M,islam,3220
2013,NUMBER,BRATUNAC,F,islam,3371
2013,NUMBER,BROD,_T,islam,1311
2013,NUMBER,BROD,M,islam,646
2013,NUMBER,BROD,F,islam,665
2013,NUMBER,VISEGRAD,_T,islam,876
2013,NUMBER,VISEGRAD,M,islam,443
2013,NUMBER,VISEGRAD,F,islam,433
2013,NUMBER,VLASENICA,_T,islam,3354
2013,NUMBER,VLASENICA,M,islam,1645
2013,NUMBER,VLASENICA,F,islam,1709
2013,NUMBER,VUKOSAVLJE,_T,islam,2154
2013,NUMBER,VUKOSAVLJE,M,islam,1105
2013,NUMBER,VUKOSAVLJE,F,islam,1049
2013,NUMBER,GACKO,_T,islam,330
2013,NUMBER,GACKO,M,islam,178
2013,NUMBER,GACKO,F,islam,152
2013,NUMBER,GRADISKA,_T,islam,6619
2013,NUMBER,GRADISKA,M,islam,3214
2013,NUMBER,GRADISKA,F,islam,3405
2013,NUMBER,DERVENTA,_T,islam,1709
2013,NUMBER,DERVENTA,M,islam,820
2013,NUMBER,DERVENTA,F,islam,889
2013,NUMBER,DOBOJ,_T,islam,14342
2013,NUMBER,DOBOJ,M,islam,6861
2013,NUMBER,DOBOJ,F,islam,7481
2013,NUMBER,DONJI ZABAR,_T,islam,4
2013,NUMBER,DONJI ZABAR,F,islam,4
2013,NUMBER,ZVORNIK,_T,islam,16791
2013,NUMBER,ZVORNIK,M,islam,8218
2013,NUMBER,ZVORNIK,F,islam,8573
2013,NUMBER,ISTOCNA ILIDZA,_T,islam,630
2013,NUMBER,ISTOCNA ILIDZA,M,islam,291
2013,NUMBER,ISTOCNA ILIDZA,F,islam,339
2013,NUMBER,ISTOCNI MOSTAR,_T,islam,77
2013,NUMBER,ISTOCNI MOSTAR,M,islam,44
2013,NUMBER,ISTOCNI MOSTAR,F,islam,33
2013,NUMBER,ISTOCNI STARI GRAD,_T,islam,38
2013,NUMBER,ISTOCNI STARI GRAD,M,islam,23
2013,NUMBER,ISTOCNI STARI GRAD,F,islam,15
2013,NUMBER,ISTOCNO NOVO SARAJEVO,_T,islam,121
2013,NUMBER,ISTOCNO NOVO SARAJEVO,M,islam,52
2013,NUMBER,ISTOCNO NOVO SARAJEVO,F,islam,69
2013,NUMBER,JEZERO,_T,islam,250
2013,NUMBER,JEZERO,M,islam,117
2013,NUMBER,JEZERO,F,islam,133
2013,NUMBER,KALINOVIK,_T,islam,42
2013,NUMBER,KALINOVIK,M,islam,19
2013,NUMBER,KALINOVIK,F,islam,23
2013,NUMBER,KNEZEVO,_T,islam,403
2013,NUMBER,KNEZEVO,M,islam,182
2013,NUMBER,KNEZEVO,F,islam,221
2013,NUMBER,KOZARSKA DUBICA,_T,islam,1902
2013,NUMBER,KOZARSKA DUBICA,M,islam,915
2013,NUMBER,KOZARSKA DUBICA,F,islam,987
2013,NUMBER,KOSTAJNICA,_T,islam,1271
2013,NUMBER,KOSTAJNICA,M,islam,623
2013,NUMBER,KOSTAJNICA,F,islam,648
2013,NUMBER,KOTOR VAROS,_T,islam,4498
2013,NUMBER,KOTOR VAROS,M,islam,2159
2013,NUMBER,KOTOR VAROS,F,islam,2339
2013,NUMBER,KRUPA NA UNI,_T,islam,3
2013,NUMBER,KRUPA NA UNI,M,islam,1
2013,NUMBER,KRUPA NA UNI,F,islam,2
2013,NUMBER,LAKTASI,_T,islam,110
2013,NUMBER,LAKTASI,M,islam,49
2013,NUMBER,LAKTASI,F,islam,61
2013,NUMBER,LOPARE,_T,islam,1315
2013,NUMBER,LOPARE,M,islam,648
2013,NUMBER,LOPARE,F,islam,667
2013,NUMBER,LJUBINJE,_T,islam,12
2013,NUMBER,LJUBINJE,M,islam,6
2013,NUMBER,LJUBINJE,F,islam,6
2013,NUMBER,MILICI,_T,islam,3538
2013,NUMBER,MILICI,M,islam,1750
2013,NUMBER,MILICI,F,islam,1788
2013,NUMBER,MODRICA,_T,islam,3032
2013,NUMBER,MODRICA,M,islam,1445
2013,NUMBER,MODRICA,F,islam,1587
2013,NUMBER,MRKONJIC GRAD,_T,islam,351
2013,NUMBER,MRKONJIC GRAD,M,islam,170
2013,NUMBER,MRKONJIC GRAD,F,islam,181
2013,NUMBER,NEVESINJE,_T,islam,508
2013,NUMBER,NEVESINJE,M,islam,260
2013,NUMBER,NEVESINJE,F,islam,248
2013,NUMBER,NOVI GRAD,_T,islam,5261
2013,NUMBER,NOVI GRAD,M,islam,2635
2013,NUMBER,NOVI GRAD,F,islam,2626
2013,NUMBER,NOVO GORAZDE,_T,islam,1319
2013,NUMBER,NOVO GORAZDE,M,islam,662
2013,NUMBER,NOVO GORAZDE,F,islam,657
2013,NUMBER,OSMACI,_T,islam,2647
2013,NUMBER,OSMACI,M,islam,1303
2013,NUMBER,OSMACI,F,islam,1344
2013,NUMBER,OSTRA LUKA,_T,islam,26
2013,NUMBER,OSTRA LUKA,M,islam,8
2013,NUMBER,OSTRA LUKA,F,islam,18
2013,NUMBER,PALE,_T,islam,160
2013,NUMBER,PALE,M,islam,83
2013,NUMBER,PALE,F,islam,77
2013,NUMBER,PELAGICEVO,_T,islam,13
2013,NUMBER,PELAGICEVO,M,islam,3
2013,NUMBER,PELAGICEVO,F,islam,10
2013,NUMBER,PETROVO,_T,islam,7
2013,NUMBER,PETROVO,M,islam,2
2013,NUMBER,PETROVO,F,islam,5
2013,NUMBER,PRIJEDOR,_T,islam,22271
2013,NUMBER,PRIJEDOR,M,islam,10662
2013,NUMBER,PRIJEDOR,F,islam,11609
2013,NUMBER,PRNJAVOR,_T,islam,2776
2013,NUMBER,PRNJAVOR,M,islam,1337
2013,NUMBER,PRNJAVOR,F,islam,1439
2013,NUMBER,ROGATICA,_T,islam,1006
2013,NUMBER,ROGATICA,M,islam,517
2013,NUMBER,ROGATICA,F,islam,489
2013,NUMBER,RUDO,_T,islam,588
2013,NUMBER,RUDO,M,islam,306
2013,NUMBER,RUDO,F,islam,282
2013,NUMBER,SOKOLAC,_T,islam,620
2013,NUMBER,SOKOLAC,M,islam,325
2013,NUMBER,SOKOLAC,F,islam,295
2013,NUMBER,SRBAC,_T,islam,399
2013,NUMBER,SRBAC,M,islam,184
2013,NUMBER,SRBAC,F,islam,215
2013,NUMBER,SREBRENICA,_T,islam,6134
2013,NUMBER,SREBRENICA,M,islam,2916
2013,NUMBER,SREBRENICA,F,islam,3218
2013,NUMBER,TESLIC,_T,islam,6932
2013,NUMBER,TESLIC,M,islam,3410
2013,NUMBER,TESLIC,F,islam,3522
2013,NUMBER,TREBINJE,_T,islam,848
2013,NUMBER,TREBINJE,M,islam,415
2013,NUMBER,TREBINJE,F,islam,433
2013,NUMBER,TRNOVO,_T,islam,802
2013,NUMBER,TRNOVO,M,islam,395
2013,NUMBER,TRNOVO,F,islam,407
2013,NUMBER,UGLJEVIK,_T,islam,2002
2013,NUMBER,UGLJEVIK,M,islam,977
2013,NUMBER,UGLJEVIK,F,islam,1025
2013,NUMBER,FOCA,_T,islam,1173
2013,NUMBER,FOCA,M,islam,630
2013,NUMBER,FOCA,F,islam,543
2013,NUMBER,HAN PIJESAK,_T,islam,435
2013,NUMBER,HAN PIJESAK,M,islam,212
2013,NUMBER,HAN PIJESAK,F,islam,223
2013,NUMBER,CAJNICE,_T,islam,836
2013,NUMBER,CAJNICE,M,islam,440
2013,NUMBER,CAJNICE,F,islam,396
2013,NUMBER,CELINAC,_T,islam,406
2013,NUMBER,CELINAC,M,islam,203
2013,NUMBER,CELINAC,F,islam,203
2013,NUMBER,SAMAC,_T,islam,976
2013,NUMBER,SAMAC,M,islam,471
2013,NUMBER,SAMAC,F,islam,505
2013,NUMBER,SEKOVICI,_T,islam,107
2013,NUMBER,SEKOVICI,M,islam,54
2013,NUMBER,SEKOVICI,F,islam,53
2013,NUMBER,SIPOVO,_T,islam,583
2013,NUMBER,SIPOVO,M,islam,295
2013,NUMBER,SIPOVO,F,islam,288
2013,NUMBER,REPUBLIKA SRPSKA,_T,catholic,25763
2013,NUMBER,REPUBLIKA SRPSKA,M,catholic,10431
2013,NUMBER,REPUBLIKA SRPSKA,F,catholic,15332
2013,NUMBER,BANJA LUKA,_T,catholic,4637
2013,NUMBER,BANJA LUKA,M,catholic,1585
2013,NUMBER,BANJA LUKA,F,catholic,3052
2013,NUMBER,BERKOVICI,_T,catholic,6
2013,NUMBER,BERKOVICI,M,catholic,1
2013,NUMBER,BERKOVICI,F,catholic,5
2013,NUMBER,BIJELJINA,_T,catholic,508
2013,NUMBER,BIJELJINA,M,catholic,103
2013,NUMBER,BIJELJINA,F,catholic,405
2013,NUMBER,BILECA,_T,catholic,18
2013,NUMBER,BILECA,M,catholic,2
2013,NUMBER,BILECA,F,catholic,16
2013,NUMBER,BRATUNAC,_T,catholic,26
2013,NUMBER,BRATUNAC,M,catholic,3
2013,NUMBER,BRATUNAC,F,catholic,23
2013,NUMBER,BROD,_T,catholic,2925
2013,NUMBER,BROD,M,catholic,1360
2013,NUMBER,BROD,F,catholic,1565
2013,NUMBER,VISEGRAD,_T,catholic,33
2013,NUMBER,VISEGRAD,M,catholic,6
2013,NUMBER,VISEGRAD,F,catholic,27
2013,NUMBER,VLASENICA,_T,catholic,22
2013,NUMBER,VLASENICA,M,catholic,4
2013,NUMBER,VLASENICA,F,catholic,18
2013,NUMBER,VUKOSAVLJE,_T,catholic,680
2013,NUMBER,VUKOSAVLJE,M,catholic,325
2013,NUMBER,VUKOSAVLJE,F,catholic,355
2013,NUMBER,GACKO,_T,catholic,10
2013,NUMBER,GACKO,M,catholic,4
2013,NUMBER,GACKO,F,catholic,6
2013,NUMBER,GRADISKA,_T,catholic,865
2013,NUMBER,GRADISKA,M,catholic,303
2013,NUMBER,GRADISKA,F,catholic,562
2013,NUMBER,DERVENTA,_T,catholic,2109
2013,NUMBER,DERVENTA,M,catholic,999
2013,NUMBER,DERVENTA,F,catholic,1110
2013,NUMBER,DOBOJ,_T,catholic,1448
2013,NUMBER,DOBOJ,M,catholic,532
2013,NUMBER,DOBOJ,F,catholic,916
2013,NUMBER,DONJI ZABAR,_T,catholic,977
2013,NUMBER,DONJI ZABAR,M,catholic,490
2013,NUMBER,DONJI ZABAR,F,catholic,487
2013,NUMBER,ZVORNIK,_T,catholic,83
2013,NUMBER,ZVORNIK,M,catholic,6
2013,NUMBER,ZVORNIK,F,catholic,77
2013,NUMBER,ISTOCNA ILIDZA,_T,catholic,142
2013,NUMBER,ISTOCNA ILIDZA,M,catholic,36
2013,NUMBER,ISTOCNA ILIDZA,F,catholic,106
2013,NUMBER,ISTOCNI DRVAR,_T,catholic,1
2013,NUMBER,ISTOCNI DRVAR,F,catholic,1
2013,NUMBER,ISTOCNI MOSTAR,_T,catholic,11
2013,NUMBER,ISTOCNI MOSTAR,M,catholic,8
2013,NUMBER,ISTOCNI MOSTAR,F,catholic,3
2013,NUMBER,ISTOCNI STARI GRAD,_T,catholic,5
2013,NUMBER,ISTOCNI STARI GRAD,F,catholic,5
2013,NUMBER,ISTOCNO NOVO SARAJEVO,_T,catholic,101
2013,NUMBER,ISTOCNO NOVO SARAJEVO,M,catholic,28
2013,NUMBER,ISTOCNO NOVO SARAJEVO,F,catholic,73
2013,NUMBER,JEZERO,_T,catholic,4
2013,NUMBER,JEZERO,M,catholic,2
2013,NUMBER,JEZERO,F,catholic,2
2013,NUMBER,KALINOVIK,_T,catholic,5
2013,NUMBER,KALINOVIK,M,catholic,2
2013,NUMBER,KALINOVIK,F,catholic,3
2013,NUMBER,KNEZEVO,_T,catholic,17
2013,NUMBER,KNEZEVO,M,catholic,4
2013,NUMBER,KNEZEVO,F,catholic,13
2013,NUMBER,KOZARSKA DUBICA,_T,catholic,250
2013,NUMBER,KOZARSKA DUBICA,M,catholic,72
2013,NUMBER,KOZARSKA DUBICA,F,catholic,178
2013,NUMBER,KOSTAJNICA,_T,catholic,84
2013,NUMBER,KOSTAJNICA,M,catholic,26
2013,NUMBER,KOSTAJNICA,F,catholic,58
2013,NUMBER,KOTOR VAROS,_T,catholic,788
2013,NUMBER,KOTOR VAROS,M,catholic,365
2013,NUMBER,KOTOR VAROS,F,catholic,423
2013,NUMBER,KRUPA NA UNI,_T,catholic,2
2013,NUMBER,KRUPA NA UNI,F,catholic,2
2013,NUMBER,LAKTASI,_T,catholic,497
2013,NUMBER,LAKTASI,M,catholic,166
2013,NUMBER,LAKTASI,F,catholic,331
2013,NUMBER,LOPARE,_T,catholic,40
2013,NUMBER,LOPARE,M,catholic,5
2013,NUMBER,LOPARE,F,catholic,35
2013,NUMBER,LJUBINJE,_T,catholic,5
2013,NUMBER,LJUBINJE,M,catholic,1
2013,NUMBER,LJUBINJE,F,catholic,4
2013,NUMBER,MILICI,_T,catholic,17
2013,NUMBER,MILICI,M,catholic,5
2013,NUMBER,MILICI,F,catholic,12
2013,NUMBER,MODRICA,_T,catholic,1365
2013,NUMBER,MODRICA,M,catholic,651
2013,NUMBER,MODRICA,F,catholic,714
2013,NUMBER,MRKONJIC GRAD,_T,catholic,146
2013,NUMBER,MRKONJIC GRAD,M,catholic,56
2013,NUMBER,MRKONJIC GRAD,F,catholic,90
2013,NUMBER,NEVESINJE,_T,catholic,21
2013,NUMBER,NEVESINJE,M,catholic,5
2013,NUMBER,NEVESINJE,F,catholic,16
2013,NUMBER,NOVI GRAD,_T,catholic,152
2013,NUMBER,NOVI GRAD,M,catholic,47
2013,NUMBER,NOVI GRAD,F,catholic,105
2013,NUMBER,NOVO GORAZDE,_T,catholic,2
2013,NUMBER,NOVO GORAZDE,M,catholic,1
2013,NUMBER,NOVO GORAZDE,F,catholic,1
2013,NUMBER,OSMACI,_T,catholic,4
2013,NUMBER,OSMACI,F,catholic,4
2013,NUMBER,OSTRA LUKA,_T,catholic,131
2013,NUMBER,OSTRA LUKA,M,catholic,62
2013,NUMBER,OSTRA LUKA,F,catholic,69
2013,NUMBER,PALE,_T,catholic,116
2013,NUMBER,PALE,M,catholic,30
2013,NUMBER,PALE,F,catholic,86
2013,NUMBER,PELAGICEVO,_T,catholic,1180
2013,NUMBER,PELAGICEVO,M,catholic,578
2013,NUMBER,PELAGICEVO,F,catholic,602
2013,NUMBER,PETROVO,_T,catholic,35
2013,NUMBER,PETROVO,M,catholic,10
2013,NUMBER,PETROVO,F,catholic,25
2013,NUMBER,PRIJEDOR,_T,catholic,1544
2013,NUMBER,PRIJEDOR,M,catholic,587
2013,NUMBER,PRIJEDOR,F,catholic,957
2013,NUMBER,PRNJAVOR,_T,catholic,645
2013,NUMBER,PRNJAVOR,M,catholic,255
2013,NUMBER,PRNJAVOR,F,catholic,390
2013,NUMBER,RIBNIK,_T,catholic,7
2013,NUMBER,RIBNIK,M,catholic,1
2013,NUMBER,RIBNIK,F,catholic,6
2013,NUMBER,ROGATICA,_T,catholic,16
2013,NUMBER,ROGATICA,M,catholic,1
2013,NUMBER,ROGATICA,F,catholic,15
2013,NUMBER,RUDO,_T,catholic,3
2013,NUMBER,RUDO,M,catholic,1
2013,NUMBER,RUDO,F,catholic,2
2013,NUMBER,SOKOLAC,_T,catholic,23
2013,NUMBER,SOKOLAC,M,catholic,3
2013,NUMBER,SOKOLAC,F,catholic,20
2013,NUMBER,SRBAC,_T,catholic,153
2013,NUMBER,SRBAC,M,catholic,37
2013,NUMBER,SRBAC,F,catholic,116
2013,NUMBER,SREBRENICA,_T,catholic,17
2013,NUMBER,SREBRENICA,M,catholic,7
2013,NUMBER,SREBRENICA,F,catholic,10
2013,NUMBER,TESLIC,_T,catholic,1292
2013,NUMBER,TESLIC,M,catholic,552
2013,NUMBER,TESLIC,F,catholic,740
2013,NUMBER,TREBINJE,_T,catholic,293
2013,NUMBER,TREBINJE,M,catholic,90
2013,NUMBER,TREBINJE,F,catholic,203
2013,NUMBER,TRNOVO,_T,catholic,15
2013,NUMBER,TRNOVO,M,catholic,2
2013,NUMBER,TRNOVO,F,catholic,13
2013,NUMBER,UGLJEVIK,_T,catholic,39
2013,NUMBER,UGLJEVIK,M,catholic,7
2013,NUMBER,UGLJEVIK,F,catholic,32
2013,NUMBER,FOCA,_T,catholic,64
2013,NUMBER,FOCA,M,catholic,20
2013,NUMBER,FOCA,F,catholic,44
2013,NUMBER,HAN PIJESAK,_T,catholic,5
2013,NUMBER,HAN PIJESAK,F,catholic,5
2013,NUMBER,CAJNICE,_T,catholic,5
2013,NUMBER,CAJNICE,F,catholic,5
2013,NUMBER,CELINAC,_T,catholic,58
2013,NUMBER,CELINAC,M,catholic,14
2013,NUMBER,CELINAC,F,catholic,44
2013,NUMBER,SAMAC,_T,catholic,2091
2013,NUMBER,SAMAC,M,catholic,969
2013,NUMBER,SAMAC,F,catholic,1122
2013,NUMBER,SEKOVICI,_T,catholic,7
2013,NUMBER,SEKOVICI,F,catholic,7
2013,NUMBER,SIPOVO,_T,catholic,18
2013,NUMBER,SIPOVO,M,catholic,2
2013,NUMBER,SIPOVO,F,catholic,16
2013,NUMBER,REPUBLIKA SRPSKA,_T,ortodox,969315
2013,NUMBER,REPUBLIKA SRPSKA,M,ortodox,476184
2013,NUMBER,REPUBLIKA SRPSKA,F,ortodox,493131
2013,NUMBER,BANJA LUKA,_T,ortodox,161267
2013,NUMBER,BANJA LUKA,M,ortodox,78266
2013,NUMBER,BANJA LUKA,F,ortodox,83001
2013,NUMBER,BERKOVICI,_T,ortodox,1873
2013,NUMBER,BERKOVICI,M,ortodox,940
2013,NUMBER,BERKOVICI,F,ortodox,933
2013,NUMBER,BIJELJINA,_T,ortodox,89144
2013,NUMBER,BIJELJINA,M,ortodox,43682
2013,NUMBER,BIJELJINA,F,ortodox,45462
2013,NUMBER,BILECA,_T,ortodox,10490
2013,NUMBER,BILECA,M,ortodox,5291
2013,NUMBER,BILECA,F,ortodox,5199
2013,NUMBER,BRATUNAC,_T,ortodox,11726
2013,NUMBER,BRATUNAC,M,ortodox,5835
2013,NUMBER,BRATUNAC,F,ortodox,5891
2013,NUMBER,BROD,_T,ortodox,11066
2013,NUMBER,BROD,M,ortodox,5474
2013,NUMBER,BROD,F,ortodox,5592
2013,NUMBER,VISEGRAD,_T,ortodox,8913
2013,NUMBER,VISEGRAD,M,ortodox,4315
2013,NUMBER,VISEGRAD,F,ortodox,4598
2013,NUMBER,VLASENICA,_T,ortodox,7111
2013,NUMBER,VLASENICA,M,ortodox,3473
2013,NUMBER,VLASENICA,F,ortodox,3638
2013,NUMBER,VUKOSAVLJE,_T,ortodox,1442
2013,NUMBER,VUKOSAVLJE,M,ortodox,713
2013,NUMBER,VUKOSAVLJE,F,ortodox,729
2013,NUMBER,GACKO,_T,ortodox,8337
2013,NUMBER,GACKO,M,ortodox,4228
2013,NUMBER,GACKO,F,ortodox,4109
2013,NUMBER,GRADISKA,_T,ortodox,40702
2013,NUMBER,GRADISKA,M,ortodox,19929
2013,NUMBER,GRADISKA,F,ortodox,20773
2013,NUMBER,DERVENTA,_T,ortodox,21541
2013,NUMBER,DERVENTA,M,ortodox,10537
2013,NUMBER,DERVENTA,F,ortodox,11004
2013,NUMBER,DOBOJ,_T,ortodox,50744
2013,NUMBER,DOBOJ,M,ortodox,24842
2013,NUMBER,DOBOJ,F,ortodox,25902
2013,NUMBER,DONJI ZABAR,_T,ortodox,2658
2013,NUMBER,DONJI ZABAR,M,ortodox,1352
2013,NUMBER,DONJI ZABAR,F,ortodox,1306
2013,NUMBER,ZVORNIK,_T,ortodox,37114
2013,NUMBER,ZVORNIK,M,ortodox,18378
2013,NUMBER,ZVORNIK,F,ortodox,18736
2013,NUMBER,ISTOCNA ILIDZA,_T,ortodox,13458
2013,NUMBER,ISTOCNA ILIDZA,M,ortodox,6479
2013,NUMBER,ISTOCNA ILIDZA,F,ortodox,6979
2013,NUMBER,ISTOCNI DRVAR,_T,ortodox,65
2013,NUMBER,ISTOCNI DRVAR,M,ortodox,44
2013,NUMBER,ISTOCNI DRVAR,F,ortodox,21
2013,NUMBER,ISTOCNI MOSTAR,_T,ortodox,153
2013,NUMBER,ISTOCNI MOSTAR,M,ortodox,84
2013,NUMBER,ISTOCNI MOSTAR,F,ortodox,69
2013,NUMBER,ISTOCNI STARI GRAD,_T,ortodox,1058
2013,NUMBER,ISTOCNI STARI GRAD,M,ortodox,520
2013,NUMBER,ISTOCNI STARI GRAD,F,ortodox,538
2013,NUMBER,ISTOCNO NOVO SARAJEVO,_T,ortodox,10044
2013,NUMBER,ISTOCNO NOVO SARAJEVO,M,ortodox,4796
2013,NUMBER,ISTOCNO NOVO SARAJEVO,F,ortodox,5248
2013,NUMBER,JEZERO,_T,ortodox,780
2013,NUMBER,JEZERO,M,ortodox,412
2013,NUMBER,JEZERO,F,ortodox,368
2013,NUMBER,KALINOVIK,_T,ortodox,1905
2013,NUMBER,KALINOVIK,M,ortodox,923
2013,NUMBER,KALINOVIK,F,ortodox,982
2013,NUMBER,KNEZEVO,_T,ortodox,8866
2013,NUMBER,KNEZEVO,M,ortodox,4408
2013,NUMBER,KNEZEVO,F,ortodox,4458
2013,NUMBER,KOZARSKA DUBICA,_T,ortodox,18103
2013,NUMBER,KOZARSKA DUBICA,M,ortodox,8909
2013,NUMBER,KOZARSKA DUBICA,F,ortodox,9194
2013,NUMBER,KOSTAJNICA,_T,ortodox,4190
2013,NUMBER,KOSTAJNICA,M,ortodox,2080
2013,NUMBER,KOSTAJNICA,F,ortodox,2110
2013,NUMBER,KOTOR VAROS,_T,ortodox,12645
2013,NUMBER,KOTOR VAROS,M,ortodox,6263
2013,NUMBER,KOTOR VAROS,F,ortodox,6382
2013,NUMBER,KRUPA NA UNI,_T,ortodox,1554
2013,NUMBER,KRUPA NA UNI,M,ortodox,840
2013,NUMBER,KRUPA NA UNI,F,ortodox,714
2013,NUMBER,KUPRES,_T,ortodox,292
2013,NUMBER,KUPRES,M,ortodox,156
2013,NUMBER,KUPRES,F,ortodox,136
2013,NUMBER,LAKTASI,_T,ortodox,32907
2013,NUMBER,LAKTASI,M,ortodox,16334
2013,NUMBER,LAKTASI,F,ortodox,16573
2013,NUMBER,LOPARE,_T,ortodox,13273
2013,NUMBER,LOPARE,M,ortodox,6700
2013,NUMBER,LOPARE,F,ortodox,6573
2013,NUMBER,LJUBINJE,_T,ortodox,3295
2013,NUMBER,LJUBINJE,M,ortodox,1621
2013,NUMBER,LJUBINJE,F,ortodox,1674
2013,NUMBER,MILICI,_T,ortodox,6835
2013,NUMBER,MILICI,M,ortodox,3469
2013,NUMBER,MILICI,F,ortodox,3366
2013,NUMBER,MODRICA,_T,ortodox,19482
2013,NUMBER,MODRICA,M,ortodox,9579
2013,NUMBER,MODRICA,F,ortodox,9903
2013,NUMBER,MRKONJIC GRAD,_T,ortodox,15334
2013,NUMBER,MRKONJIC GRAD,M,ortodox,7387
2013,NUMBER,MRKONJIC GRAD,F,ortodox,7947
2013,NUMBER,NEVESINJE,_T,ortodox,11973
2013,NUMBER,NEVESINJE,M,ortodox,5955
2013,NUMBER,NEVESINJE,F,ortodox,6018
2013,NUMBER,NOVI GRAD,_T,ortodox,19443
2013,NUMBER,NOVI GRAD,M,ortodox,9725
2013,NUMBER,NOVI GRAD,F,ortodox,9718
2013,NUMBER,NOVO GORAZDE,_T,ortodox,1563
2013,NUMBER,NOVO GORAZDE,M,ortodox,822
2013,NUMBER,NOVO GORAZDE,F,ortodox,741
2013,NUMBER,OSMACI,_T,ortodox,2848
2013,NUMBER,OSMACI,M,ortodox,1446
2013,NUMBER,OSMACI,F,ortodox,1402
2013,NUMBER,OSTRA LUKA,_T,ortodox,2503
2013,NUMBER,OSTRA LUKA,M,ortodox,1290
2013,NUMBER,OSTRA LUKA,F,ortodox,1213
2013,NUMBER,PALE,_T,ortodox,19901
2013,NUMBER,PALE,M,ortodox,9546
2013,NUMBER,PALE,F,ortodox,10355
2013,NUMBER,PELAGICEVO,_T,ortodox,3152
2013,NUMBER,PELAGICEVO,M,ortodox,1566
2013,NUMBER,PELAGICEVO,F,ortodox,1586
2013,NUMBER,PETROVAC,_T,ortodox,352
2013,NUMBER,PETROVAC,M,ortodox,168
2013,NUMBER,PETROVAC,F,ortodox,184
2013,NUMBER,PETROVO,_T,ortodox,6221
2013,NUMBER,PETROVO,M,ortodox,3004
2013,NUMBER,PETROVO,F,ortodox,3217
2013,NUMBER,PRIJEDOR,_T,ortodox,53842
2013,NUMBER,PRIJEDOR,M,ortodox,26540
2013,NUMBER,PRIJEDOR,F,ortodox,27302
2013,NUMBER,PRNJAVOR,_T,ortodox,29944
2013,NUMBER,PRNJAVOR,M,ortodox,14579
2013,NUMBER,PRNJAVOR,F,ortodox,15365
2013,NUMBER,RIBNIK,_T,ortodox,5824
2013,NUMBER,RIBNIK,M,ortodox,2886
2013,NUMBER,RIBNIK,F,ortodox,2938
2013,NUMBER,ROGATICA,_T,ortodox,9199
2013,NUMBER,ROGATICA,M,ortodox,4492
2013,NUMBER,ROGATICA,F,ortodox,4707
2013,NUMBER,RUDO,_T,ortodox,6968
2013,NUMBER,RUDO,M,ortodox,3521
2013,NUMBER,RUDO,F,ortodox,3447
2013,NUMBER,SOKOLAC,_T,ortodox,10897
2013,NUMBER,SOKOLAC,M,ortodox,5356
2013,NUMBER,SOKOLAC,F,ortodox,5541
2013,NUMBER,SRBAC,_T,ortodox,16110
2013,NUMBER,SRBAC,M,ortodox,7932
2013,NUMBER,SRBAC,F,ortodox,8178
2013,NUMBER,SREBRENICA,_T,ortodox,5418
2013,NUMBER,SREBRENICA,M,ortodox,2721
2013,NUMBER,SREBRENICA,F,ortodox,2697
2013,NUMBER,TESLIC,_T,ortodox,28140
2013,NUMBER,TESLIC,M,ortodox,13523
2013,NUMBER,TESLIC,F,ortodox,14617
2013,NUMBER,TREBINJE,_T,ortodox,26669
2013,NUMBER,TREBINJE,M,ortodox,13054
2013,NUMBER,TREBINJE,F,ortodox,13615
2013,NUMBER,TRNOVO,_T,ortodox,1135
2013,NUMBER,TRNOVO,M,ortodox,537
2013,NUMBER,TRNOVO,F,ortodox,598
2013,NUMBER,UGLJEVIK,_T,ortodox,13016
2013,NUMBER,UGLJEVIK,M,ortodox,6602
2013,NUMBER,UGLJEVIK,F,ortodox,6414
2013,NUMBER,FOCA,_T,ortodox,16163
2013,NUMBER,FOCA,M,ortodox,8138
2013,NUMBER,FOCA,F,ortodox,8025
2013,NUMBER,HAN PIJESAK,_T,ortodox,2998
2013,NUMBER,HAN PIJESAK,M,ortodox,1416
2013,NUMBER,HAN PIJESAK,F,ortodox,1582
2013,NUMBER,CAJNICE,_T,ortodox,3812
2013,NUMBER,CAJNICE,M,ortodox,1895
2013,NUMBER,CAJNICE,F,ortodox,1917
2013,NUMBER,CELINAC,_T,ortodox,14538
2013,NUMBER,CELINAC,M,ortodox,7205
2013,NUMBER,CELINAC,F,ortodox,7333
2013,NUMBER,SAMAC,_T,ortodox,12833
2013,NUMBER,SAMAC,M,ortodox,6262
2013,NUMBER,SAMAC,F,ortodox,6571
2013,NUMBER,SEKOVICI,_T,ortodox,6188
2013,NUMBER,SEKOVICI,M,ortodox,3035
2013,NUMBER,SEKOVICI,F,ortodox,3153
2013,NUMBER,SIPOVO,_T,ortodox,9298
2013,NUMBER,SIPOVO,M,ortodox,4709
2013,NUMBER,SIPOVO,F,ortodox,4589
2013,NUMBER,REPUBLIKA SRPSKA,_T,agnostic,1223
2013,NUMBER,REPUBLIKA SRPSKA,M,agnostic,610
2013,NUMBER,REPUBLIKA SRPSKA,F,agnostic,613
2013,NUMBER,BANJA LUKA,_T,agnostic,592
2013,NUMBER,BANJA LUKA,M,agnostic,285
2013,NUMBER,BANJA LUKA,F,agnostic,307
2013,NUMBER,BIJELJINA,_T,agnostic,60
2013,NUMBER,BIJELJINA,M,agnostic,33
2013,NUMBER,BIJELJINA,F,agnostic,27
2013,NUMBER,BILECA,_T,agnostic,1
2013,NUMBER,BILECA,M,agnostic,1
2013,NUMBER,BRATUNAC,_T,agnostic,2
2013,NUMBER,BRATUNAC,M,agnostic,1
2013,NUMBER,BRATUNAC,F,agnostic,1
2013,NUMBER,BROD,_T,agnostic,15
2013,NUMBER,BROD,M,agnostic,7
2013,NUMBER,BROD,F,agnostic,8
2013,NUMBER,VISEGRAD,_T,agnostic,2
2013,NUMBER,VISEGRAD,M,agnostic,2
2013,NUMBER,VLASENICA,_T,agnostic,2
2013,NUMBER,VLASENICA,M,agnostic,1
2013,NUMBER,VLASENICA,F,agnostic,1
2013,NUMBER,VUKOSAVLJE,_T,agnostic,1
2013,NUMBER,VUKOSAVLJE,M,agnostic,1
2013,NUMBER,GACKO,_T,agnostic,1
2013,NUMBER,GACKO,F,agnostic,1
2013,NUMBER,GRADISKA,_T,agnostic,45
2013,NUMBER,GRADISKA,M,agnostic,28
2013,NUMBER,GRADISKA,F,agnostic,17
2013,NUMBER,DERVENTA,_T,agnostic,19
2013,NUMBER,DERVENTA,M,agnostic,9
2013,NUMBER,DERVENTA,F,agnostic,10
2013,NUMBER,DOBOJ,_T,agnostic,71
2013,NUMBER,DOBOJ,M,agnostic,40
2013,NUMBER,DOBOJ,F,agnostic,31
2013,NUMBER,DONJI ZABAR,_T,agnostic,1
2013,NUMBER,DONJI ZABAR,F,agnostic,1
2013,NUMBER,ZVORNIK,_T,agnostic,9
2013,NUMBER,ZVORNIK,M,agnostic,5
2013,NUMBER,ZVORNIK,F,agnostic,4
2013,NUMBER,ISTOCNA ILIDZA,_T,agnostic,17
2013,NUMBER,ISTOCNA ILIDZA,M,agnostic,8
2013,NUMBER,ISTOCNA ILIDZA,F,agnostic,9
2013,NUMBER,ISTOCNO NOVO SARAJEVO,_T,agnostic,23
2013,NUMBER,ISTOCNO NOVO SARAJEVO,M,agnostic,8
2013,NUMBER,ISTOCNO NOVO SARAJEVO,F,agnostic,15
2013,NUMBER,KALINOVIK,_T,agnostic,2
2013,NUMBER,KALINOVIK,F,agnostic,2
2013,NUMBER,KOZARSKA DUBICA,_T,agnostic,17
2013,NUMBER,KOZARSKA DUBICA,M,agnostic,5
2013,NUMBER,KOZARSKA DUBICA,F,agnostic,12
2013,NUMBER,KOSTAJNICA,_T,agnostic,3
2013,NUMBER,KOSTAJNICA,M,agnostic,3
2013,NUMBER,KOTOR VAROS,_T,agnostic,10
2013,NUMBER,KOTOR VAROS,M,agnostic,6
2013,NUMBER,KOTOR VAROS,F,agnostic,4
2013,NUMBER,LAKTASI,_T,agnostic,35
2013,NUMBER,LAKTASI,M,agnostic,19
2013,NUMBER,LAKTASI,F,agnostic,16
2013,NUMBER,LOPARE,_T,agnostic,4
2013,NUMBER,LOPARE,F,agnostic,4
2013,NUMBER,MODRICA,_T,agnostic,26
2013,NUMBER,MODRICA,M,agnostic,13
2013,NUMBER,MODRICA,F,agnostic,13
2013,NUMBER,MRKONJIC GRAD,_T,agnostic,8
2013,NUMBER,MRKONJIC GRAD,M,agnostic,5
2013,NUMBER,MRKONJIC GRAD,F,agnostic,3
2013,NUMBER,NEVESINJE,_T,agnostic,3
2013,NUMBER,NEVESINJE,M,agnostic,1
2013,NUMBER,NEVESINJE,F,agnostic,2
2013,NUMBER,NOVI GRAD,_T,agnostic,9
2013,NUMBER,NOVI GRAD,M,agnostic,5
2013,NUMBER,NOVI GRAD,F,agnostic,4
2013,NUMBER,OSTRA LUKA,_T,agnostic,2
2013,NUMBER,OSTRA LUKA,M,agnostic,1
2013,NUMBER,OSTRA LUKA,F,agnostic,1
2013,NUMBER,PALE,_T,agnostic,15
2013,NUMBER,PALE,M,agnostic,9
2013,NUMBER,PALE,F,agnostic,6
2013,NUMBER,PETROVO,_T,agnostic,1
2013,NUMBER,PETROVO,M,agnostic,1
2013,NUMBER,PRIJEDOR,_T,agnostic,84
2013,NUMBER,PRIJEDOR,M,agnostic,48
2013,NUMBER,PRIJEDOR,F,agnostic,36
2013,NUMBER,PRNJAVOR,_T,agnostic,25
2013,NUMBER,PRNJAVOR,M,agnostic,11
2013,NUMBER,PRNJAVOR,F,agnostic,14
2013,NUMBER,ROGATICA,_T,agnostic,2
2013,NUMBER,ROGATICA,M,agnostic,2
2013,NUMBER,RUDO,_T,agnostic,1
2013,NUMBER,RUDO,M,agnostic,1
2013,NUMBER,SOKOLAC,_T,agnostic,2
2013,NUMBER,SOKOLAC,F,agnostic,2
2013,NUMBER,SRBAC,_T,agnostic,7
2013,NUMBER,SRBAC,M,agnostic,5
2013,NUMBER,SRBAC,F,agnostic,2
2013,NUMBER,SREBRENICA,_T,agnostic,1
2013,NUMBER,SREBRENICA,F,agnostic,1
2013,NUMBER,TESLIC,_T,agnostic,37
2013,NUMBER,TESLIC,M,agnostic,15
2013,NUMBER,TESLIC,F,agnostic,22
2013,NUMBER,TREBINJE,_T,agnostic,32
2013,NUMBER,TREBINJE,M,agnostic,14
2013,NUMBER,TREBINJE,F,agnostic,18
2013,NUMBER,TRNOVO,_T,agnostic,3
2013,NUMBER,TRNOVO,M,agnostic,2
2013,NUMBER,TRNOVO,F,agnostic,1
2013,NUMBER,UGLJEVIK,_T,agnostic,1
2013,NUMBER,UGLJEVIK,M,agnostic,1
2013,NUMBER,FOCA,_T,agnostic,3
2013,NUMBER,FOCA,M,agnostic,1
2013,NUMBER,FOCA,F,agnostic,2
2013,NUMBER,HAN PIJESAK,_T,agnostic,1
2013,NUMBER,HAN PIJESAK,F,agnostic,1
2013,NUMBER,CAJNICE,_T,agnostic,1
2013,NUMBER,CAJNICE,F,agnostic,1
2013,NUMBER,CELINAC,_T,agnostic,8
2013,NUMBER,CELINAC,M,agnostic,4
2013,NUMBER,CELINAC,F,agnostic,4
2013,NUMBER,SAMAC,_T,agnostic,18
2013,NUMBER,SAMAC,M,agnostic,8
2013,NUMBER,SAMAC,F,agnostic,10
2013,NUMBER,SEKOVICI,_T,agnostic,1
2013,NUMBER,SEKOVICI,M,agnostic,1
2013,NUMBER,REPUBLIKA SRPSKA,_T,atheist,5784
2013,NUMBER,REPUBLIKA SRPSKA,M,atheist,3146
2013,NUMBER,REPUBLIKA SRPSKA,F,atheist,2638
2013,NUMBER,BANJA LUKA,_T,atheist,2593
2013,NUMBER,BANJA LUKA,M,atheist,1342
2013,NUMBER,BANJA LUKA,F,atheist,1251
2013,NUMBER,BERKOVICI,_T,atheist,2
2013,NUMBER,BERKOVICI,M,atheist,1
2013,NUMBER,BERKOVICI,F,atheist,1
2013,NUMBER,BIJELJINA,_T,atheist,345
2013,NUMBER,BIJELJINA,M,atheist,218
2013,NUMBER,BIJELJINA,F,atheist,127
2013,NUMBER,BILECA,_T,atheist,7
2013,NUMBER,BILECA,M,atheist,5
2013,NUMBER,BILECA,F,atheist,2
2013,NUMBER,BRATUNAC,_T,atheist,8
2013,NUMBER,BRATUNAC,M,atheist,5
2013,NUMBER,BRATUNAC,F,atheist,3
2013,NUMBER,BROD,_T,atheist,113
2013,NUMBER,BROD,M,atheist,59
2013,NUMBER,BROD,F,atheist,54
2013,NUMBER,VISEGRAD,_T,atheist,21
2013,NUMBER,VISEGRAD,M,atheist,15
2013,NUMBER,VISEGRAD,F,atheist,6
2013,NUMBER,VLASENICA,_T,atheist,16
2013,NUMBER,VLASENICA,M,atheist,10
2013,NUMBER,VLASENICA,F,atheist,6
2013,NUMBER,VUKOSAVLJE,_T,atheist,9
2013,NUMBER,VUKOSAVLJE,M,atheist,7
2013,NUMBER,VUKOSAVLJE,F,atheist,2
2013,NUMBER,GACKO,_T,atheist,3
2013,NUMBER,GACKO,M,atheist,1
2013,NUMBER,GACKO,F,atheist,2
2013,NUMBER,GRADISKA,_T,atheist,223
2013,NUMBER,GRADISKA,M,atheist,126
2013,NUMBER,GRADISKA,F,atheist,97
2013,NUMBER,DERVENTA,_T,atheist,100
2013,NUMBER,DERVENTA,M,atheist,51
2013,NUMBER,DERVENTA,F,atheist,49
2013,NUMBER,DOBOJ,_T,atheist,378
2013,NUMBER,DOBOJ,M,atheist,200
2013,NUMBER,DOBOJ,F,atheist,178
2013,NUMBER,ZVORNIK,_T,atheist,59
2013,NUMBER,ZVORNIK,M,atheist,36
2013,NUMBER,ZVORNIK,F,atheist,23
2013,NUMBER,ISTOCNA ILIDZA,_T,atheist,60
2013,NUMBER,ISTOCNA ILIDZA,M,atheist,27
2013,NUMBER,ISTOCNA ILIDZA,F,atheist,33
2013,NUMBER,ISTOCNI STARI GRAD,_T,atheist,2
2013,NUMBER,ISTOCNI STARI GRAD,M,atheist,1
2013,NUMBER,ISTOCNI STARI GRAD,F,atheist,1
2013,NUMBER,ISTOCNO NOVO SARAJEVO,_T,atheist,37
2013,NUMBER,ISTOCNO NOVO SARAJEVO,M,atheist,18
2013,NUMBER,ISTOCNO NOVO SARAJEVO,F,atheist,19
2013,NUMBER,JEZERO,_T,atheist,3
2013,NUMBER,JEZERO,M,atheist,2
2013,NUMBER,JEZERO,F,atheist,1
2013,NUMBER,KNEZEVO,_T,atheist,5
2013,NUMBER,KNEZEVO,M,atheist,3
2013,NUMBER,KNEZEVO,F,atheist,2
2013,NUMBER,KOZARSKA DUBICA,_T,atheist,130
2013,NUMBER,KOZARSKA DUBICA,M,atheist,68
2013,NUMBER,KOZARSKA DUBICA,F,atheist,62
2013,NUMBER,KOSTAJNICA,_T,atheist,16
2013,NUMBER,KOSTAJNICA,M,atheist,12
2013,NUMBER,KOSTAJNICA,F,atheist,4
2013,NUMBER,KOTOR VAROS,_T,atheist,56
2013,NUMBER,KOTOR VAROS,M,atheist,34
2013,NUMBER,KOTOR VAROS,F,atheist,22
2013,NUMBER,LAKTASI,_T,atheist,96
2013,NUMBER,LAKTASI,M,atheist,57
2013,NUMBER,LAKTASI,F,atheist,39
2013,NUMBER,LOPARE,_T,atheist,21
2013,NUMBER,LOPARE,M,atheist,12
2013,NUMBER,LOPARE,F,atheist,9
2013,NUMBER,LJUBINJE,_T,atheist,1
2013,NUMBER,LJUBINJE,M,atheist,1
2013,NUMBER,MILICI,_T,atheist,3
2013,NUMBER,MILICI,M,atheist,3
2013,NUMBER,MODRICA,_T,atheist,98
2013,NUMBER,MODRICA,M,atheist,53
2013,NUMBER,MODRICA,F,atheist,45
2013,NUMBER,MRKONJIC GRAD,_T,atheist,28
2013,NUMBER,MRKONJIC GRAD,M,atheist,13
2013,NUMBER,MRKONJIC GRAD,F,atheist,15
2013,NUMBER,NEVESINJE,_T,atheist,8
2013,NUMBER,NEVESINJE,M,atheist,3
2013,NUMBER,NEVESINJE,F,atheist,5
2013,NUMBER,NOVI GRAD,_T,atheist,81
2013,NUMBER,NOVI GRAD,M,atheist,36
2013,NUMBER,NOVI GRAD,F,atheist,45
2013,NUMBER,OSMACI,_T,atheist,1
2013,NUMBER,OSMACI,M,atheist,1
2013,NUMBER,OSTRA LUKA,_T,atheist,4
2013,NUMBER,OSTRA LUKA,M,atheist,3
2013,NUMBER,OSTRA LUKA,F,atheist,1
2013,NUMBER,PALE,_T,atheist,47
2013,NUMBER,PALE,M,atheist,23
2013,NUMBER,PALE,F,atheist,24
2013,NUMBER,PELAGICEVO,_T,atheist,1
2013,NUMBER,PELAGICEVO,F,atheist,1
2013,NUMBER,PETROVAC,_T,atheist,2
2013,NUMBER,PETROVAC,M,atheist,1
2013,NUMBER,PETROVAC,F,atheist,1
2013,NUMBER,PETROVO,_T,atheist,10
2013,NUMBER,PETROVO,M,atheist,7
2013,NUMBER,PETROVO,F,atheist,3
2013,NUMBER,PRIJEDOR,_T,atheist,511
2013,NUMBER,PRIJEDOR,M,atheist,277
2013,NUMBER,PRIJEDOR,F,atheist,234
2013,NUMBER,PRNJAVOR,_T,atheist,102
2013,NUMBER,PRNJAVOR,M,atheist,65
2013,NUMBER,PRNJAVOR,F,atheist,37
2013,NUMBER,RIBNIK,_T,atheist,3
2013,NUMBER,RIBNIK,M,atheist,2
2013,NUMBER,RIBNIK,F,atheist,1
2013,NUMBER,ROGATICA,_T,atheist,20
2013,NUMBER,ROGATICA,M,atheist,13
2013,NUMBER,ROGATICA,F,atheist,7
2013,NUMBER,RUDO,_T,atheist,11
2013,NUMBER,RUDO,M,atheist,9
2013,NUMBER,RUDO,F,atheist,2
2013,NUMBER,SOKOLAC,_T,atheist,14
2013,NUMBER,SOKOLAC,M,atheist,11
2013,NUMBER,SOKOLAC,F,atheist,3
2013,NUMBER,SRBAC,_T,atheist,46
2013,NUMBER,SRBAC,M,atheist,28
2013,NUMBER,SRBAC,F,atheist,18
2013,NUMBER,SREBRENICA,_T,atheist,14
2013,NUMBER,SREBRENICA,M,atheist,10
2013,NUMBER,SREBRENICA,F,atheist,4
2013,NUMBER,TESLIC,_T,atheist,167
2013,NUMBER,TESLIC,M,atheist,89
2013,NUMBER,TESLIC,F,atheist,78
2013,NUMBER,TREBINJE,_T,atheist,118
2013,NUMBER,TREBINJE,M,atheist,62
2013,NUMBER,TREBINJE,F,atheist,56
2013,NUMBER,TRNOVO,_T,atheist,7
2013,NUMBER,TRNOVO,M,atheist,5
2013,NUMBER,TRNOVO,F,atheist,2
2013,NUMBER,UGLJEVIK,_T,atheist,22
2013,NUMBER,UGLJEVIK,M,atheist,16
2013,NUMBER,UGLJEVIK,F,atheist,6
2013,NUMBER,FOCA,_T,atheist,34
2013,NUMBER,FOCA,M,atheist,19
2013,NUMBER,FOCA,F,atheist,15
2013,NUMBER,HAN PIJESAK,_T,atheist,1
2013,NUMBER,HAN PIJESAK,M,atheist,1
2013,NUMBER,HAN PIJESAK,F,atheist,-
2013,NUMBER,CAJNICE,_T,atheist,4
2013,NUMBER,CAJNICE,M,atheist,3
2013,NUMBER,CAJNICE,F,atheist,1
2013,NUMBER,CELINAC,_T,atheist,23
2013,NUMBER,CELINAC,M,atheist,12
2013,NUMBER,CELINAC,F,atheist,11
2013,NUMBER,SAMAC,_T,atheist,81
2013,NUMBER,SAMAC,M,atheist,56
2013,NUMBER,SAMAC,F,atheist,25
2013,NUMBER,SEKOVICI,_T,atheist,6
2013,NUMBER,SEKOVICI,M,atheist,5
2013,NUMBER,SEKOVICI,F,atheist,1
2013,NUMBER,SIPOVO,_T,atheist,13
2013,NUMBER,SIPOVO,M,atheist,9
2013,NUMBER,SIPOVO,F,atheist,4
2013,NUMBER,REPUBLIKA SRPSKA,_T,other,8729
2013,NUMBER,REPUBLIKA SRPSKA,M,other,4319
2013,NUMBER,REPUBLIKA SRPSKA,F,other,4410
2013,NUMBER,BANJA LUKA,_T,other,1230
2013,NUMBER,BANJA LUKA,M,other,620
2013,NUMBER,BANJA LUKA,F,other,610
2013,NUMBER,BERKOVICI,_T,other,3
2013,NUMBER,BERKOVICI,M,other,2
2013,NUMBER,BERKOVICI,F,other,1
2013,NUMBER,BIJELJINA,_T,other,944
2013,NUMBER,BIJELJINA,M,other,471
2013,NUMBER,BIJELJINA,F,other,473
2013,NUMBER,BILECA,_T,other,26
2013,NUMBER,BILECA,M,other,15
2013,NUMBER,BILECA,F,other,11
2013,NUMBER,BRATUNAC,_T,other,237
2013,NUMBER,BRATUNAC,M,other,121
2013,NUMBER,BRATUNAC,F,other,116
2013,NUMBER,BROD,_T,other,98
2013,NUMBER,BROD,M,other,52
2013,NUMBER,BROD,F,other,46
2013,NUMBER,VISEGRAD,_T,other,76
2013,NUMBER,VISEGRAD,M,other,40
2013,NUMBER,VISEGRAD,F,other,36
2013,NUMBER,VLASENICA,_T,other,115
2013,NUMBER,VLASENICA,M,other,42
2013,NUMBER,VLASENICA,F,other,73
2013,NUMBER,VUKOSAVLJE,_T,other,30
2013,NUMBER,VUKOSAVLJE,M,other,15
2013,NUMBER,VUKOSAVLJE,F,other,15
2013,NUMBER,GACKO,_T,other,16
2013,NUMBER,GACKO,M,other,9
2013,NUMBER,GACKO,F,other,7
2013,NUMBER,GRADISKA,_T,other,321
2013,NUMBER,GRADISKA,M,other,168
2013,NUMBER,GRADISKA,F,other,153
2013,NUMBER,DERVENTA,_T,other,141
2013,NUMBER,DERVENTA,M,other,67
2013,NUMBER,DERVENTA,F,other,74
2013,NUMBER,DOBOJ,_T,other,845
2013,NUMBER,DOBOJ,M,other,412
2013,NUMBER,DOBOJ,F,other,433
2013,NUMBER,DONJI ZABAR,_T,other,21
2013,NUMBER,DONJI ZABAR,M,other,8
2013,NUMBER,DONJI ZABAR,F,other,13
2013,NUMBER,ZVORNIK,_T,other,186
2013,NUMBER,ZVORNIK,M,other,90
2013,NUMBER,ZVORNIK,F,other,96
2013,NUMBER,ISTOCNA ILIDZA,_T,other,28
2013,NUMBER,ISTOCNA ILIDZA,M,other,18
2013,NUMBER,ISTOCNA ILIDZA,F,other,10
2013,NUMBER,ISTOCNI MOSTAR,_T,other,1
2013,NUMBER,ISTOCNI MOSTAR,M,other,1
2013,NUMBER,ISTOCNI STARI GRAD,_T,other,5
2013,NUMBER,ISTOCNI STARI GRAD,M,other,2
2013,NUMBER,ISTOCNI STARI GRAD,F,other,3
2013,NUMBER,ISTOCNO NOVO SARAJEVO,_T,other,16
2013,NUMBER,ISTOCNO NOVO SARAJEVO,M,other,10
2013,NUMBER,ISTOCNO NOVO SARAJEVO,F,other,6
2013,NUMBER,KALINOVIK,_T,other,3
2013,NUMBER,KALINOVIK,M,other,2
2013,NUMBER,KALINOVIK,F,other,1
2013,NUMBER,KNEZEVO,_T,other,68
2013,NUMBER,KNEZEVO,M,other,29
2013,NUMBER,KNEZEVO,F,other,39
2013,NUMBER,KOZARSKA DUBICA,_T,other,83
2013,NUMBER,KOZARSKA DUBICA,M,other,37
2013,NUMBER,KOZARSKA DUBICA,F,other,46
2013,NUMBER,KOSTAJNICA,_T,other,13
2013,NUMBER,KOSTAJNICA,M,other,9
2013,NUMBER,KOSTAJNICA,F,other,4
2013,NUMBER,KOTOR VAROS,_T,other,236
2013,NUMBER,KOTOR VAROS,M,other,120
2013,NUMBER,KOTOR VAROS,F,other,116
2013,NUMBER,LAKTASI,_T,other,278
2013,NUMBER,LAKTASI,M,other,147
2013,NUMBER,LAKTASI,F,other,131
2013,NUMBER,LOPARE,_T,other,1
2013,NUMBER,LOPARE,F,other,1
2013,NUMBER,LJUBINJE,_T,other,1
2013,NUMBER,LJUBINJE,M,other,1
2013,NUMBER,MILICI,_T,other,34
2013,NUMBER,MILICI,M,other,19
2013,NUMBER,MILICI,F,other,15
2013,NUMBER,MODRICA,_T,other,211
2013,NUMBER,MODRICA,M,other,98
2013,NUMBER,MODRICA,F,other,113
2013,NUMBER,MRKONJIC GRAD,_T,other,9
2013,NUMBER,MRKONJIC GRAD,M,other,6
2013,NUMBER,MRKONJIC GRAD,F,other,3
2013,NUMBER,NEVESINJE,_T,other,8
2013,NUMBER,NEVESINJE,M,other,4
2013,NUMBER,NEVESINJE,F,other,4
2013,NUMBER,NOVI GRAD,_T,other,134
2013,NUMBER,NOVI GRAD,M,other,60
2013,NUMBER,NOVI GRAD,F,other,74
2013,NUMBER,NOVO GORAZDE,_T,other,19
2013,NUMBER,NOVO GORAZDE,M,other,9
2013,NUMBER,NOVO GORAZDE,F,other,10
2013,NUMBER,OSMACI,_T,other,41
2013,NUMBER,OSMACI,M,other,26
2013,NUMBER,OSMACI,F,other,15
2013,NUMBER,OSTRA LUKA,_T,other,23
2013,NUMBER,OSTRA LUKA,M,other,15
2013,NUMBER,OSTRA LUKA,F,other,8
2013,NUMBER,PALE,_T,other,53
2013,NUMBER,PALE,M,other,24
2013,NUMBER,PALE,F,other,29
2013,NUMBER,PELAGICEVO,_T,other,5
2013,NUMBER,PELAGICEVO,M,other,3
2013,NUMBER,PELAGICEVO,F,other,2
2013,NUMBER,PETROVO,_T,other,20
2013,NUMBER,PETROVO,M,other,8
2013,NUMBER,PETROVO,F,other,12
2013,NUMBER,PRIJEDOR,_T,other,1506
2013,NUMBER,PRIJEDOR,M,other,722
2013,NUMBER,PRIJEDOR,F,other,784
2013,NUMBER,PRNJAVOR,_T,other,611
2013,NUMBER,PRNJAVOR,M,other,317
2013,NUMBER,PRNJAVOR,F,other,294
2013,NUMBER,RIBNIK,_T,other,12
2013,NUMBER,RIBNIK,M,other,8
2013,NUMBER,RIBNIK,F,other,4
2013,NUMBER,ROGATICA,_T,other,48
2013,NUMBER,ROGATICA,M,other,21
2013,NUMBER,ROGATICA,F,other,27
2013,NUMBER,SOKOLAC,_T,other,30
2013,NUMBER,SOKOLAC,M,other,16
2013,NUMBER,SOKOLAC,F,other,14
2013,NUMBER,SRBAC,_T,other,95
2013,NUMBER,SRBAC,M,other,50
2013,NUMBER,SRBAC,F,other,45
2013,NUMBER,SREBRENICA,_T,other,72
2013,NUMBER,SREBRENICA,M,other,36
2013,NUMBER,SREBRENICA,F,other,36
2013,NUMBER,TESLIC,_T,other,316
2013,NUMBER,TESLIC,M,other,148
2013,NUMBER,TESLIC,F,other,168
2013,NUMBER,TREBINJE,_T,other,95
2013,NUMBER,TREBINJE,M,other,42
2013,NUMBER,TREBINJE,F,other,53
2013,NUMBER,TRNOVO,_T,other,17
2013,NUMBER,TRNOVO,M,other,9
2013,NUMBER,TRNOVO,F,other,8
2013,NUMBER,UGLJEVIK,_T,other,2
2013,NUMBER,UGLJEVIK,M,other,1
2013,NUMBER,UGLJEVIK,F,other,1
2013,NUMBER,FOCA,_T,other,104
2013,NUMBER,FOCA,M,other,53
2013,NUMBER,FOCA,F,other,51
2013,NUMBER,HAN PIJESAK,_T,other,5
2013,NUMBER,HAN PIJESAK,M,other,3
2013,NUMBER,HAN PIJESAK,F,other,2
2013,NUMBER,CAJNICE,_T,other,16
2013,NUMBER,CAJNICE,M,other,7
2013,NUMBER,CAJNICE,F,other,9
2013,NUMBER,CELINAC,_T,other,44
2013,NUMBER,CELINAC,M,other,20
2013,NUMBER,CELINAC,F,other,24
2013,NUMBER,SAMAC,_T,other,144
2013,NUMBER,SAMAC,M,other,68
2013,NUMBER,SAMAC,F,other,76
2013,NUMBER,SEKOVICI,_T,other,1
2013,NUMBER,SEKOVICI,M,other,1
2013,NUMBER,SIPOVO,_T,other,32
2013,NUMBER,SIPOVO,M,other,17
2013,NUMBER,SIPOVO,F,other,15
2013,NUMBER,REPUBLIKA SRPSKA,_T,does_not_declare,8028
2013,NUMBER,REPUBLIKA SRPSKA,M,does_not_declare,3554
2013,NUMBER,REPUBLIKA SRPSKA,F,does_not_declare,4474
2013,NUMBER,BANJA LUKA,_T,does_not_declare,2684
2013,NUMBER,BANJA LUKA,M,does_not_declare,1186
2013,NUMBER,BANJA LUKA,F,does_not_declare,1498
2013,NUMBER,BERKOVICI,_T,does_not_declare,1
2013,NUMBER,BERKOVICI,M,does_not_declare,1
2013,NUMBER,BIJELJINA,_T,does_not_declare,716
2013,NUMBER,BIJELJINA,M,does_not_declare,307
2013,NUMBER,BIJELJINA,F,does_not_declare,409
2013,NUMBER,BILECA,_T,does_not_declare,30
2013,NUMBER,BILECA,M,does_not_declare,14
2013,NUMBER,BILECA,F,does_not_declare,16
2013,NUMBER,BRATUNAC,_T,does_not_declare,21
2013,NUMBER,BRATUNAC,M,does_not_declare,9
2013,NUMBER,BRATUNAC,F,does_not_declare,12
2013,NUMBER,BROD,_T,does_not_declare,160
2013,NUMBER,BROD,M,does_not_declare,60
2013,NUMBER,BROD,F,does_not_declare,100
2013,NUMBER,VISEGRAD,_T,does_not_declare,18
2013,NUMBER,VISEGRAD,M,does_not_declare,9
2013,NUMBER,VISEGRAD,F,does_not_declare,9
2013,NUMBER,VLASENICA,_T,does_not_declare,16
2013,NUMBER,VLASENICA,M,does_not_declare,8
2013,NUMBER,VLASENICA,F,does_not_declare,8
2013,NUMBER,VUKOSAVLJE,_T,does_not_declare,33
2013,NUMBER,VUKOSAVLJE,M,does_not_declare,16
2013,NUMBER,VUKOSAVLJE,F,does_not_declare,17
2013,NUMBER,GACKO,_T,does_not_declare,6
2013,NUMBER,GACKO,M,does_not_declare,1
2013,NUMBER,GACKO,F,does_not_declare,5
2013,NUMBER,GRADISKA,_T,does_not_declare,375
2013,NUMBER,GRADISKA,M,does_not_declare,155
2013,NUMBER,GRADISKA,F,does_not_declare,220
2013,NUMBER,DERVENTA,_T,does_not_declare,256
2013,NUMBER,DERVENTA,M,does_not_declare,125
2013,NUMBER,DERVENTA,F,does_not_declare,131
2013,NUMBER,DOBOJ,_T,does_not_declare,526
2013,NUMBER,DOBOJ,M,does_not_declare,271
2013,NUMBER,DOBOJ,F,does_not_declare,255
2013,NUMBER,DONJI ZABAR,_T,does_not_declare,6
2013,NUMBER,DONJI ZABAR,M,does_not_declare,2
2013,NUMBER,DONJI ZABAR,F,does_not_declare,4
2013,NUMBER,ZVORNIK,_T,does_not_declare,67
2013,NUMBER,ZVORNIK,M,does_not_declare,31
2013,NUMBER,ZVORNIK,F,does_not_declare,36
2013,NUMBER,ISTOCNA ILIDZA,_T,does_not_declare,92
2013,NUMBER,ISTOCNA ILIDZA,M,does_not_declare,41
2013,NUMBER,ISTOCNA ILIDZA,F,does_not_declare,51
2013,NUMBER,ISTOCNI STARI GRAD,_T,does_not_declare,6
2013,NUMBER,ISTOCNI STARI GRAD,M,does_not_declare,5
2013,NUMBER,ISTOCNI STARI GRAD,F,does_not_declare,1
2013,NUMBER,ISTOCNO NOVO SARAJEVO,_T,does_not_declare,56
2013,NUMBER,ISTOCNO NOVO SARAJEVO,M,does_not_declare,24
2013,NUMBER,ISTOCNO NOVO SARAJEVO,F,does_not_declare,32
2013,NUMBER,KALINOVIK,_T,does_not_declare,5
2013,NUMBER,KALINOVIK,M,does_not_declare,4
2013,NUMBER,KALINOVIK,F,does_not_declare,1
2013,NUMBER,KNEZEVO,_T,does_not_declare,4
2013,NUMBER,KNEZEVO,M,does_not_declare,3
2013,NUMBER,KNEZEVO,F,does_not_declare,1
2013,NUMBER,KOZARSKA DUBICA,_T,does_not_declare,178
2013,NUMBER,KOZARSKA DUBICA,M,does_not_declare,77
2013,NUMBER,KOZARSKA DUBICA,F,does_not_declare,101
2013,NUMBER,KOSTAJNICA,_T,does_not_declare,67
2013,NUMBER,KOSTAJNICA,M,does_not_declare,26
2013,NUMBER,KOSTAJNICA,F,does_not_declare,41
2013,NUMBER,KOTOR VAROS,_T,does_not_declare,107
2013,NUMBER,KOTOR VAROS,M,does_not_declare,45
2013,NUMBER,KOTOR VAROS,F,does_not_declare,62
2013,NUMBER,KUPRES,_T,does_not_declare,1
2013,NUMBER,KUPRES,M,does_not_declare,1
2013,NUMBER,LAKTASI,_T,does_not_declare,239
2013,NUMBER,LAKTASI,M,does_not_declare,112
2013,NUMBER,LAKTASI,F,does_not_declare,127
2013,NUMBER,LOPARE,_T,does_not_declare,22
2013,NUMBER,LOPARE,M,does_not_declare,6
2013,NUMBER,LOPARE,F,does_not_declare,16
2013,NUMBER,LJUBINJE,_T,does_not_declare,3
2013,NUMBER,LJUBINJE,M,does_not_declare,2
2013,NUMBER,LJUBINJE,F,does_not_declare,1
2013,NUMBER,MILICI,_T,does_not_declare,10
2013,NUMBER,MILICI,M,does_not_declare,3
2013,NUMBER,MILICI,F,does_not_declare,7
2013,NUMBER,MODRICA,_T,does_not_declare,151
2013,NUMBER,MODRICA,M,does_not_declare,64
2013,NUMBER,MODRICA,F,does_not_declare,87
2013,NUMBER,MRKONJIC GRAD,_T,does_not_declare,37
2013,NUMBER,MRKONJIC GRAD,M,does_not_declare,16
2013,NUMBER,MRKONJIC GRAD,F,does_not_declare,21
2013,NUMBER,NEVESINJE,_T,does_not_declare,14
2013,NUMBER,NEVESINJE,M,does_not_declare,6
2013,NUMBER,NEVESINJE,F,does_not_declare,8
2013,NUMBER,NOVI GRAD,_T,does_not_declare,134
2013,NUMBER,NOVI GRAD,M,does_not_declare,58
2013,NUMBER,NOVI GRAD,F,does_not_declare,76
2013,NUMBER,NOVO GORAZDE,_T,does_not_declare,5
2013,NUMBER,NOVO GORAZDE,M,does_not_declare,3
2013,NUMBER,NOVO GORAZDE,F,does_not_declare,2
2013,NUMBER,OSMACI,_T,does_not_declare,1
2013,NUMBER,OSMACI,M,does_not_declare,1
2013,NUMBER,OSTRA LUKA,_T,does_not_declare,13
2013,NUMBER,OSTRA LUKA,M,does_not_declare,5
2013,NUMBER,OSTRA LUKA,F,does_not_declare,8
2013,NUMBER,PALE,_T,does_not_declare,56
2013,NUMBER,PALE,M,does_not_declare,22
2013,NUMBER,PALE,F,does_not_declare,34
2013,NUMBER,PELAGICEVO,_T,does_not_declare,2
2013,NUMBER,PELAGICEVO,F,does_not_declare,2
2013,NUMBER,PETROVO,_T,does_not_declare,19
2013,NUMBER,PETROVO,M,does_not_declare,9
2013,NUMBER,PETROVO,F,does_not_declare,10
2013,NUMBER,PRIJEDOR,_T,does_not_declare,784
2013,NUMBER,PRIJEDOR,M,does_not_declare,325
2013,NUMBER,PRIJEDOR,F,does_not_declare,459
2013,NUMBER,PRNJAVOR,_T,does_not_declare,223
2013,NUMBER,PRNJAVOR,M,does_not_declare,98
2013,NUMBER,PRNJAVOR,F,does_not_declare,125
2013,NUMBER,RIBNIK,_T,does_not_declare,3
2013,NUMBER,RIBNIK,M,does_not_declare,1
2013,NUMBER,RIBNIK,F,does_not_declare,2
2013,NUMBER,ROGATICA,_T,does_not_declare,7
2013,NUMBER,ROGATICA,M,does_not_declare,4
2013,NUMBER,ROGATICA,F,does_not_declare,3
2013,NUMBER,RUDO,_T,does_not_declare,3
2013,NUMBER,RUDO,M,does_not_declare,2
2013,NUMBER,RUDO,F,does_not_declare,1
2013,NUMBER,SOKOLAC,_T,does_not_declare,20
2013,NUMBER,SOKOLAC,M,does_not_declare,9
2013,NUMBER,SOKOLAC,F,does_not_declare,11
2013,NUMBER,SRBAC,_T,does_not_declare,95
2013,NUMBER,SRBAC,M,does_not_declare,46
2013,NUMBER,SRBAC,F,does_not_declare,49
2013,NUMBER,SREBRENICA,_T,does_not_declare,22
2013,NUMBER,SREBRENICA,M,does_not_declare,10
2013,NUMBER,SREBRENICA,F,does_not_declare,12
2013,NUMBER,TESLIC,_T,does_not_declare,309
2013,NUMBER,TESLIC,M,does_not_declare,136
2013,NUMBER,TESLIC,F,does_not_declare,173
2013,NUMBER,TREBINJE,_T,does_not_declare,170
2013,NUMBER,TREBINJE,M,does_not_declare,75
2013,NUMBER,TREBINJE,F,does_not_declare,95
2013,NUMBER,TRNOVO,_T,does_not_declare,4
2013,NUMBER,TRNOVO,M,does_not_declare,3
2013,NUMBER,TRNOVO,F,does_not_declare,1
2013,NUMBER,UGLJEVIK,_T,does_not_declare,23
2013,NUMBER,UGLJEVIK,M,does_not_declare,11
2013,NUMBER,UGLJEVIK,F,does_not_declare,12
2013,NUMBER,FOCA,_T,does_not_declare,27
2013,NUMBER,FOCA,M,does_not_declare,13
2013,NUMBER,FOCA,F,does_not_declare,14
2013,NUMBER,CAJNICE,_T,does_not_declare,1
2013,NUMBER,CAJNICE,M,does_not_declare,1
2013,NUMBER,CELINAC,_T,does_not_declare,30
2013,NUMBER,CELINAC,M,does_not_declare,15
2013,NUMBER,CELINAC,F,does_not_declare,15
2013,NUMBER,SAMAC,_T,does_not_declare,147
2013,NUMBER,SAMAC,M,does_not_declare,64
2013,NUMBER,SAMAC,F,does_not_declare,83
2013,NUMBER,SEKOVICI,_T,does_not_declare,4
2013,NUMBER,SEKOVICI,M,does_not_declare,3
2013,NUMBER,SEKOVICI,F,does_not_declare,1
2013,NUMBER,SIPOVO,_T,does_not_declare,19
2013,NUMBER,SIPOVO,M,does_not_declare,10
2013,NUMBER,SIPOVO,F,does_not_declare,9
2013,NUMBER,REPUBLIKA SRPSKA,_T,unknown,2065
2013,NUMBER,REPUBLIKA SRPSKA,M,unknown,963
2013,NUMBER,REPUBLIKA SRPSKA,F,unknown,1102
2013,NUMBER,BANJA LUKA,_T,unknown,357
2013,NUMBER,BANJA LUKA,M,unknown,173
2013,NUMBER,BANJA LUKA,F,unknown,184
2013,NUMBER,BERKOVICI,_T,unknown,1
2013,NUMBER,BERKOVICI,F,unknown,1
2013,NUMBER,BIJELJINA,_T,unknown,102
2013,NUMBER,BIJELJINA,M,unknown,44
2013,NUMBER,BIJELJINA,F,unknown,58
2013,NUMBER,BILECA,_T,unknown,12
2013,NUMBER,BILECA,M,unknown,4
2013,NUMBER,BILECA,F,unknown,8
2013,NUMBER,BRATUNAC,_T,unknown,40
2013,NUMBER,BRATUNAC,M,unknown,16
2013,NUMBER,BRATUNAC,F,unknown,24
2013,NUMBER,BROD,_T,unknown,32
2013,NUMBER,BROD,M,unknown,12
2013,NUMBER,BROD,F,unknown,20
2013,NUMBER,VISEGRAD,_T,unknown,179
2013,NUMBER,VISEGRAD,M,unknown,4
2013,NUMBER,VISEGRAD,F,unknown,175
2013,NUMBER,VLASENICA,_T,unknown,21
2013,NUMBER,VLASENICA,M,unknown,10
2013,NUMBER,VLASENICA,F,unknown,11
2013,NUMBER,VUKOSAVLJE,_T,unknown,14
2013,NUMBER,VUKOSAVLJE,M,unknown,3
2013,NUMBER,VUKOSAVLJE,F,unknown,11
2013,NUMBER,GACKO,_T,unknown,7
2013,NUMBER,GACKO,M,unknown,2
2013,NUMBER,GACKO,F,unknown,5
2013,NUMBER,GRADISKA,_T,unknown,46
2013,NUMBER,GRADISKA,M,unknown,21
2013,NUMBER,GRADISKA,F,unknown,25
2013,NUMBER,DERVENTA,_T,unknown,47
2013,NUMBER,DERVENTA,M,unknown,21
2013,NUMBER,DERVENTA,F,unknown,26
2013,NUMBER,DOBOJ,_T,unknown,160
2013,NUMBER,DOBOJ,M,unknown,64
2013,NUMBER,DOBOJ,F,unknown,96
2013,NUMBER,DONJI ZABAR,_T,unknown,2
2013,NUMBER,DONJI ZABAR,M,unknown,1
2013,NUMBER,DONJI ZABAR,F,unknown,1
2013,NUMBER,ZVORNIK,_T,unknown,98
2013,NUMBER,ZVORNIK,M,unknown,39
2013,NUMBER,ZVORNIK,F,unknown,59
2013,NUMBER,ISTOCNA ILIDZA,_T,unknown,10
2013,NUMBER,ISTOCNA ILIDZA,M,unknown,5
2013,NUMBER,ISTOCNA ILIDZA,F,unknown,5
2013,NUMBER,ISTOCNI MOSTAR,_T,unknown,2
2013,NUMBER,ISTOCNI MOSTAR,M,unknown,1
2013,NUMBER,ISTOCNI MOSTAR,F,unknown,1
2013,NUMBER,ISTOCNI STARI GRAD,_T,unknown,2
2013,NUMBER,ISTOCNI STARI GRAD,M,unknown,1
2013,NUMBER,ISTOCNI STARI GRAD,F,unknown,1
2013,NUMBER,ISTOCNO NOVO SARAJEVO,_T,unknown,3
2013,NUMBER,ISTOCNO NOVO SARAJEVO,F,unknown,3
2013,NUMBER,JEZERO,_T,unknown,2
2013,NUMBER,JEZERO,M,unknown,1
2013,NUMBER,JEZERO,F,unknown,1
2013,NUMBER,KNEZEVO,_T,unknown,5
2013,NUMBER,KNEZEVO,M,unknown,3
2013,NUMBER,KNEZEVO,F,unknown,2
2013,NUMBER,KOZARSKA DUBICA,_T,unknown,18
2013,NUMBER,KOZARSKA DUBICA,M,unknown,11
2013,NUMBER,KOZARSKA DUBICA,F,unknown,7
2013,NUMBER,KOSTAJNICA,_T,unknown,1
2013,NUMBER,KOSTAJNICA,M,unknown,1
2013,NUMBER,KOTOR VAROS,_T,unknown,21
2013,NUMBER,KOTOR VAROS,M,unknown,15
2013,NUMBER,KOTOR VAROS,F,unknown,6
2013,NUMBER,KRUPA NA UNI,_T,unknown,1
2013,NUMBER,KRUPA NA UNI,F,unknown,1
2013,NUMBER,LAKTASI,_T,unknown,48
2013,NUMBER,LAKTASI,M,unknown,21
2013,NUMBER,LAKTASI,F,unknown,27
2013,NUMBER,LOPARE,_T,unknown,13
2013,NUMBER,LOPARE,M,unknown,6
2013,NUMBER,LOPARE,F,unknown,7
2013,NUMBER,LJUBINJE,_T,unknown,2
2013,NUMBER,LJUBINJE,M,unknown,1
2013,NUMBER,LJUBINJE,F,unknown,1
2013,NUMBER,MILICI,_T,unknown,8
2013,NUMBER,MILICI,M,unknown,3
2013,NUMBER,MILICI,F,unknown,5
2013,NUMBER,MODRICA,_T,unknown,125
2013,NUMBER,MODRICA,M,unknown,66
2013,NUMBER,MODRICA,F,unknown,59
2013,NUMBER,MRKONJIC GRAD,_T,unknown,13
2013,NUMBER,MRKONJIC GRAD,M,unknown,7
2013,NUMBER,MRKONJIC GRAD,F,unknown,6
2013,NUMBER,NEVESINJE,_T,unknown,7
2013,NUMBER,NEVESINJE,M,unknown,2
2013,NUMBER,NEVESINJE,F,unknown,5
2013,NUMBER,NOVI GRAD,_T,unknown,26
2013,NUMBER,NOVI GRAD,M,unknown,14
2013,NUMBER,NOVI GRAD,F,unknown,12
2013,NUMBER,NOVO GORAZDE,_T,unknown,7
2013,NUMBER,NOVO GORAZDE,M,unknown,3
2013,NUMBER,NOVO GORAZDE,F,unknown,4
2013,NUMBER,OSMACI,_T,unknown,4
2013,NUMBER,OSMACI,M,unknown,2
2013,NUMBER,OSMACI,F,unknown,2
2013,NUMBER,OSTRA LUKA,_T,unknown,3
2013,NUMBER,OSTRA LUKA,M,unknown,2
2013,NUMBER,OSTRA LUKA,F,unknown,1
2013,NUMBER,PALE,_T,unknown,11
2013,NUMBER,PALE,M,unknown,7
2013,NUMBER,PALE,F,unknown,4
2013,NUMBER,PELAGICEVO,_T,unknown,5
2013,NUMBER,PELAGICEVO,M,unknown,1
2013,NUMBER,PELAGICEVO,F,unknown,4
2013,NUMBER,PETROVO,_T,unknown,4
2013,NUMBER,PETROVO,M,unknown,2
2013,NUMBER,PETROVO,F,unknown,2
2013,NUMBER,PRIJEDOR,_T,unknown,374
2013,NUMBER,PRIJEDOR,M,unknown,257
2013,NUMBER,PRIJEDOR,F,unknown,117
2013,NUMBER,PRNJAVOR,_T,unknown,31
2013,NUMBER,PRNJAVOR,M,unknown,13
2013,NUMBER,PRNJAVOR,F,unknown,18
2013,NUMBER,RIBNIK,_T,unknown,2
2013,NUMBER,RIBNIK,M,unknown,2
2013,NUMBER,ROGATICA,_T,unknown,4
2013,NUMBER,ROGATICA,M,unknown,3
2013,NUMBER,ROGATICA,F,unknown,1
2013,NUMBER,RUDO,_T,unknown,4
2013,NUMBER,RUDO,F,unknown,4
2013,NUMBER,SOKOLAC,_T,unknown,14
2013,NUMBER,SOKOLAC,M,unknown,3
2013,NUMBER,SOKOLAC,F,unknown,11
2013,NUMBER,SRBAC,_T,unknown,28
2013,NUMBER,SRBAC,M,unknown,13
2013,NUMBER,SRBAC,F,unknown,15
2013,NUMBER,SREBRENICA,_T,unknown,20
2013,NUMBER,SREBRENICA,M,unknown,14
2013,NUMBER,SREBRENICA,F,unknown,6
2013,NUMBER,TESLIC,_T,unknown,43
2013,NUMBER,TESLIC,M,unknown,21
2013,NUMBER,TESLIC,F,unknown,22
2013,NUMBER,TREBINJE,_T,unknown,14
2013,NUMBER,TREBINJE,M,unknown,8
2013,NUMBER,TREBINJE,F,unknown,6
2013,NUMBER,UGLJEVIK,_T,unknown,13
2013,NUMBER,UGLJEVIK,M,unknown,11
2013,NUMBER,UGLJEVIK,F,unknown,2
2013,NUMBER,FOCA,_T,unknown,12
2013,NUMBER,FOCA,M,unknown,6
2013,NUMBER,FOCA,F,unknown,6
2013,NUMBER,CAJNICE,_T,unknown,4
2013,NUMBER,CAJNICE,M,unknown,1
2013,NUMBER,CAJNICE,F,unknown,3
2013,NUMBER,CELINAC,_T,unknown,10
2013,NUMBER,CELINAC,M,unknown,4
2013,NUMBER,CELINAC,F,unknown,6
2013,NUMBER,SAMAC,_T,unknown,18
2013,NUMBER,SAMAC,M,unknown,10
2013,NUMBER,SAMAC,F,unknown,8
2013,NUMBER,SEKOVICI,_T,unknown,9
2013,NUMBER,SEKOVICI,M,unknown,4
2013,NUMBER,SEKOVICI,F,unknown,5
2013,NUMBER,SIPOVO,_T,unknown,6
2013,NUMBER,SIPOVO,M,unknown,4
2013,NUMBER,SIPOVO,F,unknown,2
