Year,UNIT_MEASURE,ADMIN_AREA,SEX,Education,Value
2013,NUMBER,REPUBLIKA SRPSKA,_T,_T,1005535
2013,NUMBER,REPUBLIKA SRPSKA,M,_T,487292
2013,NUMBER,REPUBLIKA SRPSKA,F,_T,518243
2013,NUMBER,BANJA LUKA,_T,_T,153659
2013,NUMBER,BANJA LUKA,M,_T,73026
2013,NUMBER,BANJA LUKA,F,_T,80633
2013,NUMBER,BERKOVICI,_T,_T,1684
2013,NUMBER,BERKOVICI,M,_T,845
2013,NUMBER,BERKOVICI,F,_T,839
2013,NUMBER,BIJELJINA,_T,_T,88664
2013,NUMBER,BIJELJINA,M,_T,42935
2013,NUMBER,BIJELJINA,F,_T,45729
2013,NUMBER,BILECA,_T,_T,9036
2013,NUMBER,BILECA,M,_T,4536
2013,NUMBER,BILECA,F,_T,4500
2013,NUMBER,BRATUNAC,_T,_T,15912
2013,NUMBER,BRATUNAC,M,_T,7785
2013,NUMBER,BRATUNAC,F,_T,8127
2013,NUMBER,BROD,_T,_T,13506
2013,NUMBER,BROD,M,_T,6510
2013,NUMBER,BROD,F,_T,6996
2013,NUMBER,VISEGRAD,_T,_T,8950
2013,NUMBER,VISEGRAD,M,_T,4259
2013,NUMBER,VISEGRAD,F,_T,4691
2013,NUMBER,VLASENICA,_T,_T,9131
2013,NUMBER,VLASENICA,M,_T,4393
2013,NUMBER,VLASENICA,F,_T,4738
2013,NUMBER,VUKOSAVLJE,_T,_T,3701
2013,NUMBER,VUKOSAVLJE,M,_T,1852
2013,NUMBER,VUKOSAVLJE,F,_T,1849
2013,NUMBER,GACKO,_T,_T,7337
2013,NUMBER,GACKO,M,_T,3691
2013,NUMBER,GACKO,F,_T,3646
2013,NUMBER,GRADISKA,_T,_T,42640
2013,NUMBER,GRADISKA,M,_T,20635
2013,NUMBER,GRADISKA,F,_T,22005
2013,NUMBER,DERVENTA,_T,_T,22345
2013,NUMBER,DERVENTA,M,_T,10830
2013,NUMBER,DERVENTA,F,_T,11515
2013,NUMBER,DOBOJ,_T,_T,58805
2013,NUMBER,DOBOJ,M,_T,28207
2013,NUMBER,DOBOJ,F,_T,30598
2013,NUMBER,DONJI ZABAR,_T,_T,3139
2013,NUMBER,DONJI ZABAR,M,_T,1578
2013,NUMBER,DONJI ZABAR,F,_T,1561
2013,NUMBER,ZVORNIK,_T,_T,45697
2013,NUMBER,ZVORNIK,M,_T,22384
2013,NUMBER,ZVORNIK,F,_T,23313
2013,NUMBER,ISTOCNA ILIDZA,_T,_T,12477
2013,NUMBER,ISTOCNA ILIDZA,M,_T,5939
2013,NUMBER,ISTOCNA ILIDZA,F,_T,6538
2013,NUMBER,ISTOCNI DRVAR,_T,_T,65
2013,NUMBER,ISTOCNI DRVAR,M,_T,43
2013,NUMBER,ISTOCNI DRVAR,F,_T,22
2013,NUMBER,ISTOCNI MOSTAR,_T,_T,213
2013,NUMBER,ISTOCNI MOSTAR,M,_T,120
2013,NUMBER,ISTOCNI MOSTAR,F,_T,93
2013,NUMBER,ISTOCNI STARI GRAD,_T,_T,1004
2013,NUMBER,ISTOCNI STARI GRAD,M,_T,488
2013,NUMBER,ISTOCNI STARI GRAD,F,_T,516
2013,NUMBER,ISTOCNO NOVO SARAJEVO,_T,_T,8824
2013,NUMBER,ISTOCNO NOVO SARAJEVO,M,_T,4165
2013,NUMBER,ISTOCNO NOVO SARAJEVO,F,_T,4659
2013,NUMBER,JEZERO,_T,_T,902
2013,NUMBER,JEZERO,M,_T,465
2013,NUMBER,JEZERO,F,_T,437
2013,NUMBER,KALINOVIK,_T,_T,1769
2013,NUMBER,KALINOVIK,M,_T,871
2013,NUMBER,KALINOVIK,F,_T,898
2013,NUMBER,KNEZEVO,_T,_T,8016
2013,NUMBER,KNEZEVO,M,_T,3937
2013,NUMBER,KNEZEVO,F,_T,4079
2013,NUMBER,KOZARSKA DUBICA,_T,_T,18231
2013,NUMBER,KOZARSKA DUBICA,M,_T,8845
2013,NUMBER,KOZARSKA DUBICA,F,_T,9386
2013,NUMBER,KOSTAJNICA,_T,_T,4975
2013,NUMBER,KOSTAJNICA,M,_T,2437
2013,NUMBER,KOSTAJNICA,F,_T,2538
2013,NUMBER,KOTOR VAROS,_T,_T,15368
2013,NUMBER,KOTOR VAROS,M,_T,7454
2013,NUMBER,KOTOR VAROS,F,_T,7914
2013,NUMBER,KRUPA NA UNI,_T,_T,1381
2013,NUMBER,KRUPA NA UNI,M,_T,753
2013,NUMBER,KRUPA NA UNI,F,_T,628
2013,NUMBER,KUPRES,_T,_T,266
2013,NUMBER,KUPRES,M,_T,139
2013,NUMBER,KUPRES,F,_T,127
2013,NUMBER,LAKTASI,_T,_T,28847
2013,NUMBER,LAKTASI,M,_T,14165
2013,NUMBER,LAKTASI,F,_T,14682
2013,NUMBER,LOPARE,_T,_T,12938
2013,NUMBER,LOPARE,M,_T,6467
2013,NUMBER,LOPARE,F,_T,6471
2013,NUMBER,LJUBINJE,_T,_T,2898
2013,NUMBER,LJUBINJE,M,_T,1423
2013,NUMBER,LJUBINJE,F,_T,1475
2013,NUMBER,MILICI,_T,_T,9001
2013,NUMBER,MILICI,M,_T,4512
2013,NUMBER,MILICI,F,_T,4489
2013,NUMBER,MODRICA,_T,_T,21096
2013,NUMBER,MODRICA,M,_T,10240
2013,NUMBER,MODRICA,F,_T,10856
2013,NUMBER,MRKONJIC GRAD,_T,_T,13701
2013,NUMBER,MRKONJIC GRAD,M,_T,6548
2013,NUMBER,MRKONJIC GRAD,F,_T,7153
2013,NUMBER,NEVESINJE,_T,_T,10674
2013,NUMBER,NEVESINJE,M,_T,5289
2013,NUMBER,NEVESINJE,F,_T,5385
2013,NUMBER,NOVI GRAD,_T,_T,22126
2013,NUMBER,NOVI GRAD,M,_T,10935
2013,NUMBER,NOVI GRAD,F,_T,11191
2013,NUMBER,NOVO GORAZDE,_T,_T,2637
2013,NUMBER,NOVO GORAZDE,M,_T,1374
2013,NUMBER,NOVO GORAZDE,F,_T,1263
2013,NUMBER,OSMACI,_T,_T,4710
2013,NUMBER,OSMACI,M,_T,2343
2013,NUMBER,OSMACI,F,_T,2367
2013,NUMBER,OSTRA LUKA,_T,_T,2305
2013,NUMBER,OSTRA LUKA,M,_T,1174
2013,NUMBER,OSTRA LUKA,F,_T,1131
2013,NUMBER,PALE,_T,_T,17661
2013,NUMBER,PALE,M,_T,8344
2013,NUMBER,PALE,F,_T,9317
2013,NUMBER,PELAGICEVO,_T,_T,3895
2013,NUMBER,PELAGICEVO,M,_T,1917
2013,NUMBER,PELAGICEVO,F,_T,1978
2013,NUMBER,PETROVAC,_T,_T,302
2013,NUMBER,PETROVAC,M,_T,142
2013,NUMBER,PETROVAC,F,_T,160
2013,NUMBER,PETROVO,_T,_T,5575
2013,NUMBER,PETROVO,M,_T,2673
2013,NUMBER,PETROVO,F,_T,2902
2013,NUMBER,PRIJEDOR,_T,_T,70732
2013,NUMBER,PRIJEDOR,M,_T,34162
2013,NUMBER,PRIJEDOR,F,_T,36570
2013,NUMBER,PRNJAVOR,_T,_T,29403
2013,NUMBER,PRNJAVOR,M,_T,14149
2013,NUMBER,PRNJAVOR,F,_T,15254
2013,NUMBER,RIBNIK,_T,_T,5058
2013,NUMBER,RIBNIK,M,_T,2498
2013,NUMBER,RIBNIK,F,_T,2560
2013,NUMBER,ROGATICA,_T,_T,8918
2013,NUMBER,ROGATICA,M,_T,4351
2013,NUMBER,ROGATICA,F,_T,4567
2013,NUMBER,RUDO,_T,_T,6682
2013,NUMBER,RUDO,M,_T,3367
2013,NUMBER,RUDO,F,_T,3315
2013,NUMBER,SOKOLAC,_T,_T,10049
2013,NUMBER,SOKOLAC,M,_T,4907
2013,NUMBER,SOKOLAC,F,_T,5142
2013,NUMBER,SRBAC,_T,_T,14551
2013,NUMBER,SRBAC,M,_T,7089
2013,NUMBER,SRBAC,F,_T,7462
2013,NUMBER,SREBRENICA,_T,_T,10212
2013,NUMBER,SREBRENICA,M,_T,4952
2013,NUMBER,SREBRENICA,F,_T,5260
2013,NUMBER,TESLIC,_T,_T,31305
2013,NUMBER,TESLIC,M,_T,14814
2013,NUMBER,TESLIC,F,_T,16491
2013,NUMBER,TREBINJE,_T,_T,23982
2013,NUMBER,TREBINJE,M,_T,11546
2013,NUMBER,TREBINJE,F,_T,12436
2013,NUMBER,TRNOVO,_T,_T,1784
2013,NUMBER,TRNOVO,M,_T,848
2013,NUMBER,TRNOVO,F,_T,936
2013,NUMBER,UGLJEVIK,_T,_T,12964
2013,NUMBER,UGLJEVIK,M,_T,6513
2013,NUMBER,UGLJEVIK,F,_T,6451
2013,NUMBER,FOCA,_T,_T,15468
2013,NUMBER,FOCA,M,_T,7768
2013,NUMBER,FOCA,F,_T,7700
2013,NUMBER,HAN PIJESAK,_T,_T,3060
2013,NUMBER,HAN PIJESAK,M,_T,1429
2013,NUMBER,HAN PIJESAK,F,_T,1631
2013,NUMBER,CAJNICE,_T,_T,4065
2013,NUMBER,CAJNICE,M,_T,2040
2013,NUMBER,CAJNICE,F,_T,2025
2013,NUMBER,CELINAC,_T,_T,12852
2013,NUMBER,CELINAC,M,_T,6297
2013,NUMBER,CELINAC,F,_T,6555
2013,NUMBER,SAMAC,_T,_T,14308
2013,NUMBER,SAMAC,M,_T,6877
2013,NUMBER,SAMAC,F,_T,7431
2013,NUMBER,SEKOVICI,_T,_T,5525
2013,NUMBER,SEKOVICI,M,_T,2710
2013,NUMBER,SEKOVICI,F,_T,2815
2013,NUMBER,SIPOVO,_T,_T,8554
2013,NUMBER,SIPOVO,M,_T,4307
2013,NUMBER,SIPOVO,F,_T,4247
2013,NUMBER,REPUBLIKA SRPSKA,_T,no_education,58651
2013,NUMBER,REPUBLIKA SRPSKA,M,no_education,9370
2013,NUMBER,REPUBLIKA SRPSKA,F,no_education,49281
2013,NUMBER,BANJA LUKA,_T,no_education,5673
2013,NUMBER,BANJA LUKA,M,no_education,921
2013,NUMBER,BANJA LUKA,F,no_education,4752
2013,NUMBER,BERKOVICI,_T,no_education,104
2013,NUMBER,BERKOVICI,M,no_education,8
2013,NUMBER,BERKOVICI,F,no_education,96
2013,NUMBER,BIJELJINA,_T,no_education,3916
2013,NUMBER,BIJELJINA,M,no_education,650
2013,NUMBER,BIJELJINA,F,no_education,3266
2013,NUMBER,BILECA,_T,no_education,246
2013,NUMBER,BILECA,M,no_education,42
2013,NUMBER,BILECA,F,no_education,204
2013,NUMBER,BRATUNAC,_T,no_education,1297
2013,NUMBER,BRATUNAC,M,no_education,166
2013,NUMBER,BRATUNAC,F,no_education,1131
2013,NUMBER,BROD,_T,no_education,586
2013,NUMBER,BROD,M,no_education,90
2013,NUMBER,BROD,F,no_education,496
2013,NUMBER,VISEGRAD,_T,no_education,576
2013,NUMBER,VISEGRAD,M,no_education,65
2013,NUMBER,VISEGRAD,F,no_education,511
2013,NUMBER,VLASENICA,_T,no_education,629
2013,NUMBER,VLASENICA,M,no_education,101
2013,NUMBER,VLASENICA,F,no_education,528
2013,NUMBER,VUKOSAVLJE,_T,no_education,329
2013,NUMBER,VUKOSAVLJE,M,no_education,69
2013,NUMBER,VUKOSAVLJE,F,no_education,260
2013,NUMBER,GACKO,_T,no_education,268
2013,NUMBER,GACKO,M,no_education,22
2013,NUMBER,GACKO,F,no_education,246
2013,NUMBER,GRADISKA,_T,no_education,2608
2013,NUMBER,GRADISKA,M,no_education,425
2013,NUMBER,GRADISKA,F,no_education,2183
2013,NUMBER,DERVENTA,_T,no_education,1538
2013,NUMBER,DERVENTA,M,no_education,281
2013,NUMBER,DERVENTA,F,no_education,1257
2013,NUMBER,DOBOJ,_T,no_education,3364
2013,NUMBER,DOBOJ,M,no_education,496
2013,NUMBER,DOBOJ,F,no_education,2868
2013,NUMBER,DONJI ZABAR,_T,no_education,209
2013,NUMBER,DONJI ZABAR,M,no_education,37
2013,NUMBER,DONJI ZABAR,F,no_education,172
2013,NUMBER,ZVORNIK,_T,no_education,3216
2013,NUMBER,ZVORNIK,M,no_education,484
2013,NUMBER,ZVORNIK,F,no_education,2732
2013,NUMBER,ISTOCNA ILIDZA,_T,no_education,280
2013,NUMBER,ISTOCNA ILIDZA,M,no_education,33
2013,NUMBER,ISTOCNA ILIDZA,F,no_education,247
2013,NUMBER,ISTOCNI DRVAR,_T,no_education,5
2013,NUMBER,ISTOCNI DRVAR,M,no_education,0
2013,NUMBER,ISTOCNI DRVAR,F,no_education,5
2013,NUMBER,ISTOCNI MOSTAR,_T,no_education,19
2013,NUMBER,ISTOCNI MOSTAR,M,no_education,1
2013,NUMBER,ISTOCNI MOSTAR,F,no_education,18
2013,NUMBER,ISTOCNI STARI GRAD,_T,no_education,61
2013,NUMBER,ISTOCNI STARI GRAD,M,no_education,5
2013,NUMBER,ISTOCNI STARI GRAD,F,no_education,56
2013,NUMBER,ISTOCNO NOVO SARAJEVO,_T,no_education,191
2013,NUMBER,ISTOCNO NOVO SARAJEVO,M,no_education,25
2013,NUMBER,ISTOCNO NOVO SARAJEVO,F,no_education,166
2013,NUMBER,JEZERO,_T,no_education,79
2013,NUMBER,JEZERO,M,no_education,14
2013,NUMBER,JEZERO,F,no_education,65
2013,NUMBER,KALINOVIK,_T,no_education,158
2013,NUMBER,KALINOVIK,M,no_education,11
2013,NUMBER,KALINOVIK,F,no_education,147
2013,NUMBER,KNEZEVO,_T,no_education,1390
2013,NUMBER,KNEZEVO,M,no_education,311
2013,NUMBER,KNEZEVO,F,no_education,1079
2013,NUMBER,KOZARSKA DUBICA,_T,no_education,984
2013,NUMBER,KOZARSKA DUBICA,M,no_education,154
2013,NUMBER,KOZARSKA DUBICA,F,no_education,830
2013,NUMBER,KOSTAJNICA,_T,no_education,163
2013,NUMBER,KOSTAJNICA,M,no_education,28
2013,NUMBER,KOSTAJNICA,F,no_education,135
2013,NUMBER,KOTOR VAROS,_T,no_education,1503
2013,NUMBER,KOTOR VAROS,M,no_education,282
2013,NUMBER,KOTOR VAROS,F,no_education,1221
2013,NUMBER,KRUPA NA UNI,_T,no_education,157
2013,NUMBER,KRUPA NA UNI,M,no_education,19
2013,NUMBER,KRUPA NA UNI,F,no_education,138
2013,NUMBER,KUPRES,_T,no_education,103
2013,NUMBER,KUPRES,M,no_education,33
2013,NUMBER,KUPRES,F,no_education,70
2013,NUMBER,LAKTASI,_T,no_education,1363
2013,NUMBER,LAKTASI,M,no_education,229
2013,NUMBER,LAKTASI,F,no_education,1134
2013,NUMBER,LOPARE,_T,no_education,1235
2013,NUMBER,LOPARE,M,no_education,243
2013,NUMBER,LOPARE,F,no_education,992
2013,NUMBER,LJUBINJE,_T,no_education,110
2013,NUMBER,LJUBINJE,M,no_education,12
2013,NUMBER,LJUBINJE,F,no_education,98
2013,NUMBER,MILICI,_T,no_education,643
2013,NUMBER,MILICI,M,no_education,96
2013,NUMBER,MILICI,F,no_education,547
2013,NUMBER,MODRICA,_T,no_education,1278
2013,NUMBER,MODRICA,M,no_education,241
2013,NUMBER,MODRICA,F,no_education,1037
2013,NUMBER,MRKONJIC GRAD,_T,no_education,1462
2013,NUMBER,MRKONJIC GRAD,M,no_education,213
2013,NUMBER,MRKONJIC GRAD,F,no_education,1249
2013,NUMBER,NEVESINJE,_T,no_education,545
2013,NUMBER,NEVESINJE,M,no_education,56
2013,NUMBER,NEVESINJE,F,no_education,489
2013,NUMBER,NOVI GRAD,_T,no_education,1036
2013,NUMBER,NOVI GRAD,M,no_education,171
2013,NUMBER,NOVI GRAD,F,no_education,865
2013,NUMBER,NOVO GORAZDE,_T,no_education,127
2013,NUMBER,NOVO GORAZDE,M,no_education,21
2013,NUMBER,NOVO GORAZDE,F,no_education,106
2013,NUMBER,OSMACI,_T,no_education,397
2013,NUMBER,OSMACI,M,no_education,62
2013,NUMBER,OSMACI,F,no_education,335
2013,NUMBER,OSTRA LUKA,_T,no_education,247
2013,NUMBER,OSTRA LUKA,M,no_education,43
2013,NUMBER,OSTRA LUKA,F,no_education,204
2013,NUMBER,PALE,_T,no_education,606
2013,NUMBER,PALE,M,no_education,80
2013,NUMBER,PALE,F,no_education,526
2013,NUMBER,PELAGICEVO,_T,no_education,290
2013,NUMBER,PELAGICEVO,M,no_education,46
2013,NUMBER,PELAGICEVO,F,no_education,244
2013,NUMBER,PETROVAC,_T,no_education,11
2013,NUMBER,PETROVAC,M,no_education,0
2013,NUMBER,PETROVAC,F,no_education,11
2013,NUMBER,PETROVO,_T,no_education,403
2013,NUMBER,PETROVO,M,no_education,48
2013,NUMBER,PETROVO,F,no_education,355
2013,NUMBER,PRIJEDOR,_T,no_education,3918
2013,NUMBER,PRIJEDOR,M,no_education,760
2013,NUMBER,PRIJEDOR,F,no_education,3158
2013,NUMBER,PRNJAVOR,_T,no_education,2654
2013,NUMBER,PRNJAVOR,M,no_education,391
2013,NUMBER,PRNJAVOR,F,no_education,2263
2013,NUMBER,RIBNIK,_T,no_education,680
2013,NUMBER,RIBNIK,M,no_education,118
2013,NUMBER,RIBNIK,F,no_education,562
2013,NUMBER,ROGATICA,_T,no_education,633
2013,NUMBER,ROGATICA,M,no_education,89
2013,NUMBER,ROGATICA,F,no_education,544
2013,NUMBER,RUDO,_T,no_education,279
2013,NUMBER,RUDO,M,no_education,38
2013,NUMBER,RUDO,F,no_education,241
2013,NUMBER,SOKOLAC,_T,no_education,392
2013,NUMBER,SOKOLAC,M,no_education,52
2013,NUMBER,SOKOLAC,F,no_education,340
2013,NUMBER,SRBAC,_T,no_education,1115
2013,NUMBER,SRBAC,M,no_education,235
2013,NUMBER,SRBAC,F,no_education,880
2013,NUMBER,SREBRENICA,_T,no_education,852
2013,NUMBER,SREBRENICA,M,no_education,105
2013,NUMBER,SREBRENICA,F,no_education,747
2013,NUMBER,TESLIC,_T,no_education,3299
2013,NUMBER,TESLIC,M,no_education,471
2013,NUMBER,TESLIC,F,no_education,2828
2013,NUMBER,TREBINJE,_T,no_education,382
2013,NUMBER,TREBINJE,M,no_education,44
2013,NUMBER,TREBINJE,F,no_education,338
2013,NUMBER,TRNOVO,_T,no_education,143
2013,NUMBER,TRNOVO,M,no_education,14
2013,NUMBER,TRNOVO,F,no_education,129
2013,NUMBER,UGLJEVIK,_T,no_education,856
2013,NUMBER,UGLJEVIK,M,no_education,135
2013,NUMBER,UGLJEVIK,F,no_education,721
2013,NUMBER,FOCA,_T,no_education,775
2013,NUMBER,FOCA,M,no_education,92
2013,NUMBER,FOCA,F,no_education,683
2013,NUMBER,HAN PIJESAK,_T,no_education,198
2013,NUMBER,HAN PIJESAK,M,no_education,22
2013,NUMBER,HAN PIJESAK,F,no_education,176
2013,NUMBER,CAJNICE,_T,no_education,224
2013,NUMBER,CAJNICE,M,no_education,31
2013,NUMBER,CAJNICE,F,no_education,193
2013,NUMBER,CELINAC,_T,no_education,832
2013,NUMBER,CELINAC,M,no_education,109
2013,NUMBER,CELINAC,F,no_education,723
2013,NUMBER,SAMAC,_T,no_education,627
2013,NUMBER,SAMAC,M,no_education,90
2013,NUMBER,SAMAC,F,no_education,537
2013,NUMBER,SEKOVICI,_T,no_education,655
2013,NUMBER,SEKOVICI,M,no_education,120
2013,NUMBER,SEKOVICI,F,no_education,535
2013,NUMBER,SIPOVO,_T,no_education,732
2013,NUMBER,SIPOVO,M,no_education,120
2013,NUMBER,SIPOVO,F,no_education,612
2013,NUMBER,REPUBLIKA SRPSKA,_T,incomplete_elementary,97022
2013,NUMBER,REPUBLIKA SRPSKA,M,incomplete_elementary,33465
2013,NUMBER,REPUBLIKA SRPSKA,F,incomplete_elementary,63557
2013,NUMBER,BANJA LUKA,_T,incomplete_elementary,6483
2013,NUMBER,BANJA LUKA,M,incomplete_elementary,2117
2013,NUMBER,BANJA LUKA,F,incomplete_elementary,4366
2013,NUMBER,BERKOVICI,_T,incomplete_elementary,229
2013,NUMBER,BERKOVICI,M,incomplete_elementary,74
2013,NUMBER,BERKOVICI,F,incomplete_elementary,155
2013,NUMBER,BIJELJINA,_T,incomplete_elementary,10740
2013,NUMBER,BIJELJINA,M,incomplete_elementary,3999
2013,NUMBER,BIJELJINA,F,incomplete_elementary,6741
2013,NUMBER,BILECA,_T,incomplete_elementary,747
2013,NUMBER,BILECA,M,incomplete_elementary,187
2013,NUMBER,BILECA,F,incomplete_elementary,560
2013,NUMBER,BRATUNAC,_T,incomplete_elementary,1364
2013,NUMBER,BRATUNAC,M,incomplete_elementary,395
2013,NUMBER,BRATUNAC,F,incomplete_elementary,969
2013,NUMBER,BROD,_T,incomplete_elementary,1241
2013,NUMBER,BROD,M,incomplete_elementary,328
2013,NUMBER,BROD,F,incomplete_elementary,913
2013,NUMBER,VISEGRAD,_T,incomplete_elementary,783
2013,NUMBER,VISEGRAD,M,incomplete_elementary,203
2013,NUMBER,VISEGRAD,F,incomplete_elementary,580
2013,NUMBER,VLASENICA,_T,incomplete_elementary,758
2013,NUMBER,VLASENICA,M,incomplete_elementary,243
2013,NUMBER,VLASENICA,F,incomplete_elementary,515
2013,NUMBER,VUKOSAVLJE,_T,incomplete_elementary,719
2013,NUMBER,VUKOSAVLJE,M,incomplete_elementary,300
2013,NUMBER,VUKOSAVLJE,F,incomplete_elementary,419
2013,NUMBER,GACKO,_T,incomplete_elementary,496
2013,NUMBER,GACKO,M,incomplete_elementary,135
2013,NUMBER,GACKO,F,incomplete_elementary,361
2013,NUMBER,GRADISKA,_T,incomplete_elementary,4821
2013,NUMBER,GRADISKA,M,incomplete_elementary,1832
2013,NUMBER,GRADISKA,F,incomplete_elementary,2989
2013,NUMBER,DERVENTA,_T,incomplete_elementary,2759
2013,NUMBER,DERVENTA,M,incomplete_elementary,1030
2013,NUMBER,DERVENTA,F,incomplete_elementary,1729
2013,NUMBER,DOBOJ,_T,incomplete_elementary,6019
2013,NUMBER,DOBOJ,M,incomplete_elementary,1823
2013,NUMBER,DOBOJ,F,incomplete_elementary,4196
2013,NUMBER,DONJI ZABAR,_T,incomplete_elementary,707
2013,NUMBER,DONJI ZABAR,M,incomplete_elementary,304
2013,NUMBER,DONJI ZABAR,F,incomplete_elementary,403
2013,NUMBER,ZVORNIK,_T,incomplete_elementary,4702
2013,NUMBER,ZVORNIK,M,incomplete_elementary,1472
2013,NUMBER,ZVORNIK,F,incomplete_elementary,3230
2013,NUMBER,ISTOCNA ILIDZA,_T,incomplete_elementary,550
2013,NUMBER,ISTOCNA ILIDZA,M,incomplete_elementary,65
2013,NUMBER,ISTOCNA ILIDZA,F,incomplete_elementary,485
2013,NUMBER,ISTOCNI DRVAR,_T,incomplete_elementary,6
2013,NUMBER,ISTOCNI DRVAR,M,incomplete_elementary,4
2013,NUMBER,ISTOCNI DRVAR,F,incomplete_elementary,2
2013,NUMBER,ISTOCNI MOSTAR,_T,incomplete_elementary,41
2013,NUMBER,ISTOCNI MOSTAR,M,incomplete_elementary,21
2013,NUMBER,ISTOCNI MOSTAR,F,incomplete_elementary,20
2013,NUMBER,ISTOCNI STARI GRAD,_T,incomplete_elementary,133
2013,NUMBER,ISTOCNI STARI GRAD,M,incomplete_elementary,29
2013,NUMBER,ISTOCNI STARI GRAD,F,incomplete_elementary,104
2013,NUMBER,ISTOCNO NOVO SARAJEVO,_T,incomplete_elementary,454
2013,NUMBER,ISTOCNO NOVO SARAJEVO,M,incomplete_elementary,89
2013,NUMBER,ISTOCNO NOVO SARAJEVO,F,incomplete_elementary,365
2013,NUMBER,JEZERO,_T,incomplete_elementary,105
2013,NUMBER,JEZERO,M,incomplete_elementary,39
2013,NUMBER,JEZERO,F,incomplete_elementary,66
2013,NUMBER,KALINOVIK,_T,incomplete_elementary,175
2013,NUMBER,KALINOVIK,M,incomplete_elementary,48
2013,NUMBER,KALINOVIK,F,incomplete_elementary,127
2013,NUMBER,KNEZEVO,_T,incomplete_elementary,752
2013,NUMBER,KNEZEVO,M,incomplete_elementary,318
2013,NUMBER,KNEZEVO,F,incomplete_elementary,434
2013,NUMBER,KOZARSKA DUBICA,_T,incomplete_elementary,1894
2013,NUMBER,KOZARSKA DUBICA,M,incomplete_elementary,683
2013,NUMBER,KOZARSKA DUBICA,F,incomplete_elementary,1211
2013,NUMBER,KOSTAJNICA,_T,incomplete_elementary,387
2013,NUMBER,KOSTAJNICA,M,incomplete_elementary,132
2013,NUMBER,KOSTAJNICA,F,incomplete_elementary,255
2013,NUMBER,KOTOR VAROS,_T,incomplete_elementary,1183
2013,NUMBER,KOTOR VAROS,M,incomplete_elementary,391
2013,NUMBER,KOTOR VAROS,F,incomplete_elementary,792
2013,NUMBER,KRUPA NA UNI,_T,incomplete_elementary,316
2013,NUMBER,KRUPA NA UNI,M,incomplete_elementary,165
2013,NUMBER,KRUPA NA UNI,F,incomplete_elementary,151
2013,NUMBER,KUPRES,_T,incomplete_elementary,19
2013,NUMBER,KUPRES,M,incomplete_elementary,9
2013,NUMBER,KUPRES,F,incomplete_elementary,10
2013,NUMBER,LAKTASI,_T,incomplete_elementary,2504
2013,NUMBER,LAKTASI,M,incomplete_elementary,946
2013,NUMBER,LAKTASI,F,incomplete_elementary,1558
2013,NUMBER,LOPARE,_T,incomplete_elementary,2118
2013,NUMBER,LOPARE,M,incomplete_elementary,943
2013,NUMBER,LOPARE,F,incomplete_elementary,1175
2013,NUMBER,LJUBINJE,_T,incomplete_elementary,275
2013,NUMBER,LJUBINJE,M,incomplete_elementary,64
2013,NUMBER,LJUBINJE,F,incomplete_elementary,211
2013,NUMBER,MILICI,_T,incomplete_elementary,729
2013,NUMBER,MILICI,M,incomplete_elementary,217
2013,NUMBER,MILICI,F,incomplete_elementary,512
2013,NUMBER,MODRICA,_T,incomplete_elementary,2912
2013,NUMBER,MODRICA,M,incomplete_elementary,1049
2013,NUMBER,MODRICA,F,incomplete_elementary,1863
2013,NUMBER,MRKONJIC GRAD,_T,incomplete_elementary,1769
2013,NUMBER,MRKONJIC GRAD,M,incomplete_elementary,777
2013,NUMBER,MRKONJIC GRAD,F,incomplete_elementary,992
2013,NUMBER,NEVESINJE,_T,incomplete_elementary,1048
2013,NUMBER,NEVESINJE,M,incomplete_elementary,265
2013,NUMBER,NEVESINJE,F,incomplete_elementary,783
2013,NUMBER,NOVI GRAD,_T,incomplete_elementary,2172
2013,NUMBER,NOVI GRAD,M,incomplete_elementary,757
2013,NUMBER,NOVI GRAD,F,incomplete_elementary,1415
2013,NUMBER,NOVO GORAZDE,_T,incomplete_elementary,162
2013,NUMBER,NOVO GORAZDE,M,incomplete_elementary,52
2013,NUMBER,NOVO GORAZDE,F,incomplete_elementary,110
2013,NUMBER,OSMACI,_T,incomplete_elementary,552
2013,NUMBER,OSMACI,M,incomplete_elementary,172
2013,NUMBER,OSMACI,F,incomplete_elementary,380
2013,NUMBER,OSTRA LUKA,_T,incomplete_elementary,352
2013,NUMBER,OSTRA LUKA,M,incomplete_elementary,154
2013,NUMBER,OSTRA LUKA,F,incomplete_elementary,198
2013,NUMBER,PALE,_T,incomplete_elementary,986
2013,NUMBER,PALE,M,incomplete_elementary,214
2013,NUMBER,PALE,F,incomplete_elementary,772
2013,NUMBER,PELAGICEVO,_T,incomplete_elementary,1081
2013,NUMBER,PELAGICEVO,M,incomplete_elementary,459
2013,NUMBER,PELAGICEVO,F,incomplete_elementary,622
2013,NUMBER,PETROVAC,_T,incomplete_elementary,28
2013,NUMBER,PETROVAC,M,incomplete_elementary,4
2013,NUMBER,PETROVAC,F,incomplete_elementary,24
2013,NUMBER,PETROVO,_T,incomplete_elementary,733
2013,NUMBER,PETROVO,M,incomplete_elementary,180
2013,NUMBER,PETROVO,F,incomplete_elementary,553
2013,NUMBER,PRIJEDOR,_T,incomplete_elementary,6219
2013,NUMBER,PRIJEDOR,M,incomplete_elementary,1948
2013,NUMBER,PRIJEDOR,F,incomplete_elementary,4271
2013,NUMBER,PRNJAVOR,_T,incomplete_elementary,4458
2013,NUMBER,PRNJAVOR,M,incomplete_elementary,1948
2013,NUMBER,PRNJAVOR,F,incomplete_elementary,2510
2013,NUMBER,RIBNIK,_T,incomplete_elementary,641
2013,NUMBER,RIBNIK,M,incomplete_elementary,249
2013,NUMBER,RIBNIK,F,incomplete_elementary,392
2013,NUMBER,ROGATICA,_T,incomplete_elementary,799
2013,NUMBER,ROGATICA,M,incomplete_elementary,239
2013,NUMBER,ROGATICA,F,incomplete_elementary,560
2013,NUMBER,RUDO,_T,incomplete_elementary,719
2013,NUMBER,RUDO,M,incomplete_elementary,197
2013,NUMBER,RUDO,F,incomplete_elementary,522
2013,NUMBER,SOKOLAC,_T,incomplete_elementary,747
2013,NUMBER,SOKOLAC,M,incomplete_elementary,207
2013,NUMBER,SOKOLAC,F,incomplete_elementary,540
2013,NUMBER,SRBAC,_T,incomplete_elementary,2023
2013,NUMBER,SRBAC,M,incomplete_elementary,857
2013,NUMBER,SRBAC,F,incomplete_elementary,1166
2013,NUMBER,SREBRENICA,_T,incomplete_elementary,1086
2013,NUMBER,SREBRENICA,M,incomplete_elementary,308
2013,NUMBER,SREBRENICA,F,incomplete_elementary,778
2013,NUMBER,TESLIC,_T,incomplete_elementary,4433
2013,NUMBER,TESLIC,M,incomplete_elementary,1551
2013,NUMBER,TESLIC,F,incomplete_elementary,2882
2013,NUMBER,TREBINJE,_T,incomplete_elementary,1156
2013,NUMBER,TREBINJE,M,incomplete_elementary,210
2013,NUMBER,TREBINJE,F,incomplete_elementary,946
2013,NUMBER,TRNOVO,_T,incomplete_elementary,151
2013,NUMBER,TRNOVO,M,incomplete_elementary,36
2013,NUMBER,TRNOVO,F,incomplete_elementary,115
2013,NUMBER,UGLJEVIK,_T,incomplete_elementary,1829
2013,NUMBER,UGLJEVIK,M,incomplete_elementary,734
2013,NUMBER,UGLJEVIK,F,incomplete_elementary,1095
2013,NUMBER,FOCA,_T,incomplete_elementary,1301
2013,NUMBER,FOCA,M,incomplete_elementary,346
2013,NUMBER,FOCA,F,incomplete_elementary,955
2013,NUMBER,HAN PIJESAK,_T,incomplete_elementary,258
2013,NUMBER,HAN PIJESAK,M,incomplete_elementary,61
2013,NUMBER,HAN PIJESAK,F,incomplete_elementary,197
2013,NUMBER,CAJNICE,_T,incomplete_elementary,474
2013,NUMBER,CAJNICE,M,incomplete_elementary,149
2013,NUMBER,CAJNICE,F,incomplete_elementary,325
2013,NUMBER,CELINAC,_T,incomplete_elementary,1317
2013,NUMBER,CELINAC,M,incomplete_elementary,474
2013,NUMBER,CELINAC,F,incomplete_elementary,843
2013,NUMBER,SAMAC,_T,incomplete_elementary,2046
2013,NUMBER,SAMAC,M,incomplete_elementary,731
2013,NUMBER,SAMAC,F,incomplete_elementary,1315
2013,NUMBER,SEKOVICI,_T,incomplete_elementary,453
2013,NUMBER,SEKOVICI,M,incomplete_elementary,181
2013,NUMBER,SEKOVICI,F,incomplete_elementary,272
2013,NUMBER,SIPOVO,_T,incomplete_elementary,908
2013,NUMBER,SIPOVO,M,incomplete_elementary,351
2013,NUMBER,SIPOVO,F,incomplete_elementary,557
2013,NUMBER,REPUBLIKA SRPSKA,_T,elementary_education,212834
2013,NUMBER,REPUBLIKA SRPSKA,M,elementary_education,95682
2013,NUMBER,REPUBLIKA SRPSKA,F,elementary_education,117152
2013,NUMBER,BANJA LUKA,_T,elementary_education,23011
2013,NUMBER,BANJA LUKA,M,elementary_education,9927
2013,NUMBER,BANJA LUKA,F,elementary_education,13084
2013,NUMBER,BERKOVICI,_T,elementary_education,430
2013,NUMBER,BERKOVICI,M,elementary_education,221
2013,NUMBER,BERKOVICI,F,elementary_education,209
2013,NUMBER,BIJELJINA,_T,elementary_education,18771
2013,NUMBER,BIJELJINA,M,elementary_education,8590
2013,NUMBER,BIJELJINA,F,elementary_education,10181
2013,NUMBER,BILECA,_T,elementary_education,1951
2013,NUMBER,BILECA,M,elementary_education,867
2013,NUMBER,BILECA,F,elementary_education,1084
2013,NUMBER,BRATUNAC,_T,elementary_education,3893
2013,NUMBER,BRATUNAC,M,elementary_education,1769
2013,NUMBER,BRATUNAC,F,elementary_education,2124
2013,NUMBER,BROD,_T,elementary_education,2986
2013,NUMBER,BROD,M,elementary_education,1248
2013,NUMBER,BROD,F,elementary_education,1738
2013,NUMBER,VISEGRAD,_T,elementary_education,1626
2013,NUMBER,VISEGRAD,M,elementary_education,593
2013,NUMBER,VISEGRAD,F,elementary_education,1033
2013,NUMBER,VLASENICA,_T,elementary_education,2268
2013,NUMBER,VLASENICA,M,elementary_education,993
2013,NUMBER,VLASENICA,F,elementary_education,1275
2013,NUMBER,VUKOSAVLJE,_T,elementary_education,999
2013,NUMBER,VUKOSAVLJE,M,elementary_education,472
2013,NUMBER,VUKOSAVLJE,F,elementary_education,527
2013,NUMBER,GACKO,_T,elementary_education,1356
2013,NUMBER,GACKO,M,elementary_education,530
2013,NUMBER,GACKO,F,elementary_education,826
2013,NUMBER,GRADISKA,_T,elementary_education,9626
2013,NUMBER,GRADISKA,M,elementary_education,4493
2013,NUMBER,GRADISKA,F,elementary_education,5133
2013,NUMBER,DERVENTA,_T,elementary_education,5260
2013,NUMBER,DERVENTA,M,elementary_education,2463
2013,NUMBER,DERVENTA,F,elementary_education,2797
2013,NUMBER,DOBOJ,_T,elementary_education,13403
2013,NUMBER,DOBOJ,M,elementary_education,5750
2013,NUMBER,DOBOJ,F,elementary_education,7653
2013,NUMBER,DONJI ZABAR,_T,elementary_education,815
2013,NUMBER,DONJI ZABAR,M,elementary_education,408
2013,NUMBER,DONJI ZABAR,F,elementary_education,407
2013,NUMBER,ZVORNIK,_T,elementary_education,11440
2013,NUMBER,ZVORNIK,M,elementary_education,5163
2013,NUMBER,ZVORNIK,F,elementary_education,6277
2013,NUMBER,ISTOCNA ILIDZA,_T,elementary_education,1676
2013,NUMBER,ISTOCNA ILIDZA,M,elementary_education,519
2013,NUMBER,ISTOCNA ILIDZA,F,elementary_education,1157
2013,NUMBER,ISTOCNI DRVAR,_T,elementary_education,9
2013,NUMBER,ISTOCNI DRVAR,M,elementary_education,2
2013,NUMBER,ISTOCNI DRVAR,F,elementary_education,7
2013,NUMBER,ISTOCNI MOSTAR,_T,elementary_education,38
2013,NUMBER,ISTOCNI MOSTAR,M,elementary_education,24
2013,NUMBER,ISTOCNI MOSTAR,F,elementary_education,14
2013,NUMBER,ISTOCNI STARI GRAD,_T,elementary_education,166
2013,NUMBER,ISTOCNI STARI GRAD,M,elementary_education,75
2013,NUMBER,ISTOCNI STARI GRAD,F,elementary_education,91
2013,NUMBER,ISTOCNO NOVO SARAJEVO,_T,elementary_education,1087
2013,NUMBER,ISTOCNO NOVO SARAJEVO,M,elementary_education,356
2013,NUMBER,ISTOCNO NOVO SARAJEVO,F,elementary_education,731
2013,NUMBER,JEZERO,_T,elementary_education,236
2013,NUMBER,JEZERO,M,elementary_education,109
2013,NUMBER,JEZERO,F,elementary_education,127
2013,NUMBER,KALINOVIK,_T,elementary_education,334
2013,NUMBER,KALINOVIK,M,elementary_education,122
2013,NUMBER,KALINOVIK,F,elementary_education,212
2013,NUMBER,KNEZEVO,_T,elementary_education,1918
2013,NUMBER,KNEZEVO,M,elementary_education,990
2013,NUMBER,KNEZEVO,F,elementary_education,928
2013,NUMBER,KOZARSKA DUBICA,_T,elementary_education,3921
2013,NUMBER,KOZARSKA DUBICA,M,elementary_education,1839
2013,NUMBER,KOZARSKA DUBICA,F,elementary_education,2082
2013,NUMBER,KOSTAJNICA,_T,elementary_education,1117
2013,NUMBER,KOSTAJNICA,M,elementary_education,486
2013,NUMBER,KOSTAJNICA,F,elementary_education,631
2013,NUMBER,KOTOR VAROS,_T,elementary_education,3809
2013,NUMBER,KOTOR VAROS,M,elementary_education,1797
2013,NUMBER,KOTOR VAROS,F,elementary_education,2012
2013,NUMBER,KRUPA NA UNI,_T,elementary_education,524
2013,NUMBER,KRUPA NA UNI,M,elementary_education,317
2013,NUMBER,KRUPA NA UNI,F,elementary_education,207
2013,NUMBER,KUPRES,_T,elementary_education,53
2013,NUMBER,KUPRES,M,elementary_education,33
2013,NUMBER,KUPRES,F,elementary_education,20
2013,NUMBER,LAKTASI,_T,elementary_education,6602
2013,NUMBER,LAKTASI,M,elementary_education,3078
2013,NUMBER,LAKTASI,F,elementary_education,3524
2013,NUMBER,LOPARE,_T,elementary_education,3267
2013,NUMBER,LOPARE,M,elementary_education,1670
2013,NUMBER,LOPARE,F,elementary_education,1597
2013,NUMBER,LJUBINJE,_T,elementary_education,619
2013,NUMBER,LJUBINJE,M,elementary_education,261
2013,NUMBER,LJUBINJE,F,elementary_education,358
2013,NUMBER,MILICI,_T,elementary_education,2387
2013,NUMBER,MILICI,M,elementary_education,1038
2013,NUMBER,MILICI,F,elementary_education,1349
2013,NUMBER,MODRICA,_T,elementary_education,5255
2013,NUMBER,MODRICA,M,elementary_education,2469
2013,NUMBER,MODRICA,F,elementary_education,2786
2013,NUMBER,MRKONJIC GRAD,_T,elementary_education,2720
2013,NUMBER,MRKONJIC GRAD,M,elementary_education,1373
2013,NUMBER,MRKONJIC GRAD,F,elementary_education,1347
2013,NUMBER,NEVESINJE,_T,elementary_education,2193
2013,NUMBER,NEVESINJE,M,elementary_education,961
2013,NUMBER,NEVESINJE,F,elementary_education,1232
2013,NUMBER,NOVI GRAD,_T,elementary_education,5660
2013,NUMBER,NOVI GRAD,M,elementary_education,2691
2013,NUMBER,NOVI GRAD,F,elementary_education,2969
2013,NUMBER,NOVO GORAZDE,_T,elementary_education,612
2013,NUMBER,NOVO GORAZDE,M,elementary_education,229
2013,NUMBER,NOVO GORAZDE,F,elementary_education,383
2013,NUMBER,OSMACI,_T,elementary_education,1146
2013,NUMBER,OSMACI,M,elementary_education,495
2013,NUMBER,OSMACI,F,elementary_education,651
2013,NUMBER,OSTRA LUKA,_T,elementary_education,648
2013,NUMBER,OSTRA LUKA,M,elementary_education,348
2013,NUMBER,OSTRA LUKA,F,elementary_education,300
2013,NUMBER,PALE,_T,elementary_education,2570
2013,NUMBER,PALE,M,elementary_education,935
2013,NUMBER,PALE,F,elementary_education,1635
2013,NUMBER,PELAGICEVO,_T,elementary_education,1081
2013,NUMBER,PELAGICEVO,M,elementary_education,586
2013,NUMBER,PELAGICEVO,F,elementary_education,495
2013,NUMBER,PETROVAC,_T,elementary_education,57
2013,NUMBER,PETROVAC,M,elementary_education,23
2013,NUMBER,PETROVAC,F,elementary_education,34
2013,NUMBER,PETROVO,_T,elementary_education,1114
2013,NUMBER,PETROVO,M,elementary_education,464
2013,NUMBER,PETROVO,F,elementary_education,650
2013,NUMBER,PRIJEDOR,_T,elementary_education,15121
2013,NUMBER,PRIJEDOR,M,elementary_education,6682
2013,NUMBER,PRIJEDOR,F,elementary_education,8439
2013,NUMBER,PRNJAVOR,_T,elementary_education,7504
2013,NUMBER,PRNJAVOR,M,elementary_education,3697
2013,NUMBER,PRNJAVOR,F,elementary_education,3807
2013,NUMBER,RIBNIK,_T,elementary_education,1275
2013,NUMBER,RIBNIK,M,elementary_education,651
2013,NUMBER,RIBNIK,F,elementary_education,624
2013,NUMBER,ROGATICA,_T,elementary_education,1761
2013,NUMBER,ROGATICA,M,elementary_education,717
2013,NUMBER,ROGATICA,F,elementary_education,1044
2013,NUMBER,RUDO,_T,elementary_education,1332
2013,NUMBER,RUDO,M,elementary_education,514
2013,NUMBER,RUDO,F,elementary_education,818
2013,NUMBER,SOKOLAC,_T,elementary_education,1790
2013,NUMBER,SOKOLAC,M,elementary_education,720
2013,NUMBER,SOKOLAC,F,elementary_education,1070
2013,NUMBER,SRBAC,_T,elementary_education,3740
2013,NUMBER,SRBAC,M,elementary_education,1843
2013,NUMBER,SRBAC,F,elementary_education,1897
2013,NUMBER,SREBRENICA,_T,elementary_education,2494
2013,NUMBER,SREBRENICA,M,elementary_education,1115
2013,NUMBER,SREBRENICA,F,elementary_education,1379
2013,NUMBER,TESLIC,_T,elementary_education,7412
2013,NUMBER,TESLIC,M,elementary_education,3540
2013,NUMBER,TESLIC,F,elementary_education,3872
2013,NUMBER,TREBINJE,_T,elementary_education,3757
2013,NUMBER,TREBINJE,M,elementary_education,1267
2013,NUMBER,TREBINJE,F,elementary_education,2490
2013,NUMBER,TRNOVO,_T,elementary_education,342
2013,NUMBER,TRNOVO,M,elementary_education,106
2013,NUMBER,TRNOVO,F,elementary_education,236
2013,NUMBER,UGLJEVIK,_T,elementary_education,2942
2013,NUMBER,UGLJEVIK,M,elementary_education,1398
2013,NUMBER,UGLJEVIK,F,elementary_education,1544
2013,NUMBER,FOCA,_T,elementary_education,2975
2013,NUMBER,FOCA,M,elementary_education,1305
2013,NUMBER,FOCA,F,elementary_education,1670
2013,NUMBER,HAN PIJESAK,_T,elementary_education,686
2013,NUMBER,HAN PIJESAK,M,elementary_education,275
2013,NUMBER,HAN PIJESAK,F,elementary_education,411
2013,NUMBER,CAJNICE,_T,elementary_education,981
2013,NUMBER,CAJNICE,M,elementary_education,436
2013,NUMBER,CAJNICE,F,elementary_education,545
2013,NUMBER,CELINAC,_T,elementary_education,3312
2013,NUMBER,CELINAC,M,elementary_education,1626
2013,NUMBER,CELINAC,F,elementary_education,1686
2013,NUMBER,SAMAC,_T,elementary_education,3511
2013,NUMBER,SAMAC,M,elementary_education,1521
2013,NUMBER,SAMAC,F,elementary_education,1990
2013,NUMBER,SEKOVICI,_T,elementary_education,1397
2013,NUMBER,SEKOVICI,M,elementary_education,610
2013,NUMBER,SEKOVICI,F,elementary_education,787
2013,NUMBER,SIPOVO,_T,elementary_education,1848
2013,NUMBER,SIPOVO,M,elementary_education,882
2013,NUMBER,SIPOVO,F,elementary_education,966
2013,NUMBER,REPUBLIKA SRPSKA,_T,secondary_education,508414
2013,NUMBER,REPUBLIKA SRPSKA,M,secondary_education,280747
2013,NUMBER,REPUBLIKA SRPSKA,F,secondary_education,227667
2013,NUMBER,BANJA LUKA,_T,secondary_education,83044
2013,NUMBER,BANJA LUKA,M,secondary_education,42327
2013,NUMBER,BANJA LUKA,F,secondary_education,40717
2013,NUMBER,BERKOVICI,_T,secondary_education,771
2013,NUMBER,BERKOVICI,M,secondary_education,446
2013,NUMBER,BERKOVICI,F,secondary_education,325
2013,NUMBER,BIJELJINA,_T,secondary_education,43231
2013,NUMBER,BIJELJINA,M,secondary_education,23560
2013,NUMBER,BIJELJINA,F,secondary_education,19671
2013,NUMBER,BILECA,_T,secondary_education,4799
2013,NUMBER,BILECA,M,secondary_education,2692
2013,NUMBER,BILECA,F,secondary_education,2107
2013,NUMBER,BRATUNAC,_T,secondary_education,7868
2013,NUMBER,BRATUNAC,M,secondary_education,4649
2013,NUMBER,BRATUNAC,F,secondary_education,3219
2013,NUMBER,BROD,_T,secondary_education,7331
2013,NUMBER,BROD,M,secondary_education,4080
2013,NUMBER,BROD,F,secondary_education,3251
2013,NUMBER,VISEGRAD,_T,secondary_education,4635
2013,NUMBER,VISEGRAD,M,secondary_education,2672
2013,NUMBER,VISEGRAD,F,secondary_education,1963
2013,NUMBER,VLASENICA,_T,secondary_education,4607
2013,NUMBER,VLASENICA,M,secondary_education,2596
2013,NUMBER,VLASENICA,F,secondary_education,2011
2013,NUMBER,VUKOSAVLJE,_T,secondary_education,1504
2013,NUMBER,VUKOSAVLJE,M,secondary_education,919
2013,NUMBER,VUKOSAVLJE,F,secondary_education,585
2013,NUMBER,GACKO,_T,secondary_education,3801
2013,NUMBER,GACKO,M,secondary_education,2151
2013,NUMBER,GACKO,F,secondary_education,1650
2013,NUMBER,GRADISKA,_T,secondary_education,21633
2013,NUMBER,GRADISKA,M,secondary_education,11815
2013,NUMBER,GRADISKA,F,secondary_education,9818
2013,NUMBER,DERVENTA,_T,secondary_education,10884
2013,NUMBER,DERVENTA,M,secondary_education,6033
2013,NUMBER,DERVENTA,F,secondary_education,4851
2013,NUMBER,DOBOJ,_T,secondary_education,29051
2013,NUMBER,DOBOJ,M,secondary_education,16192
2013,NUMBER,DOBOJ,F,secondary_education,12859
2013,NUMBER,DONJI ZABAR,_T,secondary_education,1261
2013,NUMBER,DONJI ZABAR,M,secondary_education,739
2013,NUMBER,DONJI ZABAR,F,secondary_education,522
2013,NUMBER,ZVORNIK,_T,secondary_education,21815
2013,NUMBER,ZVORNIK,M,secondary_education,12776
2013,NUMBER,ZVORNIK,F,secondary_education,9039
2013,NUMBER,ISTOCNA ILIDZA,_T,secondary_education,7474
2013,NUMBER,ISTOCNA ILIDZA,M,secondary_education,4082
2013,NUMBER,ISTOCNA ILIDZA,F,secondary_education,3392
2013,NUMBER,ISTOCNI DRVAR,_T,secondary_education,29
2013,NUMBER,ISTOCNI DRVAR,M,secondary_education,24
2013,NUMBER,ISTOCNI DRVAR,F,secondary_education,5
2013,NUMBER,ISTOCNI MOSTAR,_T,secondary_education,99
2013,NUMBER,ISTOCNI MOSTAR,M,secondary_education,65
2013,NUMBER,ISTOCNI MOSTAR,F,secondary_education,34
2013,NUMBER,ISTOCNI STARI GRAD,_T,secondary_education,548
2013,NUMBER,ISTOCNI STARI GRAD,M,secondary_education,329
2013,NUMBER,ISTOCNI STARI GRAD,F,secondary_education,219
2013,NUMBER,ISTOCNO NOVO SARAJEVO,_T,secondary_education,5073
2013,NUMBER,ISTOCNO NOVO SARAJEVO,M,secondary_education,2656
2013,NUMBER,ISTOCNO NOVO SARAJEVO,F,secondary_education,2417
2013,NUMBER,JEZERO,_T,secondary_education,435
2013,NUMBER,JEZERO,M,secondary_education,273
2013,NUMBER,JEZERO,F,secondary_education,162
2013,NUMBER,KALINOVIK,_T,secondary_education,881
2013,NUMBER,KALINOVIK,M,secondary_education,551
2013,NUMBER,KALINOVIK,F,secondary_education,330
2013,NUMBER,KNEZEVO,_T,secondary_education,3485
2013,NUMBER,KNEZEVO,M,secondary_education,2026
2013,NUMBER,KNEZEVO,F,secondary_education,1459
2013,NUMBER,KOZARSKA DUBICA,_T,secondary_education,9698
2013,NUMBER,KOZARSKA DUBICA,M,secondary_education,5259
2013,NUMBER,KOZARSKA DUBICA,F,secondary_education,4439
2013,NUMBER,KOSTAJNICA,_T,secondary_education,2798
2013,NUMBER,KOSTAJNICA,M,secondary_education,1545
2013,NUMBER,KOSTAJNICA,F,secondary_education,1253
2013,NUMBER,KOTOR VAROS,_T,secondary_education,7807
2013,NUMBER,KOTOR VAROS,M,secondary_education,4380
2013,NUMBER,KOTOR VAROS,F,secondary_education,3427
2013,NUMBER,KRUPA NA UNI,_T,secondary_education,355
2013,NUMBER,KRUPA NA UNI,M,secondary_education,236
2013,NUMBER,KRUPA NA UNI,F,secondary_education,119
2013,NUMBER,KUPRES,_T,secondary_education,84
2013,NUMBER,KUPRES,M,secondary_education,59
2013,NUMBER,KUPRES,F,secondary_education,25
2013,NUMBER,LAKTASI,_T,secondary_education,15658
2013,NUMBER,LAKTASI,M,secondary_education,8480
2013,NUMBER,LAKTASI,F,secondary_education,7178
2013,NUMBER,LOPARE,_T,secondary_education,5477
2013,NUMBER,LOPARE,M,secondary_education,3169
2013,NUMBER,LOPARE,F,secondary_education,2308
2013,NUMBER,LJUBINJE,_T,secondary_education,1432
2013,NUMBER,LJUBINJE,M,secondary_education,800
2013,NUMBER,LJUBINJE,F,secondary_education,632
2013,NUMBER,MILICI,_T,secondary_education,4441
2013,NUMBER,MILICI,M,secondary_education,2743
2013,NUMBER,MILICI,F,secondary_education,1698
2013,NUMBER,MODRICA,_T,secondary_education,9850
2013,NUMBER,MODRICA,M,secondary_education,5470
2013,NUMBER,MODRICA,F,secondary_education,4380
2013,NUMBER,MRKONJIC GRAD,_T,secondary_education,6479
2013,NUMBER,MRKONJIC GRAD,M,secondary_education,3500
2013,NUMBER,MRKONJIC GRAD,F,secondary_education,2979
2013,NUMBER,NEVESINJE,_T,secondary_education,5592
2013,NUMBER,NEVESINJE,M,secondary_education,3261
2013,NUMBER,NEVESINJE,F,secondary_education,2331
2013,NUMBER,NOVI GRAD,_T,secondary_education,11197
2013,NUMBER,NOVI GRAD,M,secondary_education,6273
2013,NUMBER,NOVI GRAD,F,secondary_education,4924
2013,NUMBER,NOVO GORAZDE,_T,secondary_education,1533
2013,NUMBER,NOVO GORAZDE,M,secondary_education,952
2013,NUMBER,NOVO GORAZDE,F,secondary_education,581
2013,NUMBER,OSMACI,_T,secondary_education,2300
2013,NUMBER,OSMACI,M,secondary_education,1406
2013,NUMBER,OSMACI,F,secondary_education,894
2013,NUMBER,OSTRA LUKA,_T,secondary_education,954
2013,NUMBER,OSTRA LUKA,M,secondary_education,578
2013,NUMBER,OSTRA LUKA,F,secondary_education,376
2013,NUMBER,PALE,_T,secondary_education,10069
2013,NUMBER,PALE,M,secondary_education,5373
2013,NUMBER,PALE,F,secondary_education,4696
2013,NUMBER,PELAGICEVO,_T,secondary_education,1264
2013,NUMBER,PELAGICEVO,M,secondary_education,726
2013,NUMBER,PELAGICEVO,F,secondary_education,538
2013,NUMBER,PETROVAC,_T,secondary_education,169
2013,NUMBER,PETROVAC,M,secondary_education,96
2013,NUMBER,PETROVAC,F,secondary_education,73
2013,NUMBER,PETROVO,_T,secondary_education,2821
2013,NUMBER,PETROVO,M,secondary_education,1664
2013,NUMBER,PETROVO,F,secondary_education,1157
2013,NUMBER,PRIJEDOR,_T,secondary_education,37714
2013,NUMBER,PRIJEDOR,M,secondary_education,20808
2013,NUMBER,PRIJEDOR,F,secondary_education,16906
2013,NUMBER,PRNJAVOR,_T,secondary_education,12669
2013,NUMBER,PRNJAVOR,M,secondary_education,7015
2013,NUMBER,PRNJAVOR,F,secondary_education,5654
2013,NUMBER,RIBNIK,_T,secondary_education,2154
2013,NUMBER,RIBNIK,M,secondary_education,1291
2013,NUMBER,RIBNIK,F,secondary_education,863
2013,NUMBER,ROGATICA,_T,secondary_education,4652
2013,NUMBER,ROGATICA,M,secondary_education,2694
2013,NUMBER,ROGATICA,F,secondary_education,1958
2013,NUMBER,RUDO,_T,secondary_education,3609
2013,NUMBER,RUDO,M,secondary_education,2200
2013,NUMBER,RUDO,F,secondary_education,1409
2013,NUMBER,SOKOLAC,_T,secondary_education,5543
2013,NUMBER,SOKOLAC,M,secondary_education,3105
2013,NUMBER,SOKOLAC,F,secondary_education,2438
2013,NUMBER,SRBAC,_T,secondary_education,6472
2013,NUMBER,SRBAC,M,secondary_education,3466
2013,NUMBER,SRBAC,F,secondary_education,3006
2013,NUMBER,SREBRENICA,_T,secondary_education,4716
2013,NUMBER,SREBRENICA,M,secondary_education,2832
2013,NUMBER,SREBRENICA,F,secondary_education,1884
2013,NUMBER,TESLIC,_T,secondary_education,14063
2013,NUMBER,TESLIC,M,secondary_education,8090
2013,NUMBER,TESLIC,F,secondary_education,5973
2013,NUMBER,TREBINJE,_T,secondary_education,13551
2013,NUMBER,TREBINJE,M,secondary_education,7183
2013,NUMBER,TREBINJE,F,secondary_education,6368
2013,NUMBER,TRNOVO,_T,secondary_education,942
2013,NUMBER,TRNOVO,M,secondary_education,576
2013,NUMBER,TRNOVO,F,secondary_education,366
2013,NUMBER,UGLJEVIK,_T,secondary_education,6085
2013,NUMBER,UGLJEVIK,M,secondary_education,3558
2013,NUMBER,UGLJEVIK,F,secondary_education,2527
2013,NUMBER,FOCA,_T,secondary_education,8378
2013,NUMBER,FOCA,M,secondary_education,4841
2013,NUMBER,FOCA,F,secondary_education,3537
2013,NUMBER,HAN PIJESAK,_T,secondary_education,1514
2013,NUMBER,HAN PIJESAK,M,secondary_education,846
2013,NUMBER,HAN PIJESAK,F,secondary_education,668
2013,NUMBER,CAJNICE,_T,secondary_education,1993
2013,NUMBER,CAJNICE,M,secondary_education,1187
2013,NUMBER,CAJNICE,F,secondary_education,806
2013,NUMBER,CELINAC,_T,secondary_education,6411
2013,NUMBER,CELINAC,M,secondary_education,3550
2013,NUMBER,CELINAC,F,secondary_education,2861
2013,NUMBER,SAMAC,_T,secondary_education,6680
2013,NUMBER,SAMAC,M,secondary_education,3735
2013,NUMBER,SAMAC,F,secondary_education,2945
2013,NUMBER,SEKOVICI,_T,secondary_education,2601
2013,NUMBER,SEKOVICI,M,secondary_education,1563
2013,NUMBER,SEKOVICI,F,secondary_education,1038
2013,NUMBER,SIPOVO,_T,secondary_education,4430
2013,NUMBER,SIPOVO,M,secondary_education,2584
2013,NUMBER,SIPOVO,F,secondary_education,1846
2013,NUMBER,REPUBLIKA SRPSKA,_T,secondary_specialization,7618
2013,NUMBER,REPUBLIKA SRPSKA,M,secondary_specialization,6324
2013,NUMBER,REPUBLIKA SRPSKA,F,secondary_specialization,1294
2013,NUMBER,BANJA LUKA,_T,secondary_specialization,1552
2013,NUMBER,BANJA LUKA,M,secondary_specialization,1261
2013,NUMBER,BANJA LUKA,F,secondary_specialization,291
2013,NUMBER,BERKOVICI,_T,secondary_specialization,11
2013,NUMBER,BERKOVICI,M,secondary_specialization,11
2013,NUMBER,BERKOVICI,F,secondary_specialization,0
2013,NUMBER,BIJELJINA,_T,secondary_specialization,564
2013,NUMBER,BIJELJINA,M,secondary_specialization,485
2013,NUMBER,BIJELJINA,F,secondary_specialization,79
2013,NUMBER,BILECA,_T,secondary_specialization,68
2013,NUMBER,BILECA,M,secondary_specialization,56
2013,NUMBER,BILECA,F,secondary_specialization,12
2013,NUMBER,BRATUNAC,_T,secondary_specialization,77
2013,NUMBER,BRATUNAC,M,secondary_specialization,61
2013,NUMBER,BRATUNAC,F,secondary_specialization,16
2013,NUMBER,BROD,_T,secondary_specialization,187
2013,NUMBER,BROD,M,secondary_specialization,160
2013,NUMBER,BROD,F,secondary_specialization,27
2013,NUMBER,VISEGRAD,_T,secondary_specialization,137
2013,NUMBER,VISEGRAD,M,secondary_specialization,120
2013,NUMBER,VISEGRAD,F,secondary_specialization,17
2013,NUMBER,VLASENICA,_T,secondary_specialization,28
2013,NUMBER,VLASENICA,M,secondary_specialization,21
2013,NUMBER,VLASENICA,F,secondary_specialization,7
2013,NUMBER,VUKOSAVLJE,_T,secondary_specialization,14
2013,NUMBER,VUKOSAVLJE,M,secondary_specialization,12
2013,NUMBER,VUKOSAVLJE,F,secondary_specialization,2
2013,NUMBER,GACKO,_T,secondary_specialization,269
2013,NUMBER,GACKO,M,secondary_specialization,249
2013,NUMBER,GACKO,F,secondary_specialization,20
2013,NUMBER,GRADISKA,_T,secondary_specialization,192
2013,NUMBER,GRADISKA,M,secondary_specialization,142
2013,NUMBER,GRADISKA,F,secondary_specialization,50
2013,NUMBER,DERVENTA,_T,secondary_specialization,120
2013,NUMBER,DERVENTA,M,secondary_specialization,94
2013,NUMBER,DERVENTA,F,secondary_specialization,26
2013,NUMBER,DOBOJ,_T,secondary_specialization,507
2013,NUMBER,DOBOJ,M,secondary_specialization,448
2013,NUMBER,DOBOJ,F,secondary_specialization,59
2013,NUMBER,DONJI ZABAR,_T,secondary_specialization,10
2013,NUMBER,DONJI ZABAR,M,secondary_specialization,8
2013,NUMBER,DONJI ZABAR,F,secondary_specialization,2
2013,NUMBER,ZVORNIK,_T,secondary_specialization,277
2013,NUMBER,ZVORNIK,M,secondary_specialization,244
2013,NUMBER,ZVORNIK,F,secondary_specialization,33
2013,NUMBER,ISTOCNA ILIDZA,_T,secondary_specialization,140
2013,NUMBER,ISTOCNA ILIDZA,M,secondary_specialization,123
2013,NUMBER,ISTOCNA ILIDZA,F,secondary_specialization,17
2013,NUMBER,ISTOCNI DRVAR,_T,secondary_specialization,1
2013,NUMBER,ISTOCNI DRVAR,M,secondary_specialization,0
2013,NUMBER,ISTOCNI DRVAR,F,secondary_specialization,1
2013,NUMBER,ISTOCNI MOSTAR,_T,secondary_specialization,0
2013,NUMBER,ISTOCNI MOSTAR,M,secondary_specialization,0
2013,NUMBER,ISTOCNI MOSTAR,F,secondary_specialization,0
2013,NUMBER,ISTOCNI STARI GRAD,_T,secondary_specialization,16
2013,NUMBER,ISTOCNI STARI GRAD,M,secondary_specialization,15
2013,NUMBER,ISTOCNI STARI GRAD,F,secondary_specialization,1
2013,NUMBER,ISTOCNO NOVO SARAJEVO,_T,secondary_specialization,81
2013,NUMBER,ISTOCNO NOVO SARAJEVO,M,secondary_specialization,69
2013,NUMBER,ISTOCNO NOVO SARAJEVO,F,secondary_specialization,12
2013,NUMBER,JEZERO,_T,secondary_specialization,1
2013,NUMBER,JEZERO,M,secondary_specialization,1
2013,NUMBER,JEZERO,F,secondary_specialization,0
2013,NUMBER,KALINOVIK,_T,secondary_specialization,16
2013,NUMBER,KALINOVIK,M,secondary_specialization,13
2013,NUMBER,KALINOVIK,F,secondary_specialization,3
2013,NUMBER,KNEZEVO,_T,secondary_specialization,12
2013,NUMBER,KNEZEVO,M,secondary_specialization,11
2013,NUMBER,KNEZEVO,F,secondary_specialization,1
2013,NUMBER,KOZARSKA DUBICA,_T,secondary_specialization,91
2013,NUMBER,KOZARSKA DUBICA,M,secondary_specialization,64
2013,NUMBER,KOZARSKA DUBICA,F,secondary_specialization,27
2013,NUMBER,KOSTAJNICA,_T,secondary_specialization,23
2013,NUMBER,KOSTAJNICA,M,secondary_specialization,18
2013,NUMBER,KOSTAJNICA,F,secondary_specialization,5
2013,NUMBER,KOTOR VAROS,_T,secondary_specialization,74
2013,NUMBER,KOTOR VAROS,M,secondary_specialization,52
2013,NUMBER,KOTOR VAROS,F,secondary_specialization,22
2013,NUMBER,KRUPA NA UNI,_T,secondary_specialization,5
2013,NUMBER,KRUPA NA UNI,M,secondary_specialization,3
2013,NUMBER,KRUPA NA UNI,F,secondary_specialization,2
2013,NUMBER,KUPRES,_T,secondary_specialization,1
2013,NUMBER,KUPRES,M,secondary_specialization,0
2013,NUMBER,KUPRES,F,secondary_specialization,1
2013,NUMBER,LAKTASI,_T,secondary_specialization,169
2013,NUMBER,LAKTASI,M,secondary_specialization,141
2013,NUMBER,LAKTASI,F,secondary_specialization,28
2013,NUMBER,LOPARE,_T,secondary_specialization,64
2013,NUMBER,LOPARE,M,secondary_specialization,45
2013,NUMBER,LOPARE,F,secondary_specialization,19
2013,NUMBER,LJUBINJE,_T,secondary_specialization,81
2013,NUMBER,LJUBINJE,M,secondary_specialization,72
2013,NUMBER,LJUBINJE,F,secondary_specialization,9
2013,NUMBER,MILICI,_T,secondary_specialization,15
2013,NUMBER,MILICI,M,secondary_specialization,10
2013,NUMBER,MILICI,F,secondary_specialization,5
2013,NUMBER,MODRICA,_T,secondary_specialization,132
2013,NUMBER,MODRICA,M,secondary_specialization,103
2013,NUMBER,MODRICA,F,secondary_specialization,29
2013,NUMBER,MRKONJIC GRAD,_T,secondary_specialization,89
2013,NUMBER,MRKONJIC GRAD,M,secondary_specialization,71
2013,NUMBER,MRKONJIC GRAD,F,secondary_specialization,18
2013,NUMBER,NEVESINJE,_T,secondary_specialization,56
2013,NUMBER,NEVESINJE,M,secondary_specialization,51
2013,NUMBER,NEVESINJE,F,secondary_specialization,5
2013,NUMBER,NOVI GRAD,_T,secondary_specialization,104
2013,NUMBER,NOVI GRAD,M,secondary_specialization,75
2013,NUMBER,NOVI GRAD,F,secondary_specialization,29
2013,NUMBER,NOVO GORAZDE,_T,secondary_specialization,10
2013,NUMBER,NOVO GORAZDE,M,secondary_specialization,10
2013,NUMBER,NOVO GORAZDE,F,secondary_specialization,0
2013,NUMBER,OSMACI,_T,secondary_specialization,15
2013,NUMBER,OSMACI,M,secondary_specialization,12
2013,NUMBER,OSMACI,F,secondary_specialization,3
2013,NUMBER,OSTRA LUKA,_T,secondary_specialization,13
2013,NUMBER,OSTRA LUKA,M,secondary_specialization,11
2013,NUMBER,OSTRA LUKA,F,secondary_specialization,2
2013,NUMBER,PALE,_T,secondary_specialization,247
2013,NUMBER,PALE,M,secondary_specialization,205
2013,NUMBER,PALE,F,secondary_specialization,42
2013,NUMBER,PELAGICEVO,_T,secondary_specialization,4
2013,NUMBER,PELAGICEVO,M,secondary_specialization,3
2013,NUMBER,PELAGICEVO,F,secondary_specialization,1
2013,NUMBER,PETROVAC,_T,secondary_specialization,0
2013,NUMBER,PETROVAC,M,secondary_specialization,0
2013,NUMBER,PETROVAC,F,secondary_specialization,0
2013,NUMBER,PETROVO,_T,secondary_specialization,79
2013,NUMBER,PETROVO,M,secondary_specialization,74
2013,NUMBER,PETROVO,F,secondary_specialization,5
2013,NUMBER,PRIJEDOR,_T,secondary_specialization,666
2013,NUMBER,PRIJEDOR,M,secondary_specialization,492
2013,NUMBER,PRIJEDOR,F,secondary_specialization,174
2013,NUMBER,PRNJAVOR,_T,secondary_specialization,112
2013,NUMBER,PRNJAVOR,M,secondary_specialization,83
2013,NUMBER,PRNJAVOR,F,secondary_specialization,29
2013,NUMBER,RIBNIK,_T,secondary_specialization,14
2013,NUMBER,RIBNIK,M,secondary_specialization,13
2013,NUMBER,RIBNIK,F,secondary_specialization,1
2013,NUMBER,ROGATICA,_T,secondary_specialization,56
2013,NUMBER,ROGATICA,M,secondary_specialization,49
2013,NUMBER,ROGATICA,F,secondary_specialization,7
2013,NUMBER,RUDO,_T,secondary_specialization,12
2013,NUMBER,RUDO,M,secondary_specialization,11
2013,NUMBER,RUDO,F,secondary_specialization,1
2013,NUMBER,SOKOLAC,_T,secondary_specialization,71
2013,NUMBER,SOKOLAC,M,secondary_specialization,57
2013,NUMBER,SOKOLAC,F,secondary_specialization,14
2013,NUMBER,SRBAC,_T,secondary_specialization,61
2013,NUMBER,SRBAC,M,secondary_specialization,46
2013,NUMBER,SRBAC,F,secondary_specialization,15
2013,NUMBER,SREBRENICA,_T,secondary_specialization,33
2013,NUMBER,SREBRENICA,M,secondary_specialization,26
2013,NUMBER,SREBRENICA,F,secondary_specialization,7
2013,NUMBER,TESLIC,_T,secondary_specialization,170
2013,NUMBER,TESLIC,M,secondary_specialization,138
2013,NUMBER,TESLIC,F,secondary_specialization,32
2013,NUMBER,TREBINJE,_T,secondary_specialization,432
2013,NUMBER,TREBINJE,M,secondary_specialization,394
2013,NUMBER,TREBINJE,F,secondary_specialization,38
2013,NUMBER,TRNOVO,_T,secondary_specialization,15
2013,NUMBER,TRNOVO,M,secondary_specialization,13
2013,NUMBER,TRNOVO,F,secondary_specialization,2
2013,NUMBER,UGLJEVIK,_T,secondary_specialization,97
2013,NUMBER,UGLJEVIK,M,secondary_specialization,89
2013,NUMBER,UGLJEVIK,F,secondary_specialization,8
2013,NUMBER,FOCA,_T,secondary_specialization,107
2013,NUMBER,FOCA,M,secondary_specialization,93
2013,NUMBER,FOCA,F,secondary_specialization,14
2013,NUMBER,HAN PIJESAK,_T,secondary_specialization,20
2013,NUMBER,HAN PIJESAK,M,secondary_specialization,20
2013,NUMBER,HAN PIJESAK,F,secondary_specialization,0
2013,NUMBER,CAJNICE,_T,secondary_specialization,38
2013,NUMBER,CAJNICE,M,secondary_specialization,37
2013,NUMBER,CAJNICE,F,secondary_specialization,1
2013,NUMBER,CELINAC,_T,secondary_specialization,69
2013,NUMBER,CELINAC,M,secondary_specialization,62
2013,NUMBER,CELINAC,F,secondary_specialization,7
2013,NUMBER,SAMAC,_T,secondary_specialization,55
2013,NUMBER,SAMAC,M,secondary_specialization,41
2013,NUMBER,SAMAC,F,secondary_specialization,14
2013,NUMBER,SEKOVICI,_T,secondary_specialization,16
2013,NUMBER,SEKOVICI,M,secondary_specialization,16
2013,NUMBER,SEKOVICI,F,secondary_specialization,0
2013,NUMBER,SIPOVO,_T,secondary_specialization,22
2013,NUMBER,SIPOVO,M,secondary_specialization,20
2013,NUMBER,SIPOVO,F,secondary_specialization,2
2013,NUMBER,REPUBLIKA SRPSKA,_T,first_degree,33960
2013,NUMBER,REPUBLIKA SRPSKA,M,first_degree,19142
2013,NUMBER,REPUBLIKA SRPSKA,F,first_degree,14818
2013,NUMBER,BANJA LUKA,_T,first_degree,7972
2013,NUMBER,BANJA LUKA,M,first_degree,4272
2013,NUMBER,BANJA LUKA,F,first_degree,3700
2013,NUMBER,BERKOVICI,_T,first_degree,47
2013,NUMBER,BERKOVICI,M,first_degree,34
2013,NUMBER,BERKOVICI,F,first_degree,13
2013,NUMBER,BIJELJINA,_T,first_degree,3354
2013,NUMBER,BIJELJINA,M,first_degree,1805
2013,NUMBER,BIJELJINA,F,first_degree,1549
2013,NUMBER,BILECA,_T,first_degree,434
2013,NUMBER,BILECA,M,first_degree,249
2013,NUMBER,BILECA,F,first_degree,185
2013,NUMBER,BRATUNAC,_T,first_degree,399
2013,NUMBER,BRATUNAC,M,first_degree,230
2013,NUMBER,BRATUNAC,F,first_degree,169
2013,NUMBER,BROD,_T,first_degree,374
2013,NUMBER,BROD,M,first_degree,215
2013,NUMBER,BROD,F,first_degree,159
2013,NUMBER,VISEGRAD,_T,first_degree,375
2013,NUMBER,VISEGRAD,M,first_degree,196
2013,NUMBER,VISEGRAD,F,first_degree,179
2013,NUMBER,VLASENICA,_T,first_degree,200
2013,NUMBER,VLASENICA,M,first_degree,123
2013,NUMBER,VLASENICA,F,first_degree,77
2013,NUMBER,VUKOSAVLJE,_T,first_degree,39
2013,NUMBER,VUKOSAVLJE,M,first_degree,25
2013,NUMBER,VUKOSAVLJE,F,first_degree,14
2013,NUMBER,GACKO,_T,first_degree,335
2013,NUMBER,GACKO,M,first_degree,191
2013,NUMBER,GACKO,F,first_degree,144
2013,NUMBER,GRADISKA,_T,first_degree,1222
2013,NUMBER,GRADISKA,M,first_degree,658
2013,NUMBER,GRADISKA,F,first_degree,564
2013,NUMBER,DERVENTA,_T,first_degree,542
2013,NUMBER,DERVENTA,M,first_degree,331
2013,NUMBER,DERVENTA,F,first_degree,211
2013,NUMBER,DOBOJ,_T,first_degree,1827
2013,NUMBER,DOBOJ,M,first_degree,1078
2013,NUMBER,DOBOJ,F,first_degree,749
2013,NUMBER,DONJI ZABAR,_T,first_degree,37
2013,NUMBER,DONJI ZABAR,M,first_degree,23
2013,NUMBER,DONJI ZABAR,F,first_degree,14
2013,NUMBER,ZVORNIK,_T,first_degree,1283
2013,NUMBER,ZVORNIK,M,first_degree,716
2013,NUMBER,ZVORNIK,F,first_degree,567
2013,NUMBER,ISTOCNA ILIDZA,_T,first_degree,513
2013,NUMBER,ISTOCNA ILIDZA,M,first_degree,315
2013,NUMBER,ISTOCNA ILIDZA,F,first_degree,198
2013,NUMBER,ISTOCNI DRVAR,_T,first_degree,5
2013,NUMBER,ISTOCNI DRVAR,M,first_degree,5
2013,NUMBER,ISTOCNI DRVAR,F,first_degree,0
2013,NUMBER,ISTOCNI MOSTAR,_T,first_degree,2
2013,NUMBER,ISTOCNI MOSTAR,M,first_degree,2
2013,NUMBER,ISTOCNI MOSTAR,F,first_degree,0
2013,NUMBER,ISTOCNI STARI GRAD,_T,first_degree,27
2013,NUMBER,ISTOCNI STARI GRAD,M,first_degree,14
2013,NUMBER,ISTOCNI STARI GRAD,F,first_degree,13
2013,NUMBER,ISTOCNO NOVO SARAJEVO,_T,first_degree,375
2013,NUMBER,ISTOCNO NOVO SARAJEVO,M,first_degree,225
2013,NUMBER,ISTOCNO NOVO SARAJEVO,F,first_degree,150
2013,NUMBER,JEZERO,_T,first_degree,16
2013,NUMBER,JEZERO,M,first_degree,10
2013,NUMBER,JEZERO,F,first_degree,6
2013,NUMBER,KALINOVIK,_T,first_degree,58
2013,NUMBER,KALINOVIK,M,first_degree,41
2013,NUMBER,KALINOVIK,F,first_degree,17
2013,NUMBER,KNEZEVO,_T,first_degree,125
2013,NUMBER,KNEZEVO,M,first_degree,93
2013,NUMBER,KNEZEVO,F,first_degree,32
2013,NUMBER,KOZARSKA DUBICA,_T,first_degree,644
2013,NUMBER,KOZARSKA DUBICA,M,first_degree,345
2013,NUMBER,KOZARSKA DUBICA,F,first_degree,299
2013,NUMBER,KOSTAJNICA,_T,first_degree,206
2013,NUMBER,KOSTAJNICA,M,first_degree,94
2013,NUMBER,KOSTAJNICA,F,first_degree,112
2013,NUMBER,KOTOR VAROS,_T,first_degree,225
2013,NUMBER,KOTOR VAROS,M,first_degree,144
2013,NUMBER,KOTOR VAROS,F,first_degree,81
2013,NUMBER,KRUPA NA UNI,_T,first_degree,11
2013,NUMBER,KRUPA NA UNI,M,first_degree,6
2013,NUMBER,KRUPA NA UNI,F,first_degree,5
2013,NUMBER,KUPRES,_T,first_degree,2
2013,NUMBER,KUPRES,M,first_degree,2
2013,NUMBER,KUPRES,F,first_degree,0
2013,NUMBER,LAKTASI,_T,first_degree,822
2013,NUMBER,LAKTASI,M,first_degree,462
2013,NUMBER,LAKTASI,F,first_degree,360
2013,NUMBER,LOPARE,_T,first_degree,217
2013,NUMBER,LOPARE,M,first_degree,133
2013,NUMBER,LOPARE,F,first_degree,84
2013,NUMBER,LJUBINJE,_T,first_degree,126
2013,NUMBER,LJUBINJE,M,first_degree,69
2013,NUMBER,LJUBINJE,F,first_degree,57
2013,NUMBER,MILICI,_T,first_degree,213
2013,NUMBER,MILICI,M,first_degree,113
2013,NUMBER,MILICI,F,first_degree,100
2013,NUMBER,MODRICA,_T,first_degree,483
2013,NUMBER,MODRICA,M,first_degree,303
2013,NUMBER,MODRICA,F,first_degree,180
2013,NUMBER,MRKONJIC GRAD,_T,first_degree,350
2013,NUMBER,MRKONJIC GRAD,M,first_degree,204
2013,NUMBER,MRKONJIC GRAD,F,first_degree,146
2013,NUMBER,NEVESINJE,_T,first_degree,384
2013,NUMBER,NEVESINJE,M,first_degree,236
2013,NUMBER,NEVESINJE,F,first_degree,148
2013,NUMBER,NOVI GRAD,_T,first_degree,714
2013,NUMBER,NOVI GRAD,M,first_degree,366
2013,NUMBER,NOVI GRAD,F,first_degree,348
2013,NUMBER,NOVO GORAZDE,_T,first_degree,48
2013,NUMBER,NOVO GORAZDE,M,first_degree,39
2013,NUMBER,NOVO GORAZDE,F,first_degree,9
2013,NUMBER,OSMACI,_T,first_degree,65
2013,NUMBER,OSMACI,M,first_degree,48
2013,NUMBER,OSMACI,F,first_degree,17
2013,NUMBER,OSTRA LUKA,_T,first_degree,36
2013,NUMBER,OSTRA LUKA,M,first_degree,16
2013,NUMBER,OSTRA LUKA,F,first_degree,20
2013,NUMBER,PALE,_T,first_degree,645
2013,NUMBER,PALE,M,first_degree,389
2013,NUMBER,PALE,F,first_degree,256
2013,NUMBER,PELAGICEVO,_T,first_degree,81
2013,NUMBER,PELAGICEVO,M,first_degree,44
2013,NUMBER,PELAGICEVO,F,first_degree,37
2013,NUMBER,PETROVAC,_T,first_degree,11
2013,NUMBER,PETROVAC,M,first_degree,6
2013,NUMBER,PETROVAC,F,first_degree,5
2013,NUMBER,PETROVO,_T,first_degree,166
2013,NUMBER,PETROVO,M,first_degree,109
2013,NUMBER,PETROVO,F,first_degree,57
2013,NUMBER,PRIJEDOR,_T,first_degree,2448
2013,NUMBER,PRIJEDOR,M,first_degree,1252
2013,NUMBER,PRIJEDOR,F,first_degree,1196
2013,NUMBER,PRNJAVOR,_T,first_degree,670
2013,NUMBER,PRNJAVOR,M,first_degree,388
2013,NUMBER,PRNJAVOR,F,first_degree,282
2013,NUMBER,RIBNIK,_T,first_degree,99
2013,NUMBER,RIBNIK,M,first_degree,68
2013,NUMBER,RIBNIK,F,first_degree,31
2013,NUMBER,ROGATICA,_T,first_degree,315
2013,NUMBER,ROGATICA,M,first_degree,209
2013,NUMBER,ROGATICA,F,first_degree,106
2013,NUMBER,RUDO,_T,first_degree,277
2013,NUMBER,RUDO,M,first_degree,175
2013,NUMBER,RUDO,F,first_degree,102
2013,NUMBER,SOKOLAC,_T,first_degree,393
2013,NUMBER,SOKOLAC,M,first_degree,237
2013,NUMBER,SOKOLAC,F,first_degree,156
2013,NUMBER,SRBAC,_T,first_degree,342
2013,NUMBER,SRBAC,M,first_degree,232
2013,NUMBER,SRBAC,F,first_degree,110
2013,NUMBER,SREBRENICA,_T,first_degree,290
2013,NUMBER,SREBRENICA,M,first_degree,171
2013,NUMBER,SREBRENICA,F,first_degree,119
2013,NUMBER,TESLIC,_T,first_degree,577
2013,NUMBER,TESLIC,M,first_degree,335
2013,NUMBER,TESLIC,F,first_degree,242
2013,NUMBER,TREBINJE,_T,first_degree,1442
2013,NUMBER,TREBINJE,M,first_degree,806
2013,NUMBER,TREBINJE,F,first_degree,636
2013,NUMBER,TRNOVO,_T,first_degree,52
2013,NUMBER,TRNOVO,M,first_degree,37
2013,NUMBER,TRNOVO,F,first_degree,15
2013,NUMBER,UGLJEVIK,_T,first_degree,252
2013,NUMBER,UGLJEVIK,M,first_degree,156
2013,NUMBER,UGLJEVIK,F,first_degree,96
2013,NUMBER,FOCA,_T,first_degree,510
2013,NUMBER,FOCA,M,first_degree,334
2013,NUMBER,FOCA,F,first_degree,176
2013,NUMBER,HAN PIJESAK,_T,first_degree,110
2013,NUMBER,HAN PIJESAK,M,first_degree,67
2013,NUMBER,HAN PIJESAK,F,first_degree,43
2013,NUMBER,CAJNICE,_T,first_degree,75
2013,NUMBER,CAJNICE,M,first_degree,48
2013,NUMBER,CAJNICE,F,first_degree,27
2013,NUMBER,CELINAC,_T,first_degree,293
2013,NUMBER,CELINAC,M,first_degree,186
2013,NUMBER,CELINAC,F,first_degree,107
2013,NUMBER,SAMAC,_T,first_degree,478
2013,NUMBER,SAMAC,M,first_degree,265
2013,NUMBER,SAMAC,F,first_degree,213
2013,NUMBER,SEKOVICI,_T,first_degree,136
2013,NUMBER,SEKOVICI,M,first_degree,76
2013,NUMBER,SEKOVICI,F,first_degree,60
2013,NUMBER,SIPOVO,_T,first_degree,191
2013,NUMBER,SIPOVO,M,first_degree,121
2013,NUMBER,SIPOVO,F,first_degree,70
2013,NUMBER,REPUBLIKA SRPSKA,_T,university_degree,87036
2013,NUMBER,REPUBLIKA SRPSKA,M,university_degree,42562
2013,NUMBER,REPUBLIKA SRPSKA,F,university_degree,44474
2013,NUMBER,BANJA LUKA,_T,university_degree,25924
2013,NUMBER,BANJA LUKA,M,university_degree,12201
2013,NUMBER,BANJA LUKA,F,university_degree,13723
2013,NUMBER,BERKOVICI,_T,university_degree,92
2013,NUMBER,BERKOVICI,M,university_degree,51
2013,NUMBER,BERKOVICI,F,university_degree,41
2013,NUMBER,BIJELJINA,_T,university_degree,8088
2013,NUMBER,BIJELJINA,M,university_degree,3846
2013,NUMBER,BIJELJINA,F,university_degree,4242
2013,NUMBER,BILECA,_T,university_degree,791
2013,NUMBER,BILECA,M,university_degree,443
2013,NUMBER,BILECA,F,university_degree,348
2013,NUMBER,BRATUNAC,_T,university_degree,1014
2013,NUMBER,BRATUNAC,M,university_degree,515
2013,NUMBER,BRATUNAC,F,university_degree,499
2013,NUMBER,BROD,_T,university_degree,801
2013,NUMBER,BROD,M,university_degree,389
2013,NUMBER,BROD,F,university_degree,412
2013,NUMBER,VISEGRAD,_T,university_degree,818
2013,NUMBER,VISEGRAD,M,university_degree,410
2013,NUMBER,VISEGRAD,F,university_degree,408
2013,NUMBER,VLASENICA,_T,university_degree,641
2013,NUMBER,VLASENICA,M,university_degree,316
2013,NUMBER,VLASENICA,F,university_degree,325
2013,NUMBER,VUKOSAVLJE,_T,university_degree,97
2013,NUMBER,VUKOSAVLJE,M,university_degree,55
2013,NUMBER,VUKOSAVLJE,F,university_degree,42
2013,NUMBER,GACKO,_T,university_degree,812
2013,NUMBER,GACKO,M,university_degree,413
2013,NUMBER,GACKO,F,university_degree,399
2013,NUMBER,GRADISKA,_T,university_degree,2538
2013,NUMBER,GRADISKA,M,university_degree,1270
2013,NUMBER,GRADISKA,F,university_degree,1268
2013,NUMBER,DERVENTA,_T,university_degree,1242
2013,NUMBER,DERVENTA,M,university_degree,598
2013,NUMBER,DERVENTA,F,university_degree,644
2013,NUMBER,DOBOJ,_T,university_degree,4634
2013,NUMBER,DOBOJ,M,university_degree,2420
2013,NUMBER,DOBOJ,F,university_degree,2214
2013,NUMBER,DONJI ZABAR,_T,university_degree,100
2013,NUMBER,DONJI ZABAR,M,university_degree,59
2013,NUMBER,DONJI ZABAR,F,university_degree,41
2013,NUMBER,ZVORNIK,_T,university_degree,2964
2013,NUMBER,ZVORNIK,M,university_degree,1529
2013,NUMBER,ZVORNIK,F,university_degree,1435
2013,NUMBER,ISTOCNA ILIDZA,_T,university_degree,1844
2013,NUMBER,ISTOCNA ILIDZA,M,university_degree,802
2013,NUMBER,ISTOCNA ILIDZA,F,university_degree,1042
2013,NUMBER,ISTOCNI DRVAR,_T,university_degree,10
2013,NUMBER,ISTOCNI DRVAR,M,university_degree,8
2013,NUMBER,ISTOCNI DRVAR,F,university_degree,2
2013,NUMBER,ISTOCNI MOSTAR,_T,university_degree,14
2013,NUMBER,ISTOCNI MOSTAR,M,university_degree,7
2013,NUMBER,ISTOCNI MOSTAR,F,university_degree,7
2013,NUMBER,ISTOCNI STARI GRAD,_T,university_degree,53
2013,NUMBER,ISTOCNI STARI GRAD,M,university_degree,21
2013,NUMBER,ISTOCNI STARI GRAD,F,university_degree,32
2013,NUMBER,ISTOCNO NOVO SARAJEVO,_T,university_degree,1563
2013,NUMBER,ISTOCNO NOVO SARAJEVO,M,university_degree,745
2013,NUMBER,ISTOCNO NOVO SARAJEVO,F,university_degree,818
2013,NUMBER,JEZERO,_T,university_degree,30
2013,NUMBER,JEZERO,M,university_degree,19
2013,NUMBER,JEZERO,F,university_degree,11
2013,NUMBER,KALINOVIK,_T,university_degree,147
2013,NUMBER,KALINOVIK,M,university_degree,85
2013,NUMBER,KALINOVIK,F,university_degree,62
2013,NUMBER,KNEZEVO,_T,university_degree,334
2013,NUMBER,KNEZEVO,M,university_degree,188
2013,NUMBER,KNEZEVO,F,university_degree,146
2013,NUMBER,KOZARSKA DUBICA,_T,university_degree,999
2013,NUMBER,KOZARSKA DUBICA,M,university_degree,501
2013,NUMBER,KOZARSKA DUBICA,F,university_degree,498
2013,NUMBER,KOSTAJNICA,_T,university_degree,281
2013,NUMBER,KOSTAJNICA,M,university_degree,134
2013,NUMBER,KOSTAJNICA,F,university_degree,147
2013,NUMBER,KOTOR VAROS,_T,university_degree,767
2013,NUMBER,KOTOR VAROS,M,university_degree,408
2013,NUMBER,KOTOR VAROS,F,university_degree,359
2013,NUMBER,KRUPA NA UNI,_T,university_degree,13
2013,NUMBER,KRUPA NA UNI,M,university_degree,7
2013,NUMBER,KRUPA NA UNI,F,university_degree,6
2013,NUMBER,KUPRES,_T,university_degree,4
2013,NUMBER,KUPRES,M,university_degree,3
2013,NUMBER,KUPRES,F,university_degree,1
2013,NUMBER,LAKTASI,_T,university_degree,1729
2013,NUMBER,LAKTASI,M,university_degree,829
2013,NUMBER,LAKTASI,F,university_degree,900
2013,NUMBER,LOPARE,_T,university_degree,560
2013,NUMBER,LOPARE,M,university_degree,264
2013,NUMBER,LOPARE,F,university_degree,296
2013,NUMBER,LJUBINJE,_T,university_degree,255
2013,NUMBER,LJUBINJE,M,university_degree,145
2013,NUMBER,LJUBINJE,F,university_degree,110
2013,NUMBER,MILICI,_T,university_degree,573
2013,NUMBER,MILICI,M,university_degree,295
2013,NUMBER,MILICI,F,university_degree,278
2013,NUMBER,MODRICA,_T,university_degree,1186
2013,NUMBER,MODRICA,M,university_degree,605
2013,NUMBER,MODRICA,F,university_degree,581
2013,NUMBER,MRKONJIC GRAD,_T,university_degree,832
2013,NUMBER,MRKONJIC GRAD,M,university_degree,410
2013,NUMBER,MRKONJIC GRAD,F,university_degree,422
2013,NUMBER,NEVESINJE,_T,university_degree,856
2013,NUMBER,NEVESINJE,M,university_degree,459
2013,NUMBER,NEVESINJE,F,university_degree,397
2013,NUMBER,NOVI GRAD,_T,university_degree,1243
2013,NUMBER,NOVI GRAD,M,university_degree,602
2013,NUMBER,NOVI GRAD,F,university_degree,641
2013,NUMBER,NOVO GORAZDE,_T,university_degree,145
2013,NUMBER,NOVO GORAZDE,M,university_degree,71
2013,NUMBER,NOVO GORAZDE,F,university_degree,74
2013,NUMBER,OSMACI,_T,university_degree,235
2013,NUMBER,OSMACI,M,university_degree,148
2013,NUMBER,OSMACI,F,university_degree,87
2013,NUMBER,OSTRA LUKA,_T,university_degree,55
2013,NUMBER,OSTRA LUKA,M,university_degree,24
2013,NUMBER,OSTRA LUKA,F,university_degree,31
2013,NUMBER,PALE,_T,university_degree,2538
2013,NUMBER,PALE,M,university_degree,1148
2013,NUMBER,PALE,F,university_degree,1390
2013,NUMBER,PELAGICEVO,_T,university_degree,94
2013,NUMBER,PELAGICEVO,M,university_degree,53
2013,NUMBER,PELAGICEVO,F,university_degree,41
2013,NUMBER,PETROVAC,_T,university_degree,26
2013,NUMBER,PETROVAC,M,university_degree,13
2013,NUMBER,PETROVAC,F,university_degree,13
2013,NUMBER,PETROVO,_T,university_degree,259
2013,NUMBER,PETROVO,M,university_degree,134
2013,NUMBER,PETROVO,F,university_degree,125
2013,NUMBER,PRIJEDOR,_T,university_degree,4646
2013,NUMBER,PRIJEDOR,M,university_degree,2220
2013,NUMBER,PRIJEDOR,F,university_degree,2426
2013,NUMBER,PRNJAVOR,_T,university_degree,1336
2013,NUMBER,PRNJAVOR,M,university_degree,627
2013,NUMBER,PRNJAVOR,F,university_degree,709
2013,NUMBER,RIBNIK,_T,university_degree,195
2013,NUMBER,RIBNIK,M,university_degree,108
2013,NUMBER,RIBNIK,F,university_degree,87
2013,NUMBER,ROGATICA,_T,university_degree,702
2013,NUMBER,ROGATICA,M,university_degree,354
2013,NUMBER,ROGATICA,F,university_degree,348
2013,NUMBER,RUDO,_T,university_degree,454
2013,NUMBER,RUDO,M,university_degree,232
2013,NUMBER,RUDO,F,university_degree,222
2013,NUMBER,SOKOLAC,_T,university_degree,1113
2013,NUMBER,SOKOLAC,M,university_degree,529
2013,NUMBER,SOKOLAC,F,university_degree,584
2013,NUMBER,SRBAC,_T,university_degree,798
2013,NUMBER,SRBAC,M,university_degree,410
2013,NUMBER,SRBAC,F,university_degree,388
2013,NUMBER,SREBRENICA,_T,university_degree,741
2013,NUMBER,SREBRENICA,M,university_degree,395
2013,NUMBER,SREBRENICA,F,university_degree,346
2013,NUMBER,TESLIC,_T,university_degree,1351
2013,NUMBER,TESLIC,M,university_degree,689
2013,NUMBER,TESLIC,F,university_degree,662
2013,NUMBER,TREBINJE,_T,university_degree,3262
2013,NUMBER,TREBINJE,M,university_degree,1642
2013,NUMBER,TREBINJE,F,university_degree,1620
2013,NUMBER,TRNOVO,_T,university_degree,139
2013,NUMBER,TRNOVO,M,university_degree,66
2013,NUMBER,TRNOVO,F,university_degree,73
2013,NUMBER,UGLJEVIK,_T,university_degree,903
2013,NUMBER,UGLJEVIK,M,university_degree,443
2013,NUMBER,UGLJEVIK,F,university_degree,460
2013,NUMBER,FOCA,_T,university_degree,1422
2013,NUMBER,FOCA,M,university_degree,757
2013,NUMBER,FOCA,F,university_degree,665
2013,NUMBER,HAN PIJESAK,_T,university_degree,274
2013,NUMBER,HAN PIJESAK,M,university_degree,138
2013,NUMBER,HAN PIJESAK,F,university_degree,136
2013,NUMBER,CAJNICE,_T,university_degree,280
2013,NUMBER,CAJNICE,M,university_degree,152
2013,NUMBER,CAJNICE,F,university_degree,128
2013,NUMBER,CELINAC,_T,university_degree,618
2013,NUMBER,CELINAC,M,university_degree,290
2013,NUMBER,CELINAC,F,university_degree,328
2013,NUMBER,SAMAC,_T,university_degree,911
2013,NUMBER,SAMAC,M,university_degree,494
2013,NUMBER,SAMAC,F,university_degree,417
2013,NUMBER,SEKOVICI,_T,university_degree,267
2013,NUMBER,SEKOVICI,M,university_degree,144
2013,NUMBER,SEKOVICI,F,university_degree,123
2013,NUMBER,SIPOVO,_T,university_degree,423
2013,NUMBER,SIPOVO,M,university_degree,229
2013,NUMBER,SIPOVO,F,university_degree,194
