Year,UNIT_MEASURE,Teritory,SEX,Literacy,Value
2013,NUMBER,REPUBLIKA SRPSKA,_T,_T,1062861
2013,NUMBER,REPUBLIKA SRPSKA,M,_T,516703
2013,NUMBER,REPUBLIKA SRPSKA,F,_T,546158
2013,NUMBER,BANJA LUKA,_T,_T,162106
2013,NUMBER,BANJA LUKA,M,_T,77356
2013,NUMBER,BANJA LUKA,F,_T,84750
2013,NUMBER,BERKOVICI,_T,_T,1824
2013,NUMBER,BERKOVICI,M,_T,916
2013,NUMBER,BERKOVICI,F,_T,908
2013,NUMBER,BIJELJINA,_T,_T,94007
2013,NUMBER,BIJELJINA,M,_T,45652
2013,NUMBER,BIJELJINA,F,_T,48355
2013,NUMBER,BILECA,_T,_T,9644
2013,NUMBER,BILECA,M,_T,4830
2013,NUMBER,BILECA,F,_T,4814
2013,NUMBER,BRATUNAC,_T,_T,16773
2013,NUMBER,BRATUNAC,M,_T,8235
2013,NUMBER,BRATUNAC,F,_T,8538
2013,NUMBER,BROD,_T,_T,14277
2013,NUMBER,BROD,M,_T,6911
2013,NUMBER,BROD,F,_T,7366
2013,NUMBER,VISEGRAD,_T,_T,9381
2013,NUMBER,VISEGRAD,M,_T,4478
2013,NUMBER,VISEGRAD,F,_T,4903
2013,NUMBER,VLASENICA,_T,_T,9649
2013,NUMBER,VLASENICA,M,_T,4669
2013,NUMBER,VLASENICA,F,_T,4980
2013,NUMBER,VUKOSAVLJE,_T,_T,3950
2013,NUMBER,VUKOSAVLJE,M,_T,1975
2013,NUMBER,VUKOSAVLJE,F,_T,1975
2013,NUMBER,GACKO,_T,_T,7864
2013,NUMBER,GACKO,M,_T,3987
2013,NUMBER,GACKO,F,_T,3877
2013,NUMBER,GRADISKA,_T,_T,44972
2013,NUMBER,GRADISKA,M,_T,21810
2013,NUMBER,GRADISKA,F,_T,23162
2013,NUMBER,DERVENTA,_T,_T,23629
2013,NUMBER,DERVENTA,M,_T,11467
2013,NUMBER,DERVENTA,F,_T,12162
2013,NUMBER,DOBOJ,_T,_T,62056
2013,NUMBER,DOBOJ,M,_T,29964
2013,NUMBER,DOBOJ,F,_T,32092
2013,NUMBER,DONJI ZABAR,_T,_T,3352
2013,NUMBER,DONJI ZABAR,M,_T,1685
2013,NUMBER,DONJI ZABAR,F,_T,1667
2013,NUMBER,ZVORNIK,_T,_T,48535
2013,NUMBER,ZVORNIK,M,_T,23809
2013,NUMBER,ZVORNIK,F,_T,24726
2013,NUMBER,ISTOCNA ILIDZA,_T,_T,13131
2013,NUMBER,ISTOCNA ILIDZA,M,_T,6250
2013,NUMBER,ISTOCNA ILIDZA,F,_T,6881
2013,NUMBER,ISTOCNI DRVAR,_T,_T,65
2013,NUMBER,ISTOCNI DRVAR,M,_T,43
2013,NUMBER,ISTOCNI DRVAR,F,_T,22
2013,NUMBER,ISTOCNI MOSTAR,_T,_T,226
2013,NUMBER,ISTOCNI MOSTAR,M,_T,128
2013,NUMBER,ISTOCNI MOSTAR,F,_T,98
2013,NUMBER,ISTOCNI STARI GRAD,_T,_T,1033
2013,NUMBER,ISTOCNI STARI GRAD,M,_T,505
2013,NUMBER,ISTOCNI STARI GRAD,F,_T,528
2013,NUMBER,ISTOCNO NOVO SARAJEVO,_T,_T,9302
2013,NUMBER,ISTOCNO NOVO SARAJEVO,M,_T,4402
2013,NUMBER,ISTOCNO NOVO SARAJEVO,F,_T,4900
2013,NUMBER,JEZERO,_T,_T,951
2013,NUMBER,JEZERO,M,_T,492
2013,NUMBER,JEZERO,F,_T,459
2013,NUMBER,KALINOVIK,_T,_T,1845
2013,NUMBER,KALINOVIK,M,_T,895
2013,NUMBER,KALINOVIK,F,_T,950
2013,NUMBER,KNEZEVO,_T,_T,8558
2013,NUMBER,KNEZEVO,M,_T,4209
2013,NUMBER,KNEZEVO,F,_T,4349
2013,NUMBER,KOZARSKA DUBICA,_T,_T,19095
2013,NUMBER,KOZARSKA DUBICA,M,_T,9296
2013,NUMBER,KOZARSKA DUBICA,F,_T,9799
2013,NUMBER,KOSTAJNICA,_T,_T,5201
2013,NUMBER,KOSTAJNICA,M,_T,2553
2013,NUMBER,KOSTAJNICA,F,_T,2648
2013,NUMBER,KOTOR VAROS,_T,_T,16533
2013,NUMBER,KOTOR VAROS,M,_T,8069
2013,NUMBER,KOTOR VAROS,F,_T,8464
2013,NUMBER,KRUPA NA UNI,_T,_T,1456
2013,NUMBER,KRUPA NA UNI,M,_T,786
2013,NUMBER,KRUPA NA UNI,F,_T,670
2013,NUMBER,KUPRES,_T,_T,280
2013,NUMBER,KUPRES,M,_T,147
2013,NUMBER,KUPRES,F,_T,133
2013,NUMBER,LAKTASI,_T,_T,30705
2013,NUMBER,LAKTASI,M,_T,15132
2013,NUMBER,LAKTASI,F,_T,15573
2013,NUMBER,LOPARE,_T,_T,13599
2013,NUMBER,LOPARE,M,_T,6831
2013,NUMBER,LOPARE,F,_T,6768
2013,NUMBER,LJUBINJE,_T,_T,3046
2013,NUMBER,LJUBINJE,M,_T,1502
2013,NUMBER,LJUBINJE,F,_T,1544
2013,NUMBER,MILICI,_T,_T,9487
2013,NUMBER,MILICI,M,_T,4761
2013,NUMBER,MILICI,F,_T,4726
2013,NUMBER,MODRICA,_T,_T,22419
2013,NUMBER,MODRICA,M,_T,10910
2013,NUMBER,MODRICA,F,_T,11509
2013,NUMBER,MRKONJIC GRAD,_T,_T,14541
2013,NUMBER,MRKONJIC GRAD,M,_T,6944
2013,NUMBER,MRKONJIC GRAD,F,_T,7597
2013,NUMBER,NEVESINJE,_T,_T,11346
2013,NUMBER,NEVESINJE,M,_T,5615
2013,NUMBER,NEVESINJE,F,_T,5731
2013,NUMBER,NOVI GRAD,_T,_T,23292
2013,NUMBER,NOVI GRAD,M,_T,11576
2013,NUMBER,NOVI GRAD,F,_T,11716
2013,NUMBER,NOVO GORAZDE,_T,_T,2718
2013,NUMBER,NOVO GORAZDE,M,_T,1408
2013,NUMBER,NOVO GORAZDE,F,_T,1310
2013,NUMBER,OSMACI,_T,_T,5021
2013,NUMBER,OSMACI,M,_T,2498
2013,NUMBER,OSMACI,F,_T,2523
2013,NUMBER,OSTRA LUKA,_T,_T,2468
2013,NUMBER,OSTRA LUKA,M,_T,1264
2013,NUMBER,OSTRA LUKA,F,_T,1204
2013,NUMBER,PALE,_T,_T,18603
2013,NUMBER,PALE,M,_T,8848
2013,NUMBER,PALE,F,_T,9755
2013,NUMBER,PELAGICEVO,_T,_T,4076
2013,NUMBER,PELAGICEVO,M,_T,2009
2013,NUMBER,PELAGICEVO,F,_T,2067
2013,NUMBER,PETROVAC,_T,_T,323
2013,NUMBER,PETROVAC,M,_T,151
2013,NUMBER,PETROVAC,F,_T,172
2013,NUMBER,PETROVO,_T,_T,5831
2013,NUMBER,PETROVO,M,_T,2793
2013,NUMBER,PETROVO,F,_T,3038
2013,NUMBER,PRIJEDOR,_T,_T,74375
2013,NUMBER,PRIJEDOR,M,_T,36023
2013,NUMBER,PRIJEDOR,F,_T,38352
2013,NUMBER,PRNJAVOR,_T,_T,31231
2013,NUMBER,PRNJAVOR,M,_T,15075
2013,NUMBER,PRNJAVOR,F,_T,16156
2013,NUMBER,RIBNIK,_T,_T,5365
2013,NUMBER,RIBNIK,M,_T,2649
2013,NUMBER,RIBNIK,F,_T,2716
2013,NUMBER,ROGATICA,_T,_T,9327
2013,NUMBER,ROGATICA,M,_T,4558
2013,NUMBER,ROGATICA,F,_T,4769
2013,NUMBER,RUDO,_T,_T,6979
2013,NUMBER,RUDO,M,_T,3524
2013,NUMBER,RUDO,F,_T,3455
2013,NUMBER,SOKOLAC,_T,_T,10588
2013,NUMBER,SOKOLAC,M,_T,5194
2013,NUMBER,SOKOLAC,F,_T,5394
2013,NUMBER,SRBAC,_T,_T,15404
2013,NUMBER,SRBAC,M,_T,7537
2013,NUMBER,SRBAC,F,_T,7867
2013,NUMBER,SREBRENICA,_T,_T,10715
2013,NUMBER,SREBRENICA,M,_T,5225
2013,NUMBER,SREBRENICA,F,_T,5490
2013,NUMBER,TESLIC,_T,_T,33369
2013,NUMBER,TESLIC,M,_T,15840
2013,NUMBER,TESLIC,F,_T,17529
2013,NUMBER,TREBINJE,_T,_T,25447
2013,NUMBER,TREBINJE,M,_T,12305
2013,NUMBER,TREBINJE,F,_T,13142
2013,NUMBER,TRNOVO,_T,_T,1852
2013,NUMBER,TRNOVO,M,_T,887
2013,NUMBER,TRNOVO,F,_T,965
2013,NUMBER,UGLJEVIK,_T,_T,13720
2013,NUMBER,UGLJEVIK,M,_T,6891
2013,NUMBER,UGLJEVIK,F,_T,6829
2013,NUMBER,FOCA,_T,_T,16227
2013,NUMBER,FOCA,M,_T,8147
2013,NUMBER,FOCA,F,_T,8080
2013,NUMBER,HAN PIJESAK,_T,_T,3187
2013,NUMBER,HAN PIJESAK,M,_T,1496
2013,NUMBER,HAN PIJESAK,F,_T,1691
2013,NUMBER,CAJNICE,_T,_T,4289
2013,NUMBER,CAJNICE,M,_T,2164
2013,NUMBER,CAJNICE,F,_T,2125
2013,NUMBER,CELINAC,_T,_T,13636
2013,NUMBER,CELINAC,M,_T,6711
2013,NUMBER,CELINAC,F,_T,6925
2013,NUMBER,SAMAC,_T,_T,15072
2013,NUMBER,SAMAC,M,_T,7273
2013,NUMBER,SAMAC,F,_T,7799
2013,NUMBER,SEKOVICI,_T,_T,5816
2013,NUMBER,SEKOVICI,M,_T,2868
2013,NUMBER,SEKOVICI,F,_T,2948
2013,NUMBER,SIPOVO,_T,_T,9092
2013,NUMBER,SIPOVO,M,_T,4575
2013,NUMBER,SIPOVO,F,_T,4517
2013,NUMBER,REPUBLIKA SRPSKA,_T,illiterate,34928
2013,NUMBER,REPUBLIKA SRPSKA,M,illiterate,4987
2013,NUMBER,REPUBLIKA SRPSKA,F,illiterate,29941
2013,NUMBER,BANJA LUKA,_T,illiterate,3503
2013,NUMBER,BANJA LUKA,M,illiterate,509
2013,NUMBER,BANJA LUKA,F,illiterate,2994
2013,NUMBER,BERKOVICI,_T,illiterate,47
2013,NUMBER,BERKOVICI,M,illiterate,1
2013,NUMBER,BERKOVICI,F,illiterate,46
2013,NUMBER,BIJELJINA,_T,illiterate,2541
2013,NUMBER,BIJELJINA,M,illiterate,413
2013,NUMBER,BIJELJINA,F,illiterate,2128
2013,NUMBER,BILECA,_T,illiterate,144
2013,NUMBER,BILECA,M,illiterate,31
2013,NUMBER,BILECA,F,illiterate,113
2013,NUMBER,BRATUNAC,_T,illiterate,865
2013,NUMBER,BRATUNAC,M,illiterate,82
2013,NUMBER,BRATUNAC,F,illiterate,783
2013,NUMBER,BROD,_T,illiterate,330
2013,NUMBER,BROD,M,illiterate,53
2013,NUMBER,BROD,F,illiterate,277
2013,NUMBER,VISEGRAD,_T,illiterate,358
2013,NUMBER,VISEGRAD,M,illiterate,35
2013,NUMBER,VISEGRAD,F,illiterate,323
2013,NUMBER,VLASENICA,_T,illiterate,350
2013,NUMBER,VLASENICA,M,illiterate,49
2013,NUMBER,VLASENICA,F,illiterate,301
2013,NUMBER,VUKOSAVLJE,_T,illiterate,196
2013,NUMBER,VUKOSAVLJE,M,illiterate,31
2013,NUMBER,VUKOSAVLJE,F,illiterate,165
2013,NUMBER,GACKO,_T,illiterate,110
2013,NUMBER,GACKO,M,illiterate,10
2013,NUMBER,GACKO,F,illiterate,100
2013,NUMBER,GRADISKA,_T,illiterate,1526
2013,NUMBER,GRADISKA,M,illiterate,204
2013,NUMBER,GRADISKA,F,illiterate,1322
2013,NUMBER,DERVENTA,_T,illiterate,812
2013,NUMBER,DERVENTA,M,illiterate,120
2013,NUMBER,DERVENTA,F,illiterate,692
2013,NUMBER,DOBOJ,_T,illiterate,1979
2013,NUMBER,DOBOJ,M,illiterate,270
2013,NUMBER,DOBOJ,F,illiterate,1709
2013,NUMBER,DONJI ZABAR,_T,illiterate,128
2013,NUMBER,DONJI ZABAR,M,illiterate,26
2013,NUMBER,DONJI ZABAR,F,illiterate,102
2013,NUMBER,ZVORNIK,_T,illiterate,2055
2013,NUMBER,ZVORNIK,M,illiterate,245
2013,NUMBER,ZVORNIK,F,illiterate,1810
2013,NUMBER,ISTOCNA ILIDZA,_T,illiterate,171
2013,NUMBER,ISTOCNA ILIDZA,M,illiterate,22
2013,NUMBER,ISTOCNA ILIDZA,F,illiterate,149
2013,NUMBER,ISTOCNI DRVAR,_T,illiterate,2
2013,NUMBER,ISTOCNI DRVAR,F,illiterate,2
2013,NUMBER,ISTOCNI MOSTAR,_T,illiterate,19
2013,NUMBER,ISTOCNI MOSTAR,M,illiterate,1
2013,NUMBER,ISTOCNI MOSTAR,F,illiterate,18
2013,NUMBER,ISTOCNI STARI GRAD,_T,illiterate,40
2013,NUMBER,ISTOCNI STARI GRAD,M,illiterate,3
2013,NUMBER,ISTOCNI STARI GRAD,F,illiterate,37
2013,NUMBER,ISTOCNO NOVO SARAJEVO,_T,illiterate,80
2013,NUMBER,ISTOCNO NOVO SARAJEVO,M,illiterate,14
2013,NUMBER,ISTOCNO NOVO SARAJEVO,F,illiterate,66
2013,NUMBER,JEZERO,_T,illiterate,43
2013,NUMBER,JEZERO,M,illiterate,7
2013,NUMBER,JEZERO,F,illiterate,36
2013,NUMBER,KALINOVIK,_T,illiterate,86
2013,NUMBER,KALINOVIK,M,illiterate,5
2013,NUMBER,KALINOVIK,F,illiterate,81
2013,NUMBER,KNEZEVO,_T,illiterate,971
2013,NUMBER,KNEZEVO,M,illiterate,146
2013,NUMBER,KNEZEVO,F,illiterate,825
2013,NUMBER,KOZARSKA DUBICA,_T,illiterate,590
2013,NUMBER,KOZARSKA DUBICA,M,illiterate,77
2013,NUMBER,KOZARSKA DUBICA,F,illiterate,513
2013,NUMBER,KOSTAJNICA,_T,illiterate,115
2013,NUMBER,KOSTAJNICA,M,illiterate,14
2013,NUMBER,KOSTAJNICA,F,illiterate,101
2013,NUMBER,KOTOR VAROS,_T,illiterate,1042
2013,NUMBER,KOTOR VAROS,M,illiterate,148
2013,NUMBER,KOTOR VAROS,F,illiterate,894
2013,NUMBER,KRUPA NA UNI,_T,illiterate,145
2013,NUMBER,KRUPA NA UNI,M,illiterate,21
2013,NUMBER,KRUPA NA UNI,F,illiterate,124
2013,NUMBER,KUPRES,_T,illiterate,81
2013,NUMBER,KUPRES,M,illiterate,27
2013,NUMBER,KUPRES,F,illiterate,54
2013,NUMBER,LAKTASI,_T,illiterate,752
2013,NUMBER,LAKTASI,M,illiterate,117
2013,NUMBER,LAKTASI,F,illiterate,635
2013,NUMBER,LOPARE,_T,illiterate,680
2013,NUMBER,LOPARE,M,illiterate,123
2013,NUMBER,LOPARE,F,illiterate,557
2013,NUMBER,LJUBINJE,_T,illiterate,49
2013,NUMBER,LJUBINJE,M,illiterate,5
2013,NUMBER,LJUBINJE,F,illiterate,44
2013,NUMBER,MILICI,_T,illiterate,399
2013,NUMBER,MILICI,M,illiterate,51
2013,NUMBER,MILICI,F,illiterate,348
2013,NUMBER,MODRICA,_T,illiterate,736
2013,NUMBER,MODRICA,M,illiterate,119
2013,NUMBER,MODRICA,F,illiterate,617
2013,NUMBER,MRKONJIC GRAD,_T,illiterate,821
2013,NUMBER,MRKONJIC GRAD,M,illiterate,95
2013,NUMBER,MRKONJIC GRAD,F,illiterate,726
2013,NUMBER,NEVESINJE,_T,illiterate,305
2013,NUMBER,NEVESINJE,M,illiterate,32
2013,NUMBER,NEVESINJE,F,illiterate,273
2013,NUMBER,NOVI GRAD,_T,illiterate,666
2013,NUMBER,NOVI GRAD,M,illiterate,106
2013,NUMBER,NOVI GRAD,F,illiterate,560
2013,NUMBER,NOVO GORAZDE,_T,illiterate,76
2013,NUMBER,NOVO GORAZDE,M,illiterate,5
2013,NUMBER,NOVO GORAZDE,F,illiterate,71
2013,NUMBER,OSMACI,_T,illiterate,264
2013,NUMBER,OSMACI,M,illiterate,29
2013,NUMBER,OSMACI,F,illiterate,235
2013,NUMBER,OSTRA LUKA,_T,illiterate,196
2013,NUMBER,OSTRA LUKA,M,illiterate,32
2013,NUMBER,OSTRA LUKA,F,illiterate,164
2013,NUMBER,PALE,_T,illiterate,293
2013,NUMBER,PALE,M,illiterate,40
2013,NUMBER,PALE,F,illiterate,253
2013,NUMBER,PELAGICEVO,_T,illiterate,179
2013,NUMBER,PELAGICEVO,M,illiterate,29
2013,NUMBER,PELAGICEVO,F,illiterate,150
2013,NUMBER,PETROVAC,_T,illiterate,6
2013,NUMBER,PETROVAC,M,illiterate,-
2013,NUMBER,PETROVAC,F,illiterate,6
2013,NUMBER,PETROVO,_T,illiterate,245
2013,NUMBER,PETROVO,M,illiterate,28
2013,NUMBER,PETROVO,F,illiterate,217
2013,NUMBER,PRIJEDOR,_T,illiterate,2172
2013,NUMBER,PRIJEDOR,M,illiterate,422
2013,NUMBER,PRIJEDOR,F,illiterate,1750
2013,NUMBER,PRNJAVOR,_T,illiterate,1408
2013,NUMBER,PRNJAVOR,M,illiterate,203
2013,NUMBER,PRNJAVOR,F,illiterate,1205
2013,NUMBER,RIBNIK,_T,illiterate,456
2013,NUMBER,RIBNIK,M,illiterate,69
2013,NUMBER,RIBNIK,F,illiterate,387
2013,NUMBER,ROGATICA,_T,illiterate,351
2013,NUMBER,ROGATICA,M,illiterate,38
2013,NUMBER,ROGATICA,F,illiterate,313
2013,NUMBER,RUDO,_T,illiterate,155
2013,NUMBER,RUDO,M,illiterate,27
2013,NUMBER,RUDO,F,illiterate,128
2013,NUMBER,SOKOLAC,_T,illiterate,231
2013,NUMBER,SOKOLAC,M,illiterate,25
2013,NUMBER,SOKOLAC,F,illiterate,206
2013,NUMBER,SRBAC,_T,illiterate,539
2013,NUMBER,SRBAC,M,illiterate,102
2013,NUMBER,SRBAC,F,illiterate,437
2013,NUMBER,SREBRENICA,_T,illiterate,627
2013,NUMBER,SREBRENICA,M,illiterate,64
2013,NUMBER,SREBRENICA,F,illiterate,563
2013,NUMBER,TESLIC,_T,illiterate,1980
2013,NUMBER,TESLIC,M,illiterate,227
2013,NUMBER,TESLIC,F,illiterate,1753
2013,NUMBER,TREBINJE,_T,illiterate,237
2013,NUMBER,TREBINJE,M,illiterate,31
2013,NUMBER,TREBINJE,F,illiterate,206
2013,NUMBER,TRNOVO,_T,illiterate,76
2013,NUMBER,TRNOVO,M,illiterate,10
2013,NUMBER,TRNOVO,F,illiterate,66
2013,NUMBER,UGLJEVIK,_T,illiterate,451
2013,NUMBER,UGLJEVIK,M,illiterate,68
2013,NUMBER,UGLJEVIK,F,illiterate,383
2013,NUMBER,FOCA,_T,illiterate,391
2013,NUMBER,FOCA,M,illiterate,51
2013,NUMBER,FOCA,F,illiterate,340
2013,NUMBER,HAN PIJESAK,_T,illiterate,88
2013,NUMBER,HAN PIJESAK,M,illiterate,10
2013,NUMBER,HAN PIJESAK,F,illiterate,78
2013,NUMBER,CAJNICE,_T,illiterate,140
2013,NUMBER,CAJNICE,M,illiterate,22
2013,NUMBER,CAJNICE,F,illiterate,118
2013,NUMBER,CELINAC,_T,illiterate,472
2013,NUMBER,CELINAC,M,illiterate,56
2013,NUMBER,CELINAC,F,illiterate,416
2013,NUMBER,SAMAC,_T,illiterate,300
2013,NUMBER,SAMAC,M,illiterate,55
2013,NUMBER,SAMAC,F,illiterate,245
2013,NUMBER,SEKOVICI,_T,illiterate,427
2013,NUMBER,SEKOVICI,M,illiterate,83
2013,NUMBER,SEKOVICI,F,illiterate,344
2013,NUMBER,SIPOVO,_T,illiterate,431
2013,NUMBER,SIPOVO,M,illiterate,49
2013,NUMBER,SIPOVO,F,illiterate,382
2013,NUMBER,REPUBLIKA SRPSKA,_T,illiterates_percentage,3.29
2013,NUMBER,REPUBLIKA SRPSKA,M,illiterates_percentage,0.97
2013,NUMBER,REPUBLIKA SRPSKA,F,illiterates_percentage,5.48
2013,NUMBER,BANJA LUKA,_T,illiterates_percentage,2.16
2013,NUMBER,BANJA LUKA,M,illiterates_percentage,0.66
2013,NUMBER,BANJA LUKA,F,illiterates_percentage,3.53
2013,NUMBER,BERKOVICI,_T,illiterates_percentage,2.58
2013,NUMBER,BERKOVICI,M,illiterates_percentage,0.11
2013,NUMBER,BERKOVICI,F,illiterates_percentage,5.07
2013,NUMBER,BIJELJINA,_T,illiterates_percentage,2.70
2013,NUMBER,BIJELJINA,M,illiterates_percentage,0.90
2013,NUMBER,BIJELJINA,F,illiterates_percentage,4.40
2013,NUMBER,BILECA,_T,illiterates_percentage,1.49
2013,NUMBER,BILECA,M,illiterates_percentage,0.64
2013,NUMBER,BILECA,F,illiterates_percentage,2.35
2013,NUMBER,BRATUNAC,_T,illiterates_percentage,5.16
2013,NUMBER,BRATUNAC,M,illiterates_percentage,1.00
2013,NUMBER,BRATUNAC,F,illiterates_percentage,9.17
2013,NUMBER,BROD,_T,illiterates_percentage,2.31
2013,NUMBER,BROD,M,illiterates_percentage,0.77
2013,NUMBER,BROD,F,illiterates_percentage,3.76
2013,NUMBER,VISEGRAD,_T,illiterates_percentage,3.82
2013,NUMBER,VISEGRAD,M,illiterates_percentage,0.78
2013,NUMBER,VISEGRAD,F,illiterates_percentage,6.59
2013,NUMBER,VLASENICA,_T,illiterates_percentage,3.63
2013,NUMBER,VLASENICA,M,illiterates_percentage,1.05
2013,NUMBER,VLASENICA,F,illiterates_percentage,6.04
2013,NUMBER,VUKOSAVLJE,_T,illiterates_percentage,4.96
2013,NUMBER,VUKOSAVLJE,M,illiterates_percentage,1.57
2013,NUMBER,VUKOSAVLJE,F,illiterates_percentage,8.35
2013,NUMBER,GACKO,_T,illiterates_percentage,1.40
2013,NUMBER,GACKO,M,illiterates_percentage,0.25
2013,NUMBER,GACKO,F,illiterates_percentage,2.58
2013,NUMBER,GRADISKA,_T,illiterates_percentage,3.39
2013,NUMBER,GRADISKA,M,illiterates_percentage,0.94
2013,NUMBER,GRADISKA,F,illiterates_percentage,5.71
2013,NUMBER,DERVENTA,_T,illiterates_percentage,3.44
2013,NUMBER,DERVENTA,M,illiterates_percentage,1.05
2013,NUMBER,DERVENTA,F,illiterates_percentage,5.69
2013,NUMBER,DOBOJ,_T,illiterates_percentage,3.19
2013,NUMBER,DOBOJ,M,illiterates_percentage,0.90
2013,NUMBER,DOBOJ,F,illiterates_percentage,5.33
2013,NUMBER,DONJI ZABAR,_T,illiterates_percentage,3.82
2013,NUMBER,DONJI ZABAR,M,illiterates_percentage,1.54
2013,NUMBER,DONJI ZABAR,F,illiterates_percentage,6.12
2013,NUMBER,ZVORNIK,_T,illiterates_percentage,4.23
2013,NUMBER,ZVORNIK,M,illiterates_percentage,1.03
2013,NUMBER,ZVORNIK,F,illiterates_percentage,7.32
2013,NUMBER,ISTOCNA ILIDZA,_T,illiterates_percentage,1.30
2013,NUMBER,ISTOCNA ILIDZA,M,illiterates_percentage,0.35
2013,NUMBER,ISTOCNA ILIDZA,F,illiterates_percentage,2.17
2013,NUMBER,ISTOCNI DRVAR,_T,illiterates_percentage,3.08
2013,NUMBER,ISTOCNI DRVAR,F,illiterates_percentage,9.09
2013,NUMBER,ISTOCNI MOSTAR,_T,illiterates_percentage,8.41
2013,NUMBER,ISTOCNI MOSTAR,M,illiterates_percentage,0.78
2013,NUMBER,ISTOCNI MOSTAR,F,illiterates_percentage,18.37
2013,NUMBER,ISTOCNI STARI GRAD,_T,illiterates_percentage,3.87
2013,NUMBER,ISTOCNI STARI GRAD,M,illiterates_percentage,0.59
2013,NUMBER,ISTOCNI STARI GRAD,F,illiterates_percentage,7.01
2013,NUMBER,ISTOCNO NOVO SARAJEVO,_T,illiterates_percentage,0.86
2013,NUMBER,ISTOCNO NOVO SARAJEVO,M,illiterates_percentage,0.32
2013,NUMBER,ISTOCNO NOVO SARAJEVO,F,illiterates_percentage,1.35
2013,NUMBER,JEZERO,_T,illiterates_percentage,4.52
2013,NUMBER,JEZERO,M,illiterates_percentage,1.42
2013,NUMBER,JEZERO,F,illiterates_percentage,7.84
2013,NUMBER,KALINOVIK,_T,illiterates_percentage,4.66
2013,NUMBER,KALINOVIK,M,illiterates_percentage,0.56
2013,NUMBER,KALINOVIK,F,illiterates_percentage,8.53
2013,NUMBER,KNEZEVO,_T,illiterates_percentage,11.35
2013,NUMBER,KNEZEVO,M,illiterates_percentage,3.47
2013,NUMBER,KNEZEVO,F,illiterates_percentage,18.97
2013,NUMBER,KOZARSKA DUBICA,_T,illiterates_percentage,3.09
2013,NUMBER,KOZARSKA DUBICA,M,illiterates_percentage,0.83
2013,NUMBER,KOZARSKA DUBICA,F,illiterates_percentage,5.24
2013,NUMBER,KOSTAJNICA,_T,illiterates_percentage,2.21
2013,NUMBER,KOSTAJNICA,M,illiterates_percentage,0.55
2013,NUMBER,KOSTAJNICA,F,illiterates_percentage,3.81
2013,NUMBER,KOTOR VAROS,_T,illiterates_percentage,6.30
2013,NUMBER,KOTOR VAROS,M,illiterates_percentage,1.83
2013,NUMBER,KOTOR VAROS,F,illiterates_percentage,10.56
2013,NUMBER,KRUPA NA UNI,_T,illiterates_percentage,9.96
2013,NUMBER,KRUPA NA UNI,M,illiterates_percentage,2.67
2013,NUMBER,KRUPA NA UNI,F,illiterates_percentage,18.51
2013,NUMBER,KUPRES,_T,illiterates_percentage,28.93
2013,NUMBER,KUPRES,M,illiterates_percentage,18.37
2013,NUMBER,KUPRES,F,illiterates_percentage,40.60
2013,NUMBER,LAKTASI,_T,illiterates_percentage,2.45
2013,NUMBER,LAKTASI,M,illiterates_percentage,0.77
2013,NUMBER,LAKTASI,F,illiterates_percentage,4.08
2013,NUMBER,LOPARE,_T,illiterates_percentage,5.00
2013,NUMBER,LOPARE,M,illiterates_percentage,1.80
2013,NUMBER,LOPARE,F,illiterates_percentage,8.23
2013,NUMBER,LJUBINJE,_T,illiterates_percentage,1.61
2013,NUMBER,LJUBINJE,M,illiterates_percentage,0.33
2013,NUMBER,LJUBINJE,F,illiterates_percentage,2.85
2013,NUMBER,MILICI,_T,illiterates_percentage,4.21
2013,NUMBER,MILICI,M,illiterates_percentage,1.07
2013,NUMBER,MILICI,F,illiterates_percentage,7.36
2013,NUMBER,MODRICA,_T,illiterates_percentage,3.28
2013,NUMBER,MODRICA,M,illiterates_percentage,1.09
2013,NUMBER,MODRICA,F,illiterates_percentage,5.36
2013,NUMBER,MRKONJIC GRAD,_T,illiterates_percentage,5.65
2013,NUMBER,MRKONJIC GRAD,M,illiterates_percentage,1.37
2013,NUMBER,MRKONJIC GRAD,F,illiterates_percentage,9.56
2013,NUMBER,NEVESINJE,_T,illiterates_percentage,2.69
2013,NUMBER,NEVESINJE,M,illiterates_percentage,0.57
2013,NUMBER,NEVESINJE,F,illiterates_percentage,4.76
2013,NUMBER,NOVI GRAD,_T,illiterates_percentage,2.86
2013,NUMBER,NOVI GRAD,M,illiterates_percentage,0.92
2013,NUMBER,NOVI GRAD,F,illiterates_percentage,4.78
2013,NUMBER,NOVO GORAZDE,_T,illiterates_percentage,2.80
2013,NUMBER,NOVO GORAZDE,M,illiterates_percentage,0.36
2013,NUMBER,NOVO GORAZDE,F,illiterates_percentage,5.42
2013,NUMBER,OSMACI,_T,illiterates_percentage,5.26
2013,NUMBER,OSMACI,M,illiterates_percentage,1.16
2013,NUMBER,OSMACI,F,illiterates_percentage,9.31
2013,NUMBER,OSTRA LUKA,_T,illiterates_percentage,7.94
2013,NUMBER,OSTRA LUKA,M,illiterates_percentage,2.53
2013,NUMBER,OSTRA LUKA,F,illiterates_percentage,13.62
2013,NUMBER,PALE,_T,illiterates_percentage,1.58
2013,NUMBER,PALE,M,illiterates_percentage,0.45
2013,NUMBER,PALE,F,illiterates_percentage,2.59
2013,NUMBER,PELAGICEVO,_T,illiterates_percentage,4.39
2013,NUMBER,PELAGICEVO,M,illiterates_percentage,1.44
2013,NUMBER,PELAGICEVO,F,illiterates_percentage,7.26
2013,NUMBER,PETROVAC,_T,illiterates_percentage,1.86
2013,NUMBER,PETROVAC,F,illiterates_percentage,3.49
2013,NUMBER,PETROVO,_T,illiterates_percentage,4.20
2013,NUMBER,PETROVO,M,illiterates_percentage,1.00
2013,NUMBER,PETROVO,F,illiterates_percentage,7.14
2013,NUMBER,PRIJEDOR,_T,illiterates_percentage,2.92
2013,NUMBER,PRIJEDOR,M,illiterates_percentage,1.17
2013,NUMBER,PRIJEDOR,F,illiterates_percentage,4.56
2013,NUMBER,PRNJAVOR,_T,illiterates_percentage,4.51
2013,NUMBER,PRNJAVOR,M,illiterates_percentage,1.35
2013,NUMBER,PRNJAVOR,F,illiterates_percentage,7.46
2013,NUMBER,RIBNIK,_T,illiterates_percentage,8.50
2013,NUMBER,RIBNIK,M,illiterates_percentage,2.60
2013,NUMBER,RIBNIK,F,illiterates_percentage,14.25
2013,NUMBER,ROGATICA,_T,illiterates_percentage,3.76
2013,NUMBER,ROGATICA,M,illiterates_percentage,0.83
2013,NUMBER,ROGATICA,F,illiterates_percentage,6.56
2013,NUMBER,RUDO,_T,illiterates_percentage,2.22
2013,NUMBER,RUDO,M,illiterates_percentage,0.77
2013,NUMBER,RUDO,F,illiterates_percentage,3.70
2013,NUMBER,SOKOLAC,_T,illiterates_percentage,2.18
2013,NUMBER,SOKOLAC,M,illiterates_percentage,0.48
2013,NUMBER,SOKOLAC,F,illiterates_percentage,3.82
2013,NUMBER,SRBAC,_T,illiterates_percentage,3.50
2013,NUMBER,SRBAC,M,illiterates_percentage,1.35
2013,NUMBER,SRBAC,F,illiterates_percentage,5.55
2013,NUMBER,SREBRENICA,_T,illiterates_percentage,5.85
2013,NUMBER,SREBRENICA,M,illiterates_percentage,1.22
2013,NUMBER,SREBRENICA,F,illiterates_percentage,10.26
2013,NUMBER,TESLIC,_T,illiterates_percentage,5.93
2013,NUMBER,TESLIC,M,illiterates_percentage,1.43
2013,NUMBER,TESLIC,F,illiterates_percentage,10.00
2013,NUMBER,TREBINJE,_T,illiterates_percentage,0.93
2013,NUMBER,TREBINJE,M,illiterates_percentage,0.25
2013,NUMBER,TREBINJE,F,illiterates_percentage,1.57
2013,NUMBER,TRNOVO,_T,illiterates_percentage,4.10
2013,NUMBER,TRNOVO,M,illiterates_percentage,1.13
2013,NUMBER,TRNOVO,F,illiterates_percentage,6.84
2013,NUMBER,UGLJEVIK,_T,illiterates_percentage,3.29
2013,NUMBER,UGLJEVIK,M,illiterates_percentage,0.99
2013,NUMBER,UGLJEVIK,F,illiterates_percentage,5.61
2013,NUMBER,FOCA,_T,illiterates_percentage,2.41
2013,NUMBER,FOCA,M,illiterates_percentage,0.63
2013,NUMBER,FOCA,F,illiterates_percentage,4.21
2013,NUMBER,HAN PIJESAK,_T,illiterates_percentage,2.76
2013,NUMBER,HAN PIJESAK,M,illiterates_percentage,0.67
2013,NUMBER,HAN PIJESAK,F,illiterates_percentage,4.61
2013,NUMBER,CAJNICE,_T,illiterates_percentage,3.26
2013,NUMBER,CAJNICE,M,illiterates_percentage,1.02
2013,NUMBER,CAJNICE,F,illiterates_percentage,5.55
2013,NUMBER,CELINAC,_T,illiterates_percentage,3.46
2013,NUMBER,CELINAC,M,illiterates_percentage,0.83
2013,NUMBER,CELINAC,F,illiterates_percentage,6.01
2013,NUMBER,SAMAC,_T,illiterates_percentage,1.99
2013,NUMBER,SAMAC,M,illiterates_percentage,0.76
2013,NUMBER,SAMAC,F,illiterates_percentage,3.14
2013,NUMBER,SEKOVICI,_T,illiterates_percentage,7.34
2013,NUMBER,SEKOVICI,M,illiterates_percentage,2.89
2013,NUMBER,SEKOVICI,F,illiterates_percentage,11.67
2013,NUMBER,SIPOVO,_T,illiterates_percentage,4.74
2013,NUMBER,SIPOVO,M,illiterates_percentage,1.07
2013,NUMBER,SIPOVO,F,illiterates_percentage,8.46
2013,NUMBER,REPUBLIKA SRPSKA,_T,unknown,10476
2013,NUMBER,REPUBLIKA SRPSKA,M,unknown,3675
2013,NUMBER,REPUBLIKA SRPSKA,F,unknown,6801
2013,NUMBER,BANJA LUKA,_T,unknown,1192
2013,NUMBER,BANJA LUKA,M,unknown,413
2013,NUMBER,BANJA LUKA,F,unknown,779
2013,NUMBER,BERKOVICI,_T,unknown,27
2013,NUMBER,BERKOVICI,M,unknown,10
2013,NUMBER,BERKOVICI,F,unknown,17
2013,NUMBER,BIJELJINA,_T,unknown,916
2013,NUMBER,BIJELJINA,M,unknown,302
2013,NUMBER,BIJELJINA,F,unknown,614
2013,NUMBER,BILECA,_T,unknown,83
2013,NUMBER,BILECA,M,unknown,27
2013,NUMBER,BILECA,F,unknown,56
2013,NUMBER,BRATUNAC,_T,unknown,239
2013,NUMBER,BRATUNAC,M,unknown,80
2013,NUMBER,BRATUNAC,F,unknown,159
2013,NUMBER,BROD,_T,unknown,178
2013,NUMBER,BROD,M,unknown,59
2013,NUMBER,BROD,F,unknown,119
2013,NUMBER,VISEGRAD,_T,unknown,91
2013,NUMBER,VISEGRAD,M,unknown,32
2013,NUMBER,VISEGRAD,F,unknown,59
2013,NUMBER,VLASENICA,_T,unknown,185
2013,NUMBER,VLASENICA,M,unknown,65
2013,NUMBER,VLASENICA,F,unknown,120
2013,NUMBER,VUKOSAVLJE,_T,unknown,76
2013,NUMBER,VUKOSAVLJE,M,unknown,29
2013,NUMBER,VUKOSAVLJE,F,unknown,47
2013,NUMBER,GACKO,_T,unknown,71
2013,NUMBER,GACKO,M,unknown,24
2013,NUMBER,GACKO,F,unknown,47
2013,NUMBER,GRADISKA,_T,unknown,423
2013,NUMBER,GRADISKA,M,unknown,163
2013,NUMBER,GRADISKA,F,unknown,260
2013,NUMBER,DERVENTA,_T,unknown,368
2013,NUMBER,DERVENTA,M,unknown,135
2013,NUMBER,DERVENTA,F,unknown,233
2013,NUMBER,DOBOJ,_T,unknown,481
2013,NUMBER,DOBOJ,M,unknown,166
2013,NUMBER,DOBOJ,F,unknown,315
2013,NUMBER,DONJI ZABAR,_T,unknown,81
2013,NUMBER,DONJI ZABAR,M,unknown,33
2013,NUMBER,DONJI ZABAR,F,unknown,48
2013,NUMBER,ZVORNIK,_T,unknown,666
2013,NUMBER,ZVORNIK,M,unknown,204
2013,NUMBER,ZVORNIK,F,unknown,462
2013,NUMBER,ISTOCNA ILIDZA,_T,unknown,67
2013,NUMBER,ISTOCNA ILIDZA,M,unknown,21
2013,NUMBER,ISTOCNA ILIDZA,F,unknown,46
2013,NUMBER,ISTOCNI STARI GRAD,_T,unknown,6
2013,NUMBER,ISTOCNI STARI GRAD,M,unknown,2
2013,NUMBER,ISTOCNI STARI GRAD,F,unknown,4
2013,NUMBER,ISTOCNO NOVO SARAJEVO,_T,unknown,36
2013,NUMBER,ISTOCNO NOVO SARAJEVO,M,unknown,12
2013,NUMBER,ISTOCNO NOVO SARAJEVO,F,unknown,24
2013,NUMBER,JEZERO,_T,unknown,6
2013,NUMBER,JEZERO,M,unknown,2
2013,NUMBER,JEZERO,F,unknown,4
2013,NUMBER,KALINOVIK,_T,unknown,12
2013,NUMBER,KALINOVIK,M,unknown,5
2013,NUMBER,KALINOVIK,F,unknown,7
2013,NUMBER,KNEZEVO,_T,unknown,78
2013,NUMBER,KNEZEVO,M,unknown,32
2013,NUMBER,KNEZEVO,F,unknown,46
2013,NUMBER,KOZARSKA DUBICA,_T,unknown,124
2013,NUMBER,KOZARSKA DUBICA,M,unknown,48
2013,NUMBER,KOZARSKA DUBICA,F,unknown,76
2013,NUMBER,KOSTAJNICA,_T,unknown,34
2013,NUMBER,KOSTAJNICA,M,unknown,15
2013,NUMBER,KOSTAJNICA,F,unknown,19
2013,NUMBER,KOTOR VAROS,_T,unknown,216
2013,NUMBER,KOTOR VAROS,M,unknown,73
2013,NUMBER,KOTOR VAROS,F,unknown,143
2013,NUMBER,KRUPA NA UNI,_T,unknown,4
2013,NUMBER,KRUPA NA UNI,M,unknown,1
2013,NUMBER,KRUPA NA UNI,F,unknown,3
2013,NUMBER,KUPRES,_T,unknown,1
2013,NUMBER,KUPRES,F,unknown,1
2013,NUMBER,LAKTASI,_T,unknown,314
2013,NUMBER,LAKTASI,M,unknown,117
2013,NUMBER,LAKTASI,F,unknown,197
2013,NUMBER,LOPARE,_T,unknown,156
2013,NUMBER,LOPARE,M,unknown,62
2013,NUMBER,LOPARE,F,unknown,94
2013,NUMBER,LJUBINJE,_T,unknown,22
2013,NUMBER,LJUBINJE,M,unknown,7
2013,NUMBER,LJUBINJE,F,unknown,15
2013,NUMBER,MILICI,_T,unknown,157
2013,NUMBER,MILICI,M,unknown,42
2013,NUMBER,MILICI,F,unknown,115
2013,NUMBER,MODRICA,_T,unknown,346
2013,NUMBER,MODRICA,M,unknown,128
2013,NUMBER,MODRICA,F,unknown,218
2013,NUMBER,MRKONJIC GRAD,_T,unknown,177
2013,NUMBER,MRKONJIC GRAD,M,unknown,65
2013,NUMBER,MRKONJIC GRAD,F,unknown,112
2013,NUMBER,NEVESINJE,_T,unknown,95
2013,NUMBER,NEVESINJE,M,unknown,40
2013,NUMBER,NEVESINJE,F,unknown,55
2013,NUMBER,NOVI GRAD,_T,unknown,265
2013,NUMBER,NOVI GRAD,M,unknown,96
2013,NUMBER,NOVI GRAD,F,unknown,169
2013,NUMBER,NOVO GORAZDE,_T,unknown,16
2013,NUMBER,NOVO GORAZDE,M,unknown,3
2013,NUMBER,NOVO GORAZDE,F,unknown,13
2013,NUMBER,OSMACI,_T,unknown,41
2013,NUMBER,OSMACI,M,unknown,15
2013,NUMBER,OSMACI,F,unknown,26
2013,NUMBER,OSTRA LUKA,_T,unknown,19
2013,NUMBER,OSTRA LUKA,M,unknown,10
2013,NUMBER,OSTRA LUKA,F,unknown,9
2013,NUMBER,PALE,_T,unknown,99
2013,NUMBER,PALE,M,unknown,31
2013,NUMBER,PALE,F,unknown,68
2013,NUMBER,PELAGICEVO,_T,unknown,132
2013,NUMBER,PELAGICEVO,M,unknown,59
2013,NUMBER,PELAGICEVO,F,unknown,73
2013,NUMBER,PETROVAC,_T,unknown,1
2013,NUMBER,PETROVAC,M,unknown,1
2013,NUMBER,PETROVAC,F,unknown,-
2013,NUMBER,PETROVO,_T,unknown,35
2013,NUMBER,PETROVO,M,unknown,13
2013,NUMBER,PETROVO,F,unknown,22
2013,NUMBER,PRIJEDOR,_T,unknown,816
2013,NUMBER,PRIJEDOR,M,unknown,283
2013,NUMBER,PRIJEDOR,F,unknown,533
2013,NUMBER,PRNJAVOR,_T,unknown,223
2013,NUMBER,PRNJAVOR,M,unknown,90
2013,NUMBER,PRNJAVOR,F,unknown,133
2013,NUMBER,RIBNIK,_T,unknown,41
2013,NUMBER,RIBNIK,M,unknown,13
2013,NUMBER,RIBNIK,F,unknown,28
2013,NUMBER,ROGATICA,_T,unknown,110
2013,NUMBER,ROGATICA,M,unknown,24
2013,NUMBER,ROGATICA,F,unknown,86
2013,NUMBER,RUDO,_T,unknown,40
2013,NUMBER,RUDO,M,unknown,16
2013,NUMBER,RUDO,F,unknown,24
2013,NUMBER,SOKOLAC,_T,unknown,69
2013,NUMBER,SOKOLAC,M,unknown,29
2013,NUMBER,SOKOLAC,F,unknown,40
2013,NUMBER,SRBAC,_T,unknown,250
2013,NUMBER,SRBAC,M,unknown,90
2013,NUMBER,SRBAC,F,unknown,160
2013,NUMBER,SREBRENICA,_T,unknown,134
2013,NUMBER,SREBRENICA,M,unknown,26
2013,NUMBER,SREBRENICA,F,unknown,108
2013,NUMBER,TESLIC,_T,unknown,346
2013,NUMBER,TESLIC,M,unknown,124
2013,NUMBER,TESLIC,F,unknown,222
2013,NUMBER,TREBINJE,_T,unknown,188
2013,NUMBER,TREBINJE,M,unknown,59
2013,NUMBER,TREBINJE,F,unknown,129
2013,NUMBER,TRNOVO,_T,unknown,12
2013,NUMBER,TRNOVO,M,unknown,4
2013,NUMBER,TRNOVO,F,unknown,8
2013,NUMBER,UGLJEVIK,_T,unknown,98
2013,NUMBER,UGLJEVIK,M,unknown,37
2013,NUMBER,UGLJEVIK,F,unknown,61
2013,NUMBER,FOCA,_T,unknown,128
2013,NUMBER,FOCA,M,unknown,51
2013,NUMBER,FOCA,F,unknown,77
2013,NUMBER,HAN PIJESAK,_T,unknown,13
2013,NUMBER,HAN PIJESAK,M,unknown,4
2013,NUMBER,HAN PIJESAK,F,unknown,9
2013,NUMBER,CAJNICE,_T,unknown,24
2013,NUMBER,CAJNICE,M,unknown,9
2013,NUMBER,CAJNICE,F,unknown,15
2013,NUMBER,CELINAC,_T,unknown,126
2013,NUMBER,CELINAC,M,unknown,54
2013,NUMBER,CELINAC,F,unknown,72
2013,NUMBER,SAMAC,_T,unknown,185
2013,NUMBER,SAMAC,M,unknown,64
2013,NUMBER,SAMAC,F,unknown,121
2013,NUMBER,SEKOVICI,_T,unknown,65
2013,NUMBER,SEKOVICI,M,unknown,27
2013,NUMBER,SEKOVICI,F,unknown,38
2013,NUMBER,SIPOVO,_T,unknown,72
2013,NUMBER,SIPOVO,M,unknown,29
2013,NUMBER,SIPOVO,F,unknown,43
