Year,UNIT_MEASURE,ADMIN_AREA,SEX,Education,Value
2013,NUMBER,republika_srpska,_T,_T,1005535
2013,NUMBER,republika_srpska,M,_T,487292
2013,NUMBER,republika_srpska,F,_T,518243
2013,NUMBER,grad_banja_luka,_T,_T,153659
2013,NUMBER,grad_banja_luka,M,_T,73026
2013,NUMBER,grad_banja_luka,F,_T,80633
2013,NUMBER,berkovici,_T,_T,1684
2013,NUMBER,berkovici,M,_T,845
2013,NUMBER,berkovici,F,_T,839
2013,NUMBER,grad_bijeljina,_T,_T,88664
2013,NUMBER,grad_bijeljina,M,_T,42935
2013,NUMBER,grad_bijeljina,F,_T,45729
2013,NUMBER,bileca,_T,_T,9036
2013,NUMBER,bileca,M,_T,4536
2013,NUMBER,bileca,F,_T,4500
2013,NUMBER,bratunac,_T,_T,15912
2013,NUMBER,bratunac,M,_T,7785
2013,NUMBER,bratunac,F,_T,8127
2013,NUMBER,brod,_T,_T,13506
2013,NUMBER,brod,M,_T,6510
2013,NUMBER,brod,F,_T,6996
2013,NUMBER,visegrad,_T,_T,8950
2013,NUMBER,visegrad,M,_T,4259
2013,NUMBER,visegrad,F,_T,4691
2013,NUMBER,vlasenica,_T,_T,9131
2013,NUMBER,vlasenica,M,_T,4393
2013,NUMBER,vlasenica,F,_T,4738
2013,NUMBER,vukosavlje,_T,_T,3701
2013,NUMBER,vukosavlje,M,_T,1852
2013,NUMBER,vukosavlje,F,_T,1849
2013,NUMBER,gacko,_T,_T,7337
2013,NUMBER,gacko,M,_T,3691
2013,NUMBER,gacko,F,_T,3646
2013,NUMBER,grad_gradiska,_T,_T,42640
2013,NUMBER,grad_gradiska,M,_T,20635
2013,NUMBER,grad_gradiska,F,_T,22005
2013,NUMBER,grad_derventa,_T,_T,22345
2013,NUMBER,grad_derventa,M,_T,10830
2013,NUMBER,grad_derventa,F,_T,11515
2013,NUMBER,grad_doboj,_T,_T,58805
2013,NUMBER,grad_doboj,M,_T,28207
2013,NUMBER,grad_doboj,F,_T,30598
2013,NUMBER,donji_zabar,_T,_T,3139
2013,NUMBER,donji_zabar,M,_T,1578
2013,NUMBER,donji_zabar,F,_T,1561
2013,NUMBER,grad_zvornik,_T,_T,45697
2013,NUMBER,grad_zvornik,M,_T,22384
2013,NUMBER,grad_zvornik,F,_T,23313
2013,NUMBER,istocna_ilidza,_T,_T,12477
2013,NUMBER,istocna_ilidza,M,_T,5939
2013,NUMBER,istocna_ilidza,F,_T,6538
2013,NUMBER,istocni_drvar,_T,_T,65
2013,NUMBER,istocni_drvar,M,_T,43
2013,NUMBER,istocni_drvar,F,_T,22
2013,NUMBER,istocni_mostar,_T,_T,213
2013,NUMBER,istocni_mostar,M,_T,120
2013,NUMBER,istocni_mostar,F,_T,93
2013,NUMBER,istocni_stari_grad,_T,_T,1004
2013,NUMBER,istocni_stari_grad,M,_T,488
2013,NUMBER,istocni_stari_grad,F,_T,516
2013,NUMBER,istocno_novo_sarajevo,_T,_T,8824
2013,NUMBER,istocno_novo_sarajevo,M,_T,4165
2013,NUMBER,istocno_novo_sarajevo,F,_T,4659
2013,NUMBER,jezero,_T,_T,902
2013,NUMBER,jezero,M,_T,465
2013,NUMBER,jezero,F,_T,437
2013,NUMBER,kalinovik,_T,_T,1769
2013,NUMBER,kalinovik,M,_T,871
2013,NUMBER,kalinovik,F,_T,898
2013,NUMBER,knezevo,_T,_T,8016
2013,NUMBER,knezevo,M,_T,3937
2013,NUMBER,knezevo,F,_T,4079
2013,NUMBER,kozarska_dubica,_T,_T,18231
2013,NUMBER,kozarska_dubica,M,_T,8845
2013,NUMBER,kozarska_dubica,F,_T,9386
2013,NUMBER,kostajnica,_T,_T,4975
2013,NUMBER,kostajnica,M,_T,2437
2013,NUMBER,kostajnica,F,_T,2538
2013,NUMBER,kotor_varos,_T,_T,15368
2013,NUMBER,kotor_varos,M,_T,7454
2013,NUMBER,kotor_varos,F,_T,7914
2013,NUMBER,krupa_na_uni,_T,_T,1381
2013,NUMBER,krupa_na_uni,M,_T,753
2013,NUMBER,krupa_na_uni,F,_T,628
2013,NUMBER,kupres,_T,_T,266
2013,NUMBER,kupres,M,_T,139
2013,NUMBER,kupres,F,_T,127
2013,NUMBER,laktasi,_T,_T,28847
2013,NUMBER,laktasi,M,_T,14165
2013,NUMBER,laktasi,F,_T,14682
2013,NUMBER,lopare,_T,_T,12938
2013,NUMBER,lopare,M,_T,6467
2013,NUMBER,lopare,F,_T,6471
2013,NUMBER,ljubinje,_T,_T,2898
2013,NUMBER,ljubinje,M,_T,1423
2013,NUMBER,ljubinje,F,_T,1475
2013,NUMBER,milici,_T,_T,9001
2013,NUMBER,milici,M,_T,4512
2013,NUMBER,milici,F,_T,4489
2013,NUMBER,modrica,_T,_T,21096
2013,NUMBER,modrica,M,_T,10240
2013,NUMBER,modrica,F,_T,10856
2013,NUMBER,mrkonjic_grad,_T,_T,13701
2013,NUMBER,mrkonjic_grad,M,_T,6548
2013,NUMBER,mrkonjic_grad,F,_T,7153
2013,NUMBER,nevesinje,_T,_T,10674
2013,NUMBER,nevesinje,M,_T,5289
2013,NUMBER,nevesinje,F,_T,5385
2013,NUMBER,novi_grad,_T,_T,22126
2013,NUMBER,novi_grad,M,_T,10935
2013,NUMBER,novi_grad,F,_T,11191
2013,NUMBER,novo_gorazde,_T,_T,2637
2013,NUMBER,novo_gorazde,M,_T,1374
2013,NUMBER,novo_gorazde,F,_T,1263
2013,NUMBER,osmaci,_T,_T,4710
2013,NUMBER,osmaci,M,_T,2343
2013,NUMBER,osmaci,F,_T,2367
2013,NUMBER,ostra_luka,_T,_T,2305
2013,NUMBER,ostra_luka,M,_T,1174
2013,NUMBER,ostra_luka,F,_T,1131
2013,NUMBER,pale,_T,_T,17661
2013,NUMBER,pale,M,_T,8344
2013,NUMBER,pale,F,_T,9317
2013,NUMBER,pelagicevo,_T,_T,3895
2013,NUMBER,pelagicevo,M,_T,1917
2013,NUMBER,pelagicevo,F,_T,1978
2013,NUMBER,petrovac,_T,_T,302
2013,NUMBER,petrovac,M,_T,142
2013,NUMBER,petrovac,F,_T,160
2013,NUMBER,petrovo,_T,_T,5575
2013,NUMBER,petrovo,M,_T,2673
2013,NUMBER,petrovo,F,_T,2902
2013,NUMBER,grad_prijedor,_T,_T,70732
2013,NUMBER,grad_prijedor,M,_T,34162
2013,NUMBER,grad_prijedor,F,_T,36570
2013,NUMBER,prnjavor,_T,_T,29403
2013,NUMBER,prnjavor,M,_T,14149
2013,NUMBER,prnjavor,F,_T,15254
2013,NUMBER,ribnik,_T,_T,5058
2013,NUMBER,ribnik,M,_T,2498
2013,NUMBER,ribnik,F,_T,2560
2013,NUMBER,rogatica,_T,_T,8918
2013,NUMBER,rogatica,M,_T,4351
2013,NUMBER,rogatica,F,_T,4567
2013,NUMBER,rudo,_T,_T,6682
2013,NUMBER,rudo,M,_T,3367
2013,NUMBER,rudo,F,_T,3315
2013,NUMBER,sokolac,_T,_T,10049
2013,NUMBER,sokolac,M,_T,4907
2013,NUMBER,sokolac,F,_T,5142
2013,NUMBER,srbac,_T,_T,14551
2013,NUMBER,srbac,M,_T,7089
2013,NUMBER,srbac,F,_T,7462
2013,NUMBER,srebrenica,_T,_T,10212
2013,NUMBER,srebrenica,M,_T,4952
2013,NUMBER,srebrenica,F,_T,5260
2013,NUMBER,teslic,_T,_T,31305
2013,NUMBER,teslic,M,_T,14814
2013,NUMBER,teslic,F,_T,16491
2013,NUMBER,grad_trebinje,_T,_T,23982
2013,NUMBER,grad_trebinje,M,_T,11546
2013,NUMBER,grad_trebinje,F,_T,12436
2013,NUMBER,trnovo,_T,_T,1784
2013,NUMBER,trnovo,M,_T,848
2013,NUMBER,trnovo,F,_T,936
2013,NUMBER,ugljevik,_T,_T,12964
2013,NUMBER,ugljevik,M,_T,6513
2013,NUMBER,ugljevik,F,_T,6451
2013,NUMBER,foca,_T,_T,15468
2013,NUMBER,foca,M,_T,7768
2013,NUMBER,foca,F,_T,7700
2013,NUMBER,han_pijesak,_T,_T,3060
2013,NUMBER,han_pijesak,M,_T,1429
2013,NUMBER,han_pijesak,F,_T,1631
2013,NUMBER,cajnice,_T,_T,4065
2013,NUMBER,cajnice,M,_T,2040
2013,NUMBER,cajnice,F,_T,2025
2013,NUMBER,celinac,_T,_T,12852
2013,NUMBER,celinac,M,_T,6297
2013,NUMBER,celinac,F,_T,6555
2013,NUMBER,samac,_T,_T,14308
2013,NUMBER,samac,M,_T,6877
2013,NUMBER,samac,F,_T,7431
2013,NUMBER,sekovici,_T,_T,5525
2013,NUMBER,sekovici,M,_T,2710
2013,NUMBER,sekovici,F,_T,2815
2013,NUMBER,sipovo,_T,_T,8554
2013,NUMBER,sipovo,M,_T,4307
2013,NUMBER,sipovo,F,_T,4247
2013,NUMBER,republika_srpska,_T,no_education,58651
2013,NUMBER,republika_srpska,M,no_education,9370
2013,NUMBER,republika_srpska,F,no_education,49281
2013,NUMBER,grad_banja_luka,_T,no_education,5673
2013,NUMBER,grad_banja_luka,M,no_education,921
2013,NUMBER,grad_banja_luka,F,no_education,4752
2013,NUMBER,berkovici,_T,no_education,104
2013,NUMBER,berkovici,M,no_education,8
2013,NUMBER,berkovici,F,no_education,96
2013,NUMBER,grad_bijeljina,_T,no_education,3916
2013,NUMBER,grad_bijeljina,M,no_education,650
2013,NUMBER,grad_bijeljina,F,no_education,3266
2013,NUMBER,bileca,_T,no_education,246
2013,NUMBER,bileca,M,no_education,42
2013,NUMBER,bileca,F,no_education,204
2013,NUMBER,bratunac,_T,no_education,1297
2013,NUMBER,bratunac,M,no_education,166
2013,NUMBER,bratunac,F,no_education,1131
2013,NUMBER,brod,_T,no_education,586
2013,NUMBER,brod,M,no_education,90
2013,NUMBER,brod,F,no_education,496
2013,NUMBER,visegrad,_T,no_education,576
2013,NUMBER,visegrad,M,no_education,65
2013,NUMBER,visegrad,F,no_education,511
2013,NUMBER,vlasenica,_T,no_education,629
2013,NUMBER,vlasenica,M,no_education,101
2013,NUMBER,vlasenica,F,no_education,528
2013,NUMBER,vukosavlje,_T,no_education,329
2013,NUMBER,vukosavlje,M,no_education,69
2013,NUMBER,vukosavlje,F,no_education,260
2013,NUMBER,gacko,_T,no_education,268
2013,NUMBER,gacko,M,no_education,22
2013,NUMBER,gacko,F,no_education,246
2013,NUMBER,grad_gradiska,_T,no_education,2608
2013,NUMBER,grad_gradiska,M,no_education,425
2013,NUMBER,grad_gradiska,F,no_education,2183
2013,NUMBER,grad_derventa,_T,no_education,1538
2013,NUMBER,grad_derventa,M,no_education,281
2013,NUMBER,grad_derventa,F,no_education,1257
2013,NUMBER,grad_doboj,_T,no_education,3364
2013,NUMBER,grad_doboj,M,no_education,496
2013,NUMBER,grad_doboj,F,no_education,2868
2013,NUMBER,donji_zabar,_T,no_education,209
2013,NUMBER,donji_zabar,M,no_education,37
2013,NUMBER,donji_zabar,F,no_education,172
2013,NUMBER,grad_zvornik,_T,no_education,3216
2013,NUMBER,grad_zvornik,M,no_education,484
2013,NUMBER,grad_zvornik,F,no_education,2732
2013,NUMBER,istocna_ilidza,_T,no_education,280
2013,NUMBER,istocna_ilidza,M,no_education,33
2013,NUMBER,istocna_ilidza,F,no_education,247
2013,NUMBER,istocni_drvar,_T,no_education,5
2013,NUMBER,istocni_drvar,M,no_education,0
2013,NUMBER,istocni_drvar,F,no_education,5
2013,NUMBER,istocni_mostar,_T,no_education,19
2013,NUMBER,istocni_mostar,M,no_education,1
2013,NUMBER,istocni_mostar,F,no_education,18
2013,NUMBER,istocni_stari_grad,_T,no_education,61
2013,NUMBER,istocni_stari_grad,M,no_education,5
2013,NUMBER,istocni_stari_grad,F,no_education,56
2013,NUMBER,istocno_novo_sarajevo,_T,no_education,191
2013,NUMBER,istocno_novo_sarajevo,M,no_education,25
2013,NUMBER,istocno_novo_sarajevo,F,no_education,166
2013,NUMBER,jezero,_T,no_education,79
2013,NUMBER,jezero,M,no_education,14
2013,NUMBER,jezero,F,no_education,65
2013,NUMBER,kalinovik,_T,no_education,158
2013,NUMBER,kalinovik,M,no_education,11
2013,NUMBER,kalinovik,F,no_education,147
2013,NUMBER,knezevo,_T,no_education,1390
2013,NUMBER,knezevo,M,no_education,311
2013,NUMBER,knezevo,F,no_education,1079
2013,NUMBER,kozarska_dubica,_T,no_education,984
2013,NUMBER,kozarska_dubica,M,no_education,154
2013,NUMBER,kozarska_dubica,F,no_education,830
2013,NUMBER,kostajnica,_T,no_education,163
2013,NUMBER,kostajnica,M,no_education,28
2013,NUMBER,kostajnica,F,no_education,135
2013,NUMBER,kotor_varos,_T,no_education,1503
2013,NUMBER,kotor_varos,M,no_education,282
2013,NUMBER,kotor_varos,F,no_education,1221
2013,NUMBER,krupa_na_uni,_T,no_education,157
2013,NUMBER,krupa_na_uni,M,no_education,19
2013,NUMBER,krupa_na_uni,F,no_education,138
2013,NUMBER,kupres,_T,no_education,103
2013,NUMBER,kupres,M,no_education,33
2013,NUMBER,kupres,F,no_education,70
2013,NUMBER,laktasi,_T,no_education,1363
2013,NUMBER,laktasi,M,no_education,229
2013,NUMBER,laktasi,F,no_education,1134
2013,NUMBER,lopare,_T,no_education,1235
2013,NUMBER,lopare,M,no_education,243
2013,NUMBER,lopare,F,no_education,992
2013,NUMBER,ljubinje,_T,no_education,110
2013,NUMBER,ljubinje,M,no_education,12
2013,NUMBER,ljubinje,F,no_education,98
2013,NUMBER,milici,_T,no_education,643
2013,NUMBER,milici,M,no_education,96
2013,NUMBER,milici,F,no_education,547
2013,NUMBER,modrica,_T,no_education,1278
2013,NUMBER,modrica,M,no_education,241
2013,NUMBER,modrica,F,no_education,1037
2013,NUMBER,mrkonjic_grad,_T,no_education,1462
2013,NUMBER,mrkonjic_grad,M,no_education,213
2013,NUMBER,mrkonjic_grad,F,no_education,1249
2013,NUMBER,nevesinje,_T,no_education,545
2013,NUMBER,nevesinje,M,no_education,56
2013,NUMBER,nevesinje,F,no_education,489
2013,NUMBER,novi_grad,_T,no_education,1036
2013,NUMBER,novi_grad,M,no_education,171
2013,NUMBER,novi_grad,F,no_education,865
2013,NUMBER,novo_gorazde,_T,no_education,127
2013,NUMBER,novo_gorazde,M,no_education,21
2013,NUMBER,novo_gorazde,F,no_education,106
2013,NUMBER,osmaci,_T,no_education,397
2013,NUMBER,osmaci,M,no_education,62
2013,NUMBER,osmaci,F,no_education,335
2013,NUMBER,ostra_luka,_T,no_education,247
2013,NUMBER,ostra_luka,M,no_education,43
2013,NUMBER,ostra_luka,F,no_education,204
2013,NUMBER,pale,_T,no_education,606
2013,NUMBER,pale,M,no_education,80
2013,NUMBER,pale,F,no_education,526
2013,NUMBER,pelagicevo,_T,no_education,290
2013,NUMBER,pelagicevo,M,no_education,46
2013,NUMBER,pelagicevo,F,no_education,244
2013,NUMBER,petrovac,_T,no_education,11
2013,NUMBER,petrovac,M,no_education,0
2013,NUMBER,petrovac,F,no_education,11
2013,NUMBER,petrovo,_T,no_education,403
2013,NUMBER,petrovo,M,no_education,48
2013,NUMBER,petrovo,F,no_education,355
2013,NUMBER,grad_prijedor,_T,no_education,3918
2013,NUMBER,grad_prijedor,M,no_education,760
2013,NUMBER,grad_prijedor,F,no_education,3158
2013,NUMBER,prnjavor,_T,no_education,2654
2013,NUMBER,prnjavor,M,no_education,391
2013,NUMBER,prnjavor,F,no_education,2263
2013,NUMBER,ribnik,_T,no_education,680
2013,NUMBER,ribnik,M,no_education,118
2013,NUMBER,ribnik,F,no_education,562
2013,NUMBER,rogatica,_T,no_education,633
2013,NUMBER,rogatica,M,no_education,89
2013,NUMBER,rogatica,F,no_education,544
2013,NUMBER,rudo,_T,no_education,279
2013,NUMBER,rudo,M,no_education,38
2013,NUMBER,rudo,F,no_education,241
2013,NUMBER,sokolac,_T,no_education,392
2013,NUMBER,sokolac,M,no_education,52
2013,NUMBER,sokolac,F,no_education,340
2013,NUMBER,srbac,_T,no_education,1115
2013,NUMBER,srbac,M,no_education,235
2013,NUMBER,srbac,F,no_education,880
2013,NUMBER,srebrenica,_T,no_education,852
2013,NUMBER,srebrenica,M,no_education,105
2013,NUMBER,srebrenica,F,no_education,747
2013,NUMBER,teslic,_T,no_education,3299
2013,NUMBER,teslic,M,no_education,471
2013,NUMBER,teslic,F,no_education,2828
2013,NUMBER,grad_trebinje,_T,no_education,382
2013,NUMBER,grad_trebinje,M,no_education,44
2013,NUMBER,grad_trebinje,F,no_education,338
2013,NUMBER,trnovo,_T,no_education,143
2013,NUMBER,trnovo,M,no_education,14
2013,NUMBER,trnovo,F,no_education,129
2013,NUMBER,ugljevik,_T,no_education,856
2013,NUMBER,ugljevik,M,no_education,135
2013,NUMBER,ugljevik,F,no_education,721
2013,NUMBER,foca,_T,no_education,775
2013,NUMBER,foca,M,no_education,92
2013,NUMBER,foca,F,no_education,683
2013,NUMBER,han_pijesak,_T,no_education,198
2013,NUMBER,han_pijesak,M,no_education,22
2013,NUMBER,han_pijesak,F,no_education,176
2013,NUMBER,cajnice,_T,no_education,224
2013,NUMBER,cajnice,M,no_education,31
2013,NUMBER,cajnice,F,no_education,193
2013,NUMBER,celinac,_T,no_education,832
2013,NUMBER,celinac,M,no_education,109
2013,NUMBER,celinac,F,no_education,723
2013,NUMBER,samac,_T,no_education,627
2013,NUMBER,samac,M,no_education,90
2013,NUMBER,samac,F,no_education,537
2013,NUMBER,sekovici,_T,no_education,655
2013,NUMBER,sekovici,M,no_education,120
2013,NUMBER,sekovici,F,no_education,535
2013,NUMBER,sipovo,_T,no_education,732
2013,NUMBER,sipovo,M,no_education,120
2013,NUMBER,sipovo,F,no_education,612
2013,NUMBER,republika_srpska,_T,incomplete_elementary,97022
2013,NUMBER,republika_srpska,M,incomplete_elementary,33465
2013,NUMBER,republika_srpska,F,incomplete_elementary,63557
2013,NUMBER,grad_banja_luka,_T,incomplete_elementary,6483
2013,NUMBER,grad_banja_luka,M,incomplete_elementary,2117
2013,NUMBER,grad_banja_luka,F,incomplete_elementary,4366
2013,NUMBER,berkovici,_T,incomplete_elementary,229
2013,NUMBER,berkovici,M,incomplete_elementary,74
2013,NUMBER,berkovici,F,incomplete_elementary,155
2013,NUMBER,grad_bijeljina,_T,incomplete_elementary,10740
2013,NUMBER,grad_bijeljina,M,incomplete_elementary,3999
2013,NUMBER,grad_bijeljina,F,incomplete_elementary,6741
2013,NUMBER,bileca,_T,incomplete_elementary,747
2013,NUMBER,bileca,M,incomplete_elementary,187
2013,NUMBER,bileca,F,incomplete_elementary,560
2013,NUMBER,bratunac,_T,incomplete_elementary,1364
2013,NUMBER,bratunac,M,incomplete_elementary,395
2013,NUMBER,bratunac,F,incomplete_elementary,969
2013,NUMBER,brod,_T,incomplete_elementary,1241
2013,NUMBER,brod,M,incomplete_elementary,328
2013,NUMBER,brod,F,incomplete_elementary,913
2013,NUMBER,visegrad,_T,incomplete_elementary,783
2013,NUMBER,visegrad,M,incomplete_elementary,203
2013,NUMBER,visegrad,F,incomplete_elementary,580
2013,NUMBER,vlasenica,_T,incomplete_elementary,758
2013,NUMBER,vlasenica,M,incomplete_elementary,243
2013,NUMBER,vlasenica,F,incomplete_elementary,515
2013,NUMBER,vukosavlje,_T,incomplete_elementary,719
2013,NUMBER,vukosavlje,M,incomplete_elementary,300
2013,NUMBER,vukosavlje,F,incomplete_elementary,419
2013,NUMBER,gacko,_T,incomplete_elementary,496
2013,NUMBER,gacko,M,incomplete_elementary,135
2013,NUMBER,gacko,F,incomplete_elementary,361
2013,NUMBER,grad_gradiska,_T,incomplete_elementary,4821
2013,NUMBER,grad_gradiska,M,incomplete_elementary,1832
2013,NUMBER,grad_gradiska,F,incomplete_elementary,2989
2013,NUMBER,grad_derventa,_T,incomplete_elementary,2759
2013,NUMBER,grad_derventa,M,incomplete_elementary,1030
2013,NUMBER,grad_derventa,F,incomplete_elementary,1729
2013,NUMBER,grad_doboj,_T,incomplete_elementary,6019
2013,NUMBER,grad_doboj,M,incomplete_elementary,1823
2013,NUMBER,grad_doboj,F,incomplete_elementary,4196
2013,NUMBER,donji_zabar,_T,incomplete_elementary,707
2013,NUMBER,donji_zabar,M,incomplete_elementary,304
2013,NUMBER,donji_zabar,F,incomplete_elementary,403
2013,NUMBER,grad_zvornik,_T,incomplete_elementary,4702
2013,NUMBER,grad_zvornik,M,incomplete_elementary,1472
2013,NUMBER,grad_zvornik,F,incomplete_elementary,3230
2013,NUMBER,istocna_ilidza,_T,incomplete_elementary,550
2013,NUMBER,istocna_ilidza,M,incomplete_elementary,65
2013,NUMBER,istocna_ilidza,F,incomplete_elementary,485
2013,NUMBER,istocni_drvar,_T,incomplete_elementary,6
2013,NUMBER,istocni_drvar,M,incomplete_elementary,4
2013,NUMBER,istocni_drvar,F,incomplete_elementary,2
2013,NUMBER,istocni_mostar,_T,incomplete_elementary,41
2013,NUMBER,istocni_mostar,M,incomplete_elementary,21
2013,NUMBER,istocni_mostar,F,incomplete_elementary,20
2013,NUMBER,istocni_stari_grad,_T,incomplete_elementary,133
2013,NUMBER,istocni_stari_grad,M,incomplete_elementary,29
2013,NUMBER,istocni_stari_grad,F,incomplete_elementary,104
2013,NUMBER,istocno_novo_sarajevo,_T,incomplete_elementary,454
2013,NUMBER,istocno_novo_sarajevo,M,incomplete_elementary,89
2013,NUMBER,istocno_novo_sarajevo,F,incomplete_elementary,365
2013,NUMBER,jezero,_T,incomplete_elementary,105
2013,NUMBER,jezero,M,incomplete_elementary,39
2013,NUMBER,jezero,F,incomplete_elementary,66
2013,NUMBER,kalinovik,_T,incomplete_elementary,175
2013,NUMBER,kalinovik,M,incomplete_elementary,48
2013,NUMBER,kalinovik,F,incomplete_elementary,127
2013,NUMBER,knezevo,_T,incomplete_elementary,752
2013,NUMBER,knezevo,M,incomplete_elementary,318
2013,NUMBER,knezevo,F,incomplete_elementary,434
2013,NUMBER,kozarska_dubica,_T,incomplete_elementary,1894
2013,NUMBER,kozarska_dubica,M,incomplete_elementary,683
2013,NUMBER,kozarska_dubica,F,incomplete_elementary,1211
2013,NUMBER,kostajnica,_T,incomplete_elementary,387
2013,NUMBER,kostajnica,M,incomplete_elementary,132
2013,NUMBER,kostajnica,F,incomplete_elementary,255
2013,NUMBER,kotor_varos,_T,incomplete_elementary,1183
2013,NUMBER,kotor_varos,M,incomplete_elementary,391
2013,NUMBER,kotor_varos,F,incomplete_elementary,792
2013,NUMBER,krupa_na_uni,_T,incomplete_elementary,316
2013,NUMBER,krupa_na_uni,M,incomplete_elementary,165
2013,NUMBER,krupa_na_uni,F,incomplete_elementary,151
2013,NUMBER,kupres,_T,incomplete_elementary,19
2013,NUMBER,kupres,M,incomplete_elementary,9
2013,NUMBER,kupres,F,incomplete_elementary,10
2013,NUMBER,laktasi,_T,incomplete_elementary,2504
2013,NUMBER,laktasi,M,incomplete_elementary,946
2013,NUMBER,laktasi,F,incomplete_elementary,1558
2013,NUMBER,lopare,_T,incomplete_elementary,2118
2013,NUMBER,lopare,M,incomplete_elementary,943
2013,NUMBER,lopare,F,incomplete_elementary,1175
2013,NUMBER,ljubinje,_T,incomplete_elementary,275
2013,NUMBER,ljubinje,M,incomplete_elementary,64
2013,NUMBER,ljubinje,F,incomplete_elementary,211
2013,NUMBER,milici,_T,incomplete_elementary,729
2013,NUMBER,milici,M,incomplete_elementary,217
2013,NUMBER,milici,F,incomplete_elementary,512
2013,NUMBER,modrica,_T,incomplete_elementary,2912
2013,NUMBER,modrica,M,incomplete_elementary,1049
2013,NUMBER,modrica,F,incomplete_elementary,1863
2013,NUMBER,mrkonjic_grad,_T,incomplete_elementary,1769
2013,NUMBER,mrkonjic_grad,M,incomplete_elementary,777
2013,NUMBER,mrkonjic_grad,F,incomplete_elementary,992
2013,NUMBER,nevesinje,_T,incomplete_elementary,1048
2013,NUMBER,nevesinje,M,incomplete_elementary,265
2013,NUMBER,nevesinje,F,incomplete_elementary,783
2013,NUMBER,novi_grad,_T,incomplete_elementary,2172
2013,NUMBER,novi_grad,M,incomplete_elementary,757
2013,NUMBER,novi_grad,F,incomplete_elementary,1415
2013,NUMBER,novo_gorazde,_T,incomplete_elementary,162
2013,NUMBER,novo_gorazde,M,incomplete_elementary,52
2013,NUMBER,novo_gorazde,F,incomplete_elementary,110
2013,NUMBER,osmaci,_T,incomplete_elementary,552
2013,NUMBER,osmaci,M,incomplete_elementary,172
2013,NUMBER,osmaci,F,incomplete_elementary,380
2013,NUMBER,ostra_luka,_T,incomplete_elementary,352
2013,NUMBER,ostra_luka,M,incomplete_elementary,154
2013,NUMBER,ostra_luka,F,incomplete_elementary,198
2013,NUMBER,pale,_T,incomplete_elementary,986
2013,NUMBER,pale,M,incomplete_elementary,214
2013,NUMBER,pale,F,incomplete_elementary,772
2013,NUMBER,pelagicevo,_T,incomplete_elementary,1081
2013,NUMBER,pelagicevo,M,incomplete_elementary,459
2013,NUMBER,pelagicevo,F,incomplete_elementary,622
2013,NUMBER,petrovac,_T,incomplete_elementary,28
2013,NUMBER,petrovac,M,incomplete_elementary,4
2013,NUMBER,petrovac,F,incomplete_elementary,24
2013,NUMBER,petrovo,_T,incomplete_elementary,733
2013,NUMBER,petrovo,M,incomplete_elementary,180
2013,NUMBER,petrovo,F,incomplete_elementary,553
2013,NUMBER,grad_prijedor,_T,incomplete_elementary,6219
2013,NUMBER,grad_prijedor,M,incomplete_elementary,1948
2013,NUMBER,grad_prijedor,F,incomplete_elementary,4271
2013,NUMBER,prnjavor,_T,incomplete_elementary,4458
2013,NUMBER,prnjavor,M,incomplete_elementary,1948
2013,NUMBER,prnjavor,F,incomplete_elementary,2510
2013,NUMBER,ribnik,_T,incomplete_elementary,641
2013,NUMBER,ribnik,M,incomplete_elementary,249
2013,NUMBER,ribnik,F,incomplete_elementary,392
2013,NUMBER,rogatica,_T,incomplete_elementary,799
2013,NUMBER,rogatica,M,incomplete_elementary,239
2013,NUMBER,rogatica,F,incomplete_elementary,560
2013,NUMBER,rudo,_T,incomplete_elementary,719
2013,NUMBER,rudo,M,incomplete_elementary,197
2013,NUMBER,rudo,F,incomplete_elementary,522
2013,NUMBER,sokolac,_T,incomplete_elementary,747
2013,NUMBER,sokolac,M,incomplete_elementary,207
2013,NUMBER,sokolac,F,incomplete_elementary,540
2013,NUMBER,srbac,_T,incomplete_elementary,2023
2013,NUMBER,srbac,M,incomplete_elementary,857
2013,NUMBER,srbac,F,incomplete_elementary,1166
2013,NUMBER,srebrenica,_T,incomplete_elementary,1086
2013,NUMBER,srebrenica,M,incomplete_elementary,308
2013,NUMBER,srebrenica,F,incomplete_elementary,778
2013,NUMBER,teslic,_T,incomplete_elementary,4433
2013,NUMBER,teslic,M,incomplete_elementary,1551
2013,NUMBER,teslic,F,incomplete_elementary,2882
2013,NUMBER,grad_trebinje,_T,incomplete_elementary,1156
2013,NUMBER,grad_trebinje,M,incomplete_elementary,210
2013,NUMBER,grad_trebinje,F,incomplete_elementary,946
2013,NUMBER,trnovo,_T,incomplete_elementary,151
2013,NUMBER,trnovo,M,incomplete_elementary,36
2013,NUMBER,trnovo,F,incomplete_elementary,115
2013,NUMBER,ugljevik,_T,incomplete_elementary,1829
2013,NUMBER,ugljevik,M,incomplete_elementary,734
2013,NUMBER,ugljevik,F,incomplete_elementary,1095
2013,NUMBER,foca,_T,incomplete_elementary,1301
2013,NUMBER,foca,M,incomplete_elementary,346
2013,NUMBER,foca,F,incomplete_elementary,955
2013,NUMBER,han_pijesak,_T,incomplete_elementary,258
2013,NUMBER,han_pijesak,M,incomplete_elementary,61
2013,NUMBER,han_pijesak,F,incomplete_elementary,197
2013,NUMBER,cajnice,_T,incomplete_elementary,474
2013,NUMBER,cajnice,M,incomplete_elementary,149
2013,NUMBER,cajnice,F,incomplete_elementary,325
2013,NUMBER,celinac,_T,incomplete_elementary,1317
2013,NUMBER,celinac,M,incomplete_elementary,474
2013,NUMBER,celinac,F,incomplete_elementary,843
2013,NUMBER,samac,_T,incomplete_elementary,2046
2013,NUMBER,samac,M,incomplete_elementary,731
2013,NUMBER,samac,F,incomplete_elementary,1315
2013,NUMBER,sekovici,_T,incomplete_elementary,453
2013,NUMBER,sekovici,M,incomplete_elementary,181
2013,NUMBER,sekovici,F,incomplete_elementary,272
2013,NUMBER,sipovo,_T,incomplete_elementary,908
2013,NUMBER,sipovo,M,incomplete_elementary,351
2013,NUMBER,sipovo,F,incomplete_elementary,557
2013,NUMBER,republika_srpska,_T,elementary_education,212834
2013,NUMBER,republika_srpska,M,elementary_education,95682
2013,NUMBER,republika_srpska,F,elementary_education,117152
2013,NUMBER,grad_banja_luka,_T,elementary_education,23011
2013,NUMBER,grad_banja_luka,M,elementary_education,9927
2013,NUMBER,grad_banja_luka,F,elementary_education,13084
2013,NUMBER,berkovici,_T,elementary_education,430
2013,NUMBER,berkovici,M,elementary_education,221
2013,NUMBER,berkovici,F,elementary_education,209
2013,NUMBER,grad_bijeljina,_T,elementary_education,18771
2013,NUMBER,grad_bijeljina,M,elementary_education,8590
2013,NUMBER,grad_bijeljina,F,elementary_education,10181
2013,NUMBER,bileca,_T,elementary_education,1951
2013,NUMBER,bileca,M,elementary_education,867
2013,NUMBER,bileca,F,elementary_education,1084
2013,NUMBER,bratunac,_T,elementary_education,3893
2013,NUMBER,bratunac,M,elementary_education,1769
2013,NUMBER,bratunac,F,elementary_education,2124
2013,NUMBER,brod,_T,elementary_education,2986
2013,NUMBER,brod,M,elementary_education,1248
2013,NUMBER,brod,F,elementary_education,1738
2013,NUMBER,visegrad,_T,elementary_education,1626
2013,NUMBER,visegrad,M,elementary_education,593
2013,NUMBER,visegrad,F,elementary_education,1033
2013,NUMBER,vlasenica,_T,elementary_education,2268
2013,NUMBER,vlasenica,M,elementary_education,993
2013,NUMBER,vlasenica,F,elementary_education,1275
2013,NUMBER,vukosavlje,_T,elementary_education,999
2013,NUMBER,vukosavlje,M,elementary_education,472
2013,NUMBER,vukosavlje,F,elementary_education,527
2013,NUMBER,gacko,_T,elementary_education,1356
2013,NUMBER,gacko,M,elementary_education,530
2013,NUMBER,gacko,F,elementary_education,826
2013,NUMBER,grad_gradiska,_T,elementary_education,9626
2013,NUMBER,grad_gradiska,M,elementary_education,4493
2013,NUMBER,grad_gradiska,F,elementary_education,5133
2013,NUMBER,grad_derventa,_T,elementary_education,5260
2013,NUMBER,grad_derventa,M,elementary_education,2463
2013,NUMBER,grad_derventa,F,elementary_education,2797
2013,NUMBER,grad_doboj,_T,elementary_education,13403
2013,NUMBER,grad_doboj,M,elementary_education,5750
2013,NUMBER,grad_doboj,F,elementary_education,7653
2013,NUMBER,donji_zabar,_T,elementary_education,815
2013,NUMBER,donji_zabar,M,elementary_education,408
2013,NUMBER,donji_zabar,F,elementary_education,407
2013,NUMBER,grad_zvornik,_T,elementary_education,11440
2013,NUMBER,grad_zvornik,M,elementary_education,5163
2013,NUMBER,grad_zvornik,F,elementary_education,6277
2013,NUMBER,istocna_ilidza,_T,elementary_education,1676
2013,NUMBER,istocna_ilidza,M,elementary_education,519
2013,NUMBER,istocna_ilidza,F,elementary_education,1157
2013,NUMBER,istocni_drvar,_T,elementary_education,9
2013,NUMBER,istocni_drvar,M,elementary_education,2
2013,NUMBER,istocni_drvar,F,elementary_education,7
2013,NUMBER,istocni_mostar,_T,elementary_education,38
2013,NUMBER,istocni_mostar,M,elementary_education,24
2013,NUMBER,istocni_mostar,F,elementary_education,14
2013,NUMBER,istocni_stari_grad,_T,elementary_education,166
2013,NUMBER,istocni_stari_grad,M,elementary_education,75
2013,NUMBER,istocni_stari_grad,F,elementary_education,91
2013,NUMBER,istocno_novo_sarajevo,_T,elementary_education,1087
2013,NUMBER,istocno_novo_sarajevo,M,elementary_education,356
2013,NUMBER,istocno_novo_sarajevo,F,elementary_education,731
2013,NUMBER,jezero,_T,elementary_education,236
2013,NUMBER,jezero,M,elementary_education,109
2013,NUMBER,jezero,F,elementary_education,127
2013,NUMBER,kalinovik,_T,elementary_education,334
2013,NUMBER,kalinovik,M,elementary_education,122
2013,NUMBER,kalinovik,F,elementary_education,212
2013,NUMBER,knezevo,_T,elementary_education,1918
2013,NUMBER,knezevo,M,elementary_education,990
2013,NUMBER,knezevo,F,elementary_education,928
2013,NUMBER,kozarska_dubica,_T,elementary_education,3921
2013,NUMBER,kozarska_dubica,M,elementary_education,1839
2013,NUMBER,kozarska_dubica,F,elementary_education,2082
2013,NUMBER,kostajnica,_T,elementary_education,1117
2013,NUMBER,kostajnica,M,elementary_education,486
2013,NUMBER,kostajnica,F,elementary_education,631
2013,NUMBER,kotor_varos,_T,elementary_education,3809
2013,NUMBER,kotor_varos,M,elementary_education,1797
2013,NUMBER,kotor_varos,F,elementary_education,2012
2013,NUMBER,krupa_na_uni,_T,elementary_education,524
2013,NUMBER,krupa_na_uni,M,elementary_education,317
2013,NUMBER,krupa_na_uni,F,elementary_education,207
2013,NUMBER,kupres,_T,elementary_education,53
2013,NUMBER,kupres,M,elementary_education,33
2013,NUMBER,kupres,F,elementary_education,20
2013,NUMBER,laktasi,_T,elementary_education,6602
2013,NUMBER,laktasi,M,elementary_education,3078
2013,NUMBER,laktasi,F,elementary_education,3524
2013,NUMBER,lopare,_T,elementary_education,3267
2013,NUMBER,lopare,M,elementary_education,1670
2013,NUMBER,lopare,F,elementary_education,1597
2013,NUMBER,ljubinje,_T,elementary_education,619
2013,NUMBER,ljubinje,M,elementary_education,261
2013,NUMBER,ljubinje,F,elementary_education,358
2013,NUMBER,milici,_T,elementary_education,2387
2013,NUMBER,milici,M,elementary_education,1038
2013,NUMBER,milici,F,elementary_education,1349
2013,NUMBER,modrica,_T,elementary_education,5255
2013,NUMBER,modrica,M,elementary_education,2469
2013,NUMBER,modrica,F,elementary_education,2786
2013,NUMBER,mrkonjic_grad,_T,elementary_education,2720
2013,NUMBER,mrkonjic_grad,M,elementary_education,1373
2013,NUMBER,mrkonjic_grad,F,elementary_education,1347
2013,NUMBER,nevesinje,_T,elementary_education,2193
2013,NUMBER,nevesinje,M,elementary_education,961
2013,NUMBER,nevesinje,F,elementary_education,1232
2013,NUMBER,novi_grad,_T,elementary_education,5660
2013,NUMBER,novi_grad,M,elementary_education,2691
2013,NUMBER,novi_grad,F,elementary_education,2969
2013,NUMBER,novo_gorazde,_T,elementary_education,612
2013,NUMBER,novo_gorazde,M,elementary_education,229
2013,NUMBER,novo_gorazde,F,elementary_education,383
2013,NUMBER,osmaci,_T,elementary_education,1146
2013,NUMBER,osmaci,M,elementary_education,495
2013,NUMBER,osmaci,F,elementary_education,651
2013,NUMBER,ostra_luka,_T,elementary_education,648
2013,NUMBER,ostra_luka,M,elementary_education,348
2013,NUMBER,ostra_luka,F,elementary_education,300
2013,NUMBER,pale,_T,elementary_education,2570
2013,NUMBER,pale,M,elementary_education,935
2013,NUMBER,pale,F,elementary_education,1635
2013,NUMBER,pelagicevo,_T,elementary_education,1081
2013,NUMBER,pelagicevo,M,elementary_education,586
2013,NUMBER,pelagicevo,F,elementary_education,495
2013,NUMBER,petrovac,_T,elementary_education,57
2013,NUMBER,petrovac,M,elementary_education,23
2013,NUMBER,petrovac,F,elementary_education,34
2013,NUMBER,petrovo,_T,elementary_education,1114
2013,NUMBER,petrovo,M,elementary_education,464
2013,NUMBER,petrovo,F,elementary_education,650
2013,NUMBER,grad_prijedor,_T,elementary_education,15121
2013,NUMBER,grad_prijedor,M,elementary_education,6682
2013,NUMBER,grad_prijedor,F,elementary_education,8439
2013,NUMBER,prnjavor,_T,elementary_education,7504
2013,NUMBER,prnjavor,M,elementary_education,3697
2013,NUMBER,prnjavor,F,elementary_education,3807
2013,NUMBER,ribnik,_T,elementary_education,1275
2013,NUMBER,ribnik,M,elementary_education,651
2013,NUMBER,ribnik,F,elementary_education,624
2013,NUMBER,rogatica,_T,elementary_education,1761
2013,NUMBER,rogatica,M,elementary_education,717
2013,NUMBER,rogatica,F,elementary_education,1044
2013,NUMBER,rudo,_T,elementary_education,1332
2013,NUMBER,rudo,M,elementary_education,514
2013,NUMBER,rudo,F,elementary_education,818
2013,NUMBER,sokolac,_T,elementary_education,1790
2013,NUMBER,sokolac,M,elementary_education,720
2013,NUMBER,sokolac,F,elementary_education,1070
2013,NUMBER,srbac,_T,elementary_education,3740
2013,NUMBER,srbac,M,elementary_education,1843
2013,NUMBER,srbac,F,elementary_education,1897
2013,NUMBER,srebrenica,_T,elementary_education,2494
2013,NUMBER,srebrenica,M,elementary_education,1115
2013,NUMBER,srebrenica,F,elementary_education,1379
2013,NUMBER,teslic,_T,elementary_education,7412
2013,NUMBER,teslic,M,elementary_education,3540
2013,NUMBER,teslic,F,elementary_education,3872
2013,NUMBER,grad_trebinje,_T,elementary_education,3757
2013,NUMBER,grad_trebinje,M,elementary_education,1267
2013,NUMBER,grad_trebinje,F,elementary_education,2490
2013,NUMBER,trnovo,_T,elementary_education,342
2013,NUMBER,trnovo,M,elementary_education,106
2013,NUMBER,trnovo,F,elementary_education,236
2013,NUMBER,ugljevik,_T,elementary_education,2942
2013,NUMBER,ugljevik,M,elementary_education,1398
2013,NUMBER,ugljevik,F,elementary_education,1544
2013,NUMBER,foca,_T,elementary_education,2975
2013,NUMBER,foca,M,elementary_education,1305
2013,NUMBER,foca,F,elementary_education,1670
2013,NUMBER,han_pijesak,_T,elementary_education,686
2013,NUMBER,han_pijesak,M,elementary_education,275
2013,NUMBER,han_pijesak,F,elementary_education,411
2013,NUMBER,cajnice,_T,elementary_education,981
2013,NUMBER,cajnice,M,elementary_education,436
2013,NUMBER,cajnice,F,elementary_education,545
2013,NUMBER,celinac,_T,elementary_education,3312
2013,NUMBER,celinac,M,elementary_education,1626
2013,NUMBER,celinac,F,elementary_education,1686
2013,NUMBER,samac,_T,elementary_education,3511
2013,NUMBER,samac,M,elementary_education,1521
2013,NUMBER,samac,F,elementary_education,1990
2013,NUMBER,sekovici,_T,elementary_education,1397
2013,NUMBER,sekovici,M,elementary_education,610
2013,NUMBER,sekovici,F,elementary_education,787
2013,NUMBER,sipovo,_T,elementary_education,1848
2013,NUMBER,sipovo,M,elementary_education,882
2013,NUMBER,sipovo,F,elementary_education,966
2013,NUMBER,republika_srpska,_T,secondary_education,508414
2013,NUMBER,republika_srpska,M,secondary_education,280747
2013,NUMBER,republika_srpska,F,secondary_education,227667
2013,NUMBER,grad_banja_luka,_T,secondary_education,83044
2013,NUMBER,grad_banja_luka,M,secondary_education,42327
2013,NUMBER,grad_banja_luka,F,secondary_education,40717
2013,NUMBER,berkovici,_T,secondary_education,771
2013,NUMBER,berkovici,M,secondary_education,446
2013,NUMBER,berkovici,F,secondary_education,325
2013,NUMBER,grad_bijeljina,_T,secondary_education,43231
2013,NUMBER,grad_bijeljina,M,secondary_education,23560
2013,NUMBER,grad_bijeljina,F,secondary_education,19671
2013,NUMBER,bileca,_T,secondary_education,4799
2013,NUMBER,bileca,M,secondary_education,2692
2013,NUMBER,bileca,F,secondary_education,2107
2013,NUMBER,bratunac,_T,secondary_education,7868
2013,NUMBER,bratunac,M,secondary_education,4649
2013,NUMBER,bratunac,F,secondary_education,3219
2013,NUMBER,brod,_T,secondary_education,7331
2013,NUMBER,brod,M,secondary_education,4080
2013,NUMBER,brod,F,secondary_education,3251
2013,NUMBER,visegrad,_T,secondary_education,4635
2013,NUMBER,visegrad,M,secondary_education,2672
2013,NUMBER,visegrad,F,secondary_education,1963
2013,NUMBER,vlasenica,_T,secondary_education,4607
2013,NUMBER,vlasenica,M,secondary_education,2596
2013,NUMBER,vlasenica,F,secondary_education,2011
2013,NUMBER,vukosavlje,_T,secondary_education,1504
2013,NUMBER,vukosavlje,M,secondary_education,919
2013,NUMBER,vukosavlje,F,secondary_education,585
2013,NUMBER,gacko,_T,secondary_education,3801
2013,NUMBER,gacko,M,secondary_education,2151
2013,NUMBER,gacko,F,secondary_education,1650
2013,NUMBER,grad_gradiska,_T,secondary_education,21633
2013,NUMBER,grad_gradiska,M,secondary_education,11815
2013,NUMBER,grad_gradiska,F,secondary_education,9818
2013,NUMBER,grad_derventa,_T,secondary_education,10884
2013,NUMBER,grad_derventa,M,secondary_education,6033
2013,NUMBER,grad_derventa,F,secondary_education,4851
2013,NUMBER,grad_doboj,_T,secondary_education,29051
2013,NUMBER,grad_doboj,M,secondary_education,16192
2013,NUMBER,grad_doboj,F,secondary_education,12859
2013,NUMBER,donji_zabar,_T,secondary_education,1261
2013,NUMBER,donji_zabar,M,secondary_education,739
2013,NUMBER,donji_zabar,F,secondary_education,522
2013,NUMBER,grad_zvornik,_T,secondary_education,21815
2013,NUMBER,grad_zvornik,M,secondary_education,12776
2013,NUMBER,grad_zvornik,F,secondary_education,9039
2013,NUMBER,istocna_ilidza,_T,secondary_education,7474
2013,NUMBER,istocna_ilidza,M,secondary_education,4082
2013,NUMBER,istocna_ilidza,F,secondary_education,3392
2013,NUMBER,istocni_drvar,_T,secondary_education,29
2013,NUMBER,istocni_drvar,M,secondary_education,24
2013,NUMBER,istocni_drvar,F,secondary_education,5
2013,NUMBER,istocni_mostar,_T,secondary_education,99
2013,NUMBER,istocni_mostar,M,secondary_education,65
2013,NUMBER,istocni_mostar,F,secondary_education,34
2013,NUMBER,istocni_stari_grad,_T,secondary_education,548
2013,NUMBER,istocni_stari_grad,M,secondary_education,329
2013,NUMBER,istocni_stari_grad,F,secondary_education,219
2013,NUMBER,istocno_novo_sarajevo,_T,secondary_education,5073
2013,NUMBER,istocno_novo_sarajevo,M,secondary_education,2656
2013,NUMBER,istocno_novo_sarajevo,F,secondary_education,2417
2013,NUMBER,jezero,_T,secondary_education,435
2013,NUMBER,jezero,M,secondary_education,273
2013,NUMBER,jezero,F,secondary_education,162
2013,NUMBER,kalinovik,_T,secondary_education,881
2013,NUMBER,kalinovik,M,secondary_education,551
2013,NUMBER,kalinovik,F,secondary_education,330
2013,NUMBER,knezevo,_T,secondary_education,3485
2013,NUMBER,knezevo,M,secondary_education,2026
2013,NUMBER,knezevo,F,secondary_education,1459
2013,NUMBER,kozarska_dubica,_T,secondary_education,9698
2013,NUMBER,kozarska_dubica,M,secondary_education,5259
2013,NUMBER,kozarska_dubica,F,secondary_education,4439
2013,NUMBER,kostajnica,_T,secondary_education,2798
2013,NUMBER,kostajnica,M,secondary_education,1545
2013,NUMBER,kostajnica,F,secondary_education,1253
2013,NUMBER,kotor_varos,_T,secondary_education,7807
2013,NUMBER,kotor_varos,M,secondary_education,4380
2013,NUMBER,kotor_varos,F,secondary_education,3427
2013,NUMBER,krupa_na_uni,_T,secondary_education,355
2013,NUMBER,krupa_na_uni,M,secondary_education,236
2013,NUMBER,krupa_na_uni,F,secondary_education,119
2013,NUMBER,kupres,_T,secondary_education,84
2013,NUMBER,kupres,M,secondary_education,59
2013,NUMBER,kupres,F,secondary_education,25
2013,NUMBER,laktasi,_T,secondary_education,15658
2013,NUMBER,laktasi,M,secondary_education,8480
2013,NUMBER,laktasi,F,secondary_education,7178
2013,NUMBER,lopare,_T,secondary_education,5477
2013,NUMBER,lopare,M,secondary_education,3169
2013,NUMBER,lopare,F,secondary_education,2308
2013,NUMBER,ljubinje,_T,secondary_education,1432
2013,NUMBER,ljubinje,M,secondary_education,800
2013,NUMBER,ljubinje,F,secondary_education,632
2013,NUMBER,milici,_T,secondary_education,4441
2013,NUMBER,milici,M,secondary_education,2743
2013,NUMBER,milici,F,secondary_education,1698
2013,NUMBER,modrica,_T,secondary_education,9850
2013,NUMBER,modrica,M,secondary_education,5470
2013,NUMBER,modrica,F,secondary_education,4380
2013,NUMBER,mrkonjic_grad,_T,secondary_education,6479
2013,NUMBER,mrkonjic_grad,M,secondary_education,3500
2013,NUMBER,mrkonjic_grad,F,secondary_education,2979
2013,NUMBER,nevesinje,_T,secondary_education,5592
2013,NUMBER,nevesinje,M,secondary_education,3261
2013,NUMBER,nevesinje,F,secondary_education,2331
2013,NUMBER,novi_grad,_T,secondary_education,11197
2013,NUMBER,novi_grad,M,secondary_education,6273
2013,NUMBER,novi_grad,F,secondary_education,4924
2013,NUMBER,novo_gorazde,_T,secondary_education,1533
2013,NUMBER,novo_gorazde,M,secondary_education,952
2013,NUMBER,novo_gorazde,F,secondary_education,581
2013,NUMBER,osmaci,_T,secondary_education,2300
2013,NUMBER,osmaci,M,secondary_education,1406
2013,NUMBER,osmaci,F,secondary_education,894
2013,NUMBER,ostra_luka,_T,secondary_education,954
2013,NUMBER,ostra_luka,M,secondary_education,578
2013,NUMBER,ostra_luka,F,secondary_education,376
2013,NUMBER,pale,_T,secondary_education,10069
2013,NUMBER,pale,M,secondary_education,5373
2013,NUMBER,pale,F,secondary_education,4696
2013,NUMBER,pelagicevo,_T,secondary_education,1264
2013,NUMBER,pelagicevo,M,secondary_education,726
2013,NUMBER,pelagicevo,F,secondary_education,538
2013,NUMBER,petrovac,_T,secondary_education,169
2013,NUMBER,petrovac,M,secondary_education,96
2013,NUMBER,petrovac,F,secondary_education,73
2013,NUMBER,petrovo,_T,secondary_education,2821
2013,NUMBER,petrovo,M,secondary_education,1664
2013,NUMBER,petrovo,F,secondary_education,1157
2013,NUMBER,grad_prijedor,_T,secondary_education,37714
2013,NUMBER,grad_prijedor,M,secondary_education,20808
2013,NUMBER,grad_prijedor,F,secondary_education,16906
2013,NUMBER,prnjavor,_T,secondary_education,12669
2013,NUMBER,prnjavor,M,secondary_education,7015
2013,NUMBER,prnjavor,F,secondary_education,5654
2013,NUMBER,ribnik,_T,secondary_education,2154
2013,NUMBER,ribnik,M,secondary_education,1291
2013,NUMBER,ribnik,F,secondary_education,863
2013,NUMBER,rogatica,_T,secondary_education,4652
2013,NUMBER,rogatica,M,secondary_education,2694
2013,NUMBER,rogatica,F,secondary_education,1958
2013,NUMBER,rudo,_T,secondary_education,3609
2013,NUMBER,rudo,M,secondary_education,2200
2013,NUMBER,rudo,F,secondary_education,1409
2013,NUMBER,sokolac,_T,secondary_education,5543
2013,NUMBER,sokolac,M,secondary_education,3105
2013,NUMBER,sokolac,F,secondary_education,2438
2013,NUMBER,srbac,_T,secondary_education,6472
2013,NUMBER,srbac,M,secondary_education,3466
2013,NUMBER,srbac,F,secondary_education,3006
2013,NUMBER,srebrenica,_T,secondary_education,4716
2013,NUMBER,srebrenica,M,secondary_education,2832
2013,NUMBER,srebrenica,F,secondary_education,1884
2013,NUMBER,teslic,_T,secondary_education,14063
2013,NUMBER,teslic,M,secondary_education,8090
2013,NUMBER,teslic,F,secondary_education,5973
2013,NUMBER,grad_trebinje,_T,secondary_education,13551
2013,NUMBER,grad_trebinje,M,secondary_education,7183
2013,NUMBER,grad_trebinje,F,secondary_education,6368
2013,NUMBER,trnovo,_T,secondary_education,942
2013,NUMBER,trnovo,M,secondary_education,576
2013,NUMBER,trnovo,F,secondary_education,366
2013,NUMBER,ugljevik,_T,secondary_education,6085
2013,NUMBER,ugljevik,M,secondary_education,3558
2013,NUMBER,ugljevik,F,secondary_education,2527
2013,NUMBER,foca,_T,secondary_education,8378
2013,NUMBER,foca,M,secondary_education,4841
2013,NUMBER,foca,F,secondary_education,3537
2013,NUMBER,han_pijesak,_T,secondary_education,1514
2013,NUMBER,han_pijesak,M,secondary_education,846
2013,NUMBER,han_pijesak,F,secondary_education,668
2013,NUMBER,cajnice,_T,secondary_education,1993
2013,NUMBER,cajnice,M,secondary_education,1187
2013,NUMBER,cajnice,F,secondary_education,806
2013,NUMBER,celinac,_T,secondary_education,6411
2013,NUMBER,celinac,M,secondary_education,3550
2013,NUMBER,celinac,F,secondary_education,2861
2013,NUMBER,samac,_T,secondary_education,6680
2013,NUMBER,samac,M,secondary_education,3735
2013,NUMBER,samac,F,secondary_education,2945
2013,NUMBER,sekovici,_T,secondary_education,2601
2013,NUMBER,sekovici,M,secondary_education,1563
2013,NUMBER,sekovici,F,secondary_education,1038
2013,NUMBER,sipovo,_T,secondary_education,4430
2013,NUMBER,sipovo,M,secondary_education,2584
2013,NUMBER,sipovo,F,secondary_education,1846
2013,NUMBER,republika_srpska,_T,secondary_specialization,7618
2013,NUMBER,republika_srpska,M,secondary_specialization,6324
2013,NUMBER,republika_srpska,F,secondary_specialization,1294
2013,NUMBER,grad_banja_luka,_T,secondary_specialization,1552
2013,NUMBER,grad_banja_luka,M,secondary_specialization,1261
2013,NUMBER,grad_banja_luka,F,secondary_specialization,291
2013,NUMBER,berkovici,_T,secondary_specialization,11
2013,NUMBER,berkovici,M,secondary_specialization,11
2013,NUMBER,berkovici,F,secondary_specialization,0
2013,NUMBER,grad_bijeljina,_T,secondary_specialization,564
2013,NUMBER,grad_bijeljina,M,secondary_specialization,485
2013,NUMBER,grad_bijeljina,F,secondary_specialization,79
2013,NUMBER,bileca,_T,secondary_specialization,68
2013,NUMBER,bileca,M,secondary_specialization,56
2013,NUMBER,bileca,F,secondary_specialization,12
2013,NUMBER,bratunac,_T,secondary_specialization,77
2013,NUMBER,bratunac,M,secondary_specialization,61
2013,NUMBER,bratunac,F,secondary_specialization,16
2013,NUMBER,brod,_T,secondary_specialization,187
2013,NUMBER,brod,M,secondary_specialization,160
2013,NUMBER,brod,F,secondary_specialization,27
2013,NUMBER,visegrad,_T,secondary_specialization,137
2013,NUMBER,visegrad,M,secondary_specialization,120
2013,NUMBER,visegrad,F,secondary_specialization,17
2013,NUMBER,vlasenica,_T,secondary_specialization,28
2013,NUMBER,vlasenica,M,secondary_specialization,21
2013,NUMBER,vlasenica,F,secondary_specialization,7
2013,NUMBER,vukosavlje,_T,secondary_specialization,14
2013,NUMBER,vukosavlje,M,secondary_specialization,12
2013,NUMBER,vukosavlje,F,secondary_specialization,2
2013,NUMBER,gacko,_T,secondary_specialization,269
2013,NUMBER,gacko,M,secondary_specialization,249
2013,NUMBER,gacko,F,secondary_specialization,20
2013,NUMBER,grad_gradiska,_T,secondary_specialization,192
2013,NUMBER,grad_gradiska,M,secondary_specialization,142
2013,NUMBER,grad_gradiska,F,secondary_specialization,50
2013,NUMBER,grad_derventa,_T,secondary_specialization,120
2013,NUMBER,grad_derventa,M,secondary_specialization,94
2013,NUMBER,grad_derventa,F,secondary_specialization,26
2013,NUMBER,grad_doboj,_T,secondary_specialization,507
2013,NUMBER,grad_doboj,M,secondary_specialization,448
2013,NUMBER,grad_doboj,F,secondary_specialization,59
2013,NUMBER,donji_zabar,_T,secondary_specialization,10
2013,NUMBER,donji_zabar,M,secondary_specialization,8
2013,NUMBER,donji_zabar,F,secondary_specialization,2
2013,NUMBER,grad_zvornik,_T,secondary_specialization,277
2013,NUMBER,grad_zvornik,M,secondary_specialization,244
2013,NUMBER,grad_zvornik,F,secondary_specialization,33
2013,NUMBER,istocna_ilidza,_T,secondary_specialization,140
2013,NUMBER,istocna_ilidza,M,secondary_specialization,123
2013,NUMBER,istocna_ilidza,F,secondary_specialization,17
2013,NUMBER,istocni_drvar,_T,secondary_specialization,1
2013,NUMBER,istocni_drvar,M,secondary_specialization,0
2013,NUMBER,istocni_drvar,F,secondary_specialization,1
2013,NUMBER,istocni_mostar,_T,secondary_specialization,0
2013,NUMBER,istocni_mostar,M,secondary_specialization,0
2013,NUMBER,istocni_mostar,F,secondary_specialization,0
2013,NUMBER,istocni_stari_grad,_T,secondary_specialization,16
2013,NUMBER,istocni_stari_grad,M,secondary_specialization,15
2013,NUMBER,istocni_stari_grad,F,secondary_specialization,1
2013,NUMBER,istocno_novo_sarajevo,_T,secondary_specialization,81
2013,NUMBER,istocno_novo_sarajevo,M,secondary_specialization,69
2013,NUMBER,istocno_novo_sarajevo,F,secondary_specialization,12
2013,NUMBER,jezero,_T,secondary_specialization,1
2013,NUMBER,jezero,M,secondary_specialization,1
2013,NUMBER,jezero,F,secondary_specialization,0
2013,NUMBER,kalinovik,_T,secondary_specialization,16
2013,NUMBER,kalinovik,M,secondary_specialization,13
2013,NUMBER,kalinovik,F,secondary_specialization,3
2013,NUMBER,knezevo,_T,secondary_specialization,12
2013,NUMBER,knezevo,M,secondary_specialization,11
2013,NUMBER,knezevo,F,secondary_specialization,1
2013,NUMBER,kozarska_dubica,_T,secondary_specialization,91
2013,NUMBER,kozarska_dubica,M,secondary_specialization,64
2013,NUMBER,kozarska_dubica,F,secondary_specialization,27
2013,NUMBER,kostajnica,_T,secondary_specialization,23
2013,NUMBER,kostajnica,M,secondary_specialization,18
2013,NUMBER,kostajnica,F,secondary_specialization,5
2013,NUMBER,kotor_varos,_T,secondary_specialization,74
2013,NUMBER,kotor_varos,M,secondary_specialization,52
2013,NUMBER,kotor_varos,F,secondary_specialization,22
2013,NUMBER,krupa_na_uni,_T,secondary_specialization,5
2013,NUMBER,krupa_na_uni,M,secondary_specialization,3
2013,NUMBER,krupa_na_uni,F,secondary_specialization,2
2013,NUMBER,kupres,_T,secondary_specialization,1
2013,NUMBER,kupres,M,secondary_specialization,0
2013,NUMBER,kupres,F,secondary_specialization,1
2013,NUMBER,laktasi,_T,secondary_specialization,169
2013,NUMBER,laktasi,M,secondary_specialization,141
2013,NUMBER,laktasi,F,secondary_specialization,28
2013,NUMBER,lopare,_T,secondary_specialization,64
2013,NUMBER,lopare,M,secondary_specialization,45
2013,NUMBER,lopare,F,secondary_specialization,19
2013,NUMBER,ljubinje,_T,secondary_specialization,81
2013,NUMBER,ljubinje,M,secondary_specialization,72
2013,NUMBER,ljubinje,F,secondary_specialization,9
2013,NUMBER,milici,_T,secondary_specialization,15
2013,NUMBER,milici,M,secondary_specialization,10
2013,NUMBER,milici,F,secondary_specialization,5
2013,NUMBER,modrica,_T,secondary_specialization,132
2013,NUMBER,modrica,M,secondary_specialization,103
2013,NUMBER,modrica,F,secondary_specialization,29
2013,NUMBER,mrkonjic_grad,_T,secondary_specialization,89
2013,NUMBER,mrkonjic_grad,M,secondary_specialization,71
2013,NUMBER,mrkonjic_grad,F,secondary_specialization,18
2013,NUMBER,nevesinje,_T,secondary_specialization,56
2013,NUMBER,nevesinje,M,secondary_specialization,51
2013,NUMBER,nevesinje,F,secondary_specialization,5
2013,NUMBER,novi_grad,_T,secondary_specialization,104
2013,NUMBER,novi_grad,M,secondary_specialization,75
2013,NUMBER,novi_grad,F,secondary_specialization,29
2013,NUMBER,novo_gorazde,_T,secondary_specialization,10
2013,NUMBER,novo_gorazde,M,secondary_specialization,10
2013,NUMBER,novo_gorazde,F,secondary_specialization,0
2013,NUMBER,osmaci,_T,secondary_specialization,15
2013,NUMBER,osmaci,M,secondary_specialization,12
2013,NUMBER,osmaci,F,secondary_specialization,3
2013,NUMBER,ostra_luka,_T,secondary_specialization,13
2013,NUMBER,ostra_luka,M,secondary_specialization,11
2013,NUMBER,ostra_luka,F,secondary_specialization,2
2013,NUMBER,pale,_T,secondary_specialization,247
2013,NUMBER,pale,M,secondary_specialization,205
2013,NUMBER,pale,F,secondary_specialization,42
2013,NUMBER,pelagicevo,_T,secondary_specialization,4
2013,NUMBER,pelagicevo,M,secondary_specialization,3
2013,NUMBER,pelagicevo,F,secondary_specialization,1
2013,NUMBER,petrovac,_T,secondary_specialization,0
2013,NUMBER,petrovac,M,secondary_specialization,0
2013,NUMBER,petrovac,F,secondary_specialization,0
2013,NUMBER,petrovo,_T,secondary_specialization,79
2013,NUMBER,petrovo,M,secondary_specialization,74
2013,NUMBER,petrovo,F,secondary_specialization,5
2013,NUMBER,grad_prijedor,_T,secondary_specialization,666
2013,NUMBER,grad_prijedor,M,secondary_specialization,492
2013,NUMBER,grad_prijedor,F,secondary_specialization,174
2013,NUMBER,prnjavor,_T,secondary_specialization,112
2013,NUMBER,prnjavor,M,secondary_specialization,83
2013,NUMBER,prnjavor,F,secondary_specialization,29
2013,NUMBER,ribnik,_T,secondary_specialization,14
2013,NUMBER,ribnik,M,secondary_specialization,13
2013,NUMBER,ribnik,F,secondary_specialization,1
2013,NUMBER,rogatica,_T,secondary_specialization,56
2013,NUMBER,rogatica,M,secondary_specialization,49
2013,NUMBER,rogatica,F,secondary_specialization,7
2013,NUMBER,rudo,_T,secondary_specialization,12
2013,NUMBER,rudo,M,secondary_specialization,11
2013,NUMBER,rudo,F,secondary_specialization,1
2013,NUMBER,sokolac,_T,secondary_specialization,71
2013,NUMBER,sokolac,M,secondary_specialization,57
2013,NUMBER,sokolac,F,secondary_specialization,14
2013,NUMBER,srbac,_T,secondary_specialization,61
2013,NUMBER,srbac,M,secondary_specialization,46
2013,NUMBER,srbac,F,secondary_specialization,15
2013,NUMBER,srebrenica,_T,secondary_specialization,33
2013,NUMBER,srebrenica,M,secondary_specialization,26
2013,NUMBER,srebrenica,F,secondary_specialization,7
2013,NUMBER,teslic,_T,secondary_specialization,170
2013,NUMBER,teslic,M,secondary_specialization,138
2013,NUMBER,teslic,F,secondary_specialization,32
2013,NUMBER,grad_trebinje,_T,secondary_specialization,432
2013,NUMBER,grad_trebinje,M,secondary_specialization,394
2013,NUMBER,grad_trebinje,F,secondary_specialization,38
2013,NUMBER,trnovo,_T,secondary_specialization,15
2013,NUMBER,trnovo,M,secondary_specialization,13
2013,NUMBER,trnovo,F,secondary_specialization,2
2013,NUMBER,ugljevik,_T,secondary_specialization,97
2013,NUMBER,ugljevik,M,secondary_specialization,89
2013,NUMBER,ugljevik,F,secondary_specialization,8
2013,NUMBER,foca,_T,secondary_specialization,107
2013,NUMBER,foca,M,secondary_specialization,93
2013,NUMBER,foca,F,secondary_specialization,14
2013,NUMBER,han_pijesak,_T,secondary_specialization,20
2013,NUMBER,han_pijesak,M,secondary_specialization,20
2013,NUMBER,han_pijesak,F,secondary_specialization,0
2013,NUMBER,cajnice,_T,secondary_specialization,38
2013,NUMBER,cajnice,M,secondary_specialization,37
2013,NUMBER,cajnice,F,secondary_specialization,1
2013,NUMBER,celinac,_T,secondary_specialization,69
2013,NUMBER,celinac,M,secondary_specialization,62
2013,NUMBER,celinac,F,secondary_specialization,7
2013,NUMBER,samac,_T,secondary_specialization,55
2013,NUMBER,samac,M,secondary_specialization,41
2013,NUMBER,samac,F,secondary_specialization,14
2013,NUMBER,sekovici,_T,secondary_specialization,16
2013,NUMBER,sekovici,M,secondary_specialization,16
2013,NUMBER,sekovici,F,secondary_specialization,0
2013,NUMBER,sipovo,_T,secondary_specialization,22
2013,NUMBER,sipovo,M,secondary_specialization,20
2013,NUMBER,sipovo,F,secondary_specialization,2
2013,NUMBER,republika_srpska,_T,first_degree,33960
2013,NUMBER,republika_srpska,M,first_degree,19142
2013,NUMBER,republika_srpska,F,first_degree,14818
2013,NUMBER,grad_banja_luka,_T,first_degree,7972
2013,NUMBER,grad_banja_luka,M,first_degree,4272
2013,NUMBER,grad_banja_luka,F,first_degree,3700
2013,NUMBER,berkovici,_T,first_degree,47
2013,NUMBER,berkovici,M,first_degree,34
2013,NUMBER,berkovici,F,first_degree,13
2013,NUMBER,grad_bijeljina,_T,first_degree,3354
2013,NUMBER,grad_bijeljina,M,first_degree,1805
2013,NUMBER,grad_bijeljina,F,first_degree,1549
2013,NUMBER,bileca,_T,first_degree,434
2013,NUMBER,bileca,M,first_degree,249
2013,NUMBER,bileca,F,first_degree,185
2013,NUMBER,bratunac,_T,first_degree,399
2013,NUMBER,bratunac,M,first_degree,230
2013,NUMBER,bratunac,F,first_degree,169
2013,NUMBER,brod,_T,first_degree,374
2013,NUMBER,brod,M,first_degree,215
2013,NUMBER,brod,F,first_degree,159
2013,NUMBER,visegrad,_T,first_degree,375
2013,NUMBER,visegrad,M,first_degree,196
2013,NUMBER,visegrad,F,first_degree,179
2013,NUMBER,vlasenica,_T,first_degree,200
2013,NUMBER,vlasenica,M,first_degree,123
2013,NUMBER,vlasenica,F,first_degree,77
2013,NUMBER,vukosavlje,_T,first_degree,39
2013,NUMBER,vukosavlje,M,first_degree,25
2013,NUMBER,vukosavlje,F,first_degree,14
2013,NUMBER,gacko,_T,first_degree,335
2013,NUMBER,gacko,M,first_degree,191
2013,NUMBER,gacko,F,first_degree,144
2013,NUMBER,grad_gradiska,_T,first_degree,1222
2013,NUMBER,grad_gradiska,M,first_degree,658
2013,NUMBER,grad_gradiska,F,first_degree,564
2013,NUMBER,grad_derventa,_T,first_degree,542
2013,NUMBER,grad_derventa,M,first_degree,331
2013,NUMBER,grad_derventa,F,first_degree,211
2013,NUMBER,grad_doboj,_T,first_degree,1827
2013,NUMBER,grad_doboj,M,first_degree,1078
2013,NUMBER,grad_doboj,F,first_degree,749
2013,NUMBER,donji_zabar,_T,first_degree,37
2013,NUMBER,donji_zabar,M,first_degree,23
2013,NUMBER,donji_zabar,F,first_degree,14
2013,NUMBER,grad_zvornik,_T,first_degree,1283
2013,NUMBER,grad_zvornik,M,first_degree,716
2013,NUMBER,grad_zvornik,F,first_degree,567
2013,NUMBER,istocna_ilidza,_T,first_degree,513
2013,NUMBER,istocna_ilidza,M,first_degree,315
2013,NUMBER,istocna_ilidza,F,first_degree,198
2013,NUMBER,istocni_drvar,_T,first_degree,5
2013,NUMBER,istocni_drvar,M,first_degree,5
2013,NUMBER,istocni_drvar,F,first_degree,0
2013,NUMBER,istocni_mostar,_T,first_degree,2
2013,NUMBER,istocni_mostar,M,first_degree,2
2013,NUMBER,istocni_mostar,F,first_degree,0
2013,NUMBER,istocni_stari_grad,_T,first_degree,27
2013,NUMBER,istocni_stari_grad,M,first_degree,14
2013,NUMBER,istocni_stari_grad,F,first_degree,13
2013,NUMBER,istocno_novo_sarajevo,_T,first_degree,375
2013,NUMBER,istocno_novo_sarajevo,M,first_degree,225
2013,NUMBER,istocno_novo_sarajevo,F,first_degree,150
2013,NUMBER,jezero,_T,first_degree,16
2013,NUMBER,jezero,M,first_degree,10
2013,NUMBER,jezero,F,first_degree,6
2013,NUMBER,kalinovik,_T,first_degree,58
2013,NUMBER,kalinovik,M,first_degree,41
2013,NUMBER,kalinovik,F,first_degree,17
2013,NUMBER,knezevo,_T,first_degree,125
2013,NUMBER,knezevo,M,first_degree,93
2013,NUMBER,knezevo,F,first_degree,32
2013,NUMBER,kozarska_dubica,_T,first_degree,644
2013,NUMBER,kozarska_dubica,M,first_degree,345
2013,NUMBER,kozarska_dubica,F,first_degree,299
2013,NUMBER,kostajnica,_T,first_degree,206
2013,NUMBER,kostajnica,M,first_degree,94
2013,NUMBER,kostajnica,F,first_degree,112
2013,NUMBER,kotor_varos,_T,first_degree,225
2013,NUMBER,kotor_varos,M,first_degree,144
2013,NUMBER,kotor_varos,F,first_degree,81
2013,NUMBER,krupa_na_uni,_T,first_degree,11
2013,NUMBER,krupa_na_uni,M,first_degree,6
2013,NUMBER,krupa_na_uni,F,first_degree,5
2013,NUMBER,kupres,_T,first_degree,2
2013,NUMBER,kupres,M,first_degree,2
2013,NUMBER,kupres,F,first_degree,0
2013,NUMBER,laktasi,_T,first_degree,822
2013,NUMBER,laktasi,M,first_degree,462
2013,NUMBER,laktasi,F,first_degree,360
2013,NUMBER,lopare,_T,first_degree,217
2013,NUMBER,lopare,M,first_degree,133
2013,NUMBER,lopare,F,first_degree,84
2013,NUMBER,ljubinje,_T,first_degree,126
2013,NUMBER,ljubinje,M,first_degree,69
2013,NUMBER,ljubinje,F,first_degree,57
2013,NUMBER,milici,_T,first_degree,213
2013,NUMBER,milici,M,first_degree,113
2013,NUMBER,milici,F,first_degree,100
2013,NUMBER,modrica,_T,first_degree,483
2013,NUMBER,modrica,M,first_degree,303
2013,NUMBER,modrica,F,first_degree,180
2013,NUMBER,mrkonjic_grad,_T,first_degree,350
2013,NUMBER,mrkonjic_grad,M,first_degree,204
2013,NUMBER,mrkonjic_grad,F,first_degree,146
2013,NUMBER,nevesinje,_T,first_degree,384
2013,NUMBER,nevesinje,M,first_degree,236
2013,NUMBER,nevesinje,F,first_degree,148
2013,NUMBER,novi_grad,_T,first_degree,714
2013,NUMBER,novi_grad,M,first_degree,366
2013,NUMBER,novi_grad,F,first_degree,348
2013,NUMBER,novo_gorazde,_T,first_degree,48
2013,NUMBER,novo_gorazde,M,first_degree,39
2013,NUMBER,novo_gorazde,F,first_degree,9
2013,NUMBER,osmaci,_T,first_degree,65
2013,NUMBER,osmaci,M,first_degree,48
2013,NUMBER,osmaci,F,first_degree,17
2013,NUMBER,ostra_luka,_T,first_degree,36
2013,NUMBER,ostra_luka,M,first_degree,16
2013,NUMBER,ostra_luka,F,first_degree,20
2013,NUMBER,pale,_T,first_degree,645
2013,NUMBER,pale,M,first_degree,389
2013,NUMBER,pale,F,first_degree,256
2013,NUMBER,pelagicevo,_T,first_degree,81
2013,NUMBER,pelagicevo,M,first_degree,44
2013,NUMBER,pelagicevo,F,first_degree,37
2013,NUMBER,petrovac,_T,first_degree,11
2013,NUMBER,petrovac,M,first_degree,6
2013,NUMBER,petrovac,F,first_degree,5
2013,NUMBER,petrovo,_T,first_degree,166
2013,NUMBER,petrovo,M,first_degree,109
2013,NUMBER,petrovo,F,first_degree,57
2013,NUMBER,grad_prijedor,_T,first_degree,2448
2013,NUMBER,grad_prijedor,M,first_degree,1252
2013,NUMBER,grad_prijedor,F,first_degree,1196
2013,NUMBER,prnjavor,_T,first_degree,670
2013,NUMBER,prnjavor,M,first_degree,388
2013,NUMBER,prnjavor,F,first_degree,282
2013,NUMBER,ribnik,_T,first_degree,99
2013,NUMBER,ribnik,M,first_degree,68
2013,NUMBER,ribnik,F,first_degree,31
2013,NUMBER,rogatica,_T,first_degree,315
2013,NUMBER,rogatica,M,first_degree,209
2013,NUMBER,rogatica,F,first_degree,106
2013,NUMBER,rudo,_T,first_degree,277
2013,NUMBER,rudo,M,first_degree,175
2013,NUMBER,rudo,F,first_degree,102
2013,NUMBER,sokolac,_T,first_degree,393
2013,NUMBER,sokolac,M,first_degree,237
2013,NUMBER,sokolac,F,first_degree,156
2013,NUMBER,srbac,_T,first_degree,342
2013,NUMBER,srbac,M,first_degree,232
2013,NUMBER,srbac,F,first_degree,110
2013,NUMBER,srebrenica,_T,first_degree,290
2013,NUMBER,srebrenica,M,first_degree,171
2013,NUMBER,srebrenica,F,first_degree,119
2013,NUMBER,teslic,_T,first_degree,577
2013,NUMBER,teslic,M,first_degree,335
2013,NUMBER,teslic,F,first_degree,242
2013,NUMBER,grad_trebinje,_T,first_degree,1442
2013,NUMBER,grad_trebinje,M,first_degree,806
2013,NUMBER,grad_trebinje,F,first_degree,636
2013,NUMBER,trnovo,_T,first_degree,52
2013,NUMBER,trnovo,M,first_degree,37
2013,NUMBER,trnovo,F,first_degree,15
2013,NUMBER,ugljevik,_T,first_degree,252
2013,NUMBER,ugljevik,M,first_degree,156
2013,NUMBER,ugljevik,F,first_degree,96
2013,NUMBER,foca,_T,first_degree,510
2013,NUMBER,foca,M,first_degree,334
2013,NUMBER,foca,F,first_degree,176
2013,NUMBER,han_pijesak,_T,first_degree,110
2013,NUMBER,han_pijesak,M,first_degree,67
2013,NUMBER,han_pijesak,F,first_degree,43
2013,NUMBER,cajnice,_T,first_degree,75
2013,NUMBER,cajnice,M,first_degree,48
2013,NUMBER,cajnice,F,first_degree,27
2013,NUMBER,celinac,_T,first_degree,293
2013,NUMBER,celinac,M,first_degree,186
2013,NUMBER,celinac,F,first_degree,107
2013,NUMBER,samac,_T,first_degree,478
2013,NUMBER,samac,M,first_degree,265
2013,NUMBER,samac,F,first_degree,213
2013,NUMBER,sekovici,_T,first_degree,136
2013,NUMBER,sekovici,M,first_degree,76
2013,NUMBER,sekovici,F,first_degree,60
2013,NUMBER,sipovo,_T,first_degree,191
2013,NUMBER,sipovo,M,first_degree,121
2013,NUMBER,sipovo,F,first_degree,70
2013,NUMBER,republika_srpska,_T,university_degree,87036
2013,NUMBER,republika_srpska,M,university_degree,42562
2013,NUMBER,republika_srpska,F,university_degree,44474
2013,NUMBER,grad_banja_luka,_T,university_degree,25924
2013,NUMBER,grad_banja_luka,M,university_degree,12201
2013,NUMBER,grad_banja_luka,F,university_degree,13723
2013,NUMBER,berkovici,_T,university_degree,92
2013,NUMBER,berkovici,M,university_degree,51
2013,NUMBER,berkovici,F,university_degree,41
2013,NUMBER,grad_bijeljina,_T,university_degree,8088
2013,NUMBER,grad_bijeljina,M,university_degree,3846
2013,NUMBER,grad_bijeljina,F,university_degree,4242
2013,NUMBER,bileca,_T,university_degree,791
2013,NUMBER,bileca,M,university_degree,443
2013,NUMBER,bileca,F,university_degree,348
2013,NUMBER,bratunac,_T,university_degree,1014
2013,NUMBER,bratunac,M,university_degree,515
2013,NUMBER,bratunac,F,university_degree,499
2013,NUMBER,brod,_T,university_degree,801
2013,NUMBER,brod,M,university_degree,389
2013,NUMBER,brod,F,university_degree,412
2013,NUMBER,visegrad,_T,university_degree,818
2013,NUMBER,visegrad,M,university_degree,410
2013,NUMBER,visegrad,F,university_degree,408
2013,NUMBER,vlasenica,_T,university_degree,641
2013,NUMBER,vlasenica,M,university_degree,316
2013,NUMBER,vlasenica,F,university_degree,325
2013,NUMBER,vukosavlje,_T,university_degree,97
2013,NUMBER,vukosavlje,M,university_degree,55
2013,NUMBER,vukosavlje,F,university_degree,42
2013,NUMBER,gacko,_T,university_degree,812
2013,NUMBER,gacko,M,university_degree,413
2013,NUMBER,gacko,F,university_degree,399
2013,NUMBER,grad_gradiska,_T,university_degree,2538
2013,NUMBER,grad_gradiska,M,university_degree,1270
2013,NUMBER,grad_gradiska,F,university_degree,1268
2013,NUMBER,grad_derventa,_T,university_degree,1242
2013,NUMBER,grad_derventa,M,university_degree,598
2013,NUMBER,grad_derventa,F,university_degree,644
2013,NUMBER,grad_doboj,_T,university_degree,4634
2013,NUMBER,grad_doboj,M,university_degree,2420
2013,NUMBER,grad_doboj,F,university_degree,2214
2013,NUMBER,donji_zabar,_T,university_degree,100
2013,NUMBER,donji_zabar,M,university_degree,59
2013,NUMBER,donji_zabar,F,university_degree,41
2013,NUMBER,grad_zvornik,_T,university_degree,2964
2013,NUMBER,grad_zvornik,M,university_degree,1529
2013,NUMBER,grad_zvornik,F,university_degree,1435
2013,NUMBER,istocna_ilidza,_T,university_degree,1844
2013,NUMBER,istocna_ilidza,M,university_degree,802
2013,NUMBER,istocna_ilidza,F,university_degree,1042
2013,NUMBER,istocni_drvar,_T,university_degree,10
2013,NUMBER,istocni_drvar,M,university_degree,8
2013,NUMBER,istocni_drvar,F,university_degree,2
2013,NUMBER,istocni_mostar,_T,university_degree,14
2013,NUMBER,istocni_mostar,M,university_degree,7
2013,NUMBER,istocni_mostar,F,university_degree,7
2013,NUMBER,istocni_stari_grad,_T,university_degree,53
2013,NUMBER,istocni_stari_grad,M,university_degree,21
2013,NUMBER,istocni_stari_grad,F,university_degree,32
2013,NUMBER,istocno_novo_sarajevo,_T,university_degree,1563
2013,NUMBER,istocno_novo_sarajevo,M,university_degree,745
2013,NUMBER,istocno_novo_sarajevo,F,university_degree,818
2013,NUMBER,jezero,_T,university_degree,30
2013,NUMBER,jezero,M,university_degree,19
2013,NUMBER,jezero,F,university_degree,11
2013,NUMBER,kalinovik,_T,university_degree,147
2013,NUMBER,kalinovik,M,university_degree,85
2013,NUMBER,kalinovik,F,university_degree,62
2013,NUMBER,knezevo,_T,university_degree,334
2013,NUMBER,knezevo,M,university_degree,188
2013,NUMBER,knezevo,F,university_degree,146
2013,NUMBER,kozarska_dubica,_T,university_degree,999
2013,NUMBER,kozarska_dubica,M,university_degree,501
2013,NUMBER,kozarska_dubica,F,university_degree,498
2013,NUMBER,kostajnica,_T,university_degree,281
2013,NUMBER,kostajnica,M,university_degree,134
2013,NUMBER,kostajnica,F,university_degree,147
2013,NUMBER,kotor_varos,_T,university_degree,767
2013,NUMBER,kotor_varos,M,university_degree,408
2013,NUMBER,kotor_varos,F,university_degree,359
2013,NUMBER,krupa_na_uni,_T,university_degree,13
2013,NUMBER,krupa_na_uni,M,university_degree,7
2013,NUMBER,krupa_na_uni,F,university_degree,6
2013,NUMBER,kupres,_T,university_degree,4
2013,NUMBER,kupres,M,university_degree,3
2013,NUMBER,kupres,F,university_degree,1
2013,NUMBER,laktasi,_T,university_degree,1729
2013,NUMBER,laktasi,M,university_degree,829
2013,NUMBER,laktasi,F,university_degree,900
2013,NUMBER,lopare,_T,university_degree,560
2013,NUMBER,lopare,M,university_degree,264
2013,NUMBER,lopare,F,university_degree,296
2013,NUMBER,ljubinje,_T,university_degree,255
2013,NUMBER,ljubinje,M,university_degree,145
2013,NUMBER,ljubinje,F,university_degree,110
2013,NUMBER,milici,_T,university_degree,573
2013,NUMBER,milici,M,university_degree,295
2013,NUMBER,milici,F,university_degree,278
2013,NUMBER,modrica,_T,university_degree,1186
2013,NUMBER,modrica,M,university_degree,605
2013,NUMBER,modrica,F,university_degree,581
2013,NUMBER,mrkonjic_grad,_T,university_degree,832
2013,NUMBER,mrkonjic_grad,M,university_degree,410
2013,NUMBER,mrkonjic_grad,F,university_degree,422
2013,NUMBER,nevesinje,_T,university_degree,856
2013,NUMBER,nevesinje,M,university_degree,459
2013,NUMBER,nevesinje,F,university_degree,397
2013,NUMBER,novi_grad,_T,university_degree,1243
2013,NUMBER,novi_grad,M,university_degree,602
2013,NUMBER,novi_grad,F,university_degree,641
2013,NUMBER,novo_gorazde,_T,university_degree,145
2013,NUMBER,novo_gorazde,M,university_degree,71
2013,NUMBER,novo_gorazde,F,university_degree,74
2013,NUMBER,osmaci,_T,university_degree,235
2013,NUMBER,osmaci,M,university_degree,148
2013,NUMBER,osmaci,F,university_degree,87
2013,NUMBER,ostra_luka,_T,university_degree,55
2013,NUMBER,ostra_luka,M,university_degree,24
2013,NUMBER,ostra_luka,F,university_degree,31
2013,NUMBER,pale,_T,university_degree,2538
2013,NUMBER,pale,M,university_degree,1148
2013,NUMBER,pale,F,university_degree,1390
2013,NUMBER,pelagicevo,_T,university_degree,94
2013,NUMBER,pelagicevo,M,university_degree,53
2013,NUMBER,pelagicevo,F,university_degree,41
2013,NUMBER,petrovac,_T,university_degree,26
2013,NUMBER,petrovac,M,university_degree,13
2013,NUMBER,petrovac,F,university_degree,13
2013,NUMBER,petrovo,_T,university_degree,259
2013,NUMBER,petrovo,M,university_degree,134
2013,NUMBER,petrovo,F,university_degree,125
2013,NUMBER,grad_prijedor,_T,university_degree,4646
2013,NUMBER,grad_prijedor,M,university_degree,2220
2013,NUMBER,grad_prijedor,F,university_degree,2426
2013,NUMBER,prnjavor,_T,university_degree,1336
2013,NUMBER,prnjavor,M,university_degree,627
2013,NUMBER,prnjavor,F,university_degree,709
2013,NUMBER,ribnik,_T,university_degree,195
2013,NUMBER,ribnik,M,university_degree,108
2013,NUMBER,ribnik,F,university_degree,87
2013,NUMBER,rogatica,_T,university_degree,702
2013,NUMBER,rogatica,M,university_degree,354
2013,NUMBER,rogatica,F,university_degree,348
2013,NUMBER,rudo,_T,university_degree,454
2013,NUMBER,rudo,M,university_degree,232
2013,NUMBER,rudo,F,university_degree,222
2013,NUMBER,sokolac,_T,university_degree,1113
2013,NUMBER,sokolac,M,university_degree,529
2013,NUMBER,sokolac,F,university_degree,584
2013,NUMBER,srbac,_T,university_degree,798
2013,NUMBER,srbac,M,university_degree,410
2013,NUMBER,srbac,F,university_degree,388
2013,NUMBER,srebrenica,_T,university_degree,741
2013,NUMBER,srebrenica,M,university_degree,395
2013,NUMBER,srebrenica,F,university_degree,346
2013,NUMBER,teslic,_T,university_degree,1351
2013,NUMBER,teslic,M,university_degree,689
2013,NUMBER,teslic,F,university_degree,662
2013,NUMBER,grad_trebinje,_T,university_degree,3262
2013,NUMBER,grad_trebinje,M,university_degree,1642
2013,NUMBER,grad_trebinje,F,university_degree,1620
2013,NUMBER,trnovo,_T,university_degree,139
2013,NUMBER,trnovo,M,university_degree,66
2013,NUMBER,trnovo,F,university_degree,73
2013,NUMBER,ugljevik,_T,university_degree,903
2013,NUMBER,ugljevik,M,university_degree,443
2013,NUMBER,ugljevik,F,university_degree,460
2013,NUMBER,foca,_T,university_degree,1422
2013,NUMBER,foca,M,university_degree,757
2013,NUMBER,foca,F,university_degree,665
2013,NUMBER,han_pijesak,_T,university_degree,274
2013,NUMBER,han_pijesak,M,university_degree,138
2013,NUMBER,han_pijesak,F,university_degree,136
2013,NUMBER,cajnice,_T,university_degree,280
2013,NUMBER,cajnice,M,university_degree,152
2013,NUMBER,cajnice,F,university_degree,128
2013,NUMBER,celinac,_T,university_degree,618
2013,NUMBER,celinac,M,university_degree,290
2013,NUMBER,celinac,F,university_degree,328
2013,NUMBER,samac,_T,university_degree,911
2013,NUMBER,samac,M,university_degree,494
2013,NUMBER,samac,F,university_degree,417
2013,NUMBER,sekovici,_T,university_degree,267
2013,NUMBER,sekovici,M,university_degree,144
2013,NUMBER,sekovici,F,university_degree,123
2013,NUMBER,sipovo,_T,university_degree,423
2013,NUMBER,sipovo,M,university_degree,229
2013,NUMBER,sipovo,F,university_degree,194
