Year,UNIT_MEASURE,ADMIN_AREA,SEX,Literacy,Value
2013,NUMBER,republika_srpska,_T,_T,1062861.0
2013,NUMBER,republika_srpska,M,_T,516703.0
2013,NUMBER,republika_srpska,F,_T,546158.0
2013,NUMBER,grad_banja_luka,_T,_T,162106.0
2013,NUMBER,grad_banja_luka,M,_T,77356.0
2013,NUMBER,grad_banja_luka,F,_T,84750.0
2013,NUMBER,berkovici,_T,_T,1824.0
2013,NUMBER,berkovici,M,_T,916.0
2013,NUMBER,berkovici,F,_T,908.0
2013,NUMBER,grad_bijeljina,_T,_T,94007.0
2013,NUMBER,grad_bijeljina,M,_T,45652.0
2013,NUMBER,grad_bijeljina,F,_T,48355.0
2013,NUMBER,bileca,_T,_T,9644.0
2013,NUMBER,bileca,M,_T,4830.0
2013,NUMBER,bileca,F,_T,4814.0
2013,NUMBER,bratunac,_T,_T,16773.0
2013,NUMBER,bratunac,M,_T,8235.0
2013,NUMBER,bratunac,F,_T,8538.0
2013,NUMBER,brod,_T,_T,14277.0
2013,NUMBER,brod,M,_T,6911.0
2013,NUMBER,brod,F,_T,7366.0
2013,NUMBER,visegrad,_T,_T,9381.0
2013,NUMBER,visegrad,M,_T,4478.0
2013,NUMBER,visegrad,F,_T,4903.0
2013,NUMBER,vlasenica,_T,_T,9649.0
2013,NUMBER,vlasenica,M,_T,4669.0
2013,NUMBER,vlasenica,F,_T,4980.0
2013,NUMBER,vukosavlje,_T,_T,3950.0
2013,NUMBER,vukosavlje,M,_T,1975.0
2013,NUMBER,vukosavlje,F,_T,1975.0
2013,NUMBER,gacko,_T,_T,7864.0
2013,NUMBER,gacko,M,_T,3987.0
2013,NUMBER,gacko,F,_T,3877.0
2013,NUMBER,grad_gradiska,_T,_T,44972.0
2013,NUMBER,grad_gradiska,M,_T,21810.0
2013,NUMBER,grad_gradiska,F,_T,23162.0
2013,NUMBER,grad_derventa,_T,_T,23629.0
2013,NUMBER,grad_derventa,M,_T,11467.0
2013,NUMBER,grad_derventa,F,_T,12162.0
2013,NUMBER,grad_doboj,_T,_T,62056.0
2013,NUMBER,grad_doboj,M,_T,29964.0
2013,NUMBER,grad_doboj,F,_T,32092.0
2013,NUMBER,donji_zabar,_T,_T,3352.0
2013,NUMBER,donji_zabar,M,_T,1685.0
2013,NUMBER,donji_zabar,F,_T,1667.0
2013,NUMBER,grad_zvornik,_T,_T,48535.0
2013,NUMBER,grad_zvornik,M,_T,23809.0
2013,NUMBER,grad_zvornik,F,_T,24726.0
2013,NUMBER,istocna_ilidza,_T,_T,13131.0
2013,NUMBER,istocna_ilidza,M,_T,6250.0
2013,NUMBER,istocna_ilidza,F,_T,6881.0
2013,NUMBER,istocni_drvar,_T,_T,65.0
2013,NUMBER,istocni_drvar,M,_T,43.0
2013,NUMBER,istocni_drvar,F,_T,22.0
2013,NUMBER,istocni_mostar,_T,_T,226.0
2013,NUMBER,istocni_mostar,M,_T,128.0
2013,NUMBER,istocni_mostar,F,_T,98.0
2013,NUMBER,istocni_stari_grad,_T,_T,1033.0
2013,NUMBER,istocni_stari_grad,M,_T,505.0
2013,NUMBER,istocni_stari_grad,F,_T,528.0
2013,NUMBER,istocno_novo_sarajevo,_T,_T,9302.0
2013,NUMBER,istocno_novo_sarajevo,M,_T,4402.0
2013,NUMBER,istocno_novo_sarajevo,F,_T,4900.0
2013,NUMBER,jezero,_T,_T,951.0
2013,NUMBER,jezero,M,_T,492.0
2013,NUMBER,jezero,F,_T,459.0
2013,NUMBER,kalinovik,_T,_T,1845.0
2013,NUMBER,kalinovik,M,_T,895.0
2013,NUMBER,kalinovik,F,_T,950.0
2013,NUMBER,knezevo,_T,_T,8558.0
2013,NUMBER,knezevo,M,_T,4209.0
2013,NUMBER,knezevo,F,_T,4349.0
2013,NUMBER,kozarska_dubica,_T,_T,19095.0
2013,NUMBER,kozarska_dubica,M,_T,9296.0
2013,NUMBER,kozarska_dubica,F,_T,9799.0
2013,NUMBER,kostajnica,_T,_T,5201.0
2013,NUMBER,kostajnica,M,_T,2553.0
2013,NUMBER,kostajnica,F,_T,2648.0
2013,NUMBER,kotor_varos,_T,_T,16533.0
2013,NUMBER,kotor_varos,M,_T,8069.0
2013,NUMBER,kotor_varos,F,_T,8464.0
2013,NUMBER,krupa_na_uni,_T,_T,1456.0
2013,NUMBER,krupa_na_uni,M,_T,786.0
2013,NUMBER,krupa_na_uni,F,_T,670.0
2013,NUMBER,kupres,_T,_T,280.0
2013,NUMBER,kupres,M,_T,147.0
2013,NUMBER,kupres,F,_T,133.0
2013,NUMBER,laktasi,_T,_T,30705.0
2013,NUMBER,laktasi,M,_T,15132.0
2013,NUMBER,laktasi,F,_T,15573.0
2013,NUMBER,lopare,_T,_T,13599.0
2013,NUMBER,lopare,M,_T,6831.0
2013,NUMBER,lopare,F,_T,6768.0
2013,NUMBER,ljubinje,_T,_T,3046.0
2013,NUMBER,ljubinje,M,_T,1502.0
2013,NUMBER,ljubinje,F,_T,1544.0
2013,NUMBER,milici,_T,_T,9487.0
2013,NUMBER,milici,M,_T,4761.0
2013,NUMBER,milici,F,_T,4726.0
2013,NUMBER,modrica,_T,_T,22419.0
2013,NUMBER,modrica,M,_T,10910.0
2013,NUMBER,modrica,F,_T,11509.0
2013,NUMBER,mrkonjic_grad,_T,_T,14541.0
2013,NUMBER,mrkonjic_grad,M,_T,6944.0
2013,NUMBER,mrkonjic_grad,F,_T,7597.0
2013,NUMBER,nevesinje,_T,_T,11346.0
2013,NUMBER,nevesinje,M,_T,5615.0
2013,NUMBER,nevesinje,F,_T,5731.0
2013,NUMBER,novi_grad,_T,_T,23292.0
2013,NUMBER,novi_grad,M,_T,11576.0
2013,NUMBER,novi_grad,F,_T,11716.0
2013,NUMBER,novo_gorazde,_T,_T,2718.0
2013,NUMBER,novo_gorazde,M,_T,1408.0
2013,NUMBER,novo_gorazde,F,_T,1310.0
2013,NUMBER,osmaci,_T,_T,5021.0
2013,NUMBER,osmaci,M,_T,2498.0
2013,NUMBER,osmaci,F,_T,2523.0
2013,NUMBER,ostra_luka,_T,_T,2468.0
2013,NUMBER,ostra_luka,M,_T,1264.0
2013,NUMBER,ostra_luka,F,_T,1204.0
2013,NUMBER,pale,_T,_T,18603.0
2013,NUMBER,pale,M,_T,8848.0
2013,NUMBER,pale,F,_T,9755.0
2013,NUMBER,pelagicevo,_T,_T,4076.0
2013,NUMBER,pelagicevo,M,_T,2009.0
2013,NUMBER,pelagicevo,F,_T,2067.0
2013,NUMBER,petrovac,_T,_T,323.0
2013,NUMBER,petrovac,M,_T,151.0
2013,NUMBER,petrovac,F,_T,172.0
2013,NUMBER,petrovo,_T,_T,5831.0
2013,NUMBER,petrovo,M,_T,2793.0
2013,NUMBER,petrovo,F,_T,3038.0
2013,NUMBER,grad_prijedor,_T,_T,74375.0
2013,NUMBER,grad_prijedor,M,_T,36023.0
2013,NUMBER,grad_prijedor,F,_T,38352.0
2013,NUMBER,prnjavor,_T,_T,31231.0
2013,NUMBER,prnjavor,M,_T,15075.0
2013,NUMBER,prnjavor,F,_T,16156.0
2013,NUMBER,ribnik,_T,_T,5365.0
2013,NUMBER,ribnik,M,_T,2649.0
2013,NUMBER,ribnik,F,_T,2716.0
2013,NUMBER,rogatica,_T,_T,9327.0
2013,NUMBER,rogatica,M,_T,4558.0
2013,NUMBER,rogatica,F,_T,4769.0
2013,NUMBER,rudo,_T,_T,6979.0
2013,NUMBER,rudo,M,_T,3524.0
2013,NUMBER,rudo,F,_T,3455.0
2013,NUMBER,sokolac,_T,_T,10588.0
2013,NUMBER,sokolac,M,_T,5194.0
2013,NUMBER,sokolac,F,_T,5394.0
2013,NUMBER,srbac,_T,_T,15404.0
2013,NUMBER,srbac,M,_T,7537.0
2013,NUMBER,srbac,F,_T,7867.0
2013,NUMBER,srebrenica,_T,_T,10715.0
2013,NUMBER,srebrenica,M,_T,5225.0
2013,NUMBER,srebrenica,F,_T,5490.0
2013,NUMBER,teslic,_T,_T,33369.0
2013,NUMBER,teslic,M,_T,15840.0
2013,NUMBER,teslic,F,_T,17529.0
2013,NUMBER,grad_trebinje,_T,_T,25447.0
2013,NUMBER,grad_trebinje,M,_T,12305.0
2013,NUMBER,grad_trebinje,F,_T,13142.0
2013,NUMBER,trnovo,_T,_T,1852.0
2013,NUMBER,trnovo,M,_T,887.0
2013,NUMBER,trnovo,F,_T,965.0
2013,NUMBER,ugljevik,_T,_T,13720.0
2013,NUMBER,ugljevik,M,_T,6891.0
2013,NUMBER,ugljevik,F,_T,6829.0
2013,NUMBER,foca,_T,_T,16227.0
2013,NUMBER,foca,M,_T,8147.0
2013,NUMBER,foca,F,_T,8080.0
2013,NUMBER,han_pijesak,_T,_T,3187.0
2013,NUMBER,han_pijesak,M,_T,1496.0
2013,NUMBER,han_pijesak,F,_T,1691.0
2013,NUMBER,cajnice,_T,_T,4289.0
2013,NUMBER,cajnice,M,_T,2164.0
2013,NUMBER,cajnice,F,_T,2125.0
2013,NUMBER,celinac,_T,_T,13636.0
2013,NUMBER,celinac,M,_T,6711.0
2013,NUMBER,celinac,F,_T,6925.0
2013,NUMBER,samac,_T,_T,15072.0
2013,NUMBER,samac,M,_T,7273.0
2013,NUMBER,samac,F,_T,7799.0
2013,NUMBER,sekovici,_T,_T,5816.0
2013,NUMBER,sekovici,M,_T,2868.0
2013,NUMBER,sekovici,F,_T,2948.0
2013,NUMBER,sipovo,_T,_T,9092.0
2013,NUMBER,sipovo,M,_T,4575.0
2013,NUMBER,sipovo,F,_T,4517.0
2013,NUMBER,republika_srpska,_T,illiterate,34928.0
2013,NUMBER,republika_srpska,M,illiterate,4987.0
2013,NUMBER,republika_srpska,F,illiterate,29941.0
2013,NUMBER,grad_banja_luka,_T,illiterate,3503.0
2013,NUMBER,grad_banja_luka,M,illiterate,509.0
2013,NUMBER,grad_banja_luka,F,illiterate,2994.0
2013,NUMBER,berkovici,_T,illiterate,47.0
2013,NUMBER,berkovici,M,illiterate,1.0
2013,NUMBER,berkovici,F,illiterate,46.0
2013,NUMBER,grad_bijeljina,_T,illiterate,2541.0
2013,NUMBER,grad_bijeljina,M,illiterate,413.0
2013,NUMBER,grad_bijeljina,F,illiterate,2128.0
2013,NUMBER,bileca,_T,illiterate,144.0
2013,NUMBER,bileca,M,illiterate,31.0
2013,NUMBER,bileca,F,illiterate,113.0
2013,NUMBER,bratunac,_T,illiterate,865.0
2013,NUMBER,bratunac,M,illiterate,82.0
2013,NUMBER,bratunac,F,illiterate,783.0
2013,NUMBER,brod,_T,illiterate,330.0
2013,NUMBER,brod,M,illiterate,53.0
2013,NUMBER,brod,F,illiterate,277.0
2013,NUMBER,visegrad,_T,illiterate,358.0
2013,NUMBER,visegrad,M,illiterate,35.0
2013,NUMBER,visegrad,F,illiterate,323.0
2013,NUMBER,vlasenica,_T,illiterate,350.0
2013,NUMBER,vlasenica,M,illiterate,49.0
2013,NUMBER,vlasenica,F,illiterate,301.0
2013,NUMBER,vukosavlje,_T,illiterate,196.0
2013,NUMBER,vukosavlje,M,illiterate,31.0
2013,NUMBER,vukosavlje,F,illiterate,165.0
2013,NUMBER,gacko,_T,illiterate,110.0
2013,NUMBER,gacko,M,illiterate,10.0
2013,NUMBER,gacko,F,illiterate,100.0
2013,NUMBER,grad_gradiska,_T,illiterate,1526.0
2013,NUMBER,grad_gradiska,M,illiterate,204.0
2013,NUMBER,grad_gradiska,F,illiterate,1322.0
2013,NUMBER,grad_derventa,_T,illiterate,812.0
2013,NUMBER,grad_derventa,M,illiterate,120.0
2013,NUMBER,grad_derventa,F,illiterate,692.0
2013,NUMBER,grad_doboj,_T,illiterate,1979.0
2013,NUMBER,grad_doboj,M,illiterate,270.0
2013,NUMBER,grad_doboj,F,illiterate,1709.0
2013,NUMBER,donji_zabar,_T,illiterate,128.0
2013,NUMBER,donji_zabar,M,illiterate,26.0
2013,NUMBER,donji_zabar,F,illiterate,102.0
2013,NUMBER,grad_zvornik,_T,illiterate,2055.0
2013,NUMBER,grad_zvornik,M,illiterate,245.0
2013,NUMBER,grad_zvornik,F,illiterate,1810.0
2013,NUMBER,istocna_ilidza,_T,illiterate,171.0
2013,NUMBER,istocna_ilidza,M,illiterate,22.0
2013,NUMBER,istocna_ilidza,F,illiterate,149.0
2013,NUMBER,istocni_drvar,_T,illiterate,2.0
2013,NUMBER,istocni_drvar,M,illiterate,0.0
2013,NUMBER,istocni_drvar,F,illiterate,2.0
2013,NUMBER,istocni_mostar,_T,illiterate,19.0
2013,NUMBER,istocni_mostar,M,illiterate,1.0
2013,NUMBER,istocni_mostar,F,illiterate,18.0
2013,NUMBER,istocni_stari_grad,_T,illiterate,40.0
2013,NUMBER,istocni_stari_grad,M,illiterate,3.0
2013,NUMBER,istocni_stari_grad,F,illiterate,37.0
2013,NUMBER,istocno_novo_sarajevo,_T,illiterate,80.0
2013,NUMBER,istocno_novo_sarajevo,M,illiterate,14.0
2013,NUMBER,istocno_novo_sarajevo,F,illiterate,66.0
2013,NUMBER,jezero,_T,illiterate,43.0
2013,NUMBER,jezero,M,illiterate,7.0
2013,NUMBER,jezero,F,illiterate,36.0
2013,NUMBER,kalinovik,_T,illiterate,86.0
2013,NUMBER,kalinovik,M,illiterate,5.0
2013,NUMBER,kalinovik,F,illiterate,81.0
2013,NUMBER,knezevo,_T,illiterate,971.0
2013,NUMBER,knezevo,M,illiterate,146.0
2013,NUMBER,knezevo,F,illiterate,825.0
2013,NUMBER,kozarska_dubica,_T,illiterate,590.0
2013,NUMBER,kozarska_dubica,M,illiterate,77.0
2013,NUMBER,kozarska_dubica,F,illiterate,513.0
2013,NUMBER,kostajnica,_T,illiterate,115.0
2013,NUMBER,kostajnica,M,illiterate,14.0
2013,NUMBER,kostajnica,F,illiterate,101.0
2013,NUMBER,kotor_varos,_T,illiterate,1042.0
2013,NUMBER,kotor_varos,M,illiterate,148.0
2013,NUMBER,kotor_varos,F,illiterate,894.0
2013,NUMBER,krupa_na_uni,_T,illiterate,145.0
2013,NUMBER,krupa_na_uni,M,illiterate,21.0
2013,NUMBER,krupa_na_uni,F,illiterate,124.0
2013,NUMBER,kupres,_T,illiterate,81.0
2013,NUMBER,kupres,M,illiterate,27.0
2013,NUMBER,kupres,F,illiterate,54.0
2013,NUMBER,laktasi,_T,illiterate,752.0
2013,NUMBER,laktasi,M,illiterate,117.0
2013,NUMBER,laktasi,F,illiterate,635.0
2013,NUMBER,lopare,_T,illiterate,680.0
2013,NUMBER,lopare,M,illiterate,123.0
2013,NUMBER,lopare,F,illiterate,557.0
2013,NUMBER,ljubinje,_T,illiterate,49.0
2013,NUMBER,ljubinje,M,illiterate,5.0
2013,NUMBER,ljubinje,F,illiterate,44.0
2013,NUMBER,milici,_T,illiterate,399.0
2013,NUMBER,milici,M,illiterate,51.0
2013,NUMBER,milici,F,illiterate,348.0
2013,NUMBER,modrica,_T,illiterate,736.0
2013,NUMBER,modrica,M,illiterate,119.0
2013,NUMBER,modrica,F,illiterate,617.0
2013,NUMBER,mrkonjic_grad,_T,illiterate,821.0
2013,NUMBER,mrkonjic_grad,M,illiterate,95.0
2013,NUMBER,mrkonjic_grad,F,illiterate,726.0
2013,NUMBER,nevesinje,_T,illiterate,305.0
2013,NUMBER,nevesinje,M,illiterate,32.0
2013,NUMBER,nevesinje,F,illiterate,273.0
2013,NUMBER,novi_grad,_T,illiterate,666.0
2013,NUMBER,novi_grad,M,illiterate,106.0
2013,NUMBER,novi_grad,F,illiterate,560.0
2013,NUMBER,novo_gorazde,_T,illiterate,76.0
2013,NUMBER,novo_gorazde,M,illiterate,5.0
2013,NUMBER,novo_gorazde,F,illiterate,71.0
2013,NUMBER,osmaci,_T,illiterate,264.0
2013,NUMBER,osmaci,M,illiterate,29.0
2013,NUMBER,osmaci,F,illiterate,235.0
2013,NUMBER,ostra_luka,_T,illiterate,196.0
2013,NUMBER,ostra_luka,M,illiterate,32.0
2013,NUMBER,ostra_luka,F,illiterate,164.0
2013,NUMBER,pale,_T,illiterate,293.0
2013,NUMBER,pale,M,illiterate,40.0
2013,NUMBER,pale,F,illiterate,253.0
2013,NUMBER,pelagicevo,_T,illiterate,179.0
2013,NUMBER,pelagicevo,M,illiterate,29.0
2013,NUMBER,pelagicevo,F,illiterate,150.0
2013,NUMBER,petrovac,_T,illiterate,6.0
2013,NUMBER,petrovac,M,illiterate,0.0
2013,NUMBER,petrovac,F,illiterate,6.0
2013,NUMBER,petrovo,_T,illiterate,245.0
2013,NUMBER,petrovo,M,illiterate,28.0
2013,NUMBER,petrovo,F,illiterate,217.0
2013,NUMBER,grad_prijedor,_T,illiterate,2172.0
2013,NUMBER,grad_prijedor,M,illiterate,422.0
2013,NUMBER,grad_prijedor,F,illiterate,1750.0
2013,NUMBER,prnjavor,_T,illiterate,1408.0
2013,NUMBER,prnjavor,M,illiterate,203.0
2013,NUMBER,prnjavor,F,illiterate,1205.0
2013,NUMBER,ribnik,_T,illiterate,456.0
2013,NUMBER,ribnik,M,illiterate,69.0
2013,NUMBER,ribnik,F,illiterate,387.0
2013,NUMBER,rogatica,_T,illiterate,351.0
2013,NUMBER,rogatica,M,illiterate,38.0
2013,NUMBER,rogatica,F,illiterate,313.0
2013,NUMBER,rudo,_T,illiterate,155.0
2013,NUMBER,rudo,M,illiterate,27.0
2013,NUMBER,rudo,F,illiterate,128.0
2013,NUMBER,sokolac,_T,illiterate,231.0
2013,NUMBER,sokolac,M,illiterate,25.0
2013,NUMBER,sokolac,F,illiterate,206.0
2013,NUMBER,srbac,_T,illiterate,539.0
2013,NUMBER,srbac,M,illiterate,102.0
2013,NUMBER,srbac,F,illiterate,437.0
2013,NUMBER,srebrenica,_T,illiterate,627.0
2013,NUMBER,srebrenica,M,illiterate,64.0
2013,NUMBER,srebrenica,F,illiterate,563.0
2013,NUMBER,teslic,_T,illiterate,1980.0
2013,NUMBER,teslic,M,illiterate,227.0
2013,NUMBER,teslic,F,illiterate,1753.0
2013,NUMBER,grad_trebinje,_T,illiterate,237.0
2013,NUMBER,grad_trebinje,M,illiterate,31.0
2013,NUMBER,grad_trebinje,F,illiterate,206.0
2013,NUMBER,trnovo,_T,illiterate,76.0
2013,NUMBER,trnovo,M,illiterate,10.0
2013,NUMBER,trnovo,F,illiterate,66.0
2013,NUMBER,ugljevik,_T,illiterate,451.0
2013,NUMBER,ugljevik,M,illiterate,68.0
2013,NUMBER,ugljevik,F,illiterate,383.0
2013,NUMBER,foca,_T,illiterate,391.0
2013,NUMBER,foca,M,illiterate,51.0
2013,NUMBER,foca,F,illiterate,340.0
2013,NUMBER,han_pijesak,_T,illiterate,88.0
2013,NUMBER,han_pijesak,M,illiterate,10.0
2013,NUMBER,han_pijesak,F,illiterate,78.0
2013,NUMBER,cajnice,_T,illiterate,140.0
2013,NUMBER,cajnice,M,illiterate,22.0
2013,NUMBER,cajnice,F,illiterate,118.0
2013,NUMBER,celinac,_T,illiterate,472.0
2013,NUMBER,celinac,M,illiterate,56.0
2013,NUMBER,celinac,F,illiterate,416.0
2013,NUMBER,samac,_T,illiterate,300.0
2013,NUMBER,samac,M,illiterate,55.0
2013,NUMBER,samac,F,illiterate,245.0
2013,NUMBER,sekovici,_T,illiterate,427.0
2013,NUMBER,sekovici,M,illiterate,83.0
2013,NUMBER,sekovici,F,illiterate,344.0
2013,NUMBER,sipovo,_T,illiterate,431.0
2013,NUMBER,sipovo,M,illiterate,49.0
2013,NUMBER,sipovo,F,illiterate,382.0
2013,NUMBER,republika_srpska,_T,illiterates_percentage,3.29
2013,NUMBER,republika_srpska,M,illiterates_percentage,0.97
2013,NUMBER,republika_srpska,F,illiterates_percentage,5.48
2013,NUMBER,grad_banja_luka,_T,illiterates_percentage,2.16
2013,NUMBER,grad_banja_luka,M,illiterates_percentage,0.66
2013,NUMBER,grad_banja_luka,F,illiterates_percentage,3.53
2013,NUMBER,berkovici,_T,illiterates_percentage,2.58
2013,NUMBER,berkovici,M,illiterates_percentage,0.11
2013,NUMBER,berkovici,F,illiterates_percentage,5.07
2013,NUMBER,grad_bijeljina,_T,illiterates_percentage,2.7
2013,NUMBER,grad_bijeljina,M,illiterates_percentage,0.9
2013,NUMBER,grad_bijeljina,F,illiterates_percentage,4.4
2013,NUMBER,bileca,_T,illiterates_percentage,1.49
2013,NUMBER,bileca,M,illiterates_percentage,0.64
2013,NUMBER,bileca,F,illiterates_percentage,2.35
2013,NUMBER,bratunac,_T,illiterates_percentage,5.16
2013,NUMBER,bratunac,M,illiterates_percentage,1.0
2013,NUMBER,bratunac,F,illiterates_percentage,9.17
2013,NUMBER,brod,_T,illiterates_percentage,2.31
2013,NUMBER,brod,M,illiterates_percentage,0.77
2013,NUMBER,brod,F,illiterates_percentage,3.76
2013,NUMBER,visegrad,_T,illiterates_percentage,3.82
2013,NUMBER,visegrad,M,illiterates_percentage,0.78
2013,NUMBER,visegrad,F,illiterates_percentage,6.59
2013,NUMBER,vlasenica,_T,illiterates_percentage,3.63
2013,NUMBER,vlasenica,M,illiterates_percentage,1.05
2013,NUMBER,vlasenica,F,illiterates_percentage,6.04
2013,NUMBER,vukosavlje,_T,illiterates_percentage,4.96
2013,NUMBER,vukosavlje,M,illiterates_percentage,1.57
2013,NUMBER,vukosavlje,F,illiterates_percentage,8.35
2013,NUMBER,gacko,_T,illiterates_percentage,1.4
2013,NUMBER,gacko,M,illiterates_percentage,0.25
2013,NUMBER,gacko,F,illiterates_percentage,2.58
2013,NUMBER,grad_gradiska,_T,illiterates_percentage,3.39
2013,NUMBER,grad_gradiska,M,illiterates_percentage,0.94
2013,NUMBER,grad_gradiska,F,illiterates_percentage,5.71
2013,NUMBER,grad_derventa,_T,illiterates_percentage,3.44
2013,NUMBER,grad_derventa,M,illiterates_percentage,1.05
2013,NUMBER,grad_derventa,F,illiterates_percentage,5.69
2013,NUMBER,grad_doboj,_T,illiterates_percentage,3.19
2013,NUMBER,grad_doboj,M,illiterates_percentage,0.9
2013,NUMBER,grad_doboj,F,illiterates_percentage,5.33
2013,NUMBER,donji_zabar,_T,illiterates_percentage,3.82
2013,NUMBER,donji_zabar,M,illiterates_percentage,1.54
2013,NUMBER,donji_zabar,F,illiterates_percentage,6.12
2013,NUMBER,grad_zvornik,_T,illiterates_percentage,4.23
2013,NUMBER,grad_zvornik,M,illiterates_percentage,1.03
2013,NUMBER,grad_zvornik,F,illiterates_percentage,7.32
2013,NUMBER,istocna_ilidza,_T,illiterates_percentage,1.3
2013,NUMBER,istocna_ilidza,M,illiterates_percentage,0.35
2013,NUMBER,istocna_ilidza,F,illiterates_percentage,2.17
2013,NUMBER,istocni_drvar,_T,illiterates_percentage,3.08
2013,NUMBER,istocni_drvar,M,illiterates_percentage,0.0
2013,NUMBER,istocni_drvar,F,illiterates_percentage,9.09
2013,NUMBER,istocni_mostar,_T,illiterates_percentage,8.41
2013,NUMBER,istocni_mostar,M,illiterates_percentage,0.78
2013,NUMBER,istocni_mostar,F,illiterates_percentage,18.37
2013,NUMBER,istocni_stari_grad,_T,illiterates_percentage,3.87
2013,NUMBER,istocni_stari_grad,M,illiterates_percentage,0.59
2013,NUMBER,istocni_stari_grad,F,illiterates_percentage,7.01
2013,NUMBER,istocno_novo_sarajevo,_T,illiterates_percentage,0.86
2013,NUMBER,istocno_novo_sarajevo,M,illiterates_percentage,0.32
2013,NUMBER,istocno_novo_sarajevo,F,illiterates_percentage,1.35
2013,NUMBER,jezero,_T,illiterates_percentage,4.52
2013,NUMBER,jezero,M,illiterates_percentage,1.42
2013,NUMBER,jezero,F,illiterates_percentage,7.84
2013,NUMBER,kalinovik,_T,illiterates_percentage,4.66
2013,NUMBER,kalinovik,M,illiterates_percentage,0.56
2013,NUMBER,kalinovik,F,illiterates_percentage,8.53
2013,NUMBER,knezevo,_T,illiterates_percentage,11.35
2013,NUMBER,knezevo,M,illiterates_percentage,3.47
2013,NUMBER,knezevo,F,illiterates_percentage,18.97
2013,NUMBER,kozarska_dubica,_T,illiterates_percentage,3.09
2013,NUMBER,kozarska_dubica,M,illiterates_percentage,0.83
2013,NUMBER,kozarska_dubica,F,illiterates_percentage,5.24
2013,NUMBER,kostajnica,_T,illiterates_percentage,2.21
2013,NUMBER,kostajnica,M,illiterates_percentage,0.55
2013,NUMBER,kostajnica,F,illiterates_percentage,3.81
2013,NUMBER,kotor_varos,_T,illiterates_percentage,6.3
2013,NUMBER,kotor_varos,M,illiterates_percentage,1.83
2013,NUMBER,kotor_varos,F,illiterates_percentage,10.56
2013,NUMBER,krupa_na_uni,_T,illiterates_percentage,9.96
2013,NUMBER,krupa_na_uni,M,illiterates_percentage,2.67
2013,NUMBER,krupa_na_uni,F,illiterates_percentage,18.51
2013,NUMBER,kupres,_T,illiterates_percentage,28.93
2013,NUMBER,kupres,M,illiterates_percentage,18.37
2013,NUMBER,kupres,F,illiterates_percentage,40.6
2013,NUMBER,laktasi,_T,illiterates_percentage,2.45
2013,NUMBER,laktasi,M,illiterates_percentage,0.77
2013,NUMBER,laktasi,F,illiterates_percentage,4.08
2013,NUMBER,lopare,_T,illiterates_percentage,5.0
2013,NUMBER,lopare,M,illiterates_percentage,1.8
2013,NUMBER,lopare,F,illiterates_percentage,8.23
2013,NUMBER,ljubinje,_T,illiterates_percentage,1.61
2013,NUMBER,ljubinje,M,illiterates_percentage,0.33
2013,NUMBER,ljubinje,F,illiterates_percentage,2.85
2013,NUMBER,milici,_T,illiterates_percentage,4.21
2013,NUMBER,milici,M,illiterates_percentage,1.07
2013,NUMBER,milici,F,illiterates_percentage,7.36
2013,NUMBER,modrica,_T,illiterates_percentage,3.28
2013,NUMBER,modrica,M,illiterates_percentage,1.09
2013,NUMBER,modrica,F,illiterates_percentage,5.36
2013,NUMBER,mrkonjic_grad,_T,illiterates_percentage,5.65
2013,NUMBER,mrkonjic_grad,M,illiterates_percentage,1.37
2013,NUMBER,mrkonjic_grad,F,illiterates_percentage,9.56
2013,NUMBER,nevesinje,_T,illiterates_percentage,2.69
2013,NUMBER,nevesinje,M,illiterates_percentage,0.57
2013,NUMBER,nevesinje,F,illiterates_percentage,4.76
2013,NUMBER,novi_grad,_T,illiterates_percentage,2.86
2013,NUMBER,novi_grad,M,illiterates_percentage,0.92
2013,NUMBER,novi_grad,F,illiterates_percentage,4.78
2013,NUMBER,novo_gorazde,_T,illiterates_percentage,2.8
2013,NUMBER,novo_gorazde,M,illiterates_percentage,0.36
2013,NUMBER,novo_gorazde,F,illiterates_percentage,5.42
2013,NUMBER,osmaci,_T,illiterates_percentage,5.26
2013,NUMBER,osmaci,M,illiterates_percentage,1.16
2013,NUMBER,osmaci,F,illiterates_percentage,9.31
2013,NUMBER,ostra_luka,_T,illiterates_percentage,7.94
2013,NUMBER,ostra_luka,M,illiterates_percentage,2.53
2013,NUMBER,ostra_luka,F,illiterates_percentage,13.62
2013,NUMBER,pale,_T,illiterates_percentage,1.58
2013,NUMBER,pale,M,illiterates_percentage,0.45
2013,NUMBER,pale,F,illiterates_percentage,2.59
2013,NUMBER,pelagicevo,_T,illiterates_percentage,4.39
2013,NUMBER,pelagicevo,M,illiterates_percentage,1.44
2013,NUMBER,pelagicevo,F,illiterates_percentage,7.26
2013,NUMBER,petrovac,_T,illiterates_percentage,1.86
2013,NUMBER,petrovac,M,illiterates_percentage,0.0
2013,NUMBER,petrovac,F,illiterates_percentage,3.49
2013,NUMBER,petrovo,_T,illiterates_percentage,4.2
2013,NUMBER,petrovo,M,illiterates_percentage,1.0
2013,NUMBER,petrovo,F,illiterates_percentage,7.14
2013,NUMBER,grad_prijedor,_T,illiterates_percentage,2.92
2013,NUMBER,grad_prijedor,M,illiterates_percentage,1.17
2013,NUMBER,grad_prijedor,F,illiterates_percentage,4.56
2013,NUMBER,prnjavor,_T,illiterates_percentage,4.51
2013,NUMBER,prnjavor,M,illiterates_percentage,1.35
2013,NUMBER,prnjavor,F,illiterates_percentage,7.46
2013,NUMBER,ribnik,_T,illiterates_percentage,8.5
2013,NUMBER,ribnik,M,illiterates_percentage,2.6
2013,NUMBER,ribnik,F,illiterates_percentage,14.25
2013,NUMBER,rogatica,_T,illiterates_percentage,3.76
2013,NUMBER,rogatica,M,illiterates_percentage,0.83
2013,NUMBER,rogatica,F,illiterates_percentage,6.56
2013,NUMBER,rudo,_T,illiterates_percentage,2.22
2013,NUMBER,rudo,M,illiterates_percentage,0.77
2013,NUMBER,rudo,F,illiterates_percentage,3.7
2013,NUMBER,sokolac,_T,illiterates_percentage,2.18
2013,NUMBER,sokolac,M,illiterates_percentage,0.48
2013,NUMBER,sokolac,F,illiterates_percentage,3.82
2013,NUMBER,srbac,_T,illiterates_percentage,3.5
2013,NUMBER,srbac,M,illiterates_percentage,1.35
2013,NUMBER,srbac,F,illiterates_percentage,5.55
2013,NUMBER,srebrenica,_T,illiterates_percentage,5.85
2013,NUMBER,srebrenica,M,illiterates_percentage,1.22
2013,NUMBER,srebrenica,F,illiterates_percentage,10.26
2013,NUMBER,teslic,_T,illiterates_percentage,5.93
2013,NUMBER,teslic,M,illiterates_percentage,1.43
2013,NUMBER,teslic,F,illiterates_percentage,10.0
2013,NUMBER,grad_trebinje,_T,illiterates_percentage,0.93
2013,NUMBER,grad_trebinje,M,illiterates_percentage,0.25
2013,NUMBER,grad_trebinje,F,illiterates_percentage,1.57
2013,NUMBER,trnovo,_T,illiterates_percentage,4.1
2013,NUMBER,trnovo,M,illiterates_percentage,1.13
2013,NUMBER,trnovo,F,illiterates_percentage,6.84
2013,NUMBER,ugljevik,_T,illiterates_percentage,3.29
2013,NUMBER,ugljevik,M,illiterates_percentage,0.99
2013,NUMBER,ugljevik,F,illiterates_percentage,5.61
2013,NUMBER,foca,_T,illiterates_percentage,2.41
2013,NUMBER,foca,M,illiterates_percentage,0.63
2013,NUMBER,foca,F,illiterates_percentage,4.21
2013,NUMBER,han_pijesak,_T,illiterates_percentage,2.76
2013,NUMBER,han_pijesak,M,illiterates_percentage,0.67
2013,NUMBER,han_pijesak,F,illiterates_percentage,4.61
2013,NUMBER,cajnice,_T,illiterates_percentage,3.26
2013,NUMBER,cajnice,M,illiterates_percentage,1.02
2013,NUMBER,cajnice,F,illiterates_percentage,5.55
2013,NUMBER,celinac,_T,illiterates_percentage,3.46
2013,NUMBER,celinac,M,illiterates_percentage,0.83
2013,NUMBER,celinac,F,illiterates_percentage,6.01
2013,NUMBER,samac,_T,illiterates_percentage,1.99
2013,NUMBER,samac,M,illiterates_percentage,0.76
2013,NUMBER,samac,F,illiterates_percentage,3.14
2013,NUMBER,sekovici,_T,illiterates_percentage,7.34
2013,NUMBER,sekovici,M,illiterates_percentage,2.89
2013,NUMBER,sekovici,F,illiterates_percentage,11.67
2013,NUMBER,sipovo,_T,illiterates_percentage,4.74
2013,NUMBER,sipovo,M,illiterates_percentage,1.07
2013,NUMBER,sipovo,F,illiterates_percentage,8.46
2013,NUMBER,republika_srpska,_T,unknown,10476.0
2013,NUMBER,republika_srpska,M,unknown,3675.0
2013,NUMBER,republika_srpska,F,unknown,6801.0
2013,NUMBER,grad_banja_luka,_T,unknown,1192.0
2013,NUMBER,grad_banja_luka,M,unknown,413.0
2013,NUMBER,grad_banja_luka,F,unknown,779.0
2013,NUMBER,berkovici,_T,unknown,27.0
2013,NUMBER,berkovici,M,unknown,10.0
2013,NUMBER,berkovici,F,unknown,17.0
2013,NUMBER,grad_bijeljina,_T,unknown,916.0
2013,NUMBER,grad_bijeljina,M,unknown,302.0
2013,NUMBER,grad_bijeljina,F,unknown,614.0
2013,NUMBER,bileca,_T,unknown,83.0
2013,NUMBER,bileca,M,unknown,27.0
2013,NUMBER,bileca,F,unknown,56.0
2013,NUMBER,bratunac,_T,unknown,239.0
2013,NUMBER,bratunac,M,unknown,80.0
2013,NUMBER,bratunac,F,unknown,159.0
2013,NUMBER,brod,_T,unknown,178.0
2013,NUMBER,brod,M,unknown,59.0
2013,NUMBER,brod,F,unknown,119.0
2013,NUMBER,visegrad,_T,unknown,91.0
2013,NUMBER,visegrad,M,unknown,32.0
2013,NUMBER,visegrad,F,unknown,59.0
2013,NUMBER,vlasenica,_T,unknown,185.0
2013,NUMBER,vlasenica,M,unknown,65.0
2013,NUMBER,vlasenica,F,unknown,120.0
2013,NUMBER,vukosavlje,_T,unknown,76.0
2013,NUMBER,vukosavlje,M,unknown,29.0
2013,NUMBER,vukosavlje,F,unknown,47.0
2013,NUMBER,gacko,_T,unknown,71.0
2013,NUMBER,gacko,M,unknown,24.0
2013,NUMBER,gacko,F,unknown,47.0
2013,NUMBER,grad_gradiska,_T,unknown,423.0
2013,NUMBER,grad_gradiska,M,unknown,163.0
2013,NUMBER,grad_gradiska,F,unknown,260.0
2013,NUMBER,grad_derventa,_T,unknown,368.0
2013,NUMBER,grad_derventa,M,unknown,135.0
2013,NUMBER,grad_derventa,F,unknown,233.0
2013,NUMBER,grad_doboj,_T,unknown,481.0
2013,NUMBER,grad_doboj,M,unknown,166.0
2013,NUMBER,grad_doboj,F,unknown,315.0
2013,NUMBER,donji_zabar,_T,unknown,81.0
2013,NUMBER,donji_zabar,M,unknown,33.0
2013,NUMBER,donji_zabar,F,unknown,48.0
2013,NUMBER,grad_zvornik,_T,unknown,666.0
2013,NUMBER,grad_zvornik,M,unknown,204.0
2013,NUMBER,grad_zvornik,F,unknown,462.0
2013,NUMBER,istocna_ilidza,_T,unknown,67.0
2013,NUMBER,istocna_ilidza,M,unknown,21.0
2013,NUMBER,istocna_ilidza,F,unknown,46.0
2013,NUMBER,istocni_drvar,_T,unknown,0.0
2013,NUMBER,istocni_drvar,M,unknown,0.0
2013,NUMBER,istocni_drvar,F,unknown,0.0
2013,NUMBER,istocni_mostar,_T,unknown,0.0
2013,NUMBER,istocni_mostar,M,unknown,0.0
2013,NUMBER,istocni_mostar,F,unknown,0.0
2013,NUMBER,istocni_stari_grad,_T,unknown,6.0
2013,NUMBER,istocni_stari_grad,M,unknown,2.0
2013,NUMBER,istocni_stari_grad,F,unknown,4.0
2013,NUMBER,istocno_novo_sarajevo,_T,unknown,36.0
2013,NUMBER,istocno_novo_sarajevo,M,unknown,12.0
2013,NUMBER,istocno_novo_sarajevo,F,unknown,24.0
2013,NUMBER,jezero,_T,unknown,6.0
2013,NUMBER,jezero,M,unknown,2.0
2013,NUMBER,jezero,F,unknown,4.0
2013,NUMBER,kalinovik,_T,unknown,12.0
2013,NUMBER,kalinovik,M,unknown,5.0
2013,NUMBER,kalinovik,F,unknown,7.0
2013,NUMBER,knezevo,_T,unknown,78.0
2013,NUMBER,knezevo,M,unknown,32.0
2013,NUMBER,knezevo,F,unknown,46.0
2013,NUMBER,kozarska_dubica,_T,unknown,124.0
2013,NUMBER,kozarska_dubica,M,unknown,48.0
2013,NUMBER,kozarska_dubica,F,unknown,76.0
2013,NUMBER,kostajnica,_T,unknown,34.0
2013,NUMBER,kostajnica,M,unknown,15.0
2013,NUMBER,kostajnica,F,unknown,19.0
2013,NUMBER,kotor_varos,_T,unknown,216.0
2013,NUMBER,kotor_varos,M,unknown,73.0
2013,NUMBER,kotor_varos,F,unknown,143.0
2013,NUMBER,krupa_na_uni,_T,unknown,4.0
2013,NUMBER,krupa_na_uni,M,unknown,1.0
2013,NUMBER,krupa_na_uni,F,unknown,3.0
2013,NUMBER,kupres,_T,unknown,1.0
2013,NUMBER,kupres,M,unknown,0.0
2013,NUMBER,kupres,F,unknown,1.0
2013,NUMBER,laktasi,_T,unknown,314.0
2013,NUMBER,laktasi,M,unknown,117.0
2013,NUMBER,laktasi,F,unknown,197.0
2013,NUMBER,lopare,_T,unknown,156.0
2013,NUMBER,lopare,M,unknown,62.0
2013,NUMBER,lopare,F,unknown,94.0
2013,NUMBER,ljubinje,_T,unknown,22.0
2013,NUMBER,ljubinje,M,unknown,7.0
2013,NUMBER,ljubinje,F,unknown,15.0
2013,NUMBER,milici,_T,unknown,157.0
2013,NUMBER,milici,M,unknown,42.0
2013,NUMBER,milici,F,unknown,115.0
2013,NUMBER,modrica,_T,unknown,346.0
2013,NUMBER,modrica,M,unknown,128.0
2013,NUMBER,modrica,F,unknown,218.0
2013,NUMBER,mrkonjic_grad,_T,unknown,177.0
2013,NUMBER,mrkonjic_grad,M,unknown,65.0
2013,NUMBER,mrkonjic_grad,F,unknown,112.0
2013,NUMBER,nevesinje,_T,unknown,95.0
2013,NUMBER,nevesinje,M,unknown,40.0
2013,NUMBER,nevesinje,F,unknown,55.0
2013,NUMBER,novi_grad,_T,unknown,265.0
2013,NUMBER,novi_grad,M,unknown,96.0
2013,NUMBER,novi_grad,F,unknown,169.0
2013,NUMBER,novo_gorazde,_T,unknown,16.0
2013,NUMBER,novo_gorazde,M,unknown,3.0
2013,NUMBER,novo_gorazde,F,unknown,13.0
2013,NUMBER,osmaci,_T,unknown,41.0
2013,NUMBER,osmaci,M,unknown,15.0
2013,NUMBER,osmaci,F,unknown,26.0
2013,NUMBER,ostra_luka,_T,unknown,19.0
2013,NUMBER,ostra_luka,M,unknown,10.0
2013,NUMBER,ostra_luka,F,unknown,9.0
2013,NUMBER,pale,_T,unknown,99.0
2013,NUMBER,pale,M,unknown,31.0
2013,NUMBER,pale,F,unknown,68.0
2013,NUMBER,pelagicevo,_T,unknown,132.0
2013,NUMBER,pelagicevo,M,unknown,59.0
2013,NUMBER,pelagicevo,F,unknown,73.0
2013,NUMBER,petrovac,_T,unknown,1.0
2013,NUMBER,petrovac,M,unknown,1.0
2013,NUMBER,petrovac,F,unknown,0.0
2013,NUMBER,petrovo,_T,unknown,35.0
2013,NUMBER,petrovo,M,unknown,13.0
2013,NUMBER,petrovo,F,unknown,22.0
2013,NUMBER,grad_prijedor,_T,unknown,816.0
2013,NUMBER,grad_prijedor,M,unknown,283.0
2013,NUMBER,grad_prijedor,F,unknown,533.0
2013,NUMBER,prnjavor,_T,unknown,223.0
2013,NUMBER,prnjavor,M,unknown,90.0
2013,NUMBER,prnjavor,F,unknown,133.0
2013,NUMBER,ribnik,_T,unknown,41.0
2013,NUMBER,ribnik,M,unknown,13.0
2013,NUMBER,ribnik,F,unknown,28.0
2013,NUMBER,rogatica,_T,unknown,110.0
2013,NUMBER,rogatica,M,unknown,24.0
2013,NUMBER,rogatica,F,unknown,86.0
2013,NUMBER,rudo,_T,unknown,40.0
2013,NUMBER,rudo,M,unknown,16.0
2013,NUMBER,rudo,F,unknown,24.0
2013,NUMBER,sokolac,_T,unknown,69.0
2013,NUMBER,sokolac,M,unknown,29.0
2013,NUMBER,sokolac,F,unknown,40.0
2013,NUMBER,srbac,_T,unknown,250.0
2013,NUMBER,srbac,M,unknown,90.0
2013,NUMBER,srbac,F,unknown,160.0
2013,NUMBER,srebrenica,_T,unknown,134.0
2013,NUMBER,srebrenica,M,unknown,26.0
2013,NUMBER,srebrenica,F,unknown,108.0
2013,NUMBER,teslic,_T,unknown,346.0
2013,NUMBER,teslic,M,unknown,124.0
2013,NUMBER,teslic,F,unknown,222.0
2013,NUMBER,grad_trebinje,_T,unknown,188.0
2013,NUMBER,grad_trebinje,M,unknown,59.0
2013,NUMBER,grad_trebinje,F,unknown,129.0
2013,NUMBER,trnovo,_T,unknown,12.0
2013,NUMBER,trnovo,M,unknown,4.0
2013,NUMBER,trnovo,F,unknown,8.0
2013,NUMBER,ugljevik,_T,unknown,98.0
2013,NUMBER,ugljevik,M,unknown,37.0
2013,NUMBER,ugljevik,F,unknown,61.0
2013,NUMBER,foca,_T,unknown,128.0
2013,NUMBER,foca,M,unknown,51.0
2013,NUMBER,foca,F,unknown,77.0
2013,NUMBER,han_pijesak,_T,unknown,13.0
2013,NUMBER,han_pijesak,M,unknown,4.0
2013,NUMBER,han_pijesak,F,unknown,9.0
2013,NUMBER,cajnice,_T,unknown,24.0
2013,NUMBER,cajnice,M,unknown,9.0
2013,NUMBER,cajnice,F,unknown,15.0
2013,NUMBER,celinac,_T,unknown,126.0
2013,NUMBER,celinac,M,unknown,54.0
2013,NUMBER,celinac,F,unknown,72.0
2013,NUMBER,samac,_T,unknown,185.0
2013,NUMBER,samac,M,unknown,64.0
2013,NUMBER,samac,F,unknown,121.0
2013,NUMBER,sekovici,_T,unknown,65.0
2013,NUMBER,sekovici,M,unknown,27.0
2013,NUMBER,sekovici,F,unknown,38.0
2013,NUMBER,sipovo,_T,unknown,72.0
2013,NUMBER,sipovo,M,unknown,29.0
2013,NUMBER,sipovo,F,unknown,43.0
