Year,UNIT_MEASURE,ADMIN_AREA,SEX,Disabilities,Value
2013,NUMBER,republika_srpska,_T,_T,102262
2013,NUMBER,republika_srpska,M,_T,46720
2013,NUMBER,republika_srpska,F,_T,55542
2013,NUMBER,grad_banja_luka,_T,_T,13450
2013,NUMBER,grad_banja_luka,M,_T,6251
2013,NUMBER,grad_banja_luka,F,_T,7199
2013,NUMBER,berkovici,_T,_T,165
2013,NUMBER,berkovici,M,_T,75
2013,NUMBER,berkovici,F,_T,90
2013,NUMBER,grad_bijeljina,_T,_T,8763
2013,NUMBER,grad_bijeljina,M,_T,3967
2013,NUMBER,grad_bijeljina,F,_T,4796
2013,NUMBER,bileca,_T,_T,813
2013,NUMBER,bileca,M,_T,339
2013,NUMBER,bileca,F,_T,474
2013,NUMBER,bratunac,_T,_T,1534
2013,NUMBER,bratunac,M,_T,688
2013,NUMBER,bratunac,F,_T,846
2013,NUMBER,brod,_T,_T,1420
2013,NUMBER,brod,M,_T,658
2013,NUMBER,brod,F,_T,762
2013,NUMBER,visegrad,_T,_T,1097
2013,NUMBER,visegrad,M,_T,422
2013,NUMBER,visegrad,F,_T,675
2013,NUMBER,vlasenica,_T,_T,786
2013,NUMBER,vlasenica,M,_T,393
2013,NUMBER,vlasenica,F,_T,393
2013,NUMBER,vukosavlje,_T,_T,472
2013,NUMBER,vukosavlje,M,_T,226
2013,NUMBER,vukosavlje,F,_T,246
2013,NUMBER,gacko,_T,_T,597
2013,NUMBER,gacko,M,_T,261
2013,NUMBER,gacko,F,_T,336
2013,NUMBER,grad_gradiska,_T,_T,4427
2013,NUMBER,grad_gradiska,M,_T,1965
2013,NUMBER,grad_gradiska,F,_T,2462
2013,NUMBER,grad_derventa,_T,_T,2529
2013,NUMBER,grad_derventa,M,_T,1153
2013,NUMBER,grad_derventa,F,_T,1376
2013,NUMBER,grad_doboj,_T,_T,7404
2013,NUMBER,grad_doboj,M,_T,3292
2013,NUMBER,grad_doboj,F,_T,4112
2013,NUMBER,donji_zabar,_T,_T,313
2013,NUMBER,donji_zabar,M,_T,146
2013,NUMBER,donji_zabar,F,_T,167
2013,NUMBER,grad_zvornik,_T,_T,4328
2013,NUMBER,grad_zvornik,M,_T,2027
2013,NUMBER,grad_zvornik,F,_T,2301
2013,NUMBER,istocna_ilidza,_T,_T,1025
2013,NUMBER,istocna_ilidza,M,_T,464
2013,NUMBER,istocna_ilidza,F,_T,561
2013,NUMBER,istocni_drvar,_T,_T,9
2013,NUMBER,istocni_drvar,M,_T,5
2013,NUMBER,istocni_drvar,F,_T,4
2013,NUMBER,istocni_mostar,_T,_T,14
2013,NUMBER,istocni_mostar,M,_T,4
2013,NUMBER,istocni_mostar,F,_T,10
2013,NUMBER,istocni_stari_grad,_T,_T,100
2013,NUMBER,istocni_stari_grad,M,_T,42
2013,NUMBER,istocni_stari_grad,F,_T,58
2013,NUMBER,istocno_novo_sarajevo,_T,_T,611
2013,NUMBER,istocno_novo_sarajevo,M,_T,276
2013,NUMBER,istocno_novo_sarajevo,F,_T,335
2013,NUMBER,jezero,_T,_T,80
2013,NUMBER,jezero,M,_T,37
2013,NUMBER,jezero,F,_T,43
2013,NUMBER,kalinovik,_T,_T,203
2013,NUMBER,kalinovik,M,_T,88
2013,NUMBER,kalinovik,F,_T,115
2013,NUMBER,knezevo,_T,_T,933
2013,NUMBER,knezevo,M,_T,449
2013,NUMBER,knezevo,F,_T,484
2013,NUMBER,kozarska_dubica,_T,_T,2078
2013,NUMBER,kozarska_dubica,M,_T,919
2013,NUMBER,kozarska_dubica,F,_T,1159
2013,NUMBER,kostajnica,_T,_T,475
2013,NUMBER,kostajnica,M,_T,216
2013,NUMBER,kostajnica,F,_T,259
2013,NUMBER,kotor_varos,_T,_T,1857
2013,NUMBER,kotor_varos,M,_T,865
2013,NUMBER,kotor_varos,F,_T,992
2013,NUMBER,krupa_na_uni,_T,_T,204
2013,NUMBER,krupa_na_uni,M,_T,93
2013,NUMBER,krupa_na_uni,F,_T,111
2013,NUMBER,kupres,_T,_T,49
2013,NUMBER,kupres,M,_T,27
2013,NUMBER,kupres,F,_T,22
2013,NUMBER,laktasi,_T,_T,2445
2013,NUMBER,laktasi,M,_T,1196
2013,NUMBER,laktasi,F,_T,1249
2013,NUMBER,lopare,_T,_T,1612
2013,NUMBER,lopare,M,_T,791
2013,NUMBER,lopare,F,_T,821
2013,NUMBER,ljubinje,_T,_T,197
2013,NUMBER,ljubinje,M,_T,84
2013,NUMBER,ljubinje,F,_T,113
2013,NUMBER,milici,_T,_T,860
2013,NUMBER,milici,M,_T,392
2013,NUMBER,milici,F,_T,468
2013,NUMBER,modrica,_T,_T,2458
2013,NUMBER,modrica,M,_T,1119
2013,NUMBER,modrica,F,_T,1339
2013,NUMBER,mrkonjic_grad,_T,_T,1300
2013,NUMBER,mrkonjic_grad,M,_T,602
2013,NUMBER,mrkonjic_grad,F,_T,698
2013,NUMBER,nevesinje,_T,_T,876
2013,NUMBER,nevesinje,M,_T,379
2013,NUMBER,nevesinje,F,_T,497
2013,NUMBER,novi_grad,_T,_T,2687
2013,NUMBER,novi_grad,M,_T,1179
2013,NUMBER,novi_grad,F,_T,1508
2013,NUMBER,novo_gorazde,_T,_T,206
2013,NUMBER,novo_gorazde,M,_T,101
2013,NUMBER,novo_gorazde,F,_T,105
2013,NUMBER,osmaci,_T,_T,513
2013,NUMBER,osmaci,M,_T,234
2013,NUMBER,osmaci,F,_T,279
2013,NUMBER,ostra_luka,_T,_T,394
2013,NUMBER,ostra_luka,M,_T,205
2013,NUMBER,ostra_luka,F,_T,189
2013,NUMBER,pale,_T,_T,1289
2013,NUMBER,pale,M,_T,594
2013,NUMBER,pale,F,_T,695
2013,NUMBER,pelagicevo,_T,_T,688
2013,NUMBER,pelagicevo,M,_T,299
2013,NUMBER,pelagicevo,F,_T,389
2013,NUMBER,petrovac,_T,_T,16
2013,NUMBER,petrovac,M,_T,6
2013,NUMBER,petrovac,F,_T,10
2013,NUMBER,petrovo,_T,_T,944
2013,NUMBER,petrovo,M,_T,399
2013,NUMBER,petrovo,F,_T,545
2013,NUMBER,grad_prijedor,_T,_T,7173
2013,NUMBER,grad_prijedor,M,_T,3333
2013,NUMBER,grad_prijedor,F,_T,3840
2013,NUMBER,prnjavor,_T,_T,3309
2013,NUMBER,prnjavor,M,_T,1497
2013,NUMBER,prnjavor,F,_T,1812
2013,NUMBER,ribnik,_T,_T,701
2013,NUMBER,ribnik,M,_T,323
2013,NUMBER,ribnik,F,_T,378
2013,NUMBER,rogatica,_T,_T,1012
2013,NUMBER,rogatica,M,_T,464
2013,NUMBER,rogatica,F,_T,548
2013,NUMBER,rudo,_T,_T,596
2013,NUMBER,rudo,M,_T,258
2013,NUMBER,rudo,F,_T,338
2013,NUMBER,sokolac,_T,_T,944
2013,NUMBER,sokolac,M,_T,422
2013,NUMBER,sokolac,F,_T,522
2013,NUMBER,srbac,_T,_T,1526
2013,NUMBER,srbac,M,_T,714
2013,NUMBER,srbac,F,_T,812
2013,NUMBER,srebrenica,_T,_T,1061
2013,NUMBER,srebrenica,M,_T,447
2013,NUMBER,srebrenica,F,_T,614
2013,NUMBER,teslic,_T,_T,3562
2013,NUMBER,teslic,M,_T,1683
2013,NUMBER,teslic,F,_T,1879
2013,NUMBER,grad_trebinje,_T,_T,1860
2013,NUMBER,grad_trebinje,M,_T,823
2013,NUMBER,grad_trebinje,F,_T,1037
2013,NUMBER,trnovo,_T,_T,171
2013,NUMBER,trnovo,M,_T,70
2013,NUMBER,trnovo,F,_T,101
2013,NUMBER,ugljevik,_T,_T,1179
2013,NUMBER,ugljevik,M,_T,532
2013,NUMBER,ugljevik,F,_T,647
2013,NUMBER,foca,_T,_T,1473
2013,NUMBER,foca,M,_T,725
2013,NUMBER,foca,F,_T,748
2013,NUMBER,han_pijesak,_T,_T,269
2013,NUMBER,han_pijesak,M,_T,99
2013,NUMBER,han_pijesak,F,_T,170
2013,NUMBER,cajnice,_T,_T,461
2013,NUMBER,cajnice,M,_T,208
2013,NUMBER,cajnice,F,_T,253
2013,NUMBER,celinac,_T,_T,1672
2013,NUMBER,celinac,M,_T,800
2013,NUMBER,celinac,F,_T,872
2013,NUMBER,samac,_T,_T,1634
2013,NUMBER,samac,M,_T,724
2013,NUMBER,samac,F,_T,910
2013,NUMBER,sekovici,_T,_T,595
2013,NUMBER,sekovici,M,_T,279
2013,NUMBER,sekovici,F,_T,316
2013,NUMBER,sipovo,_T,_T,843
2013,NUMBER,sipovo,M,_T,391
2013,NUMBER,sipovo,F,_T,452
2013,NUMBER,republika_srpska,_T,eyesight,43020
2013,NUMBER,republika_srpska,M,eyesight,18052
2013,NUMBER,republika_srpska,F,eyesight,24968
2013,NUMBER,grad_banja_luka,_T,eyesight,5370
2013,NUMBER,grad_banja_luka,M,eyesight,2232
2013,NUMBER,grad_banja_luka,F,eyesight,3138
2013,NUMBER,berkovici,_T,eyesight,73
2013,NUMBER,berkovici,M,eyesight,33
2013,NUMBER,berkovici,F,eyesight,40
2013,NUMBER,grad_bijeljina,_T,eyesight,3450
2013,NUMBER,grad_bijeljina,M,eyesight,1424
2013,NUMBER,grad_bijeljina,F,eyesight,2026
2013,NUMBER,bileca,_T,eyesight,375
2013,NUMBER,bileca,M,eyesight,159
2013,NUMBER,bileca,F,eyesight,216
2013,NUMBER,bratunac,_T,eyesight,791
2013,NUMBER,bratunac,M,eyesight,328
2013,NUMBER,bratunac,F,eyesight,463
2013,NUMBER,brod,_T,eyesight,596
2013,NUMBER,brod,M,eyesight,252
2013,NUMBER,brod,F,eyesight,344
2013,NUMBER,visegrad,_T,eyesight,409
2013,NUMBER,visegrad,M,eyesight,162
2013,NUMBER,visegrad,F,eyesight,247
2013,NUMBER,vlasenica,_T,eyesight,372
2013,NUMBER,vlasenica,M,eyesight,171
2013,NUMBER,vlasenica,F,eyesight,201
2013,NUMBER,vukosavlje,_T,eyesight,157
2013,NUMBER,vukosavlje,M,eyesight,74
2013,NUMBER,vukosavlje,F,eyesight,83
2013,NUMBER,gacko,_T,eyesight,245
2013,NUMBER,gacko,M,eyesight,107
2013,NUMBER,gacko,F,eyesight,138
2013,NUMBER,grad_gradiska,_T,eyesight,1881
2013,NUMBER,grad_gradiska,M,eyesight,754
2013,NUMBER,grad_gradiska,F,eyesight,1127
2013,NUMBER,grad_derventa,_T,eyesight,1172
2013,NUMBER,grad_derventa,M,eyesight,476
2013,NUMBER,grad_derventa,F,eyesight,696
2013,NUMBER,grad_doboj,_T,eyesight,3265
2013,NUMBER,grad_doboj,M,eyesight,1332
2013,NUMBER,grad_doboj,F,eyesight,1933
2013,NUMBER,donji_zabar,_T,eyesight,122
2013,NUMBER,donji_zabar,M,eyesight,50
2013,NUMBER,donji_zabar,F,eyesight,72
2013,NUMBER,grad_zvornik,_T,eyesight,1920
2013,NUMBER,grad_zvornik,M,eyesight,842
2013,NUMBER,grad_zvornik,F,eyesight,1078
2013,NUMBER,istocna_ilidza,_T,eyesight,423
2013,NUMBER,istocna_ilidza,M,eyesight,183
2013,NUMBER,istocna_ilidza,F,eyesight,240
2013,NUMBER,istocni_drvar,_T,eyesight,5
2013,NUMBER,istocni_drvar,M,eyesight,2
2013,NUMBER,istocni_drvar,F,eyesight,3
2013,NUMBER,istocni_mostar,_T,eyesight,9
2013,NUMBER,istocni_mostar,M,eyesight,3
2013,NUMBER,istocni_mostar,F,eyesight,6
2013,NUMBER,istocni_stari_grad,_T,eyesight,49
2013,NUMBER,istocni_stari_grad,M,eyesight,22
2013,NUMBER,istocni_stari_grad,F,eyesight,27
2013,NUMBER,istocno_novo_sarajevo,_T,eyesight,255
2013,NUMBER,istocno_novo_sarajevo,M,eyesight,90
2013,NUMBER,istocno_novo_sarajevo,F,eyesight,165
2013,NUMBER,jezero,_T,eyesight,44
2013,NUMBER,jezero,M,eyesight,18
2013,NUMBER,jezero,F,eyesight,26
2013,NUMBER,kalinovik,_T,eyesight,87
2013,NUMBER,kalinovik,M,eyesight,35
2013,NUMBER,kalinovik,F,eyesight,52
2013,NUMBER,knezevo,_T,eyesight,355
2013,NUMBER,knezevo,M,eyesight,159
2013,NUMBER,knezevo,F,eyesight,196
2013,NUMBER,kozarska_dubica,_T,eyesight,788
2013,NUMBER,kozarska_dubica,M,eyesight,329
2013,NUMBER,kozarska_dubica,F,eyesight,459
2013,NUMBER,kostajnica,_T,eyesight,226
2013,NUMBER,kostajnica,M,eyesight,104
2013,NUMBER,kostajnica,F,eyesight,122
2013,NUMBER,kotor_varos,_T,eyesight,894
2013,NUMBER,kotor_varos,M,eyesight,374
2013,NUMBER,kotor_varos,F,eyesight,520
2013,NUMBER,krupa_na_uni,_T,eyesight,98
2013,NUMBER,krupa_na_uni,M,eyesight,47
2013,NUMBER,krupa_na_uni,F,eyesight,51
2013,NUMBER,kupres,_T,eyesight,12
2013,NUMBER,kupres,M,eyesight,8
2013,NUMBER,kupres,F,eyesight,4
2013,NUMBER,laktasi,_T,eyesight,1042
2013,NUMBER,laktasi,M,eyesight,460
2013,NUMBER,laktasi,F,eyesight,582
2013,NUMBER,lopare,_T,eyesight,691
2013,NUMBER,lopare,M,eyesight,297
2013,NUMBER,lopare,F,eyesight,394
2013,NUMBER,ljubinje,_T,eyesight,82
2013,NUMBER,ljubinje,M,eyesight,36
2013,NUMBER,ljubinje,F,eyesight,46
2013,NUMBER,milici,_T,eyesight,390
2013,NUMBER,milici,M,eyesight,165
2013,NUMBER,milici,F,eyesight,225
2013,NUMBER,modrica,_T,eyesight,990
2013,NUMBER,modrica,M,eyesight,443
2013,NUMBER,modrica,F,eyesight,547
2013,NUMBER,mrkonjic_grad,_T,eyesight,524
2013,NUMBER,mrkonjic_grad,M,eyesight,227
2013,NUMBER,mrkonjic_grad,F,eyesight,297
2013,NUMBER,nevesinje,_T,eyesight,401
2013,NUMBER,nevesinje,M,eyesight,187
2013,NUMBER,nevesinje,F,eyesight,214
2013,NUMBER,novi_grad,_T,eyesight,1236
2013,NUMBER,novi_grad,M,eyesight,483
2013,NUMBER,novi_grad,F,eyesight,753
2013,NUMBER,novo_gorazde,_T,eyesight,86
2013,NUMBER,novo_gorazde,M,eyesight,35
2013,NUMBER,novo_gorazde,F,eyesight,51
2013,NUMBER,osmaci,_T,eyesight,243
2013,NUMBER,osmaci,M,eyesight,102
2013,NUMBER,osmaci,F,eyesight,141
2013,NUMBER,ostra_luka,_T,eyesight,176
2013,NUMBER,ostra_luka,M,eyesight,88
2013,NUMBER,ostra_luka,F,eyesight,88
2013,NUMBER,pale,_T,eyesight,492
2013,NUMBER,pale,M,eyesight,213
2013,NUMBER,pale,F,eyesight,279
2013,NUMBER,pelagicevo,_T,eyesight,310
2013,NUMBER,pelagicevo,M,eyesight,132
2013,NUMBER,pelagicevo,F,eyesight,178
2013,NUMBER,petrovac,_T,eyesight,6
2013,NUMBER,petrovac,M,eyesight,2
2013,NUMBER,petrovac,F,eyesight,4
2013,NUMBER,petrovo,_T,eyesight,433
2013,NUMBER,petrovo,M,eyesight,178
2013,NUMBER,petrovo,F,eyesight,255
2013,NUMBER,grad_prijedor,_T,eyesight,2857
2013,NUMBER,grad_prijedor,M,eyesight,1209
2013,NUMBER,grad_prijedor,F,eyesight,1648
2013,NUMBER,prnjavor,_T,eyesight,1364
2013,NUMBER,prnjavor,M,eyesight,564
2013,NUMBER,prnjavor,F,eyesight,800
2013,NUMBER,ribnik,_T,eyesight,293
2013,NUMBER,ribnik,M,eyesight,137
2013,NUMBER,ribnik,F,eyesight,156
2013,NUMBER,rogatica,_T,eyesight,418
2013,NUMBER,rogatica,M,eyesight,174
2013,NUMBER,rogatica,F,eyesight,244
2013,NUMBER,rudo,_T,eyesight,231
2013,NUMBER,rudo,M,eyesight,98
2013,NUMBER,rudo,F,eyesight,133
2013,NUMBER,sokolac,_T,eyesight,368
2013,NUMBER,sokolac,M,eyesight,161
2013,NUMBER,sokolac,F,eyesight,207
2013,NUMBER,srbac,_T,eyesight,684
2013,NUMBER,srbac,M,eyesight,291
2013,NUMBER,srbac,F,eyesight,393
2013,NUMBER,srebrenica,_T,eyesight,487
2013,NUMBER,srebrenica,M,eyesight,176
2013,NUMBER,srebrenica,F,eyesight,311
2013,NUMBER,teslic,_T,eyesight,1451
2013,NUMBER,teslic,M,eyesight,633
2013,NUMBER,teslic,F,eyesight,818
2013,NUMBER,grad_trebinje,_T,eyesight,736
2013,NUMBER,grad_trebinje,M,eyesight,297
2013,NUMBER,grad_trebinje,F,eyesight,439
2013,NUMBER,trnovo,_T,eyesight,62
2013,NUMBER,trnovo,M,eyesight,25
2013,NUMBER,trnovo,F,eyesight,37
2013,NUMBER,ugljevik,_T,eyesight,488
2013,NUMBER,ugljevik,M,eyesight,202
2013,NUMBER,ugljevik,F,eyesight,286
2013,NUMBER,foca,_T,eyesight,605
2013,NUMBER,foca,M,eyesight,263
2013,NUMBER,foca,F,eyesight,342
2013,NUMBER,han_pijesak,_T,eyesight,102
2013,NUMBER,han_pijesak,M,eyesight,36
2013,NUMBER,han_pijesak,F,eyesight,66
2013,NUMBER,cajnice,_T,eyesight,219
2013,NUMBER,cajnice,M,eyesight,93
2013,NUMBER,cajnice,F,eyesight,126
2013,NUMBER,celinac,_T,eyesight,752
2013,NUMBER,celinac,M,eyesight,313
2013,NUMBER,celinac,F,eyesight,439
2013,NUMBER,samac,_T,eyesight,679
2013,NUMBER,samac,M,eyesight,277
2013,NUMBER,samac,F,eyesight,402
2013,NUMBER,sekovici,_T,eyesight,307
2013,NUMBER,sekovici,M,eyesight,130
2013,NUMBER,sekovici,F,eyesight,177
2013,NUMBER,sipovo,_T,eyesight,372
2013,NUMBER,sipovo,M,eyesight,155
2013,NUMBER,sipovo,F,eyesight,217
2013,NUMBER,republika_srpska,_T,hearing,26055
2013,NUMBER,republika_srpska,M,hearing,12971
2013,NUMBER,republika_srpska,F,hearing,13084
2013,NUMBER,grad_banja_luka,_T,hearing,3262
2013,NUMBER,grad_banja_luka,M,hearing,1678
2013,NUMBER,grad_banja_luka,F,hearing,1584
2013,NUMBER,berkovici,_T,hearing,48
2013,NUMBER,berkovici,M,hearing,28
2013,NUMBER,berkovici,F,hearing,20
2013,NUMBER,grad_bijeljina,_T,hearing,2026
2013,NUMBER,grad_bijeljina,M,hearing,1028
2013,NUMBER,grad_bijeljina,F,hearing,998
2013,NUMBER,bileca,_T,hearing,240
2013,NUMBER,bileca,M,hearing,122
2013,NUMBER,bileca,F,hearing,118
2013,NUMBER,bratunac,_T,hearing,420
2013,NUMBER,bratunac,M,hearing,196
2013,NUMBER,bratunac,F,hearing,224
2013,NUMBER,brod,_T,hearing,322
2013,NUMBER,brod,M,hearing,168
2013,NUMBER,brod,F,hearing,154
2013,NUMBER,visegrad,_T,hearing,276
2013,NUMBER,visegrad,M,hearing,128
2013,NUMBER,visegrad,F,hearing,148
2013,NUMBER,vlasenica,_T,hearing,236
2013,NUMBER,vlasenica,M,hearing,117
2013,NUMBER,vlasenica,F,hearing,119
2013,NUMBER,vukosavlje,_T,hearing,107
2013,NUMBER,vukosavlje,M,hearing,49
2013,NUMBER,vukosavlje,F,hearing,58
2013,NUMBER,gacko,_T,hearing,172
2013,NUMBER,gacko,M,hearing,80
2013,NUMBER,gacko,F,hearing,92
2013,NUMBER,grad_gradiska,_T,hearing,1110
2013,NUMBER,grad_gradiska,M,hearing,525
2013,NUMBER,grad_gradiska,F,hearing,585
2013,NUMBER,grad_derventa,_T,hearing,655
2013,NUMBER,grad_derventa,M,hearing,320
2013,NUMBER,grad_derventa,F,hearing,335
2013,NUMBER,grad_doboj,_T,hearing,1902
2013,NUMBER,grad_doboj,M,hearing,925
2013,NUMBER,grad_doboj,F,hearing,977
2013,NUMBER,donji_zabar,_T,hearing,81
2013,NUMBER,donji_zabar,M,hearing,50
2013,NUMBER,donji_zabar,F,hearing,31
2013,NUMBER,grad_zvornik,_T,hearing,1157
2013,NUMBER,grad_zvornik,M,hearing,580
2013,NUMBER,grad_zvornik,F,hearing,577
2013,NUMBER,istocna_ilidza,_T,hearing,267
2013,NUMBER,istocna_ilidza,M,hearing,123
2013,NUMBER,istocna_ilidza,F,hearing,144
2013,NUMBER,istocni_drvar,_T,hearing,4
2013,NUMBER,istocni_drvar,M,hearing,1
2013,NUMBER,istocni_drvar,F,hearing,3
2013,NUMBER,istocni_mostar,_T,hearing,7
2013,NUMBER,istocni_mostar,M,hearing,1
2013,NUMBER,istocni_mostar,F,hearing,6
2013,NUMBER,istocni_stari_grad,_T,hearing,29
2013,NUMBER,istocni_stari_grad,M,hearing,15
2013,NUMBER,istocni_stari_grad,F,hearing,14
2013,NUMBER,istocno_novo_sarajevo,_T,hearing,153
2013,NUMBER,istocno_novo_sarajevo,M,hearing,76
2013,NUMBER,istocno_novo_sarajevo,F,hearing,77
2013,NUMBER,jezero,_T,hearing,34
2013,NUMBER,jezero,M,hearing,18
2013,NUMBER,jezero,F,hearing,16
2013,NUMBER,kalinovik,_T,hearing,56
2013,NUMBER,kalinovik,M,hearing,25
2013,NUMBER,kalinovik,F,hearing,31
2013,NUMBER,knezevo,_T,hearing,251
2013,NUMBER,knezevo,M,hearing,127
2013,NUMBER,knezevo,F,hearing,124
2013,NUMBER,kozarska_dubica,_T,hearing,490
2013,NUMBER,kozarska_dubica,M,hearing,237
2013,NUMBER,kozarska_dubica,F,hearing,253
2013,NUMBER,kostajnica,_T,hearing,123
2013,NUMBER,kostajnica,M,hearing,65
2013,NUMBER,kostajnica,F,hearing,58
2013,NUMBER,kotor_varos,_T,hearing,485
2013,NUMBER,kotor_varos,M,hearing,244
2013,NUMBER,kotor_varos,F,hearing,241
2013,NUMBER,krupa_na_uni,_T,hearing,59
2013,NUMBER,krupa_na_uni,M,hearing,36
2013,NUMBER,krupa_na_uni,F,hearing,23
2013,NUMBER,kupres,_T,hearing,14
2013,NUMBER,kupres,M,hearing,10
2013,NUMBER,kupres,F,hearing,4
2013,NUMBER,laktasi,_T,hearing,610
2013,NUMBER,laktasi,M,hearing,322
2013,NUMBER,laktasi,F,hearing,288
2013,NUMBER,lopare,_T,hearing,400
2013,NUMBER,lopare,M,hearing,187
2013,NUMBER,lopare,F,hearing,213
2013,NUMBER,ljubinje,_T,hearing,68
2013,NUMBER,ljubinje,M,hearing,33
2013,NUMBER,ljubinje,F,hearing,35
2013,NUMBER,milici,_T,hearing,209
2013,NUMBER,milici,M,hearing,98
2013,NUMBER,milici,F,hearing,111
2013,NUMBER,modrica,_T,hearing,623
2013,NUMBER,modrica,M,hearing,318
2013,NUMBER,modrica,F,hearing,305
2013,NUMBER,mrkonjic_grad,_T,hearing,388
2013,NUMBER,mrkonjic_grad,M,hearing,188
2013,NUMBER,mrkonjic_grad,F,hearing,200
2013,NUMBER,nevesinje,_T,hearing,254
2013,NUMBER,nevesinje,M,hearing,119
2013,NUMBER,nevesinje,F,hearing,135
2013,NUMBER,novi_grad,_T,hearing,706
2013,NUMBER,novi_grad,M,hearing,334
2013,NUMBER,novi_grad,F,hearing,372
2013,NUMBER,novo_gorazde,_T,hearing,57
2013,NUMBER,novo_gorazde,M,hearing,31
2013,NUMBER,novo_gorazde,F,hearing,26
2013,NUMBER,osmaci,_T,hearing,144
2013,NUMBER,osmaci,M,hearing,71
2013,NUMBER,osmaci,F,hearing,73
2013,NUMBER,ostra_luka,_T,hearing,97
2013,NUMBER,ostra_luka,M,hearing,65
2013,NUMBER,ostra_luka,F,hearing,32
2013,NUMBER,pale,_T,hearing,318
2013,NUMBER,pale,M,hearing,164
2013,NUMBER,pale,F,hearing,154
2013,NUMBER,pelagicevo,_T,hearing,167
2013,NUMBER,pelagicevo,M,hearing,74
2013,NUMBER,pelagicevo,F,hearing,93
2013,NUMBER,petrovac,_T,hearing,4
2013,NUMBER,petrovac,M,hearing,1
2013,NUMBER,petrovac,F,hearing,3
2013,NUMBER,petrovo,_T,hearing,257
2013,NUMBER,petrovo,M,hearing,134
2013,NUMBER,petrovo,F,hearing,123
2013,NUMBER,grad_prijedor,_T,hearing,1805
2013,NUMBER,grad_prijedor,M,hearing,944
2013,NUMBER,grad_prijedor,F,hearing,861
2013,NUMBER,prnjavor,_T,hearing,812
2013,NUMBER,prnjavor,M,hearing,383
2013,NUMBER,prnjavor,F,hearing,429
2013,NUMBER,ribnik,_T,hearing,199
2013,NUMBER,ribnik,M,hearing,97
2013,NUMBER,ribnik,F,hearing,102
2013,NUMBER,rogatica,_T,hearing,307
2013,NUMBER,rogatica,M,hearing,150
2013,NUMBER,rogatica,F,hearing,157
2013,NUMBER,rudo,_T,hearing,169
2013,NUMBER,rudo,M,hearing,83
2013,NUMBER,rudo,F,hearing,86
2013,NUMBER,sokolac,_T,hearing,257
2013,NUMBER,sokolac,M,hearing,121
2013,NUMBER,sokolac,F,hearing,136
2013,NUMBER,srbac,_T,hearing,423
2013,NUMBER,srbac,M,hearing,212
2013,NUMBER,srbac,F,hearing,211
2013,NUMBER,srebrenica,_T,hearing,229
2013,NUMBER,srebrenica,M,hearing,109
2013,NUMBER,srebrenica,F,hearing,120
2013,NUMBER,teslic,_T,hearing,881
2013,NUMBER,teslic,M,hearing,435
2013,NUMBER,teslic,F,hearing,446
2013,NUMBER,grad_trebinje,_T,hearing,461
2013,NUMBER,grad_trebinje,M,hearing,227
2013,NUMBER,grad_trebinje,F,hearing,234
2013,NUMBER,trnovo,_T,hearing,46
2013,NUMBER,trnovo,M,hearing,22
2013,NUMBER,trnovo,F,hearing,24
2013,NUMBER,ugljevik,_T,hearing,257
2013,NUMBER,ugljevik,M,hearing,117
2013,NUMBER,ugljevik,F,hearing,140
2013,NUMBER,foca,_T,hearing,430
2013,NUMBER,foca,M,hearing,216
2013,NUMBER,foca,F,hearing,214
2013,NUMBER,han_pijesak,_T,hearing,68
2013,NUMBER,han_pijesak,M,hearing,28
2013,NUMBER,han_pijesak,F,hearing,40
2013,NUMBER,cajnice,_T,hearing,135
2013,NUMBER,cajnice,M,hearing,66
2013,NUMBER,cajnice,F,hearing,69
2013,NUMBER,celinac,_T,hearing,457
2013,NUMBER,celinac,M,hearing,233
2013,NUMBER,celinac,F,hearing,224
2013,NUMBER,samac,_T,hearing,419
2013,NUMBER,samac,M,hearing,217
2013,NUMBER,samac,F,hearing,202
2013,NUMBER,sekovici,_T,hearing,193
2013,NUMBER,sekovici,M,hearing,96
2013,NUMBER,sekovici,F,hearing,97
2013,NUMBER,sipovo,_T,hearing,219
2013,NUMBER,sipovo,M,hearing,104
2013,NUMBER,sipovo,F,hearing,115
2013,NUMBER,republika_srpska,_T,walking,63381
2013,NUMBER,republika_srpska,M,walking,26903
2013,NUMBER,republika_srpska,F,walking,36478
2013,NUMBER,grad_banja_luka,_T,walking,8456
2013,NUMBER,grad_banja_luka,M,walking,3667
2013,NUMBER,grad_banja_luka,F,walking,4789
2013,NUMBER,berkovici,_T,walking,109
2013,NUMBER,berkovici,M,walking,45
2013,NUMBER,berkovici,F,walking,64
2013,NUMBER,grad_bijeljina,_T,walking,5530
2013,NUMBER,grad_bijeljina,M,walking,2356
2013,NUMBER,grad_bijeljina,F,walking,3174
2013,NUMBER,bileca,_T,walking,533
2013,NUMBER,bileca,M,walking,193
2013,NUMBER,bileca,F,walking,340
2013,NUMBER,bratunac,_T,walking,835
2013,NUMBER,bratunac,M,walking,372
2013,NUMBER,bratunac,F,walking,463
2013,NUMBER,brod,_T,walking,892
2013,NUMBER,brod,M,walking,392
2013,NUMBER,brod,F,walking,500
2013,NUMBER,visegrad,_T,walking,598
2013,NUMBER,visegrad,M,walking,227
2013,NUMBER,visegrad,F,walking,371
2013,NUMBER,vlasenica,_T,walking,440
2013,NUMBER,vlasenica,M,walking,211
2013,NUMBER,vlasenica,F,walking,229
2013,NUMBER,vukosavlje,_T,walking,286
2013,NUMBER,vukosavlje,M,walking,130
2013,NUMBER,vukosavlje,F,walking,156
2013,NUMBER,gacko,_T,walking,385
2013,NUMBER,gacko,M,walking,152
2013,NUMBER,gacko,F,walking,233
2013,NUMBER,grad_gradiska,_T,walking,2675
2013,NUMBER,grad_gradiska,M,walking,1074
2013,NUMBER,grad_gradiska,F,walking,1601
2013,NUMBER,grad_derventa,_T,walking,1590
2013,NUMBER,grad_derventa,M,walking,695
2013,NUMBER,grad_derventa,F,walking,895
2013,NUMBER,grad_doboj,_T,walking,4793
2013,NUMBER,grad_doboj,M,walking,1953
2013,NUMBER,grad_doboj,F,walking,2840
2013,NUMBER,donji_zabar,_T,walking,182
2013,NUMBER,donji_zabar,M,walking,76
2013,NUMBER,donji_zabar,F,walking,106
2013,NUMBER,grad_zvornik,_T,walking,2535
2013,NUMBER,grad_zvornik,M,walking,1092
2013,NUMBER,grad_zvornik,F,walking,1443
2013,NUMBER,istocna_ilidza,_T,walking,644
2013,NUMBER,istocna_ilidza,M,walking,267
2013,NUMBER,istocna_ilidza,F,walking,377
2013,NUMBER,istocni_drvar,_T,walking,7
2013,NUMBER,istocni_drvar,M,walking,4
2013,NUMBER,istocni_drvar,F,walking,3
2013,NUMBER,istocni_mostar,_T,walking,8
2013,NUMBER,istocni_mostar,M,walking,2
2013,NUMBER,istocni_mostar,F,walking,6
2013,NUMBER,istocni_stari_grad,_T,walking,53
2013,NUMBER,istocni_stari_grad,M,walking,22
2013,NUMBER,istocni_stari_grad,F,walking,31
2013,NUMBER,istocno_novo_sarajevo,_T,walking,380
2013,NUMBER,istocno_novo_sarajevo,M,walking,163
2013,NUMBER,istocno_novo_sarajevo,F,walking,217
2013,NUMBER,jezero,_T,walking,60
2013,NUMBER,jezero,M,walking,29
2013,NUMBER,jezero,F,walking,31
2013,NUMBER,kalinovik,_T,walking,132
2013,NUMBER,kalinovik,M,walking,54
2013,NUMBER,kalinovik,F,walking,78
2013,NUMBER,knezevo,_T,walking,568
2013,NUMBER,knezevo,M,walking,255
2013,NUMBER,knezevo,F,walking,313
2013,NUMBER,kozarska_dubica,_T,walking,1369
2013,NUMBER,kozarska_dubica,M,walking,549
2013,NUMBER,kozarska_dubica,F,walking,820
2013,NUMBER,kostajnica,_T,walking,312
2013,NUMBER,kostajnica,M,walking,133
2013,NUMBER,kostajnica,F,walking,179
2013,NUMBER,kotor_varos,_T,walking,1074
2013,NUMBER,kotor_varos,M,walking,475
2013,NUMBER,kotor_varos,F,walking,599
2013,NUMBER,krupa_na_uni,_T,walking,112
2013,NUMBER,krupa_na_uni,M,walking,43
2013,NUMBER,krupa_na_uni,F,walking,69
2013,NUMBER,kupres,_T,walking,33
2013,NUMBER,kupres,M,walking,18
2013,NUMBER,kupres,F,walking,15
2013,NUMBER,laktasi,_T,walking,1426
2013,NUMBER,laktasi,M,walking,650
2013,NUMBER,laktasi,F,walking,776
2013,NUMBER,lopare,_T,walking,984
2013,NUMBER,lopare,M,walking,447
2013,NUMBER,lopare,F,walking,537
2013,NUMBER,ljubinje,_T,walking,119
2013,NUMBER,ljubinje,M,walking,48
2013,NUMBER,ljubinje,F,walking,71
2013,NUMBER,milici,_T,walking,508
2013,NUMBER,milici,M,walking,224
2013,NUMBER,milici,F,walking,284
2013,NUMBER,modrica,_T,walking,1527
2013,NUMBER,modrica,M,walking,635
2013,NUMBER,modrica,F,walking,892
2013,NUMBER,mrkonjic_grad,_T,walking,798
2013,NUMBER,mrkonjic_grad,M,walking,355
2013,NUMBER,mrkonjic_grad,F,walking,443
2013,NUMBER,nevesinje,_T,walking,551
2013,NUMBER,nevesinje,M,walking,209
2013,NUMBER,nevesinje,F,walking,342
2013,NUMBER,novi_grad,_T,walking,1711
2013,NUMBER,novi_grad,M,walking,700
2013,NUMBER,novi_grad,F,walking,1011
2013,NUMBER,novo_gorazde,_T,walking,135
2013,NUMBER,novo_gorazde,M,walking,61
2013,NUMBER,novo_gorazde,F,walking,74
2013,NUMBER,osmaci,_T,walking,288
2013,NUMBER,osmaci,M,walking,125
2013,NUMBER,osmaci,F,walking,163
2013,NUMBER,ostra_luka,_T,walking,224
2013,NUMBER,ostra_luka,M,walking,99
2013,NUMBER,ostra_luka,F,walking,125
2013,NUMBER,pale,_T,walking,822
2013,NUMBER,pale,M,walking,366
2013,NUMBER,pale,F,walking,456
2013,NUMBER,pelagicevo,_T,walking,445
2013,NUMBER,pelagicevo,M,walking,165
2013,NUMBER,pelagicevo,F,walking,280
2013,NUMBER,petrovac,_T,walking,8
2013,NUMBER,petrovac,M,walking,5
2013,NUMBER,petrovac,F,walking,3
2013,NUMBER,petrovo,_T,walking,602
2013,NUMBER,petrovo,M,walking,231
2013,NUMBER,petrovo,F,walking,371
2013,NUMBER,grad_prijedor,_T,walking,4451
2013,NUMBER,grad_prijedor,M,walking,1891
2013,NUMBER,grad_prijedor,F,walking,2560
2013,NUMBER,prnjavor,_T,walking,2094
2013,NUMBER,prnjavor,M,walking,860
2013,NUMBER,prnjavor,F,walking,1234
2013,NUMBER,ribnik,_T,walking,438
2013,NUMBER,ribnik,M,walking,182
2013,NUMBER,ribnik,F,walking,256
2013,NUMBER,rogatica,_T,walking,640
2013,NUMBER,rogatica,M,walking,264
2013,NUMBER,rogatica,F,walking,376
2013,NUMBER,rudo,_T,walking,399
2013,NUMBER,rudo,M,walking,165
2013,NUMBER,rudo,F,walking,234
2013,NUMBER,sokolac,_T,walking,600
2013,NUMBER,sokolac,M,walking,248
2013,NUMBER,sokolac,F,walking,352
2013,NUMBER,srbac,_T,walking,910
2013,NUMBER,srbac,M,walking,412
2013,NUMBER,srbac,F,walking,498
2013,NUMBER,srebrenica,_T,walking,621
2013,NUMBER,srebrenica,M,walking,256
2013,NUMBER,srebrenica,F,walking,365
2013,NUMBER,teslic,_T,walking,2201
2013,NUMBER,teslic,M,walking,973
2013,NUMBER,teslic,F,walking,1228
2013,NUMBER,grad_trebinje,_T,walking,1198
2013,NUMBER,grad_trebinje,M,walking,489
2013,NUMBER,grad_trebinje,F,walking,709
2013,NUMBER,trnovo,_T,walking,104
2013,NUMBER,trnovo,M,walking,41
2013,NUMBER,trnovo,F,walking,63
2013,NUMBER,ugljevik,_T,walking,734
2013,NUMBER,ugljevik,M,walking,312
2013,NUMBER,ugljevik,F,walking,422
2013,NUMBER,foca,_T,walking,945
2013,NUMBER,foca,M,walking,438
2013,NUMBER,foca,F,walking,507
2013,NUMBER,han_pijesak,_T,walking,187
2013,NUMBER,han_pijesak,M,walking,65
2013,NUMBER,han_pijesak,F,walking,122
2013,NUMBER,cajnice,_T,walking,262
2013,NUMBER,cajnice,M,walking,108
2013,NUMBER,cajnice,F,walking,154
2013,NUMBER,celinac,_T,walking,1038
2013,NUMBER,celinac,M,walking,469
2013,NUMBER,celinac,F,walking,569
2013,NUMBER,samac,_T,walking,1041
2013,NUMBER,samac,M,walking,413
2013,NUMBER,samac,F,walking,628
2013,NUMBER,sekovici,_T,walking,283
2013,NUMBER,sekovici,M,walking,125
2013,NUMBER,sekovici,F,walking,158
2013,NUMBER,sipovo,_T,walking,496
2013,NUMBER,sipovo,M,walking,223
2013,NUMBER,sipovo,F,walking,273
2013,NUMBER,republika_srpska,_T,memory,18330
2013,NUMBER,republika_srpska,M,memory,8168
2013,NUMBER,republika_srpska,F,memory,10162
2013,NUMBER,grad_banja_luka,_T,memory,2300
2013,NUMBER,grad_banja_luka,M,memory,1087
2013,NUMBER,grad_banja_luka,F,memory,1213
2013,NUMBER,berkovici,_T,memory,35
2013,NUMBER,berkovici,M,memory,13
2013,NUMBER,berkovici,F,memory,22
2013,NUMBER,grad_bijeljina,_T,memory,1415
2013,NUMBER,grad_bijeljina,M,memory,630
2013,NUMBER,grad_bijeljina,F,memory,785
2013,NUMBER,bileca,_T,memory,126
2013,NUMBER,bileca,M,memory,61
2013,NUMBER,bileca,F,memory,65
2013,NUMBER,bratunac,_T,memory,290
2013,NUMBER,bratunac,M,memory,116
2013,NUMBER,bratunac,F,memory,174
2013,NUMBER,brod,_T,memory,239
2013,NUMBER,brod,M,memory,104
2013,NUMBER,brod,F,memory,135
2013,NUMBER,visegrad,_T,memory,309
2013,NUMBER,visegrad,M,memory,75
2013,NUMBER,visegrad,F,memory,234
2013,NUMBER,vlasenica,_T,memory,137
2013,NUMBER,vlasenica,M,memory,60
2013,NUMBER,vlasenica,F,memory,77
2013,NUMBER,vukosavlje,_T,memory,74
2013,NUMBER,vukosavlje,M,memory,37
2013,NUMBER,vukosavlje,F,memory,37
2013,NUMBER,gacko,_T,memory,90
2013,NUMBER,gacko,M,memory,42
2013,NUMBER,gacko,F,memory,48
2013,NUMBER,grad_gradiska,_T,memory,831
2013,NUMBER,grad_gradiska,M,memory,338
2013,NUMBER,grad_gradiska,F,memory,493
2013,NUMBER,grad_derventa,_T,memory,455
2013,NUMBER,grad_derventa,M,memory,195
2013,NUMBER,grad_derventa,F,memory,260
2013,NUMBER,grad_doboj,_T,memory,1369
2013,NUMBER,grad_doboj,M,memory,596
2013,NUMBER,grad_doboj,F,memory,773
2013,NUMBER,donji_zabar,_T,memory,40
2013,NUMBER,donji_zabar,M,memory,19
2013,NUMBER,donji_zabar,F,memory,21
2013,NUMBER,grad_zvornik,_T,memory,762
2013,NUMBER,grad_zvornik,M,memory,330
2013,NUMBER,grad_zvornik,F,memory,432
2013,NUMBER,istocna_ilidza,_T,memory,149
2013,NUMBER,istocna_ilidza,M,memory,64
2013,NUMBER,istocna_ilidza,F,memory,85
2013,NUMBER,istocni_drvar,_T,memory,1
2013,NUMBER,istocni_drvar,M,memory,0
2013,NUMBER,istocni_drvar,F,memory,1
2013,NUMBER,istocni_mostar,_T,memory,3
2013,NUMBER,istocni_mostar,M,memory,2
2013,NUMBER,istocni_mostar,F,memory,1
2013,NUMBER,istocni_stari_grad,_T,memory,20
2013,NUMBER,istocni_stari_grad,M,memory,9
2013,NUMBER,istocni_stari_grad,F,memory,11
2013,NUMBER,istocno_novo_sarajevo,_T,memory,104
2013,NUMBER,istocno_novo_sarajevo,M,memory,49
2013,NUMBER,istocno_novo_sarajevo,F,memory,55
2013,NUMBER,jezero,_T,memory,27
2013,NUMBER,jezero,M,memory,15
2013,NUMBER,jezero,F,memory,12
2013,NUMBER,kalinovik,_T,memory,27
2013,NUMBER,kalinovik,M,memory,10
2013,NUMBER,kalinovik,F,memory,17
2013,NUMBER,knezevo,_T,memory,238
2013,NUMBER,knezevo,M,memory,113
2013,NUMBER,knezevo,F,memory,125
2013,NUMBER,kozarska_dubica,_T,memory,331
2013,NUMBER,kozarska_dubica,M,memory,154
2013,NUMBER,kozarska_dubica,F,memory,177
2013,NUMBER,kostajnica,_T,memory,98
2013,NUMBER,kostajnica,M,memory,41
2013,NUMBER,kostajnica,F,memory,57
2013,NUMBER,kotor_varos,_T,memory,339
2013,NUMBER,kotor_varos,M,memory,154
2013,NUMBER,kotor_varos,F,memory,185
2013,NUMBER,krupa_na_uni,_T,memory,40
2013,NUMBER,krupa_na_uni,M,memory,19
2013,NUMBER,krupa_na_uni,F,memory,21
2013,NUMBER,kupres,_T,memory,13
2013,NUMBER,kupres,M,memory,9
2013,NUMBER,kupres,F,memory,4
2013,NUMBER,laktasi,_T,memory,410
2013,NUMBER,laktasi,M,memory,204
2013,NUMBER,laktasi,F,memory,206
2013,NUMBER,lopare,_T,memory,281
2013,NUMBER,lopare,M,memory,140
2013,NUMBER,lopare,F,memory,141
2013,NUMBER,ljubinje,_T,memory,44
2013,NUMBER,ljubinje,M,memory,17
2013,NUMBER,ljubinje,F,memory,27
2013,NUMBER,milici,_T,memory,158
2013,NUMBER,milici,M,memory,64
2013,NUMBER,milici,F,memory,94
2013,NUMBER,modrica,_T,memory,478
2013,NUMBER,modrica,M,memory,194
2013,NUMBER,modrica,F,memory,284
2013,NUMBER,mrkonjic_grad,_T,memory,228
2013,NUMBER,mrkonjic_grad,M,memory,98
2013,NUMBER,mrkonjic_grad,F,memory,130
2013,NUMBER,nevesinje,_T,memory,144
2013,NUMBER,nevesinje,M,memory,55
2013,NUMBER,nevesinje,F,memory,89
2013,NUMBER,novi_grad,_T,memory,475
2013,NUMBER,novi_grad,M,memory,223
2013,NUMBER,novi_grad,F,memory,252
2013,NUMBER,novo_gorazde,_T,memory,36
2013,NUMBER,novo_gorazde,M,memory,13
2013,NUMBER,novo_gorazde,F,memory,23
2013,NUMBER,osmaci,_T,memory,95
2013,NUMBER,osmaci,M,memory,43
2013,NUMBER,osmaci,F,memory,52
2013,NUMBER,ostra_luka,_T,memory,60
2013,NUMBER,ostra_luka,M,memory,30
2013,NUMBER,ostra_luka,F,memory,30
2013,NUMBER,pale,_T,memory,212
2013,NUMBER,pale,M,memory,91
2013,NUMBER,pale,F,memory,121
2013,NUMBER,pelagicevo,_T,memory,133
2013,NUMBER,pelagicevo,M,memory,65
2013,NUMBER,pelagicevo,F,memory,68
2013,NUMBER,petrovac,_T,memory,3
2013,NUMBER,petrovac,M,memory,1
2013,NUMBER,petrovac,F,memory,2
2013,NUMBER,petrovo,_T,memory,150
2013,NUMBER,petrovo,M,memory,62
2013,NUMBER,petrovo,F,memory,88
2013,NUMBER,grad_prijedor,_T,memory,1532
2013,NUMBER,grad_prijedor,M,memory,766
2013,NUMBER,grad_prijedor,F,memory,766
2013,NUMBER,prnjavor,_T,memory,567
2013,NUMBER,prnjavor,M,memory,240
2013,NUMBER,prnjavor,F,memory,327
2013,NUMBER,ribnik,_T,memory,123
2013,NUMBER,ribnik,M,memory,56
2013,NUMBER,ribnik,F,memory,67
2013,NUMBER,rogatica,_T,memory,169
2013,NUMBER,rogatica,M,memory,72
2013,NUMBER,rogatica,F,memory,97
2013,NUMBER,rudo,_T,memory,123
2013,NUMBER,rudo,M,memory,53
2013,NUMBER,rudo,F,memory,70
2013,NUMBER,sokolac,_T,memory,164
2013,NUMBER,sokolac,M,memory,64
2013,NUMBER,sokolac,F,memory,100
2013,NUMBER,srbac,_T,memory,316
2013,NUMBER,srbac,M,memory,148
2013,NUMBER,srbac,F,memory,168
2013,NUMBER,srebrenica,_T,memory,218
2013,NUMBER,srebrenica,M,memory,82
2013,NUMBER,srebrenica,F,memory,136
2013,NUMBER,teslic,_T,memory,644
2013,NUMBER,teslic,M,memory,272
2013,NUMBER,teslic,F,memory,372
2013,NUMBER,grad_trebinje,_T,memory,313
2013,NUMBER,grad_trebinje,M,memory,143
2013,NUMBER,grad_trebinje,F,memory,170
2013,NUMBER,trnovo,_T,memory,39
2013,NUMBER,trnovo,M,memory,22
2013,NUMBER,trnovo,F,memory,17
2013,NUMBER,ugljevik,_T,memory,191
2013,NUMBER,ugljevik,M,memory,78
2013,NUMBER,ugljevik,F,memory,113
2013,NUMBER,foca,_T,memory,265
2013,NUMBER,foca,M,memory,126
2013,NUMBER,foca,F,memory,139
2013,NUMBER,han_pijesak,_T,memory,49
2013,NUMBER,han_pijesak,M,memory,15
2013,NUMBER,han_pijesak,F,memory,34
2013,NUMBER,cajnice,_T,memory,67
2013,NUMBER,cajnice,M,memory,30
2013,NUMBER,cajnice,F,memory,37
2013,NUMBER,celinac,_T,memory,298
2013,NUMBER,celinac,M,memory,150
2013,NUMBER,celinac,F,memory,148
2013,NUMBER,samac,_T,memory,252
2013,NUMBER,samac,M,memory,110
2013,NUMBER,samac,F,memory,142
2013,NUMBER,sekovici,_T,memory,94
2013,NUMBER,sekovici,M,memory,38
2013,NUMBER,sekovici,F,memory,56
2013,NUMBER,sipovo,_T,memory,137
2013,NUMBER,sipovo,M,memory,61
2013,NUMBER,sipovo,F,memory,76
2013,NUMBER,republika_srpska,_T,dressing,13502
2013,NUMBER,republika_srpska,M,dressing,5773
2013,NUMBER,republika_srpska,F,dressing,7729
2013,NUMBER,grad_banja_luka,_T,dressing,1717
2013,NUMBER,grad_banja_luka,M,dressing,774
2013,NUMBER,grad_banja_luka,F,dressing,943
2013,NUMBER,berkovici,_T,dressing,29
2013,NUMBER,berkovici,M,dressing,11
2013,NUMBER,berkovici,F,dressing,18
2013,NUMBER,grad_bijeljina,_T,dressing,1050
2013,NUMBER,grad_bijeljina,M,dressing,468
2013,NUMBER,grad_bijeljina,F,dressing,582
2013,NUMBER,bileca,_T,dressing,107
2013,NUMBER,bileca,M,dressing,44
2013,NUMBER,bileca,F,dressing,63
2013,NUMBER,bratunac,_T,dressing,172
2013,NUMBER,bratunac,M,dressing,76
2013,NUMBER,bratunac,F,dressing,96
2013,NUMBER,brod,_T,dressing,143
2013,NUMBER,brod,M,dressing,55
2013,NUMBER,brod,F,dressing,88
2013,NUMBER,visegrad,_T,dressing,232
2013,NUMBER,visegrad,M,dressing,60
2013,NUMBER,visegrad,F,dressing,172
2013,NUMBER,vlasenica,_T,dressing,104
2013,NUMBER,vlasenica,M,dressing,49
2013,NUMBER,vlasenica,F,dressing,55
2013,NUMBER,vukosavlje,_T,dressing,53
2013,NUMBER,vukosavlje,M,dressing,30
2013,NUMBER,vukosavlje,F,dressing,23
2013,NUMBER,gacko,_T,dressing,74
2013,NUMBER,gacko,M,dressing,25
2013,NUMBER,gacko,F,dressing,49
2013,NUMBER,grad_gradiska,_T,dressing,617
2013,NUMBER,grad_gradiska,M,dressing,252
2013,NUMBER,grad_gradiska,F,dressing,365
2013,NUMBER,grad_derventa,_T,dressing,298
2013,NUMBER,grad_derventa,M,dressing,114
2013,NUMBER,grad_derventa,F,dressing,184
2013,NUMBER,grad_doboj,_T,dressing,1011
2013,NUMBER,grad_doboj,M,dressing,408
2013,NUMBER,grad_doboj,F,dressing,603
2013,NUMBER,donji_zabar,_T,dressing,31
2013,NUMBER,donji_zabar,M,dressing,11
2013,NUMBER,donji_zabar,F,dressing,20
2013,NUMBER,grad_zvornik,_T,dressing,518
2013,NUMBER,grad_zvornik,M,dressing,239
2013,NUMBER,grad_zvornik,F,dressing,279
2013,NUMBER,istocna_ilidza,_T,dressing,175
2013,NUMBER,istocna_ilidza,M,dressing,83
2013,NUMBER,istocna_ilidza,F,dressing,92
2013,NUMBER,istocni_drvar,_T,dressing,0
2013,NUMBER,istocni_drvar,M,dressing,0
2013,NUMBER,istocni_drvar,F,dressing,0
2013,NUMBER,istocni_mostar,_T,dressing,2
2013,NUMBER,istocni_mostar,M,dressing,1
2013,NUMBER,istocni_mostar,F,dressing,1
2013,NUMBER,istocni_stari_grad,_T,dressing,15
2013,NUMBER,istocni_stari_grad,M,dressing,6
2013,NUMBER,istocni_stari_grad,F,dressing,9
2013,NUMBER,istocno_novo_sarajevo,_T,dressing,77
2013,NUMBER,istocno_novo_sarajevo,M,dressing,34
2013,NUMBER,istocno_novo_sarajevo,F,dressing,43
2013,NUMBER,jezero,_T,dressing,18
2013,NUMBER,jezero,M,dressing,9
2013,NUMBER,jezero,F,dressing,9
2013,NUMBER,kalinovik,_T,dressing,26
2013,NUMBER,kalinovik,M,dressing,8
2013,NUMBER,kalinovik,F,dressing,18
2013,NUMBER,knezevo,_T,dressing,171
2013,NUMBER,knezevo,M,dressing,70
2013,NUMBER,knezevo,F,dressing,101
2013,NUMBER,kozarska_dubica,_T,dressing,243
2013,NUMBER,kozarska_dubica,M,dressing,108
2013,NUMBER,kozarska_dubica,F,dressing,135
2013,NUMBER,kostajnica,_T,dressing,69
2013,NUMBER,kostajnica,M,dressing,24
2013,NUMBER,kostajnica,F,dressing,45
2013,NUMBER,kotor_varos,_T,dressing,228
2013,NUMBER,kotor_varos,M,dressing,100
2013,NUMBER,kotor_varos,F,dressing,128
2013,NUMBER,krupa_na_uni,_T,dressing,19
2013,NUMBER,krupa_na_uni,M,dressing,5
2013,NUMBER,krupa_na_uni,F,dressing,14
2013,NUMBER,kupres,_T,dressing,6
2013,NUMBER,kupres,M,dressing,3
2013,NUMBER,kupres,F,dressing,3
2013,NUMBER,laktasi,_T,dressing,324
2013,NUMBER,laktasi,M,dressing,162
2013,NUMBER,laktasi,F,dressing,162
2013,NUMBER,lopare,_T,dressing,190
2013,NUMBER,lopare,M,dressing,85
2013,NUMBER,lopare,F,dressing,105
2013,NUMBER,ljubinje,_T,dressing,44
2013,NUMBER,ljubinje,M,dressing,18
2013,NUMBER,ljubinje,F,dressing,26
2013,NUMBER,milici,_T,dressing,107
2013,NUMBER,milici,M,dressing,42
2013,NUMBER,milici,F,dressing,65
2013,NUMBER,modrica,_T,dressing,383
2013,NUMBER,modrica,M,dressing,152
2013,NUMBER,modrica,F,dressing,231
2013,NUMBER,mrkonjic_grad,_T,dressing,203
2013,NUMBER,mrkonjic_grad,M,dressing,83
2013,NUMBER,mrkonjic_grad,F,dressing,120
2013,NUMBER,nevesinje,_T,dressing,104
2013,NUMBER,nevesinje,M,dressing,38
2013,NUMBER,nevesinje,F,dressing,66
2013,NUMBER,novi_grad,_T,dressing,373
2013,NUMBER,novi_grad,M,dressing,156
2013,NUMBER,novi_grad,F,dressing,217
2013,NUMBER,novo_gorazde,_T,dressing,20
2013,NUMBER,novo_gorazde,M,dressing,7
2013,NUMBER,novo_gorazde,F,dressing,13
2013,NUMBER,osmaci,_T,dressing,43
2013,NUMBER,osmaci,M,dressing,16
2013,NUMBER,osmaci,F,dressing,27
2013,NUMBER,ostra_luka,_T,dressing,39
2013,NUMBER,ostra_luka,M,dressing,17
2013,NUMBER,ostra_luka,F,dressing,22
2013,NUMBER,pale,_T,dressing,174
2013,NUMBER,pale,M,dressing,80
2013,NUMBER,pale,F,dressing,94
2013,NUMBER,pelagicevo,_T,dressing,71
2013,NUMBER,pelagicevo,M,dressing,33
2013,NUMBER,pelagicevo,F,dressing,38
2013,NUMBER,petrovac,_T,dressing,4
2013,NUMBER,petrovac,M,dressing,1
2013,NUMBER,petrovac,F,dressing,3
2013,NUMBER,petrovo,_T,dressing,106
2013,NUMBER,petrovo,M,dressing,40
2013,NUMBER,petrovo,F,dressing,66
2013,NUMBER,grad_prijedor,_T,dressing,1081
2013,NUMBER,grad_prijedor,M,dressing,517
2013,NUMBER,grad_prijedor,F,dressing,564
2013,NUMBER,prnjavor,_T,dressing,418
2013,NUMBER,prnjavor,M,dressing,182
2013,NUMBER,prnjavor,F,dressing,236
2013,NUMBER,ribnik,_T,dressing,111
2013,NUMBER,ribnik,M,dressing,50
2013,NUMBER,ribnik,F,dressing,61
2013,NUMBER,rogatica,_T,dressing,153
2013,NUMBER,rogatica,M,dressing,59
2013,NUMBER,rogatica,F,dressing,94
2013,NUMBER,rudo,_T,dressing,85
2013,NUMBER,rudo,M,dressing,40
2013,NUMBER,rudo,F,dressing,45
2013,NUMBER,sokolac,_T,dressing,143
2013,NUMBER,sokolac,M,dressing,55
2013,NUMBER,sokolac,F,dressing,88
2013,NUMBER,srbac,_T,dressing,174
2013,NUMBER,srbac,M,dressing,78
2013,NUMBER,srbac,F,dressing,96
2013,NUMBER,srebrenica,_T,dressing,99
2013,NUMBER,srebrenica,M,dressing,34
2013,NUMBER,srebrenica,F,dressing,65
2013,NUMBER,teslic,_T,dressing,499
2013,NUMBER,teslic,M,dressing,209
2013,NUMBER,teslic,F,dressing,290
2013,NUMBER,grad_trebinje,_T,dressing,283
2013,NUMBER,grad_trebinje,M,dressing,104
2013,NUMBER,grad_trebinje,F,dressing,179
2013,NUMBER,trnovo,_T,dressing,31
2013,NUMBER,trnovo,M,dressing,12
2013,NUMBER,trnovo,F,dressing,19
2013,NUMBER,ugljevik,_T,dressing,151
2013,NUMBER,ugljevik,M,dressing,63
2013,NUMBER,ugljevik,F,dressing,88
2013,NUMBER,foca,_T,dressing,230
2013,NUMBER,foca,M,dressing,97
2013,NUMBER,foca,F,dressing,133
2013,NUMBER,han_pijesak,_T,dressing,48
2013,NUMBER,han_pijesak,M,dressing,15
2013,NUMBER,han_pijesak,F,dressing,33
2013,NUMBER,cajnice,_T,dressing,50
2013,NUMBER,cajnice,M,dressing,23
2013,NUMBER,cajnice,F,dressing,27
2013,NUMBER,celinac,_T,dressing,210
2013,NUMBER,celinac,M,dressing,96
2013,NUMBER,celinac,F,dressing,114
2013,NUMBER,samac,_T,dressing,159
2013,NUMBER,samac,M,dressing,67
2013,NUMBER,samac,F,dressing,92
2013,NUMBER,sekovici,_T,dressing,60
2013,NUMBER,sekovici,M,dressing,29
2013,NUMBER,sekovici,F,dressing,31
2013,NUMBER,sipovo,_T,dressing,127
2013,NUMBER,sipovo,M,dressing,46
2013,NUMBER,sipovo,F,dressing,81
2013,NUMBER,republika_srpska,_T,communication,10723
2013,NUMBER,republika_srpska,M,communication,5103
2013,NUMBER,republika_srpska,F,communication,5620
2013,NUMBER,grad_banja_luka,_T,communication,1307
2013,NUMBER,grad_banja_luka,M,communication,670
2013,NUMBER,grad_banja_luka,F,communication,637
2013,NUMBER,berkovici,_T,communication,26
2013,NUMBER,berkovici,M,communication,11
2013,NUMBER,berkovici,F,communication,15
2013,NUMBER,grad_bijeljina,_T,communication,793
2013,NUMBER,grad_bijeljina,M,communication,398
2013,NUMBER,grad_bijeljina,F,communication,395
2013,NUMBER,bileca,_T,communication,89
2013,NUMBER,bileca,M,communication,44
2013,NUMBER,bileca,F,communication,45
2013,NUMBER,bratunac,_T,communication,135
2013,NUMBER,bratunac,M,communication,56
2013,NUMBER,bratunac,F,communication,79
2013,NUMBER,brod,_T,communication,121
2013,NUMBER,brod,M,communication,60
2013,NUMBER,brod,F,communication,61
2013,NUMBER,visegrad,_T,communication,202
2013,NUMBER,visegrad,M,communication,55
2013,NUMBER,visegrad,F,communication,147
2013,NUMBER,vlasenica,_T,communication,96
2013,NUMBER,vlasenica,M,communication,50
2013,NUMBER,vlasenica,F,communication,46
2013,NUMBER,vukosavlje,_T,communication,50
2013,NUMBER,vukosavlje,M,communication,26
2013,NUMBER,vukosavlje,F,communication,24
2013,NUMBER,gacko,_T,communication,70
2013,NUMBER,gacko,M,communication,30
2013,NUMBER,gacko,F,communication,40
2013,NUMBER,grad_gradiska,_T,communication,504
2013,NUMBER,grad_gradiska,M,communication,220
2013,NUMBER,grad_gradiska,F,communication,284
2013,NUMBER,grad_derventa,_T,communication,255
2013,NUMBER,grad_derventa,M,communication,118
2013,NUMBER,grad_derventa,F,communication,137
2013,NUMBER,grad_doboj,_T,communication,786
2013,NUMBER,grad_doboj,M,communication,353
2013,NUMBER,grad_doboj,F,communication,433
2013,NUMBER,donji_zabar,_T,communication,23
2013,NUMBER,donji_zabar,M,communication,13
2013,NUMBER,donji_zabar,F,communication,10
2013,NUMBER,grad_zvornik,_T,communication,402
2013,NUMBER,grad_zvornik,M,communication,184
2013,NUMBER,grad_zvornik,F,communication,218
2013,NUMBER,istocna_ilidza,_T,communication,113
2013,NUMBER,istocna_ilidza,M,communication,54
2013,NUMBER,istocna_ilidza,F,communication,59
2013,NUMBER,istocni_drvar,_T,communication,0
2013,NUMBER,istocni_drvar,M,communication,0
2013,NUMBER,istocni_drvar,F,communication,0
2013,NUMBER,istocni_mostar,_T,communication,2
2013,NUMBER,istocni_mostar,M,communication,1
2013,NUMBER,istocni_mostar,F,communication,1
2013,NUMBER,istocni_stari_grad,_T,communication,14
2013,NUMBER,istocni_stari_grad,M,communication,9
2013,NUMBER,istocni_stari_grad,F,communication,5
2013,NUMBER,istocno_novo_sarajevo,_T,communication,65
2013,NUMBER,istocno_novo_sarajevo,M,communication,33
2013,NUMBER,istocno_novo_sarajevo,F,communication,32
2013,NUMBER,jezero,_T,communication,14
2013,NUMBER,jezero,M,communication,6
2013,NUMBER,jezero,F,communication,8
2013,NUMBER,kalinovik,_T,communication,17
2013,NUMBER,kalinovik,M,communication,8
2013,NUMBER,kalinovik,F,communication,9
2013,NUMBER,knezevo,_T,communication,140
2013,NUMBER,knezevo,M,communication,59
2013,NUMBER,knezevo,F,communication,81
2013,NUMBER,kozarska_dubica,_T,communication,187
2013,NUMBER,kozarska_dubica,M,communication,94
2013,NUMBER,kozarska_dubica,F,communication,93
2013,NUMBER,kostajnica,_T,communication,53
2013,NUMBER,kostajnica,M,communication,21
2013,NUMBER,kostajnica,F,communication,32
2013,NUMBER,kotor_varos,_T,communication,176
2013,NUMBER,kotor_varos,M,communication,84
2013,NUMBER,kotor_varos,F,communication,92
2013,NUMBER,krupa_na_uni,_T,communication,20
2013,NUMBER,krupa_na_uni,M,communication,8
2013,NUMBER,krupa_na_uni,F,communication,12
2013,NUMBER,kupres,_T,communication,6
2013,NUMBER,kupres,M,communication,4
2013,NUMBER,kupres,F,communication,2
2013,NUMBER,laktasi,_T,communication,283
2013,NUMBER,laktasi,M,communication,148
2013,NUMBER,laktasi,F,communication,135
2013,NUMBER,lopare,_T,communication,168
2013,NUMBER,lopare,M,communication,86
2013,NUMBER,lopare,F,communication,82
2013,NUMBER,ljubinje,_T,communication,31
2013,NUMBER,ljubinje,M,communication,14
2013,NUMBER,ljubinje,F,communication,17
2013,NUMBER,milici,_T,communication,77
2013,NUMBER,milici,M,communication,27
2013,NUMBER,milici,F,communication,50
2013,NUMBER,modrica,_T,communication,309
2013,NUMBER,modrica,M,communication,139
2013,NUMBER,modrica,F,communication,170
2013,NUMBER,mrkonjic_grad,_T,communication,176
2013,NUMBER,mrkonjic_grad,M,communication,73
2013,NUMBER,mrkonjic_grad,F,communication,103
2013,NUMBER,nevesinje,_T,communication,107
2013,NUMBER,nevesinje,M,communication,43
2013,NUMBER,nevesinje,F,communication,64
2013,NUMBER,novi_grad,_T,communication,277
2013,NUMBER,novi_grad,M,communication,121
2013,NUMBER,novi_grad,F,communication,156
2013,NUMBER,novo_gorazde,_T,communication,18
2013,NUMBER,novo_gorazde,M,communication,5
2013,NUMBER,novo_gorazde,F,communication,13
2013,NUMBER,osmaci,_T,communication,40
2013,NUMBER,osmaci,M,communication,19
2013,NUMBER,osmaci,F,communication,21
2013,NUMBER,ostra_luka,_T,communication,26
2013,NUMBER,ostra_luka,M,communication,10
2013,NUMBER,ostra_luka,F,communication,16
2013,NUMBER,pale,_T,communication,130
2013,NUMBER,pale,M,communication,59
2013,NUMBER,pale,F,communication,71
2013,NUMBER,pelagicevo,_T,communication,68
2013,NUMBER,pelagicevo,M,communication,33
2013,NUMBER,pelagicevo,F,communication,35
2013,NUMBER,petrovac,_T,communication,1
2013,NUMBER,petrovac,M,communication,0
2013,NUMBER,petrovac,F,communication,1
2013,NUMBER,petrovo,_T,communication,64
2013,NUMBER,petrovo,M,communication,36
2013,NUMBER,petrovo,F,communication,28
2013,NUMBER,grad_prijedor,_T,communication,927
2013,NUMBER,grad_prijedor,M,communication,517
2013,NUMBER,grad_prijedor,F,communication,410
2013,NUMBER,prnjavor,_T,communication,320
2013,NUMBER,prnjavor,M,communication,162
2013,NUMBER,prnjavor,F,communication,158
2013,NUMBER,ribnik,_T,communication,91
2013,NUMBER,ribnik,M,communication,45
2013,NUMBER,ribnik,F,communication,46
2013,NUMBER,rogatica,_T,communication,90
2013,NUMBER,rogatica,M,communication,45
2013,NUMBER,rogatica,F,communication,45
2013,NUMBER,rudo,_T,communication,68
2013,NUMBER,rudo,M,communication,29
2013,NUMBER,rudo,F,communication,39
2013,NUMBER,sokolac,_T,communication,112
2013,NUMBER,sokolac,M,communication,43
2013,NUMBER,sokolac,F,communication,69
2013,NUMBER,srbac,_T,communication,171
2013,NUMBER,srbac,M,communication,81
2013,NUMBER,srbac,F,communication,90
2013,NUMBER,srebrenica,_T,communication,80
2013,NUMBER,srebrenica,M,communication,33
2013,NUMBER,srebrenica,F,communication,47
2013,NUMBER,teslic,_T,communication,387
2013,NUMBER,teslic,M,communication,189
2013,NUMBER,teslic,F,communication,198
2013,NUMBER,grad_trebinje,_T,communication,205
2013,NUMBER,grad_trebinje,M,communication,94
2013,NUMBER,grad_trebinje,F,communication,111
2013,NUMBER,trnovo,_T,communication,22
2013,NUMBER,trnovo,M,communication,12
2013,NUMBER,trnovo,F,communication,10
2013,NUMBER,ugljevik,_T,communication,93
2013,NUMBER,ugljevik,M,communication,41
2013,NUMBER,ugljevik,F,communication,52
2013,NUMBER,foca,_T,communication,170
2013,NUMBER,foca,M,communication,81
2013,NUMBER,foca,F,communication,89
2013,NUMBER,han_pijesak,_T,communication,36
2013,NUMBER,han_pijesak,M,communication,14
2013,NUMBER,han_pijesak,F,communication,22
2013,NUMBER,cajnice,_T,communication,41
2013,NUMBER,cajnice,M,communication,17
2013,NUMBER,cajnice,F,communication,24
2013,NUMBER,celinac,_T,communication,163
2013,NUMBER,celinac,M,communication,72
2013,NUMBER,celinac,F,communication,91
2013,NUMBER,samac,_T,communication,146
2013,NUMBER,samac,M,communication,71
2013,NUMBER,samac,F,communication,75
2013,NUMBER,sekovici,_T,communication,68
2013,NUMBER,sekovici,M,communication,33
2013,NUMBER,sekovici,F,communication,35
2013,NUMBER,sipovo,_T,communication,92
2013,NUMBER,sipovo,M,communication,42
2013,NUMBER,sipovo,F,communication,50
2013,NUMBER,republika_srpska,_T,multiple_disabilities,38298
2013,NUMBER,republika_srpska,M,multiple_disabilities,16292
2013,NUMBER,republika_srpska,F,multiple_disabilities,22006
2013,NUMBER,grad_banja_luka,_T,multiple_disabilities,4944
2013,NUMBER,grad_banja_luka,M,multiple_disabilities,2158
2013,NUMBER,grad_banja_luka,F,multiple_disabilities,2786
2013,NUMBER,berkovici,_T,multiple_disabilities,73
2013,NUMBER,berkovici,M,multiple_disabilities,32
2013,NUMBER,berkovici,F,multiple_disabilities,41
2013,NUMBER,grad_bijeljina,_T,multiple_disabilities,3094
2013,NUMBER,grad_bijeljina,M,multiple_disabilities,1359
2013,NUMBER,grad_bijeljina,F,multiple_disabilities,1735
2013,NUMBER,bileca,_T,multiple_disabilities,350
2013,NUMBER,bileca,M,multiple_disabilities,151
2013,NUMBER,bileca,F,multiple_disabilities,199
2013,NUMBER,bratunac,_T,multiple_disabilities,566
2013,NUMBER,bratunac,M,multiple_disabilities,243
2013,NUMBER,bratunac,F,multiple_disabilities,323
2013,NUMBER,brod,_T,multiple_disabilities,485
2013,NUMBER,brod,M,multiple_disabilities,194
2013,NUMBER,brod,F,multiple_disabilities,291
2013,NUMBER,visegrad,_T,multiple_disabilities,477
2013,NUMBER,visegrad,M,multiple_disabilities,145
2013,NUMBER,visegrad,F,multiple_disabilities,332
2013,NUMBER,vlasenica,_T,multiple_disabilities,305
2013,NUMBER,vlasenica,M,multiple_disabilities,130
2013,NUMBER,vlasenica,F,multiple_disabilities,175
2013,NUMBER,vukosavlje,_T,multiple_disabilities,158
2013,NUMBER,vukosavlje,M,multiple_disabilities,77
2013,NUMBER,vukosavlje,F,multiple_disabilities,81
2013,NUMBER,gacko,_T,multiple_disabilities,219
2013,NUMBER,gacko,M,multiple_disabilities,84
2013,NUMBER,gacko,F,multiple_disabilities,135
2013,NUMBER,grad_gradiska,_T,multiple_disabilities,1641
2013,NUMBER,grad_gradiska,M,multiple_disabilities,637
2013,NUMBER,grad_gradiska,F,multiple_disabilities,1004
2013,NUMBER,grad_derventa,_T,multiple_disabilities,938
2013,NUMBER,grad_derventa,M,multiple_disabilities,385
2013,NUMBER,grad_derventa,F,multiple_disabilities,553
2013,NUMBER,grad_doboj,_T,multiple_disabilities,3008
2013,NUMBER,grad_doboj,M,multiple_disabilities,1227
2013,NUMBER,grad_doboj,F,multiple_disabilities,1781
2013,NUMBER,donji_zabar,_T,multiple_disabilities,89
2013,NUMBER,donji_zabar,M,multiple_disabilities,42
2013,NUMBER,donji_zabar,F,multiple_disabilities,47
2013,NUMBER,grad_zvornik,_T,multiple_disabilities,1546
2013,NUMBER,grad_zvornik,M,multiple_disabilities,670
2013,NUMBER,grad_zvornik,F,multiple_disabilities,876
2013,NUMBER,istocna_ilidza,_T,multiple_disabilities,394
2013,NUMBER,istocna_ilidza,M,multiple_disabilities,171
2013,NUMBER,istocna_ilidza,F,multiple_disabilities,223
2013,NUMBER,istocni_drvar,_T,multiple_disabilities,4
2013,NUMBER,istocni_drvar,M,multiple_disabilities,1
2013,NUMBER,istocni_drvar,F,multiple_disabilities,3
2013,NUMBER,istocni_mostar,_T,multiple_disabilities,7
2013,NUMBER,istocni_mostar,M,multiple_disabilities,2
2013,NUMBER,istocni_mostar,F,multiple_disabilities,5
2013,NUMBER,istocni_stari_grad,_T,multiple_disabilities,32
2013,NUMBER,istocni_stari_grad,M,multiple_disabilities,16
2013,NUMBER,istocni_stari_grad,F,multiple_disabilities,16
2013,NUMBER,istocno_novo_sarajevo,_T,multiple_disabilities,206
2013,NUMBER,istocno_novo_sarajevo,M,multiple_disabilities,87
2013,NUMBER,istocno_novo_sarajevo,F,multiple_disabilities,119
2013,NUMBER,jezero,_T,multiple_disabilities,40
2013,NUMBER,jezero,M,multiple_disabilities,17
2013,NUMBER,jezero,F,multiple_disabilities,23
2013,NUMBER,kalinovik,_T,multiple_disabilities,80
2013,NUMBER,kalinovik,M,multiple_disabilities,30
2013,NUMBER,kalinovik,F,multiple_disabilities,50
2013,NUMBER,knezevo,_T,multiple_disabilities,399
2013,NUMBER,knezevo,M,multiple_disabilities,178
2013,NUMBER,knezevo,F,multiple_disabilities,221
2013,NUMBER,kozarska_dubica,_T,multiple_disabilities,741
2013,NUMBER,kozarska_dubica,M,multiple_disabilities,302
2013,NUMBER,kozarska_dubica,F,multiple_disabilities,439
2013,NUMBER,kostajnica,_T,multiple_disabilities,209
2013,NUMBER,kostajnica,M,multiple_disabilities,93
2013,NUMBER,kostajnica,F,multiple_disabilities,116
2013,NUMBER,kotor_varos,_T,multiple_disabilities,702
2013,NUMBER,kotor_varos,M,multiple_disabilities,310
2013,NUMBER,kotor_varos,F,multiple_disabilities,392
2013,NUMBER,krupa_na_uni,_T,multiple_disabilities,88
2013,NUMBER,krupa_na_uni,M,multiple_disabilities,40
2013,NUMBER,krupa_na_uni,F,multiple_disabilities,48
2013,NUMBER,kupres,_T,multiple_disabilities,21
2013,NUMBER,kupres,M,multiple_disabilities,13
2013,NUMBER,kupres,F,multiple_disabilities,8
2013,NUMBER,laktasi,_T,multiple_disabilities,887
2013,NUMBER,laktasi,M,multiple_disabilities,413
2013,NUMBER,laktasi,F,multiple_disabilities,474
2013,NUMBER,lopare,_T,multiple_disabilities,583
2013,NUMBER,lopare,M,multiple_disabilities,254
2013,NUMBER,lopare,F,multiple_disabilities,329
2013,NUMBER,ljubinje,_T,multiple_disabilities,81
2013,NUMBER,ljubinje,M,multiple_disabilities,34
2013,NUMBER,ljubinje,F,multiple_disabilities,47
2013,NUMBER,milici,_T,multiple_disabilities,314
2013,NUMBER,milici,M,multiple_disabilities,130
2013,NUMBER,milici,F,multiple_disabilities,184
2013,NUMBER,modrica,_T,multiple_disabilities,927
2013,NUMBER,modrica,M,multiple_disabilities,399
2013,NUMBER,modrica,F,multiple_disabilities,528
2013,NUMBER,mrkonjic_grad,_T,multiple_disabilities,475
2013,NUMBER,mrkonjic_grad,M,multiple_disabilities,210
2013,NUMBER,mrkonjic_grad,F,multiple_disabilities,265
2013,NUMBER,nevesinje,_T,multiple_disabilities,327
2013,NUMBER,nevesinje,M,multiple_disabilities,130
2013,NUMBER,nevesinje,F,multiple_disabilities,197
2013,NUMBER,novi_grad,_T,multiple_disabilities,1049
2013,NUMBER,novi_grad,M,multiple_disabilities,446
2013,NUMBER,novi_grad,F,multiple_disabilities,603
2013,NUMBER,novo_gorazde,_T,multiple_disabilities,75
2013,NUMBER,novo_gorazde,M,multiple_disabilities,28
2013,NUMBER,novo_gorazde,F,multiple_disabilities,47
2013,NUMBER,osmaci,_T,multiple_disabilities,189
2013,NUMBER,osmaci,M,multiple_disabilities,79
2013,NUMBER,osmaci,F,multiple_disabilities,110
2013,NUMBER,ostra_luka,_T,multiple_disabilities,132
2013,NUMBER,ostra_luka,M,multiple_disabilities,63
2013,NUMBER,ostra_luka,F,multiple_disabilities,69
2013,NUMBER,pale,_T,multiple_disabilities,446
2013,NUMBER,pale,M,multiple_disabilities,209
2013,NUMBER,pale,F,multiple_disabilities,237
2013,NUMBER,pelagicevo,_T,multiple_disabilities,268
2013,NUMBER,pelagicevo,M,multiple_disabilities,102
2013,NUMBER,pelagicevo,F,multiple_disabilities,166
2013,NUMBER,petrovac,_T,multiple_disabilities,7
2013,NUMBER,petrovac,M,multiple_disabilities,4
2013,NUMBER,petrovac,F,multiple_disabilities,3
2013,NUMBER,petrovo,_T,multiple_disabilities,378
2013,NUMBER,petrovo,M,multiple_disabilities,156
2013,NUMBER,petrovo,F,multiple_disabilities,222
2013,NUMBER,grad_prijedor,_T,multiple_disabilities,2789
2013,NUMBER,grad_prijedor,M,multiple_disabilities,1276
2013,NUMBER,grad_prijedor,F,multiple_disabilities,1513
2013,NUMBER,prnjavor,_T,multiple_disabilities,1199
2013,NUMBER,prnjavor,M,multiple_disabilities,465
2013,NUMBER,prnjavor,F,multiple_disabilities,734
2013,NUMBER,ribnik,_T,multiple_disabilities,272
2013,NUMBER,ribnik,M,multiple_disabilities,128
2013,NUMBER,ribnik,F,multiple_disabilities,144
2013,NUMBER,rogatica,_T,multiple_disabilities,407
2013,NUMBER,rogatica,M,multiple_disabilities,164
2013,NUMBER,rogatica,F,multiple_disabilities,243
2013,NUMBER,rudo,_T,multiple_disabilities,252
2013,NUMBER,rudo,M,multiple_disabilities,104
2013,NUMBER,rudo,F,multiple_disabilities,148
2013,NUMBER,sokolac,_T,multiple_disabilities,347
2013,NUMBER,sokolac,M,multiple_disabilities,143
2013,NUMBER,sokolac,F,multiple_disabilities,204
2013,NUMBER,srbac,_T,multiple_disabilities,576
2013,NUMBER,srbac,M,multiple_disabilities,257
2013,NUMBER,srbac,F,multiple_disabilities,319
2013,NUMBER,srebrenica,_T,multiple_disabilities,381
2013,NUMBER,srebrenica,M,multiple_disabilities,144
2013,NUMBER,srebrenica,F,multiple_disabilities,237
2013,NUMBER,teslic,_T,multiple_disabilities,1374
2013,NUMBER,teslic,M,multiple_disabilities,585
2013,NUMBER,teslic,F,multiple_disabilities,789
2013,NUMBER,grad_trebinje,_T,multiple_disabilities,689
2013,NUMBER,grad_trebinje,M,multiple_disabilities,280
2013,NUMBER,grad_trebinje,F,multiple_disabilities,409
2013,NUMBER,trnovo,_T,multiple_disabilities,69
2013,NUMBER,trnovo,M,multiple_disabilities,31
2013,NUMBER,trnovo,F,multiple_disabilities,38
2013,NUMBER,ugljevik,_T,multiple_disabilities,402
2013,NUMBER,ugljevik,M,multiple_disabilities,165
2013,NUMBER,ugljevik,F,multiple_disabilities,237
2013,NUMBER,foca,_T,multiple_disabilities,581
2013,NUMBER,foca,M,multiple_disabilities,262
2013,NUMBER,foca,F,multiple_disabilities,319
2013,NUMBER,han_pijesak,_T,multiple_disabilities,95
2013,NUMBER,han_pijesak,M,multiple_disabilities,30
2013,NUMBER,han_pijesak,F,multiple_disabilities,65
2013,NUMBER,cajnice,_T,multiple_disabilities,176
2013,NUMBER,cajnice,M,multiple_disabilities,77
2013,NUMBER,cajnice,F,multiple_disabilities,99
2013,NUMBER,celinac,_T,multiple_disabilities,624
2013,NUMBER,celinac,M,multiple_disabilities,269
2013,NUMBER,celinac,F,multiple_disabilities,355
2013,NUMBER,samac,_T,multiple_disabilities,567
2013,NUMBER,samac,M,multiple_disabilities,228
2013,NUMBER,samac,F,multiple_disabilities,339
2013,NUMBER,sekovici,_T,multiple_disabilities,222
2013,NUMBER,sekovici,M,multiple_disabilities,101
2013,NUMBER,sekovici,F,multiple_disabilities,121
2013,NUMBER,sipovo,_T,multiple_disabilities,322
2013,NUMBER,sipovo,M,multiple_disabilities,132
2013,NUMBER,sipovo,F,multiple_disabilities,190
