Year,UNIT_MEASURE,Teritory,SEX,Disabilities,Value
2013,NUMBER,REPUBLIKA SRPSKA,_T,_T,1170342
2013,NUMBER,REPUBLIKA SRPSKA,M,_T,571812
2013,NUMBER,REPUBLIKA SRPSKA,F,_T,598530
2013,NUMBER,BANJA LUKA,_T,_T,180053
2013,NUMBER,BANJA LUKA,M,_T,86510
2013,NUMBER,BANJA LUKA,F,_T,93543
2013,NUMBER,BERKOVICI,_T,_T,2041
2013,NUMBER,BERKOVICI,M,_T,1032
2013,NUMBER,BERKOVICI,F,_T,1009
2013,NUMBER,BIJELJINA,_T,_T,103874
2013,NUMBER,BIJELJINA,M,_T,50760
2013,NUMBER,BIJELJINA,F,_T,53114
2013,NUMBER,BILECA,_T,_T,10607
2013,NUMBER,BILECA,M,_T,5346
2013,NUMBER,BILECA,F,_T,5261
2013,NUMBER,BRATUNAC,_T,_T,18651
2013,NUMBER,BRATUNAC,M,_T,9210
2013,NUMBER,BRATUNAC,F,_T,9441
2013,NUMBER,BROD,_T,_T,15720
2013,NUMBER,BROD,M,_T,7670
2013,NUMBER,BROD,F,_T,8050
2013,NUMBER,VISEGRAD,_T,_T,10118
2013,NUMBER,VISEGRAD,M,_T,4834
2013,NUMBER,VISEGRAD,F,_T,5284
2013,NUMBER,VLASENICA,_T,_T,10657
2013,NUMBER,VLASENICA,M,_T,5193
2013,NUMBER,VLASENICA,F,_T,5464
2013,NUMBER,VUKOSAVLJE,_T,_T,4363
2013,NUMBER,VUKOSAVLJE,M,_T,2185
2013,NUMBER,VUKOSAVLJE,F,_T,2178
2013,NUMBER,GACKO,_T,_T,8710
2013,NUMBER,GACKO,M,_T,4423
2013,NUMBER,GACKO,F,_T,4287
2013,NUMBER,GRADISKA,_T,_T,49196
2013,NUMBER,GRADISKA,M,_T,23944
2013,NUMBER,GRADISKA,F,_T,25252
2013,NUMBER,DERVENTA,_T,_T,25922
2013,NUMBER,DERVENTA,M,_T,12629
2013,NUMBER,DERVENTA,F,_T,13293
2013,NUMBER,DOBOJ,_T,_T,68514
2013,NUMBER,DOBOJ,M,_T,33222
2013,NUMBER,DOBOJ,F,_T,35292
2013,NUMBER,DONJI ZABAR,_T,_T,3669
2013,NUMBER,DONJI ZABAR,M,_T,1853
2013,NUMBER,DONJI ZABAR,F,_T,1816
2013,NUMBER,ZVORNIK,_T,_T,54407
2013,NUMBER,ZVORNIK,M,_T,26803
2013,NUMBER,ZVORNIK,F,_T,27604
2013,NUMBER,ISTOCNA ILIDZA,_T,_T,14437
2013,NUMBER,ISTOCNA ILIDZA,M,_T,6905
2013,NUMBER,ISTOCNA ILIDZA,F,_T,7532
2013,NUMBER,ISTOCNI DRVAR,_T,_T,66
2013,NUMBER,ISTOCNI DRVAR,M,_T,44
2013,NUMBER,ISTOCNI DRVAR,F,_T,22
2013,NUMBER,ISTOCNI MOSTAR,_T,_T,244
2013,NUMBER,ISTOCNI MOSTAR,M,_T,138
2013,NUMBER,ISTOCNI MOSTAR,F,_T,106
2013,NUMBER,ISTOCNI STARI GRAD,_T,_T,1116
2013,NUMBER,ISTOCNI STARI GRAD,M,_T,552
2013,NUMBER,ISTOCNI STARI GRAD,F,_T,564
2013,NUMBER,ISTOCNO NOVO SARAJEVO,_T,_T,10401
2013,NUMBER,ISTOCNO NOVO SARAJEVO,M,_T,4936
2013,NUMBER,ISTOCNO NOVO SARAJEVO,F,_T,5465
2013,NUMBER,JEZERO,_T,_T,1039
2013,NUMBER,JEZERO,M,_T,534
2013,NUMBER,JEZERO,F,_T,505
2013,NUMBER,KALINOVIK,_T,_T,1962
2013,NUMBER,KALINOVIK,M,_T,950
2013,NUMBER,KALINOVIK,F,_T,1012
2013,NUMBER,KNEZEVO,_T,_T,9368
2013,NUMBER,KNEZEVO,M,_T,4632
2013,NUMBER,KNEZEVO,F,_T,4736
2013,NUMBER,KOZARSKA DUBICA,_T,_T,20681
2013,NUMBER,KOZARSKA DUBICA,M,_T,10094
2013,NUMBER,KOZARSKA DUBICA,F,_T,10587
2013,NUMBER,KOSTAJNICA,_T,_T,5645
2013,NUMBER,KOSTAJNICA,M,_T,2780
2013,NUMBER,KOSTAJNICA,F,_T,2865
2013,NUMBER,KOTOR VAROS,_T,_T,18361
2013,NUMBER,KOTOR VAROS,M,_T,9007
2013,NUMBER,KOTOR VAROS,F,_T,9354
2013,NUMBER,KRUPA NA UNI,_T,_T,1560
2013,NUMBER,KRUPA NA UNI,M,_T,841
2013,NUMBER,KRUPA NA UNI,F,_T,719
2013,NUMBER,KUPRES,_T,_T,293
2013,NUMBER,KUPRES,M,_T,157
2013,NUMBER,KUPRES,F,_T,136
2013,NUMBER,LAKTASI,_T,_T,34210
2013,NUMBER,LAKTASI,M,_T,16905
2013,NUMBER,LAKTASI,F,_T,17305
2013,NUMBER,LOPARE,_T,_T,14689
2013,NUMBER,LOPARE,M,_T,7377
2013,NUMBER,LOPARE,F,_T,7312
2013,NUMBER,LJUBINJE,_T,_T,3319
2013,NUMBER,LJUBINJE,M,_T,1633
2013,NUMBER,LJUBINJE,F,_T,1686
2013,NUMBER,MILICI,_T,_T,10445
2013,NUMBER,MILICI,M,_T,5252
2013,NUMBER,MILICI,F,_T,5193
2013,NUMBER,MODRICA,_T,_T,24490
2013,NUMBER,MODRICA,M,_T,11969
2013,NUMBER,MODRICA,F,_T,12521
2013,NUMBER,MRKONJIC GRAD,_T,_T,15926
2013,NUMBER,MRKONJIC GRAD,M,_T,7660
2013,NUMBER,MRKONJIC GRAD,F,_T,8266
2013,NUMBER,NEVESINJE,_T,_T,12542
2013,NUMBER,NEVESINJE,M,_T,6236
2013,NUMBER,NEVESINJE,F,_T,6306
2013,NUMBER,NOVI GRAD,_T,_T,25240
2013,NUMBER,NOVI GRAD,M,_T,12580
2013,NUMBER,NOVI GRAD,F,_T,12660
2013,NUMBER,NOVO GORAZDE,_T,_T,2915
2013,NUMBER,NOVO GORAZDE,M,_T,1500
2013,NUMBER,NOVO GORAZDE,F,_T,1415
2013,NUMBER,OSMACI,_T,_T,5546
2013,NUMBER,OSMACI,M,_T,2779
2013,NUMBER,OSMACI,F,_T,2767
2013,NUMBER,OSTRA LUKA,_T,_T,2705
2013,NUMBER,OSTRA LUKA,M,_T,1386
2013,NUMBER,OSTRA LUKA,F,_T,1319
2013,NUMBER,PALE,_T,_T,20359
2013,NUMBER,PALE,M,_T,9744
2013,NUMBER,PALE,F,_T,10615
2013,NUMBER,PELAGICEVO,_T,_T,4358
2013,NUMBER,PELAGICEVO,M,_T,2151
2013,NUMBER,PELAGICEVO,F,_T,2207
2013,NUMBER,PETROVAC,_T,_T,354
2013,NUMBER,PETROVAC,M,_T,169
2013,NUMBER,PETROVAC,F,_T,185
2013,NUMBER,PETROVO,_T,_T,6317
2013,NUMBER,PETROVO,M,_T,3043
2013,NUMBER,PETROVO,F,_T,3274
2013,NUMBER,PRIJEDOR,_T,_T,80916
2013,NUMBER,PRIJEDOR,M,_T,39418
2013,NUMBER,PRIJEDOR,F,_T,41498
2013,NUMBER,PRNJAVOR,_T,_T,34357
2013,NUMBER,PRNJAVOR,M,_T,16675
2013,NUMBER,PRNJAVOR,F,_T,17682
2013,NUMBER,RIBNIK,_T,_T,5851
2013,NUMBER,RIBNIK,M,_T,2900
2013,NUMBER,RIBNIK,F,_T,2951
2013,NUMBER,ROGATICA,_T,_T,10302
2013,NUMBER,ROGATICA,M,_T,5053
2013,NUMBER,ROGATICA,F,_T,5249
2013,NUMBER,RUDO,_T,_T,7578
2013,NUMBER,RUDO,M,_T,3840
2013,NUMBER,RUDO,F,_T,3738
2013,NUMBER,SOKOLAC,_T,_T,11620
2013,NUMBER,SOKOLAC,M,_T,5723
2013,NUMBER,SOKOLAC,F,_T,5897
2013,NUMBER,SRBAC,_T,_T,16933
2013,NUMBER,SRBAC,M,_T,8295
2013,NUMBER,SRBAC,F,_T,8638
2013,NUMBER,SREBRENICA,_T,_T,11698
2013,NUMBER,SREBRENICA,M,_T,5714
2013,NUMBER,SREBRENICA,F,_T,5984
2013,NUMBER,TESLIC,_T,_T,37236
2013,NUMBER,TESLIC,M,_T,17894
2013,NUMBER,TESLIC,F,_T,19342
2013,NUMBER,TREBINJE,_T,_T,28239
2013,NUMBER,TREBINJE,M,_T,13760
2013,NUMBER,TREBINJE,F,_T,14479
2013,NUMBER,TRNOVO,_T,_T,1983
2013,NUMBER,TRNOVO,M,_T,953
2013,NUMBER,TRNOVO,F,_T,1030
2013,NUMBER,UGLJEVIK,_T,_T,15118
2013,NUMBER,UGLJEVIK,M,_T,7626
2013,NUMBER,UGLJEVIK,F,_T,7492
2013,NUMBER,FOCA,_T,_T,17580
2013,NUMBER,FOCA,M,_T,8880
2013,NUMBER,FOCA,F,_T,8700
2013,NUMBER,HAN PIJESAK,_T,_T,3445
2013,NUMBER,HAN PIJESAK,M,_T,1632
2013,NUMBER,HAN PIJESAK,F,_T,1813
2013,NUMBER,CAJNICE,_T,_T,4679
2013,NUMBER,CAJNICE,M,_T,2347
2013,NUMBER,CAJNICE,F,_T,2332
2013,NUMBER,CELINAC,_T,_T,15117
2013,NUMBER,CELINAC,M,_T,7477
2013,NUMBER,CELINAC,F,_T,7640
2013,NUMBER,SAMAC,_T,_T,16308
2013,NUMBER,SAMAC,M,_T,7908
2013,NUMBER,SAMAC,F,_T,8400
2013,NUMBER,SEKOVICI,_T,_T,6323
2013,NUMBER,SEKOVICI,M,_T,3103
2013,NUMBER,SEKOVICI,F,_T,3220
2013,NUMBER,SIPOVO,_T,_T,9969
2013,NUMBER,SIPOVO,M,_T,5046
2013,NUMBER,SIPOVO,F,_T,4923
2013,NUMBER,REPUBLIKA SRPSKA,_T,disabilities_T,102262
2013,NUMBER,REPUBLIKA SRPSKA,M,disabilities_T,46720
2013,NUMBER,REPUBLIKA SRPSKA,F,disabilities_T,55542
2013,NUMBER,BANJA LUKA,_T,disabilities_T,13450
2013,NUMBER,BANJA LUKA,M,disabilities_T,6251
2013,NUMBER,BANJA LUKA,F,disabilities_T,7199
2013,NUMBER,BERKOVICI,_T,disabilities_T,165
2013,NUMBER,BERKOVICI,M,disabilities_T,75
2013,NUMBER,BERKOVICI,F,disabilities_T,90
2013,NUMBER,BIJELJINA,_T,disabilities_T,8763
2013,NUMBER,BIJELJINA,M,disabilities_T,3967
2013,NUMBER,BIJELJINA,F,disabilities_T,4796
2013,NUMBER,BILECA,_T,disabilities_T,813
2013,NUMBER,BILECA,M,disabilities_T,339
2013,NUMBER,BILECA,F,disabilities_T,474
2013,NUMBER,BRATUNAC,_T,disabilities_T,1534
2013,NUMBER,BRATUNAC,M,disabilities_T,688
2013,NUMBER,BRATUNAC,F,disabilities_T,846
2013,NUMBER,BROD,_T,disabilities_T,1420
2013,NUMBER,BROD,M,disabilities_T,658
2013,NUMBER,BROD,F,disabilities_T,762
2013,NUMBER,VISEGRAD,_T,disabilities_T,1097
2013,NUMBER,VISEGRAD,M,disabilities_T,422
2013,NUMBER,VISEGRAD,F,disabilities_T,675
2013,NUMBER,VLASENICA,_T,disabilities_T,786
2013,NUMBER,VLASENICA,M,disabilities_T,393
2013,NUMBER,VLASENICA,F,disabilities_T,393
2013,NUMBER,VUKOSAVLJE,_T,disabilities_T,472
2013,NUMBER,VUKOSAVLJE,M,disabilities_T,226
2013,NUMBER,VUKOSAVLJE,F,disabilities_T,246
2013,NUMBER,GACKO,_T,disabilities_T,597
2013,NUMBER,GACKO,M,disabilities_T,261
2013,NUMBER,GACKO,F,disabilities_T,336
2013,NUMBER,GRADISKA,_T,disabilities_T,4427
2013,NUMBER,GRADISKA,M,disabilities_T,1965
2013,NUMBER,GRADISKA,F,disabilities_T,2462
2013,NUMBER,DERVENTA,_T,disabilities_T,2529
2013,NUMBER,DERVENTA,M,disabilities_T,1153
2013,NUMBER,DERVENTA,F,disabilities_T,1376
2013,NUMBER,DOBOJ,_T,disabilities_T,7404
2013,NUMBER,DOBOJ,M,disabilities_T,3292
2013,NUMBER,DOBOJ,F,disabilities_T,4112
2013,NUMBER,DONJI ZABAR,_T,disabilities_T,313
2013,NUMBER,DONJI ZABAR,M,disabilities_T,146
2013,NUMBER,DONJI ZABAR,F,disabilities_T,167
2013,NUMBER,ZVORNIK,_T,disabilities_T,4328
2013,NUMBER,ZVORNIK,M,disabilities_T,2027
2013,NUMBER,ZVORNIK,F,disabilities_T,2301
2013,NUMBER,ISTOCNA ILIDZA,_T,disabilities_T,1025
2013,NUMBER,ISTOCNA ILIDZA,M,disabilities_T,464
2013,NUMBER,ISTOCNA ILIDZA,F,disabilities_T,561
2013,NUMBER,ISTOCNI DRVAR,_T,disabilities_T,9
2013,NUMBER,ISTOCNI DRVAR,M,disabilities_T,5
2013,NUMBER,ISTOCNI DRVAR,F,disabilities_T,4
2013,NUMBER,ISTOCNI MOSTAR,_T,disabilities_T,14
2013,NUMBER,ISTOCNI MOSTAR,M,disabilities_T,4
2013,NUMBER,ISTOCNI MOSTAR,F,disabilities_T,10
2013,NUMBER,ISTOCNI STARI GRAD,_T,disabilities_T,100
2013,NUMBER,ISTOCNI STARI GRAD,M,disabilities_T,42
2013,NUMBER,ISTOCNI STARI GRAD,F,disabilities_T,58
2013,NUMBER,ISTOCNO NOVO SARAJEVO,_T,disabilities_T,611
2013,NUMBER,ISTOCNO NOVO SARAJEVO,M,disabilities_T,276
2013,NUMBER,ISTOCNO NOVO SARAJEVO,F,disabilities_T,335
2013,NUMBER,JEZERO,_T,disabilities_T,80
2013,NUMBER,JEZERO,M,disabilities_T,37
2013,NUMBER,JEZERO,F,disabilities_T,43
2013,NUMBER,KALINOVIK,_T,disabilities_T,203
2013,NUMBER,KALINOVIK,M,disabilities_T,88
2013,NUMBER,KALINOVIK,F,disabilities_T,115
2013,NUMBER,KNEZEVO,_T,disabilities_T,933
2013,NUMBER,KNEZEVO,M,disabilities_T,449
2013,NUMBER,KNEZEVO,F,disabilities_T,484
2013,NUMBER,KOZARSKA DUBICA,_T,disabilities_T,2078
2013,NUMBER,KOZARSKA DUBICA,M,disabilities_T,919
2013,NUMBER,KOZARSKA DUBICA,F,disabilities_T,1159
2013,NUMBER,KOSTAJNICA,_T,disabilities_T,475
2013,NUMBER,KOSTAJNICA,M,disabilities_T,216
2013,NUMBER,KOSTAJNICA,F,disabilities_T,259
2013,NUMBER,KOTOR VAROS,_T,disabilities_T,1857
2013,NUMBER,KOTOR VAROS,M,disabilities_T,865
2013,NUMBER,KOTOR VAROS,F,disabilities_T,992
2013,NUMBER,KRUPA NA UNI,_T,disabilities_T,204
2013,NUMBER,KRUPA NA UNI,M,disabilities_T,93
2013,NUMBER,KRUPA NA UNI,F,disabilities_T,111
2013,NUMBER,KUPRES,_T,disabilities_T,49
2013,NUMBER,KUPRES,M,disabilities_T,27
2013,NUMBER,KUPRES,F,disabilities_T,22
2013,NUMBER,LAKTASI,_T,disabilities_T,2445
2013,NUMBER,LAKTASI,M,disabilities_T,1196
2013,NUMBER,LAKTASI,F,disabilities_T,1249
2013,NUMBER,LOPARE,_T,disabilities_T,1612
2013,NUMBER,LOPARE,M,disabilities_T,791
2013,NUMBER,LOPARE,F,disabilities_T,821
2013,NUMBER,LJUBINJE,_T,disabilities_T,197
2013,NUMBER,LJUBINJE,M,disabilities_T,84
2013,NUMBER,LJUBINJE,F,disabilities_T,113
2013,NUMBER,MILICI,_T,disabilities_T,860
2013,NUMBER,MILICI,M,disabilities_T,392
2013,NUMBER,MILICI,F,disabilities_T,468
2013,NUMBER,MODRICA,_T,disabilities_T,2458
2013,NUMBER,MODRICA,M,disabilities_T,1119
2013,NUMBER,MODRICA,F,disabilities_T,1339
2013,NUMBER,MRKONJIC GRAD,_T,disabilities_T,1300
2013,NUMBER,MRKONJIC GRAD,M,disabilities_T,602
2013,NUMBER,MRKONJIC GRAD,F,disabilities_T,698
2013,NUMBER,NEVESINJE,_T,disabilities_T,876
2013,NUMBER,NEVESINJE,M,disabilities_T,379
2013,NUMBER,NEVESINJE,F,disabilities_T,497
2013,NUMBER,NOVI GRAD,_T,disabilities_T,2687
2013,NUMBER,NOVI GRAD,M,disabilities_T,1179
2013,NUMBER,NOVI GRAD,F,disabilities_T,1508
2013,NUMBER,NOVO GORAZDE,_T,disabilities_T,206
2013,NUMBER,NOVO GORAZDE,M,disabilities_T,101
2013,NUMBER,NOVO GORAZDE,F,disabilities_T,105
2013,NUMBER,OSMACI,_T,disabilities_T,513
2013,NUMBER,OSMACI,M,disabilities_T,234
2013,NUMBER,OSMACI,F,disabilities_T,279
2013,NUMBER,OSTRA LUKA,_T,disabilities_T,394
2013,NUMBER,OSTRA LUKA,M,disabilities_T,205
2013,NUMBER,OSTRA LUKA,F,disabilities_T,189
2013,NUMBER,PALE,_T,disabilities_T,1289
2013,NUMBER,PALE,M,disabilities_T,594
2013,NUMBER,PALE,F,disabilities_T,695
2013,NUMBER,PELAGICEVO,_T,disabilities_T,688
2013,NUMBER,PELAGICEVO,M,disabilities_T,299
2013,NUMBER,PELAGICEVO,F,disabilities_T,389
2013,NUMBER,PETROVAC,_T,disabilities_T,16
2013,NUMBER,PETROVAC,M,disabilities_T,6
2013,NUMBER,PETROVAC,F,disabilities_T,10
2013,NUMBER,PETROVO,_T,disabilities_T,944
2013,NUMBER,PETROVO,M,disabilities_T,399
2013,NUMBER,PETROVO,F,disabilities_T,545
2013,NUMBER,PRIJEDOR,_T,disabilities_T,7173
2013,NUMBER,PRIJEDOR,M,disabilities_T,3333
2013,NUMBER,PRIJEDOR,F,disabilities_T,3840
2013,NUMBER,PRNJAVOR,_T,disabilities_T,3309
2013,NUMBER,PRNJAVOR,M,disabilities_T,1497
2013,NUMBER,PRNJAVOR,F,disabilities_T,1812
2013,NUMBER,RIBNIK,_T,disabilities_T,701
2013,NUMBER,RIBNIK,M,disabilities_T,323
2013,NUMBER,RIBNIK,F,disabilities_T,378
2013,NUMBER,ROGATICA,_T,disabilities_T,1012
2013,NUMBER,ROGATICA,M,disabilities_T,464
2013,NUMBER,ROGATICA,F,disabilities_T,548
2013,NUMBER,RUDO,_T,disabilities_T,596
2013,NUMBER,RUDO,M,disabilities_T,258
2013,NUMBER,RUDO,F,disabilities_T,338
2013,NUMBER,SOKOLAC,_T,disabilities_T,944
2013,NUMBER,SOKOLAC,M,disabilities_T,422
2013,NUMBER,SOKOLAC,F,disabilities_T,522
2013,NUMBER,SRBAC,_T,disabilities_T,1526
2013,NUMBER,SRBAC,M,disabilities_T,714
2013,NUMBER,SRBAC,F,disabilities_T,812
2013,NUMBER,SREBRENICA,_T,disabilities_T,1061
2013,NUMBER,SREBRENICA,M,disabilities_T,447
2013,NUMBER,SREBRENICA,F,disabilities_T,614
2013,NUMBER,TESLIC,_T,disabilities_T,3562
2013,NUMBER,TESLIC,M,disabilities_T,1683
2013,NUMBER,TESLIC,F,disabilities_T,1879
2013,NUMBER,TREBINJE,_T,disabilities_T,1860
2013,NUMBER,TREBINJE,M,disabilities_T,823
2013,NUMBER,TREBINJE,F,disabilities_T,1037
2013,NUMBER,TRNOVO,_T,disabilities_T,171
2013,NUMBER,TRNOVO,M,disabilities_T,70
2013,NUMBER,TRNOVO,F,disabilities_T,101
2013,NUMBER,UGLJEVIK,_T,disabilities_T,1179
2013,NUMBER,UGLJEVIK,M,disabilities_T,532
2013,NUMBER,UGLJEVIK,F,disabilities_T,647
2013,NUMBER,FOCA,_T,disabilities_T,1473
2013,NUMBER,FOCA,M,disabilities_T,725
2013,NUMBER,FOCA,F,disabilities_T,748
2013,NUMBER,HAN PIJESAK,_T,disabilities_T,269
2013,NUMBER,HAN PIJESAK,M,disabilities_T,99
2013,NUMBER,HAN PIJESAK,F,disabilities_T,170
2013,NUMBER,CAJNICE,_T,disabilities_T,461
2013,NUMBER,CAJNICE,M,disabilities_T,208
2013,NUMBER,CAJNICE,F,disabilities_T,253
2013,NUMBER,CELINAC,_T,disabilities_T,1672
2013,NUMBER,CELINAC,M,disabilities_T,800
2013,NUMBER,CELINAC,F,disabilities_T,872
2013,NUMBER,SAMAC,_T,disabilities_T,1634
2013,NUMBER,SAMAC,M,disabilities_T,724
2013,NUMBER,SAMAC,F,disabilities_T,910
2013,NUMBER,SEKOVICI,_T,disabilities_T,595
2013,NUMBER,SEKOVICI,M,disabilities_T,279
2013,NUMBER,SEKOVICI,F,disabilities_T,316
2013,NUMBER,SIPOVO,_T,disabilities_T,843
2013,NUMBER,SIPOVO,M,disabilities_T,391
2013,NUMBER,SIPOVO,F,disabilities_T,452
2013,NUMBER,REPUBLIKA SRPSKA,_T,eyesight,43020
2013,NUMBER,REPUBLIKA SRPSKA,M,eyesight,18052
2013,NUMBER,REPUBLIKA SRPSKA,F,eyesight,24968
2013,NUMBER,BANJA LUKA,_T,eyesight,5370
2013,NUMBER,BANJA LUKA,M,eyesight,2232
2013,NUMBER,BANJA LUKA,F,eyesight,3138
2013,NUMBER,BERKOVICI,_T,eyesight,73
2013,NUMBER,BERKOVICI,M,eyesight,33
2013,NUMBER,BERKOVICI,F,eyesight,40
2013,NUMBER,BIJELJINA,_T,eyesight,3450
2013,NUMBER,BIJELJINA,M,eyesight,1424
2013,NUMBER,BIJELJINA,F,eyesight,2026
2013,NUMBER,BILECA,_T,eyesight,375
2013,NUMBER,BILECA,M,eyesight,159
2013,NUMBER,BILECA,F,eyesight,216
2013,NUMBER,BRATUNAC,_T,eyesight,791
2013,NUMBER,BRATUNAC,M,eyesight,328
2013,NUMBER,BRATUNAC,F,eyesight,463
2013,NUMBER,BROD,_T,eyesight,596
2013,NUMBER,BROD,M,eyesight,252
2013,NUMBER,BROD,F,eyesight,344
2013,NUMBER,VISEGRAD,_T,eyesight,409
2013,NUMBER,VISEGRAD,M,eyesight,162
2013,NUMBER,VISEGRAD,F,eyesight,247
2013,NUMBER,VLASENICA,_T,eyesight,372
2013,NUMBER,VLASENICA,M,eyesight,171
2013,NUMBER,VLASENICA,F,eyesight,201
2013,NUMBER,VUKOSAVLJE,_T,eyesight,157
2013,NUMBER,VUKOSAVLJE,M,eyesight,74
2013,NUMBER,VUKOSAVLJE,F,eyesight,83
2013,NUMBER,GACKO,_T,eyesight,245
2013,NUMBER,GACKO,M,eyesight,107
2013,NUMBER,GACKO,F,eyesight,138
2013,NUMBER,GRADISKA,_T,eyesight,1881
2013,NUMBER,GRADISKA,M,eyesight,754
2013,NUMBER,GRADISKA,F,eyesight,1127
2013,NUMBER,DERVENTA,_T,eyesight,1172
2013,NUMBER,DERVENTA,M,eyesight,476
2013,NUMBER,DERVENTA,F,eyesight,696
2013,NUMBER,DOBOJ,_T,eyesight,3265
2013,NUMBER,DOBOJ,M,eyesight,1332
2013,NUMBER,DOBOJ,F,eyesight,1933
2013,NUMBER,DONJI ZABAR,_T,eyesight,122
2013,NUMBER,DONJI ZABAR,M,eyesight,50
2013,NUMBER,DONJI ZABAR,F,eyesight,72
2013,NUMBER,ZVORNIK,_T,eyesight,1920
2013,NUMBER,ZVORNIK,M,eyesight,842
2013,NUMBER,ZVORNIK,F,eyesight,1078
2013,NUMBER,ISTOCNA ILIDZA,_T,eyesight,423
2013,NUMBER,ISTOCNA ILIDZA,M,eyesight,183
2013,NUMBER,ISTOCNA ILIDZA,F,eyesight,240
2013,NUMBER,ISTOCNI DRVAR,_T,eyesight,5
2013,NUMBER,ISTOCNI DRVAR,M,eyesight,2
2013,NUMBER,ISTOCNI DRVAR,F,eyesight,3
2013,NUMBER,ISTOCNI MOSTAR,_T,eyesight,9
2013,NUMBER,ISTOCNI MOSTAR,M,eyesight,3
2013,NUMBER,ISTOCNI MOSTAR,F,eyesight,6
2013,NUMBER,ISTOCNI STARI GRAD,_T,eyesight,49
2013,NUMBER,ISTOCNI STARI GRAD,M,eyesight,22
2013,NUMBER,ISTOCNI STARI GRAD,F,eyesight,27
2013,NUMBER,ISTOCNO NOVO SARAJEVO,_T,eyesight,255
2013,NUMBER,ISTOCNO NOVO SARAJEVO,M,eyesight,90
2013,NUMBER,ISTOCNO NOVO SARAJEVO,F,eyesight,165
2013,NUMBER,JEZERO,_T,eyesight,44
2013,NUMBER,JEZERO,M,eyesight,18
2013,NUMBER,JEZERO,F,eyesight,26
2013,NUMBER,KALINOVIK,_T,eyesight,87
2013,NUMBER,KALINOVIK,M,eyesight,35
2013,NUMBER,KALINOVIK,F,eyesight,52
2013,NUMBER,KNEZEVO,_T,eyesight,355
2013,NUMBER,KNEZEVO,M,eyesight,159
2013,NUMBER,KNEZEVO,F,eyesight,196
2013,NUMBER,KOZARSKA DUBICA,_T,eyesight,788
2013,NUMBER,KOZARSKA DUBICA,M,eyesight,329
2013,NUMBER,KOZARSKA DUBICA,F,eyesight,459
2013,NUMBER,KOSTAJNICA,_T,eyesight,226
2013,NUMBER,KOSTAJNICA,M,eyesight,104
2013,NUMBER,KOSTAJNICA,F,eyesight,122
2013,NUMBER,KOTOR VAROS,_T,eyesight,894
2013,NUMBER,KOTOR VAROS,M,eyesight,374
2013,NUMBER,KOTOR VAROS,F,eyesight,520
2013,NUMBER,KRUPA NA UNI,_T,eyesight,98
2013,NUMBER,KRUPA NA UNI,M,eyesight,47
2013,NUMBER,KRUPA NA UNI,F,eyesight,51
2013,NUMBER,KUPRES,_T,eyesight,12
2013,NUMBER,KUPRES,M,eyesight,8
2013,NUMBER,KUPRES,F,eyesight,4
2013,NUMBER,LAKTASI,_T,eyesight,1042
2013,NUMBER,LAKTASI,M,eyesight,460
2013,NUMBER,LAKTASI,F,eyesight,582
2013,NUMBER,LOPARE,_T,eyesight,691
2013,NUMBER,LOPARE,M,eyesight,297
2013,NUMBER,LOPARE,F,eyesight,394
2013,NUMBER,LJUBINJE,_T,eyesight,82
2013,NUMBER,LJUBINJE,M,eyesight,36
2013,NUMBER,LJUBINJE,F,eyesight,46
2013,NUMBER,MILICI,_T,eyesight,390
2013,NUMBER,MILICI,M,eyesight,165
2013,NUMBER,MILICI,F,eyesight,225
2013,NUMBER,MODRICA,_T,eyesight,990
2013,NUMBER,MODRICA,M,eyesight,443
2013,NUMBER,MODRICA,F,eyesight,547
2013,NUMBER,MRKONJIC GRAD,_T,eyesight,524
2013,NUMBER,MRKONJIC GRAD,M,eyesight,227
2013,NUMBER,MRKONJIC GRAD,F,eyesight,297
2013,NUMBER,NEVESINJE,_T,eyesight,401
2013,NUMBER,NEVESINJE,M,eyesight,187
2013,NUMBER,NEVESINJE,F,eyesight,214
2013,NUMBER,NOVI GRAD,_T,eyesight,1236
2013,NUMBER,NOVI GRAD,M,eyesight,483
2013,NUMBER,NOVI GRAD,F,eyesight,753
2013,NUMBER,NOVO GORAZDE,_T,eyesight,86
2013,NUMBER,NOVO GORAZDE,M,eyesight,35
2013,NUMBER,NOVO GORAZDE,F,eyesight,51
2013,NUMBER,OSMACI,_T,eyesight,243
2013,NUMBER,OSMACI,M,eyesight,102
2013,NUMBER,OSMACI,F,eyesight,141
2013,NUMBER,OSTRA LUKA,_T,eyesight,176
2013,NUMBER,OSTRA LUKA,M,eyesight,88
2013,NUMBER,OSTRA LUKA,F,eyesight,88
2013,NUMBER,PALE,_T,eyesight,492
2013,NUMBER,PALE,M,eyesight,213
2013,NUMBER,PALE,F,eyesight,279
2013,NUMBER,PELAGICEVO,_T,eyesight,310
2013,NUMBER,PELAGICEVO,M,eyesight,132
2013,NUMBER,PELAGICEVO,F,eyesight,178
2013,NUMBER,PETROVAC,_T,eyesight,6
2013,NUMBER,PETROVAC,M,eyesight,2
2013,NUMBER,PETROVAC,F,eyesight,4
2013,NUMBER,PETROVO,_T,eyesight,433
2013,NUMBER,PETROVO,M,eyesight,178
2013,NUMBER,PETROVO,F,eyesight,255
2013,NUMBER,PRIJEDOR,_T,eyesight,2857
2013,NUMBER,PRIJEDOR,M,eyesight,1209
2013,NUMBER,PRIJEDOR,F,eyesight,1648
2013,NUMBER,PRNJAVOR,_T,eyesight,1364
2013,NUMBER,PRNJAVOR,M,eyesight,564
2013,NUMBER,PRNJAVOR,F,eyesight,800
2013,NUMBER,RIBNIK,_T,eyesight,293
2013,NUMBER,RIBNIK,M,eyesight,137
2013,NUMBER,RIBNIK,F,eyesight,156
2013,NUMBER,ROGATICA,_T,eyesight,418
2013,NUMBER,ROGATICA,M,eyesight,174
2013,NUMBER,ROGATICA,F,eyesight,244
2013,NUMBER,RUDO,_T,eyesight,231
2013,NUMBER,RUDO,M,eyesight,98
2013,NUMBER,RUDO,F,eyesight,133
2013,NUMBER,SOKOLAC,_T,eyesight,368
2013,NUMBER,SOKOLAC,M,eyesight,161
2013,NUMBER,SOKOLAC,F,eyesight,207
2013,NUMBER,SRBAC,_T,eyesight,684
2013,NUMBER,SRBAC,M,eyesight,291
2013,NUMBER,SRBAC,F,eyesight,393
2013,NUMBER,SREBRENICA,_T,eyesight,487
2013,NUMBER,SREBRENICA,M,eyesight,176
2013,NUMBER,SREBRENICA,F,eyesight,311
2013,NUMBER,TESLIC,_T,eyesight,1451
2013,NUMBER,TESLIC,M,eyesight,633
2013,NUMBER,TESLIC,F,eyesight,818
2013,NUMBER,TREBINJE,_T,eyesight,736
2013,NUMBER,TREBINJE,M,eyesight,297
2013,NUMBER,TREBINJE,F,eyesight,439
2013,NUMBER,TRNOVO,_T,eyesight,62
2013,NUMBER,TRNOVO,M,eyesight,25
2013,NUMBER,TRNOVO,F,eyesight,37
2013,NUMBER,UGLJEVIK,_T,eyesight,488
2013,NUMBER,UGLJEVIK,M,eyesight,202
2013,NUMBER,UGLJEVIK,F,eyesight,286
2013,NUMBER,FOCA,_T,eyesight,605
2013,NUMBER,FOCA,M,eyesight,263
2013,NUMBER,FOCA,F,eyesight,342
2013,NUMBER,HAN PIJESAK,_T,eyesight,102
2013,NUMBER,HAN PIJESAK,M,eyesight,36
2013,NUMBER,HAN PIJESAK,F,eyesight,66
2013,NUMBER,CAJNICE,_T,eyesight,219
2013,NUMBER,CAJNICE,M,eyesight,93
2013,NUMBER,CAJNICE,F,eyesight,126
2013,NUMBER,CELINAC,_T,eyesight,752
2013,NUMBER,CELINAC,M,eyesight,313
2013,NUMBER,CELINAC,F,eyesight,439
2013,NUMBER,SAMAC,_T,eyesight,679
2013,NUMBER,SAMAC,M,eyesight,277
2013,NUMBER,SAMAC,F,eyesight,402
2013,NUMBER,SEKOVICI,_T,eyesight,307
2013,NUMBER,SEKOVICI,M,eyesight,130
2013,NUMBER,SEKOVICI,F,eyesight,177
2013,NUMBER,SIPOVO,_T,eyesight,372
2013,NUMBER,SIPOVO,M,eyesight,155
2013,NUMBER,SIPOVO,F,eyesight,217
2013,NUMBER,REPUBLIKA SRPSKA,_T,hearing,26055
2013,NUMBER,REPUBLIKA SRPSKA,M,hearing,12971
2013,NUMBER,REPUBLIKA SRPSKA,F,hearing,13084
2013,NUMBER,BANJA LUKA,_T,hearing,3262
2013,NUMBER,BANJA LUKA,M,hearing,1678
2013,NUMBER,BANJA LUKA,F,hearing,1584
2013,NUMBER,BERKOVICI,_T,hearing,48
2013,NUMBER,BERKOVICI,M,hearing,28
2013,NUMBER,BERKOVICI,F,hearing,20
2013,NUMBER,BIJELJINA,_T,hearing,2026
2013,NUMBER,BIJELJINA,M,hearing,1028
2013,NUMBER,BIJELJINA,F,hearing,998
2013,NUMBER,BILECA,_T,hearing,240
2013,NUMBER,BILECA,M,hearing,122
2013,NUMBER,BILECA,F,hearing,118
2013,NUMBER,BRATUNAC,_T,hearing,420
2013,NUMBER,BRATUNAC,M,hearing,196
2013,NUMBER,BRATUNAC,F,hearing,224
2013,NUMBER,BROD,_T,hearing,322
2013,NUMBER,BROD,M,hearing,168
2013,NUMBER,BROD,F,hearing,154
2013,NUMBER,VISEGRAD,_T,hearing,276
2013,NUMBER,VISEGRAD,M,hearing,128
2013,NUMBER,VISEGRAD,F,hearing,148
2013,NUMBER,VLASENICA,_T,hearing,236
2013,NUMBER,VLASENICA,M,hearing,117
2013,NUMBER,VLASENICA,F,hearing,119
2013,NUMBER,VUKOSAVLJE,_T,hearing,107
2013,NUMBER,VUKOSAVLJE,M,hearing,49
2013,NUMBER,VUKOSAVLJE,F,hearing,58
2013,NUMBER,GACKO,_T,hearing,172
2013,NUMBER,GACKO,M,hearing,80
2013,NUMBER,GACKO,F,hearing,92
2013,NUMBER,GRADISKA,_T,hearing,1110
2013,NUMBER,GRADISKA,M,hearing,525
2013,NUMBER,GRADISKA,F,hearing,585
2013,NUMBER,DERVENTA,_T,hearing,655
2013,NUMBER,DERVENTA,M,hearing,320
2013,NUMBER,DERVENTA,F,hearing,335
2013,NUMBER,DOBOJ,_T,hearing,1902
2013,NUMBER,DOBOJ,M,hearing,925
2013,NUMBER,DOBOJ,F,hearing,977
2013,NUMBER,DONJI ZABAR,_T,hearing,81
2013,NUMBER,DONJI ZABAR,M,hearing,50
2013,NUMBER,DONJI ZABAR,F,hearing,31
2013,NUMBER,ZVORNIK,_T,hearing,1157
2013,NUMBER,ZVORNIK,M,hearing,580
2013,NUMBER,ZVORNIK,F,hearing,577
2013,NUMBER,ISTOCNA ILIDZA,_T,hearing,267
2013,NUMBER,ISTOCNA ILIDZA,M,hearing,123
2013,NUMBER,ISTOCNA ILIDZA,F,hearing,144
2013,NUMBER,ISTOCNI DRVAR,_T,hearing,4
2013,NUMBER,ISTOCNI DRVAR,M,hearing,1
2013,NUMBER,ISTOCNI DRVAR,F,hearing,3
2013,NUMBER,ISTOCNI MOSTAR,_T,hearing,7
2013,NUMBER,ISTOCNI MOSTAR,M,hearing,1
2013,NUMBER,ISTOCNI MOSTAR,F,hearing,6
2013,NUMBER,ISTOCNI STARI GRAD,_T,hearing,29
2013,NUMBER,ISTOCNI STARI GRAD,M,hearing,15
2013,NUMBER,ISTOCNI STARI GRAD,F,hearing,14
2013,NUMBER,ISTOCNO NOVO SARAJEVO,_T,hearing,153
2013,NUMBER,ISTOCNO NOVO SARAJEVO,M,hearing,76
2013,NUMBER,ISTOCNO NOVO SARAJEVO,F,hearing,77
2013,NUMBER,JEZERO,_T,hearing,34
2013,NUMBER,JEZERO,M,hearing,18
2013,NUMBER,JEZERO,F,hearing,16
2013,NUMBER,KALINOVIK,_T,hearing,56
2013,NUMBER,KALINOVIK,M,hearing,25
2013,NUMBER,KALINOVIK,F,hearing,31
2013,NUMBER,KNEZEVO,_T,hearing,251
2013,NUMBER,KNEZEVO,M,hearing,127
2013,NUMBER,KNEZEVO,F,hearing,124
2013,NUMBER,KOZARSKA DUBICA,_T,hearing,490
2013,NUMBER,KOZARSKA DUBICA,M,hearing,237
2013,NUMBER,KOZARSKA DUBICA,F,hearing,253
2013,NUMBER,KOSTAJNICA,_T,hearing,123
2013,NUMBER,KOSTAJNICA,M,hearing,65
2013,NUMBER,KOSTAJNICA,F,hearing,58
2013,NUMBER,KOTOR VAROS,_T,hearing,485
2013,NUMBER,KOTOR VAROS,M,hearing,244
2013,NUMBER,KOTOR VAROS,F,hearing,241
2013,NUMBER,KRUPA NA UNI,_T,hearing,59
2013,NUMBER,KRUPA NA UNI,M,hearing,36
2013,NUMBER,KRUPA NA UNI,F,hearing,23
2013,NUMBER,KUPRES,_T,hearing,14
2013,NUMBER,KUPRES,M,hearing,10
2013,NUMBER,KUPRES,F,hearing,4
2013,NUMBER,LAKTASI,_T,hearing,610
2013,NUMBER,LAKTASI,M,hearing,322
2013,NUMBER,LAKTASI,F,hearing,288
2013,NUMBER,LOPARE,_T,hearing,400
2013,NUMBER,LOPARE,M,hearing,187
2013,NUMBER,LOPARE,F,hearing,213
2013,NUMBER,LJUBINJE,_T,hearing,68
2013,NUMBER,LJUBINJE,M,hearing,33
2013,NUMBER,LJUBINJE,F,hearing,35
2013,NUMBER,MILICI,_T,hearing,209
2013,NUMBER,MILICI,M,hearing,98
2013,NUMBER,MILICI,F,hearing,111
2013,NUMBER,MODRICA,_T,hearing,623
2013,NUMBER,MODRICA,M,hearing,318
2013,NUMBER,MODRICA,F,hearing,305
2013,NUMBER,MRKONJIC GRAD,_T,hearing,388
2013,NUMBER,MRKONJIC GRAD,M,hearing,188
2013,NUMBER,MRKONJIC GRAD,F,hearing,200
2013,NUMBER,NEVESINJE,_T,hearing,254
2013,NUMBER,NEVESINJE,M,hearing,119
2013,NUMBER,NEVESINJE,F,hearing,135
2013,NUMBER,NOVI GRAD,_T,hearing,706
2013,NUMBER,NOVI GRAD,M,hearing,334
2013,NUMBER,NOVI GRAD,F,hearing,372
2013,NUMBER,NOVO GORAZDE,_T,hearing,57
2013,NUMBER,NOVO GORAZDE,M,hearing,31
2013,NUMBER,NOVO GORAZDE,F,hearing,26
2013,NUMBER,OSMACI,_T,hearing,144
2013,NUMBER,OSMACI,M,hearing,71
2013,NUMBER,OSMACI,F,hearing,73
2013,NUMBER,OSTRA LUKA,_T,hearing,97
2013,NUMBER,OSTRA LUKA,M,hearing,65
2013,NUMBER,OSTRA LUKA,F,hearing,32
2013,NUMBER,PALE,_T,hearing,318
2013,NUMBER,PALE,M,hearing,164
2013,NUMBER,PALE,F,hearing,154
2013,NUMBER,PELAGICEVO,_T,hearing,167
2013,NUMBER,PELAGICEVO,M,hearing,74
2013,NUMBER,PELAGICEVO,F,hearing,93
2013,NUMBER,PETROVAC,_T,hearing,4
2013,NUMBER,PETROVAC,M,hearing,1
2013,NUMBER,PETROVAC,F,hearing,3
2013,NUMBER,PETROVO,_T,hearing,257
2013,NUMBER,PETROVO,M,hearing,134
2013,NUMBER,PETROVO,F,hearing,123
2013,NUMBER,PRIJEDOR,_T,hearing,1805
2013,NUMBER,PRIJEDOR,M,hearing,944
2013,NUMBER,PRIJEDOR,F,hearing,861
2013,NUMBER,PRNJAVOR,_T,hearing,812
2013,NUMBER,PRNJAVOR,M,hearing,383
2013,NUMBER,PRNJAVOR,F,hearing,429
2013,NUMBER,RIBNIK,_T,hearing,199
2013,NUMBER,RIBNIK,M,hearing,97
2013,NUMBER,RIBNIK,F,hearing,102
2013,NUMBER,ROGATICA,_T,hearing,307
2013,NUMBER,ROGATICA,M,hearing,150
2013,NUMBER,ROGATICA,F,hearing,157
2013,NUMBER,RUDO,_T,hearing,169
2013,NUMBER,RUDO,M,hearing,83
2013,NUMBER,RUDO,F,hearing,86
2013,NUMBER,SOKOLAC,_T,hearing,257
2013,NUMBER,SOKOLAC,M,hearing,121
2013,NUMBER,SOKOLAC,F,hearing,136
2013,NUMBER,SRBAC,_T,hearing,423
2013,NUMBER,SRBAC,M,hearing,212
2013,NUMBER,SRBAC,F,hearing,211
2013,NUMBER,SREBRENICA,_T,hearing,229
2013,NUMBER,SREBRENICA,M,hearing,109
2013,NUMBER,SREBRENICA,F,hearing,120
2013,NUMBER,TESLIC,_T,hearing,881
2013,NUMBER,TESLIC,M,hearing,435
2013,NUMBER,TESLIC,F,hearing,446
2013,NUMBER,TREBINJE,_T,hearing,461
2013,NUMBER,TREBINJE,M,hearing,227
2013,NUMBER,TREBINJE,F,hearing,234
2013,NUMBER,TRNOVO,_T,hearing,46
2013,NUMBER,TRNOVO,M,hearing,22
2013,NUMBER,TRNOVO,F,hearing,24
2013,NUMBER,UGLJEVIK,_T,hearing,257
2013,NUMBER,UGLJEVIK,M,hearing,117
2013,NUMBER,UGLJEVIK,F,hearing,140
2013,NUMBER,FOCA,_T,hearing,430
2013,NUMBER,FOCA,M,hearing,216
2013,NUMBER,FOCA,F,hearing,214
2013,NUMBER,HAN PIJESAK,_T,hearing,68
2013,NUMBER,HAN PIJESAK,M,hearing,28
2013,NUMBER,HAN PIJESAK,F,hearing,40
2013,NUMBER,CAJNICE,_T,hearing,135
2013,NUMBER,CAJNICE,M,hearing,66
2013,NUMBER,CAJNICE,F,hearing,69
2013,NUMBER,CELINAC,_T,hearing,457
2013,NUMBER,CELINAC,M,hearing,233
2013,NUMBER,CELINAC,F,hearing,224
2013,NUMBER,SAMAC,_T,hearing,419
2013,NUMBER,SAMAC,M,hearing,217
2013,NUMBER,SAMAC,F,hearing,202
2013,NUMBER,SEKOVICI,_T,hearing,193
2013,NUMBER,SEKOVICI,M,hearing,96
2013,NUMBER,SEKOVICI,F,hearing,97
2013,NUMBER,SIPOVO,_T,hearing,219
2013,NUMBER,SIPOVO,M,hearing,104
2013,NUMBER,SIPOVO,F,hearing,115
2013,NUMBER,REPUBLIKA SRPSKA,_T,walking,63381
2013,NUMBER,REPUBLIKA SRPSKA,M,walking,26903
2013,NUMBER,REPUBLIKA SRPSKA,F,walking,36478
2013,NUMBER,BANJA LUKA,_T,walking,8456
2013,NUMBER,BANJA LUKA,M,walking,3667
2013,NUMBER,BANJA LUKA,F,walking,4789
2013,NUMBER,BERKOVICI,_T,walking,109
2013,NUMBER,BERKOVICI,M,walking,45
2013,NUMBER,BERKOVICI,F,walking,64
2013,NUMBER,BIJELJINA,_T,walking,5530
2013,NUMBER,BIJELJINA,M,walking,2356
2013,NUMBER,BIJELJINA,F,walking,3174
2013,NUMBER,BILECA,_T,walking,533
2013,NUMBER,BILECA,M,walking,193
2013,NUMBER,BILECA,F,walking,340
2013,NUMBER,BRATUNAC,_T,walking,835
2013,NUMBER,BRATUNAC,M,walking,372
2013,NUMBER,BRATUNAC,F,walking,463
2013,NUMBER,BROD,_T,walking,892
2013,NUMBER,BROD,M,walking,392
2013,NUMBER,BROD,F,walking,500
2013,NUMBER,VISEGRAD,_T,walking,598
2013,NUMBER,VISEGRAD,M,walking,227
2013,NUMBER,VISEGRAD,F,walking,371
2013,NUMBER,VLASENICA,_T,walking,440
2013,NUMBER,VLASENICA,M,walking,211
2013,NUMBER,VLASENICA,F,walking,229
2013,NUMBER,VUKOSAVLJE,_T,walking,286
2013,NUMBER,VUKOSAVLJE,M,walking,130
2013,NUMBER,VUKOSAVLJE,F,walking,156
2013,NUMBER,GACKO,_T,walking,385
2013,NUMBER,GACKO,M,walking,152
2013,NUMBER,GACKO,F,walking,233
2013,NUMBER,GRADISKA,_T,walking,2675
2013,NUMBER,GRADISKA,M,walking,1074
2013,NUMBER,GRADISKA,F,walking,1601
2013,NUMBER,DERVENTA,_T,walking,1590
2013,NUMBER,DERVENTA,M,walking,695
2013,NUMBER,DERVENTA,F,walking,895
2013,NUMBER,DOBOJ,_T,walking,4793
2013,NUMBER,DOBOJ,M,walking,1953
2013,NUMBER,DOBOJ,F,walking,2840
2013,NUMBER,DONJI ZABAR,_T,walking,182
2013,NUMBER,DONJI ZABAR,M,walking,76
2013,NUMBER,DONJI ZABAR,F,walking,106
2013,NUMBER,ZVORNIK,_T,walking,2535
2013,NUMBER,ZVORNIK,M,walking,1092
2013,NUMBER,ZVORNIK,F,walking,1443
2013,NUMBER,ISTOCNA ILIDZA,_T,walking,644
2013,NUMBER,ISTOCNA ILIDZA,M,walking,267
2013,NUMBER,ISTOCNA ILIDZA,F,walking,377
2013,NUMBER,ISTOCNI DRVAR,_T,walking,7
2013,NUMBER,ISTOCNI DRVAR,M,walking,4
2013,NUMBER,ISTOCNI DRVAR,F,walking,3
2013,NUMBER,ISTOCNI MOSTAR,_T,walking,8
2013,NUMBER,ISTOCNI MOSTAR,M,walking,2
2013,NUMBER,ISTOCNI MOSTAR,F,walking,6
2013,NUMBER,ISTOCNI STARI GRAD,_T,walking,53
2013,NUMBER,ISTOCNI STARI GRAD,M,walking,22
2013,NUMBER,ISTOCNI STARI GRAD,F,walking,31
2013,NUMBER,ISTOCNO NOVO SARAJEVO,_T,walking,380
2013,NUMBER,ISTOCNO NOVO SARAJEVO,M,walking,163
2013,NUMBER,ISTOCNO NOVO SARAJEVO,F,walking,217
2013,NUMBER,JEZERO,_T,walking,60
2013,NUMBER,JEZERO,M,walking,29
2013,NUMBER,JEZERO,F,walking,31
2013,NUMBER,KALINOVIK,_T,walking,132
2013,NUMBER,KALINOVIK,M,walking,54
2013,NUMBER,KALINOVIK,F,walking,78
2013,NUMBER,KNEZEVO,_T,walking,568
2013,NUMBER,KNEZEVO,M,walking,255
2013,NUMBER,KNEZEVO,F,walking,313
2013,NUMBER,KOZARSKA DUBICA,_T,walking,1369
2013,NUMBER,KOZARSKA DUBICA,M,walking,549
2013,NUMBER,KOZARSKA DUBICA,F,walking,820
2013,NUMBER,KOSTAJNICA,_T,walking,312
2013,NUMBER,KOSTAJNICA,M,walking,133
2013,NUMBER,KOSTAJNICA,F,walking,179
2013,NUMBER,KOTOR VAROS,_T,walking,1074
2013,NUMBER,KOTOR VAROS,M,walking,475
2013,NUMBER,KOTOR VAROS,F,walking,599
2013,NUMBER,KRUPA NA UNI,_T,walking,112
2013,NUMBER,KRUPA NA UNI,M,walking,43
2013,NUMBER,KRUPA NA UNI,F,walking,69
2013,NUMBER,KUPRES,_T,walking,33
2013,NUMBER,KUPRES,M,walking,18
2013,NUMBER,KUPRES,F,walking,15
2013,NUMBER,LAKTASI,_T,walking,1426
2013,NUMBER,LAKTASI,M,walking,650
2013,NUMBER,LAKTASI,F,walking,776
2013,NUMBER,LOPARE,_T,walking,984
2013,NUMBER,LOPARE,M,walking,447
2013,NUMBER,LOPARE,F,walking,537
2013,NUMBER,LJUBINJE,_T,walking,119
2013,NUMBER,LJUBINJE,M,walking,48
2013,NUMBER,LJUBINJE,F,walking,71
2013,NUMBER,MILICI,_T,walking,508
2013,NUMBER,MILICI,M,walking,224
2013,NUMBER,MILICI,F,walking,284
2013,NUMBER,MODRICA,_T,walking,1527
2013,NUMBER,MODRICA,M,walking,635
2013,NUMBER,MODRICA,F,walking,892
2013,NUMBER,MRKONJIC GRAD,_T,walking,798
2013,NUMBER,MRKONJIC GRAD,M,walking,355
2013,NUMBER,MRKONJIC GRAD,F,walking,443
2013,NUMBER,NEVESINJE,_T,walking,551
2013,NUMBER,NEVESINJE,M,walking,209
2013,NUMBER,NEVESINJE,F,walking,342
2013,NUMBER,NOVI GRAD,_T,walking,1711
2013,NUMBER,NOVI GRAD,M,walking,700
2013,NUMBER,NOVI GRAD,F,walking,1011
2013,NUMBER,NOVO GORAZDE,_T,walking,135
2013,NUMBER,NOVO GORAZDE,M,walking,61
2013,NUMBER,NOVO GORAZDE,F,walking,74
2013,NUMBER,OSMACI,_T,walking,288
2013,NUMBER,OSMACI,M,walking,125
2013,NUMBER,OSMACI,F,walking,163
2013,NUMBER,OSTRA LUKA,_T,walking,224
2013,NUMBER,OSTRA LUKA,M,walking,99
2013,NUMBER,OSTRA LUKA,F,walking,125
2013,NUMBER,PALE,_T,walking,822
2013,NUMBER,PALE,M,walking,366
2013,NUMBER,PALE,F,walking,456
2013,NUMBER,PELAGICEVO,_T,walking,445
2013,NUMBER,PELAGICEVO,M,walking,165
2013,NUMBER,PELAGICEVO,F,walking,280
2013,NUMBER,PETROVAC,_T,walking,8
2013,NUMBER,PETROVAC,M,walking,5
2013,NUMBER,PETROVAC,F,walking,3
2013,NUMBER,PETROVO,_T,walking,602
2013,NUMBER,PETROVO,M,walking,231
2013,NUMBER,PETROVO,F,walking,371
2013,NUMBER,PRIJEDOR,_T,walking,4451
2013,NUMBER,PRIJEDOR,M,walking,1891
2013,NUMBER,PRIJEDOR,F,walking,2560
2013,NUMBER,PRNJAVOR,_T,walking,2094
2013,NUMBER,PRNJAVOR,M,walking,860
2013,NUMBER,PRNJAVOR,F,walking,1234
2013,NUMBER,RIBNIK,_T,walking,438
2013,NUMBER,RIBNIK,M,walking,182
2013,NUMBER,RIBNIK,F,walking,256
2013,NUMBER,ROGATICA,_T,walking,640
2013,NUMBER,ROGATICA,M,walking,264
2013,NUMBER,ROGATICA,F,walking,376
2013,NUMBER,RUDO,_T,walking,399
2013,NUMBER,RUDO,M,walking,165
2013,NUMBER,RUDO,F,walking,234
2013,NUMBER,SOKOLAC,_T,walking,600
2013,NUMBER,SOKOLAC,M,walking,248
2013,NUMBER,SOKOLAC,F,walking,352
2013,NUMBER,SRBAC,_T,walking,910
2013,NUMBER,SRBAC,M,walking,412
2013,NUMBER,SRBAC,F,walking,498
2013,NUMBER,SREBRENICA,_T,walking,621
2013,NUMBER,SREBRENICA,M,walking,256
2013,NUMBER,SREBRENICA,F,walking,365
2013,NUMBER,TESLIC,_T,walking,2201
2013,NUMBER,TESLIC,M,walking,973
2013,NUMBER,TESLIC,F,walking,1228
2013,NUMBER,TREBINJE,_T,walking,1198
2013,NUMBER,TREBINJE,M,walking,489
2013,NUMBER,TREBINJE,F,walking,709
2013,NUMBER,TRNOVO,_T,walking,104
2013,NUMBER,TRNOVO,M,walking,41
2013,NUMBER,TRNOVO,F,walking,63
2013,NUMBER,UGLJEVIK,_T,walking,734
2013,NUMBER,UGLJEVIK,M,walking,312
2013,NUMBER,UGLJEVIK,F,walking,422
2013,NUMBER,FOCA,_T,walking,945
2013,NUMBER,FOCA,M,walking,438
2013,NUMBER,FOCA,F,walking,507
2013,NUMBER,HAN PIJESAK,_T,walking,187
2013,NUMBER,HAN PIJESAK,M,walking,65
2013,NUMBER,HAN PIJESAK,F,walking,122
2013,NUMBER,CAJNICE,_T,walking,262
2013,NUMBER,CAJNICE,M,walking,108
2013,NUMBER,CAJNICE,F,walking,154
2013,NUMBER,CELINAC,_T,walking,1038
2013,NUMBER,CELINAC,M,walking,469
2013,NUMBER,CELINAC,F,walking,569
2013,NUMBER,SAMAC,_T,walking,1041
2013,NUMBER,SAMAC,M,walking,413
2013,NUMBER,SAMAC,F,walking,628
2013,NUMBER,SEKOVICI,_T,walking,283
2013,NUMBER,SEKOVICI,M,walking,125
2013,NUMBER,SEKOVICI,F,walking,158
2013,NUMBER,SIPOVO,_T,walking,496
2013,NUMBER,SIPOVO,M,walking,223
2013,NUMBER,SIPOVO,F,walking,273
2013,NUMBER,REPUBLIKA SRPSKA,_T,memory,18330
2013,NUMBER,REPUBLIKA SRPSKA,M,memory,8168
2013,NUMBER,REPUBLIKA SRPSKA,F,memory,10162
2013,NUMBER,BANJA LUKA,_T,memory,2300
2013,NUMBER,BANJA LUKA,M,memory,1087
2013,NUMBER,BANJA LUKA,F,memory,1213
2013,NUMBER,BERKOVICI,_T,memory,35
2013,NUMBER,BERKOVICI,M,memory,13
2013,NUMBER,BERKOVICI,F,memory,22
2013,NUMBER,BIJELJINA,_T,memory,1415
2013,NUMBER,BIJELJINA,M,memory,630
2013,NUMBER,BIJELJINA,F,memory,785
2013,NUMBER,BILECA,_T,memory,126
2013,NUMBER,BILECA,M,memory,61
2013,NUMBER,BILECA,F,memory,65
2013,NUMBER,BRATUNAC,_T,memory,290
2013,NUMBER,BRATUNAC,M,memory,116
2013,NUMBER,BRATUNAC,F,memory,174
2013,NUMBER,BROD,_T,memory,239
2013,NUMBER,BROD,M,memory,104
2013,NUMBER,BROD,F,memory,135
2013,NUMBER,VISEGRAD,_T,memory,309
2013,NUMBER,VISEGRAD,M,memory,75
2013,NUMBER,VISEGRAD,F,memory,234
2013,NUMBER,VLASENICA,_T,memory,137
2013,NUMBER,VLASENICA,M,memory,60
2013,NUMBER,VLASENICA,F,memory,77
2013,NUMBER,VUKOSAVLJE,_T,memory,74
2013,NUMBER,VUKOSAVLJE,M,memory,37
2013,NUMBER,VUKOSAVLJE,F,memory,37
2013,NUMBER,GACKO,_T,memory,90
2013,NUMBER,GACKO,M,memory,42
2013,NUMBER,GACKO,F,memory,48
2013,NUMBER,GRADISKA,_T,memory,831
2013,NUMBER,GRADISKA,M,memory,338
2013,NUMBER,GRADISKA,F,memory,493
2013,NUMBER,DERVENTA,_T,memory,455
2013,NUMBER,DERVENTA,M,memory,195
2013,NUMBER,DERVENTA,F,memory,260
2013,NUMBER,DOBOJ,_T,memory,1369
2013,NUMBER,DOBOJ,M,memory,596
2013,NUMBER,DOBOJ,F,memory,773
2013,NUMBER,DONJI ZABAR,_T,memory,40
2013,NUMBER,DONJI ZABAR,M,memory,19
2013,NUMBER,DONJI ZABAR,F,memory,21
2013,NUMBER,ZVORNIK,_T,memory,762
2013,NUMBER,ZVORNIK,M,memory,330
2013,NUMBER,ZVORNIK,F,memory,432
2013,NUMBER,ISTOCNA ILIDZA,_T,memory,149
2013,NUMBER,ISTOCNA ILIDZA,M,memory,64
2013,NUMBER,ISTOCNA ILIDZA,F,memory,85
2013,NUMBER,ISTOCNI DRVAR,_T,memory,1
2013,NUMBER,ISTOCNI DRVAR,F,memory,1
2013,NUMBER,ISTOCNI MOSTAR,_T,memory,3
2013,NUMBER,ISTOCNI MOSTAR,M,memory,2
2013,NUMBER,ISTOCNI MOSTAR,F,memory,1
2013,NUMBER,ISTOCNI STARI GRAD,_T,memory,20
2013,NUMBER,ISTOCNI STARI GRAD,M,memory,9
2013,NUMBER,ISTOCNI STARI GRAD,F,memory,11
2013,NUMBER,ISTOCNO NOVO SARAJEVO,_T,memory,104
2013,NUMBER,ISTOCNO NOVO SARAJEVO,M,memory,49
2013,NUMBER,ISTOCNO NOVO SARAJEVO,F,memory,55
2013,NUMBER,JEZERO,_T,memory,27
2013,NUMBER,JEZERO,M,memory,15
2013,NUMBER,JEZERO,F,memory,12
2013,NUMBER,KALINOVIK,_T,memory,27
2013,NUMBER,KALINOVIK,M,memory,10
2013,NUMBER,KALINOVIK,F,memory,17
2013,NUMBER,KNEZEVO,_T,memory,238
2013,NUMBER,KNEZEVO,M,memory,113
2013,NUMBER,KNEZEVO,F,memory,125
2013,NUMBER,KOZARSKA DUBICA,_T,memory,331
2013,NUMBER,KOZARSKA DUBICA,M,memory,154
2013,NUMBER,KOZARSKA DUBICA,F,memory,177
2013,NUMBER,KOSTAJNICA,_T,memory,98
2013,NUMBER,KOSTAJNICA,M,memory,41
2013,NUMBER,KOSTAJNICA,F,memory,57
2013,NUMBER,KOTOR VAROS,_T,memory,339
2013,NUMBER,KOTOR VAROS,M,memory,154
2013,NUMBER,KOTOR VAROS,F,memory,185
2013,NUMBER,KRUPA NA UNI,_T,memory,40
2013,NUMBER,KRUPA NA UNI,M,memory,19
2013,NUMBER,KRUPA NA UNI,F,memory,21
2013,NUMBER,KUPRES,_T,memory,13
2013,NUMBER,KUPRES,M,memory,9
2013,NUMBER,KUPRES,F,memory,4
2013,NUMBER,LAKTASI,_T,memory,410
2013,NUMBER,LAKTASI,M,memory,204
2013,NUMBER,LAKTASI,F,memory,206
2013,NUMBER,LOPARE,_T,memory,281
2013,NUMBER,LOPARE,M,memory,140
2013,NUMBER,LOPARE,F,memory,141
2013,NUMBER,LJUBINJE,_T,memory,44
2013,NUMBER,LJUBINJE,M,memory,17
2013,NUMBER,LJUBINJE,F,memory,27
2013,NUMBER,MILICI,_T,memory,158
2013,NUMBER,MILICI,M,memory,64
2013,NUMBER,MILICI,F,memory,94
2013,NUMBER,MODRICA,_T,memory,478
2013,NUMBER,MODRICA,M,memory,194
2013,NUMBER,MODRICA,F,memory,284
2013,NUMBER,MRKONJIC GRAD,_T,memory,228
2013,NUMBER,MRKONJIC GRAD,M,memory,98
2013,NUMBER,MRKONJIC GRAD,F,memory,130
2013,NUMBER,NEVESINJE,_T,memory,144
2013,NUMBER,NEVESINJE,M,memory,55
2013,NUMBER,NEVESINJE,F,memory,89
2013,NUMBER,NOVI GRAD,_T,memory,475
2013,NUMBER,NOVI GRAD,M,memory,223
2013,NUMBER,NOVI GRAD,F,memory,252
2013,NUMBER,NOVO GORAZDE,_T,memory,36
2013,NUMBER,NOVO GORAZDE,M,memory,13
2013,NUMBER,NOVO GORAZDE,F,memory,23
2013,NUMBER,OSMACI,_T,memory,95
2013,NUMBER,OSMACI,M,memory,43
2013,NUMBER,OSMACI,F,memory,52
2013,NUMBER,OSTRA LUKA,_T,memory,60
2013,NUMBER,OSTRA LUKA,M,memory,30
2013,NUMBER,OSTRA LUKA,F,memory,30
2013,NUMBER,PALE,_T,memory,212
2013,NUMBER,PALE,M,memory,91
2013,NUMBER,PALE,F,memory,121
2013,NUMBER,PELAGICEVO,_T,memory,133
2013,NUMBER,PELAGICEVO,M,memory,65
2013,NUMBER,PELAGICEVO,F,memory,68
2013,NUMBER,PETROVAC,_T,memory,3
2013,NUMBER,PETROVAC,M,memory,1
2013,NUMBER,PETROVAC,F,memory,2
2013,NUMBER,PETROVO,_T,memory,150
2013,NUMBER,PETROVO,M,memory,62
2013,NUMBER,PETROVO,F,memory,88
2013,NUMBER,PRIJEDOR,_T,memory,1532
2013,NUMBER,PRIJEDOR,M,memory,766
2013,NUMBER,PRIJEDOR,F,memory,766
2013,NUMBER,PRNJAVOR,_T,memory,567
2013,NUMBER,PRNJAVOR,M,memory,240
2013,NUMBER,PRNJAVOR,F,memory,327
2013,NUMBER,RIBNIK,_T,memory,123
2013,NUMBER,RIBNIK,M,memory,56
2013,NUMBER,RIBNIK,F,memory,67
2013,NUMBER,ROGATICA,_T,memory,169
2013,NUMBER,ROGATICA,M,memory,72
2013,NUMBER,ROGATICA,F,memory,97
2013,NUMBER,RUDO,_T,memory,123
2013,NUMBER,RUDO,M,memory,53
2013,NUMBER,RUDO,F,memory,70
2013,NUMBER,SOKOLAC,_T,memory,164
2013,NUMBER,SOKOLAC,M,memory,64
2013,NUMBER,SOKOLAC,F,memory,100
2013,NUMBER,SRBAC,_T,memory,316
2013,NUMBER,SRBAC,M,memory,148
2013,NUMBER,SRBAC,F,memory,168
2013,NUMBER,SREBRENICA,_T,memory,218
2013,NUMBER,SREBRENICA,M,memory,82
2013,NUMBER,SREBRENICA,F,memory,136
2013,NUMBER,TESLIC,_T,memory,644
2013,NUMBER,TESLIC,M,memory,272
2013,NUMBER,TESLIC,F,memory,372
2013,NUMBER,TREBINJE,_T,memory,313
2013,NUMBER,TREBINJE,M,memory,143
2013,NUMBER,TREBINJE,F,memory,170
2013,NUMBER,TRNOVO,_T,memory,39
2013,NUMBER,TRNOVO,M,memory,22
2013,NUMBER,TRNOVO,F,memory,17
2013,NUMBER,UGLJEVIK,_T,memory,191
2013,NUMBER,UGLJEVIK,M,memory,78
2013,NUMBER,UGLJEVIK,F,memory,113
2013,NUMBER,FOCA,_T,memory,265
2013,NUMBER,FOCA,M,memory,126
2013,NUMBER,FOCA,F,memory,139
2013,NUMBER,HAN PIJESAK,_T,memory,49
2013,NUMBER,HAN PIJESAK,M,memory,15
2013,NUMBER,HAN PIJESAK,F,memory,34
2013,NUMBER,CAJNICE,_T,memory,67
2013,NUMBER,CAJNICE,M,memory,30
2013,NUMBER,CAJNICE,F,memory,37
2013,NUMBER,CELINAC,_T,memory,298
2013,NUMBER,CELINAC,M,memory,150
2013,NUMBER,CELINAC,F,memory,148
2013,NUMBER,SAMAC,_T,memory,252
2013,NUMBER,SAMAC,M,memory,110
2013,NUMBER,SAMAC,F,memory,142
2013,NUMBER,SEKOVICI,_T,memory,94
2013,NUMBER,SEKOVICI,M,memory,38
2013,NUMBER,SEKOVICI,F,memory,56
2013,NUMBER,SIPOVO,_T,memory,137
2013,NUMBER,SIPOVO,M,memory,61
2013,NUMBER,SIPOVO,F,memory,76
2013,NUMBER,REPUBLIKA SRPSKA,_T,dressing,13502
2013,NUMBER,REPUBLIKA SRPSKA,M,dressing,5773
2013,NUMBER,REPUBLIKA SRPSKA,F,dressing,7729
2013,NUMBER,BANJA LUKA,_T,dressing,1717
2013,NUMBER,BANJA LUKA,M,dressing,774
2013,NUMBER,BANJA LUKA,F,dressing,943
2013,NUMBER,BERKOVICI,_T,dressing,29
2013,NUMBER,BERKOVICI,M,dressing,11
2013,NUMBER,BERKOVICI,F,dressing,18
2013,NUMBER,BIJELJINA,_T,dressing,1050
2013,NUMBER,BIJELJINA,M,dressing,468
2013,NUMBER,BIJELJINA,F,dressing,582
2013,NUMBER,BILECA,_T,dressing,107
2013,NUMBER,BILECA,M,dressing,44
2013,NUMBER,BILECA,F,dressing,63
2013,NUMBER,BRATUNAC,_T,dressing,172
2013,NUMBER,BRATUNAC,M,dressing,76
2013,NUMBER,BRATUNAC,F,dressing,96
2013,NUMBER,BROD,_T,dressing,143
2013,NUMBER,BROD,M,dressing,55
2013,NUMBER,BROD,F,dressing,88
2013,NUMBER,VISEGRAD,_T,dressing,232
2013,NUMBER,VISEGRAD,M,dressing,60
2013,NUMBER,VISEGRAD,F,dressing,172
2013,NUMBER,VLASENICA,_T,dressing,104
2013,NUMBER,VLASENICA,M,dressing,49
2013,NUMBER,VLASENICA,F,dressing,55
2013,NUMBER,VUKOSAVLJE,_T,dressing,53
2013,NUMBER,VUKOSAVLJE,M,dressing,30
2013,NUMBER,VUKOSAVLJE,F,dressing,23
2013,NUMBER,GACKO,_T,dressing,74
2013,NUMBER,GACKO,M,dressing,25
2013,NUMBER,GACKO,F,dressing,49
2013,NUMBER,GRADISKA,_T,dressing,617
2013,NUMBER,GRADISKA,M,dressing,252
2013,NUMBER,GRADISKA,F,dressing,365
2013,NUMBER,DERVENTA,_T,dressing,298
2013,NUMBER,DERVENTA,M,dressing,114
2013,NUMBER,DERVENTA,F,dressing,184
2013,NUMBER,DOBOJ,_T,dressing,1011
2013,NUMBER,DOBOJ,M,dressing,408
2013,NUMBER,DOBOJ,F,dressing,603
2013,NUMBER,DONJI ZABAR,_T,dressing,31
2013,NUMBER,DONJI ZABAR,M,dressing,11
2013,NUMBER,DONJI ZABAR,F,dressing,20
2013,NUMBER,ZVORNIK,_T,dressing,518
2013,NUMBER,ZVORNIK,M,dressing,239
2013,NUMBER,ZVORNIK,F,dressing,279
2013,NUMBER,ISTOCNA ILIDZA,_T,dressing,175
2013,NUMBER,ISTOCNA ILIDZA,M,dressing,83
2013,NUMBER,ISTOCNA ILIDZA,F,dressing,92
2013,NUMBER,ISTOCNI MOSTAR,_T,dressing,2
2013,NUMBER,ISTOCNI MOSTAR,M,dressing,1
2013,NUMBER,ISTOCNI MOSTAR,F,dressing,1
2013,NUMBER,ISTOCNI STARI GRAD,_T,dressing,15
2013,NUMBER,ISTOCNI STARI GRAD,M,dressing,6
2013,NUMBER,ISTOCNI STARI GRAD,F,dressing,9
2013,NUMBER,ISTOCNO NOVO SARAJEVO,_T,dressing,77
2013,NUMBER,ISTOCNO NOVO SARAJEVO,M,dressing,34
2013,NUMBER,ISTOCNO NOVO SARAJEVO,F,dressing,43
2013,NUMBER,JEZERO,_T,dressing,18
2013,NUMBER,JEZERO,M,dressing,9
2013,NUMBER,JEZERO,F,dressing,9
2013,NUMBER,KALINOVIK,_T,dressing,26
2013,NUMBER,KALINOVIK,M,dressing,8
2013,NUMBER,KALINOVIK,F,dressing,18
2013,NUMBER,KNEZEVO,_T,dressing,171
2013,NUMBER,KNEZEVO,M,dressing,70
2013,NUMBER,KNEZEVO,F,dressing,101
2013,NUMBER,KOZARSKA DUBICA,_T,dressing,243
2013,NUMBER,KOZARSKA DUBICA,M,dressing,108
2013,NUMBER,KOZARSKA DUBICA,F,dressing,135
2013,NUMBER,KOSTAJNICA,_T,dressing,69
2013,NUMBER,KOSTAJNICA,M,dressing,24
2013,NUMBER,KOSTAJNICA,F,dressing,45
2013,NUMBER,KOTOR VAROS,_T,dressing,228
2013,NUMBER,KOTOR VAROS,M,dressing,100
2013,NUMBER,KOTOR VAROS,F,dressing,128
2013,NUMBER,KRUPA NA UNI,_T,dressing,19
2013,NUMBER,KRUPA NA UNI,M,dressing,5
2013,NUMBER,KRUPA NA UNI,F,dressing,14
2013,NUMBER,KUPRES,_T,dressing,6
2013,NUMBER,KUPRES,M,dressing,3
2013,NUMBER,KUPRES,F,dressing,3
2013,NUMBER,LAKTASI,_T,dressing,324
2013,NUMBER,LAKTASI,M,dressing,162
2013,NUMBER,LAKTASI,F,dressing,162
2013,NUMBER,LOPARE,_T,dressing,190
2013,NUMBER,LOPARE,M,dressing,85
2013,NUMBER,LOPARE,F,dressing,105
2013,NUMBER,LJUBINJE,_T,dressing,44
2013,NUMBER,LJUBINJE,M,dressing,18
2013,NUMBER,LJUBINJE,F,dressing,26
2013,NUMBER,MILICI,_T,dressing,107
2013,NUMBER,MILICI,M,dressing,42
2013,NUMBER,MILICI,F,dressing,65
2013,NUMBER,MODRICA,_T,dressing,383
2013,NUMBER,MODRICA,M,dressing,152
2013,NUMBER,MODRICA,F,dressing,231
2013,NUMBER,MRKONJIC GRAD,_T,dressing,203
2013,NUMBER,MRKONJIC GRAD,M,dressing,83
2013,NUMBER,MRKONJIC GRAD,F,dressing,120
2013,NUMBER,NEVESINJE,_T,dressing,104
2013,NUMBER,NEVESINJE,M,dressing,38
2013,NUMBER,NEVESINJE,F,dressing,66
2013,NUMBER,NOVI GRAD,_T,dressing,373
2013,NUMBER,NOVI GRAD,M,dressing,156
2013,NUMBER,NOVI GRAD,F,dressing,217
2013,NUMBER,NOVO GORAZDE,_T,dressing,20
2013,NUMBER,NOVO GORAZDE,M,dressing,7
2013,NUMBER,NOVO GORAZDE,F,dressing,13
2013,NUMBER,OSMACI,_T,dressing,43
2013,NUMBER,OSMACI,M,dressing,16
2013,NUMBER,OSMACI,F,dressing,27
2013,NUMBER,OSTRA LUKA,_T,dressing,39
2013,NUMBER,OSTRA LUKA,M,dressing,17
2013,NUMBER,OSTRA LUKA,F,dressing,22
2013,NUMBER,PALE,_T,dressing,174
2013,NUMBER,PALE,M,dressing,80
2013,NUMBER,PALE,F,dressing,94
2013,NUMBER,PELAGICEVO,_T,dressing,71
2013,NUMBER,PELAGICEVO,M,dressing,33
2013,NUMBER,PELAGICEVO,F,dressing,38
2013,NUMBER,PETROVAC,_T,dressing,4
2013,NUMBER,PETROVAC,M,dressing,1
2013,NUMBER,PETROVAC,F,dressing,3
2013,NUMBER,PETROVO,_T,dressing,106
2013,NUMBER,PETROVO,M,dressing,40
2013,NUMBER,PETROVO,F,dressing,66
2013,NUMBER,PRIJEDOR,_T,dressing,1081
2013,NUMBER,PRIJEDOR,M,dressing,517
2013,NUMBER,PRIJEDOR,F,dressing,564
2013,NUMBER,PRNJAVOR,_T,dressing,418
2013,NUMBER,PRNJAVOR,M,dressing,182
2013,NUMBER,PRNJAVOR,F,dressing,236
2013,NUMBER,RIBNIK,_T,dressing,111
2013,NUMBER,RIBNIK,M,dressing,50
2013,NUMBER,RIBNIK,F,dressing,61
2013,NUMBER,ROGATICA,_T,dressing,153
2013,NUMBER,ROGATICA,M,dressing,59
2013,NUMBER,ROGATICA,F,dressing,94
2013,NUMBER,RUDO,_T,dressing,85
2013,NUMBER,RUDO,M,dressing,40
2013,NUMBER,RUDO,F,dressing,45
2013,NUMBER,SOKOLAC,_T,dressing,143
2013,NUMBER,SOKOLAC,M,dressing,55
2013,NUMBER,SOKOLAC,F,dressing,88
2013,NUMBER,SRBAC,_T,dressing,174
2013,NUMBER,SRBAC,M,dressing,78
2013,NUMBER,SRBAC,F,dressing,96
2013,NUMBER,SREBRENICA,_T,dressing,99
2013,NUMBER,SREBRENICA,M,dressing,34
2013,NUMBER,SREBRENICA,F,dressing,65
2013,NUMBER,TESLIC,_T,dressing,499
2013,NUMBER,TESLIC,M,dressing,209
2013,NUMBER,TESLIC,F,dressing,290
2013,NUMBER,TREBINJE,_T,dressing,283
2013,NUMBER,TREBINJE,M,dressing,104
2013,NUMBER,TREBINJE,F,dressing,179
2013,NUMBER,TRNOVO,_T,dressing,31
2013,NUMBER,TRNOVO,M,dressing,12
2013,NUMBER,TRNOVO,F,dressing,19
2013,NUMBER,UGLJEVIK,_T,dressing,151
2013,NUMBER,UGLJEVIK,M,dressing,63
2013,NUMBER,UGLJEVIK,F,dressing,88
2013,NUMBER,FOCA,_T,dressing,230
2013,NUMBER,FOCA,M,dressing,97
2013,NUMBER,FOCA,F,dressing,133
2013,NUMBER,HAN PIJESAK,_T,dressing,48
2013,NUMBER,HAN PIJESAK,M,dressing,15
2013,NUMBER,HAN PIJESAK,F,dressing,33
2013,NUMBER,CAJNICE,_T,dressing,50
2013,NUMBER,CAJNICE,M,dressing,23
2013,NUMBER,CAJNICE,F,dressing,27
2013,NUMBER,CELINAC,_T,dressing,210
2013,NUMBER,CELINAC,M,dressing,96
2013,NUMBER,CELINAC,F,dressing,114
2013,NUMBER,SAMAC,_T,dressing,159
2013,NUMBER,SAMAC,M,dressing,67
2013,NUMBER,SAMAC,F,dressing,92
2013,NUMBER,SEKOVICI,_T,dressing,60
2013,NUMBER,SEKOVICI,M,dressing,29
2013,NUMBER,SEKOVICI,F,dressing,31
2013,NUMBER,SIPOVO,_T,dressing,127
2013,NUMBER,SIPOVO,M,dressing,46
2013,NUMBER,SIPOVO,F,dressing,81
2013,NUMBER,REPUBLIKA SRPSKA,_T,communication,10723
2013,NUMBER,REPUBLIKA SRPSKA,M,communication,5103
2013,NUMBER,REPUBLIKA SRPSKA,F,communication,5620
2013,NUMBER,BANJA LUKA,_T,communication,1307
2013,NUMBER,BANJA LUKA,M,communication,670
2013,NUMBER,BANJA LUKA,F,communication,637
2013,NUMBER,BERKOVICI,_T,communication,26
2013,NUMBER,BERKOVICI,M,communication,11
2013,NUMBER,BERKOVICI,F,communication,15
2013,NUMBER,BIJELJINA,_T,communication,793
2013,NUMBER,BIJELJINA,M,communication,398
2013,NUMBER,BIJELJINA,F,communication,395
2013,NUMBER,BILECA,_T,communication,89
2013,NUMBER,BILECA,M,communication,44
2013,NUMBER,BILECA,F,communication,45
2013,NUMBER,BRATUNAC,_T,communication,135
2013,NUMBER,BRATUNAC,M,communication,56
2013,NUMBER,BRATUNAC,F,communication,79
2013,NUMBER,BROD,_T,communication,121
2013,NUMBER,BROD,M,communication,60
2013,NUMBER,BROD,F,communication,61
2013,NUMBER,VISEGRAD,_T,communication,202
2013,NUMBER,VISEGRAD,M,communication,55
2013,NUMBER,VISEGRAD,F,communication,147
2013,NUMBER,VLASENICA,_T,communication,96
2013,NUMBER,VLASENICA,M,communication,50
2013,NUMBER,VLASENICA,F,communication,46
2013,NUMBER,VUKOSAVLJE,_T,communication,50
2013,NUMBER,VUKOSAVLJE,M,communication,26
2013,NUMBER,VUKOSAVLJE,F,communication,24
2013,NUMBER,GACKO,_T,communication,70
2013,NUMBER,GACKO,M,communication,30
2013,NUMBER,GACKO,F,communication,40
2013,NUMBER,GRADISKA,_T,communication,504
2013,NUMBER,GRADISKA,M,communication,220
2013,NUMBER,GRADISKA,F,communication,284
2013,NUMBER,DERVENTA,_T,communication,255
2013,NUMBER,DERVENTA,M,communication,118
2013,NUMBER,DERVENTA,F,communication,137
2013,NUMBER,DOBOJ,_T,communication,786
2013,NUMBER,DOBOJ,M,communication,353
2013,NUMBER,DOBOJ,F,communication,433
2013,NUMBER,DONJI ZABAR,_T,communication,23
2013,NUMBER,DONJI ZABAR,M,communication,13
2013,NUMBER,DONJI ZABAR,F,communication,10
2013,NUMBER,ZVORNIK,_T,communication,402
2013,NUMBER,ZVORNIK,M,communication,184
2013,NUMBER,ZVORNIK,F,communication,218
2013,NUMBER,ISTOCNA ILIDZA,_T,communication,113
2013,NUMBER,ISTOCNA ILIDZA,M,communication,54
2013,NUMBER,ISTOCNA ILIDZA,F,communication,59
2013,NUMBER,ISTOCNI MOSTAR,_T,communication,2
2013,NUMBER,ISTOCNI MOSTAR,M,communication,1
2013,NUMBER,ISTOCNI MOSTAR,F,communication,1
2013,NUMBER,ISTOCNI STARI GRAD,_T,communication,14
2013,NUMBER,ISTOCNI STARI GRAD,M,communication,9
2013,NUMBER,ISTOCNI STARI GRAD,F,communication,5
2013,NUMBER,ISTOCNO NOVO SARAJEVO,_T,communication,65
2013,NUMBER,ISTOCNO NOVO SARAJEVO,M,communication,33
2013,NUMBER,ISTOCNO NOVO SARAJEVO,F,communication,32
2013,NUMBER,JEZERO,_T,communication,14
2013,NUMBER,JEZERO,M,communication,6
2013,NUMBER,JEZERO,F,communication,8
2013,NUMBER,KALINOVIK,_T,communication,17
2013,NUMBER,KALINOVIK,M,communication,8
2013,NUMBER,KALINOVIK,F,communication,9
2013,NUMBER,KNEZEVO,_T,communication,140
2013,NUMBER,KNEZEVO,M,communication,59
2013,NUMBER,KNEZEVO,F,communication,81
2013,NUMBER,KOZARSKA DUBICA,_T,communication,187
2013,NUMBER,KOZARSKA DUBICA,M,communication,94
2013,NUMBER,KOZARSKA DUBICA,F,communication,93
2013,NUMBER,KOSTAJNICA,_T,communication,53
2013,NUMBER,KOSTAJNICA,M,communication,21
2013,NUMBER,KOSTAJNICA,F,communication,32
2013,NUMBER,KOTOR VAROS,_T,communication,176
2013,NUMBER,KOTOR VAROS,M,communication,84
2013,NUMBER,KOTOR VAROS,F,communication,92
2013,NUMBER,KRUPA NA UNI,_T,communication,20
2013,NUMBER,KRUPA NA UNI,M,communication,8
2013,NUMBER,KRUPA NA UNI,F,communication,12
2013,NUMBER,KUPRES,_T,communication,6
2013,NUMBER,KUPRES,M,communication,4
2013,NUMBER,KUPRES,F,communication,2
2013,NUMBER,LAKTASI,_T,communication,283
2013,NUMBER,LAKTASI,M,communication,148
2013,NUMBER,LAKTASI,F,communication,135
2013,NUMBER,LOPARE,_T,communication,168
2013,NUMBER,LOPARE,M,communication,86
2013,NUMBER,LOPARE,F,communication,82
2013,NUMBER,LJUBINJE,_T,communication,31
2013,NUMBER,LJUBINJE,M,communication,14
2013,NUMBER,LJUBINJE,F,communication,17
2013,NUMBER,MILICI,_T,communication,77
2013,NUMBER,MILICI,M,communication,27
2013,NUMBER,MILICI,F,communication,50
2013,NUMBER,MODRICA,_T,communication,309
2013,NUMBER,MODRICA,M,communication,139
2013,NUMBER,MODRICA,F,communication,170
2013,NUMBER,MRKONJIC GRAD,_T,communication,176
2013,NUMBER,MRKONJIC GRAD,M,communication,73
2013,NUMBER,MRKONJIC GRAD,F,communication,103
2013,NUMBER,NEVESINJE,_T,communication,107
2013,NUMBER,NEVESINJE,M,communication,43
2013,NUMBER,NEVESINJE,F,communication,64
2013,NUMBER,NOVI GRAD,_T,communication,277
2013,NUMBER,NOVI GRAD,M,communication,121
2013,NUMBER,NOVI GRAD,F,communication,156
2013,NUMBER,NOVO GORAZDE,_T,communication,18
2013,NUMBER,NOVO GORAZDE,M,communication,5
2013,NUMBER,NOVO GORAZDE,F,communication,13
2013,NUMBER,OSMACI,_T,communication,40
2013,NUMBER,OSMACI,M,communication,19
2013,NUMBER,OSMACI,F,communication,21
2013,NUMBER,OSTRA LUKA,_T,communication,26
2013,NUMBER,OSTRA LUKA,M,communication,10
2013,NUMBER,OSTRA LUKA,F,communication,16
2013,NUMBER,PALE,_T,communication,130
2013,NUMBER,PALE,M,communication,59
2013,NUMBER,PALE,F,communication,71
2013,NUMBER,PELAGICEVO,_T,communication,68
2013,NUMBER,PELAGICEVO,M,communication,33
2013,NUMBER,PELAGICEVO,F,communication,35
2013,NUMBER,PETROVAC,_T,communication,1
2013,NUMBER,PETROVAC,F,communication,1
2013,NUMBER,PETROVO,_T,communication,64
2013,NUMBER,PETROVO,M,communication,36
2013,NUMBER,PETROVO,F,communication,28
2013,NUMBER,PRIJEDOR,_T,communication,927
2013,NUMBER,PRIJEDOR,M,communication,517
2013,NUMBER,PRIJEDOR,F,communication,410
2013,NUMBER,PRNJAVOR,_T,communication,320
2013,NUMBER,PRNJAVOR,M,communication,162
2013,NUMBER,PRNJAVOR,F,communication,158
2013,NUMBER,RIBNIK,_T,communication,91
2013,NUMBER,RIBNIK,M,communication,45
2013,NUMBER,RIBNIK,F,communication,46
2013,NUMBER,ROGATICA,_T,communication,90
2013,NUMBER,ROGATICA,M,communication,45
2013,NUMBER,ROGATICA,F,communication,45
2013,NUMBER,RUDO,_T,communication,68
2013,NUMBER,RUDO,M,communication,29
2013,NUMBER,RUDO,F,communication,39
2013,NUMBER,SOKOLAC,_T,communication,112
2013,NUMBER,SOKOLAC,M,communication,43
2013,NUMBER,SOKOLAC,F,communication,69
2013,NUMBER,SRBAC,_T,communication,171
2013,NUMBER,SRBAC,M,communication,81
2013,NUMBER,SRBAC,F,communication,90
2013,NUMBER,SREBRENICA,_T,communication,80
2013,NUMBER,SREBRENICA,M,communication,33
2013,NUMBER,SREBRENICA,F,communication,47
2013,NUMBER,TESLIC,_T,communication,387
2013,NUMBER,TESLIC,M,communication,189
2013,NUMBER,TESLIC,F,communication,198
2013,NUMBER,TREBINJE,_T,communication,205
2013,NUMBER,TREBINJE,M,communication,94
2013,NUMBER,TREBINJE,F,communication,111
2013,NUMBER,TRNOVO,_T,communication,22
2013,NUMBER,TRNOVO,M,communication,12
2013,NUMBER,TRNOVO,F,communication,10
2013,NUMBER,UGLJEVIK,_T,communication,93
2013,NUMBER,UGLJEVIK,M,communication,41
2013,NUMBER,UGLJEVIK,F,communication,52
2013,NUMBER,FOCA,_T,communication,170
2013,NUMBER,FOCA,M,communication,81
2013,NUMBER,FOCA,F,communication,89
2013,NUMBER,HAN PIJESAK,_T,communication,36
2013,NUMBER,HAN PIJESAK,M,communication,14
2013,NUMBER,HAN PIJESAK,F,communication,22
2013,NUMBER,CAJNICE,_T,communication,41
2013,NUMBER,CAJNICE,M,communication,17
2013,NUMBER,CAJNICE,F,communication,24
2013,NUMBER,CELINAC,_T,communication,163
2013,NUMBER,CELINAC,M,communication,72
2013,NUMBER,CELINAC,F,communication,91
2013,NUMBER,SAMAC,_T,communication,146
2013,NUMBER,SAMAC,M,communication,71
2013,NUMBER,SAMAC,F,communication,75
2013,NUMBER,SEKOVICI,_T,communication,68
2013,NUMBER,SEKOVICI,M,communication,33
2013,NUMBER,SEKOVICI,F,communication,35
2013,NUMBER,SIPOVO,_T,communication,92
2013,NUMBER,SIPOVO,M,communication,42
2013,NUMBER,SIPOVO,F,communication,50
2013,NUMBER,REPUBLIKA SRPSKA,_T,more_disabilities,38298
2013,NUMBER,REPUBLIKA SRPSKA,M,more_disabilities,16292
2013,NUMBER,REPUBLIKA SRPSKA,F,more_disabilities,22006
2013,NUMBER,BANJA LUKA,_T,more_disabilities,4944
2013,NUMBER,BANJA LUKA,M,more_disabilities,2158
2013,NUMBER,BANJA LUKA,F,more_disabilities,2786
2013,NUMBER,BERKOVICI,_T,more_disabilities,73
2013,NUMBER,BERKOVICI,M,more_disabilities,32
2013,NUMBER,BERKOVICI,F,more_disabilities,41
2013,NUMBER,BIJELJINA,_T,more_disabilities,3094
2013,NUMBER,BIJELJINA,M,more_disabilities,1359
2013,NUMBER,BIJELJINA,F,more_disabilities,1735
2013,NUMBER,BILECA,_T,more_disabilities,350
2013,NUMBER,BILECA,M,more_disabilities,151
2013,NUMBER,BILECA,F,more_disabilities,199
2013,NUMBER,BRATUNAC,_T,more_disabilities,566
2013,NUMBER,BRATUNAC,M,more_disabilities,243
2013,NUMBER,BRATUNAC,F,more_disabilities,323
2013,NUMBER,BROD,_T,more_disabilities,485
2013,NUMBER,BROD,M,more_disabilities,194
2013,NUMBER,BROD,F,more_disabilities,291
2013,NUMBER,VISEGRAD,_T,more_disabilities,477
2013,NUMBER,VISEGRAD,M,more_disabilities,145
2013,NUMBER,VISEGRAD,F,more_disabilities,332
2013,NUMBER,VLASENICA,_T,more_disabilities,305
2013,NUMBER,VLASENICA,M,more_disabilities,130
2013,NUMBER,VLASENICA,F,more_disabilities,175
2013,NUMBER,VUKOSAVLJE,_T,more_disabilities,158
2013,NUMBER,VUKOSAVLJE,M,more_disabilities,77
2013,NUMBER,VUKOSAVLJE,F,more_disabilities,81
2013,NUMBER,GACKO,_T,more_disabilities,219
2013,NUMBER,GACKO,M,more_disabilities,84
2013,NUMBER,GACKO,F,more_disabilities,135
2013,NUMBER,GRADISKA,_T,more_disabilities,1641
2013,NUMBER,GRADISKA,M,more_disabilities,637
2013,NUMBER,GRADISKA,F,more_disabilities,1004
2013,NUMBER,DERVENTA,_T,more_disabilities,938
2013,NUMBER,DERVENTA,M,more_disabilities,385
2013,NUMBER,DERVENTA,F,more_disabilities,553
2013,NUMBER,DOBOJ,_T,more_disabilities,3008
2013,NUMBER,DOBOJ,M,more_disabilities,1227
2013,NUMBER,DOBOJ,F,more_disabilities,1781
2013,NUMBER,DONJI ZABAR,_T,more_disabilities,89
2013,NUMBER,DONJI ZABAR,M,more_disabilities,42
2013,NUMBER,DONJI ZABAR,F,more_disabilities,47
2013,NUMBER,ZVORNIK,_T,more_disabilities,1546
2013,NUMBER,ZVORNIK,M,more_disabilities,670
2013,NUMBER,ZVORNIK,F,more_disabilities,876
2013,NUMBER,ISTOCNA ILIDZA,_T,more_disabilities,394
2013,NUMBER,ISTOCNA ILIDZA,M,more_disabilities,171
2013,NUMBER,ISTOCNA ILIDZA,F,more_disabilities,223
2013,NUMBER,ISTOCNI DRVAR,_T,more_disabilities,4
2013,NUMBER,ISTOCNI DRVAR,M,more_disabilities,1
2013,NUMBER,ISTOCNI DRVAR,F,more_disabilities,3
2013,NUMBER,ISTOCNI MOSTAR,_T,more_disabilities,7
2013,NUMBER,ISTOCNI MOSTAR,M,more_disabilities,2
2013,NUMBER,ISTOCNI MOSTAR,F,more_disabilities,5
2013,NUMBER,ISTOCNI STARI GRAD,_T,more_disabilities,32
2013,NUMBER,ISTOCNI STARI GRAD,M,more_disabilities,16
2013,NUMBER,ISTOCNI STARI GRAD,F,more_disabilities,16
2013,NUMBER,ISTOCNO NOVO SARAJEVO,_T,more_disabilities,206
2013,NUMBER,ISTOCNO NOVO SARAJEVO,M,more_disabilities,87
2013,NUMBER,ISTOCNO NOVO SARAJEVO,F,more_disabilities,119
2013,NUMBER,JEZERO,_T,more_disabilities,40
2013,NUMBER,JEZERO,M,more_disabilities,17
2013,NUMBER,JEZERO,F,more_disabilities,23
2013,NUMBER,KALINOVIK,_T,more_disabilities,80
2013,NUMBER,KALINOVIK,M,more_disabilities,30
2013,NUMBER,KALINOVIK,F,more_disabilities,50
2013,NUMBER,KNEZEVO,_T,more_disabilities,399
2013,NUMBER,KNEZEVO,M,more_disabilities,178
2013,NUMBER,KNEZEVO,F,more_disabilities,221
2013,NUMBER,KOZARSKA DUBICA,_T,more_disabilities,741
2013,NUMBER,KOZARSKA DUBICA,M,more_disabilities,302
2013,NUMBER,KOZARSKA DUBICA,F,more_disabilities,439
2013,NUMBER,KOSTAJNICA,_T,more_disabilities,209
2013,NUMBER,KOSTAJNICA,M,more_disabilities,93
2013,NUMBER,KOSTAJNICA,F,more_disabilities,116
2013,NUMBER,KOTOR VAROS,_T,more_disabilities,702
2013,NUMBER,KOTOR VAROS,M,more_disabilities,310
2013,NUMBER,KOTOR VAROS,F,more_disabilities,392
2013,NUMBER,KRUPA NA UNI,_T,more_disabilities,88
2013,NUMBER,KRUPA NA UNI,M,more_disabilities,40
2013,NUMBER,KRUPA NA UNI,F,more_disabilities,48
2013,NUMBER,KUPRES,_T,more_disabilities,21
2013,NUMBER,KUPRES,M,more_disabilities,13
2013,NUMBER,KUPRES,F,more_disabilities,8
2013,NUMBER,LAKTASI,_T,more_disabilities,887
2013,NUMBER,LAKTASI,M,more_disabilities,413
2013,NUMBER,LAKTASI,F,more_disabilities,474
2013,NUMBER,LOPARE,_T,more_disabilities,583
2013,NUMBER,LOPARE,M,more_disabilities,254
2013,NUMBER,LOPARE,F,more_disabilities,329
2013,NUMBER,LJUBINJE,_T,more_disabilities,81
2013,NUMBER,LJUBINJE,M,more_disabilities,34
2013,NUMBER,LJUBINJE,F,more_disabilities,47
2013,NUMBER,MILICI,_T,more_disabilities,314
2013,NUMBER,MILICI,M,more_disabilities,130
2013,NUMBER,MILICI,F,more_disabilities,184
2013,NUMBER,MODRICA,_T,more_disabilities,927
2013,NUMBER,MODRICA,M,more_disabilities,399
2013,NUMBER,MODRICA,F,more_disabilities,528
2013,NUMBER,MRKONJIC GRAD,_T,more_disabilities,475
2013,NUMBER,MRKONJIC GRAD,M,more_disabilities,210
2013,NUMBER,MRKONJIC GRAD,F,more_disabilities,265
2013,NUMBER,NEVESINJE,_T,more_disabilities,327
2013,NUMBER,NEVESINJE,M,more_disabilities,130
2013,NUMBER,NEVESINJE,F,more_disabilities,197
2013,NUMBER,NOVI GRAD,_T,more_disabilities,1049
2013,NUMBER,NOVI GRAD,M,more_disabilities,446
2013,NUMBER,NOVI GRAD,F,more_disabilities,603
2013,NUMBER,NOVO GORAZDE,_T,more_disabilities,75
2013,NUMBER,NOVO GORAZDE,M,more_disabilities,28
2013,NUMBER,NOVO GORAZDE,F,more_disabilities,47
2013,NUMBER,OSMACI,_T,more_disabilities,189
2013,NUMBER,OSMACI,M,more_disabilities,79
2013,NUMBER,OSMACI,F,more_disabilities,110
2013,NUMBER,OSTRA LUKA,_T,more_disabilities,132
2013,NUMBER,OSTRA LUKA,M,more_disabilities,63
2013,NUMBER,OSTRA LUKA,F,more_disabilities,69
2013,NUMBER,PALE,_T,more_disabilities,446
2013,NUMBER,PALE,M,more_disabilities,209
2013,NUMBER,PALE,F,more_disabilities,237
2013,NUMBER,PELAGICEVO,_T,more_disabilities,268
2013,NUMBER,PELAGICEVO,M,more_disabilities,102
2013,NUMBER,PELAGICEVO,F,more_disabilities,166
2013,NUMBER,PETROVAC,_T,more_disabilities,7
2013,NUMBER,PETROVAC,M,more_disabilities,4
2013,NUMBER,PETROVAC,F,more_disabilities,3
2013,NUMBER,PETROVO,_T,more_disabilities,378
2013,NUMBER,PETROVO,M,more_disabilities,156
2013,NUMBER,PETROVO,F,more_disabilities,222
2013,NUMBER,PRIJEDOR,_T,more_disabilities,2789
2013,NUMBER,PRIJEDOR,M,more_disabilities,1276
2013,NUMBER,PRIJEDOR,F,more_disabilities,1513
2013,NUMBER,PRNJAVOR,_T,more_disabilities,1199
2013,NUMBER,PRNJAVOR,M,more_disabilities,465
2013,NUMBER,PRNJAVOR,F,more_disabilities,734
2013,NUMBER,RIBNIK,_T,more_disabilities,272
2013,NUMBER,RIBNIK,M,more_disabilities,128
2013,NUMBER,RIBNIK,F,more_disabilities,144
2013,NUMBER,ROGATICA,_T,more_disabilities,407
2013,NUMBER,ROGATICA,M,more_disabilities,164
2013,NUMBER,ROGATICA,F,more_disabilities,243
2013,NUMBER,RUDO,_T,more_disabilities,252
2013,NUMBER,RUDO,M,more_disabilities,104
2013,NUMBER,RUDO,F,more_disabilities,148
2013,NUMBER,SOKOLAC,_T,more_disabilities,347
2013,NUMBER,SOKOLAC,M,more_disabilities,143
2013,NUMBER,SOKOLAC,F,more_disabilities,204
2013,NUMBER,SRBAC,_T,more_disabilities,576
2013,NUMBER,SRBAC,M,more_disabilities,257
2013,NUMBER,SRBAC,F,more_disabilities,319
2013,NUMBER,SREBRENICA,_T,more_disabilities,381
2013,NUMBER,SREBRENICA,M,more_disabilities,144
2013,NUMBER,SREBRENICA,F,more_disabilities,237
2013,NUMBER,TESLIC,_T,more_disabilities,1374
2013,NUMBER,TESLIC,M,more_disabilities,585
2013,NUMBER,TESLIC,F,more_disabilities,789
2013,NUMBER,TREBINJE,_T,more_disabilities,689
2013,NUMBER,TREBINJE,M,more_disabilities,280
2013,NUMBER,TREBINJE,F,more_disabilities,409
2013,NUMBER,TRNOVO,_T,more_disabilities,69
2013,NUMBER,TRNOVO,M,more_disabilities,31
2013,NUMBER,TRNOVO,F,more_disabilities,38
2013,NUMBER,UGLJEVIK,_T,more_disabilities,402
2013,NUMBER,UGLJEVIK,M,more_disabilities,165
2013,NUMBER,UGLJEVIK,F,more_disabilities,237
2013,NUMBER,FOCA,_T,more_disabilities,581
2013,NUMBER,FOCA,M,more_disabilities,262
2013,NUMBER,FOCA,F,more_disabilities,319
2013,NUMBER,HAN PIJESAK,_T,more_disabilities,95
2013,NUMBER,HAN PIJESAK,M,more_disabilities,30
2013,NUMBER,HAN PIJESAK,F,more_disabilities,65
2013,NUMBER,CAJNICE,_T,more_disabilities,176
2013,NUMBER,CAJNICE,M,more_disabilities,77
2013,NUMBER,CAJNICE,F,more_disabilities,99
2013,NUMBER,CELINAC,_T,more_disabilities,624
2013,NUMBER,CELINAC,M,more_disabilities,269
2013,NUMBER,CELINAC,F,more_disabilities,355
2013,NUMBER,SAMAC,_T,more_disabilities,567
2013,NUMBER,SAMAC,M,more_disabilities,228
2013,NUMBER,SAMAC,F,more_disabilities,339
2013,NUMBER,SEKOVICI,_T,more_disabilities,222
2013,NUMBER,SEKOVICI,M,more_disabilities,101
2013,NUMBER,SEKOVICI,F,more_disabilities,121
2013,NUMBER,SIPOVO,_T,more_disabilities,322
2013,NUMBER,SIPOVO,M,more_disabilities,132
2013,NUMBER,SIPOVO,F,more_disabilities,190
