Year,UNIT_MEASURE,ADMIN_AREA,Value
2005,NUMBER,BiH,142
2005,NUMBER,RS,142
2006,NUMBER,BiH,139
2006,NUMBER,RS,139
2007,NUMBER,BiH,362
2007,NUMBER,FBIH,178
2007,NUMBER,RS,184
2008,NUMBER,BiH,326
2008,NUMBER,FBIH,131
2008,NUMBER,RS,195
2009,NUMBER,BiH,369
2009,NUMBER,FBIH,177
2009,NUMBER,RS,192
2010,NUMBER,BiH,424
2010,NUMBER,FBIH,151
2010,NUMBER,RS,273
2011,NUMBER,BiH,299
2011,NUMBER,FBIH,123
2011,NUMBER,RS,176
2012,NUMBER,BiH,174
2012,NUMBER,FBIH,174
2013,NUMBER,BiH,99
2013,NUMBER,FBIH,99
2014,NUMBER,BiH,169
2014,NUMBER,FBIH,169
2015,NUMBER,BiH,158
2015,NUMBER,FBIH,158
2016,NUMBER,BiH,407
2016,NUMBER,FBIH,215
2016,NUMBER,RS,192
2017,NUMBER,BiH,115
2017,NUMBER,FBIH,115
