Year,UNIT_MEASURE,TYPE_OF_USERS,Value
2016,NUMBER,number_of_users,23202
2017,NUMBER,number_of_users,20279
2018,NUMBER,number_of_users,21839
2019,NUMBER,number_of_users,15388
2020,NUMBER,number_of_users,13381
2016,NUMBER,number_of_children,33125
2017,NUMBER,number_of_children,28767
2018,NUMBER,number_of_children,27222
2019,NUMBER,number_of_children,21862
2020,NUMBER,number_of_children,19210
2021,NUMBER,number_of_users,12033
2021,NUMBER,number_of_children,17395
2022,NUMBER,number_of_users,14627
2022,NUMBER,number_of_children,25011
2023,NUMBER,number_of_users,14882
2023,NUMBER,number_of_children,25972
