Year,UNIT_MEASURE,SEX,Value
2016,NUMBER,_T,2081
2016,NUMBER,M,1149
2016,NUMBER,F,932
2017,NUMBER,_T,2097
2017,NUMBER,M,1088
2017,NUMBER,F,1009
2018,NUMBER,_T,2470
2018,NUMBER,M,1284
2018,NUMBER,F,1186
2019,NUMBER,_T,2704
2019,NUMBER,M,1387
2019,NUMBER,F,1317
2020,NUMBER,_T,2539
2020,NUMBER,M,1300
2020,NUMBER,F,1239
2021,NUMBER,_T,3252
2021,NUMBER,M,1728
2021,NUMBER,F,1524
2022,NUMBER,_T,3739
2022,NUMBER,M,2007
2022,NUMBER,F,1732
2023,NUMBER,_T,4239
2023,NUMBER,M,2253
2023,NUMBER,F,1986
2024,NUMBER,_T,4845
2024,NUMBER,M,2345
2024,NUMBER,F,2500
