Year,UNIT_MEASURE,SEX,Value
2016,NUMBER,_T,11931
2016,NUMBER,M,6085
2016,NUMBER,F,5846
2017,NUMBER,_T,10384
2017,NUMBER,M,5321
2017,NUMBER,F,5063
2018,NUMBER,_T,10201
2018,NUMBER,M,5194
2018,NUMBER,F,5007
2019,NUMBER,_T,10300
2019,NUMBER,M,5238
2019,NUMBER,F,5062
2020,NUMBER,_T,9904
2020,NUMBER,M,5039
2020,NUMBER,F,4865
2021,NUMBER,_T,9592
2021,NUMBER,M,4902
2021,NUMBER,F,4690
2022,NUMBER,_T,9375
2022,NUMBER,M,4702
2022,NUMBER,F,4673
2023,NUMBER,_T,9733
2023,NUMBER,M,4963
2023,NUMBER,F,4770
2024,NUMBER,_T,9794
2024,NUMBER,M,5118
2024,NUMBER,F,4676
