Year,UNIT_MEASURE,scientific_field,type_of_education,SEX,Value
2017,NUMBER,total,enrolled_in_master_of_science_studies,_T,2140
2017,NUMBER,"natural_sciences,_mathematics_and_statistics",enrolled_in_master_of_science_studies,_T,67
2017,NUMBER,"engineering,_production_and_construction",enrolled_in_master_of_science_studies,_T,347
2017,NUMBER,information_and_communication_technologies,enrolled_in_master_of_science_studies,_T,99
2017,NUMBER,health_and_social_protection,enrolled_in_master_of_science_studies,_T,35
2017,NUMBER,"agriculture,_forestry,_fisheries_and_veterinary_medicine",enrolled_in_master_of_science_studies,_T,206
2017,NUMBER,"social_sciences,_journalism_and_information",enrolled_in_master_of_science_studies,_T,473
2017,NUMBER,"business,_administration_and_law",enrolled_in_master_of_science_studies,_T,356
2017,NUMBER,education,enrolled_in_master_of_science_studies,_T,236
2017,NUMBER,arts_and_humanities,enrolled_in_master_of_science_studies,_T,319
2017,NUMBER,services,enrolled_in_master_of_science_studies,_T,2
2017,NUMBER,total,enrolled_in_master_of_science_studies,M,917
2017,NUMBER,"natural_sciences,_mathematics_and_statistics",enrolled_in_master_of_science_studies,M,26
2017,NUMBER,"engineering,_production_and_construction",enrolled_in_master_of_science_studies,M,208
2017,NUMBER,information_and_communication_technologies,enrolled_in_master_of_science_studies,M,80
2017,NUMBER,health_and_social_protection,enrolled_in_master_of_science_studies,M,8
2017,NUMBER,"agriculture,_forestry,_fisheries_and_veterinary_medicine",enrolled_in_master_of_science_studies,M,114
2017,NUMBER,"social_sciences,_journalism_and_information",enrolled_in_master_of_science_studies,M,176
2017,NUMBER,"business,_administration_and_law",enrolled_in_master_of_science_studies,M,124
2017,NUMBER,education,enrolled_in_master_of_science_studies,M,39
2017,NUMBER,arts_and_humanities,enrolled_in_master_of_science_studies,M,142
2017,NUMBER,services,enrolled_in_master_of_science_studies,M,0
2017,NUMBER,total,enrolled_in_master_of_science_studies,F,1223
2017,NUMBER,"natural_sciences,_mathematics_and_statistics",enrolled_in_master_of_science_studies,F,41
2017,NUMBER,"engineering,_production_and_construction",enrolled_in_master_of_science_studies,F,139
2017,NUMBER,information_and_communication_technologies,enrolled_in_master_of_science_studies,F,19
2017,NUMBER,health_and_social_protection,enrolled_in_master_of_science_studies,F,27
2017,NUMBER,"agriculture,_forestry,_fisheries_and_veterinary_medicine",enrolled_in_master_of_science_studies,F,92
2017,NUMBER,"social_sciences,_journalism_and_information",enrolled_in_master_of_science_studies,F,297
2017,NUMBER,"business,_administration_and_law",enrolled_in_master_of_science_studies,F,232
2017,NUMBER,education,enrolled_in_master_of_science_studies,F,197
2017,NUMBER,arts_and_humanities,enrolled_in_master_of_science_studies,F,177
2017,NUMBER,services,enrolled_in_master_of_science_studies,F,2
2017,NUMBER,total,enrolled_in_master_studies,_T,31
2017,NUMBER,"natural_sciences,_mathematics_and_statistics",enrolled_in_master_studies,_T,1
2017,NUMBER,"engineering,_production_and_construction",enrolled_in_master_studies,_T,0
2017,NUMBER,information_and_communication_technologies,enrolled_in_master_studies,_T,22
2017,NUMBER,health_and_social_protection,enrolled_in_master_studies,_T,0
2017,NUMBER,"agriculture,_forestry,_fisheries_and_veterinary_medicine",enrolled_in_master_studies,_T,0
2017,NUMBER,"social_sciences,_journalism_and_information",enrolled_in_master_studies,_T,0
2017,NUMBER,"business,_administration_and_law",enrolled_in_master_studies,_T,2
2017,NUMBER,education,enrolled_in_master_studies,_T,1
2017,NUMBER,arts_and_humanities,enrolled_in_master_studies,_T,5
2017,NUMBER,services,enrolled_in_master_studies,_T,0
2017,NUMBER,total,enrolled_in_master_studies,M,21
2017,NUMBER,"natural_sciences,_mathematics_and_statistics",enrolled_in_master_studies,M,0
2017,NUMBER,"engineering,_production_and_construction",enrolled_in_master_studies,M,0
2017,NUMBER,information_and_communication_technologies,enrolled_in_master_studies,M,14
2017,NUMBER,health_and_social_protection,enrolled_in_master_studies,M,0
2017,NUMBER,"agriculture,_forestry,_fisheries_and_veterinary_medicine",enrolled_in_master_studies,M,0
2017,NUMBER,"social_sciences,_journalism_and_information",enrolled_in_master_studies,M,0
2017,NUMBER,"business,_administration_and_law",enrolled_in_master_studies,M,2
2017,NUMBER,education,enrolled_in_master_studies,M,0
2017,NUMBER,arts_and_humanities,enrolled_in_master_studies,M,5
2017,NUMBER,services,enrolled_in_master_studies,M,0
2017,NUMBER,total,enrolled_in_master_studies,F,10
2017,NUMBER,"natural_sciences,_mathematics_and_statistics",enrolled_in_master_studies,F,1
2017,NUMBER,"engineering,_production_and_construction",enrolled_in_master_studies,F,0
2017,NUMBER,information_and_communication_technologies,enrolled_in_master_studies,F,8
2017,NUMBER,health_and_social_protection,enrolled_in_master_studies,F,0
2017,NUMBER,"agriculture,_forestry,_fisheries_and_veterinary_medicine",enrolled_in_master_studies,F,0
2017,NUMBER,"social_sciences,_journalism_and_information",enrolled_in_master_studies,F,0
2017,NUMBER,"business,_administration_and_law",enrolled_in_master_studies,F,0
2017,NUMBER,education,enrolled_in_master_studies,F,1
2017,NUMBER,arts_and_humanities,enrolled_in_master_studies,F,0
2017,NUMBER,services,enrolled_in_master_studies,F,0
2017,NUMBER,total,enrolled_in_specialist_studies,_T,73
2017,NUMBER,"natural_sciences,_mathematics_and_statistics",enrolled_in_specialist_studies,_T,0
2017,NUMBER,"engineering,_production_and_construction",enrolled_in_specialist_studies,_T,0
2017,NUMBER,information_and_communication_technologies,enrolled_in_specialist_studies,_T,0
2017,NUMBER,health_and_social_protection,enrolled_in_specialist_studies,_T,71
2017,NUMBER,"agriculture,_forestry,_fisheries_and_veterinary_medicine",enrolled_in_specialist_studies,_T,0
2017,NUMBER,"social_sciences,_journalism_and_information",enrolled_in_specialist_studies,_T,1
2017,NUMBER,"business,_administration_and_law",enrolled_in_specialist_studies,_T,1
2017,NUMBER,education,enrolled_in_specialist_studies,_T,0
2017,NUMBER,arts_and_humanities,enrolled_in_specialist_studies,_T,0
2017,NUMBER,services,enrolled_in_specialist_studies,_T,0
2017,NUMBER,total,enrolled_in_specialist_studies,M,34
2017,NUMBER,"natural_sciences,_mathematics_and_statistics",enrolled_in_specialist_studies,M,0
2017,NUMBER,"engineering,_production_and_construction",enrolled_in_specialist_studies,M,0
2017,NUMBER,information_and_communication_technologies,enrolled_in_specialist_studies,M,0
2017,NUMBER,health_and_social_protection,enrolled_in_specialist_studies,M,33
2017,NUMBER,"agriculture,_forestry,_fisheries_and_veterinary_medicine",enrolled_in_specialist_studies,M,0
2017,NUMBER,"social_sciences,_journalism_and_information",enrolled_in_specialist_studies,M,1
2017,NUMBER,"business,_administration_and_law",enrolled_in_specialist_studies,M,0
2017,NUMBER,education,enrolled_in_specialist_studies,M,0
2017,NUMBER,arts_and_humanities,enrolled_in_specialist_studies,M,0
2017,NUMBER,services,enrolled_in_specialist_studies,M,0
2017,NUMBER,total,enrolled_in_specialist_studies,F,39
2017,NUMBER,"natural_sciences,_mathematics_and_statistics",enrolled_in_specialist_studies,F,0
2017,NUMBER,"engineering,_production_and_construction",enrolled_in_specialist_studies,F,0
2017,NUMBER,information_and_communication_technologies,enrolled_in_specialist_studies,F,0
2017,NUMBER,health_and_social_protection,enrolled_in_specialist_studies,F,38
2017,NUMBER,"agriculture,_forestry,_fisheries_and_veterinary_medicine",enrolled_in_specialist_studies,F,0
2017,NUMBER,"social_sciences,_journalism_and_information",enrolled_in_specialist_studies,F,0
2017,NUMBER,"business,_administration_and_law",enrolled_in_specialist_studies,F,1
2017,NUMBER,education,enrolled_in_specialist_studies,F,0
2017,NUMBER,arts_and_humanities,enrolled_in_specialist_studies,F,0
2017,NUMBER,services,enrolled_in_specialist_studies,F,0
2018,NUMBER,total,enrolled_in_master_of_science_studies,_T,14
2018,NUMBER,"natural_sciences,_mathematics_and_statistics",enrolled_in_master_of_science_studies,_T,0
2018,NUMBER,"engineering,_production_and_construction",enrolled_in_master_of_science_studies,_T,0
2018,NUMBER,information_and_communication_technologies,enrolled_in_master_of_science_studies,_T,0
2018,NUMBER,health_and_social_protection,enrolled_in_master_of_science_studies,_T,0
2018,NUMBER,"agriculture,_forestry,_fisheries_and_veterinary_medicine",enrolled_in_master_of_science_studies,_T,1
2018,NUMBER,"social_sciences,_journalism_and_information",enrolled_in_master_of_science_studies,_T,1
2018,NUMBER,"business,_administration_and_law",enrolled_in_master_of_science_studies,_T,0
2018,NUMBER,education,enrolled_in_master_of_science_studies,_T,9
2018,NUMBER,arts_and_humanities,enrolled_in_master_of_science_studies,_T,3
2018,NUMBER,services,enrolled_in_master_of_science_studies,_T,0
2018,NUMBER,total,enrolled_in_master_of_science_studies,M,6
2018,NUMBER,"natural_sciences,_mathematics_and_statistics",enrolled_in_master_of_science_studies,M,0
2018,NUMBER,"engineering,_production_and_construction",enrolled_in_master_of_science_studies,M,0
2018,NUMBER,information_and_communication_technologies,enrolled_in_master_of_science_studies,M,0
2018,NUMBER,health_and_social_protection,enrolled_in_master_of_science_studies,M,0
2018,NUMBER,"agriculture,_forestry,_fisheries_and_veterinary_medicine",enrolled_in_master_of_science_studies,M,0
2018,NUMBER,"social_sciences,_journalism_and_information",enrolled_in_master_of_science_studies,M,1
2018,NUMBER,"business,_administration_and_law",enrolled_in_master_of_science_studies,M,0
2018,NUMBER,education,enrolled_in_master_of_science_studies,M,2
2018,NUMBER,arts_and_humanities,enrolled_in_master_of_science_studies,M,3
2018,NUMBER,services,enrolled_in_master_of_science_studies,M,0
2018,NUMBER,total,enrolled_in_master_of_science_studies,F,8
2018,NUMBER,"natural_sciences,_mathematics_and_statistics",enrolled_in_master_of_science_studies,F,0
2018,NUMBER,"engineering,_production_and_construction",enrolled_in_master_of_science_studies,F,0
2018,NUMBER,information_and_communication_technologies,enrolled_in_master_of_science_studies,F,0
2018,NUMBER,health_and_social_protection,enrolled_in_master_of_science_studies,F,0
2018,NUMBER,"agriculture,_forestry,_fisheries_and_veterinary_medicine",enrolled_in_master_of_science_studies,F,1
2018,NUMBER,"social_sciences,_journalism_and_information",enrolled_in_master_of_science_studies,F,0
2018,NUMBER,"business,_administration_and_law",enrolled_in_master_of_science_studies,F,0
2018,NUMBER,education,enrolled_in_master_of_science_studies,F,7
2018,NUMBER,arts_and_humanities,enrolled_in_master_of_science_studies,F,0
2018,NUMBER,services,enrolled_in_master_of_science_studies,F,0
2018,NUMBER,total,enrolled_in_master_studies,_T,2144
2018,NUMBER,"natural_sciences,_mathematics_and_statistics",enrolled_in_master_studies,_T,76
2018,NUMBER,"engineering,_production_and_construction",enrolled_in_master_studies,_T,362
2018,NUMBER,information_and_communication_technologies,enrolled_in_master_studies,_T,120
2018,NUMBER,health_and_social_protection,enrolled_in_master_studies,_T,42
2018,NUMBER,"agriculture,_forestry,_fisheries_and_veterinary_medicine",enrolled_in_master_studies,_T,189
2018,NUMBER,"social_sciences,_journalism_and_information",enrolled_in_master_studies,_T,503
2018,NUMBER,"business,_administration_and_law",enrolled_in_master_studies,_T,240
2018,NUMBER,education,enrolled_in_master_studies,_T,314
2018,NUMBER,arts_and_humanities,enrolled_in_master_studies,_T,291
2018,NUMBER,services,enrolled_in_master_studies,_T,7
2018,NUMBER,total,enrolled_in_master_studies,M,937
2018,NUMBER,"natural_sciences,_mathematics_and_statistics",enrolled_in_master_studies,M,28
2018,NUMBER,"engineering,_production_and_construction",enrolled_in_master_studies,M,229
2018,NUMBER,information_and_communication_technologies,enrolled_in_master_studies,M,83
2018,NUMBER,health_and_social_protection,enrolled_in_master_studies,M,12
2018,NUMBER,"agriculture,_forestry,_fisheries_and_veterinary_medicine",enrolled_in_master_studies,M,98
2018,NUMBER,"social_sciences,_journalism_and_information",enrolled_in_master_studies,M,163
2018,NUMBER,"business,_administration_and_law",enrolled_in_master_studies,M,85
2018,NUMBER,education,enrolled_in_master_studies,M,103
2018,NUMBER,arts_and_humanities,enrolled_in_master_studies,M,133
2018,NUMBER,services,enrolled_in_master_studies,M,3
2018,NUMBER,total,enrolled_in_master_studies,F,1207
2018,NUMBER,"natural_sciences,_mathematics_and_statistics",enrolled_in_master_studies,F,48
2018,NUMBER,"engineering,_production_and_construction",enrolled_in_master_studies,F,133
2018,NUMBER,information_and_communication_technologies,enrolled_in_master_studies,F,37
2018,NUMBER,health_and_social_protection,enrolled_in_master_studies,F,30
2018,NUMBER,"agriculture,_forestry,_fisheries_and_veterinary_medicine",enrolled_in_master_studies,F,91
2018,NUMBER,"social_sciences,_journalism_and_information",enrolled_in_master_studies,F,340
2018,NUMBER,"business,_administration_and_law",enrolled_in_master_studies,F,155
2018,NUMBER,education,enrolled_in_master_studies,F,211
2018,NUMBER,arts_and_humanities,enrolled_in_master_studies,F,158
2018,NUMBER,services,enrolled_in_master_studies,F,4
2018,NUMBER,total,enrolled_in_specialist_studies,_T,160
2018,NUMBER,"natural_sciences,_mathematics_and_statistics",enrolled_in_specialist_studies,_T,0
2018,NUMBER,"engineering,_production_and_construction",enrolled_in_specialist_studies,_T,0
2018,NUMBER,information_and_communication_technologies,enrolled_in_specialist_studies,_T,0
2018,NUMBER,health_and_social_protection,enrolled_in_specialist_studies,_T,156
2018,NUMBER,"agriculture,_forestry,_fisheries_and_veterinary_medicine",enrolled_in_specialist_studies,_T,0
2018,NUMBER,"social_sciences,_journalism_and_information",enrolled_in_specialist_studies,_T,1
2018,NUMBER,"business,_administration_and_law",enrolled_in_specialist_studies,_T,0
2018,NUMBER,education,enrolled_in_specialist_studies,_T,2
2018,NUMBER,arts_and_humanities,enrolled_in_specialist_studies,_T,1
2018,NUMBER,services,enrolled_in_specialist_studies,_T,0
2018,NUMBER,total,enrolled_in_specialist_studies,M,66
2018,NUMBER,"natural_sciences,_mathematics_and_statistics",enrolled_in_specialist_studies,M,0
2018,NUMBER,"engineering,_production_and_construction",enrolled_in_specialist_studies,M,0
2018,NUMBER,information_and_communication_technologies,enrolled_in_specialist_studies,M,0
2018,NUMBER,health_and_social_protection,enrolled_in_specialist_studies,M,64
2018,NUMBER,"agriculture,_forestry,_fisheries_and_veterinary_medicine",enrolled_in_specialist_studies,M,0
2018,NUMBER,"social_sciences,_journalism_and_information",enrolled_in_specialist_studies,M,1
2018,NUMBER,"business,_administration_and_law",enrolled_in_specialist_studies,M,0
2018,NUMBER,education,enrolled_in_specialist_studies,M,0
2018,NUMBER,arts_and_humanities,enrolled_in_specialist_studies,M,1
2018,NUMBER,services,enrolled_in_specialist_studies,M,0
2018,NUMBER,total,enrolled_in_specialist_studies,F,94
2018,NUMBER,"natural_sciences,_mathematics_and_statistics",enrolled_in_specialist_studies,F,0
2018,NUMBER,"engineering,_production_and_construction",enrolled_in_specialist_studies,F,0
2018,NUMBER,information_and_communication_technologies,enrolled_in_specialist_studies,F,0
2018,NUMBER,health_and_social_protection,enrolled_in_specialist_studies,F,92
2018,NUMBER,"agriculture,_forestry,_fisheries_and_veterinary_medicine",enrolled_in_specialist_studies,F,0
2018,NUMBER,"social_sciences,_journalism_and_information",enrolled_in_specialist_studies,F,0
2018,NUMBER,"business,_administration_and_law",enrolled_in_specialist_studies,F,0
2018,NUMBER,education,enrolled_in_specialist_studies,F,2
2018,NUMBER,arts_and_humanities,enrolled_in_specialist_studies,F,0
2018,NUMBER,services,enrolled_in_specialist_studies,F,0
2019,NUMBER,total,enrolled_in_master_of_science_studies,_T,16
2019,NUMBER,"natural_sciences,_mathematics_and_statistics",enrolled_in_master_of_science_studies,_T,0
2019,NUMBER,"engineering,_production_and_construction",enrolled_in_master_of_science_studies,_T,13
2019,NUMBER,information_and_communication_technologies,enrolled_in_master_of_science_studies,_T,0
2019,NUMBER,health_and_social_protection,enrolled_in_master_of_science_studies,_T,0
2019,NUMBER,"agriculture,_forestry,_fisheries_and_veterinary_medicine",enrolled_in_master_of_science_studies,_T,0
2019,NUMBER,"social_sciences,_journalism_and_information",enrolled_in_master_of_science_studies,_T,0
2019,NUMBER,"business,_administration_and_law",enrolled_in_master_of_science_studies,_T,0
2019,NUMBER,education,enrolled_in_master_of_science_studies,_T,2
2019,NUMBER,arts_and_humanities,enrolled_in_master_of_science_studies,_T,1
2019,NUMBER,services,enrolled_in_master_of_science_studies,_T,0
2019,NUMBER,total,enrolled_in_master_of_science_studies,M,12
2019,NUMBER,"natural_sciences,_mathematics_and_statistics",enrolled_in_master_of_science_studies,M,0
2019,NUMBER,"engineering,_production_and_construction",enrolled_in_master_of_science_studies,M,10
2019,NUMBER,information_and_communication_technologies,enrolled_in_master_of_science_studies,M,0
2019,NUMBER,health_and_social_protection,enrolled_in_master_of_science_studies,M,0
2019,NUMBER,"agriculture,_forestry,_fisheries_and_veterinary_medicine",enrolled_in_master_of_science_studies,M,0
2019,NUMBER,"social_sciences,_journalism_and_information",enrolled_in_master_of_science_studies,M,0
2019,NUMBER,"business,_administration_and_law",enrolled_in_master_of_science_studies,M,0
2019,NUMBER,education,enrolled_in_master_of_science_studies,M,1
2019,NUMBER,arts_and_humanities,enrolled_in_master_of_science_studies,M,1
2019,NUMBER,services,enrolled_in_master_of_science_studies,M,0
2019,NUMBER,total,enrolled_in_master_of_science_studies,F,4
2019,NUMBER,"natural_sciences,_mathematics_and_statistics",enrolled_in_master_of_science_studies,F,0
2019,NUMBER,"engineering,_production_and_construction",enrolled_in_master_of_science_studies,F,3
2019,NUMBER,information_and_communication_technologies,enrolled_in_master_of_science_studies,F,0
2019,NUMBER,health_and_social_protection,enrolled_in_master_of_science_studies,F,0
2019,NUMBER,"agriculture,_forestry,_fisheries_and_veterinary_medicine",enrolled_in_master_of_science_studies,F,0
2019,NUMBER,"social_sciences,_journalism_and_information",enrolled_in_master_of_science_studies,F,0
2019,NUMBER,"business,_administration_and_law",enrolled_in_master_of_science_studies,F,0
2019,NUMBER,education,enrolled_in_master_of_science_studies,F,1
2019,NUMBER,arts_and_humanities,enrolled_in_master_of_science_studies,F,0
2019,NUMBER,services,enrolled_in_master_of_science_studies,F,0
2019,NUMBER,total,enrolled_in_master_studies,_T,2109
2019,NUMBER,"natural_sciences,_mathematics_and_statistics",enrolled_in_master_studies,_T,79
2019,NUMBER,"engineering,_production_and_construction",enrolled_in_master_studies,_T,394
2019,NUMBER,information_and_communication_technologies,enrolled_in_master_studies,_T,80
2019,NUMBER,health_and_social_protection,enrolled_in_master_studies,_T,45
2019,NUMBER,"agriculture,_forestry,_fisheries_and_veterinary_medicine",enrolled_in_master_studies,_T,188
2019,NUMBER,"social_sciences,_journalism_and_information",enrolled_in_master_studies,_T,492
2019,NUMBER,"business,_administration_and_law",enrolled_in_master_studies,_T,236
2019,NUMBER,education,enrolled_in_master_studies,_T,298
2019,NUMBER,arts_and_humanities,enrolled_in_master_studies,_T,291
2019,NUMBER,services,enrolled_in_master_studies,_T,6
2019,NUMBER,total,enrolled_in_master_studies,M,930
2019,NUMBER,"natural_sciences,_mathematics_and_statistics",enrolled_in_master_studies,M,22
2019,NUMBER,"engineering,_production_and_construction",enrolled_in_master_studies,M,243
2019,NUMBER,information_and_communication_technologies,enrolled_in_master_studies,M,59
2019,NUMBER,health_and_social_protection,enrolled_in_master_studies,M,10
2019,NUMBER,"agriculture,_forestry,_fisheries_and_veterinary_medicine",enrolled_in_master_studies,M,98
2019,NUMBER,"social_sciences,_journalism_and_information",enrolled_in_master_studies,M,160
2019,NUMBER,"business,_administration_and_law",enrolled_in_master_studies,M,89
2019,NUMBER,education,enrolled_in_master_studies,M,104
2019,NUMBER,arts_and_humanities,enrolled_in_master_studies,M,142
2019,NUMBER,services,enrolled_in_master_studies,M,3
2019,NUMBER,total,enrolled_in_master_studies,F,1179
2019,NUMBER,"natural_sciences,_mathematics_and_statistics",enrolled_in_master_studies,F,57
2019,NUMBER,"engineering,_production_and_construction",enrolled_in_master_studies,F,151
2019,NUMBER,information_and_communication_technologies,enrolled_in_master_studies,F,21
2019,NUMBER,health_and_social_protection,enrolled_in_master_studies,F,35
2019,NUMBER,"agriculture,_forestry,_fisheries_and_veterinary_medicine",enrolled_in_master_studies,F,90
2019,NUMBER,"social_sciences,_journalism_and_information",enrolled_in_master_studies,F,332
2019,NUMBER,"business,_administration_and_law",enrolled_in_master_studies,F,147
2019,NUMBER,education,enrolled_in_master_studies,F,194
2019,NUMBER,arts_and_humanities,enrolled_in_master_studies,F,149
2019,NUMBER,services,enrolled_in_master_studies,F,3
2019,NUMBER,total,enrolled_in_specialist_studies,_T,170
2019,NUMBER,"natural_sciences,_mathematics_and_statistics",enrolled_in_specialist_studies,_T,0
2019,NUMBER,"engineering,_production_and_construction",enrolled_in_specialist_studies,_T,0
2019,NUMBER,information_and_communication_technologies,enrolled_in_specialist_studies,_T,0
2019,NUMBER,health_and_social_protection,enrolled_in_specialist_studies,_T,170
2019,NUMBER,"agriculture,_forestry,_fisheries_and_veterinary_medicine",enrolled_in_specialist_studies,_T,0
2019,NUMBER,"social_sciences,_journalism_and_information",enrolled_in_specialist_studies,_T,0
2019,NUMBER,"business,_administration_and_law",enrolled_in_specialist_studies,_T,0
2019,NUMBER,education,enrolled_in_specialist_studies,_T,0
2019,NUMBER,arts_and_humanities,enrolled_in_specialist_studies,_T,0
2019,NUMBER,services,enrolled_in_specialist_studies,_T,0
2019,NUMBER,total,enrolled_in_specialist_studies,M,72
2019,NUMBER,"natural_sciences,_mathematics_and_statistics",enrolled_in_specialist_studies,M,0
2019,NUMBER,"engineering,_production_and_construction",enrolled_in_specialist_studies,M,0
2019,NUMBER,information_and_communication_technologies,enrolled_in_specialist_studies,M,0
2019,NUMBER,health_and_social_protection,enrolled_in_specialist_studies,M,72
2019,NUMBER,"agriculture,_forestry,_fisheries_and_veterinary_medicine",enrolled_in_specialist_studies,M,0
2019,NUMBER,"social_sciences,_journalism_and_information",enrolled_in_specialist_studies,M,0
2019,NUMBER,"business,_administration_and_law",enrolled_in_specialist_studies,M,0
2019,NUMBER,education,enrolled_in_specialist_studies,M,0
2019,NUMBER,arts_and_humanities,enrolled_in_specialist_studies,M,0
2019,NUMBER,services,enrolled_in_specialist_studies,M,0
2019,NUMBER,total,enrolled_in_specialist_studies,F,98
2019,NUMBER,"natural_sciences,_mathematics_and_statistics",enrolled_in_specialist_studies,F,0
2019,NUMBER,"engineering,_production_and_construction",enrolled_in_specialist_studies,F,0
2019,NUMBER,information_and_communication_technologies,enrolled_in_specialist_studies,F,0
2019,NUMBER,health_and_social_protection,enrolled_in_specialist_studies,F,98
2019,NUMBER,"agriculture,_forestry,_fisheries_and_veterinary_medicine",enrolled_in_specialist_studies,F,0
2019,NUMBER,"social_sciences,_journalism_and_information",enrolled_in_specialist_studies,F,0
2019,NUMBER,"business,_administration_and_law",enrolled_in_specialist_studies,F,0
2019,NUMBER,education,enrolled_in_specialist_studies,F,0
2019,NUMBER,arts_and_humanities,enrolled_in_specialist_studies,F,0
2019,NUMBER,services,enrolled_in_specialist_studies,F,0
2020,NUMBER,total,enrolled_in_master_of_science_studies,_T,4
2020,NUMBER,"natural_sciences,_mathematics_and_statistics",enrolled_in_master_of_science_studies,_T,0
2020,NUMBER,"engineering,_production_and_construction",enrolled_in_master_of_science_studies,_T,0
2020,NUMBER,information_and_communication_technologies,enrolled_in_master_of_science_studies,_T,0
2020,NUMBER,health_and_social_protection,enrolled_in_master_of_science_studies,_T,0
2020,NUMBER,"agriculture,_forestry,_fisheries_and_veterinary_medicine",enrolled_in_master_of_science_studies,_T,0
2020,NUMBER,"social_sciences,_journalism_and_information",enrolled_in_master_of_science_studies,_T,0
2020,NUMBER,"business,_administration_and_law",enrolled_in_master_of_science_studies,_T,2
2020,NUMBER,education,enrolled_in_master_of_science_studies,_T,2
2020,NUMBER,arts_and_humanities,enrolled_in_master_of_science_studies,_T,0
2020,NUMBER,services,enrolled_in_master_of_science_studies,_T,0
2020,NUMBER,total,enrolled_in_master_of_science_studies,M,3
2020,NUMBER,"natural_sciences,_mathematics_and_statistics",enrolled_in_master_of_science_studies,M,0
2020,NUMBER,"engineering,_production_and_construction",enrolled_in_master_of_science_studies,M,0
2020,NUMBER,information_and_communication_technologies,enrolled_in_master_of_science_studies,M,0
2020,NUMBER,health_and_social_protection,enrolled_in_master_of_science_studies,M,0
2020,NUMBER,"agriculture,_forestry,_fisheries_and_veterinary_medicine",enrolled_in_master_of_science_studies,M,0
2020,NUMBER,"social_sciences,_journalism_and_information",enrolled_in_master_of_science_studies,M,0
2020,NUMBER,"business,_administration_and_law",enrolled_in_master_of_science_studies,M,1
2020,NUMBER,education,enrolled_in_master_of_science_studies,M,2
2020,NUMBER,arts_and_humanities,enrolled_in_master_of_science_studies,M,0
2020,NUMBER,services,enrolled_in_master_of_science_studies,M,0
2020,NUMBER,total,enrolled_in_master_of_science_studies,F,1
2020,NUMBER,"natural_sciences,_mathematics_and_statistics",enrolled_in_master_of_science_studies,F,0
2020,NUMBER,"engineering,_production_and_construction",enrolled_in_master_of_science_studies,F,0
2020,NUMBER,information_and_communication_technologies,enrolled_in_master_of_science_studies,F,0
2020,NUMBER,health_and_social_protection,enrolled_in_master_of_science_studies,F,0
2020,NUMBER,"agriculture,_forestry,_fisheries_and_veterinary_medicine",enrolled_in_master_of_science_studies,F,0
2020,NUMBER,"social_sciences,_journalism_and_information",enrolled_in_master_of_science_studies,F,0
2020,NUMBER,"business,_administration_and_law",enrolled_in_master_of_science_studies,F,1
2020,NUMBER,education,enrolled_in_master_of_science_studies,F,0
2020,NUMBER,arts_and_humanities,enrolled_in_master_of_science_studies,F,0
2020,NUMBER,services,enrolled_in_master_of_science_studies,F,0
2020,NUMBER,total,enrolled_in_master_studies,_T,2430
2020,NUMBER,"natural_sciences,_mathematics_and_statistics",enrolled_in_master_studies,_T,93
2020,NUMBER,"engineering,_production_and_construction",enrolled_in_master_studies,_T,399
2020,NUMBER,information_and_communication_technologies,enrolled_in_master_studies,_T,117
2020,NUMBER,health_and_social_protection,enrolled_in_master_studies,_T,52
2020,NUMBER,"agriculture,_forestry,_fisheries_and_veterinary_medicine",enrolled_in_master_studies,_T,216
2020,NUMBER,"social_sciences,_journalism_and_information",enrolled_in_master_studies,_T,619
2020,NUMBER,"business,_administration_and_law",enrolled_in_master_studies,_T,216
2020,NUMBER,education,enrolled_in_master_studies,_T,381
2020,NUMBER,arts_and_humanities,enrolled_in_master_studies,_T,328
2020,NUMBER,services,enrolled_in_master_studies,_T,9
2020,NUMBER,total,enrolled_in_master_studies,M,1036
2020,NUMBER,"natural_sciences,_mathematics_and_statistics",enrolled_in_master_studies,M,26
2020,NUMBER,"engineering,_production_and_construction",enrolled_in_master_studies,M,252
2020,NUMBER,information_and_communication_technologies,enrolled_in_master_studies,M,82
2020,NUMBER,health_and_social_protection,enrolled_in_master_studies,M,10
2020,NUMBER,"agriculture,_forestry,_fisheries_and_veterinary_medicine",enrolled_in_master_studies,M,119
2020,NUMBER,"social_sciences,_journalism_and_information",enrolled_in_master_studies,M,194
2020,NUMBER,"business,_administration_and_law",enrolled_in_master_studies,M,79
2020,NUMBER,education,enrolled_in_master_studies,M,129
2020,NUMBER,arts_and_humanities,enrolled_in_master_studies,M,142
2020,NUMBER,services,enrolled_in_master_studies,M,3
2020,NUMBER,total,enrolled_in_master_studies,F,1394
2020,NUMBER,"natural_sciences,_mathematics_and_statistics",enrolled_in_master_studies,F,67
2020,NUMBER,"engineering,_production_and_construction",enrolled_in_master_studies,F,147
2020,NUMBER,information_and_communication_technologies,enrolled_in_master_studies,F,35
2020,NUMBER,health_and_social_protection,enrolled_in_master_studies,F,42
2020,NUMBER,"agriculture,_forestry,_fisheries_and_veterinary_medicine",enrolled_in_master_studies,F,97
2020,NUMBER,"social_sciences,_journalism_and_information",enrolled_in_master_studies,F,425
2020,NUMBER,"business,_administration_and_law",enrolled_in_master_studies,F,137
2020,NUMBER,education,enrolled_in_master_studies,F,252
2020,NUMBER,arts_and_humanities,enrolled_in_master_studies,F,186
2020,NUMBER,services,enrolled_in_master_studies,F,6
2020,NUMBER,total,enrolled_in_specialist_studies,_T,170
2020,NUMBER,"natural_sciences,_mathematics_and_statistics",enrolled_in_specialist_studies,_T,0
2020,NUMBER,"engineering,_production_and_construction",enrolled_in_specialist_studies,_T,0
2020,NUMBER,information_and_communication_technologies,enrolled_in_specialist_studies,_T,0
2020,NUMBER,health_and_social_protection,enrolled_in_specialist_studies,_T,170
2020,NUMBER,"agriculture,_forestry,_fisheries_and_veterinary_medicine",enrolled_in_specialist_studies,_T,0
2020,NUMBER,"social_sciences,_journalism_and_information",enrolled_in_specialist_studies,_T,0
2020,NUMBER,"business,_administration_and_law",enrolled_in_specialist_studies,_T,0
2020,NUMBER,education,enrolled_in_specialist_studies,_T,0
2020,NUMBER,arts_and_humanities,enrolled_in_specialist_studies,_T,0
2020,NUMBER,services,enrolled_in_specialist_studies,_T,0
2020,NUMBER,total,enrolled_in_specialist_studies,M,39
2020,NUMBER,"natural_sciences,_mathematics_and_statistics",enrolled_in_specialist_studies,M,0
2020,NUMBER,"engineering,_production_and_construction",enrolled_in_specialist_studies,M,0
2020,NUMBER,information_and_communication_technologies,enrolled_in_specialist_studies,M,0
2020,NUMBER,health_and_social_protection,enrolled_in_specialist_studies,M,39
2020,NUMBER,"agriculture,_forestry,_fisheries_and_veterinary_medicine",enrolled_in_specialist_studies,M,0
2020,NUMBER,"social_sciences,_journalism_and_information",enrolled_in_specialist_studies,M,0
2020,NUMBER,"business,_administration_and_law",enrolled_in_specialist_studies,M,0
2020,NUMBER,education,enrolled_in_specialist_studies,M,0
2020,NUMBER,arts_and_humanities,enrolled_in_specialist_studies,M,0
2020,NUMBER,services,enrolled_in_specialist_studies,M,0
2020,NUMBER,total,enrolled_in_specialist_studies,F,131
2020,NUMBER,"natural_sciences,_mathematics_and_statistics",enrolled_in_specialist_studies,F,0
2020,NUMBER,"engineering,_production_and_construction",enrolled_in_specialist_studies,F,0
2020,NUMBER,information_and_communication_technologies,enrolled_in_specialist_studies,F,0
2020,NUMBER,health_and_social_protection,enrolled_in_specialist_studies,F,131
2020,NUMBER,"agriculture,_forestry,_fisheries_and_veterinary_medicine",enrolled_in_specialist_studies,F,0
2020,NUMBER,"social_sciences,_journalism_and_information",enrolled_in_specialist_studies,F,0
2020,NUMBER,"business,_administration_and_law",enrolled_in_specialist_studies,F,0
2020,NUMBER,education,enrolled_in_specialist_studies,F,0
2020,NUMBER,arts_and_humanities,enrolled_in_specialist_studies,F,0
2020,NUMBER,services,enrolled_in_specialist_studies,F,0
2021,NUMBER,total,enrolled_in_master_of_science_studies,_T,1
2021,NUMBER,"natural_sciences,_mathematics_and_statistics",enrolled_in_master_of_science_studies,_T,0
2021,NUMBER,"engineering,_production_and_construction",enrolled_in_master_of_science_studies,_T,1
2021,NUMBER,information_and_communication_technologies,enrolled_in_master_of_science_studies,_T,0
2021,NUMBER,health_and_social_protection,enrolled_in_master_of_science_studies,_T,0
2021,NUMBER,"agriculture,_forestry,_fisheries_and_veterinary_medicine",enrolled_in_master_of_science_studies,_T,0
2021,NUMBER,"social_sciences,_journalism_and_information",enrolled_in_master_of_science_studies,_T,0
2021,NUMBER,"business,_administration_and_law",enrolled_in_master_of_science_studies,_T,0
2021,NUMBER,education,enrolled_in_master_of_science_studies,_T,0
2021,NUMBER,arts_and_humanities,enrolled_in_master_of_science_studies,_T,0
2021,NUMBER,services,enrolled_in_master_of_science_studies,_T,0
2021,NUMBER,total,enrolled_in_master_of_science_studies,M,1
2021,NUMBER,"natural_sciences,_mathematics_and_statistics",enrolled_in_master_of_science_studies,M,0
2021,NUMBER,"engineering,_production_and_construction",enrolled_in_master_of_science_studies,M,1
2021,NUMBER,information_and_communication_technologies,enrolled_in_master_of_science_studies,M,0
2021,NUMBER,health_and_social_protection,enrolled_in_master_of_science_studies,M,0
2021,NUMBER,"agriculture,_forestry,_fisheries_and_veterinary_medicine",enrolled_in_master_of_science_studies,M,0
2021,NUMBER,"social_sciences,_journalism_and_information",enrolled_in_master_of_science_studies,M,0
2021,NUMBER,"business,_administration_and_law",enrolled_in_master_of_science_studies,M,0
2021,NUMBER,education,enrolled_in_master_of_science_studies,M,0
2021,NUMBER,arts_and_humanities,enrolled_in_master_of_science_studies,M,0
2021,NUMBER,services,enrolled_in_master_of_science_studies,M,0
2021,NUMBER,total,enrolled_in_master_of_science_studies,F,0
2021,NUMBER,"natural_sciences,_mathematics_and_statistics",enrolled_in_master_of_science_studies,F,0
2021,NUMBER,"engineering,_production_and_construction",enrolled_in_master_of_science_studies,F,0
2021,NUMBER,information_and_communication_technologies,enrolled_in_master_of_science_studies,F,0
2021,NUMBER,health_and_social_protection,enrolled_in_master_of_science_studies,F,0
2021,NUMBER,"agriculture,_forestry,_fisheries_and_veterinary_medicine",enrolled_in_master_of_science_studies,F,0
2021,NUMBER,"social_sciences,_journalism_and_information",enrolled_in_master_of_science_studies,F,0
2021,NUMBER,"business,_administration_and_law",enrolled_in_master_of_science_studies,F,0
2021,NUMBER,education,enrolled_in_master_of_science_studies,F,0
2021,NUMBER,arts_and_humanities,enrolled_in_master_of_science_studies,F,0
2021,NUMBER,services,enrolled_in_master_of_science_studies,F,0
2021,NUMBER,total,enrolled_in_master_studies,_T,2334
2021,NUMBER,"natural_sciences,_mathematics_and_statistics",enrolled_in_master_studies,_T,93
2021,NUMBER,"engineering,_production_and_construction",enrolled_in_master_studies,_T,461
2021,NUMBER,information_and_communication_technologies,enrolled_in_master_studies,_T,86
2021,NUMBER,health_and_social_protection,enrolled_in_master_studies,_T,69
2021,NUMBER,"agriculture,_forestry,_fisheries_and_veterinary_medicine",enrolled_in_master_studies,_T,200
2021,NUMBER,"social_sciences,_journalism_and_information",enrolled_in_master_studies,_T,546
2021,NUMBER,"business,_administration_and_law",enrolled_in_master_studies,_T,200
2021,NUMBER,education,enrolled_in_master_studies,_T,367
2021,NUMBER,arts_and_humanities,enrolled_in_master_studies,_T,307
2021,NUMBER,services,enrolled_in_master_studies,_T,5
2021,NUMBER,total,enrolled_in_master_studies,M,915
2021,NUMBER,"natural_sciences,_mathematics_and_statistics",enrolled_in_master_studies,M,24
2021,NUMBER,"engineering,_production_and_construction",enrolled_in_master_studies,M,249
2021,NUMBER,information_and_communication_technologies,enrolled_in_master_studies,M,60
2021,NUMBER,health_and_social_protection,enrolled_in_master_studies,M,14
2021,NUMBER,"agriculture,_forestry,_fisheries_and_veterinary_medicine",enrolled_in_master_studies,M,101
2021,NUMBER,"social_sciences,_journalism_and_information",enrolled_in_master_studies,M,177
2021,NUMBER,"business,_administration_and_law",enrolled_in_master_studies,M,60
2021,NUMBER,education,enrolled_in_master_studies,M,100
2021,NUMBER,arts_and_humanities,enrolled_in_master_studies,M,130
2021,NUMBER,services,enrolled_in_master_studies,M,0
2021,NUMBER,total,enrolled_in_master_studies,F,1419
2021,NUMBER,"natural_sciences,_mathematics_and_statistics",enrolled_in_master_studies,F,69
2021,NUMBER,"engineering,_production_and_construction",enrolled_in_master_studies,F,212
2021,NUMBER,information_and_communication_technologies,enrolled_in_master_studies,F,26
2021,NUMBER,health_and_social_protection,enrolled_in_master_studies,F,55
2021,NUMBER,"agriculture,_forestry,_fisheries_and_veterinary_medicine",enrolled_in_master_studies,F,99
2021,NUMBER,"social_sciences,_journalism_and_information",enrolled_in_master_studies,F,369
2021,NUMBER,"business,_administration_and_law",enrolled_in_master_studies,F,140
2021,NUMBER,education,enrolled_in_master_studies,F,267
2021,NUMBER,arts_and_humanities,enrolled_in_master_studies,F,177
2021,NUMBER,services,enrolled_in_master_studies,F,5
2021,NUMBER,total,enrolled_in_specialist_studies,_T,156
2021,NUMBER,"natural_sciences,_mathematics_and_statistics",enrolled_in_specialist_studies,_T,0
2021,NUMBER,"engineering,_production_and_construction",enrolled_in_specialist_studies,_T,0
2021,NUMBER,information_and_communication_technologies,enrolled_in_specialist_studies,_T,1
2021,NUMBER,health_and_social_protection,enrolled_in_specialist_studies,_T,155
2021,NUMBER,"agriculture,_forestry,_fisheries_and_veterinary_medicine",enrolled_in_specialist_studies,_T,0
2021,NUMBER,"social_sciences,_journalism_and_information",enrolled_in_specialist_studies,_T,0
2021,NUMBER,"business,_administration_and_law",enrolled_in_specialist_studies,_T,0
2021,NUMBER,education,enrolled_in_specialist_studies,_T,0
2021,NUMBER,arts_and_humanities,enrolled_in_specialist_studies,_T,0
2021,NUMBER,services,enrolled_in_specialist_studies,_T,0
2021,NUMBER,total,enrolled_in_specialist_studies,M,44
2021,NUMBER,"natural_sciences,_mathematics_and_statistics",enrolled_in_specialist_studies,M,0
2021,NUMBER,"engineering,_production_and_construction",enrolled_in_specialist_studies,M,0
2021,NUMBER,information_and_communication_technologies,enrolled_in_specialist_studies,M,0
2021,NUMBER,health_and_social_protection,enrolled_in_specialist_studies,M,44
2021,NUMBER,"agriculture,_forestry,_fisheries_and_veterinary_medicine",enrolled_in_specialist_studies,M,0
2021,NUMBER,"social_sciences,_journalism_and_information",enrolled_in_specialist_studies,M,0
2021,NUMBER,"business,_administration_and_law",enrolled_in_specialist_studies,M,0
2021,NUMBER,education,enrolled_in_specialist_studies,M,0
2021,NUMBER,arts_and_humanities,enrolled_in_specialist_studies,M,0
2021,NUMBER,services,enrolled_in_specialist_studies,M,0
2021,NUMBER,total,enrolled_in_specialist_studies,F,112
2021,NUMBER,"natural_sciences,_mathematics_and_statistics",enrolled_in_specialist_studies,F,0
2021,NUMBER,"engineering,_production_and_construction",enrolled_in_specialist_studies,F,0
2021,NUMBER,information_and_communication_technologies,enrolled_in_specialist_studies,F,1
2021,NUMBER,health_and_social_protection,enrolled_in_specialist_studies,F,111
2021,NUMBER,"agriculture,_forestry,_fisheries_and_veterinary_medicine",enrolled_in_specialist_studies,F,0
2021,NUMBER,"social_sciences,_journalism_and_information",enrolled_in_specialist_studies,F,0
2021,NUMBER,"business,_administration_and_law",enrolled_in_specialist_studies,F,0
2021,NUMBER,education,enrolled_in_specialist_studies,F,0
2021,NUMBER,arts_and_humanities,enrolled_in_specialist_studies,F,0
2021,NUMBER,services,enrolled_in_specialist_studies,F,0
