Year,UNIT_MEASURE,scientific_field,SEX,Value
2017,NUMBER,total,_T,534
2017,NUMBER,"social_sciences,_journalism_and_information",_T,100
2017,NUMBER,arts_and_humanities,_T,100
2017,NUMBER,information_and_communication_technologies,_T,17
2017,NUMBER,"engineering,_production_and_construction",_T,32
2017,NUMBER,education,_T,51
2017,NUMBER,"agriculture,_forestry,_fisheries_and_veterinary_medicine",_T,20
2017,NUMBER,"business,_administration_and_law",_T,80
2017,NUMBER,"natural_sciences,_mathematics_and_statistics",_T,15
2017,NUMBER,services,_T,1
2017,NUMBER,health_and_social_protection,_T,118
2017,NUMBER,total,M,252
2017,NUMBER,"social_sciences,_journalism_and_information",M,45
2017,NUMBER,arts_and_humanities,M,49
2017,NUMBER,information_and_communication_technologies,M,14
2017,NUMBER,"engineering,_production_and_construction",M,17
2017,NUMBER,education,M,14
2017,NUMBER,"agriculture,_forestry,_fisheries_and_veterinary_medicine",M,10
2017,NUMBER,"business,_administration_and_law",M,48
2017,NUMBER,"natural_sciences,_mathematics_and_statistics",M,6
2017,NUMBER,services,M,1
2017,NUMBER,health_and_social_protection,M,48
2017,NUMBER,total,F,282
2017,NUMBER,"social_sciences,_journalism_and_information",F,55
2017,NUMBER,arts_and_humanities,F,51
2017,NUMBER,information_and_communication_technologies,F,3
2017,NUMBER,"engineering,_production_and_construction",F,15
2017,NUMBER,education,F,37
2017,NUMBER,"agriculture,_forestry,_fisheries_and_veterinary_medicine",F,10
2017,NUMBER,"business,_administration_and_law",F,32
2017,NUMBER,"natural_sciences,_mathematics_and_statistics",F,9
2017,NUMBER,services,F,0
2017,NUMBER,health_and_social_protection,F,70
2018,NUMBER,total,_T,530
2018,NUMBER,"social_sciences,_journalism_and_information",_T,101
2018,NUMBER,arts_and_humanities,_T,76
2018,NUMBER,information_and_communication_technologies,_T,22
2018,NUMBER,"engineering,_production_and_construction",_T,33
2018,NUMBER,education,_T,55
2018,NUMBER,"agriculture,_forestry,_fisheries_and_veterinary_medicine",_T,27
2018,NUMBER,"business,_administration_and_law",_T,67
2018,NUMBER,"natural_sciences,_mathematics_and_statistics",_T,23
2018,NUMBER,services,_T,3
2018,NUMBER,health_and_social_protection,_T,123
2018,NUMBER,total,M,322
2018,NUMBER,"social_sciences,_journalism_and_information",M,64
2018,NUMBER,arts_and_humanities,M,46
2018,NUMBER,information_and_communication_technologies,M,5
2018,NUMBER,"engineering,_production_and_construction",M,17
2018,NUMBER,education,M,35
2018,NUMBER,"agriculture,_forestry,_fisheries_and_veterinary_medicine",M,13
2018,NUMBER,"business,_administration_and_law",M,36
2018,NUMBER,"natural_sciences,_mathematics_and_statistics",M,18
2018,NUMBER,services,M,3
2018,NUMBER,health_and_social_protection,M,85
2018,NUMBER,total,F,208
2018,NUMBER,"social_sciences,_journalism_and_information",F,37
2018,NUMBER,arts_and_humanities,F,30
2018,NUMBER,information_and_communication_technologies,F,17
2018,NUMBER,"engineering,_production_and_construction",F,16
2018,NUMBER,education,F,20
2018,NUMBER,"agriculture,_forestry,_fisheries_and_veterinary_medicine",F,14
2018,NUMBER,"business,_administration_and_law",F,31
2018,NUMBER,"natural_sciences,_mathematics_and_statistics",F,5
2018,NUMBER,services,F,0
2018,NUMBER,health_and_social_protection,F,38
2019,NUMBER,total,_T,466
2019,NUMBER,"social_sciences,_journalism_and_information",_T,148
2019,NUMBER,arts_and_humanities,_T,59
2019,NUMBER,information_and_communication_technologies,_T,10
2019,NUMBER,"engineering,_production_and_construction",_T,30
2019,NUMBER,education,_T,48
2019,NUMBER,"agriculture,_forestry,_fisheries_and_veterinary_medicine",_T,11
2019,NUMBER,"business,_administration_and_law",_T,35
2019,NUMBER,"natural_sciences,_mathematics_and_statistics",_T,24
2019,NUMBER,services,_T,1
2019,NUMBER,health_and_social_protection,_T,100
2019,NUMBER,total,M,188
2019,NUMBER,"social_sciences,_journalism_and_information",M,65
2019,NUMBER,arts_and_humanities,M,21
2019,NUMBER,information_and_communication_technologies,M,6
2019,NUMBER,"engineering,_production_and_construction",M,12
2019,NUMBER,education,M,12
2019,NUMBER,"agriculture,_forestry,_fisheries_and_veterinary_medicine",M,4
2019,NUMBER,"business,_administration_and_law",M,22
2019,NUMBER,"natural_sciences,_mathematics_and_statistics",M,9
2019,NUMBER,services,M,1
2019,NUMBER,health_and_social_protection,M,36
2019,NUMBER,total,F,278
2019,NUMBER,"social_sciences,_journalism_and_information",F,83
2019,NUMBER,arts_and_humanities,F,38
2019,NUMBER,information_and_communication_technologies,F,4
2019,NUMBER,"engineering,_production_and_construction",F,18
2019,NUMBER,education,F,36
2019,NUMBER,"agriculture,_forestry,_fisheries_and_veterinary_medicine",F,7
2019,NUMBER,"business,_administration_and_law",F,13
2019,NUMBER,"natural_sciences,_mathematics_and_statistics",F,15
2019,NUMBER,services,F,0
2019,NUMBER,health_and_social_protection,F,64
2020,NUMBER,total,_T,384
2020,NUMBER,"social_sciences,_journalism_and_information",_T,86
2020,NUMBER,arts_and_humanities,_T,65
2020,NUMBER,information_and_communication_technologies,_T,11
2020,NUMBER,"engineering,_production_and_construction",_T,30
2020,NUMBER,education,_T,29
2020,NUMBER,"agriculture,_forestry,_fisheries_and_veterinary_medicine",_T,20
2020,NUMBER,"business,_administration_and_law",_T,28
2020,NUMBER,"natural_sciences,_mathematics_and_statistics",_T,20
2020,NUMBER,services,_T,0
2020,NUMBER,health_and_social_protection,_T,95
2020,NUMBER,total,M,156
2020,NUMBER,"social_sciences,_journalism_and_information",M,41
2020,NUMBER,arts_and_humanities,M,20
2020,NUMBER,information_and_communication_technologies,M,9
2020,NUMBER,"engineering,_production_and_construction",M,15
2020,NUMBER,education,M,7
2020,NUMBER,"agriculture,_forestry,_fisheries_and_veterinary_medicine",M,13
2020,NUMBER,"business,_administration_and_law",M,13
2020,NUMBER,"natural_sciences,_mathematics_and_statistics",M,6
2020,NUMBER,services,M,0
2020,NUMBER,health_and_social_protection,M,32
2020,NUMBER,total,F,228
2020,NUMBER,"social_sciences,_journalism_and_information",F,45
2020,NUMBER,arts_and_humanities,F,45
2020,NUMBER,information_and_communication_technologies,F,2
2020,NUMBER,"engineering,_production_and_construction",F,15
2020,NUMBER,education,F,22
2020,NUMBER,"agriculture,_forestry,_fisheries_and_veterinary_medicine",F,7
2020,NUMBER,"business,_administration_and_law",F,15
2020,NUMBER,"natural_sciences,_mathematics_and_statistics",F,14
2020,NUMBER,services,F,0
2020,NUMBER,health_and_social_protection,F,63
2021,NUMBER,total,_T,435
2021,NUMBER,"social_sciences,_journalism_and_information",_T,117
2021,NUMBER,arts_and_humanities,_T,64
2021,NUMBER,information_and_communication_technologies,_T,9
2021,NUMBER,"engineering,_production_and_construction",_T,37
2021,NUMBER,education,_T,46
2021,NUMBER,"agriculture,_forestry,_fisheries_and_veterinary_medicine",_T,28
2021,NUMBER,"business,_administration_and_law",_T,28
2021,NUMBER,"natural_sciences,_mathematics_and_statistics",_T,20
2021,NUMBER,services,_T,4
2021,NUMBER,health_and_social_protection,_T,82
2021,NUMBER,total,M,181
2021,NUMBER,"social_sciences,_journalism_and_information",M,46
2021,NUMBER,arts_and_humanities,M,32
2021,NUMBER,information_and_communication_technologies,M,5
2021,NUMBER,"engineering,_production_and_construction",M,19
2021,NUMBER,education,M,13
2021,NUMBER,"agriculture,_forestry,_fisheries_and_veterinary_medicine",M,11
2021,NUMBER,"business,_administration_and_law",M,18
2021,NUMBER,"natural_sciences,_mathematics_and_statistics",M,2
2021,NUMBER,services,M,2
2021,NUMBER,health_and_social_protection,M,33
2021,NUMBER,total,F,254
2021,NUMBER,"social_sciences,_journalism_and_information",F,71
2021,NUMBER,arts_and_humanities,F,32
2021,NUMBER,information_and_communication_technologies,F,4
2021,NUMBER,"engineering,_production_and_construction",F,18
2021,NUMBER,education,F,33
2021,NUMBER,"agriculture,_forestry,_fisheries_and_veterinary_medicine",F,17
2021,NUMBER,"business,_administration_and_law",F,10
2021,NUMBER,"natural_sciences,_mathematics_and_statistics",F,18
2021,NUMBER,services,F,2
2021,NUMBER,health_and_social_protection,F,49
2022,NUMBER,total,_T,430
2022,NUMBER,"social_sciences,_journalism_and_information",_T,85
2022,NUMBER,arts_and_humanities,_T,59
2022,NUMBER,information_and_communication_technologies,_T,9
2022,NUMBER,"engineering,_production_and_construction",_T,53
2022,NUMBER,education,_T,35
2022,NUMBER,"agriculture,_forestry,_fisheries_and_veterinary_medicine",_T,23
2022,NUMBER,"business,_administration_and_law",_T,33
2022,NUMBER,"natural_sciences,_mathematics_and_statistics",_T,22
2022,NUMBER,services,_T,10
2022,NUMBER,health_and_social_protection,_T,101
2022,NUMBER,total,M,193
2022,NUMBER,"social_sciences,_journalism_and_information",M,46
2022,NUMBER,arts_and_humanities,M,25
2022,NUMBER,information_and_communication_technologies,M,6
2022,NUMBER,"engineering,_production_and_construction",M,30
2022,NUMBER,education,M,17
2022,NUMBER,"agriculture,_forestry,_fisheries_and_veterinary_medicine",M,5
2022,NUMBER,"business,_administration_and_law",M,9
2022,NUMBER,"natural_sciences,_mathematics_and_statistics",M,7
2022,NUMBER,services,M,8
2022,NUMBER,health_and_social_protection,M,40
2022,NUMBER,total,F,237
2022,NUMBER,"social_sciences,_journalism_and_information",F,39
2022,NUMBER,arts_and_humanities,F,34
2022,NUMBER,information_and_communication_technologies,F,3
2022,NUMBER,"engineering,_production_and_construction",F,23
2022,NUMBER,education,F,18
2022,NUMBER,"agriculture,_forestry,_fisheries_and_veterinary_medicine",F,18
2022,NUMBER,"business,_administration_and_law",F,24
2022,NUMBER,"natural_sciences,_mathematics_and_statistics",F,15
2022,NUMBER,services,F,2
2022,NUMBER,health_and_social_protection,F,61
2023,NUMBER,total,_T,465
2023,NUMBER,"social_sciences,_journalism_and_information",_T,46
2023,NUMBER,arts_and_humanities,_T,71
2023,NUMBER,information_and_communication_technologies,_T,8
2023,NUMBER,"engineering,_production_and_construction",_T,53
2023,NUMBER,education,_T,49
2023,NUMBER,"agriculture,_forestry,_fisheries_and_veterinary_medicine",_T,9
2023,NUMBER,"business,_administration_and_law",_T,66
2023,NUMBER,"natural_sciences,_mathematics_and_statistics",_T,25
2023,NUMBER,services,_T,3
2023,NUMBER,health_and_social_protection,_T,135
2023,NUMBER,total,M,179
2023,NUMBER,"social_sciences,_journalism_and_information",M,11
2023,NUMBER,arts_and_humanities,M,23
2023,NUMBER,information_and_communication_technologies,M,6
2023,NUMBER,"engineering,_production_and_construction",M,32
2023,NUMBER,education,M,7
2023,NUMBER,"agriculture,_forestry,_fisheries_and_veterinary_medicine",M,6
2023,NUMBER,"business,_administration_and_law",M,24
2023,NUMBER,"natural_sciences,_mathematics_and_statistics",M,10
2023,NUMBER,services,M,2
2023,NUMBER,health_and_social_protection,M,58
2023,NUMBER,total,F,286
2023,NUMBER,"social_sciences,_journalism_and_information",F,35
2023,NUMBER,arts_and_humanities,F,48
2023,NUMBER,information_and_communication_technologies,F,2
2023,NUMBER,"engineering,_production_and_construction",F,21
2023,NUMBER,education,F,42
2023,NUMBER,"agriculture,_forestry,_fisheries_and_veterinary_medicine",F,3
2023,NUMBER,"business,_administration_and_law",F,42
2023,NUMBER,"natural_sciences,_mathematics_and_statistics",F,15
2023,NUMBER,services,F,1
2023,NUMBER,health_and_social_protection,F,77
2024,NUMBER,total,_T,475
2024,NUMBER,"social_sciences,_journalism_and_information",_T,65
2024,NUMBER,arts_and_humanities,_T,68
2024,NUMBER,information_and_communication_technologies,_T,10
2024,NUMBER,"engineering,_production_and_construction",_T,50
2024,NUMBER,education,_T,88
2024,NUMBER,"agriculture,_forestry,_fisheries_and_veterinary_medicine",_T,21
2024,NUMBER,"business,_administration_and_law",_T,31
2024,NUMBER,"natural_sciences,_mathematics_and_statistics",_T,21
2024,NUMBER,services,_T,1
2024,NUMBER,health_and_social_protection,_T,120
2024,NUMBER,total,M,181
2024,NUMBER,"social_sciences,_journalism_and_information",M,20
2024,NUMBER,arts_and_humanities,M,27
2024,NUMBER,information_and_communication_technologies,M,7
2024,NUMBER,"engineering,_production_and_construction",M,32
2024,NUMBER,education,M,21
2024,NUMBER,"agriculture,_forestry,_fisheries_and_veterinary_medicine",M,9
2024,NUMBER,"business,_administration_and_law",M,16
2024,NUMBER,"natural_sciences,_mathematics_and_statistics",M,10
2024,NUMBER,services,M,0
2024,NUMBER,health_and_social_protection,M,39
2024,NUMBER,total,F,294
2024,NUMBER,"social_sciences,_journalism_and_information",F,45
2024,NUMBER,arts_and_humanities,F,41
2024,NUMBER,information_and_communication_technologies,F,3
2024,NUMBER,"engineering,_production_and_construction",F,18
2024,NUMBER,education,F,67
2024,NUMBER,"agriculture,_forestry,_fisheries_and_veterinary_medicine",F,12
2024,NUMBER,"business,_administration_and_law",F,15
2024,NUMBER,"natural_sciences,_mathematics_and_statistics",F,11
2024,NUMBER,services,F,1
2024,NUMBER,health_and_social_protection,F,81
