Year,UNIT_MEASURE,scientific_field,SEX,Value
2017,NUMBER,total,_T,534
2017,NUMBER,"social_sciences,_journalism_and_information",_T,100
2017,NUMBER,arts_and_humanities,_T,100
2017,NUMBER,information_and_communication_technologies,_T,17
2017,NUMBER,"engineering,_production_and_construction",_T,32
2017,NUMBER,education,_T,51
2017,NUMBER,"agriculture,_forestry,_fisheries_and_veterinary_medicine",_T,20
2017,NUMBER,"business,_administration_and_law",_T,80
2017,NUMBER,"natural_sciences,_mathematics_and_statistics",_T,15
2017,NUMBER,services,_T,1
2017,NUMBER,health_and_social_protection,_T,118
2017,NUMBER,total,M,252
2017,NUMBER,"social_sciences,_journalism_and_information",M,45
2017,NUMBER,arts_and_humanities,M,49
2017,NUMBER,information_and_communication_technologies,M,14
2017,NUMBER,"engineering,_production_and_construction",M,17
2017,NUMBER,education,M,14
2017,NUMBER,"agriculture,_forestry,_fisheries_and_veterinary_medicine",M,10
2017,NUMBER,"business,_administration_and_law",M,48
2017,NUMBER,"natural_sciences,_mathematics_and_statistics",M,6
2017,NUMBER,services,M,1
2017,NUMBER,health_and_social_protection,M,48
2017,NUMBER,total,F,282
2017,NUMBER,"social_sciences,_journalism_and_information",F,55
2017,NUMBER,arts_and_humanities,F,51
2017,NUMBER,information_and_communication_technologies,F,3
2017,NUMBER,"engineering,_production_and_construction",F,15
2017,NUMBER,education,F,37
2017,NUMBER,"agriculture,_forestry,_fisheries_and_veterinary_medicine",F,10
2017,NUMBER,"business,_administration_and_law",F,32
2017,NUMBER,"natural_sciences,_mathematics_and_statistics",F,9
2017,NUMBER,services,F,0
2017,NUMBER,health_and_social_protection,F,70
2018,NUMBER,total,_T,530
2018,NUMBER,"social_sciences,_journalism_and_information",_T,101
2018,NUMBER,arts_and_humanities,_T,76
2018,NUMBER,information_and_communication_technologies,_T,22
2018,NUMBER,"engineering,_production_and_construction",_T,33
2018,NUMBER,education,_T,55
2018,NUMBER,"agriculture,_forestry,_fisheries_and_veterinary_medicine",_T,27
2018,NUMBER,"business,_administration_and_law",_T,67
2018,NUMBER,"natural_sciences,_mathematics_and_statistics",_T,23
2018,NUMBER,services,_T,3
2018,NUMBER,health_and_social_protection,_T,123
2018,NUMBER,total,M,322
2018,NUMBER,"social_sciences,_journalism_and_information",M,64
2018,NUMBER,arts_and_humanities,M,46
2018,NUMBER,information_and_communication_technologies,M,5
2018,NUMBER,"engineering,_production_and_construction",M,17
2018,NUMBER,education,M,35
2018,NUMBER,"agriculture,_forestry,_fisheries_and_veterinary_medicine",M,13
2018,NUMBER,"business,_administration_and_law",M,36
2018,NUMBER,"natural_sciences,_mathematics_and_statistics",M,18
2018,NUMBER,services,M,3
2018,NUMBER,health_and_social_protection,M,85
2018,NUMBER,total,F,208
2018,NUMBER,"social_sciences,_journalism_and_information",F,37
2018,NUMBER,arts_and_humanities,F,30
2018,NUMBER,information_and_communication_technologies,F,17
2018,NUMBER,"engineering,_production_and_construction",F,16
2018,NUMBER,education,F,20
2018,NUMBER,"agriculture,_forestry,_fisheries_and_veterinary_medicine",F,14
2018,NUMBER,"business,_administration_and_law",F,31
2018,NUMBER,"natural_sciences,_mathematics_and_statistics",F,5
2018,NUMBER,services,F,0
2018,NUMBER,health_and_social_protection,F,38
2019,NUMBER,total,_T,466
2019,NUMBER,"social_sciences,_journalism_and_information",_T,148
2019,NUMBER,arts_and_humanities,_T,59
2019,NUMBER,information_and_communication_technologies,_T,10
2019,NUMBER,"engineering,_production_and_construction",_T,30
2019,NUMBER,education,_T,48
2019,NUMBER,"agriculture,_forestry,_fisheries_and_veterinary_medicine",_T,11
2019,NUMBER,"business,_administration_and_law",_T,35
2019,NUMBER,"natural_sciences,_mathematics_and_statistics",_T,24
2019,NUMBER,services,_T,1
2019,NUMBER,health_and_social_protection,_T,100
2019,NUMBER,total,M,188
2019,NUMBER,"social_sciences,_journalism_and_information",M,65
2019,NUMBER,arts_and_humanities,M,21
2019,NUMBER,information_and_communication_technologies,M,6
2019,NUMBER,"engineering,_production_and_construction",M,12
2019,NUMBER,education,M,12
2019,NUMBER,"agriculture,_forestry,_fisheries_and_veterinary_medicine",M,4
2019,NUMBER,"business,_administration_and_law",M,22
2019,NUMBER,"natural_sciences,_mathematics_and_statistics",M,9
2019,NUMBER,services,M,1
2019,NUMBER,health_and_social_protection,M,36
2019,NUMBER,total,F,278
2019,NUMBER,"social_sciences,_journalism_and_information",F,83
2019,NUMBER,arts_and_humanities,F,38
2019,NUMBER,information_and_communication_technologies,F,4
2019,NUMBER,"engineering,_production_and_construction",F,18
2019,NUMBER,education,F,36
2019,NUMBER,"agriculture,_forestry,_fisheries_and_veterinary_medicine",F,7
2019,NUMBER,"business,_administration_and_law",F,13
2019,NUMBER,"natural_sciences,_mathematics_and_statistics",F,15
2019,NUMBER,services,F,0
2019,NUMBER,health_and_social_protection,F,64
2020,NUMBER,total,_T,384
2020,NUMBER,"social_sciences,_journalism_and_information",_T,86
2020,NUMBER,arts_and_humanities,_T,65
2020,NUMBER,information_and_communication_technologies,_T,11
2020,NUMBER,"engineering,_production_and_construction",_T,30
2020,NUMBER,education,_T,29
2020,NUMBER,"agriculture,_forestry,_fisheries_and_veterinary_medicine",_T,20
2020,NUMBER,"business,_administration_and_law",_T,28
2020,NUMBER,"natural_sciences,_mathematics_and_statistics",_T,20
2020,NUMBER,services,_T,0
2020,NUMBER,health_and_social_protection,_T,95
2020,NUMBER,total,M,156
2020,NUMBER,"social_sciences,_journalism_and_information",M,41
2020,NUMBER,arts_and_humanities,M,20
2020,NUMBER,information_and_communication_technologies,M,9
2020,NUMBER,"engineering,_production_and_construction",M,15
2020,NUMBER,education,M,7
2020,NUMBER,"agriculture,_forestry,_fisheries_and_veterinary_medicine",M,13
2020,NUMBER,"business,_administration_and_law",M,13
2020,NUMBER,"natural_sciences,_mathematics_and_statistics",M,6
2020,NUMBER,services,M,0
2020,NUMBER,health_and_social_protection,M,32
2020,NUMBER,total,F,228
2020,NUMBER,"social_sciences,_journalism_and_information",F,45
2020,NUMBER,arts_and_humanities,F,45
2020,NUMBER,information_and_communication_technologies,F,2
2020,NUMBER,"engineering,_production_and_construction",F,15
2020,NUMBER,education,F,22
2020,NUMBER,"agriculture,_forestry,_fisheries_and_veterinary_medicine",F,7
2020,NUMBER,"business,_administration_and_law",F,15
2020,NUMBER,"natural_sciences,_mathematics_and_statistics",F,14
2020,NUMBER,services,F,0
2020,NUMBER,health_and_social_protection,F,63
2021,NUMBER,total,_T,435
2021,NUMBER,"social_sciences,_journalism_and_information",_T,117
2021,NUMBER,arts_and_humanities,_T,64
2021,NUMBER,information_and_communication_technologies,_T,9
2021,NUMBER,"engineering,_production_and_construction",_T,37
2021,NUMBER,education,_T,46
2021,NUMBER,"agriculture,_forestry,_fisheries_and_veterinary_medicine",_T,28
2021,NUMBER,"business,_administration_and_law",_T,28
2021,NUMBER,"natural_sciences,_mathematics_and_statistics",_T,20
2021,NUMBER,services,_T,4
2021,NUMBER,health_and_social_protection,_T,82
2021,NUMBER,total,M,181
2021,NUMBER,"social_sciences,_journalism_and_information",M,46
2021,NUMBER,arts_and_humanities,M,32
2021,NUMBER,information_and_communication_technologies,M,5
2021,NUMBER,"engineering,_production_and_construction",M,19
2021,NUMBER,education,M,13
2021,NUMBER,"agriculture,_forestry,_fisheries_and_veterinary_medicine",M,11
2021,NUMBER,"business,_administration_and_law",M,18
2021,NUMBER,"natural_sciences,_mathematics_and_statistics",M,2
2021,NUMBER,services,M,2
2021,NUMBER,health_and_social_protection,M,33
2021,NUMBER,total,F,254
2021,NUMBER,"social_sciences,_journalism_and_information",F,71
2021,NUMBER,arts_and_humanities,F,32
2021,NUMBER,information_and_communication_technologies,F,4
2021,NUMBER,"engineering,_production_and_construction",F,18
2021,NUMBER,education,F,33
2021,NUMBER,"agriculture,_forestry,_fisheries_and_veterinary_medicine",F,17
2021,NUMBER,"business,_administration_and_law",F,10
2021,NUMBER,"natural_sciences,_mathematics_and_statistics",F,18
2021,NUMBER,services,F,2
2021,NUMBER,health_and_social_protection,F,49
