Year,UNIT_MEASURE,Spol,Uzrok smrti (prema šiframa bolesti po MKB-10),Value
2003,Broj,Oba spola,Ukupno,12988
2004,Broj,Oba spola,Ukupno,13082
2005,Broj,Oba spola,Ukupno,13802
2006,Broj,Oba spola,Ukupno,13232
2007,Broj,Oba spola,Ukupno,14146
2008,Broj,Oba spola,Ukupno,13501
2009,Broj,Oba spola,Ukupno,13775
2010,Broj,Oba spola,Ukupno,13517
2011,Broj,Oba spola,Ukupno,13658
2012,Broj,Oba spola,Ukupno,13796
2013,Broj,Oba spola,Ukupno,13978
2014,Broj,Oba spola,Ukupno,14409
2015,Broj,Oba spola,Ukupno,15059
2016,Broj,Oba spola,Ukupno,13970
2017,Broj,Oba spola,Ukupno,14663
2018,Broj,Oba spola,Ukupno,14763
2019,Broj,Oba spola,Ukupno,15081
2020,Broj,Oba spola,Ukupno,16582
2003,Broj,M,Ukupno,6804
2004,Broj,M,Ukupno,6735
2005,Broj,M,Ukupno,7239
2006,Broj,M,Ukupno,6904
2007,Broj,M,Ukupno,7302
2008,Broj,M,Ukupno,7058
2009,Broj,M,Ukupno,7099
2010,Broj,M,Ukupno,6935
2011,Broj,M,Ukupno,7001
2012,Broj,M,Ukupno,7064
2013,Broj,M,Ukupno,7237
2014,Broj,M,Ukupno,7386
2015,Broj,M,Ukupno,7640
2016,Broj,M,Ukupno,7198
2017,Broj,M,Ukupno,7363
2018,Broj,M,Ukupno,7449
2019,Broj,M,Ukupno,7753
2020,Broj,M,Ukupno,8613
2003,Broj,M,infectious_and_parasitic_diseases,59
2004,Broj,M,infectious_and_parasitic_diseases,75
2005,Broj,M,infectious_and_parasitic_diseases,78
2006,Broj,M,infectious_and_parasitic_diseases,73
2007,Broj,M,infectious_and_parasitic_diseases,70
2008,Broj,M,infectious_and_parasitic_diseases,72
2009,Broj,M,infectious_and_parasitic_diseases,75
2010,Broj,M,infectious_and_parasitic_diseases,72
2011,Broj,M,infectious_and_parasitic_diseases,79
2012,Broj,M,infectious_and_parasitic_diseases,69
2013,Broj,M,infectious_and_parasitic_diseases,73
2014,Broj,M,infectious_and_parasitic_diseases,80
2015,Broj,M,infectious_and_parasitic_diseases,92
2016,Broj,M,infectious_and_parasitic_diseases,104
2017,Broj,M,infectious_and_parasitic_diseases,85
2018,Broj,M,infectious_and_parasitic_diseases,109
2019,Broj,M,infectious_and_parasitic_diseases,119
2020,Broj,M,infectious_and_parasitic_diseases,87
2003,Broj,M,"(C00-C97,D00-D48) Neoplazme",1461
2004,Broj,M,"(C00-C97,D00-D48) Neoplazme",1402
2005,Broj,M,"(C00-C97,D00-D48) Neoplazme",1581
2006,Broj,M,"(C00-C97,D00-D48) Neoplazme",1536
2007,Broj,M,"(C00-C97,D00-D48) Neoplazme",1624
2008,Broj,M,"(C00-C97,D00-D48) Neoplazme",1658
2009,Broj,M,"(C00-C97,D00-D48) Neoplazme",1661
2010,Broj,M,"(C00-C97,D00-D48) Neoplazme",1595
2011,Broj,M,"(C00-C97,D00-D48) Neoplazme",1684
2012,Broj,M,"(C00-C97,D00-D48) Neoplazme",1754
2013,Broj,M,"(C00-C97,D00-D48) Neoplazme",1859
2014,Broj,M,"(C00-C97,D00-D48) Neoplazme",1801
2015,Broj,M,"(C00-C97,D00-D48) Neoplazme",1783
2016,Broj,M,"(C00-C97,D00-D48) Neoplazme",1739
2017,Broj,M,"(C00-C97,D00-D48) Neoplazme",1759
2018,Broj,M,"(C00-C97,D00-D48) Neoplazme",1729
2019,Broj,M,"(C00-C97,D00-D48) Neoplazme",1705
2020,Broj,M,"(C00-C97,D00-D48) Neoplazme",1622
2003,Broj,M,diseases_of_the_blood_and_blood_forming_organs,6
2004,Broj,M,diseases_of_the_blood_and_blood_forming_organs,2
2005,Broj,M,diseases_of_the_blood_and_blood_forming_organs,5
2006,Broj,M,diseases_of_the_blood_and_blood_forming_organs,2
2007,Broj,M,diseases_of_the_blood_and_blood_forming_organs,6
2008,Broj,M,diseases_of_the_blood_and_blood_forming_organs,3
2009,Broj,M,diseases_of_the_blood_and_blood_forming_organs,4
2010,Broj,M,diseases_of_the_blood_and_blood_forming_organs,5
2011,Broj,M,diseases_of_the_blood_and_blood_forming_organs,7
2012,Broj,M,diseases_of_the_blood_and_blood_forming_organs,9
2013,Broj,M,diseases_of_the_blood_and_blood_forming_organs,8
2014,Broj,M,diseases_of_the_blood_and_blood_forming_organs,2
2015,Broj,M,diseases_of_the_blood_and_blood_forming_organs,9
2016,Broj,M,diseases_of_the_blood_and_blood_forming_organs,9
2017,Broj,M,diseases_of_the_blood_and_blood_forming_organs,3
2018,Broj,M,diseases_of_the_blood_and_blood_forming_organs,18
2019,Broj,M,diseases_of_the_blood_and_blood_forming_organs,8
2020,Broj,M,diseases_of_the_blood_and_blood_forming_organs,12
2003,Broj,M,diseases_of_the_endocrine_glands_nutrition_and_metabolism,71
2004,Broj,M,diseases_of_the_endocrine_glands_nutrition_and_metabolism,68
2005,Broj,M,diseases_of_the_endocrine_glands_nutrition_and_metabolism,286
2006,Broj,M,diseases_of_the_endocrine_glands_nutrition_and_metabolism,306
2007,Broj,M,diseases_of_the_endocrine_glands_nutrition_and_metabolism,349
2008,Broj,M,diseases_of_the_endocrine_glands_nutrition_and_metabolism,310
2009,Broj,M,diseases_of_the_endocrine_glands_nutrition_and_metabolism,361
2010,Broj,M,diseases_of_the_endocrine_glands_nutrition_and_metabolism,289
2011,Broj,M,diseases_of_the_endocrine_glands_nutrition_and_metabolism,257
2012,Broj,M,diseases_of_the_endocrine_glands_nutrition_and_metabolism,211
2013,Broj,M,diseases_of_the_endocrine_glands_nutrition_and_metabolism,341
2014,Broj,M,diseases_of_the_endocrine_glands_nutrition_and_metabolism,411
2015,Broj,M,diseases_of_the_endocrine_glands_nutrition_and_metabolism,362
2016,Broj,M,diseases_of_the_endocrine_glands_nutrition_and_metabolism,313
2017,Broj,M,diseases_of_the_endocrine_glands_nutrition_and_metabolism,373
2018,Broj,M,diseases_of_the_endocrine_glands_nutrition_and_metabolism,386
2019,Broj,M,diseases_of_the_endocrine_glands_nutrition_and_metabolism,261
2020,Broj,M,diseases_of_the_endocrine_glands_nutrition_and_metabolism,340
2003,Broj,M,mental_disorders_and_behavioral_disorders,24
2004,Broj,M,mental_disorders_and_behavioral_disorders,46
2005,Broj,M,mental_disorders_and_behavioral_disorders,64
2006,Broj,M,mental_disorders_and_behavioral_disorders,67
2007,Broj,M,mental_disorders_and_behavioral_disorders,87
2008,Broj,M,mental_disorders_and_behavioral_disorders,82
2009,Broj,M,mental_disorders_and_behavioral_disorders,92
2010,Broj,M,mental_disorders_and_behavioral_disorders,73
2011,Broj,M,mental_disorders_and_behavioral_disorders,58
2012,Broj,M,mental_disorders_and_behavioral_disorders,46
2013,Broj,M,mental_disorders_and_behavioral_disorders,64
2014,Broj,M,mental_disorders_and_behavioral_disorders,63
2015,Broj,M,mental_disorders_and_behavioral_disorders,44
2016,Broj,M,mental_disorders_and_behavioral_disorders,72
2017,Broj,M,mental_disorders_and_behavioral_disorders,70
2018,Broj,M,mental_disorders_and_behavioral_disorders,55
2019,Broj,M,mental_disorders_and_behavioral_disorders,50
2020,Broj,M,mental_disorders_and_behavioral_disorders,43
2003,Broj,M,diseases_of_the_nervous_system,39
2004,Broj,M,diseases_of_the_nervous_system,53
2005,Broj,M,diseases_of_the_nervous_system,86
2006,Broj,M,diseases_of_the_nervous_system,111
2007,Broj,M,diseases_of_the_nervous_system,85
2008,Broj,M,diseases_of_the_nervous_system,91
2009,Broj,M,diseases_of_the_nervous_system,78
2010,Broj,M,diseases_of_the_nervous_system,76
2011,Broj,M,diseases_of_the_nervous_system,112
2012,Broj,M,diseases_of_the_nervous_system,105
2013,Broj,M,diseases_of_the_nervous_system,98
2014,Broj,M,diseases_of_the_nervous_system,97
2015,Broj,M,diseases_of_the_nervous_system,106
2016,Broj,M,diseases_of_the_nervous_system,96
2017,Broj,M,diseases_of_the_nervous_system,102
2018,Broj,M,diseases_of_the_nervous_system,82
2019,Broj,M,diseases_of_the_nervous_system,84
2020,Broj,M,diseases_of_the_nervous_system,91
2003,Broj,M,eye_diseases_and_eye_soldering_disease,0
2004,Broj,M,eye_diseases_and_eye_soldering_disease,0
2005,Broj,M,eye_diseases_and_eye_soldering_disease,0
2006,Broj,M,eye_diseases_and_eye_soldering_disease,0
2007,Broj,M,eye_diseases_and_eye_soldering_disease,0
2008,Broj,M,eye_diseases_and_eye_soldering_disease,0
2009,Broj,M,eye_diseases_and_eye_soldering_disease,0
2010,Broj,M,eye_diseases_and_eye_soldering_disease,0
2011,Broj,M,eye_diseases_and_eye_soldering_disease,0
2012,Broj,M,eye_diseases_and_eye_soldering_disease,0
2013,Broj,M,eye_diseases_and_eye_soldering_disease,0
2014,Broj,M,eye_diseases_and_eye_soldering_disease,0
2015,Broj,M,eye_diseases_and_eye_soldering_disease,0
2016,Broj,M,eye_diseases_and_eye_soldering_disease,0
2017,Broj,M,eye_diseases_and_eye_soldering_disease,0
2018,Broj,M,eye_diseases_and_eye_soldering_disease,0
2019,Broj,M,eye_diseases_and_eye_soldering_disease,0
2020,Broj,M,eye_diseases_and_eye_soldering_disease,0
2003,Broj,M,diseases_of_ear_and_mastoid_process,0
2004,Broj,M,diseases_of_ear_and_mastoid_process,0
2005,Broj,M,diseases_of_ear_and_mastoid_process,1
2006,Broj,M,diseases_of_ear_and_mastoid_process,0
2007,Broj,M,diseases_of_ear_and_mastoid_process,1
2008,Broj,M,diseases_of_ear_and_mastoid_process,0
2009,Broj,M,diseases_of_ear_and_mastoid_process,0
2010,Broj,M,diseases_of_ear_and_mastoid_process,0
2011,Broj,M,diseases_of_ear_and_mastoid_process,0
2012,Broj,M,diseases_of_ear_and_mastoid_process,0
2013,Broj,M,diseases_of_ear_and_mastoid_process,0
2014,Broj,M,diseases_of_ear_and_mastoid_process,0
2015,Broj,M,diseases_of_ear_and_mastoid_process,0
2016,Broj,M,diseases_of_ear_and_mastoid_process,0
2017,Broj,M,diseases_of_ear_and_mastoid_process,0
2018,Broj,M,diseases_of_ear_and_mastoid_process,0
2019,Broj,M,diseases_of_ear_and_mastoid_process,0
2020,Broj,M,diseases_of_ear_and_mastoid_process,0
2003,Broj,M,diseases_of_the_circulatory_system,3323
2004,Broj,M,diseases_of_the_circulatory_system,3383
2005,Broj,M,diseases_of_the_circulatory_system,3325
2006,Broj,M,diseases_of_the_circulatory_system,3005
2007,Broj,M,diseases_of_the_circulatory_system,3233
2008,Broj,M,diseases_of_the_circulatory_system,3209
2009,Broj,M,diseases_of_the_circulatory_system,3271
2010,Broj,M,diseases_of_the_circulatory_system,3285
2011,Broj,M,diseases_of_the_circulatory_system,3330
2012,Broj,M,diseases_of_the_circulatory_system,3516
2013,Broj,M,diseases_of_the_circulatory_system,3062
2014,Broj,M,diseases_of_the_circulatory_system,3142
2015,Broj,M,diseases_of_the_circulatory_system,3311
2016,Broj,M,diseases_of_the_circulatory_system,3177
2017,Broj,M,diseases_of_the_circulatory_system,3220
2018,Broj,M,diseases_of_the_circulatory_system,3084
2019,Broj,M,diseases_of_the_circulatory_system,3440
2020,Broj,M,diseases_of_the_circulatory_system,3452
2003,Broj,M,diseases_of_the_respiratory_system,184
2004,Broj,M,diseases_of_the_respiratory_system,211
2005,Broj,M,diseases_of_the_respiratory_system,284
2006,Broj,M,diseases_of_the_respiratory_system,292
2007,Broj,M,diseases_of_the_respiratory_system,282
2008,Broj,M,diseases_of_the_respiratory_system,276
2009,Broj,M,diseases_of_the_respiratory_system,254
2010,Broj,M,diseases_of_the_respiratory_system,277
2011,Broj,M,diseases_of_the_respiratory_system,303
2012,Broj,M,diseases_of_the_respiratory_system,263
2013,Broj,M,diseases_of_the_respiratory_system,334
2014,Broj,M,diseases_of_the_respiratory_system,315
2015,Broj,M,diseases_of_the_respiratory_system,370
2016,Broj,M,diseases_of_the_respiratory_system,306
2017,Broj,M,diseases_of_the_respiratory_system,333
2018,Broj,M,diseases_of_the_respiratory_system,344
2019,Broj,M,diseases_of_the_respiratory_system,338
2020,Broj,M,diseases_of_the_respiratory_system,377
2003,Broj,M,diseases_of_the_digestive_system,216
2004,Broj,M,diseases_of_the_digestive_system,206
2005,Broj,M,diseases_of_the_digestive_system,219
2006,Broj,M,diseases_of_the_digestive_system,233
2007,Broj,M,diseases_of_the_digestive_system,249
2008,Broj,M,diseases_of_the_digestive_system,235
2009,Broj,M,diseases_of_the_digestive_system,223
2010,Broj,M,diseases_of_the_digestive_system,242
2011,Broj,M,diseases_of_the_digestive_system,255
2012,Broj,M,diseases_of_the_digestive_system,248
2013,Broj,M,diseases_of_the_digestive_system,219
2014,Broj,M,diseases_of_the_digestive_system,241
2015,Broj,M,diseases_of_the_digestive_system,249
2016,Broj,M,diseases_of_the_digestive_system,265
2017,Broj,M,diseases_of_the_digestive_system,229
2018,Broj,M,diseases_of_the_digestive_system,290
2019,Broj,M,diseases_of_the_digestive_system,239
2020,Broj,M,diseases_of_the_digestive_system,269
2003,Broj,M,skin_and_subcutaneous_tissue_disorders,0
2004,Broj,M,skin_and_subcutaneous_tissue_disorders,0
2005,Broj,M,skin_and_subcutaneous_tissue_disorders,0
2006,Broj,M,skin_and_subcutaneous_tissue_disorders,0
2007,Broj,M,skin_and_subcutaneous_tissue_disorders,0
2008,Broj,M,skin_and_subcutaneous_tissue_disorders,0
2009,Broj,M,skin_and_subcutaneous_tissue_disorders,1
2010,Broj,M,skin_and_subcutaneous_tissue_disorders,4
2011,Broj,M,skin_and_subcutaneous_tissue_disorders,0
2012,Broj,M,skin_and_subcutaneous_tissue_disorders,3
2013,Broj,M,skin_and_subcutaneous_tissue_disorders,9
2014,Broj,M,skin_and_subcutaneous_tissue_disorders,13
2015,Broj,M,skin_and_subcutaneous_tissue_disorders,7
2016,Broj,M,skin_and_subcutaneous_tissue_disorders,7
2017,Broj,M,skin_and_subcutaneous_tissue_disorders,5
2018,Broj,M,skin_and_subcutaneous_tissue_disorders,12
2019,Broj,M,skin_and_subcutaneous_tissue_disorders,7
2020,Broj,M,skin_and_subcutaneous_tissue_disorders,13
2003,Broj,M,diseases_of_the_musculoskeletal_system_and_connective_tissue,3
2004,Broj,M,diseases_of_the_musculoskeletal_system_and_connective_tissue,1
2005,Broj,M,diseases_of_the_musculoskeletal_system_and_connective_tissue,5
2006,Broj,M,diseases_of_the_musculoskeletal_system_and_connective_tissue,1
2007,Broj,M,diseases_of_the_musculoskeletal_system_and_connective_tissue,4
2008,Broj,M,diseases_of_the_musculoskeletal_system_and_connective_tissue,3
2009,Broj,M,diseases_of_the_musculoskeletal_system_and_connective_tissue,2
2010,Broj,M,diseases_of_the_musculoskeletal_system_and_connective_tissue,3
2011,Broj,M,diseases_of_the_musculoskeletal_system_and_connective_tissue,4
2012,Broj,M,diseases_of_the_musculoskeletal_system_and_connective_tissue,4
2013,Broj,M,diseases_of_the_musculoskeletal_system_and_connective_tissue,9
2014,Broj,M,diseases_of_the_musculoskeletal_system_and_connective_tissue,8
2015,Broj,M,diseases_of_the_musculoskeletal_system_and_connective_tissue,12
2016,Broj,M,diseases_of_the_musculoskeletal_system_and_connective_tissue,6
2017,Broj,M,diseases_of_the_musculoskeletal_system_and_connective_tissue,8
2018,Broj,M,diseases_of_the_musculoskeletal_system_and_connective_tissue,4
2019,Broj,M,diseases_of_the_musculoskeletal_system_and_connective_tissue,4
2020,Broj,M,diseases_of_the_musculoskeletal_system_and_connective_tissue,7
2003,Broj,M,diseases_of_the_genitourinary_system,123
2004,Broj,M,diseases_of_the_genitourinary_system,113
2005,Broj,M,diseases_of_the_genitourinary_system,160
2006,Broj,M,diseases_of_the_genitourinary_system,152
2007,Broj,M,diseases_of_the_genitourinary_system,163
2008,Broj,M,diseases_of_the_genitourinary_system,155
2009,Broj,M,diseases_of_the_genitourinary_system,139
2010,Broj,M,diseases_of_the_genitourinary_system,140
2011,Broj,M,diseases_of_the_genitourinary_system,101
2012,Broj,M,diseases_of_the_genitourinary_system,116
2013,Broj,M,diseases_of_the_genitourinary_system,121
2014,Broj,M,diseases_of_the_genitourinary_system,73
2015,Broj,M,diseases_of_the_genitourinary_system,93
2016,Broj,M,diseases_of_the_genitourinary_system,117
2017,Broj,M,diseases_of_the_genitourinary_system,96
2018,Broj,M,diseases_of_the_genitourinary_system,117
2019,Broj,M,diseases_of_the_genitourinary_system,104
2020,Broj,M,diseases_of_the_genitourinary_system,113
2003,Broj,M,certain_conditions_occurred_in_the_perinatal_period,23
2004,Broj,M,certain_conditions_occurred_in_the_perinatal_period,28
2005,Broj,M,certain_conditions_occurred_in_the_perinatal_period,17
2006,Broj,M,certain_conditions_occurred_in_the_perinatal_period,26
2007,Broj,M,certain_conditions_occurred_in_the_perinatal_period,15
2008,Broj,M,certain_conditions_occurred_in_the_perinatal_period,12
2009,Broj,M,certain_conditions_occurred_in_the_perinatal_period,22
2010,Broj,M,certain_conditions_occurred_in_the_perinatal_period,13
2011,Broj,M,certain_conditions_occurred_in_the_perinatal_period,20
2012,Broj,M,certain_conditions_occurred_in_the_perinatal_period,18
2013,Broj,M,certain_conditions_occurred_in_the_perinatal_period,13
2014,Broj,M,certain_conditions_occurred_in_the_perinatal_period,7
2015,Broj,M,certain_conditions_occurred_in_the_perinatal_period,2
2016,Broj,M,certain_conditions_occurred_in_the_perinatal_period,13
2017,Broj,M,certain_conditions_occurred_in_the_perinatal_period,7
2018,Broj,M,certain_conditions_occurred_in_the_perinatal_period,3
2019,Broj,M,certain_conditions_occurred_in_the_perinatal_period,6
2020,Broj,M,certain_conditions_occurred_in_the_perinatal_period,16
2003,Broj,M,congenital_anomalies_deformities_and_chromosomal_abnormalities,7
2004,Broj,M,congenital_anomalies_deformities_and_chromosomal_abnormalities,10
2005,Broj,M,congenital_anomalies_deformities_and_chromosomal_abnormalities,6
2006,Broj,M,congenital_anomalies_deformities_and_chromosomal_abnormalities,7
2007,Broj,M,congenital_anomalies_deformities_and_chromosomal_abnormalities,8
2008,Broj,M,congenital_anomalies_deformities_and_chromosomal_abnormalities,5
2009,Broj,M,congenital_anomalies_deformities_and_chromosomal_abnormalities,7
2010,Broj,M,congenital_anomalies_deformities_and_chromosomal_abnormalities,10
2011,Broj,M,congenital_anomalies_deformities_and_chromosomal_abnormalities,7
2012,Broj,M,congenital_anomalies_deformities_and_chromosomal_abnormalities,5
2013,Broj,M,congenital_anomalies_deformities_and_chromosomal_abnormalities,7
2014,Broj,M,congenital_anomalies_deformities_and_chromosomal_abnormalities,3
2015,Broj,M,congenital_anomalies_deformities_and_chromosomal_abnormalities,3
2016,Broj,M,congenital_anomalies_deformities_and_chromosomal_abnormalities,3
2017,Broj,M,congenital_anomalies_deformities_and_chromosomal_abnormalities,4
2018,Broj,M,congenital_anomalies_deformities_and_chromosomal_abnormalities,2
2019,Broj,M,congenital_anomalies_deformities_and_chromosomal_abnormalities,0
2020,Broj,M,congenital_anomalies_deformities_and_chromosomal_abnormalities,3
2003,Broj,M,symptoms_signs_and_abnormal_clinical_and_laboratory_findings,821
2004,Broj,M,symptoms_signs_and_abnormal_clinical_and_laboratory_findings,726
2005,Broj,M,symptoms_signs_and_abnormal_clinical_and_laboratory_findings,659
2006,Broj,M,symptoms_signs_and_abnormal_clinical_and_laboratory_findings,627
2007,Broj,M,symptoms_signs_and_abnormal_clinical_and_laboratory_findings,638
2008,Broj,M,symptoms_signs_and_abnormal_clinical_and_laboratory_findings,496
2009,Broj,M,symptoms_signs_and_abnormal_clinical_and_laboratory_findings,485
2010,Broj,M,symptoms_signs_and_abnormal_clinical_and_laboratory_findings,446
2011,Broj,M,symptoms_signs_and_abnormal_clinical_and_laboratory_findings,302
2012,Broj,M,symptoms_signs_and_abnormal_clinical_and_laboratory_findings,277
2013,Broj,M,symptoms_signs_and_abnormal_clinical_and_laboratory_findings,643
2014,Broj,M,symptoms_signs_and_abnormal_clinical_and_laboratory_findings,718
2015,Broj,M,symptoms_signs_and_abnormal_clinical_and_laboratory_findings,780
2016,Broj,M,symptoms_signs_and_abnormal_clinical_and_laboratory_findings,598
2017,Broj,M,symptoms_signs_and_abnormal_clinical_and_laboratory_findings,720
2018,Broj,M,symptoms_signs_and_abnormal_clinical_and_laboratory_findings,844
2019,Broj,M,symptoms_signs_and_abnormal_clinical_and_laboratory_findings,1048
2020,Broj,M,symptoms_signs_and_abnormal_clinical_and_laboratory_findings,834
2003,Broj,M,injuries_poisonings_and_consequences_of_external_factors,444
2004,Broj,M,injuries_poisonings_and_consequences_of_external_factors,411
2005,Broj,M,injuries_poisonings_and_consequences_of_external_factors,463
2006,Broj,M,injuries_poisonings_and_consequences_of_external_factors,466
2007,Broj,M,injuries_poisonings_and_consequences_of_external_factors,488
2008,Broj,M,injuries_poisonings_and_consequences_of_external_factors,451
2009,Broj,M,injuries_poisonings_and_consequences_of_external_factors,424
2010,Broj,M,injuries_poisonings_and_consequences_of_external_factors,405
2011,Broj,M,injuries_poisonings_and_consequences_of_external_factors,482
2012,Broj,M,injuries_poisonings_and_consequences_of_external_factors,420
2013,Broj,M,injuries_poisonings_and_consequences_of_external_factors,377
2014,Broj,M,injuries_poisonings_and_consequences_of_external_factors,412
2015,Broj,M,injuries_poisonings_and_consequences_of_external_factors,417
2016,Broj,M,injuries_poisonings_and_consequences_of_external_factors,373
2017,Broj,M,injuries_poisonings_and_consequences_of_external_factors,349
2018,Broj,M,injuries_poisonings_and_consequences_of_external_factors,370
2019,Broj,M,injuries_poisonings_and_consequences_of_external_factors,340
2020,Broj,M,injuries_poisonings_and_consequences_of_external_factors,304
2003,Broj,M,special_purpose_codes,0
2004,Broj,M,special_purpose_codes,0
2005,Broj,M,special_purpose_codes,0
2006,Broj,M,special_purpose_codes,0
2007,Broj,M,special_purpose_codes,0
2008,Broj,M,special_purpose_codes,0
2009,Broj,M,special_purpose_codes,0
2010,Broj,M,special_purpose_codes,0
2011,Broj,M,special_purpose_codes,0
2012,Broj,M,special_purpose_codes,0
2013,Broj,M,special_purpose_codes,0
2014,Broj,M,special_purpose_codes,0
2015,Broj,M,special_purpose_codes,0
2016,Broj,M,special_purpose_codes,0
2017,Broj,M,special_purpose_codes,0
2018,Broj,M,special_purpose_codes,0
2019,Broj,M,special_purpose_codes,0
2020,Broj,M,special_purpose_codes,1030
2003,Broj,Ž,Ukupno,6184
2004,Broj,Ž,Ukupno,6347
2005,Broj,Ž,Ukupno,6563
2006,Broj,Ž,Ukupno,6328
2007,Broj,Ž,Ukupno,6844
2008,Broj,Ž,Ukupno,6443
2009,Broj,Ž,Ukupno,6676
2010,Broj,Ž,Ukupno,6582
2011,Broj,Ž,Ukupno,6657
2012,Broj,Ž,Ukupno,6732
2013,Broj,Ž,Ukupno,6741
2014,Broj,Ž,Ukupno,7023
2015,Broj,Ž,Ukupno,7419
2016,Broj,Ž,Ukupno,6772
2017,Broj,Ž,Ukupno,7300
2018,Broj,Ž,Ukupno,7314
2019,Broj,Ž,Ukupno,7328
2020,Broj,Ž,Ukupno,7969
2003,Broj,Ž,infectious_and_parasitic_diseases,30
2004,Broj,Ž,infectious_and_parasitic_diseases,49
2005,Broj,Ž,infectious_and_parasitic_diseases,50
2006,Broj,Ž,infectious_and_parasitic_diseases,38
2007,Broj,Ž,infectious_and_parasitic_diseases,33
2008,Broj,Ž,infectious_and_parasitic_diseases,46
2009,Broj,Ž,infectious_and_parasitic_diseases,43
2010,Broj,Ž,infectious_and_parasitic_diseases,37
2011,Broj,Ž,infectious_and_parasitic_diseases,38
2012,Broj,Ž,infectious_and_parasitic_diseases,66
2013,Broj,Ž,infectious_and_parasitic_diseases,47
2014,Broj,Ž,infectious_and_parasitic_diseases,56
2015,Broj,Ž,infectious_and_parasitic_diseases,67
2016,Broj,Ž,infectious_and_parasitic_diseases,83
2017,Broj,Ž,infectious_and_parasitic_diseases,62
2018,Broj,Ž,infectious_and_parasitic_diseases,75
2019,Broj,Ž,infectious_and_parasitic_diseases,81
2020,Broj,Ž,infectious_and_parasitic_diseases,75
2003,Broj,Ž,"(C00-C97,D00-D48) Neoplazme",950
2004,Broj,Ž,"(C00-C97,D00-D48) Neoplazme",928
2005,Broj,Ž,"(C00-C97,D00-D48) Neoplazme",1072
2006,Broj,Ž,"(C00-C97,D00-D48) Neoplazme",1015
2007,Broj,Ž,"(C00-C97,D00-D48) Neoplazme",1109
2008,Broj,Ž,"(C00-C97,D00-D48) Neoplazme",1075
2009,Broj,Ž,"(C00-C97,D00-D48) Neoplazme",1161
2010,Broj,Ž,"(C00-C97,D00-D48) Neoplazme",1105
2011,Broj,Ž,"(C00-C97,D00-D48) Neoplazme",1118
2012,Broj,Ž,"(C00-C97,D00-D48) Neoplazme",1183
2013,Broj,Ž,"(C00-C97,D00-D48) Neoplazme",1231
2014,Broj,Ž,"(C00-C97,D00-D48) Neoplazme",1353
2015,Broj,Ž,"(C00-C97,D00-D48) Neoplazme",1355
2016,Broj,Ž,"(C00-C97,D00-D48) Neoplazme",1209
2017,Broj,Ž,"(C00-C97,D00-D48) Neoplazme",1268
2018,Broj,Ž,"(C00-C97,D00-D48) Neoplazme",1209
2019,Broj,Ž,"(C00-C97,D00-D48) Neoplazme",1186
2020,Broj,Ž,"(C00-C97,D00-D48) Neoplazme",1097
2003,Broj,Ž,diseases_of_the_blood_and_blood_forming_organs,2
2004,Broj,Ž,diseases_of_the_blood_and_blood_forming_organs,11
2005,Broj,Ž,diseases_of_the_blood_and_blood_forming_organs,10
2006,Broj,Ž,diseases_of_the_blood_and_blood_forming_organs,4
2007,Broj,Ž,diseases_of_the_blood_and_blood_forming_organs,10
2008,Broj,Ž,diseases_of_the_blood_and_blood_forming_organs,5
2009,Broj,Ž,diseases_of_the_blood_and_blood_forming_organs,9
2010,Broj,Ž,diseases_of_the_blood_and_blood_forming_organs,10
2011,Broj,Ž,diseases_of_the_blood_and_blood_forming_organs,10
2012,Broj,Ž,diseases_of_the_blood_and_blood_forming_organs,6
2013,Broj,Ž,diseases_of_the_blood_and_blood_forming_organs,8
2014,Broj,Ž,diseases_of_the_blood_and_blood_forming_organs,8
2015,Broj,Ž,diseases_of_the_blood_and_blood_forming_organs,10
2016,Broj,Ž,diseases_of_the_blood_and_blood_forming_organs,15
2017,Broj,Ž,diseases_of_the_blood_and_blood_forming_organs,17
2018,Broj,Ž,diseases_of_the_blood_and_blood_forming_organs,18
2019,Broj,Ž,diseases_of_the_blood_and_blood_forming_organs,16
2020,Broj,Ž,diseases_of_the_blood_and_blood_forming_organs,15
2003,Broj,Ž,diseases_of_the_endocrine_glands_nutrition_and_metabolism,109
2004,Broj,Ž,diseases_of_the_endocrine_glands_nutrition_and_metabolism,92
2005,Broj,Ž,diseases_of_the_endocrine_glands_nutrition_and_metabolism,441
2006,Broj,Ž,diseases_of_the_endocrine_glands_nutrition_and_metabolism,484
2007,Broj,Ž,diseases_of_the_endocrine_glands_nutrition_and_metabolism,442
2008,Broj,Ž,diseases_of_the_endocrine_glands_nutrition_and_metabolism,454
2009,Broj,Ž,diseases_of_the_endocrine_glands_nutrition_and_metabolism,530
2010,Broj,Ž,diseases_of_the_endocrine_glands_nutrition_and_metabolism,402
2011,Broj,Ž,diseases_of_the_endocrine_glands_nutrition_and_metabolism,397
2012,Broj,Ž,diseases_of_the_endocrine_glands_nutrition_and_metabolism,350
2013,Broj,Ž,diseases_of_the_endocrine_glands_nutrition_and_metabolism,459
2014,Broj,Ž,diseases_of_the_endocrine_glands_nutrition_and_metabolism,501
2015,Broj,Ž,diseases_of_the_endocrine_glands_nutrition_and_metabolism,400
2016,Broj,Ž,diseases_of_the_endocrine_glands_nutrition_and_metabolism,378
2017,Broj,Ž,diseases_of_the_endocrine_glands_nutrition_and_metabolism,452
2018,Broj,Ž,diseases_of_the_endocrine_glands_nutrition_and_metabolism,458
2019,Broj,Ž,diseases_of_the_endocrine_glands_nutrition_and_metabolism,343
2020,Broj,Ž,diseases_of_the_endocrine_glands_nutrition_and_metabolism,485
2003,Broj,Ž,mental_disorders_and_behavioral_disorders,9
2004,Broj,Ž,mental_disorders_and_behavioral_disorders,12
2005,Broj,Ž,mental_disorders_and_behavioral_disorders,16
2006,Broj,Ž,mental_disorders_and_behavioral_disorders,15
2007,Broj,Ž,mental_disorders_and_behavioral_disorders,20
2008,Broj,Ž,mental_disorders_and_behavioral_disorders,19
2009,Broj,Ž,mental_disorders_and_behavioral_disorders,30
2010,Broj,Ž,mental_disorders_and_behavioral_disorders,11
2011,Broj,Ž,mental_disorders_and_behavioral_disorders,14
2012,Broj,Ž,mental_disorders_and_behavioral_disorders,12
2013,Broj,Ž,mental_disorders_and_behavioral_disorders,31
2014,Broj,Ž,mental_disorders_and_behavioral_disorders,21
2015,Broj,Ž,mental_disorders_and_behavioral_disorders,28
2016,Broj,Ž,mental_disorders_and_behavioral_disorders,26
2017,Broj,Ž,mental_disorders_and_behavioral_disorders,43
2018,Broj,Ž,mental_disorders_and_behavioral_disorders,30
2019,Broj,Ž,mental_disorders_and_behavioral_disorders,22
2020,Broj,Ž,mental_disorders_and_behavioral_disorders,29
2003,Broj,Ž,diseases_of_the_nervous_system,26
2004,Broj,Ž,diseases_of_the_nervous_system,38
2005,Broj,Ž,diseases_of_the_nervous_system,84
2006,Broj,Ž,diseases_of_the_nervous_system,73
2007,Broj,Ž,diseases_of_the_nervous_system,70
2008,Broj,Ž,diseases_of_the_nervous_system,55
2009,Broj,Ž,diseases_of_the_nervous_system,55
2010,Broj,Ž,diseases_of_the_nervous_system,76
2011,Broj,Ž,diseases_of_the_nervous_system,97
2012,Broj,Ž,diseases_of_the_nervous_system,102
2013,Broj,Ž,diseases_of_the_nervous_system,87
2014,Broj,Ž,diseases_of_the_nervous_system,89
2015,Broj,Ž,diseases_of_the_nervous_system,106
2016,Broj,Ž,diseases_of_the_nervous_system,75
2017,Broj,Ž,diseases_of_the_nervous_system,95
2018,Broj,Ž,diseases_of_the_nervous_system,87
2019,Broj,Ž,diseases_of_the_nervous_system,81
2020,Broj,Ž,diseases_of_the_nervous_system,97
2003,Broj,Ž,eye_diseases_and_eye_soldering_disease,0
2004,Broj,Ž,eye_diseases_and_eye_soldering_disease,0
2005,Broj,Ž,eye_diseases_and_eye_soldering_disease,0
2006,Broj,Ž,eye_diseases_and_eye_soldering_disease,0
2007,Broj,Ž,eye_diseases_and_eye_soldering_disease,0
2008,Broj,Ž,eye_diseases_and_eye_soldering_disease,0
2009,Broj,Ž,eye_diseases_and_eye_soldering_disease,0
2010,Broj,Ž,eye_diseases_and_eye_soldering_disease,0
2011,Broj,Ž,eye_diseases_and_eye_soldering_disease,0
2012,Broj,Ž,eye_diseases_and_eye_soldering_disease,0
2013,Broj,Ž,eye_diseases_and_eye_soldering_disease,0
2014,Broj,Ž,eye_diseases_and_eye_soldering_disease,0
2015,Broj,Ž,eye_diseases_and_eye_soldering_disease,0
2016,Broj,Ž,eye_diseases_and_eye_soldering_disease,0
2017,Broj,Ž,eye_diseases_and_eye_soldering_disease,0
2018,Broj,Ž,eye_diseases_and_eye_soldering_disease,0
2019,Broj,Ž,eye_diseases_and_eye_soldering_disease,0
2020,Broj,Ž,eye_diseases_and_eye_soldering_disease,0
2003,Broj,Ž,diseases_of_ear_and_mastoid_process,0
2004,Broj,Ž,diseases_of_ear_and_mastoid_process,0
2005,Broj,Ž,diseases_of_ear_and_mastoid_process,0
2006,Broj,Ž,diseases_of_ear_and_mastoid_process,0
2007,Broj,Ž,diseases_of_ear_and_mastoid_process,0
2008,Broj,Ž,diseases_of_ear_and_mastoid_process,0
2009,Broj,Ž,diseases_of_ear_and_mastoid_process,0
2010,Broj,Ž,diseases_of_ear_and_mastoid_process,0
2011,Broj,Ž,diseases_of_ear_and_mastoid_process,0
2012,Broj,Ž,diseases_of_ear_and_mastoid_process,0
2013,Broj,Ž,diseases_of_ear_and_mastoid_process,0
2014,Broj,Ž,diseases_of_ear_and_mastoid_process,0
2015,Broj,Ž,diseases_of_ear_and_mastoid_process,0
2016,Broj,Ž,diseases_of_ear_and_mastoid_process,0
2017,Broj,Ž,diseases_of_ear_and_mastoid_process,0
2018,Broj,Ž,diseases_of_ear_and_mastoid_process,0
2019,Broj,Ž,diseases_of_ear_and_mastoid_process,0
2020,Broj,Ž,diseases_of_ear_and_mastoid_process,0
2003,Broj,Ž,diseases_of_the_circulatory_system,3748
2004,Broj,Ž,diseases_of_the_circulatory_system,3957
2005,Broj,Ž,diseases_of_the_circulatory_system,3677
2006,Broj,Ž,diseases_of_the_circulatory_system,3458
2007,Broj,Ž,diseases_of_the_circulatory_system,3864
2008,Broj,Ž,diseases_of_the_circulatory_system,3756
2009,Broj,Ž,diseases_of_the_circulatory_system,3743
2010,Broj,Ž,diseases_of_the_circulatory_system,3926
2011,Broj,Ž,diseases_of_the_circulatory_system,4009
2012,Broj,Ž,diseases_of_the_circulatory_system,4109
2013,Broj,Ž,diseases_of_the_circulatory_system,3625
2014,Broj,Ž,diseases_of_the_circulatory_system,3635
2015,Broj,Ž,diseases_of_the_circulatory_system,3964
2016,Broj,Ž,diseases_of_the_circulatory_system,3743
2017,Broj,Ž,diseases_of_the_circulatory_system,3960
2018,Broj,Ž,diseases_of_the_circulatory_system,3905
2019,Broj,Ž,diseases_of_the_circulatory_system,4033
2020,Broj,Ž,diseases_of_the_circulatory_system,4150
2003,Broj,Ž,diseases_of_the_respiratory_system,120
2004,Broj,Ž,diseases_of_the_respiratory_system,134
2005,Broj,Ž,diseases_of_the_respiratory_system,220
2006,Broj,Ž,diseases_of_the_respiratory_system,228
2007,Broj,Ž,diseases_of_the_respiratory_system,211
2008,Broj,Ž,diseases_of_the_respiratory_system,173
2009,Broj,Ž,diseases_of_the_respiratory_system,176
2010,Broj,Ž,diseases_of_the_respiratory_system,173
2011,Broj,Ž,diseases_of_the_respiratory_system,233
2012,Broj,Ž,diseases_of_the_respiratory_system,161
2013,Broj,Ž,diseases_of_the_respiratory_system,222
2014,Broj,Ž,diseases_of_the_respiratory_system,209
2015,Broj,Ž,diseases_of_the_respiratory_system,248
2016,Broj,Ž,diseases_of_the_respiratory_system,204
2017,Broj,Ž,diseases_of_the_respiratory_system,243
2018,Broj,Ž,diseases_of_the_respiratory_system,282
2019,Broj,Ž,diseases_of_the_respiratory_system,258
2020,Broj,Ž,diseases_of_the_respiratory_system,254
2003,Broj,Ž,diseases_of_the_digestive_system,136
2004,Broj,Ž,diseases_of_the_digestive_system,141
2005,Broj,Ž,diseases_of_the_digestive_system,124
2006,Broj,Ž,diseases_of_the_digestive_system,146
2007,Broj,Ž,diseases_of_the_digestive_system,147
2008,Broj,Ž,diseases_of_the_digestive_system,131
2009,Broj,Ž,diseases_of_the_digestive_system,148
2010,Broj,Ž,diseases_of_the_digestive_system,156
2011,Broj,Ž,diseases_of_the_digestive_system,136
2012,Broj,Ž,diseases_of_the_digestive_system,145
2013,Broj,Ž,diseases_of_the_digestive_system,183
2014,Broj,Ž,diseases_of_the_digestive_system,188
2015,Broj,Ž,diseases_of_the_digestive_system,191
2016,Broj,Ž,diseases_of_the_digestive_system,185
2017,Broj,Ž,diseases_of_the_digestive_system,184
2018,Broj,Ž,diseases_of_the_digestive_system,191
2019,Broj,Ž,diseases_of_the_digestive_system,180
2020,Broj,Ž,diseases_of_the_digestive_system,169
2003,Broj,Ž,skin_and_subcutaneous_tissue_disorders,0
2004,Broj,Ž,skin_and_subcutaneous_tissue_disorders,3
2005,Broj,Ž,skin_and_subcutaneous_tissue_disorders,0
2006,Broj,Ž,skin_and_subcutaneous_tissue_disorders,1
2007,Broj,Ž,skin_and_subcutaneous_tissue_disorders,2
2008,Broj,Ž,skin_and_subcutaneous_tissue_disorders,2
2009,Broj,Ž,skin_and_subcutaneous_tissue_disorders,2
2010,Broj,Ž,skin_and_subcutaneous_tissue_disorders,2
2011,Broj,Ž,skin_and_subcutaneous_tissue_disorders,1
2012,Broj,Ž,skin_and_subcutaneous_tissue_disorders,1
2013,Broj,Ž,skin_and_subcutaneous_tissue_disorders,11
2014,Broj,Ž,skin_and_subcutaneous_tissue_disorders,9
2015,Broj,Ž,skin_and_subcutaneous_tissue_disorders,15
2016,Broj,Ž,skin_and_subcutaneous_tissue_disorders,14
2017,Broj,Ž,skin_and_subcutaneous_tissue_disorders,19
2018,Broj,Ž,skin_and_subcutaneous_tissue_disorders,10
2019,Broj,Ž,skin_and_subcutaneous_tissue_disorders,16
2020,Broj,Ž,skin_and_subcutaneous_tissue_disorders,17
2003,Broj,Ž,diseases_of_the_musculoskeletal_system_and_connective_tissue,3
2004,Broj,Ž,diseases_of_the_musculoskeletal_system_and_connective_tissue,2
2005,Broj,Ž,diseases_of_the_musculoskeletal_system_and_connective_tissue,7
2006,Broj,Ž,diseases_of_the_musculoskeletal_system_and_connective_tissue,9
2007,Broj,Ž,diseases_of_the_musculoskeletal_system_and_connective_tissue,9
2008,Broj,Ž,diseases_of_the_musculoskeletal_system_and_connective_tissue,14
2009,Broj,Ž,diseases_of_the_musculoskeletal_system_and_connective_tissue,11
2010,Broj,Ž,diseases_of_the_musculoskeletal_system_and_connective_tissue,8
2011,Broj,Ž,diseases_of_the_musculoskeletal_system_and_connective_tissue,14
2012,Broj,Ž,diseases_of_the_musculoskeletal_system_and_connective_tissue,12
2013,Broj,Ž,diseases_of_the_musculoskeletal_system_and_connective_tissue,19
2014,Broj,Ž,diseases_of_the_musculoskeletal_system_and_connective_tissue,14
2015,Broj,Ž,diseases_of_the_musculoskeletal_system_and_connective_tissue,18
2016,Broj,Ž,diseases_of_the_musculoskeletal_system_and_connective_tissue,13
2017,Broj,Ž,diseases_of_the_musculoskeletal_system_and_connective_tissue,9
2018,Broj,Ž,diseases_of_the_musculoskeletal_system_and_connective_tissue,17
2019,Broj,Ž,diseases_of_the_musculoskeletal_system_and_connective_tissue,9
2020,Broj,Ž,diseases_of_the_musculoskeletal_system_and_connective_tissue,21
2003,Broj,Ž,diseases_of_the_genitourinary_system,99
2004,Broj,Ž,diseases_of_the_genitourinary_system,92
2005,Broj,Ž,diseases_of_the_genitourinary_system,97
2006,Broj,Ž,diseases_of_the_genitourinary_system,114
2007,Broj,Ž,diseases_of_the_genitourinary_system,112
2008,Broj,Ž,diseases_of_the_genitourinary_system,113
2009,Broj,Ž,diseases_of_the_genitourinary_system,118
2010,Broj,Ž,diseases_of_the_genitourinary_system,115
2011,Broj,Ž,diseases_of_the_genitourinary_system,74
2012,Broj,Ž,diseases_of_the_genitourinary_system,120
2013,Broj,Ž,diseases_of_the_genitourinary_system,92
2014,Broj,Ž,diseases_of_the_genitourinary_system,77
2015,Broj,Ž,diseases_of_the_genitourinary_system,86
2016,Broj,Ž,diseases_of_the_genitourinary_system,101
2017,Broj,Ž,diseases_of_the_genitourinary_system,97
2018,Broj,Ž,diseases_of_the_genitourinary_system,103
2019,Broj,Ž,diseases_of_the_genitourinary_system,91
2020,Broj,Ž,diseases_of_the_genitourinary_system,108
2003,Broj,Ž,pregnancy_childbirth_and_puerperium,1
2004,Broj,Ž,pregnancy_childbirth_and_puerperium,0
2005,Broj,Ž,pregnancy_childbirth_and_puerperium,2
2006,Broj,Ž,pregnancy_childbirth_and_puerperium,2
2007,Broj,Ž,pregnancy_childbirth_and_puerperium,1
2008,Broj,Ž,pregnancy_childbirth_and_puerperium,1
2009,Broj,Ž,pregnancy_childbirth_and_puerperium,0
2010,Broj,Ž,pregnancy_childbirth_and_puerperium,1
2011,Broj,Ž,pregnancy_childbirth_and_puerperium,1
2012,Broj,Ž,pregnancy_childbirth_and_puerperium,0
2013,Broj,Ž,pregnancy_childbirth_and_puerperium,0
2014,Broj,Ž,pregnancy_childbirth_and_puerperium,0
2015,Broj,Ž,pregnancy_childbirth_and_puerperium,1
2016,Broj,Ž,pregnancy_childbirth_and_puerperium,1
2017,Broj,Ž,pregnancy_childbirth_and_puerperium,0
2018,Broj,Ž,pregnancy_childbirth_and_puerperium,1
2019,Broj,Ž,pregnancy_childbirth_and_puerperium,0
2020,Broj,Ž,pregnancy_childbirth_and_puerperium,3
2003,Broj,Ž,certain_conditions_occurred_in_the_perinatal_period,21
2004,Broj,Ž,certain_conditions_occurred_in_the_perinatal_period,10
2005,Broj,Ž,certain_conditions_occurred_in_the_perinatal_period,10
2006,Broj,Ž,certain_conditions_occurred_in_the_perinatal_period,12
2007,Broj,Ž,certain_conditions_occurred_in_the_perinatal_period,12
2008,Broj,Ž,certain_conditions_occurred_in_the_perinatal_period,8
2009,Broj,Ž,certain_conditions_occurred_in_the_perinatal_period,12
2010,Broj,Ž,certain_conditions_occurred_in_the_perinatal_period,16
2011,Broj,Ž,certain_conditions_occurred_in_the_perinatal_period,16
2012,Broj,Ž,certain_conditions_occurred_in_the_perinatal_period,11
2013,Broj,Ž,certain_conditions_occurred_in_the_perinatal_period,8
2014,Broj,Ž,certain_conditions_occurred_in_the_perinatal_period,9
2015,Broj,Ž,certain_conditions_occurred_in_the_perinatal_period,8
2016,Broj,Ž,certain_conditions_occurred_in_the_perinatal_period,5
2017,Broj,Ž,certain_conditions_occurred_in_the_perinatal_period,10
2018,Broj,Ž,certain_conditions_occurred_in_the_perinatal_period,7
2019,Broj,Ž,certain_conditions_occurred_in_the_perinatal_period,5
2020,Broj,Ž,certain_conditions_occurred_in_the_perinatal_period,18
2003,Broj,Ž,congenital_anomalies_deformities_and_chromosomal_abnormalities,3
2004,Broj,Ž,congenital_anomalies_deformities_and_chromosomal_abnormalities,1
2005,Broj,Ž,congenital_anomalies_deformities_and_chromosomal_abnormalities,8
2006,Broj,Ž,congenital_anomalies_deformities_and_chromosomal_abnormalities,7
2007,Broj,Ž,congenital_anomalies_deformities_and_chromosomal_abnormalities,6
2008,Broj,Ž,congenital_anomalies_deformities_and_chromosomal_abnormalities,10
2009,Broj,Ž,congenital_anomalies_deformities_and_chromosomal_abnormalities,13
2010,Broj,Ž,congenital_anomalies_deformities_and_chromosomal_abnormalities,7
2011,Broj,Ž,congenital_anomalies_deformities_and_chromosomal_abnormalities,2
2012,Broj,Ž,congenital_anomalies_deformities_and_chromosomal_abnormalities,1
2013,Broj,Ž,congenital_anomalies_deformities_and_chromosomal_abnormalities,3
2014,Broj,Ž,congenital_anomalies_deformities_and_chromosomal_abnormalities,7
2015,Broj,Ž,congenital_anomalies_deformities_and_chromosomal_abnormalities,4
2016,Broj,Ž,congenital_anomalies_deformities_and_chromosomal_abnormalities,2
2017,Broj,Ž,congenital_anomalies_deformities_and_chromosomal_abnormalities,1
2018,Broj,Ž,congenital_anomalies_deformities_and_chromosomal_abnormalities,3
2019,Broj,Ž,congenital_anomalies_deformities_and_chromosomal_abnormalities,4
2020,Broj,Ž,congenital_anomalies_deformities_and_chromosomal_abnormalities,3
2003,Broj,Ž,symptoms_signs_and_abnormal_clinical_and_laboratory_findings,791
2004,Broj,Ž,symptoms_signs_and_abnormal_clinical_and_laboratory_findings,736
2005,Broj,Ž,symptoms_signs_and_abnormal_clinical_and_laboratory_findings,590
2006,Broj,Ž,symptoms_signs_and_abnormal_clinical_and_laboratory_findings,573
2007,Broj,Ž,symptoms_signs_and_abnormal_clinical_and_laboratory_findings,650
2008,Broj,Ž,symptoms_signs_and_abnormal_clinical_and_laboratory_findings,449
2009,Broj,Ž,symptoms_signs_and_abnormal_clinical_and_laboratory_findings,468
2010,Broj,Ž,symptoms_signs_and_abnormal_clinical_and_laboratory_findings,431
2011,Broj,Ž,symptoms_signs_and_abnormal_clinical_and_laboratory_findings,379
2012,Broj,Ž,symptoms_signs_and_abnormal_clinical_and_laboratory_findings,335
2013,Broj,Ž,symptoms_signs_and_abnormal_clinical_and_laboratory_findings,588
2014,Broj,Ž,symptoms_signs_and_abnormal_clinical_and_laboratory_findings,727
2015,Broj,Ž,symptoms_signs_and_abnormal_clinical_and_laboratory_findings,776
2016,Broj,Ž,symptoms_signs_and_abnormal_clinical_and_laboratory_findings,600
2017,Broj,Ž,symptoms_signs_and_abnormal_clinical_and_laboratory_findings,715
2018,Broj,Ž,symptoms_signs_and_abnormal_clinical_and_laboratory_findings,806
2019,Broj,Ž,symptoms_signs_and_abnormal_clinical_and_laboratory_findings,913
2020,Broj,Ž,symptoms_signs_and_abnormal_clinical_and_laboratory_findings,765
2003,Broj,Ž,injuries_poisonings_and_consequences_of_external_factors,136
2004,Broj,Ž,injuries_poisonings_and_consequences_of_external_factors,141
2005,Broj,Ž,injuries_poisonings_and_consequences_of_external_factors,155
2006,Broj,Ž,injuries_poisonings_and_consequences_of_external_factors,149
2007,Broj,Ž,injuries_poisonings_and_consequences_of_external_factors,146
2008,Broj,Ž,injuries_poisonings_and_consequences_of_external_factors,133
2009,Broj,Ž,injuries_poisonings_and_consequences_of_external_factors,157
2010,Broj,Ž,injuries_poisonings_and_consequences_of_external_factors,106
2011,Broj,Ž,injuries_poisonings_and_consequences_of_external_factors,118
2012,Broj,Ž,injuries_poisonings_and_consequences_of_external_factors,118
2013,Broj,Ž,injuries_poisonings_and_consequences_of_external_factors,127
2014,Broj,Ž,injuries_poisonings_and_consequences_of_external_factors,120
2015,Broj,Ž,injuries_poisonings_and_consequences_of_external_factors,142
2016,Broj,Ž,injuries_poisonings_and_consequences_of_external_factors,118
2017,Broj,Ž,injuries_poisonings_and_consequences_of_external_factors,125
2018,Broj,Ž,injuries_poisonings_and_consequences_of_external_factors,112
2019,Broj,Ž,injuries_poisonings_and_consequences_of_external_factors,90
2020,Broj,Ž,injuries_poisonings_and_consequences_of_external_factors,101
2003,Broj,Ž,special_purpose_codes,0
2004,Broj,Ž,special_purpose_codes,0
2005,Broj,Ž,special_purpose_codes,0
2006,Broj,Ž,special_purpose_codes,0
2007,Broj,Ž,special_purpose_codes,0
2008,Broj,Ž,special_purpose_codes,0
2009,Broj,Ž,special_purpose_codes,0
2010,Broj,Ž,special_purpose_codes,0
2011,Broj,Ž,special_purpose_codes,0
2012,Broj,Ž,special_purpose_codes,0
2013,Broj,Ž,special_purpose_codes,0
2014,Broj,Ž,special_purpose_codes,0
2015,Broj,Ž,special_purpose_codes,0
2016,Broj,Ž,special_purpose_codes,0
2017,Broj,Ž,special_purpose_codes,0
2018,Broj,Ž,special_purpose_codes,0
2019,Broj,Ž,special_purpose_codes,0
2020,Broj,Ž,special_purpose_codes,562
