Year,UNIT_MEASURE,Administrativna oblast,Spol,Religija,Value
2013,Broj,Republika Srpska,Oba spola,Ukupno,1170342
2013,Broj,Republika Srpska,M,Ukupno,571812
2013,Broj,Republika Srpska,Ž,Ukupno,598530
2013,Broj,Grad Banja Luka,Oba spola,Ukupno,180053
2013,Broj,Grad Banja Luka,M,Ukupno,86510
2013,Broj,Grad Banja Luka,Ž,Ukupno,93543
2013,Broj,Berkovići,Oba spola,Ukupno,2041
2013,Broj,Berkovići,M,Ukupno,1032
2013,Broj,Berkovići,Ž,Ukupno,1009
2013,Broj,Grad Bijeljina,Oba spola,Ukupno,103874
2013,Broj,Grad Bijeljina,M,Ukupno,50760
2013,Broj,Grad Bijeljina,Ž,Ukupno,53114
2013,Broj,Bileća,Oba spola,Ukupno,10607
2013,Broj,Bileća,M,Ukupno,5346
2013,Broj,Bileća,Ž,Ukupno,5261
2013,Broj,Bratunac,Oba spola,Ukupno,18651
2013,Broj,Bratunac,M,Ukupno,9210
2013,Broj,Bratunac,Ž,Ukupno,9441
2013,Broj,Brod,Oba spola,Ukupno,15720
2013,Broj,Brod,M,Ukupno,7670
2013,Broj,Brod,Ž,Ukupno,8050
2013,Broj,Višegrad,Oba spola,Ukupno,10118
2013,Broj,Višegrad,M,Ukupno,4834
2013,Broj,Višegrad,Ž,Ukupno,5284
2013,Broj,Vlasenica,Oba spola,Ukupno,10657
2013,Broj,Vlasenica,M,Ukupno,5193
2013,Broj,Vlasenica,Ž,Ukupno,5464
2013,Broj,Vukosavlje,Oba spola,Ukupno,4363
2013,Broj,Vukosavlje,M,Ukupno,2185
2013,Broj,Vukosavlje,Ž,Ukupno,2178
2013,Broj,Gacko,Oba spola,Ukupno,8710
2013,Broj,Gacko,M,Ukupno,4423
2013,Broj,Gacko,Ž,Ukupno,4287
2013,Broj,Grad Gradiška,Oba spola,Ukupno,49196
2013,Broj,Grad Gradiška,M,Ukupno,23944
2013,Broj,Grad Gradiška,Ž,Ukupno,25252
2013,Broj,Grad Derventa,Oba spola,Ukupno,25922
2013,Broj,Grad Derventa,M,Ukupno,12629
2013,Broj,Grad Derventa,Ž,Ukupno,13293
2013,Broj,Grad Doboj,Oba spola,Ukupno,68514
2013,Broj,Grad Doboj,M,Ukupno,33222
2013,Broj,Grad Doboj,Ž,Ukupno,35292
2013,Broj,Donji Žabar,Oba spola,Ukupno,3669
2013,Broj,Donji Žabar,M,Ukupno,1853
2013,Broj,Donji Žabar,Ž,Ukupno,1816
2013,Broj,Grad Zvornik,Oba spola,Ukupno,54407
2013,Broj,Grad Zvornik,M,Ukupno,26803
2013,Broj,Grad Zvornik,Ž,Ukupno,27604
2013,Broj,Istočna Ilidža,Oba spola,Ukupno,14437
2013,Broj,Istočna Ilidža,M,Ukupno,6905
2013,Broj,Istočna Ilidža,Ž,Ukupno,7532
2013,Broj,Istočni Drvar,Oba spola,Ukupno,66
2013,Broj,Istočni Drvar,M,Ukupno,44
2013,Broj,Istočni Drvar,Ž,Ukupno,22
2013,Broj,Istočni Mostar,Oba spola,Ukupno,244
2013,Broj,Istočni Mostar,M,Ukupno,138
2013,Broj,Istočni Mostar,Ž,Ukupno,106
2013,Broj,Istočni Stari Grad,Oba spola,Ukupno,1116
2013,Broj,Istočni Stari Grad,M,Ukupno,552
2013,Broj,Istočni Stari Grad,Ž,Ukupno,564
2013,Broj,Istočno Novo Sarajevo,Oba spola,Ukupno,10401
2013,Broj,Istočno Novo Sarajevo,M,Ukupno,4936
2013,Broj,Istočno Novo Sarajevo,Ž,Ukupno,5465
2013,Broj,Jezero,Oba spola,Ukupno,1039
2013,Broj,Jezero,M,Ukupno,534
2013,Broj,Jezero,Ž,Ukupno,505
2013,Broj,Kalinovik,Oba spola,Ukupno,1962
2013,Broj,Kalinovik,M,Ukupno,950
2013,Broj,Kalinovik,Ž,Ukupno,1012
2013,Broj,Kneževo,Oba spola,Ukupno,9368
2013,Broj,Kneževo,M,Ukupno,4632
2013,Broj,Kneževo,Ž,Ukupno,4736
2013,Broj,Kozarska Dubica,Oba spola,Ukupno,20681
2013,Broj,Kozarska Dubica,M,Ukupno,10094
2013,Broj,Kozarska Dubica,Ž,Ukupno,10587
2013,Broj,Kostajnica,Oba spola,Ukupno,5645
2013,Broj,Kostajnica,M,Ukupno,2780
2013,Broj,Kostajnica,Ž,Ukupno,2865
2013,Broj,Kotor Varoš,Oba spola,Ukupno,18361
2013,Broj,Kotor Varoš,M,Ukupno,9007
2013,Broj,Kotor Varoš,Ž,Ukupno,9354
2013,Broj,Krupa Na Uni,Oba spola,Ukupno,1560
2013,Broj,Krupa Na Uni,M,Ukupno,841
2013,Broj,Krupa Na Uni,Ž,Ukupno,719
2013,Broj,Kupres,Oba spola,Ukupno,293
2013,Broj,Kupres,M,Ukupno,157
2013,Broj,Kupres,Ž,Ukupno,136
2013,Broj,Laktaši,Oba spola,Ukupno,34210
2013,Broj,Laktaši,M,Ukupno,16905
2013,Broj,Laktaši,Ž,Ukupno,17305
2013,Broj,Lopare,Oba spola,Ukupno,14689
2013,Broj,Lopare,M,Ukupno,7377
2013,Broj,Lopare,Ž,Ukupno,7312
2013,Broj,Ljubinje,Oba spola,Ukupno,3319
2013,Broj,Ljubinje,M,Ukupno,1633
2013,Broj,Ljubinje,Ž,Ukupno,1686
2013,Broj,Milići,Oba spola,Ukupno,10445
2013,Broj,Milići,M,Ukupno,5252
2013,Broj,Milići,Ž,Ukupno,5193
2013,Broj,Modriča,Oba spola,Ukupno,24490
2013,Broj,Modriča,M,Ukupno,11969
2013,Broj,Modriča,Ž,Ukupno,12521
2013,Broj,Mrkonjić Grad,Oba spola,Ukupno,15926
2013,Broj,Mrkonjić Grad,M,Ukupno,7660
2013,Broj,Mrkonjić Grad,Ž,Ukupno,8266
2013,Broj,Nevesinje,Oba spola,Ukupno,12542
2013,Broj,Nevesinje,M,Ukupno,6236
2013,Broj,Nevesinje,Ž,Ukupno,6306
2013,Broj,Novi Grad,Oba spola,Ukupno,25240
2013,Broj,Novi Grad,M,Ukupno,12580
2013,Broj,Novi Grad,Ž,Ukupno,12660
2013,Broj,Novo Goražde,Oba spola,Ukupno,2915
2013,Broj,Novo Goražde,M,Ukupno,1500
2013,Broj,Novo Goražde,Ž,Ukupno,1415
2013,Broj,Osmaci,Oba spola,Ukupno,5546
2013,Broj,Osmaci,M,Ukupno,2779
2013,Broj,Osmaci,Ž,Ukupno,2767
2013,Broj,Oštra Luka,Oba spola,Ukupno,2705
2013,Broj,Oštra Luka,M,Ukupno,1386
2013,Broj,Oštra Luka,Ž,Ukupno,1319
2013,Broj,Pale,Oba spola,Ukupno,20359
2013,Broj,Pale,M,Ukupno,9744
2013,Broj,Pale,Ž,Ukupno,10615
2013,Broj,Pelagićevo,Oba spola,Ukupno,4358
2013,Broj,Pelagićevo,M,Ukupno,2151
2013,Broj,Pelagićevo,Ž,Ukupno,2207
2013,Broj,Petrovac,Oba spola,Ukupno,354
2013,Broj,Petrovac,M,Ukupno,169
2013,Broj,Petrovac,Ž,Ukupno,185
2013,Broj,Petrovo,Oba spola,Ukupno,6317
2013,Broj,Petrovo,M,Ukupno,3043
2013,Broj,Petrovo,Ž,Ukupno,3274
2013,Broj,Grad Prijedor,Oba spola,Ukupno,80916
2013,Broj,Grad Prijedor,M,Ukupno,39418
2013,Broj,Grad Prijedor,Ž,Ukupno,41498
2013,Broj,Prnjavor,Oba spola,Ukupno,34357
2013,Broj,Prnjavor,M,Ukupno,16675
2013,Broj,Prnjavor,Ž,Ukupno,17682
2013,Broj,Ribnik,Oba spola,Ukupno,5851
2013,Broj,Ribnik,M,Ukupno,2900
2013,Broj,Ribnik,Ž,Ukupno,2951
2013,Broj,Rogatica,Oba spola,Ukupno,10302
2013,Broj,Rogatica,M,Ukupno,5053
2013,Broj,Rogatica,Ž,Ukupno,5249
2013,Broj,Rudo,Oba spola,Ukupno,7578
2013,Broj,Rudo,M,Ukupno,3840
2013,Broj,Rudo,Ž,Ukupno,3738
2013,Broj,Sokolac,Oba spola,Ukupno,11620
2013,Broj,Sokolac,M,Ukupno,5723
2013,Broj,Sokolac,Ž,Ukupno,5897
2013,Broj,Srbac,Oba spola,Ukupno,16933
2013,Broj,Srbac,M,Ukupno,8295
2013,Broj,Srbac,Ž,Ukupno,8638
2013,Broj,Srebrenica,Oba spola,Ukupno,11698
2013,Broj,Srebrenica,M,Ukupno,5714
2013,Broj,Srebrenica,Ž,Ukupno,5984
2013,Broj,Teslić,Oba spola,Ukupno,37236
2013,Broj,Teslić,M,Ukupno,17894
2013,Broj,Teslić,Ž,Ukupno,19342
2013,Broj,Grad Trebinje,Oba spola,Ukupno,28239
2013,Broj,Grad Trebinje,M,Ukupno,13760
2013,Broj,Grad Trebinje,Ž,Ukupno,14479
2013,Broj,Trnovo,Oba spola,Ukupno,1983
2013,Broj,Trnovo,M,Ukupno,953
2013,Broj,Trnovo,Ž,Ukupno,1030
2013,Broj,Ugljevik,Oba spola,Ukupno,15118
2013,Broj,Ugljevik,M,Ukupno,7626
2013,Broj,Ugljevik,Ž,Ukupno,7492
2013,Broj,Foča,Oba spola,Ukupno,17580
2013,Broj,Foča,M,Ukupno,8880
2013,Broj,Foča,Ž,Ukupno,8700
2013,Broj,Han Pijesak,Oba spola,Ukupno,3445
2013,Broj,Han Pijesak,M,Ukupno,1632
2013,Broj,Han Pijesak,Ž,Ukupno,1813
2013,Broj,Čajniče,Oba spola,Ukupno,4679
2013,Broj,Čajniče,M,Ukupno,2347
2013,Broj,Čajniče,Ž,Ukupno,2332
2013,Broj,Čelinac,Oba spola,Ukupno,15117
2013,Broj,Čelinac,M,Ukupno,7477
2013,Broj,Čelinac,Ž,Ukupno,7640
2013,Broj,Šamac,Oba spola,Ukupno,16308
2013,Broj,Šamac,M,Ukupno,7908
2013,Broj,Šamac,Ž,Ukupno,8400
2013,Broj,Šekovići,Oba spola,Ukupno,6323
2013,Broj,Šekovići,M,Ukupno,3103
2013,Broj,Šekovići,Ž,Ukupno,3220
2013,Broj,Šipovo,Oba spola,Ukupno,9969
2013,Broj,Šipovo,M,Ukupno,5046
2013,Broj,Šipovo,Ž,Ukupno,4923
2013,Broj,Republika Srpska,Oba spola,islam,149435
2013,Broj,Republika Srpska,M,islam,72605
2013,Broj,Republika Srpska,Ž,islam,76830
2013,Broj,Grad Banja Luka,Oba spola,islam,6693
2013,Broj,Grad Banja Luka,M,islam,3053
2013,Broj,Grad Banja Luka,Ž,islam,3640
2013,Broj,Berkovići,Oba spola,islam,155
2013,Broj,Berkovići,M,islam,87
2013,Broj,Berkovići,Ž,islam,68
2013,Broj,Grad Bijeljina,Oba spola,islam,12055
2013,Broj,Grad Bijeljina,M,islam,5902
2013,Broj,Grad Bijeljina,Ž,islam,6153
2013,Broj,Bileća,Oba spola,islam,23
2013,Broj,Bileća,M,islam,14
2013,Broj,Bileća,Ž,islam,9
2013,Broj,Bratunac,Oba spola,islam,6591
2013,Broj,Bratunac,M,islam,3220
2013,Broj,Bratunac,Ž,islam,3371
2013,Broj,Brod,Oba spola,islam,1311
2013,Broj,Brod,M,islam,646
2013,Broj,Brod,Ž,islam,665
2013,Broj,Višegrad,Oba spola,islam,876
2013,Broj,Višegrad,M,islam,443
2013,Broj,Višegrad,Ž,islam,433
2013,Broj,Vlasenica,Oba spola,islam,3354
2013,Broj,Vlasenica,M,islam,1645
2013,Broj,Vlasenica,Ž,islam,1709
2013,Broj,Vukosavlje,Oba spola,islam,2154
2013,Broj,Vukosavlje,M,islam,1105
2013,Broj,Vukosavlje,Ž,islam,1049
2013,Broj,Gacko,Oba spola,islam,330
2013,Broj,Gacko,M,islam,178
2013,Broj,Gacko,Ž,islam,152
2013,Broj,Grad Gradiška,Oba spola,islam,6619
2013,Broj,Grad Gradiška,M,islam,3214
2013,Broj,Grad Gradiška,Ž,islam,3405
2013,Broj,Grad Derventa,Oba spola,islam,1709
2013,Broj,Grad Derventa,M,islam,820
2013,Broj,Grad Derventa,Ž,islam,889
2013,Broj,Grad Doboj,Oba spola,islam,14342
2013,Broj,Grad Doboj,M,islam,6861
2013,Broj,Grad Doboj,Ž,islam,7481
2013,Broj,Donji Žabar,Oba spola,islam,4
2013,Broj,Donji Žabar,M,islam,0
2013,Broj,Donji Žabar,Ž,islam,4
2013,Broj,Grad Zvornik,Oba spola,islam,16791
2013,Broj,Grad Zvornik,M,islam,8218
2013,Broj,Grad Zvornik,Ž,islam,8573
2013,Broj,Istočna Ilidža,Oba spola,islam,630
2013,Broj,Istočna Ilidža,M,islam,291
2013,Broj,Istočna Ilidža,Ž,islam,339
2013,Broj,Istočni Drvar,Oba spola,islam,0
2013,Broj,Istočni Drvar,M,islam,0
2013,Broj,Istočni Drvar,Ž,islam,0
2013,Broj,Istočni Mostar,Oba spola,islam,77
2013,Broj,Istočni Mostar,M,islam,44
2013,Broj,Istočni Mostar,Ž,islam,33
2013,Broj,Istočni Stari Grad,Oba spola,islam,38
2013,Broj,Istočni Stari Grad,M,islam,23
2013,Broj,Istočni Stari Grad,Ž,islam,15
2013,Broj,Istočno Novo Sarajevo,Oba spola,islam,121
2013,Broj,Istočno Novo Sarajevo,M,islam,52
2013,Broj,Istočno Novo Sarajevo,Ž,islam,69
2013,Broj,Jezero,Oba spola,islam,250
2013,Broj,Jezero,M,islam,117
2013,Broj,Jezero,Ž,islam,133
2013,Broj,Kalinovik,Oba spola,islam,42
2013,Broj,Kalinovik,M,islam,19
2013,Broj,Kalinovik,Ž,islam,23
2013,Broj,Kneževo,Oba spola,islam,403
2013,Broj,Kneževo,M,islam,182
2013,Broj,Kneževo,Ž,islam,221
2013,Broj,Kozarska Dubica,Oba spola,islam,1902
2013,Broj,Kozarska Dubica,M,islam,915
2013,Broj,Kozarska Dubica,Ž,islam,987
2013,Broj,Kostajnica,Oba spola,islam,1271
2013,Broj,Kostajnica,M,islam,623
2013,Broj,Kostajnica,Ž,islam,648
2013,Broj,Kotor Varoš,Oba spola,islam,4498
2013,Broj,Kotor Varoš,M,islam,2159
2013,Broj,Kotor Varoš,Ž,islam,2339
2013,Broj,Krupa Na Uni,Oba spola,islam,3
2013,Broj,Krupa Na Uni,M,islam,1
2013,Broj,Krupa Na Uni,Ž,islam,2
2013,Broj,Kupres,Oba spola,islam,0
2013,Broj,Kupres,M,islam,0
2013,Broj,Kupres,Ž,islam,0
2013,Broj,Laktaši,Oba spola,islam,110
2013,Broj,Laktaši,M,islam,49
2013,Broj,Laktaši,Ž,islam,61
2013,Broj,Lopare,Oba spola,islam,1315
2013,Broj,Lopare,M,islam,648
2013,Broj,Lopare,Ž,islam,667
2013,Broj,Ljubinje,Oba spola,islam,12
2013,Broj,Ljubinje,M,islam,6
2013,Broj,Ljubinje,Ž,islam,6
2013,Broj,Milići,Oba spola,islam,3538
2013,Broj,Milići,M,islam,1750
2013,Broj,Milići,Ž,islam,1788
2013,Broj,Modriča,Oba spola,islam,3032
2013,Broj,Modriča,M,islam,1445
2013,Broj,Modriča,Ž,islam,1587
2013,Broj,Mrkonjić Grad,Oba spola,islam,351
2013,Broj,Mrkonjić Grad,M,islam,170
2013,Broj,Mrkonjić Grad,Ž,islam,181
2013,Broj,Nevesinje,Oba spola,islam,508
2013,Broj,Nevesinje,M,islam,260
2013,Broj,Nevesinje,Ž,islam,248
2013,Broj,Novi Grad,Oba spola,islam,5261
2013,Broj,Novi Grad,M,islam,2635
2013,Broj,Novi Grad,Ž,islam,2626
2013,Broj,Novo Goražde,Oba spola,islam,1319
2013,Broj,Novo Goražde,M,islam,662
2013,Broj,Novo Goražde,Ž,islam,657
2013,Broj,Osmaci,Oba spola,islam,2647
2013,Broj,Osmaci,M,islam,1303
2013,Broj,Osmaci,Ž,islam,1344
2013,Broj,Oštra Luka,Oba spola,islam,26
2013,Broj,Oštra Luka,M,islam,8
2013,Broj,Oštra Luka,Ž,islam,18
2013,Broj,Pale,Oba spola,islam,160
2013,Broj,Pale,M,islam,83
2013,Broj,Pale,Ž,islam,77
2013,Broj,Pelagićevo,Oba spola,islam,13
2013,Broj,Pelagićevo,M,islam,3
2013,Broj,Pelagićevo,Ž,islam,10
2013,Broj,Petrovac,Oba spola,islam,0
2013,Broj,Petrovac,M,islam,0
2013,Broj,Petrovac,Ž,islam,0
2013,Broj,Petrovo,Oba spola,islam,7
2013,Broj,Petrovo,M,islam,2
2013,Broj,Petrovo,Ž,islam,5
2013,Broj,Grad Prijedor,Oba spola,islam,22271
2013,Broj,Grad Prijedor,M,islam,10662
2013,Broj,Grad Prijedor,Ž,islam,11609
2013,Broj,Prnjavor,Oba spola,islam,2776
2013,Broj,Prnjavor,M,islam,1337
2013,Broj,Prnjavor,Ž,islam,1439
2013,Broj,Ribnik,Oba spola,islam,0
2013,Broj,Ribnik,M,islam,0
2013,Broj,Ribnik,Ž,islam,0
2013,Broj,Rogatica,Oba spola,islam,1006
2013,Broj,Rogatica,M,islam,517
2013,Broj,Rogatica,Ž,islam,489
2013,Broj,Rudo,Oba spola,islam,588
2013,Broj,Rudo,M,islam,306
2013,Broj,Rudo,Ž,islam,282
2013,Broj,Sokolac,Oba spola,islam,620
2013,Broj,Sokolac,M,islam,325
2013,Broj,Sokolac,Ž,islam,295
2013,Broj,Srbac,Oba spola,islam,399
2013,Broj,Srbac,M,islam,184
2013,Broj,Srbac,Ž,islam,215
2013,Broj,Srebrenica,Oba spola,islam,6134
2013,Broj,Srebrenica,M,islam,2916
2013,Broj,Srebrenica,Ž,islam,3218
2013,Broj,Teslić,Oba spola,islam,6932
2013,Broj,Teslić,M,islam,3410
2013,Broj,Teslić,Ž,islam,3522
2013,Broj,Grad Trebinje,Oba spola,islam,848
2013,Broj,Grad Trebinje,M,islam,415
2013,Broj,Grad Trebinje,Ž,islam,433
2013,Broj,Trnovo,Oba spola,islam,802
2013,Broj,Trnovo,M,islam,395
2013,Broj,Trnovo,Ž,islam,407
2013,Broj,Ugljevik,Oba spola,islam,2002
2013,Broj,Ugljevik,M,islam,977
2013,Broj,Ugljevik,Ž,islam,1025
2013,Broj,Foča,Oba spola,islam,1173
2013,Broj,Foča,M,islam,630
2013,Broj,Foča,Ž,islam,543
2013,Broj,Han Pijesak,Oba spola,islam,435
2013,Broj,Han Pijesak,M,islam,212
2013,Broj,Han Pijesak,Ž,islam,223
2013,Broj,Čajniče,Oba spola,islam,836
2013,Broj,Čajniče,M,islam,440
2013,Broj,Čajniče,Ž,islam,396
2013,Broj,Čelinac,Oba spola,islam,406
2013,Broj,Čelinac,M,islam,203
2013,Broj,Čelinac,Ž,islam,203
2013,Broj,Šamac,Oba spola,islam,976
2013,Broj,Šamac,M,islam,471
2013,Broj,Šamac,Ž,islam,505
2013,Broj,Šekovići,Oba spola,islam,107
2013,Broj,Šekovići,M,islam,54
2013,Broj,Šekovići,Ž,islam,53
2013,Broj,Šipovo,Oba spola,islam,583
2013,Broj,Šipovo,M,islam,295
2013,Broj,Šipovo,Ž,islam,288
2013,Broj,Republika Srpska,Oba spola,catholic,25763
2013,Broj,Republika Srpska,M,catholic,10431
2013,Broj,Republika Srpska,Ž,catholic,15332
2013,Broj,Grad Banja Luka,Oba spola,catholic,4637
2013,Broj,Grad Banja Luka,M,catholic,1585
2013,Broj,Grad Banja Luka,Ž,catholic,3052
2013,Broj,Berkovići,Oba spola,catholic,6
2013,Broj,Berkovići,M,catholic,1
2013,Broj,Berkovići,Ž,catholic,5
2013,Broj,Grad Bijeljina,Oba spola,catholic,508
2013,Broj,Grad Bijeljina,M,catholic,103
2013,Broj,Grad Bijeljina,Ž,catholic,405
2013,Broj,Bileća,Oba spola,catholic,18
2013,Broj,Bileća,M,catholic,2
2013,Broj,Bileća,Ž,catholic,16
2013,Broj,Bratunac,Oba spola,catholic,26
2013,Broj,Bratunac,M,catholic,3
2013,Broj,Bratunac,Ž,catholic,23
2013,Broj,Brod,Oba spola,catholic,2925
2013,Broj,Brod,M,catholic,1360
2013,Broj,Brod,Ž,catholic,1565
2013,Broj,Višegrad,Oba spola,catholic,33
2013,Broj,Višegrad,M,catholic,6
2013,Broj,Višegrad,Ž,catholic,27
2013,Broj,Vlasenica,Oba spola,catholic,22
2013,Broj,Vlasenica,M,catholic,4
2013,Broj,Vlasenica,Ž,catholic,18
2013,Broj,Vukosavlje,Oba spola,catholic,680
2013,Broj,Vukosavlje,M,catholic,325
2013,Broj,Vukosavlje,Ž,catholic,355
2013,Broj,Gacko,Oba spola,catholic,10
2013,Broj,Gacko,M,catholic,4
2013,Broj,Gacko,Ž,catholic,6
2013,Broj,Grad Gradiška,Oba spola,catholic,865
2013,Broj,Grad Gradiška,M,catholic,303
2013,Broj,Grad Gradiška,Ž,catholic,562
2013,Broj,Grad Derventa,Oba spola,catholic,2109
2013,Broj,Grad Derventa,M,catholic,999
2013,Broj,Grad Derventa,Ž,catholic,1110
2013,Broj,Grad Doboj,Oba spola,catholic,1448
2013,Broj,Grad Doboj,M,catholic,532
2013,Broj,Grad Doboj,Ž,catholic,916
2013,Broj,Donji Žabar,Oba spola,catholic,977
2013,Broj,Donji Žabar,M,catholic,490
2013,Broj,Donji Žabar,Ž,catholic,487
2013,Broj,Grad Zvornik,Oba spola,catholic,83
2013,Broj,Grad Zvornik,M,catholic,6
2013,Broj,Grad Zvornik,Ž,catholic,77
2013,Broj,Istočna Ilidža,Oba spola,catholic,142
2013,Broj,Istočna Ilidža,M,catholic,36
2013,Broj,Istočna Ilidža,Ž,catholic,106
2013,Broj,Istočni Drvar,Oba spola,catholic,1
2013,Broj,Istočni Drvar,M,catholic,0
2013,Broj,Istočni Drvar,Ž,catholic,1
2013,Broj,Istočni Mostar,Oba spola,catholic,11
2013,Broj,Istočni Mostar,M,catholic,8
2013,Broj,Istočni Mostar,Ž,catholic,3
2013,Broj,Istočni Stari Grad,Oba spola,catholic,5
2013,Broj,Istočni Stari Grad,M,catholic,0
2013,Broj,Istočni Stari Grad,Ž,catholic,5
2013,Broj,Istočno Novo Sarajevo,Oba spola,catholic,101
2013,Broj,Istočno Novo Sarajevo,M,catholic,28
2013,Broj,Istočno Novo Sarajevo,Ž,catholic,73
2013,Broj,Jezero,Oba spola,catholic,4
2013,Broj,Jezero,M,catholic,2
2013,Broj,Jezero,Ž,catholic,2
2013,Broj,Kalinovik,Oba spola,catholic,5
2013,Broj,Kalinovik,M,catholic,2
2013,Broj,Kalinovik,Ž,catholic,3
2013,Broj,Kneževo,Oba spola,catholic,17
2013,Broj,Kneževo,M,catholic,4
2013,Broj,Kneževo,Ž,catholic,13
2013,Broj,Kozarska Dubica,Oba spola,catholic,250
2013,Broj,Kozarska Dubica,M,catholic,72
2013,Broj,Kozarska Dubica,Ž,catholic,178
2013,Broj,Kostajnica,Oba spola,catholic,84
2013,Broj,Kostajnica,M,catholic,26
2013,Broj,Kostajnica,Ž,catholic,58
2013,Broj,Kotor Varoš,Oba spola,catholic,788
2013,Broj,Kotor Varoš,M,catholic,365
2013,Broj,Kotor Varoš,Ž,catholic,423
2013,Broj,Krupa Na Uni,Oba spola,catholic,2
2013,Broj,Krupa Na Uni,M,catholic,0
2013,Broj,Krupa Na Uni,Ž,catholic,2
2013,Broj,Kupres,Oba spola,catholic,0
2013,Broj,Kupres,M,catholic,0
2013,Broj,Kupres,Ž,catholic,0
2013,Broj,Laktaši,Oba spola,catholic,497
2013,Broj,Laktaši,M,catholic,166
2013,Broj,Laktaši,Ž,catholic,331
2013,Broj,Lopare,Oba spola,catholic,40
2013,Broj,Lopare,M,catholic,5
2013,Broj,Lopare,Ž,catholic,35
2013,Broj,Ljubinje,Oba spola,catholic,5
2013,Broj,Ljubinje,M,catholic,1
2013,Broj,Ljubinje,Ž,catholic,4
2013,Broj,Milići,Oba spola,catholic,17
2013,Broj,Milići,M,catholic,5
2013,Broj,Milići,Ž,catholic,12
2013,Broj,Modriča,Oba spola,catholic,1365
2013,Broj,Modriča,M,catholic,651
2013,Broj,Modriča,Ž,catholic,714
2013,Broj,Mrkonjić Grad,Oba spola,catholic,146
2013,Broj,Mrkonjić Grad,M,catholic,56
2013,Broj,Mrkonjić Grad,Ž,catholic,90
2013,Broj,Nevesinje,Oba spola,catholic,21
2013,Broj,Nevesinje,M,catholic,5
2013,Broj,Nevesinje,Ž,catholic,16
2013,Broj,Novi Grad,Oba spola,catholic,152
2013,Broj,Novi Grad,M,catholic,47
2013,Broj,Novi Grad,Ž,catholic,105
2013,Broj,Novo Goražde,Oba spola,catholic,2
2013,Broj,Novo Goražde,M,catholic,1
2013,Broj,Novo Goražde,Ž,catholic,1
2013,Broj,Osmaci,Oba spola,catholic,4
2013,Broj,Osmaci,M,catholic,0
2013,Broj,Osmaci,Ž,catholic,4
2013,Broj,Oštra Luka,Oba spola,catholic,131
2013,Broj,Oštra Luka,M,catholic,62
2013,Broj,Oštra Luka,Ž,catholic,69
2013,Broj,Pale,Oba spola,catholic,116
2013,Broj,Pale,M,catholic,30
2013,Broj,Pale,Ž,catholic,86
2013,Broj,Pelagićevo,Oba spola,catholic,1180
2013,Broj,Pelagićevo,M,catholic,578
2013,Broj,Pelagićevo,Ž,catholic,602
2013,Broj,Petrovac,Oba spola,catholic,0
2013,Broj,Petrovac,M,catholic,0
2013,Broj,Petrovac,Ž,catholic,0
2013,Broj,Petrovo,Oba spola,catholic,35
2013,Broj,Petrovo,M,catholic,10
2013,Broj,Petrovo,Ž,catholic,25
2013,Broj,Grad Prijedor,Oba spola,catholic,1544
2013,Broj,Grad Prijedor,M,catholic,587
2013,Broj,Grad Prijedor,Ž,catholic,957
2013,Broj,Prnjavor,Oba spola,catholic,645
2013,Broj,Prnjavor,M,catholic,255
2013,Broj,Prnjavor,Ž,catholic,390
2013,Broj,Ribnik,Oba spola,catholic,7
2013,Broj,Ribnik,M,catholic,1
2013,Broj,Ribnik,Ž,catholic,6
2013,Broj,Rogatica,Oba spola,catholic,16
2013,Broj,Rogatica,M,catholic,1
2013,Broj,Rogatica,Ž,catholic,15
2013,Broj,Rudo,Oba spola,catholic,3
2013,Broj,Rudo,M,catholic,1
2013,Broj,Rudo,Ž,catholic,2
2013,Broj,Sokolac,Oba spola,catholic,23
2013,Broj,Sokolac,M,catholic,3
2013,Broj,Sokolac,Ž,catholic,20
2013,Broj,Srbac,Oba spola,catholic,153
2013,Broj,Srbac,M,catholic,37
2013,Broj,Srbac,Ž,catholic,116
2013,Broj,Srebrenica,Oba spola,catholic,17
2013,Broj,Srebrenica,M,catholic,7
2013,Broj,Srebrenica,Ž,catholic,10
2013,Broj,Teslić,Oba spola,catholic,1292
2013,Broj,Teslić,M,catholic,552
2013,Broj,Teslić,Ž,catholic,740
2013,Broj,Grad Trebinje,Oba spola,catholic,293
2013,Broj,Grad Trebinje,M,catholic,90
2013,Broj,Grad Trebinje,Ž,catholic,203
2013,Broj,Trnovo,Oba spola,catholic,15
2013,Broj,Trnovo,M,catholic,2
2013,Broj,Trnovo,Ž,catholic,13
2013,Broj,Ugljevik,Oba spola,catholic,39
2013,Broj,Ugljevik,M,catholic,7
2013,Broj,Ugljevik,Ž,catholic,32
2013,Broj,Foča,Oba spola,catholic,64
2013,Broj,Foča,M,catholic,20
2013,Broj,Foča,Ž,catholic,44
2013,Broj,Han Pijesak,Oba spola,catholic,5
2013,Broj,Han Pijesak,M,catholic,0
2013,Broj,Han Pijesak,Ž,catholic,5
2013,Broj,Čajniče,Oba spola,catholic,5
2013,Broj,Čajniče,M,catholic,0
2013,Broj,Čajniče,Ž,catholic,5
2013,Broj,Čelinac,Oba spola,catholic,58
2013,Broj,Čelinac,M,catholic,14
2013,Broj,Čelinac,Ž,catholic,44
2013,Broj,Šamac,Oba spola,catholic,2091
2013,Broj,Šamac,M,catholic,969
2013,Broj,Šamac,Ž,catholic,1122
2013,Broj,Šekovići,Oba spola,catholic,7
2013,Broj,Šekovići,M,catholic,0
2013,Broj,Šekovići,Ž,catholic,7
2013,Broj,Šipovo,Oba spola,catholic,18
2013,Broj,Šipovo,M,catholic,2
2013,Broj,Šipovo,Ž,catholic,16
2013,Broj,Republika Srpska,Oba spola,ortodox,969315
2013,Broj,Republika Srpska,M,ortodox,476184
2013,Broj,Republika Srpska,Ž,ortodox,493131
2013,Broj,Grad Banja Luka,Oba spola,ortodox,161267
2013,Broj,Grad Banja Luka,M,ortodox,78266
2013,Broj,Grad Banja Luka,Ž,ortodox,83001
2013,Broj,Berkovići,Oba spola,ortodox,1873
2013,Broj,Berkovići,M,ortodox,940
2013,Broj,Berkovići,Ž,ortodox,933
2013,Broj,Grad Bijeljina,Oba spola,ortodox,89144
2013,Broj,Grad Bijeljina,M,ortodox,43682
2013,Broj,Grad Bijeljina,Ž,ortodox,45462
2013,Broj,Bileća,Oba spola,ortodox,10490
2013,Broj,Bileća,M,ortodox,5291
2013,Broj,Bileća,Ž,ortodox,5199
2013,Broj,Bratunac,Oba spola,ortodox,11726
2013,Broj,Bratunac,M,ortodox,5835
2013,Broj,Bratunac,Ž,ortodox,5891
2013,Broj,Brod,Oba spola,ortodox,11066
2013,Broj,Brod,M,ortodox,5474
2013,Broj,Brod,Ž,ortodox,5592
2013,Broj,Višegrad,Oba spola,ortodox,8913
2013,Broj,Višegrad,M,ortodox,4315
2013,Broj,Višegrad,Ž,ortodox,4598
2013,Broj,Vlasenica,Oba spola,ortodox,7111
2013,Broj,Vlasenica,M,ortodox,3473
2013,Broj,Vlasenica,Ž,ortodox,3638
2013,Broj,Vukosavlje,Oba spola,ortodox,1442
2013,Broj,Vukosavlje,M,ortodox,713
2013,Broj,Vukosavlje,Ž,ortodox,729
2013,Broj,Gacko,Oba spola,ortodox,8337
2013,Broj,Gacko,M,ortodox,4228
2013,Broj,Gacko,Ž,ortodox,4109
2013,Broj,Grad Gradiška,Oba spola,ortodox,40702
2013,Broj,Grad Gradiška,M,ortodox,19929
2013,Broj,Grad Gradiška,Ž,ortodox,20773
2013,Broj,Grad Derventa,Oba spola,ortodox,21541
2013,Broj,Grad Derventa,M,ortodox,10537
2013,Broj,Grad Derventa,Ž,ortodox,11004
2013,Broj,Grad Doboj,Oba spola,ortodox,50744
2013,Broj,Grad Doboj,M,ortodox,24842
2013,Broj,Grad Doboj,Ž,ortodox,25902
2013,Broj,Donji Žabar,Oba spola,ortodox,2658
2013,Broj,Donji Žabar,M,ortodox,1352
2013,Broj,Donji Žabar,Ž,ortodox,1306
2013,Broj,Grad Zvornik,Oba spola,ortodox,37114
2013,Broj,Grad Zvornik,M,ortodox,18378
2013,Broj,Grad Zvornik,Ž,ortodox,18736
2013,Broj,Istočna Ilidža,Oba spola,ortodox,13458
2013,Broj,Istočna Ilidža,M,ortodox,6479
2013,Broj,Istočna Ilidža,Ž,ortodox,6979
2013,Broj,Istočni Drvar,Oba spola,ortodox,65
2013,Broj,Istočni Drvar,M,ortodox,44
2013,Broj,Istočni Drvar,Ž,ortodox,21
2013,Broj,Istočni Mostar,Oba spola,ortodox,153
2013,Broj,Istočni Mostar,M,ortodox,84
2013,Broj,Istočni Mostar,Ž,ortodox,69
2013,Broj,Istočni Stari Grad,Oba spola,ortodox,1058
2013,Broj,Istočni Stari Grad,M,ortodox,520
2013,Broj,Istočni Stari Grad,Ž,ortodox,538
2013,Broj,Istočno Novo Sarajevo,Oba spola,ortodox,10044
2013,Broj,Istočno Novo Sarajevo,M,ortodox,4796
2013,Broj,Istočno Novo Sarajevo,Ž,ortodox,5248
2013,Broj,Jezero,Oba spola,ortodox,780
2013,Broj,Jezero,M,ortodox,412
2013,Broj,Jezero,Ž,ortodox,368
2013,Broj,Kalinovik,Oba spola,ortodox,1905
2013,Broj,Kalinovik,M,ortodox,923
2013,Broj,Kalinovik,Ž,ortodox,982
2013,Broj,Kneževo,Oba spola,ortodox,8866
2013,Broj,Kneževo,M,ortodox,4408
2013,Broj,Kneževo,Ž,ortodox,4458
2013,Broj,Kozarska Dubica,Oba spola,ortodox,18103
2013,Broj,Kozarska Dubica,M,ortodox,8909
2013,Broj,Kozarska Dubica,Ž,ortodox,9194
2013,Broj,Kostajnica,Oba spola,ortodox,4190
2013,Broj,Kostajnica,M,ortodox,2080
2013,Broj,Kostajnica,Ž,ortodox,2110
2013,Broj,Kotor Varoš,Oba spola,ortodox,12645
2013,Broj,Kotor Varoš,M,ortodox,6263
2013,Broj,Kotor Varoš,Ž,ortodox,6382
2013,Broj,Krupa Na Uni,Oba spola,ortodox,1554
2013,Broj,Krupa Na Uni,M,ortodox,840
2013,Broj,Krupa Na Uni,Ž,ortodox,714
2013,Broj,Kupres,Oba spola,ortodox,292
2013,Broj,Kupres,M,ortodox,156
2013,Broj,Kupres,Ž,ortodox,136
2013,Broj,Laktaši,Oba spola,ortodox,32907
2013,Broj,Laktaši,M,ortodox,16334
2013,Broj,Laktaši,Ž,ortodox,16573
2013,Broj,Lopare,Oba spola,ortodox,13273
2013,Broj,Lopare,M,ortodox,6700
2013,Broj,Lopare,Ž,ortodox,6573
2013,Broj,Ljubinje,Oba spola,ortodox,3295
2013,Broj,Ljubinje,M,ortodox,1621
2013,Broj,Ljubinje,Ž,ortodox,1674
2013,Broj,Milići,Oba spola,ortodox,6835
2013,Broj,Milići,M,ortodox,3469
2013,Broj,Milići,Ž,ortodox,3366
2013,Broj,Modriča,Oba spola,ortodox,19482
2013,Broj,Modriča,M,ortodox,9579
2013,Broj,Modriča,Ž,ortodox,9903
2013,Broj,Mrkonjić Grad,Oba spola,ortodox,15334
2013,Broj,Mrkonjić Grad,M,ortodox,7387
2013,Broj,Mrkonjić Grad,Ž,ortodox,7947
2013,Broj,Nevesinje,Oba spola,ortodox,11973
2013,Broj,Nevesinje,M,ortodox,5955
2013,Broj,Nevesinje,Ž,ortodox,6018
2013,Broj,Novi Grad,Oba spola,ortodox,19443
2013,Broj,Novi Grad,M,ortodox,9725
2013,Broj,Novi Grad,Ž,ortodox,9718
2013,Broj,Novo Goražde,Oba spola,ortodox,1563
2013,Broj,Novo Goražde,M,ortodox,822
2013,Broj,Novo Goražde,Ž,ortodox,741
2013,Broj,Osmaci,Oba spola,ortodox,2848
2013,Broj,Osmaci,M,ortodox,1446
2013,Broj,Osmaci,Ž,ortodox,1402
2013,Broj,Oštra Luka,Oba spola,ortodox,2503
2013,Broj,Oštra Luka,M,ortodox,1290
2013,Broj,Oštra Luka,Ž,ortodox,1213
2013,Broj,Pale,Oba spola,ortodox,19901
2013,Broj,Pale,M,ortodox,9546
2013,Broj,Pale,Ž,ortodox,10355
2013,Broj,Pelagićevo,Oba spola,ortodox,3152
2013,Broj,Pelagićevo,M,ortodox,1566
2013,Broj,Pelagićevo,Ž,ortodox,1586
2013,Broj,Petrovac,Oba spola,ortodox,352
2013,Broj,Petrovac,M,ortodox,168
2013,Broj,Petrovac,Ž,ortodox,184
2013,Broj,Petrovo,Oba spola,ortodox,6221
2013,Broj,Petrovo,M,ortodox,3004
2013,Broj,Petrovo,Ž,ortodox,3217
2013,Broj,Grad Prijedor,Oba spola,ortodox,53842
2013,Broj,Grad Prijedor,M,ortodox,26540
2013,Broj,Grad Prijedor,Ž,ortodox,27302
2013,Broj,Prnjavor,Oba spola,ortodox,29944
2013,Broj,Prnjavor,M,ortodox,14579
2013,Broj,Prnjavor,Ž,ortodox,15365
2013,Broj,Ribnik,Oba spola,ortodox,5824
2013,Broj,Ribnik,M,ortodox,2886
2013,Broj,Ribnik,Ž,ortodox,2938
2013,Broj,Rogatica,Oba spola,ortodox,9199
2013,Broj,Rogatica,M,ortodox,4492
2013,Broj,Rogatica,Ž,ortodox,4707
2013,Broj,Rudo,Oba spola,ortodox,6968
2013,Broj,Rudo,M,ortodox,3521
2013,Broj,Rudo,Ž,ortodox,3447
2013,Broj,Sokolac,Oba spola,ortodox,10897
2013,Broj,Sokolac,M,ortodox,5356
2013,Broj,Sokolac,Ž,ortodox,5541
2013,Broj,Srbac,Oba spola,ortodox,16110
2013,Broj,Srbac,M,ortodox,7932
2013,Broj,Srbac,Ž,ortodox,8178
2013,Broj,Srebrenica,Oba spola,ortodox,5418
2013,Broj,Srebrenica,M,ortodox,2721
2013,Broj,Srebrenica,Ž,ortodox,2697
2013,Broj,Teslić,Oba spola,ortodox,28140
2013,Broj,Teslić,M,ortodox,13523
2013,Broj,Teslić,Ž,ortodox,14617
2013,Broj,Grad Trebinje,Oba spola,ortodox,26669
2013,Broj,Grad Trebinje,M,ortodox,13054
2013,Broj,Grad Trebinje,Ž,ortodox,13615
2013,Broj,Trnovo,Oba spola,ortodox,1135
2013,Broj,Trnovo,M,ortodox,537
2013,Broj,Trnovo,Ž,ortodox,598
2013,Broj,Ugljevik,Oba spola,ortodox,13016
2013,Broj,Ugljevik,M,ortodox,6602
2013,Broj,Ugljevik,Ž,ortodox,6414
2013,Broj,Foča,Oba spola,ortodox,16163
2013,Broj,Foča,M,ortodox,8138
2013,Broj,Foča,Ž,ortodox,8025
2013,Broj,Han Pijesak,Oba spola,ortodox,2998
2013,Broj,Han Pijesak,M,ortodox,1416
2013,Broj,Han Pijesak,Ž,ortodox,1582
2013,Broj,Čajniče,Oba spola,ortodox,3812
2013,Broj,Čajniče,M,ortodox,1895
2013,Broj,Čajniče,Ž,ortodox,1917
2013,Broj,Čelinac,Oba spola,ortodox,14538
2013,Broj,Čelinac,M,ortodox,7205
2013,Broj,Čelinac,Ž,ortodox,7333
2013,Broj,Šamac,Oba spola,ortodox,12833
2013,Broj,Šamac,M,ortodox,6262
2013,Broj,Šamac,Ž,ortodox,6571
2013,Broj,Šekovići,Oba spola,ortodox,6188
2013,Broj,Šekovići,M,ortodox,3035
2013,Broj,Šekovići,Ž,ortodox,3153
2013,Broj,Šipovo,Oba spola,ortodox,9298
2013,Broj,Šipovo,M,ortodox,4709
2013,Broj,Šipovo,Ž,ortodox,4589
2013,Broj,Republika Srpska,Oba spola,agnostic,1223
2013,Broj,Republika Srpska,M,agnostic,610
2013,Broj,Republika Srpska,Ž,agnostic,613
2013,Broj,Grad Banja Luka,Oba spola,agnostic,592
2013,Broj,Grad Banja Luka,M,agnostic,285
2013,Broj,Grad Banja Luka,Ž,agnostic,307
2013,Broj,Berkovići,Oba spola,agnostic,0
2013,Broj,Berkovići,M,agnostic,0
2013,Broj,Berkovići,Ž,agnostic,0
2013,Broj,Grad Bijeljina,Oba spola,agnostic,60
2013,Broj,Grad Bijeljina,M,agnostic,33
2013,Broj,Grad Bijeljina,Ž,agnostic,27
2013,Broj,Bileća,Oba spola,agnostic,1
2013,Broj,Bileća,M,agnostic,1
2013,Broj,Bileća,Ž,agnostic,0
2013,Broj,Bratunac,Oba spola,agnostic,2
2013,Broj,Bratunac,M,agnostic,1
2013,Broj,Bratunac,Ž,agnostic,1
2013,Broj,Brod,Oba spola,agnostic,15
2013,Broj,Brod,M,agnostic,7
2013,Broj,Brod,Ž,agnostic,8
2013,Broj,Višegrad,Oba spola,agnostic,2
2013,Broj,Višegrad,M,agnostic,2
2013,Broj,Višegrad,Ž,agnostic,0
2013,Broj,Vlasenica,Oba spola,agnostic,2
2013,Broj,Vlasenica,M,agnostic,1
2013,Broj,Vlasenica,Ž,agnostic,1
2013,Broj,Vukosavlje,Oba spola,agnostic,1
2013,Broj,Vukosavlje,M,agnostic,1
2013,Broj,Vukosavlje,Ž,agnostic,0
2013,Broj,Gacko,Oba spola,agnostic,1
2013,Broj,Gacko,M,agnostic,0
2013,Broj,Gacko,Ž,agnostic,1
2013,Broj,Grad Gradiška,Oba spola,agnostic,45
2013,Broj,Grad Gradiška,M,agnostic,28
2013,Broj,Grad Gradiška,Ž,agnostic,17
2013,Broj,Grad Derventa,Oba spola,agnostic,19
2013,Broj,Grad Derventa,M,agnostic,9
2013,Broj,Grad Derventa,Ž,agnostic,10
2013,Broj,Grad Doboj,Oba spola,agnostic,71
2013,Broj,Grad Doboj,M,agnostic,40
2013,Broj,Grad Doboj,Ž,agnostic,31
2013,Broj,Donji Žabar,Oba spola,agnostic,1
2013,Broj,Donji Žabar,M,agnostic,0
2013,Broj,Donji Žabar,Ž,agnostic,1
2013,Broj,Grad Zvornik,Oba spola,agnostic,9
2013,Broj,Grad Zvornik,M,agnostic,5
2013,Broj,Grad Zvornik,Ž,agnostic,4
2013,Broj,Istočna Ilidža,Oba spola,agnostic,17
2013,Broj,Istočna Ilidža,M,agnostic,8
2013,Broj,Istočna Ilidža,Ž,agnostic,9
2013,Broj,Istočni Drvar,Oba spola,agnostic,0
2013,Broj,Istočni Drvar,M,agnostic,0
2013,Broj,Istočni Drvar,Ž,agnostic,0
2013,Broj,Istočni Mostar,Oba spola,agnostic,0
2013,Broj,Istočni Mostar,M,agnostic,0
2013,Broj,Istočni Mostar,Ž,agnostic,0
2013,Broj,Istočni Stari Grad,Oba spola,agnostic,0
2013,Broj,Istočni Stari Grad,M,agnostic,0
2013,Broj,Istočni Stari Grad,Ž,agnostic,0
2013,Broj,Istočno Novo Sarajevo,Oba spola,agnostic,23
2013,Broj,Istočno Novo Sarajevo,M,agnostic,8
2013,Broj,Istočno Novo Sarajevo,Ž,agnostic,15
2013,Broj,Jezero,Oba spola,agnostic,0
2013,Broj,Jezero,M,agnostic,0
2013,Broj,Jezero,Ž,agnostic,0
2013,Broj,Kalinovik,Oba spola,agnostic,2
2013,Broj,Kalinovik,M,agnostic,0
2013,Broj,Kalinovik,Ž,agnostic,2
2013,Broj,Kneževo,Oba spola,agnostic,0
2013,Broj,Kneževo,M,agnostic,0
2013,Broj,Kneževo,Ž,agnostic,0
2013,Broj,Kozarska Dubica,Oba spola,agnostic,17
2013,Broj,Kozarska Dubica,M,agnostic,5
2013,Broj,Kozarska Dubica,Ž,agnostic,12
2013,Broj,Kostajnica,Oba spola,agnostic,3
2013,Broj,Kostajnica,M,agnostic,3
2013,Broj,Kostajnica,Ž,agnostic,0
2013,Broj,Kotor Varoš,Oba spola,agnostic,10
2013,Broj,Kotor Varoš,M,agnostic,6
2013,Broj,Kotor Varoš,Ž,agnostic,4
2013,Broj,Krupa Na Uni,Oba spola,agnostic,0
2013,Broj,Krupa Na Uni,M,agnostic,0
2013,Broj,Krupa Na Uni,Ž,agnostic,0
2013,Broj,Kupres,Oba spola,agnostic,0
2013,Broj,Kupres,M,agnostic,0
2013,Broj,Kupres,Ž,agnostic,0
2013,Broj,Laktaši,Oba spola,agnostic,35
2013,Broj,Laktaši,M,agnostic,19
2013,Broj,Laktaši,Ž,agnostic,16
2013,Broj,Lopare,Oba spola,agnostic,4
2013,Broj,Lopare,M,agnostic,0
2013,Broj,Lopare,Ž,agnostic,4
2013,Broj,Ljubinje,Oba spola,agnostic,0
2013,Broj,Ljubinje,M,agnostic,0
2013,Broj,Ljubinje,Ž,agnostic,0
2013,Broj,Milići,Oba spola,agnostic,0
2013,Broj,Milići,M,agnostic,0
2013,Broj,Milići,Ž,agnostic,0
2013,Broj,Modriča,Oba spola,agnostic,26
2013,Broj,Modriča,M,agnostic,13
2013,Broj,Modriča,Ž,agnostic,13
2013,Broj,Mrkonjić Grad,Oba spola,agnostic,8
2013,Broj,Mrkonjić Grad,M,agnostic,5
2013,Broj,Mrkonjić Grad,Ž,agnostic,3
2013,Broj,Nevesinje,Oba spola,agnostic,3
2013,Broj,Nevesinje,M,agnostic,1
2013,Broj,Nevesinje,Ž,agnostic,2
2013,Broj,Novi Grad,Oba spola,agnostic,9
2013,Broj,Novi Grad,M,agnostic,5
2013,Broj,Novi Grad,Ž,agnostic,4
2013,Broj,Novo Goražde,Oba spola,agnostic,0
2013,Broj,Novo Goražde,M,agnostic,0
2013,Broj,Novo Goražde,Ž,agnostic,0
2013,Broj,Osmaci,Oba spola,agnostic,0
2013,Broj,Osmaci,M,agnostic,0
2013,Broj,Osmaci,Ž,agnostic,0
2013,Broj,Oštra Luka,Oba spola,agnostic,2
2013,Broj,Oštra Luka,M,agnostic,1
2013,Broj,Oštra Luka,Ž,agnostic,1
2013,Broj,Pale,Oba spola,agnostic,15
2013,Broj,Pale,M,agnostic,9
2013,Broj,Pale,Ž,agnostic,6
2013,Broj,Pelagićevo,Oba spola,agnostic,0
2013,Broj,Pelagićevo,M,agnostic,0
2013,Broj,Pelagićevo,Ž,agnostic,0
2013,Broj,Petrovac,Oba spola,agnostic,0
2013,Broj,Petrovac,M,agnostic,0
2013,Broj,Petrovac,Ž,agnostic,0
2013,Broj,Petrovo,Oba spola,agnostic,1
2013,Broj,Petrovo,M,agnostic,1
2013,Broj,Petrovo,Ž,agnostic,0
2013,Broj,Grad Prijedor,Oba spola,agnostic,84
2013,Broj,Grad Prijedor,M,agnostic,48
2013,Broj,Grad Prijedor,Ž,agnostic,36
2013,Broj,Prnjavor,Oba spola,agnostic,25
2013,Broj,Prnjavor,M,agnostic,11
2013,Broj,Prnjavor,Ž,agnostic,14
2013,Broj,Ribnik,Oba spola,agnostic,0
2013,Broj,Ribnik,M,agnostic,0
2013,Broj,Ribnik,Ž,agnostic,0
2013,Broj,Rogatica,Oba spola,agnostic,2
2013,Broj,Rogatica,M,agnostic,2
2013,Broj,Rogatica,Ž,agnostic,0
2013,Broj,Rudo,Oba spola,agnostic,1
2013,Broj,Rudo,M,agnostic,1
2013,Broj,Rudo,Ž,agnostic,0
2013,Broj,Sokolac,Oba spola,agnostic,2
2013,Broj,Sokolac,M,agnostic,0
2013,Broj,Sokolac,Ž,agnostic,2
2013,Broj,Srbac,Oba spola,agnostic,7
2013,Broj,Srbac,M,agnostic,5
2013,Broj,Srbac,Ž,agnostic,2
2013,Broj,Srebrenica,Oba spola,agnostic,1
2013,Broj,Srebrenica,M,agnostic,0
2013,Broj,Srebrenica,Ž,agnostic,1
2013,Broj,Teslić,Oba spola,agnostic,37
2013,Broj,Teslić,M,agnostic,15
2013,Broj,Teslić,Ž,agnostic,22
2013,Broj,Grad Trebinje,Oba spola,agnostic,32
2013,Broj,Grad Trebinje,M,agnostic,14
2013,Broj,Grad Trebinje,Ž,agnostic,18
2013,Broj,Trnovo,Oba spola,agnostic,3
2013,Broj,Trnovo,M,agnostic,2
2013,Broj,Trnovo,Ž,agnostic,1
2013,Broj,Ugljevik,Oba spola,agnostic,1
2013,Broj,Ugljevik,M,agnostic,1
2013,Broj,Ugljevik,Ž,agnostic,0
2013,Broj,Foča,Oba spola,agnostic,3
2013,Broj,Foča,M,agnostic,1
2013,Broj,Foča,Ž,agnostic,2
2013,Broj,Han Pijesak,Oba spola,agnostic,1
2013,Broj,Han Pijesak,M,agnostic,0
2013,Broj,Han Pijesak,Ž,agnostic,1
2013,Broj,Čajniče,Oba spola,agnostic,1
2013,Broj,Čajniče,M,agnostic,0
2013,Broj,Čajniče,Ž,agnostic,1
2013,Broj,Čelinac,Oba spola,agnostic,8
2013,Broj,Čelinac,M,agnostic,4
2013,Broj,Čelinac,Ž,agnostic,4
2013,Broj,Šamac,Oba spola,agnostic,18
2013,Broj,Šamac,M,agnostic,8
2013,Broj,Šamac,Ž,agnostic,10
2013,Broj,Šekovići,Oba spola,agnostic,1
2013,Broj,Šekovići,M,agnostic,1
2013,Broj,Šekovići,Ž,agnostic,0
2013,Broj,Šipovo,Oba spola,agnostic,0
2013,Broj,Šipovo,M,agnostic,0
2013,Broj,Šipovo,Ž,agnostic,0
2013,Broj,Republika Srpska,Oba spola,atheist,5784
2013,Broj,Republika Srpska,M,atheist,3146
2013,Broj,Republika Srpska,Ž,atheist,2638
2013,Broj,Grad Banja Luka,Oba spola,atheist,2593
2013,Broj,Grad Banja Luka,M,atheist,1342
2013,Broj,Grad Banja Luka,Ž,atheist,1251
2013,Broj,Berkovići,Oba spola,atheist,2
2013,Broj,Berkovići,M,atheist,1
2013,Broj,Berkovići,Ž,atheist,1
2013,Broj,Grad Bijeljina,Oba spola,atheist,345
2013,Broj,Grad Bijeljina,M,atheist,218
2013,Broj,Grad Bijeljina,Ž,atheist,127
2013,Broj,Bileća,Oba spola,atheist,7
2013,Broj,Bileća,M,atheist,5
2013,Broj,Bileća,Ž,atheist,2
2013,Broj,Bratunac,Oba spola,atheist,8
2013,Broj,Bratunac,M,atheist,5
2013,Broj,Bratunac,Ž,atheist,3
2013,Broj,Brod,Oba spola,atheist,113
2013,Broj,Brod,M,atheist,59
2013,Broj,Brod,Ž,atheist,54
2013,Broj,Višegrad,Oba spola,atheist,21
2013,Broj,Višegrad,M,atheist,15
2013,Broj,Višegrad,Ž,atheist,6
2013,Broj,Vlasenica,Oba spola,atheist,16
2013,Broj,Vlasenica,M,atheist,10
2013,Broj,Vlasenica,Ž,atheist,6
2013,Broj,Vukosavlje,Oba spola,atheist,9
2013,Broj,Vukosavlje,M,atheist,7
2013,Broj,Vukosavlje,Ž,atheist,2
2013,Broj,Gacko,Oba spola,atheist,3
2013,Broj,Gacko,M,atheist,1
2013,Broj,Gacko,Ž,atheist,2
2013,Broj,Grad Gradiška,Oba spola,atheist,223
2013,Broj,Grad Gradiška,M,atheist,126
2013,Broj,Grad Gradiška,Ž,atheist,97
2013,Broj,Grad Derventa,Oba spola,atheist,100
2013,Broj,Grad Derventa,M,atheist,51
2013,Broj,Grad Derventa,Ž,atheist,49
2013,Broj,Grad Doboj,Oba spola,atheist,378
2013,Broj,Grad Doboj,M,atheist,200
2013,Broj,Grad Doboj,Ž,atheist,178
2013,Broj,Donji Žabar,Oba spola,atheist,0
2013,Broj,Donji Žabar,M,atheist,0
2013,Broj,Donji Žabar,Ž,atheist,0
2013,Broj,Grad Zvornik,Oba spola,atheist,59
2013,Broj,Grad Zvornik,M,atheist,36
2013,Broj,Grad Zvornik,Ž,atheist,23
2013,Broj,Istočna Ilidža,Oba spola,atheist,60
2013,Broj,Istočna Ilidža,M,atheist,27
2013,Broj,Istočna Ilidža,Ž,atheist,33
2013,Broj,Istočni Drvar,Oba spola,atheist,0
2013,Broj,Istočni Drvar,M,atheist,0
2013,Broj,Istočni Drvar,Ž,atheist,0
2013,Broj,Istočni Mostar,Oba spola,atheist,0
2013,Broj,Istočni Mostar,M,atheist,0
2013,Broj,Istočni Mostar,Ž,atheist,0
2013,Broj,Istočni Stari Grad,Oba spola,atheist,2
2013,Broj,Istočni Stari Grad,M,atheist,1
2013,Broj,Istočni Stari Grad,Ž,atheist,1
2013,Broj,Istočno Novo Sarajevo,Oba spola,atheist,37
2013,Broj,Istočno Novo Sarajevo,M,atheist,18
2013,Broj,Istočno Novo Sarajevo,Ž,atheist,19
2013,Broj,Jezero,Oba spola,atheist,3
2013,Broj,Jezero,M,atheist,2
2013,Broj,Jezero,Ž,atheist,1
2013,Broj,Kalinovik,Oba spola,atheist,0
2013,Broj,Kalinovik,M,atheist,0
2013,Broj,Kalinovik,Ž,atheist,0
2013,Broj,Kneževo,Oba spola,atheist,5
2013,Broj,Kneževo,M,atheist,3
2013,Broj,Kneževo,Ž,atheist,2
2013,Broj,Kozarska Dubica,Oba spola,atheist,130
2013,Broj,Kozarska Dubica,M,atheist,68
2013,Broj,Kozarska Dubica,Ž,atheist,62
2013,Broj,Kostajnica,Oba spola,atheist,16
2013,Broj,Kostajnica,M,atheist,12
2013,Broj,Kostajnica,Ž,atheist,4
2013,Broj,Kotor Varoš,Oba spola,atheist,56
2013,Broj,Kotor Varoš,M,atheist,34
2013,Broj,Kotor Varoš,Ž,atheist,22
2013,Broj,Krupa Na Uni,Oba spola,atheist,0
2013,Broj,Krupa Na Uni,M,atheist,0
2013,Broj,Krupa Na Uni,Ž,atheist,0
2013,Broj,Kupres,Oba spola,atheist,0
2013,Broj,Kupres,M,atheist,0
2013,Broj,Kupres,Ž,atheist,0
2013,Broj,Laktaši,Oba spola,atheist,96
2013,Broj,Laktaši,M,atheist,57
2013,Broj,Laktaši,Ž,atheist,39
2013,Broj,Lopare,Oba spola,atheist,21
2013,Broj,Lopare,M,atheist,12
2013,Broj,Lopare,Ž,atheist,9
2013,Broj,Ljubinje,Oba spola,atheist,1
2013,Broj,Ljubinje,M,atheist,1
2013,Broj,Ljubinje,Ž,atheist,0
2013,Broj,Milići,Oba spola,atheist,3
2013,Broj,Milići,M,atheist,3
2013,Broj,Milići,Ž,atheist,0
2013,Broj,Modriča,Oba spola,atheist,98
2013,Broj,Modriča,M,atheist,53
2013,Broj,Modriča,Ž,atheist,45
2013,Broj,Mrkonjić Grad,Oba spola,atheist,28
2013,Broj,Mrkonjić Grad,M,atheist,13
2013,Broj,Mrkonjić Grad,Ž,atheist,15
2013,Broj,Nevesinje,Oba spola,atheist,8
2013,Broj,Nevesinje,M,atheist,3
2013,Broj,Nevesinje,Ž,atheist,5
2013,Broj,Novi Grad,Oba spola,atheist,81
2013,Broj,Novi Grad,M,atheist,36
2013,Broj,Novi Grad,Ž,atheist,45
2013,Broj,Novo Goražde,Oba spola,atheist,0
2013,Broj,Novo Goražde,M,atheist,0
2013,Broj,Novo Goražde,Ž,atheist,0
2013,Broj,Osmaci,Oba spola,atheist,1
2013,Broj,Osmaci,M,atheist,1
2013,Broj,Osmaci,Ž,atheist,0
2013,Broj,Oštra Luka,Oba spola,atheist,4
2013,Broj,Oštra Luka,M,atheist,3
2013,Broj,Oštra Luka,Ž,atheist,1
2013,Broj,Pale,Oba spola,atheist,47
2013,Broj,Pale,M,atheist,23
2013,Broj,Pale,Ž,atheist,24
2013,Broj,Pelagićevo,Oba spola,atheist,1
2013,Broj,Pelagićevo,M,atheist,0
2013,Broj,Pelagićevo,Ž,atheist,1
2013,Broj,Petrovac,Oba spola,atheist,2
2013,Broj,Petrovac,M,atheist,1
2013,Broj,Petrovac,Ž,atheist,1
2013,Broj,Petrovo,Oba spola,atheist,10
2013,Broj,Petrovo,M,atheist,7
2013,Broj,Petrovo,Ž,atheist,3
2013,Broj,Grad Prijedor,Oba spola,atheist,511
2013,Broj,Grad Prijedor,M,atheist,277
2013,Broj,Grad Prijedor,Ž,atheist,234
2013,Broj,Prnjavor,Oba spola,atheist,102
2013,Broj,Prnjavor,M,atheist,65
2013,Broj,Prnjavor,Ž,atheist,37
2013,Broj,Ribnik,Oba spola,atheist,3
2013,Broj,Ribnik,M,atheist,2
2013,Broj,Ribnik,Ž,atheist,1
2013,Broj,Rogatica,Oba spola,atheist,20
2013,Broj,Rogatica,M,atheist,13
2013,Broj,Rogatica,Ž,atheist,7
2013,Broj,Rudo,Oba spola,atheist,11
2013,Broj,Rudo,M,atheist,9
2013,Broj,Rudo,Ž,atheist,2
2013,Broj,Sokolac,Oba spola,atheist,14
2013,Broj,Sokolac,M,atheist,11
2013,Broj,Sokolac,Ž,atheist,3
2013,Broj,Srbac,Oba spola,atheist,46
2013,Broj,Srbac,M,atheist,28
2013,Broj,Srbac,Ž,atheist,18
2013,Broj,Srebrenica,Oba spola,atheist,14
2013,Broj,Srebrenica,M,atheist,10
2013,Broj,Srebrenica,Ž,atheist,4
2013,Broj,Teslić,Oba spola,atheist,167
2013,Broj,Teslić,M,atheist,89
2013,Broj,Teslić,Ž,atheist,78
2013,Broj,Grad Trebinje,Oba spola,atheist,118
2013,Broj,Grad Trebinje,M,atheist,62
2013,Broj,Grad Trebinje,Ž,atheist,56
2013,Broj,Trnovo,Oba spola,atheist,7
2013,Broj,Trnovo,M,atheist,5
2013,Broj,Trnovo,Ž,atheist,2
2013,Broj,Ugljevik,Oba spola,atheist,22
2013,Broj,Ugljevik,M,atheist,16
2013,Broj,Ugljevik,Ž,atheist,6
2013,Broj,Foča,Oba spola,atheist,34
2013,Broj,Foča,M,atheist,19
2013,Broj,Foča,Ž,atheist,15
2013,Broj,Han Pijesak,Oba spola,atheist,1
2013,Broj,Han Pijesak,M,atheist,1
2013,Broj,Han Pijesak,Ž,atheist,0
2013,Broj,Čajniče,Oba spola,atheist,4
2013,Broj,Čajniče,M,atheist,3
2013,Broj,Čajniče,Ž,atheist,1
2013,Broj,Čelinac,Oba spola,atheist,23
2013,Broj,Čelinac,M,atheist,12
2013,Broj,Čelinac,Ž,atheist,11
2013,Broj,Šamac,Oba spola,atheist,81
2013,Broj,Šamac,M,atheist,56
2013,Broj,Šamac,Ž,atheist,25
2013,Broj,Šekovići,Oba spola,atheist,6
2013,Broj,Šekovići,M,atheist,5
2013,Broj,Šekovići,Ž,atheist,1
2013,Broj,Šipovo,Oba spola,atheist,13
2013,Broj,Šipovo,M,atheist,9
2013,Broj,Šipovo,Ž,atheist,4
2013,Broj,Republika Srpska,Oba spola,Drugo,8729
2013,Broj,Republika Srpska,M,Drugo,4319
2013,Broj,Republika Srpska,Ž,Drugo,4410
2013,Broj,Grad Banja Luka,Oba spola,Drugo,1230
2013,Broj,Grad Banja Luka,M,Drugo,620
2013,Broj,Grad Banja Luka,Ž,Drugo,610
2013,Broj,Berkovići,Oba spola,Drugo,3
2013,Broj,Berkovići,M,Drugo,2
2013,Broj,Berkovići,Ž,Drugo,1
2013,Broj,Grad Bijeljina,Oba spola,Drugo,944
2013,Broj,Grad Bijeljina,M,Drugo,471
2013,Broj,Grad Bijeljina,Ž,Drugo,473
2013,Broj,Bileća,Oba spola,Drugo,26
2013,Broj,Bileća,M,Drugo,15
2013,Broj,Bileća,Ž,Drugo,11
2013,Broj,Bratunac,Oba spola,Drugo,237
2013,Broj,Bratunac,M,Drugo,121
2013,Broj,Bratunac,Ž,Drugo,116
2013,Broj,Brod,Oba spola,Drugo,98
2013,Broj,Brod,M,Drugo,52
2013,Broj,Brod,Ž,Drugo,46
2013,Broj,Višegrad,Oba spola,Drugo,76
2013,Broj,Višegrad,M,Drugo,40
2013,Broj,Višegrad,Ž,Drugo,36
2013,Broj,Vlasenica,Oba spola,Drugo,115
2013,Broj,Vlasenica,M,Drugo,42
2013,Broj,Vlasenica,Ž,Drugo,73
2013,Broj,Vukosavlje,Oba spola,Drugo,30
2013,Broj,Vukosavlje,M,Drugo,15
2013,Broj,Vukosavlje,Ž,Drugo,15
2013,Broj,Gacko,Oba spola,Drugo,16
2013,Broj,Gacko,M,Drugo,9
2013,Broj,Gacko,Ž,Drugo,7
2013,Broj,Grad Gradiška,Oba spola,Drugo,321
2013,Broj,Grad Gradiška,M,Drugo,168
2013,Broj,Grad Gradiška,Ž,Drugo,153
2013,Broj,Grad Derventa,Oba spola,Drugo,141
2013,Broj,Grad Derventa,M,Drugo,67
2013,Broj,Grad Derventa,Ž,Drugo,74
2013,Broj,Grad Doboj,Oba spola,Drugo,845
2013,Broj,Grad Doboj,M,Drugo,412
2013,Broj,Grad Doboj,Ž,Drugo,433
2013,Broj,Donji Žabar,Oba spola,Drugo,21
2013,Broj,Donji Žabar,M,Drugo,8
2013,Broj,Donji Žabar,Ž,Drugo,13
2013,Broj,Grad Zvornik,Oba spola,Drugo,186
2013,Broj,Grad Zvornik,M,Drugo,90
2013,Broj,Grad Zvornik,Ž,Drugo,96
2013,Broj,Istočna Ilidža,Oba spola,Drugo,28
2013,Broj,Istočna Ilidža,M,Drugo,18
2013,Broj,Istočna Ilidža,Ž,Drugo,10
2013,Broj,Istočni Drvar,Oba spola,Drugo,0
2013,Broj,Istočni Drvar,M,Drugo,0
2013,Broj,Istočni Drvar,Ž,Drugo,0
2013,Broj,Istočni Mostar,Oba spola,Drugo,1
2013,Broj,Istočni Mostar,M,Drugo,1
2013,Broj,Istočni Mostar,Ž,Drugo,0
2013,Broj,Istočni Stari Grad,Oba spola,Drugo,5
2013,Broj,Istočni Stari Grad,M,Drugo,2
2013,Broj,Istočni Stari Grad,Ž,Drugo,3
2013,Broj,Istočno Novo Sarajevo,Oba spola,Drugo,16
2013,Broj,Istočno Novo Sarajevo,M,Drugo,10
2013,Broj,Istočno Novo Sarajevo,Ž,Drugo,6
2013,Broj,Jezero,Oba spola,Drugo,0
2013,Broj,Jezero,M,Drugo,0
2013,Broj,Jezero,Ž,Drugo,0
2013,Broj,Kalinovik,Oba spola,Drugo,3
2013,Broj,Kalinovik,M,Drugo,2
2013,Broj,Kalinovik,Ž,Drugo,1
2013,Broj,Kneževo,Oba spola,Drugo,68
2013,Broj,Kneževo,M,Drugo,29
2013,Broj,Kneževo,Ž,Drugo,39
2013,Broj,Kozarska Dubica,Oba spola,Drugo,83
2013,Broj,Kozarska Dubica,M,Drugo,37
2013,Broj,Kozarska Dubica,Ž,Drugo,46
2013,Broj,Kostajnica,Oba spola,Drugo,13
2013,Broj,Kostajnica,M,Drugo,9
2013,Broj,Kostajnica,Ž,Drugo,4
2013,Broj,Kotor Varoš,Oba spola,Drugo,236
2013,Broj,Kotor Varoš,M,Drugo,120
2013,Broj,Kotor Varoš,Ž,Drugo,116
2013,Broj,Krupa Na Uni,Oba spola,Drugo,0
2013,Broj,Krupa Na Uni,M,Drugo,0
2013,Broj,Krupa Na Uni,Ž,Drugo,0
2013,Broj,Kupres,Oba spola,Drugo,0
2013,Broj,Kupres,M,Drugo,0
2013,Broj,Kupres,Ž,Drugo,0
2013,Broj,Laktaši,Oba spola,Drugo,278
2013,Broj,Laktaši,M,Drugo,147
2013,Broj,Laktaši,Ž,Drugo,131
2013,Broj,Lopare,Oba spola,Drugo,1
2013,Broj,Lopare,M,Drugo,0
2013,Broj,Lopare,Ž,Drugo,1
2013,Broj,Ljubinje,Oba spola,Drugo,1
2013,Broj,Ljubinje,M,Drugo,1
2013,Broj,Ljubinje,Ž,Drugo,0
2013,Broj,Milići,Oba spola,Drugo,34
2013,Broj,Milići,M,Drugo,19
2013,Broj,Milići,Ž,Drugo,15
2013,Broj,Modriča,Oba spola,Drugo,211
2013,Broj,Modriča,M,Drugo,98
2013,Broj,Modriča,Ž,Drugo,113
2013,Broj,Mrkonjić Grad,Oba spola,Drugo,9
2013,Broj,Mrkonjić Grad,M,Drugo,6
2013,Broj,Mrkonjić Grad,Ž,Drugo,3
2013,Broj,Nevesinje,Oba spola,Drugo,8
2013,Broj,Nevesinje,M,Drugo,4
2013,Broj,Nevesinje,Ž,Drugo,4
2013,Broj,Novi Grad,Oba spola,Drugo,134
2013,Broj,Novi Grad,M,Drugo,60
2013,Broj,Novi Grad,Ž,Drugo,74
2013,Broj,Novo Goražde,Oba spola,Drugo,19
2013,Broj,Novo Goražde,M,Drugo,9
2013,Broj,Novo Goražde,Ž,Drugo,10
2013,Broj,Osmaci,Oba spola,Drugo,41
2013,Broj,Osmaci,M,Drugo,26
2013,Broj,Osmaci,Ž,Drugo,15
2013,Broj,Oštra Luka,Oba spola,Drugo,23
2013,Broj,Oštra Luka,M,Drugo,15
2013,Broj,Oštra Luka,Ž,Drugo,8
2013,Broj,Pale,Oba spola,Drugo,53
2013,Broj,Pale,M,Drugo,24
2013,Broj,Pale,Ž,Drugo,29
2013,Broj,Pelagićevo,Oba spola,Drugo,5
2013,Broj,Pelagićevo,M,Drugo,3
2013,Broj,Pelagićevo,Ž,Drugo,2
2013,Broj,Petrovac,Oba spola,Drugo,0
2013,Broj,Petrovac,M,Drugo,0
2013,Broj,Petrovac,Ž,Drugo,0
2013,Broj,Petrovo,Oba spola,Drugo,20
2013,Broj,Petrovo,M,Drugo,8
2013,Broj,Petrovo,Ž,Drugo,12
2013,Broj,Grad Prijedor,Oba spola,Drugo,1506
2013,Broj,Grad Prijedor,M,Drugo,722
2013,Broj,Grad Prijedor,Ž,Drugo,784
2013,Broj,Prnjavor,Oba spola,Drugo,611
2013,Broj,Prnjavor,M,Drugo,317
2013,Broj,Prnjavor,Ž,Drugo,294
2013,Broj,Ribnik,Oba spola,Drugo,12
2013,Broj,Ribnik,M,Drugo,8
2013,Broj,Ribnik,Ž,Drugo,4
2013,Broj,Rogatica,Oba spola,Drugo,48
2013,Broj,Rogatica,M,Drugo,21
2013,Broj,Rogatica,Ž,Drugo,27
2013,Broj,Rudo,Oba spola,Drugo,0
2013,Broj,Rudo,M,Drugo,0
2013,Broj,Rudo,Ž,Drugo,0
2013,Broj,Sokolac,Oba spola,Drugo,30
2013,Broj,Sokolac,M,Drugo,16
2013,Broj,Sokolac,Ž,Drugo,14
2013,Broj,Srbac,Oba spola,Drugo,95
2013,Broj,Srbac,M,Drugo,50
2013,Broj,Srbac,Ž,Drugo,45
2013,Broj,Srebrenica,Oba spola,Drugo,72
2013,Broj,Srebrenica,M,Drugo,36
2013,Broj,Srebrenica,Ž,Drugo,36
2013,Broj,Teslić,Oba spola,Drugo,316
2013,Broj,Teslić,M,Drugo,148
2013,Broj,Teslić,Ž,Drugo,168
2013,Broj,Grad Trebinje,Oba spola,Drugo,95
2013,Broj,Grad Trebinje,M,Drugo,42
2013,Broj,Grad Trebinje,Ž,Drugo,53
2013,Broj,Trnovo,Oba spola,Drugo,17
2013,Broj,Trnovo,M,Drugo,9
2013,Broj,Trnovo,Ž,Drugo,8
2013,Broj,Ugljevik,Oba spola,Drugo,2
2013,Broj,Ugljevik,M,Drugo,1
2013,Broj,Ugljevik,Ž,Drugo,1
2013,Broj,Foča,Oba spola,Drugo,104
2013,Broj,Foča,M,Drugo,53
2013,Broj,Foča,Ž,Drugo,51
2013,Broj,Han Pijesak,Oba spola,Drugo,5
2013,Broj,Han Pijesak,M,Drugo,3
2013,Broj,Han Pijesak,Ž,Drugo,2
2013,Broj,Čajniče,Oba spola,Drugo,16
2013,Broj,Čajniče,M,Drugo,7
2013,Broj,Čajniče,Ž,Drugo,9
2013,Broj,Čelinac,Oba spola,Drugo,44
2013,Broj,Čelinac,M,Drugo,20
2013,Broj,Čelinac,Ž,Drugo,24
2013,Broj,Šamac,Oba spola,Drugo,144
2013,Broj,Šamac,M,Drugo,68
2013,Broj,Šamac,Ž,Drugo,76
2013,Broj,Šekovići,Oba spola,Drugo,1
2013,Broj,Šekovići,M,Drugo,1
2013,Broj,Šekovići,Ž,Drugo,0
2013,Broj,Šipovo,Oba spola,Drugo,32
2013,Broj,Šipovo,M,Drugo,17
2013,Broj,Šipovo,Ž,Drugo,15
2013,Broj,Republika Srpska,Oba spola,does_not_declare,8028
2013,Broj,Republika Srpska,M,does_not_declare,3554
2013,Broj,Republika Srpska,Ž,does_not_declare,4474
2013,Broj,Grad Banja Luka,Oba spola,does_not_declare,2684
2013,Broj,Grad Banja Luka,M,does_not_declare,1186
2013,Broj,Grad Banja Luka,Ž,does_not_declare,1498
2013,Broj,Berkovići,Oba spola,does_not_declare,1
2013,Broj,Berkovići,M,does_not_declare,1
2013,Broj,Berkovići,Ž,does_not_declare,0
2013,Broj,Grad Bijeljina,Oba spola,does_not_declare,716
2013,Broj,Grad Bijeljina,M,does_not_declare,307
2013,Broj,Grad Bijeljina,Ž,does_not_declare,409
2013,Broj,Bileća,Oba spola,does_not_declare,30
2013,Broj,Bileća,M,does_not_declare,14
2013,Broj,Bileća,Ž,does_not_declare,16
2013,Broj,Bratunac,Oba spola,does_not_declare,21
2013,Broj,Bratunac,M,does_not_declare,9
2013,Broj,Bratunac,Ž,does_not_declare,12
2013,Broj,Brod,Oba spola,does_not_declare,160
2013,Broj,Brod,M,does_not_declare,60
2013,Broj,Brod,Ž,does_not_declare,100
2013,Broj,Višegrad,Oba spola,does_not_declare,18
2013,Broj,Višegrad,M,does_not_declare,9
2013,Broj,Višegrad,Ž,does_not_declare,9
2013,Broj,Vlasenica,Oba spola,does_not_declare,16
2013,Broj,Vlasenica,M,does_not_declare,8
2013,Broj,Vlasenica,Ž,does_not_declare,8
2013,Broj,Vukosavlje,Oba spola,does_not_declare,33
2013,Broj,Vukosavlje,M,does_not_declare,16
2013,Broj,Vukosavlje,Ž,does_not_declare,17
2013,Broj,Gacko,Oba spola,does_not_declare,6
2013,Broj,Gacko,M,does_not_declare,1
2013,Broj,Gacko,Ž,does_not_declare,5
2013,Broj,Grad Gradiška,Oba spola,does_not_declare,375
2013,Broj,Grad Gradiška,M,does_not_declare,155
2013,Broj,Grad Gradiška,Ž,does_not_declare,220
2013,Broj,Grad Derventa,Oba spola,does_not_declare,256
2013,Broj,Grad Derventa,M,does_not_declare,125
2013,Broj,Grad Derventa,Ž,does_not_declare,131
2013,Broj,Grad Doboj,Oba spola,does_not_declare,526
2013,Broj,Grad Doboj,M,does_not_declare,271
2013,Broj,Grad Doboj,Ž,does_not_declare,255
2013,Broj,Donji Žabar,Oba spola,does_not_declare,6
2013,Broj,Donji Žabar,M,does_not_declare,2
2013,Broj,Donji Žabar,Ž,does_not_declare,4
2013,Broj,Grad Zvornik,Oba spola,does_not_declare,67
2013,Broj,Grad Zvornik,M,does_not_declare,31
2013,Broj,Grad Zvornik,Ž,does_not_declare,36
2013,Broj,Istočna Ilidža,Oba spola,does_not_declare,92
2013,Broj,Istočna Ilidža,M,does_not_declare,41
2013,Broj,Istočna Ilidža,Ž,does_not_declare,51
2013,Broj,Istočni Drvar,Oba spola,does_not_declare,0
2013,Broj,Istočni Drvar,M,does_not_declare,0
2013,Broj,Istočni Drvar,Ž,does_not_declare,0
2013,Broj,Istočni Mostar,Oba spola,does_not_declare,0
2013,Broj,Istočni Mostar,M,does_not_declare,0
2013,Broj,Istočni Mostar,Ž,does_not_declare,0
2013,Broj,Istočni Stari Grad,Oba spola,does_not_declare,6
2013,Broj,Istočni Stari Grad,M,does_not_declare,5
2013,Broj,Istočni Stari Grad,Ž,does_not_declare,1
2013,Broj,Istočno Novo Sarajevo,Oba spola,does_not_declare,56
2013,Broj,Istočno Novo Sarajevo,M,does_not_declare,24
2013,Broj,Istočno Novo Sarajevo,Ž,does_not_declare,32
2013,Broj,Jezero,Oba spola,does_not_declare,0
2013,Broj,Jezero,M,does_not_declare,0
2013,Broj,Jezero,Ž,does_not_declare,0
2013,Broj,Kalinovik,Oba spola,does_not_declare,5
2013,Broj,Kalinovik,M,does_not_declare,4
2013,Broj,Kalinovik,Ž,does_not_declare,1
2013,Broj,Kneževo,Oba spola,does_not_declare,4
2013,Broj,Kneževo,M,does_not_declare,3
2013,Broj,Kneževo,Ž,does_not_declare,1
2013,Broj,Kozarska Dubica,Oba spola,does_not_declare,178
2013,Broj,Kozarska Dubica,M,does_not_declare,77
2013,Broj,Kozarska Dubica,Ž,does_not_declare,101
2013,Broj,Kostajnica,Oba spola,does_not_declare,67
2013,Broj,Kostajnica,M,does_not_declare,26
2013,Broj,Kostajnica,Ž,does_not_declare,41
2013,Broj,Kotor Varoš,Oba spola,does_not_declare,107
2013,Broj,Kotor Varoš,M,does_not_declare,45
2013,Broj,Kotor Varoš,Ž,does_not_declare,62
2013,Broj,Krupa Na Uni,Oba spola,does_not_declare,0
2013,Broj,Krupa Na Uni,M,does_not_declare,0
2013,Broj,Krupa Na Uni,Ž,does_not_declare,0
2013,Broj,Kupres,Oba spola,does_not_declare,1
2013,Broj,Kupres,M,does_not_declare,1
2013,Broj,Kupres,Ž,does_not_declare,0
2013,Broj,Laktaši,Oba spola,does_not_declare,239
2013,Broj,Laktaši,M,does_not_declare,112
2013,Broj,Laktaši,Ž,does_not_declare,127
2013,Broj,Lopare,Oba spola,does_not_declare,22
2013,Broj,Lopare,M,does_not_declare,6
2013,Broj,Lopare,Ž,does_not_declare,16
2013,Broj,Ljubinje,Oba spola,does_not_declare,3
2013,Broj,Ljubinje,M,does_not_declare,2
2013,Broj,Ljubinje,Ž,does_not_declare,1
2013,Broj,Milići,Oba spola,does_not_declare,10
2013,Broj,Milići,M,does_not_declare,3
2013,Broj,Milići,Ž,does_not_declare,7
2013,Broj,Modriča,Oba spola,does_not_declare,151
2013,Broj,Modriča,M,does_not_declare,64
2013,Broj,Modriča,Ž,does_not_declare,87
2013,Broj,Mrkonjić Grad,Oba spola,does_not_declare,37
2013,Broj,Mrkonjić Grad,M,does_not_declare,16
2013,Broj,Mrkonjić Grad,Ž,does_not_declare,21
2013,Broj,Nevesinje,Oba spola,does_not_declare,14
2013,Broj,Nevesinje,M,does_not_declare,6
2013,Broj,Nevesinje,Ž,does_not_declare,8
2013,Broj,Novi Grad,Oba spola,does_not_declare,134
2013,Broj,Novi Grad,M,does_not_declare,58
2013,Broj,Novi Grad,Ž,does_not_declare,76
2013,Broj,Novo Goražde,Oba spola,does_not_declare,5
2013,Broj,Novo Goražde,M,does_not_declare,3
2013,Broj,Novo Goražde,Ž,does_not_declare,2
2013,Broj,Osmaci,Oba spola,does_not_declare,1
2013,Broj,Osmaci,M,does_not_declare,1
2013,Broj,Osmaci,Ž,does_not_declare,0
2013,Broj,Oštra Luka,Oba spola,does_not_declare,13
2013,Broj,Oštra Luka,M,does_not_declare,5
2013,Broj,Oštra Luka,Ž,does_not_declare,8
2013,Broj,Pale,Oba spola,does_not_declare,56
2013,Broj,Pale,M,does_not_declare,22
2013,Broj,Pale,Ž,does_not_declare,34
2013,Broj,Pelagićevo,Oba spola,does_not_declare,2
2013,Broj,Pelagićevo,M,does_not_declare,0
2013,Broj,Pelagićevo,Ž,does_not_declare,2
2013,Broj,Petrovac,Oba spola,does_not_declare,0
2013,Broj,Petrovac,M,does_not_declare,0
2013,Broj,Petrovac,Ž,does_not_declare,0
2013,Broj,Petrovo,Oba spola,does_not_declare,19
2013,Broj,Petrovo,M,does_not_declare,9
2013,Broj,Petrovo,Ž,does_not_declare,10
2013,Broj,Grad Prijedor,Oba spola,does_not_declare,784
2013,Broj,Grad Prijedor,M,does_not_declare,325
2013,Broj,Grad Prijedor,Ž,does_not_declare,459
2013,Broj,Prnjavor,Oba spola,does_not_declare,223
2013,Broj,Prnjavor,M,does_not_declare,98
2013,Broj,Prnjavor,Ž,does_not_declare,125
2013,Broj,Ribnik,Oba spola,does_not_declare,3
2013,Broj,Ribnik,M,does_not_declare,1
2013,Broj,Ribnik,Ž,does_not_declare,2
2013,Broj,Rogatica,Oba spola,does_not_declare,7
2013,Broj,Rogatica,M,does_not_declare,4
2013,Broj,Rogatica,Ž,does_not_declare,3
2013,Broj,Rudo,Oba spola,does_not_declare,3
2013,Broj,Rudo,M,does_not_declare,2
2013,Broj,Rudo,Ž,does_not_declare,1
2013,Broj,Sokolac,Oba spola,does_not_declare,20
2013,Broj,Sokolac,M,does_not_declare,9
2013,Broj,Sokolac,Ž,does_not_declare,11
2013,Broj,Srbac,Oba spola,does_not_declare,95
2013,Broj,Srbac,M,does_not_declare,46
2013,Broj,Srbac,Ž,does_not_declare,49
2013,Broj,Srebrenica,Oba spola,does_not_declare,22
2013,Broj,Srebrenica,M,does_not_declare,10
2013,Broj,Srebrenica,Ž,does_not_declare,12
2013,Broj,Teslić,Oba spola,does_not_declare,309
2013,Broj,Teslić,M,does_not_declare,136
2013,Broj,Teslić,Ž,does_not_declare,173
2013,Broj,Grad Trebinje,Oba spola,does_not_declare,170
2013,Broj,Grad Trebinje,M,does_not_declare,75
2013,Broj,Grad Trebinje,Ž,does_not_declare,95
2013,Broj,Trnovo,Oba spola,does_not_declare,4
2013,Broj,Trnovo,M,does_not_declare,3
2013,Broj,Trnovo,Ž,does_not_declare,1
2013,Broj,Ugljevik,Oba spola,does_not_declare,23
2013,Broj,Ugljevik,M,does_not_declare,11
2013,Broj,Ugljevik,Ž,does_not_declare,12
2013,Broj,Foča,Oba spola,does_not_declare,27
2013,Broj,Foča,M,does_not_declare,13
2013,Broj,Foča,Ž,does_not_declare,14
2013,Broj,Han Pijesak,Oba spola,does_not_declare,0
2013,Broj,Han Pijesak,M,does_not_declare,0
2013,Broj,Han Pijesak,Ž,does_not_declare,0
2013,Broj,Čajniče,Oba spola,does_not_declare,1
2013,Broj,Čajniče,M,does_not_declare,1
2013,Broj,Čajniče,Ž,does_not_declare,0
2013,Broj,Čelinac,Oba spola,does_not_declare,30
2013,Broj,Čelinac,M,does_not_declare,15
2013,Broj,Čelinac,Ž,does_not_declare,15
2013,Broj,Šamac,Oba spola,does_not_declare,147
2013,Broj,Šamac,M,does_not_declare,64
2013,Broj,Šamac,Ž,does_not_declare,83
2013,Broj,Šekovići,Oba spola,does_not_declare,4
2013,Broj,Šekovići,M,does_not_declare,3
2013,Broj,Šekovići,Ž,does_not_declare,1
2013,Broj,Šipovo,Oba spola,does_not_declare,19
2013,Broj,Šipovo,M,does_not_declare,10
2013,Broj,Šipovo,Ž,does_not_declare,9
2013,Broj,Republika Srpska,Oba spola,Nepoznato,2065
2013,Broj,Republika Srpska,M,Nepoznato,963
2013,Broj,Republika Srpska,Ž,Nepoznato,1102
2013,Broj,Grad Banja Luka,Oba spola,Nepoznato,357
2013,Broj,Grad Banja Luka,M,Nepoznato,173
2013,Broj,Grad Banja Luka,Ž,Nepoznato,184
2013,Broj,Berkovići,Oba spola,Nepoznato,1
2013,Broj,Berkovići,M,Nepoznato,0
2013,Broj,Berkovići,Ž,Nepoznato,1
2013,Broj,Grad Bijeljina,Oba spola,Nepoznato,102
2013,Broj,Grad Bijeljina,M,Nepoznato,44
2013,Broj,Grad Bijeljina,Ž,Nepoznato,58
2013,Broj,Bileća,Oba spola,Nepoznato,12
2013,Broj,Bileća,M,Nepoznato,4
2013,Broj,Bileća,Ž,Nepoznato,8
2013,Broj,Bratunac,Oba spola,Nepoznato,40
2013,Broj,Bratunac,M,Nepoznato,16
2013,Broj,Bratunac,Ž,Nepoznato,24
2013,Broj,Brod,Oba spola,Nepoznato,32
2013,Broj,Brod,M,Nepoznato,12
2013,Broj,Brod,Ž,Nepoznato,20
2013,Broj,Višegrad,Oba spola,Nepoznato,179
2013,Broj,Višegrad,M,Nepoznato,4
2013,Broj,Višegrad,Ž,Nepoznato,175
2013,Broj,Vlasenica,Oba spola,Nepoznato,21
2013,Broj,Vlasenica,M,Nepoznato,10
2013,Broj,Vlasenica,Ž,Nepoznato,11
2013,Broj,Vukosavlje,Oba spola,Nepoznato,14
2013,Broj,Vukosavlje,M,Nepoznato,3
2013,Broj,Vukosavlje,Ž,Nepoznato,11
2013,Broj,Gacko,Oba spola,Nepoznato,7
2013,Broj,Gacko,M,Nepoznato,2
2013,Broj,Gacko,Ž,Nepoznato,5
2013,Broj,Grad Gradiška,Oba spola,Nepoznato,46
2013,Broj,Grad Gradiška,M,Nepoznato,21
2013,Broj,Grad Gradiška,Ž,Nepoznato,25
2013,Broj,Grad Derventa,Oba spola,Nepoznato,47
2013,Broj,Grad Derventa,M,Nepoznato,21
2013,Broj,Grad Derventa,Ž,Nepoznato,26
2013,Broj,Grad Doboj,Oba spola,Nepoznato,160
2013,Broj,Grad Doboj,M,Nepoznato,64
2013,Broj,Grad Doboj,Ž,Nepoznato,96
2013,Broj,Donji Žabar,Oba spola,Nepoznato,2
2013,Broj,Donji Žabar,M,Nepoznato,1
2013,Broj,Donji Žabar,Ž,Nepoznato,1
2013,Broj,Grad Zvornik,Oba spola,Nepoznato,98
2013,Broj,Grad Zvornik,M,Nepoznato,39
2013,Broj,Grad Zvornik,Ž,Nepoznato,59
2013,Broj,Istočna Ilidža,Oba spola,Nepoznato,10
2013,Broj,Istočna Ilidža,M,Nepoznato,5
2013,Broj,Istočna Ilidža,Ž,Nepoznato,5
2013,Broj,Istočni Drvar,Oba spola,Nepoznato,0
2013,Broj,Istočni Drvar,M,Nepoznato,0
2013,Broj,Istočni Drvar,Ž,Nepoznato,0
2013,Broj,Istočni Mostar,Oba spola,Nepoznato,2
2013,Broj,Istočni Mostar,M,Nepoznato,1
2013,Broj,Istočni Mostar,Ž,Nepoznato,1
2013,Broj,Istočni Stari Grad,Oba spola,Nepoznato,2
2013,Broj,Istočni Stari Grad,M,Nepoznato,1
2013,Broj,Istočni Stari Grad,Ž,Nepoznato,1
2013,Broj,Istočno Novo Sarajevo,Oba spola,Nepoznato,3
2013,Broj,Istočno Novo Sarajevo,M,Nepoznato,0
2013,Broj,Istočno Novo Sarajevo,Ž,Nepoznato,3
2013,Broj,Jezero,Oba spola,Nepoznato,2
2013,Broj,Jezero,M,Nepoznato,1
2013,Broj,Jezero,Ž,Nepoznato,1
2013,Broj,Kalinovik,Oba spola,Nepoznato,0
2013,Broj,Kalinovik,M,Nepoznato,0
2013,Broj,Kalinovik,Ž,Nepoznato,0
2013,Broj,Kneževo,Oba spola,Nepoznato,5
2013,Broj,Kneževo,M,Nepoznato,3
2013,Broj,Kneževo,Ž,Nepoznato,2
2013,Broj,Kozarska Dubica,Oba spola,Nepoznato,18
2013,Broj,Kozarska Dubica,M,Nepoznato,11
2013,Broj,Kozarska Dubica,Ž,Nepoznato,7
2013,Broj,Kostajnica,Oba spola,Nepoznato,1
2013,Broj,Kostajnica,M,Nepoznato,1
2013,Broj,Kostajnica,Ž,Nepoznato,0
2013,Broj,Kotor Varoš,Oba spola,Nepoznato,21
2013,Broj,Kotor Varoš,M,Nepoznato,15
2013,Broj,Kotor Varoš,Ž,Nepoznato,6
2013,Broj,Krupa Na Uni,Oba spola,Nepoznato,1
2013,Broj,Krupa Na Uni,M,Nepoznato,0
2013,Broj,Krupa Na Uni,Ž,Nepoznato,1
2013,Broj,Kupres,Oba spola,Nepoznato,0
2013,Broj,Kupres,M,Nepoznato,0
2013,Broj,Kupres,Ž,Nepoznato,0
2013,Broj,Laktaši,Oba spola,Nepoznato,48
2013,Broj,Laktaši,M,Nepoznato,21
2013,Broj,Laktaši,Ž,Nepoznato,27
2013,Broj,Lopare,Oba spola,Nepoznato,13
2013,Broj,Lopare,M,Nepoznato,6
2013,Broj,Lopare,Ž,Nepoznato,7
2013,Broj,Ljubinje,Oba spola,Nepoznato,2
2013,Broj,Ljubinje,M,Nepoznato,1
2013,Broj,Ljubinje,Ž,Nepoznato,1
2013,Broj,Milići,Oba spola,Nepoznato,8
2013,Broj,Milići,M,Nepoznato,3
2013,Broj,Milići,Ž,Nepoznato,5
2013,Broj,Modriča,Oba spola,Nepoznato,125
2013,Broj,Modriča,M,Nepoznato,66
2013,Broj,Modriča,Ž,Nepoznato,59
2013,Broj,Mrkonjić Grad,Oba spola,Nepoznato,13
2013,Broj,Mrkonjić Grad,M,Nepoznato,7
2013,Broj,Mrkonjić Grad,Ž,Nepoznato,6
2013,Broj,Nevesinje,Oba spola,Nepoznato,7
2013,Broj,Nevesinje,M,Nepoznato,2
2013,Broj,Nevesinje,Ž,Nepoznato,5
2013,Broj,Novi Grad,Oba spola,Nepoznato,26
2013,Broj,Novi Grad,M,Nepoznato,14
2013,Broj,Novi Grad,Ž,Nepoznato,12
2013,Broj,Novo Goražde,Oba spola,Nepoznato,7
2013,Broj,Novo Goražde,M,Nepoznato,3
2013,Broj,Novo Goražde,Ž,Nepoznato,4
2013,Broj,Osmaci,Oba spola,Nepoznato,4
2013,Broj,Osmaci,M,Nepoznato,2
2013,Broj,Osmaci,Ž,Nepoznato,2
2013,Broj,Oštra Luka,Oba spola,Nepoznato,3
2013,Broj,Oštra Luka,M,Nepoznato,2
2013,Broj,Oštra Luka,Ž,Nepoznato,1
2013,Broj,Pale,Oba spola,Nepoznato,11
2013,Broj,Pale,M,Nepoznato,7
2013,Broj,Pale,Ž,Nepoznato,4
2013,Broj,Pelagićevo,Oba spola,Nepoznato,5
2013,Broj,Pelagićevo,M,Nepoznato,1
2013,Broj,Pelagićevo,Ž,Nepoznato,4
2013,Broj,Petrovac,Oba spola,Nepoznato,0
2013,Broj,Petrovac,M,Nepoznato,0
2013,Broj,Petrovac,Ž,Nepoznato,0
2013,Broj,Petrovo,Oba spola,Nepoznato,4
2013,Broj,Petrovo,M,Nepoznato,2
2013,Broj,Petrovo,Ž,Nepoznato,2
2013,Broj,Grad Prijedor,Oba spola,Nepoznato,374
2013,Broj,Grad Prijedor,M,Nepoznato,257
2013,Broj,Grad Prijedor,Ž,Nepoznato,117
2013,Broj,Prnjavor,Oba spola,Nepoznato,31
2013,Broj,Prnjavor,M,Nepoznato,13
2013,Broj,Prnjavor,Ž,Nepoznato,18
2013,Broj,Ribnik,Oba spola,Nepoznato,2
2013,Broj,Ribnik,M,Nepoznato,2
2013,Broj,Ribnik,Ž,Nepoznato,0
2013,Broj,Rogatica,Oba spola,Nepoznato,4
2013,Broj,Rogatica,M,Nepoznato,3
2013,Broj,Rogatica,Ž,Nepoznato,1
2013,Broj,Rudo,Oba spola,Nepoznato,4
2013,Broj,Rudo,M,Nepoznato,0
2013,Broj,Rudo,Ž,Nepoznato,4
2013,Broj,Sokolac,Oba spola,Nepoznato,14
2013,Broj,Sokolac,M,Nepoznato,3
2013,Broj,Sokolac,Ž,Nepoznato,11
2013,Broj,Srbac,Oba spola,Nepoznato,28
2013,Broj,Srbac,M,Nepoznato,13
2013,Broj,Srbac,Ž,Nepoznato,15
2013,Broj,Srebrenica,Oba spola,Nepoznato,20
2013,Broj,Srebrenica,M,Nepoznato,14
2013,Broj,Srebrenica,Ž,Nepoznato,6
2013,Broj,Teslić,Oba spola,Nepoznato,43
2013,Broj,Teslić,M,Nepoznato,21
2013,Broj,Teslić,Ž,Nepoznato,22
2013,Broj,Grad Trebinje,Oba spola,Nepoznato,14
2013,Broj,Grad Trebinje,M,Nepoznato,8
2013,Broj,Grad Trebinje,Ž,Nepoznato,6
2013,Broj,Trnovo,Oba spola,Nepoznato,0
2013,Broj,Trnovo,M,Nepoznato,0
2013,Broj,Trnovo,Ž,Nepoznato,0
2013,Broj,Ugljevik,Oba spola,Nepoznato,13
2013,Broj,Ugljevik,M,Nepoznato,11
2013,Broj,Ugljevik,Ž,Nepoznato,2
2013,Broj,Foča,Oba spola,Nepoznato,12
2013,Broj,Foča,M,Nepoznato,6
2013,Broj,Foča,Ž,Nepoznato,6
2013,Broj,Han Pijesak,Oba spola,Nepoznato,0
2013,Broj,Han Pijesak,M,Nepoznato,0
2013,Broj,Han Pijesak,Ž,Nepoznato,0
2013,Broj,Čajniče,Oba spola,Nepoznato,4
2013,Broj,Čajniče,M,Nepoznato,1
2013,Broj,Čajniče,Ž,Nepoznato,3
2013,Broj,Čelinac,Oba spola,Nepoznato,10
2013,Broj,Čelinac,M,Nepoznato,4
2013,Broj,Čelinac,Ž,Nepoznato,6
2013,Broj,Šamac,Oba spola,Nepoznato,18
2013,Broj,Šamac,M,Nepoznato,10
2013,Broj,Šamac,Ž,Nepoznato,8
2013,Broj,Šekovići,Oba spola,Nepoznato,9
2013,Broj,Šekovići,M,Nepoznato,4
2013,Broj,Šekovići,Ž,Nepoznato,5
2013,Broj,Šipovo,Oba spola,Nepoznato,6
2013,Broj,Šipovo,M,Nepoznato,4
2013,Broj,Šipovo,Ž,Nepoznato,2
