Year,UNIT_MEASURE,Administrativna oblast,Spol,Mother tounge,Value
2013,Broj,Republika Srpska,Oba spola,Ukupno,1170342
2013,Broj,Republika Srpska,M,Ukupno,571812
2013,Broj,Republika Srpska,Ž,Ukupno,598530
2013,Broj,Grad Banja Luka,Oba spola,Ukupno,180053
2013,Broj,Grad Banja Luka,M,Ukupno,86510
2013,Broj,Grad Banja Luka,Ž,Ukupno,93543
2013,Broj,Berkovići,Oba spola,Ukupno,2041
2013,Broj,Berkovići,M,Ukupno,1032
2013,Broj,Berkovići,Ž,Ukupno,1009
2013,Broj,Grad Bijeljina,Oba spola,Ukupno,103874
2013,Broj,Grad Bijeljina,M,Ukupno,50760
2013,Broj,Grad Bijeljina,Ž,Ukupno,53114
2013,Broj,Bileća,Oba spola,Ukupno,10607
2013,Broj,Bileća,M,Ukupno,5346
2013,Broj,Bileća,Ž,Ukupno,5261
2013,Broj,Bratunac,Oba spola,Ukupno,18651
2013,Broj,Bratunac,M,Ukupno,9210
2013,Broj,Bratunac,Ž,Ukupno,9441
2013,Broj,Brod,Oba spola,Ukupno,15720
2013,Broj,Brod,M,Ukupno,7670
2013,Broj,Brod,Ž,Ukupno,8050
2013,Broj,Višegrad,Oba spola,Ukupno,10118
2013,Broj,Višegrad,M,Ukupno,4834
2013,Broj,Višegrad,Ž,Ukupno,5284
2013,Broj,Vlasenica,Oba spola,Ukupno,10657
2013,Broj,Vlasenica,M,Ukupno,5193
2013,Broj,Vlasenica,Ž,Ukupno,5464
2013,Broj,Vukosavlje,Oba spola,Ukupno,4363
2013,Broj,Vukosavlje,M,Ukupno,2185
2013,Broj,Vukosavlje,Ž,Ukupno,2178
2013,Broj,Gacko,Oba spola,Ukupno,8710
2013,Broj,Gacko,M,Ukupno,4423
2013,Broj,Gacko,Ž,Ukupno,4287
2013,Broj,Grad Gradiška,Oba spola,Ukupno,49196
2013,Broj,Grad Gradiška,M,Ukupno,23944
2013,Broj,Grad Gradiška,Ž,Ukupno,25252
2013,Broj,Grad Derventa,Oba spola,Ukupno,25922
2013,Broj,Grad Derventa,M,Ukupno,12629
2013,Broj,Grad Derventa,Ž,Ukupno,13293
2013,Broj,Grad Doboj,Oba spola,Ukupno,68514
2013,Broj,Grad Doboj,M,Ukupno,33222
2013,Broj,Grad Doboj,Ž,Ukupno,35292
2013,Broj,Donji Žabar,Oba spola,Ukupno,3669
2013,Broj,Donji Žabar,M,Ukupno,1853
2013,Broj,Donji Žabar,Ž,Ukupno,1816
2013,Broj,Grad Zvornik,Oba spola,Ukupno,54407
2013,Broj,Grad Zvornik,M,Ukupno,26803
2013,Broj,Grad Zvornik,Ž,Ukupno,27604
2013,Broj,Istočna Ilidža,Oba spola,Ukupno,14437
2013,Broj,Istočna Ilidža,M,Ukupno,6905
2013,Broj,Istočna Ilidža,Ž,Ukupno,7532
2013,Broj,Istočni Drvar,Oba spola,Ukupno,66
2013,Broj,Istočni Drvar,M,Ukupno,44
2013,Broj,Istočni Drvar,Ž,Ukupno,22
2013,Broj,Istočni Mostar,Oba spola,Ukupno,244
2013,Broj,Istočni Mostar,M,Ukupno,138
2013,Broj,Istočni Mostar,Ž,Ukupno,106
2013,Broj,Istočni Stari Grad,Oba spola,Ukupno,1116
2013,Broj,Istočni Stari Grad,M,Ukupno,552
2013,Broj,Istočni Stari Grad,Ž,Ukupno,564
2013,Broj,Istočno Novo Sarajevo,Oba spola,Ukupno,10401
2013,Broj,Istočno Novo Sarajevo,M,Ukupno,4936
2013,Broj,Istočno Novo Sarajevo,Ž,Ukupno,5465
2013,Broj,Jezero,Oba spola,Ukupno,1039
2013,Broj,Jezero,M,Ukupno,534
2013,Broj,Jezero,Ž,Ukupno,505
2013,Broj,Kalinovik,Oba spola,Ukupno,1962
2013,Broj,Kalinovik,M,Ukupno,950
2013,Broj,Kalinovik,Ž,Ukupno,1012
2013,Broj,Kneževo,Oba spola,Ukupno,9368
2013,Broj,Kneževo,M,Ukupno,4632
2013,Broj,Kneževo,Ž,Ukupno,4736
2013,Broj,Kozarska Dubica,Oba spola,Ukupno,20681
2013,Broj,Kozarska Dubica,M,Ukupno,10094
2013,Broj,Kozarska Dubica,Ž,Ukupno,10587
2013,Broj,Kostajnica,Oba spola,Ukupno,5645
2013,Broj,Kostajnica,M,Ukupno,2780
2013,Broj,Kostajnica,Ž,Ukupno,2865
2013,Broj,Kotor Varoš,Oba spola,Ukupno,18361
2013,Broj,Kotor Varoš,M,Ukupno,9007
2013,Broj,Kotor Varoš,Ž,Ukupno,9354
2013,Broj,Krupa Na Uni,Oba spola,Ukupno,1560
2013,Broj,Krupa Na Uni,M,Ukupno,841
2013,Broj,Krupa Na Uni,Ž,Ukupno,719
2013,Broj,Kupres,Oba spola,Ukupno,293
2013,Broj,Kupres,M,Ukupno,157
2013,Broj,Kupres,Ž,Ukupno,136
2013,Broj,Laktaši,Oba spola,Ukupno,34210
2013,Broj,Laktaši,M,Ukupno,16905
2013,Broj,Laktaši,Ž,Ukupno,17305
2013,Broj,Lopare,Oba spola,Ukupno,14689
2013,Broj,Lopare,M,Ukupno,7377
2013,Broj,Lopare,Ž,Ukupno,7312
2013,Broj,Ljubinje,Oba spola,Ukupno,3319
2013,Broj,Ljubinje,M,Ukupno,1633
2013,Broj,Ljubinje,Ž,Ukupno,1686
2013,Broj,Milići,Oba spola,Ukupno,10445
2013,Broj,Milići,M,Ukupno,5252
2013,Broj,Milići,Ž,Ukupno,5193
2013,Broj,Modriča,Oba spola,Ukupno,24490
2013,Broj,Modriča,M,Ukupno,11969
2013,Broj,Modriča,Ž,Ukupno,12521
2013,Broj,Mrkonjić Grad,Oba spola,Ukupno,15926
2013,Broj,Mrkonjić Grad,M,Ukupno,7660
2013,Broj,Mrkonjić Grad,Ž,Ukupno,8266
2013,Broj,Nevesinje,Oba spola,Ukupno,12542
2013,Broj,Nevesinje,M,Ukupno,6236
2013,Broj,Nevesinje,Ž,Ukupno,6306
2013,Broj,Novi Grad,Oba spola,Ukupno,25240
2013,Broj,Novi Grad,M,Ukupno,12580
2013,Broj,Novi Grad,Ž,Ukupno,12660
2013,Broj,Novo Goražde,Oba spola,Ukupno,2915
2013,Broj,Novo Goražde,M,Ukupno,1500
2013,Broj,Novo Goražde,Ž,Ukupno,1415
2013,Broj,Osmaci,Oba spola,Ukupno,5546
2013,Broj,Osmaci,M,Ukupno,2779
2013,Broj,Osmaci,Ž,Ukupno,2767
2013,Broj,Oštra Luka,Oba spola,Ukupno,2705
2013,Broj,Oštra Luka,M,Ukupno,1386
2013,Broj,Oštra Luka,Ž,Ukupno,1319
2013,Broj,Pale,Oba spola,Ukupno,20359
2013,Broj,Pale,M,Ukupno,9744
2013,Broj,Pale,Ž,Ukupno,10615
2013,Broj,Pelagićevo,Oba spola,Ukupno,4358
2013,Broj,Pelagićevo,M,Ukupno,2151
2013,Broj,Pelagićevo,Ž,Ukupno,2207
2013,Broj,Petrovac,Oba spola,Ukupno,354
2013,Broj,Petrovac,M,Ukupno,169
2013,Broj,Petrovac,Ž,Ukupno,185
2013,Broj,Petrovo,Oba spola,Ukupno,6317
2013,Broj,Petrovo,M,Ukupno,3043
2013,Broj,Petrovo,Ž,Ukupno,3274
2013,Broj,Grad Prijedor,Oba spola,Ukupno,80916
2013,Broj,Grad Prijedor,M,Ukupno,39418
2013,Broj,Grad Prijedor,Ž,Ukupno,41498
2013,Broj,Prnjavor,Oba spola,Ukupno,34357
2013,Broj,Prnjavor,M,Ukupno,16675
2013,Broj,Prnjavor,Ž,Ukupno,17682
2013,Broj,Ribnik,Oba spola,Ukupno,5851
2013,Broj,Ribnik,M,Ukupno,2900
2013,Broj,Ribnik,Ž,Ukupno,2951
2013,Broj,Rogatica,Oba spola,Ukupno,10302
2013,Broj,Rogatica,M,Ukupno,5053
2013,Broj,Rogatica,Ž,Ukupno,5249
2013,Broj,Rudo,Oba spola,Ukupno,7578
2013,Broj,Rudo,M,Ukupno,3840
2013,Broj,Rudo,Ž,Ukupno,3738
2013,Broj,Sokolac,Oba spola,Ukupno,11620
2013,Broj,Sokolac,M,Ukupno,5723
2013,Broj,Sokolac,Ž,Ukupno,5897
2013,Broj,Srbac,Oba spola,Ukupno,16933
2013,Broj,Srbac,M,Ukupno,8295
2013,Broj,Srbac,Ž,Ukupno,8638
2013,Broj,Srebrenica,Oba spola,Ukupno,11698
2013,Broj,Srebrenica,M,Ukupno,5714
2013,Broj,Srebrenica,Ž,Ukupno,5984
2013,Broj,Teslić,Oba spola,Ukupno,37236
2013,Broj,Teslić,M,Ukupno,17894
2013,Broj,Teslić,Ž,Ukupno,19342
2013,Broj,Grad Trebinje,Oba spola,Ukupno,28239
2013,Broj,Grad Trebinje,M,Ukupno,13760
2013,Broj,Grad Trebinje,Ž,Ukupno,14479
2013,Broj,Trnovo,Oba spola,Ukupno,1983
2013,Broj,Trnovo,M,Ukupno,953
2013,Broj,Trnovo,Ž,Ukupno,1030
2013,Broj,Ugljevik,Oba spola,Ukupno,15118
2013,Broj,Ugljevik,M,Ukupno,7626
2013,Broj,Ugljevik,Ž,Ukupno,7492
2013,Broj,Foča,Oba spola,Ukupno,17580
2013,Broj,Foča,M,Ukupno,8880
2013,Broj,Foča,Ž,Ukupno,8700
2013,Broj,Han Pijesak,Oba spola,Ukupno,3445
2013,Broj,Han Pijesak,M,Ukupno,1632
2013,Broj,Han Pijesak,Ž,Ukupno,1813
2013,Broj,Čajniče,Oba spola,Ukupno,4679
2013,Broj,Čajniče,M,Ukupno,2347
2013,Broj,Čajniče,Ž,Ukupno,2332
2013,Broj,Čelinac,Oba spola,Ukupno,15117
2013,Broj,Čelinac,M,Ukupno,7477
2013,Broj,Čelinac,Ž,Ukupno,7640
2013,Broj,Šamac,Oba spola,Ukupno,16308
2013,Broj,Šamac,M,Ukupno,7908
2013,Broj,Šamac,Ž,Ukupno,8400
2013,Broj,Šekovići,Oba spola,Ukupno,6323
2013,Broj,Šekovići,M,Ukupno,3103
2013,Broj,Šekovići,Ž,Ukupno,3220
2013,Broj,Šipovo,Oba spola,Ukupno,9969
2013,Broj,Šipovo,M,Ukupno,5046
2013,Broj,Šipovo,Ž,Ukupno,4923
2013,Broj,Republika Srpska,Oba spola,bosnian,150221
2013,Broj,Republika Srpska,M,bosnian,73026
2013,Broj,Republika Srpska,Ž,bosnian,77195
2013,Broj,Grad Banja Luka,Oba spola,bosnian,6792
2013,Broj,Grad Banja Luka,M,bosnian,3152
2013,Broj,Grad Banja Luka,Ž,bosnian,3640
2013,Broj,Berkovići,Oba spola,bosnian,155
2013,Broj,Berkovići,M,bosnian,87
2013,Broj,Berkovići,Ž,bosnian,68
2013,Broj,Grad Bijeljina,Oba spola,bosnian,11651
2013,Broj,Grad Bijeljina,M,bosnian,5712
2013,Broj,Grad Bijeljina,Ž,bosnian,5939
2013,Broj,Bileća,Oba spola,bosnian,21
2013,Broj,Bileća,M,bosnian,14
2013,Broj,Bileća,Ž,bosnian,7
2013,Broj,Bratunac,Oba spola,bosnian,6596
2013,Broj,Bratunac,M,bosnian,3217
2013,Broj,Bratunac,Ž,bosnian,3379
2013,Broj,Brod,Oba spola,bosnian,1397
2013,Broj,Brod,M,bosnian,680
2013,Broj,Brod,Ž,bosnian,717
2013,Broj,Višegrad,Oba spola,bosnian,887
2013,Broj,Višegrad,M,bosnian,449
2013,Broj,Višegrad,Ž,bosnian,438
2013,Broj,Vlasenica,Oba spola,bosnian,3372
2013,Broj,Vlasenica,M,bosnian,1648
2013,Broj,Vlasenica,Ž,bosnian,1724
2013,Broj,Vukosavlje,Oba spola,bosnian,2098
2013,Broj,Vukosavlje,M,bosnian,1062
2013,Broj,Vukosavlje,Ž,bosnian,1036
2013,Broj,Gacko,Oba spola,bosnian,331
2013,Broj,Gacko,M,bosnian,178
2013,Broj,Gacko,Ž,bosnian,153
2013,Broj,Grad Gradiška,Oba spola,bosnian,6335
2013,Broj,Grad Gradiška,M,bosnian,3083
2013,Broj,Grad Gradiška,Ž,bosnian,3252
2013,Broj,Grad Derventa,Oba spola,bosnian,1791
2013,Broj,Grad Derventa,M,bosnian,857
2013,Broj,Grad Derventa,Ž,bosnian,934
2013,Broj,Grad Doboj,Oba spola,bosnian,14749
2013,Broj,Grad Doboj,M,bosnian,7085
2013,Broj,Grad Doboj,Ž,bosnian,7664
2013,Broj,Donji Žabar,Oba spola,bosnian,11
2013,Broj,Donji Žabar,M,bosnian,3
2013,Broj,Donji Žabar,Ž,bosnian,8
2013,Broj,Grad Zvornik,Oba spola,bosnian,16813
2013,Broj,Grad Zvornik,M,bosnian,8218
2013,Broj,Grad Zvornik,Ž,bosnian,8595
2013,Broj,Istočna Ilidža,Oba spola,bosnian,691
2013,Broj,Istočna Ilidža,M,bosnian,322
2013,Broj,Istočna Ilidža,Ž,bosnian,369
2013,Broj,Istočni Drvar,Oba spola,bosnian,0
2013,Broj,Istočni Drvar,M,bosnian,0
2013,Broj,Istočni Drvar,Ž,bosnian,0
2013,Broj,Istočni Mostar,Oba spola,bosnian,78
2013,Broj,Istočni Mostar,M,bosnian,45
2013,Broj,Istočni Mostar,Ž,bosnian,33
2013,Broj,Istočni Stari Grad,Oba spola,bosnian,44
2013,Broj,Istočni Stari Grad,M,bosnian,27
2013,Broj,Istočni Stari Grad,Ž,bosnian,17
2013,Broj,Istočno Novo Sarajevo,Oba spola,bosnian,71
2013,Broj,Istočno Novo Sarajevo,M,bosnian,29
2013,Broj,Istočno Novo Sarajevo,Ž,bosnian,42
2013,Broj,Jezero,Oba spola,bosnian,252
2013,Broj,Jezero,M,bosnian,118
2013,Broj,Jezero,Ž,bosnian,134
2013,Broj,Kalinovik,Oba spola,bosnian,37
2013,Broj,Kalinovik,M,bosnian,15
2013,Broj,Kalinovik,Ž,bosnian,22
2013,Broj,Kneževo,Oba spola,bosnian,404
2013,Broj,Kneževo,M,bosnian,185
2013,Broj,Kneževo,Ž,bosnian,219
2013,Broj,Kozarska Dubica,Oba spola,bosnian,1922
2013,Broj,Kozarska Dubica,M,bosnian,927
2013,Broj,Kozarska Dubica,Ž,bosnian,995
2013,Broj,Kostajnica,Oba spola,bosnian,1283
2013,Broj,Kostajnica,M,bosnian,626
2013,Broj,Kostajnica,Ž,bosnian,657
2013,Broj,Kotor Varoš,Oba spola,bosnian,4517
2013,Broj,Kotor Varoš,M,bosnian,2173
2013,Broj,Kotor Varoš,Ž,bosnian,2344
2013,Broj,Krupa Na Uni,Oba spola,bosnian,3
2013,Broj,Krupa Na Uni,M,bosnian,1
2013,Broj,Krupa Na Uni,Ž,bosnian,2
2013,Broj,Kupres,Oba spola,bosnian,0
2013,Broj,Kupres,M,bosnian,0
2013,Broj,Kupres,Ž,bosnian,0
2013,Broj,Laktaši,Oba spola,bosnian,112
2013,Broj,Laktaši,M,bosnian,58
2013,Broj,Laktaši,Ž,bosnian,54
2013,Broj,Lopare,Oba spola,bosnian,1315
2013,Broj,Lopare,M,bosnian,648
2013,Broj,Lopare,Ž,bosnian,667
2013,Broj,Ljubinje,Oba spola,bosnian,10
2013,Broj,Ljubinje,M,bosnian,5
2013,Broj,Ljubinje,Ž,bosnian,5
2013,Broj,Milići,Oba spola,bosnian,3541
2013,Broj,Milići,M,bosnian,1751
2013,Broj,Milići,Ž,bosnian,1790
2013,Broj,Modriča,Oba spola,bosnian,3008
2013,Broj,Modriča,M,bosnian,1426
2013,Broj,Modriča,Ž,bosnian,1582
2013,Broj,Mrkonjić Grad,Oba spola,bosnian,358
2013,Broj,Mrkonjić Grad,M,bosnian,172
2013,Broj,Mrkonjić Grad,Ž,bosnian,186
2013,Broj,Nevesinje,Oba spola,bosnian,507
2013,Broj,Nevesinje,M,bosnian,261
2013,Broj,Nevesinje,Ž,bosnian,246
2013,Broj,Novi Grad,Oba spola,bosnian,5260
2013,Broj,Novi Grad,M,bosnian,2630
2013,Broj,Novi Grad,Ž,bosnian,2630
2013,Broj,Novo Goražde,Oba spola,bosnian,1338
2013,Broj,Novo Goražde,M,bosnian,671
2013,Broj,Novo Goražde,Ž,bosnian,667
2013,Broj,Osmaci,Oba spola,bosnian,2680
2013,Broj,Osmaci,M,bosnian,1323
2013,Broj,Osmaci,Ž,bosnian,1357
2013,Broj,Oštra Luka,Oba spola,bosnian,39
2013,Broj,Oštra Luka,M,bosnian,16
2013,Broj,Oštra Luka,Ž,bosnian,23
2013,Broj,Pale,Oba spola,bosnian,170
2013,Broj,Pale,M,bosnian,89
2013,Broj,Pale,Ž,bosnian,81
2013,Broj,Pelagićevo,Oba spola,bosnian,24
2013,Broj,Pelagićevo,M,bosnian,6
2013,Broj,Pelagićevo,Ž,bosnian,18
2013,Broj,Petrovac,Oba spola,bosnian,0
2013,Broj,Petrovac,M,bosnian,0
2013,Broj,Petrovac,Ž,bosnian,0
2013,Broj,Petrovo,Oba spola,bosnian,7
2013,Broj,Petrovo,M,bosnian,4
2013,Broj,Petrovo,Ž,bosnian,3
2013,Broj,Grad Prijedor,Oba spola,bosnian,22548
2013,Broj,Grad Prijedor,M,bosnian,10781
2013,Broj,Grad Prijedor,Ž,bosnian,11767
2013,Broj,Prnjavor,Oba spola,bosnian,2792
2013,Broj,Prnjavor,M,bosnian,1344
2013,Broj,Prnjavor,Ž,bosnian,1448
2013,Broj,Ribnik,Oba spola,bosnian,3
2013,Broj,Ribnik,M,bosnian,1
2013,Broj,Ribnik,Ž,bosnian,2
2013,Broj,Rogatica,Oba spola,bosnian,1022
2013,Broj,Rogatica,M,bosnian,525
2013,Broj,Rogatica,Ž,bosnian,497
2013,Broj,Rudo,Oba spola,bosnian,586
2013,Broj,Rudo,M,bosnian,308
2013,Broj,Rudo,Ž,bosnian,278
2013,Broj,Sokolac,Oba spola,bosnian,645
2013,Broj,Sokolac,M,bosnian,340
2013,Broj,Sokolac,Ž,bosnian,305
2013,Broj,Srbac,Oba spola,bosnian,389
2013,Broj,Srbac,M,bosnian,181
2013,Broj,Srbac,Ž,bosnian,208
2013,Broj,Srebrenica,Oba spola,bosnian,6145
2013,Broj,Srebrenica,M,bosnian,2921
2013,Broj,Srebrenica,Ž,bosnian,3224
2013,Broj,Teslić,Oba spola,bosnian,7090
2013,Broj,Teslić,M,bosnian,3489
2013,Broj,Teslić,Ž,bosnian,3601
2013,Broj,Grad Trebinje,Oba spola,bosnian,860
2013,Broj,Grad Trebinje,M,bosnian,425
2013,Broj,Grad Trebinje,Ž,bosnian,435
2013,Broj,Trnovo,Oba spola,bosnian,820
2013,Broj,Trnovo,M,bosnian,406
2013,Broj,Trnovo,Ž,bosnian,414
2013,Broj,Ugljevik,Oba spola,bosnian,2000
2013,Broj,Ugljevik,M,bosnian,975
2013,Broj,Ugljevik,Ž,bosnian,1025
2013,Broj,Foča,Oba spola,bosnian,1182
2013,Broj,Foča,M,bosnian,633
2013,Broj,Foča,Ž,bosnian,549
2013,Broj,Han Pijesak,Oba spola,bosnian,433
2013,Broj,Han Pijesak,M,bosnian,211
2013,Broj,Han Pijesak,Ž,bosnian,222
2013,Broj,Čajniče,Oba spola,bosnian,839
2013,Broj,Čajniče,M,bosnian,441
2013,Broj,Čajniče,Ž,bosnian,398
2013,Broj,Čelinac,Oba spola,bosnian,391
2013,Broj,Čelinac,M,bosnian,195
2013,Broj,Čelinac,Ž,bosnian,196
2013,Broj,Šamac,Oba spola,bosnian,1110
2013,Broj,Šamac,M,bosnian,527
2013,Broj,Šamac,Ž,bosnian,583
2013,Broj,Šekovići,Oba spola,bosnian,104
2013,Broj,Šekovići,M,bosnian,52
2013,Broj,Šekovići,Ž,bosnian,52
2013,Broj,Šipovo,Oba spola,bosnian,592
2013,Broj,Šipovo,M,bosnian,298
2013,Broj,Šipovo,Ž,bosnian,294
2013,Broj,Republika Srpska,Oba spola,croatian,17315
2013,Broj,Republika Srpska,M,croatian,7870
2013,Broj,Republika Srpska,Ž,croatian,9445
2013,Broj,Grad Banja Luka,Oba spola,croatian,1621
2013,Broj,Grad Banja Luka,M,croatian,586
2013,Broj,Grad Banja Luka,Ž,croatian,1035
2013,Broj,Berkovići,Oba spola,croatian,4
2013,Broj,Berkovići,M,croatian,1
2013,Broj,Berkovići,Ž,croatian,3
2013,Broj,Grad Bijeljina,Oba spola,croatian,134
2013,Broj,Grad Bijeljina,M,croatian,34
2013,Broj,Grad Bijeljina,Ž,croatian,100
2013,Broj,Bileća,Oba spola,croatian,6
2013,Broj,Bileća,M,croatian,0
2013,Broj,Bileća,Ž,croatian,6
2013,Broj,Bratunac,Oba spola,croatian,10
2013,Broj,Bratunac,M,croatian,2
2013,Broj,Bratunac,Ž,croatian,8
2013,Broj,Brod,Oba spola,croatian,2842
2013,Broj,Brod,M,croatian,1369
2013,Broj,Brod,Ž,croatian,1473
2013,Broj,Višegrad,Oba spola,croatian,6
2013,Broj,Višegrad,M,croatian,0
2013,Broj,Višegrad,Ž,croatian,6
2013,Broj,Vlasenica,Oba spola,croatian,7
2013,Broj,Vlasenica,M,croatian,2
2013,Broj,Vlasenica,Ž,croatian,5
2013,Broj,Vukosavlje,Oba spola,croatian,663
2013,Broj,Vukosavlje,M,croatian,326
2013,Broj,Vukosavlje,Ž,croatian,337
2013,Broj,Gacko,Oba spola,croatian,4
2013,Broj,Gacko,M,croatian,4
2013,Broj,Gacko,Ž,croatian,0
2013,Broj,Grad Gradiška,Oba spola,croatian,358
2013,Broj,Grad Gradiška,M,croatian,120
2013,Broj,Grad Gradiška,Ž,croatian,238
2013,Broj,Grad Derventa,Oba spola,croatian,1861
2013,Broj,Grad Derventa,M,croatian,950
2013,Broj,Grad Derventa,Ž,croatian,911
2013,Broj,Grad Doboj,Oba spola,croatian,869
2013,Broj,Grad Doboj,M,croatian,378
2013,Broj,Grad Doboj,Ž,croatian,491
2013,Broj,Donji Žabar,Oba spola,croatian,985
2013,Broj,Donji Žabar,M,croatian,497
2013,Broj,Donji Žabar,Ž,croatian,488
2013,Broj,Grad Zvornik,Oba spola,croatian,29
2013,Broj,Grad Zvornik,M,croatian,2
2013,Broj,Grad Zvornik,Ž,croatian,27
2013,Broj,Istočna Ilidža,Oba spola,croatian,76
2013,Broj,Istočna Ilidža,M,croatian,24
2013,Broj,Istočna Ilidža,Ž,croatian,52
2013,Broj,Istočni Drvar,Oba spola,croatian,1
2013,Broj,Istočni Drvar,M,croatian,0
2013,Broj,Istočni Drvar,Ž,croatian,1
2013,Broj,Istočni Mostar,Oba spola,croatian,11
2013,Broj,Istočni Mostar,M,croatian,8
2013,Broj,Istočni Mostar,Ž,croatian,3
2013,Broj,Istočni Stari Grad,Oba spola,croatian,1
2013,Broj,Istočni Stari Grad,M,croatian,0
2013,Broj,Istočni Stari Grad,Ž,croatian,1
2013,Broj,Istočno Novo Sarajevo,Oba spola,croatian,44
2013,Broj,Istočno Novo Sarajevo,M,croatian,14
2013,Broj,Istočno Novo Sarajevo,Ž,croatian,30
2013,Broj,Jezero,Oba spola,croatian,3
2013,Broj,Jezero,M,croatian,2
2013,Broj,Jezero,Ž,croatian,1
2013,Broj,Kalinovik,Oba spola,croatian,3
2013,Broj,Kalinovik,M,croatian,1
2013,Broj,Kalinovik,Ž,croatian,2
2013,Broj,Kneževo,Oba spola,croatian,17
2013,Broj,Kneževo,M,croatian,4
2013,Broj,Kneževo,Ž,croatian,13
2013,Broj,Kozarska Dubica,Oba spola,croatian,151
2013,Broj,Kozarska Dubica,M,croatian,39
2013,Broj,Kozarska Dubica,Ž,croatian,112
2013,Broj,Kostajnica,Oba spola,croatian,72
2013,Broj,Kostajnica,M,croatian,24
2013,Broj,Kostajnica,Ž,croatian,48
2013,Broj,Kotor Varoš,Oba spola,croatian,714
2013,Broj,Kotor Varoš,M,croatian,357
2013,Broj,Kotor Varoš,Ž,croatian,357
2013,Broj,Krupa Na Uni,Oba spola,croatian,3
2013,Broj,Krupa Na Uni,M,croatian,0
2013,Broj,Krupa Na Uni,Ž,croatian,3
2013,Broj,Kupres,Oba spola,croatian,0
2013,Broj,Kupres,M,croatian,0
2013,Broj,Kupres,Ž,croatian,0
2013,Broj,Laktaši,Oba spola,croatian,175
2013,Broj,Laktaši,M,croatian,60
2013,Broj,Laktaši,Ž,croatian,115
2013,Broj,Lopare,Oba spola,croatian,23
2013,Broj,Lopare,M,croatian,1
2013,Broj,Lopare,Ž,croatian,22
2013,Broj,Ljubinje,Oba spola,croatian,7
2013,Broj,Ljubinje,M,croatian,2
2013,Broj,Ljubinje,Ž,croatian,5
2013,Broj,Milići,Oba spola,croatian,4
2013,Broj,Milići,M,croatian,1
2013,Broj,Milići,Ž,croatian,3
2013,Broj,Modriča,Oba spola,croatian,1246
2013,Broj,Modriča,M,croatian,624
2013,Broj,Modriča,Ž,croatian,622
2013,Broj,Mrkonjić Grad,Oba spola,croatian,85
2013,Broj,Mrkonjić Grad,M,croatian,37
2013,Broj,Mrkonjić Grad,Ž,croatian,48
2013,Broj,Nevesinje,Oba spola,croatian,14
2013,Broj,Nevesinje,M,croatian,5
2013,Broj,Nevesinje,Ž,croatian,9
2013,Broj,Novi Grad,Oba spola,croatian,79
2013,Broj,Novi Grad,M,croatian,17
2013,Broj,Novi Grad,Ž,croatian,62
2013,Broj,Novo Goražde,Oba spola,croatian,1
2013,Broj,Novo Goražde,M,croatian,0
2013,Broj,Novo Goražde,Ž,croatian,1
2013,Broj,Osmaci,Oba spola,croatian,3
2013,Broj,Osmaci,M,croatian,1
2013,Broj,Osmaci,Ž,croatian,2
2013,Broj,Oštra Luka,Oba spola,croatian,92
2013,Broj,Oštra Luka,M,croatian,43
2013,Broj,Oštra Luka,Ž,croatian,49
2013,Broj,Pale,Oba spola,croatian,31
2013,Broj,Pale,M,croatian,6
2013,Broj,Pale,Ž,croatian,25
2013,Broj,Pelagićevo,Oba spola,croatian,1159
2013,Broj,Pelagićevo,M,croatian,571
2013,Broj,Pelagićevo,Ž,croatian,588
2013,Broj,Petrovac,Oba spola,croatian,0
2013,Broj,Petrovac,M,croatian,0
2013,Broj,Petrovac,Ž,croatian,0
2013,Broj,Petrovo,Oba spola,croatian,12
2013,Broj,Petrovo,M,croatian,2
2013,Broj,Petrovo,Ž,croatian,10
2013,Broj,Grad Prijedor,Oba spola,croatian,639
2013,Broj,Grad Prijedor,M,croatian,284
2013,Broj,Grad Prijedor,Ž,croatian,355
2013,Broj,Prnjavor,Oba spola,croatian,171
2013,Broj,Prnjavor,M,croatian,59
2013,Broj,Prnjavor,Ž,croatian,112
2013,Broj,Ribnik,Oba spola,croatian,2
2013,Broj,Ribnik,M,croatian,0
2013,Broj,Ribnik,Ž,croatian,2
2013,Broj,Rogatica,Oba spola,croatian,7
2013,Broj,Rogatica,M,croatian,1
2013,Broj,Rogatica,Ž,croatian,6
2013,Broj,Rudo,Oba spola,croatian,0
2013,Broj,Rudo,M,croatian,0
2013,Broj,Rudo,Ž,croatian,0
2013,Broj,Sokolac,Oba spola,croatian,8
2013,Broj,Sokolac,M,croatian,1
2013,Broj,Sokolac,Ž,croatian,7
2013,Broj,Srbac,Oba spola,croatian,54
2013,Broj,Srbac,M,croatian,8
2013,Broj,Srbac,Ž,croatian,46
2013,Broj,Srebrenica,Oba spola,croatian,6
2013,Broj,Srebrenica,M,croatian,2
2013,Broj,Srebrenica,Ž,croatian,4
2013,Broj,Teslić,Oba spola,croatian,766
2013,Broj,Teslić,M,croatian,360
2013,Broj,Teslić,Ž,croatian,406
2013,Broj,Grad Trebinje,Oba spola,croatian,149
2013,Broj,Grad Trebinje,M,croatian,66
2013,Broj,Grad Trebinje,Ž,croatian,83
2013,Broj,Trnovo,Oba spola,croatian,13
2013,Broj,Trnovo,M,croatian,5
2013,Broj,Trnovo,Ž,croatian,8
2013,Broj,Ugljevik,Oba spola,croatian,14
2013,Broj,Ugljevik,M,croatian,1
2013,Broj,Ugljevik,Ž,croatian,13
2013,Broj,Foča,Oba spola,croatian,19
2013,Broj,Foča,M,croatian,3
2013,Broj,Foča,Ž,croatian,16
2013,Broj,Han Pijesak,Oba spola,croatian,3
2013,Broj,Han Pijesak,M,croatian,0
2013,Broj,Han Pijesak,Ž,croatian,3
2013,Broj,Čajniče,Oba spola,croatian,3
2013,Broj,Čajniče,M,croatian,0
2013,Broj,Čajniče,Ž,croatian,3
2013,Broj,Čelinac,Oba spola,croatian,15
2013,Broj,Čelinac,M,croatian,2
2013,Broj,Čelinac,Ž,croatian,13
2013,Broj,Šamac,Oba spola,croatian,2006
2013,Broj,Šamac,M,croatian,964
2013,Broj,Šamac,Ž,croatian,1042
2013,Broj,Šekovići,Oba spola,croatian,3
2013,Broj,Šekovići,M,croatian,0
2013,Broj,Šekovići,Ž,croatian,3
2013,Broj,Šipovo,Oba spola,croatian,11
2013,Broj,Šipovo,M,croatian,0
2013,Broj,Šipovo,Ž,croatian,11
2013,Broj,Republika Srpska,Oba spola,serbian,982480
2013,Broj,Republika Srpska,M,serbian,481743
2013,Broj,Republika Srpska,Ž,serbian,500737
2013,Broj,Grad Banja Luka,Oba spola,serbian,166022
2013,Broj,Grad Banja Luka,M,serbian,80369
2013,Broj,Grad Banja Luka,Ž,serbian,85653
2013,Broj,Berkovići,Oba spola,serbian,1875
2013,Broj,Berkovići,M,serbian,942
2013,Broj,Berkovići,Ž,serbian,933
2013,Broj,Grad Bijeljina,Oba spola,serbian,90547
2013,Broj,Grad Bijeljina,M,serbian,44290
2013,Broj,Grad Bijeljina,Ž,serbian,46257
2013,Broj,Bileća,Oba spola,serbian,10534
2013,Broj,Bileća,M,serbian,5307
2013,Broj,Bileća,Ž,serbian,5227
2013,Broj,Bratunac,Oba spola,serbian,11930
2013,Broj,Bratunac,M,serbian,5937
2013,Broj,Bratunac,Ž,serbian,5993
2013,Broj,Brod,Oba spola,serbian,11154
2013,Broj,Brod,M,serbian,5490
2013,Broj,Brod,Ž,serbian,5664
2013,Broj,Višegrad,Oba spola,serbian,8981
2013,Broj,Višegrad,M,serbian,4351
2013,Broj,Višegrad,Ž,serbian,4630
2013,Broj,Vlasenica,Oba spola,serbian,7160
2013,Broj,Vlasenica,M,serbian,3493
2013,Broj,Vlasenica,Ž,serbian,3667
2013,Broj,Vukosavlje,Oba spola,serbian,1471
2013,Broj,Vukosavlje,M,serbian,727
2013,Broj,Vukosavlje,Ž,serbian,744
2013,Broj,Gacko,Oba spola,serbian,8356
2013,Broj,Gacko,M,serbian,4234
2013,Broj,Gacko,Ž,serbian,4122
2013,Broj,Grad Gradiška,Oba spola,serbian,41393
2013,Broj,Grad Gradiška,M,serbian,20221
2013,Broj,Grad Gradiška,Ž,serbian,21172
2013,Broj,Grad Derventa,Oba spola,serbian,21749
2013,Broj,Grad Derventa,M,serbian,10593
2013,Broj,Grad Derventa,Ž,serbian,11156
2013,Broj,Grad Doboj,Oba spola,serbian,51338
2013,Broj,Grad Doboj,M,serbian,25045
2013,Broj,Grad Doboj,Ž,serbian,26293
2013,Broj,Donji Žabar,Oba spola,serbian,2652
2013,Broj,Donji Žabar,M,serbian,1345
2013,Broj,Donji Žabar,Ž,serbian,1307
2013,Broj,Grad Zvornik,Oba spola,serbian,37330
2013,Broj,Grad Zvornik,M,serbian,18483
2013,Broj,Grad Zvornik,Ž,serbian,18847
2013,Broj,Istočna Ilidža,Oba spola,serbian,13532
2013,Broj,Istočna Ilidža,M,serbian,6502
2013,Broj,Istočna Ilidža,Ž,serbian,7030
2013,Broj,Istočni Drvar,Oba spola,serbian,65
2013,Broj,Istočni Drvar,M,serbian,44
2013,Broj,Istočni Drvar,Ž,serbian,21
2013,Broj,Istočni Mostar,Oba spola,serbian,152
2013,Broj,Istočni Mostar,M,serbian,84
2013,Broj,Istočni Mostar,Ž,serbian,68
2013,Broj,Istočni Stari Grad,Oba spola,serbian,1063
2013,Broj,Istočni Stari Grad,M,serbian,521
2013,Broj,Istočni Stari Grad,Ž,serbian,542
2013,Broj,Istočno Novo Sarajevo,Oba spola,serbian,10078
2013,Broj,Istočno Novo Sarajevo,M,serbian,4805
2013,Broj,Istočno Novo Sarajevo,Ž,serbian,5273
2013,Broj,Jezero,Oba spola,serbian,782
2013,Broj,Jezero,M,serbian,412
2013,Broj,Jezero,Ž,serbian,370
2013,Broj,Kalinovik,Oba spola,serbian,1907
2013,Broj,Kalinovik,M,serbian,924
2013,Broj,Kalinovik,Ž,serbian,983
2013,Broj,Kneževo,Oba spola,serbian,8909
2013,Broj,Kneževo,M,serbian,4431
2013,Broj,Kneževo,Ž,serbian,4478
2013,Broj,Kozarska Dubica,Oba spola,serbian,18376
2013,Broj,Kozarska Dubica,M,serbian,9029
2013,Broj,Kozarska Dubica,Ž,serbian,9347
2013,Broj,Kostajnica,Oba spola,serbian,4175
2013,Broj,Kostajnica,M,serbian,2078
2013,Broj,Kostajnica,Ž,serbian,2097
2013,Broj,Kotor Varoš,Oba spola,serbian,12926
2013,Broj,Kotor Varoš,M,serbian,6387
2013,Broj,Kotor Varoš,Ž,serbian,6539
2013,Broj,Krupa Na Uni,Oba spola,serbian,1554
2013,Broj,Krupa Na Uni,M,serbian,840
2013,Broj,Krupa Na Uni,Ž,serbian,714
2013,Broj,Kupres,Oba spola,serbian,290
2013,Broj,Kupres,M,serbian,155
2013,Broj,Kupres,Ž,serbian,135
2013,Broj,Laktaši,Oba spola,serbian,33263
2013,Broj,Laktaši,M,serbian,16465
2013,Broj,Laktaši,Ž,serbian,16798
2013,Broj,Lopare,Oba spola,serbian,13299
2013,Broj,Lopare,M,serbian,6707
2013,Broj,Lopare,Ž,serbian,6592
2013,Broj,Ljubinje,Oba spola,serbian,3295
2013,Broj,Ljubinje,M,serbian,1623
2013,Broj,Ljubinje,Ž,serbian,1672
2013,Broj,Milići,Oba spola,serbian,6880
2013,Broj,Milići,M,serbian,3495
2013,Broj,Milići,Ž,serbian,3385
2013,Broj,Modriča,Oba spola,serbian,19633
2013,Broj,Modriča,M,serbian,9640
2013,Broj,Modriča,Ž,serbian,9993
2013,Broj,Mrkonjić Grad,Oba spola,serbian,15370
2013,Broj,Mrkonjić Grad,M,serbian,7392
2013,Broj,Mrkonjić Grad,Ž,serbian,7978
2013,Broj,Nevesinje,Oba spola,serbian,11987
2013,Broj,Nevesinje,M,serbian,5961
2013,Broj,Nevesinje,Ž,serbian,6026
2013,Broj,Novi Grad,Oba spola,serbian,19602
2013,Broj,Novi Grad,M,serbian,9805
2013,Broj,Novi Grad,Ž,serbian,9797
2013,Broj,Novo Goražde,Oba spola,serbian,1564
2013,Broj,Novo Goražde,M,serbian,823
2013,Broj,Novo Goražde,Ž,serbian,741
2013,Broj,Osmaci,Oba spola,serbian,2850
2013,Broj,Osmaci,M,serbian,1452
2013,Broj,Osmaci,Ž,serbian,1398
2013,Broj,Oštra Luka,Oba spola,serbian,2540
2013,Broj,Oštra Luka,M,serbian,1309
2013,Broj,Oštra Luka,Ž,serbian,1231
2013,Broj,Pale,Oba spola,serbian,20039
2013,Broj,Pale,M,serbian,9599
2013,Broj,Pale,Ž,serbian,10440
2013,Broj,Pelagićevo,Oba spola,serbian,3140
2013,Broj,Pelagićevo,M,serbian,1561
2013,Broj,Pelagićevo,Ž,serbian,1579
2013,Broj,Petrovac,Oba spola,serbian,353
2013,Broj,Petrovac,M,serbian,169
2013,Broj,Petrovac,Ž,serbian,184
2013,Broj,Petrovo,Oba spola,serbian,6252
2013,Broj,Petrovo,M,serbian,3020
2013,Broj,Petrovo,Ž,serbian,3232
2013,Broj,Grad Prijedor,Oba spola,serbian,55452
2013,Broj,Grad Prijedor,M,serbian,27205
2013,Broj,Grad Prijedor,Ž,serbian,28247
2013,Broj,Prnjavor,Oba spola,serbian,30213
2013,Broj,Prnjavor,M,serbian,14687
2013,Broj,Prnjavor,Ž,serbian,15526
2013,Broj,Ribnik,Oba spola,serbian,5830
2013,Broj,Ribnik,M,serbian,2891
2013,Broj,Ribnik,Ž,serbian,2939
2013,Broj,Rogatica,Oba spola,serbian,9233
2013,Broj,Rogatica,M,serbian,4508
2013,Broj,Rogatica,Ž,serbian,4725
2013,Broj,Rudo,Oba spola,serbian,6979
2013,Broj,Rudo,M,serbian,3527
2013,Broj,Rudo,Ž,serbian,3452
2013,Broj,Sokolac,Oba spola,serbian,10911
2013,Broj,Sokolac,M,serbian,5366
2013,Broj,Sokolac,Ž,serbian,5545
2013,Broj,Srbac,Oba spola,serbian,16269
2013,Broj,Srbac,M,serbian,7994
2013,Broj,Srbac,Ž,serbian,8275
2013,Broj,Srebrenica,Oba spola,serbian,5469
2013,Broj,Srebrenica,M,serbian,2745
2013,Broj,Srebrenica,Ž,serbian,2724
2013,Broj,Teslić,Oba spola,serbian,28458
2013,Broj,Teslić,M,serbian,13628
2013,Broj,Teslić,Ž,serbian,14830
2013,Broj,Grad Trebinje,Oba spola,serbian,26940
2013,Broj,Grad Trebinje,M,serbian,13155
2013,Broj,Grad Trebinje,Ž,serbian,13785
2013,Broj,Trnovo,Oba spola,serbian,1141
2013,Broj,Trnovo,M,serbian,537
2013,Broj,Trnovo,Ž,serbian,604
2013,Broj,Ugljevik,Oba spola,serbian,13052
2013,Broj,Ugljevik,M,serbian,6622
2013,Broj,Ugljevik,Ž,serbian,6430
2013,Broj,Foča,Oba spola,serbian,16299
2013,Broj,Foča,M,serbian,8200
2013,Broj,Foča,Ž,serbian,8099
2013,Broj,Han Pijesak,Oba spola,serbian,3002
2013,Broj,Han Pijesak,M,serbian,1415
2013,Broj,Han Pijesak,Ž,serbian,1587
2013,Broj,Čajniče,Oba spola,serbian,3820
2013,Broj,Čajniče,M,serbian,1898
2013,Broj,Čajniče,Ž,serbian,1922
2013,Broj,Čelinac,Oba spola,serbian,14622
2013,Broj,Čelinac,M,serbian,7247
2013,Broj,Čelinac,Ž,serbian,7375
2013,Broj,Šamac,Oba spola,serbian,12894
2013,Broj,Šamac,M,serbian,6289
2013,Broj,Šamac,Ž,serbian,6605
2013,Broj,Šekovići,Oba spola,serbian,6196
2013,Broj,Šekovići,M,serbian,3044
2013,Broj,Šekovići,Ž,serbian,3152
2013,Broj,Šipovo,Oba spola,serbian,9332
2013,Broj,Šipovo,M,serbian,4725
2013,Broj,Šipovo,Ž,serbian,4607
2013,Broj,Republika Srpska,Oba spola,Drugo,17824
2013,Broj,Republika Srpska,M,Drugo,8017
2013,Broj,Republika Srpska,Ž,Drugo,9807
2013,Broj,Grad Banja Luka,Oba spola,Drugo,5207
2013,Broj,Grad Banja Luka,M,Drugo,2214
2013,Broj,Grad Banja Luka,Ž,Drugo,2993
2013,Broj,Berkovići,Oba spola,Drugo,5
2013,Broj,Berkovići,M,Drugo,2
2013,Broj,Berkovići,Ž,Drugo,3
2013,Broj,Grad Bijeljina,Oba spola,Drugo,1418
2013,Broj,Grad Bijeljina,M,Drugo,673
2013,Broj,Grad Bijeljina,Ž,Drugo,745
2013,Broj,Bileća,Oba spola,Drugo,32
2013,Broj,Bileća,M,Drugo,18
2013,Broj,Bileća,Ž,Drugo,14
2013,Broj,Bratunac,Oba spola,Drugo,69
2013,Broj,Bratunac,M,Drugo,33
2013,Broj,Bratunac,Ž,Drugo,36
2013,Broj,Brod,Oba spola,Drugo,283
2013,Broj,Brod,M,Drugo,111
2013,Broj,Brod,Ž,Drugo,172
2013,Broj,Višegrad,Oba spola,Drugo,66
2013,Broj,Višegrad,M,Drugo,32
2013,Broj,Višegrad,Ž,Drugo,34
2013,Broj,Vlasenica,Oba spola,Drugo,89
2013,Broj,Vlasenica,M,Drugo,36
2013,Broj,Vlasenica,Ž,Drugo,53
2013,Broj,Vukosavlje,Oba spola,Drugo,116
2013,Broj,Vukosavlje,M,Drugo,68
2013,Broj,Vukosavlje,Ž,Drugo,48
2013,Broj,Gacko,Oba spola,Drugo,9
2013,Broj,Gacko,M,Drugo,5
2013,Broj,Gacko,Ž,Drugo,4
2013,Broj,Grad Gradiška,Oba spola,Drugo,1025
2013,Broj,Grad Gradiška,M,Drugo,481
2013,Broj,Grad Gradiška,Ž,Drugo,544
2013,Broj,Grad Derventa,Oba spola,Drugo,447
2013,Broj,Grad Derventa,M,Drugo,196
2013,Broj,Grad Derventa,Ž,Drugo,251
2013,Broj,Grad Doboj,Oba spola,Drugo,1380
2013,Broj,Grad Doboj,M,Drugo,644
2013,Broj,Grad Doboj,Ž,Drugo,736
2013,Broj,Donji Žabar,Oba spola,Drugo,15
2013,Broj,Donji Žabar,M,Drugo,4
2013,Broj,Donji Žabar,Ž,Drugo,11
2013,Broj,Grad Zvornik,Oba spola,Drugo,116
2013,Broj,Grad Zvornik,M,Drugo,48
2013,Broj,Grad Zvornik,Ž,Drugo,68
2013,Broj,Istočna Ilidža,Oba spola,Drugo,125
2013,Broj,Istočna Ilidža,M,Drugo,50
2013,Broj,Istočna Ilidža,Ž,Drugo,75
2013,Broj,Istočni Drvar,Oba spola,Drugo,0
2013,Broj,Istočni Drvar,M,Drugo,0
2013,Broj,Istočni Drvar,Ž,Drugo,0
2013,Broj,Istočni Mostar,Oba spola,Drugo,0
2013,Broj,Istočni Mostar,M,Drugo,0
2013,Broj,Istočni Mostar,Ž,Drugo,0
2013,Broj,Istočni Stari Grad,Oba spola,Drugo,6
2013,Broj,Istočni Stari Grad,M,Drugo,2
2013,Broj,Istočni Stari Grad,Ž,Drugo,4
2013,Broj,Istočno Novo Sarajevo,Oba spola,Drugo,199
2013,Broj,Istočno Novo Sarajevo,M,Drugo,86
2013,Broj,Istočno Novo Sarajevo,Ž,Drugo,113
2013,Broj,Jezero,Oba spola,Drugo,1
2013,Broj,Jezero,M,Drugo,1
2013,Broj,Jezero,Ž,Drugo,0
2013,Broj,Kalinovik,Oba spola,Drugo,11
2013,Broj,Kalinovik,M,Drugo,8
2013,Broj,Kalinovik,Ž,Drugo,3
2013,Broj,Kneževo,Oba spola,Drugo,30
2013,Broj,Kneževo,M,Drugo,8
2013,Broj,Kneževo,Ž,Drugo,22
2013,Broj,Kozarska Dubica,Oba spola,Drugo,209
2013,Broj,Kozarska Dubica,M,Drugo,89
2013,Broj,Kozarska Dubica,Ž,Drugo,120
2013,Broj,Kostajnica,Oba spola,Drugo,112
2013,Broj,Kostajnica,M,Drugo,51
2013,Broj,Kostajnica,Ž,Drugo,61
2013,Broj,Kotor Varoš,Oba spola,Drugo,181
2013,Broj,Kotor Varoš,M,Drugo,75
2013,Broj,Kotor Varoš,Ž,Drugo,106
2013,Broj,Krupa Na Uni,Oba spola,Drugo,0
2013,Broj,Krupa Na Uni,M,Drugo,0
2013,Broj,Krupa Na Uni,Ž,Drugo,0
2013,Broj,Kupres,Oba spola,Drugo,3
2013,Broj,Kupres,M,Drugo,2
2013,Broj,Kupres,Ž,Drugo,1
2013,Broj,Laktaši,Oba spola,Drugo,578
2013,Broj,Laktaši,M,Drugo,286
2013,Broj,Laktaši,Ž,Drugo,292
2013,Broj,Lopare,Oba spola,Drugo,28
2013,Broj,Lopare,M,Drugo,9
2013,Broj,Lopare,Ž,Drugo,19
2013,Broj,Ljubinje,Oba spola,Drugo,3
2013,Broj,Ljubinje,M,Drugo,1
2013,Broj,Ljubinje,Ž,Drugo,2
2013,Broj,Milići,Oba spola,Drugo,9
2013,Broj,Milići,M,Drugo,1
2013,Broj,Milići,Ž,Drugo,8
2013,Broj,Modriča,Oba spola,Drugo,470
2013,Broj,Modriča,M,Drugo,208
2013,Broj,Modriča,Ž,Drugo,262
2013,Broj,Mrkonjić Grad,Oba spola,Drugo,97
2013,Broj,Mrkonjić Grad,M,Drugo,52
2013,Broj,Mrkonjić Grad,Ž,Drugo,45
2013,Broj,Nevesinje,Oba spola,Drugo,17
2013,Broj,Nevesinje,M,Drugo,4
2013,Broj,Nevesinje,Ž,Drugo,13
2013,Broj,Novi Grad,Oba spola,Drugo,263
2013,Broj,Novi Grad,M,Drugo,108
2013,Broj,Novi Grad,Ž,Drugo,155
2013,Broj,Novo Goražde,Oba spola,Drugo,4
2013,Broj,Novo Goražde,M,Drugo,3
2013,Broj,Novo Goražde,Ž,Drugo,1
2013,Broj,Osmaci,Oba spola,Drugo,8
2013,Broj,Osmaci,M,Drugo,1
2013,Broj,Osmaci,Ž,Drugo,7
2013,Broj,Oštra Luka,Oba spola,Drugo,32
2013,Broj,Oštra Luka,M,Drugo,16
2013,Broj,Oštra Luka,Ž,Drugo,16
2013,Broj,Pale,Oba spola,Drugo,108
2013,Broj,Pale,M,Drugo,42
2013,Broj,Pale,Ž,Drugo,66
2013,Broj,Pelagićevo,Oba spola,Drugo,30
2013,Broj,Pelagićevo,M,Drugo,12
2013,Broj,Pelagićevo,Ž,Drugo,18
2013,Broj,Petrovac,Oba spola,Drugo,1
2013,Broj,Petrovac,M,Drugo,0
2013,Broj,Petrovac,Ž,Drugo,1
2013,Broj,Petrovo,Oba spola,Drugo,41
2013,Broj,Petrovo,M,Drugo,15
2013,Broj,Petrovo,Ž,Drugo,26
2013,Broj,Grad Prijedor,Oba spola,Drugo,1883
2013,Broj,Grad Prijedor,M,Drugo,879
2013,Broj,Grad Prijedor,Ž,Drugo,1004
2013,Broj,Prnjavor,Oba spola,Drugo,1131
2013,Broj,Prnjavor,M,Drugo,565
2013,Broj,Prnjavor,Ž,Drugo,566
2013,Broj,Ribnik,Oba spola,Drugo,13
2013,Broj,Ribnik,M,Drugo,5
2013,Broj,Ribnik,Ž,Drugo,8
2013,Broj,Rogatica,Oba spola,Drugo,35
2013,Broj,Rogatica,M,Drugo,17
2013,Broj,Rogatica,Ž,Drugo,18
2013,Broj,Rudo,Oba spola,Drugo,8
2013,Broj,Rudo,M,Drugo,3
2013,Broj,Rudo,Ž,Drugo,5
2013,Broj,Sokolac,Oba spola,Drugo,35
2013,Broj,Sokolac,M,Drugo,9
2013,Broj,Sokolac,Ž,Drugo,26
2013,Broj,Srbac,Oba spola,Drugo,180
2013,Broj,Srbac,M,Drugo,91
2013,Broj,Srbac,Ž,Drugo,89
2013,Broj,Srebrenica,Oba spola,Drugo,49
2013,Broj,Srebrenica,M,Drugo,32
2013,Broj,Srebrenica,Ž,Drugo,17
2013,Broj,Teslić,Oba spola,Drugo,864
2013,Broj,Teslić,M,Drugo,390
2013,Broj,Teslić,Ž,Drugo,474
2013,Broj,Grad Trebinje,Oba spola,Drugo,269
2013,Broj,Grad Trebinje,M,Drugo,101
2013,Broj,Grad Trebinje,Ž,Drugo,168
2013,Broj,Trnovo,Oba spola,Drugo,8
2013,Broj,Trnovo,M,Drugo,5
2013,Broj,Trnovo,Ž,Drugo,3
2013,Broj,Ugljevik,Oba spola,Drugo,36
2013,Broj,Ugljevik,M,Drugo,15
2013,Broj,Ugljevik,Ž,Drugo,21
2013,Broj,Foča,Oba spola,Drugo,63
2013,Broj,Foča,M,Drugo,35
2013,Broj,Foča,Ž,Drugo,28
2013,Broj,Han Pijesak,Oba spola,Drugo,7
2013,Broj,Han Pijesak,M,Drugo,6
2013,Broj,Han Pijesak,Ž,Drugo,1
2013,Broj,Čajniče,Oba spola,Drugo,12
2013,Broj,Čajniče,M,Drugo,6
2013,Broj,Čajniče,Ž,Drugo,6
2013,Broj,Čelinac,Oba spola,Drugo,74
2013,Broj,Čelinac,M,Drugo,26
2013,Broj,Čelinac,Ž,Drugo,48
2013,Broj,Šamac,Oba spola,Drugo,277
2013,Broj,Šamac,M,Drugo,116
2013,Broj,Šamac,Ž,Drugo,161
2013,Broj,Šekovići,Oba spola,Drugo,11
2013,Broj,Šekovići,M,Drugo,4
2013,Broj,Šekovići,Ž,Drugo,7
2013,Broj,Šipovo,Oba spola,Drugo,26
2013,Broj,Šipovo,M,Drugo,17
2013,Broj,Šipovo,Ž,Drugo,9
2013,Broj,Republika Srpska,Oba spola,Nepoznato,2502
2013,Broj,Republika Srpska,M,Nepoznato,1156
2013,Broj,Republika Srpska,Ž,Nepoznato,1346
2013,Broj,Grad Banja Luka,Oba spola,Nepoznato,411
2013,Broj,Grad Banja Luka,M,Nepoznato,189
2013,Broj,Grad Banja Luka,Ž,Nepoznato,222
2013,Broj,Berkovići,Oba spola,Nepoznato,2
2013,Broj,Berkovići,M,Nepoznato,0
2013,Broj,Berkovići,Ž,Nepoznato,2
2013,Broj,Grad Bijeljina,Oba spola,Nepoznato,124
2013,Broj,Grad Bijeljina,M,Nepoznato,51
2013,Broj,Grad Bijeljina,Ž,Nepoznato,73
2013,Broj,Bileća,Oba spola,Nepoznato,14
2013,Broj,Bileća,M,Nepoznato,7
2013,Broj,Bileća,Ž,Nepoznato,7
2013,Broj,Bratunac,Oba spola,Nepoznato,46
2013,Broj,Bratunac,M,Nepoznato,21
2013,Broj,Bratunac,Ž,Nepoznato,25
2013,Broj,Brod,Oba spola,Nepoznato,44
2013,Broj,Brod,M,Nepoznato,20
2013,Broj,Brod,Ž,Nepoznato,24
2013,Broj,Višegrad,Oba spola,Nepoznato,178
2013,Broj,Višegrad,M,Nepoznato,2
2013,Broj,Višegrad,Ž,Nepoznato,176
2013,Broj,Vlasenica,Oba spola,Nepoznato,29
2013,Broj,Vlasenica,M,Nepoznato,14
2013,Broj,Vlasenica,Ž,Nepoznato,15
2013,Broj,Vukosavlje,Oba spola,Nepoznato,15
2013,Broj,Vukosavlje,M,Nepoznato,2
2013,Broj,Vukosavlje,Ž,Nepoznato,13
2013,Broj,Gacko,Oba spola,Nepoznato,10
2013,Broj,Gacko,M,Nepoznato,2
2013,Broj,Gacko,Ž,Nepoznato,8
2013,Broj,Grad Gradiška,Oba spola,Nepoznato,85
2013,Broj,Grad Gradiška,M,Nepoznato,39
2013,Broj,Grad Gradiška,Ž,Nepoznato,46
2013,Broj,Grad Derventa,Oba spola,Nepoznato,74
2013,Broj,Grad Derventa,M,Nepoznato,33
2013,Broj,Grad Derventa,Ž,Nepoznato,41
2013,Broj,Grad Doboj,Oba spola,Nepoznato,178
2013,Broj,Grad Doboj,M,Nepoznato,70
2013,Broj,Grad Doboj,Ž,Nepoznato,108
2013,Broj,Donji Žabar,Oba spola,Nepoznato,6
2013,Broj,Donji Žabar,M,Nepoznato,4
2013,Broj,Donji Žabar,Ž,Nepoznato,2
2013,Broj,Grad Zvornik,Oba spola,Nepoznato,119
2013,Broj,Grad Zvornik,M,Nepoznato,52
2013,Broj,Grad Zvornik,Ž,Nepoznato,67
2013,Broj,Istočna Ilidža,Oba spola,Nepoznato,13
2013,Broj,Istočna Ilidža,M,Nepoznato,7
2013,Broj,Istočna Ilidža,Ž,Nepoznato,6
2013,Broj,Istočni Drvar,Oba spola,Nepoznato,0
2013,Broj,Istočni Drvar,M,Nepoznato,0
2013,Broj,Istočni Drvar,Ž,Nepoznato,0
2013,Broj,Istočni Mostar,Oba spola,Nepoznato,3
2013,Broj,Istočni Mostar,M,Nepoznato,1
2013,Broj,Istočni Mostar,Ž,Nepoznato,2
2013,Broj,Istočni Stari Grad,Oba spola,Nepoznato,2
2013,Broj,Istočni Stari Grad,M,Nepoznato,2
2013,Broj,Istočni Stari Grad,Ž,Nepoznato,0
2013,Broj,Istočno Novo Sarajevo,Oba spola,Nepoznato,9
2013,Broj,Istočno Novo Sarajevo,M,Nepoznato,2
2013,Broj,Istočno Novo Sarajevo,Ž,Nepoznato,7
2013,Broj,Jezero,Oba spola,Nepoznato,1
2013,Broj,Jezero,M,Nepoznato,1
2013,Broj,Jezero,Ž,Nepoznato,0
2013,Broj,Kalinovik,Oba spola,Nepoznato,4
2013,Broj,Kalinovik,M,Nepoznato,2
2013,Broj,Kalinovik,Ž,Nepoznato,2
2013,Broj,Kneževo,Oba spola,Nepoznato,8
2013,Broj,Kneževo,M,Nepoznato,4
2013,Broj,Kneževo,Ž,Nepoznato,4
2013,Broj,Kozarska Dubica,Oba spola,Nepoznato,23
2013,Broj,Kozarska Dubica,M,Nepoznato,10
2013,Broj,Kozarska Dubica,Ž,Nepoznato,13
2013,Broj,Kostajnica,Oba spola,Nepoznato,3
2013,Broj,Kostajnica,M,Nepoznato,1
2013,Broj,Kostajnica,Ž,Nepoznato,2
2013,Broj,Kotor Varoš,Oba spola,Nepoznato,23
2013,Broj,Kotor Varoš,M,Nepoznato,15
2013,Broj,Kotor Varoš,Ž,Nepoznato,8
2013,Broj,Krupa Na Uni,Oba spola,Nepoznato,0
2013,Broj,Krupa Na Uni,M,Nepoznato,0
2013,Broj,Krupa Na Uni,Ž,Nepoznato,0
2013,Broj,Kupres,Oba spola,Nepoznato,0
2013,Broj,Kupres,M,Nepoznato,0
2013,Broj,Kupres,Ž,Nepoznato,0
2013,Broj,Laktaši,Oba spola,Nepoznato,82
2013,Broj,Laktaši,M,Nepoznato,36
2013,Broj,Laktaši,Ž,Nepoznato,46
2013,Broj,Lopare,Oba spola,Nepoznato,24
2013,Broj,Lopare,M,Nepoznato,12
2013,Broj,Lopare,Ž,Nepoznato,12
2013,Broj,Ljubinje,Oba spola,Nepoznato,4
2013,Broj,Ljubinje,M,Nepoznato,2
2013,Broj,Ljubinje,Ž,Nepoznato,2
2013,Broj,Milići,Oba spola,Nepoznato,11
2013,Broj,Milići,M,Nepoznato,4
2013,Broj,Milići,Ž,Nepoznato,7
2013,Broj,Modriča,Oba spola,Nepoznato,133
2013,Broj,Modriča,M,Nepoznato,71
2013,Broj,Modriča,Ž,Nepoznato,62
2013,Broj,Mrkonjić Grad,Oba spola,Nepoznato,16
2013,Broj,Mrkonjić Grad,M,Nepoznato,7
2013,Broj,Mrkonjić Grad,Ž,Nepoznato,9
2013,Broj,Nevesinje,Oba spola,Nepoznato,17
2013,Broj,Nevesinje,M,Nepoznato,5
2013,Broj,Nevesinje,Ž,Nepoznato,12
2013,Broj,Novi Grad,Oba spola,Nepoznato,36
2013,Broj,Novi Grad,M,Nepoznato,20
2013,Broj,Novi Grad,Ž,Nepoznato,16
2013,Broj,Novo Goražde,Oba spola,Nepoznato,8
2013,Broj,Novo Goražde,M,Nepoznato,3
2013,Broj,Novo Goražde,Ž,Nepoznato,5
2013,Broj,Osmaci,Oba spola,Nepoznato,5
2013,Broj,Osmaci,M,Nepoznato,2
2013,Broj,Osmaci,Ž,Nepoznato,3
2013,Broj,Oštra Luka,Oba spola,Nepoznato,2
2013,Broj,Oštra Luka,M,Nepoznato,2
2013,Broj,Oštra Luka,Ž,Nepoznato,0
2013,Broj,Pale,Oba spola,Nepoznato,11
2013,Broj,Pale,M,Nepoznato,8
2013,Broj,Pale,Ž,Nepoznato,3
2013,Broj,Pelagićevo,Oba spola,Nepoznato,5
2013,Broj,Pelagićevo,M,Nepoznato,1
2013,Broj,Pelagićevo,Ž,Nepoznato,4
2013,Broj,Petrovac,Oba spola,Nepoznato,0
2013,Broj,Petrovac,M,Nepoznato,0
2013,Broj,Petrovac,Ž,Nepoznato,0
2013,Broj,Petrovo,Oba spola,Nepoznato,5
2013,Broj,Petrovo,M,Nepoznato,2
2013,Broj,Petrovo,Ž,Nepoznato,3
2013,Broj,Grad Prijedor,Oba spola,Nepoznato,394
2013,Broj,Grad Prijedor,M,Nepoznato,269
2013,Broj,Grad Prijedor,Ž,Nepoznato,125
2013,Broj,Prnjavor,Oba spola,Nepoznato,50
2013,Broj,Prnjavor,M,Nepoznato,20
2013,Broj,Prnjavor,Ž,Nepoznato,30
2013,Broj,Ribnik,Oba spola,Nepoznato,3
2013,Broj,Ribnik,M,Nepoznato,3
2013,Broj,Ribnik,Ž,Nepoznato,0
2013,Broj,Rogatica,Oba spola,Nepoznato,5
2013,Broj,Rogatica,M,Nepoznato,2
2013,Broj,Rogatica,Ž,Nepoznato,3
2013,Broj,Rudo,Oba spola,Nepoznato,5
2013,Broj,Rudo,M,Nepoznato,2
2013,Broj,Rudo,Ž,Nepoznato,3
2013,Broj,Sokolac,Oba spola,Nepoznato,21
2013,Broj,Sokolac,M,Nepoznato,7
2013,Broj,Sokolac,Ž,Nepoznato,14
2013,Broj,Srbac,Oba spola,Nepoznato,41
2013,Broj,Srbac,M,Nepoznato,21
2013,Broj,Srbac,Ž,Nepoznato,20
2013,Broj,Srebrenica,Oba spola,Nepoznato,29
2013,Broj,Srebrenica,M,Nepoznato,14
2013,Broj,Srebrenica,Ž,Nepoznato,15
2013,Broj,Teslić,Oba spola,Nepoznato,58
2013,Broj,Teslić,M,Nepoznato,27
2013,Broj,Teslić,Ž,Nepoznato,31
2013,Broj,Grad Trebinje,Oba spola,Nepoznato,21
2013,Broj,Grad Trebinje,M,Nepoznato,13
2013,Broj,Grad Trebinje,Ž,Nepoznato,8
2013,Broj,Trnovo,Oba spola,Nepoznato,1
2013,Broj,Trnovo,M,Nepoznato,0
2013,Broj,Trnovo,Ž,Nepoznato,1
2013,Broj,Ugljevik,Oba spola,Nepoznato,16
2013,Broj,Ugljevik,M,Nepoznato,13
2013,Broj,Ugljevik,Ž,Nepoznato,3
2013,Broj,Foča,Oba spola,Nepoznato,17
2013,Broj,Foča,M,Nepoznato,9
2013,Broj,Foča,Ž,Nepoznato,8
2013,Broj,Han Pijesak,Oba spola,Nepoznato,0
2013,Broj,Han Pijesak,M,Nepoznato,0
2013,Broj,Han Pijesak,Ž,Nepoznato,0
2013,Broj,Čajniče,Oba spola,Nepoznato,5
2013,Broj,Čajniče,M,Nepoznato,2
2013,Broj,Čajniče,Ž,Nepoznato,3
2013,Broj,Čelinac,Oba spola,Nepoznato,15
2013,Broj,Čelinac,M,Nepoznato,7
2013,Broj,Čelinac,Ž,Nepoznato,8
2013,Broj,Šamac,Oba spola,Nepoznato,21
2013,Broj,Šamac,M,Nepoznato,12
2013,Broj,Šamac,Ž,Nepoznato,9
2013,Broj,Šekovići,Oba spola,Nepoznato,9
2013,Broj,Šekovići,M,Nepoznato,3
2013,Broj,Šekovići,Ž,Nepoznato,6
2013,Broj,Šipovo,Oba spola,Nepoznato,8
2013,Broj,Šipovo,M,Nepoznato,6
2013,Broj,Šipovo,Ž,Nepoznato,2
