Year,UNIT_MEASURE,Teritory,Spol,Veličina domaćinstva,Value
2013,Broj,REPUBLIKA SRPSKA,Oba spola,Ukupno,408825.0
2013,Broj,BANJA LUKA,M,Ukupno,65010.0
2013,Broj,BERKOVICI,Ž,Ukupno,636.0
2013,Broj,BIJELJINA,Oba spola,Ukupno,34309.0
2013,Broj,BILECA,M,Ukupno,3307.0
2013,Broj,BRATUNAC,Ž,Ukupno,5945.0
2013,Broj,BROD,Oba spola,Ukupno,5599.0
2013,Broj,VISEGRAD,M,Ukupno,3966.0
2013,Broj,VLASENICA,Ž,Ukupno,3712.0
2013,Broj,VUKOSAVLJE,Oba spola,Ukupno,1537.0
2013,Broj,GACKO,M,Ukupno,2766.0
2013,Broj,GRADISKA,Ž,Ukupno,16939.0
2013,Broj,DERVENTA,Oba spola,Ukupno,9345.0
2013,Broj,DOBOJ,M,Ukupno,25447.0
2013,Broj,DONJI ZABAR,Ž,Ukupno,1191.0
2013,Broj,ZVORNIK,Oba spola,Ukupno,17690.0
2013,Broj,ISTOCNA ILIDZA,M,Ukupno,4981.0
2013,Broj,ISTOCNI DRVAR,Ž,Ukupno,38.0
2013,Broj,ISTOCNI MOSTAR,Oba spola,Ukupno,83.0
2013,Broj,ISTOCNI STARI GRAD,M,Ukupno,438.0
2013,Broj,ISTOCNO NOVO SARAJEVO,Ž,Ukupno,3819.0
2013,Broj,JEZERO,Oba spola,Ukupno,365.0
2013,Broj,KALINOVIK,M,Ukupno,783.0
2013,Broj,KNEZEVO,Ž,Ukupno,3168.0
2013,Broj,KOZARSKA DUBICA,Oba spola,Ukupno,7492.0
2013,Broj,KOSTAJNICA,M,Ukupno,1896.0
2013,Broj,KOTOR VAROS,Ž,Ukupno,5863.0
2013,Broj,KRUPA NA UNI,Oba spola,Ukupno,543.0
2013,Broj,KUPRES,M,Ukupno,128.0
2013,Broj,LAKTASI,Ž,Ukupno,11293.0
2013,Broj,LOPARE,Oba spola,Ukupno,5081.0
2013,Broj,LJUBINJE,M,Ukupno,1077.0
2013,Broj,MILICI,Ž,Ukupno,3579.0
2013,Broj,MODRICA,Oba spola,Ukupno,8553.0
2013,Broj,MRKONJIC GRAD,M,Ukupno,6104.0
2013,Broj,NEVESINJE,Ž,Ukupno,3985.0
2013,Broj,NOVI GRAD,Oba spola,Ukupno,8792.0
2013,Broj,NOVO GORAZDE,M,Ukupno,1078.0
2013,Broj,OSMACI,Ž,Ukupno,1675.0
2013,Broj,OSTRA LUKA,Oba spola,Ukupno,971.0
2013,Broj,PALE,M,Ukupno,7158.0
2013,Broj,PELAGICEVO,Ž,Ukupno,1787.0
2013,Broj,PETROVAC,Oba spola,Ukupno,130.0
2013,Broj,PETROVO,M,Ukupno,2532.0
2013,Broj,PRIJEDOR,Ž,Ukupno,27961.0
2013,Broj,PRNJAVOR,Oba spola,Ukupno,12166.0
2013,Broj,RIBNIK,M,Ukupno,2252.0
2013,Broj,ROGATICA,Ž,Ukupno,3871.0
2013,Broj,RUDO,Oba spola,Ukupno,2847.0
2013,Broj,SOKOLAC,M,Ukupno,4276.0
2013,Broj,SRBAC,Ž,Ukupno,6157.0
2013,Broj,SREBRENICA,Oba spola,Ukupno,3792.0
2013,Broj,TESLIC,M,Ukupno,13255.0
2013,Broj,TREBINJE,Ž,Ukupno,9394.0
2013,Broj,TRNOVO,Oba spola,Ukupno,800.0
2013,Broj,UGLJEVIK,M,Ukupno,4867.0
2013,Broj,FOCA,Ž,Ukupno,6544.0
2013,Broj,HAN PIJESAK,Oba spola,Ukupno,1390.0
2013,Broj,CAJNICE,M,Ukupno,1662.0
2013,Broj,CELINAC,Ž,Ukupno,5009.0
2013,Broj,SAMAC,Oba spola,Ukupno,5609.0
2013,Broj,SEKOVICI,M,Ukupno,2517.0
2013,Broj,SIPOVO,Ž,Ukupno,3665.0
2013,Broj,REPUBLIKA SRPSKA,Oba spola,one_member,91300.0
2013,Broj,BANJA LUKA,M,one_member,13984.0
2013,Broj,BERKOVICI,Ž,one_member,129.0
2013,Broj,BIJELJINA,Oba spola,one_member,6984.0
2013,Broj,BILECA,M,one_member,629.0
2013,Broj,BRATUNAC,Ž,one_member,1155.0
2013,Broj,BROD,Oba spola,one_member,1360.0
2013,Broj,VISEGRAD,M,one_member,1132.0
2013,Broj,VLASENICA,Ž,one_member,768.0
2013,Broj,VUKOSAVLJE,Oba spola,one_member,348.0
2013,Broj,GACKO,M,one_member,522.0
2013,Broj,GRADISKA,Ž,one_member,3782.0
2013,Broj,DERVENTA,Oba spola,one_member,2270.0
2013,Broj,DOBOJ,M,one_member,6230.0
2013,Broj,DONJI ZABAR,Ž,one_member,271.0
2013,Broj,ZVORNIK,Oba spola,one_member,3323.0
2013,Broj,ISTOCNA ILIDZA,M,one_member,949.0
2013,Broj,ISTOCNI DRVAR,Ž,one_member,24.0
2013,Broj,ISTOCNI MOSTAR,Oba spola,one_member,29.0
2013,Broj,ISTOCNI STARI GRAD,M,one_member,123.0
2013,Broj,ISTOCNO NOVO SARAJEVO,Ž,one_member,904.0
2013,Broj,JEZERO,Oba spola,one_member,86.0
2013,Broj,KALINOVIK,M,one_member,245.0
2013,Broj,KNEZEVO,Ž,one_member,611.0
2013,Broj,KOZARSKA DUBICA,Oba spola,one_member,1898.0
2013,Broj,KOSTAJNICA,M,one_member,384.0
2013,Broj,KOTOR VAROS,Ž,one_member,1089.0
2013,Broj,KRUPA NA UNI,Oba spola,one_member,159.0
2013,Broj,KUPRES,M,one_member,44.0
2013,Broj,LAKTASI,Ž,one_member,2093.0
2013,Broj,LOPARE,Oba spola,one_member,1256.0
2013,Broj,LJUBINJE,M,one_member,196.0
2013,Broj,MILICI,Ž,one_member,789.0
2013,Broj,MODRICA,Oba spola,one_member,1983.0
2013,Broj,MRKONJIC GRAD,M,one_member,1538.0
2013,Broj,NEVESINJE,Ž,one_member,766.0
2013,Broj,NOVI GRAD,Oba spola,one_member,1965.0
2013,Broj,NOVO GORAZDE,M,one_member,270.0
2013,Broj,OSMACI,Ž,one_member,254.0
2013,Broj,OSTRA LUKA,Oba spola,one_member,277.0
2013,Broj,PALE,M,one_member,1515.0
2013,Broj,PELAGICEVO,Ž,one_member,640.0
2013,Broj,PETROVAC,Oba spola,one_member,34.0
2013,Broj,PETROVO,M,one_member,726.0
2013,Broj,PRIJEDOR,Ž,one_member,6423.0
2013,Broj,PRNJAVOR,Oba spola,one_member,2943.0
2013,Broj,RIBNIK,M,one_member,642.0
2013,Broj,ROGATICA,Ž,one_member,986.0
2013,Broj,RUDO,Oba spola,one_member,696.0
2013,Broj,SOKOLAC,M,one_member,1022.0
2013,Broj,SRBAC,Ž,one_member,1507.0
2013,Broj,SREBRENICA,Oba spola,one_member,874.0
2013,Broj,TESLIC,M,one_member,3060.0
2013,Broj,TREBINJE,Ž,one_member,1848.0
2013,Broj,TRNOVO,Oba spola,one_member,223.0
2013,Broj,UGLJEVIK,M,one_member,1019.0
2013,Broj,FOCA,Ž,one_member,1635.0
2013,Broj,HAN PIJESAK,Oba spola,one_member,389.0
2013,Broj,CAJNICE,M,one_member,395.0
2013,Broj,CELINAC,Ž,one_member,951.0
2013,Broj,SAMAC,Oba spola,one_member,1406.0
2013,Broj,SEKOVICI,M,one_member,708.0
2013,Broj,SIPOVO,Ž,one_member,839.0
2013,Broj,REPUBLIKA SRPSKA,Oba spola,two_members,107130.0
2013,Broj,BANJA LUKA,M,two_members,17243.0
2013,Broj,BERKOVICI,Ž,two_members,166.0
2013,Broj,BIJELJINA,Oba spola,two_members,8272.0
2013,Broj,BILECA,M,two_members,719.0
2013,Broj,BRATUNAC,Ž,two_members,1345.0
2013,Broj,BROD,Oba spola,two_members,1439.0
2013,Broj,VISEGRAD,M,two_members,1172.0
2013,Broj,VLASENICA,Ž,two_members,1001.0
2013,Broj,VUKOSAVLJE,Oba spola,two_members,425.0
2013,Broj,GACKO,M,two_members,622.0
2013,Broj,GRADISKA,Ž,two_members,4438.0
2013,Broj,DERVENTA,Oba spola,two_members,2598.0
2013,Broj,DOBOJ,M,two_members,7242.0
2013,Broj,DONJI ZABAR,Ž,two_members,290.0
2013,Broj,ZVORNIK,Oba spola,two_members,4288.0
2013,Broj,ISTOCNA ILIDZA,M,two_members,1316.0
2013,Broj,ISTOCNI DRVAR,Ž,two_members,7.0
2013,Broj,ISTOCNI MOSTAR,Oba spola,two_members,15.0
2013,Broj,ISTOCNI STARI GRAD,M,two_members,146.0
2013,Broj,ISTOCNO NOVO SARAJEVO,Ž,two_members,1011.0
2013,Broj,JEZERO,Oba spola,two_members,89.0
2013,Broj,KALINOVIK,M,two_members,213.0
2013,Broj,KNEZEVO,Ž,two_members,937.0
2013,Broj,KOZARSKA DUBICA,Oba spola,two_members,2021.0
2013,Broj,KOSTAJNICA,M,two_members,477.0
2013,Broj,KOTOR VAROS,Ž,two_members,1358.0
2013,Broj,KRUPA NA UNI,Oba spola,two_members,128.0
2013,Broj,KUPRES,M,two_members,48.0
2013,Broj,LAKTASI,Ž,two_members,2768.0
2013,Broj,LOPARE,Oba spola,two_members,1261.0
2013,Broj,LJUBINJE,M,two_members,254.0
2013,Broj,MILICI,Ž,two_members,859.0
2013,Broj,MODRICA,Oba spola,two_members,2332.0
2013,Broj,MRKONJIC GRAD,M,two_members,1806.0
2013,Broj,NEVESINJE,Ž,two_members,939.0
2013,Broj,NOVI GRAD,Oba spola,two_members,2390.0
2013,Broj,NOVO GORAZDE,M,two_members,288.0
2013,Broj,OSMACI,Ž,two_members,372.0
2013,Broj,OSTRA LUKA,Oba spola,two_members,243.0
2013,Broj,PALE,M,two_members,1890.0
2013,Broj,PELAGICEVO,Ž,two_members,516.0
2013,Broj,PETROVAC,Oba spola,two_members,35.0
2013,Broj,PETROVO,M,two_members,760.0
2013,Broj,PRIJEDOR,Ž,two_members,7125.0
2013,Broj,PRNJAVOR,Oba spola,two_members,3253.0
2013,Broj,RIBNIK,M,two_members,673.0
2013,Broj,ROGATICA,Ž,two_members,1120.0
2013,Broj,RUDO,Oba spola,two_members,851.0
2013,Broj,SOKOLAC,M,two_members,1227.0
2013,Broj,SRBAC,Ž,two_members,1729.0
2013,Broj,SREBRENICA,Oba spola,two_members,858.0
2013,Broj,TESLIC,M,two_members,3602.0
2013,Broj,TREBINJE,Ž,two_members,2317.0
2013,Broj,TRNOVO,Oba spola,two_members,250.0
2013,Broj,UGLJEVIK,M,two_members,1118.0
2013,Broj,FOCA,Ž,two_members,1877.0
2013,Broj,HAN PIJESAK,Oba spola,two_members,439.0
2013,Broj,CAJNICE,M,two_members,442.0
2013,Broj,CELINAC,Ž,two_members,1260.0
2013,Broj,SAMAC,Oba spola,two_members,1408.0
2013,Broj,SEKOVICI,M,two_members,783.0
2013,Broj,SIPOVO,Ž,two_members,1059.0
2013,Broj,REPUBLIKA SRPSKA,Oba spola,three_members,79155.0
2013,Broj,BANJA LUKA,M,three_members,14267.0
2013,Broj,BERKOVICI,Ž,three_members,92.0
2013,Broj,BIJELJINA,Oba spola,three_members,6586.0
2013,Broj,BILECA,M,three_members,620.0
2013,Broj,BRATUNAC,Ž,three_members,1137.0
2013,Broj,BROD,Oba spola,three_members,1107.0
2013,Broj,VISEGRAD,M,three_members,724.0
2013,Broj,VLASENICA,Ž,three_members,747.0
2013,Broj,VUKOSAVLJE,Oba spola,three_members,280.0
2013,Broj,GACKO,M,three_members,561.0
2013,Broj,GRADISKA,Ž,three_members,3140.0
2013,Broj,DERVENTA,Oba spola,three_members,1688.0
2013,Broj,DOBOJ,M,three_members,4956.0
2013,Broj,DONJI ZABAR,Ž,three_members,178.0
2013,Broj,ZVORNIK,Oba spola,three_members,3400.0
2013,Broj,ISTOCNA ILIDZA,M,three_members,1075.0
2013,Broj,ISTOCNI DRVAR,Ž,three_members,6.0
2013,Broj,ISTOCNI MOSTAR,Oba spola,three_members,12.0
2013,Broj,ISTOCNI STARI GRAD,M,three_members,75.0
2013,Broj,ISTOCNO NOVO SARAJEVO,Ž,three_members,813.0
2013,Broj,JEZERO,Oba spola,three_members,75.0
2013,Broj,KALINOVIK,M,three_members,136.0
2013,Broj,KNEZEVO,Ž,three_members,554.0
2013,Broj,KOZARSKA DUBICA,Oba spola,three_members,1351.0
2013,Broj,KOSTAJNICA,M,three_members,384.0
2013,Broj,KOTOR VAROS,Ž,three_members,1079.0
2013,Broj,KRUPA NA UNI,Oba spola,three_members,84.0
2013,Broj,KUPRES,M,three_members,16.0
2013,Broj,LAKTASI,Ž,three_members,2241.0
2013,Broj,LOPARE,Oba spola,three_members,908.0
2013,Broj,LJUBINJE,M,three_members,234.0
2013,Broj,MILICI,Ž,three_members,709.0
2013,Broj,MODRICA,Oba spola,three_members,1567.0
2013,Broj,MRKONJIC GRAD,M,three_members,1218.0
2013,Broj,NEVESINJE,Ž,three_members,701.0
2013,Broj,NOVI GRAD,Oba spola,three_members,1669.0
2013,Broj,NOVO GORAZDE,M,three_members,193.0
2013,Broj,OSMACI,Ž,three_members,317.0
2013,Broj,OSTRA LUKA,Oba spola,three_members,151.0
2013,Broj,PALE,M,three_members,1438.0
2013,Broj,PELAGICEVO,Ž,three_members,225.0
2013,Broj,PETROVAC,Oba spola,three_members,22.0
2013,Broj,PETROVO,M,three_members,448.0
2013,Broj,PRIJEDOR,Ž,three_members,5351.0
2013,Broj,PRNJAVOR,Oba spola,three_members,2183.0
2013,Broj,RIBNIK,M,three_members,356.0
2013,Broj,ROGATICA,Ž,three_members,709.0
2013,Broj,RUDO,Oba spola,three_members,523.0
2013,Broj,SOKOLAC,M,three_members,808.0
2013,Broj,SRBAC,Ž,three_members,1106.0
2013,Broj,SREBRENICA,Oba spola,three_members,656.0
2013,Broj,TESLIC,M,three_members,2559.0
2013,Broj,TREBINJE,Ž,three_members,1871.0
2013,Broj,TRNOVO,Oba spola,three_members,143.0
2013,Broj,UGLJEVIK,M,three_members,821.0
2013,Broj,FOCA,Ž,three_members,1263.0
2013,Broj,HAN PIJESAK,Oba spola,three_members,249.0
2013,Broj,CAJNICE,M,three_members,303.0
2013,Broj,CELINAC,Ž,three_members,985.0
2013,Broj,SAMAC,Oba spola,three_members,971.0
2013,Broj,SEKOVICI,M,three_members,418.0
2013,Broj,SIPOVO,Ž,three_members,696.0
2013,Broj,REPUBLIKA SRPSKA,Oba spola,four_members,72771.0
2013,Broj,BANJA LUKA,M,four_members,12952.0
2013,Broj,BERKOVICI,Ž,four_members,84.0
2013,Broj,BIJELJINA,Oba spola,four_members,6377.0
2013,Broj,BILECA,M,four_members,616.0
2013,Broj,BRATUNAC,Ž,four_members,1161.0
2013,Broj,BROD,Oba spola,four_members,928.0
2013,Broj,VISEGRAD,M,four_members,582.0
2013,Broj,VLASENICA,Ž,four_members,687.0
2013,Broj,VUKOSAVLJE,Oba spola,four_members,249.0
2013,Broj,GACKO,M,four_members,480.0
2013,Broj,GRADISKA,Ž,four_members,2878.0
2013,Broj,DERVENTA,Oba spola,four_members,1520.0
2013,Broj,DOBOJ,M,four_members,4148.0
2013,Broj,DONJI ZABAR,Ž,four_members,184.0
2013,Broj,ZVORNIK,Oba spola,four_members,3448.0
2013,Broj,ISTOCNA ILIDZA,M,four_members,1028.0
2013,Broj,ISTOCNI MOSTAR,Oba spola,four_members,10.0
2013,Broj,ISTOCNI STARI GRAD,M,four_members,43.0
2013,Broj,ISTOCNO NOVO SARAJEVO,Ž,four_members,702.0
2013,Broj,JEZERO,Oba spola,four_members,58.0
2013,Broj,KALINOVIK,M,four_members,109.0
2013,Broj,KNEZEVO,Ž,four_members,551.0
2013,Broj,KOZARSKA DUBICA,Oba spola,four_members,1175.0
2013,Broj,KOSTAJNICA,M,four_members,311.0
2013,Broj,KOTOR VAROS,Ž,four_members,1206.0
2013,Broj,KRUPA NA UNI,Oba spola,four_members,72.0
2013,Broj,KUPRES,M,four_members,6.0
2013,Broj,LAKTASI,Ž,four_members,2345.0
2013,Broj,LOPARE,Oba spola,four_members,805.0
2013,Broj,LJUBINJE,M,four_members,194.0
2013,Broj,MILICI,Ž,four_members,714.0
2013,Broj,MODRICA,Oba spola,four_members,1422.0
2013,Broj,MRKONJIC GRAD,M,four_members,939.0
2013,Broj,NEVESINJE,Ž,four_members,736.0
2013,Broj,NOVI GRAD,Oba spola,four_members,1422.0
2013,Broj,NOVO GORAZDE,M,four_members,204.0
2013,Broj,OSMACI,Ž,four_members,358.0
2013,Broj,OSTRA LUKA,Oba spola,four_members,131.0
2013,Broj,PALE,M,four_members,1418.0
2013,Broj,PELAGICEVO,Ž,four_members,191.0
2013,Broj,PETROVAC,Oba spola,four_members,19.0
2013,Broj,PETROVO,M,four_members,370.0
2013,Broj,PRIJEDOR,Ž,four_members,4862.0
2013,Broj,PRNJAVOR,Oba spola,four_members,1953.0
2013,Broj,RIBNIK,M,four_members,308.0
2013,Broj,ROGATICA,Ž,four_members,630.0
2013,Broj,RUDO,Oba spola,four_members,467.0
2013,Broj,SOKOLAC,M,four_members,728.0
2013,Broj,SRBAC,Ž,four_members,1011.0
2013,Broj,SREBRENICA,Oba spola,four_members,652.0
2013,Broj,TESLIC,M,four_members,2147.0
2013,Broj,TREBINJE,Ž,four_members,1765.0
2013,Broj,TRNOVO,Oba spola,four_members,110.0
2013,Broj,UGLJEVIK,M,four_members,932.0
2013,Broj,FOCA,Ž,four_members,1115.0
2013,Broj,HAN PIJESAK,Oba spola,four_members,194.0
2013,Broj,CAJNICE,M,four_members,278.0
2013,Broj,CELINAC,Ž,four_members,964.0
2013,Broj,SAMAC,Oba spola,four_members,823.0
2013,Broj,SEKOVICI,M,four_members,379.0
2013,Broj,SIPOVO,Ž,four_members,620.0
2013,Broj,REPUBLIKA SRPSKA,Oba spola,5+,58469.0
2013,Broj,BANJA LUKA,M,5+,6564.0
2013,Broj,BERKOVICI,Ž,5+,165.0
2013,Broj,BIJELJINA,Oba spola,5+,6090.0
2013,Broj,BILECA,M,5+,723.0
2013,Broj,BRATUNAC,Ž,5+,1147.0
2013,Broj,BROD,Oba spola,5+,765.0
2013,Broj,VISEGRAD,M,5+,356.0
2013,Broj,VLASENICA,Ž,5+,509.0
2013,Broj,VUKOSAVLJE,Oba spola,5+,235.0
2013,Broj,GACKO,M,5+,581.0
2013,Broj,GRADISKA,Ž,5+,2701.0
2013,Broj,DERVENTA,Oba spola,5+,1269.0
2013,Broj,DOBOJ,M,5+,2871.0
2013,Broj,DONJI ZABAR,Ž,5+,268.0
2013,Broj,ZVORNIK,Oba spola,5+,3231.0
2013,Broj,ISTOCNA ILIDZA,M,5+,613.0
2013,Broj,ISTOCNI DRVAR,Ž,5+,1.0
2013,Broj,ISTOCNI MOSTAR,Oba spola,5+,17.0
2013,Broj,ISTOCNI STARI GRAD,M,5+,51.0
2013,Broj,ISTOCNO NOVO SARAJEVO,Ž,5+,389.0
2013,Broj,JEZERO,Oba spola,5+,57.0
2013,Broj,KALINOVIK,M,5+,80.0
2013,Broj,KNEZEVO,Ž,5+,515.0
2013,Broj,KOZARSKA DUBICA,Oba spola,5+,1047.0
2013,Broj,KOSTAJNICA,M,5+,340.0
2013,Broj,KOTOR VAROS,Ž,5+,1131.0
2013,Broj,KRUPA NA UNI,Oba spola,5+,100.0
2013,Broj,KUPRES,M,5+,14.0
2013,Broj,LAKTASI,Ž,5+,1846.0
2013,Broj,LOPARE,Oba spola,5+,851.0
2013,Broj,LJUBINJE,M,5+,199.0
2013,Broj,MILICI,Ž,5+,508.0
2013,Broj,MODRICA,Oba spola,5+,1249.0
2013,Broj,MRKONJIC GRAD,M,5+,603.0
2013,Broj,NEVESINJE,Ž,5+,843.0
2013,Broj,NOVI GRAD,Oba spola,5+,1346.0
2013,Broj,NOVO GORAZDE,M,5+,123.0
2013,Broj,OSMACI,Ž,5+,374.0
2013,Broj,OSTRA LUKA,Oba spola,5+,169.0
2013,Broj,PALE,M,5+,897.0
2013,Broj,PELAGICEVO,Ž,5+,215.0
2013,Broj,PETROVAC,Oba spola,5+,20.0
2013,Broj,PETROVO,M,5+,228.0
2013,Broj,PRIJEDOR,Ž,5+,4200.0
2013,Broj,PRNJAVOR,Oba spola,5+,1834.0
2013,Broj,RIBNIK,M,5+,273.0
2013,Broj,ROGATICA,Ž,5+,426.0
2013,Broj,RUDO,Oba spola,5+,310.0
2013,Broj,SOKOLAC,M,5+,491.0
2013,Broj,SRBAC,Ž,5+,804.0
2013,Broj,SREBRENICA,Oba spola,5+,752.0
2013,Broj,TESLIC,M,5+,1887.0
2013,Broj,TREBINJE,Ž,5+,1593.0
2013,Broj,TRNOVO,Oba spola,5+,74.0
2013,Broj,UGLJEVIK,M,5+,977.0
2013,Broj,FOCA,Ž,5+,654.0
2013,Broj,HAN PIJESAK,Oba spola,5+,119.0
2013,Broj,CAJNICE,M,5+,244.0
2013,Broj,CELINAC,Ž,5+,849.0
2013,Broj,SAMAC,Oba spola,5+,1001.0
2013,Broj,SEKOVICI,M,5+,229.0
2013,Broj,SIPOVO,Ž,5+,451.0
2013,Broj,REPUBLIKA SRPSKA,Oba spola,average_number,2.85
2013,Broj,BANJA LUKA,M,average_number,2.76
2013,Broj,BERKOVICI,Ž,average_number,3.21
2013,Broj,BIJELJINA,Oba spola,average_number,3.02
2013,Broj,BILECA,M,average_number,3.21
2013,Broj,BRATUNAC,Ž,average_number,3.14
2013,Broj,BROD,Oba spola,average_number,2.81
2013,Broj,VISEGRAD,M,average_number,2.51
2013,Broj,VLASENICA,Ž,average_number,2.87
2013,Broj,VUKOSAVLJE,Oba spola,average_number,2.84
2013,Broj,GACKO,M,average_number,3.15
2013,Broj,GRADISKA,Ž,average_number,2.9
2013,Broj,DERVENTA,Oba spola,average_number,2.77
2013,Broj,DOBOJ,M,average_number,2.68
2013,Broj,DONJI ZABAR,Ž,average_number,3.08
2013,Broj,ZVORNIK,Oba spola,average_number,3.07
2013,Broj,ISTOCNA ILIDZA,M,average_number,2.86
2013,Broj,ISTOCNI DRVAR,Ž,average_number,1.61
2013,Broj,ISTOCNI MOSTAR,Oba spola,average_number,2.94
2013,Broj,ISTOCNI STARI GRAD,M,average_number,2.55
2013,Broj,ISTOCNO NOVO SARAJEVO,Ž,average_number,2.71
2013,Broj,JEZERO,Oba spola,average_number,2.85
2013,Broj,KALINOVIK,M,average_number,2.5
2013,Broj,KNEZEVO,Ž,average_number,2.94
2013,Broj,KOZARSKA DUBICA,Oba spola,average_number,2.76
2013,Broj,KOSTAJNICA,M,average_number,2.98
2013,Broj,KOTOR VAROS,Ž,average_number,3.13
2013,Broj,KRUPA NA UNI,Oba spola,average_number,2.87
2013,Broj,KUPRES,M,average_number,2.29
2013,Broj,LAKTASI,Ž,average_number,3.02
2013,Broj,LOPARE,Oba spola,average_number,2.88
2013,Broj,LJUBINJE,M,average_number,3.08
2013,Broj,MILICI,Ž,average_number,2.92
2013,Broj,MODRICA,Oba spola,average_number,2.83
2013,Broj,MRKONJIC GRAD,M,average_number,2.6
2013,Broj,NEVESINJE,Ž,average_number,3.15
2013,Broj,NOVI GRAD,Oba spola,average_number,2.87
2013,Broj,NOVO GORAZDE,M,average_number,2.7
2013,Broj,OSMACI,Ž,average_number,3.31
2013,Broj,OSTRA LUKA,Oba spola,average_number,2.79
2013,Broj,PALE,M,average_number,2.83
2013,Broj,PELAGICEVO,Ž,average_number,2.43
2013,Broj,PETROVAC,Oba spola,average_number,2.72
2013,Broj,PETROVO,M,average_number,2.49
2013,Broj,PRIJEDOR,Ž,average_number,2.88
2013,Broj,PRNJAVOR,Oba spola,average_number,2.82
2013,Broj,RIBNIK,M,average_number,2.6
2013,Broj,ROGATICA,Ž,average_number,2.65
2013,Broj,RUDO,Oba spola,average_number,2.66
2013,Broj,SOKOLAC,M,average_number,2.7
2013,Broj,SRBAC,Ž,average_number,2.75
2013,Broj,SREBRENICA,Oba spola,average_number,3.08
2013,Broj,TESLIC,M,average_number,2.81
2013,Broj,TREBINJE,Ž,average_number,2.99
2013,Broj,TRNOVO,Oba spola,average_number,2.48
2013,Broj,UGLJEVIK,M,average_number,3.11
2013,Broj,FOCA,Ž,average_number,2.63
2013,Broj,HAN PIJESAK,Oba spola,average_number,2.48
2013,Broj,CAJNICE,M,average_number,2.82
2013,Broj,CELINAC,Ž,average_number,3.02
2013,Broj,SAMAC,Oba spola,average_number,2.91
2013,Broj,SEKOVICI,M,average_number,2.51
2013,Broj,SIPOVO,Ž,average_number,2.72
