Year,UNIT_MEASURE,Teritory,Spol,household_members,Value
2013,Broj,Republika Srpska,Oba spola,Ukupno,408825.0
2013,Broj,Grad Banja Luka,M,Ukupno,65010.0
2013,Broj,Berkovići,Ž,Ukupno,636.0
2013,Broj,Grad Bijeljina,Oba spola,Ukupno,34309.0
2013,Broj,Bileća,M,Ukupno,3307.0
2013,Broj,Bratunac,Ž,Ukupno,5945.0
2013,Broj,Brod,Oba spola,Ukupno,5599.0
2013,Broj,Višegrad,M,Ukupno,3966.0
2013,Broj,Vlasenica,Ž,Ukupno,3712.0
2013,Broj,Vukosavlje,Oba spola,Ukupno,1537.0
2013,Broj,Gacko,M,Ukupno,2766.0
2013,Broj,Grad Gradiška,Ž,Ukupno,16939.0
2013,Broj,Grad Derventa,Oba spola,Ukupno,9345.0
2013,Broj,Grad Doboj,M,Ukupno,25447.0
2013,Broj,Donji Žabar,Ž,Ukupno,1191.0
2013,Broj,Grad Zvornik,Oba spola,Ukupno,17690.0
2013,Broj,Istočna Ilidža,M,Ukupno,4981.0
2013,Broj,Istočni Drvar,Ž,Ukupno,38.0
2013,Broj,Istočni Mostar,Oba spola,Ukupno,83.0
2013,Broj,Istočni Stari Grad,M,Ukupno,438.0
2013,Broj,Istočno Novo Sarajevo,Ž,Ukupno,3819.0
2013,Broj,Jezero,Oba spola,Ukupno,365.0
2013,Broj,Kalinovik,M,Ukupno,783.0
2013,Broj,Kneževo,Ž,Ukupno,3168.0
2013,Broj,Kozarska Dubica,Oba spola,Ukupno,7492.0
2013,Broj,Kostajnica,M,Ukupno,1896.0
2013,Broj,Kotor Varoš,Ž,Ukupno,5863.0
2013,Broj,Krupa Na Uni,Oba spola,Ukupno,543.0
2013,Broj,Kupres,M,Ukupno,128.0
2013,Broj,Laktaši,Ž,Ukupno,11293.0
2013,Broj,Lopare,Oba spola,Ukupno,5081.0
2013,Broj,Ljubinje,M,Ukupno,1077.0
2013,Broj,Milići,Ž,Ukupno,3579.0
2013,Broj,Modriča,Oba spola,Ukupno,8553.0
2013,Broj,Mrkonjić Grad,M,Ukupno,6104.0
2013,Broj,Nevesinje,Ž,Ukupno,3985.0
2013,Broj,Novi Grad,Oba spola,Ukupno,8792.0
2013,Broj,Novo Goražde,M,Ukupno,1078.0
2013,Broj,Osmaci,Ž,Ukupno,1675.0
2013,Broj,Oštra Luka,Oba spola,Ukupno,971.0
2013,Broj,Pale,M,Ukupno,7158.0
2013,Broj,Pelagićevo,Ž,Ukupno,1787.0
2013,Broj,Petrovac,Oba spola,Ukupno,130.0
2013,Broj,Petrovo,M,Ukupno,2532.0
2013,Broj,Grad Prijedor,Ž,Ukupno,27961.0
2013,Broj,Prnjavor,Oba spola,Ukupno,12166.0
2013,Broj,Ribnik,M,Ukupno,2252.0
2013,Broj,Rogatica,Ž,Ukupno,3871.0
2013,Broj,Rudo,Oba spola,Ukupno,2847.0
2013,Broj,Sokolac,M,Ukupno,4276.0
2013,Broj,Srbac,Ž,Ukupno,6157.0
2013,Broj,Srebrenica,Oba spola,Ukupno,3792.0
2013,Broj,Teslić,M,Ukupno,13255.0
2013,Broj,Grad Trebinje,Ž,Ukupno,9394.0
2013,Broj,Trnovo,Oba spola,Ukupno,800.0
2013,Broj,Ugljevik,M,Ukupno,4867.0
2013,Broj,Foča,Ž,Ukupno,6544.0
2013,Broj,Han Pijesak,Oba spola,Ukupno,1390.0
2013,Broj,Čajniče,M,Ukupno,1662.0
2013,Broj,Čelinac,Ž,Ukupno,5009.0
2013,Broj,Šamac,Oba spola,Ukupno,5609.0
2013,Broj,Šekovići,M,Ukupno,2517.0
2013,Broj,Šipovo,Ž,Ukupno,3665.0
2013,Broj,Republika Srpska,Oba spola,one_member,91300.0
2013,Broj,Grad Banja Luka,M,one_member,13984.0
2013,Broj,Berkovići,Ž,one_member,129.0
2013,Broj,Grad Bijeljina,Oba spola,one_member,6984.0
2013,Broj,Bileća,M,one_member,629.0
2013,Broj,Bratunac,Ž,one_member,1155.0
2013,Broj,Brod,Oba spola,one_member,1360.0
2013,Broj,Višegrad,M,one_member,1132.0
2013,Broj,Vlasenica,Ž,one_member,768.0
2013,Broj,Vukosavlje,Oba spola,one_member,348.0
2013,Broj,Gacko,M,one_member,522.0
2013,Broj,Grad Gradiška,Ž,one_member,3782.0
2013,Broj,Grad Derventa,Oba spola,one_member,2270.0
2013,Broj,Grad Doboj,M,one_member,6230.0
2013,Broj,Donji Žabar,Ž,one_member,271.0
2013,Broj,Grad Zvornik,Oba spola,one_member,3323.0
2013,Broj,Istočna Ilidža,M,one_member,949.0
2013,Broj,Istočni Drvar,Ž,one_member,24.0
2013,Broj,Istočni Mostar,Oba spola,one_member,29.0
2013,Broj,Istočni Stari Grad,M,one_member,123.0
2013,Broj,Istočno Novo Sarajevo,Ž,one_member,904.0
2013,Broj,Jezero,Oba spola,one_member,86.0
2013,Broj,Kalinovik,M,one_member,245.0
2013,Broj,Kneževo,Ž,one_member,611.0
2013,Broj,Kozarska Dubica,Oba spola,one_member,1898.0
2013,Broj,Kostajnica,M,one_member,384.0
2013,Broj,Kotor Varoš,Ž,one_member,1089.0
2013,Broj,Krupa Na Uni,Oba spola,one_member,159.0
2013,Broj,Kupres,M,one_member,44.0
2013,Broj,Laktaši,Ž,one_member,2093.0
2013,Broj,Lopare,Oba spola,one_member,1256.0
2013,Broj,Ljubinje,M,one_member,196.0
2013,Broj,Milići,Ž,one_member,789.0
2013,Broj,Modriča,Oba spola,one_member,1983.0
2013,Broj,Mrkonjić Grad,M,one_member,1538.0
2013,Broj,Nevesinje,Ž,one_member,766.0
2013,Broj,Novi Grad,Oba spola,one_member,1965.0
2013,Broj,Novo Goražde,M,one_member,270.0
2013,Broj,Osmaci,Ž,one_member,254.0
2013,Broj,Oštra Luka,Oba spola,one_member,277.0
2013,Broj,Pale,M,one_member,1515.0
2013,Broj,Pelagićevo,Ž,one_member,640.0
2013,Broj,Petrovac,Oba spola,one_member,34.0
2013,Broj,Petrovo,M,one_member,726.0
2013,Broj,Grad Prijedor,Ž,one_member,6423.0
2013,Broj,Prnjavor,Oba spola,one_member,2943.0
2013,Broj,Ribnik,M,one_member,642.0
2013,Broj,Rogatica,Ž,one_member,986.0
2013,Broj,Rudo,Oba spola,one_member,696.0
2013,Broj,Sokolac,M,one_member,1022.0
2013,Broj,Srbac,Ž,one_member,1507.0
2013,Broj,Srebrenica,Oba spola,one_member,874.0
2013,Broj,Teslić,M,one_member,3060.0
2013,Broj,Grad Trebinje,Ž,one_member,1848.0
2013,Broj,Trnovo,Oba spola,one_member,223.0
2013,Broj,Ugljevik,M,one_member,1019.0
2013,Broj,Foča,Ž,one_member,1635.0
2013,Broj,Han Pijesak,Oba spola,one_member,389.0
2013,Broj,Čajniče,M,one_member,395.0
2013,Broj,Čelinac,Ž,one_member,951.0
2013,Broj,Šamac,Oba spola,one_member,1406.0
2013,Broj,Šekovići,M,one_member,708.0
2013,Broj,Šipovo,Ž,one_member,839.0
2013,Broj,Republika Srpska,Oba spola,two_members,107130.0
2013,Broj,Grad Banja Luka,M,two_members,17243.0
2013,Broj,Berkovići,Ž,two_members,166.0
2013,Broj,Grad Bijeljina,Oba spola,two_members,8272.0
2013,Broj,Bileća,M,two_members,719.0
2013,Broj,Bratunac,Ž,two_members,1345.0
2013,Broj,Brod,Oba spola,two_members,1439.0
2013,Broj,Višegrad,M,two_members,1172.0
2013,Broj,Vlasenica,Ž,two_members,1001.0
2013,Broj,Vukosavlje,Oba spola,two_members,425.0
2013,Broj,Gacko,M,two_members,622.0
2013,Broj,Grad Gradiška,Ž,two_members,4438.0
2013,Broj,Grad Derventa,Oba spola,two_members,2598.0
2013,Broj,Grad Doboj,M,two_members,7242.0
2013,Broj,Donji Žabar,Ž,two_members,290.0
2013,Broj,Grad Zvornik,Oba spola,two_members,4288.0
2013,Broj,Istočna Ilidža,M,two_members,1316.0
2013,Broj,Istočni Drvar,Ž,two_members,7.0
2013,Broj,Istočni Mostar,Oba spola,two_members,15.0
2013,Broj,Istočni Stari Grad,M,two_members,146.0
2013,Broj,Istočno Novo Sarajevo,Ž,two_members,1011.0
2013,Broj,Jezero,Oba spola,two_members,89.0
2013,Broj,Kalinovik,M,two_members,213.0
2013,Broj,Kneževo,Ž,two_members,937.0
2013,Broj,Kozarska Dubica,Oba spola,two_members,2021.0
2013,Broj,Kostajnica,M,two_members,477.0
2013,Broj,Kotor Varoš,Ž,two_members,1358.0
2013,Broj,Krupa Na Uni,Oba spola,two_members,128.0
2013,Broj,Kupres,M,two_members,48.0
2013,Broj,Laktaši,Ž,two_members,2768.0
2013,Broj,Lopare,Oba spola,two_members,1261.0
2013,Broj,Ljubinje,M,two_members,254.0
2013,Broj,Milići,Ž,two_members,859.0
2013,Broj,Modriča,Oba spola,two_members,2332.0
2013,Broj,Mrkonjić Grad,M,two_members,1806.0
2013,Broj,Nevesinje,Ž,two_members,939.0
2013,Broj,Novi Grad,Oba spola,two_members,2390.0
2013,Broj,Novo Goražde,M,two_members,288.0
2013,Broj,Osmaci,Ž,two_members,372.0
2013,Broj,Oštra Luka,Oba spola,two_members,243.0
2013,Broj,Pale,M,two_members,1890.0
2013,Broj,Pelagićevo,Ž,two_members,516.0
2013,Broj,Petrovac,Oba spola,two_members,35.0
2013,Broj,Petrovo,M,two_members,760.0
2013,Broj,Grad Prijedor,Ž,two_members,7125.0
2013,Broj,Prnjavor,Oba spola,two_members,3253.0
2013,Broj,Ribnik,M,two_members,673.0
2013,Broj,Rogatica,Ž,two_members,1120.0
2013,Broj,Rudo,Oba spola,two_members,851.0
2013,Broj,Sokolac,M,two_members,1227.0
2013,Broj,Srbac,Ž,two_members,1729.0
2013,Broj,Srebrenica,Oba spola,two_members,858.0
2013,Broj,Teslić,M,two_members,3602.0
2013,Broj,Grad Trebinje,Ž,two_members,2317.0
2013,Broj,Trnovo,Oba spola,two_members,250.0
2013,Broj,Ugljevik,M,two_members,1118.0
2013,Broj,Foča,Ž,two_members,1877.0
2013,Broj,Han Pijesak,Oba spola,two_members,439.0
2013,Broj,Čajniče,M,two_members,442.0
2013,Broj,Čelinac,Ž,two_members,1260.0
2013,Broj,Šamac,Oba spola,two_members,1408.0
2013,Broj,Šekovići,M,two_members,783.0
2013,Broj,Šipovo,Ž,two_members,1059.0
2013,Broj,Republika Srpska,Oba spola,three_members,79155.0
2013,Broj,Grad Banja Luka,M,three_members,14267.0
2013,Broj,Berkovići,Ž,three_members,92.0
2013,Broj,Grad Bijeljina,Oba spola,three_members,6586.0
2013,Broj,Bileća,M,three_members,620.0
2013,Broj,Bratunac,Ž,three_members,1137.0
2013,Broj,Brod,Oba spola,three_members,1107.0
2013,Broj,Višegrad,M,three_members,724.0
2013,Broj,Vlasenica,Ž,three_members,747.0
2013,Broj,Vukosavlje,Oba spola,three_members,280.0
2013,Broj,Gacko,M,three_members,561.0
2013,Broj,Grad Gradiška,Ž,three_members,3140.0
2013,Broj,Grad Derventa,Oba spola,three_members,1688.0
2013,Broj,Grad Doboj,M,three_members,4956.0
2013,Broj,Donji Žabar,Ž,three_members,178.0
2013,Broj,Grad Zvornik,Oba spola,three_members,3400.0
2013,Broj,Istočna Ilidža,M,three_members,1075.0
2013,Broj,Istočni Drvar,Ž,three_members,6.0
2013,Broj,Istočni Mostar,Oba spola,three_members,12.0
2013,Broj,Istočni Stari Grad,M,three_members,75.0
2013,Broj,Istočno Novo Sarajevo,Ž,three_members,813.0
2013,Broj,Jezero,Oba spola,three_members,75.0
2013,Broj,Kalinovik,M,three_members,136.0
2013,Broj,Kneževo,Ž,three_members,554.0
2013,Broj,Kozarska Dubica,Oba spola,three_members,1351.0
2013,Broj,Kostajnica,M,three_members,384.0
2013,Broj,Kotor Varoš,Ž,three_members,1079.0
2013,Broj,Krupa Na Uni,Oba spola,three_members,84.0
2013,Broj,Kupres,M,three_members,16.0
2013,Broj,Laktaši,Ž,three_members,2241.0
2013,Broj,Lopare,Oba spola,three_members,908.0
2013,Broj,Ljubinje,M,three_members,234.0
2013,Broj,Milići,Ž,three_members,709.0
2013,Broj,Modriča,Oba spola,three_members,1567.0
2013,Broj,Mrkonjić Grad,M,three_members,1218.0
2013,Broj,Nevesinje,Ž,three_members,701.0
2013,Broj,Novi Grad,Oba spola,three_members,1669.0
2013,Broj,Novo Goražde,M,three_members,193.0
2013,Broj,Osmaci,Ž,three_members,317.0
2013,Broj,Oštra Luka,Oba spola,three_members,151.0
2013,Broj,Pale,M,three_members,1438.0
2013,Broj,Pelagićevo,Ž,three_members,225.0
2013,Broj,Petrovac,Oba spola,three_members,22.0
2013,Broj,Petrovo,M,three_members,448.0
2013,Broj,Grad Prijedor,Ž,three_members,5351.0
2013,Broj,Prnjavor,Oba spola,three_members,2183.0
2013,Broj,Ribnik,M,three_members,356.0
2013,Broj,Rogatica,Ž,three_members,709.0
2013,Broj,Rudo,Oba spola,three_members,523.0
2013,Broj,Sokolac,M,three_members,808.0
2013,Broj,Srbac,Ž,three_members,1106.0
2013,Broj,Srebrenica,Oba spola,three_members,656.0
2013,Broj,Teslić,M,three_members,2559.0
2013,Broj,Grad Trebinje,Ž,three_members,1871.0
2013,Broj,Trnovo,Oba spola,three_members,143.0
2013,Broj,Ugljevik,M,three_members,821.0
2013,Broj,Foča,Ž,three_members,1263.0
2013,Broj,Han Pijesak,Oba spola,three_members,249.0
2013,Broj,Čajniče,M,three_members,303.0
2013,Broj,Čelinac,Ž,three_members,985.0
2013,Broj,Šamac,Oba spola,three_members,971.0
2013,Broj,Šekovići,M,three_members,418.0
2013,Broj,Šipovo,Ž,three_members,696.0
2013,Broj,Republika Srpska,Oba spola,four_members,72771.0
2013,Broj,Grad Banja Luka,M,four_members,12952.0
2013,Broj,Berkovići,Ž,four_members,84.0
2013,Broj,Grad Bijeljina,Oba spola,four_members,6377.0
2013,Broj,Bileća,M,four_members,616.0
2013,Broj,Bratunac,Ž,four_members,1161.0
2013,Broj,Brod,Oba spola,four_members,928.0
2013,Broj,Višegrad,M,four_members,582.0
2013,Broj,Vlasenica,Ž,four_members,687.0
2013,Broj,Vukosavlje,Oba spola,four_members,249.0
2013,Broj,Gacko,M,four_members,480.0
2013,Broj,Grad Gradiška,Ž,four_members,2878.0
2013,Broj,Grad Derventa,Oba spola,four_members,1520.0
2013,Broj,Grad Doboj,M,four_members,4148.0
2013,Broj,Donji Žabar,Ž,four_members,184.0
2013,Broj,Grad Zvornik,Oba spola,four_members,3448.0
2013,Broj,Istočna Ilidža,M,four_members,1028.0
2013,Broj,Istočni Drvar,Ž,four_members,0.0
2013,Broj,Istočni Mostar,Oba spola,four_members,10.0
2013,Broj,Istočni Stari Grad,M,four_members,43.0
2013,Broj,Istočno Novo Sarajevo,Ž,four_members,702.0
2013,Broj,Jezero,Oba spola,four_members,58.0
2013,Broj,Kalinovik,M,four_members,109.0
2013,Broj,Kneževo,Ž,four_members,551.0
2013,Broj,Kozarska Dubica,Oba spola,four_members,1175.0
2013,Broj,Kostajnica,M,four_members,311.0
2013,Broj,Kotor Varoš,Ž,four_members,1206.0
2013,Broj,Krupa Na Uni,Oba spola,four_members,72.0
2013,Broj,Kupres,M,four_members,6.0
2013,Broj,Laktaši,Ž,four_members,2345.0
2013,Broj,Lopare,Oba spola,four_members,805.0
2013,Broj,Ljubinje,M,four_members,194.0
2013,Broj,Milići,Ž,four_members,714.0
2013,Broj,Modriča,Oba spola,four_members,1422.0
2013,Broj,Mrkonjić Grad,M,four_members,939.0
2013,Broj,Nevesinje,Ž,four_members,736.0
2013,Broj,Novi Grad,Oba spola,four_members,1422.0
2013,Broj,Novo Goražde,M,four_members,204.0
2013,Broj,Osmaci,Ž,four_members,358.0
2013,Broj,Oštra Luka,Oba spola,four_members,131.0
2013,Broj,Pale,M,four_members,1418.0
2013,Broj,Pelagićevo,Ž,four_members,191.0
2013,Broj,Petrovac,Oba spola,four_members,19.0
2013,Broj,Petrovo,M,four_members,370.0
2013,Broj,Grad Prijedor,Ž,four_members,4862.0
2013,Broj,Prnjavor,Oba spola,four_members,1953.0
2013,Broj,Ribnik,M,four_members,308.0
2013,Broj,Rogatica,Ž,four_members,630.0
2013,Broj,Rudo,Oba spola,four_members,467.0
2013,Broj,Sokolac,M,four_members,728.0
2013,Broj,Srbac,Ž,four_members,1011.0
2013,Broj,Srebrenica,Oba spola,four_members,652.0
2013,Broj,Teslić,M,four_members,2147.0
2013,Broj,Grad Trebinje,Ž,four_members,1765.0
2013,Broj,Trnovo,Oba spola,four_members,110.0
2013,Broj,Ugljevik,M,four_members,932.0
2013,Broj,Foča,Ž,four_members,1115.0
2013,Broj,Han Pijesak,Oba spola,four_members,194.0
2013,Broj,Čajniče,M,four_members,278.0
2013,Broj,Čelinac,Ž,four_members,964.0
2013,Broj,Šamac,Oba spola,four_members,823.0
2013,Broj,Šekovići,M,four_members,379.0
2013,Broj,Šipovo,Ž,four_members,620.0
2013,Broj,Republika Srpska,Oba spola,5+,58469.0
2013,Broj,Grad Banja Luka,M,5+,6564.0
2013,Broj,Berkovići,Ž,5+,165.0
2013,Broj,Grad Bijeljina,Oba spola,5+,6090.0
2013,Broj,Bileća,M,5+,723.0
2013,Broj,Bratunac,Ž,5+,1147.0
2013,Broj,Brod,Oba spola,5+,765.0
2013,Broj,Višegrad,M,5+,356.0
2013,Broj,Vlasenica,Ž,5+,509.0
2013,Broj,Vukosavlje,Oba spola,5+,235.0
2013,Broj,Gacko,M,5+,581.0
2013,Broj,Grad Gradiška,Ž,5+,2701.0
2013,Broj,Grad Derventa,Oba spola,5+,1269.0
2013,Broj,Grad Doboj,M,5+,2871.0
2013,Broj,Donji Žabar,Ž,5+,268.0
2013,Broj,Grad Zvornik,Oba spola,5+,3231.0
2013,Broj,Istočna Ilidža,M,5+,613.0
2013,Broj,Istočni Drvar,Ž,5+,1.0
2013,Broj,Istočni Mostar,Oba spola,5+,17.0
2013,Broj,Istočni Stari Grad,M,5+,51.0
2013,Broj,Istočno Novo Sarajevo,Ž,5+,389.0
2013,Broj,Jezero,Oba spola,5+,57.0
2013,Broj,Kalinovik,M,5+,80.0
2013,Broj,Kneževo,Ž,5+,515.0
2013,Broj,Kozarska Dubica,Oba spola,5+,1047.0
2013,Broj,Kostajnica,M,5+,340.0
2013,Broj,Kotor Varoš,Ž,5+,1131.0
2013,Broj,Krupa Na Uni,Oba spola,5+,100.0
2013,Broj,Kupres,M,5+,14.0
2013,Broj,Laktaši,Ž,5+,1846.0
2013,Broj,Lopare,Oba spola,5+,851.0
2013,Broj,Ljubinje,M,5+,199.0
2013,Broj,Milići,Ž,5+,508.0
2013,Broj,Modriča,Oba spola,5+,1249.0
2013,Broj,Mrkonjić Grad,M,5+,603.0
2013,Broj,Nevesinje,Ž,5+,843.0
2013,Broj,Novi Grad,Oba spola,5+,1346.0
2013,Broj,Novo Goražde,M,5+,123.0
2013,Broj,Osmaci,Ž,5+,374.0
2013,Broj,Oštra Luka,Oba spola,5+,169.0
2013,Broj,Pale,M,5+,897.0
2013,Broj,Pelagićevo,Ž,5+,215.0
2013,Broj,Petrovac,Oba spola,5+,20.0
2013,Broj,Petrovo,M,5+,228.0
2013,Broj,Grad Prijedor,Ž,5+,4200.0
2013,Broj,Prnjavor,Oba spola,5+,1834.0
2013,Broj,Ribnik,M,5+,273.0
2013,Broj,Rogatica,Ž,5+,426.0
2013,Broj,Rudo,Oba spola,5+,310.0
2013,Broj,Sokolac,M,5+,491.0
2013,Broj,Srbac,Ž,5+,804.0
2013,Broj,Srebrenica,Oba spola,5+,752.0
2013,Broj,Teslić,M,5+,1887.0
2013,Broj,Grad Trebinje,Ž,5+,1593.0
2013,Broj,Trnovo,Oba spola,5+,74.0
2013,Broj,Ugljevik,M,5+,977.0
2013,Broj,Foča,Ž,5+,654.0
2013,Broj,Han Pijesak,Oba spola,5+,119.0
2013,Broj,Čajniče,M,5+,244.0
2013,Broj,Čelinac,Ž,5+,849.0
2013,Broj,Šamac,Oba spola,5+,1001.0
2013,Broj,Šekovići,M,5+,229.0
2013,Broj,Šipovo,Ž,5+,451.0
2013,Broj,Republika Srpska,Oba spola,average_number,2.85
2013,Broj,Grad Banja Luka,M,average_number,2.76
2013,Broj,Berkovići,Ž,average_number,3.21
2013,Broj,Grad Bijeljina,Oba spola,average_number,3.02
2013,Broj,Bileća,M,average_number,3.21
2013,Broj,Bratunac,Ž,average_number,3.14
2013,Broj,Brod,Oba spola,average_number,2.81
2013,Broj,Višegrad,M,average_number,2.51
2013,Broj,Vlasenica,Ž,average_number,2.87
2013,Broj,Vukosavlje,Oba spola,average_number,2.84
2013,Broj,Gacko,M,average_number,3.15
2013,Broj,Grad Gradiška,Ž,average_number,2.9
2013,Broj,Grad Derventa,Oba spola,average_number,2.77
2013,Broj,Grad Doboj,M,average_number,2.68
2013,Broj,Donji Žabar,Ž,average_number,3.08
2013,Broj,Grad Zvornik,Oba spola,average_number,3.07
2013,Broj,Istočna Ilidža,M,average_number,2.86
2013,Broj,Istočni Drvar,Ž,average_number,1.61
2013,Broj,Istočni Mostar,Oba spola,average_number,2.94
2013,Broj,Istočni Stari Grad,M,average_number,2.55
2013,Broj,Istočno Novo Sarajevo,Ž,average_number,2.71
2013,Broj,Jezero,Oba spola,average_number,2.85
2013,Broj,Kalinovik,M,average_number,2.5
2013,Broj,Kneževo,Ž,average_number,2.94
2013,Broj,Kozarska Dubica,Oba spola,average_number,2.76
2013,Broj,Kostajnica,M,average_number,2.98
2013,Broj,Kotor Varoš,Ž,average_number,3.13
2013,Broj,Krupa Na Uni,Oba spola,average_number,2.87
2013,Broj,Kupres,M,average_number,2.29
2013,Broj,Laktaši,Ž,average_number,3.02
2013,Broj,Lopare,Oba spola,average_number,2.88
2013,Broj,Ljubinje,M,average_number,3.08
2013,Broj,Milići,Ž,average_number,2.92
2013,Broj,Modriča,Oba spola,average_number,2.83
2013,Broj,Mrkonjić Grad,M,average_number,2.6
2013,Broj,Nevesinje,Ž,average_number,3.15
2013,Broj,Novi Grad,Oba spola,average_number,2.87
2013,Broj,Novo Goražde,M,average_number,2.7
2013,Broj,Osmaci,Ž,average_number,3.31
2013,Broj,Oštra Luka,Oba spola,average_number,2.79
2013,Broj,Pale,M,average_number,2.83
2013,Broj,Pelagićevo,Ž,average_number,2.43
2013,Broj,Petrovac,Oba spola,average_number,2.72
2013,Broj,Petrovo,M,average_number,2.49
2013,Broj,Grad Prijedor,Ž,average_number,2.88
2013,Broj,Prnjavor,Oba spola,average_number,2.82
2013,Broj,Ribnik,M,average_number,2.6
2013,Broj,Rogatica,Ž,average_number,2.65
2013,Broj,Rudo,Oba spola,average_number,2.66
2013,Broj,Sokolac,M,average_number,2.7
2013,Broj,Srbac,Ž,average_number,2.75
2013,Broj,Srebrenica,Oba spola,average_number,3.08
2013,Broj,Teslić,M,average_number,2.81
2013,Broj,Grad Trebinje,Ž,average_number,2.99
2013,Broj,Trnovo,Oba spola,average_number,2.48
2013,Broj,Ugljevik,M,average_number,3.11
2013,Broj,Foča,Ž,average_number,2.63
2013,Broj,Han Pijesak,Oba spola,average_number,2.48
2013,Broj,Čajniče,M,average_number,2.82
2013,Broj,Čelinac,Ž,average_number,3.02
2013,Broj,Šamac,Oba spola,average_number,2.91
2013,Broj,Šekovići,M,average_number,2.51
2013,Broj,Šipovo,Ž,average_number,2.72
