Year,UNIT_MEASURE,Administrativna oblast,Spol,Disabilities,Value
2013,Broj,REPUBLIKA SRPSKA,Oba spola,Ukupno,1170342
2013,Broj,REPUBLIKA SRPSKA,M,Ukupno,571812
2013,Broj,REPUBLIKA SRPSKA,Ž,Ukupno,598530
2013,Broj,BANJA LUKA,Oba spola,Ukupno,180053
2013,Broj,BANJA LUKA,M,Ukupno,86510
2013,Broj,BANJA LUKA,Ž,Ukupno,93543
2013,Broj,BERKOVICI,Oba spola,Ukupno,2041
2013,Broj,BERKOVICI,M,Ukupno,1032
2013,Broj,BERKOVICI,Ž,Ukupno,1009
2013,Broj,BIJELJINA,Oba spola,Ukupno,103874
2013,Broj,BIJELJINA,M,Ukupno,50760
2013,Broj,BIJELJINA,Ž,Ukupno,53114
2013,Broj,BILECA,Oba spola,Ukupno,10607
2013,Broj,BILECA,M,Ukupno,5346
2013,Broj,BILECA,Ž,Ukupno,5261
2013,Broj,BRATUNAC,Oba spola,Ukupno,18651
2013,Broj,BRATUNAC,M,Ukupno,9210
2013,Broj,BRATUNAC,Ž,Ukupno,9441
2013,Broj,BROD,Oba spola,Ukupno,15720
2013,Broj,BROD,M,Ukupno,7670
2013,Broj,BROD,Ž,Ukupno,8050
2013,Broj,VISEGRAD,Oba spola,Ukupno,10118
2013,Broj,VISEGRAD,M,Ukupno,4834
2013,Broj,VISEGRAD,Ž,Ukupno,5284
2013,Broj,VLASENICA,Oba spola,Ukupno,10657
2013,Broj,VLASENICA,M,Ukupno,5193
2013,Broj,VLASENICA,Ž,Ukupno,5464
2013,Broj,VUKOSAVLJE,Oba spola,Ukupno,4363
2013,Broj,VUKOSAVLJE,M,Ukupno,2185
2013,Broj,VUKOSAVLJE,Ž,Ukupno,2178
2013,Broj,GACKO,Oba spola,Ukupno,8710
2013,Broj,GACKO,M,Ukupno,4423
2013,Broj,GACKO,Ž,Ukupno,4287
2013,Broj,GRADISKA,Oba spola,Ukupno,49196
2013,Broj,GRADISKA,M,Ukupno,23944
2013,Broj,GRADISKA,Ž,Ukupno,25252
2013,Broj,DERVENTA,Oba spola,Ukupno,25922
2013,Broj,DERVENTA,M,Ukupno,12629
2013,Broj,DERVENTA,Ž,Ukupno,13293
2013,Broj,DOBOJ,Oba spola,Ukupno,68514
2013,Broj,DOBOJ,M,Ukupno,33222
2013,Broj,DOBOJ,Ž,Ukupno,35292
2013,Broj,DONJI ZABAR,Oba spola,Ukupno,3669
2013,Broj,DONJI ZABAR,M,Ukupno,1853
2013,Broj,DONJI ZABAR,Ž,Ukupno,1816
2013,Broj,ZVORNIK,Oba spola,Ukupno,54407
2013,Broj,ZVORNIK,M,Ukupno,26803
2013,Broj,ZVORNIK,Ž,Ukupno,27604
2013,Broj,ISTOCNA ILIDZA,Oba spola,Ukupno,14437
2013,Broj,ISTOCNA ILIDZA,M,Ukupno,6905
2013,Broj,ISTOCNA ILIDZA,Ž,Ukupno,7532
2013,Broj,ISTOCNI DRVAR,Oba spola,Ukupno,66
2013,Broj,ISTOCNI DRVAR,M,Ukupno,44
2013,Broj,ISTOCNI DRVAR,Ž,Ukupno,22
2013,Broj,ISTOCNI MOSTAR,Oba spola,Ukupno,244
2013,Broj,ISTOCNI MOSTAR,M,Ukupno,138
2013,Broj,ISTOCNI MOSTAR,Ž,Ukupno,106
2013,Broj,ISTOCNI STARI GRAD,Oba spola,Ukupno,1116
2013,Broj,ISTOCNI STARI GRAD,M,Ukupno,552
2013,Broj,ISTOCNI STARI GRAD,Ž,Ukupno,564
2013,Broj,ISTOCNO NOVO SARAJEVO,Oba spola,Ukupno,10401
2013,Broj,ISTOCNO NOVO SARAJEVO,M,Ukupno,4936
2013,Broj,ISTOCNO NOVO SARAJEVO,Ž,Ukupno,5465
2013,Broj,JEZERO,Oba spola,Ukupno,1039
2013,Broj,JEZERO,M,Ukupno,534
2013,Broj,JEZERO,Ž,Ukupno,505
2013,Broj,KALINOVIK,Oba spola,Ukupno,1962
2013,Broj,KALINOVIK,M,Ukupno,950
2013,Broj,KALINOVIK,Ž,Ukupno,1012
2013,Broj,KNEZEVO,Oba spola,Ukupno,9368
2013,Broj,KNEZEVO,M,Ukupno,4632
2013,Broj,KNEZEVO,Ž,Ukupno,4736
2013,Broj,KOZARSKA DUBICA,Oba spola,Ukupno,20681
2013,Broj,KOZARSKA DUBICA,M,Ukupno,10094
2013,Broj,KOZARSKA DUBICA,Ž,Ukupno,10587
2013,Broj,KOSTAJNICA,Oba spola,Ukupno,5645
2013,Broj,KOSTAJNICA,M,Ukupno,2780
2013,Broj,KOSTAJNICA,Ž,Ukupno,2865
2013,Broj,KOTOR VAROS,Oba spola,Ukupno,18361
2013,Broj,KOTOR VAROS,M,Ukupno,9007
2013,Broj,KOTOR VAROS,Ž,Ukupno,9354
2013,Broj,KRUPA NA UNI,Oba spola,Ukupno,1560
2013,Broj,KRUPA NA UNI,M,Ukupno,841
2013,Broj,KRUPA NA UNI,Ž,Ukupno,719
2013,Broj,KUPRES,Oba spola,Ukupno,293
2013,Broj,KUPRES,M,Ukupno,157
2013,Broj,KUPRES,Ž,Ukupno,136
2013,Broj,LAKTASI,Oba spola,Ukupno,34210
2013,Broj,LAKTASI,M,Ukupno,16905
2013,Broj,LAKTASI,Ž,Ukupno,17305
2013,Broj,LOPARE,Oba spola,Ukupno,14689
2013,Broj,LOPARE,M,Ukupno,7377
2013,Broj,LOPARE,Ž,Ukupno,7312
2013,Broj,LJUBINJE,Oba spola,Ukupno,3319
2013,Broj,LJUBINJE,M,Ukupno,1633
2013,Broj,LJUBINJE,Ž,Ukupno,1686
2013,Broj,MILICI,Oba spola,Ukupno,10445
2013,Broj,MILICI,M,Ukupno,5252
2013,Broj,MILICI,Ž,Ukupno,5193
2013,Broj,MODRICA,Oba spola,Ukupno,24490
2013,Broj,MODRICA,M,Ukupno,11969
2013,Broj,MODRICA,Ž,Ukupno,12521
2013,Broj,MRKONJIC GRAD,Oba spola,Ukupno,15926
2013,Broj,MRKONJIC GRAD,M,Ukupno,7660
2013,Broj,MRKONJIC GRAD,Ž,Ukupno,8266
2013,Broj,NEVESINJE,Oba spola,Ukupno,12542
2013,Broj,NEVESINJE,M,Ukupno,6236
2013,Broj,NEVESINJE,Ž,Ukupno,6306
2013,Broj,NOVI GRAD,Oba spola,Ukupno,25240
2013,Broj,NOVI GRAD,M,Ukupno,12580
2013,Broj,NOVI GRAD,Ž,Ukupno,12660
2013,Broj,NOVO GORAZDE,Oba spola,Ukupno,2915
2013,Broj,NOVO GORAZDE,M,Ukupno,1500
2013,Broj,NOVO GORAZDE,Ž,Ukupno,1415
2013,Broj,OSMACI,Oba spola,Ukupno,5546
2013,Broj,OSMACI,M,Ukupno,2779
2013,Broj,OSMACI,Ž,Ukupno,2767
2013,Broj,OSTRA LUKA,Oba spola,Ukupno,2705
2013,Broj,OSTRA LUKA,M,Ukupno,1386
2013,Broj,OSTRA LUKA,Ž,Ukupno,1319
2013,Broj,PALE,Oba spola,Ukupno,20359
2013,Broj,PALE,M,Ukupno,9744
2013,Broj,PALE,Ž,Ukupno,10615
2013,Broj,PELAGICEVO,Oba spola,Ukupno,4358
2013,Broj,PELAGICEVO,M,Ukupno,2151
2013,Broj,PELAGICEVO,Ž,Ukupno,2207
2013,Broj,PETROVAC,Oba spola,Ukupno,354
2013,Broj,PETROVAC,M,Ukupno,169
2013,Broj,PETROVAC,Ž,Ukupno,185
2013,Broj,PETROVO,Oba spola,Ukupno,6317
2013,Broj,PETROVO,M,Ukupno,3043
2013,Broj,PETROVO,Ž,Ukupno,3274
2013,Broj,PRIJEDOR,Oba spola,Ukupno,80916
2013,Broj,PRIJEDOR,M,Ukupno,39418
2013,Broj,PRIJEDOR,Ž,Ukupno,41498
2013,Broj,PRNJAVOR,Oba spola,Ukupno,34357
2013,Broj,PRNJAVOR,M,Ukupno,16675
2013,Broj,PRNJAVOR,Ž,Ukupno,17682
2013,Broj,RIBNIK,Oba spola,Ukupno,5851
2013,Broj,RIBNIK,M,Ukupno,2900
2013,Broj,RIBNIK,Ž,Ukupno,2951
2013,Broj,ROGATICA,Oba spola,Ukupno,10302
2013,Broj,ROGATICA,M,Ukupno,5053
2013,Broj,ROGATICA,Ž,Ukupno,5249
2013,Broj,RUDO,Oba spola,Ukupno,7578
2013,Broj,RUDO,M,Ukupno,3840
2013,Broj,RUDO,Ž,Ukupno,3738
2013,Broj,SOKOLAC,Oba spola,Ukupno,11620
2013,Broj,SOKOLAC,M,Ukupno,5723
2013,Broj,SOKOLAC,Ž,Ukupno,5897
2013,Broj,SRBAC,Oba spola,Ukupno,16933
2013,Broj,SRBAC,M,Ukupno,8295
2013,Broj,SRBAC,Ž,Ukupno,8638
2013,Broj,SREBRENICA,Oba spola,Ukupno,11698
2013,Broj,SREBRENICA,M,Ukupno,5714
2013,Broj,SREBRENICA,Ž,Ukupno,5984
2013,Broj,TESLIC,Oba spola,Ukupno,37236
2013,Broj,TESLIC,M,Ukupno,17894
2013,Broj,TESLIC,Ž,Ukupno,19342
2013,Broj,TREBINJE,Oba spola,Ukupno,28239
2013,Broj,TREBINJE,M,Ukupno,13760
2013,Broj,TREBINJE,Ž,Ukupno,14479
2013,Broj,TRNOVO,Oba spola,Ukupno,1983
2013,Broj,TRNOVO,M,Ukupno,953
2013,Broj,TRNOVO,Ž,Ukupno,1030
2013,Broj,UGLJEVIK,Oba spola,Ukupno,15118
2013,Broj,UGLJEVIK,M,Ukupno,7626
2013,Broj,UGLJEVIK,Ž,Ukupno,7492
2013,Broj,FOCA,Oba spola,Ukupno,17580
2013,Broj,FOCA,M,Ukupno,8880
2013,Broj,FOCA,Ž,Ukupno,8700
2013,Broj,HAN PIJESAK,Oba spola,Ukupno,3445
2013,Broj,HAN PIJESAK,M,Ukupno,1632
2013,Broj,HAN PIJESAK,Ž,Ukupno,1813
2013,Broj,CAJNICE,Oba spola,Ukupno,4679
2013,Broj,CAJNICE,M,Ukupno,2347
2013,Broj,CAJNICE,Ž,Ukupno,2332
2013,Broj,CELINAC,Oba spola,Ukupno,15117
2013,Broj,CELINAC,M,Ukupno,7477
2013,Broj,CELINAC,Ž,Ukupno,7640
2013,Broj,SAMAC,Oba spola,Ukupno,16308
2013,Broj,SAMAC,M,Ukupno,7908
2013,Broj,SAMAC,Ž,Ukupno,8400
2013,Broj,SEKOVICI,Oba spola,Ukupno,6323
2013,Broj,SEKOVICI,M,Ukupno,3103
2013,Broj,SEKOVICI,Ž,Ukupno,3220
2013,Broj,SIPOVO,Oba spola,Ukupno,9969
2013,Broj,SIPOVO,M,Ukupno,5046
2013,Broj,SIPOVO,Ž,Ukupno,4923
2013,Broj,REPUBLIKA SRPSKA,Oba spola,disabilities_T,102262
2013,Broj,REPUBLIKA SRPSKA,M,disabilities_T,46720
2013,Broj,REPUBLIKA SRPSKA,Ž,disabilities_T,55542
2013,Broj,BANJA LUKA,Oba spola,disabilities_T,13450
2013,Broj,BANJA LUKA,M,disabilities_T,6251
2013,Broj,BANJA LUKA,Ž,disabilities_T,7199
2013,Broj,BERKOVICI,Oba spola,disabilities_T,165
2013,Broj,BERKOVICI,M,disabilities_T,75
2013,Broj,BERKOVICI,Ž,disabilities_T,90
2013,Broj,BIJELJINA,Oba spola,disabilities_T,8763
2013,Broj,BIJELJINA,M,disabilities_T,3967
2013,Broj,BIJELJINA,Ž,disabilities_T,4796
2013,Broj,BILECA,Oba spola,disabilities_T,813
2013,Broj,BILECA,M,disabilities_T,339
2013,Broj,BILECA,Ž,disabilities_T,474
2013,Broj,BRATUNAC,Oba spola,disabilities_T,1534
2013,Broj,BRATUNAC,M,disabilities_T,688
2013,Broj,BRATUNAC,Ž,disabilities_T,846
2013,Broj,BROD,Oba spola,disabilities_T,1420
2013,Broj,BROD,M,disabilities_T,658
2013,Broj,BROD,Ž,disabilities_T,762
2013,Broj,VISEGRAD,Oba spola,disabilities_T,1097
2013,Broj,VISEGRAD,M,disabilities_T,422
2013,Broj,VISEGRAD,Ž,disabilities_T,675
2013,Broj,VLASENICA,Oba spola,disabilities_T,786
2013,Broj,VLASENICA,M,disabilities_T,393
2013,Broj,VLASENICA,Ž,disabilities_T,393
2013,Broj,VUKOSAVLJE,Oba spola,disabilities_T,472
2013,Broj,VUKOSAVLJE,M,disabilities_T,226
2013,Broj,VUKOSAVLJE,Ž,disabilities_T,246
2013,Broj,GACKO,Oba spola,disabilities_T,597
2013,Broj,GACKO,M,disabilities_T,261
2013,Broj,GACKO,Ž,disabilities_T,336
2013,Broj,GRADISKA,Oba spola,disabilities_T,4427
2013,Broj,GRADISKA,M,disabilities_T,1965
2013,Broj,GRADISKA,Ž,disabilities_T,2462
2013,Broj,DERVENTA,Oba spola,disabilities_T,2529
2013,Broj,DERVENTA,M,disabilities_T,1153
2013,Broj,DERVENTA,Ž,disabilities_T,1376
2013,Broj,DOBOJ,Oba spola,disabilities_T,7404
2013,Broj,DOBOJ,M,disabilities_T,3292
2013,Broj,DOBOJ,Ž,disabilities_T,4112
2013,Broj,DONJI ZABAR,Oba spola,disabilities_T,313
2013,Broj,DONJI ZABAR,M,disabilities_T,146
2013,Broj,DONJI ZABAR,Ž,disabilities_T,167
2013,Broj,ZVORNIK,Oba spola,disabilities_T,4328
2013,Broj,ZVORNIK,M,disabilities_T,2027
2013,Broj,ZVORNIK,Ž,disabilities_T,2301
2013,Broj,ISTOCNA ILIDZA,Oba spola,disabilities_T,1025
2013,Broj,ISTOCNA ILIDZA,M,disabilities_T,464
2013,Broj,ISTOCNA ILIDZA,Ž,disabilities_T,561
2013,Broj,ISTOCNI DRVAR,Oba spola,disabilities_T,9
2013,Broj,ISTOCNI DRVAR,M,disabilities_T,5
2013,Broj,ISTOCNI DRVAR,Ž,disabilities_T,4
2013,Broj,ISTOCNI MOSTAR,Oba spola,disabilities_T,14
2013,Broj,ISTOCNI MOSTAR,M,disabilities_T,4
2013,Broj,ISTOCNI MOSTAR,Ž,disabilities_T,10
2013,Broj,ISTOCNI STARI GRAD,Oba spola,disabilities_T,100
2013,Broj,ISTOCNI STARI GRAD,M,disabilities_T,42
2013,Broj,ISTOCNI STARI GRAD,Ž,disabilities_T,58
2013,Broj,ISTOCNO NOVO SARAJEVO,Oba spola,disabilities_T,611
2013,Broj,ISTOCNO NOVO SARAJEVO,M,disabilities_T,276
2013,Broj,ISTOCNO NOVO SARAJEVO,Ž,disabilities_T,335
2013,Broj,JEZERO,Oba spola,disabilities_T,80
2013,Broj,JEZERO,M,disabilities_T,37
2013,Broj,JEZERO,Ž,disabilities_T,43
2013,Broj,KALINOVIK,Oba spola,disabilities_T,203
2013,Broj,KALINOVIK,M,disabilities_T,88
2013,Broj,KALINOVIK,Ž,disabilities_T,115
2013,Broj,KNEZEVO,Oba spola,disabilities_T,933
2013,Broj,KNEZEVO,M,disabilities_T,449
2013,Broj,KNEZEVO,Ž,disabilities_T,484
2013,Broj,KOZARSKA DUBICA,Oba spola,disabilities_T,2078
2013,Broj,KOZARSKA DUBICA,M,disabilities_T,919
2013,Broj,KOZARSKA DUBICA,Ž,disabilities_T,1159
2013,Broj,KOSTAJNICA,Oba spola,disabilities_T,475
2013,Broj,KOSTAJNICA,M,disabilities_T,216
2013,Broj,KOSTAJNICA,Ž,disabilities_T,259
2013,Broj,KOTOR VAROS,Oba spola,disabilities_T,1857
2013,Broj,KOTOR VAROS,M,disabilities_T,865
2013,Broj,KOTOR VAROS,Ž,disabilities_T,992
2013,Broj,KRUPA NA UNI,Oba spola,disabilities_T,204
2013,Broj,KRUPA NA UNI,M,disabilities_T,93
2013,Broj,KRUPA NA UNI,Ž,disabilities_T,111
2013,Broj,KUPRES,Oba spola,disabilities_T,49
2013,Broj,KUPRES,M,disabilities_T,27
2013,Broj,KUPRES,Ž,disabilities_T,22
2013,Broj,LAKTASI,Oba spola,disabilities_T,2445
2013,Broj,LAKTASI,M,disabilities_T,1196
2013,Broj,LAKTASI,Ž,disabilities_T,1249
2013,Broj,LOPARE,Oba spola,disabilities_T,1612
2013,Broj,LOPARE,M,disabilities_T,791
2013,Broj,LOPARE,Ž,disabilities_T,821
2013,Broj,LJUBINJE,Oba spola,disabilities_T,197
2013,Broj,LJUBINJE,M,disabilities_T,84
2013,Broj,LJUBINJE,Ž,disabilities_T,113
2013,Broj,MILICI,Oba spola,disabilities_T,860
2013,Broj,MILICI,M,disabilities_T,392
2013,Broj,MILICI,Ž,disabilities_T,468
2013,Broj,MODRICA,Oba spola,disabilities_T,2458
2013,Broj,MODRICA,M,disabilities_T,1119
2013,Broj,MODRICA,Ž,disabilities_T,1339
2013,Broj,MRKONJIC GRAD,Oba spola,disabilities_T,1300
2013,Broj,MRKONJIC GRAD,M,disabilities_T,602
2013,Broj,MRKONJIC GRAD,Ž,disabilities_T,698
2013,Broj,NEVESINJE,Oba spola,disabilities_T,876
2013,Broj,NEVESINJE,M,disabilities_T,379
2013,Broj,NEVESINJE,Ž,disabilities_T,497
2013,Broj,NOVI GRAD,Oba spola,disabilities_T,2687
2013,Broj,NOVI GRAD,M,disabilities_T,1179
2013,Broj,NOVI GRAD,Ž,disabilities_T,1508
2013,Broj,NOVO GORAZDE,Oba spola,disabilities_T,206
2013,Broj,NOVO GORAZDE,M,disabilities_T,101
2013,Broj,NOVO GORAZDE,Ž,disabilities_T,105
2013,Broj,OSMACI,Oba spola,disabilities_T,513
2013,Broj,OSMACI,M,disabilities_T,234
2013,Broj,OSMACI,Ž,disabilities_T,279
2013,Broj,OSTRA LUKA,Oba spola,disabilities_T,394
2013,Broj,OSTRA LUKA,M,disabilities_T,205
2013,Broj,OSTRA LUKA,Ž,disabilities_T,189
2013,Broj,PALE,Oba spola,disabilities_T,1289
2013,Broj,PALE,M,disabilities_T,594
2013,Broj,PALE,Ž,disabilities_T,695
2013,Broj,PELAGICEVO,Oba spola,disabilities_T,688
2013,Broj,PELAGICEVO,M,disabilities_T,299
2013,Broj,PELAGICEVO,Ž,disabilities_T,389
2013,Broj,PETROVAC,Oba spola,disabilities_T,16
2013,Broj,PETROVAC,M,disabilities_T,6
2013,Broj,PETROVAC,Ž,disabilities_T,10
2013,Broj,PETROVO,Oba spola,disabilities_T,944
2013,Broj,PETROVO,M,disabilities_T,399
2013,Broj,PETROVO,Ž,disabilities_T,545
2013,Broj,PRIJEDOR,Oba spola,disabilities_T,7173
2013,Broj,PRIJEDOR,M,disabilities_T,3333
2013,Broj,PRIJEDOR,Ž,disabilities_T,3840
2013,Broj,PRNJAVOR,Oba spola,disabilities_T,3309
2013,Broj,PRNJAVOR,M,disabilities_T,1497
2013,Broj,PRNJAVOR,Ž,disabilities_T,1812
2013,Broj,RIBNIK,Oba spola,disabilities_T,701
2013,Broj,RIBNIK,M,disabilities_T,323
2013,Broj,RIBNIK,Ž,disabilities_T,378
2013,Broj,ROGATICA,Oba spola,disabilities_T,1012
2013,Broj,ROGATICA,M,disabilities_T,464
2013,Broj,ROGATICA,Ž,disabilities_T,548
2013,Broj,RUDO,Oba spola,disabilities_T,596
2013,Broj,RUDO,M,disabilities_T,258
2013,Broj,RUDO,Ž,disabilities_T,338
2013,Broj,SOKOLAC,Oba spola,disabilities_T,944
2013,Broj,SOKOLAC,M,disabilities_T,422
2013,Broj,SOKOLAC,Ž,disabilities_T,522
2013,Broj,SRBAC,Oba spola,disabilities_T,1526
2013,Broj,SRBAC,M,disabilities_T,714
2013,Broj,SRBAC,Ž,disabilities_T,812
2013,Broj,SREBRENICA,Oba spola,disabilities_T,1061
2013,Broj,SREBRENICA,M,disabilities_T,447
2013,Broj,SREBRENICA,Ž,disabilities_T,614
2013,Broj,TESLIC,Oba spola,disabilities_T,3562
2013,Broj,TESLIC,M,disabilities_T,1683
2013,Broj,TESLIC,Ž,disabilities_T,1879
2013,Broj,TREBINJE,Oba spola,disabilities_T,1860
2013,Broj,TREBINJE,M,disabilities_T,823
2013,Broj,TREBINJE,Ž,disabilities_T,1037
2013,Broj,TRNOVO,Oba spola,disabilities_T,171
2013,Broj,TRNOVO,M,disabilities_T,70
2013,Broj,TRNOVO,Ž,disabilities_T,101
2013,Broj,UGLJEVIK,Oba spola,disabilities_T,1179
2013,Broj,UGLJEVIK,M,disabilities_T,532
2013,Broj,UGLJEVIK,Ž,disabilities_T,647
2013,Broj,FOCA,Oba spola,disabilities_T,1473
2013,Broj,FOCA,M,disabilities_T,725
2013,Broj,FOCA,Ž,disabilities_T,748
2013,Broj,HAN PIJESAK,Oba spola,disabilities_T,269
2013,Broj,HAN PIJESAK,M,disabilities_T,99
2013,Broj,HAN PIJESAK,Ž,disabilities_T,170
2013,Broj,CAJNICE,Oba spola,disabilities_T,461
2013,Broj,CAJNICE,M,disabilities_T,208
2013,Broj,CAJNICE,Ž,disabilities_T,253
2013,Broj,CELINAC,Oba spola,disabilities_T,1672
2013,Broj,CELINAC,M,disabilities_T,800
2013,Broj,CELINAC,Ž,disabilities_T,872
2013,Broj,SAMAC,Oba spola,disabilities_T,1634
2013,Broj,SAMAC,M,disabilities_T,724
2013,Broj,SAMAC,Ž,disabilities_T,910
2013,Broj,SEKOVICI,Oba spola,disabilities_T,595
2013,Broj,SEKOVICI,M,disabilities_T,279
2013,Broj,SEKOVICI,Ž,disabilities_T,316
2013,Broj,SIPOVO,Oba spola,disabilities_T,843
2013,Broj,SIPOVO,M,disabilities_T,391
2013,Broj,SIPOVO,Ž,disabilities_T,452
2013,Broj,REPUBLIKA SRPSKA,Oba spola,eyesight,43020
2013,Broj,REPUBLIKA SRPSKA,M,eyesight,18052
2013,Broj,REPUBLIKA SRPSKA,Ž,eyesight,24968
2013,Broj,BANJA LUKA,Oba spola,eyesight,5370
2013,Broj,BANJA LUKA,M,eyesight,2232
2013,Broj,BANJA LUKA,Ž,eyesight,3138
2013,Broj,BERKOVICI,Oba spola,eyesight,73
2013,Broj,BERKOVICI,M,eyesight,33
2013,Broj,BERKOVICI,Ž,eyesight,40
2013,Broj,BIJELJINA,Oba spola,eyesight,3450
2013,Broj,BIJELJINA,M,eyesight,1424
2013,Broj,BIJELJINA,Ž,eyesight,2026
2013,Broj,BILECA,Oba spola,eyesight,375
2013,Broj,BILECA,M,eyesight,159
2013,Broj,BILECA,Ž,eyesight,216
2013,Broj,BRATUNAC,Oba spola,eyesight,791
2013,Broj,BRATUNAC,M,eyesight,328
2013,Broj,BRATUNAC,Ž,eyesight,463
2013,Broj,BROD,Oba spola,eyesight,596
2013,Broj,BROD,M,eyesight,252
2013,Broj,BROD,Ž,eyesight,344
2013,Broj,VISEGRAD,Oba spola,eyesight,409
2013,Broj,VISEGRAD,M,eyesight,162
2013,Broj,VISEGRAD,Ž,eyesight,247
2013,Broj,VLASENICA,Oba spola,eyesight,372
2013,Broj,VLASENICA,M,eyesight,171
2013,Broj,VLASENICA,Ž,eyesight,201
2013,Broj,VUKOSAVLJE,Oba spola,eyesight,157
2013,Broj,VUKOSAVLJE,M,eyesight,74
2013,Broj,VUKOSAVLJE,Ž,eyesight,83
2013,Broj,GACKO,Oba spola,eyesight,245
2013,Broj,GACKO,M,eyesight,107
2013,Broj,GACKO,Ž,eyesight,138
2013,Broj,GRADISKA,Oba spola,eyesight,1881
2013,Broj,GRADISKA,M,eyesight,754
2013,Broj,GRADISKA,Ž,eyesight,1127
2013,Broj,DERVENTA,Oba spola,eyesight,1172
2013,Broj,DERVENTA,M,eyesight,476
2013,Broj,DERVENTA,Ž,eyesight,696
2013,Broj,DOBOJ,Oba spola,eyesight,3265
2013,Broj,DOBOJ,M,eyesight,1332
2013,Broj,DOBOJ,Ž,eyesight,1933
2013,Broj,DONJI ZABAR,Oba spola,eyesight,122
2013,Broj,DONJI ZABAR,M,eyesight,50
2013,Broj,DONJI ZABAR,Ž,eyesight,72
2013,Broj,ZVORNIK,Oba spola,eyesight,1920
2013,Broj,ZVORNIK,M,eyesight,842
2013,Broj,ZVORNIK,Ž,eyesight,1078
2013,Broj,ISTOCNA ILIDZA,Oba spola,eyesight,423
2013,Broj,ISTOCNA ILIDZA,M,eyesight,183
2013,Broj,ISTOCNA ILIDZA,Ž,eyesight,240
2013,Broj,ISTOCNI DRVAR,Oba spola,eyesight,5
2013,Broj,ISTOCNI DRVAR,M,eyesight,2
2013,Broj,ISTOCNI DRVAR,Ž,eyesight,3
2013,Broj,ISTOCNI MOSTAR,Oba spola,eyesight,9
2013,Broj,ISTOCNI MOSTAR,M,eyesight,3
2013,Broj,ISTOCNI MOSTAR,Ž,eyesight,6
2013,Broj,ISTOCNI STARI GRAD,Oba spola,eyesight,49
2013,Broj,ISTOCNI STARI GRAD,M,eyesight,22
2013,Broj,ISTOCNI STARI GRAD,Ž,eyesight,27
2013,Broj,ISTOCNO NOVO SARAJEVO,Oba spola,eyesight,255
2013,Broj,ISTOCNO NOVO SARAJEVO,M,eyesight,90
2013,Broj,ISTOCNO NOVO SARAJEVO,Ž,eyesight,165
2013,Broj,JEZERO,Oba spola,eyesight,44
2013,Broj,JEZERO,M,eyesight,18
2013,Broj,JEZERO,Ž,eyesight,26
2013,Broj,KALINOVIK,Oba spola,eyesight,87
2013,Broj,KALINOVIK,M,eyesight,35
2013,Broj,KALINOVIK,Ž,eyesight,52
2013,Broj,KNEZEVO,Oba spola,eyesight,355
2013,Broj,KNEZEVO,M,eyesight,159
2013,Broj,KNEZEVO,Ž,eyesight,196
2013,Broj,KOZARSKA DUBICA,Oba spola,eyesight,788
2013,Broj,KOZARSKA DUBICA,M,eyesight,329
2013,Broj,KOZARSKA DUBICA,Ž,eyesight,459
2013,Broj,KOSTAJNICA,Oba spola,eyesight,226
2013,Broj,KOSTAJNICA,M,eyesight,104
2013,Broj,KOSTAJNICA,Ž,eyesight,122
2013,Broj,KOTOR VAROS,Oba spola,eyesight,894
2013,Broj,KOTOR VAROS,M,eyesight,374
2013,Broj,KOTOR VAROS,Ž,eyesight,520
2013,Broj,KRUPA NA UNI,Oba spola,eyesight,98
2013,Broj,KRUPA NA UNI,M,eyesight,47
2013,Broj,KRUPA NA UNI,Ž,eyesight,51
2013,Broj,KUPRES,Oba spola,eyesight,12
2013,Broj,KUPRES,M,eyesight,8
2013,Broj,KUPRES,Ž,eyesight,4
2013,Broj,LAKTASI,Oba spola,eyesight,1042
2013,Broj,LAKTASI,M,eyesight,460
2013,Broj,LAKTASI,Ž,eyesight,582
2013,Broj,LOPARE,Oba spola,eyesight,691
2013,Broj,LOPARE,M,eyesight,297
2013,Broj,LOPARE,Ž,eyesight,394
2013,Broj,LJUBINJE,Oba spola,eyesight,82
2013,Broj,LJUBINJE,M,eyesight,36
2013,Broj,LJUBINJE,Ž,eyesight,46
2013,Broj,MILICI,Oba spola,eyesight,390
2013,Broj,MILICI,M,eyesight,165
2013,Broj,MILICI,Ž,eyesight,225
2013,Broj,MODRICA,Oba spola,eyesight,990
2013,Broj,MODRICA,M,eyesight,443
2013,Broj,MODRICA,Ž,eyesight,547
2013,Broj,MRKONJIC GRAD,Oba spola,eyesight,524
2013,Broj,MRKONJIC GRAD,M,eyesight,227
2013,Broj,MRKONJIC GRAD,Ž,eyesight,297
2013,Broj,NEVESINJE,Oba spola,eyesight,401
2013,Broj,NEVESINJE,M,eyesight,187
2013,Broj,NEVESINJE,Ž,eyesight,214
2013,Broj,NOVI GRAD,Oba spola,eyesight,1236
2013,Broj,NOVI GRAD,M,eyesight,483
2013,Broj,NOVI GRAD,Ž,eyesight,753
2013,Broj,NOVO GORAZDE,Oba spola,eyesight,86
2013,Broj,NOVO GORAZDE,M,eyesight,35
2013,Broj,NOVO GORAZDE,Ž,eyesight,51
2013,Broj,OSMACI,Oba spola,eyesight,243
2013,Broj,OSMACI,M,eyesight,102
2013,Broj,OSMACI,Ž,eyesight,141
2013,Broj,OSTRA LUKA,Oba spola,eyesight,176
2013,Broj,OSTRA LUKA,M,eyesight,88
2013,Broj,OSTRA LUKA,Ž,eyesight,88
2013,Broj,PALE,Oba spola,eyesight,492
2013,Broj,PALE,M,eyesight,213
2013,Broj,PALE,Ž,eyesight,279
2013,Broj,PELAGICEVO,Oba spola,eyesight,310
2013,Broj,PELAGICEVO,M,eyesight,132
2013,Broj,PELAGICEVO,Ž,eyesight,178
2013,Broj,PETROVAC,Oba spola,eyesight,6
2013,Broj,PETROVAC,M,eyesight,2
2013,Broj,PETROVAC,Ž,eyesight,4
2013,Broj,PETROVO,Oba spola,eyesight,433
2013,Broj,PETROVO,M,eyesight,178
2013,Broj,PETROVO,Ž,eyesight,255
2013,Broj,PRIJEDOR,Oba spola,eyesight,2857
2013,Broj,PRIJEDOR,M,eyesight,1209
2013,Broj,PRIJEDOR,Ž,eyesight,1648
2013,Broj,PRNJAVOR,Oba spola,eyesight,1364
2013,Broj,PRNJAVOR,M,eyesight,564
2013,Broj,PRNJAVOR,Ž,eyesight,800
2013,Broj,RIBNIK,Oba spola,eyesight,293
2013,Broj,RIBNIK,M,eyesight,137
2013,Broj,RIBNIK,Ž,eyesight,156
2013,Broj,ROGATICA,Oba spola,eyesight,418
2013,Broj,ROGATICA,M,eyesight,174
2013,Broj,ROGATICA,Ž,eyesight,244
2013,Broj,RUDO,Oba spola,eyesight,231
2013,Broj,RUDO,M,eyesight,98
2013,Broj,RUDO,Ž,eyesight,133
2013,Broj,SOKOLAC,Oba spola,eyesight,368
2013,Broj,SOKOLAC,M,eyesight,161
2013,Broj,SOKOLAC,Ž,eyesight,207
2013,Broj,SRBAC,Oba spola,eyesight,684
2013,Broj,SRBAC,M,eyesight,291
2013,Broj,SRBAC,Ž,eyesight,393
2013,Broj,SREBRENICA,Oba spola,eyesight,487
2013,Broj,SREBRENICA,M,eyesight,176
2013,Broj,SREBRENICA,Ž,eyesight,311
2013,Broj,TESLIC,Oba spola,eyesight,1451
2013,Broj,TESLIC,M,eyesight,633
2013,Broj,TESLIC,Ž,eyesight,818
2013,Broj,TREBINJE,Oba spola,eyesight,736
2013,Broj,TREBINJE,M,eyesight,297
2013,Broj,TREBINJE,Ž,eyesight,439
2013,Broj,TRNOVO,Oba spola,eyesight,62
2013,Broj,TRNOVO,M,eyesight,25
2013,Broj,TRNOVO,Ž,eyesight,37
2013,Broj,UGLJEVIK,Oba spola,eyesight,488
2013,Broj,UGLJEVIK,M,eyesight,202
2013,Broj,UGLJEVIK,Ž,eyesight,286
2013,Broj,FOCA,Oba spola,eyesight,605
2013,Broj,FOCA,M,eyesight,263
2013,Broj,FOCA,Ž,eyesight,342
2013,Broj,HAN PIJESAK,Oba spola,eyesight,102
2013,Broj,HAN PIJESAK,M,eyesight,36
2013,Broj,HAN PIJESAK,Ž,eyesight,66
2013,Broj,CAJNICE,Oba spola,eyesight,219
2013,Broj,CAJNICE,M,eyesight,93
2013,Broj,CAJNICE,Ž,eyesight,126
2013,Broj,CELINAC,Oba spola,eyesight,752
2013,Broj,CELINAC,M,eyesight,313
2013,Broj,CELINAC,Ž,eyesight,439
2013,Broj,SAMAC,Oba spola,eyesight,679
2013,Broj,SAMAC,M,eyesight,277
2013,Broj,SAMAC,Ž,eyesight,402
2013,Broj,SEKOVICI,Oba spola,eyesight,307
2013,Broj,SEKOVICI,M,eyesight,130
2013,Broj,SEKOVICI,Ž,eyesight,177
2013,Broj,SIPOVO,Oba spola,eyesight,372
2013,Broj,SIPOVO,M,eyesight,155
2013,Broj,SIPOVO,Ž,eyesight,217
2013,Broj,REPUBLIKA SRPSKA,Oba spola,hearing,26055
2013,Broj,REPUBLIKA SRPSKA,M,hearing,12971
2013,Broj,REPUBLIKA SRPSKA,Ž,hearing,13084
2013,Broj,BANJA LUKA,Oba spola,hearing,3262
2013,Broj,BANJA LUKA,M,hearing,1678
2013,Broj,BANJA LUKA,Ž,hearing,1584
2013,Broj,BERKOVICI,Oba spola,hearing,48
2013,Broj,BERKOVICI,M,hearing,28
2013,Broj,BERKOVICI,Ž,hearing,20
2013,Broj,BIJELJINA,Oba spola,hearing,2026
2013,Broj,BIJELJINA,M,hearing,1028
2013,Broj,BIJELJINA,Ž,hearing,998
2013,Broj,BILECA,Oba spola,hearing,240
2013,Broj,BILECA,M,hearing,122
2013,Broj,BILECA,Ž,hearing,118
2013,Broj,BRATUNAC,Oba spola,hearing,420
2013,Broj,BRATUNAC,M,hearing,196
2013,Broj,BRATUNAC,Ž,hearing,224
2013,Broj,BROD,Oba spola,hearing,322
2013,Broj,BROD,M,hearing,168
2013,Broj,BROD,Ž,hearing,154
2013,Broj,VISEGRAD,Oba spola,hearing,276
2013,Broj,VISEGRAD,M,hearing,128
2013,Broj,VISEGRAD,Ž,hearing,148
2013,Broj,VLASENICA,Oba spola,hearing,236
2013,Broj,VLASENICA,M,hearing,117
2013,Broj,VLASENICA,Ž,hearing,119
2013,Broj,VUKOSAVLJE,Oba spola,hearing,107
2013,Broj,VUKOSAVLJE,M,hearing,49
2013,Broj,VUKOSAVLJE,Ž,hearing,58
2013,Broj,GACKO,Oba spola,hearing,172
2013,Broj,GACKO,M,hearing,80
2013,Broj,GACKO,Ž,hearing,92
2013,Broj,GRADISKA,Oba spola,hearing,1110
2013,Broj,GRADISKA,M,hearing,525
2013,Broj,GRADISKA,Ž,hearing,585
2013,Broj,DERVENTA,Oba spola,hearing,655
2013,Broj,DERVENTA,M,hearing,320
2013,Broj,DERVENTA,Ž,hearing,335
2013,Broj,DOBOJ,Oba spola,hearing,1902
2013,Broj,DOBOJ,M,hearing,925
2013,Broj,DOBOJ,Ž,hearing,977
2013,Broj,DONJI ZABAR,Oba spola,hearing,81
2013,Broj,DONJI ZABAR,M,hearing,50
2013,Broj,DONJI ZABAR,Ž,hearing,31
2013,Broj,ZVORNIK,Oba spola,hearing,1157
2013,Broj,ZVORNIK,M,hearing,580
2013,Broj,ZVORNIK,Ž,hearing,577
2013,Broj,ISTOCNA ILIDZA,Oba spola,hearing,267
2013,Broj,ISTOCNA ILIDZA,M,hearing,123
2013,Broj,ISTOCNA ILIDZA,Ž,hearing,144
2013,Broj,ISTOCNI DRVAR,Oba spola,hearing,4
2013,Broj,ISTOCNI DRVAR,M,hearing,1
2013,Broj,ISTOCNI DRVAR,Ž,hearing,3
2013,Broj,ISTOCNI MOSTAR,Oba spola,hearing,7
2013,Broj,ISTOCNI MOSTAR,M,hearing,1
2013,Broj,ISTOCNI MOSTAR,Ž,hearing,6
2013,Broj,ISTOCNI STARI GRAD,Oba spola,hearing,29
2013,Broj,ISTOCNI STARI GRAD,M,hearing,15
2013,Broj,ISTOCNI STARI GRAD,Ž,hearing,14
2013,Broj,ISTOCNO NOVO SARAJEVO,Oba spola,hearing,153
2013,Broj,ISTOCNO NOVO SARAJEVO,M,hearing,76
2013,Broj,ISTOCNO NOVO SARAJEVO,Ž,hearing,77
2013,Broj,JEZERO,Oba spola,hearing,34
2013,Broj,JEZERO,M,hearing,18
2013,Broj,JEZERO,Ž,hearing,16
2013,Broj,KALINOVIK,Oba spola,hearing,56
2013,Broj,KALINOVIK,M,hearing,25
2013,Broj,KALINOVIK,Ž,hearing,31
2013,Broj,KNEZEVO,Oba spola,hearing,251
2013,Broj,KNEZEVO,M,hearing,127
2013,Broj,KNEZEVO,Ž,hearing,124
2013,Broj,KOZARSKA DUBICA,Oba spola,hearing,490
2013,Broj,KOZARSKA DUBICA,M,hearing,237
2013,Broj,KOZARSKA DUBICA,Ž,hearing,253
2013,Broj,KOSTAJNICA,Oba spola,hearing,123
2013,Broj,KOSTAJNICA,M,hearing,65
2013,Broj,KOSTAJNICA,Ž,hearing,58
2013,Broj,KOTOR VAROS,Oba spola,hearing,485
2013,Broj,KOTOR VAROS,M,hearing,244
2013,Broj,KOTOR VAROS,Ž,hearing,241
2013,Broj,KRUPA NA UNI,Oba spola,hearing,59
2013,Broj,KRUPA NA UNI,M,hearing,36
2013,Broj,KRUPA NA UNI,Ž,hearing,23
2013,Broj,KUPRES,Oba spola,hearing,14
2013,Broj,KUPRES,M,hearing,10
2013,Broj,KUPRES,Ž,hearing,4
2013,Broj,LAKTASI,Oba spola,hearing,610
2013,Broj,LAKTASI,M,hearing,322
2013,Broj,LAKTASI,Ž,hearing,288
2013,Broj,LOPARE,Oba spola,hearing,400
2013,Broj,LOPARE,M,hearing,187
2013,Broj,LOPARE,Ž,hearing,213
2013,Broj,LJUBINJE,Oba spola,hearing,68
2013,Broj,LJUBINJE,M,hearing,33
2013,Broj,LJUBINJE,Ž,hearing,35
2013,Broj,MILICI,Oba spola,hearing,209
2013,Broj,MILICI,M,hearing,98
2013,Broj,MILICI,Ž,hearing,111
2013,Broj,MODRICA,Oba spola,hearing,623
2013,Broj,MODRICA,M,hearing,318
2013,Broj,MODRICA,Ž,hearing,305
2013,Broj,MRKONJIC GRAD,Oba spola,hearing,388
2013,Broj,MRKONJIC GRAD,M,hearing,188
2013,Broj,MRKONJIC GRAD,Ž,hearing,200
2013,Broj,NEVESINJE,Oba spola,hearing,254
2013,Broj,NEVESINJE,M,hearing,119
2013,Broj,NEVESINJE,Ž,hearing,135
2013,Broj,NOVI GRAD,Oba spola,hearing,706
2013,Broj,NOVI GRAD,M,hearing,334
2013,Broj,NOVI GRAD,Ž,hearing,372
2013,Broj,NOVO GORAZDE,Oba spola,hearing,57
2013,Broj,NOVO GORAZDE,M,hearing,31
2013,Broj,NOVO GORAZDE,Ž,hearing,26
2013,Broj,OSMACI,Oba spola,hearing,144
2013,Broj,OSMACI,M,hearing,71
2013,Broj,OSMACI,Ž,hearing,73
2013,Broj,OSTRA LUKA,Oba spola,hearing,97
2013,Broj,OSTRA LUKA,M,hearing,65
2013,Broj,OSTRA LUKA,Ž,hearing,32
2013,Broj,PALE,Oba spola,hearing,318
2013,Broj,PALE,M,hearing,164
2013,Broj,PALE,Ž,hearing,154
2013,Broj,PELAGICEVO,Oba spola,hearing,167
2013,Broj,PELAGICEVO,M,hearing,74
2013,Broj,PELAGICEVO,Ž,hearing,93
2013,Broj,PETROVAC,Oba spola,hearing,4
2013,Broj,PETROVAC,M,hearing,1
2013,Broj,PETROVAC,Ž,hearing,3
2013,Broj,PETROVO,Oba spola,hearing,257
2013,Broj,PETROVO,M,hearing,134
2013,Broj,PETROVO,Ž,hearing,123
2013,Broj,PRIJEDOR,Oba spola,hearing,1805
2013,Broj,PRIJEDOR,M,hearing,944
2013,Broj,PRIJEDOR,Ž,hearing,861
2013,Broj,PRNJAVOR,Oba spola,hearing,812
2013,Broj,PRNJAVOR,M,hearing,383
2013,Broj,PRNJAVOR,Ž,hearing,429
2013,Broj,RIBNIK,Oba spola,hearing,199
2013,Broj,RIBNIK,M,hearing,97
2013,Broj,RIBNIK,Ž,hearing,102
2013,Broj,ROGATICA,Oba spola,hearing,307
2013,Broj,ROGATICA,M,hearing,150
2013,Broj,ROGATICA,Ž,hearing,157
2013,Broj,RUDO,Oba spola,hearing,169
2013,Broj,RUDO,M,hearing,83
2013,Broj,RUDO,Ž,hearing,86
2013,Broj,SOKOLAC,Oba spola,hearing,257
2013,Broj,SOKOLAC,M,hearing,121
2013,Broj,SOKOLAC,Ž,hearing,136
2013,Broj,SRBAC,Oba spola,hearing,423
2013,Broj,SRBAC,M,hearing,212
2013,Broj,SRBAC,Ž,hearing,211
2013,Broj,SREBRENICA,Oba spola,hearing,229
2013,Broj,SREBRENICA,M,hearing,109
2013,Broj,SREBRENICA,Ž,hearing,120
2013,Broj,TESLIC,Oba spola,hearing,881
2013,Broj,TESLIC,M,hearing,435
2013,Broj,TESLIC,Ž,hearing,446
2013,Broj,TREBINJE,Oba spola,hearing,461
2013,Broj,TREBINJE,M,hearing,227
2013,Broj,TREBINJE,Ž,hearing,234
2013,Broj,TRNOVO,Oba spola,hearing,46
2013,Broj,TRNOVO,M,hearing,22
2013,Broj,TRNOVO,Ž,hearing,24
2013,Broj,UGLJEVIK,Oba spola,hearing,257
2013,Broj,UGLJEVIK,M,hearing,117
2013,Broj,UGLJEVIK,Ž,hearing,140
2013,Broj,FOCA,Oba spola,hearing,430
2013,Broj,FOCA,M,hearing,216
2013,Broj,FOCA,Ž,hearing,214
2013,Broj,HAN PIJESAK,Oba spola,hearing,68
2013,Broj,HAN PIJESAK,M,hearing,28
2013,Broj,HAN PIJESAK,Ž,hearing,40
2013,Broj,CAJNICE,Oba spola,hearing,135
2013,Broj,CAJNICE,M,hearing,66
2013,Broj,CAJNICE,Ž,hearing,69
2013,Broj,CELINAC,Oba spola,hearing,457
2013,Broj,CELINAC,M,hearing,233
2013,Broj,CELINAC,Ž,hearing,224
2013,Broj,SAMAC,Oba spola,hearing,419
2013,Broj,SAMAC,M,hearing,217
2013,Broj,SAMAC,Ž,hearing,202
2013,Broj,SEKOVICI,Oba spola,hearing,193
2013,Broj,SEKOVICI,M,hearing,96
2013,Broj,SEKOVICI,Ž,hearing,97
2013,Broj,SIPOVO,Oba spola,hearing,219
2013,Broj,SIPOVO,M,hearing,104
2013,Broj,SIPOVO,Ž,hearing,115
2013,Broj,REPUBLIKA SRPSKA,Oba spola,walking,63381
2013,Broj,REPUBLIKA SRPSKA,M,walking,26903
2013,Broj,REPUBLIKA SRPSKA,Ž,walking,36478
2013,Broj,BANJA LUKA,Oba spola,walking,8456
2013,Broj,BANJA LUKA,M,walking,3667
2013,Broj,BANJA LUKA,Ž,walking,4789
2013,Broj,BERKOVICI,Oba spola,walking,109
2013,Broj,BERKOVICI,M,walking,45
2013,Broj,BERKOVICI,Ž,walking,64
2013,Broj,BIJELJINA,Oba spola,walking,5530
2013,Broj,BIJELJINA,M,walking,2356
2013,Broj,BIJELJINA,Ž,walking,3174
2013,Broj,BILECA,Oba spola,walking,533
2013,Broj,BILECA,M,walking,193
2013,Broj,BILECA,Ž,walking,340
2013,Broj,BRATUNAC,Oba spola,walking,835
2013,Broj,BRATUNAC,M,walking,372
2013,Broj,BRATUNAC,Ž,walking,463
2013,Broj,BROD,Oba spola,walking,892
2013,Broj,BROD,M,walking,392
2013,Broj,BROD,Ž,walking,500
2013,Broj,VISEGRAD,Oba spola,walking,598
2013,Broj,VISEGRAD,M,walking,227
2013,Broj,VISEGRAD,Ž,walking,371
2013,Broj,VLASENICA,Oba spola,walking,440
2013,Broj,VLASENICA,M,walking,211
2013,Broj,VLASENICA,Ž,walking,229
2013,Broj,VUKOSAVLJE,Oba spola,walking,286
2013,Broj,VUKOSAVLJE,M,walking,130
2013,Broj,VUKOSAVLJE,Ž,walking,156
2013,Broj,GACKO,Oba spola,walking,385
2013,Broj,GACKO,M,walking,152
2013,Broj,GACKO,Ž,walking,233
2013,Broj,GRADISKA,Oba spola,walking,2675
2013,Broj,GRADISKA,M,walking,1074
2013,Broj,GRADISKA,Ž,walking,1601
2013,Broj,DERVENTA,Oba spola,walking,1590
2013,Broj,DERVENTA,M,walking,695
2013,Broj,DERVENTA,Ž,walking,895
2013,Broj,DOBOJ,Oba spola,walking,4793
2013,Broj,DOBOJ,M,walking,1953
2013,Broj,DOBOJ,Ž,walking,2840
2013,Broj,DONJI ZABAR,Oba spola,walking,182
2013,Broj,DONJI ZABAR,M,walking,76
2013,Broj,DONJI ZABAR,Ž,walking,106
2013,Broj,ZVORNIK,Oba spola,walking,2535
2013,Broj,ZVORNIK,M,walking,1092
2013,Broj,ZVORNIK,Ž,walking,1443
2013,Broj,ISTOCNA ILIDZA,Oba spola,walking,644
2013,Broj,ISTOCNA ILIDZA,M,walking,267
2013,Broj,ISTOCNA ILIDZA,Ž,walking,377
2013,Broj,ISTOCNI DRVAR,Oba spola,walking,7
2013,Broj,ISTOCNI DRVAR,M,walking,4
2013,Broj,ISTOCNI DRVAR,Ž,walking,3
2013,Broj,ISTOCNI MOSTAR,Oba spola,walking,8
2013,Broj,ISTOCNI MOSTAR,M,walking,2
2013,Broj,ISTOCNI MOSTAR,Ž,walking,6
2013,Broj,ISTOCNI STARI GRAD,Oba spola,walking,53
2013,Broj,ISTOCNI STARI GRAD,M,walking,22
2013,Broj,ISTOCNI STARI GRAD,Ž,walking,31
2013,Broj,ISTOCNO NOVO SARAJEVO,Oba spola,walking,380
2013,Broj,ISTOCNO NOVO SARAJEVO,M,walking,163
2013,Broj,ISTOCNO NOVO SARAJEVO,Ž,walking,217
2013,Broj,JEZERO,Oba spola,walking,60
2013,Broj,JEZERO,M,walking,29
2013,Broj,JEZERO,Ž,walking,31
2013,Broj,KALINOVIK,Oba spola,walking,132
2013,Broj,KALINOVIK,M,walking,54
2013,Broj,KALINOVIK,Ž,walking,78
2013,Broj,KNEZEVO,Oba spola,walking,568
2013,Broj,KNEZEVO,M,walking,255
2013,Broj,KNEZEVO,Ž,walking,313
2013,Broj,KOZARSKA DUBICA,Oba spola,walking,1369
2013,Broj,KOZARSKA DUBICA,M,walking,549
2013,Broj,KOZARSKA DUBICA,Ž,walking,820
2013,Broj,KOSTAJNICA,Oba spola,walking,312
2013,Broj,KOSTAJNICA,M,walking,133
2013,Broj,KOSTAJNICA,Ž,walking,179
2013,Broj,KOTOR VAROS,Oba spola,walking,1074
2013,Broj,KOTOR VAROS,M,walking,475
2013,Broj,KOTOR VAROS,Ž,walking,599
2013,Broj,KRUPA NA UNI,Oba spola,walking,112
2013,Broj,KRUPA NA UNI,M,walking,43
2013,Broj,KRUPA NA UNI,Ž,walking,69
2013,Broj,KUPRES,Oba spola,walking,33
2013,Broj,KUPRES,M,walking,18
2013,Broj,KUPRES,Ž,walking,15
2013,Broj,LAKTASI,Oba spola,walking,1426
2013,Broj,LAKTASI,M,walking,650
2013,Broj,LAKTASI,Ž,walking,776
2013,Broj,LOPARE,Oba spola,walking,984
2013,Broj,LOPARE,M,walking,447
2013,Broj,LOPARE,Ž,walking,537
2013,Broj,LJUBINJE,Oba spola,walking,119
2013,Broj,LJUBINJE,M,walking,48
2013,Broj,LJUBINJE,Ž,walking,71
2013,Broj,MILICI,Oba spola,walking,508
2013,Broj,MILICI,M,walking,224
2013,Broj,MILICI,Ž,walking,284
2013,Broj,MODRICA,Oba spola,walking,1527
2013,Broj,MODRICA,M,walking,635
2013,Broj,MODRICA,Ž,walking,892
2013,Broj,MRKONJIC GRAD,Oba spola,walking,798
2013,Broj,MRKONJIC GRAD,M,walking,355
2013,Broj,MRKONJIC GRAD,Ž,walking,443
2013,Broj,NEVESINJE,Oba spola,walking,551
2013,Broj,NEVESINJE,M,walking,209
2013,Broj,NEVESINJE,Ž,walking,342
2013,Broj,NOVI GRAD,Oba spola,walking,1711
2013,Broj,NOVI GRAD,M,walking,700
2013,Broj,NOVI GRAD,Ž,walking,1011
2013,Broj,NOVO GORAZDE,Oba spola,walking,135
2013,Broj,NOVO GORAZDE,M,walking,61
2013,Broj,NOVO GORAZDE,Ž,walking,74
2013,Broj,OSMACI,Oba spola,walking,288
2013,Broj,OSMACI,M,walking,125
2013,Broj,OSMACI,Ž,walking,163
2013,Broj,OSTRA LUKA,Oba spola,walking,224
2013,Broj,OSTRA LUKA,M,walking,99
2013,Broj,OSTRA LUKA,Ž,walking,125
2013,Broj,PALE,Oba spola,walking,822
2013,Broj,PALE,M,walking,366
2013,Broj,PALE,Ž,walking,456
2013,Broj,PELAGICEVO,Oba spola,walking,445
2013,Broj,PELAGICEVO,M,walking,165
2013,Broj,PELAGICEVO,Ž,walking,280
2013,Broj,PETROVAC,Oba spola,walking,8
2013,Broj,PETROVAC,M,walking,5
2013,Broj,PETROVAC,Ž,walking,3
2013,Broj,PETROVO,Oba spola,walking,602
2013,Broj,PETROVO,M,walking,231
2013,Broj,PETROVO,Ž,walking,371
2013,Broj,PRIJEDOR,Oba spola,walking,4451
2013,Broj,PRIJEDOR,M,walking,1891
2013,Broj,PRIJEDOR,Ž,walking,2560
2013,Broj,PRNJAVOR,Oba spola,walking,2094
2013,Broj,PRNJAVOR,M,walking,860
2013,Broj,PRNJAVOR,Ž,walking,1234
2013,Broj,RIBNIK,Oba spola,walking,438
2013,Broj,RIBNIK,M,walking,182
2013,Broj,RIBNIK,Ž,walking,256
2013,Broj,ROGATICA,Oba spola,walking,640
2013,Broj,ROGATICA,M,walking,264
2013,Broj,ROGATICA,Ž,walking,376
2013,Broj,RUDO,Oba spola,walking,399
2013,Broj,RUDO,M,walking,165
2013,Broj,RUDO,Ž,walking,234
2013,Broj,SOKOLAC,Oba spola,walking,600
2013,Broj,SOKOLAC,M,walking,248
2013,Broj,SOKOLAC,Ž,walking,352
2013,Broj,SRBAC,Oba spola,walking,910
2013,Broj,SRBAC,M,walking,412
2013,Broj,SRBAC,Ž,walking,498
2013,Broj,SREBRENICA,Oba spola,walking,621
2013,Broj,SREBRENICA,M,walking,256
2013,Broj,SREBRENICA,Ž,walking,365
2013,Broj,TESLIC,Oba spola,walking,2201
2013,Broj,TESLIC,M,walking,973
2013,Broj,TESLIC,Ž,walking,1228
2013,Broj,TREBINJE,Oba spola,walking,1198
2013,Broj,TREBINJE,M,walking,489
2013,Broj,TREBINJE,Ž,walking,709
2013,Broj,TRNOVO,Oba spola,walking,104
2013,Broj,TRNOVO,M,walking,41
2013,Broj,TRNOVO,Ž,walking,63
2013,Broj,UGLJEVIK,Oba spola,walking,734
2013,Broj,UGLJEVIK,M,walking,312
2013,Broj,UGLJEVIK,Ž,walking,422
2013,Broj,FOCA,Oba spola,walking,945
2013,Broj,FOCA,M,walking,438
2013,Broj,FOCA,Ž,walking,507
2013,Broj,HAN PIJESAK,Oba spola,walking,187
2013,Broj,HAN PIJESAK,M,walking,65
2013,Broj,HAN PIJESAK,Ž,walking,122
2013,Broj,CAJNICE,Oba spola,walking,262
2013,Broj,CAJNICE,M,walking,108
2013,Broj,CAJNICE,Ž,walking,154
2013,Broj,CELINAC,Oba spola,walking,1038
2013,Broj,CELINAC,M,walking,469
2013,Broj,CELINAC,Ž,walking,569
2013,Broj,SAMAC,Oba spola,walking,1041
2013,Broj,SAMAC,M,walking,413
2013,Broj,SAMAC,Ž,walking,628
2013,Broj,SEKOVICI,Oba spola,walking,283
2013,Broj,SEKOVICI,M,walking,125
2013,Broj,SEKOVICI,Ž,walking,158
2013,Broj,SIPOVO,Oba spola,walking,496
2013,Broj,SIPOVO,M,walking,223
2013,Broj,SIPOVO,Ž,walking,273
2013,Broj,REPUBLIKA SRPSKA,Oba spola,memory,18330
2013,Broj,REPUBLIKA SRPSKA,M,memory,8168
2013,Broj,REPUBLIKA SRPSKA,Ž,memory,10162
2013,Broj,BANJA LUKA,Oba spola,memory,2300
2013,Broj,BANJA LUKA,M,memory,1087
2013,Broj,BANJA LUKA,Ž,memory,1213
2013,Broj,BERKOVICI,Oba spola,memory,35
2013,Broj,BERKOVICI,M,memory,13
2013,Broj,BERKOVICI,Ž,memory,22
2013,Broj,BIJELJINA,Oba spola,memory,1415
2013,Broj,BIJELJINA,M,memory,630
2013,Broj,BIJELJINA,Ž,memory,785
2013,Broj,BILECA,Oba spola,memory,126
2013,Broj,BILECA,M,memory,61
2013,Broj,BILECA,Ž,memory,65
2013,Broj,BRATUNAC,Oba spola,memory,290
2013,Broj,BRATUNAC,M,memory,116
2013,Broj,BRATUNAC,Ž,memory,174
2013,Broj,BROD,Oba spola,memory,239
2013,Broj,BROD,M,memory,104
2013,Broj,BROD,Ž,memory,135
2013,Broj,VISEGRAD,Oba spola,memory,309
2013,Broj,VISEGRAD,M,memory,75
2013,Broj,VISEGRAD,Ž,memory,234
2013,Broj,VLASENICA,Oba spola,memory,137
2013,Broj,VLASENICA,M,memory,60
2013,Broj,VLASENICA,Ž,memory,77
2013,Broj,VUKOSAVLJE,Oba spola,memory,74
2013,Broj,VUKOSAVLJE,M,memory,37
2013,Broj,VUKOSAVLJE,Ž,memory,37
2013,Broj,GACKO,Oba spola,memory,90
2013,Broj,GACKO,M,memory,42
2013,Broj,GACKO,Ž,memory,48
2013,Broj,GRADISKA,Oba spola,memory,831
2013,Broj,GRADISKA,M,memory,338
2013,Broj,GRADISKA,Ž,memory,493
2013,Broj,DERVENTA,Oba spola,memory,455
2013,Broj,DERVENTA,M,memory,195
2013,Broj,DERVENTA,Ž,memory,260
2013,Broj,DOBOJ,Oba spola,memory,1369
2013,Broj,DOBOJ,M,memory,596
2013,Broj,DOBOJ,Ž,memory,773
2013,Broj,DONJI ZABAR,Oba spola,memory,40
2013,Broj,DONJI ZABAR,M,memory,19
2013,Broj,DONJI ZABAR,Ž,memory,21
2013,Broj,ZVORNIK,Oba spola,memory,762
2013,Broj,ZVORNIK,M,memory,330
2013,Broj,ZVORNIK,Ž,memory,432
2013,Broj,ISTOCNA ILIDZA,Oba spola,memory,149
2013,Broj,ISTOCNA ILIDZA,M,memory,64
2013,Broj,ISTOCNA ILIDZA,Ž,memory,85
2013,Broj,ISTOCNI DRVAR,Oba spola,memory,1
2013,Broj,ISTOCNI DRVAR,M,memory,0
2013,Broj,ISTOCNI DRVAR,Ž,memory,1
2013,Broj,ISTOCNI MOSTAR,Oba spola,memory,3
2013,Broj,ISTOCNI MOSTAR,M,memory,2
2013,Broj,ISTOCNI MOSTAR,Ž,memory,1
2013,Broj,ISTOCNI STARI GRAD,Oba spola,memory,20
2013,Broj,ISTOCNI STARI GRAD,M,memory,9
2013,Broj,ISTOCNI STARI GRAD,Ž,memory,11
2013,Broj,ISTOCNO NOVO SARAJEVO,Oba spola,memory,104
2013,Broj,ISTOCNO NOVO SARAJEVO,M,memory,49
2013,Broj,ISTOCNO NOVO SARAJEVO,Ž,memory,55
2013,Broj,JEZERO,Oba spola,memory,27
2013,Broj,JEZERO,M,memory,15
2013,Broj,JEZERO,Ž,memory,12
2013,Broj,KALINOVIK,Oba spola,memory,27
2013,Broj,KALINOVIK,M,memory,10
2013,Broj,KALINOVIK,Ž,memory,17
2013,Broj,KNEZEVO,Oba spola,memory,238
2013,Broj,KNEZEVO,M,memory,113
2013,Broj,KNEZEVO,Ž,memory,125
2013,Broj,KOZARSKA DUBICA,Oba spola,memory,331
2013,Broj,KOZARSKA DUBICA,M,memory,154
2013,Broj,KOZARSKA DUBICA,Ž,memory,177
2013,Broj,KOSTAJNICA,Oba spola,memory,98
2013,Broj,KOSTAJNICA,M,memory,41
2013,Broj,KOSTAJNICA,Ž,memory,57
2013,Broj,KOTOR VAROS,Oba spola,memory,339
2013,Broj,KOTOR VAROS,M,memory,154
2013,Broj,KOTOR VAROS,Ž,memory,185
2013,Broj,KRUPA NA UNI,Oba spola,memory,40
2013,Broj,KRUPA NA UNI,M,memory,19
2013,Broj,KRUPA NA UNI,Ž,memory,21
2013,Broj,KUPRES,Oba spola,memory,13
2013,Broj,KUPRES,M,memory,9
2013,Broj,KUPRES,Ž,memory,4
2013,Broj,LAKTASI,Oba spola,memory,410
2013,Broj,LAKTASI,M,memory,204
2013,Broj,LAKTASI,Ž,memory,206
2013,Broj,LOPARE,Oba spola,memory,281
2013,Broj,LOPARE,M,memory,140
2013,Broj,LOPARE,Ž,memory,141
2013,Broj,LJUBINJE,Oba spola,memory,44
2013,Broj,LJUBINJE,M,memory,17
2013,Broj,LJUBINJE,Ž,memory,27
2013,Broj,MILICI,Oba spola,memory,158
2013,Broj,MILICI,M,memory,64
2013,Broj,MILICI,Ž,memory,94
2013,Broj,MODRICA,Oba spola,memory,478
2013,Broj,MODRICA,M,memory,194
2013,Broj,MODRICA,Ž,memory,284
2013,Broj,MRKONJIC GRAD,Oba spola,memory,228
2013,Broj,MRKONJIC GRAD,M,memory,98
2013,Broj,MRKONJIC GRAD,Ž,memory,130
2013,Broj,NEVESINJE,Oba spola,memory,144
2013,Broj,NEVESINJE,M,memory,55
2013,Broj,NEVESINJE,Ž,memory,89
2013,Broj,NOVI GRAD,Oba spola,memory,475
2013,Broj,NOVI GRAD,M,memory,223
2013,Broj,NOVI GRAD,Ž,memory,252
2013,Broj,NOVO GORAZDE,Oba spola,memory,36
2013,Broj,NOVO GORAZDE,M,memory,13
2013,Broj,NOVO GORAZDE,Ž,memory,23
2013,Broj,OSMACI,Oba spola,memory,95
2013,Broj,OSMACI,M,memory,43
2013,Broj,OSMACI,Ž,memory,52
2013,Broj,OSTRA LUKA,Oba spola,memory,60
2013,Broj,OSTRA LUKA,M,memory,30
2013,Broj,OSTRA LUKA,Ž,memory,30
2013,Broj,PALE,Oba spola,memory,212
2013,Broj,PALE,M,memory,91
2013,Broj,PALE,Ž,memory,121
2013,Broj,PELAGICEVO,Oba spola,memory,133
2013,Broj,PELAGICEVO,M,memory,65
2013,Broj,PELAGICEVO,Ž,memory,68
2013,Broj,PETROVAC,Oba spola,memory,3
2013,Broj,PETROVAC,M,memory,1
2013,Broj,PETROVAC,Ž,memory,2
2013,Broj,PETROVO,Oba spola,memory,150
2013,Broj,PETROVO,M,memory,62
2013,Broj,PETROVO,Ž,memory,88
2013,Broj,PRIJEDOR,Oba spola,memory,1532
2013,Broj,PRIJEDOR,M,memory,766
2013,Broj,PRIJEDOR,Ž,memory,766
2013,Broj,PRNJAVOR,Oba spola,memory,567
2013,Broj,PRNJAVOR,M,memory,240
2013,Broj,PRNJAVOR,Ž,memory,327
2013,Broj,RIBNIK,Oba spola,memory,123
2013,Broj,RIBNIK,M,memory,56
2013,Broj,RIBNIK,Ž,memory,67
2013,Broj,ROGATICA,Oba spola,memory,169
2013,Broj,ROGATICA,M,memory,72
2013,Broj,ROGATICA,Ž,memory,97
2013,Broj,RUDO,Oba spola,memory,123
2013,Broj,RUDO,M,memory,53
2013,Broj,RUDO,Ž,memory,70
2013,Broj,SOKOLAC,Oba spola,memory,164
2013,Broj,SOKOLAC,M,memory,64
2013,Broj,SOKOLAC,Ž,memory,100
2013,Broj,SRBAC,Oba spola,memory,316
2013,Broj,SRBAC,M,memory,148
2013,Broj,SRBAC,Ž,memory,168
2013,Broj,SREBRENICA,Oba spola,memory,218
2013,Broj,SREBRENICA,M,memory,82
2013,Broj,SREBRENICA,Ž,memory,136
2013,Broj,TESLIC,Oba spola,memory,644
2013,Broj,TESLIC,M,memory,272
2013,Broj,TESLIC,Ž,memory,372
2013,Broj,TREBINJE,Oba spola,memory,313
2013,Broj,TREBINJE,M,memory,143
2013,Broj,TREBINJE,Ž,memory,170
2013,Broj,TRNOVO,Oba spola,memory,39
2013,Broj,TRNOVO,M,memory,22
2013,Broj,TRNOVO,Ž,memory,17
2013,Broj,UGLJEVIK,Oba spola,memory,191
2013,Broj,UGLJEVIK,M,memory,78
2013,Broj,UGLJEVIK,Ž,memory,113
2013,Broj,FOCA,Oba spola,memory,265
2013,Broj,FOCA,M,memory,126
2013,Broj,FOCA,Ž,memory,139
2013,Broj,HAN PIJESAK,Oba spola,memory,49
2013,Broj,HAN PIJESAK,M,memory,15
2013,Broj,HAN PIJESAK,Ž,memory,34
2013,Broj,CAJNICE,Oba spola,memory,67
2013,Broj,CAJNICE,M,memory,30
2013,Broj,CAJNICE,Ž,memory,37
2013,Broj,CELINAC,Oba spola,memory,298
2013,Broj,CELINAC,M,memory,150
2013,Broj,CELINAC,Ž,memory,148
2013,Broj,SAMAC,Oba spola,memory,252
2013,Broj,SAMAC,M,memory,110
2013,Broj,SAMAC,Ž,memory,142
2013,Broj,SEKOVICI,Oba spola,memory,94
2013,Broj,SEKOVICI,M,memory,38
2013,Broj,SEKOVICI,Ž,memory,56
2013,Broj,SIPOVO,Oba spola,memory,137
2013,Broj,SIPOVO,M,memory,61
2013,Broj,SIPOVO,Ž,memory,76
2013,Broj,REPUBLIKA SRPSKA,Oba spola,dressing,13502
2013,Broj,REPUBLIKA SRPSKA,M,dressing,5773
2013,Broj,REPUBLIKA SRPSKA,Ž,dressing,7729
2013,Broj,BANJA LUKA,Oba spola,dressing,1717
2013,Broj,BANJA LUKA,M,dressing,774
2013,Broj,BANJA LUKA,Ž,dressing,943
2013,Broj,BERKOVICI,Oba spola,dressing,29
2013,Broj,BERKOVICI,M,dressing,11
2013,Broj,BERKOVICI,Ž,dressing,18
2013,Broj,BIJELJINA,Oba spola,dressing,1050
2013,Broj,BIJELJINA,M,dressing,468
2013,Broj,BIJELJINA,Ž,dressing,582
2013,Broj,BILECA,Oba spola,dressing,107
2013,Broj,BILECA,M,dressing,44
2013,Broj,BILECA,Ž,dressing,63
2013,Broj,BRATUNAC,Oba spola,dressing,172
2013,Broj,BRATUNAC,M,dressing,76
2013,Broj,BRATUNAC,Ž,dressing,96
2013,Broj,BROD,Oba spola,dressing,143
2013,Broj,BROD,M,dressing,55
2013,Broj,BROD,Ž,dressing,88
2013,Broj,VISEGRAD,Oba spola,dressing,232
2013,Broj,VISEGRAD,M,dressing,60
2013,Broj,VISEGRAD,Ž,dressing,172
2013,Broj,VLASENICA,Oba spola,dressing,104
2013,Broj,VLASENICA,M,dressing,49
2013,Broj,VLASENICA,Ž,dressing,55
2013,Broj,VUKOSAVLJE,Oba spola,dressing,53
2013,Broj,VUKOSAVLJE,M,dressing,30
2013,Broj,VUKOSAVLJE,Ž,dressing,23
2013,Broj,GACKO,Oba spola,dressing,74
2013,Broj,GACKO,M,dressing,25
2013,Broj,GACKO,Ž,dressing,49
2013,Broj,GRADISKA,Oba spola,dressing,617
2013,Broj,GRADISKA,M,dressing,252
2013,Broj,GRADISKA,Ž,dressing,365
2013,Broj,DERVENTA,Oba spola,dressing,298
2013,Broj,DERVENTA,M,dressing,114
2013,Broj,DERVENTA,Ž,dressing,184
2013,Broj,DOBOJ,Oba spola,dressing,1011
2013,Broj,DOBOJ,M,dressing,408
2013,Broj,DOBOJ,Ž,dressing,603
2013,Broj,DONJI ZABAR,Oba spola,dressing,31
2013,Broj,DONJI ZABAR,M,dressing,11
2013,Broj,DONJI ZABAR,Ž,dressing,20
2013,Broj,ZVORNIK,Oba spola,dressing,518
2013,Broj,ZVORNIK,M,dressing,239
2013,Broj,ZVORNIK,Ž,dressing,279
2013,Broj,ISTOCNA ILIDZA,Oba spola,dressing,175
2013,Broj,ISTOCNA ILIDZA,M,dressing,83
2013,Broj,ISTOCNA ILIDZA,Ž,dressing,92
2013,Broj,ISTOCNI DRVAR,Oba spola,dressing,0
2013,Broj,ISTOCNI DRVAR,M,dressing,0
2013,Broj,ISTOCNI DRVAR,Ž,dressing,0
2013,Broj,ISTOCNI MOSTAR,Oba spola,dressing,2
2013,Broj,ISTOCNI MOSTAR,M,dressing,1
2013,Broj,ISTOCNI MOSTAR,Ž,dressing,1
2013,Broj,ISTOCNI STARI GRAD,Oba spola,dressing,15
2013,Broj,ISTOCNI STARI GRAD,M,dressing,6
2013,Broj,ISTOCNI STARI GRAD,Ž,dressing,9
2013,Broj,ISTOCNO NOVO SARAJEVO,Oba spola,dressing,77
2013,Broj,ISTOCNO NOVO SARAJEVO,M,dressing,34
2013,Broj,ISTOCNO NOVO SARAJEVO,Ž,dressing,43
2013,Broj,JEZERO,Oba spola,dressing,18
2013,Broj,JEZERO,M,dressing,9
2013,Broj,JEZERO,Ž,dressing,9
2013,Broj,KALINOVIK,Oba spola,dressing,26
2013,Broj,KALINOVIK,M,dressing,8
2013,Broj,KALINOVIK,Ž,dressing,18
2013,Broj,KNEZEVO,Oba spola,dressing,171
2013,Broj,KNEZEVO,M,dressing,70
2013,Broj,KNEZEVO,Ž,dressing,101
2013,Broj,KOZARSKA DUBICA,Oba spola,dressing,243
2013,Broj,KOZARSKA DUBICA,M,dressing,108
2013,Broj,KOZARSKA DUBICA,Ž,dressing,135
2013,Broj,KOSTAJNICA,Oba spola,dressing,69
2013,Broj,KOSTAJNICA,M,dressing,24
2013,Broj,KOSTAJNICA,Ž,dressing,45
2013,Broj,KOTOR VAROS,Oba spola,dressing,228
2013,Broj,KOTOR VAROS,M,dressing,100
2013,Broj,KOTOR VAROS,Ž,dressing,128
2013,Broj,KRUPA NA UNI,Oba spola,dressing,19
2013,Broj,KRUPA NA UNI,M,dressing,5
2013,Broj,KRUPA NA UNI,Ž,dressing,14
2013,Broj,KUPRES,Oba spola,dressing,6
2013,Broj,KUPRES,M,dressing,3
2013,Broj,KUPRES,Ž,dressing,3
2013,Broj,LAKTASI,Oba spola,dressing,324
2013,Broj,LAKTASI,M,dressing,162
2013,Broj,LAKTASI,Ž,dressing,162
2013,Broj,LOPARE,Oba spola,dressing,190
2013,Broj,LOPARE,M,dressing,85
2013,Broj,LOPARE,Ž,dressing,105
2013,Broj,LJUBINJE,Oba spola,dressing,44
2013,Broj,LJUBINJE,M,dressing,18
2013,Broj,LJUBINJE,Ž,dressing,26
2013,Broj,MILICI,Oba spola,dressing,107
2013,Broj,MILICI,M,dressing,42
2013,Broj,MILICI,Ž,dressing,65
2013,Broj,MODRICA,Oba spola,dressing,383
2013,Broj,MODRICA,M,dressing,152
2013,Broj,MODRICA,Ž,dressing,231
2013,Broj,MRKONJIC GRAD,Oba spola,dressing,203
2013,Broj,MRKONJIC GRAD,M,dressing,83
2013,Broj,MRKONJIC GRAD,Ž,dressing,120
2013,Broj,NEVESINJE,Oba spola,dressing,104
2013,Broj,NEVESINJE,M,dressing,38
2013,Broj,NEVESINJE,Ž,dressing,66
2013,Broj,NOVI GRAD,Oba spola,dressing,373
2013,Broj,NOVI GRAD,M,dressing,156
2013,Broj,NOVI GRAD,Ž,dressing,217
2013,Broj,NOVO GORAZDE,Oba spola,dressing,20
2013,Broj,NOVO GORAZDE,M,dressing,7
2013,Broj,NOVO GORAZDE,Ž,dressing,13
2013,Broj,OSMACI,Oba spola,dressing,43
2013,Broj,OSMACI,M,dressing,16
2013,Broj,OSMACI,Ž,dressing,27
2013,Broj,OSTRA LUKA,Oba spola,dressing,39
2013,Broj,OSTRA LUKA,M,dressing,17
2013,Broj,OSTRA LUKA,Ž,dressing,22
2013,Broj,PALE,Oba spola,dressing,174
2013,Broj,PALE,M,dressing,80
2013,Broj,PALE,Ž,dressing,94
2013,Broj,PELAGICEVO,Oba spola,dressing,71
2013,Broj,PELAGICEVO,M,dressing,33
2013,Broj,PELAGICEVO,Ž,dressing,38
2013,Broj,PETROVAC,Oba spola,dressing,4
2013,Broj,PETROVAC,M,dressing,1
2013,Broj,PETROVAC,Ž,dressing,3
2013,Broj,PETROVO,Oba spola,dressing,106
2013,Broj,PETROVO,M,dressing,40
2013,Broj,PETROVO,Ž,dressing,66
2013,Broj,PRIJEDOR,Oba spola,dressing,1081
2013,Broj,PRIJEDOR,M,dressing,517
2013,Broj,PRIJEDOR,Ž,dressing,564
2013,Broj,PRNJAVOR,Oba spola,dressing,418
2013,Broj,PRNJAVOR,M,dressing,182
2013,Broj,PRNJAVOR,Ž,dressing,236
2013,Broj,RIBNIK,Oba spola,dressing,111
2013,Broj,RIBNIK,M,dressing,50
2013,Broj,RIBNIK,Ž,dressing,61
2013,Broj,ROGATICA,Oba spola,dressing,153
2013,Broj,ROGATICA,M,dressing,59
2013,Broj,ROGATICA,Ž,dressing,94
2013,Broj,RUDO,Oba spola,dressing,85
2013,Broj,RUDO,M,dressing,40
2013,Broj,RUDO,Ž,dressing,45
2013,Broj,SOKOLAC,Oba spola,dressing,143
2013,Broj,SOKOLAC,M,dressing,55
2013,Broj,SOKOLAC,Ž,dressing,88
2013,Broj,SRBAC,Oba spola,dressing,174
2013,Broj,SRBAC,M,dressing,78
2013,Broj,SRBAC,Ž,dressing,96
2013,Broj,SREBRENICA,Oba spola,dressing,99
2013,Broj,SREBRENICA,M,dressing,34
2013,Broj,SREBRENICA,Ž,dressing,65
2013,Broj,TESLIC,Oba spola,dressing,499
2013,Broj,TESLIC,M,dressing,209
2013,Broj,TESLIC,Ž,dressing,290
2013,Broj,TREBINJE,Oba spola,dressing,283
2013,Broj,TREBINJE,M,dressing,104
2013,Broj,TREBINJE,Ž,dressing,179
2013,Broj,TRNOVO,Oba spola,dressing,31
2013,Broj,TRNOVO,M,dressing,12
2013,Broj,TRNOVO,Ž,dressing,19
2013,Broj,UGLJEVIK,Oba spola,dressing,151
2013,Broj,UGLJEVIK,M,dressing,63
2013,Broj,UGLJEVIK,Ž,dressing,88
2013,Broj,FOCA,Oba spola,dressing,230
2013,Broj,FOCA,M,dressing,97
2013,Broj,FOCA,Ž,dressing,133
2013,Broj,HAN PIJESAK,Oba spola,dressing,48
2013,Broj,HAN PIJESAK,M,dressing,15
2013,Broj,HAN PIJESAK,Ž,dressing,33
2013,Broj,CAJNICE,Oba spola,dressing,50
2013,Broj,CAJNICE,M,dressing,23
2013,Broj,CAJNICE,Ž,dressing,27
2013,Broj,CELINAC,Oba spola,dressing,210
2013,Broj,CELINAC,M,dressing,96
2013,Broj,CELINAC,Ž,dressing,114
2013,Broj,SAMAC,Oba spola,dressing,159
2013,Broj,SAMAC,M,dressing,67
2013,Broj,SAMAC,Ž,dressing,92
2013,Broj,SEKOVICI,Oba spola,dressing,60
2013,Broj,SEKOVICI,M,dressing,29
2013,Broj,SEKOVICI,Ž,dressing,31
2013,Broj,SIPOVO,Oba spola,dressing,127
2013,Broj,SIPOVO,M,dressing,46
2013,Broj,SIPOVO,Ž,dressing,81
2013,Broj,REPUBLIKA SRPSKA,Oba spola,communication,10723
2013,Broj,REPUBLIKA SRPSKA,M,communication,5103
2013,Broj,REPUBLIKA SRPSKA,Ž,communication,5620
2013,Broj,BANJA LUKA,Oba spola,communication,1307
2013,Broj,BANJA LUKA,M,communication,670
2013,Broj,BANJA LUKA,Ž,communication,637
2013,Broj,BERKOVICI,Oba spola,communication,26
2013,Broj,BERKOVICI,M,communication,11
2013,Broj,BERKOVICI,Ž,communication,15
2013,Broj,BIJELJINA,Oba spola,communication,793
2013,Broj,BIJELJINA,M,communication,398
2013,Broj,BIJELJINA,Ž,communication,395
2013,Broj,BILECA,Oba spola,communication,89
2013,Broj,BILECA,M,communication,44
2013,Broj,BILECA,Ž,communication,45
2013,Broj,BRATUNAC,Oba spola,communication,135
2013,Broj,BRATUNAC,M,communication,56
2013,Broj,BRATUNAC,Ž,communication,79
2013,Broj,BROD,Oba spola,communication,121
2013,Broj,BROD,M,communication,60
2013,Broj,BROD,Ž,communication,61
2013,Broj,VISEGRAD,Oba spola,communication,202
2013,Broj,VISEGRAD,M,communication,55
2013,Broj,VISEGRAD,Ž,communication,147
2013,Broj,VLASENICA,Oba spola,communication,96
2013,Broj,VLASENICA,M,communication,50
2013,Broj,VLASENICA,Ž,communication,46
2013,Broj,VUKOSAVLJE,Oba spola,communication,50
2013,Broj,VUKOSAVLJE,M,communication,26
2013,Broj,VUKOSAVLJE,Ž,communication,24
2013,Broj,GACKO,Oba spola,communication,70
2013,Broj,GACKO,M,communication,30
2013,Broj,GACKO,Ž,communication,40
2013,Broj,GRADISKA,Oba spola,communication,504
2013,Broj,GRADISKA,M,communication,220
2013,Broj,GRADISKA,Ž,communication,284
2013,Broj,DERVENTA,Oba spola,communication,255
2013,Broj,DERVENTA,M,communication,118
2013,Broj,DERVENTA,Ž,communication,137
2013,Broj,DOBOJ,Oba spola,communication,786
2013,Broj,DOBOJ,M,communication,353
2013,Broj,DOBOJ,Ž,communication,433
2013,Broj,DONJI ZABAR,Oba spola,communication,23
2013,Broj,DONJI ZABAR,M,communication,13
2013,Broj,DONJI ZABAR,Ž,communication,10
2013,Broj,ZVORNIK,Oba spola,communication,402
2013,Broj,ZVORNIK,M,communication,184
2013,Broj,ZVORNIK,Ž,communication,218
2013,Broj,ISTOCNA ILIDZA,Oba spola,communication,113
2013,Broj,ISTOCNA ILIDZA,M,communication,54
2013,Broj,ISTOCNA ILIDZA,Ž,communication,59
2013,Broj,ISTOCNI DRVAR,Oba spola,communication,0
2013,Broj,ISTOCNI DRVAR,M,communication,0
2013,Broj,ISTOCNI DRVAR,Ž,communication,0
2013,Broj,ISTOCNI MOSTAR,Oba spola,communication,2
2013,Broj,ISTOCNI MOSTAR,M,communication,1
2013,Broj,ISTOCNI MOSTAR,Ž,communication,1
2013,Broj,ISTOCNI STARI GRAD,Oba spola,communication,14
2013,Broj,ISTOCNI STARI GRAD,M,communication,9
2013,Broj,ISTOCNI STARI GRAD,Ž,communication,5
2013,Broj,ISTOCNO NOVO SARAJEVO,Oba spola,communication,65
2013,Broj,ISTOCNO NOVO SARAJEVO,M,communication,33
2013,Broj,ISTOCNO NOVO SARAJEVO,Ž,communication,32
2013,Broj,JEZERO,Oba spola,communication,14
2013,Broj,JEZERO,M,communication,6
2013,Broj,JEZERO,Ž,communication,8
2013,Broj,KALINOVIK,Oba spola,communication,17
2013,Broj,KALINOVIK,M,communication,8
2013,Broj,KALINOVIK,Ž,communication,9
2013,Broj,KNEZEVO,Oba spola,communication,140
2013,Broj,KNEZEVO,M,communication,59
2013,Broj,KNEZEVO,Ž,communication,81
2013,Broj,KOZARSKA DUBICA,Oba spola,communication,187
2013,Broj,KOZARSKA DUBICA,M,communication,94
2013,Broj,KOZARSKA DUBICA,Ž,communication,93
2013,Broj,KOSTAJNICA,Oba spola,communication,53
2013,Broj,KOSTAJNICA,M,communication,21
2013,Broj,KOSTAJNICA,Ž,communication,32
2013,Broj,KOTOR VAROS,Oba spola,communication,176
2013,Broj,KOTOR VAROS,M,communication,84
2013,Broj,KOTOR VAROS,Ž,communication,92
2013,Broj,KRUPA NA UNI,Oba spola,communication,20
2013,Broj,KRUPA NA UNI,M,communication,8
2013,Broj,KRUPA NA UNI,Ž,communication,12
2013,Broj,KUPRES,Oba spola,communication,6
2013,Broj,KUPRES,M,communication,4
2013,Broj,KUPRES,Ž,communication,2
2013,Broj,LAKTASI,Oba spola,communication,283
2013,Broj,LAKTASI,M,communication,148
2013,Broj,LAKTASI,Ž,communication,135
2013,Broj,LOPARE,Oba spola,communication,168
2013,Broj,LOPARE,M,communication,86
2013,Broj,LOPARE,Ž,communication,82
2013,Broj,LJUBINJE,Oba spola,communication,31
2013,Broj,LJUBINJE,M,communication,14
2013,Broj,LJUBINJE,Ž,communication,17
2013,Broj,MILICI,Oba spola,communication,77
2013,Broj,MILICI,M,communication,27
2013,Broj,MILICI,Ž,communication,50
2013,Broj,MODRICA,Oba spola,communication,309
2013,Broj,MODRICA,M,communication,139
2013,Broj,MODRICA,Ž,communication,170
2013,Broj,MRKONJIC GRAD,Oba spola,communication,176
2013,Broj,MRKONJIC GRAD,M,communication,73
2013,Broj,MRKONJIC GRAD,Ž,communication,103
2013,Broj,NEVESINJE,Oba spola,communication,107
2013,Broj,NEVESINJE,M,communication,43
2013,Broj,NEVESINJE,Ž,communication,64
2013,Broj,NOVI GRAD,Oba spola,communication,277
2013,Broj,NOVI GRAD,M,communication,121
2013,Broj,NOVI GRAD,Ž,communication,156
2013,Broj,NOVO GORAZDE,Oba spola,communication,18
2013,Broj,NOVO GORAZDE,M,communication,5
2013,Broj,NOVO GORAZDE,Ž,communication,13
2013,Broj,OSMACI,Oba spola,communication,40
2013,Broj,OSMACI,M,communication,19
2013,Broj,OSMACI,Ž,communication,21
2013,Broj,OSTRA LUKA,Oba spola,communication,26
2013,Broj,OSTRA LUKA,M,communication,10
2013,Broj,OSTRA LUKA,Ž,communication,16
2013,Broj,PALE,Oba spola,communication,130
2013,Broj,PALE,M,communication,59
2013,Broj,PALE,Ž,communication,71
2013,Broj,PELAGICEVO,Oba spola,communication,68
2013,Broj,PELAGICEVO,M,communication,33
2013,Broj,PELAGICEVO,Ž,communication,35
2013,Broj,PETROVAC,Oba spola,communication,1
2013,Broj,PETROVAC,M,communication,0
2013,Broj,PETROVAC,Ž,communication,1
2013,Broj,PETROVO,Oba spola,communication,64
2013,Broj,PETROVO,M,communication,36
2013,Broj,PETROVO,Ž,communication,28
2013,Broj,PRIJEDOR,Oba spola,communication,927
2013,Broj,PRIJEDOR,M,communication,517
2013,Broj,PRIJEDOR,Ž,communication,410
2013,Broj,PRNJAVOR,Oba spola,communication,320
2013,Broj,PRNJAVOR,M,communication,162
2013,Broj,PRNJAVOR,Ž,communication,158
2013,Broj,RIBNIK,Oba spola,communication,91
2013,Broj,RIBNIK,M,communication,45
2013,Broj,RIBNIK,Ž,communication,46
2013,Broj,ROGATICA,Oba spola,communication,90
2013,Broj,ROGATICA,M,communication,45
2013,Broj,ROGATICA,Ž,communication,45
2013,Broj,RUDO,Oba spola,communication,68
2013,Broj,RUDO,M,communication,29
2013,Broj,RUDO,Ž,communication,39
2013,Broj,SOKOLAC,Oba spola,communication,112
2013,Broj,SOKOLAC,M,communication,43
2013,Broj,SOKOLAC,Ž,communication,69
2013,Broj,SRBAC,Oba spola,communication,171
2013,Broj,SRBAC,M,communication,81
2013,Broj,SRBAC,Ž,communication,90
2013,Broj,SREBRENICA,Oba spola,communication,80
2013,Broj,SREBRENICA,M,communication,33
2013,Broj,SREBRENICA,Ž,communication,47
2013,Broj,TESLIC,Oba spola,communication,387
2013,Broj,TESLIC,M,communication,189
2013,Broj,TESLIC,Ž,communication,198
2013,Broj,TREBINJE,Oba spola,communication,205
2013,Broj,TREBINJE,M,communication,94
2013,Broj,TREBINJE,Ž,communication,111
2013,Broj,TRNOVO,Oba spola,communication,22
2013,Broj,TRNOVO,M,communication,12
2013,Broj,TRNOVO,Ž,communication,10
2013,Broj,UGLJEVIK,Oba spola,communication,93
2013,Broj,UGLJEVIK,M,communication,41
2013,Broj,UGLJEVIK,Ž,communication,52
2013,Broj,FOCA,Oba spola,communication,170
2013,Broj,FOCA,M,communication,81
2013,Broj,FOCA,Ž,communication,89
2013,Broj,HAN PIJESAK,Oba spola,communication,36
2013,Broj,HAN PIJESAK,M,communication,14
2013,Broj,HAN PIJESAK,Ž,communication,22
2013,Broj,CAJNICE,Oba spola,communication,41
2013,Broj,CAJNICE,M,communication,17
2013,Broj,CAJNICE,Ž,communication,24
2013,Broj,CELINAC,Oba spola,communication,163
2013,Broj,CELINAC,M,communication,72
2013,Broj,CELINAC,Ž,communication,91
2013,Broj,SAMAC,Oba spola,communication,146
2013,Broj,SAMAC,M,communication,71
2013,Broj,SAMAC,Ž,communication,75
2013,Broj,SEKOVICI,Oba spola,communication,68
2013,Broj,SEKOVICI,M,communication,33
2013,Broj,SEKOVICI,Ž,communication,35
2013,Broj,SIPOVO,Oba spola,communication,92
2013,Broj,SIPOVO,M,communication,42
2013,Broj,SIPOVO,Ž,communication,50
2013,Broj,REPUBLIKA SRPSKA,Oba spola,more_disabilities,38298
2013,Broj,REPUBLIKA SRPSKA,M,more_disabilities,16292
2013,Broj,REPUBLIKA SRPSKA,Ž,more_disabilities,22006
2013,Broj,BANJA LUKA,Oba spola,more_disabilities,4944
2013,Broj,BANJA LUKA,M,more_disabilities,2158
2013,Broj,BANJA LUKA,Ž,more_disabilities,2786
2013,Broj,BERKOVICI,Oba spola,more_disabilities,73
2013,Broj,BERKOVICI,M,more_disabilities,32
2013,Broj,BERKOVICI,Ž,more_disabilities,41
2013,Broj,BIJELJINA,Oba spola,more_disabilities,3094
2013,Broj,BIJELJINA,M,more_disabilities,1359
2013,Broj,BIJELJINA,Ž,more_disabilities,1735
2013,Broj,BILECA,Oba spola,more_disabilities,350
2013,Broj,BILECA,M,more_disabilities,151
2013,Broj,BILECA,Ž,more_disabilities,199
2013,Broj,BRATUNAC,Oba spola,more_disabilities,566
2013,Broj,BRATUNAC,M,more_disabilities,243
2013,Broj,BRATUNAC,Ž,more_disabilities,323
2013,Broj,BROD,Oba spola,more_disabilities,485
2013,Broj,BROD,M,more_disabilities,194
2013,Broj,BROD,Ž,more_disabilities,291
2013,Broj,VISEGRAD,Oba spola,more_disabilities,477
2013,Broj,VISEGRAD,M,more_disabilities,145
2013,Broj,VISEGRAD,Ž,more_disabilities,332
2013,Broj,VLASENICA,Oba spola,more_disabilities,305
2013,Broj,VLASENICA,M,more_disabilities,130
2013,Broj,VLASENICA,Ž,more_disabilities,175
2013,Broj,VUKOSAVLJE,Oba spola,more_disabilities,158
2013,Broj,VUKOSAVLJE,M,more_disabilities,77
2013,Broj,VUKOSAVLJE,Ž,more_disabilities,81
2013,Broj,GACKO,Oba spola,more_disabilities,219
2013,Broj,GACKO,M,more_disabilities,84
2013,Broj,GACKO,Ž,more_disabilities,135
2013,Broj,GRADISKA,Oba spola,more_disabilities,1641
2013,Broj,GRADISKA,M,more_disabilities,637
2013,Broj,GRADISKA,Ž,more_disabilities,1004
2013,Broj,DERVENTA,Oba spola,more_disabilities,938
2013,Broj,DERVENTA,M,more_disabilities,385
2013,Broj,DERVENTA,Ž,more_disabilities,553
2013,Broj,DOBOJ,Oba spola,more_disabilities,3008
2013,Broj,DOBOJ,M,more_disabilities,1227
2013,Broj,DOBOJ,Ž,more_disabilities,1781
2013,Broj,DONJI ZABAR,Oba spola,more_disabilities,89
2013,Broj,DONJI ZABAR,M,more_disabilities,42
2013,Broj,DONJI ZABAR,Ž,more_disabilities,47
2013,Broj,ZVORNIK,Oba spola,more_disabilities,1546
2013,Broj,ZVORNIK,M,more_disabilities,670
2013,Broj,ZVORNIK,Ž,more_disabilities,876
2013,Broj,ISTOCNA ILIDZA,Oba spola,more_disabilities,394
2013,Broj,ISTOCNA ILIDZA,M,more_disabilities,171
2013,Broj,ISTOCNA ILIDZA,Ž,more_disabilities,223
2013,Broj,ISTOCNI DRVAR,Oba spola,more_disabilities,4
2013,Broj,ISTOCNI DRVAR,M,more_disabilities,1
2013,Broj,ISTOCNI DRVAR,Ž,more_disabilities,3
2013,Broj,ISTOCNI MOSTAR,Oba spola,more_disabilities,7
2013,Broj,ISTOCNI MOSTAR,M,more_disabilities,2
2013,Broj,ISTOCNI MOSTAR,Ž,more_disabilities,5
2013,Broj,ISTOCNI STARI GRAD,Oba spola,more_disabilities,32
2013,Broj,ISTOCNI STARI GRAD,M,more_disabilities,16
2013,Broj,ISTOCNI STARI GRAD,Ž,more_disabilities,16
2013,Broj,ISTOCNO NOVO SARAJEVO,Oba spola,more_disabilities,206
2013,Broj,ISTOCNO NOVO SARAJEVO,M,more_disabilities,87
2013,Broj,ISTOCNO NOVO SARAJEVO,Ž,more_disabilities,119
2013,Broj,JEZERO,Oba spola,more_disabilities,40
2013,Broj,JEZERO,M,more_disabilities,17
2013,Broj,JEZERO,Ž,more_disabilities,23
2013,Broj,KALINOVIK,Oba spola,more_disabilities,80
2013,Broj,KALINOVIK,M,more_disabilities,30
2013,Broj,KALINOVIK,Ž,more_disabilities,50
2013,Broj,KNEZEVO,Oba spola,more_disabilities,399
2013,Broj,KNEZEVO,M,more_disabilities,178
2013,Broj,KNEZEVO,Ž,more_disabilities,221
2013,Broj,KOZARSKA DUBICA,Oba spola,more_disabilities,741
2013,Broj,KOZARSKA DUBICA,M,more_disabilities,302
2013,Broj,KOZARSKA DUBICA,Ž,more_disabilities,439
2013,Broj,KOSTAJNICA,Oba spola,more_disabilities,209
2013,Broj,KOSTAJNICA,M,more_disabilities,93
2013,Broj,KOSTAJNICA,Ž,more_disabilities,116
2013,Broj,KOTOR VAROS,Oba spola,more_disabilities,702
2013,Broj,KOTOR VAROS,M,more_disabilities,310
2013,Broj,KOTOR VAROS,Ž,more_disabilities,392
2013,Broj,KRUPA NA UNI,Oba spola,more_disabilities,88
2013,Broj,KRUPA NA UNI,M,more_disabilities,40
2013,Broj,KRUPA NA UNI,Ž,more_disabilities,48
2013,Broj,KUPRES,Oba spola,more_disabilities,21
2013,Broj,KUPRES,M,more_disabilities,13
2013,Broj,KUPRES,Ž,more_disabilities,8
2013,Broj,LAKTASI,Oba spola,more_disabilities,887
2013,Broj,LAKTASI,M,more_disabilities,413
2013,Broj,LAKTASI,Ž,more_disabilities,474
2013,Broj,LOPARE,Oba spola,more_disabilities,583
2013,Broj,LOPARE,M,more_disabilities,254
2013,Broj,LOPARE,Ž,more_disabilities,329
2013,Broj,LJUBINJE,Oba spola,more_disabilities,81
2013,Broj,LJUBINJE,M,more_disabilities,34
2013,Broj,LJUBINJE,Ž,more_disabilities,47
2013,Broj,MILICI,Oba spola,more_disabilities,314
2013,Broj,MILICI,M,more_disabilities,130
2013,Broj,MILICI,Ž,more_disabilities,184
2013,Broj,MODRICA,Oba spola,more_disabilities,927
2013,Broj,MODRICA,M,more_disabilities,399
2013,Broj,MODRICA,Ž,more_disabilities,528
2013,Broj,MRKONJIC GRAD,Oba spola,more_disabilities,475
2013,Broj,MRKONJIC GRAD,M,more_disabilities,210
2013,Broj,MRKONJIC GRAD,Ž,more_disabilities,265
2013,Broj,NEVESINJE,Oba spola,more_disabilities,327
2013,Broj,NEVESINJE,M,more_disabilities,130
2013,Broj,NEVESINJE,Ž,more_disabilities,197
2013,Broj,NOVI GRAD,Oba spola,more_disabilities,1049
2013,Broj,NOVI GRAD,M,more_disabilities,446
2013,Broj,NOVI GRAD,Ž,more_disabilities,603
2013,Broj,NOVO GORAZDE,Oba spola,more_disabilities,75
2013,Broj,NOVO GORAZDE,M,more_disabilities,28
2013,Broj,NOVO GORAZDE,Ž,more_disabilities,47
2013,Broj,OSMACI,Oba spola,more_disabilities,189
2013,Broj,OSMACI,M,more_disabilities,79
2013,Broj,OSMACI,Ž,more_disabilities,110
2013,Broj,OSTRA LUKA,Oba spola,more_disabilities,132
2013,Broj,OSTRA LUKA,M,more_disabilities,63
2013,Broj,OSTRA LUKA,Ž,more_disabilities,69
2013,Broj,PALE,Oba spola,more_disabilities,446
2013,Broj,PALE,M,more_disabilities,209
2013,Broj,PALE,Ž,more_disabilities,237
2013,Broj,PELAGICEVO,Oba spola,more_disabilities,268
2013,Broj,PELAGICEVO,M,more_disabilities,102
2013,Broj,PELAGICEVO,Ž,more_disabilities,166
2013,Broj,PETROVAC,Oba spola,more_disabilities,7
2013,Broj,PETROVAC,M,more_disabilities,4
2013,Broj,PETROVAC,Ž,more_disabilities,3
2013,Broj,PETROVO,Oba spola,more_disabilities,378
2013,Broj,PETROVO,M,more_disabilities,156
2013,Broj,PETROVO,Ž,more_disabilities,222
2013,Broj,PRIJEDOR,Oba spola,more_disabilities,2789
2013,Broj,PRIJEDOR,M,more_disabilities,1276
2013,Broj,PRIJEDOR,Ž,more_disabilities,1513
2013,Broj,PRNJAVOR,Oba spola,more_disabilities,1199
2013,Broj,PRNJAVOR,M,more_disabilities,465
2013,Broj,PRNJAVOR,Ž,more_disabilities,734
2013,Broj,RIBNIK,Oba spola,more_disabilities,272
2013,Broj,RIBNIK,M,more_disabilities,128
2013,Broj,RIBNIK,Ž,more_disabilities,144
2013,Broj,ROGATICA,Oba spola,more_disabilities,407
2013,Broj,ROGATICA,M,more_disabilities,164
2013,Broj,ROGATICA,Ž,more_disabilities,243
2013,Broj,RUDO,Oba spola,more_disabilities,252
2013,Broj,RUDO,M,more_disabilities,104
2013,Broj,RUDO,Ž,more_disabilities,148
2013,Broj,SOKOLAC,Oba spola,more_disabilities,347
2013,Broj,SOKOLAC,M,more_disabilities,143
2013,Broj,SOKOLAC,Ž,more_disabilities,204
2013,Broj,SRBAC,Oba spola,more_disabilities,576
2013,Broj,SRBAC,M,more_disabilities,257
2013,Broj,SRBAC,Ž,more_disabilities,319
2013,Broj,SREBRENICA,Oba spola,more_disabilities,381
2013,Broj,SREBRENICA,M,more_disabilities,144
2013,Broj,SREBRENICA,Ž,more_disabilities,237
2013,Broj,TESLIC,Oba spola,more_disabilities,1374
2013,Broj,TESLIC,M,more_disabilities,585
2013,Broj,TESLIC,Ž,more_disabilities,789
2013,Broj,TREBINJE,Oba spola,more_disabilities,689
2013,Broj,TREBINJE,M,more_disabilities,280
2013,Broj,TREBINJE,Ž,more_disabilities,409
2013,Broj,TRNOVO,Oba spola,more_disabilities,69
2013,Broj,TRNOVO,M,more_disabilities,31
2013,Broj,TRNOVO,Ž,more_disabilities,38
2013,Broj,UGLJEVIK,Oba spola,more_disabilities,402
2013,Broj,UGLJEVIK,M,more_disabilities,165
2013,Broj,UGLJEVIK,Ž,more_disabilities,237
2013,Broj,FOCA,Oba spola,more_disabilities,581
2013,Broj,FOCA,M,more_disabilities,262
2013,Broj,FOCA,Ž,more_disabilities,319
2013,Broj,HAN PIJESAK,Oba spola,more_disabilities,95
2013,Broj,HAN PIJESAK,M,more_disabilities,30
2013,Broj,HAN PIJESAK,Ž,more_disabilities,65
2013,Broj,CAJNICE,Oba spola,more_disabilities,176
2013,Broj,CAJNICE,M,more_disabilities,77
2013,Broj,CAJNICE,Ž,more_disabilities,99
2013,Broj,CELINAC,Oba spola,more_disabilities,624
2013,Broj,CELINAC,M,more_disabilities,269
2013,Broj,CELINAC,Ž,more_disabilities,355
2013,Broj,SAMAC,Oba spola,more_disabilities,567
2013,Broj,SAMAC,M,more_disabilities,228
2013,Broj,SAMAC,Ž,more_disabilities,339
2013,Broj,SEKOVICI,Oba spola,more_disabilities,222
2013,Broj,SEKOVICI,M,more_disabilities,101
2013,Broj,SEKOVICI,Ž,more_disabilities,121
2013,Broj,SIPOVO,Oba spola,more_disabilities,322
2013,Broj,SIPOVO,M,more_disabilities,132
2013,Broj,SIPOVO,Ž,more_disabilities,190
