Year,UNIT_MEASURE,Administrativna oblast,Spol,Disabilities,Value
2013,Broj,Republika Srpska,Oba spola,Ukupno,1170342
2013,Broj,Republika Srpska,M,Ukupno,571812
2013,Broj,Republika Srpska,Ž,Ukupno,598530
2013,Broj,Grad Banja Luka,Oba spola,Ukupno,180053
2013,Broj,Grad Banja Luka,M,Ukupno,86510
2013,Broj,Grad Banja Luka,Ž,Ukupno,93543
2013,Broj,Berkovići,Oba spola,Ukupno,2041
2013,Broj,Berkovići,M,Ukupno,1032
2013,Broj,Berkovići,Ž,Ukupno,1009
2013,Broj,Grad Bijeljina,Oba spola,Ukupno,103874
2013,Broj,Grad Bijeljina,M,Ukupno,50760
2013,Broj,Grad Bijeljina,Ž,Ukupno,53114
2013,Broj,Bileća,Oba spola,Ukupno,10607
2013,Broj,Bileća,M,Ukupno,5346
2013,Broj,Bileća,Ž,Ukupno,5261
2013,Broj,Bratunac,Oba spola,Ukupno,18651
2013,Broj,Bratunac,M,Ukupno,9210
2013,Broj,Bratunac,Ž,Ukupno,9441
2013,Broj,Brod,Oba spola,Ukupno,15720
2013,Broj,Brod,M,Ukupno,7670
2013,Broj,Brod,Ž,Ukupno,8050
2013,Broj,Višegrad,Oba spola,Ukupno,10118
2013,Broj,Višegrad,M,Ukupno,4834
2013,Broj,Višegrad,Ž,Ukupno,5284
2013,Broj,Vlasenica,Oba spola,Ukupno,10657
2013,Broj,Vlasenica,M,Ukupno,5193
2013,Broj,Vlasenica,Ž,Ukupno,5464
2013,Broj,Vukosavlje,Oba spola,Ukupno,4363
2013,Broj,Vukosavlje,M,Ukupno,2185
2013,Broj,Vukosavlje,Ž,Ukupno,2178
2013,Broj,Gacko,Oba spola,Ukupno,8710
2013,Broj,Gacko,M,Ukupno,4423
2013,Broj,Gacko,Ž,Ukupno,4287
2013,Broj,Grad Gradiška,Oba spola,Ukupno,49196
2013,Broj,Grad Gradiška,M,Ukupno,23944
2013,Broj,Grad Gradiška,Ž,Ukupno,25252
2013,Broj,Grad Derventa,Oba spola,Ukupno,25922
2013,Broj,Grad Derventa,M,Ukupno,12629
2013,Broj,Grad Derventa,Ž,Ukupno,13293
2013,Broj,Grad Doboj,Oba spola,Ukupno,68514
2013,Broj,Grad Doboj,M,Ukupno,33222
2013,Broj,Grad Doboj,Ž,Ukupno,35292
2013,Broj,Donji Žabar,Oba spola,Ukupno,3669
2013,Broj,Donji Žabar,M,Ukupno,1853
2013,Broj,Donji Žabar,Ž,Ukupno,1816
2013,Broj,Grad Zvornik,Oba spola,Ukupno,54407
2013,Broj,Grad Zvornik,M,Ukupno,26803
2013,Broj,Grad Zvornik,Ž,Ukupno,27604
2013,Broj,Istočna Ilidža,Oba spola,Ukupno,14437
2013,Broj,Istočna Ilidža,M,Ukupno,6905
2013,Broj,Istočna Ilidža,Ž,Ukupno,7532
2013,Broj,Istočni Drvar,Oba spola,Ukupno,66
2013,Broj,Istočni Drvar,M,Ukupno,44
2013,Broj,Istočni Drvar,Ž,Ukupno,22
2013,Broj,Istočni Mostar,Oba spola,Ukupno,244
2013,Broj,Istočni Mostar,M,Ukupno,138
2013,Broj,Istočni Mostar,Ž,Ukupno,106
2013,Broj,Istočni Stari Grad,Oba spola,Ukupno,1116
2013,Broj,Istočni Stari Grad,M,Ukupno,552
2013,Broj,Istočni Stari Grad,Ž,Ukupno,564
2013,Broj,Istočno Novo Sarajevo,Oba spola,Ukupno,10401
2013,Broj,Istočno Novo Sarajevo,M,Ukupno,4936
2013,Broj,Istočno Novo Sarajevo,Ž,Ukupno,5465
2013,Broj,Jezero,Oba spola,Ukupno,1039
2013,Broj,Jezero,M,Ukupno,534
2013,Broj,Jezero,Ž,Ukupno,505
2013,Broj,Kalinovik,Oba spola,Ukupno,1962
2013,Broj,Kalinovik,M,Ukupno,950
2013,Broj,Kalinovik,Ž,Ukupno,1012
2013,Broj,Kneževo,Oba spola,Ukupno,9368
2013,Broj,Kneževo,M,Ukupno,4632
2013,Broj,Kneževo,Ž,Ukupno,4736
2013,Broj,Kozarska Dubica,Oba spola,Ukupno,20681
2013,Broj,Kozarska Dubica,M,Ukupno,10094
2013,Broj,Kozarska Dubica,Ž,Ukupno,10587
2013,Broj,Kostajnica,Oba spola,Ukupno,5645
2013,Broj,Kostajnica,M,Ukupno,2780
2013,Broj,Kostajnica,Ž,Ukupno,2865
2013,Broj,Kotor Varoš,Oba spola,Ukupno,18361
2013,Broj,Kotor Varoš,M,Ukupno,9007
2013,Broj,Kotor Varoš,Ž,Ukupno,9354
2013,Broj,Krupa Na Uni,Oba spola,Ukupno,1560
2013,Broj,Krupa Na Uni,M,Ukupno,841
2013,Broj,Krupa Na Uni,Ž,Ukupno,719
2013,Broj,Kupres,Oba spola,Ukupno,293
2013,Broj,Kupres,M,Ukupno,157
2013,Broj,Kupres,Ž,Ukupno,136
2013,Broj,Laktaši,Oba spola,Ukupno,34210
2013,Broj,Laktaši,M,Ukupno,16905
2013,Broj,Laktaši,Ž,Ukupno,17305
2013,Broj,Lopare,Oba spola,Ukupno,14689
2013,Broj,Lopare,M,Ukupno,7377
2013,Broj,Lopare,Ž,Ukupno,7312
2013,Broj,Ljubinje,Oba spola,Ukupno,3319
2013,Broj,Ljubinje,M,Ukupno,1633
2013,Broj,Ljubinje,Ž,Ukupno,1686
2013,Broj,Milići,Oba spola,Ukupno,10445
2013,Broj,Milići,M,Ukupno,5252
2013,Broj,Milići,Ž,Ukupno,5193
2013,Broj,Modriča,Oba spola,Ukupno,24490
2013,Broj,Modriča,M,Ukupno,11969
2013,Broj,Modriča,Ž,Ukupno,12521
2013,Broj,Mrkonjić Grad,Oba spola,Ukupno,15926
2013,Broj,Mrkonjić Grad,M,Ukupno,7660
2013,Broj,Mrkonjić Grad,Ž,Ukupno,8266
2013,Broj,Nevesinje,Oba spola,Ukupno,12542
2013,Broj,Nevesinje,M,Ukupno,6236
2013,Broj,Nevesinje,Ž,Ukupno,6306
2013,Broj,Novi Grad,Oba spola,Ukupno,25240
2013,Broj,Novi Grad,M,Ukupno,12580
2013,Broj,Novi Grad,Ž,Ukupno,12660
2013,Broj,Novo Goražde,Oba spola,Ukupno,2915
2013,Broj,Novo Goražde,M,Ukupno,1500
2013,Broj,Novo Goražde,Ž,Ukupno,1415
2013,Broj,Osmaci,Oba spola,Ukupno,5546
2013,Broj,Osmaci,M,Ukupno,2779
2013,Broj,Osmaci,Ž,Ukupno,2767
2013,Broj,Oštra Luka,Oba spola,Ukupno,2705
2013,Broj,Oštra Luka,M,Ukupno,1386
2013,Broj,Oštra Luka,Ž,Ukupno,1319
2013,Broj,Pale,Oba spola,Ukupno,20359
2013,Broj,Pale,M,Ukupno,9744
2013,Broj,Pale,Ž,Ukupno,10615
2013,Broj,Pelagićevo,Oba spola,Ukupno,4358
2013,Broj,Pelagićevo,M,Ukupno,2151
2013,Broj,Pelagićevo,Ž,Ukupno,2207
2013,Broj,Petrovac,Oba spola,Ukupno,354
2013,Broj,Petrovac,M,Ukupno,169
2013,Broj,Petrovac,Ž,Ukupno,185
2013,Broj,Petrovo,Oba spola,Ukupno,6317
2013,Broj,Petrovo,M,Ukupno,3043
2013,Broj,Petrovo,Ž,Ukupno,3274
2013,Broj,Grad Prijedor,Oba spola,Ukupno,80916
2013,Broj,Grad Prijedor,M,Ukupno,39418
2013,Broj,Grad Prijedor,Ž,Ukupno,41498
2013,Broj,Prnjavor,Oba spola,Ukupno,34357
2013,Broj,Prnjavor,M,Ukupno,16675
2013,Broj,Prnjavor,Ž,Ukupno,17682
2013,Broj,Ribnik,Oba spola,Ukupno,5851
2013,Broj,Ribnik,M,Ukupno,2900
2013,Broj,Ribnik,Ž,Ukupno,2951
2013,Broj,Rogatica,Oba spola,Ukupno,10302
2013,Broj,Rogatica,M,Ukupno,5053
2013,Broj,Rogatica,Ž,Ukupno,5249
2013,Broj,Rudo,Oba spola,Ukupno,7578
2013,Broj,Rudo,M,Ukupno,3840
2013,Broj,Rudo,Ž,Ukupno,3738
2013,Broj,Sokolac,Oba spola,Ukupno,11620
2013,Broj,Sokolac,M,Ukupno,5723
2013,Broj,Sokolac,Ž,Ukupno,5897
2013,Broj,Srbac,Oba spola,Ukupno,16933
2013,Broj,Srbac,M,Ukupno,8295
2013,Broj,Srbac,Ž,Ukupno,8638
2013,Broj,Srebrenica,Oba spola,Ukupno,11698
2013,Broj,Srebrenica,M,Ukupno,5714
2013,Broj,Srebrenica,Ž,Ukupno,5984
2013,Broj,Teslić,Oba spola,Ukupno,37236
2013,Broj,Teslić,M,Ukupno,17894
2013,Broj,Teslić,Ž,Ukupno,19342
2013,Broj,Grad Trebinje,Oba spola,Ukupno,28239
2013,Broj,Grad Trebinje,M,Ukupno,13760
2013,Broj,Grad Trebinje,Ž,Ukupno,14479
2013,Broj,Trnovo,Oba spola,Ukupno,1983
2013,Broj,Trnovo,M,Ukupno,953
2013,Broj,Trnovo,Ž,Ukupno,1030
2013,Broj,Ugljevik,Oba spola,Ukupno,15118
2013,Broj,Ugljevik,M,Ukupno,7626
2013,Broj,Ugljevik,Ž,Ukupno,7492
2013,Broj,Foča,Oba spola,Ukupno,17580
2013,Broj,Foča,M,Ukupno,8880
2013,Broj,Foča,Ž,Ukupno,8700
2013,Broj,Han Pijesak,Oba spola,Ukupno,3445
2013,Broj,Han Pijesak,M,Ukupno,1632
2013,Broj,Han Pijesak,Ž,Ukupno,1813
2013,Broj,Čajniče,Oba spola,Ukupno,4679
2013,Broj,Čajniče,M,Ukupno,2347
2013,Broj,Čajniče,Ž,Ukupno,2332
2013,Broj,Čelinac,Oba spola,Ukupno,15117
2013,Broj,Čelinac,M,Ukupno,7477
2013,Broj,Čelinac,Ž,Ukupno,7640
2013,Broj,Šamac,Oba spola,Ukupno,16308
2013,Broj,Šamac,M,Ukupno,7908
2013,Broj,Šamac,Ž,Ukupno,8400
2013,Broj,Šekovići,Oba spola,Ukupno,6323
2013,Broj,Šekovići,M,Ukupno,3103
2013,Broj,Šekovići,Ž,Ukupno,3220
2013,Broj,Šipovo,Oba spola,Ukupno,9969
2013,Broj,Šipovo,M,Ukupno,5046
2013,Broj,Šipovo,Ž,Ukupno,4923
2013,Broj,Republika Srpska,Oba spola,disabilities_T,102262
2013,Broj,Republika Srpska,M,disabilities_T,46720
2013,Broj,Republika Srpska,Ž,disabilities_T,55542
2013,Broj,Grad Banja Luka,Oba spola,disabilities_T,13450
2013,Broj,Grad Banja Luka,M,disabilities_T,6251
2013,Broj,Grad Banja Luka,Ž,disabilities_T,7199
2013,Broj,Berkovići,Oba spola,disabilities_T,165
2013,Broj,Berkovići,M,disabilities_T,75
2013,Broj,Berkovići,Ž,disabilities_T,90
2013,Broj,Grad Bijeljina,Oba spola,disabilities_T,8763
2013,Broj,Grad Bijeljina,M,disabilities_T,3967
2013,Broj,Grad Bijeljina,Ž,disabilities_T,4796
2013,Broj,Bileća,Oba spola,disabilities_T,813
2013,Broj,Bileća,M,disabilities_T,339
2013,Broj,Bileća,Ž,disabilities_T,474
2013,Broj,Bratunac,Oba spola,disabilities_T,1534
2013,Broj,Bratunac,M,disabilities_T,688
2013,Broj,Bratunac,Ž,disabilities_T,846
2013,Broj,Brod,Oba spola,disabilities_T,1420
2013,Broj,Brod,M,disabilities_T,658
2013,Broj,Brod,Ž,disabilities_T,762
2013,Broj,Višegrad,Oba spola,disabilities_T,1097
2013,Broj,Višegrad,M,disabilities_T,422
2013,Broj,Višegrad,Ž,disabilities_T,675
2013,Broj,Vlasenica,Oba spola,disabilities_T,786
2013,Broj,Vlasenica,M,disabilities_T,393
2013,Broj,Vlasenica,Ž,disabilities_T,393
2013,Broj,Vukosavlje,Oba spola,disabilities_T,472
2013,Broj,Vukosavlje,M,disabilities_T,226
2013,Broj,Vukosavlje,Ž,disabilities_T,246
2013,Broj,Gacko,Oba spola,disabilities_T,597
2013,Broj,Gacko,M,disabilities_T,261
2013,Broj,Gacko,Ž,disabilities_T,336
2013,Broj,Grad Gradiška,Oba spola,disabilities_T,4427
2013,Broj,Grad Gradiška,M,disabilities_T,1965
2013,Broj,Grad Gradiška,Ž,disabilities_T,2462
2013,Broj,Grad Derventa,Oba spola,disabilities_T,2529
2013,Broj,Grad Derventa,M,disabilities_T,1153
2013,Broj,Grad Derventa,Ž,disabilities_T,1376
2013,Broj,Grad Doboj,Oba spola,disabilities_T,7404
2013,Broj,Grad Doboj,M,disabilities_T,3292
2013,Broj,Grad Doboj,Ž,disabilities_T,4112
2013,Broj,Donji Žabar,Oba spola,disabilities_T,313
2013,Broj,Donji Žabar,M,disabilities_T,146
2013,Broj,Donji Žabar,Ž,disabilities_T,167
2013,Broj,Grad Zvornik,Oba spola,disabilities_T,4328
2013,Broj,Grad Zvornik,M,disabilities_T,2027
2013,Broj,Grad Zvornik,Ž,disabilities_T,2301
2013,Broj,Istočna Ilidža,Oba spola,disabilities_T,1025
2013,Broj,Istočna Ilidža,M,disabilities_T,464
2013,Broj,Istočna Ilidža,Ž,disabilities_T,561
2013,Broj,Istočni Drvar,Oba spola,disabilities_T,9
2013,Broj,Istočni Drvar,M,disabilities_T,5
2013,Broj,Istočni Drvar,Ž,disabilities_T,4
2013,Broj,Istočni Mostar,Oba spola,disabilities_T,14
2013,Broj,Istočni Mostar,M,disabilities_T,4
2013,Broj,Istočni Mostar,Ž,disabilities_T,10
2013,Broj,Istočni Stari Grad,Oba spola,disabilities_T,100
2013,Broj,Istočni Stari Grad,M,disabilities_T,42
2013,Broj,Istočni Stari Grad,Ž,disabilities_T,58
2013,Broj,Istočno Novo Sarajevo,Oba spola,disabilities_T,611
2013,Broj,Istočno Novo Sarajevo,M,disabilities_T,276
2013,Broj,Istočno Novo Sarajevo,Ž,disabilities_T,335
2013,Broj,Jezero,Oba spola,disabilities_T,80
2013,Broj,Jezero,M,disabilities_T,37
2013,Broj,Jezero,Ž,disabilities_T,43
2013,Broj,Kalinovik,Oba spola,disabilities_T,203
2013,Broj,Kalinovik,M,disabilities_T,88
2013,Broj,Kalinovik,Ž,disabilities_T,115
2013,Broj,Kneževo,Oba spola,disabilities_T,933
2013,Broj,Kneževo,M,disabilities_T,449
2013,Broj,Kneževo,Ž,disabilities_T,484
2013,Broj,Kozarska Dubica,Oba spola,disabilities_T,2078
2013,Broj,Kozarska Dubica,M,disabilities_T,919
2013,Broj,Kozarska Dubica,Ž,disabilities_T,1159
2013,Broj,Kostajnica,Oba spola,disabilities_T,475
2013,Broj,Kostajnica,M,disabilities_T,216
2013,Broj,Kostajnica,Ž,disabilities_T,259
2013,Broj,Kotor Varoš,Oba spola,disabilities_T,1857
2013,Broj,Kotor Varoš,M,disabilities_T,865
2013,Broj,Kotor Varoš,Ž,disabilities_T,992
2013,Broj,Krupa Na Uni,Oba spola,disabilities_T,204
2013,Broj,Krupa Na Uni,M,disabilities_T,93
2013,Broj,Krupa Na Uni,Ž,disabilities_T,111
2013,Broj,Kupres,Oba spola,disabilities_T,49
2013,Broj,Kupres,M,disabilities_T,27
2013,Broj,Kupres,Ž,disabilities_T,22
2013,Broj,Laktaši,Oba spola,disabilities_T,2445
2013,Broj,Laktaši,M,disabilities_T,1196
2013,Broj,Laktaši,Ž,disabilities_T,1249
2013,Broj,Lopare,Oba spola,disabilities_T,1612
2013,Broj,Lopare,M,disabilities_T,791
2013,Broj,Lopare,Ž,disabilities_T,821
2013,Broj,Ljubinje,Oba spola,disabilities_T,197
2013,Broj,Ljubinje,M,disabilities_T,84
2013,Broj,Ljubinje,Ž,disabilities_T,113
2013,Broj,Milići,Oba spola,disabilities_T,860
2013,Broj,Milići,M,disabilities_T,392
2013,Broj,Milići,Ž,disabilities_T,468
2013,Broj,Modriča,Oba spola,disabilities_T,2458
2013,Broj,Modriča,M,disabilities_T,1119
2013,Broj,Modriča,Ž,disabilities_T,1339
2013,Broj,Mrkonjić Grad,Oba spola,disabilities_T,1300
2013,Broj,Mrkonjić Grad,M,disabilities_T,602
2013,Broj,Mrkonjić Grad,Ž,disabilities_T,698
2013,Broj,Nevesinje,Oba spola,disabilities_T,876
2013,Broj,Nevesinje,M,disabilities_T,379
2013,Broj,Nevesinje,Ž,disabilities_T,497
2013,Broj,Novi Grad,Oba spola,disabilities_T,2687
2013,Broj,Novi Grad,M,disabilities_T,1179
2013,Broj,Novi Grad,Ž,disabilities_T,1508
2013,Broj,Novo Goražde,Oba spola,disabilities_T,206
2013,Broj,Novo Goražde,M,disabilities_T,101
2013,Broj,Novo Goražde,Ž,disabilities_T,105
2013,Broj,Osmaci,Oba spola,disabilities_T,513
2013,Broj,Osmaci,M,disabilities_T,234
2013,Broj,Osmaci,Ž,disabilities_T,279
2013,Broj,Oštra Luka,Oba spola,disabilities_T,394
2013,Broj,Oštra Luka,M,disabilities_T,205
2013,Broj,Oštra Luka,Ž,disabilities_T,189
2013,Broj,Pale,Oba spola,disabilities_T,1289
2013,Broj,Pale,M,disabilities_T,594
2013,Broj,Pale,Ž,disabilities_T,695
2013,Broj,Pelagićevo,Oba spola,disabilities_T,688
2013,Broj,Pelagićevo,M,disabilities_T,299
2013,Broj,Pelagićevo,Ž,disabilities_T,389
2013,Broj,Petrovac,Oba spola,disabilities_T,16
2013,Broj,Petrovac,M,disabilities_T,6
2013,Broj,Petrovac,Ž,disabilities_T,10
2013,Broj,Petrovo,Oba spola,disabilities_T,944
2013,Broj,Petrovo,M,disabilities_T,399
2013,Broj,Petrovo,Ž,disabilities_T,545
2013,Broj,Grad Prijedor,Oba spola,disabilities_T,7173
2013,Broj,Grad Prijedor,M,disabilities_T,3333
2013,Broj,Grad Prijedor,Ž,disabilities_T,3840
2013,Broj,Prnjavor,Oba spola,disabilities_T,3309
2013,Broj,Prnjavor,M,disabilities_T,1497
2013,Broj,Prnjavor,Ž,disabilities_T,1812
2013,Broj,Ribnik,Oba spola,disabilities_T,701
2013,Broj,Ribnik,M,disabilities_T,323
2013,Broj,Ribnik,Ž,disabilities_T,378
2013,Broj,Rogatica,Oba spola,disabilities_T,1012
2013,Broj,Rogatica,M,disabilities_T,464
2013,Broj,Rogatica,Ž,disabilities_T,548
2013,Broj,Rudo,Oba spola,disabilities_T,596
2013,Broj,Rudo,M,disabilities_T,258
2013,Broj,Rudo,Ž,disabilities_T,338
2013,Broj,Sokolac,Oba spola,disabilities_T,944
2013,Broj,Sokolac,M,disabilities_T,422
2013,Broj,Sokolac,Ž,disabilities_T,522
2013,Broj,Srbac,Oba spola,disabilities_T,1526
2013,Broj,Srbac,M,disabilities_T,714
2013,Broj,Srbac,Ž,disabilities_T,812
2013,Broj,Srebrenica,Oba spola,disabilities_T,1061
2013,Broj,Srebrenica,M,disabilities_T,447
2013,Broj,Srebrenica,Ž,disabilities_T,614
2013,Broj,Teslić,Oba spola,disabilities_T,3562
2013,Broj,Teslić,M,disabilities_T,1683
2013,Broj,Teslić,Ž,disabilities_T,1879
2013,Broj,Grad Trebinje,Oba spola,disabilities_T,1860
2013,Broj,Grad Trebinje,M,disabilities_T,823
2013,Broj,Grad Trebinje,Ž,disabilities_T,1037
2013,Broj,Trnovo,Oba spola,disabilities_T,171
2013,Broj,Trnovo,M,disabilities_T,70
2013,Broj,Trnovo,Ž,disabilities_T,101
2013,Broj,Ugljevik,Oba spola,disabilities_T,1179
2013,Broj,Ugljevik,M,disabilities_T,532
2013,Broj,Ugljevik,Ž,disabilities_T,647
2013,Broj,Foča,Oba spola,disabilities_T,1473
2013,Broj,Foča,M,disabilities_T,725
2013,Broj,Foča,Ž,disabilities_T,748
2013,Broj,Han Pijesak,Oba spola,disabilities_T,269
2013,Broj,Han Pijesak,M,disabilities_T,99
2013,Broj,Han Pijesak,Ž,disabilities_T,170
2013,Broj,Čajniče,Oba spola,disabilities_T,461
2013,Broj,Čajniče,M,disabilities_T,208
2013,Broj,Čajniče,Ž,disabilities_T,253
2013,Broj,Čelinac,Oba spola,disabilities_T,1672
2013,Broj,Čelinac,M,disabilities_T,800
2013,Broj,Čelinac,Ž,disabilities_T,872
2013,Broj,Šamac,Oba spola,disabilities_T,1634
2013,Broj,Šamac,M,disabilities_T,724
2013,Broj,Šamac,Ž,disabilities_T,910
2013,Broj,Šekovići,Oba spola,disabilities_T,595
2013,Broj,Šekovići,M,disabilities_T,279
2013,Broj,Šekovići,Ž,disabilities_T,316
2013,Broj,Šipovo,Oba spola,disabilities_T,843
2013,Broj,Šipovo,M,disabilities_T,391
2013,Broj,Šipovo,Ž,disabilities_T,452
2013,Broj,Republika Srpska,Oba spola,eyesight,43020
2013,Broj,Republika Srpska,M,eyesight,18052
2013,Broj,Republika Srpska,Ž,eyesight,24968
2013,Broj,Grad Banja Luka,Oba spola,eyesight,5370
2013,Broj,Grad Banja Luka,M,eyesight,2232
2013,Broj,Grad Banja Luka,Ž,eyesight,3138
2013,Broj,Berkovići,Oba spola,eyesight,73
2013,Broj,Berkovići,M,eyesight,33
2013,Broj,Berkovići,Ž,eyesight,40
2013,Broj,Grad Bijeljina,Oba spola,eyesight,3450
2013,Broj,Grad Bijeljina,M,eyesight,1424
2013,Broj,Grad Bijeljina,Ž,eyesight,2026
2013,Broj,Bileća,Oba spola,eyesight,375
2013,Broj,Bileća,M,eyesight,159
2013,Broj,Bileća,Ž,eyesight,216
2013,Broj,Bratunac,Oba spola,eyesight,791
2013,Broj,Bratunac,M,eyesight,328
2013,Broj,Bratunac,Ž,eyesight,463
2013,Broj,Brod,Oba spola,eyesight,596
2013,Broj,Brod,M,eyesight,252
2013,Broj,Brod,Ž,eyesight,344
2013,Broj,Višegrad,Oba spola,eyesight,409
2013,Broj,Višegrad,M,eyesight,162
2013,Broj,Višegrad,Ž,eyesight,247
2013,Broj,Vlasenica,Oba spola,eyesight,372
2013,Broj,Vlasenica,M,eyesight,171
2013,Broj,Vlasenica,Ž,eyesight,201
2013,Broj,Vukosavlje,Oba spola,eyesight,157
2013,Broj,Vukosavlje,M,eyesight,74
2013,Broj,Vukosavlje,Ž,eyesight,83
2013,Broj,Gacko,Oba spola,eyesight,245
2013,Broj,Gacko,M,eyesight,107
2013,Broj,Gacko,Ž,eyesight,138
2013,Broj,Grad Gradiška,Oba spola,eyesight,1881
2013,Broj,Grad Gradiška,M,eyesight,754
2013,Broj,Grad Gradiška,Ž,eyesight,1127
2013,Broj,Grad Derventa,Oba spola,eyesight,1172
2013,Broj,Grad Derventa,M,eyesight,476
2013,Broj,Grad Derventa,Ž,eyesight,696
2013,Broj,Grad Doboj,Oba spola,eyesight,3265
2013,Broj,Grad Doboj,M,eyesight,1332
2013,Broj,Grad Doboj,Ž,eyesight,1933
2013,Broj,Donji Žabar,Oba spola,eyesight,122
2013,Broj,Donji Žabar,M,eyesight,50
2013,Broj,Donji Žabar,Ž,eyesight,72
2013,Broj,Grad Zvornik,Oba spola,eyesight,1920
2013,Broj,Grad Zvornik,M,eyesight,842
2013,Broj,Grad Zvornik,Ž,eyesight,1078
2013,Broj,Istočna Ilidža,Oba spola,eyesight,423
2013,Broj,Istočna Ilidža,M,eyesight,183
2013,Broj,Istočna Ilidža,Ž,eyesight,240
2013,Broj,Istočni Drvar,Oba spola,eyesight,5
2013,Broj,Istočni Drvar,M,eyesight,2
2013,Broj,Istočni Drvar,Ž,eyesight,3
2013,Broj,Istočni Mostar,Oba spola,eyesight,9
2013,Broj,Istočni Mostar,M,eyesight,3
2013,Broj,Istočni Mostar,Ž,eyesight,6
2013,Broj,Istočni Stari Grad,Oba spola,eyesight,49
2013,Broj,Istočni Stari Grad,M,eyesight,22
2013,Broj,Istočni Stari Grad,Ž,eyesight,27
2013,Broj,Istočno Novo Sarajevo,Oba spola,eyesight,255
2013,Broj,Istočno Novo Sarajevo,M,eyesight,90
2013,Broj,Istočno Novo Sarajevo,Ž,eyesight,165
2013,Broj,Jezero,Oba spola,eyesight,44
2013,Broj,Jezero,M,eyesight,18
2013,Broj,Jezero,Ž,eyesight,26
2013,Broj,Kalinovik,Oba spola,eyesight,87
2013,Broj,Kalinovik,M,eyesight,35
2013,Broj,Kalinovik,Ž,eyesight,52
2013,Broj,Kneževo,Oba spola,eyesight,355
2013,Broj,Kneževo,M,eyesight,159
2013,Broj,Kneževo,Ž,eyesight,196
2013,Broj,Kozarska Dubica,Oba spola,eyesight,788
2013,Broj,Kozarska Dubica,M,eyesight,329
2013,Broj,Kozarska Dubica,Ž,eyesight,459
2013,Broj,Kostajnica,Oba spola,eyesight,226
2013,Broj,Kostajnica,M,eyesight,104
2013,Broj,Kostajnica,Ž,eyesight,122
2013,Broj,Kotor Varoš,Oba spola,eyesight,894
2013,Broj,Kotor Varoš,M,eyesight,374
2013,Broj,Kotor Varoš,Ž,eyesight,520
2013,Broj,Krupa Na Uni,Oba spola,eyesight,98
2013,Broj,Krupa Na Uni,M,eyesight,47
2013,Broj,Krupa Na Uni,Ž,eyesight,51
2013,Broj,Kupres,Oba spola,eyesight,12
2013,Broj,Kupres,M,eyesight,8
2013,Broj,Kupres,Ž,eyesight,4
2013,Broj,Laktaši,Oba spola,eyesight,1042
2013,Broj,Laktaši,M,eyesight,460
2013,Broj,Laktaši,Ž,eyesight,582
2013,Broj,Lopare,Oba spola,eyesight,691
2013,Broj,Lopare,M,eyesight,297
2013,Broj,Lopare,Ž,eyesight,394
2013,Broj,Ljubinje,Oba spola,eyesight,82
2013,Broj,Ljubinje,M,eyesight,36
2013,Broj,Ljubinje,Ž,eyesight,46
2013,Broj,Milići,Oba spola,eyesight,390
2013,Broj,Milići,M,eyesight,165
2013,Broj,Milići,Ž,eyesight,225
2013,Broj,Modriča,Oba spola,eyesight,990
2013,Broj,Modriča,M,eyesight,443
2013,Broj,Modriča,Ž,eyesight,547
2013,Broj,Mrkonjić Grad,Oba spola,eyesight,524
2013,Broj,Mrkonjić Grad,M,eyesight,227
2013,Broj,Mrkonjić Grad,Ž,eyesight,297
2013,Broj,Nevesinje,Oba spola,eyesight,401
2013,Broj,Nevesinje,M,eyesight,187
2013,Broj,Nevesinje,Ž,eyesight,214
2013,Broj,Novi Grad,Oba spola,eyesight,1236
2013,Broj,Novi Grad,M,eyesight,483
2013,Broj,Novi Grad,Ž,eyesight,753
2013,Broj,Novo Goražde,Oba spola,eyesight,86
2013,Broj,Novo Goražde,M,eyesight,35
2013,Broj,Novo Goražde,Ž,eyesight,51
2013,Broj,Osmaci,Oba spola,eyesight,243
2013,Broj,Osmaci,M,eyesight,102
2013,Broj,Osmaci,Ž,eyesight,141
2013,Broj,Oštra Luka,Oba spola,eyesight,176
2013,Broj,Oštra Luka,M,eyesight,88
2013,Broj,Oštra Luka,Ž,eyesight,88
2013,Broj,Pale,Oba spola,eyesight,492
2013,Broj,Pale,M,eyesight,213
2013,Broj,Pale,Ž,eyesight,279
2013,Broj,Pelagićevo,Oba spola,eyesight,310
2013,Broj,Pelagićevo,M,eyesight,132
2013,Broj,Pelagićevo,Ž,eyesight,178
2013,Broj,Petrovac,Oba spola,eyesight,6
2013,Broj,Petrovac,M,eyesight,2
2013,Broj,Petrovac,Ž,eyesight,4
2013,Broj,Petrovo,Oba spola,eyesight,433
2013,Broj,Petrovo,M,eyesight,178
2013,Broj,Petrovo,Ž,eyesight,255
2013,Broj,Grad Prijedor,Oba spola,eyesight,2857
2013,Broj,Grad Prijedor,M,eyesight,1209
2013,Broj,Grad Prijedor,Ž,eyesight,1648
2013,Broj,Prnjavor,Oba spola,eyesight,1364
2013,Broj,Prnjavor,M,eyesight,564
2013,Broj,Prnjavor,Ž,eyesight,800
2013,Broj,Ribnik,Oba spola,eyesight,293
2013,Broj,Ribnik,M,eyesight,137
2013,Broj,Ribnik,Ž,eyesight,156
2013,Broj,Rogatica,Oba spola,eyesight,418
2013,Broj,Rogatica,M,eyesight,174
2013,Broj,Rogatica,Ž,eyesight,244
2013,Broj,Rudo,Oba spola,eyesight,231
2013,Broj,Rudo,M,eyesight,98
2013,Broj,Rudo,Ž,eyesight,133
2013,Broj,Sokolac,Oba spola,eyesight,368
2013,Broj,Sokolac,M,eyesight,161
2013,Broj,Sokolac,Ž,eyesight,207
2013,Broj,Srbac,Oba spola,eyesight,684
2013,Broj,Srbac,M,eyesight,291
2013,Broj,Srbac,Ž,eyesight,393
2013,Broj,Srebrenica,Oba spola,eyesight,487
2013,Broj,Srebrenica,M,eyesight,176
2013,Broj,Srebrenica,Ž,eyesight,311
2013,Broj,Teslić,Oba spola,eyesight,1451
2013,Broj,Teslić,M,eyesight,633
2013,Broj,Teslić,Ž,eyesight,818
2013,Broj,Grad Trebinje,Oba spola,eyesight,736
2013,Broj,Grad Trebinje,M,eyesight,297
2013,Broj,Grad Trebinje,Ž,eyesight,439
2013,Broj,Trnovo,Oba spola,eyesight,62
2013,Broj,Trnovo,M,eyesight,25
2013,Broj,Trnovo,Ž,eyesight,37
2013,Broj,Ugljevik,Oba spola,eyesight,488
2013,Broj,Ugljevik,M,eyesight,202
2013,Broj,Ugljevik,Ž,eyesight,286
2013,Broj,Foča,Oba spola,eyesight,605
2013,Broj,Foča,M,eyesight,263
2013,Broj,Foča,Ž,eyesight,342
2013,Broj,Han Pijesak,Oba spola,eyesight,102
2013,Broj,Han Pijesak,M,eyesight,36
2013,Broj,Han Pijesak,Ž,eyesight,66
2013,Broj,Čajniče,Oba spola,eyesight,219
2013,Broj,Čajniče,M,eyesight,93
2013,Broj,Čajniče,Ž,eyesight,126
2013,Broj,Čelinac,Oba spola,eyesight,752
2013,Broj,Čelinac,M,eyesight,313
2013,Broj,Čelinac,Ž,eyesight,439
2013,Broj,Šamac,Oba spola,eyesight,679
2013,Broj,Šamac,M,eyesight,277
2013,Broj,Šamac,Ž,eyesight,402
2013,Broj,Šekovići,Oba spola,eyesight,307
2013,Broj,Šekovići,M,eyesight,130
2013,Broj,Šekovići,Ž,eyesight,177
2013,Broj,Šipovo,Oba spola,eyesight,372
2013,Broj,Šipovo,M,eyesight,155
2013,Broj,Šipovo,Ž,eyesight,217
2013,Broj,Republika Srpska,Oba spola,hearing,26055
2013,Broj,Republika Srpska,M,hearing,12971
2013,Broj,Republika Srpska,Ž,hearing,13084
2013,Broj,Grad Banja Luka,Oba spola,hearing,3262
2013,Broj,Grad Banja Luka,M,hearing,1678
2013,Broj,Grad Banja Luka,Ž,hearing,1584
2013,Broj,Berkovići,Oba spola,hearing,48
2013,Broj,Berkovići,M,hearing,28
2013,Broj,Berkovići,Ž,hearing,20
2013,Broj,Grad Bijeljina,Oba spola,hearing,2026
2013,Broj,Grad Bijeljina,M,hearing,1028
2013,Broj,Grad Bijeljina,Ž,hearing,998
2013,Broj,Bileća,Oba spola,hearing,240
2013,Broj,Bileća,M,hearing,122
2013,Broj,Bileća,Ž,hearing,118
2013,Broj,Bratunac,Oba spola,hearing,420
2013,Broj,Bratunac,M,hearing,196
2013,Broj,Bratunac,Ž,hearing,224
2013,Broj,Brod,Oba spola,hearing,322
2013,Broj,Brod,M,hearing,168
2013,Broj,Brod,Ž,hearing,154
2013,Broj,Višegrad,Oba spola,hearing,276
2013,Broj,Višegrad,M,hearing,128
2013,Broj,Višegrad,Ž,hearing,148
2013,Broj,Vlasenica,Oba spola,hearing,236
2013,Broj,Vlasenica,M,hearing,117
2013,Broj,Vlasenica,Ž,hearing,119
2013,Broj,Vukosavlje,Oba spola,hearing,107
2013,Broj,Vukosavlje,M,hearing,49
2013,Broj,Vukosavlje,Ž,hearing,58
2013,Broj,Gacko,Oba spola,hearing,172
2013,Broj,Gacko,M,hearing,80
2013,Broj,Gacko,Ž,hearing,92
2013,Broj,Grad Gradiška,Oba spola,hearing,1110
2013,Broj,Grad Gradiška,M,hearing,525
2013,Broj,Grad Gradiška,Ž,hearing,585
2013,Broj,Grad Derventa,Oba spola,hearing,655
2013,Broj,Grad Derventa,M,hearing,320
2013,Broj,Grad Derventa,Ž,hearing,335
2013,Broj,Grad Doboj,Oba spola,hearing,1902
2013,Broj,Grad Doboj,M,hearing,925
2013,Broj,Grad Doboj,Ž,hearing,977
2013,Broj,Donji Žabar,Oba spola,hearing,81
2013,Broj,Donji Žabar,M,hearing,50
2013,Broj,Donji Žabar,Ž,hearing,31
2013,Broj,Grad Zvornik,Oba spola,hearing,1157
2013,Broj,Grad Zvornik,M,hearing,580
2013,Broj,Grad Zvornik,Ž,hearing,577
2013,Broj,Istočna Ilidža,Oba spola,hearing,267
2013,Broj,Istočna Ilidža,M,hearing,123
2013,Broj,Istočna Ilidža,Ž,hearing,144
2013,Broj,Istočni Drvar,Oba spola,hearing,4
2013,Broj,Istočni Drvar,M,hearing,1
2013,Broj,Istočni Drvar,Ž,hearing,3
2013,Broj,Istočni Mostar,Oba spola,hearing,7
2013,Broj,Istočni Mostar,M,hearing,1
2013,Broj,Istočni Mostar,Ž,hearing,6
2013,Broj,Istočni Stari Grad,Oba spola,hearing,29
2013,Broj,Istočni Stari Grad,M,hearing,15
2013,Broj,Istočni Stari Grad,Ž,hearing,14
2013,Broj,Istočno Novo Sarajevo,Oba spola,hearing,153
2013,Broj,Istočno Novo Sarajevo,M,hearing,76
2013,Broj,Istočno Novo Sarajevo,Ž,hearing,77
2013,Broj,Jezero,Oba spola,hearing,34
2013,Broj,Jezero,M,hearing,18
2013,Broj,Jezero,Ž,hearing,16
2013,Broj,Kalinovik,Oba spola,hearing,56
2013,Broj,Kalinovik,M,hearing,25
2013,Broj,Kalinovik,Ž,hearing,31
2013,Broj,Kneževo,Oba spola,hearing,251
2013,Broj,Kneževo,M,hearing,127
2013,Broj,Kneževo,Ž,hearing,124
2013,Broj,Kozarska Dubica,Oba spola,hearing,490
2013,Broj,Kozarska Dubica,M,hearing,237
2013,Broj,Kozarska Dubica,Ž,hearing,253
2013,Broj,Kostajnica,Oba spola,hearing,123
2013,Broj,Kostajnica,M,hearing,65
2013,Broj,Kostajnica,Ž,hearing,58
2013,Broj,Kotor Varoš,Oba spola,hearing,485
2013,Broj,Kotor Varoš,M,hearing,244
2013,Broj,Kotor Varoš,Ž,hearing,241
2013,Broj,Krupa Na Uni,Oba spola,hearing,59
2013,Broj,Krupa Na Uni,M,hearing,36
2013,Broj,Krupa Na Uni,Ž,hearing,23
2013,Broj,Kupres,Oba spola,hearing,14
2013,Broj,Kupres,M,hearing,10
2013,Broj,Kupres,Ž,hearing,4
2013,Broj,Laktaši,Oba spola,hearing,610
2013,Broj,Laktaši,M,hearing,322
2013,Broj,Laktaši,Ž,hearing,288
2013,Broj,Lopare,Oba spola,hearing,400
2013,Broj,Lopare,M,hearing,187
2013,Broj,Lopare,Ž,hearing,213
2013,Broj,Ljubinje,Oba spola,hearing,68
2013,Broj,Ljubinje,M,hearing,33
2013,Broj,Ljubinje,Ž,hearing,35
2013,Broj,Milići,Oba spola,hearing,209
2013,Broj,Milići,M,hearing,98
2013,Broj,Milići,Ž,hearing,111
2013,Broj,Modriča,Oba spola,hearing,623
2013,Broj,Modriča,M,hearing,318
2013,Broj,Modriča,Ž,hearing,305
2013,Broj,Mrkonjić Grad,Oba spola,hearing,388
2013,Broj,Mrkonjić Grad,M,hearing,188
2013,Broj,Mrkonjić Grad,Ž,hearing,200
2013,Broj,Nevesinje,Oba spola,hearing,254
2013,Broj,Nevesinje,M,hearing,119
2013,Broj,Nevesinje,Ž,hearing,135
2013,Broj,Novi Grad,Oba spola,hearing,706
2013,Broj,Novi Grad,M,hearing,334
2013,Broj,Novi Grad,Ž,hearing,372
2013,Broj,Novo Goražde,Oba spola,hearing,57
2013,Broj,Novo Goražde,M,hearing,31
2013,Broj,Novo Goražde,Ž,hearing,26
2013,Broj,Osmaci,Oba spola,hearing,144
2013,Broj,Osmaci,M,hearing,71
2013,Broj,Osmaci,Ž,hearing,73
2013,Broj,Oštra Luka,Oba spola,hearing,97
2013,Broj,Oštra Luka,M,hearing,65
2013,Broj,Oštra Luka,Ž,hearing,32
2013,Broj,Pale,Oba spola,hearing,318
2013,Broj,Pale,M,hearing,164
2013,Broj,Pale,Ž,hearing,154
2013,Broj,Pelagićevo,Oba spola,hearing,167
2013,Broj,Pelagićevo,M,hearing,74
2013,Broj,Pelagićevo,Ž,hearing,93
2013,Broj,Petrovac,Oba spola,hearing,4
2013,Broj,Petrovac,M,hearing,1
2013,Broj,Petrovac,Ž,hearing,3
2013,Broj,Petrovo,Oba spola,hearing,257
2013,Broj,Petrovo,M,hearing,134
2013,Broj,Petrovo,Ž,hearing,123
2013,Broj,Grad Prijedor,Oba spola,hearing,1805
2013,Broj,Grad Prijedor,M,hearing,944
2013,Broj,Grad Prijedor,Ž,hearing,861
2013,Broj,Prnjavor,Oba spola,hearing,812
2013,Broj,Prnjavor,M,hearing,383
2013,Broj,Prnjavor,Ž,hearing,429
2013,Broj,Ribnik,Oba spola,hearing,199
2013,Broj,Ribnik,M,hearing,97
2013,Broj,Ribnik,Ž,hearing,102
2013,Broj,Rogatica,Oba spola,hearing,307
2013,Broj,Rogatica,M,hearing,150
2013,Broj,Rogatica,Ž,hearing,157
2013,Broj,Rudo,Oba spola,hearing,169
2013,Broj,Rudo,M,hearing,83
2013,Broj,Rudo,Ž,hearing,86
2013,Broj,Sokolac,Oba spola,hearing,257
2013,Broj,Sokolac,M,hearing,121
2013,Broj,Sokolac,Ž,hearing,136
2013,Broj,Srbac,Oba spola,hearing,423
2013,Broj,Srbac,M,hearing,212
2013,Broj,Srbac,Ž,hearing,211
2013,Broj,Srebrenica,Oba spola,hearing,229
2013,Broj,Srebrenica,M,hearing,109
2013,Broj,Srebrenica,Ž,hearing,120
2013,Broj,Teslić,Oba spola,hearing,881
2013,Broj,Teslić,M,hearing,435
2013,Broj,Teslić,Ž,hearing,446
2013,Broj,Grad Trebinje,Oba spola,hearing,461
2013,Broj,Grad Trebinje,M,hearing,227
2013,Broj,Grad Trebinje,Ž,hearing,234
2013,Broj,Trnovo,Oba spola,hearing,46
2013,Broj,Trnovo,M,hearing,22
2013,Broj,Trnovo,Ž,hearing,24
2013,Broj,Ugljevik,Oba spola,hearing,257
2013,Broj,Ugljevik,M,hearing,117
2013,Broj,Ugljevik,Ž,hearing,140
2013,Broj,Foča,Oba spola,hearing,430
2013,Broj,Foča,M,hearing,216
2013,Broj,Foča,Ž,hearing,214
2013,Broj,Han Pijesak,Oba spola,hearing,68
2013,Broj,Han Pijesak,M,hearing,28
2013,Broj,Han Pijesak,Ž,hearing,40
2013,Broj,Čajniče,Oba spola,hearing,135
2013,Broj,Čajniče,M,hearing,66
2013,Broj,Čajniče,Ž,hearing,69
2013,Broj,Čelinac,Oba spola,hearing,457
2013,Broj,Čelinac,M,hearing,233
2013,Broj,Čelinac,Ž,hearing,224
2013,Broj,Šamac,Oba spola,hearing,419
2013,Broj,Šamac,M,hearing,217
2013,Broj,Šamac,Ž,hearing,202
2013,Broj,Šekovići,Oba spola,hearing,193
2013,Broj,Šekovići,M,hearing,96
2013,Broj,Šekovići,Ž,hearing,97
2013,Broj,Šipovo,Oba spola,hearing,219
2013,Broj,Šipovo,M,hearing,104
2013,Broj,Šipovo,Ž,hearing,115
2013,Broj,Republika Srpska,Oba spola,walking,63381
2013,Broj,Republika Srpska,M,walking,26903
2013,Broj,Republika Srpska,Ž,walking,36478
2013,Broj,Grad Banja Luka,Oba spola,walking,8456
2013,Broj,Grad Banja Luka,M,walking,3667
2013,Broj,Grad Banja Luka,Ž,walking,4789
2013,Broj,Berkovići,Oba spola,walking,109
2013,Broj,Berkovići,M,walking,45
2013,Broj,Berkovići,Ž,walking,64
2013,Broj,Grad Bijeljina,Oba spola,walking,5530
2013,Broj,Grad Bijeljina,M,walking,2356
2013,Broj,Grad Bijeljina,Ž,walking,3174
2013,Broj,Bileća,Oba spola,walking,533
2013,Broj,Bileća,M,walking,193
2013,Broj,Bileća,Ž,walking,340
2013,Broj,Bratunac,Oba spola,walking,835
2013,Broj,Bratunac,M,walking,372
2013,Broj,Bratunac,Ž,walking,463
2013,Broj,Brod,Oba spola,walking,892
2013,Broj,Brod,M,walking,392
2013,Broj,Brod,Ž,walking,500
2013,Broj,Višegrad,Oba spola,walking,598
2013,Broj,Višegrad,M,walking,227
2013,Broj,Višegrad,Ž,walking,371
2013,Broj,Vlasenica,Oba spola,walking,440
2013,Broj,Vlasenica,M,walking,211
2013,Broj,Vlasenica,Ž,walking,229
2013,Broj,Vukosavlje,Oba spola,walking,286
2013,Broj,Vukosavlje,M,walking,130
2013,Broj,Vukosavlje,Ž,walking,156
2013,Broj,Gacko,Oba spola,walking,385
2013,Broj,Gacko,M,walking,152
2013,Broj,Gacko,Ž,walking,233
2013,Broj,Grad Gradiška,Oba spola,walking,2675
2013,Broj,Grad Gradiška,M,walking,1074
2013,Broj,Grad Gradiška,Ž,walking,1601
2013,Broj,Grad Derventa,Oba spola,walking,1590
2013,Broj,Grad Derventa,M,walking,695
2013,Broj,Grad Derventa,Ž,walking,895
2013,Broj,Grad Doboj,Oba spola,walking,4793
2013,Broj,Grad Doboj,M,walking,1953
2013,Broj,Grad Doboj,Ž,walking,2840
2013,Broj,Donji Žabar,Oba spola,walking,182
2013,Broj,Donji Žabar,M,walking,76
2013,Broj,Donji Žabar,Ž,walking,106
2013,Broj,Grad Zvornik,Oba spola,walking,2535
2013,Broj,Grad Zvornik,M,walking,1092
2013,Broj,Grad Zvornik,Ž,walking,1443
2013,Broj,Istočna Ilidža,Oba spola,walking,644
2013,Broj,Istočna Ilidža,M,walking,267
2013,Broj,Istočna Ilidža,Ž,walking,377
2013,Broj,Istočni Drvar,Oba spola,walking,7
2013,Broj,Istočni Drvar,M,walking,4
2013,Broj,Istočni Drvar,Ž,walking,3
2013,Broj,Istočni Mostar,Oba spola,walking,8
2013,Broj,Istočni Mostar,M,walking,2
2013,Broj,Istočni Mostar,Ž,walking,6
2013,Broj,Istočni Stari Grad,Oba spola,walking,53
2013,Broj,Istočni Stari Grad,M,walking,22
2013,Broj,Istočni Stari Grad,Ž,walking,31
2013,Broj,Istočno Novo Sarajevo,Oba spola,walking,380
2013,Broj,Istočno Novo Sarajevo,M,walking,163
2013,Broj,Istočno Novo Sarajevo,Ž,walking,217
2013,Broj,Jezero,Oba spola,walking,60
2013,Broj,Jezero,M,walking,29
2013,Broj,Jezero,Ž,walking,31
2013,Broj,Kalinovik,Oba spola,walking,132
2013,Broj,Kalinovik,M,walking,54
2013,Broj,Kalinovik,Ž,walking,78
2013,Broj,Kneževo,Oba spola,walking,568
2013,Broj,Kneževo,M,walking,255
2013,Broj,Kneževo,Ž,walking,313
2013,Broj,Kozarska Dubica,Oba spola,walking,1369
2013,Broj,Kozarska Dubica,M,walking,549
2013,Broj,Kozarska Dubica,Ž,walking,820
2013,Broj,Kostajnica,Oba spola,walking,312
2013,Broj,Kostajnica,M,walking,133
2013,Broj,Kostajnica,Ž,walking,179
2013,Broj,Kotor Varoš,Oba spola,walking,1074
2013,Broj,Kotor Varoš,M,walking,475
2013,Broj,Kotor Varoš,Ž,walking,599
2013,Broj,Krupa Na Uni,Oba spola,walking,112
2013,Broj,Krupa Na Uni,M,walking,43
2013,Broj,Krupa Na Uni,Ž,walking,69
2013,Broj,Kupres,Oba spola,walking,33
2013,Broj,Kupres,M,walking,18
2013,Broj,Kupres,Ž,walking,15
2013,Broj,Laktaši,Oba spola,walking,1426
2013,Broj,Laktaši,M,walking,650
2013,Broj,Laktaši,Ž,walking,776
2013,Broj,Lopare,Oba spola,walking,984
2013,Broj,Lopare,M,walking,447
2013,Broj,Lopare,Ž,walking,537
2013,Broj,Ljubinje,Oba spola,walking,119
2013,Broj,Ljubinje,M,walking,48
2013,Broj,Ljubinje,Ž,walking,71
2013,Broj,Milići,Oba spola,walking,508
2013,Broj,Milići,M,walking,224
2013,Broj,Milići,Ž,walking,284
2013,Broj,Modriča,Oba spola,walking,1527
2013,Broj,Modriča,M,walking,635
2013,Broj,Modriča,Ž,walking,892
2013,Broj,Mrkonjić Grad,Oba spola,walking,798
2013,Broj,Mrkonjić Grad,M,walking,355
2013,Broj,Mrkonjić Grad,Ž,walking,443
2013,Broj,Nevesinje,Oba spola,walking,551
2013,Broj,Nevesinje,M,walking,209
2013,Broj,Nevesinje,Ž,walking,342
2013,Broj,Novi Grad,Oba spola,walking,1711
2013,Broj,Novi Grad,M,walking,700
2013,Broj,Novi Grad,Ž,walking,1011
2013,Broj,Novo Goražde,Oba spola,walking,135
2013,Broj,Novo Goražde,M,walking,61
2013,Broj,Novo Goražde,Ž,walking,74
2013,Broj,Osmaci,Oba spola,walking,288
2013,Broj,Osmaci,M,walking,125
2013,Broj,Osmaci,Ž,walking,163
2013,Broj,Oštra Luka,Oba spola,walking,224
2013,Broj,Oštra Luka,M,walking,99
2013,Broj,Oštra Luka,Ž,walking,125
2013,Broj,Pale,Oba spola,walking,822
2013,Broj,Pale,M,walking,366
2013,Broj,Pale,Ž,walking,456
2013,Broj,Pelagićevo,Oba spola,walking,445
2013,Broj,Pelagićevo,M,walking,165
2013,Broj,Pelagićevo,Ž,walking,280
2013,Broj,Petrovac,Oba spola,walking,8
2013,Broj,Petrovac,M,walking,5
2013,Broj,Petrovac,Ž,walking,3
2013,Broj,Petrovo,Oba spola,walking,602
2013,Broj,Petrovo,M,walking,231
2013,Broj,Petrovo,Ž,walking,371
2013,Broj,Grad Prijedor,Oba spola,walking,4451
2013,Broj,Grad Prijedor,M,walking,1891
2013,Broj,Grad Prijedor,Ž,walking,2560
2013,Broj,Prnjavor,Oba spola,walking,2094
2013,Broj,Prnjavor,M,walking,860
2013,Broj,Prnjavor,Ž,walking,1234
2013,Broj,Ribnik,Oba spola,walking,438
2013,Broj,Ribnik,M,walking,182
2013,Broj,Ribnik,Ž,walking,256
2013,Broj,Rogatica,Oba spola,walking,640
2013,Broj,Rogatica,M,walking,264
2013,Broj,Rogatica,Ž,walking,376
2013,Broj,Rudo,Oba spola,walking,399
2013,Broj,Rudo,M,walking,165
2013,Broj,Rudo,Ž,walking,234
2013,Broj,Sokolac,Oba spola,walking,600
2013,Broj,Sokolac,M,walking,248
2013,Broj,Sokolac,Ž,walking,352
2013,Broj,Srbac,Oba spola,walking,910
2013,Broj,Srbac,M,walking,412
2013,Broj,Srbac,Ž,walking,498
2013,Broj,Srebrenica,Oba spola,walking,621
2013,Broj,Srebrenica,M,walking,256
2013,Broj,Srebrenica,Ž,walking,365
2013,Broj,Teslić,Oba spola,walking,2201
2013,Broj,Teslić,M,walking,973
2013,Broj,Teslić,Ž,walking,1228
2013,Broj,Grad Trebinje,Oba spola,walking,1198
2013,Broj,Grad Trebinje,M,walking,489
2013,Broj,Grad Trebinje,Ž,walking,709
2013,Broj,Trnovo,Oba spola,walking,104
2013,Broj,Trnovo,M,walking,41
2013,Broj,Trnovo,Ž,walking,63
2013,Broj,Ugljevik,Oba spola,walking,734
2013,Broj,Ugljevik,M,walking,312
2013,Broj,Ugljevik,Ž,walking,422
2013,Broj,Foča,Oba spola,walking,945
2013,Broj,Foča,M,walking,438
2013,Broj,Foča,Ž,walking,507
2013,Broj,Han Pijesak,Oba spola,walking,187
2013,Broj,Han Pijesak,M,walking,65
2013,Broj,Han Pijesak,Ž,walking,122
2013,Broj,Čajniče,Oba spola,walking,262
2013,Broj,Čajniče,M,walking,108
2013,Broj,Čajniče,Ž,walking,154
2013,Broj,Čelinac,Oba spola,walking,1038
2013,Broj,Čelinac,M,walking,469
2013,Broj,Čelinac,Ž,walking,569
2013,Broj,Šamac,Oba spola,walking,1041
2013,Broj,Šamac,M,walking,413
2013,Broj,Šamac,Ž,walking,628
2013,Broj,Šekovići,Oba spola,walking,283
2013,Broj,Šekovići,M,walking,125
2013,Broj,Šekovići,Ž,walking,158
2013,Broj,Šipovo,Oba spola,walking,496
2013,Broj,Šipovo,M,walking,223
2013,Broj,Šipovo,Ž,walking,273
2013,Broj,Republika Srpska,Oba spola,memory,18330
2013,Broj,Republika Srpska,M,memory,8168
2013,Broj,Republika Srpska,Ž,memory,10162
2013,Broj,Grad Banja Luka,Oba spola,memory,2300
2013,Broj,Grad Banja Luka,M,memory,1087
2013,Broj,Grad Banja Luka,Ž,memory,1213
2013,Broj,Berkovići,Oba spola,memory,35
2013,Broj,Berkovići,M,memory,13
2013,Broj,Berkovići,Ž,memory,22
2013,Broj,Grad Bijeljina,Oba spola,memory,1415
2013,Broj,Grad Bijeljina,M,memory,630
2013,Broj,Grad Bijeljina,Ž,memory,785
2013,Broj,Bileća,Oba spola,memory,126
2013,Broj,Bileća,M,memory,61
2013,Broj,Bileća,Ž,memory,65
2013,Broj,Bratunac,Oba spola,memory,290
2013,Broj,Bratunac,M,memory,116
2013,Broj,Bratunac,Ž,memory,174
2013,Broj,Brod,Oba spola,memory,239
2013,Broj,Brod,M,memory,104
2013,Broj,Brod,Ž,memory,135
2013,Broj,Višegrad,Oba spola,memory,309
2013,Broj,Višegrad,M,memory,75
2013,Broj,Višegrad,Ž,memory,234
2013,Broj,Vlasenica,Oba spola,memory,137
2013,Broj,Vlasenica,M,memory,60
2013,Broj,Vlasenica,Ž,memory,77
2013,Broj,Vukosavlje,Oba spola,memory,74
2013,Broj,Vukosavlje,M,memory,37
2013,Broj,Vukosavlje,Ž,memory,37
2013,Broj,Gacko,Oba spola,memory,90
2013,Broj,Gacko,M,memory,42
2013,Broj,Gacko,Ž,memory,48
2013,Broj,Grad Gradiška,Oba spola,memory,831
2013,Broj,Grad Gradiška,M,memory,338
2013,Broj,Grad Gradiška,Ž,memory,493
2013,Broj,Grad Derventa,Oba spola,memory,455
2013,Broj,Grad Derventa,M,memory,195
2013,Broj,Grad Derventa,Ž,memory,260
2013,Broj,Grad Doboj,Oba spola,memory,1369
2013,Broj,Grad Doboj,M,memory,596
2013,Broj,Grad Doboj,Ž,memory,773
2013,Broj,Donji Žabar,Oba spola,memory,40
2013,Broj,Donji Žabar,M,memory,19
2013,Broj,Donji Žabar,Ž,memory,21
2013,Broj,Grad Zvornik,Oba spola,memory,762
2013,Broj,Grad Zvornik,M,memory,330
2013,Broj,Grad Zvornik,Ž,memory,432
2013,Broj,Istočna Ilidža,Oba spola,memory,149
2013,Broj,Istočna Ilidža,M,memory,64
2013,Broj,Istočna Ilidža,Ž,memory,85
2013,Broj,Istočni Drvar,Oba spola,memory,1
2013,Broj,Istočni Drvar,M,memory,0
2013,Broj,Istočni Drvar,Ž,memory,1
2013,Broj,Istočni Mostar,Oba spola,memory,3
2013,Broj,Istočni Mostar,M,memory,2
2013,Broj,Istočni Mostar,Ž,memory,1
2013,Broj,Istočni Stari Grad,Oba spola,memory,20
2013,Broj,Istočni Stari Grad,M,memory,9
2013,Broj,Istočni Stari Grad,Ž,memory,11
2013,Broj,Istočno Novo Sarajevo,Oba spola,memory,104
2013,Broj,Istočno Novo Sarajevo,M,memory,49
2013,Broj,Istočno Novo Sarajevo,Ž,memory,55
2013,Broj,Jezero,Oba spola,memory,27
2013,Broj,Jezero,M,memory,15
2013,Broj,Jezero,Ž,memory,12
2013,Broj,Kalinovik,Oba spola,memory,27
2013,Broj,Kalinovik,M,memory,10
2013,Broj,Kalinovik,Ž,memory,17
2013,Broj,Kneževo,Oba spola,memory,238
2013,Broj,Kneževo,M,memory,113
2013,Broj,Kneževo,Ž,memory,125
2013,Broj,Kozarska Dubica,Oba spola,memory,331
2013,Broj,Kozarska Dubica,M,memory,154
2013,Broj,Kozarska Dubica,Ž,memory,177
2013,Broj,Kostajnica,Oba spola,memory,98
2013,Broj,Kostajnica,M,memory,41
2013,Broj,Kostajnica,Ž,memory,57
2013,Broj,Kotor Varoš,Oba spola,memory,339
2013,Broj,Kotor Varoš,M,memory,154
2013,Broj,Kotor Varoš,Ž,memory,185
2013,Broj,Krupa Na Uni,Oba spola,memory,40
2013,Broj,Krupa Na Uni,M,memory,19
2013,Broj,Krupa Na Uni,Ž,memory,21
2013,Broj,Kupres,Oba spola,memory,13
2013,Broj,Kupres,M,memory,9
2013,Broj,Kupres,Ž,memory,4
2013,Broj,Laktaši,Oba spola,memory,410
2013,Broj,Laktaši,M,memory,204
2013,Broj,Laktaši,Ž,memory,206
2013,Broj,Lopare,Oba spola,memory,281
2013,Broj,Lopare,M,memory,140
2013,Broj,Lopare,Ž,memory,141
2013,Broj,Ljubinje,Oba spola,memory,44
2013,Broj,Ljubinje,M,memory,17
2013,Broj,Ljubinje,Ž,memory,27
2013,Broj,Milići,Oba spola,memory,158
2013,Broj,Milići,M,memory,64
2013,Broj,Milići,Ž,memory,94
2013,Broj,Modriča,Oba spola,memory,478
2013,Broj,Modriča,M,memory,194
2013,Broj,Modriča,Ž,memory,284
2013,Broj,Mrkonjić Grad,Oba spola,memory,228
2013,Broj,Mrkonjić Grad,M,memory,98
2013,Broj,Mrkonjić Grad,Ž,memory,130
2013,Broj,Nevesinje,Oba spola,memory,144
2013,Broj,Nevesinje,M,memory,55
2013,Broj,Nevesinje,Ž,memory,89
2013,Broj,Novi Grad,Oba spola,memory,475
2013,Broj,Novi Grad,M,memory,223
2013,Broj,Novi Grad,Ž,memory,252
2013,Broj,Novo Goražde,Oba spola,memory,36
2013,Broj,Novo Goražde,M,memory,13
2013,Broj,Novo Goražde,Ž,memory,23
2013,Broj,Osmaci,Oba spola,memory,95
2013,Broj,Osmaci,M,memory,43
2013,Broj,Osmaci,Ž,memory,52
2013,Broj,Oštra Luka,Oba spola,memory,60
2013,Broj,Oštra Luka,M,memory,30
2013,Broj,Oštra Luka,Ž,memory,30
2013,Broj,Pale,Oba spola,memory,212
2013,Broj,Pale,M,memory,91
2013,Broj,Pale,Ž,memory,121
2013,Broj,Pelagićevo,Oba spola,memory,133
2013,Broj,Pelagićevo,M,memory,65
2013,Broj,Pelagićevo,Ž,memory,68
2013,Broj,Petrovac,Oba spola,memory,3
2013,Broj,Petrovac,M,memory,1
2013,Broj,Petrovac,Ž,memory,2
2013,Broj,Petrovo,Oba spola,memory,150
2013,Broj,Petrovo,M,memory,62
2013,Broj,Petrovo,Ž,memory,88
2013,Broj,Grad Prijedor,Oba spola,memory,1532
2013,Broj,Grad Prijedor,M,memory,766
2013,Broj,Grad Prijedor,Ž,memory,766
2013,Broj,Prnjavor,Oba spola,memory,567
2013,Broj,Prnjavor,M,memory,240
2013,Broj,Prnjavor,Ž,memory,327
2013,Broj,Ribnik,Oba spola,memory,123
2013,Broj,Ribnik,M,memory,56
2013,Broj,Ribnik,Ž,memory,67
2013,Broj,Rogatica,Oba spola,memory,169
2013,Broj,Rogatica,M,memory,72
2013,Broj,Rogatica,Ž,memory,97
2013,Broj,Rudo,Oba spola,memory,123
2013,Broj,Rudo,M,memory,53
2013,Broj,Rudo,Ž,memory,70
2013,Broj,Sokolac,Oba spola,memory,164
2013,Broj,Sokolac,M,memory,64
2013,Broj,Sokolac,Ž,memory,100
2013,Broj,Srbac,Oba spola,memory,316
2013,Broj,Srbac,M,memory,148
2013,Broj,Srbac,Ž,memory,168
2013,Broj,Srebrenica,Oba spola,memory,218
2013,Broj,Srebrenica,M,memory,82
2013,Broj,Srebrenica,Ž,memory,136
2013,Broj,Teslić,Oba spola,memory,644
2013,Broj,Teslić,M,memory,272
2013,Broj,Teslić,Ž,memory,372
2013,Broj,Grad Trebinje,Oba spola,memory,313
2013,Broj,Grad Trebinje,M,memory,143
2013,Broj,Grad Trebinje,Ž,memory,170
2013,Broj,Trnovo,Oba spola,memory,39
2013,Broj,Trnovo,M,memory,22
2013,Broj,Trnovo,Ž,memory,17
2013,Broj,Ugljevik,Oba spola,memory,191
2013,Broj,Ugljevik,M,memory,78
2013,Broj,Ugljevik,Ž,memory,113
2013,Broj,Foča,Oba spola,memory,265
2013,Broj,Foča,M,memory,126
2013,Broj,Foča,Ž,memory,139
2013,Broj,Han Pijesak,Oba spola,memory,49
2013,Broj,Han Pijesak,M,memory,15
2013,Broj,Han Pijesak,Ž,memory,34
2013,Broj,Čajniče,Oba spola,memory,67
2013,Broj,Čajniče,M,memory,30
2013,Broj,Čajniče,Ž,memory,37
2013,Broj,Čelinac,Oba spola,memory,298
2013,Broj,Čelinac,M,memory,150
2013,Broj,Čelinac,Ž,memory,148
2013,Broj,Šamac,Oba spola,memory,252
2013,Broj,Šamac,M,memory,110
2013,Broj,Šamac,Ž,memory,142
2013,Broj,Šekovići,Oba spola,memory,94
2013,Broj,Šekovići,M,memory,38
2013,Broj,Šekovići,Ž,memory,56
2013,Broj,Šipovo,Oba spola,memory,137
2013,Broj,Šipovo,M,memory,61
2013,Broj,Šipovo,Ž,memory,76
2013,Broj,Republika Srpska,Oba spola,dressing,13502
2013,Broj,Republika Srpska,M,dressing,5773
2013,Broj,Republika Srpska,Ž,dressing,7729
2013,Broj,Grad Banja Luka,Oba spola,dressing,1717
2013,Broj,Grad Banja Luka,M,dressing,774
2013,Broj,Grad Banja Luka,Ž,dressing,943
2013,Broj,Berkovići,Oba spola,dressing,29
2013,Broj,Berkovići,M,dressing,11
2013,Broj,Berkovići,Ž,dressing,18
2013,Broj,Grad Bijeljina,Oba spola,dressing,1050
2013,Broj,Grad Bijeljina,M,dressing,468
2013,Broj,Grad Bijeljina,Ž,dressing,582
2013,Broj,Bileća,Oba spola,dressing,107
2013,Broj,Bileća,M,dressing,44
2013,Broj,Bileća,Ž,dressing,63
2013,Broj,Bratunac,Oba spola,dressing,172
2013,Broj,Bratunac,M,dressing,76
2013,Broj,Bratunac,Ž,dressing,96
2013,Broj,Brod,Oba spola,dressing,143
2013,Broj,Brod,M,dressing,55
2013,Broj,Brod,Ž,dressing,88
2013,Broj,Višegrad,Oba spola,dressing,232
2013,Broj,Višegrad,M,dressing,60
2013,Broj,Višegrad,Ž,dressing,172
2013,Broj,Vlasenica,Oba spola,dressing,104
2013,Broj,Vlasenica,M,dressing,49
2013,Broj,Vlasenica,Ž,dressing,55
2013,Broj,Vukosavlje,Oba spola,dressing,53
2013,Broj,Vukosavlje,M,dressing,30
2013,Broj,Vukosavlje,Ž,dressing,23
2013,Broj,Gacko,Oba spola,dressing,74
2013,Broj,Gacko,M,dressing,25
2013,Broj,Gacko,Ž,dressing,49
2013,Broj,Grad Gradiška,Oba spola,dressing,617
2013,Broj,Grad Gradiška,M,dressing,252
2013,Broj,Grad Gradiška,Ž,dressing,365
2013,Broj,Grad Derventa,Oba spola,dressing,298
2013,Broj,Grad Derventa,M,dressing,114
2013,Broj,Grad Derventa,Ž,dressing,184
2013,Broj,Grad Doboj,Oba spola,dressing,1011
2013,Broj,Grad Doboj,M,dressing,408
2013,Broj,Grad Doboj,Ž,dressing,603
2013,Broj,Donji Žabar,Oba spola,dressing,31
2013,Broj,Donji Žabar,M,dressing,11
2013,Broj,Donji Žabar,Ž,dressing,20
2013,Broj,Grad Zvornik,Oba spola,dressing,518
2013,Broj,Grad Zvornik,M,dressing,239
2013,Broj,Grad Zvornik,Ž,dressing,279
2013,Broj,Istočna Ilidža,Oba spola,dressing,175
2013,Broj,Istočna Ilidža,M,dressing,83
2013,Broj,Istočna Ilidža,Ž,dressing,92
2013,Broj,Istočni Drvar,Oba spola,dressing,0
2013,Broj,Istočni Drvar,M,dressing,0
2013,Broj,Istočni Drvar,Ž,dressing,0
2013,Broj,Istočni Mostar,Oba spola,dressing,2
2013,Broj,Istočni Mostar,M,dressing,1
2013,Broj,Istočni Mostar,Ž,dressing,1
2013,Broj,Istočni Stari Grad,Oba spola,dressing,15
2013,Broj,Istočni Stari Grad,M,dressing,6
2013,Broj,Istočni Stari Grad,Ž,dressing,9
2013,Broj,Istočno Novo Sarajevo,Oba spola,dressing,77
2013,Broj,Istočno Novo Sarajevo,M,dressing,34
2013,Broj,Istočno Novo Sarajevo,Ž,dressing,43
2013,Broj,Jezero,Oba spola,dressing,18
2013,Broj,Jezero,M,dressing,9
2013,Broj,Jezero,Ž,dressing,9
2013,Broj,Kalinovik,Oba spola,dressing,26
2013,Broj,Kalinovik,M,dressing,8
2013,Broj,Kalinovik,Ž,dressing,18
2013,Broj,Kneževo,Oba spola,dressing,171
2013,Broj,Kneževo,M,dressing,70
2013,Broj,Kneževo,Ž,dressing,101
2013,Broj,Kozarska Dubica,Oba spola,dressing,243
2013,Broj,Kozarska Dubica,M,dressing,108
2013,Broj,Kozarska Dubica,Ž,dressing,135
2013,Broj,Kostajnica,Oba spola,dressing,69
2013,Broj,Kostajnica,M,dressing,24
2013,Broj,Kostajnica,Ž,dressing,45
2013,Broj,Kotor Varoš,Oba spola,dressing,228
2013,Broj,Kotor Varoš,M,dressing,100
2013,Broj,Kotor Varoš,Ž,dressing,128
2013,Broj,Krupa Na Uni,Oba spola,dressing,19
2013,Broj,Krupa Na Uni,M,dressing,5
2013,Broj,Krupa Na Uni,Ž,dressing,14
2013,Broj,Kupres,Oba spola,dressing,6
2013,Broj,Kupres,M,dressing,3
2013,Broj,Kupres,Ž,dressing,3
2013,Broj,Laktaši,Oba spola,dressing,324
2013,Broj,Laktaši,M,dressing,162
2013,Broj,Laktaši,Ž,dressing,162
2013,Broj,Lopare,Oba spola,dressing,190
2013,Broj,Lopare,M,dressing,85
2013,Broj,Lopare,Ž,dressing,105
2013,Broj,Ljubinje,Oba spola,dressing,44
2013,Broj,Ljubinje,M,dressing,18
2013,Broj,Ljubinje,Ž,dressing,26
2013,Broj,Milići,Oba spola,dressing,107
2013,Broj,Milići,M,dressing,42
2013,Broj,Milići,Ž,dressing,65
2013,Broj,Modriča,Oba spola,dressing,383
2013,Broj,Modriča,M,dressing,152
2013,Broj,Modriča,Ž,dressing,231
2013,Broj,Mrkonjić Grad,Oba spola,dressing,203
2013,Broj,Mrkonjić Grad,M,dressing,83
2013,Broj,Mrkonjić Grad,Ž,dressing,120
2013,Broj,Nevesinje,Oba spola,dressing,104
2013,Broj,Nevesinje,M,dressing,38
2013,Broj,Nevesinje,Ž,dressing,66
2013,Broj,Novi Grad,Oba spola,dressing,373
2013,Broj,Novi Grad,M,dressing,156
2013,Broj,Novi Grad,Ž,dressing,217
2013,Broj,Novo Goražde,Oba spola,dressing,20
2013,Broj,Novo Goražde,M,dressing,7
2013,Broj,Novo Goražde,Ž,dressing,13
2013,Broj,Osmaci,Oba spola,dressing,43
2013,Broj,Osmaci,M,dressing,16
2013,Broj,Osmaci,Ž,dressing,27
2013,Broj,Oštra Luka,Oba spola,dressing,39
2013,Broj,Oštra Luka,M,dressing,17
2013,Broj,Oštra Luka,Ž,dressing,22
2013,Broj,Pale,Oba spola,dressing,174
2013,Broj,Pale,M,dressing,80
2013,Broj,Pale,Ž,dressing,94
2013,Broj,Pelagićevo,Oba spola,dressing,71
2013,Broj,Pelagićevo,M,dressing,33
2013,Broj,Pelagićevo,Ž,dressing,38
2013,Broj,Petrovac,Oba spola,dressing,4
2013,Broj,Petrovac,M,dressing,1
2013,Broj,Petrovac,Ž,dressing,3
2013,Broj,Petrovo,Oba spola,dressing,106
2013,Broj,Petrovo,M,dressing,40
2013,Broj,Petrovo,Ž,dressing,66
2013,Broj,Grad Prijedor,Oba spola,dressing,1081
2013,Broj,Grad Prijedor,M,dressing,517
2013,Broj,Grad Prijedor,Ž,dressing,564
2013,Broj,Prnjavor,Oba spola,dressing,418
2013,Broj,Prnjavor,M,dressing,182
2013,Broj,Prnjavor,Ž,dressing,236
2013,Broj,Ribnik,Oba spola,dressing,111
2013,Broj,Ribnik,M,dressing,50
2013,Broj,Ribnik,Ž,dressing,61
2013,Broj,Rogatica,Oba spola,dressing,153
2013,Broj,Rogatica,M,dressing,59
2013,Broj,Rogatica,Ž,dressing,94
2013,Broj,Rudo,Oba spola,dressing,85
2013,Broj,Rudo,M,dressing,40
2013,Broj,Rudo,Ž,dressing,45
2013,Broj,Sokolac,Oba spola,dressing,143
2013,Broj,Sokolac,M,dressing,55
2013,Broj,Sokolac,Ž,dressing,88
2013,Broj,Srbac,Oba spola,dressing,174
2013,Broj,Srbac,M,dressing,78
2013,Broj,Srbac,Ž,dressing,96
2013,Broj,Srebrenica,Oba spola,dressing,99
2013,Broj,Srebrenica,M,dressing,34
2013,Broj,Srebrenica,Ž,dressing,65
2013,Broj,Teslić,Oba spola,dressing,499
2013,Broj,Teslić,M,dressing,209
2013,Broj,Teslić,Ž,dressing,290
2013,Broj,Grad Trebinje,Oba spola,dressing,283
2013,Broj,Grad Trebinje,M,dressing,104
2013,Broj,Grad Trebinje,Ž,dressing,179
2013,Broj,Trnovo,Oba spola,dressing,31
2013,Broj,Trnovo,M,dressing,12
2013,Broj,Trnovo,Ž,dressing,19
2013,Broj,Ugljevik,Oba spola,dressing,151
2013,Broj,Ugljevik,M,dressing,63
2013,Broj,Ugljevik,Ž,dressing,88
2013,Broj,Foča,Oba spola,dressing,230
2013,Broj,Foča,M,dressing,97
2013,Broj,Foča,Ž,dressing,133
2013,Broj,Han Pijesak,Oba spola,dressing,48
2013,Broj,Han Pijesak,M,dressing,15
2013,Broj,Han Pijesak,Ž,dressing,33
2013,Broj,Čajniče,Oba spola,dressing,50
2013,Broj,Čajniče,M,dressing,23
2013,Broj,Čajniče,Ž,dressing,27
2013,Broj,Čelinac,Oba spola,dressing,210
2013,Broj,Čelinac,M,dressing,96
2013,Broj,Čelinac,Ž,dressing,114
2013,Broj,Šamac,Oba spola,dressing,159
2013,Broj,Šamac,M,dressing,67
2013,Broj,Šamac,Ž,dressing,92
2013,Broj,Šekovići,Oba spola,dressing,60
2013,Broj,Šekovići,M,dressing,29
2013,Broj,Šekovići,Ž,dressing,31
2013,Broj,Šipovo,Oba spola,dressing,127
2013,Broj,Šipovo,M,dressing,46
2013,Broj,Šipovo,Ž,dressing,81
2013,Broj,Republika Srpska,Oba spola,communication,10723
2013,Broj,Republika Srpska,M,communication,5103
2013,Broj,Republika Srpska,Ž,communication,5620
2013,Broj,Grad Banja Luka,Oba spola,communication,1307
2013,Broj,Grad Banja Luka,M,communication,670
2013,Broj,Grad Banja Luka,Ž,communication,637
2013,Broj,Berkovići,Oba spola,communication,26
2013,Broj,Berkovići,M,communication,11
2013,Broj,Berkovići,Ž,communication,15
2013,Broj,Grad Bijeljina,Oba spola,communication,793
2013,Broj,Grad Bijeljina,M,communication,398
2013,Broj,Grad Bijeljina,Ž,communication,395
2013,Broj,Bileća,Oba spola,communication,89
2013,Broj,Bileća,M,communication,44
2013,Broj,Bileća,Ž,communication,45
2013,Broj,Bratunac,Oba spola,communication,135
2013,Broj,Bratunac,M,communication,56
2013,Broj,Bratunac,Ž,communication,79
2013,Broj,Brod,Oba spola,communication,121
2013,Broj,Brod,M,communication,60
2013,Broj,Brod,Ž,communication,61
2013,Broj,Višegrad,Oba spola,communication,202
2013,Broj,Višegrad,M,communication,55
2013,Broj,Višegrad,Ž,communication,147
2013,Broj,Vlasenica,Oba spola,communication,96
2013,Broj,Vlasenica,M,communication,50
2013,Broj,Vlasenica,Ž,communication,46
2013,Broj,Vukosavlje,Oba spola,communication,50
2013,Broj,Vukosavlje,M,communication,26
2013,Broj,Vukosavlje,Ž,communication,24
2013,Broj,Gacko,Oba spola,communication,70
2013,Broj,Gacko,M,communication,30
2013,Broj,Gacko,Ž,communication,40
2013,Broj,Grad Gradiška,Oba spola,communication,504
2013,Broj,Grad Gradiška,M,communication,220
2013,Broj,Grad Gradiška,Ž,communication,284
2013,Broj,Grad Derventa,Oba spola,communication,255
2013,Broj,Grad Derventa,M,communication,118
2013,Broj,Grad Derventa,Ž,communication,137
2013,Broj,Grad Doboj,Oba spola,communication,786
2013,Broj,Grad Doboj,M,communication,353
2013,Broj,Grad Doboj,Ž,communication,433
2013,Broj,Donji Žabar,Oba spola,communication,23
2013,Broj,Donji Žabar,M,communication,13
2013,Broj,Donji Žabar,Ž,communication,10
2013,Broj,Grad Zvornik,Oba spola,communication,402
2013,Broj,Grad Zvornik,M,communication,184
2013,Broj,Grad Zvornik,Ž,communication,218
2013,Broj,Istočna Ilidža,Oba spola,communication,113
2013,Broj,Istočna Ilidža,M,communication,54
2013,Broj,Istočna Ilidža,Ž,communication,59
2013,Broj,Istočni Drvar,Oba spola,communication,0
2013,Broj,Istočni Drvar,M,communication,0
2013,Broj,Istočni Drvar,Ž,communication,0
2013,Broj,Istočni Mostar,Oba spola,communication,2
2013,Broj,Istočni Mostar,M,communication,1
2013,Broj,Istočni Mostar,Ž,communication,1
2013,Broj,Istočni Stari Grad,Oba spola,communication,14
2013,Broj,Istočni Stari Grad,M,communication,9
2013,Broj,Istočni Stari Grad,Ž,communication,5
2013,Broj,Istočno Novo Sarajevo,Oba spola,communication,65
2013,Broj,Istočno Novo Sarajevo,M,communication,33
2013,Broj,Istočno Novo Sarajevo,Ž,communication,32
2013,Broj,Jezero,Oba spola,communication,14
2013,Broj,Jezero,M,communication,6
2013,Broj,Jezero,Ž,communication,8
2013,Broj,Kalinovik,Oba spola,communication,17
2013,Broj,Kalinovik,M,communication,8
2013,Broj,Kalinovik,Ž,communication,9
2013,Broj,Kneževo,Oba spola,communication,140
2013,Broj,Kneževo,M,communication,59
2013,Broj,Kneževo,Ž,communication,81
2013,Broj,Kozarska Dubica,Oba spola,communication,187
2013,Broj,Kozarska Dubica,M,communication,94
2013,Broj,Kozarska Dubica,Ž,communication,93
2013,Broj,Kostajnica,Oba spola,communication,53
2013,Broj,Kostajnica,M,communication,21
2013,Broj,Kostajnica,Ž,communication,32
2013,Broj,Kotor Varoš,Oba spola,communication,176
2013,Broj,Kotor Varoš,M,communication,84
2013,Broj,Kotor Varoš,Ž,communication,92
2013,Broj,Krupa Na Uni,Oba spola,communication,20
2013,Broj,Krupa Na Uni,M,communication,8
2013,Broj,Krupa Na Uni,Ž,communication,12
2013,Broj,Kupres,Oba spola,communication,6
2013,Broj,Kupres,M,communication,4
2013,Broj,Kupres,Ž,communication,2
2013,Broj,Laktaši,Oba spola,communication,283
2013,Broj,Laktaši,M,communication,148
2013,Broj,Laktaši,Ž,communication,135
2013,Broj,Lopare,Oba spola,communication,168
2013,Broj,Lopare,M,communication,86
2013,Broj,Lopare,Ž,communication,82
2013,Broj,Ljubinje,Oba spola,communication,31
2013,Broj,Ljubinje,M,communication,14
2013,Broj,Ljubinje,Ž,communication,17
2013,Broj,Milići,Oba spola,communication,77
2013,Broj,Milići,M,communication,27
2013,Broj,Milići,Ž,communication,50
2013,Broj,Modriča,Oba spola,communication,309
2013,Broj,Modriča,M,communication,139
2013,Broj,Modriča,Ž,communication,170
2013,Broj,Mrkonjić Grad,Oba spola,communication,176
2013,Broj,Mrkonjić Grad,M,communication,73
2013,Broj,Mrkonjić Grad,Ž,communication,103
2013,Broj,Nevesinje,Oba spola,communication,107
2013,Broj,Nevesinje,M,communication,43
2013,Broj,Nevesinje,Ž,communication,64
2013,Broj,Novi Grad,Oba spola,communication,277
2013,Broj,Novi Grad,M,communication,121
2013,Broj,Novi Grad,Ž,communication,156
2013,Broj,Novo Goražde,Oba spola,communication,18
2013,Broj,Novo Goražde,M,communication,5
2013,Broj,Novo Goražde,Ž,communication,13
2013,Broj,Osmaci,Oba spola,communication,40
2013,Broj,Osmaci,M,communication,19
2013,Broj,Osmaci,Ž,communication,21
2013,Broj,Oštra Luka,Oba spola,communication,26
2013,Broj,Oštra Luka,M,communication,10
2013,Broj,Oštra Luka,Ž,communication,16
2013,Broj,Pale,Oba spola,communication,130
2013,Broj,Pale,M,communication,59
2013,Broj,Pale,Ž,communication,71
2013,Broj,Pelagićevo,Oba spola,communication,68
2013,Broj,Pelagićevo,M,communication,33
2013,Broj,Pelagićevo,Ž,communication,35
2013,Broj,Petrovac,Oba spola,communication,1
2013,Broj,Petrovac,M,communication,0
2013,Broj,Petrovac,Ž,communication,1
2013,Broj,Petrovo,Oba spola,communication,64
2013,Broj,Petrovo,M,communication,36
2013,Broj,Petrovo,Ž,communication,28
2013,Broj,Grad Prijedor,Oba spola,communication,927
2013,Broj,Grad Prijedor,M,communication,517
2013,Broj,Grad Prijedor,Ž,communication,410
2013,Broj,Prnjavor,Oba spola,communication,320
2013,Broj,Prnjavor,M,communication,162
2013,Broj,Prnjavor,Ž,communication,158
2013,Broj,Ribnik,Oba spola,communication,91
2013,Broj,Ribnik,M,communication,45
2013,Broj,Ribnik,Ž,communication,46
2013,Broj,Rogatica,Oba spola,communication,90
2013,Broj,Rogatica,M,communication,45
2013,Broj,Rogatica,Ž,communication,45
2013,Broj,Rudo,Oba spola,communication,68
2013,Broj,Rudo,M,communication,29
2013,Broj,Rudo,Ž,communication,39
2013,Broj,Sokolac,Oba spola,communication,112
2013,Broj,Sokolac,M,communication,43
2013,Broj,Sokolac,Ž,communication,69
2013,Broj,Srbac,Oba spola,communication,171
2013,Broj,Srbac,M,communication,81
2013,Broj,Srbac,Ž,communication,90
2013,Broj,Srebrenica,Oba spola,communication,80
2013,Broj,Srebrenica,M,communication,33
2013,Broj,Srebrenica,Ž,communication,47
2013,Broj,Teslić,Oba spola,communication,387
2013,Broj,Teslić,M,communication,189
2013,Broj,Teslić,Ž,communication,198
2013,Broj,Grad Trebinje,Oba spola,communication,205
2013,Broj,Grad Trebinje,M,communication,94
2013,Broj,Grad Trebinje,Ž,communication,111
2013,Broj,Trnovo,Oba spola,communication,22
2013,Broj,Trnovo,M,communication,12
2013,Broj,Trnovo,Ž,communication,10
2013,Broj,Ugljevik,Oba spola,communication,93
2013,Broj,Ugljevik,M,communication,41
2013,Broj,Ugljevik,Ž,communication,52
2013,Broj,Foča,Oba spola,communication,170
2013,Broj,Foča,M,communication,81
2013,Broj,Foča,Ž,communication,89
2013,Broj,Han Pijesak,Oba spola,communication,36
2013,Broj,Han Pijesak,M,communication,14
2013,Broj,Han Pijesak,Ž,communication,22
2013,Broj,Čajniče,Oba spola,communication,41
2013,Broj,Čajniče,M,communication,17
2013,Broj,Čajniče,Ž,communication,24
2013,Broj,Čelinac,Oba spola,communication,163
2013,Broj,Čelinac,M,communication,72
2013,Broj,Čelinac,Ž,communication,91
2013,Broj,Šamac,Oba spola,communication,146
2013,Broj,Šamac,M,communication,71
2013,Broj,Šamac,Ž,communication,75
2013,Broj,Šekovići,Oba spola,communication,68
2013,Broj,Šekovići,M,communication,33
2013,Broj,Šekovići,Ž,communication,35
2013,Broj,Šipovo,Oba spola,communication,92
2013,Broj,Šipovo,M,communication,42
2013,Broj,Šipovo,Ž,communication,50
2013,Broj,Republika Srpska,Oba spola,more_disabilities,38298
2013,Broj,Republika Srpska,M,more_disabilities,16292
2013,Broj,Republika Srpska,Ž,more_disabilities,22006
2013,Broj,Grad Banja Luka,Oba spola,more_disabilities,4944
2013,Broj,Grad Banja Luka,M,more_disabilities,2158
2013,Broj,Grad Banja Luka,Ž,more_disabilities,2786
2013,Broj,Berkovići,Oba spola,more_disabilities,73
2013,Broj,Berkovići,M,more_disabilities,32
2013,Broj,Berkovići,Ž,more_disabilities,41
2013,Broj,Grad Bijeljina,Oba spola,more_disabilities,3094
2013,Broj,Grad Bijeljina,M,more_disabilities,1359
2013,Broj,Grad Bijeljina,Ž,more_disabilities,1735
2013,Broj,Bileća,Oba spola,more_disabilities,350
2013,Broj,Bileća,M,more_disabilities,151
2013,Broj,Bileća,Ž,more_disabilities,199
2013,Broj,Bratunac,Oba spola,more_disabilities,566
2013,Broj,Bratunac,M,more_disabilities,243
2013,Broj,Bratunac,Ž,more_disabilities,323
2013,Broj,Brod,Oba spola,more_disabilities,485
2013,Broj,Brod,M,more_disabilities,194
2013,Broj,Brod,Ž,more_disabilities,291
2013,Broj,Višegrad,Oba spola,more_disabilities,477
2013,Broj,Višegrad,M,more_disabilities,145
2013,Broj,Višegrad,Ž,more_disabilities,332
2013,Broj,Vlasenica,Oba spola,more_disabilities,305
2013,Broj,Vlasenica,M,more_disabilities,130
2013,Broj,Vlasenica,Ž,more_disabilities,175
2013,Broj,Vukosavlje,Oba spola,more_disabilities,158
2013,Broj,Vukosavlje,M,more_disabilities,77
2013,Broj,Vukosavlje,Ž,more_disabilities,81
2013,Broj,Gacko,Oba spola,more_disabilities,219
2013,Broj,Gacko,M,more_disabilities,84
2013,Broj,Gacko,Ž,more_disabilities,135
2013,Broj,Grad Gradiška,Oba spola,more_disabilities,1641
2013,Broj,Grad Gradiška,M,more_disabilities,637
2013,Broj,Grad Gradiška,Ž,more_disabilities,1004
2013,Broj,Grad Derventa,Oba spola,more_disabilities,938
2013,Broj,Grad Derventa,M,more_disabilities,385
2013,Broj,Grad Derventa,Ž,more_disabilities,553
2013,Broj,Grad Doboj,Oba spola,more_disabilities,3008
2013,Broj,Grad Doboj,M,more_disabilities,1227
2013,Broj,Grad Doboj,Ž,more_disabilities,1781
2013,Broj,Donji Žabar,Oba spola,more_disabilities,89
2013,Broj,Donji Žabar,M,more_disabilities,42
2013,Broj,Donji Žabar,Ž,more_disabilities,47
2013,Broj,Grad Zvornik,Oba spola,more_disabilities,1546
2013,Broj,Grad Zvornik,M,more_disabilities,670
2013,Broj,Grad Zvornik,Ž,more_disabilities,876
2013,Broj,Istočna Ilidža,Oba spola,more_disabilities,394
2013,Broj,Istočna Ilidža,M,more_disabilities,171
2013,Broj,Istočna Ilidža,Ž,more_disabilities,223
2013,Broj,Istočni Drvar,Oba spola,more_disabilities,4
2013,Broj,Istočni Drvar,M,more_disabilities,1
2013,Broj,Istočni Drvar,Ž,more_disabilities,3
2013,Broj,Istočni Mostar,Oba spola,more_disabilities,7
2013,Broj,Istočni Mostar,M,more_disabilities,2
2013,Broj,Istočni Mostar,Ž,more_disabilities,5
2013,Broj,Istočni Stari Grad,Oba spola,more_disabilities,32
2013,Broj,Istočni Stari Grad,M,more_disabilities,16
2013,Broj,Istočni Stari Grad,Ž,more_disabilities,16
2013,Broj,Istočno Novo Sarajevo,Oba spola,more_disabilities,206
2013,Broj,Istočno Novo Sarajevo,M,more_disabilities,87
2013,Broj,Istočno Novo Sarajevo,Ž,more_disabilities,119
2013,Broj,Jezero,Oba spola,more_disabilities,40
2013,Broj,Jezero,M,more_disabilities,17
2013,Broj,Jezero,Ž,more_disabilities,23
2013,Broj,Kalinovik,Oba spola,more_disabilities,80
2013,Broj,Kalinovik,M,more_disabilities,30
2013,Broj,Kalinovik,Ž,more_disabilities,50
2013,Broj,Kneževo,Oba spola,more_disabilities,399
2013,Broj,Kneževo,M,more_disabilities,178
2013,Broj,Kneževo,Ž,more_disabilities,221
2013,Broj,Kozarska Dubica,Oba spola,more_disabilities,741
2013,Broj,Kozarska Dubica,M,more_disabilities,302
2013,Broj,Kozarska Dubica,Ž,more_disabilities,439
2013,Broj,Kostajnica,Oba spola,more_disabilities,209
2013,Broj,Kostajnica,M,more_disabilities,93
2013,Broj,Kostajnica,Ž,more_disabilities,116
2013,Broj,Kotor Varoš,Oba spola,more_disabilities,702
2013,Broj,Kotor Varoš,M,more_disabilities,310
2013,Broj,Kotor Varoš,Ž,more_disabilities,392
2013,Broj,Krupa Na Uni,Oba spola,more_disabilities,88
2013,Broj,Krupa Na Uni,M,more_disabilities,40
2013,Broj,Krupa Na Uni,Ž,more_disabilities,48
2013,Broj,Kupres,Oba spola,more_disabilities,21
2013,Broj,Kupres,M,more_disabilities,13
2013,Broj,Kupres,Ž,more_disabilities,8
2013,Broj,Laktaši,Oba spola,more_disabilities,887
2013,Broj,Laktaši,M,more_disabilities,413
2013,Broj,Laktaši,Ž,more_disabilities,474
2013,Broj,Lopare,Oba spola,more_disabilities,583
2013,Broj,Lopare,M,more_disabilities,254
2013,Broj,Lopare,Ž,more_disabilities,329
2013,Broj,Ljubinje,Oba spola,more_disabilities,81
2013,Broj,Ljubinje,M,more_disabilities,34
2013,Broj,Ljubinje,Ž,more_disabilities,47
2013,Broj,Milići,Oba spola,more_disabilities,314
2013,Broj,Milići,M,more_disabilities,130
2013,Broj,Milići,Ž,more_disabilities,184
2013,Broj,Modriča,Oba spola,more_disabilities,927
2013,Broj,Modriča,M,more_disabilities,399
2013,Broj,Modriča,Ž,more_disabilities,528
2013,Broj,Mrkonjić Grad,Oba spola,more_disabilities,475
2013,Broj,Mrkonjić Grad,M,more_disabilities,210
2013,Broj,Mrkonjić Grad,Ž,more_disabilities,265
2013,Broj,Nevesinje,Oba spola,more_disabilities,327
2013,Broj,Nevesinje,M,more_disabilities,130
2013,Broj,Nevesinje,Ž,more_disabilities,197
2013,Broj,Novi Grad,Oba spola,more_disabilities,1049
2013,Broj,Novi Grad,M,more_disabilities,446
2013,Broj,Novi Grad,Ž,more_disabilities,603
2013,Broj,Novo Goražde,Oba spola,more_disabilities,75
2013,Broj,Novo Goražde,M,more_disabilities,28
2013,Broj,Novo Goražde,Ž,more_disabilities,47
2013,Broj,Osmaci,Oba spola,more_disabilities,189
2013,Broj,Osmaci,M,more_disabilities,79
2013,Broj,Osmaci,Ž,more_disabilities,110
2013,Broj,Oštra Luka,Oba spola,more_disabilities,132
2013,Broj,Oštra Luka,M,more_disabilities,63
2013,Broj,Oštra Luka,Ž,more_disabilities,69
2013,Broj,Pale,Oba spola,more_disabilities,446
2013,Broj,Pale,M,more_disabilities,209
2013,Broj,Pale,Ž,more_disabilities,237
2013,Broj,Pelagićevo,Oba spola,more_disabilities,268
2013,Broj,Pelagićevo,M,more_disabilities,102
2013,Broj,Pelagićevo,Ž,more_disabilities,166
2013,Broj,Petrovac,Oba spola,more_disabilities,7
2013,Broj,Petrovac,M,more_disabilities,4
2013,Broj,Petrovac,Ž,more_disabilities,3
2013,Broj,Petrovo,Oba spola,more_disabilities,378
2013,Broj,Petrovo,M,more_disabilities,156
2013,Broj,Petrovo,Ž,more_disabilities,222
2013,Broj,Grad Prijedor,Oba spola,more_disabilities,2789
2013,Broj,Grad Prijedor,M,more_disabilities,1276
2013,Broj,Grad Prijedor,Ž,more_disabilities,1513
2013,Broj,Prnjavor,Oba spola,more_disabilities,1199
2013,Broj,Prnjavor,M,more_disabilities,465
2013,Broj,Prnjavor,Ž,more_disabilities,734
2013,Broj,Ribnik,Oba spola,more_disabilities,272
2013,Broj,Ribnik,M,more_disabilities,128
2013,Broj,Ribnik,Ž,more_disabilities,144
2013,Broj,Rogatica,Oba spola,more_disabilities,407
2013,Broj,Rogatica,M,more_disabilities,164
2013,Broj,Rogatica,Ž,more_disabilities,243
2013,Broj,Rudo,Oba spola,more_disabilities,252
2013,Broj,Rudo,M,more_disabilities,104
2013,Broj,Rudo,Ž,more_disabilities,148
2013,Broj,Sokolac,Oba spola,more_disabilities,347
2013,Broj,Sokolac,M,more_disabilities,143
2013,Broj,Sokolac,Ž,more_disabilities,204
2013,Broj,Srbac,Oba spola,more_disabilities,576
2013,Broj,Srbac,M,more_disabilities,257
2013,Broj,Srbac,Ž,more_disabilities,319
2013,Broj,Srebrenica,Oba spola,more_disabilities,381
2013,Broj,Srebrenica,M,more_disabilities,144
2013,Broj,Srebrenica,Ž,more_disabilities,237
2013,Broj,Teslić,Oba spola,more_disabilities,1374
2013,Broj,Teslić,M,more_disabilities,585
2013,Broj,Teslić,Ž,more_disabilities,789
2013,Broj,Grad Trebinje,Oba spola,more_disabilities,689
2013,Broj,Grad Trebinje,M,more_disabilities,280
2013,Broj,Grad Trebinje,Ž,more_disabilities,409
2013,Broj,Trnovo,Oba spola,more_disabilities,69
2013,Broj,Trnovo,M,more_disabilities,31
2013,Broj,Trnovo,Ž,more_disabilities,38
2013,Broj,Ugljevik,Oba spola,more_disabilities,402
2013,Broj,Ugljevik,M,more_disabilities,165
2013,Broj,Ugljevik,Ž,more_disabilities,237
2013,Broj,Foča,Oba spola,more_disabilities,581
2013,Broj,Foča,M,more_disabilities,262
2013,Broj,Foča,Ž,more_disabilities,319
2013,Broj,Han Pijesak,Oba spola,more_disabilities,95
2013,Broj,Han Pijesak,M,more_disabilities,30
2013,Broj,Han Pijesak,Ž,more_disabilities,65
2013,Broj,Čajniče,Oba spola,more_disabilities,176
2013,Broj,Čajniče,M,more_disabilities,77
2013,Broj,Čajniče,Ž,more_disabilities,99
2013,Broj,Čelinac,Oba spola,more_disabilities,624
2013,Broj,Čelinac,M,more_disabilities,269
2013,Broj,Čelinac,Ž,more_disabilities,355
2013,Broj,Šamac,Oba spola,more_disabilities,567
2013,Broj,Šamac,M,more_disabilities,228
2013,Broj,Šamac,Ž,more_disabilities,339
2013,Broj,Šekovići,Oba spola,more_disabilities,222
2013,Broj,Šekovići,M,more_disabilities,101
2013,Broj,Šekovići,Ž,more_disabilities,121
2013,Broj,Šipovo,Oba spola,more_disabilities,322
2013,Broj,Šipovo,M,more_disabilities,132
2013,Broj,Šipovo,Ž,more_disabilities,190
