Year,UNIT_MEASURE,Value
2003,Старосна доб,23.7
2004,Старосна доб,24.6
2005,Старосна доб,24.9
2006,Старосна доб,25.0
2007,Старосна доб,25.0
2008,Старосна доб,25.4
2009,Старосна доб,25.6
2010,Старосна доб,25.9
2011,Старосна доб,26.3
2012,Старосна доб,26.4
2013,Старосна доб,26.7
2014,Старосна доб,26.9
2015,Старосна доб,27.2
2016,Старосна доб,26.9
2017,Старосна доб,27.3
2018,Старосна доб,27.6
2019,Старосна доб,27.8
2020,Старосна доб,27.9
