Year,UNIT_MEASURE,Пол,Старосна доб,Value
2019,Број,Оба пола,Укупно,1140112
2019,Број,Оба пола,0,9365
2019,Број,Оба пола,1-4,37626
2019,Број,Оба пола,5-9,50897
2019,Број,Оба пола,10-14,54692
2019,Број,Оба пола,15-19,56076
2019,Број,Оба пола,20-24,67832
2019,Број,Оба пола,25-29,64658
2019,Број,Оба пола,30-34,74016
2019,Број,Оба пола,35-39,80514
2019,Број,Оба пола,40-44,80618
2019,Број,Оба пола,45-49,75633
2019,Број,Оба пола,50-54,79164
2019,Број,Оба пола,55-59,85946
2019,Број,Оба пола,60-64,87659
2019,Број,Оба пола,65-69,83151
2019,Број,Оба пола,70-74,59632
2019,Број,Оба пола,75-79,40915
2019,Број,Оба пола,80-84,33520
2019,Број,Оба пола,85-89,14290
2019,Број,Оба пола,90-94,3405
2019,Број,Оба пола,95-99,422
2019,Број,Оба пола,100-104,73
2019,Број,Оба пола,105-109,6
2019,Број,Оба пола,110-114,0
2019,Број,Оба пола,115-119,0
2019,Број,Оба пола,120+,0
2020,Број,Оба пола,Укупно,1134945
2020,Број,Оба пола,0,9255
2020,Број,Оба пола,1-4,37672
2020,Број,Оба пола,5-9,49260
2020,Број,Оба пола,10-14,54877
2020,Број,Оба пола,15-19,55071
2020,Број,Оба пола,20-24,64857
2020,Број,Оба пола,25-29,65714
2020,Број,Оба пола,30-34,72111
2020,Број,Оба пола,35-39,79792
2020,Број,Оба пола,40-44,80581
2020,Број,Оба пола,45-49,77450
2020,Број,Оба пола,50-54,75789
2020,Број,Оба пола,55-59,84582
2020,Број,Оба пола,60-64,86951
2020,Број,Оба пола,65-69,84077
2020,Број,Оба пола,70-74,64944
2020,Број,Оба пола,75-79,37918
2020,Број,Оба пола,80-84,34520
2020,Број,Оба пола,85-89,15078
2020,Број,Оба пола,90-94,3932
2020,Број,Оба пола,95-99,446
2020,Број,Оба пола,100-104,62
2020,Број,Оба пола,105-109,5
2020,Број,Оба пола,110-114,0
2020,Број,Оба пола,115-119,0
2020,Број,Оба пола,120+,0
2025,Број,Оба пола,Укупно,1107541
2025,Број,Оба пола,0,8710
2025,Број,Оба пола,1-4,35929
2025,Број,Оба пола,5-9,46969
2025,Број,Оба пола,10-14,49253
2025,Број,Оба пола,15-19,54783
2025,Број,Оба пола,20-24,54918
2025,Број,Оба пола,25-29,64680
2025,Број,Оба пола,30-34,65678
2025,Број,Оба пола,35-39,72042
2025,Број,Оба пола,40-44,79392
2025,Број,Оба пола,45-49,79775
2025,Број,Оба пола,50-54,76132
2025,Број,Оба пола,55-59,73727
2025,Број,Оба пола,60-64,80979
2025,Број,Оба пола,65-69,81358
2025,Број,Оба пола,70-74,75490
2025,Број,Оба пола,75-79,53849
2025,Број,Оба пола,80-84,27232
2025,Број,Оба пола,85-89,19638
2025,Број,Оба пола,90-94,5995
2025,Број,Оба пола,95-99,950
2025,Број,Оба пола,100-104,56
2025,Број,Оба пола,105-109,4
2025,Број,Оба пола,110-114,0
2025,Број,Оба пола,115-119,0
2025,Број,Оба пола,120+,0
2030,Број,Оба пола,Укупно,1077274
2030,Број,Оба пола,0,8221
2030,Број,Оба пола,1-4,33858
2030,Број,Оба пола,5-9,44695
2030,Број,Оба пола,10-14,46975
2030,Број,Оба пола,15-19,49188
2030,Број,Оба пола,20-24,54635
2030,Број,Оба пола,25-29,54971
2030,Број,Оба пола,30-34,64675
2030,Број,Оба пола,35-39,65720
2030,Број,Оба пола,40-44,71795
2030,Број,Оба пола,45-49,78672
2030,Број,Оба пола,50-54,78513
2030,Број,Оба пола,55-59,74255
2030,Број,Оба пола,60-64,70948
2030,Број,Оба пола,65-69,76278
2030,Број,Оба пола,70-74,73779
2030,Број,Оба пола,75-79,63558
2030,Број,Оба пола,80-84,40031
2030,Број,Оба пола,85-89,16285
2030,Број,Оба пола,90-94,8444
2030,Број,Оба пола,95-99,1629
2030,Број,Оба пола,100-104,146
2030,Број,Оба пола,105-109,4
2030,Број,Оба пола,110-114,0
2030,Број,Оба пола,115-119,0
2030,Број,Оба пола,120+,0
2035,Број,Оба пола,Укупно,1043705
2035,Број,Оба пола,0,7740
2035,Број,Оба пола,1-4,31936
2035,Број,Оба пола,5-9,42147
2035,Број,Оба пола,10-14,44711
2035,Број,Оба пола,15-19,46938
2035,Број,Оба пола,20-24,49157
2035,Број,Оба пола,25-29,54679
2035,Број,Оба пола,30-34,55131
2035,Број,Оба пола,35-39,64731
2035,Број,Оба пола,40-44,65588
2035,Број,Оба пола,45-49,71254
2035,Број,Оба пола,50-54,77522
2035,Број,Оба пола,55-59,76705
2035,Број,Оба пола,60-64,71691
2035,Број,Оба пола,65-69,67247
2035,Број,Оба пола,70-74,69753
2035,Број,Оба пола,75-79,62989
2035,Број,Оба пола,80-84,48311
2035,Број,Оба пола,85-89,25183
2035,Број,Оба пола,90-94,7467
2035,Број,Оба пола,95-99,2529
2035,Број,Оба пола,100-104,283
2035,Број,Оба пола,105-109,13
2035,Број,Оба пола,110-114,0
2035,Број,Оба пола,115-119,0
2035,Број,Оба пола,120+,0
2040,Број,Оба пола,Укупно,1006736
2040,Број,Оба пола,0,7326
2040,Број,Оба пола,1-4,30117
2040,Број,Оба пола,5-9,39755
2040,Број,Оба пола,10-14,42173
2040,Број,Оба пола,15-19,44684
2040,Број,Оба пола,20-24,46947
2040,Број,Оба пола,25-29,49300
2040,Број,Оба пола,30-34,54825
2040,Број,Оба пола,35-39,55320
2040,Број,Оба пола,40-44,64616
2040,Број,Оба пола,45-49,65184
2040,Број,Оба пола,50-54,70333
2040,Број,Оба пола,55-59,75864
2040,Број,Оба пола,60-64,74221
2040,Број,Оба пола,65-69,68227
2040,Број,Оба пола,70-74,61953
2040,Број,Оба пола,75-79,60266
2040,Број,Оба пола,80-84,48863
2040,Број,Оба пола,85-89,31413
2040,Број,Оба пола,90-94,12417
2040,Број,Оба пола,95-99,2415
2040,Број,Оба пола,100-104,486
2040,Број,Оба пола,105-109,29
2040,Број,Оба пола,110-114,1
2040,Број,Оба пола,115-119,0
2040,Број,Оба пола,120+,0
2045,Број,Оба пола,Укупно,967780
2045,Број,Оба пола,0,6941
2045,Број,Оба пола,1-4,28553
2045,Број,Оба пола,5-9,37529
2045,Број,Оба пола,10-14,39790
2045,Број,Оба пола,15-19,42160
2045,Број,Оба пола,20-24,44723
2045,Број,Оба пола,25-29,47123
2045,Број,Оба пола,30-34,49527
2045,Број,Оба пола,35-39,55007
2045,Број,Оба пола,40-44,55347
2045,Број,Оба пола,45-49,64244
2045,Број,Оба пола,50-54,64446
2045,Број,Оба пола,55-59,68981
2045,Број,Оба пола,60-64,73579
2045,Број,Оба пола,65-69,70850
2045,Број,Оба пола,70-74,63256
2045,Број,Оба пола,75-79,54100
2045,Број,Оба пола,80-84,47623
2045,Број,Оба пола,85-89,32764
2045,Број,Оба пола,90-94,16264
2045,Број,Оба пола,95-99,4413
2045,Број,Оба пола,100-104,504
2045,Број,Оба пола,105-109,54
2045,Број,Оба пола,110-114,1
2045,Број,Оба пола,115-119,0
2045,Број,Оба пола,120+,0
2050,Број,Оба пола,Укупно,928681
2050,Број,Оба пола,0,6613
2050,Број,Оба пола,1-4,27107
2050,Број,Оба пола,5-9,35585
2050,Број,Оба пола,10-14,37571
2050,Број,Оба пола,15-19,39788
2050,Број,Оба пола,20-24,42230
2050,Број,Оба пола,25-29,44913
2050,Број,Оба пола,30-34,47361
2050,Број,Оба пола,35-39,49763
2050,Број,Оба пола,40-44,55032
2050,Број,Оба пола,45-49,55141
2050,Број,Оба пола,50-54,63554
2050,Број,Оба пола,55-59,63338
2050,Број,Оба пола,60-64,67099
2050,Број,Оба пола,65-69,70455
2050,Број,Оба пола,70-74,66011
2050,Број,Оба пола,75-79,55829
2050,Број,Оба пола,80-84,43464
2050,Број,Оба пола,85-89,32847
2050,Број,Оба пола,90-94,17733
2050,Број,Оба пола,95-99,6160
2050,Број,Оба пола,100-104,1022
2050,Број,Оба пола,105-109,60
2050,Број,Оба пола,110-114,3
2050,Број,Оба пола,115-119,0
2050,Број,Оба пола,120+,0
2055,Број,Оба пола,Укупно,890590
2055,Број,Оба пола,0,6328
2055,Број,Оба пола,1-4,25901
2055,Број,Оба пола,5-9,33811
2055,Број,Оба пола,10-14,35629
2055,Број,Оба пола,15-19,37576
2055,Број,Оба пола,20-24,39878
2055,Број,Оба пола,25-29,42436
2055,Број,Оба пола,30-34,45154
2055,Број,Оба пола,35-39,47601
2055,Број,Оба пола,40-44,49843
2055,Број,Оба пола,45-49,54834
2055,Број,Оба пола,50-54,54660
2055,Број,Оба пола,55-59,62508
2055,Број,Оба пола,60-64,61771
2055,Број,Оба пола,65-69,64485
2055,Број,Оба пола,70-74,65939
2055,Број,Оба пола,75-79,58721
2055,Број,Оба пола,80-84,45585
2055,Број,Оба пола,85-89,30702
2055,Број,Оба пола,90-94,18478
2055,Број,Оба пола,95-99,7091
2055,Број,Оба пола,100-104,1523
2055,Број,Оба пола,105-109,134
2055,Број,Оба пола,110-114,3
2055,Број,Оба пола,115-119,0
2055,Број,Оба пола,120+,0
2060,Број,Оба пола,Укупно,853574
2060,Број,Оба пола,0,6045
2060,Број,Оба пола,1-4,24780
2060,Број,Оба пола,5-9,32317
2060,Број,Оба пола,10-14,33855
2060,Број,Оба пола,15-19,35638
2060,Број,Оба пола,20-24,37678
2060,Број,Оба пола,25-29,40091
2060,Број,Оба пола,30-34,42682
2060,Број,Оба пола,35-39,45394
2060,Број,Оба пола,40-44,47691
2060,Број,Оба пола,45-49,49713
2060,Број,Оба пола,50-54,54373
2060,Број,Оба пола,55-59,53889
2060,Број,Оба пола,60-64,61024
2060,Број,Оба пола,65-69,59556
2060,Број,Оба пола,70-74,60621
2060,Број,Оба пола,75-79,59072
2060,Број,Оба пола,80-84,48510
2060,Број,Оба пола,85-89,32984
2060,Број,Оба пола,90-94,17839
2060,Број,Оба пола,95-99,7747
2060,Број,Оба пола,100-104,1856
2060,Број,Оба пола,105-109,210
2060,Број,Оба пола,110-114,8
2060,Број,Оба пола,115-119,0
2060,Број,Оба пола,120+,0
2065,Број,Оба пола,Укупно,817309
2065,Број,Оба пола,0,5760
2065,Број,Оба пола,1-4,23634
2065,Број,Оба пола,5-9,30910
2065,Број,Оба пола,10-14,32361
2065,Број,Оба пола,15-19,33868
2065,Број,Оба пола,20-24,35747
2065,Број,Оба пола,25-29,37898
2065,Број,Оба пола,30-34,40341
2065,Број,Оба пола,35-39,42925
2065,Број,Оба пола,40-44,45493
2065,Број,Оба пола,45-49,47586
2065,Број,Оба пола,50-54,49347
2065,Број,Оба пола,55-59,53644
2065,Број,Оба пола,60-64,52774
2065,Број,Оба пола,65-69,58929
2065,Број,Оба пола,70-74,56233
2065,Број,Оба пола,75-79,54669
2065,Број,Оба пола,80-84,49353
2065,Број,Оба пола,85-89,35757
2065,Број,Оба пола,90-94,19864
2065,Број,Оба пола,95-99,7797
2065,Број,Оба пола,100-104,2137
2065,Број,Оба пола,105-109,270
2065,Број,Оба пола,110-114,12
2065,Број,Оба пола,115-119,0
2065,Број,Оба пола,120+,0
2070,Број,Оба пола,Укупно,781474
2070,Број,Оба пола,0,5493
2070,Број,Оба пола,1-4,22524
2070,Број,Оба пола,5-9,29474
2070,Број,Оба пола,10-14,30951
2070,Број,Оба пола,15-19,32371
2070,Број,Оба пола,20-24,33972
2070,Број,Оба пола,25-29,35958
2070,Број,Оба пола,30-34,38141
2070,Број,Оба пола,35-39,40579
2070,Број,Оба пола,40-44,43029
2070,Број,Оба пола,45-49,45404
2070,Број,Оба пола,50-54,47259
2070,Број,Оба пола,55-59,48744
2070,Број,Оба пола,60-64,52587
2070,Број,Оба пола,65-69,51159
2070,Број,Оба пола,70-74,55785
2070,Број,Оба пола,75-79,51065
2070,Број,Оба пола,80-84,46146
2070,Број,Оба пола,85-89,37018
2070,Број,Оба пола,90-94,22121
2070,Број,Оба пола,95-99,9101
2070,Број,Оба пола,100-104,2248
2070,Број,Оба пола,105-109,326
2070,Број,Оба пола,110-114,17
2070,Број,Оба пола,115-119,0
2070,Број,Оба пола,120+,0
2019,Број,M,Укупно,556961
2019,Број,M,0,4821
2019,Број,M,1-4,19605
2019,Број,M,5-9,26081
2019,Број,M,10-14,28065
2019,Број,M,15-19,28888
2019,Број,M,20-24,34763
2019,Број,M,25-29,33778
2019,Број,M,30-34,37731
2019,Број,M,35-39,40916
2019,Број,M,40-44,41005
2019,Број,M,45-49,38553
2019,Број,M,50-54,39564
2019,Број,M,55-59,41736
2019,Број,M,60-64,41391
2019,Број,M,65-69,38180
2019,Број,M,70-74,26073
2019,Број,M,75-79,16594
2019,Број,M,80-84,12802
2019,Број,M,85-89,5055
2019,Број,M,90-94,1202
2019,Број,M,95-99,127
2019,Број,M,100-104,27
2019,Број,M,105-109,2
2019,Број,M,110-114,0
2019,Број,M,115-119,0
2019,Број,M,120+,0
2020,Број,M,Укупно,554363
2020,Број,M,0,4765
2020,Број,M,1-4,19608
2020,Број,M,5-9,25352
2020,Број,M,10-14,28088
2020,Број,M,15-19,28413
2020,Број,M,20-24,33250
2020,Број,M,25-29,34192
2020,Број,M,30-34,36787
2020,Број,M,35-39,40689
2020,Број,M,40-44,40893
2020,Број,M,45-49,39520
2020,Број,M,50-54,37934
2020,Број,M,55-59,41148
2020,Број,M,60-64,41051
2020,Број,M,65-69,38766
2020,Број,M,70-74,28359
2020,Број,M,75-79,15393
2020,Број,M,80-84,13225
2020,Број,M,85-89,5366
2020,Број,M,90-94,1397
2020,Број,M,95-99,146
2020,Број,M,100-104,20
2020,Број,M,105-109,2
2020,Број,M,110-114,0
2020,Број,M,115-119,0
2020,Број,M,120+,0
2025,Број,M,Укупно,540706
2025,Број,M,0,4485
2025,Број,M,1-4,18498
2025,Број,M,5-9,24391
2025,Број,M,10-14,25346
2025,Број,M,15-19,28034
2025,Број,M,20-24,28282
2025,Број,M,25-29,33192
2025,Број,M,30-34,34185
2025,Број,M,35-39,36705
2025,Број,M,40-44,40395
2025,Број,M,45-49,40327
2025,Број,M,50-54,38581
2025,Број,M,55-59,36474
2025,Број,M,60-64,38603
2025,Број,M,65-69,37266
2025,Број,M,70-74,33472
2025,Број,M,75-79,22351
2025,Број,M,80-84,10422
2025,Број,M,85-89,7180
2025,Број,M,90-94,2129
2025,Број,M,95-99,366
2025,Број,M,100-104,22
2025,Број,M,105-109,1
2025,Број,M,110-114,0
2025,Број,M,115-119,0
2025,Број,M,120+,0
2030,Број,M,Укупно,525886
2030,Број,M,0,4233
2030,Број,M,1-4,17432
2030,Број,M,5-9,23011
2030,Број,M,10-14,24392
2030,Број,M,15-19,25308
2030,Број,M,20-24,27914
2030,Број,M,25-29,28321
2030,Број,M,30-34,33209
2030,Број,M,35-39,34161
2030,Број,M,40-44,36508
2030,Број,M,45-49,39891
2030,Број,M,50-54,39442
2030,Број,M,55-59,37239
2030,Број,M,60-64,34464
2030,Број,M,65-69,35384
2030,Број,M,70-74,32609
2030,Број,M,75-79,26915
2030,Број,M,80-84,15743
2030,Број,M,85-89,5961
2030,Број,M,90-94,3067
2030,Број,M,95-99,616
2030,Број,M,100-104,64
2030,Број,M,105-109,2
2030,Број,M,110-114,0
2030,Број,M,115-119,0
2030,Број,M,120+,0
2035,Број,M,Укупно,509696
2035,Број,M,0,3985
2035,Број,M,1-4,16443
2035,Број,M,5-9,21700
2035,Број,M,10-14,23019
2035,Број,M,15-19,24366
2035,Број,M,20-24,25247
2035,Број,M,25-29,27957
2035,Број,M,30-34,28418
2035,Број,M,35-39,33202
2035,Број,M,40-44,34028
2035,Број,M,45-49,36123
2035,Број,M,50-54,39087
2035,Број,M,55-59,38163
2035,Број,M,60-64,35362
2035,Број,M,65-69,31866
2035,Број,M,70-74,31320
2035,Број,M,75-79,26676
2035,Број,M,80-84,19459
2035,Број,M,85-89,9478
2035,Број,M,90-94,2705
2035,Број,M,95-99,966
2035,Број,M,100-104,120
2035,Број,M,105-109,7
2035,Број,M,110-114,0
2035,Број,M,115-119,0
2035,Број,M,120+,0
2040,Број,M,Укупно,492220
2040,Број,M,0,3772
2040,Број,M,1-4,15506
2040,Број,M,5-9,20469
2040,Број,M,10-14,21714
2040,Број,M,15-19,23001
2040,Број,M,20-24,24322
2040,Број,M,25-29,25331
2040,Број,M,30-34,28056
2040,Број,M,35-39,28489
2040,Број,M,40-44,33090
2040,Број,M,45-49,33726
2040,Број,M,50-54,35477
2040,Број,M,55-59,37914
2040,Број,M,60-64,36362
2040,Број,M,65-69,32899
2040,Број,M,70-74,28496
2040,Број,M,75-79,26010
2040,Број,M,80-84,19738
2040,Број,M,85-89,12124
2040,Број,M,90-94,4596
2040,Број,M,95-99,909
2040,Број,M,100-104,204
2040,Број,M,105-109,14
2040,Број,M,110-114,0
2040,Број,M,115-119,0
2040,Број,M,120+,0
2045,Број,M,Укупно,474085
2045,Број,M,0,3574
2045,Број,M,1-4,14702
2045,Број,M,5-9,19325
2045,Број,M,10-14,20489
2045,Број,M,15-19,21704
2045,Број,M,20-24,22980
2045,Број,M,25-29,24417
2045,Број,M,30-34,25466
2045,Број,M,35-39,28129
2045,Број,M,40-44,28465
2045,Број,M,45-49,32819
2045,Број,M,50-54,33195
2045,Број,M,55-59,34517
2045,Број,M,60-64,36253
2045,Број,M,65-69,33984
2045,Број,M,70-74,29674
2045,Број,M,75-79,23985
2045,Број,M,80-84,19658
2045,Број,M,85-89,12691
2045,Број,M,90-94,6152
2045,Број,M,95-99,1676
2045,Број,M,100-104,205
2045,Број,M,105-109,25
2045,Број,M,110-114,1
2045,Број,M,115-119,0
2045,Број,M,120+,0
2050,Број,M,Укупно,455913
2050,Број,M,0,3405
2050,Број,M,1-4,13957
2050,Број,M,5-9,18324
2050,Број,M,10-14,19348
2050,Број,M,15-19,20486
2050,Број,M,20-24,21702
2050,Број,M,25-29,23088
2050,Број,M,30-34,24557
2050,Број,M,35-39,25570
2050,Број,M,40-44,28111
2050,Број,M,45-49,28303
2050,Број,M,50-54,32331
2050,Број,M,55-59,32387
2050,Број,M,60-64,33135
2050,Број,M,65-69,34039
2050,Број,M,70-74,30853
2050,Број,M,75-79,25311
2050,Број,M,80-84,18475
2050,Број,M,85-89,13012
2050,Број,M,90-94,6712
2050,Број,M,95-99,2369
2050,Број,M,100-104,412
2050,Број,M,105-109,27
2050,Број,M,110-114,1
2050,Број,M,115-119,0
2050,Број,M,120+,0
2055,Број,M,Укупно,438059
2055,Број,M,0,3258
2055,Број,M,1-4,13336
2055,Број,M,5-9,17412
2055,Број,M,10-14,18349
2055,Број,M,15-19,19349
2055,Број,M,20-24,20495
2055,Број,M,25-29,21817
2055,Број,M,30-34,23233
2055,Број,M,35-39,24664
2055,Број,M,40-44,25586
2055,Број,M,45-49,27959
2055,Број,M,50-54,27957
2055,Број,M,55-59,31581
2055,Број,M,60-64,31201
2055,Број,M,65-69,31266
2055,Број,M,70-74,31099
2055,Број,M,75-79,26572
2055,Број,M,80-84,19861
2055,Број,M,85-89,12541
2055,Број,M,90-94,7138
2055,Број,M,95-99,2711
2055,Број,M,100-104,615
2055,Број,M,105-109,58
2055,Број,M,110-114,2
2055,Број,M,115-119,0
2055,Број,M,120+,0
2060,Број,M,Укупно,420437
2060,Број,M,0,3113
2060,Број,M,1-4,12759
2060,Број,M,5-9,16643
2060,Број,M,10-14,17436
2060,Број,M,15-19,18352
2060,Број,M,20-24,19367
2060,Број,M,25-29,20614
2060,Број,M,30-34,21965
2060,Број,M,35-39,23345
2060,Број,M,40-44,24686
2060,Број,M,45-49,25478
2060,Број,M,50-54,27634
2060,Број,M,55-59,27394
2060,Број,M,60-64,30474
2060,Број,M,65-69,29571
2060,Број,M,70-74,28731
2060,Број,M,75-79,27024
2060,Број,M,80-84,21120
2060,Број,M,85-89,13811
2060,Број,M,90-94,7089
2060,Број,M,95-99,3001
2060,Број,M,100-104,736
2060,Број,M,105-109,90
2060,Број,M,110-114,4
2060,Број,M,115-119,0
2060,Број,M,120+,0
2065,Број,M,Укупно,403010
2065,Број,M,0,2966
2065,Број,M,1-4,12169
2065,Број,M,5-9,15919
2065,Број,M,10-14,16667
2065,Број,M,15-19,17442
2065,Број,M,20-24,18376
2065,Број,M,25-29,19488
2065,Број,M,30-34,20764
2065,Број,M,35-39,22081
2065,Број,M,40-44,23377
2065,Број,M,45-49,24595
2065,Број,M,50-54,25217
2065,Број,M,55-59,27108
2065,Број,M,60-64,26539
2065,Број,M,65-69,28950
2065,Број,M,70-74,27332
2065,Број,M,75-79,25168
2065,Број,M,80-84,21763
2065,Број,M,85-89,14962
2065,Број,M,90-94,8069
2065,Број,M,95-99,3089
2065,Број,M,100-104,851
2065,Број,M,105-109,113
2065,Број,M,110-114,6
2065,Број,M,115-119,0
2065,Број,M,120+,0
2070,Број,M,Укупно,385806
2070,Број,M,0,2828
2070,Број,M,1-4,11597
2070,Број,M,5-9,15179
2070,Број,M,10-14,15942
2070,Број,M,15-19,16672
2070,Број,M,20-24,17467
2070,Број,M,25-29,18495
2070,Број,M,30-34,19635
2070,Број,M,35-39,20879
2070,Број,M,40-44,22119
2070,Број,M,45-49,23302
2070,Број,M,50-54,24359
2070,Број,M,55-59,24777
2070,Број,M,60-64,26305
2070,Број,M,65-69,25338
2070,Број,M,70-74,26853
2070,Број,M,75-79,24152
2070,Број,M,80-84,20512
2070,Број,M,85-89,15713
2070,Број,M,90-94,8968
2070,Број,M,95-99,3665
2070,Број,M,100-104,908
2070,Број,M,105-109,135
2070,Број,M,110-114,7
2070,Број,M,115-119,0
2070,Број,M,120+,0
2019,Број,Ж,Укупно,583151
2019,Број,Ж,0,4544
2019,Број,Ж,1-4,18021
2019,Број,Ж,5-9,24816
2019,Број,Ж,10-14,26626
2019,Број,Ж,15-19,27188
2019,Број,Ж,20-24,33069
2019,Број,Ж,25-29,30881
2019,Број,Ж,30-34,36285
2019,Број,Ж,35-39,39598
2019,Број,Ж,40-44,39613
2019,Број,Ж,45-49,37080
2019,Број,Ж,50-54,39600
2019,Број,Ж,55-59,44210
2019,Број,Ж,60-64,46269
2019,Број,Ж,65-69,44971
2019,Број,Ж,70-74,33559
2019,Број,Ж,75-79,24321
2019,Број,Ж,80-84,20718
2019,Број,Ж,85-89,9235
2019,Број,Ж,90-94,2202
2019,Број,Ж,95-99,295
2019,Број,Ж,100-104,46
2019,Број,Ж,105-109,3
2019,Број,Ж,110-114,0
2019,Број,Ж,115-119,0
2019,Број,Ж,120+,0
2020,Број,Ж,Укупно,580582
2020,Број,Ж,0,4490
2020,Број,Ж,1-4,18064
2020,Број,Ж,5-9,23908
2020,Број,Ж,10-14,26790
2020,Број,Ж,15-19,26658
2020,Број,Ж,20-24,31608
2020,Број,Ж,25-29,31522
2020,Број,Ж,30-34,35324
2020,Број,Ж,35-39,39103
2020,Број,Ж,40-44,39688
2020,Број,Ж,45-49,37930
2020,Број,Ж,50-54,37854
2020,Број,Ж,55-59,43433
2020,Број,Ж,60-64,45900
2020,Број,Ж,65-69,45311
2020,Број,Ж,70-74,36585
2020,Број,Ж,75-79,22525
2020,Број,Ж,80-84,21295
2020,Број,Ж,85-89,9712
2020,Број,Ж,90-94,2535
2020,Број,Ж,95-99,300
2020,Број,Ж,100-104,42
2020,Број,Ж,105-109,3
2020,Број,Ж,110-114,0
2020,Број,Ж,115-119,0
2020,Број,Ж,120+,0
2025,Број,Ж,Укупно,566834
2025,Број,Ж,0,4226
2025,Број,Ж,1-4,17431
2025,Број,Ж,5-9,22578
2025,Број,Ж,10-14,23907
2025,Број,Ж,15-19,26749
2025,Број,Ж,20-24,26636
2025,Број,Ж,25-29,31488
2025,Број,Ж,30-34,31494
2025,Број,Ж,35-39,35337
2025,Број,Ж,40-44,38997
2025,Број,Ж,45-49,39448
2025,Број,Ж,50-54,37551
2025,Број,Ж,55-59,37253
2025,Број,Ж,60-64,42376
2025,Број,Ж,65-69,44092
2025,Број,Ж,70-74,42019
2025,Број,Ж,75-79,31498
2025,Број,Ж,80-84,16810
2025,Број,Ж,85-89,12458
2025,Број,Ж,90-94,3867
2025,Број,Ж,95-99,584
2025,Број,Ж,100-104,34
2025,Број,Ж,105-109,2
2025,Број,Ж,110-114,0
2025,Број,Ж,115-119,0
2025,Број,Ж,120+,0
2030,Број,Ж,Укупно,551388
2030,Број,Ж,0,3988
2030,Број,Ж,1-4,16426
2030,Број,Ж,5-9,21684
2030,Број,Ж,10-14,22583
2030,Број,Ж,15-19,23880
2030,Број,Ж,20-24,26721
2030,Број,Ж,25-29,26650
2030,Број,Ж,30-34,31466
2030,Број,Ж,35-39,31559
2030,Број,Ж,40-44,35287
2030,Број,Ж,45-49,38781
2030,Број,Ж,50-54,39071
2030,Број,Ж,55-59,37016
2030,Број,Ж,60-64,36484
2030,Број,Ж,65-69,40894
2030,Број,Ж,70-74,41170
2030,Број,Ж,75-79,36643
2030,Број,Ж,80-84,24288
2030,Број,Ж,85-89,10323
2030,Број,Ж,90-94,5377
2030,Број,Ж,95-99,1012
2030,Број,Ж,100-104,82
2030,Број,Ж,105-109,2
2030,Број,Ж,110-114,0
2030,Број,Ж,115-119,0
2030,Број,Ж,120+,0
2035,Број,Ж,Укупно,534009
2035,Број,Ж,0,3755
2035,Број,Ж,1-4,15493
2035,Број,Ж,5-9,20447
2035,Број,Ж,10-14,21692
2035,Број,Ж,15-19,22572
2035,Број,Ж,20-24,23910
2035,Број,Ж,25-29,26722
2035,Број,Ж,30-34,26713
2035,Број,Ж,35-39,31529
2035,Број,Ж,40-44,31559
2035,Број,Ж,45-49,35131
2035,Број,Ж,50-54,38436
2035,Број,Ж,55-59,38542
2035,Број,Ж,60-64,36329
2035,Број,Ж,65-69,35381
2035,Број,Ж,70-74,38433
2035,Број,Ж,75-79,36313
2035,Број,Ж,80-84,28851
2035,Број,Ж,85-89,15706
2035,Број,Ж,90-94,4762
2035,Број,Ж,95-99,1564
2035,Број,Ж,100-104,163
2035,Број,Ж,105-109,7
2035,Број,Ж,110-114,0
2035,Број,Ж,115-119,0
2035,Број,Ж,120+,0
2040,Број,Ж,Укупно,514516
2040,Број,Ж,0,3554
2040,Број,Ж,1-4,14610
2040,Број,Ж,5-9,19285
2040,Број,Ж,10-14,20459
2040,Број,Ж,15-19,21683
2040,Број,Ж,20-24,22626
2040,Број,Ж,25-29,23969
2040,Број,Ж,30-34,26770
2040,Број,Ж,35-39,26832
2040,Број,Ж,40-44,31526
2040,Број,Ж,45-49,31458
2040,Број,Ж,50-54,34856
2040,Број,Ж,55-59,37950
2040,Број,Ж,60-64,37859
2040,Број,Ж,65-69,35328
2040,Број,Ж,70-74,33458
2040,Број,Ж,75-79,34256
2040,Број,Ж,80-84,29125
2040,Број,Ж,85-89,19289
2040,Број,Ж,90-94,7821
2040,Број,Ж,95-99,1505
2040,Број,Ж,100-104,283
2040,Број,Ж,105-109,15
2040,Број,Ж,110-114,0
2040,Број,Ж,115-119,0
2040,Број,Ж,120+,0
2045,Број,Ж,Укупно,493695
2045,Број,Ж,0,3368
2045,Број,Ж,1-4,13852
2045,Број,Ж,5-9,18205
2045,Број,Ж,10-14,19301
2045,Број,Ж,15-19,20456
2045,Број,Ж,20-24,21743
2045,Број,Ж,25-29,22706
2045,Број,Ж,30-34,24061
2045,Број,Ж,35-39,26878
2045,Број,Ж,40-44,26882
2045,Број,Ж,45-49,31425
2045,Број,Ж,50-54,31252
2045,Број,Ж,55-59,34464
2045,Број,Ж,60-64,37326
2045,Број,Ж,65-69,36866
2045,Број,Ж,70-74,33581
2045,Број,Ж,75-79,30115
2045,Број,Ж,80-84,27965
2045,Број,Ж,85-89,20073
2045,Број,Ж,90-94,10112
2045,Број,Ж,95-99,2737
2045,Број,Ж,100-104,299
2045,Број,Ж,105-109,29
2045,Број,Ж,110-114,1
2045,Број,Ж,115-119,0
2045,Број,Ж,120+,0
2050,Број,Ж,Укупно,472768
2050,Број,Ж,0,3208
2050,Број,Ж,1-4,13150
2050,Број,Ж,5-9,17261
2050,Број,Ж,10-14,18223
2050,Број,Ж,15-19,19303
2050,Број,Ж,20-24,20529
2050,Број,Ж,25-29,21825
2050,Број,Ж,30-34,22804
2050,Број,Ж,35-39,24193
2050,Број,Ж,40-44,26921
2050,Број,Ж,45-49,26839
2050,Број,Ж,50-54,31222
2050,Број,Ж,55-59,30951
2050,Број,Ж,60-64,33964
2050,Број,Ж,65-69,36415
2050,Број,Ж,70-74,35158
2050,Број,Ж,75-79,30519
2050,Број,Ж,80-84,24988
2050,Број,Ж,85-89,19836
2050,Број,Ж,90-94,11022
2050,Број,Ж,95-99,3791
2050,Број,Ж,100-104,610
2050,Број,Ж,105-109,33
2050,Број,Ж,110-114,1
2050,Број,Ж,115-119,0
2050,Број,Ж,120+,0
2055,Број,Ж,Укупно,452531
2055,Број,Ж,0,3070
2055,Број,Ж,1-4,12565
2055,Број,Ж,5-9,16400
2055,Број,Ж,10-14,17280
2055,Број,Ж,15-19,18227
2055,Број,Ж,20-24,19382
2055,Број,Ж,25-29,20619
2055,Број,Ж,30-34,21921
2055,Број,Ж,35-39,22937
2055,Број,Ж,40-44,24257
2055,Број,Ж,45-49,26874
2055,Број,Ж,50-54,26703
2055,Број,Ж,55-59,30927
2055,Број,Ж,60-64,30570
2055,Број,Ж,65-69,33219
2055,Број,Ж,70-74,34840
2055,Број,Ж,75-79,32149
2055,Број,Ж,80-84,25724
2055,Број,Ж,85-89,18161
2055,Број,Ж,90-94,11340
2055,Број,Ж,95-99,4380
2055,Број,Ж,100-104,909
2055,Број,Ж,105-109,76
2055,Број,Ж,110-114,2
2055,Број,Ж,115-119,0
2055,Број,Ж,120+,0
2060,Број,Ж,Укупно,433137
2060,Број,Ж,0,2933
2060,Број,Ж,1-4,12021
2060,Број,Ж,5-9,15674
2060,Број,Ж,10-14,16419
2060,Број,Ж,15-19,17286
2060,Број,Ж,20-24,18312
2060,Број,Ж,25-29,19477
2060,Број,Ж,30-34,20717
2060,Број,Ж,35-39,22049
2060,Број,Ж,40-44,23005
2060,Број,Ж,45-49,24234
2060,Број,Ж,50-54,26739
2060,Број,Ж,55-59,26495
2060,Број,Ж,60-64,30550
2060,Број,Ж,65-69,29984
2060,Број,Ж,70-74,31890
2060,Број,Ж,75-79,32048
2060,Број,Ж,80-84,27390
2060,Број,Ж,85-89,19173
2060,Број,Ж,90-94,10750
2060,Број,Ж,95-99,4745
2060,Број,Ж,100-104,1120
2060,Број,Ж,105-109,120
2060,Број,Ж,110-114,4
2060,Број,Ж,115-119,0
2060,Број,Ж,120+,0
2065,Број,Ж,Укупно,414299
2065,Број,Ж,0,2795
2065,Број,Ж,1-4,11465
2065,Број,Ж,5-9,14992
2065,Број,Ж,10-14,15693
2065,Број,Ж,15-19,16426
2065,Број,Ж,20-24,17370
2065,Број,Ж,25-29,18410
2065,Број,Ж,30-34,19577
2065,Број,Ж,35-39,20844
2065,Број,Ж,40-44,22116
2065,Број,Ж,45-49,22991
2065,Број,Ж,50-54,24130
2065,Број,Ж,55-59,26536
2065,Број,Ж,60-64,26236
2065,Број,Ж,65-69,29978
2065,Број,Ж,70-74,28901
2065,Број,Ж,75-79,29501
2065,Број,Ж,80-84,27590
2065,Број,Ж,85-89,20795
2065,Број,Ж,90-94,11795
2065,Број,Ж,95-99,4708
2065,Број,Ж,100-104,1286
2065,Број,Ж,105-109,157
2065,Број,Ж,110-114,7
2065,Број,Ж,115-119,0
2065,Број,Ж,120+,0
2070,Број,Ж,Укупно,395667
2070,Број,Ж,0,2665
2070,Број,Ж,1-4,10926
2070,Број,Ж,5-9,14295
2070,Број,Ж,10-14,15009
2070,Број,Ж,15-19,15699
2070,Број,Ж,20-24,16506
2070,Број,Ж,25-29,17464
2070,Број,Ж,30-34,18506
2070,Број,Ж,35-39,19700
2070,Број,Ж,40-44,20911
2070,Број,Ж,45-49,22102
2070,Број,Ж,50-54,22900
2070,Број,Ж,55-59,23967
2070,Број,Ж,60-64,26282
2070,Број,Ж,65-69,25821
2070,Број,Ж,70-74,28932
2070,Број,Ж,75-79,26913
2070,Број,Ж,80-84,25635
2070,Број,Ж,85-89,21305
2070,Број,Ж,90-94,13153
2070,Број,Ж,95-99,5436
2070,Број,Ж,100-104,1340
2070,Број,Ж,105-109,191
2070,Број,Ж,110-114,9
2070,Број,Ж,115-119,0
2070,Број,Ж,120+,0
