Year,UNIT_MEASURE,Град/општина,Пол,Матерњи језик,Value
2013,Број,Република Српска,Оба пола,Укупно,1170342
2013,Број,Република Српска,M,Укупно,571812
2013,Број,Република Српска,Ж,Укупно,598530
2013,Број,Град Бања Лука,Оба пола,Укупно,180053
2013,Број,Град Бања Лука,M,Укупно,86510
2013,Број,Град Бања Лука,Ж,Укупно,93543
2013,Број,Берковићи,Оба пола,Укупно,2041
2013,Број,Берковићи,M,Укупно,1032
2013,Број,Берковићи,Ж,Укупно,1009
2013,Број,Град Бијељина,Оба пола,Укупно,103874
2013,Број,Град Бијељина,M,Укупно,50760
2013,Број,Град Бијељина,Ж,Укупно,53114
2013,Број,Билећа,Оба пола,Укупно,10607
2013,Број,Билећа,M,Укупно,5346
2013,Број,Билећа,Ж,Укупно,5261
2013,Број,Братунац,Оба пола,Укупно,18651
2013,Број,Братунац,M,Укупно,9210
2013,Број,Братунац,Ж,Укупно,9441
2013,Број,Брод,Оба пола,Укупно,15720
2013,Број,Брод,M,Укупно,7670
2013,Број,Брод,Ж,Укупно,8050
2013,Број,Вишеград,Оба пола,Укупно,10118
2013,Број,Вишеград,M,Укупно,4834
2013,Број,Вишеград,Ж,Укупно,5284
2013,Број,Власеница,Оба пола,Укупно,10657
2013,Број,Власеница,M,Укупно,5193
2013,Број,Власеница,Ж,Укупно,5464
2013,Број,Вукосавље,Оба пола,Укупно,4363
2013,Број,Вукосавље,M,Укупно,2185
2013,Број,Вукосавље,Ж,Укупно,2178
2013,Број,Гацко,Оба пола,Укупно,8710
2013,Број,Гацко,M,Укупно,4423
2013,Број,Гацко,Ж,Укупно,4287
2013,Број,Град Градишка,Оба пола,Укупно,49196
2013,Број,Град Градишка,M,Укупно,23944
2013,Број,Град Градишка,Ж,Укупно,25252
2013,Број,Град Дервента,Оба пола,Укупно,25922
2013,Број,Град Дервента,M,Укупно,12629
2013,Број,Град Дервента,Ж,Укупно,13293
2013,Број,Град Добој,Оба пола,Укупно,68514
2013,Број,Град Добој,M,Укупно,33222
2013,Број,Град Добој,Ж,Укупно,35292
2013,Број,Доњи Жабар,Оба пола,Укупно,3669
2013,Број,Доњи Жабар,M,Укупно,1853
2013,Број,Доњи Жабар,Ж,Укупно,1816
2013,Број,Град Зворник,Оба пола,Укупно,54407
2013,Број,Град Зворник,M,Укупно,26803
2013,Број,Град Зворник,Ж,Укупно,27604
2013,Број,Источна Илиџа,Оба пола,Укупно,14437
2013,Број,Источна Илиџа,M,Укупно,6905
2013,Број,Источна Илиџа,Ж,Укупно,7532
2013,Број,Источни Дрвар,Оба пола,Укупно,66
2013,Број,Источни Дрвар,M,Укупно,44
2013,Број,Источни Дрвар,Ж,Укупно,22
2013,Број,Источни Мостар,Оба пола,Укупно,244
2013,Број,Источни Мостар,M,Укупно,138
2013,Број,Источни Мостар,Ж,Укупно,106
2013,Број,Источни Стари Град,Оба пола,Укупно,1116
2013,Број,Источни Стари Град,M,Укупно,552
2013,Број,Источни Стари Град,Ж,Укупно,564
2013,Број,Источно Ново Сарајево,Оба пола,Укупно,10401
2013,Број,Источно Ново Сарајево,M,Укупно,4936
2013,Број,Источно Ново Сарајево,Ж,Укупно,5465
2013,Број,Језеро,Оба пола,Укупно,1039
2013,Број,Језеро,M,Укупно,534
2013,Број,Језеро,Ж,Укупно,505
2013,Број,Калиновик,Оба пола,Укупно,1962
2013,Број,Калиновик,M,Укупно,950
2013,Број,Калиновик,Ж,Укупно,1012
2013,Број,Кнежево,Оба пола,Укупно,9368
2013,Број,Кнежево,M,Укупно,4632
2013,Број,Кнежево,Ж,Укупно,4736
2013,Број,Козарска Дубица,Оба пола,Укупно,20681
2013,Број,Козарска Дубица,M,Укупно,10094
2013,Број,Козарска Дубица,Ж,Укупно,10587
2013,Број,Костајница,Оба пола,Укупно,5645
2013,Број,Костајница,M,Укупно,2780
2013,Број,Костајница,Ж,Укупно,2865
2013,Број,Котор Варош,Оба пола,Укупно,18361
2013,Број,Котор Варош,M,Укупно,9007
2013,Број,Котор Варош,Ж,Укупно,9354
2013,Број,Крупа на Уни,Оба пола,Укупно,1560
2013,Број,Крупа на Уни,M,Укупно,841
2013,Број,Крупа на Уни,Ж,Укупно,719
2013,Број,Купрес,Оба пола,Укупно,293
2013,Број,Купрес,M,Укупно,157
2013,Број,Купрес,Ж,Укупно,136
2013,Број,Лакташи,Оба пола,Укупно,34210
2013,Број,Лакташи,M,Укупно,16905
2013,Број,Лакташи,Ж,Укупно,17305
2013,Број,Лопаре,Оба пола,Укупно,14689
2013,Број,Лопаре,M,Укупно,7377
2013,Број,Лопаре,Ж,Укупно,7312
2013,Број,Љубиње,Оба пола,Укупно,3319
2013,Број,Љубиње,M,Укупно,1633
2013,Број,Љубиње,Ж,Укупно,1686
2013,Број,Милићи,Оба пола,Укупно,10445
2013,Број,Милићи,M,Укупно,5252
2013,Број,Милићи,Ж,Укупно,5193
2013,Број,Модрича,Оба пола,Укупно,24490
2013,Број,Модрича,M,Укупно,11969
2013,Број,Модрича,Ж,Укупно,12521
2013,Број,Мркоњић Град,Оба пола,Укупно,15926
2013,Број,Мркоњић Град,M,Укупно,7660
2013,Број,Мркоњић Град,Ж,Укупно,8266
2013,Број,Невесиње,Оба пола,Укупно,12542
2013,Број,Невесиње,M,Укупно,6236
2013,Број,Невесиње,Ж,Укупно,6306
2013,Број,Нови Град,Оба пола,Укупно,25240
2013,Број,Нови Град,M,Укупно,12580
2013,Број,Нови Град,Ж,Укупно,12660
2013,Број,Ново Горажде,Оба пола,Укупно,2915
2013,Број,Ново Горажде,M,Укупно,1500
2013,Број,Ново Горажде,Ж,Укупно,1415
2013,Број,Осмаци,Оба пола,Укупно,5546
2013,Број,Осмаци,M,Укупно,2779
2013,Број,Осмаци,Ж,Укупно,2767
2013,Број,Оштра Лука,Оба пола,Укупно,2705
2013,Број,Оштра Лука,M,Укупно,1386
2013,Број,Оштра Лука,Ж,Укупно,1319
2013,Број,Пале,Оба пола,Укупно,20359
2013,Број,Пале,M,Укупно,9744
2013,Број,Пале,Ж,Укупно,10615
2013,Број,Пелагићево,Оба пола,Укупно,4358
2013,Број,Пелагићево,M,Укупно,2151
2013,Број,Пелагићево,Ж,Укупно,2207
2013,Број,Петровац,Оба пола,Укупно,354
2013,Број,Петровац,M,Укупно,169
2013,Број,Петровац,Ж,Укупно,185
2013,Број,Петрово,Оба пола,Укупно,6317
2013,Број,Петрово,M,Укупно,3043
2013,Број,Петрово,Ж,Укупно,3274
2013,Број,Град Приједор,Оба пола,Укупно,80916
2013,Број,Град Приједор,M,Укупно,39418
2013,Број,Град Приједор,Ж,Укупно,41498
2013,Број,Прњавор,Оба пола,Укупно,34357
2013,Број,Прњавор,M,Укупно,16675
2013,Број,Прњавор,Ж,Укупно,17682
2013,Број,Рибник,Оба пола,Укупно,5851
2013,Број,Рибник,M,Укупно,2900
2013,Број,Рибник,Ж,Укупно,2951
2013,Број,Рогатица,Оба пола,Укупно,10302
2013,Број,Рогатица,M,Укупно,5053
2013,Број,Рогатица,Ж,Укупно,5249
2013,Број,Рудо,Оба пола,Укупно,7578
2013,Број,Рудо,M,Укупно,3840
2013,Број,Рудо,Ж,Укупно,3738
2013,Број,Соколац,Оба пола,Укупно,11620
2013,Број,Соколац,M,Укупно,5723
2013,Број,Соколац,Ж,Укупно,5897
2013,Број,Србац,Оба пола,Укупно,16933
2013,Број,Србац,M,Укупно,8295
2013,Број,Србац,Ж,Укупно,8638
2013,Број,Сребреница,Оба пола,Укупно,11698
2013,Број,Сребреница,M,Укупно,5714
2013,Број,Сребреница,Ж,Укупно,5984
2013,Број,Теслић,Оба пола,Укупно,37236
2013,Број,Теслић,M,Укупно,17894
2013,Број,Теслић,Ж,Укупно,19342
2013,Број,Град Требиње,Оба пола,Укупно,28239
2013,Број,Град Требиње,M,Укупно,13760
2013,Број,Град Требиње,Ж,Укупно,14479
2013,Број,Трново,Оба пола,Укупно,1983
2013,Број,Трново,M,Укупно,953
2013,Број,Трново,Ж,Укупно,1030
2013,Број,Угљевик,Оба пола,Укупно,15118
2013,Број,Угљевик,M,Укупно,7626
2013,Број,Угљевик,Ж,Укупно,7492
2013,Број,Фоча,Оба пола,Укупно,17580
2013,Број,Фоча,M,Укупно,8880
2013,Број,Фоча,Ж,Укупно,8700
2013,Број,Хан Пијесак,Оба пола,Укупно,3445
2013,Број,Хан Пијесак,M,Укупно,1632
2013,Број,Хан Пијесак,Ж,Укупно,1813
2013,Број,Чајниче,Оба пола,Укупно,4679
2013,Број,Чајниче,M,Укупно,2347
2013,Број,Чајниче,Ж,Укупно,2332
2013,Број,Челинац,Оба пола,Укупно,15117
2013,Број,Челинац,M,Укупно,7477
2013,Број,Челинац,Ж,Укупно,7640
2013,Број,Шамац,Оба пола,Укупно,16308
2013,Број,Шамац,M,Укупно,7908
2013,Број,Шамац,Ж,Укупно,8400
2013,Број,Шековићи,Оба пола,Укупно,6323
2013,Број,Шековићи,M,Укупно,3103
2013,Број,Шековићи,Ж,Укупно,3220
2013,Број,Шипово,Оба пола,Укупно,9969
2013,Број,Шипово,M,Укупно,5046
2013,Број,Шипово,Ж,Укупно,4923
2013,Број,Република Српска,Оба пола,Босански,150221
2013,Број,Република Српска,M,Босански,73026
2013,Број,Република Српска,Ж,Босански,77195
2013,Број,Град Бања Лука,Оба пола,Босански,6792
2013,Број,Град Бања Лука,M,Босански,3152
2013,Број,Град Бања Лука,Ж,Босански,3640
2013,Број,Берковићи,Оба пола,Босански,155
2013,Број,Берковићи,M,Босански,87
2013,Број,Берковићи,Ж,Босански,68
2013,Број,Град Бијељина,Оба пола,Босански,11651
2013,Број,Град Бијељина,M,Босански,5712
2013,Број,Град Бијељина,Ж,Босански,5939
2013,Број,Билећа,Оба пола,Босански,21
2013,Број,Билећа,M,Босански,14
2013,Број,Билећа,Ж,Босански,7
2013,Број,Братунац,Оба пола,Босански,6596
2013,Број,Братунац,M,Босански,3217
2013,Број,Братунац,Ж,Босански,3379
2013,Број,Брод,Оба пола,Босански,1397
2013,Број,Брод,M,Босански,680
2013,Број,Брод,Ж,Босански,717
2013,Број,Вишеград,Оба пола,Босански,887
2013,Број,Вишеград,M,Босански,449
2013,Број,Вишеград,Ж,Босански,438
2013,Број,Власеница,Оба пола,Босански,3372
2013,Број,Власеница,M,Босански,1648
2013,Број,Власеница,Ж,Босански,1724
2013,Број,Вукосавље,Оба пола,Босански,2098
2013,Број,Вукосавље,M,Босански,1062
2013,Број,Вукосавље,Ж,Босански,1036
2013,Број,Гацко,Оба пола,Босански,331
2013,Број,Гацко,M,Босански,178
2013,Број,Гацко,Ж,Босански,153
2013,Број,Град Градишка,Оба пола,Босански,6335
2013,Број,Град Градишка,M,Босански,3083
2013,Број,Град Градишка,Ж,Босански,3252
2013,Број,Град Дервента,Оба пола,Босански,1791
2013,Број,Град Дервента,M,Босански,857
2013,Број,Град Дервента,Ж,Босански,934
2013,Број,Град Добој,Оба пола,Босански,14749
2013,Број,Град Добој,M,Босански,7085
2013,Број,Град Добој,Ж,Босански,7664
2013,Број,Доњи Жабар,Оба пола,Босански,11
2013,Број,Доњи Жабар,M,Босански,3
2013,Број,Доњи Жабар,Ж,Босански,8
2013,Број,Град Зворник,Оба пола,Босански,16813
2013,Број,Град Зворник,M,Босански,8218
2013,Број,Град Зворник,Ж,Босански,8595
2013,Број,Источна Илиџа,Оба пола,Босански,691
2013,Број,Источна Илиџа,M,Босански,322
2013,Број,Источна Илиџа,Ж,Босански,369
2013,Број,Источни Дрвар,Оба пола,Босански,0
2013,Број,Источни Дрвар,M,Босански,0
2013,Број,Источни Дрвар,Ж,Босански,0
2013,Број,Источни Мостар,Оба пола,Босански,78
2013,Број,Источни Мостар,M,Босански,45
2013,Број,Источни Мостар,Ж,Босански,33
2013,Број,Источни Стари Град,Оба пола,Босански,44
2013,Број,Источни Стари Град,M,Босански,27
2013,Број,Источни Стари Град,Ж,Босански,17
2013,Број,Источно Ново Сарајево,Оба пола,Босански,71
2013,Број,Источно Ново Сарајево,M,Босански,29
2013,Број,Источно Ново Сарајево,Ж,Босански,42
2013,Број,Језеро,Оба пола,Босански,252
2013,Број,Језеро,M,Босански,118
2013,Број,Језеро,Ж,Босански,134
2013,Број,Калиновик,Оба пола,Босански,37
2013,Број,Калиновик,M,Босански,15
2013,Број,Калиновик,Ж,Босански,22
2013,Број,Кнежево,Оба пола,Босански,404
2013,Број,Кнежево,M,Босански,185
2013,Број,Кнежево,Ж,Босански,219
2013,Број,Козарска Дубица,Оба пола,Босански,1922
2013,Број,Козарска Дубица,M,Босански,927
2013,Број,Козарска Дубица,Ж,Босански,995
2013,Број,Костајница,Оба пола,Босански,1283
2013,Број,Костајница,M,Босански,626
2013,Број,Костајница,Ж,Босански,657
2013,Број,Котор Варош,Оба пола,Босански,4517
2013,Број,Котор Варош,M,Босански,2173
2013,Број,Котор Варош,Ж,Босански,2344
2013,Број,Крупа на Уни,Оба пола,Босански,3
2013,Број,Крупа на Уни,M,Босански,1
2013,Број,Крупа на Уни,Ж,Босански,2
2013,Број,Купрес,Оба пола,Босански,0
2013,Број,Купрес,M,Босански,0
2013,Број,Купрес,Ж,Босански,0
2013,Број,Лакташи,Оба пола,Босански,112
2013,Број,Лакташи,M,Босански,58
2013,Број,Лакташи,Ж,Босански,54
2013,Број,Лопаре,Оба пола,Босански,1315
2013,Број,Лопаре,M,Босански,648
2013,Број,Лопаре,Ж,Босански,667
2013,Број,Љубиње,Оба пола,Босански,10
2013,Број,Љубиње,M,Босански,5
2013,Број,Љубиње,Ж,Босански,5
2013,Број,Милићи,Оба пола,Босански,3541
2013,Број,Милићи,M,Босански,1751
2013,Број,Милићи,Ж,Босански,1790
2013,Број,Модрича,Оба пола,Босански,3008
2013,Број,Модрича,M,Босански,1426
2013,Број,Модрича,Ж,Босански,1582
2013,Број,Мркоњић Град,Оба пола,Босански,358
2013,Број,Мркоњић Град,M,Босански,172
2013,Број,Мркоњић Град,Ж,Босански,186
2013,Број,Невесиње,Оба пола,Босански,507
2013,Број,Невесиње,M,Босански,261
2013,Број,Невесиње,Ж,Босански,246
2013,Број,Нови Град,Оба пола,Босански,5260
2013,Број,Нови Град,M,Босански,2630
2013,Број,Нови Град,Ж,Босански,2630
2013,Број,Ново Горажде,Оба пола,Босански,1338
2013,Број,Ново Горажде,M,Босански,671
2013,Број,Ново Горажде,Ж,Босански,667
2013,Број,Осмаци,Оба пола,Босански,2680
2013,Број,Осмаци,M,Босански,1323
2013,Број,Осмаци,Ж,Босански,1357
2013,Број,Оштра Лука,Оба пола,Босански,39
2013,Број,Оштра Лука,M,Босански,16
2013,Број,Оштра Лука,Ж,Босански,23
2013,Број,Пале,Оба пола,Босански,170
2013,Број,Пале,M,Босански,89
2013,Број,Пале,Ж,Босански,81
2013,Број,Пелагићево,Оба пола,Босански,24
2013,Број,Пелагићево,M,Босански,6
2013,Број,Пелагићево,Ж,Босански,18
2013,Број,Петровац,Оба пола,Босански,0
2013,Број,Петровац,M,Босански,0
2013,Број,Петровац,Ж,Босански,0
2013,Број,Петрово,Оба пола,Босански,7
2013,Број,Петрово,M,Босански,4
2013,Број,Петрово,Ж,Босански,3
2013,Број,Град Приједор,Оба пола,Босански,22548
2013,Број,Град Приједор,M,Босански,10781
2013,Број,Град Приједор,Ж,Босански,11767
2013,Број,Прњавор,Оба пола,Босански,2792
2013,Број,Прњавор,M,Босански,1344
2013,Број,Прњавор,Ж,Босански,1448
2013,Број,Рибник,Оба пола,Босански,3
2013,Број,Рибник,M,Босански,1
2013,Број,Рибник,Ж,Босански,2
2013,Број,Рогатица,Оба пола,Босански,1022
2013,Број,Рогатица,M,Босански,525
2013,Број,Рогатица,Ж,Босански,497
2013,Број,Рудо,Оба пола,Босански,586
2013,Број,Рудо,M,Босански,308
2013,Број,Рудо,Ж,Босански,278
2013,Број,Соколац,Оба пола,Босански,645
2013,Број,Соколац,M,Босански,340
2013,Број,Соколац,Ж,Босански,305
2013,Број,Србац,Оба пола,Босански,389
2013,Број,Србац,M,Босански,181
2013,Број,Србац,Ж,Босански,208
2013,Број,Сребреница,Оба пола,Босански,6145
2013,Број,Сребреница,M,Босански,2921
2013,Број,Сребреница,Ж,Босански,3224
2013,Број,Теслић,Оба пола,Босански,7090
2013,Број,Теслић,M,Босански,3489
2013,Број,Теслић,Ж,Босански,3601
2013,Број,Град Требиње,Оба пола,Босански,860
2013,Број,Град Требиње,M,Босански,425
2013,Број,Град Требиње,Ж,Босански,435
2013,Број,Трново,Оба пола,Босански,820
2013,Број,Трново,M,Босански,406
2013,Број,Трново,Ж,Босански,414
2013,Број,Угљевик,Оба пола,Босански,2000
2013,Број,Угљевик,M,Босански,975
2013,Број,Угљевик,Ж,Босански,1025
2013,Број,Фоча,Оба пола,Босански,1182
2013,Број,Фоча,M,Босански,633
2013,Број,Фоча,Ж,Босански,549
2013,Број,Хан Пијесак,Оба пола,Босански,433
2013,Број,Хан Пијесак,M,Босански,211
2013,Број,Хан Пијесак,Ж,Босански,222
2013,Број,Чајниче,Оба пола,Босански,839
2013,Број,Чајниче,M,Босански,441
2013,Број,Чајниче,Ж,Босански,398
2013,Број,Челинац,Оба пола,Босански,391
2013,Број,Челинац,M,Босански,195
2013,Број,Челинац,Ж,Босански,196
2013,Број,Шамац,Оба пола,Босански,1110
2013,Број,Шамац,M,Босански,527
2013,Број,Шамац,Ж,Босански,583
2013,Број,Шековићи,Оба пола,Босански,104
2013,Број,Шековићи,M,Босански,52
2013,Број,Шековићи,Ж,Босански,52
2013,Број,Шипово,Оба пола,Босански,592
2013,Број,Шипово,M,Босански,298
2013,Број,Шипово,Ж,Босански,294
2013,Број,Република Српска,Оба пола,Хрватски,17315
2013,Број,Република Српска,M,Хрватски,7870
2013,Број,Република Српска,Ж,Хрватски,9445
2013,Број,Град Бања Лука,Оба пола,Хрватски,1621
2013,Број,Град Бања Лука,M,Хрватски,586
2013,Број,Град Бања Лука,Ж,Хрватски,1035
2013,Број,Берковићи,Оба пола,Хрватски,4
2013,Број,Берковићи,M,Хрватски,1
2013,Број,Берковићи,Ж,Хрватски,3
2013,Број,Град Бијељина,Оба пола,Хрватски,134
2013,Број,Град Бијељина,M,Хрватски,34
2013,Број,Град Бијељина,Ж,Хрватски,100
2013,Број,Билећа,Оба пола,Хрватски,6
2013,Број,Билећа,M,Хрватски,0
2013,Број,Билећа,Ж,Хрватски,6
2013,Број,Братунац,Оба пола,Хрватски,10
2013,Број,Братунац,M,Хрватски,2
2013,Број,Братунац,Ж,Хрватски,8
2013,Број,Брод,Оба пола,Хрватски,2842
2013,Број,Брод,M,Хрватски,1369
2013,Број,Брод,Ж,Хрватски,1473
2013,Број,Вишеград,Оба пола,Хрватски,6
2013,Број,Вишеград,M,Хрватски,0
2013,Број,Вишеград,Ж,Хрватски,6
2013,Број,Власеница,Оба пола,Хрватски,7
2013,Број,Власеница,M,Хрватски,2
2013,Број,Власеница,Ж,Хрватски,5
2013,Број,Вукосавље,Оба пола,Хрватски,663
2013,Број,Вукосавље,M,Хрватски,326
2013,Број,Вукосавље,Ж,Хрватски,337
2013,Број,Гацко,Оба пола,Хрватски,4
2013,Број,Гацко,M,Хрватски,4
2013,Број,Гацко,Ж,Хрватски,0
2013,Број,Град Градишка,Оба пола,Хрватски,358
2013,Број,Град Градишка,M,Хрватски,120
2013,Број,Град Градишка,Ж,Хрватски,238
2013,Број,Град Дервента,Оба пола,Хрватски,1861
2013,Број,Град Дервента,M,Хрватски,950
2013,Број,Град Дервента,Ж,Хрватски,911
2013,Број,Град Добој,Оба пола,Хрватски,869
2013,Број,Град Добој,M,Хрватски,378
2013,Број,Град Добој,Ж,Хрватски,491
2013,Број,Доњи Жабар,Оба пола,Хрватски,985
2013,Број,Доњи Жабар,M,Хрватски,497
2013,Број,Доњи Жабар,Ж,Хрватски,488
2013,Број,Град Зворник,Оба пола,Хрватски,29
2013,Број,Град Зворник,M,Хрватски,2
2013,Број,Град Зворник,Ж,Хрватски,27
2013,Број,Источна Илиџа,Оба пола,Хрватски,76
2013,Број,Источна Илиџа,M,Хрватски,24
2013,Број,Источна Илиџа,Ж,Хрватски,52
2013,Број,Источни Дрвар,Оба пола,Хрватски,1
2013,Број,Источни Дрвар,M,Хрватски,0
2013,Број,Источни Дрвар,Ж,Хрватски,1
2013,Број,Источни Мостар,Оба пола,Хрватски,11
2013,Број,Источни Мостар,M,Хрватски,8
2013,Број,Источни Мостар,Ж,Хрватски,3
2013,Број,Источни Стари Град,Оба пола,Хрватски,1
2013,Број,Источни Стари Град,M,Хрватски,0
2013,Број,Источни Стари Град,Ж,Хрватски,1
2013,Број,Источно Ново Сарајево,Оба пола,Хрватски,44
2013,Број,Источно Ново Сарајево,M,Хрватски,14
2013,Број,Источно Ново Сарајево,Ж,Хрватски,30
2013,Број,Језеро,Оба пола,Хрватски,3
2013,Број,Језеро,M,Хрватски,2
2013,Број,Језеро,Ж,Хрватски,1
2013,Број,Калиновик,Оба пола,Хрватски,3
2013,Број,Калиновик,M,Хрватски,1
2013,Број,Калиновик,Ж,Хрватски,2
2013,Број,Кнежево,Оба пола,Хрватски,17
2013,Број,Кнежево,M,Хрватски,4
2013,Број,Кнежево,Ж,Хрватски,13
2013,Број,Козарска Дубица,Оба пола,Хрватски,151
2013,Број,Козарска Дубица,M,Хрватски,39
2013,Број,Козарска Дубица,Ж,Хрватски,112
2013,Број,Костајница,Оба пола,Хрватски,72
2013,Број,Костајница,M,Хрватски,24
2013,Број,Костајница,Ж,Хрватски,48
2013,Број,Котор Варош,Оба пола,Хрватски,714
2013,Број,Котор Варош,M,Хрватски,357
2013,Број,Котор Варош,Ж,Хрватски,357
2013,Број,Крупа на Уни,Оба пола,Хрватски,3
2013,Број,Крупа на Уни,M,Хрватски,0
2013,Број,Крупа на Уни,Ж,Хрватски,3
2013,Број,Купрес,Оба пола,Хрватски,0
2013,Број,Купрес,M,Хрватски,0
2013,Број,Купрес,Ж,Хрватски,0
2013,Број,Лакташи,Оба пола,Хрватски,175
2013,Број,Лакташи,M,Хрватски,60
2013,Број,Лакташи,Ж,Хрватски,115
2013,Број,Лопаре,Оба пола,Хрватски,23
2013,Број,Лопаре,M,Хрватски,1
2013,Број,Лопаре,Ж,Хрватски,22
2013,Број,Љубиње,Оба пола,Хрватски,7
2013,Број,Љубиње,M,Хрватски,2
2013,Број,Љубиње,Ж,Хрватски,5
2013,Број,Милићи,Оба пола,Хрватски,4
2013,Број,Милићи,M,Хрватски,1
2013,Број,Милићи,Ж,Хрватски,3
2013,Број,Модрича,Оба пола,Хрватски,1246
2013,Број,Модрича,M,Хрватски,624
2013,Број,Модрича,Ж,Хрватски,622
2013,Број,Мркоњић Град,Оба пола,Хрватски,85
2013,Број,Мркоњић Град,M,Хрватски,37
2013,Број,Мркоњић Град,Ж,Хрватски,48
2013,Број,Невесиње,Оба пола,Хрватски,14
2013,Број,Невесиње,M,Хрватски,5
2013,Број,Невесиње,Ж,Хрватски,9
2013,Број,Нови Град,Оба пола,Хрватски,79
2013,Број,Нови Град,M,Хрватски,17
2013,Број,Нови Град,Ж,Хрватски,62
2013,Број,Ново Горажде,Оба пола,Хрватски,1
2013,Број,Ново Горажде,M,Хрватски,0
2013,Број,Ново Горажде,Ж,Хрватски,1
2013,Број,Осмаци,Оба пола,Хрватски,3
2013,Број,Осмаци,M,Хрватски,1
2013,Број,Осмаци,Ж,Хрватски,2
2013,Број,Оштра Лука,Оба пола,Хрватски,92
2013,Број,Оштра Лука,M,Хрватски,43
2013,Број,Оштра Лука,Ж,Хрватски,49
2013,Број,Пале,Оба пола,Хрватски,31
2013,Број,Пале,M,Хрватски,6
2013,Број,Пале,Ж,Хрватски,25
2013,Број,Пелагићево,Оба пола,Хрватски,1159
2013,Број,Пелагићево,M,Хрватски,571
2013,Број,Пелагићево,Ж,Хрватски,588
2013,Број,Петровац,Оба пола,Хрватски,0
2013,Број,Петровац,M,Хрватски,0
2013,Број,Петровац,Ж,Хрватски,0
2013,Број,Петрово,Оба пола,Хрватски,12
2013,Број,Петрово,M,Хрватски,2
2013,Број,Петрово,Ж,Хрватски,10
2013,Број,Град Приједор,Оба пола,Хрватски,639
2013,Број,Град Приједор,M,Хрватски,284
2013,Број,Град Приједор,Ж,Хрватски,355
2013,Број,Прњавор,Оба пола,Хрватски,171
2013,Број,Прњавор,M,Хрватски,59
2013,Број,Прњавор,Ж,Хрватски,112
2013,Број,Рибник,Оба пола,Хрватски,2
2013,Број,Рибник,M,Хрватски,0
2013,Број,Рибник,Ж,Хрватски,2
2013,Број,Рогатица,Оба пола,Хрватски,7
2013,Број,Рогатица,M,Хрватски,1
2013,Број,Рогатица,Ж,Хрватски,6
2013,Број,Рудо,Оба пола,Хрватски,0
2013,Број,Рудо,M,Хрватски,0
2013,Број,Рудо,Ж,Хрватски,0
2013,Број,Соколац,Оба пола,Хрватски,8
2013,Број,Соколац,M,Хрватски,1
2013,Број,Соколац,Ж,Хрватски,7
2013,Број,Србац,Оба пола,Хрватски,54
2013,Број,Србац,M,Хрватски,8
2013,Број,Србац,Ж,Хрватски,46
2013,Број,Сребреница,Оба пола,Хрватски,6
2013,Број,Сребреница,M,Хрватски,2
2013,Број,Сребреница,Ж,Хрватски,4
2013,Број,Теслић,Оба пола,Хрватски,766
2013,Број,Теслић,M,Хрватски,360
2013,Број,Теслић,Ж,Хрватски,406
2013,Број,Град Требиње,Оба пола,Хрватски,149
2013,Број,Град Требиње,M,Хрватски,66
2013,Број,Град Требиње,Ж,Хрватски,83
2013,Број,Трново,Оба пола,Хрватски,13
2013,Број,Трново,M,Хрватски,5
2013,Број,Трново,Ж,Хрватски,8
2013,Број,Угљевик,Оба пола,Хрватски,14
2013,Број,Угљевик,M,Хрватски,1
2013,Број,Угљевик,Ж,Хрватски,13
2013,Број,Фоча,Оба пола,Хрватски,19
2013,Број,Фоча,M,Хрватски,3
2013,Број,Фоча,Ж,Хрватски,16
2013,Број,Хан Пијесак,Оба пола,Хрватски,3
2013,Број,Хан Пијесак,M,Хрватски,0
2013,Број,Хан Пијесак,Ж,Хрватски,3
2013,Број,Чајниче,Оба пола,Хрватски,3
2013,Број,Чајниче,M,Хрватски,0
2013,Број,Чајниче,Ж,Хрватски,3
2013,Број,Челинац,Оба пола,Хрватски,15
2013,Број,Челинац,M,Хрватски,2
2013,Број,Челинац,Ж,Хрватски,13
2013,Број,Шамац,Оба пола,Хрватски,2006
2013,Број,Шамац,M,Хрватски,964
2013,Број,Шамац,Ж,Хрватски,1042
2013,Број,Шековићи,Оба пола,Хрватски,3
2013,Број,Шековићи,M,Хрватски,0
2013,Број,Шековићи,Ж,Хрватски,3
2013,Број,Шипово,Оба пола,Хрватски,11
2013,Број,Шипово,M,Хрватски,0
2013,Број,Шипово,Ж,Хрватски,11
2013,Број,Република Српска,Оба пола,Српски,982480
2013,Број,Република Српска,M,Српски,481743
2013,Број,Република Српска,Ж,Српски,500737
2013,Број,Град Бања Лука,Оба пола,Српски,166022
2013,Број,Град Бања Лука,M,Српски,80369
2013,Број,Град Бања Лука,Ж,Српски,85653
2013,Број,Берковићи,Оба пола,Српски,1875
2013,Број,Берковићи,M,Српски,942
2013,Број,Берковићи,Ж,Српски,933
2013,Број,Град Бијељина,Оба пола,Српски,90547
2013,Број,Град Бијељина,M,Српски,44290
2013,Број,Град Бијељина,Ж,Српски,46257
2013,Број,Билећа,Оба пола,Српски,10534
2013,Број,Билећа,M,Српски,5307
2013,Број,Билећа,Ж,Српски,5227
2013,Број,Братунац,Оба пола,Српски,11930
2013,Број,Братунац,M,Српски,5937
2013,Број,Братунац,Ж,Српски,5993
2013,Број,Брод,Оба пола,Српски,11154
2013,Број,Брод,M,Српски,5490
2013,Број,Брод,Ж,Српски,5664
2013,Број,Вишеград,Оба пола,Српски,8981
2013,Број,Вишеград,M,Српски,4351
2013,Број,Вишеград,Ж,Српски,4630
2013,Број,Власеница,Оба пола,Српски,7160
2013,Број,Власеница,M,Српски,3493
2013,Број,Власеница,Ж,Српски,3667
2013,Број,Вукосавље,Оба пола,Српски,1471
2013,Број,Вукосавље,M,Српски,727
2013,Број,Вукосавље,Ж,Српски,744
2013,Број,Гацко,Оба пола,Српски,8356
2013,Број,Гацко,M,Српски,4234
2013,Број,Гацко,Ж,Српски,4122
2013,Број,Град Градишка,Оба пола,Српски,41393
2013,Број,Град Градишка,M,Српски,20221
2013,Број,Град Градишка,Ж,Српски,21172
2013,Број,Град Дервента,Оба пола,Српски,21749
2013,Број,Град Дервента,M,Српски,10593
2013,Број,Град Дервента,Ж,Српски,11156
2013,Број,Град Добој,Оба пола,Српски,51338
2013,Број,Град Добој,M,Српски,25045
2013,Број,Град Добој,Ж,Српски,26293
2013,Број,Доњи Жабар,Оба пола,Српски,2652
2013,Број,Доњи Жабар,M,Српски,1345
2013,Број,Доњи Жабар,Ж,Српски,1307
2013,Број,Град Зворник,Оба пола,Српски,37330
2013,Број,Град Зворник,M,Српски,18483
2013,Број,Град Зворник,Ж,Српски,18847
2013,Број,Источна Илиџа,Оба пола,Српски,13532
2013,Број,Источна Илиџа,M,Српски,6502
2013,Број,Источна Илиџа,Ж,Српски,7030
2013,Број,Источни Дрвар,Оба пола,Српски,65
2013,Број,Источни Дрвар,M,Српски,44
2013,Број,Источни Дрвар,Ж,Српски,21
2013,Број,Источни Мостар,Оба пола,Српски,152
2013,Број,Источни Мостар,M,Српски,84
2013,Број,Источни Мостар,Ж,Српски,68
2013,Број,Источни Стари Град,Оба пола,Српски,1063
2013,Број,Источни Стари Град,M,Српски,521
2013,Број,Источни Стари Град,Ж,Српски,542
2013,Број,Источно Ново Сарајево,Оба пола,Српски,10078
2013,Број,Источно Ново Сарајево,M,Српски,4805
2013,Број,Источно Ново Сарајево,Ж,Српски,5273
2013,Број,Језеро,Оба пола,Српски,782
2013,Број,Језеро,M,Српски,412
2013,Број,Језеро,Ж,Српски,370
2013,Број,Калиновик,Оба пола,Српски,1907
2013,Број,Калиновик,M,Српски,924
2013,Број,Калиновик,Ж,Српски,983
2013,Број,Кнежево,Оба пола,Српски,8909
2013,Број,Кнежево,M,Српски,4431
2013,Број,Кнежево,Ж,Српски,4478
2013,Број,Козарска Дубица,Оба пола,Српски,18376
2013,Број,Козарска Дубица,M,Српски,9029
2013,Број,Козарска Дубица,Ж,Српски,9347
2013,Број,Костајница,Оба пола,Српски,4175
2013,Број,Костајница,M,Српски,2078
2013,Број,Костајница,Ж,Српски,2097
2013,Број,Котор Варош,Оба пола,Српски,12926
2013,Број,Котор Варош,M,Српски,6387
2013,Број,Котор Варош,Ж,Српски,6539
2013,Број,Крупа на Уни,Оба пола,Српски,1554
2013,Број,Крупа на Уни,M,Српски,840
2013,Број,Крупа на Уни,Ж,Српски,714
2013,Број,Купрес,Оба пола,Српски,290
2013,Број,Купрес,M,Српски,155
2013,Број,Купрес,Ж,Српски,135
2013,Број,Лакташи,Оба пола,Српски,33263
2013,Број,Лакташи,M,Српски,16465
2013,Број,Лакташи,Ж,Српски,16798
2013,Број,Лопаре,Оба пола,Српски,13299
2013,Број,Лопаре,M,Српски,6707
2013,Број,Лопаре,Ж,Српски,6592
2013,Број,Љубиње,Оба пола,Српски,3295
2013,Број,Љубиње,M,Српски,1623
2013,Број,Љубиње,Ж,Српски,1672
2013,Број,Милићи,Оба пола,Српски,6880
2013,Број,Милићи,M,Српски,3495
2013,Број,Милићи,Ж,Српски,3385
2013,Број,Модрича,Оба пола,Српски,19633
2013,Број,Модрича,M,Српски,9640
2013,Број,Модрича,Ж,Српски,9993
2013,Број,Мркоњић Град,Оба пола,Српски,15370
2013,Број,Мркоњић Град,M,Српски,7392
2013,Број,Мркоњић Град,Ж,Српски,7978
2013,Број,Невесиње,Оба пола,Српски,11987
2013,Број,Невесиње,M,Српски,5961
2013,Број,Невесиње,Ж,Српски,6026
2013,Број,Нови Град,Оба пола,Српски,19602
2013,Број,Нови Град,M,Српски,9805
2013,Број,Нови Град,Ж,Српски,9797
2013,Број,Ново Горажде,Оба пола,Српски,1564
2013,Број,Ново Горажде,M,Српски,823
2013,Број,Ново Горажде,Ж,Српски,741
2013,Број,Осмаци,Оба пола,Српски,2850
2013,Број,Осмаци,M,Српски,1452
2013,Број,Осмаци,Ж,Српски,1398
2013,Број,Оштра Лука,Оба пола,Српски,2540
2013,Број,Оштра Лука,M,Српски,1309
2013,Број,Оштра Лука,Ж,Српски,1231
2013,Број,Пале,Оба пола,Српски,20039
2013,Број,Пале,M,Српски,9599
2013,Број,Пале,Ж,Српски,10440
2013,Број,Пелагићево,Оба пола,Српски,3140
2013,Број,Пелагићево,M,Српски,1561
2013,Број,Пелагићево,Ж,Српски,1579
2013,Број,Петровац,Оба пола,Српски,353
2013,Број,Петровац,M,Српски,169
2013,Број,Петровац,Ж,Српски,184
2013,Број,Петрово,Оба пола,Српски,6252
2013,Број,Петрово,M,Српски,3020
2013,Број,Петрово,Ж,Српски,3232
2013,Број,Град Приједор,Оба пола,Српски,55452
2013,Број,Град Приједор,M,Српски,27205
2013,Број,Град Приједор,Ж,Српски,28247
2013,Број,Прњавор,Оба пола,Српски,30213
2013,Број,Прњавор,M,Српски,14687
2013,Број,Прњавор,Ж,Српски,15526
2013,Број,Рибник,Оба пола,Српски,5830
2013,Број,Рибник,M,Српски,2891
2013,Број,Рибник,Ж,Српски,2939
2013,Број,Рогатица,Оба пола,Српски,9233
2013,Број,Рогатица,M,Српски,4508
2013,Број,Рогатица,Ж,Српски,4725
2013,Број,Рудо,Оба пола,Српски,6979
2013,Број,Рудо,M,Српски,3527
2013,Број,Рудо,Ж,Српски,3452
2013,Број,Соколац,Оба пола,Српски,10911
2013,Број,Соколац,M,Српски,5366
2013,Број,Соколац,Ж,Српски,5545
2013,Број,Србац,Оба пола,Српски,16269
2013,Број,Србац,M,Српски,7994
2013,Број,Србац,Ж,Српски,8275
2013,Број,Сребреница,Оба пола,Српски,5469
2013,Број,Сребреница,M,Српски,2745
2013,Број,Сребреница,Ж,Српски,2724
2013,Број,Теслић,Оба пола,Српски,28458
2013,Број,Теслић,M,Српски,13628
2013,Број,Теслић,Ж,Српски,14830
2013,Број,Град Требиње,Оба пола,Српски,26940
2013,Број,Град Требиње,M,Српски,13155
2013,Број,Град Требиње,Ж,Српски,13785
2013,Број,Трново,Оба пола,Српски,1141
2013,Број,Трново,M,Српски,537
2013,Број,Трново,Ж,Српски,604
2013,Број,Угљевик,Оба пола,Српски,13052
2013,Број,Угљевик,M,Српски,6622
2013,Број,Угљевик,Ж,Српски,6430
2013,Број,Фоча,Оба пола,Српски,16299
2013,Број,Фоча,M,Српски,8200
2013,Број,Фоча,Ж,Српски,8099
2013,Број,Хан Пијесак,Оба пола,Српски,3002
2013,Број,Хан Пијесак,M,Српски,1415
2013,Број,Хан Пијесак,Ж,Српски,1587
2013,Број,Чајниче,Оба пола,Српски,3820
2013,Број,Чајниче,M,Српски,1898
2013,Број,Чајниче,Ж,Српски,1922
2013,Број,Челинац,Оба пола,Српски,14622
2013,Број,Челинац,M,Српски,7247
2013,Број,Челинац,Ж,Српски,7375
2013,Број,Шамац,Оба пола,Српски,12894
2013,Број,Шамац,M,Српски,6289
2013,Број,Шамац,Ж,Српски,6605
2013,Број,Шековићи,Оба пола,Српски,6196
2013,Број,Шековићи,M,Српски,3044
2013,Број,Шековићи,Ж,Српски,3152
2013,Број,Шипово,Оба пола,Српски,9332
2013,Број,Шипово,M,Српски,4725
2013,Број,Шипово,Ж,Српски,4607
2013,Број,Република Српска,Оба пола,Други језици,17824
2013,Број,Република Српска,M,Други језици,8017
2013,Број,Република Српска,Ж,Други језици,9807
2013,Број,Град Бања Лука,Оба пола,Други језици,5207
2013,Број,Град Бања Лука,M,Други језици,2214
2013,Број,Град Бања Лука,Ж,Други језици,2993
2013,Број,Берковићи,Оба пола,Други језици,5
2013,Број,Берковићи,M,Други језици,2
2013,Број,Берковићи,Ж,Други језици,3
2013,Број,Град Бијељина,Оба пола,Други језици,1418
2013,Број,Град Бијељина,M,Други језици,673
2013,Број,Град Бијељина,Ж,Други језици,745
2013,Број,Билећа,Оба пола,Други језици,32
2013,Број,Билећа,M,Други језици,18
2013,Број,Билећа,Ж,Други језици,14
2013,Број,Братунац,Оба пола,Други језици,69
2013,Број,Братунац,M,Други језици,33
2013,Број,Братунац,Ж,Други језици,36
2013,Број,Брод,Оба пола,Други језици,283
2013,Број,Брод,M,Други језици,111
2013,Број,Брод,Ж,Други језици,172
2013,Број,Вишеград,Оба пола,Други језици,66
2013,Број,Вишеград,M,Други језици,32
2013,Број,Вишеград,Ж,Други језици,34
2013,Број,Власеница,Оба пола,Други језици,89
2013,Број,Власеница,M,Други језици,36
2013,Број,Власеница,Ж,Други језици,53
2013,Број,Вукосавље,Оба пола,Други језици,116
2013,Број,Вукосавље,M,Други језици,68
2013,Број,Вукосавље,Ж,Други језици,48
2013,Број,Гацко,Оба пола,Други језици,9
2013,Број,Гацко,M,Други језици,5
2013,Број,Гацко,Ж,Други језици,4
2013,Број,Град Градишка,Оба пола,Други језици,1025
2013,Број,Град Градишка,M,Други језици,481
2013,Број,Град Градишка,Ж,Други језици,544
2013,Број,Град Дервента,Оба пола,Други језици,447
2013,Број,Град Дервента,M,Други језици,196
2013,Број,Град Дервента,Ж,Други језици,251
2013,Број,Град Добој,Оба пола,Други језици,1380
2013,Број,Град Добој,M,Други језици,644
2013,Број,Град Добој,Ж,Други језици,736
2013,Број,Доњи Жабар,Оба пола,Други језици,15
2013,Број,Доњи Жабар,M,Други језици,4
2013,Број,Доњи Жабар,Ж,Други језици,11
2013,Број,Град Зворник,Оба пола,Други језици,116
2013,Број,Град Зворник,M,Други језици,48
2013,Број,Град Зворник,Ж,Други језици,68
2013,Број,Источна Илиџа,Оба пола,Други језици,125
2013,Број,Источна Илиџа,M,Други језици,50
2013,Број,Источна Илиџа,Ж,Други језици,75
2013,Број,Источни Дрвар,Оба пола,Други језици,0
2013,Број,Источни Дрвар,M,Други језици,0
2013,Број,Источни Дрвар,Ж,Други језици,0
2013,Број,Источни Мостар,Оба пола,Други језици,0
2013,Број,Источни Мостар,M,Други језици,0
2013,Број,Источни Мостар,Ж,Други језици,0
2013,Број,Источни Стари Град,Оба пола,Други језици,6
2013,Број,Источни Стари Град,M,Други језици,2
2013,Број,Источни Стари Град,Ж,Други језици,4
2013,Број,Источно Ново Сарајево,Оба пола,Други језици,199
2013,Број,Источно Ново Сарајево,M,Други језици,86
2013,Број,Источно Ново Сарајево,Ж,Други језици,113
2013,Број,Језеро,Оба пола,Други језици,1
2013,Број,Језеро,M,Други језици,1
2013,Број,Језеро,Ж,Други језици,0
2013,Број,Калиновик,Оба пола,Други језици,11
2013,Број,Калиновик,M,Други језици,8
2013,Број,Калиновик,Ж,Други језици,3
2013,Број,Кнежево,Оба пола,Други језици,30
2013,Број,Кнежево,M,Други језици,8
2013,Број,Кнежево,Ж,Други језици,22
2013,Број,Козарска Дубица,Оба пола,Други језици,209
2013,Број,Козарска Дубица,M,Други језици,89
2013,Број,Козарска Дубица,Ж,Други језици,120
2013,Број,Костајница,Оба пола,Други језици,112
2013,Број,Костајница,M,Други језици,51
2013,Број,Костајница,Ж,Други језици,61
2013,Број,Котор Варош,Оба пола,Други језици,181
2013,Број,Котор Варош,M,Други језици,75
2013,Број,Котор Варош,Ж,Други језици,106
2013,Број,Крупа на Уни,Оба пола,Други језици,0
2013,Број,Крупа на Уни,M,Други језици,0
2013,Број,Крупа на Уни,Ж,Други језици,0
2013,Број,Купрес,Оба пола,Други језици,3
2013,Број,Купрес,M,Други језици,2
2013,Број,Купрес,Ж,Други језици,1
2013,Број,Лакташи,Оба пола,Други језици,578
2013,Број,Лакташи,M,Други језици,286
2013,Број,Лакташи,Ж,Други језици,292
2013,Број,Лопаре,Оба пола,Други језици,28
2013,Број,Лопаре,M,Други језици,9
2013,Број,Лопаре,Ж,Други језици,19
2013,Број,Љубиње,Оба пола,Други језици,3
2013,Број,Љубиње,M,Други језици,1
2013,Број,Љубиње,Ж,Други језици,2
2013,Број,Милићи,Оба пола,Други језици,9
2013,Број,Милићи,M,Други језици,1
2013,Број,Милићи,Ж,Други језици,8
2013,Број,Модрича,Оба пола,Други језици,470
2013,Број,Модрича,M,Други језици,208
2013,Број,Модрича,Ж,Други језици,262
2013,Број,Мркоњић Град,Оба пола,Други језици,97
2013,Број,Мркоњић Град,M,Други језици,52
2013,Број,Мркоњић Град,Ж,Други језици,45
2013,Број,Невесиње,Оба пола,Други језици,17
2013,Број,Невесиње,M,Други језици,4
2013,Број,Невесиње,Ж,Други језици,13
2013,Број,Нови Град,Оба пола,Други језици,263
2013,Број,Нови Град,M,Други језици,108
2013,Број,Нови Град,Ж,Други језици,155
2013,Број,Ново Горажде,Оба пола,Други језици,4
2013,Број,Ново Горажде,M,Други језици,3
2013,Број,Ново Горажде,Ж,Други језици,1
2013,Број,Осмаци,Оба пола,Други језици,8
2013,Број,Осмаци,M,Други језици,1
2013,Број,Осмаци,Ж,Други језици,7
2013,Број,Оштра Лука,Оба пола,Други језици,32
2013,Број,Оштра Лука,M,Други језици,16
2013,Број,Оштра Лука,Ж,Други језици,16
2013,Број,Пале,Оба пола,Други језици,108
2013,Број,Пале,M,Други језици,42
2013,Број,Пале,Ж,Други језици,66
2013,Број,Пелагићево,Оба пола,Други језици,30
2013,Број,Пелагићево,M,Други језици,12
2013,Број,Пелагићево,Ж,Други језици,18
2013,Број,Петровац,Оба пола,Други језици,1
2013,Број,Петровац,M,Други језици,0
2013,Број,Петровац,Ж,Други језици,1
2013,Број,Петрово,Оба пола,Други језици,41
2013,Број,Петрово,M,Други језици,15
2013,Број,Петрово,Ж,Други језици,26
2013,Број,Град Приједор,Оба пола,Други језици,1883
2013,Број,Град Приједор,M,Други језици,879
2013,Број,Град Приједор,Ж,Други језици,1004
2013,Број,Прњавор,Оба пола,Други језици,1131
2013,Број,Прњавор,M,Други језици,565
2013,Број,Прњавор,Ж,Други језици,566
2013,Број,Рибник,Оба пола,Други језици,13
2013,Број,Рибник,M,Други језици,5
2013,Број,Рибник,Ж,Други језици,8
2013,Број,Рогатица,Оба пола,Други језици,35
2013,Број,Рогатица,M,Други језици,17
2013,Број,Рогатица,Ж,Други језици,18
2013,Број,Рудо,Оба пола,Други језици,8
2013,Број,Рудо,M,Други језици,3
2013,Број,Рудо,Ж,Други језици,5
2013,Број,Соколац,Оба пола,Други језици,35
2013,Број,Соколац,M,Други језици,9
2013,Број,Соколац,Ж,Други језици,26
2013,Број,Србац,Оба пола,Други језици,180
2013,Број,Србац,M,Други језици,91
2013,Број,Србац,Ж,Други језици,89
2013,Број,Сребреница,Оба пола,Други језици,49
2013,Број,Сребреница,M,Други језици,32
2013,Број,Сребреница,Ж,Други језици,17
2013,Број,Теслић,Оба пола,Други језици,864
2013,Број,Теслић,M,Други језици,390
2013,Број,Теслић,Ж,Други језици,474
2013,Број,Град Требиње,Оба пола,Други језици,269
2013,Број,Град Требиње,M,Други језици,101
2013,Број,Град Требиње,Ж,Други језици,168
2013,Број,Трново,Оба пола,Други језици,8
2013,Број,Трново,M,Други језици,5
2013,Број,Трново,Ж,Други језици,3
2013,Број,Угљевик,Оба пола,Други језици,36
2013,Број,Угљевик,M,Други језици,15
2013,Број,Угљевик,Ж,Други језици,21
2013,Број,Фоча,Оба пола,Други језици,63
2013,Број,Фоча,M,Други језици,35
2013,Број,Фоча,Ж,Други језици,28
2013,Број,Хан Пијесак,Оба пола,Други језици,7
2013,Број,Хан Пијесак,M,Други језици,6
2013,Број,Хан Пијесак,Ж,Други језици,1
2013,Број,Чајниче,Оба пола,Други језици,12
2013,Број,Чајниче,M,Други језици,6
2013,Број,Чајниче,Ж,Други језици,6
2013,Број,Челинац,Оба пола,Други језици,74
2013,Број,Челинац,M,Други језици,26
2013,Број,Челинац,Ж,Други језици,48
2013,Број,Шамац,Оба пола,Други језици,277
2013,Број,Шамац,M,Други језици,116
2013,Број,Шамац,Ж,Други језици,161
2013,Број,Шековићи,Оба пола,Други језици,11
2013,Број,Шековићи,M,Други језици,4
2013,Број,Шековићи,Ж,Други језици,7
2013,Број,Шипово,Оба пола,Други језици,26
2013,Број,Шипово,M,Други језици,17
2013,Број,Шипово,Ж,Други језици,9
2013,Број,Република Српска,Оба пола,Непознат језик,2502
2013,Број,Република Српска,M,Непознат језик,1156
2013,Број,Република Српска,Ж,Непознат језик,1346
2013,Број,Град Бања Лука,Оба пола,Непознат језик,411
2013,Број,Град Бања Лука,M,Непознат језик,189
2013,Број,Град Бања Лука,Ж,Непознат језик,222
2013,Број,Берковићи,Оба пола,Непознат језик,2
2013,Број,Берковићи,M,Непознат језик,0
2013,Број,Берковићи,Ж,Непознат језик,2
2013,Број,Град Бијељина,Оба пола,Непознат језик,124
2013,Број,Град Бијељина,M,Непознат језик,51
2013,Број,Град Бијељина,Ж,Непознат језик,73
2013,Број,Билећа,Оба пола,Непознат језик,14
2013,Број,Билећа,M,Непознат језик,7
2013,Број,Билећа,Ж,Непознат језик,7
2013,Број,Братунац,Оба пола,Непознат језик,46
2013,Број,Братунац,M,Непознат језик,21
2013,Број,Братунац,Ж,Непознат језик,25
2013,Број,Брод,Оба пола,Непознат језик,44
2013,Број,Брод,M,Непознат језик,20
2013,Број,Брод,Ж,Непознат језик,24
2013,Број,Вишеград,Оба пола,Непознат језик,178
2013,Број,Вишеград,M,Непознат језик,2
2013,Број,Вишеград,Ж,Непознат језик,176
2013,Број,Власеница,Оба пола,Непознат језик,29
2013,Број,Власеница,M,Непознат језик,14
2013,Број,Власеница,Ж,Непознат језик,15
2013,Број,Вукосавље,Оба пола,Непознат језик,15
2013,Број,Вукосавље,M,Непознат језик,2
2013,Број,Вукосавље,Ж,Непознат језик,13
2013,Број,Гацко,Оба пола,Непознат језик,10
2013,Број,Гацко,M,Непознат језик,2
2013,Број,Гацко,Ж,Непознат језик,8
2013,Број,Град Градишка,Оба пола,Непознат језик,85
2013,Број,Град Градишка,M,Непознат језик,39
2013,Број,Град Градишка,Ж,Непознат језик,46
2013,Број,Град Дервента,Оба пола,Непознат језик,74
2013,Број,Град Дервента,M,Непознат језик,33
2013,Број,Град Дервента,Ж,Непознат језик,41
2013,Број,Град Добој,Оба пола,Непознат језик,178
2013,Број,Град Добој,M,Непознат језик,70
2013,Број,Град Добој,Ж,Непознат језик,108
2013,Број,Доњи Жабар,Оба пола,Непознат језик,6
2013,Број,Доњи Жабар,M,Непознат језик,4
2013,Број,Доњи Жабар,Ж,Непознат језик,2
2013,Број,Град Зворник,Оба пола,Непознат језик,119
2013,Број,Град Зворник,M,Непознат језик,52
2013,Број,Град Зворник,Ж,Непознат језик,67
2013,Број,Источна Илиџа,Оба пола,Непознат језик,13
2013,Број,Источна Илиџа,M,Непознат језик,7
2013,Број,Источна Илиџа,Ж,Непознат језик,6
2013,Број,Источни Дрвар,Оба пола,Непознат језик,0
2013,Број,Источни Дрвар,M,Непознат језик,0
2013,Број,Источни Дрвар,Ж,Непознат језик,0
2013,Број,Источни Мостар,Оба пола,Непознат језик,3
2013,Број,Источни Мостар,M,Непознат језик,1
2013,Број,Источни Мостар,Ж,Непознат језик,2
2013,Број,Источни Стари Град,Оба пола,Непознат језик,2
2013,Број,Источни Стари Град,M,Непознат језик,2
2013,Број,Источни Стари Град,Ж,Непознат језик,0
2013,Број,Источно Ново Сарајево,Оба пола,Непознат језик,9
2013,Број,Источно Ново Сарајево,M,Непознат језик,2
2013,Број,Источно Ново Сарајево,Ж,Непознат језик,7
2013,Број,Језеро,Оба пола,Непознат језик,1
2013,Број,Језеро,M,Непознат језик,1
2013,Број,Језеро,Ж,Непознат језик,0
2013,Број,Калиновик,Оба пола,Непознат језик,4
2013,Број,Калиновик,M,Непознат језик,2
2013,Број,Калиновик,Ж,Непознат језик,2
2013,Број,Кнежево,Оба пола,Непознат језик,8
2013,Број,Кнежево,M,Непознат језик,4
2013,Број,Кнежево,Ж,Непознат језик,4
2013,Број,Козарска Дубица,Оба пола,Непознат језик,23
2013,Број,Козарска Дубица,M,Непознат језик,10
2013,Број,Козарска Дубица,Ж,Непознат језик,13
2013,Број,Костајница,Оба пола,Непознат језик,3
2013,Број,Костајница,M,Непознат језик,1
2013,Број,Костајница,Ж,Непознат језик,2
2013,Број,Котор Варош,Оба пола,Непознат језик,23
2013,Број,Котор Варош,M,Непознат језик,15
2013,Број,Котор Варош,Ж,Непознат језик,8
2013,Број,Крупа на Уни,Оба пола,Непознат језик,0
2013,Број,Крупа на Уни,M,Непознат језик,0
2013,Број,Крупа на Уни,Ж,Непознат језик,0
2013,Број,Купрес,Оба пола,Непознат језик,0
2013,Број,Купрес,M,Непознат језик,0
2013,Број,Купрес,Ж,Непознат језик,0
2013,Број,Лакташи,Оба пола,Непознат језик,82
2013,Број,Лакташи,M,Непознат језик,36
2013,Број,Лакташи,Ж,Непознат језик,46
2013,Број,Лопаре,Оба пола,Непознат језик,24
2013,Број,Лопаре,M,Непознат језик,12
2013,Број,Лопаре,Ж,Непознат језик,12
2013,Број,Љубиње,Оба пола,Непознат језик,4
2013,Број,Љубиње,M,Непознат језик,2
2013,Број,Љубиње,Ж,Непознат језик,2
2013,Број,Милићи,Оба пола,Непознат језик,11
2013,Број,Милићи,M,Непознат језик,4
2013,Број,Милићи,Ж,Непознат језик,7
2013,Број,Модрича,Оба пола,Непознат језик,133
2013,Број,Модрича,M,Непознат језик,71
2013,Број,Модрича,Ж,Непознат језик,62
2013,Број,Мркоњић Град,Оба пола,Непознат језик,16
2013,Број,Мркоњић Град,M,Непознат језик,7
2013,Број,Мркоњић Град,Ж,Непознат језик,9
2013,Број,Невесиње,Оба пола,Непознат језик,17
2013,Број,Невесиње,M,Непознат језик,5
2013,Број,Невесиње,Ж,Непознат језик,12
2013,Број,Нови Град,Оба пола,Непознат језик,36
2013,Број,Нови Град,M,Непознат језик,20
2013,Број,Нови Град,Ж,Непознат језик,16
2013,Број,Ново Горажде,Оба пола,Непознат језик,8
2013,Број,Ново Горажде,M,Непознат језик,3
2013,Број,Ново Горажде,Ж,Непознат језик,5
2013,Број,Осмаци,Оба пола,Непознат језик,5
2013,Број,Осмаци,M,Непознат језик,2
2013,Број,Осмаци,Ж,Непознат језик,3
2013,Број,Оштра Лука,Оба пола,Непознат језик,2
2013,Број,Оштра Лука,M,Непознат језик,2
2013,Број,Оштра Лука,Ж,Непознат језик,0
2013,Број,Пале,Оба пола,Непознат језик,11
2013,Број,Пале,M,Непознат језик,8
2013,Број,Пале,Ж,Непознат језик,3
2013,Број,Пелагићево,Оба пола,Непознат језик,5
2013,Број,Пелагићево,M,Непознат језик,1
2013,Број,Пелагићево,Ж,Непознат језик,4
2013,Број,Петровац,Оба пола,Непознат језик,0
2013,Број,Петровац,M,Непознат језик,0
2013,Број,Петровац,Ж,Непознат језик,0
2013,Број,Петрово,Оба пола,Непознат језик,5
2013,Број,Петрово,M,Непознат језик,2
2013,Број,Петрово,Ж,Непознат језик,3
2013,Број,Град Приједор,Оба пола,Непознат језик,394
2013,Број,Град Приједор,M,Непознат језик,269
2013,Број,Град Приједор,Ж,Непознат језик,125
2013,Број,Прњавор,Оба пола,Непознат језик,50
2013,Број,Прњавор,M,Непознат језик,20
2013,Број,Прњавор,Ж,Непознат језик,30
2013,Број,Рибник,Оба пола,Непознат језик,3
2013,Број,Рибник,M,Непознат језик,3
2013,Број,Рибник,Ж,Непознат језик,0
2013,Број,Рогатица,Оба пола,Непознат језик,5
2013,Број,Рогатица,M,Непознат језик,2
2013,Број,Рогатица,Ж,Непознат језик,3
2013,Број,Рудо,Оба пола,Непознат језик,5
2013,Број,Рудо,M,Непознат језик,2
2013,Број,Рудо,Ж,Непознат језик,3
2013,Број,Соколац,Оба пола,Непознат језик,21
2013,Број,Соколац,M,Непознат језик,7
2013,Број,Соколац,Ж,Непознат језик,14
2013,Број,Србац,Оба пола,Непознат језик,41
2013,Број,Србац,M,Непознат језик,21
2013,Број,Србац,Ж,Непознат језик,20
2013,Број,Сребреница,Оба пола,Непознат језик,29
2013,Број,Сребреница,M,Непознат језик,14
2013,Број,Сребреница,Ж,Непознат језик,15
2013,Број,Теслић,Оба пола,Непознат језик,58
2013,Број,Теслић,M,Непознат језик,27
2013,Број,Теслић,Ж,Непознат језик,31
2013,Број,Град Требиње,Оба пола,Непознат језик,21
2013,Број,Град Требиње,M,Непознат језик,13
2013,Број,Град Требиње,Ж,Непознат језик,8
2013,Број,Трново,Оба пола,Непознат језик,1
2013,Број,Трново,M,Непознат језик,0
2013,Број,Трново,Ж,Непознат језик,1
2013,Број,Угљевик,Оба пола,Непознат језик,16
2013,Број,Угљевик,M,Непознат језик,13
2013,Број,Угљевик,Ж,Непознат језик,3
2013,Број,Фоча,Оба пола,Непознат језик,17
2013,Број,Фоча,M,Непознат језик,9
2013,Број,Фоча,Ж,Непознат језик,8
2013,Број,Хан Пијесак,Оба пола,Непознат језик,0
2013,Број,Хан Пијесак,M,Непознат језик,0
2013,Број,Хан Пијесак,Ж,Непознат језик,0
2013,Број,Чајниче,Оба пола,Непознат језик,5
2013,Број,Чајниче,M,Непознат језик,2
2013,Број,Чајниче,Ж,Непознат језик,3
2013,Број,Челинац,Оба пола,Непознат језик,15
2013,Број,Челинац,M,Непознат језик,7
2013,Број,Челинац,Ж,Непознат језик,8
2013,Број,Шамац,Оба пола,Непознат језик,21
2013,Број,Шамац,M,Непознат језик,12
2013,Број,Шамац,Ж,Непознат језик,9
2013,Број,Шековићи,Оба пола,Непознат језик,9
2013,Број,Шековићи,M,Непознат језик,3
2013,Број,Шековићи,Ж,Непознат језик,6
2013,Број,Шипово,Оба пола,Непознат језик,8
2013,Број,Шипово,M,Непознат језик,6
2013,Број,Шипово,Ж,Непознат језик,2
