Year,UNIT_MEASURE,Административно подручје,Пол,Nationality,Value
2013,Број,Република Српска,Оба пола,Укупно,1170342
2013,Број,Република Српска,M,Укупно,571812
2013,Број,Република Српска,Ж,Укупно,598530
2013,Број,Град Бања Лука,Оба пола,Укупно,180053
2013,Број,Град Бања Лука,M,Укупно,86510
2013,Број,Град Бања Лука,Ж,Укупно,93543
2013,Број,Берковићи,Оба пола,Укупно,2041
2013,Број,Берковићи,M,Укупно,1032
2013,Број,Берковићи,Ж,Укупно,1009
2013,Број,Град Бијељина,Оба пола,Укупно,103874
2013,Број,Град Бијељина,M,Укупно,50760
2013,Број,Град Бијељина,Ж,Укупно,53114
2013,Број,Билећа,Оба пола,Укупно,10607
2013,Број,Билећа,M,Укупно,5346
2013,Број,Билећа,Ж,Укупно,5261
2013,Број,Братунац,Оба пола,Укупно,18651
2013,Број,Братунац,M,Укупно,9210
2013,Број,Братунац,Ж,Укупно,9441
2013,Број,Брод,Оба пола,Укупно,15720
2013,Број,Брод,M,Укупно,7670
2013,Број,Брод,Ж,Укупно,8050
2013,Број,Вишеград,Оба пола,Укупно,10118
2013,Број,Вишеград,M,Укупно,4834
2013,Број,Вишеград,Ж,Укупно,5284
2013,Број,Власеница,Оба пола,Укупно,10657
2013,Број,Власеница,M,Укупно,5193
2013,Број,Власеница,Ж,Укупно,5464
2013,Број,Вукосавље,Оба пола,Укупно,4363
2013,Број,Вукосавље,M,Укупно,2185
2013,Број,Вукосавље,Ж,Укупно,2178
2013,Број,Гацко,Оба пола,Укупно,8710
2013,Број,Гацко,M,Укупно,4423
2013,Број,Гацко,Ж,Укупно,4287
2013,Број,Град Градишка,Оба пола,Укупно,49196
2013,Број,Град Градишка,M,Укупно,23944
2013,Број,Град Градишка,Ж,Укупно,25252
2013,Број,Град Дервента,Оба пола,Укупно,25922
2013,Број,Град Дервента,M,Укупно,12629
2013,Број,Град Дервента,Ж,Укупно,13293
2013,Број,Град Добој,Оба пола,Укупно,68514
2013,Број,Град Добој,M,Укупно,33222
2013,Број,Град Добој,Ж,Укупно,35292
2013,Број,Доњи Жабар,Оба пола,Укупно,3669
2013,Број,Доњи Жабар,M,Укупно,1853
2013,Број,Доњи Жабар,Ж,Укупно,1816
2013,Број,Град Зворник,Оба пола,Укупно,54407
2013,Број,Град Зворник,M,Укупно,26803
2013,Број,Град Зворник,Ж,Укупно,27604
2013,Број,Источна Илиџа,Оба пола,Укупно,14437
2013,Број,Источна Илиџа,M,Укупно,6905
2013,Број,Источна Илиџа,Ж,Укупно,7532
2013,Број,Источни Дрвар,Оба пола,Укупно,66
2013,Број,Источни Дрвар,M,Укупно,44
2013,Број,Источни Дрвар,Ж,Укупно,22
2013,Број,Источни Мостар,Оба пола,Укупно,244
2013,Број,Источни Мостар,M,Укупно,138
2013,Број,Источни Мостар,Ж,Укупно,106
2013,Број,Источни Стари Град,Оба пола,Укупно,1116
2013,Број,Источни Стари Град,M,Укупно,552
2013,Број,Источни Стари Град,Ж,Укупно,564
2013,Број,Источно Ново Сарајево,Оба пола,Укупно,10401
2013,Број,Источно Ново Сарајево,M,Укупно,4936
2013,Број,Источно Ново Сарајево,Ж,Укупно,5465
2013,Број,Језеро,Оба пола,Укупно,1039
2013,Број,Језеро,M,Укупно,534
2013,Број,Језеро,Ж,Укупно,505
2013,Број,Калиновик,Оба пола,Укупно,1962
2013,Број,Калиновик,M,Укупно,950
2013,Број,Калиновик,Ж,Укупно,1012
2013,Број,Кнежево,Оба пола,Укупно,9368
2013,Број,Кнежево,M,Укупно,4632
2013,Број,Кнежево,Ж,Укупно,4736
2013,Број,Козарска Дубица,Оба пола,Укупно,20681
2013,Број,Козарска Дубица,M,Укупно,10094
2013,Број,Козарска Дубица,Ж,Укупно,10587
2013,Број,Костајница,Оба пола,Укупно,5645
2013,Број,Костајница,M,Укупно,2780
2013,Број,Костајница,Ж,Укупно,2865
2013,Број,Котор Варош,Оба пола,Укупно,18361
2013,Број,Котор Варош,M,Укупно,9007
2013,Број,Котор Варош,Ж,Укупно,9354
2013,Број,Крупа на Уни,Оба пола,Укупно,1560
2013,Број,Крупа на Уни,M,Укупно,841
2013,Број,Крупа на Уни,Ж,Укупно,719
2013,Број,Купрес,Оба пола,Укупно,293
2013,Број,Купрес,M,Укупно,157
2013,Број,Купрес,Ж,Укупно,136
2013,Број,Лакташи,Оба пола,Укупно,34210
2013,Број,Лакташи,M,Укупно,16905
2013,Број,Лакташи,Ж,Укупно,17305
2013,Број,Лопаре,Оба пола,Укупно,14689
2013,Број,Лопаре,M,Укупно,7377
2013,Број,Лопаре,Ж,Укупно,7312
2013,Број,Љубиње,Оба пола,Укупно,3319
2013,Број,Љубиње,M,Укупно,1633
2013,Број,Љубиње,Ж,Укупно,1686
2013,Број,Милићи,Оба пола,Укупно,10445
2013,Број,Милићи,M,Укупно,5252
2013,Број,Милићи,Ж,Укупно,5193
2013,Број,Модрича,Оба пола,Укупно,24490
2013,Број,Модрича,M,Укупно,11969
2013,Број,Модрича,Ж,Укупно,12521
2013,Број,Мркоњић Град,Оба пола,Укупно,15926
2013,Број,Мркоњић Град,M,Укупно,7660
2013,Број,Мркоњић Град,Ж,Укупно,8266
2013,Број,Невесиње,Оба пола,Укупно,12542
2013,Број,Невесиње,M,Укупно,6236
2013,Број,Невесиње,Ж,Укупно,6306
2013,Број,Нови Град,Оба пола,Укупно,25240
2013,Број,Нови Град,M,Укупно,12580
2013,Број,Нови Град,Ж,Укупно,12660
2013,Број,Ново Горажде,Оба пола,Укупно,2915
2013,Број,Ново Горажде,M,Укупно,1500
2013,Број,Ново Горажде,Ж,Укупно,1415
2013,Број,Осмаци,Оба пола,Укупно,5546
2013,Број,Осмаци,M,Укупно,2779
2013,Број,Осмаци,Ж,Укупно,2767
2013,Број,Оштра Лука,Оба пола,Укупно,2705
2013,Број,Оштра Лука,M,Укупно,1386
2013,Број,Оштра Лука,Ж,Укупно,1319
2013,Број,Пале,Оба пола,Укупно,20359
2013,Број,Пале,M,Укупно,9744
2013,Број,Пале,Ж,Укупно,10615
2013,Број,Пелагићево,Оба пола,Укупно,4358
2013,Број,Пелагићево,M,Укупно,2151
2013,Број,Пелагићево,Ж,Укупно,2207
2013,Број,Петровац,Оба пола,Укупно,354
2013,Број,Петровац,M,Укупно,169
2013,Број,Петровац,Ж,Укупно,185
2013,Број,Петрово,Оба пола,Укупно,6317
2013,Број,Петрово,M,Укупно,3043
2013,Број,Петрово,Ж,Укупно,3274
2013,Број,Град Приједор,Оба пола,Укупно,80916
2013,Број,Град Приједор,M,Укупно,39418
2013,Број,Град Приједор,Ж,Укупно,41498
2013,Број,Прњавор,Оба пола,Укупно,34357
2013,Број,Прњавор,M,Укупно,16675
2013,Број,Прњавор,Ж,Укупно,17682
2013,Број,Рибник,Оба пола,Укупно,5851
2013,Број,Рибник,M,Укупно,2900
2013,Број,Рибник,Ж,Укупно,2951
2013,Број,Рогатица,Оба пола,Укупно,10302
2013,Број,Рогатица,M,Укупно,5053
2013,Број,Рогатица,Ж,Укупно,5249
2013,Број,Рудо,Оба пола,Укупно,7578
2013,Број,Рудо,M,Укупно,3840
2013,Број,Рудо,Ж,Укупно,3738
2013,Број,Соколац,Оба пола,Укупно,11620
2013,Број,Соколац,M,Укупно,5723
2013,Број,Соколац,Ж,Укупно,5897
2013,Број,Србац,Оба пола,Укупно,16933
2013,Број,Србац,M,Укупно,8295
2013,Број,Србац,Ж,Укупно,8638
2013,Број,Сребреница,Оба пола,Укупно,11698
2013,Број,Сребреница,M,Укупно,5714
2013,Број,Сребреница,Ж,Укупно,5984
2013,Број,Теслић,Оба пола,Укупно,37236
2013,Број,Теслић,M,Укупно,17894
2013,Број,Теслић,Ж,Укупно,19342
2013,Број,Град Требиње,Оба пола,Укупно,28239
2013,Број,Град Требиње,M,Укупно,13760
2013,Број,Град Требиње,Ж,Укупно,14479
2013,Број,Трново,Оба пола,Укупно,1983
2013,Број,Трново,M,Укупно,953
2013,Број,Трново,Ж,Укупно,1030
2013,Број,Угљевик,Оба пола,Укупно,15118
2013,Број,Угљевик,M,Укупно,7626
2013,Број,Угљевик,Ж,Укупно,7492
2013,Број,Фоча,Оба пола,Укупно,17580
2013,Број,Фоча,M,Укупно,8880
2013,Број,Фоча,Ж,Укупно,8700
2013,Број,Хан Пијесак,Оба пола,Укупно,3445
2013,Број,Хан Пијесак,M,Укупно,1632
2013,Број,Хан Пијесак,Ж,Укупно,1813
2013,Број,Чајниче,Оба пола,Укупно,4679
2013,Број,Чајниче,M,Укупно,2347
2013,Број,Чајниче,Ж,Укупно,2332
2013,Број,Челинац,Оба пола,Укупно,15117
2013,Број,Челинац,M,Укупно,7477
2013,Број,Челинац,Ж,Укупно,7640
2013,Број,Шамац,Оба пола,Укупно,16308
2013,Број,Шамац,M,Укупно,7908
2013,Број,Шамац,Ж,Укупно,8400
2013,Број,Шековићи,Оба пола,Укупно,6323
2013,Број,Шековићи,M,Укупно,3103
2013,Број,Шековићи,Ж,Укупно,3220
2013,Број,Шипово,Оба пола,Укупно,9969
2013,Број,Шипово,M,Укупно,5046
2013,Број,Шипово,Ж,Укупно,4923
2013,Број,Република Српска,Оба пола,bosniaks,148477
2013,Број,Република Српска,M,bosniaks,72148
2013,Број,Република Српска,Ж,bosniaks,76329
2013,Број,Град Бања Лука,Оба пола,bosniaks,6816
2013,Број,Град Бања Лука,M,bosniaks,3108
2013,Број,Град Бања Лука,Ж,bosniaks,3708
2013,Број,Берковићи,Оба пола,bosniaks,155
2013,Број,Берковићи,M,bosniaks,87
2013,Број,Берковићи,Ж,bosniaks,68
2013,Број,Град Бијељина,Оба пола,bosniaks,11680
2013,Број,Град Бијељина,M,bosniaks,5733
2013,Број,Град Бијељина,Ж,bosniaks,5947
2013,Број,Билећа,Оба пола,bosniaks,26
2013,Број,Билећа,M,bosniaks,16
2013,Број,Билећа,Ж,bosniaks,10
2013,Број,Братунац,Оба пола,bosniaks,6588
2013,Број,Братунац,M,bosniaks,3218
2013,Број,Братунац,Ж,bosniaks,3370
2013,Број,Брод,Оба пола,bosniaks,1312
2013,Број,Брод,M,bosniaks,640
2013,Број,Брод,Ж,bosniaks,672
2013,Број,Вишеград,Оба пола,bosniaks,895
2013,Број,Вишеград,M,bosniaks,454
2013,Број,Вишеград,Ж,bosniaks,441
2013,Број,Власеница,Оба пола,bosniaks,3360
2013,Број,Власеница,M,bosniaks,1646
2013,Број,Власеница,Ж,bosniaks,1714
2013,Број,Вукосавље,Оба пола,bosniaks,2025
2013,Број,Вукосавље,M,bosniaks,1034
2013,Број,Вукосавље,Ж,bosniaks,991
2013,Број,Гацко,Оба пола,bosniaks,332
2013,Број,Гацко,M,bosniaks,179
2013,Број,Гацко,Ж,bosniaks,153
2013,Број,Град Градишка,Оба пола,bosniaks,6266
2013,Број,Град Градишка,M,bosniaks,3047
2013,Број,Град Градишка,Ж,bosniaks,3219
2013,Број,Град Дервента,Оба пола,bosniaks,1686
2013,Број,Град Дервента,M,bosniaks,812
2013,Број,Град Дервента,Ж,bosniaks,874
2013,Број,Град Добој,Оба пола,bosniaks,14417
2013,Број,Град Добој,M,bosniaks,6904
2013,Број,Град Добој,Ж,bosniaks,7513
2013,Број,Доњи Жабар,Оба пола,bosniaks,4
2013,Број,Доњи Жабар,M,bosniaks,0
2013,Број,Доњи Жабар,Ж,bosniaks,4
2013,Број,Град Зворник,Оба пола,bosniaks,16775
2013,Број,Град Зворник,M,bosniaks,8206
2013,Број,Град Зворник,Ж,bosniaks,8569
2013,Број,Источна Илиџа,Оба пола,bosniaks,632
2013,Број,Источна Илиџа,M,bosniaks,293
2013,Број,Источна Илиџа,Ж,bosniaks,339
2013,Број,Источни Дрвар,Оба пола,bosniaks,0
2013,Број,Источни Дрвар,M,bosniaks,0
2013,Број,Источни Дрвар,Ж,bosniaks,0
2013,Број,Источни Мостар,Оба пола,bosniaks,78
2013,Број,Источни Мостар,M,bosniaks,45
2013,Број,Источни Мостар,Ж,bosniaks,33
2013,Број,Источни Стари Град,Оба пола,bosniaks,41
2013,Број,Источни Стари Град,M,bosniaks,25
2013,Број,Источни Стари Град,Ж,bosniaks,16
2013,Број,Источно Ново Сарајево,Оба пола,bosniaks,44
2013,Број,Источно Ново Сарајево,M,bosniaks,14
2013,Број,Источно Ново Сарајево,Ж,bosniaks,30
2013,Број,Језеро,Оба пола,bosniaks,251
2013,Број,Језеро,M,bosniaks,118
2013,Број,Језеро,Ж,bosniaks,133
2013,Број,Калиновик,Оба пола,bosniaks,43
2013,Број,Калиновик,M,bosniaks,19
2013,Број,Калиновик,Ж,bosniaks,24
2013,Број,Кнежево,Оба пола,bosniaks,413
2013,Број,Кнежево,M,bosniaks,186
2013,Број,Кнежево,Ж,bosniaks,227
2013,Број,Козарска Дубица,Оба пола,bosniaks,1883
2013,Број,Козарска Дубица,M,bosniaks,906
2013,Број,Козарска Дубица,Ж,bosniaks,977
2013,Број,Костајница,Оба пола,bosniaks,1276
2013,Број,Костајница,M,bosniaks,626
2013,Број,Костајница,Ж,bosniaks,650
2013,Број,Котор Варош,Оба пола,bosniaks,4516
2013,Број,Котор Варош,M,bosniaks,2173
2013,Број,Котор Варош,Ж,bosniaks,2343
2013,Број,Крупа на Уни,Оба пола,bosniaks,3
2013,Број,Крупа на Уни,M,bosniaks,1
2013,Број,Крупа на Уни,Ж,bosniaks,2
2013,Број,Купрес,Оба пола,bosniaks,0
2013,Број,Купрес,M,bosniaks,0
2013,Број,Купрес,Ж,bosniaks,0
2013,Број,Лакташи,Оба пола,bosniaks,104
2013,Број,Лакташи,M,bosniaks,47
2013,Број,Лакташи,Ж,bosniaks,57
2013,Број,Лопаре,Оба пола,bosniaks,1310
2013,Број,Лопаре,M,bosniaks,646
2013,Број,Лопаре,Ж,bosniaks,664
2013,Број,Љубиње,Оба пола,bosniaks,9
2013,Број,Љубиње,M,bosniaks,5
2013,Број,Љубиње,Ж,bosniaks,4
2013,Број,Милићи,Оба пола,bosniaks,3532
2013,Број,Милићи,M,bosniaks,1746
2013,Број,Милићи,Ж,bosniaks,1786
2013,Број,Модрича,Оба пола,bosniaks,2880
2013,Број,Модрича,M,bosniaks,1364
2013,Број,Модрича,Ж,bosniaks,1516
2013,Број,Мркоњић Град,Оба пола,bosniaks,354
2013,Број,Мркоњић Град,M,bosniaks,170
2013,Број,Мркоњић Град,Ж,bosniaks,184
2013,Број,Невесиње,Оба пола,bosniaks,508
2013,Број,Невесиње,M,bosniaks,261
2013,Број,Невесиње,Ж,bosniaks,247
2013,Број,Нови Град,Оба пола,bosniaks,5214
2013,Број,Нови Град,M,bosniaks,2606
2013,Број,Нови Град,Ж,bosniaks,2608
2013,Број,Ново Горажде,Оба пола,bosniaks,1317
2013,Број,Ново Горажде,M,bosniaks,662
2013,Број,Ново Горажде,Ж,bosniaks,655
2013,Број,Осмаци,Оба пола,bosniaks,2673
2013,Број,Осмаци,M,bosniaks,1321
2013,Број,Осмаци,Ж,bosniaks,1352
2013,Број,Оштра Лука,Оба пола,bosniaks,23
2013,Број,Оштра Лука,M,bosniaks,7
2013,Број,Оштра Лука,Ж,bosniaks,16
2013,Број,Пале,Оба пола,bosniaks,165
2013,Број,Пале,M,bosniaks,86
2013,Број,Пале,Ж,bosniaks,79
2013,Број,Пелагићево,Оба пола,bosniaks,13
2013,Број,Пелагићево,M,bosniaks,2
2013,Број,Пелагићево,Ж,bosniaks,11
2013,Број,Петровац,Оба пола,bosniaks,0
2013,Број,Петровац,M,bosniaks,0
2013,Број,Петровац,Ж,bosniaks,0
2013,Број,Петрово,Оба пола,bosniaks,6
2013,Број,Петрово,M,bosniaks,2
2013,Број,Петрово,Ж,bosniaks,4
2013,Број,Град Приједор,Оба пола,bosniaks,22303
2013,Број,Град Приједор,M,bosniaks,10669
2013,Број,Град Приједор,Ж,bosniaks,11634
2013,Број,Прњавор,Оба пола,bosniaks,2749
2013,Број,Прњавор,M,bosniaks,1329
2013,Број,Прњавор,Ж,bosniaks,1420
2013,Број,Рибник,Оба пола,bosniaks,0
2013,Број,Рибник,M,bosniaks,0
2013,Број,Рибник,Ж,bosniaks,0
2013,Број,Рогатица,Оба пола,bosniaks,1009
2013,Број,Рогатица,M,bosniaks,520
2013,Број,Рогатица,Ж,bosniaks,489
2013,Број,Рудо,Оба пола,bosniaks,574
2013,Број,Рудо,M,bosniaks,300
2013,Број,Рудо,Ж,bosniaks,274
2013,Број,Соколац,Оба пола,bosniaks,629
2013,Број,Соколац,M,bosniaks,329
2013,Број,Соколац,Ж,bosniaks,300
2013,Број,Србац,Оба пола,bosniaks,394
2013,Број,Србац,M,bosniaks,184
2013,Број,Србац,Ж,bosniaks,210
2013,Број,Сребреница,Оба пола,bosniaks,6122
2013,Број,Сребреница,M,bosniaks,2913
2013,Број,Сребреница,Ж,bosniaks,3209
2013,Број,Теслић,Оба пола,bosniaks,6887
2013,Број,Теслић,M,bosniaks,3387
2013,Број,Теслић,Ж,bosniaks,3500
2013,Број,Град Требиње,Оба пола,bosniaks,863
2013,Број,Град Требиње,M,bosniaks,426
2013,Број,Град Требиње,Ж,bosniaks,437
2013,Број,Трново,Оба пола,bosniaks,818
2013,Број,Трново,M,bosniaks,405
2013,Број,Трново,Ж,bosniaks,413
2013,Број,Угљевик,Оба пола,bosniaks,1999
2013,Број,Угљевик,M,bosniaks,974
2013,Број,Угљевик,Ж,bosniaks,1025
2013,Број,Фоча,Оба пола,bosniaks,1169
2013,Број,Фоча,M,bosniaks,626
2013,Број,Фоча,Ж,bosniaks,543
2013,Број,Хан Пијесак,Оба пола,bosniaks,420
2013,Број,Хан Пијесак,M,bosniaks,204
2013,Број,Хан Пијесак,Ж,bosniaks,216
2013,Број,Чајниче,Оба пола,bosniaks,835
2013,Број,Чајниче,M,bosniaks,439
2013,Број,Чајниче,Ж,bosniaks,396
2013,Број,Челинац,Оба пола,bosniaks,395
2013,Број,Челинац,M,bosniaks,197
2013,Број,Челинац,Ж,bosniaks,198
2013,Број,Шамац,Оба пола,bosniaks,1005
2013,Број,Шамац,M,bosniaks,486
2013,Број,Шамац,Ж,bosniaks,519
2013,Број,Шековићи,Оба пола,bosniaks,103
2013,Број,Шековићи,M,bosniaks,51
2013,Број,Шековићи,Ж,bosniaks,52
2013,Број,Шипово,Оба пола,bosniaks,578
2013,Број,Шипово,M,bosniaks,294
2013,Број,Шипово,Ж,bosniaks,284
2013,Број,Република Српска,Оба пола,croats,26509
2013,Број,Република Српска,M,croats,11005
2013,Број,Република Српска,Ж,croats,15504
2013,Број,Град Бања Лука,Оба пола,croats,4887
2013,Број,Град Бања Лука,M,croats,1761
2013,Број,Град Бања Лука,Ж,croats,3126
2013,Број,Берковићи,Оба пола,croats,11
2013,Број,Берковићи,M,croats,1
2013,Број,Берковићи,Ж,croats,10
2013,Број,Град Бијељина,Оба пола,croats,498
2013,Број,Град Бијељина,M,croats,140
2013,Број,Град Бијељина,Ж,croats,358
2013,Број,Билећа,Оба пола,croats,21
2013,Број,Билећа,M,croats,2
2013,Број,Билећа,Ж,croats,19
2013,Број,Братунац,Оба пола,croats,30
2013,Број,Братунац,M,croats,5
2013,Број,Братунац,Ж,croats,25
2013,Број,Брод,Оба пола,croats,3021
2013,Број,Брод,M,croats,1413
2013,Број,Брод,Ж,croats,1608
2013,Број,Вишеград,Оба пола,croats,32
2013,Број,Вишеград,M,croats,5
2013,Број,Вишеград,Ж,croats,27
2013,Број,Власеница,Оба пола,croats,29
2013,Број,Власеница,M,croats,5
2013,Број,Власеница,Ж,croats,24
2013,Број,Вукосавље,Оба пола,croats,698
2013,Број,Вукосавље,M,croats,332
2013,Број,Вукосавље,Ж,croats,366
2013,Број,Гацко,Оба пола,croats,13
2013,Број,Гацко,M,croats,5
2013,Број,Гацко,Ж,croats,8
2013,Број,Град Градишка,Оба пола,croats,800
2013,Број,Град Градишка,M,croats,276
2013,Број,Град Градишка,Ж,croats,524
2013,Број,Град Дервента,Оба пола,croats,2181
2013,Број,Град Дервента,M,croats,1040
2013,Број,Град Дервента,Ж,croats,1141
2013,Број,Град Добој,Оба пола,croats,1550
2013,Број,Град Добој,M,croats,605
2013,Број,Град Добој,Ж,croats,945
2013,Број,Доњи Жабар,Оба пола,croats,991
2013,Број,Доњи Жабар,M,croats,497
2013,Број,Доњи Жабар,Ж,croats,494
2013,Број,Град Зворник,Оба пола,croats,103
2013,Број,Град Зворник,M,croats,17
2013,Број,Град Зворник,Ж,croats,86
2013,Број,Источна Илиџа,Оба пола,croats,148
2013,Број,Источна Илиџа,M,croats,39
2013,Број,Источна Илиџа,Ж,croats,109
2013,Број,Источни Дрвар,Оба пола,croats,1
2013,Број,Источни Дрвар,M,croats,0
2013,Број,Источни Дрвар,Ж,croats,1
2013,Број,Источни Мостар,Оба пола,croats,11
2013,Број,Источни Мостар,M,croats,8
2013,Број,Источни Мостар,Ж,croats,3
2013,Број,Источни Стари Град,Оба пола,croats,6
2013,Број,Источни Стари Град,M,croats,2
2013,Број,Источни Стари Град,Ж,croats,4
2013,Број,Источно Ново Сарајево,Оба пола,croats,102
2013,Број,Источно Ново Сарајево,M,croats,23
2013,Број,Источно Ново Сарајево,Ж,croats,79
2013,Број,Језеро,Оба пола,croats,6
2013,Број,Језеро,M,croats,4
2013,Број,Језеро,Ж,croats,2
2013,Број,Калиновик,Оба пола,croats,8
2013,Број,Калиновик,M,croats,2
2013,Број,Калиновик,Ж,croats,6
2013,Број,Кнежево,Оба пола,croats,24
2013,Број,Кнежево,M,croats,5
2013,Број,Кнежево,Ж,croats,19
2013,Број,Козарска Дубица,Оба пола,croats,261
2013,Број,Козарска Дубица,M,croats,79
2013,Број,Козарска Дубица,Ж,croats,182
2013,Број,Костајница,Оба пола,croats,82
2013,Број,Костајница,M,croats,29
2013,Број,Костајница,Ж,croats,53
2013,Број,Котор Варош,Оба пола,croats,852
2013,Број,Котор Варош,M,croats,410
2013,Број,Котор Варош,Ж,croats,442
2013,Број,Крупа на Уни,Оба пола,croats,2
2013,Број,Крупа на Уни,M,croats,0
2013,Број,Крупа на Уни,Ж,croats,2
2013,Број,Купрес,Оба пола,croats,0
2013,Број,Купрес,M,croats,0
2013,Број,Купрес,Ж,croats,0
2013,Број,Лакташи,Оба пола,croats,500
2013,Број,Лакташи,M,croats,175
2013,Број,Лакташи,Ж,croats,325
2013,Број,Лопаре,Оба пола,croats,48
2013,Број,Лопаре,M,croats,9
2013,Број,Лопаре,Ж,croats,39
2013,Број,Љубиње,Оба пола,croats,10
2013,Број,Љубиње,M,croats,3
2013,Број,Љубиње,Ж,croats,7
2013,Број,Милићи,Оба пола,croats,22
2013,Број,Милићи,M,croats,7
2013,Број,Милићи,Ж,croats,15
2013,Број,Модрича,Оба пола,croats,1396
2013,Број,Модрича,M,croats,662
2013,Број,Модрича,Ж,croats,734
2013,Број,Мркоњић Град,Оба пола,croats,148
2013,Број,Мркоњић Град,M,croats,60
2013,Број,Мркоњић Град,Ж,croats,88
2013,Број,Невесиње,Оба пола,croats,27
2013,Број,Невесиње,M,croats,9
2013,Број,Невесиње,Ж,croats,18
2013,Број,Нови Град,Оба пола,croats,174
2013,Број,Нови Град,M,croats,58
2013,Број,Нови Град,Ж,croats,116
2013,Број,Ново Горажде,Оба пола,croats,2
2013,Број,Ново Горажде,M,croats,1
2013,Број,Ново Горажде,Ж,croats,1
2013,Број,Осмаци,Оба пола,croats,7
2013,Број,Осмаци,M,croats,1
2013,Број,Осмаци,Ж,croats,6
2013,Број,Оштра Лука,Оба пола,croats,149
2013,Број,Оштра Лука,M,croats,74
2013,Број,Оштра Лука,Ж,croats,75
2013,Број,Пале,Оба пола,croats,126
2013,Број,Пале,M,croats,37
2013,Број,Пале,Ж,croats,89
2013,Број,Пелагићево,Оба пола,croats,1182
2013,Број,Пелагићево,M,croats,580
2013,Број,Пелагићево,Ж,croats,602
2013,Број,Петровац,Оба пола,croats,0
2013,Број,Петровац,M,croats,0
2013,Број,Петровац,Ж,croats,0
2013,Број,Петрово,Оба пола,croats,34
2013,Број,Петрово,M,croats,8
2013,Број,Петрово,Ж,croats,26
2013,Број,Град Приједор,Оба пола,croats,1666
2013,Број,Град Приједор,M,croats,679
2013,Број,Град Приједор,Ж,croats,987
2013,Број,Прњавор,Оба пола,croats,423
2013,Број,Прњавор,M,croats,150
2013,Број,Прњавор,Ж,croats,273
2013,Број,Рибник,Оба пола,croats,11
2013,Број,Рибник,M,croats,4
2013,Број,Рибник,Ж,croats,7
2013,Број,Рогатица,Оба пола,croats,18
2013,Број,Рогатица,M,croats,2
2013,Број,Рогатица,Ж,croats,16
2013,Број,Рудо,Оба пола,croats,7
2013,Број,Рудо,M,croats,6
2013,Број,Рудо,Ж,croats,1
2013,Број,Соколац,Оба пола,croats,28
2013,Број,Соколац,M,croats,8
2013,Број,Соколац,Ж,croats,20
2013,Број,Србац,Оба пола,croats,128
2013,Број,Србац,M,croats,21
2013,Број,Србац,Ж,croats,107
2013,Број,Сребреница,Оба пола,croats,14
2013,Број,Сребреница,M,croats,6
2013,Број,Сребреница,Ж,croats,8
2013,Број,Теслић,Оба пола,croats,1346
2013,Број,Теслић,M,croats,581
2013,Број,Теслић,Ж,croats,765
2013,Број,Град Требиње,Оба пола,croats,295
2013,Број,Град Требиње,M,croats,99
2013,Број,Град Требиње,Ж,croats,196
2013,Број,Трново,Оба пола,croats,15
2013,Број,Трново,M,croats,3
2013,Број,Трново,Ж,croats,12
2013,Број,Угљевик,Оба пола,croats,42
2013,Број,Угљевик,M,croats,8
2013,Број,Угљевик,Ж,croats,34
2013,Број,Фоча,Оба пола,croats,52
2013,Број,Фоча,M,croats,16
2013,Број,Фоча,Ж,croats,36
2013,Број,Хан Пијесак,Оба пола,croats,7
2013,Број,Хан Пијесак,M,croats,1
2013,Број,Хан Пијесак,Ж,croats,6
2013,Број,Чајниче,Оба пола,croats,6
2013,Број,Чајниче,M,croats,1
2013,Број,Чајниче,Ж,croats,5
2013,Број,Челинац,Оба пола,croats,48
2013,Број,Челинац,M,croats,11
2013,Број,Челинац,Ж,croats,37
2013,Број,Шамац,Оба пола,croats,2176
2013,Број,Шамац,M,croats,1011
2013,Број,Шамац,Ж,croats,1165
2013,Број,Шековићи,Оба пола,croats,8
2013,Број,Шековићи,M,croats,2
2013,Број,Шековићи,Ж,croats,6
2013,Број,Шипово,Оба пола,croats,26
2013,Број,Шипово,M,croats,7
2013,Број,Шипово,Ж,croats,19
2013,Број,Република Српска,Оба пола,serbs,970857
2013,Број,Република Српска,M,serbs,477334
2013,Број,Република Српска,Ж,serbs,493523
2013,Број,Град Бања Лука,Оба пола,serbs,162057
2013,Број,Град Бања Лука,M,serbs,78827
2013,Број,Град Бања Лука,Ж,serbs,83230
2013,Број,Берковићи,Оба пола,serbs,1873
2013,Број,Берковићи,M,serbs,943
2013,Број,Берковићи,Ж,serbs,930
2013,Број,Град Бијељина,Оба пола,serbs,89474
2013,Број,Град Бијељина,M,serbs,43861
2013,Број,Град Бијељина,Ж,serbs,45613
2013,Број,Билећа,Оба пола,serbs,10447
2013,Број,Билећа,M,serbs,5276
2013,Број,Билећа,Ж,serbs,5171
2013,Број,Братунац,Оба пола,serbs,11897
2013,Број,Братунац,M,serbs,5915
2013,Број,Братунац,Ж,serbs,5982
2013,Број,Брод,Оба пола,serbs,11065
2013,Број,Брод,M,serbs,5486
2013,Број,Брод,Ж,serbs,5579
2013,Број,Вишеград,Оба пола,serbs,8942
2013,Број,Вишеград,M,serbs,4337
2013,Број,Вишеград,Ж,serbs,4605
2013,Број,Власеница,Оба пола,serbs,7190
2013,Број,Власеница,M,serbs,3505
2013,Број,Власеница,Ж,serbs,3685
2013,Број,Вукосавље,Оба пола,serbs,1448
2013,Број,Вукосавље,M,serbs,720
2013,Број,Вукосавље,Ж,serbs,728
2013,Број,Гацко,Оба пола,serbs,8316
2013,Број,Гацко,M,serbs,4211
2013,Број,Гацко,Ж,serbs,4105
2013,Број,Град Градишка,Оба пола,serbs,40707
2013,Број,Град Градишка,M,serbs,19960
2013,Број,Град Градишка,Ж,serbs,20747
2013,Број,Град Дервента,Оба пола,serbs,21495
2013,Број,Град Дервента,M,serbs,10524
2013,Број,Град Дервента,Ж,serbs,10971
2013,Број,Град Добој,Оба пола,serbs,50968
2013,Број,Град Добој,M,serbs,24968
2013,Број,Град Добој,Ж,serbs,26000
2013,Број,Доњи Жабар,Оба пола,serbs,2658
2013,Број,Доњи Жабар,M,serbs,1352
2013,Број,Доњи Жабар,Ж,serbs,1306
2013,Број,Град Зворник,Оба пола,serbs,37242
2013,Број,Град Зворник,M,serbs,18452
2013,Број,Град Зворник,Ж,serbs,18790
2013,Број,Источна Илиџа,Оба пола,serbs,13455
2013,Број,Источна Илиџа,M,serbs,6486
2013,Број,Источна Илиџа,Ж,serbs,6969
2013,Број,Источни Дрвар,Оба пола,serbs,65
2013,Број,Источни Дрвар,M,serbs,44
2013,Број,Источни Дрвар,Ж,serbs,21
2013,Број,Источни Мостар,Оба пола,serbs,153
2013,Број,Источни Мостар,M,serbs,84
2013,Број,Источни Мостар,Ж,serbs,69
2013,Број,Источни Стари Град,Оба пола,serbs,1059
2013,Број,Источни Стари Град,M,serbs,519
2013,Број,Источни Стари Град,Ж,serbs,540
2013,Број,Источно Ново Сарајево,Оба пола,serbs,10028
2013,Број,Источно Ново Сарајево,M,serbs,4801
2013,Број,Источно Ново Сарајево,Ж,serbs,5227
2013,Број,Језеро,Оба пола,serbs,779
2013,Број,Језеро,M,serbs,410
2013,Број,Језеро,Ж,serbs,369
2013,Број,Калиновик,Оба пола,serbs,1895
2013,Број,Калиновик,M,serbs,920
2013,Број,Калиновик,Ж,serbs,975
2013,Број,Кнежево,Оба пола,serbs,8886
2013,Број,Кнежево,M,serbs,4414
2013,Број,Кнежево,Ж,serbs,4472
2013,Број,Козарска Дубица,Оба пола,serbs,18144
2013,Број,Козарска Дубица,M,serbs,8939
2013,Број,Козарска Дубица,Ж,serbs,9205
2013,Број,Костајница,Оба пола,serbs,4177
2013,Број,Костајница,M,serbs,2077
2013,Број,Костајница,Ж,serbs,2100
2013,Број,Котор Варош,Оба пола,serbs,12730
2013,Број,Котор Варош,M,serbs,6305
2013,Број,Котор Варош,Ж,serbs,6425
2013,Број,Крупа на Уни,Оба пола,serbs,1555
2013,Број,Крупа на Уни,M,serbs,840
2013,Број,Крупа на Уни,Ж,serbs,715
2013,Број,Купрес,Оба пола,serbs,292
2013,Број,Купрес,M,serbs,156
2013,Број,Купрес,Ж,serbs,136
2013,Број,Лакташи,Оба пола,serbs,32761
2013,Број,Лакташи,M,serbs,16275
2013,Број,Лакташи,Ж,serbs,16486
2013,Број,Лопаре,Оба пола,serbs,13267
2013,Број,Лопаре,M,serbs,6695
2013,Број,Лопаре,Ж,serbs,6572
2013,Број,Љубиње,Оба пола,serbs,3280
2013,Број,Љубиње,M,serbs,1615
2013,Број,Љубиње,Ж,serbs,1665
2013,Број,Милићи,Оба пола,serbs,6857
2013,Број,Милићи,M,serbs,3486
2013,Број,Милићи,Ж,serbs,3371
2013,Број,Модрича,Оба пола,serbs,19530
2013,Број,Модрича,M,serbs,9611
2013,Број,Модрича,Ж,serbs,9919
2013,Број,Мркоњић Град,Оба пола,serbs,15340
2013,Број,Мркоњић Град,M,serbs,7388
2013,Број,Мркоњић Град,Ж,serbs,7952
2013,Број,Невесиње,Оба пола,serbs,11964
2013,Број,Невесиње,M,serbs,5951
2013,Број,Невесиње,Ж,serbs,6013
2013,Број,Нови Град,Оба пола,serbs,19491
2013,Број,Нови Град,M,serbs,9747
2013,Број,Нови Град,Ж,serbs,9744
2013,Број,Ново Горажде,Оба пола,serbs,1561
2013,Број,Ново Горажде,M,serbs,821
2013,Број,Ново Горажде,Ж,serbs,740
2013,Број,Осмаци,Оба пола,serbs,2852
2013,Број,Осмаци,M,serbs,1450
2013,Број,Осмаци,Ж,serbs,1402
2013,Број,Оштра Лука,Оба пола,serbs,2510
2013,Број,Оштра Лука,M,serbs,1296
2013,Број,Оштра Лука,Ж,serbs,1214
2013,Број,Пале,Оба пола,serbs,19932
2013,Број,Пале,M,serbs,9561
2013,Број,Пале,Ж,serbs,10371
2013,Број,Пелагићево,Оба пола,serbs,3146
2013,Број,Пелагићево,M,serbs,1563
2013,Број,Пелагићево,Ж,serbs,1583
2013,Број,Петровац,Оба пола,serbs,351
2013,Број,Петровац,M,serbs,168
2013,Број,Петровац,Ж,serbs,183
2013,Број,Петрово,Оба пола,serbs,6222
2013,Број,Петрово,M,serbs,3002
2013,Број,Петрово,Ж,serbs,3220
2013,Број,Град Приједор,Оба пола,serbs,54365
2013,Број,Град Приједор,M,serbs,26834
2013,Број,Град Приједор,Ж,serbs,27531
2013,Број,Прњавор,Оба пола,serbs,29478
2013,Број,Прњавор,M,serbs,14352
2013,Број,Прњавор,Ж,serbs,15126
2013,Број,Рибник,Оба пола,serbs,5825
2013,Број,Рибник,M,serbs,2891
2013,Број,Рибник,Ж,serbs,2934
2013,Број,Рогатица,Оба пола,serbs,9217
2013,Број,Рогатица,M,serbs,4502
2013,Број,Рогатица,Ж,serbs,4715
2013,Број,Рудо,Оба пола,serbs,6963
2013,Број,Рудо,M,serbs,3517
2013,Број,Рудо,Ж,serbs,3446
2013,Број,Соколац,Оба пола,serbs,10894
2013,Број,Соколац,M,serbs,5357
2013,Број,Соколац,Ж,serbs,5537
2013,Број,Србац,Оба пола,serbs,16013
2013,Број,Србац,M,serbs,7888
2013,Број,Србац,Ж,serbs,8125
2013,Број,Сребреница,Оба пола,serbs,5467
2013,Број,Сребреница,M,serbs,2743
2013,Број,Сребреница,Ж,serbs,2724
2013,Број,Теслић,Оба пола,serbs,28166
2013,Број,Теслић,M,serbs,13545
2013,Број,Теслић,Ж,serbs,14621
2013,Број,Град Требиње,Оба пола,serbs,26484
2013,Број,Град Требиње,M,serbs,12943
2013,Број,Град Требиње,Ж,serbs,13541
2013,Број,Трново,Оба пола,serbs,1131
2013,Број,Трново,M,serbs,534
2013,Број,Трново,Ж,serbs,597
2013,Број,Угљевик,Оба пола,serbs,13007
2013,Број,Угљевик,M,serbs,6606
2013,Број,Угљевик,Ж,serbs,6401
2013,Број,Фоча,Оба пола,serbs,16157
2013,Број,Фоча,M,serbs,8133
2013,Број,Фоча,Ж,serbs,8024
2013,Број,Хан Пијесак,Оба пола,serbs,2994
2013,Број,Хан Пијесак,M,serbs,1412
2013,Број,Хан Пијесак,Ж,serbs,1582
2013,Број,Чајниче,Оба пола,serbs,3806
2013,Број,Чајниче,M,serbs,1891
2013,Број,Чајниче,Ж,serbs,1915
2013,Број,Челинац,Оба пола,serbs,14508
2013,Број,Челинац,M,serbs,7194
2013,Број,Челинац,Ж,serbs,7314
2013,Број,Шамац,Оба пола,serbs,12832
2013,Број,Шамац,M,serbs,6277
2013,Број,Шамац,Ж,serbs,6555
2013,Број,Шековићи,Оба пола,serbs,6187
2013,Број,Шековићи,M,serbs,3038
2013,Број,Шековићи,Ж,serbs,3149
2013,Број,Шипово,Оба пола,serbs,9302
2013,Број,Шипово,M,serbs,4716
2013,Број,Шипово,Ж,serbs,4586
2013,Број,Република Српска,Оба пола,other_ethnicity/nationality,14641
2013,Број,Република Српска,M,other_ethnicity/nationality,7207
2013,Број,Република Српска,Ж,other_ethnicity/nationality,7434
2013,Број,Град Бања Лука,Оба пола,other_ethnicity/nationality,3324
2013,Број,Град Бања Лука,M,other_ethnicity/nationality,1617
2013,Број,Град Бања Лука,Ж,other_ethnicity/nationality,1707
2013,Број,Берковићи,Оба пола,other_ethnicity/nationality,1
2013,Број,Берковићи,M,other_ethnicity/nationality,1
2013,Број,Берковићи,Ж,other_ethnicity/nationality,0
2013,Број,Град Бијељина,Оба пола,other_ethnicity/nationality,1478
2013,Број,Град Бијељина,M,other_ethnicity/nationality,717
2013,Број,Град Бијељина,Ж,other_ethnicity/nationality,761
2013,Број,Билећа,Оба пола,other_ethnicity/nationality,72
2013,Број,Билећа,M,other_ethnicity/nationality,38
2013,Број,Билећа,Ж,other_ethnicity/nationality,34
2013,Број,Братунац,Оба пола,other_ethnicity/nationality,79
2013,Број,Братунац,M,other_ethnicity/nationality,45
2013,Број,Братунац,Ж,other_ethnicity/nationality,34
2013,Број,Брод,Оба пола,other_ethnicity/nationality,151
2013,Број,Брод,M,other_ethnicity/nationality,69
2013,Број,Брод,Ж,other_ethnicity/nationality,82
2013,Број,Вишеград,Оба пола,other_ethnicity/nationality,53
2013,Број,Вишеград,M,other_ethnicity/nationality,26
2013,Број,Вишеград,Ж,other_ethnicity/nationality,27
2013,Број,Власеница,Оба пола,other_ethnicity/nationality,29
2013,Број,Власеница,M,other_ethnicity/nationality,13
2013,Број,Власеница,Ж,other_ethnicity/nationality,16
2013,Број,Вукосавље,Оба пола,other_ethnicity/nationality,146
2013,Број,Вукосавље,M,other_ethnicity/nationality,81
2013,Број,Вукосавље,Ж,other_ethnicity/nationality,65
2013,Број,Гацко,Оба пола,other_ethnicity/nationality,40
2013,Број,Гацко,M,other_ethnicity/nationality,27
2013,Број,Гацко,Ж,other_ethnicity/nationality,13
2013,Број,Град Градишка,Оба пола,other_ethnicity/nationality,970
2013,Број,Град Градишка,M,other_ethnicity/nationality,468
2013,Број,Град Градишка,Ж,other_ethnicity/nationality,502
2013,Број,Град Дервента,Оба пола,other_ethnicity/nationality,264
2013,Број,Град Дервента,M,other_ethnicity/nationality,116
2013,Број,Град Дервента,Ж,other_ethnicity/nationality,148
2013,Број,Град Добој,Оба пола,other_ethnicity/nationality,949
2013,Број,Град Добој,M,other_ethnicity/nationality,486
2013,Број,Град Добој,Ж,other_ethnicity/nationality,463
2013,Број,Доњи Жабар,Оба пола,other_ethnicity/nationality,9
2013,Број,Доњи Жабар,M,other_ethnicity/nationality,1
2013,Број,Доњи Жабар,Ж,other_ethnicity/nationality,8
2013,Број,Град Зворник,Оба пола,other_ethnicity/nationality,120
2013,Број,Град Зворник,M,other_ethnicity/nationality,55
2013,Број,Град Зворник,Ж,other_ethnicity/nationality,65
2013,Број,Источна Илиџа,Оба пола,other_ethnicity/nationality,96
2013,Број,Источна Илиџа,M,other_ethnicity/nationality,44
2013,Број,Источна Илиџа,Ж,other_ethnicity/nationality,52
2013,Број,Источни Дрвар,Оба пола,other_ethnicity/nationality,0
2013,Број,Источни Дрвар,M,other_ethnicity/nationality,0
2013,Број,Источни Дрвар,Ж,other_ethnicity/nationality,0
2013,Број,Источни Мостар,Оба пола,other_ethnicity/nationality,0
2013,Број,Источни Мостар,M,other_ethnicity/nationality,0
2013,Број,Источни Мостар,Ж,other_ethnicity/nationality,0
2013,Број,Источни Стари Град,Оба пола,other_ethnicity/nationality,7
2013,Број,Источни Стари Град,M,other_ethnicity/nationality,5
2013,Број,Источни Стари Град,Ж,other_ethnicity/nationality,2
2013,Број,Источно Ново Сарајево,Оба пола,other_ethnicity/nationality,163
2013,Број,Источно Ново Сарајево,M,other_ethnicity/nationality,72
2013,Број,Источно Ново Сарајево,Ж,other_ethnicity/nationality,91
2013,Број,Језеро,Оба пола,other_ethnicity/nationality,1
2013,Број,Језеро,M,other_ethnicity/nationality,1
2013,Број,Језеро,Ж,other_ethnicity/nationality,0
2013,Број,Калиновик,Оба пола,other_ethnicity/nationality,15
2013,Број,Калиновик,M,other_ethnicity/nationality,8
2013,Број,Калиновик,Ж,other_ethnicity/nationality,7
2013,Број,Кнежево,Оба пола,other_ethnicity/nationality,37
2013,Број,Кнежево,M,other_ethnicity/nationality,21
2013,Број,Кнежево,Ж,other_ethnicity/nationality,16
2013,Број,Козарска Дубица,Оба пола,other_ethnicity/nationality,219
2013,Број,Козарска Дубица,M,other_ethnicity/nationality,102
2013,Број,Козарска Дубица,Ж,other_ethnicity/nationality,117
2013,Број,Костајница,Оба пола,other_ethnicity/nationality,42
2013,Број,Костајница,M,other_ethnicity/nationality,20
2013,Број,Костајница,Ж,other_ethnicity/nationality,22
2013,Број,Котор Варош,Оба пола,other_ethnicity/nationality,129
2013,Број,Котор Варош,M,other_ethnicity/nationality,63
2013,Број,Котор Варош,Ж,other_ethnicity/nationality,66
2013,Број,Крупа на Уни,Оба пола,other_ethnicity/nationality,0
2013,Број,Крупа на Уни,M,other_ethnicity/nationality,0
2013,Број,Крупа на Уни,Ж,other_ethnicity/nationality,0
2013,Број,Купрес,Оба пола,other_ethnicity/nationality,0
2013,Број,Купрес,M,other_ethnicity/nationality,0
2013,Број,Купрес,Ж,other_ethnicity/nationality,0
2013,Број,Лакташи,Оба пола,other_ethnicity/nationality,562
2013,Број,Лакташи,M,other_ethnicity/nationality,285
2013,Број,Лакташи,Ж,other_ethnicity/nationality,277
2013,Број,Лопаре,Оба пола,other_ethnicity/nationality,31
2013,Број,Лопаре,M,other_ethnicity/nationality,16
2013,Број,Лопаре,Ж,other_ethnicity/nationality,15
2013,Број,Љубиње,Оба пола,other_ethnicity/nationality,13
2013,Број,Љубиње,M,other_ethnicity/nationality,7
2013,Број,Љубиње,Ж,other_ethnicity/nationality,6
2013,Број,Милићи,Оба пола,other_ethnicity/nationality,19
2013,Број,Милићи,M,other_ethnicity/nationality,7
2013,Број,Милићи,Ж,other_ethnicity/nationality,12
2013,Број,Модрича,Оба пола,other_ethnicity/nationality,412
2013,Број,Модрича,M,other_ethnicity/nationality,207
2013,Број,Модрича,Ж,other_ethnicity/nationality,205
2013,Број,Мркоњић Град,Оба пола,other_ethnicity/nationality,37
2013,Број,Мркоњић Град,M,other_ethnicity/nationality,17
2013,Број,Мркоњић Град,Ж,other_ethnicity/nationality,20
2013,Број,Невесиње,Оба пола,other_ethnicity/nationality,18
2013,Број,Невесиње,M,other_ethnicity/nationality,5
2013,Број,Невесиње,Ж,other_ethnicity/nationality,13
2013,Број,Нови Град,Оба пола,other_ethnicity/nationality,200
2013,Број,Нови Град,M,other_ethnicity/nationality,100
2013,Број,Нови Град,Ж,other_ethnicity/nationality,100
2013,Број,Ново Горажде,Оба пола,other_ethnicity/nationality,22
2013,Број,Ново Горажде,M,other_ethnicity/nationality,11
2013,Број,Ново Горажде,Ж,other_ethnicity/nationality,11
2013,Број,Осмаци,Оба пола,other_ethnicity/nationality,5
2013,Број,Осмаци,M,other_ethnicity/nationality,2
2013,Број,Осмаци,Ж,other_ethnicity/nationality,3
2013,Број,Оштра Лука,Оба пола,other_ethnicity/nationality,8
2013,Број,Оштра Лука,M,other_ethnicity/nationality,3
2013,Број,Оштра Лука,Ж,other_ethnicity/nationality,5
2013,Број,Пале,Оба пола,other_ethnicity/nationality,70
2013,Број,Пале,M,other_ethnicity/nationality,31
2013,Број,Пале,Ж,other_ethnicity/nationality,39
2013,Број,Пелагићево,Оба пола,other_ethnicity/nationality,9
2013,Број,Пелагићево,M,other_ethnicity/nationality,4
2013,Број,Пелагићево,Ж,other_ethnicity/nationality,5
2013,Број,Петровац,Оба пола,other_ethnicity/nationality,3
2013,Број,Петровац,M,other_ethnicity/nationality,1
2013,Број,Петровац,Ж,other_ethnicity/nationality,2
2013,Број,Петрово,Оба пола,other_ethnicity/nationality,30
2013,Број,Петрово,M,other_ethnicity/nationality,19
2013,Број,Петрово,Ж,other_ethnicity/nationality,11
2013,Број,Град Приједор,Оба пола,other_ethnicity/nationality,1495
2013,Број,Град Приједор,M,other_ethnicity/nationality,712
2013,Број,Град Приједор,Ж,other_ethnicity/nationality,783
2013,Број,Прњавор,Оба пола,other_ethnicity/nationality,1452
2013,Број,Прњавор,M,other_ethnicity/nationality,738
2013,Број,Прњавор,Ж,other_ethnicity/nationality,714
2013,Број,Рибник,Оба пола,other_ethnicity/nationality,11
2013,Број,Рибник,M,other_ethnicity/nationality,3
2013,Број,Рибник,Ж,other_ethnicity/nationality,8
2013,Број,Рогатица,Оба пола,other_ethnicity/nationality,41
2013,Број,Рогатица,M,other_ethnicity/nationality,20
2013,Број,Рогатица,Ж,other_ethnicity/nationality,21
2013,Број,Рудо,Оба пола,other_ethnicity/nationality,26
2013,Број,Рудо,M,other_ethnicity/nationality,14
2013,Број,Рудо,Ж,other_ethnicity/nationality,12
2013,Број,Соколац,Оба пола,other_ethnicity/nationality,38
2013,Број,Соколац,M,other_ethnicity/nationality,19
2013,Број,Соколац,Ж,other_ethnicity/nationality,19
2013,Број,Србац,Оба пола,other_ethnicity/nationality,280
2013,Број,Србац,M,other_ethnicity/nationality,146
2013,Број,Србац,Ж,other_ethnicity/nationality,134
2013,Број,Сребреница,Оба пола,other_ethnicity/nationality,59
2013,Број,Сребреница,M,other_ethnicity/nationality,34
2013,Број,Сребреница,Ж,other_ethnicity/nationality,25
2013,Број,Теслић,Оба пола,other_ethnicity/nationality,454
2013,Број,Теслић,M,other_ethnicity/nationality,222
2013,Број,Теслић,Ж,other_ethnicity/nationality,232
2013,Број,Град Требиње,Оба пола,other_ethnicity/nationality,398
2013,Број,Град Требиње,M,other_ethnicity/nationality,204
2013,Број,Град Требиње,Ж,other_ethnicity/nationality,194
2013,Број,Трново,Оба пола,other_ethnicity/nationality,10
2013,Број,Трново,M,other_ethnicity/nationality,7
2013,Број,Трново,Ж,other_ethnicity/nationality,3
2013,Број,Угљевик,Оба пола,other_ethnicity/nationality,36
2013,Број,Угљевик,M,other_ethnicity/nationality,17
2013,Број,Угљевик,Ж,other_ethnicity/nationality,19
2013,Број,Фоча,Оба пола,other_ethnicity/nationality,160
2013,Број,Фоча,M,other_ethnicity/nationality,90
2013,Број,Фоча,Ж,other_ethnicity/nationality,70
2013,Број,Хан Пијесак,Оба пола,other_ethnicity/nationality,21
2013,Број,Хан Пијесак,M,other_ethnicity/nationality,14
2013,Број,Хан Пијесак,Ж,other_ethnicity/nationality,7
2013,Број,Чајниче,Оба пола,other_ethnicity/nationality,24
2013,Број,Чајниче,M,other_ethnicity/nationality,13
2013,Број,Чајниче,Ж,other_ethnicity/nationality,11
2013,Број,Челинац,Оба пола,other_ethnicity/nationality,122
2013,Број,Челинац,M,other_ethnicity/nationality,55
2013,Број,Челинац,Ж,other_ethnicity/nationality,67
2013,Број,Шамац,Оба пола,other_ethnicity/nationality,135
2013,Број,Шамац,M,other_ethnicity/nationality,67
2013,Број,Шамац,Ж,other_ethnicity/nationality,68
2013,Број,Шековићи,Оба пола,other_ethnicity/nationality,12
2013,Број,Шековићи,M,other_ethnicity/nationality,7
2013,Број,Шековићи,Ж,other_ethnicity/nationality,5
2013,Број,Шипово,Оба пола,other_ethnicity/nationality,34
2013,Број,Шипово,M,other_ethnicity/nationality,14
2013,Број,Шипово,Ж,other_ethnicity/nationality,20
2013,Број,Република Српска,Оба пола,does_not_declare_ethnicity/nationality,7861
2013,Број,Република Српска,M,does_not_declare_ethnicity/nationality,3202
2013,Број,Република Српска,Ж,does_not_declare_ethnicity/nationality,4659
2013,Број,Град Бања Лука,Оба пола,does_not_declare_ethnicity/nationality,2641
2013,Број,Град Бања Лука,M,does_not_declare_ethnicity/nationality,1044
2013,Број,Град Бања Лука,Ж,does_not_declare_ethnicity/nationality,1597
2013,Број,Берковићи,Оба пола,does_not_declare_ethnicity/nationality,0
2013,Број,Берковићи,M,does_not_declare_ethnicity/nationality,0
2013,Број,Берковићи,Ж,does_not_declare_ethnicity/nationality,0
2013,Број,Град Бијељина,Оба пола,does_not_declare_ethnicity/nationality,654
2013,Број,Град Бијељина,M,does_not_declare_ethnicity/nationality,272
2013,Број,Град Бијељина,Ж,does_not_declare_ethnicity/nationality,382
2013,Број,Билећа,Оба пола,does_not_declare_ethnicity/nationality,30
2013,Број,Билећа,M,does_not_declare_ethnicity/nationality,10
2013,Број,Билећа,Ж,does_not_declare_ethnicity/nationality,20
2013,Број,Братунац,Оба пола,does_not_declare_ethnicity/nationality,22
2013,Број,Братунац,M,does_not_declare_ethnicity/nationality,11
2013,Број,Братунац,Ж,does_not_declare_ethnicity/nationality,11
2013,Број,Брод,Оба пола,does_not_declare_ethnicity/nationality,142
2013,Број,Брод,M,does_not_declare_ethnicity/nationality,50
2013,Број,Брод,Ж,does_not_declare_ethnicity/nationality,92
2013,Број,Вишеград,Оба пола,does_not_declare_ethnicity/nationality,19
2013,Број,Вишеград,M,does_not_declare_ethnicity/nationality,10
2013,Број,Вишеград,Ж,does_not_declare_ethnicity/nationality,9
2013,Број,Власеница,Оба пола,does_not_declare_ethnicity/nationality,20
2013,Број,Власеница,M,does_not_declare_ethnicity/nationality,11
2013,Број,Власеница,Ж,does_not_declare_ethnicity/nationality,9
2013,Број,Вукосавље,Оба пола,does_not_declare_ethnicity/nationality,32
2013,Број,Вукосавље,M,does_not_declare_ethnicity/nationality,15
2013,Број,Вукосавље,Ж,does_not_declare_ethnicity/nationality,17
2013,Број,Гацко,Оба пола,does_not_declare_ethnicity/nationality,3
2013,Број,Гацко,M,does_not_declare_ethnicity/nationality,0
2013,Број,Гацко,Ж,does_not_declare_ethnicity/nationality,3
2013,Број,Град Градишка,Оба пола,does_not_declare_ethnicity/nationality,411
2013,Број,Град Градишка,M,does_not_declare_ethnicity/nationality,174
2013,Број,Град Градишка,Ж,does_not_declare_ethnicity/nationality,237
2013,Број,Град Дервента,Оба пола,does_not_declare_ethnicity/nationality,242
2013,Број,Град Дервента,M,does_not_declare_ethnicity/nationality,113
2013,Број,Град Дервента,Ж,does_not_declare_ethnicity/nationality,129
2013,Број,Град Добој,Оба пола,does_not_declare_ethnicity/nationality,467
2013,Број,Град Добој,M,does_not_declare_ethnicity/nationality,198
2013,Број,Град Добој,Ж,does_not_declare_ethnicity/nationality,269
2013,Број,Доњи Жабар,Оба пола,does_not_declare_ethnicity/nationality,5
2013,Број,Доњи Жабар,M,does_not_declare_ethnicity/nationality,2
2013,Број,Доњи Жабар,Ж,does_not_declare_ethnicity/nationality,3
2013,Број,Град Зворник,Оба пола,does_not_declare_ethnicity/nationality,70
2013,Број,Град Зворник,M,does_not_declare_ethnicity/nationality,31
2013,Број,Град Зворник,Ж,does_not_declare_ethnicity/nationality,39
2013,Број,Источна Илиџа,Оба пола,does_not_declare_ethnicity/nationality,96
2013,Број,Источна Илиџа,M,does_not_declare_ethnicity/nationality,38
2013,Број,Источна Илиџа,Ж,does_not_declare_ethnicity/nationality,58
2013,Број,Источни Дрвар,Оба пола,does_not_declare_ethnicity/nationality,0
2013,Број,Источни Дрвар,M,does_not_declare_ethnicity/nationality,0
2013,Број,Источни Дрвар,Ж,does_not_declare_ethnicity/nationality,0
2013,Број,Источни Мостар,Оба пола,does_not_declare_ethnicity/nationality,0
2013,Број,Источни Мостар,M,does_not_declare_ethnicity/nationality,0
2013,Број,Источни Мостар,Ж,does_not_declare_ethnicity/nationality,0
2013,Број,Источни Стари Град,Оба пола,does_not_declare_ethnicity/nationality,2
2013,Број,Источни Стари Град,M,does_not_declare_ethnicity/nationality,0
2013,Број,Источни Стари Град,Ж,does_not_declare_ethnicity/nationality,2
2013,Број,Источно Ново Сарајево,Оба пола,does_not_declare_ethnicity/nationality,61
2013,Број,Источно Ново Сарајево,M,does_not_declare_ethnicity/nationality,26
2013,Број,Источно Ново Сарајево,Ж,does_not_declare_ethnicity/nationality,35
2013,Број,Језеро,Оба пола,does_not_declare_ethnicity/nationality,1
2013,Број,Језеро,M,does_not_declare_ethnicity/nationality,0
2013,Број,Језеро,Ж,does_not_declare_ethnicity/nationality,1
2013,Број,Калиновик,Оба пола,does_not_declare_ethnicity/nationality,1
2013,Број,Калиновик,M,does_not_declare_ethnicity/nationality,1
2013,Број,Калиновик,Ж,does_not_declare_ethnicity/nationality,0
2013,Број,Кнежево,Оба пола,does_not_declare_ethnicity/nationality,4
2013,Број,Кнежево,M,does_not_declare_ethnicity/nationality,3
2013,Број,Кнежево,Ж,does_not_declare_ethnicity/nationality,1
2013,Број,Козарска Дубица,Оба пола,does_not_declare_ethnicity/nationality,162
2013,Број,Козарска Дубица,M,does_not_declare_ethnicity/nationality,63
2013,Број,Козарска Дубица,Ж,does_not_declare_ethnicity/nationality,99
2013,Број,Костајница,Оба пола,does_not_declare_ethnicity/nationality,66
2013,Број,Костајница,M,does_not_declare_ethnicity/nationality,28
2013,Број,Костајница,Ж,does_not_declare_ethnicity/nationality,38
2013,Број,Котор Варош,Оба пола,does_not_declare_ethnicity/nationality,115
2013,Број,Котор Варош,M,does_not_declare_ethnicity/nationality,42
2013,Број,Котор Варош,Ж,does_not_declare_ethnicity/nationality,73
2013,Број,Крупа на Уни,Оба пола,does_not_declare_ethnicity/nationality,0
2013,Број,Крупа на Уни,M,does_not_declare_ethnicity/nationality,0
2013,Број,Крупа на Уни,Ж,does_not_declare_ethnicity/nationality,0
2013,Број,Купрес,Оба пола,does_not_declare_ethnicity/nationality,1
2013,Број,Купрес,M,does_not_declare_ethnicity/nationality,1
2013,Број,Купрес,Ж,does_not_declare_ethnicity/nationality,0
2013,Број,Лакташи,Оба пола,does_not_declare_ethnicity/nationality,237
2013,Број,Лакташи,M,does_not_declare_ethnicity/nationality,103
2013,Број,Лакташи,Ж,does_not_declare_ethnicity/nationality,134
2013,Број,Лопаре,Оба пола,does_not_declare_ethnicity/nationality,23
2013,Број,Лопаре,M,does_not_declare_ethnicity/nationality,5
2013,Број,Лопаре,Ж,does_not_declare_ethnicity/nationality,18
2013,Број,Љубиње,Оба пола,does_not_declare_ethnicity/nationality,5
2013,Број,Љубиње,M,does_not_declare_ethnicity/nationality,2
2013,Број,Љубиње,Ж,does_not_declare_ethnicity/nationality,3
2013,Број,Милићи,Оба пола,does_not_declare_ethnicity/nationality,7
2013,Број,Милићи,M,does_not_declare_ethnicity/nationality,3
2013,Број,Милићи,Ж,does_not_declare_ethnicity/nationality,4
2013,Број,Модрича,Оба пола,does_not_declare_ethnicity/nationality,156
2013,Број,Модрича,M,does_not_declare_ethnicity/nationality,63
2013,Број,Модрича,Ж,does_not_declare_ethnicity/nationality,93
2013,Број,Мркоњић Град,Оба пола,does_not_declare_ethnicity/nationality,35
2013,Број,Мркоњић Град,M,does_not_declare_ethnicity/nationality,19
2013,Број,Мркоњић Град,Ж,does_not_declare_ethnicity/nationality,16
2013,Број,Невесиње,Оба пола,does_not_declare_ethnicity/nationality,18
2013,Број,Невесиње,M,does_not_declare_ethnicity/nationality,8
2013,Број,Невесиње,Ж,does_not_declare_ethnicity/nationality,10
2013,Број,Нови Град,Оба пола,does_not_declare_ethnicity/nationality,137
2013,Број,Нови Град,M,does_not_declare_ethnicity/nationality,56
2013,Број,Нови Град,Ж,does_not_declare_ethnicity/nationality,81
2013,Број,Ново Горажде,Оба пола,does_not_declare_ethnicity/nationality,6
2013,Број,Ново Горажде,M,does_not_declare_ethnicity/nationality,3
2013,Број,Ново Горажде,Ж,does_not_declare_ethnicity/nationality,3
2013,Број,Осмаци,Оба пола,does_not_declare_ethnicity/nationality,5
2013,Број,Осмаци,M,does_not_declare_ethnicity/nationality,3
2013,Број,Осмаци,Ж,does_not_declare_ethnicity/nationality,2
2013,Број,Оштра Лука,Оба пола,does_not_declare_ethnicity/nationality,12
2013,Број,Оштра Лука,M,does_not_declare_ethnicity/nationality,4
2013,Број,Оштра Лука,Ж,does_not_declare_ethnicity/nationality,8
2013,Број,Пале,Оба пола,does_not_declare_ethnicity/nationality,53
2013,Број,Пале,M,does_not_declare_ethnicity/nationality,20
2013,Број,Пале,Ж,does_not_declare_ethnicity/nationality,33
2013,Број,Пелагићево,Оба пола,does_not_declare_ethnicity/nationality,3
2013,Број,Пелагићево,M,does_not_declare_ethnicity/nationality,1
2013,Број,Пелагићево,Ж,does_not_declare_ethnicity/nationality,2
2013,Број,Петровац,Оба пола,does_not_declare_ethnicity/nationality,0
2013,Број,Петровац,M,does_not_declare_ethnicity/nationality,0
2013,Број,Петровац,Ж,does_not_declare_ethnicity/nationality,0
2013,Број,Петрово,Оба пола,does_not_declare_ethnicity/nationality,21
2013,Број,Петрово,M,does_not_declare_ethnicity/nationality,10
2013,Број,Петрово,Ж,does_not_declare_ethnicity/nationality,11
2013,Број,Град Приједор,Оба пола,does_not_declare_ethnicity/nationality,718
2013,Број,Град Приједор,M,does_not_declare_ethnicity/nationality,267
2013,Број,Град Приједор,Ж,does_not_declare_ethnicity/nationality,451
2013,Број,Прњавор,Оба пола,does_not_declare_ethnicity/nationality,225
2013,Број,Прњавор,M,does_not_declare_ethnicity/nationality,96
2013,Број,Прњавор,Ж,does_not_declare_ethnicity/nationality,129
2013,Број,Рибник,Оба пола,does_not_declare_ethnicity/nationality,2
2013,Број,Рибник,M,does_not_declare_ethnicity/nationality,0
2013,Број,Рибник,Ж,does_not_declare_ethnicity/nationality,2
2013,Број,Рогатица,Оба пола,does_not_declare_ethnicity/nationality,12
2013,Број,Рогатица,M,does_not_declare_ethnicity/nationality,7
2013,Број,Рогатица,Ж,does_not_declare_ethnicity/nationality,5
2013,Број,Рудо,Оба пола,does_not_declare_ethnicity/nationality,5
2013,Број,Рудо,M,does_not_declare_ethnicity/nationality,3
2013,Број,Рудо,Ж,does_not_declare_ethnicity/nationality,2
2013,Број,Соколац,Оба пола,does_not_declare_ethnicity/nationality,13
2013,Број,Соколац,M,does_not_declare_ethnicity/nationality,5
2013,Број,Соколац,Ж,does_not_declare_ethnicity/nationality,8
2013,Број,Србац,Оба пола,does_not_declare_ethnicity/nationality,89
2013,Број,Србац,M,does_not_declare_ethnicity/nationality,45
2013,Број,Србац,Ж,does_not_declare_ethnicity/nationality,44
2013,Број,Сребреница,Оба пола,does_not_declare_ethnicity/nationality,22
2013,Број,Сребреница,M,does_not_declare_ethnicity/nationality,10
2013,Број,Сребреница,Ж,does_not_declare_ethnicity/nationality,12
2013,Број,Теслић,Оба пола,does_not_declare_ethnicity/nationality,339
2013,Број,Теслић,M,does_not_declare_ethnicity/nationality,136
2013,Број,Теслић,Ж,does_not_declare_ethnicity/nationality,203
2013,Број,Град Требиње,Оба пола,does_not_declare_ethnicity/nationality,180
2013,Број,Град Требиње,M,does_not_declare_ethnicity/nationality,77
2013,Број,Град Требиње,Ж,does_not_declare_ethnicity/nationality,103
2013,Број,Трново,Оба пола,does_not_declare_ethnicity/nationality,9
2013,Број,Трново,M,does_not_declare_ethnicity/nationality,4
2013,Број,Трново,Ж,does_not_declare_ethnicity/nationality,5
2013,Број,Угљевик,Оба пола,does_not_declare_ethnicity/nationality,21
2013,Број,Угљевик,M,does_not_declare_ethnicity/nationality,10
2013,Број,Угљевик,Ж,does_not_declare_ethnicity/nationality,11
2013,Број,Фоча,Оба пола,does_not_declare_ethnicity/nationality,30
2013,Број,Фоча,M,does_not_declare_ethnicity/nationality,10
2013,Број,Фоча,Ж,does_not_declare_ethnicity/nationality,20
2013,Број,Хан Пијесак,Оба пола,does_not_declare_ethnicity/nationality,3
2013,Број,Хан Пијесак,M,does_not_declare_ethnicity/nationality,1
2013,Број,Хан Пијесак,Ж,does_not_declare_ethnicity/nationality,2
2013,Број,Чајниче,Оба пола,does_not_declare_ethnicity/nationality,3
2013,Број,Чајниче,M,does_not_declare_ethnicity/nationality,1
2013,Број,Чајниче,Ж,does_not_declare_ethnicity/nationality,2
2013,Број,Челинац,Оба пола,does_not_declare_ethnicity/nationality,35
2013,Број,Челинац,M,does_not_declare_ethnicity/nationality,16
2013,Број,Челинац,Ж,does_not_declare_ethnicity/nationality,19
2013,Број,Шамац,Оба пола,does_not_declare_ethnicity/nationality,141
2013,Број,Шамац,M,does_not_declare_ethnicity/nationality,57
2013,Број,Шамац,Ж,does_not_declare_ethnicity/nationality,84
2013,Број,Шековићи,Оба пола,does_not_declare_ethnicity/nationality,5
2013,Број,Шековићи,M,does_not_declare_ethnicity/nationality,2
2013,Број,Шековићи,Ж,does_not_declare_ethnicity/nationality,3
2013,Број,Шипово,Оба пола,does_not_declare_ethnicity/nationality,24
2013,Број,Шипово,M,does_not_declare_ethnicity/nationality,12
2013,Број,Шипово,Ж,does_not_declare_ethnicity/nationality,12
2013,Број,Република Српска,Оба пола,unknown_ethnicity/nationality,1997
2013,Број,Република Српска,M,unknown_ethnicity/nationality,916
2013,Број,Република Српска,Ж,unknown_ethnicity/nationality,1081
2013,Број,Град Бања Лука,Оба пола,unknown_ethnicity/nationality,328
2013,Број,Град Бања Лука,M,unknown_ethnicity/nationality,153
2013,Број,Град Бања Лука,Ж,unknown_ethnicity/nationality,175
2013,Број,Берковићи,Оба пола,unknown_ethnicity/nationality,1
2013,Број,Берковићи,M,unknown_ethnicity/nationality,0
2013,Број,Берковићи,Ж,unknown_ethnicity/nationality,1
2013,Број,Град Бијељина,Оба пола,unknown_ethnicity/nationality,90
2013,Број,Град Бијељина,M,unknown_ethnicity/nationality,37
2013,Број,Град Бијељина,Ж,unknown_ethnicity/nationality,53
2013,Број,Билећа,Оба пола,unknown_ethnicity/nationality,11
2013,Број,Билећа,M,unknown_ethnicity/nationality,4
2013,Број,Билећа,Ж,unknown_ethnicity/nationality,7
2013,Број,Братунац,Оба пола,unknown_ethnicity/nationality,35
2013,Број,Братунац,M,unknown_ethnicity/nationality,16
2013,Број,Братунац,Ж,unknown_ethnicity/nationality,19
2013,Број,Брод,Оба пола,unknown_ethnicity/nationality,29
2013,Број,Брод,M,unknown_ethnicity/nationality,12
2013,Број,Брод,Ж,unknown_ethnicity/nationality,17
2013,Број,Вишеград,Оба пола,unknown_ethnicity/nationality,177
2013,Број,Вишеград,M,unknown_ethnicity/nationality,2
2013,Број,Вишеград,Ж,unknown_ethnicity/nationality,175
2013,Број,Власеница,Оба пола,unknown_ethnicity/nationality,29
2013,Број,Власеница,M,unknown_ethnicity/nationality,13
2013,Број,Власеница,Ж,unknown_ethnicity/nationality,16
2013,Број,Вукосавље,Оба пола,unknown_ethnicity/nationality,14
2013,Број,Вукосавље,M,unknown_ethnicity/nationality,3
2013,Број,Вукосавље,Ж,unknown_ethnicity/nationality,11
2013,Број,Гацко,Оба пола,unknown_ethnicity/nationality,6
2013,Број,Гацко,M,unknown_ethnicity/nationality,1
2013,Број,Гацко,Ж,unknown_ethnicity/nationality,5
2013,Број,Град Градишка,Оба пола,unknown_ethnicity/nationality,42
2013,Број,Град Градишка,M,unknown_ethnicity/nationality,19
2013,Број,Град Градишка,Ж,unknown_ethnicity/nationality,23
2013,Број,Град Дервента,Оба пола,unknown_ethnicity/nationality,54
2013,Број,Град Дервента,M,unknown_ethnicity/nationality,24
2013,Број,Град Дервента,Ж,unknown_ethnicity/nationality,30
2013,Број,Град Добој,Оба пола,unknown_ethnicity/nationality,163
2013,Број,Град Добој,M,unknown_ethnicity/nationality,61
2013,Број,Град Добој,Ж,unknown_ethnicity/nationality,102
2013,Број,Доњи Жабар,Оба пола,unknown_ethnicity/nationality,2
2013,Број,Доњи Жабар,M,unknown_ethnicity/nationality,1
2013,Број,Доњи Жабар,Ж,unknown_ethnicity/nationality,1
2013,Број,Град Зворник,Оба пола,unknown_ethnicity/nationality,97
2013,Број,Град Зворник,M,unknown_ethnicity/nationality,42
2013,Број,Град Зворник,Ж,unknown_ethnicity/nationality,55
2013,Број,Источна Илиџа,Оба пола,unknown_ethnicity/nationality,10
2013,Број,Источна Илиџа,M,unknown_ethnicity/nationality,5
2013,Број,Источна Илиџа,Ж,unknown_ethnicity/nationality,5
2013,Број,Источни Дрвар,Оба пола,unknown_ethnicity/nationality,0
2013,Број,Источни Дрвар,M,unknown_ethnicity/nationality,0
2013,Број,Источни Дрвар,Ж,unknown_ethnicity/nationality,0
2013,Број,Источни Мостар,Оба пола,unknown_ethnicity/nationality,2
2013,Број,Источни Мостар,M,unknown_ethnicity/nationality,1
2013,Број,Источни Мостар,Ж,unknown_ethnicity/nationality,1
2013,Број,Источни Стари Град,Оба пола,unknown_ethnicity/nationality,1
2013,Број,Источни Стари Град,M,unknown_ethnicity/nationality,1
2013,Број,Источни Стари Град,Ж,unknown_ethnicity/nationality,0
2013,Број,Источно Ново Сарајево,Оба пола,unknown_ethnicity/nationality,3
2013,Број,Источно Ново Сарајево,M,unknown_ethnicity/nationality,0
2013,Број,Источно Ново Сарајево,Ж,unknown_ethnicity/nationality,3
2013,Број,Језеро,Оба пола,unknown_ethnicity/nationality,1
2013,Број,Језеро,M,unknown_ethnicity/nationality,1
2013,Број,Језеро,Ж,unknown_ethnicity/nationality,0
2013,Број,Калиновик,Оба пола,unknown_ethnicity/nationality,0
2013,Број,Калиновик,M,unknown_ethnicity/nationality,0
2013,Број,Калиновик,Ж,unknown_ethnicity/nationality,0
2013,Број,Кнежево,Оба пола,unknown_ethnicity/nationality,4
2013,Број,Кнежево,M,unknown_ethnicity/nationality,3
2013,Број,Кнежево,Ж,unknown_ethnicity/nationality,1
2013,Број,Козарска Дубица,Оба пола,unknown_ethnicity/nationality,12
2013,Број,Козарска Дубица,M,unknown_ethnicity/nationality,5
2013,Број,Козарска Дубица,Ж,unknown_ethnicity/nationality,7
2013,Број,Костајница,Оба пола,unknown_ethnicity/nationality,2
2013,Број,Костајница,M,unknown_ethnicity/nationality,0
2013,Број,Костајница,Ж,unknown_ethnicity/nationality,2
2013,Број,Котор Варош,Оба пола,unknown_ethnicity/nationality,19
2013,Број,Котор Варош,M,unknown_ethnicity/nationality,14
2013,Број,Котор Варош,Ж,unknown_ethnicity/nationality,5
2013,Број,Крупа на Уни,Оба пола,unknown_ethnicity/nationality,0
2013,Број,Крупа на Уни,M,unknown_ethnicity/nationality,0
2013,Број,Крупа на Уни,Ж,unknown_ethnicity/nationality,0
2013,Број,Купрес,Оба пола,unknown_ethnicity/nationality,0
2013,Број,Купрес,M,unknown_ethnicity/nationality,0
2013,Број,Купрес,Ж,unknown_ethnicity/nationality,0
2013,Број,Лакташи,Оба пола,unknown_ethnicity/nationality,46
2013,Број,Лакташи,M,unknown_ethnicity/nationality,20
2013,Број,Лакташи,Ж,unknown_ethnicity/nationality,26
2013,Број,Лопаре,Оба пола,unknown_ethnicity/nationality,10
2013,Број,Лопаре,M,unknown_ethnicity/nationality,6
2013,Број,Лопаре,Ж,unknown_ethnicity/nationality,4
2013,Број,Љубиње,Оба пола,unknown_ethnicity/nationality,2
2013,Број,Љубиње,M,unknown_ethnicity/nationality,1
2013,Број,Љубиње,Ж,unknown_ethnicity/nationality,1
2013,Број,Милићи,Оба пола,unknown_ethnicity/nationality,8
2013,Број,Милићи,M,unknown_ethnicity/nationality,3
2013,Број,Милићи,Ж,unknown_ethnicity/nationality,5
2013,Број,Модрича,Оба пола,unknown_ethnicity/nationality,116
2013,Број,Модрича,M,unknown_ethnicity/nationality,62
2013,Број,Модрича,Ж,unknown_ethnicity/nationality,54
2013,Број,Мркоњић Град,Оба пола,unknown_ethnicity/nationality,12
2013,Број,Мркоњић Град,M,unknown_ethnicity/nationality,6
2013,Број,Мркоњић Град,Ж,unknown_ethnicity/nationality,6
2013,Број,Невесиње,Оба пола,unknown_ethnicity/nationality,7
2013,Број,Невесиње,M,unknown_ethnicity/nationality,2
2013,Број,Невесиње,Ж,unknown_ethnicity/nationality,5
2013,Број,Нови Град,Оба пола,unknown_ethnicity/nationality,24
2013,Број,Нови Град,M,unknown_ethnicity/nationality,13
2013,Број,Нови Град,Ж,unknown_ethnicity/nationality,11
2013,Број,Ново Горажде,Оба пола,unknown_ethnicity/nationality,7
2013,Број,Ново Горажде,M,unknown_ethnicity/nationality,2
2013,Број,Ново Горажде,Ж,unknown_ethnicity/nationality,5
2013,Број,Осмаци,Оба пола,unknown_ethnicity/nationality,4
2013,Број,Осмаци,M,unknown_ethnicity/nationality,2
2013,Број,Осмаци,Ж,unknown_ethnicity/nationality,2
2013,Број,Оштра Лука,Оба пола,unknown_ethnicity/nationality,3
2013,Број,Оштра Лука,M,unknown_ethnicity/nationality,2
2013,Број,Оштра Лука,Ж,unknown_ethnicity/nationality,1
2013,Број,Пале,Оба пола,unknown_ethnicity/nationality,13
2013,Број,Пале,M,unknown_ethnicity/nationality,9
2013,Број,Пале,Ж,unknown_ethnicity/nationality,4
2013,Број,Пелагићево,Оба пола,unknown_ethnicity/nationality,5
2013,Број,Пелагићево,M,unknown_ethnicity/nationality,1
2013,Број,Пелагићево,Ж,unknown_ethnicity/nationality,4
2013,Број,Петровац,Оба пола,unknown_ethnicity/nationality,0
2013,Број,Петровац,M,unknown_ethnicity/nationality,0
2013,Број,Петровац,Ж,unknown_ethnicity/nationality,0
2013,Број,Петрово,Оба пола,unknown_ethnicity/nationality,4
2013,Број,Петрово,M,unknown_ethnicity/nationality,2
2013,Број,Петрово,Ж,unknown_ethnicity/nationality,2
2013,Број,Град Приједор,Оба пола,unknown_ethnicity/nationality,369
2013,Број,Град Приједор,M,unknown_ethnicity/nationality,257
2013,Број,Град Приједор,Ж,unknown_ethnicity/nationality,112
2013,Број,Прњавор,Оба пола,unknown_ethnicity/nationality,30
2013,Број,Прњавор,M,unknown_ethnicity/nationality,10
2013,Број,Прњавор,Ж,unknown_ethnicity/nationality,20
2013,Број,Рибник,Оба пола,unknown_ethnicity/nationality,2
2013,Број,Рибник,M,unknown_ethnicity/nationality,2
2013,Број,Рибник,Ж,unknown_ethnicity/nationality,0
2013,Број,Рогатица,Оба пола,unknown_ethnicity/nationality,5
2013,Број,Рогатица,M,unknown_ethnicity/nationality,2
2013,Број,Рогатица,Ж,unknown_ethnicity/nationality,3
2013,Број,Рудо,Оба пола,unknown_ethnicity/nationality,3
2013,Број,Рудо,M,unknown_ethnicity/nationality,0
2013,Број,Рудо,Ж,unknown_ethnicity/nationality,3
2013,Број,Соколац,Оба пола,unknown_ethnicity/nationality,18
2013,Број,Соколац,M,unknown_ethnicity/nationality,5
2013,Број,Соколац,Ж,unknown_ethnicity/nationality,13
2013,Број,Србац,Оба пола,unknown_ethnicity/nationality,29
2013,Број,Србац,M,unknown_ethnicity/nationality,11
2013,Број,Србац,Ж,unknown_ethnicity/nationality,18
2013,Број,Сребреница,Оба пола,unknown_ethnicity/nationality,14
2013,Број,Сребреница,M,unknown_ethnicity/nationality,8
2013,Број,Сребреница,Ж,unknown_ethnicity/nationality,6
2013,Број,Теслић,Оба пола,unknown_ethnicity/nationality,44
2013,Број,Теслић,M,unknown_ethnicity/nationality,23
2013,Број,Теслић,Ж,unknown_ethnicity/nationality,21
2013,Број,Град Требиње,Оба пола,unknown_ethnicity/nationality,19
2013,Број,Град Требиње,M,unknown_ethnicity/nationality,11
2013,Број,Град Требиње,Ж,unknown_ethnicity/nationality,8
2013,Број,Трново,Оба пола,unknown_ethnicity/nationality,0
2013,Број,Трново,M,unknown_ethnicity/nationality,0
2013,Број,Трново,Ж,unknown_ethnicity/nationality,0
2013,Број,Угљевик,Оба пола,unknown_ethnicity/nationality,13
2013,Број,Угљевик,M,unknown_ethnicity/nationality,11
2013,Број,Угљевик,Ж,unknown_ethnicity/nationality,2
2013,Број,Фоча,Оба пола,unknown_ethnicity/nationality,12
2013,Број,Фоча,M,unknown_ethnicity/nationality,5
2013,Број,Фоча,Ж,unknown_ethnicity/nationality,7
2013,Број,Хан Пијесак,Оба пола,unknown_ethnicity/nationality,0
2013,Број,Хан Пијесак,M,unknown_ethnicity/nationality,0
2013,Број,Хан Пијесак,Ж,unknown_ethnicity/nationality,0
2013,Број,Чајниче,Оба пола,unknown_ethnicity/nationality,5
2013,Број,Чајниче,M,unknown_ethnicity/nationality,2
2013,Број,Чајниче,Ж,unknown_ethnicity/nationality,3
2013,Број,Челинац,Оба пола,unknown_ethnicity/nationality,9
2013,Број,Челинац,M,unknown_ethnicity/nationality,4
2013,Број,Челинац,Ж,unknown_ethnicity/nationality,5
2013,Број,Шамац,Оба пола,unknown_ethnicity/nationality,19
2013,Број,Шамац,M,unknown_ethnicity/nationality,10
2013,Број,Шамац,Ж,unknown_ethnicity/nationality,9
2013,Број,Шековићи,Оба пола,unknown_ethnicity/nationality,8
2013,Број,Шековићи,M,unknown_ethnicity/nationality,3
2013,Број,Шековићи,Ж,unknown_ethnicity/nationality,5
2013,Број,Шипово,Оба пола,unknown_ethnicity/nationality,5
2013,Број,Шипово,M,unknown_ethnicity/nationality,3
2013,Број,Шипово,Ж,unknown_ethnicity/nationality,2
