Year,UNIT_MEASURE,ADMIN_AREA,Пол,Religion,Value
2013,Број,republika_srpska,Укупно,_T,1170342
2013,Број,republika_srpska,M,_T,571812
2013,Број,republika_srpska,Ж,_T,598530
2013,Број,grad_banja_luka,Укупно,_T,180053
2013,Број,grad_banja_luka,M,_T,86510
2013,Број,grad_banja_luka,Ж,_T,93543
2013,Број,berkovici,Укупно,_T,2041
2013,Број,berkovici,M,_T,1032
2013,Број,berkovici,Ж,_T,1009
2013,Број,grad_bijeljina,Укупно,_T,103874
2013,Број,grad_bijeljina,M,_T,50760
2013,Број,grad_bijeljina,Ж,_T,53114
2013,Број,bileca,Укупно,_T,10607
2013,Број,bileca,M,_T,5346
2013,Број,bileca,Ж,_T,5261
2013,Број,bratunac,Укупно,_T,18651
2013,Број,bratunac,M,_T,9210
2013,Број,bratunac,Ж,_T,9441
2013,Број,brod,Укупно,_T,15720
2013,Број,brod,M,_T,7670
2013,Број,brod,Ж,_T,8050
2013,Број,visegrad,Укупно,_T,10118
2013,Број,visegrad,M,_T,4834
2013,Број,visegrad,Ж,_T,5284
2013,Број,vlasenica,Укупно,_T,10657
2013,Број,vlasenica,M,_T,5193
2013,Број,vlasenica,Ж,_T,5464
2013,Број,vukosavlje,Укупно,_T,4363
2013,Број,vukosavlje,M,_T,2185
2013,Број,vukosavlje,Ж,_T,2178
2013,Број,gacko,Укупно,_T,8710
2013,Број,gacko,M,_T,4423
2013,Број,gacko,Ж,_T,4287
2013,Број,grad_gradiska,Укупно,_T,49196
2013,Број,grad_gradiska,M,_T,23944
2013,Број,grad_gradiska,Ж,_T,25252
2013,Број,grad_derventa,Укупно,_T,25922
2013,Број,grad_derventa,M,_T,12629
2013,Број,grad_derventa,Ж,_T,13293
2013,Број,grad_doboj,Укупно,_T,68514
2013,Број,grad_doboj,M,_T,33222
2013,Број,grad_doboj,Ж,_T,35292
2013,Број,donji_zabar,Укупно,_T,3669
2013,Број,donji_zabar,M,_T,1853
2013,Број,donji_zabar,Ж,_T,1816
2013,Број,grad_zvornik,Укупно,_T,54407
2013,Број,grad_zvornik,M,_T,26803
2013,Број,grad_zvornik,Ж,_T,27604
2013,Број,istocna_ilidza,Укупно,_T,14437
2013,Број,istocna_ilidza,M,_T,6905
2013,Број,istocna_ilidza,Ж,_T,7532
2013,Број,istocni_drvar,Укупно,_T,66
2013,Број,istocni_drvar,M,_T,44
2013,Број,istocni_drvar,Ж,_T,22
2013,Број,istocni_mostar,Укупно,_T,244
2013,Број,istocni_mostar,M,_T,138
2013,Број,istocni_mostar,Ж,_T,106
2013,Број,istocni_stari_grad,Укупно,_T,1116
2013,Број,istocni_stari_grad,M,_T,552
2013,Број,istocni_stari_grad,Ж,_T,564
2013,Број,istocno_novo_sarajevo,Укупно,_T,10401
2013,Број,istocno_novo_sarajevo,M,_T,4936
2013,Број,istocno_novo_sarajevo,Ж,_T,5465
2013,Број,jezero,Укупно,_T,1039
2013,Број,jezero,M,_T,534
2013,Број,jezero,Ж,_T,505
2013,Број,kalinovik,Укупно,_T,1962
2013,Број,kalinovik,M,_T,950
2013,Број,kalinovik,Ж,_T,1012
2013,Број,knezevo,Укупно,_T,9368
2013,Број,knezevo,M,_T,4632
2013,Број,knezevo,Ж,_T,4736
2013,Број,kozarska_dubica,Укупно,_T,20681
2013,Број,kozarska_dubica,M,_T,10094
2013,Број,kozarska_dubica,Ж,_T,10587
2013,Број,kostajnica,Укупно,_T,5645
2013,Број,kostajnica,M,_T,2780
2013,Број,kostajnica,Ж,_T,2865
2013,Број,kotor_varos,Укупно,_T,18361
2013,Број,kotor_varos,M,_T,9007
2013,Број,kotor_varos,Ж,_T,9354
2013,Број,krupa_na_uni,Укупно,_T,1560
2013,Број,krupa_na_uni,M,_T,841
2013,Број,krupa_na_uni,Ж,_T,719
2013,Број,kupres,Укупно,_T,293
2013,Број,kupres,M,_T,157
2013,Број,kupres,Ж,_T,136
2013,Број,laktasi,Укупно,_T,34210
2013,Број,laktasi,M,_T,16905
2013,Број,laktasi,Ж,_T,17305
2013,Број,lopare,Укупно,_T,14689
2013,Број,lopare,M,_T,7377
2013,Број,lopare,Ж,_T,7312
2013,Број,ljubinje,Укупно,_T,3319
2013,Број,ljubinje,M,_T,1633
2013,Број,ljubinje,Ж,_T,1686
2013,Број,milici,Укупно,_T,10445
2013,Број,milici,M,_T,5252
2013,Број,milici,Ж,_T,5193
2013,Број,modrica,Укупно,_T,24490
2013,Број,modrica,M,_T,11969
2013,Број,modrica,Ж,_T,12521
2013,Број,mrkonjic_grad,Укупно,_T,15926
2013,Број,mrkonjic_grad,M,_T,7660
2013,Број,mrkonjic_grad,Ж,_T,8266
2013,Број,nevesinje,Укупно,_T,12542
2013,Број,nevesinje,M,_T,6236
2013,Број,nevesinje,Ж,_T,6306
2013,Број,novi_grad,Укупно,_T,25240
2013,Број,novi_grad,M,_T,12580
2013,Број,novi_grad,Ж,_T,12660
2013,Број,novo_gorazde,Укупно,_T,2915
2013,Број,novo_gorazde,M,_T,1500
2013,Број,novo_gorazde,Ж,_T,1415
2013,Број,osmaci,Укупно,_T,5546
2013,Број,osmaci,M,_T,2779
2013,Број,osmaci,Ж,_T,2767
2013,Број,ostra_luka,Укупно,_T,2705
2013,Број,ostra_luka,M,_T,1386
2013,Број,ostra_luka,Ж,_T,1319
2013,Број,pale,Укупно,_T,20359
2013,Број,pale,M,_T,9744
2013,Број,pale,Ж,_T,10615
2013,Број,pelagicevo,Укупно,_T,4358
2013,Број,pelagicevo,M,_T,2151
2013,Број,pelagicevo,Ж,_T,2207
2013,Број,petrovac,Укупно,_T,354
2013,Број,petrovac,M,_T,169
2013,Број,petrovac,Ж,_T,185
2013,Број,petrovo,Укупно,_T,6317
2013,Број,petrovo,M,_T,3043
2013,Број,petrovo,Ж,_T,3274
2013,Број,grad_prijedor,Укупно,_T,80916
2013,Број,grad_prijedor,M,_T,39418
2013,Број,grad_prijedor,Ж,_T,41498
2013,Број,prnjavor,Укупно,_T,34357
2013,Број,prnjavor,M,_T,16675
2013,Број,prnjavor,Ж,_T,17682
2013,Број,ribnik,Укупно,_T,5851
2013,Број,ribnik,M,_T,2900
2013,Број,ribnik,Ж,_T,2951
2013,Број,rogatica,Укупно,_T,10302
2013,Број,rogatica,M,_T,5053
2013,Број,rogatica,Ж,_T,5249
2013,Број,rudo,Укупно,_T,7578
2013,Број,rudo,M,_T,3840
2013,Број,rudo,Ж,_T,3738
2013,Број,sokolac,Укупно,_T,11620
2013,Број,sokolac,M,_T,5723
2013,Број,sokolac,Ж,_T,5897
2013,Број,srbac,Укупно,_T,16933
2013,Број,srbac,M,_T,8295
2013,Број,srbac,Ж,_T,8638
2013,Број,srebrenica,Укупно,_T,11698
2013,Број,srebrenica,M,_T,5714
2013,Број,srebrenica,Ж,_T,5984
2013,Број,teslic,Укупно,_T,37236
2013,Број,teslic,M,_T,17894
2013,Број,teslic,Ж,_T,19342
2013,Број,grad_trebinje,Укупно,_T,28239
2013,Број,grad_trebinje,M,_T,13760
2013,Број,grad_trebinje,Ж,_T,14479
2013,Број,trnovo,Укупно,_T,1983
2013,Број,trnovo,M,_T,953
2013,Број,trnovo,Ж,_T,1030
2013,Број,ugljevik,Укупно,_T,15118
2013,Број,ugljevik,M,_T,7626
2013,Број,ugljevik,Ж,_T,7492
2013,Број,foca,Укупно,_T,17580
2013,Број,foca,M,_T,8880
2013,Број,foca,Ж,_T,8700
2013,Број,han_pijesak,Укупно,_T,3445
2013,Број,han_pijesak,M,_T,1632
2013,Број,han_pijesak,Ж,_T,1813
2013,Број,cajnice,Укупно,_T,4679
2013,Број,cajnice,M,_T,2347
2013,Број,cajnice,Ж,_T,2332
2013,Број,celinac,Укупно,_T,15117
2013,Број,celinac,M,_T,7477
2013,Број,celinac,Ж,_T,7640
2013,Број,samac,Укупно,_T,16308
2013,Број,samac,M,_T,7908
2013,Број,samac,Ж,_T,8400
2013,Број,sekovici,Укупно,_T,6323
2013,Број,sekovici,M,_T,3103
2013,Број,sekovici,Ж,_T,3220
2013,Број,sipovo,Укупно,_T,9969
2013,Број,sipovo,M,_T,5046
2013,Број,sipovo,Ж,_T,4923
2013,Број,republika_srpska,Укупно,muslim,149435
2013,Број,republika_srpska,M,muslim,72605
2013,Број,republika_srpska,Ж,muslim,76830
2013,Број,grad_banja_luka,Укупно,muslim,6693
2013,Број,grad_banja_luka,M,muslim,3053
2013,Број,grad_banja_luka,Ж,muslim,3640
2013,Број,berkovici,Укупно,muslim,155
2013,Број,berkovici,M,muslim,87
2013,Број,berkovici,Ж,muslim,68
2013,Број,grad_bijeljina,Укупно,muslim,12055
2013,Број,grad_bijeljina,M,muslim,5902
2013,Број,grad_bijeljina,Ж,muslim,6153
2013,Број,bileca,Укупно,muslim,23
2013,Број,bileca,M,muslim,14
2013,Број,bileca,Ж,muslim,9
2013,Број,bratunac,Укупно,muslim,6591
2013,Број,bratunac,M,muslim,3220
2013,Број,bratunac,Ж,muslim,3371
2013,Број,brod,Укупно,muslim,1311
2013,Број,brod,M,muslim,646
2013,Број,brod,Ж,muslim,665
2013,Број,visegrad,Укупно,muslim,876
2013,Број,visegrad,M,muslim,443
2013,Број,visegrad,Ж,muslim,433
2013,Број,vlasenica,Укупно,muslim,3354
2013,Број,vlasenica,M,muslim,1645
2013,Број,vlasenica,Ж,muslim,1709
2013,Број,vukosavlje,Укупно,muslim,2154
2013,Број,vukosavlje,M,muslim,1105
2013,Број,vukosavlje,Ж,muslim,1049
2013,Број,gacko,Укупно,muslim,330
2013,Број,gacko,M,muslim,178
2013,Број,gacko,Ж,muslim,152
2013,Број,grad_gradiska,Укупно,muslim,6619
2013,Број,grad_gradiska,M,muslim,3214
2013,Број,grad_gradiska,Ж,muslim,3405
2013,Број,grad_derventa,Укупно,muslim,1709
2013,Број,grad_derventa,M,muslim,820
2013,Број,grad_derventa,Ж,muslim,889
2013,Број,grad_doboj,Укупно,muslim,14342
2013,Број,grad_doboj,M,muslim,6861
2013,Број,grad_doboj,Ж,muslim,7481
2013,Број,donji_zabar,Укупно,muslim,4
2013,Број,donji_zabar,M,muslim,0
2013,Број,donji_zabar,Ж,muslim,4
2013,Број,grad_zvornik,Укупно,muslim,16791
2013,Број,grad_zvornik,M,muslim,8218
2013,Број,grad_zvornik,Ж,muslim,8573
2013,Број,istocna_ilidza,Укупно,muslim,630
2013,Број,istocna_ilidza,M,muslim,291
2013,Број,istocna_ilidza,Ж,muslim,339
2013,Број,istocni_drvar,Укупно,muslim,0
2013,Број,istocni_drvar,M,muslim,0
2013,Број,istocni_drvar,Ж,muslim,0
2013,Број,istocni_mostar,Укупно,muslim,77
2013,Број,istocni_mostar,M,muslim,44
2013,Број,istocni_mostar,Ж,muslim,33
2013,Број,istocni_stari_grad,Укупно,muslim,38
2013,Број,istocni_stari_grad,M,muslim,23
2013,Број,istocni_stari_grad,Ж,muslim,15
2013,Број,istocno_novo_sarajevo,Укупно,muslim,121
2013,Број,istocno_novo_sarajevo,M,muslim,52
2013,Број,istocno_novo_sarajevo,Ж,muslim,69
2013,Број,jezero,Укупно,muslim,250
2013,Број,jezero,M,muslim,117
2013,Број,jezero,Ж,muslim,133
2013,Број,kalinovik,Укупно,muslim,42
2013,Број,kalinovik,M,muslim,19
2013,Број,kalinovik,Ж,muslim,23
2013,Број,knezevo,Укупно,muslim,403
2013,Број,knezevo,M,muslim,182
2013,Број,knezevo,Ж,muslim,221
2013,Број,kozarska_dubica,Укупно,muslim,1902
2013,Број,kozarska_dubica,M,muslim,915
2013,Број,kozarska_dubica,Ж,muslim,987
2013,Број,kostajnica,Укупно,muslim,1271
2013,Број,kostajnica,M,muslim,623
2013,Број,kostajnica,Ж,muslim,648
2013,Број,kotor_varos,Укупно,muslim,4498
2013,Број,kotor_varos,M,muslim,2159
2013,Број,kotor_varos,Ж,muslim,2339
2013,Број,krupa_na_uni,Укупно,muslim,3
2013,Број,krupa_na_uni,M,muslim,1
2013,Број,krupa_na_uni,Ж,muslim,2
2013,Број,kupres,Укупно,muslim,0
2013,Број,kupres,M,muslim,0
2013,Број,kupres,Ж,muslim,0
2013,Број,laktasi,Укупно,muslim,110
2013,Број,laktasi,M,muslim,49
2013,Број,laktasi,Ж,muslim,61
2013,Број,lopare,Укупно,muslim,1315
2013,Број,lopare,M,muslim,648
2013,Број,lopare,Ж,muslim,667
2013,Број,ljubinje,Укупно,muslim,12
2013,Број,ljubinje,M,muslim,6
2013,Број,ljubinje,Ж,muslim,6
2013,Број,milici,Укупно,muslim,3538
2013,Број,milici,M,muslim,1750
2013,Број,milici,Ж,muslim,1788
2013,Број,modrica,Укупно,muslim,3032
2013,Број,modrica,M,muslim,1445
2013,Број,modrica,Ж,muslim,1587
2013,Број,mrkonjic_grad,Укупно,muslim,351
2013,Број,mrkonjic_grad,M,muslim,170
2013,Број,mrkonjic_grad,Ж,muslim,181
2013,Број,nevesinje,Укупно,muslim,508
2013,Број,nevesinje,M,muslim,260
2013,Број,nevesinje,Ж,muslim,248
2013,Број,novi_grad,Укупно,muslim,5261
2013,Број,novi_grad,M,muslim,2635
2013,Број,novi_grad,Ж,muslim,2626
2013,Број,novo_gorazde,Укупно,muslim,1319
2013,Број,novo_gorazde,M,muslim,662
2013,Број,novo_gorazde,Ж,muslim,657
2013,Број,osmaci,Укупно,muslim,2647
2013,Број,osmaci,M,muslim,1303
2013,Број,osmaci,Ж,muslim,1344
2013,Број,ostra_luka,Укупно,muslim,26
2013,Број,ostra_luka,M,muslim,8
2013,Број,ostra_luka,Ж,muslim,18
2013,Број,pale,Укупно,muslim,160
2013,Број,pale,M,muslim,83
2013,Број,pale,Ж,muslim,77
2013,Број,pelagicevo,Укупно,muslim,13
2013,Број,pelagicevo,M,muslim,3
2013,Број,pelagicevo,Ж,muslim,10
2013,Број,petrovac,Укупно,muslim,0
2013,Број,petrovac,M,muslim,0
2013,Број,petrovac,Ж,muslim,0
2013,Број,petrovo,Укупно,muslim,7
2013,Број,petrovo,M,muslim,2
2013,Број,petrovo,Ж,muslim,5
2013,Број,grad_prijedor,Укупно,muslim,22271
2013,Број,grad_prijedor,M,muslim,10662
2013,Број,grad_prijedor,Ж,muslim,11609
2013,Број,prnjavor,Укупно,muslim,2776
2013,Број,prnjavor,M,muslim,1337
2013,Број,prnjavor,Ж,muslim,1439
2013,Број,ribnik,Укупно,muslim,0
2013,Број,ribnik,M,muslim,0
2013,Број,ribnik,Ж,muslim,0
2013,Број,rogatica,Укупно,muslim,1006
2013,Број,rogatica,M,muslim,517
2013,Број,rogatica,Ж,muslim,489
2013,Број,rudo,Укупно,muslim,588
2013,Број,rudo,M,muslim,306
2013,Број,rudo,Ж,muslim,282
2013,Број,sokolac,Укупно,muslim,620
2013,Број,sokolac,M,muslim,325
2013,Број,sokolac,Ж,muslim,295
2013,Број,srbac,Укупно,muslim,399
2013,Број,srbac,M,muslim,184
2013,Број,srbac,Ж,muslim,215
2013,Број,srebrenica,Укупно,muslim,6134
2013,Број,srebrenica,M,muslim,2916
2013,Број,srebrenica,Ж,muslim,3218
2013,Број,teslic,Укупно,muslim,6932
2013,Број,teslic,M,muslim,3410
2013,Број,teslic,Ж,muslim,3522
2013,Број,grad_trebinje,Укупно,muslim,848
2013,Број,grad_trebinje,M,muslim,415
2013,Број,grad_trebinje,Ж,muslim,433
2013,Број,trnovo,Укупно,muslim,802
2013,Број,trnovo,M,muslim,395
2013,Број,trnovo,Ж,muslim,407
2013,Број,ugljevik,Укупно,muslim,2002
2013,Број,ugljevik,M,muslim,977
2013,Број,ugljevik,Ж,muslim,1025
2013,Број,foca,Укупно,muslim,1173
2013,Број,foca,M,muslim,630
2013,Број,foca,Ж,muslim,543
2013,Број,han_pijesak,Укупно,muslim,435
2013,Број,han_pijesak,M,muslim,212
2013,Број,han_pijesak,Ж,muslim,223
2013,Број,cajnice,Укупно,muslim,836
2013,Број,cajnice,M,muslim,440
2013,Број,cajnice,Ж,muslim,396
2013,Број,celinac,Укупно,muslim,406
2013,Број,celinac,M,muslim,203
2013,Број,celinac,Ж,muslim,203
2013,Број,samac,Укупно,muslim,976
2013,Број,samac,M,muslim,471
2013,Број,samac,Ж,muslim,505
2013,Број,sekovici,Укупно,muslim,107
2013,Број,sekovici,M,muslim,54
2013,Број,sekovici,Ж,muslim,53
2013,Број,sipovo,Укупно,muslim,583
2013,Број,sipovo,M,muslim,295
2013,Број,sipovo,Ж,muslim,288
2013,Број,republika_srpska,Укупно,catholic,25763
2013,Број,republika_srpska,M,catholic,10431
2013,Број,republika_srpska,Ж,catholic,15332
2013,Број,grad_banja_luka,Укупно,catholic,4637
2013,Број,grad_banja_luka,M,catholic,1585
2013,Број,grad_banja_luka,Ж,catholic,3052
2013,Број,berkovici,Укупно,catholic,6
2013,Број,berkovici,M,catholic,1
2013,Број,berkovici,Ж,catholic,5
2013,Број,grad_bijeljina,Укупно,catholic,508
2013,Број,grad_bijeljina,M,catholic,103
2013,Број,grad_bijeljina,Ж,catholic,405
2013,Број,bileca,Укупно,catholic,18
2013,Број,bileca,M,catholic,2
2013,Број,bileca,Ж,catholic,16
2013,Број,bratunac,Укупно,catholic,26
2013,Број,bratunac,M,catholic,3
2013,Број,bratunac,Ж,catholic,23
2013,Број,brod,Укупно,catholic,2925
2013,Број,brod,M,catholic,1360
2013,Број,brod,Ж,catholic,1565
2013,Број,visegrad,Укупно,catholic,33
2013,Број,visegrad,M,catholic,6
2013,Број,visegrad,Ж,catholic,27
2013,Број,vlasenica,Укупно,catholic,22
2013,Број,vlasenica,M,catholic,4
2013,Број,vlasenica,Ж,catholic,18
2013,Број,vukosavlje,Укупно,catholic,680
2013,Број,vukosavlje,M,catholic,325
2013,Број,vukosavlje,Ж,catholic,355
2013,Број,gacko,Укупно,catholic,10
2013,Број,gacko,M,catholic,4
2013,Број,gacko,Ж,catholic,6
2013,Број,grad_gradiska,Укупно,catholic,865
2013,Број,grad_gradiska,M,catholic,303
2013,Број,grad_gradiska,Ж,catholic,562
2013,Број,grad_derventa,Укупно,catholic,2109
2013,Број,grad_derventa,M,catholic,999
2013,Број,grad_derventa,Ж,catholic,1110
2013,Број,grad_doboj,Укупно,catholic,1448
2013,Број,grad_doboj,M,catholic,532
2013,Број,grad_doboj,Ж,catholic,916
2013,Број,donji_zabar,Укупно,catholic,977
2013,Број,donji_zabar,M,catholic,490
2013,Број,donji_zabar,Ж,catholic,487
2013,Број,grad_zvornik,Укупно,catholic,83
2013,Број,grad_zvornik,M,catholic,6
2013,Број,grad_zvornik,Ж,catholic,77
2013,Број,istocna_ilidza,Укупно,catholic,142
2013,Број,istocna_ilidza,M,catholic,36
2013,Број,istocna_ilidza,Ж,catholic,106
2013,Број,istocni_drvar,Укупно,catholic,1
2013,Број,istocni_drvar,M,catholic,0
2013,Број,istocni_drvar,Ж,catholic,1
2013,Број,istocni_mostar,Укупно,catholic,11
2013,Број,istocni_mostar,M,catholic,8
2013,Број,istocni_mostar,Ж,catholic,3
2013,Број,istocni_stari_grad,Укупно,catholic,5
2013,Број,istocni_stari_grad,M,catholic,0
2013,Број,istocni_stari_grad,Ж,catholic,5
2013,Број,istocno_novo_sarajevo,Укупно,catholic,101
2013,Број,istocno_novo_sarajevo,M,catholic,28
2013,Број,istocno_novo_sarajevo,Ж,catholic,73
2013,Број,jezero,Укупно,catholic,4
2013,Број,jezero,M,catholic,2
2013,Број,jezero,Ж,catholic,2
2013,Број,kalinovik,Укупно,catholic,5
2013,Број,kalinovik,M,catholic,2
2013,Број,kalinovik,Ж,catholic,3
2013,Број,knezevo,Укупно,catholic,17
2013,Број,knezevo,M,catholic,4
2013,Број,knezevo,Ж,catholic,13
2013,Број,kozarska_dubica,Укупно,catholic,250
2013,Број,kozarska_dubica,M,catholic,72
2013,Број,kozarska_dubica,Ж,catholic,178
2013,Број,kostajnica,Укупно,catholic,84
2013,Број,kostajnica,M,catholic,26
2013,Број,kostajnica,Ж,catholic,58
2013,Број,kotor_varos,Укупно,catholic,788
2013,Број,kotor_varos,M,catholic,365
2013,Број,kotor_varos,Ж,catholic,423
2013,Број,krupa_na_uni,Укупно,catholic,2
2013,Број,krupa_na_uni,M,catholic,0
2013,Број,krupa_na_uni,Ж,catholic,2
2013,Број,kupres,Укупно,catholic,0
2013,Број,kupres,M,catholic,0
2013,Број,kupres,Ж,catholic,0
2013,Број,laktasi,Укупно,catholic,497
2013,Број,laktasi,M,catholic,166
2013,Број,laktasi,Ж,catholic,331
2013,Број,lopare,Укупно,catholic,40
2013,Број,lopare,M,catholic,5
2013,Број,lopare,Ж,catholic,35
2013,Број,ljubinje,Укупно,catholic,5
2013,Број,ljubinje,M,catholic,1
2013,Број,ljubinje,Ж,catholic,4
2013,Број,milici,Укупно,catholic,17
2013,Број,milici,M,catholic,5
2013,Број,milici,Ж,catholic,12
2013,Број,modrica,Укупно,catholic,1365
2013,Број,modrica,M,catholic,651
2013,Број,modrica,Ж,catholic,714
2013,Број,mrkonjic_grad,Укупно,catholic,146
2013,Број,mrkonjic_grad,M,catholic,56
2013,Број,mrkonjic_grad,Ж,catholic,90
2013,Број,nevesinje,Укупно,catholic,21
2013,Број,nevesinje,M,catholic,5
2013,Број,nevesinje,Ж,catholic,16
2013,Број,novi_grad,Укупно,catholic,152
2013,Број,novi_grad,M,catholic,47
2013,Број,novi_grad,Ж,catholic,105
2013,Број,novo_gorazde,Укупно,catholic,2
2013,Број,novo_gorazde,M,catholic,1
2013,Број,novo_gorazde,Ж,catholic,1
2013,Број,osmaci,Укупно,catholic,4
2013,Број,osmaci,M,catholic,0
2013,Број,osmaci,Ж,catholic,4
2013,Број,ostra_luka,Укупно,catholic,131
2013,Број,ostra_luka,M,catholic,62
2013,Број,ostra_luka,Ж,catholic,69
2013,Број,pale,Укупно,catholic,116
2013,Број,pale,M,catholic,30
2013,Број,pale,Ж,catholic,86
2013,Број,pelagicevo,Укупно,catholic,1180
2013,Број,pelagicevo,M,catholic,578
2013,Број,pelagicevo,Ж,catholic,602
2013,Број,petrovac,Укупно,catholic,0
2013,Број,petrovac,M,catholic,0
2013,Број,petrovac,Ж,catholic,0
2013,Број,petrovo,Укупно,catholic,35
2013,Број,petrovo,M,catholic,10
2013,Број,petrovo,Ж,catholic,25
2013,Број,grad_prijedor,Укупно,catholic,1544
2013,Број,grad_prijedor,M,catholic,587
2013,Број,grad_prijedor,Ж,catholic,957
2013,Број,prnjavor,Укупно,catholic,645
2013,Број,prnjavor,M,catholic,255
2013,Број,prnjavor,Ж,catholic,390
2013,Број,ribnik,Укупно,catholic,7
2013,Број,ribnik,M,catholic,1
2013,Број,ribnik,Ж,catholic,6
2013,Број,rogatica,Укупно,catholic,16
2013,Број,rogatica,M,catholic,1
2013,Број,rogatica,Ж,catholic,15
2013,Број,rudo,Укупно,catholic,3
2013,Број,rudo,M,catholic,1
2013,Број,rudo,Ж,catholic,2
2013,Број,sokolac,Укупно,catholic,23
2013,Број,sokolac,M,catholic,3
2013,Број,sokolac,Ж,catholic,20
2013,Број,srbac,Укупно,catholic,153
2013,Број,srbac,M,catholic,37
2013,Број,srbac,Ж,catholic,116
2013,Број,srebrenica,Укупно,catholic,17
2013,Број,srebrenica,M,catholic,7
2013,Број,srebrenica,Ж,catholic,10
2013,Број,teslic,Укупно,catholic,1292
2013,Број,teslic,M,catholic,552
2013,Број,teslic,Ж,catholic,740
2013,Број,grad_trebinje,Укупно,catholic,293
2013,Број,grad_trebinje,M,catholic,90
2013,Број,grad_trebinje,Ж,catholic,203
2013,Број,trnovo,Укупно,catholic,15
2013,Број,trnovo,M,catholic,2
2013,Број,trnovo,Ж,catholic,13
2013,Број,ugljevik,Укупно,catholic,39
2013,Број,ugljevik,M,catholic,7
2013,Број,ugljevik,Ж,catholic,32
2013,Број,foca,Укупно,catholic,64
2013,Број,foca,M,catholic,20
2013,Број,foca,Ж,catholic,44
2013,Број,han_pijesak,Укупно,catholic,5
2013,Број,han_pijesak,M,catholic,0
2013,Број,han_pijesak,Ж,catholic,5
2013,Број,cajnice,Укупно,catholic,5
2013,Број,cajnice,M,catholic,0
2013,Број,cajnice,Ж,catholic,5
2013,Број,celinac,Укупно,catholic,58
2013,Број,celinac,M,catholic,14
2013,Број,celinac,Ж,catholic,44
2013,Број,samac,Укупно,catholic,2091
2013,Број,samac,M,catholic,969
2013,Број,samac,Ж,catholic,1122
2013,Број,sekovici,Укупно,catholic,7
2013,Број,sekovici,M,catholic,0
2013,Број,sekovici,Ж,catholic,7
2013,Број,sipovo,Укупно,catholic,18
2013,Број,sipovo,M,catholic,2
2013,Број,sipovo,Ж,catholic,16
2013,Број,republika_srpska,Укупно,orthodox,969315
2013,Број,republika_srpska,M,orthodox,476184
2013,Број,republika_srpska,Ж,orthodox,493131
2013,Број,grad_banja_luka,Укупно,orthodox,161267
2013,Број,grad_banja_luka,M,orthodox,78266
2013,Број,grad_banja_luka,Ж,orthodox,83001
2013,Број,berkovici,Укупно,orthodox,1873
2013,Број,berkovici,M,orthodox,940
2013,Број,berkovici,Ж,orthodox,933
2013,Број,grad_bijeljina,Укупно,orthodox,89144
2013,Број,grad_bijeljina,M,orthodox,43682
2013,Број,grad_bijeljina,Ж,orthodox,45462
2013,Број,bileca,Укупно,orthodox,10490
2013,Број,bileca,M,orthodox,5291
2013,Број,bileca,Ж,orthodox,5199
2013,Број,bratunac,Укупно,orthodox,11726
2013,Број,bratunac,M,orthodox,5835
2013,Број,bratunac,Ж,orthodox,5891
2013,Број,brod,Укупно,orthodox,11066
2013,Број,brod,M,orthodox,5474
2013,Број,brod,Ж,orthodox,5592
2013,Број,visegrad,Укупно,orthodox,8913
2013,Број,visegrad,M,orthodox,4315
2013,Број,visegrad,Ж,orthodox,4598
2013,Број,vlasenica,Укупно,orthodox,7111
2013,Број,vlasenica,M,orthodox,3473
2013,Број,vlasenica,Ж,orthodox,3638
2013,Број,vukosavlje,Укупно,orthodox,1442
2013,Број,vukosavlje,M,orthodox,713
2013,Број,vukosavlje,Ж,orthodox,729
2013,Број,gacko,Укупно,orthodox,8337
2013,Број,gacko,M,orthodox,4228
2013,Број,gacko,Ж,orthodox,4109
2013,Број,grad_gradiska,Укупно,orthodox,40702
2013,Број,grad_gradiska,M,orthodox,19929
2013,Број,grad_gradiska,Ж,orthodox,20773
2013,Број,grad_derventa,Укупно,orthodox,21541
2013,Број,grad_derventa,M,orthodox,10537
2013,Број,grad_derventa,Ж,orthodox,11004
2013,Број,grad_doboj,Укупно,orthodox,50744
2013,Број,grad_doboj,M,orthodox,24842
2013,Број,grad_doboj,Ж,orthodox,25902
2013,Број,donji_zabar,Укупно,orthodox,2658
2013,Број,donji_zabar,M,orthodox,1352
2013,Број,donji_zabar,Ж,orthodox,1306
2013,Број,grad_zvornik,Укупно,orthodox,37114
2013,Број,grad_zvornik,M,orthodox,18378
2013,Број,grad_zvornik,Ж,orthodox,18736
2013,Број,istocna_ilidza,Укупно,orthodox,13458
2013,Број,istocna_ilidza,M,orthodox,6479
2013,Број,istocna_ilidza,Ж,orthodox,6979
2013,Број,istocni_drvar,Укупно,orthodox,65
2013,Број,istocni_drvar,M,orthodox,44
2013,Број,istocni_drvar,Ж,orthodox,21
2013,Број,istocni_mostar,Укупно,orthodox,153
2013,Број,istocni_mostar,M,orthodox,84
2013,Број,istocni_mostar,Ж,orthodox,69
2013,Број,istocni_stari_grad,Укупно,orthodox,1058
2013,Број,istocni_stari_grad,M,orthodox,520
2013,Број,istocni_stari_grad,Ж,orthodox,538
2013,Број,istocno_novo_sarajevo,Укупно,orthodox,10044
2013,Број,istocno_novo_sarajevo,M,orthodox,4796
2013,Број,istocno_novo_sarajevo,Ж,orthodox,5248
2013,Број,jezero,Укупно,orthodox,780
2013,Број,jezero,M,orthodox,412
2013,Број,jezero,Ж,orthodox,368
2013,Број,kalinovik,Укупно,orthodox,1905
2013,Број,kalinovik,M,orthodox,923
2013,Број,kalinovik,Ж,orthodox,982
2013,Број,knezevo,Укупно,orthodox,8866
2013,Број,knezevo,M,orthodox,4408
2013,Број,knezevo,Ж,orthodox,4458
2013,Број,kozarska_dubica,Укупно,orthodox,18103
2013,Број,kozarska_dubica,M,orthodox,8909
2013,Број,kozarska_dubica,Ж,orthodox,9194
2013,Број,kostajnica,Укупно,orthodox,4190
2013,Број,kostajnica,M,orthodox,2080
2013,Број,kostajnica,Ж,orthodox,2110
2013,Број,kotor_varos,Укупно,orthodox,12645
2013,Број,kotor_varos,M,orthodox,6263
2013,Број,kotor_varos,Ж,orthodox,6382
2013,Број,krupa_na_uni,Укупно,orthodox,1554
2013,Број,krupa_na_uni,M,orthodox,840
2013,Број,krupa_na_uni,Ж,orthodox,714
2013,Број,kupres,Укупно,orthodox,292
2013,Број,kupres,M,orthodox,156
2013,Број,kupres,Ж,orthodox,136
2013,Број,laktasi,Укупно,orthodox,32907
2013,Број,laktasi,M,orthodox,16334
2013,Број,laktasi,Ж,orthodox,16573
2013,Број,lopare,Укупно,orthodox,13273
2013,Број,lopare,M,orthodox,6700
2013,Број,lopare,Ж,orthodox,6573
2013,Број,ljubinje,Укупно,orthodox,3295
2013,Број,ljubinje,M,orthodox,1621
2013,Број,ljubinje,Ж,orthodox,1674
2013,Број,milici,Укупно,orthodox,6835
2013,Број,milici,M,orthodox,3469
2013,Број,milici,Ж,orthodox,3366
2013,Број,modrica,Укупно,orthodox,19482
2013,Број,modrica,M,orthodox,9579
2013,Број,modrica,Ж,orthodox,9903
2013,Број,mrkonjic_grad,Укупно,orthodox,15334
2013,Број,mrkonjic_grad,M,orthodox,7387
2013,Број,mrkonjic_grad,Ж,orthodox,7947
2013,Број,nevesinje,Укупно,orthodox,11973
2013,Број,nevesinje,M,orthodox,5955
2013,Број,nevesinje,Ж,orthodox,6018
2013,Број,novi_grad,Укупно,orthodox,19443
2013,Број,novi_grad,M,orthodox,9725
2013,Број,novi_grad,Ж,orthodox,9718
2013,Број,novo_gorazde,Укупно,orthodox,1563
2013,Број,novo_gorazde,M,orthodox,822
2013,Број,novo_gorazde,Ж,orthodox,741
2013,Број,osmaci,Укупно,orthodox,2848
2013,Број,osmaci,M,orthodox,1446
2013,Број,osmaci,Ж,orthodox,1402
2013,Број,ostra_luka,Укупно,orthodox,2503
2013,Број,ostra_luka,M,orthodox,1290
2013,Број,ostra_luka,Ж,orthodox,1213
2013,Број,pale,Укупно,orthodox,19901
2013,Број,pale,M,orthodox,9546
2013,Број,pale,Ж,orthodox,10355
2013,Број,pelagicevo,Укупно,orthodox,3152
2013,Број,pelagicevo,M,orthodox,1566
2013,Број,pelagicevo,Ж,orthodox,1586
2013,Број,petrovac,Укупно,orthodox,352
2013,Број,petrovac,M,orthodox,168
2013,Број,petrovac,Ж,orthodox,184
2013,Број,petrovo,Укупно,orthodox,6221
2013,Број,petrovo,M,orthodox,3004
2013,Број,petrovo,Ж,orthodox,3217
2013,Број,grad_prijedor,Укупно,orthodox,53842
2013,Број,grad_prijedor,M,orthodox,26540
2013,Број,grad_prijedor,Ж,orthodox,27302
2013,Број,prnjavor,Укупно,orthodox,29944
2013,Број,prnjavor,M,orthodox,14579
2013,Број,prnjavor,Ж,orthodox,15365
2013,Број,ribnik,Укупно,orthodox,5824
2013,Број,ribnik,M,orthodox,2886
2013,Број,ribnik,Ж,orthodox,2938
2013,Број,rogatica,Укупно,orthodox,9199
2013,Број,rogatica,M,orthodox,4492
2013,Број,rogatica,Ж,orthodox,4707
2013,Број,rudo,Укупно,orthodox,6968
2013,Број,rudo,M,orthodox,3521
2013,Број,rudo,Ж,orthodox,3447
2013,Број,sokolac,Укупно,orthodox,10897
2013,Број,sokolac,M,orthodox,5356
2013,Број,sokolac,Ж,orthodox,5541
2013,Број,srbac,Укупно,orthodox,16110
2013,Број,srbac,M,orthodox,7932
2013,Број,srbac,Ж,orthodox,8178
2013,Број,srebrenica,Укупно,orthodox,5418
2013,Број,srebrenica,M,orthodox,2721
2013,Број,srebrenica,Ж,orthodox,2697
2013,Број,teslic,Укупно,orthodox,28140
2013,Број,teslic,M,orthodox,13523
2013,Број,teslic,Ж,orthodox,14617
2013,Број,grad_trebinje,Укупно,orthodox,26669
2013,Број,grad_trebinje,M,orthodox,13054
2013,Број,grad_trebinje,Ж,orthodox,13615
2013,Број,trnovo,Укупно,orthodox,1135
2013,Број,trnovo,M,orthodox,537
2013,Број,trnovo,Ж,orthodox,598
2013,Број,ugljevik,Укупно,orthodox,13016
2013,Број,ugljevik,M,orthodox,6602
2013,Број,ugljevik,Ж,orthodox,6414
2013,Број,foca,Укупно,orthodox,16163
2013,Број,foca,M,orthodox,8138
2013,Број,foca,Ж,orthodox,8025
2013,Број,han_pijesak,Укупно,orthodox,2998
2013,Број,han_pijesak,M,orthodox,1416
2013,Број,han_pijesak,Ж,orthodox,1582
2013,Број,cajnice,Укупно,orthodox,3812
2013,Број,cajnice,M,orthodox,1895
2013,Број,cajnice,Ж,orthodox,1917
2013,Број,celinac,Укупно,orthodox,14538
2013,Број,celinac,M,orthodox,7205
2013,Број,celinac,Ж,orthodox,7333
2013,Број,samac,Укупно,orthodox,12833
2013,Број,samac,M,orthodox,6262
2013,Број,samac,Ж,orthodox,6571
2013,Број,sekovici,Укупно,orthodox,6188
2013,Број,sekovici,M,orthodox,3035
2013,Број,sekovici,Ж,orthodox,3153
2013,Број,sipovo,Укупно,orthodox,9298
2013,Број,sipovo,M,orthodox,4709
2013,Број,sipovo,Ж,orthodox,4589
2013,Број,republika_srpska,Укупно,agnostic,1223
2013,Број,republika_srpska,M,agnostic,610
2013,Број,republika_srpska,Ж,agnostic,613
2013,Број,grad_banja_luka,Укупно,agnostic,592
2013,Број,grad_banja_luka,M,agnostic,285
2013,Број,grad_banja_luka,Ж,agnostic,307
2013,Број,berkovici,Укупно,agnostic,0
2013,Број,berkovici,M,agnostic,0
2013,Број,berkovici,Ж,agnostic,0
2013,Број,grad_bijeljina,Укупно,agnostic,60
2013,Број,grad_bijeljina,M,agnostic,33
2013,Број,grad_bijeljina,Ж,agnostic,27
2013,Број,bileca,Укупно,agnostic,1
2013,Број,bileca,M,agnostic,1
2013,Број,bileca,Ж,agnostic,0
2013,Број,bratunac,Укупно,agnostic,2
2013,Број,bratunac,M,agnostic,1
2013,Број,bratunac,Ж,agnostic,1
2013,Број,brod,Укупно,agnostic,15
2013,Број,brod,M,agnostic,7
2013,Број,brod,Ж,agnostic,8
2013,Број,visegrad,Укупно,agnostic,2
2013,Број,visegrad,M,agnostic,2
2013,Број,visegrad,Ж,agnostic,0
2013,Број,vlasenica,Укупно,agnostic,2
2013,Број,vlasenica,M,agnostic,1
2013,Број,vlasenica,Ж,agnostic,1
2013,Број,vukosavlje,Укупно,agnostic,1
2013,Број,vukosavlje,M,agnostic,1
2013,Број,vukosavlje,Ж,agnostic,0
2013,Број,gacko,Укупно,agnostic,1
2013,Број,gacko,M,agnostic,0
2013,Број,gacko,Ж,agnostic,1
2013,Број,grad_gradiska,Укупно,agnostic,45
2013,Број,grad_gradiska,M,agnostic,28
2013,Број,grad_gradiska,Ж,agnostic,17
2013,Број,grad_derventa,Укупно,agnostic,19
2013,Број,grad_derventa,M,agnostic,9
2013,Број,grad_derventa,Ж,agnostic,10
2013,Број,grad_doboj,Укупно,agnostic,71
2013,Број,grad_doboj,M,agnostic,40
2013,Број,grad_doboj,Ж,agnostic,31
2013,Број,donji_zabar,Укупно,agnostic,1
2013,Број,donji_zabar,M,agnostic,0
2013,Број,donji_zabar,Ж,agnostic,1
2013,Број,grad_zvornik,Укупно,agnostic,9
2013,Број,grad_zvornik,M,agnostic,5
2013,Број,grad_zvornik,Ж,agnostic,4
2013,Број,istocna_ilidza,Укупно,agnostic,17
2013,Број,istocna_ilidza,M,agnostic,8
2013,Број,istocna_ilidza,Ж,agnostic,9
2013,Број,istocni_drvar,Укупно,agnostic,0
2013,Број,istocni_drvar,M,agnostic,0
2013,Број,istocni_drvar,Ж,agnostic,0
2013,Број,istocni_mostar,Укупно,agnostic,0
2013,Број,istocni_mostar,M,agnostic,0
2013,Број,istocni_mostar,Ж,agnostic,0
2013,Број,istocni_stari_grad,Укупно,agnostic,0
2013,Број,istocni_stari_grad,M,agnostic,0
2013,Број,istocni_stari_grad,Ж,agnostic,0
2013,Број,istocno_novo_sarajevo,Укупно,agnostic,23
2013,Број,istocno_novo_sarajevo,M,agnostic,8
2013,Број,istocno_novo_sarajevo,Ж,agnostic,15
2013,Број,jezero,Укупно,agnostic,0
2013,Број,jezero,M,agnostic,0
2013,Број,jezero,Ж,agnostic,0
2013,Број,kalinovik,Укупно,agnostic,2
2013,Број,kalinovik,M,agnostic,0
2013,Број,kalinovik,Ж,agnostic,2
2013,Број,knezevo,Укупно,agnostic,0
2013,Број,knezevo,M,agnostic,0
2013,Број,knezevo,Ж,agnostic,0
2013,Број,kozarska_dubica,Укупно,agnostic,17
2013,Број,kozarska_dubica,M,agnostic,5
2013,Број,kozarska_dubica,Ж,agnostic,12
2013,Број,kostajnica,Укупно,agnostic,3
2013,Број,kostajnica,M,agnostic,3
2013,Број,kostajnica,Ж,agnostic,0
2013,Број,kotor_varos,Укупно,agnostic,10
2013,Број,kotor_varos,M,agnostic,6
2013,Број,kotor_varos,Ж,agnostic,4
2013,Број,krupa_na_uni,Укупно,agnostic,0
2013,Број,krupa_na_uni,M,agnostic,0
2013,Број,krupa_na_uni,Ж,agnostic,0
2013,Број,kupres,Укупно,agnostic,0
2013,Број,kupres,M,agnostic,0
2013,Број,kupres,Ж,agnostic,0
2013,Број,laktasi,Укупно,agnostic,35
2013,Број,laktasi,M,agnostic,19
2013,Број,laktasi,Ж,agnostic,16
2013,Број,lopare,Укупно,agnostic,4
2013,Број,lopare,M,agnostic,0
2013,Број,lopare,Ж,agnostic,4
2013,Број,ljubinje,Укупно,agnostic,0
2013,Број,ljubinje,M,agnostic,0
2013,Број,ljubinje,Ж,agnostic,0
2013,Број,milici,Укупно,agnostic,0
2013,Број,milici,M,agnostic,0
2013,Број,milici,Ж,agnostic,0
2013,Број,modrica,Укупно,agnostic,26
2013,Број,modrica,M,agnostic,13
2013,Број,modrica,Ж,agnostic,13
2013,Број,mrkonjic_grad,Укупно,agnostic,8
2013,Број,mrkonjic_grad,M,agnostic,5
2013,Број,mrkonjic_grad,Ж,agnostic,3
2013,Број,nevesinje,Укупно,agnostic,3
2013,Број,nevesinje,M,agnostic,1
2013,Број,nevesinje,Ж,agnostic,2
2013,Број,novi_grad,Укупно,agnostic,9
2013,Број,novi_grad,M,agnostic,5
2013,Број,novi_grad,Ж,agnostic,4
2013,Број,novo_gorazde,Укупно,agnostic,0
2013,Број,novo_gorazde,M,agnostic,0
2013,Број,novo_gorazde,Ж,agnostic,0
2013,Број,osmaci,Укупно,agnostic,0
2013,Број,osmaci,M,agnostic,0
2013,Број,osmaci,Ж,agnostic,0
2013,Број,ostra_luka,Укупно,agnostic,2
2013,Број,ostra_luka,M,agnostic,1
2013,Број,ostra_luka,Ж,agnostic,1
2013,Број,pale,Укупно,agnostic,15
2013,Број,pale,M,agnostic,9
2013,Број,pale,Ж,agnostic,6
2013,Број,pelagicevo,Укупно,agnostic,0
2013,Број,pelagicevo,M,agnostic,0
2013,Број,pelagicevo,Ж,agnostic,0
2013,Број,petrovac,Укупно,agnostic,0
2013,Број,petrovac,M,agnostic,0
2013,Број,petrovac,Ж,agnostic,0
2013,Број,petrovo,Укупно,agnostic,1
2013,Број,petrovo,M,agnostic,1
2013,Број,petrovo,Ж,agnostic,0
2013,Број,grad_prijedor,Укупно,agnostic,84
2013,Број,grad_prijedor,M,agnostic,48
2013,Број,grad_prijedor,Ж,agnostic,36
2013,Број,prnjavor,Укупно,agnostic,25
2013,Број,prnjavor,M,agnostic,11
2013,Број,prnjavor,Ж,agnostic,14
2013,Број,ribnik,Укупно,agnostic,0
2013,Број,ribnik,M,agnostic,0
2013,Број,ribnik,Ж,agnostic,0
2013,Број,rogatica,Укупно,agnostic,2
2013,Број,rogatica,M,agnostic,2
2013,Број,rogatica,Ж,agnostic,0
2013,Број,rudo,Укупно,agnostic,1
2013,Број,rudo,M,agnostic,1
2013,Број,rudo,Ж,agnostic,0
2013,Број,sokolac,Укупно,agnostic,2
2013,Број,sokolac,M,agnostic,0
2013,Број,sokolac,Ж,agnostic,2
2013,Број,srbac,Укупно,agnostic,7
2013,Број,srbac,M,agnostic,5
2013,Број,srbac,Ж,agnostic,2
2013,Број,srebrenica,Укупно,agnostic,1
2013,Број,srebrenica,M,agnostic,0
2013,Број,srebrenica,Ж,agnostic,1
2013,Број,teslic,Укупно,agnostic,37
2013,Број,teslic,M,agnostic,15
2013,Број,teslic,Ж,agnostic,22
2013,Број,grad_trebinje,Укупно,agnostic,32
2013,Број,grad_trebinje,M,agnostic,14
2013,Број,grad_trebinje,Ж,agnostic,18
2013,Број,trnovo,Укупно,agnostic,3
2013,Број,trnovo,M,agnostic,2
2013,Број,trnovo,Ж,agnostic,1
2013,Број,ugljevik,Укупно,agnostic,1
2013,Број,ugljevik,M,agnostic,1
2013,Број,ugljevik,Ж,agnostic,0
2013,Број,foca,Укупно,agnostic,3
2013,Број,foca,M,agnostic,1
2013,Број,foca,Ж,agnostic,2
2013,Број,han_pijesak,Укупно,agnostic,1
2013,Број,han_pijesak,M,agnostic,0
2013,Број,han_pijesak,Ж,agnostic,1
2013,Број,cajnice,Укупно,agnostic,1
2013,Број,cajnice,M,agnostic,0
2013,Број,cajnice,Ж,agnostic,1
2013,Број,celinac,Укупно,agnostic,8
2013,Број,celinac,M,agnostic,4
2013,Број,celinac,Ж,agnostic,4
2013,Број,samac,Укупно,agnostic,18
2013,Број,samac,M,agnostic,8
2013,Број,samac,Ж,agnostic,10
2013,Број,sekovici,Укупно,agnostic,1
2013,Број,sekovici,M,agnostic,1
2013,Број,sekovici,Ж,agnostic,0
2013,Број,sipovo,Укупно,agnostic,0
2013,Број,sipovo,M,agnostic,0
2013,Број,sipovo,Ж,agnostic,0
2013,Број,republika_srpska,Укупно,atheist,5784
2013,Број,republika_srpska,M,atheist,3146
2013,Број,republika_srpska,Ж,atheist,2638
2013,Број,grad_banja_luka,Укупно,atheist,2593
2013,Број,grad_banja_luka,M,atheist,1342
2013,Број,grad_banja_luka,Ж,atheist,1251
2013,Број,berkovici,Укупно,atheist,2
2013,Број,berkovici,M,atheist,1
2013,Број,berkovici,Ж,atheist,1
2013,Број,grad_bijeljina,Укупно,atheist,345
2013,Број,grad_bijeljina,M,atheist,218
2013,Број,grad_bijeljina,Ж,atheist,127
2013,Број,bileca,Укупно,atheist,7
2013,Број,bileca,M,atheist,5
2013,Број,bileca,Ж,atheist,2
2013,Број,bratunac,Укупно,atheist,8
2013,Број,bratunac,M,atheist,5
2013,Број,bratunac,Ж,atheist,3
2013,Број,brod,Укупно,atheist,113
2013,Број,brod,M,atheist,59
2013,Број,brod,Ж,atheist,54
2013,Број,visegrad,Укупно,atheist,21
2013,Број,visegrad,M,atheist,15
2013,Број,visegrad,Ж,atheist,6
2013,Број,vlasenica,Укупно,atheist,16
2013,Број,vlasenica,M,atheist,10
2013,Број,vlasenica,Ж,atheist,6
2013,Број,vukosavlje,Укупно,atheist,9
2013,Број,vukosavlje,M,atheist,7
2013,Број,vukosavlje,Ж,atheist,2
2013,Број,gacko,Укупно,atheist,3
2013,Број,gacko,M,atheist,1
2013,Број,gacko,Ж,atheist,2
2013,Број,grad_gradiska,Укупно,atheist,223
2013,Број,grad_gradiska,M,atheist,126
2013,Број,grad_gradiska,Ж,atheist,97
2013,Број,grad_derventa,Укупно,atheist,100
2013,Број,grad_derventa,M,atheist,51
2013,Број,grad_derventa,Ж,atheist,49
2013,Број,grad_doboj,Укупно,atheist,378
2013,Број,grad_doboj,M,atheist,200
2013,Број,grad_doboj,Ж,atheist,178
2013,Број,donji_zabar,Укупно,atheist,0
2013,Број,donji_zabar,M,atheist,0
2013,Број,donji_zabar,Ж,atheist,0
2013,Број,grad_zvornik,Укупно,atheist,59
2013,Број,grad_zvornik,M,atheist,36
2013,Број,grad_zvornik,Ж,atheist,23
2013,Број,istocna_ilidza,Укупно,atheist,60
2013,Број,istocna_ilidza,M,atheist,27
2013,Број,istocna_ilidza,Ж,atheist,33
2013,Број,istocni_drvar,Укупно,atheist,0
2013,Број,istocni_drvar,M,atheist,0
2013,Број,istocni_drvar,Ж,atheist,0
2013,Број,istocni_mostar,Укупно,atheist,0
2013,Број,istocni_mostar,M,atheist,0
2013,Број,istocni_mostar,Ж,atheist,0
2013,Број,istocni_stari_grad,Укупно,atheist,2
2013,Број,istocni_stari_grad,M,atheist,1
2013,Број,istocni_stari_grad,Ж,atheist,1
2013,Број,istocno_novo_sarajevo,Укупно,atheist,37
2013,Број,istocno_novo_sarajevo,M,atheist,18
2013,Број,istocno_novo_sarajevo,Ж,atheist,19
2013,Број,jezero,Укупно,atheist,3
2013,Број,jezero,M,atheist,2
2013,Број,jezero,Ж,atheist,1
2013,Број,kalinovik,Укупно,atheist,0
2013,Број,kalinovik,M,atheist,0
2013,Број,kalinovik,Ж,atheist,0
2013,Број,knezevo,Укупно,atheist,5
2013,Број,knezevo,M,atheist,3
2013,Број,knezevo,Ж,atheist,2
2013,Број,kozarska_dubica,Укупно,atheist,130
2013,Број,kozarska_dubica,M,atheist,68
2013,Број,kozarska_dubica,Ж,atheist,62
2013,Број,kostajnica,Укупно,atheist,16
2013,Број,kostajnica,M,atheist,12
2013,Број,kostajnica,Ж,atheist,4
2013,Број,kotor_varos,Укупно,atheist,56
2013,Број,kotor_varos,M,atheist,34
2013,Број,kotor_varos,Ж,atheist,22
2013,Број,krupa_na_uni,Укупно,atheist,0
2013,Број,krupa_na_uni,M,atheist,0
2013,Број,krupa_na_uni,Ж,atheist,0
2013,Број,kupres,Укупно,atheist,0
2013,Број,kupres,M,atheist,0
2013,Број,kupres,Ж,atheist,0
2013,Број,laktasi,Укупно,atheist,96
2013,Број,laktasi,M,atheist,57
2013,Број,laktasi,Ж,atheist,39
2013,Број,lopare,Укупно,atheist,21
2013,Број,lopare,M,atheist,12
2013,Број,lopare,Ж,atheist,9
2013,Број,ljubinje,Укупно,atheist,1
2013,Број,ljubinje,M,atheist,1
2013,Број,ljubinje,Ж,atheist,0
2013,Број,milici,Укупно,atheist,3
2013,Број,milici,M,atheist,3
2013,Број,milici,Ж,atheist,0
2013,Број,modrica,Укупно,atheist,98
2013,Број,modrica,M,atheist,53
2013,Број,modrica,Ж,atheist,45
2013,Број,mrkonjic_grad,Укупно,atheist,28
2013,Број,mrkonjic_grad,M,atheist,13
2013,Број,mrkonjic_grad,Ж,atheist,15
2013,Број,nevesinje,Укупно,atheist,8
2013,Број,nevesinje,M,atheist,3
2013,Број,nevesinje,Ж,atheist,5
2013,Број,novi_grad,Укупно,atheist,81
2013,Број,novi_grad,M,atheist,36
2013,Број,novi_grad,Ж,atheist,45
2013,Број,novo_gorazde,Укупно,atheist,0
2013,Број,novo_gorazde,M,atheist,0
2013,Број,novo_gorazde,Ж,atheist,0
2013,Број,osmaci,Укупно,atheist,1
2013,Број,osmaci,M,atheist,1
2013,Број,osmaci,Ж,atheist,0
2013,Број,ostra_luka,Укупно,atheist,4
2013,Број,ostra_luka,M,atheist,3
2013,Број,ostra_luka,Ж,atheist,1
2013,Број,pale,Укупно,atheist,47
2013,Број,pale,M,atheist,23
2013,Број,pale,Ж,atheist,24
2013,Број,pelagicevo,Укупно,atheist,1
2013,Број,pelagicevo,M,atheist,0
2013,Број,pelagicevo,Ж,atheist,1
2013,Број,petrovac,Укупно,atheist,2
2013,Број,petrovac,M,atheist,1
2013,Број,petrovac,Ж,atheist,1
2013,Број,petrovo,Укупно,atheist,10
2013,Број,petrovo,M,atheist,7
2013,Број,petrovo,Ж,atheist,3
2013,Број,grad_prijedor,Укупно,atheist,511
2013,Број,grad_prijedor,M,atheist,277
2013,Број,grad_prijedor,Ж,atheist,234
2013,Број,prnjavor,Укупно,atheist,102
2013,Број,prnjavor,M,atheist,65
2013,Број,prnjavor,Ж,atheist,37
2013,Број,ribnik,Укупно,atheist,3
2013,Број,ribnik,M,atheist,2
2013,Број,ribnik,Ж,atheist,1
2013,Број,rogatica,Укупно,atheist,20
2013,Број,rogatica,M,atheist,13
2013,Број,rogatica,Ж,atheist,7
2013,Број,rudo,Укупно,atheist,11
2013,Број,rudo,M,atheist,9
2013,Број,rudo,Ж,atheist,2
2013,Број,sokolac,Укупно,atheist,14
2013,Број,sokolac,M,atheist,11
2013,Број,sokolac,Ж,atheist,3
2013,Број,srbac,Укупно,atheist,46
2013,Број,srbac,M,atheist,28
2013,Број,srbac,Ж,atheist,18
2013,Број,srebrenica,Укупно,atheist,14
2013,Број,srebrenica,M,atheist,10
2013,Број,srebrenica,Ж,atheist,4
2013,Број,teslic,Укупно,atheist,167
2013,Број,teslic,M,atheist,89
2013,Број,teslic,Ж,atheist,78
2013,Број,grad_trebinje,Укупно,atheist,118
2013,Број,grad_trebinje,M,atheist,62
2013,Број,grad_trebinje,Ж,atheist,56
2013,Број,trnovo,Укупно,atheist,7
2013,Број,trnovo,M,atheist,5
2013,Број,trnovo,Ж,atheist,2
2013,Број,ugljevik,Укупно,atheist,22
2013,Број,ugljevik,M,atheist,16
2013,Број,ugljevik,Ж,atheist,6
2013,Број,foca,Укупно,atheist,34
2013,Број,foca,M,atheist,19
2013,Број,foca,Ж,atheist,15
2013,Број,han_pijesak,Укупно,atheist,1
2013,Број,han_pijesak,M,atheist,1
2013,Број,han_pijesak,Ж,atheist,0
2013,Број,cajnice,Укупно,atheist,4
2013,Број,cajnice,M,atheist,3
2013,Број,cajnice,Ж,atheist,1
2013,Број,celinac,Укупно,atheist,23
2013,Број,celinac,M,atheist,12
2013,Број,celinac,Ж,atheist,11
2013,Број,samac,Укупно,atheist,81
2013,Број,samac,M,atheist,56
2013,Број,samac,Ж,atheist,25
2013,Број,sekovici,Укупно,atheist,6
2013,Број,sekovici,M,atheist,5
2013,Број,sekovici,Ж,atheist,1
2013,Број,sipovo,Укупно,atheist,13
2013,Број,sipovo,M,atheist,9
2013,Број,sipovo,Ж,atheist,4
2013,Број,republika_srpska,Укупно,other_religion,8729
2013,Број,republika_srpska,M,other_religion,4319
2013,Број,republika_srpska,Ж,other_religion,4410
2013,Број,grad_banja_luka,Укупно,other_religion,1230
2013,Број,grad_banja_luka,M,other_religion,620
2013,Број,grad_banja_luka,Ж,other_religion,610
2013,Број,berkovici,Укупно,other_religion,3
2013,Број,berkovici,M,other_religion,2
2013,Број,berkovici,Ж,other_religion,1
2013,Број,grad_bijeljina,Укупно,other_religion,944
2013,Број,grad_bijeljina,M,other_religion,471
2013,Број,grad_bijeljina,Ж,other_religion,473
2013,Број,bileca,Укупно,other_religion,26
2013,Број,bileca,M,other_religion,15
2013,Број,bileca,Ж,other_religion,11
2013,Број,bratunac,Укупно,other_religion,237
2013,Број,bratunac,M,other_religion,121
2013,Број,bratunac,Ж,other_religion,116
2013,Број,brod,Укупно,other_religion,98
2013,Број,brod,M,other_religion,52
2013,Број,brod,Ж,other_religion,46
2013,Број,visegrad,Укупно,other_religion,76
2013,Број,visegrad,M,other_religion,40
2013,Број,visegrad,Ж,other_religion,36
2013,Број,vlasenica,Укупно,other_religion,115
2013,Број,vlasenica,M,other_religion,42
2013,Број,vlasenica,Ж,other_religion,73
2013,Број,vukosavlje,Укупно,other_religion,30
2013,Број,vukosavlje,M,other_religion,15
2013,Број,vukosavlje,Ж,other_religion,15
2013,Број,gacko,Укупно,other_religion,16
2013,Број,gacko,M,other_religion,9
2013,Број,gacko,Ж,other_religion,7
2013,Број,grad_gradiska,Укупно,other_religion,321
2013,Број,grad_gradiska,M,other_religion,168
2013,Број,grad_gradiska,Ж,other_religion,153
2013,Број,grad_derventa,Укупно,other_religion,141
2013,Број,grad_derventa,M,other_religion,67
2013,Број,grad_derventa,Ж,other_religion,74
2013,Број,grad_doboj,Укупно,other_religion,845
2013,Број,grad_doboj,M,other_religion,412
2013,Број,grad_doboj,Ж,other_religion,433
2013,Број,donji_zabar,Укупно,other_religion,21
2013,Број,donji_zabar,M,other_religion,8
2013,Број,donji_zabar,Ж,other_religion,13
2013,Број,grad_zvornik,Укупно,other_religion,186
2013,Број,grad_zvornik,M,other_religion,90
2013,Број,grad_zvornik,Ж,other_religion,96
2013,Број,istocna_ilidza,Укупно,other_religion,28
2013,Број,istocna_ilidza,M,other_religion,18
2013,Број,istocna_ilidza,Ж,other_religion,10
2013,Број,istocni_drvar,Укупно,other_religion,0
2013,Број,istocni_drvar,M,other_religion,0
2013,Број,istocni_drvar,Ж,other_religion,0
2013,Број,istocni_mostar,Укупно,other_religion,1
2013,Број,istocni_mostar,M,other_religion,1
2013,Број,istocni_mostar,Ж,other_religion,0
2013,Број,istocni_stari_grad,Укупно,other_religion,5
2013,Број,istocni_stari_grad,M,other_religion,2
2013,Број,istocni_stari_grad,Ж,other_religion,3
2013,Број,istocno_novo_sarajevo,Укупно,other_religion,16
2013,Број,istocno_novo_sarajevo,M,other_religion,10
2013,Број,istocno_novo_sarajevo,Ж,other_religion,6
2013,Број,jezero,Укупно,other_religion,0
2013,Број,jezero,M,other_religion,0
2013,Број,jezero,Ж,other_religion,0
2013,Број,kalinovik,Укупно,other_religion,3
2013,Број,kalinovik,M,other_religion,2
2013,Број,kalinovik,Ж,other_religion,1
2013,Број,knezevo,Укупно,other_religion,68
2013,Број,knezevo,M,other_religion,29
2013,Број,knezevo,Ж,other_religion,39
2013,Број,kozarska_dubica,Укупно,other_religion,83
2013,Број,kozarska_dubica,M,other_religion,37
2013,Број,kozarska_dubica,Ж,other_religion,46
2013,Број,kostajnica,Укупно,other_religion,13
2013,Број,kostajnica,M,other_religion,9
2013,Број,kostajnica,Ж,other_religion,4
2013,Број,kotor_varos,Укупно,other_religion,236
2013,Број,kotor_varos,M,other_religion,120
2013,Број,kotor_varos,Ж,other_religion,116
2013,Број,krupa_na_uni,Укупно,other_religion,0
2013,Број,krupa_na_uni,M,other_religion,0
2013,Број,krupa_na_uni,Ж,other_religion,0
2013,Број,kupres,Укупно,other_religion,0
2013,Број,kupres,M,other_religion,0
2013,Број,kupres,Ж,other_religion,0
2013,Број,laktasi,Укупно,other_religion,278
2013,Број,laktasi,M,other_religion,147
2013,Број,laktasi,Ж,other_religion,131
2013,Број,lopare,Укупно,other_religion,1
2013,Број,lopare,M,other_religion,0
2013,Број,lopare,Ж,other_religion,1
2013,Број,ljubinje,Укупно,other_religion,1
2013,Број,ljubinje,M,other_religion,1
2013,Број,ljubinje,Ж,other_religion,0
2013,Број,milici,Укупно,other_religion,34
2013,Број,milici,M,other_religion,19
2013,Број,milici,Ж,other_religion,15
2013,Број,modrica,Укупно,other_religion,211
2013,Број,modrica,M,other_religion,98
2013,Број,modrica,Ж,other_religion,113
2013,Број,mrkonjic_grad,Укупно,other_religion,9
2013,Број,mrkonjic_grad,M,other_religion,6
2013,Број,mrkonjic_grad,Ж,other_religion,3
2013,Број,nevesinje,Укупно,other_religion,8
2013,Број,nevesinje,M,other_religion,4
2013,Број,nevesinje,Ж,other_religion,4
2013,Број,novi_grad,Укупно,other_religion,134
2013,Број,novi_grad,M,other_religion,60
2013,Број,novi_grad,Ж,other_religion,74
2013,Број,novo_gorazde,Укупно,other_religion,19
2013,Број,novo_gorazde,M,other_religion,9
2013,Број,novo_gorazde,Ж,other_religion,10
2013,Број,osmaci,Укупно,other_religion,41
2013,Број,osmaci,M,other_religion,26
2013,Број,osmaci,Ж,other_religion,15
2013,Број,ostra_luka,Укупно,other_religion,23
2013,Број,ostra_luka,M,other_religion,15
2013,Број,ostra_luka,Ж,other_religion,8
2013,Број,pale,Укупно,other_religion,53
2013,Број,pale,M,other_religion,24
2013,Број,pale,Ж,other_religion,29
2013,Број,pelagicevo,Укупно,other_religion,5
2013,Број,pelagicevo,M,other_religion,3
2013,Број,pelagicevo,Ж,other_religion,2
2013,Број,petrovac,Укупно,other_religion,0
2013,Број,petrovac,M,other_religion,0
2013,Број,petrovac,Ж,other_religion,0
2013,Број,petrovo,Укупно,other_religion,20
2013,Број,petrovo,M,other_religion,8
2013,Број,petrovo,Ж,other_religion,12
2013,Број,grad_prijedor,Укупно,other_religion,1506
2013,Број,grad_prijedor,M,other_religion,722
2013,Број,grad_prijedor,Ж,other_religion,784
2013,Број,prnjavor,Укупно,other_religion,611
2013,Број,prnjavor,M,other_religion,317
2013,Број,prnjavor,Ж,other_religion,294
2013,Број,ribnik,Укупно,other_religion,12
2013,Број,ribnik,M,other_religion,8
2013,Број,ribnik,Ж,other_religion,4
2013,Број,rogatica,Укупно,other_religion,48
2013,Број,rogatica,M,other_religion,21
2013,Број,rogatica,Ж,other_religion,27
2013,Број,rudo,Укупно,other_religion,0
2013,Број,rudo,M,other_religion,0
2013,Број,rudo,Ж,other_religion,0
2013,Број,sokolac,Укупно,other_religion,30
2013,Број,sokolac,M,other_religion,16
2013,Број,sokolac,Ж,other_religion,14
2013,Број,srbac,Укупно,other_religion,95
2013,Број,srbac,M,other_religion,50
2013,Број,srbac,Ж,other_religion,45
2013,Број,srebrenica,Укупно,other_religion,72
2013,Број,srebrenica,M,other_religion,36
2013,Број,srebrenica,Ж,other_religion,36
2013,Број,teslic,Укупно,other_religion,316
2013,Број,teslic,M,other_religion,148
2013,Број,teslic,Ж,other_religion,168
2013,Број,grad_trebinje,Укупно,other_religion,95
2013,Број,grad_trebinje,M,other_religion,42
2013,Број,grad_trebinje,Ж,other_religion,53
2013,Број,trnovo,Укупно,other_religion,17
2013,Број,trnovo,M,other_religion,9
2013,Број,trnovo,Ж,other_religion,8
2013,Број,ugljevik,Укупно,other_religion,2
2013,Број,ugljevik,M,other_religion,1
2013,Број,ugljevik,Ж,other_religion,1
2013,Број,foca,Укупно,other_religion,104
2013,Број,foca,M,other_religion,53
2013,Број,foca,Ж,other_religion,51
2013,Број,han_pijesak,Укупно,other_religion,5
2013,Број,han_pijesak,M,other_religion,3
2013,Број,han_pijesak,Ж,other_religion,2
2013,Број,cajnice,Укупно,other_religion,16
2013,Број,cajnice,M,other_religion,7
2013,Број,cajnice,Ж,other_religion,9
2013,Број,celinac,Укупно,other_religion,44
2013,Број,celinac,M,other_religion,20
2013,Број,celinac,Ж,other_religion,24
2013,Број,samac,Укупно,other_religion,144
2013,Број,samac,M,other_religion,68
2013,Број,samac,Ж,other_religion,76
2013,Број,sekovici,Укупно,other_religion,1
2013,Број,sekovici,M,other_religion,1
2013,Број,sekovici,Ж,other_religion,0
2013,Број,sipovo,Укупно,other_religion,32
2013,Број,sipovo,M,other_religion,17
2013,Број,sipovo,Ж,other_religion,15
2013,Број,republika_srpska,Укупно,does_not_declare,8028
2013,Број,republika_srpska,M,does_not_declare,3554
2013,Број,republika_srpska,Ж,does_not_declare,4474
2013,Број,grad_banja_luka,Укупно,does_not_declare,2684
2013,Број,grad_banja_luka,M,does_not_declare,1186
2013,Број,grad_banja_luka,Ж,does_not_declare,1498
2013,Број,berkovici,Укупно,does_not_declare,1
2013,Број,berkovici,M,does_not_declare,1
2013,Број,berkovici,Ж,does_not_declare,0
2013,Број,grad_bijeljina,Укупно,does_not_declare,716
2013,Број,grad_bijeljina,M,does_not_declare,307
2013,Број,grad_bijeljina,Ж,does_not_declare,409
2013,Број,bileca,Укупно,does_not_declare,30
2013,Број,bileca,M,does_not_declare,14
2013,Број,bileca,Ж,does_not_declare,16
2013,Број,bratunac,Укупно,does_not_declare,21
2013,Број,bratunac,M,does_not_declare,9
2013,Број,bratunac,Ж,does_not_declare,12
2013,Број,brod,Укупно,does_not_declare,160
2013,Број,brod,M,does_not_declare,60
2013,Број,brod,Ж,does_not_declare,100
2013,Број,visegrad,Укупно,does_not_declare,18
2013,Број,visegrad,M,does_not_declare,9
2013,Број,visegrad,Ж,does_not_declare,9
2013,Број,vlasenica,Укупно,does_not_declare,16
2013,Број,vlasenica,M,does_not_declare,8
2013,Број,vlasenica,Ж,does_not_declare,8
2013,Број,vukosavlje,Укупно,does_not_declare,33
2013,Број,vukosavlje,M,does_not_declare,16
2013,Број,vukosavlje,Ж,does_not_declare,17
2013,Број,gacko,Укупно,does_not_declare,6
2013,Број,gacko,M,does_not_declare,1
2013,Број,gacko,Ж,does_not_declare,5
2013,Број,grad_gradiska,Укупно,does_not_declare,375
2013,Број,grad_gradiska,M,does_not_declare,155
2013,Број,grad_gradiska,Ж,does_not_declare,220
2013,Број,grad_derventa,Укупно,does_not_declare,256
2013,Број,grad_derventa,M,does_not_declare,125
2013,Број,grad_derventa,Ж,does_not_declare,131
2013,Број,grad_doboj,Укупно,does_not_declare,526
2013,Број,grad_doboj,M,does_not_declare,271
2013,Број,grad_doboj,Ж,does_not_declare,255
2013,Број,donji_zabar,Укупно,does_not_declare,6
2013,Број,donji_zabar,M,does_not_declare,2
2013,Број,donji_zabar,Ж,does_not_declare,4
2013,Број,grad_zvornik,Укупно,does_not_declare,67
2013,Број,grad_zvornik,M,does_not_declare,31
2013,Број,grad_zvornik,Ж,does_not_declare,36
2013,Број,istocna_ilidza,Укупно,does_not_declare,92
2013,Број,istocna_ilidza,M,does_not_declare,41
2013,Број,istocna_ilidza,Ж,does_not_declare,51
2013,Број,istocni_drvar,Укупно,does_not_declare,0
2013,Број,istocni_drvar,M,does_not_declare,0
2013,Број,istocni_drvar,Ж,does_not_declare,0
2013,Број,istocni_mostar,Укупно,does_not_declare,0
2013,Број,istocni_mostar,M,does_not_declare,0
2013,Број,istocni_mostar,Ж,does_not_declare,0
2013,Број,istocni_stari_grad,Укупно,does_not_declare,6
2013,Број,istocni_stari_grad,M,does_not_declare,5
2013,Број,istocni_stari_grad,Ж,does_not_declare,1
2013,Број,istocno_novo_sarajevo,Укупно,does_not_declare,56
2013,Број,istocno_novo_sarajevo,M,does_not_declare,24
2013,Број,istocno_novo_sarajevo,Ж,does_not_declare,32
2013,Број,jezero,Укупно,does_not_declare,0
2013,Број,jezero,M,does_not_declare,0
2013,Број,jezero,Ж,does_not_declare,0
2013,Број,kalinovik,Укупно,does_not_declare,5
2013,Број,kalinovik,M,does_not_declare,4
2013,Број,kalinovik,Ж,does_not_declare,1
2013,Број,knezevo,Укупно,does_not_declare,4
2013,Број,knezevo,M,does_not_declare,3
2013,Број,knezevo,Ж,does_not_declare,1
2013,Број,kozarska_dubica,Укупно,does_not_declare,178
2013,Број,kozarska_dubica,M,does_not_declare,77
2013,Број,kozarska_dubica,Ж,does_not_declare,101
2013,Број,kostajnica,Укупно,does_not_declare,67
2013,Број,kostajnica,M,does_not_declare,26
2013,Број,kostajnica,Ж,does_not_declare,41
2013,Број,kotor_varos,Укупно,does_not_declare,107
2013,Број,kotor_varos,M,does_not_declare,45
2013,Број,kotor_varos,Ж,does_not_declare,62
2013,Број,krupa_na_uni,Укупно,does_not_declare,0
2013,Број,krupa_na_uni,M,does_not_declare,0
2013,Број,krupa_na_uni,Ж,does_not_declare,0
2013,Број,kupres,Укупно,does_not_declare,1
2013,Број,kupres,M,does_not_declare,1
2013,Број,kupres,Ж,does_not_declare,0
2013,Број,laktasi,Укупно,does_not_declare,239
2013,Број,laktasi,M,does_not_declare,112
2013,Број,laktasi,Ж,does_not_declare,127
2013,Број,lopare,Укупно,does_not_declare,22
2013,Број,lopare,M,does_not_declare,6
2013,Број,lopare,Ж,does_not_declare,16
2013,Број,ljubinje,Укупно,does_not_declare,3
2013,Број,ljubinje,M,does_not_declare,2
2013,Број,ljubinje,Ж,does_not_declare,1
2013,Број,milici,Укупно,does_not_declare,10
2013,Број,milici,M,does_not_declare,3
2013,Број,milici,Ж,does_not_declare,7
2013,Број,modrica,Укупно,does_not_declare,151
2013,Број,modrica,M,does_not_declare,64
2013,Број,modrica,Ж,does_not_declare,87
2013,Број,mrkonjic_grad,Укупно,does_not_declare,37
2013,Број,mrkonjic_grad,M,does_not_declare,16
2013,Број,mrkonjic_grad,Ж,does_not_declare,21
2013,Број,nevesinje,Укупно,does_not_declare,14
2013,Број,nevesinje,M,does_not_declare,6
2013,Број,nevesinje,Ж,does_not_declare,8
2013,Број,novi_grad,Укупно,does_not_declare,134
2013,Број,novi_grad,M,does_not_declare,58
2013,Број,novi_grad,Ж,does_not_declare,76
2013,Број,novo_gorazde,Укупно,does_not_declare,5
2013,Број,novo_gorazde,M,does_not_declare,3
2013,Број,novo_gorazde,Ж,does_not_declare,2
2013,Број,osmaci,Укупно,does_not_declare,1
2013,Број,osmaci,M,does_not_declare,1
2013,Број,osmaci,Ж,does_not_declare,0
2013,Број,ostra_luka,Укупно,does_not_declare,13
2013,Број,ostra_luka,M,does_not_declare,5
2013,Број,ostra_luka,Ж,does_not_declare,8
2013,Број,pale,Укупно,does_not_declare,56
2013,Број,pale,M,does_not_declare,22
2013,Број,pale,Ж,does_not_declare,34
2013,Број,pelagicevo,Укупно,does_not_declare,2
2013,Број,pelagicevo,M,does_not_declare,0
2013,Број,pelagicevo,Ж,does_not_declare,2
2013,Број,petrovac,Укупно,does_not_declare,0
2013,Број,petrovac,M,does_not_declare,0
2013,Број,petrovac,Ж,does_not_declare,0
2013,Број,petrovo,Укупно,does_not_declare,19
2013,Број,petrovo,M,does_not_declare,9
2013,Број,petrovo,Ж,does_not_declare,10
2013,Број,grad_prijedor,Укупно,does_not_declare,784
2013,Број,grad_prijedor,M,does_not_declare,325
2013,Број,grad_prijedor,Ж,does_not_declare,459
2013,Број,prnjavor,Укупно,does_not_declare,223
2013,Број,prnjavor,M,does_not_declare,98
2013,Број,prnjavor,Ж,does_not_declare,125
2013,Број,ribnik,Укупно,does_not_declare,3
2013,Број,ribnik,M,does_not_declare,1
2013,Број,ribnik,Ж,does_not_declare,2
2013,Број,rogatica,Укупно,does_not_declare,7
2013,Број,rogatica,M,does_not_declare,4
2013,Број,rogatica,Ж,does_not_declare,3
2013,Број,rudo,Укупно,does_not_declare,3
2013,Број,rudo,M,does_not_declare,2
2013,Број,rudo,Ж,does_not_declare,1
2013,Број,sokolac,Укупно,does_not_declare,20
2013,Број,sokolac,M,does_not_declare,9
2013,Број,sokolac,Ж,does_not_declare,11
2013,Број,srbac,Укупно,does_not_declare,95
2013,Број,srbac,M,does_not_declare,46
2013,Број,srbac,Ж,does_not_declare,49
2013,Број,srebrenica,Укупно,does_not_declare,22
2013,Број,srebrenica,M,does_not_declare,10
2013,Број,srebrenica,Ж,does_not_declare,12
2013,Број,teslic,Укупно,does_not_declare,309
2013,Број,teslic,M,does_not_declare,136
2013,Број,teslic,Ж,does_not_declare,173
2013,Број,grad_trebinje,Укупно,does_not_declare,170
2013,Број,grad_trebinje,M,does_not_declare,75
2013,Број,grad_trebinje,Ж,does_not_declare,95
2013,Број,trnovo,Укупно,does_not_declare,4
2013,Број,trnovo,M,does_not_declare,3
2013,Број,trnovo,Ж,does_not_declare,1
2013,Број,ugljevik,Укупно,does_not_declare,23
2013,Број,ugljevik,M,does_not_declare,11
2013,Број,ugljevik,Ж,does_not_declare,12
2013,Број,foca,Укупно,does_not_declare,27
2013,Број,foca,M,does_not_declare,13
2013,Број,foca,Ж,does_not_declare,14
2013,Број,han_pijesak,Укупно,does_not_declare,0
2013,Број,han_pijesak,M,does_not_declare,0
2013,Број,han_pijesak,Ж,does_not_declare,0
2013,Број,cajnice,Укупно,does_not_declare,1
2013,Број,cajnice,M,does_not_declare,1
2013,Број,cajnice,Ж,does_not_declare,0
2013,Број,celinac,Укупно,does_not_declare,30
2013,Број,celinac,M,does_not_declare,15
2013,Број,celinac,Ж,does_not_declare,15
2013,Број,samac,Укупно,does_not_declare,147
2013,Број,samac,M,does_not_declare,64
2013,Број,samac,Ж,does_not_declare,83
2013,Број,sekovici,Укупно,does_not_declare,4
2013,Број,sekovici,M,does_not_declare,3
2013,Број,sekovici,Ж,does_not_declare,1
2013,Број,sipovo,Укупно,does_not_declare,19
2013,Број,sipovo,M,does_not_declare,10
2013,Број,sipovo,Ж,does_not_declare,9
2013,Број,republika_srpska,Укупно,unknown_religion,2065
2013,Број,republika_srpska,M,unknown_religion,963
2013,Број,republika_srpska,Ж,unknown_religion,1102
2013,Број,grad_banja_luka,Укупно,unknown_religion,357
2013,Број,grad_banja_luka,M,unknown_religion,173
2013,Број,grad_banja_luka,Ж,unknown_religion,184
2013,Број,berkovici,Укупно,unknown_religion,1
2013,Број,berkovici,M,unknown_religion,0
2013,Број,berkovici,Ж,unknown_religion,1
2013,Број,grad_bijeljina,Укупно,unknown_religion,102
2013,Број,grad_bijeljina,M,unknown_religion,44
2013,Број,grad_bijeljina,Ж,unknown_religion,58
2013,Број,bileca,Укупно,unknown_religion,12
2013,Број,bileca,M,unknown_religion,4
2013,Број,bileca,Ж,unknown_religion,8
2013,Број,bratunac,Укупно,unknown_religion,40
2013,Број,bratunac,M,unknown_religion,16
2013,Број,bratunac,Ж,unknown_religion,24
2013,Број,brod,Укупно,unknown_religion,32
2013,Број,brod,M,unknown_religion,12
2013,Број,brod,Ж,unknown_religion,20
2013,Број,visegrad,Укупно,unknown_religion,179
2013,Број,visegrad,M,unknown_religion,4
2013,Број,visegrad,Ж,unknown_religion,175
2013,Број,vlasenica,Укупно,unknown_religion,21
2013,Број,vlasenica,M,unknown_religion,10
2013,Број,vlasenica,Ж,unknown_religion,11
2013,Број,vukosavlje,Укупно,unknown_religion,14
2013,Број,vukosavlje,M,unknown_religion,3
2013,Број,vukosavlje,Ж,unknown_religion,11
2013,Број,gacko,Укупно,unknown_religion,7
2013,Број,gacko,M,unknown_religion,2
2013,Број,gacko,Ж,unknown_religion,5
2013,Број,grad_gradiska,Укупно,unknown_religion,46
2013,Број,grad_gradiska,M,unknown_religion,21
2013,Број,grad_gradiska,Ж,unknown_religion,25
2013,Број,grad_derventa,Укупно,unknown_religion,47
2013,Број,grad_derventa,M,unknown_religion,21
2013,Број,grad_derventa,Ж,unknown_religion,26
2013,Број,grad_doboj,Укупно,unknown_religion,160
2013,Број,grad_doboj,M,unknown_religion,64
2013,Број,grad_doboj,Ж,unknown_religion,96
2013,Број,donji_zabar,Укупно,unknown_religion,2
2013,Број,donji_zabar,M,unknown_religion,1
2013,Број,donji_zabar,Ж,unknown_religion,1
2013,Број,grad_zvornik,Укупно,unknown_religion,98
2013,Број,grad_zvornik,M,unknown_religion,39
2013,Број,grad_zvornik,Ж,unknown_religion,59
2013,Број,istocna_ilidza,Укупно,unknown_religion,10
2013,Број,istocna_ilidza,M,unknown_religion,5
2013,Број,istocna_ilidza,Ж,unknown_religion,5
2013,Број,istocni_drvar,Укупно,unknown_religion,0
2013,Број,istocni_drvar,M,unknown_religion,0
2013,Број,istocni_drvar,Ж,unknown_religion,0
2013,Број,istocni_mostar,Укупно,unknown_religion,2
2013,Број,istocni_mostar,M,unknown_religion,1
2013,Број,istocni_mostar,Ж,unknown_religion,1
2013,Број,istocni_stari_grad,Укупно,unknown_religion,2
2013,Број,istocni_stari_grad,M,unknown_religion,1
2013,Број,istocni_stari_grad,Ж,unknown_religion,1
2013,Број,istocno_novo_sarajevo,Укупно,unknown_religion,3
2013,Број,istocno_novo_sarajevo,M,unknown_religion,0
2013,Број,istocno_novo_sarajevo,Ж,unknown_religion,3
2013,Број,jezero,Укупно,unknown_religion,2
2013,Број,jezero,M,unknown_religion,1
2013,Број,jezero,Ж,unknown_religion,1
2013,Број,kalinovik,Укупно,unknown_religion,0
2013,Број,kalinovik,M,unknown_religion,0
2013,Број,kalinovik,Ж,unknown_religion,0
2013,Број,knezevo,Укупно,unknown_religion,5
2013,Број,knezevo,M,unknown_religion,3
2013,Број,knezevo,Ж,unknown_religion,2
2013,Број,kozarska_dubica,Укупно,unknown_religion,18
2013,Број,kozarska_dubica,M,unknown_religion,11
2013,Број,kozarska_dubica,Ж,unknown_religion,7
2013,Број,kostajnica,Укупно,unknown_religion,1
2013,Број,kostajnica,M,unknown_religion,1
2013,Број,kostajnica,Ж,unknown_religion,0
2013,Број,kotor_varos,Укупно,unknown_religion,21
2013,Број,kotor_varos,M,unknown_religion,15
2013,Број,kotor_varos,Ж,unknown_religion,6
2013,Број,krupa_na_uni,Укупно,unknown_religion,1
2013,Број,krupa_na_uni,M,unknown_religion,0
2013,Број,krupa_na_uni,Ж,unknown_religion,1
2013,Број,kupres,Укупно,unknown_religion,0
2013,Број,kupres,M,unknown_religion,0
2013,Број,kupres,Ж,unknown_religion,0
2013,Број,laktasi,Укупно,unknown_religion,48
2013,Број,laktasi,M,unknown_religion,21
2013,Број,laktasi,Ж,unknown_religion,27
2013,Број,lopare,Укупно,unknown_religion,13
2013,Број,lopare,M,unknown_religion,6
2013,Број,lopare,Ж,unknown_religion,7
2013,Број,ljubinje,Укупно,unknown_religion,2
2013,Број,ljubinje,M,unknown_religion,1
2013,Број,ljubinje,Ж,unknown_religion,1
2013,Број,milici,Укупно,unknown_religion,8
2013,Број,milici,M,unknown_religion,3
2013,Број,milici,Ж,unknown_religion,5
2013,Број,modrica,Укупно,unknown_religion,125
2013,Број,modrica,M,unknown_religion,66
2013,Број,modrica,Ж,unknown_religion,59
2013,Број,mrkonjic_grad,Укупно,unknown_religion,13
2013,Број,mrkonjic_grad,M,unknown_religion,7
2013,Број,mrkonjic_grad,Ж,unknown_religion,6
2013,Број,nevesinje,Укупно,unknown_religion,7
2013,Број,nevesinje,M,unknown_religion,2
2013,Број,nevesinje,Ж,unknown_religion,5
2013,Број,novi_grad,Укупно,unknown_religion,26
2013,Број,novi_grad,M,unknown_religion,14
2013,Број,novi_grad,Ж,unknown_religion,12
2013,Број,novo_gorazde,Укупно,unknown_religion,7
2013,Број,novo_gorazde,M,unknown_religion,3
2013,Број,novo_gorazde,Ж,unknown_religion,4
2013,Број,osmaci,Укупно,unknown_religion,4
2013,Број,osmaci,M,unknown_religion,2
2013,Број,osmaci,Ж,unknown_religion,2
2013,Број,ostra_luka,Укупно,unknown_religion,3
2013,Број,ostra_luka,M,unknown_religion,2
2013,Број,ostra_luka,Ж,unknown_religion,1
2013,Број,pale,Укупно,unknown_religion,11
2013,Број,pale,M,unknown_religion,7
2013,Број,pale,Ж,unknown_religion,4
2013,Број,pelagicevo,Укупно,unknown_religion,5
2013,Број,pelagicevo,M,unknown_religion,1
2013,Број,pelagicevo,Ж,unknown_religion,4
2013,Број,petrovac,Укупно,unknown_religion,0
2013,Број,petrovac,M,unknown_religion,0
2013,Број,petrovac,Ж,unknown_religion,0
2013,Број,petrovo,Укупно,unknown_religion,4
2013,Број,petrovo,M,unknown_religion,2
2013,Број,petrovo,Ж,unknown_religion,2
2013,Број,grad_prijedor,Укупно,unknown_religion,374
2013,Број,grad_prijedor,M,unknown_religion,257
2013,Број,grad_prijedor,Ж,unknown_religion,117
2013,Број,prnjavor,Укупно,unknown_religion,31
2013,Број,prnjavor,M,unknown_religion,13
2013,Број,prnjavor,Ж,unknown_religion,18
2013,Број,ribnik,Укупно,unknown_religion,2
2013,Број,ribnik,M,unknown_religion,2
2013,Број,ribnik,Ж,unknown_religion,0
2013,Број,rogatica,Укупно,unknown_religion,4
2013,Број,rogatica,M,unknown_religion,3
2013,Број,rogatica,Ж,unknown_religion,1
2013,Број,rudo,Укупно,unknown_religion,4
2013,Број,rudo,M,unknown_religion,0
2013,Број,rudo,Ж,unknown_religion,4
2013,Број,sokolac,Укупно,unknown_religion,14
2013,Број,sokolac,M,unknown_religion,3
2013,Број,sokolac,Ж,unknown_religion,11
2013,Број,srbac,Укупно,unknown_religion,28
2013,Број,srbac,M,unknown_religion,13
2013,Број,srbac,Ж,unknown_religion,15
2013,Број,srebrenica,Укупно,unknown_religion,20
2013,Број,srebrenica,M,unknown_religion,14
2013,Број,srebrenica,Ж,unknown_religion,6
2013,Број,teslic,Укупно,unknown_religion,43
2013,Број,teslic,M,unknown_religion,21
2013,Број,teslic,Ж,unknown_religion,22
2013,Број,grad_trebinje,Укупно,unknown_religion,14
2013,Број,grad_trebinje,M,unknown_religion,8
2013,Број,grad_trebinje,Ж,unknown_religion,6
2013,Број,trnovo,Укупно,unknown_religion,0
2013,Број,trnovo,M,unknown_religion,0
2013,Број,trnovo,Ж,unknown_religion,0
2013,Број,ugljevik,Укупно,unknown_religion,13
2013,Број,ugljevik,M,unknown_religion,11
2013,Број,ugljevik,Ж,unknown_religion,2
2013,Број,foca,Укупно,unknown_religion,12
2013,Број,foca,M,unknown_religion,6
2013,Број,foca,Ж,unknown_religion,6
2013,Број,han_pijesak,Укупно,unknown_religion,0
2013,Број,han_pijesak,M,unknown_religion,0
2013,Број,han_pijesak,Ж,unknown_religion,0
2013,Број,cajnice,Укупно,unknown_religion,4
2013,Број,cajnice,M,unknown_religion,1
2013,Број,cajnice,Ж,unknown_religion,3
2013,Број,celinac,Укупно,unknown_religion,10
2013,Број,celinac,M,unknown_religion,4
2013,Број,celinac,Ж,unknown_religion,6
2013,Број,samac,Укупно,unknown_religion,18
2013,Број,samac,M,unknown_religion,10
2013,Број,samac,Ж,unknown_religion,8
2013,Број,sekovici,Укупно,unknown_religion,9
2013,Број,sekovici,M,unknown_religion,4
2013,Број,sekovici,Ж,unknown_religion,5
2013,Број,sipovo,Укупно,unknown_religion,6
2013,Број,sipovo,M,unknown_religion,4
2013,Број,sipovo,Ж,unknown_religion,2
