Year,UNIT_MEASURE,Административна област,Пол,Етничка/национална припадност,Value
2013,Број,Република Српска,Оба пола,Укупно,1170342
2013,Број,Република Српска,M,Укупно,571812
2013,Број,Република Српска,Ж,Укупно,598530
2013,Број,Град Бања Лука,Оба пола,Укупно,180053
2013,Број,Град Бања Лука,M,Укупно,86510
2013,Број,Град Бања Лука,Ж,Укупно,93543
2013,Број,Берковићи,Оба пола,Укупно,2041
2013,Број,Берковићи,M,Укупно,1032
2013,Број,Берковићи,Ж,Укупно,1009
2013,Број,Град Бијељина,Оба пола,Укупно,103874
2013,Број,Град Бијељина,M,Укупно,50760
2013,Број,Град Бијељина,Ж,Укупно,53114
2013,Број,Билећа,Оба пола,Укупно,10607
2013,Број,Билећа,M,Укупно,5346
2013,Број,Билећа,Ж,Укупно,5261
2013,Број,Братунац,Оба пола,Укупно,18651
2013,Број,Братунац,M,Укупно,9210
2013,Број,Братунац,Ж,Укупно,9441
2013,Број,Брод,Оба пола,Укупно,15720
2013,Број,Брод,M,Укупно,7670
2013,Број,Брод,Ж,Укупно,8050
2013,Број,Вишеград,Оба пола,Укупно,10118
2013,Број,Вишеград,M,Укупно,4834
2013,Број,Вишеград,Ж,Укупно,5284
2013,Број,Власеница,Оба пола,Укупно,10657
2013,Број,Власеница,M,Укупно,5193
2013,Број,Власеница,Ж,Укупно,5464
2013,Број,Вукосавље,Оба пола,Укупно,4363
2013,Број,Вукосавље,M,Укупно,2185
2013,Број,Вукосавље,Ж,Укупно,2178
2013,Број,Гацко,Оба пола,Укупно,8710
2013,Број,Гацко,M,Укупно,4423
2013,Број,Гацко,Ж,Укупно,4287
2013,Број,Град Градишка,Оба пола,Укупно,49196
2013,Број,Град Градишка,M,Укупно,23944
2013,Број,Град Градишка,Ж,Укупно,25252
2013,Број,Град Дервента,Оба пола,Укупно,25922
2013,Број,Град Дервента,M,Укупно,12629
2013,Број,Град Дервента,Ж,Укупно,13293
2013,Број,Град Добој,Оба пола,Укупно,68514
2013,Број,Град Добој,M,Укупно,33222
2013,Број,Град Добој,Ж,Укупно,35292
2013,Број,Доњи Жабар,Оба пола,Укупно,3669
2013,Број,Доњи Жабар,M,Укупно,1853
2013,Број,Доњи Жабар,Ж,Укупно,1816
2013,Број,Град Зворник,Оба пола,Укупно,54407
2013,Број,Град Зворник,M,Укупно,26803
2013,Број,Град Зворник,Ж,Укупно,27604
2013,Број,Источна Илиџа,Оба пола,Укупно,14437
2013,Број,Источна Илиџа,M,Укупно,6905
2013,Број,Источна Илиџа,Ж,Укупно,7532
2013,Број,Источни Дрвар,Оба пола,Укупно,66
2013,Број,Источни Дрвар,M,Укупно,44
2013,Број,Источни Дрвар,Ж,Укупно,22
2013,Број,Источни Мостар,Оба пола,Укупно,244
2013,Број,Источни Мостар,M,Укупно,138
2013,Број,Источни Мостар,Ж,Укупно,106
2013,Број,Источни Стари Град,Оба пола,Укупно,1116
2013,Број,Источни Стари Град,M,Укупно,552
2013,Број,Источни Стари Град,Ж,Укупно,564
2013,Број,Источно Ново Сарајево,Оба пола,Укупно,10401
2013,Број,Источно Ново Сарајево,M,Укупно,4936
2013,Број,Источно Ново Сарајево,Ж,Укупно,5465
2013,Број,Језеро,Оба пола,Укупно,1039
2013,Број,Језеро,M,Укупно,534
2013,Број,Језеро,Ж,Укупно,505
2013,Број,Калиновик,Оба пола,Укупно,1962
2013,Број,Калиновик,M,Укупно,950
2013,Број,Калиновик,Ж,Укупно,1012
2013,Број,Кнежево,Оба пола,Укупно,9368
2013,Број,Кнежево,M,Укупно,4632
2013,Број,Кнежево,Ж,Укупно,4736
2013,Број,Козарска Дубица,Оба пола,Укупно,20681
2013,Број,Козарска Дубица,M,Укупно,10094
2013,Број,Козарска Дубица,Ж,Укупно,10587
2013,Број,Костајница,Оба пола,Укупно,5645
2013,Број,Костајница,M,Укупно,2780
2013,Број,Костајница,Ж,Укупно,2865
2013,Број,Котор Варош,Оба пола,Укупно,18361
2013,Број,Котор Варош,M,Укупно,9007
2013,Број,Котор Варош,Ж,Укупно,9354
2013,Број,Крупа на Уни,Оба пола,Укупно,1560
2013,Број,Крупа на Уни,M,Укупно,841
2013,Број,Крупа на Уни,Ж,Укупно,719
2013,Број,Купрес,Оба пола,Укупно,293
2013,Број,Купрес,M,Укупно,157
2013,Број,Купрес,Ж,Укупно,136
2013,Број,Лакташи,Оба пола,Укупно,34210
2013,Број,Лакташи,M,Укупно,16905
2013,Број,Лакташи,Ж,Укупно,17305
2013,Број,Лопаре,Оба пола,Укупно,14689
2013,Број,Лопаре,M,Укупно,7377
2013,Број,Лопаре,Ж,Укупно,7312
2013,Број,Љубиње,Оба пола,Укупно,3319
2013,Број,Љубиње,M,Укупно,1633
2013,Број,Љубиње,Ж,Укупно,1686
2013,Број,Милићи,Оба пола,Укупно,10445
2013,Број,Милићи,M,Укупно,5252
2013,Број,Милићи,Ж,Укупно,5193
2013,Број,Модрича,Оба пола,Укупно,24490
2013,Број,Модрича,M,Укупно,11969
2013,Број,Модрича,Ж,Укупно,12521
2013,Број,Мркоњић Град,Оба пола,Укупно,15926
2013,Број,Мркоњић Град,M,Укупно,7660
2013,Број,Мркоњић Град,Ж,Укупно,8266
2013,Број,Невесиње,Оба пола,Укупно,12542
2013,Број,Невесиње,M,Укупно,6236
2013,Број,Невесиње,Ж,Укупно,6306
2013,Број,Нови Град,Оба пола,Укупно,25240
2013,Број,Нови Град,M,Укупно,12580
2013,Број,Нови Град,Ж,Укупно,12660
2013,Број,Ново Горажде,Оба пола,Укупно,2915
2013,Број,Ново Горажде,M,Укупно,1500
2013,Број,Ново Горажде,Ж,Укупно,1415
2013,Број,Осмаци,Оба пола,Укупно,5546
2013,Број,Осмаци,M,Укупно,2779
2013,Број,Осмаци,Ж,Укупно,2767
2013,Број,Оштра Лука,Оба пола,Укупно,2705
2013,Број,Оштра Лука,M,Укупно,1386
2013,Број,Оштра Лука,Ж,Укупно,1319
2013,Број,Пале,Оба пола,Укупно,20359
2013,Број,Пале,M,Укупно,9744
2013,Број,Пале,Ж,Укупно,10615
2013,Број,Пелагићево,Оба пола,Укупно,4358
2013,Број,Пелагићево,M,Укупно,2151
2013,Број,Пелагићево,Ж,Укупно,2207
2013,Број,Петровац,Оба пола,Укупно,354
2013,Број,Петровац,M,Укупно,169
2013,Број,Петровац,Ж,Укупно,185
2013,Број,Петрово,Оба пола,Укупно,6317
2013,Број,Петрово,M,Укупно,3043
2013,Број,Петрово,Ж,Укупно,3274
2013,Број,Град Приједор,Оба пола,Укупно,80916
2013,Број,Град Приједор,M,Укупно,39418
2013,Број,Град Приједор,Ж,Укупно,41498
2013,Број,Прњавор,Оба пола,Укупно,34357
2013,Број,Прњавор,M,Укупно,16675
2013,Број,Прњавор,Ж,Укупно,17682
2013,Број,Рибник,Оба пола,Укупно,5851
2013,Број,Рибник,M,Укупно,2900
2013,Број,Рибник,Ж,Укупно,2951
2013,Број,Рогатица,Оба пола,Укупно,10302
2013,Број,Рогатица,M,Укупно,5053
2013,Број,Рогатица,Ж,Укупно,5249
2013,Број,Рудо,Оба пола,Укупно,7578
2013,Број,Рудо,M,Укупно,3840
2013,Број,Рудо,Ж,Укупно,3738
2013,Број,Соколац,Оба пола,Укупно,11620
2013,Број,Соколац,M,Укупно,5723
2013,Број,Соколац,Ж,Укупно,5897
2013,Број,Србац,Оба пола,Укупно,16933
2013,Број,Србац,M,Укупно,8295
2013,Број,Србац,Ж,Укупно,8638
2013,Број,Сребреница,Оба пола,Укупно,11698
2013,Број,Сребреница,M,Укупно,5714
2013,Број,Сребреница,Ж,Укупно,5984
2013,Број,Теслић,Оба пола,Укупно,37236
2013,Број,Теслић,M,Укупно,17894
2013,Број,Теслић,Ж,Укупно,19342
2013,Број,Град Требиње,Оба пола,Укупно,28239
2013,Број,Град Требиње,M,Укупно,13760
2013,Број,Град Требиње,Ж,Укупно,14479
2013,Број,Трново,Оба пола,Укупно,1983
2013,Број,Трново,M,Укупно,953
2013,Број,Трново,Ж,Укупно,1030
2013,Број,Угљевик,Оба пола,Укупно,15118
2013,Број,Угљевик,M,Укупно,7626
2013,Број,Угљевик,Ж,Укупно,7492
2013,Број,Фоча,Оба пола,Укупно,17580
2013,Број,Фоча,M,Укупно,8880
2013,Број,Фоча,Ж,Укупно,8700
2013,Број,Хан Пијесак,Оба пола,Укупно,3445
2013,Број,Хан Пијесак,M,Укупно,1632
2013,Број,Хан Пијесак,Ж,Укупно,1813
2013,Број,Чајниче,Оба пола,Укупно,4679
2013,Број,Чајниче,M,Укупно,2347
2013,Број,Чајниче,Ж,Укупно,2332
2013,Број,Челинац,Оба пола,Укупно,15117
2013,Број,Челинац,M,Укупно,7477
2013,Број,Челинац,Ж,Укупно,7640
2013,Број,Шамац,Оба пола,Укупно,16308
2013,Број,Шамац,M,Укупно,7908
2013,Број,Шамац,Ж,Укупно,8400
2013,Број,Шековићи,Оба пола,Укупно,6323
2013,Број,Шековићи,M,Укупно,3103
2013,Број,Шековићи,Ж,Укупно,3220
2013,Број,Шипово,Оба пола,Укупно,9969
2013,Број,Шипово,M,Укупно,5046
2013,Број,Шипово,Ж,Укупно,4923
2013,Број,Република Српска,Оба пола,Бошњак,148477
2013,Број,Република Српска,M,Бошњак,72148
2013,Број,Република Српска,Ж,Бошњак,76329
2013,Број,Град Бања Лука,Оба пола,Бошњак,6816
2013,Број,Град Бања Лука,M,Бошњак,3108
2013,Број,Град Бања Лука,Ж,Бошњак,3708
2013,Број,Берковићи,Оба пола,Бошњак,155
2013,Број,Берковићи,M,Бошњак,87
2013,Број,Берковићи,Ж,Бошњак,68
2013,Број,Град Бијељина,Оба пола,Бошњак,11680
2013,Број,Град Бијељина,M,Бошњак,5733
2013,Број,Град Бијељина,Ж,Бошњак,5947
2013,Број,Билећа,Оба пола,Бошњак,26
2013,Број,Билећа,M,Бошњак,16
2013,Број,Билећа,Ж,Бошњак,10
2013,Број,Братунац,Оба пола,Бошњак,6588
2013,Број,Братунац,M,Бошњак,3218
2013,Број,Братунац,Ж,Бошњак,3370
2013,Број,Брод,Оба пола,Бошњак,1312
2013,Број,Брод,M,Бошњак,640
2013,Број,Брод,Ж,Бошњак,672
2013,Број,Вишеград,Оба пола,Бошњак,895
2013,Број,Вишеград,M,Бошњак,454
2013,Број,Вишеград,Ж,Бошњак,441
2013,Број,Власеница,Оба пола,Бошњак,3360
2013,Број,Власеница,M,Бошњак,1646
2013,Број,Власеница,Ж,Бошњак,1714
2013,Број,Вукосавље,Оба пола,Бошњак,2025
2013,Број,Вукосавље,M,Бошњак,1034
2013,Број,Вукосавље,Ж,Бошњак,991
2013,Број,Гацко,Оба пола,Бошњак,332
2013,Број,Гацко,M,Бошњак,179
2013,Број,Гацко,Ж,Бошњак,153
2013,Број,Град Градишка,Оба пола,Бошњак,6266
2013,Број,Град Градишка,M,Бошњак,3047
2013,Број,Град Градишка,Ж,Бошњак,3219
2013,Број,Град Дервента,Оба пола,Бошњак,1686
2013,Број,Град Дервента,M,Бошњак,812
2013,Број,Град Дервента,Ж,Бошњак,874
2013,Број,Град Добој,Оба пола,Бошњак,14417
2013,Број,Град Добој,M,Бошњак,6904
2013,Број,Град Добој,Ж,Бошњак,7513
2013,Број,Доњи Жабар,Оба пола,Бошњак,4
2013,Број,Доњи Жабар,M,Бошњак,0
2013,Број,Доњи Жабар,Ж,Бошњак,4
2013,Број,Град Зворник,Оба пола,Бошњак,16775
2013,Број,Град Зворник,M,Бошњак,8206
2013,Број,Град Зворник,Ж,Бошњак,8569
2013,Број,Источна Илиџа,Оба пола,Бошњак,632
2013,Број,Источна Илиџа,M,Бошњак,293
2013,Број,Источна Илиџа,Ж,Бошњак,339
2013,Број,Источни Дрвар,Оба пола,Бошњак,0
2013,Број,Источни Дрвар,M,Бошњак,0
2013,Број,Источни Дрвар,Ж,Бошњак,0
2013,Број,Источни Мостар,Оба пола,Бошњак,78
2013,Број,Источни Мостар,M,Бошњак,45
2013,Број,Источни Мостар,Ж,Бошњак,33
2013,Број,Источни Стари Град,Оба пола,Бошњак,41
2013,Број,Источни Стари Град,M,Бошњак,25
2013,Број,Источни Стари Град,Ж,Бошњак,16
2013,Број,Источно Ново Сарајево,Оба пола,Бошњак,44
2013,Број,Источно Ново Сарајево,M,Бошњак,14
2013,Број,Источно Ново Сарајево,Ж,Бошњак,30
2013,Број,Језеро,Оба пола,Бошњак,251
2013,Број,Језеро,M,Бошњак,118
2013,Број,Језеро,Ж,Бошњак,133
2013,Број,Калиновик,Оба пола,Бошњак,43
2013,Број,Калиновик,M,Бошњак,19
2013,Број,Калиновик,Ж,Бошњак,24
2013,Број,Кнежево,Оба пола,Бошњак,413
2013,Број,Кнежево,M,Бошњак,186
2013,Број,Кнежево,Ж,Бошњак,227
2013,Број,Козарска Дубица,Оба пола,Бошњак,1883
2013,Број,Козарска Дубица,M,Бошњак,906
2013,Број,Козарска Дубица,Ж,Бошњак,977
2013,Број,Костајница,Оба пола,Бошњак,1276
2013,Број,Костајница,M,Бошњак,626
2013,Број,Костајница,Ж,Бошњак,650
2013,Број,Котор Варош,Оба пола,Бошњак,4516
2013,Број,Котор Варош,M,Бошњак,2173
2013,Број,Котор Варош,Ж,Бошњак,2343
2013,Број,Крупа на Уни,Оба пола,Бошњак,3
2013,Број,Крупа на Уни,M,Бошњак,1
2013,Број,Крупа на Уни,Ж,Бошњак,2
2013,Број,Купрес,Оба пола,Бошњак,0
2013,Број,Купрес,M,Бошњак,0
2013,Број,Купрес,Ж,Бошњак,0
2013,Број,Лакташи,Оба пола,Бошњак,104
2013,Број,Лакташи,M,Бошњак,47
2013,Број,Лакташи,Ж,Бошњак,57
2013,Број,Лопаре,Оба пола,Бошњак,1310
2013,Број,Лопаре,M,Бошњак,646
2013,Број,Лопаре,Ж,Бошњак,664
2013,Број,Љубиње,Оба пола,Бошњак,9
2013,Број,Љубиње,M,Бошњак,5
2013,Број,Љубиње,Ж,Бошњак,4
2013,Број,Милићи,Оба пола,Бошњак,3532
2013,Број,Милићи,M,Бошњак,1746
2013,Број,Милићи,Ж,Бошњак,1786
2013,Број,Модрича,Оба пола,Бошњак,2880
2013,Број,Модрича,M,Бошњак,1364
2013,Број,Модрича,Ж,Бошњак,1516
2013,Број,Мркоњић Град,Оба пола,Бошњак,354
2013,Број,Мркоњић Град,M,Бошњак,170
2013,Број,Мркоњић Град,Ж,Бошњак,184
2013,Број,Невесиње,Оба пола,Бошњак,508
2013,Број,Невесиње,M,Бошњак,261
2013,Број,Невесиње,Ж,Бошњак,247
2013,Број,Нови Град,Оба пола,Бошњак,5214
2013,Број,Нови Град,M,Бошњак,2606
2013,Број,Нови Град,Ж,Бошњак,2608
2013,Број,Ново Горажде,Оба пола,Бошњак,1317
2013,Број,Ново Горажде,M,Бошњак,662
2013,Број,Ново Горажде,Ж,Бошњак,655
2013,Број,Осмаци,Оба пола,Бошњак,2673
2013,Број,Осмаци,M,Бошњак,1321
2013,Број,Осмаци,Ж,Бошњак,1352
2013,Број,Оштра Лука,Оба пола,Бошњак,23
2013,Број,Оштра Лука,M,Бошњак,7
2013,Број,Оштра Лука,Ж,Бошњак,16
2013,Број,Пале,Оба пола,Бошњак,165
2013,Број,Пале,M,Бошњак,86
2013,Број,Пале,Ж,Бошњак,79
2013,Број,Пелагићево,Оба пола,Бошњак,13
2013,Број,Пелагићево,M,Бошњак,2
2013,Број,Пелагићево,Ж,Бошњак,11
2013,Број,Петровац,Оба пола,Бошњак,0
2013,Број,Петровац,M,Бошњак,0
2013,Број,Петровац,Ж,Бошњак,0
2013,Број,Петрово,Оба пола,Бошњак,6
2013,Број,Петрово,M,Бошњак,2
2013,Број,Петрово,Ж,Бошњак,4
2013,Број,Град Приједор,Оба пола,Бошњак,22303
2013,Број,Град Приједор,M,Бошњак,10669
2013,Број,Град Приједор,Ж,Бошњак,11634
2013,Број,Прњавор,Оба пола,Бошњак,2749
2013,Број,Прњавор,M,Бошњак,1329
2013,Број,Прњавор,Ж,Бошњак,1420
2013,Број,Рибник,Оба пола,Бошњак,0
2013,Број,Рибник,M,Бошњак,0
2013,Број,Рибник,Ж,Бошњак,0
2013,Број,Рогатица,Оба пола,Бошњак,1009
2013,Број,Рогатица,M,Бошњак,520
2013,Број,Рогатица,Ж,Бошњак,489
2013,Број,Рудо,Оба пола,Бошњак,574
2013,Број,Рудо,M,Бошњак,300
2013,Број,Рудо,Ж,Бошњак,274
2013,Број,Соколац,Оба пола,Бошњак,629
2013,Број,Соколац,M,Бошњак,329
2013,Број,Соколац,Ж,Бошњак,300
2013,Број,Србац,Оба пола,Бошњак,394
2013,Број,Србац,M,Бошњак,184
2013,Број,Србац,Ж,Бошњак,210
2013,Број,Сребреница,Оба пола,Бошњак,6122
2013,Број,Сребреница,M,Бошњак,2913
2013,Број,Сребреница,Ж,Бошњак,3209
2013,Број,Теслић,Оба пола,Бошњак,6887
2013,Број,Теслић,M,Бошњак,3387
2013,Број,Теслић,Ж,Бошњак,3500
2013,Број,Град Требиње,Оба пола,Бошњак,863
2013,Број,Град Требиње,M,Бошњак,426
2013,Број,Град Требиње,Ж,Бошњак,437
2013,Број,Трново,Оба пола,Бошњак,818
2013,Број,Трново,M,Бошњак,405
2013,Број,Трново,Ж,Бошњак,413
2013,Број,Угљевик,Оба пола,Бошњак,1999
2013,Број,Угљевик,M,Бошњак,974
2013,Број,Угљевик,Ж,Бошњак,1025
2013,Број,Фоча,Оба пола,Бошњак,1169
2013,Број,Фоча,M,Бошњак,626
2013,Број,Фоча,Ж,Бошњак,543
2013,Број,Хан Пијесак,Оба пола,Бошњак,420
2013,Број,Хан Пијесак,M,Бошњак,204
2013,Број,Хан Пијесак,Ж,Бошњак,216
2013,Број,Чајниче,Оба пола,Бошњак,835
2013,Број,Чајниче,M,Бошњак,439
2013,Број,Чајниче,Ж,Бошњак,396
2013,Број,Челинац,Оба пола,Бошњак,395
2013,Број,Челинац,M,Бошњак,197
2013,Број,Челинац,Ж,Бошњак,198
2013,Број,Шамац,Оба пола,Бошњак,1005
2013,Број,Шамац,M,Бошњак,486
2013,Број,Шамац,Ж,Бошњак,519
2013,Број,Шековићи,Оба пола,Бошњак,103
2013,Број,Шековићи,M,Бошњак,51
2013,Број,Шековићи,Ж,Бошњак,52
2013,Број,Шипово,Оба пола,Бошњак,578
2013,Број,Шипово,M,Бошњак,294
2013,Број,Шипово,Ж,Бошњак,284
2013,Број,Република Српска,Оба пола,Хрват,26509
2013,Број,Република Српска,M,Хрват,11005
2013,Број,Република Српска,Ж,Хрват,15504
2013,Број,Град Бања Лука,Оба пола,Хрват,4887
2013,Број,Град Бања Лука,M,Хрват,1761
2013,Број,Град Бања Лука,Ж,Хрват,3126
2013,Број,Берковићи,Оба пола,Хрват,11
2013,Број,Берковићи,M,Хрват,1
2013,Број,Берковићи,Ж,Хрват,10
2013,Број,Град Бијељина,Оба пола,Хрват,498
2013,Број,Град Бијељина,M,Хрват,140
2013,Број,Град Бијељина,Ж,Хрват,358
2013,Број,Билећа,Оба пола,Хрват,21
2013,Број,Билећа,M,Хрват,2
2013,Број,Билећа,Ж,Хрват,19
2013,Број,Братунац,Оба пола,Хрват,30
2013,Број,Братунац,M,Хрват,5
2013,Број,Братунац,Ж,Хрват,25
2013,Број,Брод,Оба пола,Хрват,3021
2013,Број,Брод,M,Хрват,1413
2013,Број,Брод,Ж,Хрват,1608
2013,Број,Вишеград,Оба пола,Хрват,32
2013,Број,Вишеград,M,Хрват,5
2013,Број,Вишеград,Ж,Хрват,27
2013,Број,Власеница,Оба пола,Хрват,29
2013,Број,Власеница,M,Хрват,5
2013,Број,Власеница,Ж,Хрват,24
2013,Број,Вукосавље,Оба пола,Хрват,698
2013,Број,Вукосавље,M,Хрват,332
2013,Број,Вукосавље,Ж,Хрват,366
2013,Број,Гацко,Оба пола,Хрват,13
2013,Број,Гацко,M,Хрват,5
2013,Број,Гацко,Ж,Хрват,8
2013,Број,Град Градишка,Оба пола,Хрват,800
2013,Број,Град Градишка,M,Хрват,276
2013,Број,Град Градишка,Ж,Хрват,524
2013,Број,Град Дервента,Оба пола,Хрват,2181
2013,Број,Град Дервента,M,Хрват,1040
2013,Број,Град Дервента,Ж,Хрват,1141
2013,Број,Град Добој,Оба пола,Хрват,1550
2013,Број,Град Добој,M,Хрват,605
2013,Број,Град Добој,Ж,Хрват,945
2013,Број,Доњи Жабар,Оба пола,Хрват,991
2013,Број,Доњи Жабар,M,Хрват,497
2013,Број,Доњи Жабар,Ж,Хрват,494
2013,Број,Град Зворник,Оба пола,Хрват,103
2013,Број,Град Зворник,M,Хрват,17
2013,Број,Град Зворник,Ж,Хрват,86
2013,Број,Источна Илиџа,Оба пола,Хрват,148
2013,Број,Источна Илиџа,M,Хрват,39
2013,Број,Источна Илиџа,Ж,Хрват,109
2013,Број,Источни Дрвар,Оба пола,Хрват,1
2013,Број,Источни Дрвар,M,Хрват,0
2013,Број,Источни Дрвар,Ж,Хрват,1
2013,Број,Источни Мостар,Оба пола,Хрват,11
2013,Број,Источни Мостар,M,Хрват,8
2013,Број,Источни Мостар,Ж,Хрват,3
2013,Број,Источни Стари Град,Оба пола,Хрват,6
2013,Број,Источни Стари Град,M,Хрват,2
2013,Број,Источни Стари Град,Ж,Хрват,4
2013,Број,Источно Ново Сарајево,Оба пола,Хрват,102
2013,Број,Источно Ново Сарајево,M,Хрват,23
2013,Број,Источно Ново Сарајево,Ж,Хрват,79
2013,Број,Језеро,Оба пола,Хрват,6
2013,Број,Језеро,M,Хрват,4
2013,Број,Језеро,Ж,Хрват,2
2013,Број,Калиновик,Оба пола,Хрват,8
2013,Број,Калиновик,M,Хрват,2
2013,Број,Калиновик,Ж,Хрват,6
2013,Број,Кнежево,Оба пола,Хрват,24
2013,Број,Кнежево,M,Хрват,5
2013,Број,Кнежево,Ж,Хрват,19
2013,Број,Козарска Дубица,Оба пола,Хрват,261
2013,Број,Козарска Дубица,M,Хрват,79
2013,Број,Козарска Дубица,Ж,Хрват,182
2013,Број,Костајница,Оба пола,Хрват,82
2013,Број,Костајница,M,Хрват,29
2013,Број,Костајница,Ж,Хрват,53
2013,Број,Котор Варош,Оба пола,Хрват,852
2013,Број,Котор Варош,M,Хрват,410
2013,Број,Котор Варош,Ж,Хрват,442
2013,Број,Крупа на Уни,Оба пола,Хрват,2
2013,Број,Крупа на Уни,M,Хрват,0
2013,Број,Крупа на Уни,Ж,Хрват,2
2013,Број,Купрес,Оба пола,Хрват,0
2013,Број,Купрес,M,Хрват,0
2013,Број,Купрес,Ж,Хрват,0
2013,Број,Лакташи,Оба пола,Хрват,500
2013,Број,Лакташи,M,Хрват,175
2013,Број,Лакташи,Ж,Хрват,325
2013,Број,Лопаре,Оба пола,Хрват,48
2013,Број,Лопаре,M,Хрват,9
2013,Број,Лопаре,Ж,Хрват,39
2013,Број,Љубиње,Оба пола,Хрват,10
2013,Број,Љубиње,M,Хрват,3
2013,Број,Љубиње,Ж,Хрват,7
2013,Број,Милићи,Оба пола,Хрват,22
2013,Број,Милићи,M,Хрват,7
2013,Број,Милићи,Ж,Хрват,15
2013,Број,Модрича,Оба пола,Хрват,1396
2013,Број,Модрича,M,Хрват,662
2013,Број,Модрича,Ж,Хрват,734
2013,Број,Мркоњић Град,Оба пола,Хрват,148
2013,Број,Мркоњић Град,M,Хрват,60
2013,Број,Мркоњић Град,Ж,Хрват,88
2013,Број,Невесиње,Оба пола,Хрват,27
2013,Број,Невесиње,M,Хрват,9
2013,Број,Невесиње,Ж,Хрват,18
2013,Број,Нови Град,Оба пола,Хрват,174
2013,Број,Нови Град,M,Хрват,58
2013,Број,Нови Град,Ж,Хрват,116
2013,Број,Ново Горажде,Оба пола,Хрват,2
2013,Број,Ново Горажде,M,Хрват,1
2013,Број,Ново Горажде,Ж,Хрват,1
2013,Број,Осмаци,Оба пола,Хрват,7
2013,Број,Осмаци,M,Хрват,1
2013,Број,Осмаци,Ж,Хрват,6
2013,Број,Оштра Лука,Оба пола,Хрват,149
2013,Број,Оштра Лука,M,Хрват,74
2013,Број,Оштра Лука,Ж,Хрват,75
2013,Број,Пале,Оба пола,Хрват,126
2013,Број,Пале,M,Хрват,37
2013,Број,Пале,Ж,Хрват,89
2013,Број,Пелагићево,Оба пола,Хрват,1182
2013,Број,Пелагићево,M,Хрват,580
2013,Број,Пелагићево,Ж,Хрват,602
2013,Број,Петровац,Оба пола,Хрват,0
2013,Број,Петровац,M,Хрват,0
2013,Број,Петровац,Ж,Хрват,0
2013,Број,Петрово,Оба пола,Хрват,34
2013,Број,Петрово,M,Хрват,8
2013,Број,Петрово,Ж,Хрват,26
2013,Број,Град Приједор,Оба пола,Хрват,1666
2013,Број,Град Приједор,M,Хрват,679
2013,Број,Град Приједор,Ж,Хрват,987
2013,Број,Прњавор,Оба пола,Хрват,423
2013,Број,Прњавор,M,Хрват,150
2013,Број,Прњавор,Ж,Хрват,273
2013,Број,Рибник,Оба пола,Хрват,11
2013,Број,Рибник,M,Хрват,4
2013,Број,Рибник,Ж,Хрват,7
2013,Број,Рогатица,Оба пола,Хрват,18
2013,Број,Рогатица,M,Хрват,2
2013,Број,Рогатица,Ж,Хрват,16
2013,Број,Рудо,Оба пола,Хрват,7
2013,Број,Рудо,M,Хрват,6
2013,Број,Рудо,Ж,Хрват,1
2013,Број,Соколац,Оба пола,Хрват,28
2013,Број,Соколац,M,Хрват,8
2013,Број,Соколац,Ж,Хрват,20
2013,Број,Србац,Оба пола,Хрват,128
2013,Број,Србац,M,Хрват,21
2013,Број,Србац,Ж,Хрват,107
2013,Број,Сребреница,Оба пола,Хрват,14
2013,Број,Сребреница,M,Хрват,6
2013,Број,Сребреница,Ж,Хрват,8
2013,Број,Теслић,Оба пола,Хрват,1346
2013,Број,Теслић,M,Хрват,581
2013,Број,Теслић,Ж,Хрват,765
2013,Број,Град Требиње,Оба пола,Хрват,295
2013,Број,Град Требиње,M,Хрват,99
2013,Број,Град Требиње,Ж,Хрват,196
2013,Број,Трново,Оба пола,Хрват,15
2013,Број,Трново,M,Хрват,3
2013,Број,Трново,Ж,Хрват,12
2013,Број,Угљевик,Оба пола,Хрват,42
2013,Број,Угљевик,M,Хрват,8
2013,Број,Угљевик,Ж,Хрват,34
2013,Број,Фоча,Оба пола,Хрват,52
2013,Број,Фоча,M,Хрват,16
2013,Број,Фоча,Ж,Хрват,36
2013,Број,Хан Пијесак,Оба пола,Хрват,7
2013,Број,Хан Пијесак,M,Хрват,1
2013,Број,Хан Пијесак,Ж,Хрват,6
2013,Број,Чајниче,Оба пола,Хрват,6
2013,Број,Чајниче,M,Хрват,1
2013,Број,Чајниче,Ж,Хрват,5
2013,Број,Челинац,Оба пола,Хрват,48
2013,Број,Челинац,M,Хрват,11
2013,Број,Челинац,Ж,Хрват,37
2013,Број,Шамац,Оба пола,Хрват,2176
2013,Број,Шамац,M,Хрват,1011
2013,Број,Шамац,Ж,Хрват,1165
2013,Број,Шековићи,Оба пола,Хрват,8
2013,Број,Шековићи,M,Хрват,2
2013,Број,Шековићи,Ж,Хрват,6
2013,Број,Шипово,Оба пола,Хрват,26
2013,Број,Шипово,M,Хрват,7
2013,Број,Шипово,Ж,Хрват,19
2013,Број,Република Српска,Оба пола,Србин,970857
2013,Број,Република Српска,M,Србин,477334
2013,Број,Република Српска,Ж,Србин,493523
2013,Број,Град Бања Лука,Оба пола,Србин,162057
2013,Број,Град Бања Лука,M,Србин,78827
2013,Број,Град Бања Лука,Ж,Србин,83230
2013,Број,Берковићи,Оба пола,Србин,1873
2013,Број,Берковићи,M,Србин,943
2013,Број,Берковићи,Ж,Србин,930
2013,Број,Град Бијељина,Оба пола,Србин,89474
2013,Број,Град Бијељина,M,Србин,43861
2013,Број,Град Бијељина,Ж,Србин,45613
2013,Број,Билећа,Оба пола,Србин,10447
2013,Број,Билећа,M,Србин,5276
2013,Број,Билећа,Ж,Србин,5171
2013,Број,Братунац,Оба пола,Србин,11897
2013,Број,Братунац,M,Србин,5915
2013,Број,Братунац,Ж,Србин,5982
2013,Број,Брод,Оба пола,Србин,11065
2013,Број,Брод,M,Србин,5486
2013,Број,Брод,Ж,Србин,5579
2013,Број,Вишеград,Оба пола,Србин,8942
2013,Број,Вишеград,M,Србин,4337
2013,Број,Вишеград,Ж,Србин,4605
2013,Број,Власеница,Оба пола,Србин,7190
2013,Број,Власеница,M,Србин,3505
2013,Број,Власеница,Ж,Србин,3685
2013,Број,Вукосавље,Оба пола,Србин,1448
2013,Број,Вукосавље,M,Србин,720
2013,Број,Вукосавље,Ж,Србин,728
2013,Број,Гацко,Оба пола,Србин,8316
2013,Број,Гацко,M,Србин,4211
2013,Број,Гацко,Ж,Србин,4105
2013,Број,Град Градишка,Оба пола,Србин,40707
2013,Број,Град Градишка,M,Србин,19960
2013,Број,Град Градишка,Ж,Србин,20747
2013,Број,Град Дервента,Оба пола,Србин,21495
2013,Број,Град Дервента,M,Србин,10524
2013,Број,Град Дервента,Ж,Србин,10971
2013,Број,Град Добој,Оба пола,Србин,50968
2013,Број,Град Добој,M,Србин,24968
2013,Број,Град Добој,Ж,Србин,26000
2013,Број,Доњи Жабар,Оба пола,Србин,2658
2013,Број,Доњи Жабар,M,Србин,1352
2013,Број,Доњи Жабар,Ж,Србин,1306
2013,Број,Град Зворник,Оба пола,Србин,37242
2013,Број,Град Зворник,M,Србин,18452
2013,Број,Град Зворник,Ж,Србин,18790
2013,Број,Источна Илиџа,Оба пола,Србин,13455
2013,Број,Источна Илиџа,M,Србин,6486
2013,Број,Источна Илиџа,Ж,Србин,6969
2013,Број,Источни Дрвар,Оба пола,Србин,65
2013,Број,Источни Дрвар,M,Србин,44
2013,Број,Источни Дрвар,Ж,Србин,21
2013,Број,Источни Мостар,Оба пола,Србин,153
2013,Број,Источни Мостар,M,Србин,84
2013,Број,Источни Мостар,Ж,Србин,69
2013,Број,Источни Стари Град,Оба пола,Србин,1059
2013,Број,Источни Стари Град,M,Србин,519
2013,Број,Источни Стари Град,Ж,Србин,540
2013,Број,Источно Ново Сарајево,Оба пола,Србин,10028
2013,Број,Источно Ново Сарајево,M,Србин,4801
2013,Број,Источно Ново Сарајево,Ж,Србин,5227
2013,Број,Језеро,Оба пола,Србин,779
2013,Број,Језеро,M,Србин,410
2013,Број,Језеро,Ж,Србин,369
2013,Број,Калиновик,Оба пола,Србин,1895
2013,Број,Калиновик,M,Србин,920
2013,Број,Калиновик,Ж,Србин,975
2013,Број,Кнежево,Оба пола,Србин,8886
2013,Број,Кнежево,M,Србин,4414
2013,Број,Кнежево,Ж,Србин,4472
2013,Број,Козарска Дубица,Оба пола,Србин,18144
2013,Број,Козарска Дубица,M,Србин,8939
2013,Број,Козарска Дубица,Ж,Србин,9205
2013,Број,Костајница,Оба пола,Србин,4177
2013,Број,Костајница,M,Србин,2077
2013,Број,Костајница,Ж,Србин,2100
2013,Број,Котор Варош,Оба пола,Србин,12730
2013,Број,Котор Варош,M,Србин,6305
2013,Број,Котор Варош,Ж,Србин,6425
2013,Број,Крупа на Уни,Оба пола,Србин,1555
2013,Број,Крупа на Уни,M,Србин,840
2013,Број,Крупа на Уни,Ж,Србин,715
2013,Број,Купрес,Оба пола,Србин,292
2013,Број,Купрес,M,Србин,156
2013,Број,Купрес,Ж,Србин,136
2013,Број,Лакташи,Оба пола,Србин,32761
2013,Број,Лакташи,M,Србин,16275
2013,Број,Лакташи,Ж,Србин,16486
2013,Број,Лопаре,Оба пола,Србин,13267
2013,Број,Лопаре,M,Србин,6695
2013,Број,Лопаре,Ж,Србин,6572
2013,Број,Љубиње,Оба пола,Србин,3280
2013,Број,Љубиње,M,Србин,1615
2013,Број,Љубиње,Ж,Србин,1665
2013,Број,Милићи,Оба пола,Србин,6857
2013,Број,Милићи,M,Србин,3486
2013,Број,Милићи,Ж,Србин,3371
2013,Број,Модрича,Оба пола,Србин,19530
2013,Број,Модрича,M,Србин,9611
2013,Број,Модрича,Ж,Србин,9919
2013,Број,Мркоњић Град,Оба пола,Србин,15340
2013,Број,Мркоњић Град,M,Србин,7388
2013,Број,Мркоњић Град,Ж,Србин,7952
2013,Број,Невесиње,Оба пола,Србин,11964
2013,Број,Невесиње,M,Србин,5951
2013,Број,Невесиње,Ж,Србин,6013
2013,Број,Нови Град,Оба пола,Србин,19491
2013,Број,Нови Град,M,Србин,9747
2013,Број,Нови Град,Ж,Србин,9744
2013,Број,Ново Горажде,Оба пола,Србин,1561
2013,Број,Ново Горажде,M,Србин,821
2013,Број,Ново Горажде,Ж,Србин,740
2013,Број,Осмаци,Оба пола,Србин,2852
2013,Број,Осмаци,M,Србин,1450
2013,Број,Осмаци,Ж,Србин,1402
2013,Број,Оштра Лука,Оба пола,Србин,2510
2013,Број,Оштра Лука,M,Србин,1296
2013,Број,Оштра Лука,Ж,Србин,1214
2013,Број,Пале,Оба пола,Србин,19932
2013,Број,Пале,M,Србин,9561
2013,Број,Пале,Ж,Србин,10371
2013,Број,Пелагићево,Оба пола,Србин,3146
2013,Број,Пелагићево,M,Србин,1563
2013,Број,Пелагићево,Ж,Србин,1583
2013,Број,Петровац,Оба пола,Србин,351
2013,Број,Петровац,M,Србин,168
2013,Број,Петровац,Ж,Србин,183
2013,Број,Петрово,Оба пола,Србин,6222
2013,Број,Петрово,M,Србин,3002
2013,Број,Петрово,Ж,Србин,3220
2013,Број,Град Приједор,Оба пола,Србин,54365
2013,Број,Град Приједор,M,Србин,26834
2013,Број,Град Приједор,Ж,Србин,27531
2013,Број,Прњавор,Оба пола,Србин,29478
2013,Број,Прњавор,M,Србин,14352
2013,Број,Прњавор,Ж,Србин,15126
2013,Број,Рибник,Оба пола,Србин,5825
2013,Број,Рибник,M,Србин,2891
2013,Број,Рибник,Ж,Србин,2934
2013,Број,Рогатица,Оба пола,Србин,9217
2013,Број,Рогатица,M,Србин,4502
2013,Број,Рогатица,Ж,Србин,4715
2013,Број,Рудо,Оба пола,Србин,6963
2013,Број,Рудо,M,Србин,3517
2013,Број,Рудо,Ж,Србин,3446
2013,Број,Соколац,Оба пола,Србин,10894
2013,Број,Соколац,M,Србин,5357
2013,Број,Соколац,Ж,Србин,5537
2013,Број,Србац,Оба пола,Србин,16013
2013,Број,Србац,M,Србин,7888
2013,Број,Србац,Ж,Србин,8125
2013,Број,Сребреница,Оба пола,Србин,5467
2013,Број,Сребреница,M,Србин,2743
2013,Број,Сребреница,Ж,Србин,2724
2013,Број,Теслић,Оба пола,Србин,28166
2013,Број,Теслић,M,Србин,13545
2013,Број,Теслић,Ж,Србин,14621
2013,Број,Град Требиње,Оба пола,Србин,26484
2013,Број,Град Требиње,M,Србин,12943
2013,Број,Град Требиње,Ж,Србин,13541
2013,Број,Трново,Оба пола,Србин,1131
2013,Број,Трново,M,Србин,534
2013,Број,Трново,Ж,Србин,597
2013,Број,Угљевик,Оба пола,Србин,13007
2013,Број,Угљевик,M,Србин,6606
2013,Број,Угљевик,Ж,Србин,6401
2013,Број,Фоча,Оба пола,Србин,16157
2013,Број,Фоча,M,Србин,8133
2013,Број,Фоча,Ж,Србин,8024
2013,Број,Хан Пијесак,Оба пола,Србин,2994
2013,Број,Хан Пијесак,M,Србин,1412
2013,Број,Хан Пијесак,Ж,Србин,1582
2013,Број,Чајниче,Оба пола,Србин,3806
2013,Број,Чајниче,M,Србин,1891
2013,Број,Чајниче,Ж,Србин,1915
2013,Број,Челинац,Оба пола,Србин,14508
2013,Број,Челинац,M,Србин,7194
2013,Број,Челинац,Ж,Србин,7314
2013,Број,Шамац,Оба пола,Србин,12832
2013,Број,Шамац,M,Србин,6277
2013,Број,Шамац,Ж,Србин,6555
2013,Број,Шековићи,Оба пола,Србин,6187
2013,Број,Шековићи,M,Србин,3038
2013,Број,Шековићи,Ж,Србин,3149
2013,Број,Шипово,Оба пола,Србин,9302
2013,Број,Шипово,M,Србин,4716
2013,Број,Шипово,Ж,Србин,4586
2013,Број,Република Српска,Оба пола,Друга етничка/национална припадност,14641
2013,Број,Република Српска,M,Друга етничка/национална припадност,7207
2013,Број,Република Српска,Ж,Друга етничка/национална припадност,7434
2013,Број,Град Бања Лука,Оба пола,Друга етничка/национална припадност,3324
2013,Број,Град Бања Лука,M,Друга етничка/национална припадност,1617
2013,Број,Град Бања Лука,Ж,Друга етничка/национална припадност,1707
2013,Број,Берковићи,Оба пола,Друга етничка/национална припадност,1
2013,Број,Берковићи,M,Друга етничка/национална припадност,1
2013,Број,Берковићи,Ж,Друга етничка/национална припадност,0
2013,Број,Град Бијељина,Оба пола,Друга етничка/национална припадност,1478
2013,Број,Град Бијељина,M,Друга етничка/национална припадност,717
2013,Број,Град Бијељина,Ж,Друга етничка/национална припадност,761
2013,Број,Билећа,Оба пола,Друга етничка/национална припадност,72
2013,Број,Билећа,M,Друга етничка/национална припадност,38
2013,Број,Билећа,Ж,Друга етничка/национална припадност,34
2013,Број,Братунац,Оба пола,Друга етничка/национална припадност,79
2013,Број,Братунац,M,Друга етничка/национална припадност,45
2013,Број,Братунац,Ж,Друга етничка/национална припадност,34
2013,Број,Брод,Оба пола,Друга етничка/национална припадност,151
2013,Број,Брод,M,Друга етничка/национална припадност,69
2013,Број,Брод,Ж,Друга етничка/национална припадност,82
2013,Број,Вишеград,Оба пола,Друга етничка/национална припадност,53
2013,Број,Вишеград,M,Друга етничка/национална припадност,26
2013,Број,Вишеград,Ж,Друга етничка/национална припадност,27
2013,Број,Власеница,Оба пола,Друга етничка/национална припадност,29
2013,Број,Власеница,M,Друга етничка/национална припадност,13
2013,Број,Власеница,Ж,Друга етничка/национална припадност,16
2013,Број,Вукосавље,Оба пола,Друга етничка/национална припадност,146
2013,Број,Вукосавље,M,Друга етничка/национална припадност,81
2013,Број,Вукосавље,Ж,Друга етничка/национална припадност,65
2013,Број,Гацко,Оба пола,Друга етничка/национална припадност,40
2013,Број,Гацко,M,Друга етничка/национална припадност,27
2013,Број,Гацко,Ж,Друга етничка/национална припадност,13
2013,Број,Град Градишка,Оба пола,Друга етничка/национална припадност,970
2013,Број,Град Градишка,M,Друга етничка/национална припадност,468
2013,Број,Град Градишка,Ж,Друга етничка/национална припадност,502
2013,Број,Град Дервента,Оба пола,Друга етничка/национална припадност,264
2013,Број,Град Дервента,M,Друга етничка/национална припадност,116
2013,Број,Град Дервента,Ж,Друга етничка/национална припадност,148
2013,Број,Град Добој,Оба пола,Друга етничка/национална припадност,949
2013,Број,Град Добој,M,Друга етничка/национална припадност,486
2013,Број,Град Добој,Ж,Друга етничка/национална припадност,463
2013,Број,Доњи Жабар,Оба пола,Друга етничка/национална припадност,9
2013,Број,Доњи Жабар,M,Друга етничка/национална припадност,1
2013,Број,Доњи Жабар,Ж,Друга етничка/национална припадност,8
2013,Број,Град Зворник,Оба пола,Друга етничка/национална припадност,120
2013,Број,Град Зворник,M,Друга етничка/национална припадност,55
2013,Број,Град Зворник,Ж,Друга етничка/национална припадност,65
2013,Број,Источна Илиџа,Оба пола,Друга етничка/национална припадност,96
2013,Број,Источна Илиџа,M,Друга етничка/национална припадност,44
2013,Број,Источна Илиџа,Ж,Друга етничка/национална припадност,52
2013,Број,Источни Дрвар,Оба пола,Друга етничка/национална припадност,0
2013,Број,Источни Дрвар,M,Друга етничка/национална припадност,0
2013,Број,Источни Дрвар,Ж,Друга етничка/национална припадност,0
2013,Број,Источни Мостар,Оба пола,Друга етничка/национална припадност,0
2013,Број,Источни Мостар,M,Друга етничка/национална припадност,0
2013,Број,Источни Мостар,Ж,Друга етничка/национална припадност,0
2013,Број,Источни Стари Град,Оба пола,Друга етничка/национална припадност,7
2013,Број,Источни Стари Град,M,Друга етничка/национална припадност,5
2013,Број,Источни Стари Град,Ж,Друга етничка/национална припадност,2
2013,Број,Источно Ново Сарајево,Оба пола,Друга етничка/национална припадност,163
2013,Број,Источно Ново Сарајево,M,Друга етничка/национална припадност,72
2013,Број,Источно Ново Сарајево,Ж,Друга етничка/национална припадност,91
2013,Број,Језеро,Оба пола,Друга етничка/национална припадност,1
2013,Број,Језеро,M,Друга етничка/национална припадност,1
2013,Број,Језеро,Ж,Друга етничка/национална припадност,0
2013,Број,Калиновик,Оба пола,Друга етничка/национална припадност,15
2013,Број,Калиновик,M,Друга етничка/национална припадност,8
2013,Број,Калиновик,Ж,Друга етничка/национална припадност,7
2013,Број,Кнежево,Оба пола,Друга етничка/национална припадност,37
2013,Број,Кнежево,M,Друга етничка/национална припадност,21
2013,Број,Кнежево,Ж,Друга етничка/национална припадност,16
2013,Број,Козарска Дубица,Оба пола,Друга етничка/национална припадност,219
2013,Број,Козарска Дубица,M,Друга етничка/национална припадност,102
2013,Број,Козарска Дубица,Ж,Друга етничка/национална припадност,117
2013,Број,Костајница,Оба пола,Друга етничка/национална припадност,42
2013,Број,Костајница,M,Друга етничка/национална припадност,20
2013,Број,Костајница,Ж,Друга етничка/национална припадност,22
2013,Број,Котор Варош,Оба пола,Друга етничка/национална припадност,129
2013,Број,Котор Варош,M,Друга етничка/национална припадност,63
2013,Број,Котор Варош,Ж,Друга етничка/национална припадност,66
2013,Број,Крупа на Уни,Оба пола,Друга етничка/национална припадност,0
2013,Број,Крупа на Уни,M,Друга етничка/национална припадност,0
2013,Број,Крупа на Уни,Ж,Друга етничка/национална припадност,0
2013,Број,Купрес,Оба пола,Друга етничка/национална припадност,0
2013,Број,Купрес,M,Друга етничка/национална припадност,0
2013,Број,Купрес,Ж,Друга етничка/национална припадност,0
2013,Број,Лакташи,Оба пола,Друга етничка/национална припадност,562
2013,Број,Лакташи,M,Друга етничка/национална припадност,285
2013,Број,Лакташи,Ж,Друга етничка/национална припадност,277
2013,Број,Лопаре,Оба пола,Друга етничка/национална припадност,31
2013,Број,Лопаре,M,Друга етничка/национална припадност,16
2013,Број,Лопаре,Ж,Друга етничка/национална припадност,15
2013,Број,Љубиње,Оба пола,Друга етничка/национална припадност,13
2013,Број,Љубиње,M,Друга етничка/национална припадност,7
2013,Број,Љубиње,Ж,Друга етничка/национална припадност,6
2013,Број,Милићи,Оба пола,Друга етничка/национална припадност,19
2013,Број,Милићи,M,Друга етничка/национална припадност,7
2013,Број,Милићи,Ж,Друга етничка/национална припадност,12
2013,Број,Модрича,Оба пола,Друга етничка/национална припадност,412
2013,Број,Модрича,M,Друга етничка/национална припадност,207
2013,Број,Модрича,Ж,Друга етничка/национална припадност,205
2013,Број,Мркоњић Град,Оба пола,Друга етничка/национална припадност,37
2013,Број,Мркоњић Град,M,Друга етничка/национална припадност,17
2013,Број,Мркоњић Град,Ж,Друга етничка/национална припадност,20
2013,Број,Невесиње,Оба пола,Друга етничка/национална припадност,18
2013,Број,Невесиње,M,Друга етничка/национална припадност,5
2013,Број,Невесиње,Ж,Друга етничка/национална припадност,13
2013,Број,Нови Град,Оба пола,Друга етничка/национална припадност,200
2013,Број,Нови Град,M,Друга етничка/национална припадност,100
2013,Број,Нови Град,Ж,Друга етничка/национална припадност,100
2013,Број,Ново Горажде,Оба пола,Друга етничка/национална припадност,22
2013,Број,Ново Горажде,M,Друга етничка/национална припадност,11
2013,Број,Ново Горажде,Ж,Друга етничка/национална припадност,11
2013,Број,Осмаци,Оба пола,Друга етничка/национална припадност,5
2013,Број,Осмаци,M,Друга етничка/национална припадност,2
2013,Број,Осмаци,Ж,Друга етничка/национална припадност,3
2013,Број,Оштра Лука,Оба пола,Друга етничка/национална припадност,8
2013,Број,Оштра Лука,M,Друга етничка/национална припадност,3
2013,Број,Оштра Лука,Ж,Друга етничка/национална припадност,5
2013,Број,Пале,Оба пола,Друга етничка/национална припадност,70
2013,Број,Пале,M,Друга етничка/национална припадност,31
2013,Број,Пале,Ж,Друга етничка/национална припадност,39
2013,Број,Пелагићево,Оба пола,Друга етничка/национална припадност,9
2013,Број,Пелагићево,M,Друга етничка/национална припадност,4
2013,Број,Пелагићево,Ж,Друга етничка/национална припадност,5
2013,Број,Петровац,Оба пола,Друга етничка/национална припадност,3
2013,Број,Петровац,M,Друга етничка/национална припадност,1
2013,Број,Петровац,Ж,Друга етничка/национална припадност,2
2013,Број,Петрово,Оба пола,Друга етничка/национална припадност,30
2013,Број,Петрово,M,Друга етничка/национална припадност,19
2013,Број,Петрово,Ж,Друга етничка/национална припадност,11
2013,Број,Град Приједор,Оба пола,Друга етничка/национална припадност,1495
2013,Број,Град Приједор,M,Друга етничка/национална припадност,712
2013,Број,Град Приједор,Ж,Друга етничка/национална припадност,783
2013,Број,Прњавор,Оба пола,Друга етничка/национална припадност,1452
2013,Број,Прњавор,M,Друга етничка/национална припадност,738
2013,Број,Прњавор,Ж,Друга етничка/национална припадност,714
2013,Број,Рибник,Оба пола,Друга етничка/национална припадност,11
2013,Број,Рибник,M,Друга етничка/национална припадност,3
2013,Број,Рибник,Ж,Друга етничка/национална припадност,8
2013,Број,Рогатица,Оба пола,Друга етничка/национална припадност,41
2013,Број,Рогатица,M,Друга етничка/национална припадност,20
2013,Број,Рогатица,Ж,Друга етничка/национална припадност,21
2013,Број,Рудо,Оба пола,Друга етничка/национална припадност,26
2013,Број,Рудо,M,Друга етничка/национална припадност,14
2013,Број,Рудо,Ж,Друга етничка/национална припадност,12
2013,Број,Соколац,Оба пола,Друга етничка/национална припадност,38
2013,Број,Соколац,M,Друга етничка/национална припадност,19
2013,Број,Соколац,Ж,Друга етничка/национална припадност,19
2013,Број,Србац,Оба пола,Друга етничка/национална припадност,280
2013,Број,Србац,M,Друга етничка/национална припадност,146
2013,Број,Србац,Ж,Друга етничка/национална припадност,134
2013,Број,Сребреница,Оба пола,Друга етничка/национална припадност,59
2013,Број,Сребреница,M,Друга етничка/национална припадност,34
2013,Број,Сребреница,Ж,Друга етничка/национална припадност,25
2013,Број,Теслић,Оба пола,Друга етничка/национална припадност,454
2013,Број,Теслић,M,Друга етничка/национална припадност,222
2013,Број,Теслић,Ж,Друга етничка/национална припадност,232
2013,Број,Град Требиње,Оба пола,Друга етничка/национална припадност,398
2013,Број,Град Требиње,M,Друга етничка/национална припадност,204
2013,Број,Град Требиње,Ж,Друга етничка/национална припадност,194
2013,Број,Трново,Оба пола,Друга етничка/национална припадност,10
2013,Број,Трново,M,Друга етничка/национална припадност,7
2013,Број,Трново,Ж,Друга етничка/национална припадност,3
2013,Број,Угљевик,Оба пола,Друга етничка/национална припадност,36
2013,Број,Угљевик,M,Друга етничка/национална припадност,17
2013,Број,Угљевик,Ж,Друга етничка/национална припадност,19
2013,Број,Фоча,Оба пола,Друга етничка/национална припадност,160
2013,Број,Фоча,M,Друга етничка/национална припадност,90
2013,Број,Фоча,Ж,Друга етничка/национална припадност,70
2013,Број,Хан Пијесак,Оба пола,Друга етничка/национална припадност,21
2013,Број,Хан Пијесак,M,Друга етничка/национална припадност,14
2013,Број,Хан Пијесак,Ж,Друга етничка/национална припадност,7
2013,Број,Чајниче,Оба пола,Друга етничка/национална припадност,24
2013,Број,Чајниче,M,Друга етничка/национална припадност,13
2013,Број,Чајниче,Ж,Друга етничка/национална припадност,11
2013,Број,Челинац,Оба пола,Друга етничка/национална припадност,122
2013,Број,Челинац,M,Друга етничка/национална припадност,55
2013,Број,Челинац,Ж,Друга етничка/национална припадност,67
2013,Број,Шамац,Оба пола,Друга етничка/национална припадност,135
2013,Број,Шамац,M,Друга етничка/национална припадност,67
2013,Број,Шамац,Ж,Друга етничка/национална припадност,68
2013,Број,Шековићи,Оба пола,Друга етничка/национална припадност,12
2013,Број,Шековићи,M,Друга етничка/национална припадност,7
2013,Број,Шековићи,Ж,Друга етничка/национална припадност,5
2013,Број,Шипово,Оба пола,Друга етничка/национална припадност,34
2013,Број,Шипово,M,Друга етничка/национална припадност,14
2013,Број,Шипово,Ж,Друга етничка/национална припадност,20
2013,Број,Република Српска,Оба пола,Не изјашњава се,7861
2013,Број,Република Српска,M,Не изјашњава се,3202
2013,Број,Република Српска,Ж,Не изјашњава се,4659
2013,Број,Град Бања Лука,Оба пола,Не изјашњава се,2641
2013,Број,Град Бања Лука,M,Не изјашњава се,1044
2013,Број,Град Бања Лука,Ж,Не изјашњава се,1597
2013,Број,Берковићи,Оба пола,Не изјашњава се,0
2013,Број,Берковићи,M,Не изјашњава се,0
2013,Број,Берковићи,Ж,Не изјашњава се,0
2013,Број,Град Бијељина,Оба пола,Не изјашњава се,654
2013,Број,Град Бијељина,M,Не изјашњава се,272
2013,Број,Град Бијељина,Ж,Не изјашњава се,382
2013,Број,Билећа,Оба пола,Не изјашњава се,30
2013,Број,Билећа,M,Не изјашњава се,10
2013,Број,Билећа,Ж,Не изјашњава се,20
2013,Број,Братунац,Оба пола,Не изјашњава се,22
2013,Број,Братунац,M,Не изјашњава се,11
2013,Број,Братунац,Ж,Не изјашњава се,11
2013,Број,Брод,Оба пола,Не изјашњава се,142
2013,Број,Брод,M,Не изјашњава се,50
2013,Број,Брод,Ж,Не изјашњава се,92
2013,Број,Вишеград,Оба пола,Не изјашњава се,19
2013,Број,Вишеград,M,Не изјашњава се,10
2013,Број,Вишеград,Ж,Не изјашњава се,9
2013,Број,Власеница,Оба пола,Не изјашњава се,20
2013,Број,Власеница,M,Не изјашњава се,11
2013,Број,Власеница,Ж,Не изјашњава се,9
2013,Број,Вукосавље,Оба пола,Не изјашњава се,32
2013,Број,Вукосавље,M,Не изјашњава се,15
2013,Број,Вукосавље,Ж,Не изјашњава се,17
2013,Број,Гацко,Оба пола,Не изјашњава се,3
2013,Број,Гацко,M,Не изјашњава се,0
2013,Број,Гацко,Ж,Не изјашњава се,3
2013,Број,Град Градишка,Оба пола,Не изјашњава се,411
2013,Број,Град Градишка,M,Не изјашњава се,174
2013,Број,Град Градишка,Ж,Не изјашњава се,237
2013,Број,Град Дервента,Оба пола,Не изјашњава се,242
2013,Број,Град Дервента,M,Не изјашњава се,113
2013,Број,Град Дервента,Ж,Не изјашњава се,129
2013,Број,Град Добој,Оба пола,Не изјашњава се,467
2013,Број,Град Добој,M,Не изјашњава се,198
2013,Број,Град Добој,Ж,Не изјашњава се,269
2013,Број,Доњи Жабар,Оба пола,Не изјашњава се,5
2013,Број,Доњи Жабар,M,Не изјашњава се,2
2013,Број,Доњи Жабар,Ж,Не изјашњава се,3
2013,Број,Град Зворник,Оба пола,Не изјашњава се,70
2013,Број,Град Зворник,M,Не изјашњава се,31
2013,Број,Град Зворник,Ж,Не изјашњава се,39
2013,Број,Источна Илиџа,Оба пола,Не изјашњава се,96
2013,Број,Источна Илиџа,M,Не изјашњава се,38
2013,Број,Источна Илиџа,Ж,Не изјашњава се,58
2013,Број,Источни Дрвар,Оба пола,Не изјашњава се,0
2013,Број,Источни Дрвар,M,Не изјашњава се,0
2013,Број,Источни Дрвар,Ж,Не изјашњава се,0
2013,Број,Источни Мостар,Оба пола,Не изјашњава се,0
2013,Број,Источни Мостар,M,Не изјашњава се,0
2013,Број,Источни Мостар,Ж,Не изјашњава се,0
2013,Број,Источни Стари Град,Оба пола,Не изјашњава се,2
2013,Број,Источни Стари Град,M,Не изјашњава се,0
2013,Број,Источни Стари Град,Ж,Не изјашњава се,2
2013,Број,Источно Ново Сарајево,Оба пола,Не изјашњава се,61
2013,Број,Источно Ново Сарајево,M,Не изјашњава се,26
2013,Број,Источно Ново Сарајево,Ж,Не изјашњава се,35
2013,Број,Језеро,Оба пола,Не изјашњава се,1
2013,Број,Језеро,M,Не изјашњава се,0
2013,Број,Језеро,Ж,Не изјашњава се,1
2013,Број,Калиновик,Оба пола,Не изјашњава се,1
2013,Број,Калиновик,M,Не изјашњава се,1
2013,Број,Калиновик,Ж,Не изјашњава се,0
2013,Број,Кнежево,Оба пола,Не изјашњава се,4
2013,Број,Кнежево,M,Не изјашњава се,3
2013,Број,Кнежево,Ж,Не изјашњава се,1
2013,Број,Козарска Дубица,Оба пола,Не изјашњава се,162
2013,Број,Козарска Дубица,M,Не изјашњава се,63
2013,Број,Козарска Дубица,Ж,Не изјашњава се,99
2013,Број,Костајница,Оба пола,Не изјашњава се,66
2013,Број,Костајница,M,Не изјашњава се,28
2013,Број,Костајница,Ж,Не изјашњава се,38
2013,Број,Котор Варош,Оба пола,Не изјашњава се,115
2013,Број,Котор Варош,M,Не изјашњава се,42
2013,Број,Котор Варош,Ж,Не изјашњава се,73
2013,Број,Крупа на Уни,Оба пола,Не изјашњава се,0
2013,Број,Крупа на Уни,M,Не изјашњава се,0
2013,Број,Крупа на Уни,Ж,Не изјашњава се,0
2013,Број,Купрес,Оба пола,Не изјашњава се,1
2013,Број,Купрес,M,Не изјашњава се,1
2013,Број,Купрес,Ж,Не изјашњава се,0
2013,Број,Лакташи,Оба пола,Не изјашњава се,237
2013,Број,Лакташи,M,Не изјашњава се,103
2013,Број,Лакташи,Ж,Не изјашњава се,134
2013,Број,Лопаре,Оба пола,Не изјашњава се,23
2013,Број,Лопаре,M,Не изјашњава се,5
2013,Број,Лопаре,Ж,Не изјашњава се,18
2013,Број,Љубиње,Оба пола,Не изјашњава се,5
2013,Број,Љубиње,M,Не изјашњава се,2
2013,Број,Љубиње,Ж,Не изјашњава се,3
2013,Број,Милићи,Оба пола,Не изјашњава се,7
2013,Број,Милићи,M,Не изјашњава се,3
2013,Број,Милићи,Ж,Не изјашњава се,4
2013,Број,Модрича,Оба пола,Не изјашњава се,156
2013,Број,Модрича,M,Не изјашњава се,63
2013,Број,Модрича,Ж,Не изјашњава се,93
2013,Број,Мркоњић Град,Оба пола,Не изјашњава се,35
2013,Број,Мркоњић Град,M,Не изјашњава се,19
2013,Број,Мркоњић Град,Ж,Не изјашњава се,16
2013,Број,Невесиње,Оба пола,Не изјашњава се,18
2013,Број,Невесиње,M,Не изјашњава се,8
2013,Број,Невесиње,Ж,Не изјашњава се,10
2013,Број,Нови Град,Оба пола,Не изјашњава се,137
2013,Број,Нови Град,M,Не изјашњава се,56
2013,Број,Нови Град,Ж,Не изјашњава се,81
2013,Број,Ново Горажде,Оба пола,Не изјашњава се,6
2013,Број,Ново Горажде,M,Не изјашњава се,3
2013,Број,Ново Горажде,Ж,Не изјашњава се,3
2013,Број,Осмаци,Оба пола,Не изјашњава се,5
2013,Број,Осмаци,M,Не изјашњава се,3
2013,Број,Осмаци,Ж,Не изјашњава се,2
2013,Број,Оштра Лука,Оба пола,Не изјашњава се,12
2013,Број,Оштра Лука,M,Не изјашњава се,4
2013,Број,Оштра Лука,Ж,Не изјашњава се,8
2013,Број,Пале,Оба пола,Не изјашњава се,53
2013,Број,Пале,M,Не изјашњава се,20
2013,Број,Пале,Ж,Не изјашњава се,33
2013,Број,Пелагићево,Оба пола,Не изјашњава се,3
2013,Број,Пелагићево,M,Не изјашњава се,1
2013,Број,Пелагићево,Ж,Не изјашњава се,2
2013,Број,Петровац,Оба пола,Не изјашњава се,0
2013,Број,Петровац,M,Не изјашњава се,0
2013,Број,Петровац,Ж,Не изјашњава се,0
2013,Број,Петрово,Оба пола,Не изјашњава се,21
2013,Број,Петрово,M,Не изјашњава се,10
2013,Број,Петрово,Ж,Не изјашњава се,11
2013,Број,Град Приједор,Оба пола,Не изјашњава се,718
2013,Број,Град Приједор,M,Не изјашњава се,267
2013,Број,Град Приједор,Ж,Не изјашњава се,451
2013,Број,Прњавор,Оба пола,Не изјашњава се,225
2013,Број,Прњавор,M,Не изјашњава се,96
2013,Број,Прњавор,Ж,Не изјашњава се,129
2013,Број,Рибник,Оба пола,Не изјашњава се,2
2013,Број,Рибник,M,Не изјашњава се,0
2013,Број,Рибник,Ж,Не изјашњава се,2
2013,Број,Рогатица,Оба пола,Не изјашњава се,12
2013,Број,Рогатица,M,Не изјашњава се,7
2013,Број,Рогатица,Ж,Не изјашњава се,5
2013,Број,Рудо,Оба пола,Не изјашњава се,5
2013,Број,Рудо,M,Не изјашњава се,3
2013,Број,Рудо,Ж,Не изјашњава се,2
2013,Број,Соколац,Оба пола,Не изјашњава се,13
2013,Број,Соколац,M,Не изјашњава се,5
2013,Број,Соколац,Ж,Не изјашњава се,8
2013,Број,Србац,Оба пола,Не изјашњава се,89
2013,Број,Србац,M,Не изјашњава се,45
2013,Број,Србац,Ж,Не изјашњава се,44
2013,Број,Сребреница,Оба пола,Не изјашњава се,22
2013,Број,Сребреница,M,Не изјашњава се,10
2013,Број,Сребреница,Ж,Не изјашњава се,12
2013,Број,Теслић,Оба пола,Не изјашњава се,339
2013,Број,Теслић,M,Не изјашњава се,136
2013,Број,Теслић,Ж,Не изјашњава се,203
2013,Број,Град Требиње,Оба пола,Не изјашњава се,180
2013,Број,Град Требиње,M,Не изјашњава се,77
2013,Број,Град Требиње,Ж,Не изјашњава се,103
2013,Број,Трново,Оба пола,Не изјашњава се,9
2013,Број,Трново,M,Не изјашњава се,4
2013,Број,Трново,Ж,Не изјашњава се,5
2013,Број,Угљевик,Оба пола,Не изјашњава се,21
2013,Број,Угљевик,M,Не изјашњава се,10
2013,Број,Угљевик,Ж,Не изјашњава се,11
2013,Број,Фоча,Оба пола,Не изјашњава се,30
2013,Број,Фоча,M,Не изјашњава се,10
2013,Број,Фоча,Ж,Не изјашњава се,20
2013,Број,Хан Пијесак,Оба пола,Не изјашњава се,3
2013,Број,Хан Пијесак,M,Не изјашњава се,1
2013,Број,Хан Пијесак,Ж,Не изјашњава се,2
2013,Број,Чајниче,Оба пола,Не изјашњава се,3
2013,Број,Чајниче,M,Не изјашњава се,1
2013,Број,Чајниче,Ж,Не изјашњава се,2
2013,Број,Челинац,Оба пола,Не изјашњава се,35
2013,Број,Челинац,M,Не изјашњава се,16
2013,Број,Челинац,Ж,Не изјашњава се,19
2013,Број,Шамац,Оба пола,Не изјашњава се,141
2013,Број,Шамац,M,Не изјашњава се,57
2013,Број,Шамац,Ж,Не изјашњава се,84
2013,Број,Шековићи,Оба пола,Не изјашњава се,5
2013,Број,Шековићи,M,Не изјашњава се,2
2013,Број,Шековићи,Ж,Не изјашњава се,3
2013,Број,Шипово,Оба пола,Не изјашњава се,24
2013,Број,Шипово,M,Не изјашњава се,12
2013,Број,Шипово,Ж,Не изјашњава се,12
2013,Број,Република Српска,Оба пола,Непозната етничка/национална припадност,1997
2013,Број,Република Српска,M,Непозната етничка/национална припадност,916
2013,Број,Република Српска,Ж,Непозната етничка/национална припадност,1081
2013,Број,Град Бања Лука,Оба пола,Непозната етничка/национална припадност,328
2013,Број,Град Бања Лука,M,Непозната етничка/национална припадност,153
2013,Број,Град Бања Лука,Ж,Непозната етничка/национална припадност,175
2013,Број,Берковићи,Оба пола,Непозната етничка/национална припадност,1
2013,Број,Берковићи,M,Непозната етничка/национална припадност,0
2013,Број,Берковићи,Ж,Непозната етничка/национална припадност,1
2013,Број,Град Бијељина,Оба пола,Непозната етничка/национална припадност,90
2013,Број,Град Бијељина,M,Непозната етничка/национална припадност,37
2013,Број,Град Бијељина,Ж,Непозната етничка/национална припадност,53
2013,Број,Билећа,Оба пола,Непозната етничка/национална припадност,11
2013,Број,Билећа,M,Непозната етничка/национална припадност,4
2013,Број,Билећа,Ж,Непозната етничка/национална припадност,7
2013,Број,Братунац,Оба пола,Непозната етничка/национална припадност,35
2013,Број,Братунац,M,Непозната етничка/национална припадност,16
2013,Број,Братунац,Ж,Непозната етничка/национална припадност,19
2013,Број,Брод,Оба пола,Непозната етничка/национална припадност,29
2013,Број,Брод,M,Непозната етничка/национална припадност,12
2013,Број,Брод,Ж,Непозната етничка/национална припадност,17
2013,Број,Вишеград,Оба пола,Непозната етничка/национална припадност,177
2013,Број,Вишеград,M,Непозната етничка/национална припадност,2
2013,Број,Вишеград,Ж,Непозната етничка/национална припадност,175
2013,Број,Власеница,Оба пола,Непозната етничка/национална припадност,29
2013,Број,Власеница,M,Непозната етничка/национална припадност,13
2013,Број,Власеница,Ж,Непозната етничка/национална припадност,16
2013,Број,Вукосавље,Оба пола,Непозната етничка/национална припадност,14
2013,Број,Вукосавље,M,Непозната етничка/национална припадност,3
2013,Број,Вукосавље,Ж,Непозната етничка/национална припадност,11
2013,Број,Гацко,Оба пола,Непозната етничка/национална припадност,6
2013,Број,Гацко,M,Непозната етничка/национална припадност,1
2013,Број,Гацко,Ж,Непозната етничка/национална припадност,5
2013,Број,Град Градишка,Оба пола,Непозната етничка/национална припадност,42
2013,Број,Град Градишка,M,Непозната етничка/национална припадност,19
2013,Број,Град Градишка,Ж,Непозната етничка/национална припадност,23
2013,Број,Град Дервента,Оба пола,Непозната етничка/национална припадност,54
2013,Број,Град Дервента,M,Непозната етничка/национална припадност,24
2013,Број,Град Дервента,Ж,Непозната етничка/национална припадност,30
2013,Број,Град Добој,Оба пола,Непозната етничка/национална припадност,163
2013,Број,Град Добој,M,Непозната етничка/национална припадност,61
2013,Број,Град Добој,Ж,Непозната етничка/национална припадност,102
2013,Број,Доњи Жабар,Оба пола,Непозната етничка/национална припадност,2
2013,Број,Доњи Жабар,M,Непозната етничка/национална припадност,1
2013,Број,Доњи Жабар,Ж,Непозната етничка/национална припадност,1
2013,Број,Град Зворник,Оба пола,Непозната етничка/национална припадност,97
2013,Број,Град Зворник,M,Непозната етничка/национална припадност,42
2013,Број,Град Зворник,Ж,Непозната етничка/национална припадност,55
2013,Број,Источна Илиџа,Оба пола,Непозната етничка/национална припадност,10
2013,Број,Источна Илиџа,M,Непозната етничка/национална припадност,5
2013,Број,Источна Илиџа,Ж,Непозната етничка/национална припадност,5
2013,Број,Источни Дрвар,Оба пола,Непозната етничка/национална припадност,0
2013,Број,Источни Дрвар,M,Непозната етничка/национална припадност,0
2013,Број,Источни Дрвар,Ж,Непозната етничка/национална припадност,0
2013,Број,Источни Мостар,Оба пола,Непозната етничка/национална припадност,2
2013,Број,Источни Мостар,M,Непозната етничка/национална припадност,1
2013,Број,Источни Мостар,Ж,Непозната етничка/национална припадност,1
2013,Број,Источни Стари Град,Оба пола,Непозната етничка/национална припадност,1
2013,Број,Источни Стари Град,M,Непозната етничка/национална припадност,1
2013,Број,Источни Стари Град,Ж,Непозната етничка/национална припадност,0
2013,Број,Источно Ново Сарајево,Оба пола,Непозната етничка/национална припадност,3
2013,Број,Источно Ново Сарајево,M,Непозната етничка/национална припадност,0
2013,Број,Источно Ново Сарајево,Ж,Непозната етничка/национална припадност,3
2013,Број,Језеро,Оба пола,Непозната етничка/национална припадност,1
2013,Број,Језеро,M,Непозната етничка/национална припадност,1
2013,Број,Језеро,Ж,Непозната етничка/национална припадност,0
2013,Број,Калиновик,Оба пола,Непозната етничка/национална припадност,0
2013,Број,Калиновик,M,Непозната етничка/национална припадност,0
2013,Број,Калиновик,Ж,Непозната етничка/национална припадност,0
2013,Број,Кнежево,Оба пола,Непозната етничка/национална припадност,4
2013,Број,Кнежево,M,Непозната етничка/национална припадност,3
2013,Број,Кнежево,Ж,Непозната етничка/национална припадност,1
2013,Број,Козарска Дубица,Оба пола,Непозната етничка/национална припадност,12
2013,Број,Козарска Дубица,M,Непозната етничка/национална припадност,5
2013,Број,Козарска Дубица,Ж,Непозната етничка/национална припадност,7
2013,Број,Костајница,Оба пола,Непозната етничка/национална припадност,2
2013,Број,Костајница,M,Непозната етничка/национална припадност,0
2013,Број,Костајница,Ж,Непозната етничка/национална припадност,2
2013,Број,Котор Варош,Оба пола,Непозната етничка/национална припадност,19
2013,Број,Котор Варош,M,Непозната етничка/национална припадност,14
2013,Број,Котор Варош,Ж,Непозната етничка/национална припадност,5
2013,Број,Крупа на Уни,Оба пола,Непозната етничка/национална припадност,0
2013,Број,Крупа на Уни,M,Непозната етничка/национална припадност,0
2013,Број,Крупа на Уни,Ж,Непозната етничка/национална припадност,0
2013,Број,Купрес,Оба пола,Непозната етничка/национална припадност,0
2013,Број,Купрес,M,Непозната етничка/национална припадност,0
2013,Број,Купрес,Ж,Непозната етничка/национална припадност,0
2013,Број,Лакташи,Оба пола,Непозната етничка/национална припадност,46
2013,Број,Лакташи,M,Непозната етничка/национална припадност,20
2013,Број,Лакташи,Ж,Непозната етничка/национална припадност,26
2013,Број,Лопаре,Оба пола,Непозната етничка/национална припадност,10
2013,Број,Лопаре,M,Непозната етничка/национална припадност,6
2013,Број,Лопаре,Ж,Непозната етничка/национална припадност,4
2013,Број,Љубиње,Оба пола,Непозната етничка/национална припадност,2
2013,Број,Љубиње,M,Непозната етничка/национална припадност,1
2013,Број,Љубиње,Ж,Непозната етничка/национална припадност,1
2013,Број,Милићи,Оба пола,Непозната етничка/национална припадност,8
2013,Број,Милићи,M,Непозната етничка/национална припадност,3
2013,Број,Милићи,Ж,Непозната етничка/национална припадност,5
2013,Број,Модрича,Оба пола,Непозната етничка/национална припадност,116
2013,Број,Модрича,M,Непозната етничка/национална припадност,62
2013,Број,Модрича,Ж,Непозната етничка/национална припадност,54
2013,Број,Мркоњић Град,Оба пола,Непозната етничка/национална припадност,12
2013,Број,Мркоњић Град,M,Непозната етничка/национална припадност,6
2013,Број,Мркоњић Град,Ж,Непозната етничка/национална припадност,6
2013,Број,Невесиње,Оба пола,Непозната етничка/национална припадност,7
2013,Број,Невесиње,M,Непозната етничка/национална припадност,2
2013,Број,Невесиње,Ж,Непозната етничка/национална припадност,5
2013,Број,Нови Град,Оба пола,Непозната етничка/национална припадност,24
2013,Број,Нови Град,M,Непозната етничка/национална припадност,13
2013,Број,Нови Град,Ж,Непозната етничка/национална припадност,11
2013,Број,Ново Горажде,Оба пола,Непозната етничка/национална припадност,7
2013,Број,Ново Горажде,M,Непозната етничка/национална припадност,2
2013,Број,Ново Горажде,Ж,Непозната етничка/национална припадност,5
2013,Број,Осмаци,Оба пола,Непозната етничка/национална припадност,4
2013,Број,Осмаци,M,Непозната етничка/национална припадност,2
2013,Број,Осмаци,Ж,Непозната етничка/национална припадност,2
2013,Број,Оштра Лука,Оба пола,Непозната етничка/национална припадност,3
2013,Број,Оштра Лука,M,Непозната етничка/национална припадност,2
2013,Број,Оштра Лука,Ж,Непозната етничка/национална припадност,1
2013,Број,Пале,Оба пола,Непозната етничка/национална припадност,13
2013,Број,Пале,M,Непозната етничка/национална припадност,9
2013,Број,Пале,Ж,Непозната етничка/национална припадност,4
2013,Број,Пелагићево,Оба пола,Непозната етничка/национална припадност,5
2013,Број,Пелагићево,M,Непозната етничка/национална припадност,1
2013,Број,Пелагићево,Ж,Непозната етничка/национална припадност,4
2013,Број,Петровац,Оба пола,Непозната етничка/национална припадност,0
2013,Број,Петровац,M,Непозната етничка/национална припадност,0
2013,Број,Петровац,Ж,Непозната етничка/национална припадност,0
2013,Број,Петрово,Оба пола,Непозната етничка/национална припадност,4
2013,Број,Петрово,M,Непозната етничка/национална припадност,2
2013,Број,Петрово,Ж,Непозната етничка/национална припадност,2
2013,Број,Град Приједор,Оба пола,Непозната етничка/национална припадност,369
2013,Број,Град Приједор,M,Непозната етничка/национална припадност,257
2013,Број,Град Приједор,Ж,Непозната етничка/национална припадност,112
2013,Број,Прњавор,Оба пола,Непозната етничка/национална припадност,30
2013,Број,Прњавор,M,Непозната етничка/национална припадност,10
2013,Број,Прњавор,Ж,Непозната етничка/национална припадност,20
2013,Број,Рибник,Оба пола,Непозната етничка/национална припадност,2
2013,Број,Рибник,M,Непозната етничка/национална припадност,2
2013,Број,Рибник,Ж,Непозната етничка/национална припадност,0
2013,Број,Рогатица,Оба пола,Непозната етничка/национална припадност,5
2013,Број,Рогатица,M,Непозната етничка/национална припадност,2
2013,Број,Рогатица,Ж,Непозната етничка/национална припадност,3
2013,Број,Рудо,Оба пола,Непозната етничка/национална припадност,3
2013,Број,Рудо,M,Непозната етничка/национална припадност,0
2013,Број,Рудо,Ж,Непозната етничка/национална припадност,3
2013,Број,Соколац,Оба пола,Непозната етничка/национална припадност,18
2013,Број,Соколац,M,Непозната етничка/национална припадност,5
2013,Број,Соколац,Ж,Непозната етничка/национална припадност,13
2013,Број,Србац,Оба пола,Непозната етничка/национална припадност,29
2013,Број,Србац,M,Непозната етничка/национална припадност,11
2013,Број,Србац,Ж,Непозната етничка/национална припадност,18
2013,Број,Сребреница,Оба пола,Непозната етничка/национална припадност,14
2013,Број,Сребреница,M,Непозната етничка/национална припадност,8
2013,Број,Сребреница,Ж,Непозната етничка/национална припадност,6
2013,Број,Теслић,Оба пола,Непозната етничка/национална припадност,44
2013,Број,Теслић,M,Непозната етничка/национална припадност,23
2013,Број,Теслић,Ж,Непозната етничка/национална припадност,21
2013,Број,Град Требиње,Оба пола,Непозната етничка/национална припадност,19
2013,Број,Град Требиње,M,Непозната етничка/национална припадност,11
2013,Број,Град Требиње,Ж,Непозната етничка/национална припадност,8
2013,Број,Трново,Оба пола,Непозната етничка/национална припадност,0
2013,Број,Трново,M,Непозната етничка/национална припадност,0
2013,Број,Трново,Ж,Непозната етничка/национална припадност,0
2013,Број,Угљевик,Оба пола,Непозната етничка/национална припадност,13
2013,Број,Угљевик,M,Непозната етничка/национална припадност,11
2013,Број,Угљевик,Ж,Непозната етничка/национална припадност,2
2013,Број,Фоча,Оба пола,Непозната етничка/национална припадност,12
2013,Број,Фоча,M,Непозната етничка/национална припадност,5
2013,Број,Фоча,Ж,Непозната етничка/национална припадност,7
2013,Број,Хан Пијесак,Оба пола,Непозната етничка/национална припадност,0
2013,Број,Хан Пијесак,M,Непозната етничка/национална припадност,0
2013,Број,Хан Пијесак,Ж,Непозната етничка/национална припадност,0
2013,Број,Чајниче,Оба пола,Непозната етничка/национална припадност,5
2013,Број,Чајниче,M,Непозната етничка/национална припадност,2
2013,Број,Чајниче,Ж,Непозната етничка/национална припадност,3
2013,Број,Челинац,Оба пола,Непозната етничка/национална припадност,9
2013,Број,Челинац,M,Непозната етничка/национална припадност,4
2013,Број,Челинац,Ж,Непозната етничка/национална припадност,5
2013,Број,Шамац,Оба пола,Непозната етничка/национална припадност,19
2013,Број,Шамац,M,Непозната етничка/национална припадност,10
2013,Број,Шамац,Ж,Непозната етничка/национална припадност,9
2013,Број,Шековићи,Оба пола,Непозната етничка/национална припадност,8
2013,Број,Шековићи,M,Непозната етничка/национална припадност,3
2013,Број,Шековићи,Ж,Непозната етничка/национална припадност,5
2013,Број,Шипово,Оба пола,Непозната етничка/национална припадност,5
2013,Број,Шипово,M,Непозната етничка/национална припадност,3
2013,Број,Шипово,Ж,Непозната етничка/национална припадност,2
