Year,UNIT_MEASURE,Град/општина,Пол,Етничка/национална припадност,Value
2013,Број,Република Српска,Укупно,Укупно,1170342
2013,Број,Република Српска,M,Укупно,571812
2013,Број,Република Српска,Ж,Укупно,598530
2013,Број,Град Бања Лука,Укупно,Укупно,180053
2013,Број,Град Бања Лука,M,Укупно,86510
2013,Број,Град Бања Лука,Ж,Укупно,93543
2013,Број,Берковићи,Укупно,Укупно,2041
2013,Број,Берковићи,M,Укупно,1032
2013,Број,Берковићи,Ж,Укупно,1009
2013,Број,Град Бијељина,Укупно,Укупно,103874
2013,Број,Град Бијељина,M,Укупно,50760
2013,Број,Град Бијељина,Ж,Укупно,53114
2013,Број,Билећа,Укупно,Укупно,10607
2013,Број,Билећа,M,Укупно,5346
2013,Број,Билећа,Ж,Укупно,5261
2013,Број,Братунац,Укупно,Укупно,18651
2013,Број,Братунац,M,Укупно,9210
2013,Број,Братунац,Ж,Укупно,9441
2013,Број,Брод,Укупно,Укупно,15720
2013,Број,Брод,M,Укупно,7670
2013,Број,Брод,Ж,Укупно,8050
2013,Број,Вишеград,Укупно,Укупно,10118
2013,Број,Вишеград,M,Укупно,4834
2013,Број,Вишеград,Ж,Укупно,5284
2013,Број,Власеница,Укупно,Укупно,10657
2013,Број,Власеница,M,Укупно,5193
2013,Број,Власеница,Ж,Укупно,5464
2013,Број,Вукосавље,Укупно,Укупно,4363
2013,Број,Вукосавље,M,Укупно,2185
2013,Број,Вукосавље,Ж,Укупно,2178
2013,Број,Гацко,Укупно,Укупно,8710
2013,Број,Гацко,M,Укупно,4423
2013,Број,Гацко,Ж,Укупно,4287
2013,Број,Град Градишка,Укупно,Укупно,49196
2013,Број,Град Градишка,M,Укупно,23944
2013,Број,Град Градишка,Ж,Укупно,25252
2013,Број,Град Дервента,Укупно,Укупно,25922
2013,Број,Град Дервента,M,Укупно,12629
2013,Број,Град Дервента,Ж,Укупно,13293
2013,Број,Град Добој,Укупно,Укупно,68514
2013,Број,Град Добој,M,Укупно,33222
2013,Број,Град Добој,Ж,Укупно,35292
2013,Број,Доњи Жабар,Укупно,Укупно,3669
2013,Број,Доњи Жабар,M,Укупно,1853
2013,Број,Доњи Жабар,Ж,Укупно,1816
2013,Број,Град Зворник,Укупно,Укупно,54407
2013,Број,Град Зворник,M,Укупно,26803
2013,Број,Град Зворник,Ж,Укупно,27604
2013,Број,Источна Илиџа,Укупно,Укупно,14437
2013,Број,Источна Илиџа,M,Укупно,6905
2013,Број,Источна Илиџа,Ж,Укупно,7532
2013,Број,Источни Дрвар,Укупно,Укупно,66
2013,Број,Источни Дрвар,M,Укупно,44
2013,Број,Источни Дрвар,Ж,Укупно,22
2013,Број,Источни Мостар,Укупно,Укупно,244
2013,Број,Источни Мостар,M,Укупно,138
2013,Број,Источни Мостар,Ж,Укупно,106
2013,Број,Источни Стари Град,Укупно,Укупно,1116
2013,Број,Источни Стари Град,M,Укупно,552
2013,Број,Источни Стари Град,Ж,Укупно,564
2013,Број,Источно Ново Сарајево,Укупно,Укупно,10401
2013,Број,Источно Ново Сарајево,M,Укупно,4936
2013,Број,Источно Ново Сарајево,Ж,Укупно,5465
2013,Број,Језеро,Укупно,Укупно,1039
2013,Број,Језеро,M,Укупно,534
2013,Број,Језеро,Ж,Укупно,505
2013,Број,Калиновик,Укупно,Укупно,1962
2013,Број,Калиновик,M,Укупно,950
2013,Број,Калиновик,Ж,Укупно,1012
2013,Број,Кнежево,Укупно,Укупно,9368
2013,Број,Кнежево,M,Укупно,4632
2013,Број,Кнежево,Ж,Укупно,4736
2013,Број,Козарска Дубица,Укупно,Укупно,20681
2013,Број,Козарска Дубица,M,Укупно,10094
2013,Број,Козарска Дубица,Ж,Укупно,10587
2013,Број,Костајница,Укупно,Укупно,5645
2013,Број,Костајница,M,Укупно,2780
2013,Број,Костајница,Ж,Укупно,2865
2013,Број,Котор Варош,Укупно,Укупно,18361
2013,Број,Котор Варош,M,Укупно,9007
2013,Број,Котор Варош,Ж,Укупно,9354
2013,Број,Крупа на Уни,Укупно,Укупно,1560
2013,Број,Крупа на Уни,M,Укупно,841
2013,Број,Крупа на Уни,Ж,Укупно,719
2013,Број,Купрес,Укупно,Укупно,293
2013,Број,Купрес,M,Укупно,157
2013,Број,Купрес,Ж,Укупно,136
2013,Број,Лакташи,Укупно,Укупно,34210
2013,Број,Лакташи,M,Укупно,16905
2013,Број,Лакташи,Ж,Укупно,17305
2013,Број,Лопаре,Укупно,Укупно,14689
2013,Број,Лопаре,M,Укупно,7377
2013,Број,Лопаре,Ж,Укупно,7312
2013,Број,Љубиње,Укупно,Укупно,3319
2013,Број,Љубиње,M,Укупно,1633
2013,Број,Љубиње,Ж,Укупно,1686
2013,Број,Милићи,Укупно,Укупно,10445
2013,Број,Милићи,M,Укупно,5252
2013,Број,Милићи,Ж,Укупно,5193
2013,Број,Модрича,Укупно,Укупно,24490
2013,Број,Модрича,M,Укупно,11969
2013,Број,Модрича,Ж,Укупно,12521
2013,Број,Мркоњић Град,Укупно,Укупно,15926
2013,Број,Мркоњић Град,M,Укупно,7660
2013,Број,Мркоњић Град,Ж,Укупно,8266
2013,Број,Невесиње,Укупно,Укупно,12542
2013,Број,Невесиње,M,Укупно,6236
2013,Број,Невесиње,Ж,Укупно,6306
2013,Број,Нови Град,Укупно,Укупно,25240
2013,Број,Нови Град,M,Укупно,12580
2013,Број,Нови Град,Ж,Укупно,12660
2013,Број,Ново Горажде,Укупно,Укупно,2915
2013,Број,Ново Горажде,M,Укупно,1500
2013,Број,Ново Горажде,Ж,Укупно,1415
2013,Број,Осмаци,Укупно,Укупно,5546
2013,Број,Осмаци,M,Укупно,2779
2013,Број,Осмаци,Ж,Укупно,2767
2013,Број,Оштра Лука,Укупно,Укупно,2705
2013,Број,Оштра Лука,M,Укупно,1386
2013,Број,Оштра Лука,Ж,Укупно,1319
2013,Број,Пале,Укупно,Укупно,20359
2013,Број,Пале,M,Укупно,9744
2013,Број,Пале,Ж,Укупно,10615
2013,Број,Пелагићево,Укупно,Укупно,4358
2013,Број,Пелагићево,M,Укупно,2151
2013,Број,Пелагићево,Ж,Укупно,2207
2013,Број,Петровац,Укупно,Укупно,354
2013,Број,Петровац,M,Укупно,169
2013,Број,Петровац,Ж,Укупно,185
2013,Број,Петрово,Укупно,Укупно,6317
2013,Број,Петрово,M,Укупно,3043
2013,Број,Петрово,Ж,Укупно,3274
2013,Број,Град Приједор,Укупно,Укупно,80916
2013,Број,Град Приједор,M,Укупно,39418
2013,Број,Град Приједор,Ж,Укупно,41498
2013,Број,Прњавор,Укупно,Укупно,34357
2013,Број,Прњавор,M,Укупно,16675
2013,Број,Прњавор,Ж,Укупно,17682
2013,Број,Рибник,Укупно,Укупно,5851
2013,Број,Рибник,M,Укупно,2900
2013,Број,Рибник,Ж,Укупно,2951
2013,Број,Рогатица,Укупно,Укупно,10302
2013,Број,Рогатица,M,Укупно,5053
2013,Број,Рогатица,Ж,Укупно,5249
2013,Број,Рудо,Укупно,Укупно,7578
2013,Број,Рудо,M,Укупно,3840
2013,Број,Рудо,Ж,Укупно,3738
2013,Број,Соколац,Укупно,Укупно,11620
2013,Број,Соколац,M,Укупно,5723
2013,Број,Соколац,Ж,Укупно,5897
2013,Број,Србац,Укупно,Укупно,16933
2013,Број,Србац,M,Укупно,8295
2013,Број,Србац,Ж,Укупно,8638
2013,Број,Сребреница,Укупно,Укупно,11698
2013,Број,Сребреница,M,Укупно,5714
2013,Број,Сребреница,Ж,Укупно,5984
2013,Број,Теслић,Укупно,Укупно,37236
2013,Број,Теслић,M,Укупно,17894
2013,Број,Теслић,Ж,Укупно,19342
2013,Број,Град Требиње,Укупно,Укупно,28239
2013,Број,Град Требиње,M,Укупно,13760
2013,Број,Град Требиње,Ж,Укупно,14479
2013,Број,Трново,Укупно,Укупно,1983
2013,Број,Трново,M,Укупно,953
2013,Број,Трново,Ж,Укупно,1030
2013,Број,Угљевик,Укупно,Укупно,15118
2013,Број,Угљевик,M,Укупно,7626
2013,Број,Угљевик,Ж,Укупно,7492
2013,Број,Фоча,Укупно,Укупно,17580
2013,Број,Фоча,M,Укупно,8880
2013,Број,Фоча,Ж,Укупно,8700
2013,Број,Хан Пијесак,Укупно,Укупно,3445
2013,Број,Хан Пијесак,M,Укупно,1632
2013,Број,Хан Пијесак,Ж,Укупно,1813
2013,Број,Чајниче,Укупно,Укупно,4679
2013,Број,Чајниче,M,Укупно,2347
2013,Број,Чајниче,Ж,Укупно,2332
2013,Број,Челинац,Укупно,Укупно,15117
2013,Број,Челинац,M,Укупно,7477
2013,Број,Челинац,Ж,Укупно,7640
2013,Број,Шамац,Укупно,Укупно,16308
2013,Број,Шамац,M,Укупно,7908
2013,Број,Шамац,Ж,Укупно,8400
2013,Број,Шековићи,Укупно,Укупно,6323
2013,Број,Шековићи,M,Укупно,3103
2013,Број,Шековићи,Ж,Укупно,3220
2013,Број,Шипово,Укупно,Укупно,9969
2013,Број,Шипово,M,Укупно,5046
2013,Број,Шипово,Ж,Укупно,4923
2013,Број,Република Српска,Укупно,Бошњаци,148477
2013,Број,Република Српска,M,Бошњаци,72148
2013,Број,Република Српска,Ж,Бошњаци,76329
2013,Број,Град Бања Лука,Укупно,Бошњаци,6816
2013,Број,Град Бања Лука,M,Бошњаци,3108
2013,Број,Град Бања Лука,Ж,Бошњаци,3708
2013,Број,Берковићи,Укупно,Бошњаци,155
2013,Број,Берковићи,M,Бошњаци,87
2013,Број,Берковићи,Ж,Бошњаци,68
2013,Број,Град Бијељина,Укупно,Бошњаци,11680
2013,Број,Град Бијељина,M,Бошњаци,5733
2013,Број,Град Бијељина,Ж,Бошњаци,5947
2013,Број,Билећа,Укупно,Бошњаци,26
2013,Број,Билећа,M,Бошњаци,16
2013,Број,Билећа,Ж,Бошњаци,10
2013,Број,Братунац,Укупно,Бошњаци,6588
2013,Број,Братунац,M,Бошњаци,3218
2013,Број,Братунац,Ж,Бошњаци,3370
2013,Број,Брод,Укупно,Бошњаци,1312
2013,Број,Брод,M,Бошњаци,640
2013,Број,Брод,Ж,Бошњаци,672
2013,Број,Вишеград,Укупно,Бошњаци,895
2013,Број,Вишеград,M,Бошњаци,454
2013,Број,Вишеград,Ж,Бошњаци,441
2013,Број,Власеница,Укупно,Бошњаци,3360
2013,Број,Власеница,M,Бошњаци,1646
2013,Број,Власеница,Ж,Бошњаци,1714
2013,Број,Вукосавље,Укупно,Бошњаци,2025
2013,Број,Вукосавље,M,Бошњаци,1034
2013,Број,Вукосавље,Ж,Бошњаци,991
2013,Број,Гацко,Укупно,Бошњаци,332
2013,Број,Гацко,M,Бошњаци,179
2013,Број,Гацко,Ж,Бошњаци,153
2013,Број,Град Градишка,Укупно,Бошњаци,6266
2013,Број,Град Градишка,M,Бошњаци,3047
2013,Број,Град Градишка,Ж,Бошњаци,3219
2013,Број,Град Дервента,Укупно,Бошњаци,1686
2013,Број,Град Дервента,M,Бошњаци,812
2013,Број,Град Дервента,Ж,Бошњаци,874
2013,Број,Град Добој,Укупно,Бошњаци,14417
2013,Број,Град Добој,M,Бошњаци,6904
2013,Број,Град Добој,Ж,Бошњаци,7513
2013,Број,Доњи Жабар,Укупно,Бошњаци,4
2013,Број,Доњи Жабар,M,Бошњаци,0
2013,Број,Доњи Жабар,Ж,Бошњаци,4
2013,Број,Град Зворник,Укупно,Бошњаци,16775
2013,Број,Град Зворник,M,Бошњаци,8206
2013,Број,Град Зворник,Ж,Бошњаци,8569
2013,Број,Источна Илиџа,Укупно,Бошњаци,632
2013,Број,Источна Илиџа,M,Бошњаци,293
2013,Број,Источна Илиџа,Ж,Бошњаци,339
2013,Број,Источни Дрвар,Укупно,Бошњаци,0
2013,Број,Источни Дрвар,M,Бошњаци,0
2013,Број,Источни Дрвар,Ж,Бошњаци,0
2013,Број,Источни Мостар,Укупно,Бошњаци,78
2013,Број,Источни Мостар,M,Бошњаци,45
2013,Број,Источни Мостар,Ж,Бошњаци,33
2013,Број,Источни Стари Град,Укупно,Бошњаци,41
2013,Број,Источни Стари Град,M,Бошњаци,25
2013,Број,Источни Стари Град,Ж,Бошњаци,16
2013,Број,Источно Ново Сарајево,Укупно,Бошњаци,44
2013,Број,Источно Ново Сарајево,M,Бошњаци,14
2013,Број,Источно Ново Сарајево,Ж,Бошњаци,30
2013,Број,Језеро,Укупно,Бошњаци,251
2013,Број,Језеро,M,Бошњаци,118
2013,Број,Језеро,Ж,Бошњаци,133
2013,Број,Калиновик,Укупно,Бошњаци,43
2013,Број,Калиновик,M,Бошњаци,19
2013,Број,Калиновик,Ж,Бошњаци,24
2013,Број,Кнежево,Укупно,Бошњаци,413
2013,Број,Кнежево,M,Бошњаци,186
2013,Број,Кнежево,Ж,Бошњаци,227
2013,Број,Козарска Дубица,Укупно,Бошњаци,1883
2013,Број,Козарска Дубица,M,Бошњаци,906
2013,Број,Козарска Дубица,Ж,Бошњаци,977
2013,Број,Костајница,Укупно,Бошњаци,1276
2013,Број,Костајница,M,Бошњаци,626
2013,Број,Костајница,Ж,Бошњаци,650
2013,Број,Котор Варош,Укупно,Бошњаци,4516
2013,Број,Котор Варош,M,Бошњаци,2173
2013,Број,Котор Варош,Ж,Бошњаци,2343
2013,Број,Крупа на Уни,Укупно,Бошњаци,3
2013,Број,Крупа на Уни,M,Бошњаци,1
2013,Број,Крупа на Уни,Ж,Бошњаци,2
2013,Број,Купрес,Укупно,Бошњаци,0
2013,Број,Купрес,M,Бошњаци,0
2013,Број,Купрес,Ж,Бошњаци,0
2013,Број,Лакташи,Укупно,Бошњаци,104
2013,Број,Лакташи,M,Бошњаци,47
2013,Број,Лакташи,Ж,Бошњаци,57
2013,Број,Лопаре,Укупно,Бошњаци,1310
2013,Број,Лопаре,M,Бошњаци,646
2013,Број,Лопаре,Ж,Бошњаци,664
2013,Број,Љубиње,Укупно,Бошњаци,9
2013,Број,Љубиње,M,Бошњаци,5
2013,Број,Љубиње,Ж,Бошњаци,4
2013,Број,Милићи,Укупно,Бошњаци,3532
2013,Број,Милићи,M,Бошњаци,1746
2013,Број,Милићи,Ж,Бошњаци,1786
2013,Број,Модрича,Укупно,Бошњаци,2880
2013,Број,Модрича,M,Бошњаци,1364
2013,Број,Модрича,Ж,Бошњаци,1516
2013,Број,Мркоњић Град,Укупно,Бошњаци,354
2013,Број,Мркоњић Град,M,Бошњаци,170
2013,Број,Мркоњић Град,Ж,Бошњаци,184
2013,Број,Невесиње,Укупно,Бошњаци,508
2013,Број,Невесиње,M,Бошњаци,261
2013,Број,Невесиње,Ж,Бошњаци,247
2013,Број,Нови Град,Укупно,Бошњаци,5214
2013,Број,Нови Град,M,Бошњаци,2606
2013,Број,Нови Град,Ж,Бошњаци,2608
2013,Број,Ново Горажде,Укупно,Бошњаци,1317
2013,Број,Ново Горажде,M,Бошњаци,662
2013,Број,Ново Горажде,Ж,Бошњаци,655
2013,Број,Осмаци,Укупно,Бошњаци,2673
2013,Број,Осмаци,M,Бошњаци,1321
2013,Број,Осмаци,Ж,Бошњаци,1352
2013,Број,Оштра Лука,Укупно,Бошњаци,23
2013,Број,Оштра Лука,M,Бошњаци,7
2013,Број,Оштра Лука,Ж,Бошњаци,16
2013,Број,Пале,Укупно,Бошњаци,165
2013,Број,Пале,M,Бошњаци,86
2013,Број,Пале,Ж,Бошњаци,79
2013,Број,Пелагићево,Укупно,Бошњаци,13
2013,Број,Пелагићево,M,Бошњаци,2
2013,Број,Пелагићево,Ж,Бошњаци,11
2013,Број,Петровац,Укупно,Бошњаци,0
2013,Број,Петровац,M,Бошњаци,0
2013,Број,Петровац,Ж,Бошњаци,0
2013,Број,Петрово,Укупно,Бошњаци,6
2013,Број,Петрово,M,Бошњаци,2
2013,Број,Петрово,Ж,Бошњаци,4
2013,Број,Град Приједор,Укупно,Бошњаци,22303
2013,Број,Град Приједор,M,Бошњаци,10669
2013,Број,Град Приједор,Ж,Бошњаци,11634
2013,Број,Прњавор,Укупно,Бошњаци,2749
2013,Број,Прњавор,M,Бошњаци,1329
2013,Број,Прњавор,Ж,Бошњаци,1420
2013,Број,Рибник,Укупно,Бошњаци,0
2013,Број,Рибник,M,Бошњаци,0
2013,Број,Рибник,Ж,Бошњаци,0
2013,Број,Рогатица,Укупно,Бошњаци,1009
2013,Број,Рогатица,M,Бошњаци,520
2013,Број,Рогатица,Ж,Бошњаци,489
2013,Број,Рудо,Укупно,Бошњаци,574
2013,Број,Рудо,M,Бошњаци,300
2013,Број,Рудо,Ж,Бошњаци,274
2013,Број,Соколац,Укупно,Бошњаци,629
2013,Број,Соколац,M,Бошњаци,329
2013,Број,Соколац,Ж,Бошњаци,300
2013,Број,Србац,Укупно,Бошњаци,394
2013,Број,Србац,M,Бошњаци,184
2013,Број,Србац,Ж,Бошњаци,210
2013,Број,Сребреница,Укупно,Бошњаци,6122
2013,Број,Сребреница,M,Бошњаци,2913
2013,Број,Сребреница,Ж,Бошњаци,3209
2013,Број,Теслић,Укупно,Бошњаци,6887
2013,Број,Теслић,M,Бошњаци,3387
2013,Број,Теслић,Ж,Бошњаци,3500
2013,Број,Град Требиње,Укупно,Бошњаци,863
2013,Број,Град Требиње,M,Бошњаци,426
2013,Број,Град Требиње,Ж,Бошњаци,437
2013,Број,Трново,Укупно,Бошњаци,818
2013,Број,Трново,M,Бошњаци,405
2013,Број,Трново,Ж,Бошњаци,413
2013,Број,Угљевик,Укупно,Бошњаци,1999
2013,Број,Угљевик,M,Бошњаци,974
2013,Број,Угљевик,Ж,Бошњаци,1025
2013,Број,Фоча,Укупно,Бошњаци,1169
2013,Број,Фоча,M,Бошњаци,626
2013,Број,Фоча,Ж,Бошњаци,543
2013,Број,Хан Пијесак,Укупно,Бошњаци,420
2013,Број,Хан Пијесак,M,Бошњаци,204
2013,Број,Хан Пијесак,Ж,Бошњаци,216
2013,Број,Чајниче,Укупно,Бошњаци,835
2013,Број,Чајниче,M,Бошњаци,439
2013,Број,Чајниче,Ж,Бошњаци,396
2013,Број,Челинац,Укупно,Бошњаци,395
2013,Број,Челинац,M,Бошњаци,197
2013,Број,Челинац,Ж,Бошњаци,198
2013,Број,Шамац,Укупно,Бошњаци,1005
2013,Број,Шамац,M,Бошњаци,486
2013,Број,Шамац,Ж,Бошњаци,519
2013,Број,Шековићи,Укупно,Бошњаци,103
2013,Број,Шековићи,M,Бошњаци,51
2013,Број,Шековићи,Ж,Бошњаци,52
2013,Број,Шипово,Укупно,Бошњаци,578
2013,Број,Шипово,M,Бошњаци,294
2013,Број,Шипово,Ж,Бошњаци,284
2013,Број,Република Српска,Укупно,Хрвати,26509
2013,Број,Република Српска,M,Хрвати,11005
2013,Број,Република Српска,Ж,Хрвати,15504
2013,Број,Град Бања Лука,Укупно,Хрвати,4887
2013,Број,Град Бања Лука,M,Хрвати,1761
2013,Број,Град Бања Лука,Ж,Хрвати,3126
2013,Број,Берковићи,Укупно,Хрвати,11
2013,Број,Берковићи,M,Хрвати,1
2013,Број,Берковићи,Ж,Хрвати,10
2013,Број,Град Бијељина,Укупно,Хрвати,498
2013,Број,Град Бијељина,M,Хрвати,140
2013,Број,Град Бијељина,Ж,Хрвати,358
2013,Број,Билећа,Укупно,Хрвати,21
2013,Број,Билећа,M,Хрвати,2
2013,Број,Билећа,Ж,Хрвати,19
2013,Број,Братунац,Укупно,Хрвати,30
2013,Број,Братунац,M,Хрвати,5
2013,Број,Братунац,Ж,Хрвати,25
2013,Број,Брод,Укупно,Хрвати,3021
2013,Број,Брод,M,Хрвати,1413
2013,Број,Брод,Ж,Хрвати,1608
2013,Број,Вишеград,Укупно,Хрвати,32
2013,Број,Вишеград,M,Хрвати,5
2013,Број,Вишеград,Ж,Хрвати,27
2013,Број,Власеница,Укупно,Хрвати,29
2013,Број,Власеница,M,Хрвати,5
2013,Број,Власеница,Ж,Хрвати,24
2013,Број,Вукосавље,Укупно,Хрвати,698
2013,Број,Вукосавље,M,Хрвати,332
2013,Број,Вукосавље,Ж,Хрвати,366
2013,Број,Гацко,Укупно,Хрвати,13
2013,Број,Гацко,M,Хрвати,5
2013,Број,Гацко,Ж,Хрвати,8
2013,Број,Град Градишка,Укупно,Хрвати,800
2013,Број,Град Градишка,M,Хрвати,276
2013,Број,Град Градишка,Ж,Хрвати,524
2013,Број,Град Дервента,Укупно,Хрвати,2181
2013,Број,Град Дервента,M,Хрвати,1040
2013,Број,Град Дервента,Ж,Хрвати,1141
2013,Број,Град Добој,Укупно,Хрвати,1550
2013,Број,Град Добој,M,Хрвати,605
2013,Број,Град Добој,Ж,Хрвати,945
2013,Број,Доњи Жабар,Укупно,Хрвати,991
2013,Број,Доњи Жабар,M,Хрвати,497
2013,Број,Доњи Жабар,Ж,Хрвати,494
2013,Број,Град Зворник,Укупно,Хрвати,103
2013,Број,Град Зворник,M,Хрвати,17
2013,Број,Град Зворник,Ж,Хрвати,86
2013,Број,Источна Илиџа,Укупно,Хрвати,148
2013,Број,Источна Илиџа,M,Хрвати,39
2013,Број,Источна Илиџа,Ж,Хрвати,109
2013,Број,Источни Дрвар,Укупно,Хрвати,1
2013,Број,Источни Дрвар,M,Хрвати,0
2013,Број,Источни Дрвар,Ж,Хрвати,1
2013,Број,Источни Мостар,Укупно,Хрвати,11
2013,Број,Источни Мостар,M,Хрвати,8
2013,Број,Источни Мостар,Ж,Хрвати,3
2013,Број,Источни Стари Град,Укупно,Хрвати,6
2013,Број,Источни Стари Град,M,Хрвати,2
2013,Број,Источни Стари Град,Ж,Хрвати,4
2013,Број,Источно Ново Сарајево,Укупно,Хрвати,102
2013,Број,Источно Ново Сарајево,M,Хрвати,23
2013,Број,Источно Ново Сарајево,Ж,Хрвати,79
2013,Број,Језеро,Укупно,Хрвати,6
2013,Број,Језеро,M,Хрвати,4
2013,Број,Језеро,Ж,Хрвати,2
2013,Број,Калиновик,Укупно,Хрвати,8
2013,Број,Калиновик,M,Хрвати,2
2013,Број,Калиновик,Ж,Хрвати,6
2013,Број,Кнежево,Укупно,Хрвати,24
2013,Број,Кнежево,M,Хрвати,5
2013,Број,Кнежево,Ж,Хрвати,19
2013,Број,Козарска Дубица,Укупно,Хрвати,261
2013,Број,Козарска Дубица,M,Хрвати,79
2013,Број,Козарска Дубица,Ж,Хрвати,182
2013,Број,Костајница,Укупно,Хрвати,82
2013,Број,Костајница,M,Хрвати,29
2013,Број,Костајница,Ж,Хрвати,53
2013,Број,Котор Варош,Укупно,Хрвати,852
2013,Број,Котор Варош,M,Хрвати,410
2013,Број,Котор Варош,Ж,Хрвати,442
2013,Број,Крупа на Уни,Укупно,Хрвати,2
2013,Број,Крупа на Уни,M,Хрвати,0
2013,Број,Крупа на Уни,Ж,Хрвати,2
2013,Број,Купрес,Укупно,Хрвати,0
2013,Број,Купрес,M,Хрвати,0
2013,Број,Купрес,Ж,Хрвати,0
2013,Број,Лакташи,Укупно,Хрвати,500
2013,Број,Лакташи,M,Хрвати,175
2013,Број,Лакташи,Ж,Хрвати,325
2013,Број,Лопаре,Укупно,Хрвати,48
2013,Број,Лопаре,M,Хрвати,9
2013,Број,Лопаре,Ж,Хрвати,39
2013,Број,Љубиње,Укупно,Хрвати,10
2013,Број,Љубиње,M,Хрвати,3
2013,Број,Љубиње,Ж,Хрвати,7
2013,Број,Милићи,Укупно,Хрвати,22
2013,Број,Милићи,M,Хрвати,7
2013,Број,Милићи,Ж,Хрвати,15
2013,Број,Модрича,Укупно,Хрвати,1396
2013,Број,Модрича,M,Хрвати,662
2013,Број,Модрича,Ж,Хрвати,734
2013,Број,Мркоњић Град,Укупно,Хрвати,148
2013,Број,Мркоњић Град,M,Хрвати,60
2013,Број,Мркоњић Град,Ж,Хрвати,88
2013,Број,Невесиње,Укупно,Хрвати,27
2013,Број,Невесиње,M,Хрвати,9
2013,Број,Невесиње,Ж,Хрвати,18
2013,Број,Нови Град,Укупно,Хрвати,174
2013,Број,Нови Град,M,Хрвати,58
2013,Број,Нови Град,Ж,Хрвати,116
2013,Број,Ново Горажде,Укупно,Хрвати,2
2013,Број,Ново Горажде,M,Хрвати,1
2013,Број,Ново Горажде,Ж,Хрвати,1
2013,Број,Осмаци,Укупно,Хрвати,7
2013,Број,Осмаци,M,Хрвати,1
2013,Број,Осмаци,Ж,Хрвати,6
2013,Број,Оштра Лука,Укупно,Хрвати,149
2013,Број,Оштра Лука,M,Хрвати,74
2013,Број,Оштра Лука,Ж,Хрвати,75
2013,Број,Пале,Укупно,Хрвати,126
2013,Број,Пале,M,Хрвати,37
2013,Број,Пале,Ж,Хрвати,89
2013,Број,Пелагићево,Укупно,Хрвати,1182
2013,Број,Пелагићево,M,Хрвати,580
2013,Број,Пелагићево,Ж,Хрвати,602
2013,Број,Петровац,Укупно,Хрвати,0
2013,Број,Петровац,M,Хрвати,0
2013,Број,Петровац,Ж,Хрвати,0
2013,Број,Петрово,Укупно,Хрвати,34
2013,Број,Петрово,M,Хрвати,8
2013,Број,Петрово,Ж,Хрвати,26
2013,Број,Град Приједор,Укупно,Хрвати,1666
2013,Број,Град Приједор,M,Хрвати,679
2013,Број,Град Приједор,Ж,Хрвати,987
2013,Број,Прњавор,Укупно,Хрвати,423
2013,Број,Прњавор,M,Хрвати,150
2013,Број,Прњавор,Ж,Хрвати,273
2013,Број,Рибник,Укупно,Хрвати,11
2013,Број,Рибник,M,Хрвати,4
2013,Број,Рибник,Ж,Хрвати,7
2013,Број,Рогатица,Укупно,Хрвати,18
2013,Број,Рогатица,M,Хрвати,2
2013,Број,Рогатица,Ж,Хрвати,16
2013,Број,Рудо,Укупно,Хрвати,7
2013,Број,Рудо,M,Хрвати,6
2013,Број,Рудо,Ж,Хрвати,1
2013,Број,Соколац,Укупно,Хрвати,28
2013,Број,Соколац,M,Хрвати,8
2013,Број,Соколац,Ж,Хрвати,20
2013,Број,Србац,Укупно,Хрвати,128
2013,Број,Србац,M,Хрвати,21
2013,Број,Србац,Ж,Хрвати,107
2013,Број,Сребреница,Укупно,Хрвати,14
2013,Број,Сребреница,M,Хрвати,6
2013,Број,Сребреница,Ж,Хрвати,8
2013,Број,Теслић,Укупно,Хрвати,1346
2013,Број,Теслић,M,Хрвати,581
2013,Број,Теслић,Ж,Хрвати,765
2013,Број,Град Требиње,Укупно,Хрвати,295
2013,Број,Град Требиње,M,Хрвати,99
2013,Број,Град Требиње,Ж,Хрвати,196
2013,Број,Трново,Укупно,Хрвати,15
2013,Број,Трново,M,Хрвати,3
2013,Број,Трново,Ж,Хрвати,12
2013,Број,Угљевик,Укупно,Хрвати,42
2013,Број,Угљевик,M,Хрвати,8
2013,Број,Угљевик,Ж,Хрвати,34
2013,Број,Фоча,Укупно,Хрвати,52
2013,Број,Фоча,M,Хрвати,16
2013,Број,Фоча,Ж,Хрвати,36
2013,Број,Хан Пијесак,Укупно,Хрвати,7
2013,Број,Хан Пијесак,M,Хрвати,1
2013,Број,Хан Пијесак,Ж,Хрвати,6
2013,Број,Чајниче,Укупно,Хрвати,6
2013,Број,Чајниче,M,Хрвати,1
2013,Број,Чајниче,Ж,Хрвати,5
2013,Број,Челинац,Укупно,Хрвати,48
2013,Број,Челинац,M,Хрвати,11
2013,Број,Челинац,Ж,Хрвати,37
2013,Број,Шамац,Укупно,Хрвати,2176
2013,Број,Шамац,M,Хрвати,1011
2013,Број,Шамац,Ж,Хрвати,1165
2013,Број,Шековићи,Укупно,Хрвати,8
2013,Број,Шековићи,M,Хрвати,2
2013,Број,Шековићи,Ж,Хрвати,6
2013,Број,Шипово,Укупно,Хрвати,26
2013,Број,Шипово,M,Хрвати,7
2013,Број,Шипово,Ж,Хрвати,19
2013,Број,Република Српска,Укупно,Срби,970857
2013,Број,Република Српска,M,Срби,477334
2013,Број,Република Српска,Ж,Срби,493523
2013,Број,Град Бања Лука,Укупно,Срби,162057
2013,Број,Град Бања Лука,M,Срби,78827
2013,Број,Град Бања Лука,Ж,Срби,83230
2013,Број,Берковићи,Укупно,Срби,1873
2013,Број,Берковићи,M,Срби,943
2013,Број,Берковићи,Ж,Срби,930
2013,Број,Град Бијељина,Укупно,Срби,89474
2013,Број,Град Бијељина,M,Срби,43861
2013,Број,Град Бијељина,Ж,Срби,45613
2013,Број,Билећа,Укупно,Срби,10447
2013,Број,Билећа,M,Срби,5276
2013,Број,Билећа,Ж,Срби,5171
2013,Број,Братунац,Укупно,Срби,11897
2013,Број,Братунац,M,Срби,5915
2013,Број,Братунац,Ж,Срби,5982
2013,Број,Брод,Укупно,Срби,11065
2013,Број,Брод,M,Срби,5486
2013,Број,Брод,Ж,Срби,5579
2013,Број,Вишеград,Укупно,Срби,8942
2013,Број,Вишеград,M,Срби,4337
2013,Број,Вишеград,Ж,Срби,4605
2013,Број,Власеница,Укупно,Срби,7190
2013,Број,Власеница,M,Срби,3505
2013,Број,Власеница,Ж,Срби,3685
2013,Број,Вукосавље,Укупно,Срби,1448
2013,Број,Вукосавље,M,Срби,720
2013,Број,Вукосавље,Ж,Срби,728
2013,Број,Гацко,Укупно,Срби,8316
2013,Број,Гацко,M,Срби,4211
2013,Број,Гацко,Ж,Срби,4105
2013,Број,Град Градишка,Укупно,Срби,40707
2013,Број,Град Градишка,M,Срби,19960
2013,Број,Град Градишка,Ж,Срби,20747
2013,Број,Град Дервента,Укупно,Срби,21495
2013,Број,Град Дервента,M,Срби,10524
2013,Број,Град Дервента,Ж,Срби,10971
2013,Број,Град Добој,Укупно,Срби,50968
2013,Број,Град Добој,M,Срби,24968
2013,Број,Град Добој,Ж,Срби,26000
2013,Број,Доњи Жабар,Укупно,Срби,2658
2013,Број,Доњи Жабар,M,Срби,1352
2013,Број,Доњи Жабар,Ж,Срби,1306
2013,Број,Град Зворник,Укупно,Срби,37242
2013,Број,Град Зворник,M,Срби,18452
2013,Број,Град Зворник,Ж,Срби,18790
2013,Број,Источна Илиџа,Укупно,Срби,13455
2013,Број,Источна Илиџа,M,Срби,6486
2013,Број,Источна Илиџа,Ж,Срби,6969
2013,Број,Источни Дрвар,Укупно,Срби,65
2013,Број,Источни Дрвар,M,Срби,44
2013,Број,Источни Дрвар,Ж,Срби,21
2013,Број,Источни Мостар,Укупно,Срби,153
2013,Број,Источни Мостар,M,Срби,84
2013,Број,Источни Мостар,Ж,Срби,69
2013,Број,Источни Стари Град,Укупно,Срби,1059
2013,Број,Источни Стари Град,M,Срби,519
2013,Број,Источни Стари Град,Ж,Срби,540
2013,Број,Источно Ново Сарајево,Укупно,Срби,10028
2013,Број,Источно Ново Сарајево,M,Срби,4801
2013,Број,Источно Ново Сарајево,Ж,Срби,5227
2013,Број,Језеро,Укупно,Срби,779
2013,Број,Језеро,M,Срби,410
2013,Број,Језеро,Ж,Срби,369
2013,Број,Калиновик,Укупно,Срби,1895
2013,Број,Калиновик,M,Срби,920
2013,Број,Калиновик,Ж,Срби,975
2013,Број,Кнежево,Укупно,Срби,8886
2013,Број,Кнежево,M,Срби,4414
2013,Број,Кнежево,Ж,Срби,4472
2013,Број,Козарска Дубица,Укупно,Срби,18144
2013,Број,Козарска Дубица,M,Срби,8939
2013,Број,Козарска Дубица,Ж,Срби,9205
2013,Број,Костајница,Укупно,Срби,4177
2013,Број,Костајница,M,Срби,2077
2013,Број,Костајница,Ж,Срби,2100
2013,Број,Котор Варош,Укупно,Срби,12730
2013,Број,Котор Варош,M,Срби,6305
2013,Број,Котор Варош,Ж,Срби,6425
2013,Број,Крупа на Уни,Укупно,Срби,1555
2013,Број,Крупа на Уни,M,Срби,840
2013,Број,Крупа на Уни,Ж,Срби,715
2013,Број,Купрес,Укупно,Срби,292
2013,Број,Купрес,M,Срби,156
2013,Број,Купрес,Ж,Срби,136
2013,Број,Лакташи,Укупно,Срби,32761
2013,Број,Лакташи,M,Срби,16275
2013,Број,Лакташи,Ж,Срби,16486
2013,Број,Лопаре,Укупно,Срби,13267
2013,Број,Лопаре,M,Срби,6695
2013,Број,Лопаре,Ж,Срби,6572
2013,Број,Љубиње,Укупно,Срби,3280
2013,Број,Љубиње,M,Срби,1615
2013,Број,Љубиње,Ж,Срби,1665
2013,Број,Милићи,Укупно,Срби,6857
2013,Број,Милићи,M,Срби,3486
2013,Број,Милићи,Ж,Срби,3371
2013,Број,Модрича,Укупно,Срби,19530
2013,Број,Модрича,M,Срби,9611
2013,Број,Модрича,Ж,Срби,9919
2013,Број,Мркоњић Град,Укупно,Срби,15340
2013,Број,Мркоњић Град,M,Срби,7388
2013,Број,Мркоњић Град,Ж,Срби,7952
2013,Број,Невесиње,Укупно,Срби,11964
2013,Број,Невесиње,M,Срби,5951
2013,Број,Невесиње,Ж,Срби,6013
2013,Број,Нови Град,Укупно,Срби,19491
2013,Број,Нови Град,M,Срби,9747
2013,Број,Нови Град,Ж,Срби,9744
2013,Број,Ново Горажде,Укупно,Срби,1561
2013,Број,Ново Горажде,M,Срби,821
2013,Број,Ново Горажде,Ж,Срби,740
2013,Број,Осмаци,Укупно,Срби,2852
2013,Број,Осмаци,M,Срби,1450
2013,Број,Осмаци,Ж,Срби,1402
2013,Број,Оштра Лука,Укупно,Срби,2510
2013,Број,Оштра Лука,M,Срби,1296
2013,Број,Оштра Лука,Ж,Срби,1214
2013,Број,Пале,Укупно,Срби,19932
2013,Број,Пале,M,Срби,9561
2013,Број,Пале,Ж,Срби,10371
2013,Број,Пелагићево,Укупно,Срби,3146
2013,Број,Пелагићево,M,Срби,1563
2013,Број,Пелагићево,Ж,Срби,1583
2013,Број,Петровац,Укупно,Срби,351
2013,Број,Петровац,M,Срби,168
2013,Број,Петровац,Ж,Срби,183
2013,Број,Петрово,Укупно,Срби,6222
2013,Број,Петрово,M,Срби,3002
2013,Број,Петрово,Ж,Срби,3220
2013,Број,Град Приједор,Укупно,Срби,54365
2013,Број,Град Приједор,M,Срби,26834
2013,Број,Град Приједор,Ж,Срби,27531
2013,Број,Прњавор,Укупно,Срби,29478
2013,Број,Прњавор,M,Срби,14352
2013,Број,Прњавор,Ж,Срби,15126
2013,Број,Рибник,Укупно,Срби,5825
2013,Број,Рибник,M,Срби,2891
2013,Број,Рибник,Ж,Срби,2934
2013,Број,Рогатица,Укупно,Срби,9217
2013,Број,Рогатица,M,Срби,4502
2013,Број,Рогатица,Ж,Срби,4715
2013,Број,Рудо,Укупно,Срби,6963
2013,Број,Рудо,M,Срби,3517
2013,Број,Рудо,Ж,Срби,3446
2013,Број,Соколац,Укупно,Срби,10894
2013,Број,Соколац,M,Срби,5357
2013,Број,Соколац,Ж,Срби,5537
2013,Број,Србац,Укупно,Срби,16013
2013,Број,Србац,M,Срби,7888
2013,Број,Србац,Ж,Срби,8125
2013,Број,Сребреница,Укупно,Срби,5467
2013,Број,Сребреница,M,Срби,2743
2013,Број,Сребреница,Ж,Срби,2724
2013,Број,Теслић,Укупно,Срби,28166
2013,Број,Теслић,M,Срби,13545
2013,Број,Теслић,Ж,Срби,14621
2013,Број,Град Требиње,Укупно,Срби,26484
2013,Број,Град Требиње,M,Срби,12943
2013,Број,Град Требиње,Ж,Срби,13541
2013,Број,Трново,Укупно,Срби,1131
2013,Број,Трново,M,Срби,534
2013,Број,Трново,Ж,Срби,597
2013,Број,Угљевик,Укупно,Срби,13007
2013,Број,Угљевик,M,Срби,6606
2013,Број,Угљевик,Ж,Срби,6401
2013,Број,Фоча,Укупно,Срби,16157
2013,Број,Фоча,M,Срби,8133
2013,Број,Фоча,Ж,Срби,8024
2013,Број,Хан Пијесак,Укупно,Срби,2994
2013,Број,Хан Пијесак,M,Срби,1412
2013,Број,Хан Пијесак,Ж,Срби,1582
2013,Број,Чајниче,Укупно,Срби,3806
2013,Број,Чајниче,M,Срби,1891
2013,Број,Чајниче,Ж,Срби,1915
2013,Број,Челинац,Укупно,Срби,14508
2013,Број,Челинац,M,Срби,7194
2013,Број,Челинац,Ж,Срби,7314
2013,Број,Шамац,Укупно,Срби,12832
2013,Број,Шамац,M,Срби,6277
2013,Број,Шамац,Ж,Срби,6555
2013,Број,Шековићи,Укупно,Срби,6187
2013,Број,Шековићи,M,Срби,3038
2013,Број,Шековићи,Ж,Срби,3149
2013,Број,Шипово,Укупно,Срби,9302
2013,Број,Шипово,M,Срби,4716
2013,Број,Шипово,Ж,Срби,4586
2013,Број,Република Српска,Укупно,Остали,14641
2013,Број,Република Српска,M,Остали,7207
2013,Број,Република Српска,Ж,Остали,7434
2013,Број,Град Бања Лука,Укупно,Остали,3324
2013,Број,Град Бања Лука,M,Остали,1617
2013,Број,Град Бања Лука,Ж,Остали,1707
2013,Број,Берковићи,Укупно,Остали,1
2013,Број,Берковићи,M,Остали,1
2013,Број,Берковићи,Ж,Остали,0
2013,Број,Град Бијељина,Укупно,Остали,1478
2013,Број,Град Бијељина,M,Остали,717
2013,Број,Град Бијељина,Ж,Остали,761
2013,Број,Билећа,Укупно,Остали,72
2013,Број,Билећа,M,Остали,38
2013,Број,Билећа,Ж,Остали,34
2013,Број,Братунац,Укупно,Остали,79
2013,Број,Братунац,M,Остали,45
2013,Број,Братунац,Ж,Остали,34
2013,Број,Брод,Укупно,Остали,151
2013,Број,Брод,M,Остали,69
2013,Број,Брод,Ж,Остали,82
2013,Број,Вишеград,Укупно,Остали,53
2013,Број,Вишеград,M,Остали,26
2013,Број,Вишеград,Ж,Остали,27
2013,Број,Власеница,Укупно,Остали,29
2013,Број,Власеница,M,Остали,13
2013,Број,Власеница,Ж,Остали,16
2013,Број,Вукосавље,Укупно,Остали,146
2013,Број,Вукосавље,M,Остали,81
2013,Број,Вукосавље,Ж,Остали,65
2013,Број,Гацко,Укупно,Остали,40
2013,Број,Гацко,M,Остали,27
2013,Број,Гацко,Ж,Остали,13
2013,Број,Град Градишка,Укупно,Остали,970
2013,Број,Град Градишка,M,Остали,468
2013,Број,Град Градишка,Ж,Остали,502
2013,Број,Град Дервента,Укупно,Остали,264
2013,Број,Град Дервента,M,Остали,116
2013,Број,Град Дервента,Ж,Остали,148
2013,Број,Град Добој,Укупно,Остали,949
2013,Број,Град Добој,M,Остали,486
2013,Број,Град Добој,Ж,Остали,463
2013,Број,Доњи Жабар,Укупно,Остали,9
2013,Број,Доњи Жабар,M,Остали,1
2013,Број,Доњи Жабар,Ж,Остали,8
2013,Број,Град Зворник,Укупно,Остали,120
2013,Број,Град Зворник,M,Остали,55
2013,Број,Град Зворник,Ж,Остали,65
2013,Број,Источна Илиџа,Укупно,Остали,96
2013,Број,Источна Илиџа,M,Остали,44
2013,Број,Источна Илиџа,Ж,Остали,52
2013,Број,Источни Дрвар,Укупно,Остали,0
2013,Број,Источни Дрвар,M,Остали,0
2013,Број,Источни Дрвар,Ж,Остали,0
2013,Број,Источни Мостар,Укупно,Остали,0
2013,Број,Источни Мостар,M,Остали,0
2013,Број,Источни Мостар,Ж,Остали,0
2013,Број,Источни Стари Град,Укупно,Остали,7
2013,Број,Источни Стари Град,M,Остали,5
2013,Број,Источни Стари Град,Ж,Остали,2
2013,Број,Источно Ново Сарајево,Укупно,Остали,163
2013,Број,Источно Ново Сарајево,M,Остали,72
2013,Број,Источно Ново Сарајево,Ж,Остали,91
2013,Број,Језеро,Укупно,Остали,1
2013,Број,Језеро,M,Остали,1
2013,Број,Језеро,Ж,Остали,0
2013,Број,Калиновик,Укупно,Остали,15
2013,Број,Калиновик,M,Остали,8
2013,Број,Калиновик,Ж,Остали,7
2013,Број,Кнежево,Укупно,Остали,37
2013,Број,Кнежево,M,Остали,21
2013,Број,Кнежево,Ж,Остали,16
2013,Број,Козарска Дубица,Укупно,Остали,219
2013,Број,Козарска Дубица,M,Остали,102
2013,Број,Козарска Дубица,Ж,Остали,117
2013,Број,Костајница,Укупно,Остали,42
2013,Број,Костајница,M,Остали,20
2013,Број,Костајница,Ж,Остали,22
2013,Број,Котор Варош,Укупно,Остали,129
2013,Број,Котор Варош,M,Остали,63
2013,Број,Котор Варош,Ж,Остали,66
2013,Број,Крупа на Уни,Укупно,Остали,0
2013,Број,Крупа на Уни,M,Остали,0
2013,Број,Крупа на Уни,Ж,Остали,0
2013,Број,Купрес,Укупно,Остали,0
2013,Број,Купрес,M,Остали,0
2013,Број,Купрес,Ж,Остали,0
2013,Број,Лакташи,Укупно,Остали,562
2013,Број,Лакташи,M,Остали,285
2013,Број,Лакташи,Ж,Остали,277
2013,Број,Лопаре,Укупно,Остали,31
2013,Број,Лопаре,M,Остали,16
2013,Број,Лопаре,Ж,Остали,15
2013,Број,Љубиње,Укупно,Остали,13
2013,Број,Љубиње,M,Остали,7
2013,Број,Љубиње,Ж,Остали,6
2013,Број,Милићи,Укупно,Остали,19
2013,Број,Милићи,M,Остали,7
2013,Број,Милићи,Ж,Остали,12
2013,Број,Модрича,Укупно,Остали,412
2013,Број,Модрича,M,Остали,207
2013,Број,Модрича,Ж,Остали,205
2013,Број,Мркоњић Град,Укупно,Остали,37
2013,Број,Мркоњић Град,M,Остали,17
2013,Број,Мркоњић Град,Ж,Остали,20
2013,Број,Невесиње,Укупно,Остали,18
2013,Број,Невесиње,M,Остали,5
2013,Број,Невесиње,Ж,Остали,13
2013,Број,Нови Град,Укупно,Остали,200
2013,Број,Нови Град,M,Остали,100
2013,Број,Нови Град,Ж,Остали,100
2013,Број,Ново Горажде,Укупно,Остали,22
2013,Број,Ново Горажде,M,Остали,11
2013,Број,Ново Горажде,Ж,Остали,11
2013,Број,Осмаци,Укупно,Остали,5
2013,Број,Осмаци,M,Остали,2
2013,Број,Осмаци,Ж,Остали,3
2013,Број,Оштра Лука,Укупно,Остали,8
2013,Број,Оштра Лука,M,Остали,3
2013,Број,Оштра Лука,Ж,Остали,5
2013,Број,Пале,Укупно,Остали,70
2013,Број,Пале,M,Остали,31
2013,Број,Пале,Ж,Остали,39
2013,Број,Пелагићево,Укупно,Остали,9
2013,Број,Пелагићево,M,Остали,4
2013,Број,Пелагићево,Ж,Остали,5
2013,Број,Петровац,Укупно,Остали,3
2013,Број,Петровац,M,Остали,1
2013,Број,Петровац,Ж,Остали,2
2013,Број,Петрово,Укупно,Остали,30
2013,Број,Петрово,M,Остали,19
2013,Број,Петрово,Ж,Остали,11
2013,Број,Град Приједор,Укупно,Остали,1495
2013,Број,Град Приједор,M,Остали,712
2013,Број,Град Приједор,Ж,Остали,783
2013,Број,Прњавор,Укупно,Остали,1452
2013,Број,Прњавор,M,Остали,738
2013,Број,Прњавор,Ж,Остали,714
2013,Број,Рибник,Укупно,Остали,11
2013,Број,Рибник,M,Остали,3
2013,Број,Рибник,Ж,Остали,8
2013,Број,Рогатица,Укупно,Остали,41
2013,Број,Рогатица,M,Остали,20
2013,Број,Рогатица,Ж,Остали,21
2013,Број,Рудо,Укупно,Остали,26
2013,Број,Рудо,M,Остали,14
2013,Број,Рудо,Ж,Остали,12
2013,Број,Соколац,Укупно,Остали,38
2013,Број,Соколац,M,Остали,19
2013,Број,Соколац,Ж,Остали,19
2013,Број,Србац,Укупно,Остали,280
2013,Број,Србац,M,Остали,146
2013,Број,Србац,Ж,Остали,134
2013,Број,Сребреница,Укупно,Остали,59
2013,Број,Сребреница,M,Остали,34
2013,Број,Сребреница,Ж,Остали,25
2013,Број,Теслић,Укупно,Остали,454
2013,Број,Теслић,M,Остали,222
2013,Број,Теслић,Ж,Остали,232
2013,Број,Град Требиње,Укупно,Остали,398
2013,Број,Град Требиње,M,Остали,204
2013,Број,Град Требиње,Ж,Остали,194
2013,Број,Трново,Укупно,Остали,10
2013,Број,Трново,M,Остали,7
2013,Број,Трново,Ж,Остали,3
2013,Број,Угљевик,Укупно,Остали,36
2013,Број,Угљевик,M,Остали,17
2013,Број,Угљевик,Ж,Остали,19
2013,Број,Фоча,Укупно,Остали,160
2013,Број,Фоча,M,Остали,90
2013,Број,Фоча,Ж,Остали,70
2013,Број,Хан Пијесак,Укупно,Остали,21
2013,Број,Хан Пијесак,M,Остали,14
2013,Број,Хан Пијесак,Ж,Остали,7
2013,Број,Чајниче,Укупно,Остали,24
2013,Број,Чајниче,M,Остали,13
2013,Број,Чајниче,Ж,Остали,11
2013,Број,Челинац,Укупно,Остали,122
2013,Број,Челинац,M,Остали,55
2013,Број,Челинац,Ж,Остали,67
2013,Број,Шамац,Укупно,Остали,135
2013,Број,Шамац,M,Остали,67
2013,Број,Шамац,Ж,Остали,68
2013,Број,Шековићи,Укупно,Остали,12
2013,Број,Шековићи,M,Остали,7
2013,Број,Шековићи,Ж,Остали,5
2013,Број,Шипово,Укупно,Остали,34
2013,Број,Шипово,M,Остали,14
2013,Број,Шипово,Ж,Остали,20
2013,Број,Република Српска,Укупно,Не изјашњава се,7861
2013,Број,Република Српска,M,Не изјашњава се,3202
2013,Број,Република Српска,Ж,Не изјашњава се,4659
2013,Број,Град Бања Лука,Укупно,Не изјашњава се,2641
2013,Број,Град Бања Лука,M,Не изјашњава се,1044
2013,Број,Град Бања Лука,Ж,Не изјашњава се,1597
2013,Број,Берковићи,Укупно,Не изјашњава се,0
2013,Број,Берковићи,M,Не изјашњава се,0
2013,Број,Берковићи,Ж,Не изјашњава се,0
2013,Број,Град Бијељина,Укупно,Не изјашњава се,654
2013,Број,Град Бијељина,M,Не изјашњава се,272
2013,Број,Град Бијељина,Ж,Не изјашњава се,382
2013,Број,Билећа,Укупно,Не изјашњава се,30
2013,Број,Билећа,M,Не изјашњава се,10
2013,Број,Билећа,Ж,Не изјашњава се,20
2013,Број,Братунац,Укупно,Не изјашњава се,22
2013,Број,Братунац,M,Не изјашњава се,11
2013,Број,Братунац,Ж,Не изјашњава се,11
2013,Број,Брод,Укупно,Не изјашњава се,142
2013,Број,Брод,M,Не изјашњава се,50
2013,Број,Брод,Ж,Не изјашњава се,92
2013,Број,Вишеград,Укупно,Не изјашњава се,19
2013,Број,Вишеград,M,Не изјашњава се,10
2013,Број,Вишеград,Ж,Не изјашњава се,9
2013,Број,Власеница,Укупно,Не изјашњава се,20
2013,Број,Власеница,M,Не изјашњава се,11
2013,Број,Власеница,Ж,Не изјашњава се,9
2013,Број,Вукосавље,Укупно,Не изјашњава се,32
2013,Број,Вукосавље,M,Не изјашњава се,15
2013,Број,Вукосавље,Ж,Не изјашњава се,17
2013,Број,Гацко,Укупно,Не изјашњава се,3
2013,Број,Гацко,M,Не изјашњава се,0
2013,Број,Гацко,Ж,Не изјашњава се,3
2013,Број,Град Градишка,Укупно,Не изјашњава се,411
2013,Број,Град Градишка,M,Не изјашњава се,174
2013,Број,Град Градишка,Ж,Не изјашњава се,237
2013,Број,Град Дервента,Укупно,Не изјашњава се,242
2013,Број,Град Дервента,M,Не изјашњава се,113
2013,Број,Град Дервента,Ж,Не изјашњава се,129
2013,Број,Град Добој,Укупно,Не изјашњава се,467
2013,Број,Град Добој,M,Не изјашњава се,198
2013,Број,Град Добој,Ж,Не изјашњава се,269
2013,Број,Доњи Жабар,Укупно,Не изјашњава се,5
2013,Број,Доњи Жабар,M,Не изјашњава се,2
2013,Број,Доњи Жабар,Ж,Не изјашњава се,3
2013,Број,Град Зворник,Укупно,Не изјашњава се,70
2013,Број,Град Зворник,M,Не изјашњава се,31
2013,Број,Град Зворник,Ж,Не изјашњава се,39
2013,Број,Источна Илиџа,Укупно,Не изјашњава се,96
2013,Број,Источна Илиџа,M,Не изјашњава се,38
2013,Број,Источна Илиџа,Ж,Не изјашњава се,58
2013,Број,Источни Дрвар,Укупно,Не изјашњава се,0
2013,Број,Источни Дрвар,M,Не изјашњава се,0
2013,Број,Источни Дрвар,Ж,Не изјашњава се,0
2013,Број,Источни Мостар,Укупно,Не изјашњава се,0
2013,Број,Источни Мостар,M,Не изјашњава се,0
2013,Број,Источни Мостар,Ж,Не изјашњава се,0
2013,Број,Источни Стари Град,Укупно,Не изјашњава се,2
2013,Број,Источни Стари Град,M,Не изјашњава се,0
2013,Број,Источни Стари Град,Ж,Не изјашњава се,2
2013,Број,Источно Ново Сарајево,Укупно,Не изјашњава се,61
2013,Број,Источно Ново Сарајево,M,Не изјашњава се,26
2013,Број,Источно Ново Сарајево,Ж,Не изјашњава се,35
2013,Број,Језеро,Укупно,Не изјашњава се,1
2013,Број,Језеро,M,Не изјашњава се,0
2013,Број,Језеро,Ж,Не изјашњава се,1
2013,Број,Калиновик,Укупно,Не изјашњава се,1
2013,Број,Калиновик,M,Не изјашњава се,1
2013,Број,Калиновик,Ж,Не изјашњава се,0
2013,Број,Кнежево,Укупно,Не изјашњава се,4
2013,Број,Кнежево,M,Не изјашњава се,3
2013,Број,Кнежево,Ж,Не изјашњава се,1
2013,Број,Козарска Дубица,Укупно,Не изјашњава се,162
2013,Број,Козарска Дубица,M,Не изјашњава се,63
2013,Број,Козарска Дубица,Ж,Не изјашњава се,99
2013,Број,Костајница,Укупно,Не изјашњава се,66
2013,Број,Костајница,M,Не изјашњава се,28
2013,Број,Костајница,Ж,Не изјашњава се,38
2013,Број,Котор Варош,Укупно,Не изјашњава се,115
2013,Број,Котор Варош,M,Не изјашњава се,42
2013,Број,Котор Варош,Ж,Не изјашњава се,73
2013,Број,Крупа на Уни,Укупно,Не изјашњава се,0
2013,Број,Крупа на Уни,M,Не изјашњава се,0
2013,Број,Крупа на Уни,Ж,Не изјашњава се,0
2013,Број,Купрес,Укупно,Не изјашњава се,1
2013,Број,Купрес,M,Не изјашњава се,1
2013,Број,Купрес,Ж,Не изјашњава се,0
2013,Број,Лакташи,Укупно,Не изјашњава се,237
2013,Број,Лакташи,M,Не изјашњава се,103
2013,Број,Лакташи,Ж,Не изјашњава се,134
2013,Број,Лопаре,Укупно,Не изјашњава се,23
2013,Број,Лопаре,M,Не изјашњава се,5
2013,Број,Лопаре,Ж,Не изјашњава се,18
2013,Број,Љубиње,Укупно,Не изјашњава се,5
2013,Број,Љубиње,M,Не изјашњава се,2
2013,Број,Љубиње,Ж,Не изјашњава се,3
2013,Број,Милићи,Укупно,Не изјашњава се,7
2013,Број,Милићи,M,Не изјашњава се,3
2013,Број,Милићи,Ж,Не изјашњава се,4
2013,Број,Модрича,Укупно,Не изјашњава се,156
2013,Број,Модрича,M,Не изјашњава се,63
2013,Број,Модрича,Ж,Не изјашњава се,93
2013,Број,Мркоњић Град,Укупно,Не изјашњава се,35
2013,Број,Мркоњић Град,M,Не изјашњава се,19
2013,Број,Мркоњић Град,Ж,Не изјашњава се,16
2013,Број,Невесиње,Укупно,Не изјашњава се,18
2013,Број,Невесиње,M,Не изјашњава се,8
2013,Број,Невесиње,Ж,Не изјашњава се,10
2013,Број,Нови Град,Укупно,Не изјашњава се,137
2013,Број,Нови Град,M,Не изјашњава се,56
2013,Број,Нови Град,Ж,Не изјашњава се,81
2013,Број,Ново Горажде,Укупно,Не изјашњава се,6
2013,Број,Ново Горажде,M,Не изјашњава се,3
2013,Број,Ново Горажде,Ж,Не изјашњава се,3
2013,Број,Осмаци,Укупно,Не изјашњава се,5
2013,Број,Осмаци,M,Не изјашњава се,3
2013,Број,Осмаци,Ж,Не изјашњава се,2
2013,Број,Оштра Лука,Укупно,Не изјашњава се,12
2013,Број,Оштра Лука,M,Не изјашњава се,4
2013,Број,Оштра Лука,Ж,Не изјашњава се,8
2013,Број,Пале,Укупно,Не изјашњава се,53
2013,Број,Пале,M,Не изјашњава се,20
2013,Број,Пале,Ж,Не изјашњава се,33
2013,Број,Пелагићево,Укупно,Не изјашњава се,3
2013,Број,Пелагићево,M,Не изјашњава се,1
2013,Број,Пелагићево,Ж,Не изјашњава се,2
2013,Број,Петровац,Укупно,Не изјашњава се,0
2013,Број,Петровац,M,Не изјашњава се,0
2013,Број,Петровац,Ж,Не изјашњава се,0
2013,Број,Петрово,Укупно,Не изјашњава се,21
2013,Број,Петрово,M,Не изјашњава се,10
2013,Број,Петрово,Ж,Не изјашњава се,11
2013,Број,Град Приједор,Укупно,Не изјашњава се,718
2013,Број,Град Приједор,M,Не изјашњава се,267
2013,Број,Град Приједор,Ж,Не изјашњава се,451
2013,Број,Прњавор,Укупно,Не изјашњава се,225
2013,Број,Прњавор,M,Не изјашњава се,96
2013,Број,Прњавор,Ж,Не изјашњава се,129
2013,Број,Рибник,Укупно,Не изјашњава се,2
2013,Број,Рибник,M,Не изјашњава се,0
2013,Број,Рибник,Ж,Не изјашњава се,2
2013,Број,Рогатица,Укупно,Не изјашњава се,12
2013,Број,Рогатица,M,Не изјашњава се,7
2013,Број,Рогатица,Ж,Не изјашњава се,5
2013,Број,Рудо,Укупно,Не изјашњава се,5
2013,Број,Рудо,M,Не изјашњава се,3
2013,Број,Рудо,Ж,Не изјашњава се,2
2013,Број,Соколац,Укупно,Не изјашњава се,13
2013,Број,Соколац,M,Не изјашњава се,5
2013,Број,Соколац,Ж,Не изјашњава се,8
2013,Број,Србац,Укупно,Не изјашњава се,89
2013,Број,Србац,M,Не изјашњава се,45
2013,Број,Србац,Ж,Не изјашњава се,44
2013,Број,Сребреница,Укупно,Не изјашњава се,22
2013,Број,Сребреница,M,Не изјашњава се,10
2013,Број,Сребреница,Ж,Не изјашњава се,12
2013,Број,Теслић,Укупно,Не изјашњава се,339
2013,Број,Теслић,M,Не изјашњава се,136
2013,Број,Теслић,Ж,Не изјашњава се,203
2013,Број,Град Требиње,Укупно,Не изјашњава се,180
2013,Број,Град Требиње,M,Не изјашњава се,77
2013,Број,Град Требиње,Ж,Не изјашњава се,103
2013,Број,Трново,Укупно,Не изјашњава се,9
2013,Број,Трново,M,Не изјашњава се,4
2013,Број,Трново,Ж,Не изјашњава се,5
2013,Број,Угљевик,Укупно,Не изјашњава се,21
2013,Број,Угљевик,M,Не изјашњава се,10
2013,Број,Угљевик,Ж,Не изјашњава се,11
2013,Број,Фоча,Укупно,Не изјашњава се,30
2013,Број,Фоча,M,Не изјашњава се,10
2013,Број,Фоча,Ж,Не изјашњава се,20
2013,Број,Хан Пијесак,Укупно,Не изјашњава се,3
2013,Број,Хан Пијесак,M,Не изјашњава се,1
2013,Број,Хан Пијесак,Ж,Не изјашњава се,2
2013,Број,Чајниче,Укупно,Не изјашњава се,3
2013,Број,Чајниче,M,Не изјашњава се,1
2013,Број,Чајниче,Ж,Не изјашњава се,2
2013,Број,Челинац,Укупно,Не изјашњава се,35
2013,Број,Челинац,M,Не изјашњава се,16
2013,Број,Челинац,Ж,Не изјашњава се,19
2013,Број,Шамац,Укупно,Не изјашњава се,141
2013,Број,Шамац,M,Не изјашњава се,57
2013,Број,Шамац,Ж,Не изјашњава се,84
2013,Број,Шековићи,Укупно,Не изјашњава се,5
2013,Број,Шековићи,M,Не изјашњава се,2
2013,Број,Шековићи,Ж,Не изјашњава се,3
2013,Број,Шипово,Укупно,Не изјашњава се,24
2013,Број,Шипово,M,Не изјашњава се,12
2013,Број,Шипово,Ж,Не изјашњава се,12
2013,Број,Република Српска,Укупно,Непознато,1997
2013,Број,Република Српска,M,Непознато,916
2013,Број,Република Српска,Ж,Непознато,1081
2013,Број,Град Бања Лука,Укупно,Непознато,328
2013,Број,Град Бања Лука,M,Непознато,153
2013,Број,Град Бања Лука,Ж,Непознато,175
2013,Број,Берковићи,Укупно,Непознато,1
2013,Број,Берковићи,M,Непознато,0
2013,Број,Берковићи,Ж,Непознато,1
2013,Број,Град Бијељина,Укупно,Непознато,90
2013,Број,Град Бијељина,M,Непознато,37
2013,Број,Град Бијељина,Ж,Непознато,53
2013,Број,Билећа,Укупно,Непознато,11
2013,Број,Билећа,M,Непознато,4
2013,Број,Билећа,Ж,Непознато,7
2013,Број,Братунац,Укупно,Непознато,35
2013,Број,Братунац,M,Непознато,16
2013,Број,Братунац,Ж,Непознато,19
2013,Број,Брод,Укупно,Непознато,29
2013,Број,Брод,M,Непознато,12
2013,Број,Брод,Ж,Непознато,17
2013,Број,Вишеград,Укупно,Непознато,177
2013,Број,Вишеград,M,Непознато,2
2013,Број,Вишеград,Ж,Непознато,175
2013,Број,Власеница,Укупно,Непознато,29
2013,Број,Власеница,M,Непознато,13
2013,Број,Власеница,Ж,Непознато,16
2013,Број,Вукосавље,Укупно,Непознато,14
2013,Број,Вукосавље,M,Непознато,3
2013,Број,Вукосавље,Ж,Непознато,11
2013,Број,Гацко,Укупно,Непознато,6
2013,Број,Гацко,M,Непознато,1
2013,Број,Гацко,Ж,Непознато,5
2013,Број,Град Градишка,Укупно,Непознато,42
2013,Број,Град Градишка,M,Непознато,19
2013,Број,Град Градишка,Ж,Непознато,23
2013,Број,Град Дервента,Укупно,Непознато,54
2013,Број,Град Дервента,M,Непознато,24
2013,Број,Град Дервента,Ж,Непознато,30
2013,Број,Град Добој,Укупно,Непознато,163
2013,Број,Град Добој,M,Непознато,61
2013,Број,Град Добој,Ж,Непознато,102
2013,Број,Доњи Жабар,Укупно,Непознато,2
2013,Број,Доњи Жабар,M,Непознато,1
2013,Број,Доњи Жабар,Ж,Непознато,1
2013,Број,Град Зворник,Укупно,Непознато,97
2013,Број,Град Зворник,M,Непознато,42
2013,Број,Град Зворник,Ж,Непознато,55
2013,Број,Источна Илиџа,Укупно,Непознато,10
2013,Број,Источна Илиџа,M,Непознато,5
2013,Број,Источна Илиџа,Ж,Непознато,5
2013,Број,Источни Дрвар,Укупно,Непознато,0
2013,Број,Источни Дрвар,M,Непознато,0
2013,Број,Источни Дрвар,Ж,Непознато,0
2013,Број,Источни Мостар,Укупно,Непознато,2
2013,Број,Источни Мостар,M,Непознато,1
2013,Број,Источни Мостар,Ж,Непознато,1
2013,Број,Источни Стари Град,Укупно,Непознато,1
2013,Број,Источни Стари Град,M,Непознато,1
2013,Број,Источни Стари Град,Ж,Непознато,0
2013,Број,Источно Ново Сарајево,Укупно,Непознато,3
2013,Број,Источно Ново Сарајево,M,Непознато,0
2013,Број,Источно Ново Сарајево,Ж,Непознато,3
2013,Број,Језеро,Укупно,Непознато,1
2013,Број,Језеро,M,Непознато,1
2013,Број,Језеро,Ж,Непознато,0
2013,Број,Калиновик,Укупно,Непознато,0
2013,Број,Калиновик,M,Непознато,0
2013,Број,Калиновик,Ж,Непознато,0
2013,Број,Кнежево,Укупно,Непознато,4
2013,Број,Кнежево,M,Непознато,3
2013,Број,Кнежево,Ж,Непознато,1
2013,Број,Козарска Дубица,Укупно,Непознато,12
2013,Број,Козарска Дубица,M,Непознато,5
2013,Број,Козарска Дубица,Ж,Непознато,7
2013,Број,Костајница,Укупно,Непознато,2
2013,Број,Костајница,M,Непознато,0
2013,Број,Костајница,Ж,Непознато,2
2013,Број,Котор Варош,Укупно,Непознато,19
2013,Број,Котор Варош,M,Непознато,14
2013,Број,Котор Варош,Ж,Непознато,5
2013,Број,Крупа на Уни,Укупно,Непознато,0
2013,Број,Крупа на Уни,M,Непознато,0
2013,Број,Крупа на Уни,Ж,Непознато,0
2013,Број,Купрес,Укупно,Непознато,0
2013,Број,Купрес,M,Непознато,0
2013,Број,Купрес,Ж,Непознато,0
2013,Број,Лакташи,Укупно,Непознато,46
2013,Број,Лакташи,M,Непознато,20
2013,Број,Лакташи,Ж,Непознато,26
2013,Број,Лопаре,Укупно,Непознато,10
2013,Број,Лопаре,M,Непознато,6
2013,Број,Лопаре,Ж,Непознато,4
2013,Број,Љубиње,Укупно,Непознато,2
2013,Број,Љубиње,M,Непознато,1
2013,Број,Љубиње,Ж,Непознато,1
2013,Број,Милићи,Укупно,Непознато,8
2013,Број,Милићи,M,Непознато,3
2013,Број,Милићи,Ж,Непознато,5
2013,Број,Модрича,Укупно,Непознато,116
2013,Број,Модрича,M,Непознато,62
2013,Број,Модрича,Ж,Непознато,54
2013,Број,Мркоњић Град,Укупно,Непознато,12
2013,Број,Мркоњић Град,M,Непознато,6
2013,Број,Мркоњић Град,Ж,Непознато,6
2013,Број,Невесиње,Укупно,Непознато,7
2013,Број,Невесиње,M,Непознато,2
2013,Број,Невесиње,Ж,Непознато,5
2013,Број,Нови Град,Укупно,Непознато,24
2013,Број,Нови Град,M,Непознато,13
2013,Број,Нови Град,Ж,Непознато,11
2013,Број,Ново Горажде,Укупно,Непознато,7
2013,Број,Ново Горажде,M,Непознато,2
2013,Број,Ново Горажде,Ж,Непознато,5
2013,Број,Осмаци,Укупно,Непознато,4
2013,Број,Осмаци,M,Непознато,2
2013,Број,Осмаци,Ж,Непознато,2
2013,Број,Оштра Лука,Укупно,Непознато,3
2013,Број,Оштра Лука,M,Непознато,2
2013,Број,Оштра Лука,Ж,Непознато,1
2013,Број,Пале,Укупно,Непознато,13
2013,Број,Пале,M,Непознато,9
2013,Број,Пале,Ж,Непознато,4
2013,Број,Пелагићево,Укупно,Непознато,5
2013,Број,Пелагићево,M,Непознато,1
2013,Број,Пелагићево,Ж,Непознато,4
2013,Број,Петровац,Укупно,Непознато,0
2013,Број,Петровац,M,Непознато,0
2013,Број,Петровац,Ж,Непознато,0
2013,Број,Петрово,Укупно,Непознато,4
2013,Број,Петрово,M,Непознато,2
2013,Број,Петрово,Ж,Непознато,2
2013,Број,Град Приједор,Укупно,Непознато,369
2013,Број,Град Приједор,M,Непознато,257
2013,Број,Град Приједор,Ж,Непознато,112
2013,Број,Прњавор,Укупно,Непознато,30
2013,Број,Прњавор,M,Непознато,10
2013,Број,Прњавор,Ж,Непознато,20
2013,Број,Рибник,Укупно,Непознато,2
2013,Број,Рибник,M,Непознато,2
2013,Број,Рибник,Ж,Непознато,0
2013,Број,Рогатица,Укупно,Непознато,5
2013,Број,Рогатица,M,Непознато,2
2013,Број,Рогатица,Ж,Непознато,3
2013,Број,Рудо,Укупно,Непознато,3
2013,Број,Рудо,M,Непознато,0
2013,Број,Рудо,Ж,Непознато,3
2013,Број,Соколац,Укупно,Непознато,18
2013,Број,Соколац,M,Непознато,5
2013,Број,Соколац,Ж,Непознато,13
2013,Број,Србац,Укупно,Непознато,29
2013,Број,Србац,M,Непознато,11
2013,Број,Србац,Ж,Непознато,18
2013,Број,Сребреница,Укупно,Непознато,14
2013,Број,Сребреница,M,Непознато,8
2013,Број,Сребреница,Ж,Непознато,6
2013,Број,Теслић,Укупно,Непознато,44
2013,Број,Теслић,M,Непознато,23
2013,Број,Теслић,Ж,Непознато,21
2013,Број,Град Требиње,Укупно,Непознато,19
2013,Број,Град Требиње,M,Непознато,11
2013,Број,Град Требиње,Ж,Непознато,8
2013,Број,Трново,Укупно,Непознато,0
2013,Број,Трново,M,Непознато,0
2013,Број,Трново,Ж,Непознато,0
2013,Број,Угљевик,Укупно,Непознато,13
2013,Број,Угљевик,M,Непознато,11
2013,Број,Угљевик,Ж,Непознато,2
2013,Број,Фоча,Укупно,Непознато,12
2013,Број,Фоча,M,Непознато,5
2013,Број,Фоча,Ж,Непознато,7
2013,Број,Хан Пијесак,Укупно,Непознато,0
2013,Број,Хан Пијесак,M,Непознато,0
2013,Број,Хан Пијесак,Ж,Непознато,0
2013,Број,Чајниче,Укупно,Непознато,5
2013,Број,Чајниче,M,Непознато,2
2013,Број,Чајниче,Ж,Непознато,3
2013,Број,Челинац,Укупно,Непознато,9
2013,Број,Челинац,M,Непознато,4
2013,Број,Челинац,Ж,Непознато,5
2013,Број,Шамац,Укупно,Непознато,19
2013,Број,Шамац,M,Непознато,10
2013,Број,Шамац,Ж,Непознато,9
2013,Број,Шековићи,Укупно,Непознато,8
2013,Број,Шековићи,M,Непознато,3
2013,Број,Шековићи,Ж,Непознато,5
2013,Број,Шипово,Укупно,Непознато,5
2013,Број,Шипово,M,Непознато,3
2013,Број,Шипово,Ж,Непознато,2
