Year,UNIT_MEASURE,ADMIN_AREA,Пол,Nationality,Value
2013,Број,republika_srpska,Укупно,_T,1170342
2013,Број,republika_srpska,M,_T,571812
2013,Број,republika_srpska,Ж,_T,598530
2013,Број,grad_banja_luka,Укупно,_T,180053
2013,Број,grad_banja_luka,M,_T,86510
2013,Број,grad_banja_luka,Ж,_T,93543
2013,Број,berkovici,Укупно,_T,2041
2013,Број,berkovici,M,_T,1032
2013,Број,berkovici,Ж,_T,1009
2013,Број,grad_bijeljina,Укупно,_T,103874
2013,Број,grad_bijeljina,M,_T,50760
2013,Број,grad_bijeljina,Ж,_T,53114
2013,Број,bileca,Укупно,_T,10607
2013,Број,bileca,M,_T,5346
2013,Број,bileca,Ж,_T,5261
2013,Број,bratunac,Укупно,_T,18651
2013,Број,bratunac,M,_T,9210
2013,Број,bratunac,Ж,_T,9441
2013,Број,brod,Укупно,_T,15720
2013,Број,brod,M,_T,7670
2013,Број,brod,Ж,_T,8050
2013,Број,visegrad,Укупно,_T,10118
2013,Број,visegrad,M,_T,4834
2013,Број,visegrad,Ж,_T,5284
2013,Број,vlasenica,Укупно,_T,10657
2013,Број,vlasenica,M,_T,5193
2013,Број,vlasenica,Ж,_T,5464
2013,Број,vukosavlje,Укупно,_T,4363
2013,Број,vukosavlje,M,_T,2185
2013,Број,vukosavlje,Ж,_T,2178
2013,Број,gacko,Укупно,_T,8710
2013,Број,gacko,M,_T,4423
2013,Број,gacko,Ж,_T,4287
2013,Број,grad_gradiska,Укупно,_T,49196
2013,Број,grad_gradiska,M,_T,23944
2013,Број,grad_gradiska,Ж,_T,25252
2013,Број,grad_derventa,Укупно,_T,25922
2013,Број,grad_derventa,M,_T,12629
2013,Број,grad_derventa,Ж,_T,13293
2013,Број,grad_doboj,Укупно,_T,68514
2013,Број,grad_doboj,M,_T,33222
2013,Број,grad_doboj,Ж,_T,35292
2013,Број,donji_zabar,Укупно,_T,3669
2013,Број,donji_zabar,M,_T,1853
2013,Број,donji_zabar,Ж,_T,1816
2013,Број,grad_zvornik,Укупно,_T,54407
2013,Број,grad_zvornik,M,_T,26803
2013,Број,grad_zvornik,Ж,_T,27604
2013,Број,istocna_ilidza,Укупно,_T,14437
2013,Број,istocna_ilidza,M,_T,6905
2013,Број,istocna_ilidza,Ж,_T,7532
2013,Број,istocni_drvar,Укупно,_T,66
2013,Број,istocni_drvar,M,_T,44
2013,Број,istocni_drvar,Ж,_T,22
2013,Број,istocni_mostar,Укупно,_T,244
2013,Број,istocni_mostar,M,_T,138
2013,Број,istocni_mostar,Ж,_T,106
2013,Број,istocni_stari_grad,Укупно,_T,1116
2013,Број,istocni_stari_grad,M,_T,552
2013,Број,istocni_stari_grad,Ж,_T,564
2013,Број,istocno_novo_sarajevo,Укупно,_T,10401
2013,Број,istocno_novo_sarajevo,M,_T,4936
2013,Број,istocno_novo_sarajevo,Ж,_T,5465
2013,Број,jezero,Укупно,_T,1039
2013,Број,jezero,M,_T,534
2013,Број,jezero,Ж,_T,505
2013,Број,kalinovik,Укупно,_T,1962
2013,Број,kalinovik,M,_T,950
2013,Број,kalinovik,Ж,_T,1012
2013,Број,knezevo,Укупно,_T,9368
2013,Број,knezevo,M,_T,4632
2013,Број,knezevo,Ж,_T,4736
2013,Број,kozarska_dubica,Укупно,_T,20681
2013,Број,kozarska_dubica,M,_T,10094
2013,Број,kozarska_dubica,Ж,_T,10587
2013,Број,kostajnica,Укупно,_T,5645
2013,Број,kostajnica,M,_T,2780
2013,Број,kostajnica,Ж,_T,2865
2013,Број,kotor_varos,Укупно,_T,18361
2013,Број,kotor_varos,M,_T,9007
2013,Број,kotor_varos,Ж,_T,9354
2013,Број,krupa_na_uni,Укупно,_T,1560
2013,Број,krupa_na_uni,M,_T,841
2013,Број,krupa_na_uni,Ж,_T,719
2013,Број,kupres,Укупно,_T,293
2013,Број,kupres,M,_T,157
2013,Број,kupres,Ж,_T,136
2013,Број,laktasi,Укупно,_T,34210
2013,Број,laktasi,M,_T,16905
2013,Број,laktasi,Ж,_T,17305
2013,Број,lopare,Укупно,_T,14689
2013,Број,lopare,M,_T,7377
2013,Број,lopare,Ж,_T,7312
2013,Број,ljubinje,Укупно,_T,3319
2013,Број,ljubinje,M,_T,1633
2013,Број,ljubinje,Ж,_T,1686
2013,Број,milici,Укупно,_T,10445
2013,Број,milici,M,_T,5252
2013,Број,milici,Ж,_T,5193
2013,Број,modrica,Укупно,_T,24490
2013,Број,modrica,M,_T,11969
2013,Број,modrica,Ж,_T,12521
2013,Број,mrkonjic_grad,Укупно,_T,15926
2013,Број,mrkonjic_grad,M,_T,7660
2013,Број,mrkonjic_grad,Ж,_T,8266
2013,Број,nevesinje,Укупно,_T,12542
2013,Број,nevesinje,M,_T,6236
2013,Број,nevesinje,Ж,_T,6306
2013,Број,novi_grad,Укупно,_T,25240
2013,Број,novi_grad,M,_T,12580
2013,Број,novi_grad,Ж,_T,12660
2013,Број,novo_gorazde,Укупно,_T,2915
2013,Број,novo_gorazde,M,_T,1500
2013,Број,novo_gorazde,Ж,_T,1415
2013,Број,osmaci,Укупно,_T,5546
2013,Број,osmaci,M,_T,2779
2013,Број,osmaci,Ж,_T,2767
2013,Број,ostra_luka,Укупно,_T,2705
2013,Број,ostra_luka,M,_T,1386
2013,Број,ostra_luka,Ж,_T,1319
2013,Број,pale,Укупно,_T,20359
2013,Број,pale,M,_T,9744
2013,Број,pale,Ж,_T,10615
2013,Број,pelagicevo,Укупно,_T,4358
2013,Број,pelagicevo,M,_T,2151
2013,Број,pelagicevo,Ж,_T,2207
2013,Број,petrovac,Укупно,_T,354
2013,Број,petrovac,M,_T,169
2013,Број,petrovac,Ж,_T,185
2013,Број,petrovo,Укупно,_T,6317
2013,Број,petrovo,M,_T,3043
2013,Број,petrovo,Ж,_T,3274
2013,Број,grad_prijedor,Укупно,_T,80916
2013,Број,grad_prijedor,M,_T,39418
2013,Број,grad_prijedor,Ж,_T,41498
2013,Број,prnjavor,Укупно,_T,34357
2013,Број,prnjavor,M,_T,16675
2013,Број,prnjavor,Ж,_T,17682
2013,Број,ribnik,Укупно,_T,5851
2013,Број,ribnik,M,_T,2900
2013,Број,ribnik,Ж,_T,2951
2013,Број,rogatica,Укупно,_T,10302
2013,Број,rogatica,M,_T,5053
2013,Број,rogatica,Ж,_T,5249
2013,Број,rudo,Укупно,_T,7578
2013,Број,rudo,M,_T,3840
2013,Број,rudo,Ж,_T,3738
2013,Број,sokolac,Укупно,_T,11620
2013,Број,sokolac,M,_T,5723
2013,Број,sokolac,Ж,_T,5897
2013,Број,srbac,Укупно,_T,16933
2013,Број,srbac,M,_T,8295
2013,Број,srbac,Ж,_T,8638
2013,Број,srebrenica,Укупно,_T,11698
2013,Број,srebrenica,M,_T,5714
2013,Број,srebrenica,Ж,_T,5984
2013,Број,teslic,Укупно,_T,37236
2013,Број,teslic,M,_T,17894
2013,Број,teslic,Ж,_T,19342
2013,Број,grad_trebinje,Укупно,_T,28239
2013,Број,grad_trebinje,M,_T,13760
2013,Број,grad_trebinje,Ж,_T,14479
2013,Број,trnovo,Укупно,_T,1983
2013,Број,trnovo,M,_T,953
2013,Број,trnovo,Ж,_T,1030
2013,Број,ugljevik,Укупно,_T,15118
2013,Број,ugljevik,M,_T,7626
2013,Број,ugljevik,Ж,_T,7492
2013,Број,foca,Укупно,_T,17580
2013,Број,foca,M,_T,8880
2013,Број,foca,Ж,_T,8700
2013,Број,han_pijesak,Укупно,_T,3445
2013,Број,han_pijesak,M,_T,1632
2013,Број,han_pijesak,Ж,_T,1813
2013,Број,cajnice,Укупно,_T,4679
2013,Број,cajnice,M,_T,2347
2013,Број,cajnice,Ж,_T,2332
2013,Број,celinac,Укупно,_T,15117
2013,Број,celinac,M,_T,7477
2013,Број,celinac,Ж,_T,7640
2013,Број,samac,Укупно,_T,16308
2013,Број,samac,M,_T,7908
2013,Број,samac,Ж,_T,8400
2013,Број,sekovici,Укупно,_T,6323
2013,Број,sekovici,M,_T,3103
2013,Број,sekovici,Ж,_T,3220
2013,Број,sipovo,Укупно,_T,9969
2013,Број,sipovo,M,_T,5046
2013,Број,sipovo,Ж,_T,4923
2013,Број,republika_srpska,Укупно,bosniaks,148477
2013,Број,republika_srpska,M,bosniaks,72148
2013,Број,republika_srpska,Ж,bosniaks,76329
2013,Број,grad_banja_luka,Укупно,bosniaks,6816
2013,Број,grad_banja_luka,M,bosniaks,3108
2013,Број,grad_banja_luka,Ж,bosniaks,3708
2013,Број,berkovici,Укупно,bosniaks,155
2013,Број,berkovici,M,bosniaks,87
2013,Број,berkovici,Ж,bosniaks,68
2013,Број,grad_bijeljina,Укупно,bosniaks,11680
2013,Број,grad_bijeljina,M,bosniaks,5733
2013,Број,grad_bijeljina,Ж,bosniaks,5947
2013,Број,bileca,Укупно,bosniaks,26
2013,Број,bileca,M,bosniaks,16
2013,Број,bileca,Ж,bosniaks,10
2013,Број,bratunac,Укупно,bosniaks,6588
2013,Број,bratunac,M,bosniaks,3218
2013,Број,bratunac,Ж,bosniaks,3370
2013,Број,brod,Укупно,bosniaks,1312
2013,Број,brod,M,bosniaks,640
2013,Број,brod,Ж,bosniaks,672
2013,Број,visegrad,Укупно,bosniaks,895
2013,Број,visegrad,M,bosniaks,454
2013,Број,visegrad,Ж,bosniaks,441
2013,Број,vlasenica,Укупно,bosniaks,3360
2013,Број,vlasenica,M,bosniaks,1646
2013,Број,vlasenica,Ж,bosniaks,1714
2013,Број,vukosavlje,Укупно,bosniaks,2025
2013,Број,vukosavlje,M,bosniaks,1034
2013,Број,vukosavlje,Ж,bosniaks,991
2013,Број,gacko,Укупно,bosniaks,332
2013,Број,gacko,M,bosniaks,179
2013,Број,gacko,Ж,bosniaks,153
2013,Број,grad_gradiska,Укупно,bosniaks,6266
2013,Број,grad_gradiska,M,bosniaks,3047
2013,Број,grad_gradiska,Ж,bosniaks,3219
2013,Број,grad_derventa,Укупно,bosniaks,1686
2013,Број,grad_derventa,M,bosniaks,812
2013,Број,grad_derventa,Ж,bosniaks,874
2013,Број,grad_doboj,Укупно,bosniaks,14417
2013,Број,grad_doboj,M,bosniaks,6904
2013,Број,grad_doboj,Ж,bosniaks,7513
2013,Број,donji_zabar,Укупно,bosniaks,4
2013,Број,donji_zabar,M,bosniaks,0
2013,Број,donji_zabar,Ж,bosniaks,4
2013,Број,grad_zvornik,Укупно,bosniaks,16775
2013,Број,grad_zvornik,M,bosniaks,8206
2013,Број,grad_zvornik,Ж,bosniaks,8569
2013,Број,istocna_ilidza,Укупно,bosniaks,632
2013,Број,istocna_ilidza,M,bosniaks,293
2013,Број,istocna_ilidza,Ж,bosniaks,339
2013,Број,istocni_drvar,Укупно,bosniaks,0
2013,Број,istocni_drvar,M,bosniaks,0
2013,Број,istocni_drvar,Ж,bosniaks,0
2013,Број,istocni_mostar,Укупно,bosniaks,78
2013,Број,istocni_mostar,M,bosniaks,45
2013,Број,istocni_mostar,Ж,bosniaks,33
2013,Број,istocni_stari_grad,Укупно,bosniaks,41
2013,Број,istocni_stari_grad,M,bosniaks,25
2013,Број,istocni_stari_grad,Ж,bosniaks,16
2013,Број,istocno_novo_sarajevo,Укупно,bosniaks,44
2013,Број,istocno_novo_sarajevo,M,bosniaks,14
2013,Број,istocno_novo_sarajevo,Ж,bosniaks,30
2013,Број,jezero,Укупно,bosniaks,251
2013,Број,jezero,M,bosniaks,118
2013,Број,jezero,Ж,bosniaks,133
2013,Број,kalinovik,Укупно,bosniaks,43
2013,Број,kalinovik,M,bosniaks,19
2013,Број,kalinovik,Ж,bosniaks,24
2013,Број,knezevo,Укупно,bosniaks,413
2013,Број,knezevo,M,bosniaks,186
2013,Број,knezevo,Ж,bosniaks,227
2013,Број,kozarska_dubica,Укупно,bosniaks,1883
2013,Број,kozarska_dubica,M,bosniaks,906
2013,Број,kozarska_dubica,Ж,bosniaks,977
2013,Број,kostajnica,Укупно,bosniaks,1276
2013,Број,kostajnica,M,bosniaks,626
2013,Број,kostajnica,Ж,bosniaks,650
2013,Број,kotor_varos,Укупно,bosniaks,4516
2013,Број,kotor_varos,M,bosniaks,2173
2013,Број,kotor_varos,Ж,bosniaks,2343
2013,Број,krupa_na_uni,Укупно,bosniaks,3
2013,Број,krupa_na_uni,M,bosniaks,1
2013,Број,krupa_na_uni,Ж,bosniaks,2
2013,Број,kupres,Укупно,bosniaks,0
2013,Број,kupres,M,bosniaks,0
2013,Број,kupres,Ж,bosniaks,0
2013,Број,laktasi,Укупно,bosniaks,104
2013,Број,laktasi,M,bosniaks,47
2013,Број,laktasi,Ж,bosniaks,57
2013,Број,lopare,Укупно,bosniaks,1310
2013,Број,lopare,M,bosniaks,646
2013,Број,lopare,Ж,bosniaks,664
2013,Број,ljubinje,Укупно,bosniaks,9
2013,Број,ljubinje,M,bosniaks,5
2013,Број,ljubinje,Ж,bosniaks,4
2013,Број,milici,Укупно,bosniaks,3532
2013,Број,milici,M,bosniaks,1746
2013,Број,milici,Ж,bosniaks,1786
2013,Број,modrica,Укупно,bosniaks,2880
2013,Број,modrica,M,bosniaks,1364
2013,Број,modrica,Ж,bosniaks,1516
2013,Број,mrkonjic_grad,Укупно,bosniaks,354
2013,Број,mrkonjic_grad,M,bosniaks,170
2013,Број,mrkonjic_grad,Ж,bosniaks,184
2013,Број,nevesinje,Укупно,bosniaks,508
2013,Број,nevesinje,M,bosniaks,261
2013,Број,nevesinje,Ж,bosniaks,247
2013,Број,novi_grad,Укупно,bosniaks,5214
2013,Број,novi_grad,M,bosniaks,2606
2013,Број,novi_grad,Ж,bosniaks,2608
2013,Број,novo_gorazde,Укупно,bosniaks,1317
2013,Број,novo_gorazde,M,bosniaks,662
2013,Број,novo_gorazde,Ж,bosniaks,655
2013,Број,osmaci,Укупно,bosniaks,2673
2013,Број,osmaci,M,bosniaks,1321
2013,Број,osmaci,Ж,bosniaks,1352
2013,Број,ostra_luka,Укупно,bosniaks,23
2013,Број,ostra_luka,M,bosniaks,7
2013,Број,ostra_luka,Ж,bosniaks,16
2013,Број,pale,Укупно,bosniaks,165
2013,Број,pale,M,bosniaks,86
2013,Број,pale,Ж,bosniaks,79
2013,Број,pelagicevo,Укупно,bosniaks,13
2013,Број,pelagicevo,M,bosniaks,2
2013,Број,pelagicevo,Ж,bosniaks,11
2013,Број,petrovac,Укупно,bosniaks,0
2013,Број,petrovac,M,bosniaks,0
2013,Број,petrovac,Ж,bosniaks,0
2013,Број,petrovo,Укупно,bosniaks,6
2013,Број,petrovo,M,bosniaks,2
2013,Број,petrovo,Ж,bosniaks,4
2013,Број,grad_prijedor,Укупно,bosniaks,22303
2013,Број,grad_prijedor,M,bosniaks,10669
2013,Број,grad_prijedor,Ж,bosniaks,11634
2013,Број,prnjavor,Укупно,bosniaks,2749
2013,Број,prnjavor,M,bosniaks,1329
2013,Број,prnjavor,Ж,bosniaks,1420
2013,Број,ribnik,Укупно,bosniaks,0
2013,Број,ribnik,M,bosniaks,0
2013,Број,ribnik,Ж,bosniaks,0
2013,Број,rogatica,Укупно,bosniaks,1009
2013,Број,rogatica,M,bosniaks,520
2013,Број,rogatica,Ж,bosniaks,489
2013,Број,rudo,Укупно,bosniaks,574
2013,Број,rudo,M,bosniaks,300
2013,Број,rudo,Ж,bosniaks,274
2013,Број,sokolac,Укупно,bosniaks,629
2013,Број,sokolac,M,bosniaks,329
2013,Број,sokolac,Ж,bosniaks,300
2013,Број,srbac,Укупно,bosniaks,394
2013,Број,srbac,M,bosniaks,184
2013,Број,srbac,Ж,bosniaks,210
2013,Број,srebrenica,Укупно,bosniaks,6122
2013,Број,srebrenica,M,bosniaks,2913
2013,Број,srebrenica,Ж,bosniaks,3209
2013,Број,teslic,Укупно,bosniaks,6887
2013,Број,teslic,M,bosniaks,3387
2013,Број,teslic,Ж,bosniaks,3500
2013,Број,grad_trebinje,Укупно,bosniaks,863
2013,Број,grad_trebinje,M,bosniaks,426
2013,Број,grad_trebinje,Ж,bosniaks,437
2013,Број,trnovo,Укупно,bosniaks,818
2013,Број,trnovo,M,bosniaks,405
2013,Број,trnovo,Ж,bosniaks,413
2013,Број,ugljevik,Укупно,bosniaks,1999
2013,Број,ugljevik,M,bosniaks,974
2013,Број,ugljevik,Ж,bosniaks,1025
2013,Број,foca,Укупно,bosniaks,1169
2013,Број,foca,M,bosniaks,626
2013,Број,foca,Ж,bosniaks,543
2013,Број,han_pijesak,Укупно,bosniaks,420
2013,Број,han_pijesak,M,bosniaks,204
2013,Број,han_pijesak,Ж,bosniaks,216
2013,Број,cajnice,Укупно,bosniaks,835
2013,Број,cajnice,M,bosniaks,439
2013,Број,cajnice,Ж,bosniaks,396
2013,Број,celinac,Укупно,bosniaks,395
2013,Број,celinac,M,bosniaks,197
2013,Број,celinac,Ж,bosniaks,198
2013,Број,samac,Укупно,bosniaks,1005
2013,Број,samac,M,bosniaks,486
2013,Број,samac,Ж,bosniaks,519
2013,Број,sekovici,Укупно,bosniaks,103
2013,Број,sekovici,M,bosniaks,51
2013,Број,sekovici,Ж,bosniaks,52
2013,Број,sipovo,Укупно,bosniaks,578
2013,Број,sipovo,M,bosniaks,294
2013,Број,sipovo,Ж,bosniaks,284
2013,Број,republika_srpska,Укупно,croats,26509
2013,Број,republika_srpska,M,croats,11005
2013,Број,republika_srpska,Ж,croats,15504
2013,Број,grad_banja_luka,Укупно,croats,4887
2013,Број,grad_banja_luka,M,croats,1761
2013,Број,grad_banja_luka,Ж,croats,3126
2013,Број,berkovici,Укупно,croats,11
2013,Број,berkovici,M,croats,1
2013,Број,berkovici,Ж,croats,10
2013,Број,grad_bijeljina,Укупно,croats,498
2013,Број,grad_bijeljina,M,croats,140
2013,Број,grad_bijeljina,Ж,croats,358
2013,Број,bileca,Укупно,croats,21
2013,Број,bileca,M,croats,2
2013,Број,bileca,Ж,croats,19
2013,Број,bratunac,Укупно,croats,30
2013,Број,bratunac,M,croats,5
2013,Број,bratunac,Ж,croats,25
2013,Број,brod,Укупно,croats,3021
2013,Број,brod,M,croats,1413
2013,Број,brod,Ж,croats,1608
2013,Број,visegrad,Укупно,croats,32
2013,Број,visegrad,M,croats,5
2013,Број,visegrad,Ж,croats,27
2013,Број,vlasenica,Укупно,croats,29
2013,Број,vlasenica,M,croats,5
2013,Број,vlasenica,Ж,croats,24
2013,Број,vukosavlje,Укупно,croats,698
2013,Број,vukosavlje,M,croats,332
2013,Број,vukosavlje,Ж,croats,366
2013,Број,gacko,Укупно,croats,13
2013,Број,gacko,M,croats,5
2013,Број,gacko,Ж,croats,8
2013,Број,grad_gradiska,Укупно,croats,800
2013,Број,grad_gradiska,M,croats,276
2013,Број,grad_gradiska,Ж,croats,524
2013,Број,grad_derventa,Укупно,croats,2181
2013,Број,grad_derventa,M,croats,1040
2013,Број,grad_derventa,Ж,croats,1141
2013,Број,grad_doboj,Укупно,croats,1550
2013,Број,grad_doboj,M,croats,605
2013,Број,grad_doboj,Ж,croats,945
2013,Број,donji_zabar,Укупно,croats,991
2013,Број,donji_zabar,M,croats,497
2013,Број,donji_zabar,Ж,croats,494
2013,Број,grad_zvornik,Укупно,croats,103
2013,Број,grad_zvornik,M,croats,17
2013,Број,grad_zvornik,Ж,croats,86
2013,Број,istocna_ilidza,Укупно,croats,148
2013,Број,istocna_ilidza,M,croats,39
2013,Број,istocna_ilidza,Ж,croats,109
2013,Број,istocni_drvar,Укупно,croats,1
2013,Број,istocni_drvar,M,croats,0
2013,Број,istocni_drvar,Ж,croats,1
2013,Број,istocni_mostar,Укупно,croats,11
2013,Број,istocni_mostar,M,croats,8
2013,Број,istocni_mostar,Ж,croats,3
2013,Број,istocni_stari_grad,Укупно,croats,6
2013,Број,istocni_stari_grad,M,croats,2
2013,Број,istocni_stari_grad,Ж,croats,4
2013,Број,istocno_novo_sarajevo,Укупно,croats,102
2013,Број,istocno_novo_sarajevo,M,croats,23
2013,Број,istocno_novo_sarajevo,Ж,croats,79
2013,Број,jezero,Укупно,croats,6
2013,Број,jezero,M,croats,4
2013,Број,jezero,Ж,croats,2
2013,Број,kalinovik,Укупно,croats,8
2013,Број,kalinovik,M,croats,2
2013,Број,kalinovik,Ж,croats,6
2013,Број,knezevo,Укупно,croats,24
2013,Број,knezevo,M,croats,5
2013,Број,knezevo,Ж,croats,19
2013,Број,kozarska_dubica,Укупно,croats,261
2013,Број,kozarska_dubica,M,croats,79
2013,Број,kozarska_dubica,Ж,croats,182
2013,Број,kostajnica,Укупно,croats,82
2013,Број,kostajnica,M,croats,29
2013,Број,kostajnica,Ж,croats,53
2013,Број,kotor_varos,Укупно,croats,852
2013,Број,kotor_varos,M,croats,410
2013,Број,kotor_varos,Ж,croats,442
2013,Број,krupa_na_uni,Укупно,croats,2
2013,Број,krupa_na_uni,M,croats,0
2013,Број,krupa_na_uni,Ж,croats,2
2013,Број,kupres,Укупно,croats,0
2013,Број,kupres,M,croats,0
2013,Број,kupres,Ж,croats,0
2013,Број,laktasi,Укупно,croats,500
2013,Број,laktasi,M,croats,175
2013,Број,laktasi,Ж,croats,325
2013,Број,lopare,Укупно,croats,48
2013,Број,lopare,M,croats,9
2013,Број,lopare,Ж,croats,39
2013,Број,ljubinje,Укупно,croats,10
2013,Број,ljubinje,M,croats,3
2013,Број,ljubinje,Ж,croats,7
2013,Број,milici,Укупно,croats,22
2013,Број,milici,M,croats,7
2013,Број,milici,Ж,croats,15
2013,Број,modrica,Укупно,croats,1396
2013,Број,modrica,M,croats,662
2013,Број,modrica,Ж,croats,734
2013,Број,mrkonjic_grad,Укупно,croats,148
2013,Број,mrkonjic_grad,M,croats,60
2013,Број,mrkonjic_grad,Ж,croats,88
2013,Број,nevesinje,Укупно,croats,27
2013,Број,nevesinje,M,croats,9
2013,Број,nevesinje,Ж,croats,18
2013,Број,novi_grad,Укупно,croats,174
2013,Број,novi_grad,M,croats,58
2013,Број,novi_grad,Ж,croats,116
2013,Број,novo_gorazde,Укупно,croats,2
2013,Број,novo_gorazde,M,croats,1
2013,Број,novo_gorazde,Ж,croats,1
2013,Број,osmaci,Укупно,croats,7
2013,Број,osmaci,M,croats,1
2013,Број,osmaci,Ж,croats,6
2013,Број,ostra_luka,Укупно,croats,149
2013,Број,ostra_luka,M,croats,74
2013,Број,ostra_luka,Ж,croats,75
2013,Број,pale,Укупно,croats,126
2013,Број,pale,M,croats,37
2013,Број,pale,Ж,croats,89
2013,Број,pelagicevo,Укупно,croats,1182
2013,Број,pelagicevo,M,croats,580
2013,Број,pelagicevo,Ж,croats,602
2013,Број,petrovac,Укупно,croats,0
2013,Број,petrovac,M,croats,0
2013,Број,petrovac,Ж,croats,0
2013,Број,petrovo,Укупно,croats,34
2013,Број,petrovo,M,croats,8
2013,Број,petrovo,Ж,croats,26
2013,Број,grad_prijedor,Укупно,croats,1666
2013,Број,grad_prijedor,M,croats,679
2013,Број,grad_prijedor,Ж,croats,987
2013,Број,prnjavor,Укупно,croats,423
2013,Број,prnjavor,M,croats,150
2013,Број,prnjavor,Ж,croats,273
2013,Број,ribnik,Укупно,croats,11
2013,Број,ribnik,M,croats,4
2013,Број,ribnik,Ж,croats,7
2013,Број,rogatica,Укупно,croats,18
2013,Број,rogatica,M,croats,2
2013,Број,rogatica,Ж,croats,16
2013,Број,rudo,Укупно,croats,7
2013,Број,rudo,M,croats,6
2013,Број,rudo,Ж,croats,1
2013,Број,sokolac,Укупно,croats,28
2013,Број,sokolac,M,croats,8
2013,Број,sokolac,Ж,croats,20
2013,Број,srbac,Укупно,croats,128
2013,Број,srbac,M,croats,21
2013,Број,srbac,Ж,croats,107
2013,Број,srebrenica,Укупно,croats,14
2013,Број,srebrenica,M,croats,6
2013,Број,srebrenica,Ж,croats,8
2013,Број,teslic,Укупно,croats,1346
2013,Број,teslic,M,croats,581
2013,Број,teslic,Ж,croats,765
2013,Број,grad_trebinje,Укупно,croats,295
2013,Број,grad_trebinje,M,croats,99
2013,Број,grad_trebinje,Ж,croats,196
2013,Број,trnovo,Укупно,croats,15
2013,Број,trnovo,M,croats,3
2013,Број,trnovo,Ж,croats,12
2013,Број,ugljevik,Укупно,croats,42
2013,Број,ugljevik,M,croats,8
2013,Број,ugljevik,Ж,croats,34
2013,Број,foca,Укупно,croats,52
2013,Број,foca,M,croats,16
2013,Број,foca,Ж,croats,36
2013,Број,han_pijesak,Укупно,croats,7
2013,Број,han_pijesak,M,croats,1
2013,Број,han_pijesak,Ж,croats,6
2013,Број,cajnice,Укупно,croats,6
2013,Број,cajnice,M,croats,1
2013,Број,cajnice,Ж,croats,5
2013,Број,celinac,Укупно,croats,48
2013,Број,celinac,M,croats,11
2013,Број,celinac,Ж,croats,37
2013,Број,samac,Укупно,croats,2176
2013,Број,samac,M,croats,1011
2013,Број,samac,Ж,croats,1165
2013,Број,sekovici,Укупно,croats,8
2013,Број,sekovici,M,croats,2
2013,Број,sekovici,Ж,croats,6
2013,Број,sipovo,Укупно,croats,26
2013,Број,sipovo,M,croats,7
2013,Број,sipovo,Ж,croats,19
2013,Број,republika_srpska,Укупно,serbs,970857
2013,Број,republika_srpska,M,serbs,477334
2013,Број,republika_srpska,Ж,serbs,493523
2013,Број,grad_banja_luka,Укупно,serbs,162057
2013,Број,grad_banja_luka,M,serbs,78827
2013,Број,grad_banja_luka,Ж,serbs,83230
2013,Број,berkovici,Укупно,serbs,1873
2013,Број,berkovici,M,serbs,943
2013,Број,berkovici,Ж,serbs,930
2013,Број,grad_bijeljina,Укупно,serbs,89474
2013,Број,grad_bijeljina,M,serbs,43861
2013,Број,grad_bijeljina,Ж,serbs,45613
2013,Број,bileca,Укупно,serbs,10447
2013,Број,bileca,M,serbs,5276
2013,Број,bileca,Ж,serbs,5171
2013,Број,bratunac,Укупно,serbs,11897
2013,Број,bratunac,M,serbs,5915
2013,Број,bratunac,Ж,serbs,5982
2013,Број,brod,Укупно,serbs,11065
2013,Број,brod,M,serbs,5486
2013,Број,brod,Ж,serbs,5579
2013,Број,visegrad,Укупно,serbs,8942
2013,Број,visegrad,M,serbs,4337
2013,Број,visegrad,Ж,serbs,4605
2013,Број,vlasenica,Укупно,serbs,7190
2013,Број,vlasenica,M,serbs,3505
2013,Број,vlasenica,Ж,serbs,3685
2013,Број,vukosavlje,Укупно,serbs,1448
2013,Број,vukosavlje,M,serbs,720
2013,Број,vukosavlje,Ж,serbs,728
2013,Број,gacko,Укупно,serbs,8316
2013,Број,gacko,M,serbs,4211
2013,Број,gacko,Ж,serbs,4105
2013,Број,grad_gradiska,Укупно,serbs,40707
2013,Број,grad_gradiska,M,serbs,19960
2013,Број,grad_gradiska,Ж,serbs,20747
2013,Број,grad_derventa,Укупно,serbs,21495
2013,Број,grad_derventa,M,serbs,10524
2013,Број,grad_derventa,Ж,serbs,10971
2013,Број,grad_doboj,Укупно,serbs,50968
2013,Број,grad_doboj,M,serbs,24968
2013,Број,grad_doboj,Ж,serbs,26000
2013,Број,donji_zabar,Укупно,serbs,2658
2013,Број,donji_zabar,M,serbs,1352
2013,Број,donji_zabar,Ж,serbs,1306
2013,Број,grad_zvornik,Укупно,serbs,37242
2013,Број,grad_zvornik,M,serbs,18452
2013,Број,grad_zvornik,Ж,serbs,18790
2013,Број,istocna_ilidza,Укупно,serbs,13455
2013,Број,istocna_ilidza,M,serbs,6486
2013,Број,istocna_ilidza,Ж,serbs,6969
2013,Број,istocni_drvar,Укупно,serbs,65
2013,Број,istocni_drvar,M,serbs,44
2013,Број,istocni_drvar,Ж,serbs,21
2013,Број,istocni_mostar,Укупно,serbs,153
2013,Број,istocni_mostar,M,serbs,84
2013,Број,istocni_mostar,Ж,serbs,69
2013,Број,istocni_stari_grad,Укупно,serbs,1059
2013,Број,istocni_stari_grad,M,serbs,519
2013,Број,istocni_stari_grad,Ж,serbs,540
2013,Број,istocno_novo_sarajevo,Укупно,serbs,10028
2013,Број,istocno_novo_sarajevo,M,serbs,4801
2013,Број,istocno_novo_sarajevo,Ж,serbs,5227
2013,Број,jezero,Укупно,serbs,779
2013,Број,jezero,M,serbs,410
2013,Број,jezero,Ж,serbs,369
2013,Број,kalinovik,Укупно,serbs,1895
2013,Број,kalinovik,M,serbs,920
2013,Број,kalinovik,Ж,serbs,975
2013,Број,knezevo,Укупно,serbs,8886
2013,Број,knezevo,M,serbs,4414
2013,Број,knezevo,Ж,serbs,4472
2013,Број,kozarska_dubica,Укупно,serbs,18144
2013,Број,kozarska_dubica,M,serbs,8939
2013,Број,kozarska_dubica,Ж,serbs,9205
2013,Број,kostajnica,Укупно,serbs,4177
2013,Број,kostajnica,M,serbs,2077
2013,Број,kostajnica,Ж,serbs,2100
2013,Број,kotor_varos,Укупно,serbs,12730
2013,Број,kotor_varos,M,serbs,6305
2013,Број,kotor_varos,Ж,serbs,6425
2013,Број,krupa_na_uni,Укупно,serbs,1555
2013,Број,krupa_na_uni,M,serbs,840
2013,Број,krupa_na_uni,Ж,serbs,715
2013,Број,kupres,Укупно,serbs,292
2013,Број,kupres,M,serbs,156
2013,Број,kupres,Ж,serbs,136
2013,Број,laktasi,Укупно,serbs,32761
2013,Број,laktasi,M,serbs,16275
2013,Број,laktasi,Ж,serbs,16486
2013,Број,lopare,Укупно,serbs,13267
2013,Број,lopare,M,serbs,6695
2013,Број,lopare,Ж,serbs,6572
2013,Број,ljubinje,Укупно,serbs,3280
2013,Број,ljubinje,M,serbs,1615
2013,Број,ljubinje,Ж,serbs,1665
2013,Број,milici,Укупно,serbs,6857
2013,Број,milici,M,serbs,3486
2013,Број,milici,Ж,serbs,3371
2013,Број,modrica,Укупно,serbs,19530
2013,Број,modrica,M,serbs,9611
2013,Број,modrica,Ж,serbs,9919
2013,Број,mrkonjic_grad,Укупно,serbs,15340
2013,Број,mrkonjic_grad,M,serbs,7388
2013,Број,mrkonjic_grad,Ж,serbs,7952
2013,Број,nevesinje,Укупно,serbs,11964
2013,Број,nevesinje,M,serbs,5951
2013,Број,nevesinje,Ж,serbs,6013
2013,Број,novi_grad,Укупно,serbs,19491
2013,Број,novi_grad,M,serbs,9747
2013,Број,novi_grad,Ж,serbs,9744
2013,Број,novo_gorazde,Укупно,serbs,1561
2013,Број,novo_gorazde,M,serbs,821
2013,Број,novo_gorazde,Ж,serbs,740
2013,Број,osmaci,Укупно,serbs,2852
2013,Број,osmaci,M,serbs,1450
2013,Број,osmaci,Ж,serbs,1402
2013,Број,ostra_luka,Укупно,serbs,2510
2013,Број,ostra_luka,M,serbs,1296
2013,Број,ostra_luka,Ж,serbs,1214
2013,Број,pale,Укупно,serbs,19932
2013,Број,pale,M,serbs,9561
2013,Број,pale,Ж,serbs,10371
2013,Број,pelagicevo,Укупно,serbs,3146
2013,Број,pelagicevo,M,serbs,1563
2013,Број,pelagicevo,Ж,serbs,1583
2013,Број,petrovac,Укупно,serbs,351
2013,Број,petrovac,M,serbs,168
2013,Број,petrovac,Ж,serbs,183
2013,Број,petrovo,Укупно,serbs,6222
2013,Број,petrovo,M,serbs,3002
2013,Број,petrovo,Ж,serbs,3220
2013,Број,grad_prijedor,Укупно,serbs,54365
2013,Број,grad_prijedor,M,serbs,26834
2013,Број,grad_prijedor,Ж,serbs,27531
2013,Број,prnjavor,Укупно,serbs,29478
2013,Број,prnjavor,M,serbs,14352
2013,Број,prnjavor,Ж,serbs,15126
2013,Број,ribnik,Укупно,serbs,5825
2013,Број,ribnik,M,serbs,2891
2013,Број,ribnik,Ж,serbs,2934
2013,Број,rogatica,Укупно,serbs,9217
2013,Број,rogatica,M,serbs,4502
2013,Број,rogatica,Ж,serbs,4715
2013,Број,rudo,Укупно,serbs,6963
2013,Број,rudo,M,serbs,3517
2013,Број,rudo,Ж,serbs,3446
2013,Број,sokolac,Укупно,serbs,10894
2013,Број,sokolac,M,serbs,5357
2013,Број,sokolac,Ж,serbs,5537
2013,Број,srbac,Укупно,serbs,16013
2013,Број,srbac,M,serbs,7888
2013,Број,srbac,Ж,serbs,8125
2013,Број,srebrenica,Укупно,serbs,5467
2013,Број,srebrenica,M,serbs,2743
2013,Број,srebrenica,Ж,serbs,2724
2013,Број,teslic,Укупно,serbs,28166
2013,Број,teslic,M,serbs,13545
2013,Број,teslic,Ж,serbs,14621
2013,Број,grad_trebinje,Укупно,serbs,26484
2013,Број,grad_trebinje,M,serbs,12943
2013,Број,grad_trebinje,Ж,serbs,13541
2013,Број,trnovo,Укупно,serbs,1131
2013,Број,trnovo,M,serbs,534
2013,Број,trnovo,Ж,serbs,597
2013,Број,ugljevik,Укупно,serbs,13007
2013,Број,ugljevik,M,serbs,6606
2013,Број,ugljevik,Ж,serbs,6401
2013,Број,foca,Укупно,serbs,16157
2013,Број,foca,M,serbs,8133
2013,Број,foca,Ж,serbs,8024
2013,Број,han_pijesak,Укупно,serbs,2994
2013,Број,han_pijesak,M,serbs,1412
2013,Број,han_pijesak,Ж,serbs,1582
2013,Број,cajnice,Укупно,serbs,3806
2013,Број,cajnice,M,serbs,1891
2013,Број,cajnice,Ж,serbs,1915
2013,Број,celinac,Укупно,serbs,14508
2013,Број,celinac,M,serbs,7194
2013,Број,celinac,Ж,serbs,7314
2013,Број,samac,Укупно,serbs,12832
2013,Број,samac,M,serbs,6277
2013,Број,samac,Ж,serbs,6555
2013,Број,sekovici,Укупно,serbs,6187
2013,Број,sekovici,M,serbs,3038
2013,Број,sekovici,Ж,serbs,3149
2013,Број,sipovo,Укупно,serbs,9302
2013,Број,sipovo,M,serbs,4716
2013,Број,sipovo,Ж,serbs,4586
2013,Број,republika_srpska,Укупно,other_ethnicity/nationality,14641
2013,Број,republika_srpska,M,other_ethnicity/nationality,7207
2013,Број,republika_srpska,Ж,other_ethnicity/nationality,7434
2013,Број,grad_banja_luka,Укупно,other_ethnicity/nationality,3324
2013,Број,grad_banja_luka,M,other_ethnicity/nationality,1617
2013,Број,grad_banja_luka,Ж,other_ethnicity/nationality,1707
2013,Број,berkovici,Укупно,other_ethnicity/nationality,1
2013,Број,berkovici,M,other_ethnicity/nationality,1
2013,Број,berkovici,Ж,other_ethnicity/nationality,0
2013,Број,grad_bijeljina,Укупно,other_ethnicity/nationality,1478
2013,Број,grad_bijeljina,M,other_ethnicity/nationality,717
2013,Број,grad_bijeljina,Ж,other_ethnicity/nationality,761
2013,Број,bileca,Укупно,other_ethnicity/nationality,72
2013,Број,bileca,M,other_ethnicity/nationality,38
2013,Број,bileca,Ж,other_ethnicity/nationality,34
2013,Број,bratunac,Укупно,other_ethnicity/nationality,79
2013,Број,bratunac,M,other_ethnicity/nationality,45
2013,Број,bratunac,Ж,other_ethnicity/nationality,34
2013,Број,brod,Укупно,other_ethnicity/nationality,151
2013,Број,brod,M,other_ethnicity/nationality,69
2013,Број,brod,Ж,other_ethnicity/nationality,82
2013,Број,visegrad,Укупно,other_ethnicity/nationality,53
2013,Број,visegrad,M,other_ethnicity/nationality,26
2013,Број,visegrad,Ж,other_ethnicity/nationality,27
2013,Број,vlasenica,Укупно,other_ethnicity/nationality,29
2013,Број,vlasenica,M,other_ethnicity/nationality,13
2013,Број,vlasenica,Ж,other_ethnicity/nationality,16
2013,Број,vukosavlje,Укупно,other_ethnicity/nationality,146
2013,Број,vukosavlje,M,other_ethnicity/nationality,81
2013,Број,vukosavlje,Ж,other_ethnicity/nationality,65
2013,Број,gacko,Укупно,other_ethnicity/nationality,40
2013,Број,gacko,M,other_ethnicity/nationality,27
2013,Број,gacko,Ж,other_ethnicity/nationality,13
2013,Број,grad_gradiska,Укупно,other_ethnicity/nationality,970
2013,Број,grad_gradiska,M,other_ethnicity/nationality,468
2013,Број,grad_gradiska,Ж,other_ethnicity/nationality,502
2013,Број,grad_derventa,Укупно,other_ethnicity/nationality,264
2013,Број,grad_derventa,M,other_ethnicity/nationality,116
2013,Број,grad_derventa,Ж,other_ethnicity/nationality,148
2013,Број,grad_doboj,Укупно,other_ethnicity/nationality,949
2013,Број,grad_doboj,M,other_ethnicity/nationality,486
2013,Број,grad_doboj,Ж,other_ethnicity/nationality,463
2013,Број,donji_zabar,Укупно,other_ethnicity/nationality,9
2013,Број,donji_zabar,M,other_ethnicity/nationality,1
2013,Број,donji_zabar,Ж,other_ethnicity/nationality,8
2013,Број,grad_zvornik,Укупно,other_ethnicity/nationality,120
2013,Број,grad_zvornik,M,other_ethnicity/nationality,55
2013,Број,grad_zvornik,Ж,other_ethnicity/nationality,65
2013,Број,istocna_ilidza,Укупно,other_ethnicity/nationality,96
2013,Број,istocna_ilidza,M,other_ethnicity/nationality,44
2013,Број,istocna_ilidza,Ж,other_ethnicity/nationality,52
2013,Број,istocni_drvar,Укупно,other_ethnicity/nationality,0
2013,Број,istocni_drvar,M,other_ethnicity/nationality,0
2013,Број,istocni_drvar,Ж,other_ethnicity/nationality,0
2013,Број,istocni_mostar,Укупно,other_ethnicity/nationality,0
2013,Број,istocni_mostar,M,other_ethnicity/nationality,0
2013,Број,istocni_mostar,Ж,other_ethnicity/nationality,0
2013,Број,istocni_stari_grad,Укупно,other_ethnicity/nationality,7
2013,Број,istocni_stari_grad,M,other_ethnicity/nationality,5
2013,Број,istocni_stari_grad,Ж,other_ethnicity/nationality,2
2013,Број,istocno_novo_sarajevo,Укупно,other_ethnicity/nationality,163
2013,Број,istocno_novo_sarajevo,M,other_ethnicity/nationality,72
2013,Број,istocno_novo_sarajevo,Ж,other_ethnicity/nationality,91
2013,Број,jezero,Укупно,other_ethnicity/nationality,1
2013,Број,jezero,M,other_ethnicity/nationality,1
2013,Број,jezero,Ж,other_ethnicity/nationality,0
2013,Број,kalinovik,Укупно,other_ethnicity/nationality,15
2013,Број,kalinovik,M,other_ethnicity/nationality,8
2013,Број,kalinovik,Ж,other_ethnicity/nationality,7
2013,Број,knezevo,Укупно,other_ethnicity/nationality,37
2013,Број,knezevo,M,other_ethnicity/nationality,21
2013,Број,knezevo,Ж,other_ethnicity/nationality,16
2013,Број,kozarska_dubica,Укупно,other_ethnicity/nationality,219
2013,Број,kozarska_dubica,M,other_ethnicity/nationality,102
2013,Број,kozarska_dubica,Ж,other_ethnicity/nationality,117
2013,Број,kostajnica,Укупно,other_ethnicity/nationality,42
2013,Број,kostajnica,M,other_ethnicity/nationality,20
2013,Број,kostajnica,Ж,other_ethnicity/nationality,22
2013,Број,kotor_varos,Укупно,other_ethnicity/nationality,129
2013,Број,kotor_varos,M,other_ethnicity/nationality,63
2013,Број,kotor_varos,Ж,other_ethnicity/nationality,66
2013,Број,krupa_na_uni,Укупно,other_ethnicity/nationality,0
2013,Број,krupa_na_uni,M,other_ethnicity/nationality,0
2013,Број,krupa_na_uni,Ж,other_ethnicity/nationality,0
2013,Број,kupres,Укупно,other_ethnicity/nationality,0
2013,Број,kupres,M,other_ethnicity/nationality,0
2013,Број,kupres,Ж,other_ethnicity/nationality,0
2013,Број,laktasi,Укупно,other_ethnicity/nationality,562
2013,Број,laktasi,M,other_ethnicity/nationality,285
2013,Број,laktasi,Ж,other_ethnicity/nationality,277
2013,Број,lopare,Укупно,other_ethnicity/nationality,31
2013,Број,lopare,M,other_ethnicity/nationality,16
2013,Број,lopare,Ж,other_ethnicity/nationality,15
2013,Број,ljubinje,Укупно,other_ethnicity/nationality,13
2013,Број,ljubinje,M,other_ethnicity/nationality,7
2013,Број,ljubinje,Ж,other_ethnicity/nationality,6
2013,Број,milici,Укупно,other_ethnicity/nationality,19
2013,Број,milici,M,other_ethnicity/nationality,7
2013,Број,milici,Ж,other_ethnicity/nationality,12
2013,Број,modrica,Укупно,other_ethnicity/nationality,412
2013,Број,modrica,M,other_ethnicity/nationality,207
2013,Број,modrica,Ж,other_ethnicity/nationality,205
2013,Број,mrkonjic_grad,Укупно,other_ethnicity/nationality,37
2013,Број,mrkonjic_grad,M,other_ethnicity/nationality,17
2013,Број,mrkonjic_grad,Ж,other_ethnicity/nationality,20
2013,Број,nevesinje,Укупно,other_ethnicity/nationality,18
2013,Број,nevesinje,M,other_ethnicity/nationality,5
2013,Број,nevesinje,Ж,other_ethnicity/nationality,13
2013,Број,novi_grad,Укупно,other_ethnicity/nationality,200
2013,Број,novi_grad,M,other_ethnicity/nationality,100
2013,Број,novi_grad,Ж,other_ethnicity/nationality,100
2013,Број,novo_gorazde,Укупно,other_ethnicity/nationality,22
2013,Број,novo_gorazde,M,other_ethnicity/nationality,11
2013,Број,novo_gorazde,Ж,other_ethnicity/nationality,11
2013,Број,osmaci,Укупно,other_ethnicity/nationality,5
2013,Број,osmaci,M,other_ethnicity/nationality,2
2013,Број,osmaci,Ж,other_ethnicity/nationality,3
2013,Број,ostra_luka,Укупно,other_ethnicity/nationality,8
2013,Број,ostra_luka,M,other_ethnicity/nationality,3
2013,Број,ostra_luka,Ж,other_ethnicity/nationality,5
2013,Број,pale,Укупно,other_ethnicity/nationality,70
2013,Број,pale,M,other_ethnicity/nationality,31
2013,Број,pale,Ж,other_ethnicity/nationality,39
2013,Број,pelagicevo,Укупно,other_ethnicity/nationality,9
2013,Број,pelagicevo,M,other_ethnicity/nationality,4
2013,Број,pelagicevo,Ж,other_ethnicity/nationality,5
2013,Број,petrovac,Укупно,other_ethnicity/nationality,3
2013,Број,petrovac,M,other_ethnicity/nationality,1
2013,Број,petrovac,Ж,other_ethnicity/nationality,2
2013,Број,petrovo,Укупно,other_ethnicity/nationality,30
2013,Број,petrovo,M,other_ethnicity/nationality,19
2013,Број,petrovo,Ж,other_ethnicity/nationality,11
2013,Број,grad_prijedor,Укупно,other_ethnicity/nationality,1495
2013,Број,grad_prijedor,M,other_ethnicity/nationality,712
2013,Број,grad_prijedor,Ж,other_ethnicity/nationality,783
2013,Број,prnjavor,Укупно,other_ethnicity/nationality,1452
2013,Број,prnjavor,M,other_ethnicity/nationality,738
2013,Број,prnjavor,Ж,other_ethnicity/nationality,714
2013,Број,ribnik,Укупно,other_ethnicity/nationality,11
2013,Број,ribnik,M,other_ethnicity/nationality,3
2013,Број,ribnik,Ж,other_ethnicity/nationality,8
2013,Број,rogatica,Укупно,other_ethnicity/nationality,41
2013,Број,rogatica,M,other_ethnicity/nationality,20
2013,Број,rogatica,Ж,other_ethnicity/nationality,21
2013,Број,rudo,Укупно,other_ethnicity/nationality,26
2013,Број,rudo,M,other_ethnicity/nationality,14
2013,Број,rudo,Ж,other_ethnicity/nationality,12
2013,Број,sokolac,Укупно,other_ethnicity/nationality,38
2013,Број,sokolac,M,other_ethnicity/nationality,19
2013,Број,sokolac,Ж,other_ethnicity/nationality,19
2013,Број,srbac,Укупно,other_ethnicity/nationality,280
2013,Број,srbac,M,other_ethnicity/nationality,146
2013,Број,srbac,Ж,other_ethnicity/nationality,134
2013,Број,srebrenica,Укупно,other_ethnicity/nationality,59
2013,Број,srebrenica,M,other_ethnicity/nationality,34
2013,Број,srebrenica,Ж,other_ethnicity/nationality,25
2013,Број,teslic,Укупно,other_ethnicity/nationality,454
2013,Број,teslic,M,other_ethnicity/nationality,222
2013,Број,teslic,Ж,other_ethnicity/nationality,232
2013,Број,grad_trebinje,Укупно,other_ethnicity/nationality,398
2013,Број,grad_trebinje,M,other_ethnicity/nationality,204
2013,Број,grad_trebinje,Ж,other_ethnicity/nationality,194
2013,Број,trnovo,Укупно,other_ethnicity/nationality,10
2013,Број,trnovo,M,other_ethnicity/nationality,7
2013,Број,trnovo,Ж,other_ethnicity/nationality,3
2013,Број,ugljevik,Укупно,other_ethnicity/nationality,36
2013,Број,ugljevik,M,other_ethnicity/nationality,17
2013,Број,ugljevik,Ж,other_ethnicity/nationality,19
2013,Број,foca,Укупно,other_ethnicity/nationality,160
2013,Број,foca,M,other_ethnicity/nationality,90
2013,Број,foca,Ж,other_ethnicity/nationality,70
2013,Број,han_pijesak,Укупно,other_ethnicity/nationality,21
2013,Број,han_pijesak,M,other_ethnicity/nationality,14
2013,Број,han_pijesak,Ж,other_ethnicity/nationality,7
2013,Број,cajnice,Укупно,other_ethnicity/nationality,24
2013,Број,cajnice,M,other_ethnicity/nationality,13
2013,Број,cajnice,Ж,other_ethnicity/nationality,11
2013,Број,celinac,Укупно,other_ethnicity/nationality,122
2013,Број,celinac,M,other_ethnicity/nationality,55
2013,Број,celinac,Ж,other_ethnicity/nationality,67
2013,Број,samac,Укупно,other_ethnicity/nationality,135
2013,Број,samac,M,other_ethnicity/nationality,67
2013,Број,samac,Ж,other_ethnicity/nationality,68
2013,Број,sekovici,Укупно,other_ethnicity/nationality,12
2013,Број,sekovici,M,other_ethnicity/nationality,7
2013,Број,sekovici,Ж,other_ethnicity/nationality,5
2013,Број,sipovo,Укупно,other_ethnicity/nationality,34
2013,Број,sipovo,M,other_ethnicity/nationality,14
2013,Број,sipovo,Ж,other_ethnicity/nationality,20
2013,Број,republika_srpska,Укупно,does_not_declare_ethnicity/nationality,7861
2013,Број,republika_srpska,M,does_not_declare_ethnicity/nationality,3202
2013,Број,republika_srpska,Ж,does_not_declare_ethnicity/nationality,4659
2013,Број,grad_banja_luka,Укупно,does_not_declare_ethnicity/nationality,2641
2013,Број,grad_banja_luka,M,does_not_declare_ethnicity/nationality,1044
2013,Број,grad_banja_luka,Ж,does_not_declare_ethnicity/nationality,1597
2013,Број,berkovici,Укупно,does_not_declare_ethnicity/nationality,0
2013,Број,berkovici,M,does_not_declare_ethnicity/nationality,0
2013,Број,berkovici,Ж,does_not_declare_ethnicity/nationality,0
2013,Број,grad_bijeljina,Укупно,does_not_declare_ethnicity/nationality,654
2013,Број,grad_bijeljina,M,does_not_declare_ethnicity/nationality,272
2013,Број,grad_bijeljina,Ж,does_not_declare_ethnicity/nationality,382
2013,Број,bileca,Укупно,does_not_declare_ethnicity/nationality,30
2013,Број,bileca,M,does_not_declare_ethnicity/nationality,10
2013,Број,bileca,Ж,does_not_declare_ethnicity/nationality,20
2013,Број,bratunac,Укупно,does_not_declare_ethnicity/nationality,22
2013,Број,bratunac,M,does_not_declare_ethnicity/nationality,11
2013,Број,bratunac,Ж,does_not_declare_ethnicity/nationality,11
2013,Број,brod,Укупно,does_not_declare_ethnicity/nationality,142
2013,Број,brod,M,does_not_declare_ethnicity/nationality,50
2013,Број,brod,Ж,does_not_declare_ethnicity/nationality,92
2013,Број,visegrad,Укупно,does_not_declare_ethnicity/nationality,19
2013,Број,visegrad,M,does_not_declare_ethnicity/nationality,10
2013,Број,visegrad,Ж,does_not_declare_ethnicity/nationality,9
2013,Број,vlasenica,Укупно,does_not_declare_ethnicity/nationality,20
2013,Број,vlasenica,M,does_not_declare_ethnicity/nationality,11
2013,Број,vlasenica,Ж,does_not_declare_ethnicity/nationality,9
2013,Број,vukosavlje,Укупно,does_not_declare_ethnicity/nationality,32
2013,Број,vukosavlje,M,does_not_declare_ethnicity/nationality,15
2013,Број,vukosavlje,Ж,does_not_declare_ethnicity/nationality,17
2013,Број,gacko,Укупно,does_not_declare_ethnicity/nationality,3
2013,Број,gacko,M,does_not_declare_ethnicity/nationality,0
2013,Број,gacko,Ж,does_not_declare_ethnicity/nationality,3
2013,Број,grad_gradiska,Укупно,does_not_declare_ethnicity/nationality,411
2013,Број,grad_gradiska,M,does_not_declare_ethnicity/nationality,174
2013,Број,grad_gradiska,Ж,does_not_declare_ethnicity/nationality,237
2013,Број,grad_derventa,Укупно,does_not_declare_ethnicity/nationality,242
2013,Број,grad_derventa,M,does_not_declare_ethnicity/nationality,113
2013,Број,grad_derventa,Ж,does_not_declare_ethnicity/nationality,129
2013,Број,grad_doboj,Укупно,does_not_declare_ethnicity/nationality,467
2013,Број,grad_doboj,M,does_not_declare_ethnicity/nationality,198
2013,Број,grad_doboj,Ж,does_not_declare_ethnicity/nationality,269
2013,Број,donji_zabar,Укупно,does_not_declare_ethnicity/nationality,5
2013,Број,donji_zabar,M,does_not_declare_ethnicity/nationality,2
2013,Број,donji_zabar,Ж,does_not_declare_ethnicity/nationality,3
2013,Број,grad_zvornik,Укупно,does_not_declare_ethnicity/nationality,70
2013,Број,grad_zvornik,M,does_not_declare_ethnicity/nationality,31
2013,Број,grad_zvornik,Ж,does_not_declare_ethnicity/nationality,39
2013,Број,istocna_ilidza,Укупно,does_not_declare_ethnicity/nationality,96
2013,Број,istocna_ilidza,M,does_not_declare_ethnicity/nationality,38
2013,Број,istocna_ilidza,Ж,does_not_declare_ethnicity/nationality,58
2013,Број,istocni_drvar,Укупно,does_not_declare_ethnicity/nationality,0
2013,Број,istocni_drvar,M,does_not_declare_ethnicity/nationality,0
2013,Број,istocni_drvar,Ж,does_not_declare_ethnicity/nationality,0
2013,Број,istocni_mostar,Укупно,does_not_declare_ethnicity/nationality,0
2013,Број,istocni_mostar,M,does_not_declare_ethnicity/nationality,0
2013,Број,istocni_mostar,Ж,does_not_declare_ethnicity/nationality,0
2013,Број,istocni_stari_grad,Укупно,does_not_declare_ethnicity/nationality,2
2013,Број,istocni_stari_grad,M,does_not_declare_ethnicity/nationality,0
2013,Број,istocni_stari_grad,Ж,does_not_declare_ethnicity/nationality,2
2013,Број,istocno_novo_sarajevo,Укупно,does_not_declare_ethnicity/nationality,61
2013,Број,istocno_novo_sarajevo,M,does_not_declare_ethnicity/nationality,26
2013,Број,istocno_novo_sarajevo,Ж,does_not_declare_ethnicity/nationality,35
2013,Број,jezero,Укупно,does_not_declare_ethnicity/nationality,1
2013,Број,jezero,M,does_not_declare_ethnicity/nationality,0
2013,Број,jezero,Ж,does_not_declare_ethnicity/nationality,1
2013,Број,kalinovik,Укупно,does_not_declare_ethnicity/nationality,1
2013,Број,kalinovik,M,does_not_declare_ethnicity/nationality,1
2013,Број,kalinovik,Ж,does_not_declare_ethnicity/nationality,0
2013,Број,knezevo,Укупно,does_not_declare_ethnicity/nationality,4
2013,Број,knezevo,M,does_not_declare_ethnicity/nationality,3
2013,Број,knezevo,Ж,does_not_declare_ethnicity/nationality,1
2013,Број,kozarska_dubica,Укупно,does_not_declare_ethnicity/nationality,162
2013,Број,kozarska_dubica,M,does_not_declare_ethnicity/nationality,63
2013,Број,kozarska_dubica,Ж,does_not_declare_ethnicity/nationality,99
2013,Број,kostajnica,Укупно,does_not_declare_ethnicity/nationality,66
2013,Број,kostajnica,M,does_not_declare_ethnicity/nationality,28
2013,Број,kostajnica,Ж,does_not_declare_ethnicity/nationality,38
2013,Број,kotor_varos,Укупно,does_not_declare_ethnicity/nationality,115
2013,Број,kotor_varos,M,does_not_declare_ethnicity/nationality,42
2013,Број,kotor_varos,Ж,does_not_declare_ethnicity/nationality,73
2013,Број,krupa_na_uni,Укупно,does_not_declare_ethnicity/nationality,0
2013,Број,krupa_na_uni,M,does_not_declare_ethnicity/nationality,0
2013,Број,krupa_na_uni,Ж,does_not_declare_ethnicity/nationality,0
2013,Број,kupres,Укупно,does_not_declare_ethnicity/nationality,1
2013,Број,kupres,M,does_not_declare_ethnicity/nationality,1
2013,Број,kupres,Ж,does_not_declare_ethnicity/nationality,0
2013,Број,laktasi,Укупно,does_not_declare_ethnicity/nationality,237
2013,Број,laktasi,M,does_not_declare_ethnicity/nationality,103
2013,Број,laktasi,Ж,does_not_declare_ethnicity/nationality,134
2013,Број,lopare,Укупно,does_not_declare_ethnicity/nationality,23
2013,Број,lopare,M,does_not_declare_ethnicity/nationality,5
2013,Број,lopare,Ж,does_not_declare_ethnicity/nationality,18
2013,Број,ljubinje,Укупно,does_not_declare_ethnicity/nationality,5
2013,Број,ljubinje,M,does_not_declare_ethnicity/nationality,2
2013,Број,ljubinje,Ж,does_not_declare_ethnicity/nationality,3
2013,Број,milici,Укупно,does_not_declare_ethnicity/nationality,7
2013,Број,milici,M,does_not_declare_ethnicity/nationality,3
2013,Број,milici,Ж,does_not_declare_ethnicity/nationality,4
2013,Број,modrica,Укупно,does_not_declare_ethnicity/nationality,156
2013,Број,modrica,M,does_not_declare_ethnicity/nationality,63
2013,Број,modrica,Ж,does_not_declare_ethnicity/nationality,93
2013,Број,mrkonjic_grad,Укупно,does_not_declare_ethnicity/nationality,35
2013,Број,mrkonjic_grad,M,does_not_declare_ethnicity/nationality,19
2013,Број,mrkonjic_grad,Ж,does_not_declare_ethnicity/nationality,16
2013,Број,nevesinje,Укупно,does_not_declare_ethnicity/nationality,18
2013,Број,nevesinje,M,does_not_declare_ethnicity/nationality,8
2013,Број,nevesinje,Ж,does_not_declare_ethnicity/nationality,10
2013,Број,novi_grad,Укупно,does_not_declare_ethnicity/nationality,137
2013,Број,novi_grad,M,does_not_declare_ethnicity/nationality,56
2013,Број,novi_grad,Ж,does_not_declare_ethnicity/nationality,81
2013,Број,novo_gorazde,Укупно,does_not_declare_ethnicity/nationality,6
2013,Број,novo_gorazde,M,does_not_declare_ethnicity/nationality,3
2013,Број,novo_gorazde,Ж,does_not_declare_ethnicity/nationality,3
2013,Број,osmaci,Укупно,does_not_declare_ethnicity/nationality,5
2013,Број,osmaci,M,does_not_declare_ethnicity/nationality,3
2013,Број,osmaci,Ж,does_not_declare_ethnicity/nationality,2
2013,Број,ostra_luka,Укупно,does_not_declare_ethnicity/nationality,12
2013,Број,ostra_luka,M,does_not_declare_ethnicity/nationality,4
2013,Број,ostra_luka,Ж,does_not_declare_ethnicity/nationality,8
2013,Број,pale,Укупно,does_not_declare_ethnicity/nationality,53
2013,Број,pale,M,does_not_declare_ethnicity/nationality,20
2013,Број,pale,Ж,does_not_declare_ethnicity/nationality,33
2013,Број,pelagicevo,Укупно,does_not_declare_ethnicity/nationality,3
2013,Број,pelagicevo,M,does_not_declare_ethnicity/nationality,1
2013,Број,pelagicevo,Ж,does_not_declare_ethnicity/nationality,2
2013,Број,petrovac,Укупно,does_not_declare_ethnicity/nationality,0
2013,Број,petrovac,M,does_not_declare_ethnicity/nationality,0
2013,Број,petrovac,Ж,does_not_declare_ethnicity/nationality,0
2013,Број,petrovo,Укупно,does_not_declare_ethnicity/nationality,21
2013,Број,petrovo,M,does_not_declare_ethnicity/nationality,10
2013,Број,petrovo,Ж,does_not_declare_ethnicity/nationality,11
2013,Број,grad_prijedor,Укупно,does_not_declare_ethnicity/nationality,718
2013,Број,grad_prijedor,M,does_not_declare_ethnicity/nationality,267
2013,Број,grad_prijedor,Ж,does_not_declare_ethnicity/nationality,451
2013,Број,prnjavor,Укупно,does_not_declare_ethnicity/nationality,225
2013,Број,prnjavor,M,does_not_declare_ethnicity/nationality,96
2013,Број,prnjavor,Ж,does_not_declare_ethnicity/nationality,129
2013,Број,ribnik,Укупно,does_not_declare_ethnicity/nationality,2
2013,Број,ribnik,M,does_not_declare_ethnicity/nationality,0
2013,Број,ribnik,Ж,does_not_declare_ethnicity/nationality,2
2013,Број,rogatica,Укупно,does_not_declare_ethnicity/nationality,12
2013,Број,rogatica,M,does_not_declare_ethnicity/nationality,7
2013,Број,rogatica,Ж,does_not_declare_ethnicity/nationality,5
2013,Број,rudo,Укупно,does_not_declare_ethnicity/nationality,5
2013,Број,rudo,M,does_not_declare_ethnicity/nationality,3
2013,Број,rudo,Ж,does_not_declare_ethnicity/nationality,2
2013,Број,sokolac,Укупно,does_not_declare_ethnicity/nationality,13
2013,Број,sokolac,M,does_not_declare_ethnicity/nationality,5
2013,Број,sokolac,Ж,does_not_declare_ethnicity/nationality,8
2013,Број,srbac,Укупно,does_not_declare_ethnicity/nationality,89
2013,Број,srbac,M,does_not_declare_ethnicity/nationality,45
2013,Број,srbac,Ж,does_not_declare_ethnicity/nationality,44
2013,Број,srebrenica,Укупно,does_not_declare_ethnicity/nationality,22
2013,Број,srebrenica,M,does_not_declare_ethnicity/nationality,10
2013,Број,srebrenica,Ж,does_not_declare_ethnicity/nationality,12
2013,Број,teslic,Укупно,does_not_declare_ethnicity/nationality,339
2013,Број,teslic,M,does_not_declare_ethnicity/nationality,136
2013,Број,teslic,Ж,does_not_declare_ethnicity/nationality,203
2013,Број,grad_trebinje,Укупно,does_not_declare_ethnicity/nationality,180
2013,Број,grad_trebinje,M,does_not_declare_ethnicity/nationality,77
2013,Број,grad_trebinje,Ж,does_not_declare_ethnicity/nationality,103
2013,Број,trnovo,Укупно,does_not_declare_ethnicity/nationality,9
2013,Број,trnovo,M,does_not_declare_ethnicity/nationality,4
2013,Број,trnovo,Ж,does_not_declare_ethnicity/nationality,5
2013,Број,ugljevik,Укупно,does_not_declare_ethnicity/nationality,21
2013,Број,ugljevik,M,does_not_declare_ethnicity/nationality,10
2013,Број,ugljevik,Ж,does_not_declare_ethnicity/nationality,11
2013,Број,foca,Укупно,does_not_declare_ethnicity/nationality,30
2013,Број,foca,M,does_not_declare_ethnicity/nationality,10
2013,Број,foca,Ж,does_not_declare_ethnicity/nationality,20
2013,Број,han_pijesak,Укупно,does_not_declare_ethnicity/nationality,3
2013,Број,han_pijesak,M,does_not_declare_ethnicity/nationality,1
2013,Број,han_pijesak,Ж,does_not_declare_ethnicity/nationality,2
2013,Број,cajnice,Укупно,does_not_declare_ethnicity/nationality,3
2013,Број,cajnice,M,does_not_declare_ethnicity/nationality,1
2013,Број,cajnice,Ж,does_not_declare_ethnicity/nationality,2
2013,Број,celinac,Укупно,does_not_declare_ethnicity/nationality,35
2013,Број,celinac,M,does_not_declare_ethnicity/nationality,16
2013,Број,celinac,Ж,does_not_declare_ethnicity/nationality,19
2013,Број,samac,Укупно,does_not_declare_ethnicity/nationality,141
2013,Број,samac,M,does_not_declare_ethnicity/nationality,57
2013,Број,samac,Ж,does_not_declare_ethnicity/nationality,84
2013,Број,sekovici,Укупно,does_not_declare_ethnicity/nationality,5
2013,Број,sekovici,M,does_not_declare_ethnicity/nationality,2
2013,Број,sekovici,Ж,does_not_declare_ethnicity/nationality,3
2013,Број,sipovo,Укупно,does_not_declare_ethnicity/nationality,24
2013,Број,sipovo,M,does_not_declare_ethnicity/nationality,12
2013,Број,sipovo,Ж,does_not_declare_ethnicity/nationality,12
2013,Број,republika_srpska,Укупно,unknown_ethnicity/nationality,1997
2013,Број,republika_srpska,M,unknown_ethnicity/nationality,916
2013,Број,republika_srpska,Ж,unknown_ethnicity/nationality,1081
2013,Број,grad_banja_luka,Укупно,unknown_ethnicity/nationality,328
2013,Број,grad_banja_luka,M,unknown_ethnicity/nationality,153
2013,Број,grad_banja_luka,Ж,unknown_ethnicity/nationality,175
2013,Број,berkovici,Укупно,unknown_ethnicity/nationality,1
2013,Број,berkovici,M,unknown_ethnicity/nationality,0
2013,Број,berkovici,Ж,unknown_ethnicity/nationality,1
2013,Број,grad_bijeljina,Укупно,unknown_ethnicity/nationality,90
2013,Број,grad_bijeljina,M,unknown_ethnicity/nationality,37
2013,Број,grad_bijeljina,Ж,unknown_ethnicity/nationality,53
2013,Број,bileca,Укупно,unknown_ethnicity/nationality,11
2013,Број,bileca,M,unknown_ethnicity/nationality,4
2013,Број,bileca,Ж,unknown_ethnicity/nationality,7
2013,Број,bratunac,Укупно,unknown_ethnicity/nationality,35
2013,Број,bratunac,M,unknown_ethnicity/nationality,16
2013,Број,bratunac,Ж,unknown_ethnicity/nationality,19
2013,Број,brod,Укупно,unknown_ethnicity/nationality,29
2013,Број,brod,M,unknown_ethnicity/nationality,12
2013,Број,brod,Ж,unknown_ethnicity/nationality,17
2013,Број,visegrad,Укупно,unknown_ethnicity/nationality,177
2013,Број,visegrad,M,unknown_ethnicity/nationality,2
2013,Број,visegrad,Ж,unknown_ethnicity/nationality,175
2013,Број,vlasenica,Укупно,unknown_ethnicity/nationality,29
2013,Број,vlasenica,M,unknown_ethnicity/nationality,13
2013,Број,vlasenica,Ж,unknown_ethnicity/nationality,16
2013,Број,vukosavlje,Укупно,unknown_ethnicity/nationality,14
2013,Број,vukosavlje,M,unknown_ethnicity/nationality,3
2013,Број,vukosavlje,Ж,unknown_ethnicity/nationality,11
2013,Број,gacko,Укупно,unknown_ethnicity/nationality,6
2013,Број,gacko,M,unknown_ethnicity/nationality,1
2013,Број,gacko,Ж,unknown_ethnicity/nationality,5
2013,Број,grad_gradiska,Укупно,unknown_ethnicity/nationality,42
2013,Број,grad_gradiska,M,unknown_ethnicity/nationality,19
2013,Број,grad_gradiska,Ж,unknown_ethnicity/nationality,23
2013,Број,grad_derventa,Укупно,unknown_ethnicity/nationality,54
2013,Број,grad_derventa,M,unknown_ethnicity/nationality,24
2013,Број,grad_derventa,Ж,unknown_ethnicity/nationality,30
2013,Број,grad_doboj,Укупно,unknown_ethnicity/nationality,163
2013,Број,grad_doboj,M,unknown_ethnicity/nationality,61
2013,Број,grad_doboj,Ж,unknown_ethnicity/nationality,102
2013,Број,donji_zabar,Укупно,unknown_ethnicity/nationality,2
2013,Број,donji_zabar,M,unknown_ethnicity/nationality,1
2013,Број,donji_zabar,Ж,unknown_ethnicity/nationality,1
2013,Број,grad_zvornik,Укупно,unknown_ethnicity/nationality,97
2013,Број,grad_zvornik,M,unknown_ethnicity/nationality,42
2013,Број,grad_zvornik,Ж,unknown_ethnicity/nationality,55
2013,Број,istocna_ilidza,Укупно,unknown_ethnicity/nationality,10
2013,Број,istocna_ilidza,M,unknown_ethnicity/nationality,5
2013,Број,istocna_ilidza,Ж,unknown_ethnicity/nationality,5
2013,Број,istocni_drvar,Укупно,unknown_ethnicity/nationality,0
2013,Број,istocni_drvar,M,unknown_ethnicity/nationality,0
2013,Број,istocni_drvar,Ж,unknown_ethnicity/nationality,0
2013,Број,istocni_mostar,Укупно,unknown_ethnicity/nationality,2
2013,Број,istocni_mostar,M,unknown_ethnicity/nationality,1
2013,Број,istocni_mostar,Ж,unknown_ethnicity/nationality,1
2013,Број,istocni_stari_grad,Укупно,unknown_ethnicity/nationality,1
2013,Број,istocni_stari_grad,M,unknown_ethnicity/nationality,1
2013,Број,istocni_stari_grad,Ж,unknown_ethnicity/nationality,0
2013,Број,istocno_novo_sarajevo,Укупно,unknown_ethnicity/nationality,3
2013,Број,istocno_novo_sarajevo,M,unknown_ethnicity/nationality,0
2013,Број,istocno_novo_sarajevo,Ж,unknown_ethnicity/nationality,3
2013,Број,jezero,Укупно,unknown_ethnicity/nationality,1
2013,Број,jezero,M,unknown_ethnicity/nationality,1
2013,Број,jezero,Ж,unknown_ethnicity/nationality,0
2013,Број,kalinovik,Укупно,unknown_ethnicity/nationality,0
2013,Број,kalinovik,M,unknown_ethnicity/nationality,0
2013,Број,kalinovik,Ж,unknown_ethnicity/nationality,0
2013,Број,knezevo,Укупно,unknown_ethnicity/nationality,4
2013,Број,knezevo,M,unknown_ethnicity/nationality,3
2013,Број,knezevo,Ж,unknown_ethnicity/nationality,1
2013,Број,kozarska_dubica,Укупно,unknown_ethnicity/nationality,12
2013,Број,kozarska_dubica,M,unknown_ethnicity/nationality,5
2013,Број,kozarska_dubica,Ж,unknown_ethnicity/nationality,7
2013,Број,kostajnica,Укупно,unknown_ethnicity/nationality,2
2013,Број,kostajnica,M,unknown_ethnicity/nationality,0
2013,Број,kostajnica,Ж,unknown_ethnicity/nationality,2
2013,Број,kotor_varos,Укупно,unknown_ethnicity/nationality,19
2013,Број,kotor_varos,M,unknown_ethnicity/nationality,14
2013,Број,kotor_varos,Ж,unknown_ethnicity/nationality,5
2013,Број,krupa_na_uni,Укупно,unknown_ethnicity/nationality,0
2013,Број,krupa_na_uni,M,unknown_ethnicity/nationality,0
2013,Број,krupa_na_uni,Ж,unknown_ethnicity/nationality,0
2013,Број,kupres,Укупно,unknown_ethnicity/nationality,0
2013,Број,kupres,M,unknown_ethnicity/nationality,0
2013,Број,kupres,Ж,unknown_ethnicity/nationality,0
2013,Број,laktasi,Укупно,unknown_ethnicity/nationality,46
2013,Број,laktasi,M,unknown_ethnicity/nationality,20
2013,Број,laktasi,Ж,unknown_ethnicity/nationality,26
2013,Број,lopare,Укупно,unknown_ethnicity/nationality,10
2013,Број,lopare,M,unknown_ethnicity/nationality,6
2013,Број,lopare,Ж,unknown_ethnicity/nationality,4
2013,Број,ljubinje,Укупно,unknown_ethnicity/nationality,2
2013,Број,ljubinje,M,unknown_ethnicity/nationality,1
2013,Број,ljubinje,Ж,unknown_ethnicity/nationality,1
2013,Број,milici,Укупно,unknown_ethnicity/nationality,8
2013,Број,milici,M,unknown_ethnicity/nationality,3
2013,Број,milici,Ж,unknown_ethnicity/nationality,5
2013,Број,modrica,Укупно,unknown_ethnicity/nationality,116
2013,Број,modrica,M,unknown_ethnicity/nationality,62
2013,Број,modrica,Ж,unknown_ethnicity/nationality,54
2013,Број,mrkonjic_grad,Укупно,unknown_ethnicity/nationality,12
2013,Број,mrkonjic_grad,M,unknown_ethnicity/nationality,6
2013,Број,mrkonjic_grad,Ж,unknown_ethnicity/nationality,6
2013,Број,nevesinje,Укупно,unknown_ethnicity/nationality,7
2013,Број,nevesinje,M,unknown_ethnicity/nationality,2
2013,Број,nevesinje,Ж,unknown_ethnicity/nationality,5
2013,Број,novi_grad,Укупно,unknown_ethnicity/nationality,24
2013,Број,novi_grad,M,unknown_ethnicity/nationality,13
2013,Број,novi_grad,Ж,unknown_ethnicity/nationality,11
2013,Број,novo_gorazde,Укупно,unknown_ethnicity/nationality,7
2013,Број,novo_gorazde,M,unknown_ethnicity/nationality,2
2013,Број,novo_gorazde,Ж,unknown_ethnicity/nationality,5
2013,Број,osmaci,Укупно,unknown_ethnicity/nationality,4
2013,Број,osmaci,M,unknown_ethnicity/nationality,2
2013,Број,osmaci,Ж,unknown_ethnicity/nationality,2
2013,Број,ostra_luka,Укупно,unknown_ethnicity/nationality,3
2013,Број,ostra_luka,M,unknown_ethnicity/nationality,2
2013,Број,ostra_luka,Ж,unknown_ethnicity/nationality,1
2013,Број,pale,Укупно,unknown_ethnicity/nationality,13
2013,Број,pale,M,unknown_ethnicity/nationality,9
2013,Број,pale,Ж,unknown_ethnicity/nationality,4
2013,Број,pelagicevo,Укупно,unknown_ethnicity/nationality,5
2013,Број,pelagicevo,M,unknown_ethnicity/nationality,1
2013,Број,pelagicevo,Ж,unknown_ethnicity/nationality,4
2013,Број,petrovac,Укупно,unknown_ethnicity/nationality,0
2013,Број,petrovac,M,unknown_ethnicity/nationality,0
2013,Број,petrovac,Ж,unknown_ethnicity/nationality,0
2013,Број,petrovo,Укупно,unknown_ethnicity/nationality,4
2013,Број,petrovo,M,unknown_ethnicity/nationality,2
2013,Број,petrovo,Ж,unknown_ethnicity/nationality,2
2013,Број,grad_prijedor,Укупно,unknown_ethnicity/nationality,369
2013,Број,grad_prijedor,M,unknown_ethnicity/nationality,257
2013,Број,grad_prijedor,Ж,unknown_ethnicity/nationality,112
2013,Број,prnjavor,Укупно,unknown_ethnicity/nationality,30
2013,Број,prnjavor,M,unknown_ethnicity/nationality,10
2013,Број,prnjavor,Ж,unknown_ethnicity/nationality,20
2013,Број,ribnik,Укупно,unknown_ethnicity/nationality,2
2013,Број,ribnik,M,unknown_ethnicity/nationality,2
2013,Број,ribnik,Ж,unknown_ethnicity/nationality,0
2013,Број,rogatica,Укупно,unknown_ethnicity/nationality,5
2013,Број,rogatica,M,unknown_ethnicity/nationality,2
2013,Број,rogatica,Ж,unknown_ethnicity/nationality,3
2013,Број,rudo,Укупно,unknown_ethnicity/nationality,3
2013,Број,rudo,M,unknown_ethnicity/nationality,0
2013,Број,rudo,Ж,unknown_ethnicity/nationality,3
2013,Број,sokolac,Укупно,unknown_ethnicity/nationality,18
2013,Број,sokolac,M,unknown_ethnicity/nationality,5
2013,Број,sokolac,Ж,unknown_ethnicity/nationality,13
2013,Број,srbac,Укупно,unknown_ethnicity/nationality,29
2013,Број,srbac,M,unknown_ethnicity/nationality,11
2013,Број,srbac,Ж,unknown_ethnicity/nationality,18
2013,Број,srebrenica,Укупно,unknown_ethnicity/nationality,14
2013,Број,srebrenica,M,unknown_ethnicity/nationality,8
2013,Број,srebrenica,Ж,unknown_ethnicity/nationality,6
2013,Број,teslic,Укупно,unknown_ethnicity/nationality,44
2013,Број,teslic,M,unknown_ethnicity/nationality,23
2013,Број,teslic,Ж,unknown_ethnicity/nationality,21
2013,Број,grad_trebinje,Укупно,unknown_ethnicity/nationality,19
2013,Број,grad_trebinje,M,unknown_ethnicity/nationality,11
2013,Број,grad_trebinje,Ж,unknown_ethnicity/nationality,8
2013,Број,trnovo,Укупно,unknown_ethnicity/nationality,0
2013,Број,trnovo,M,unknown_ethnicity/nationality,0
2013,Број,trnovo,Ж,unknown_ethnicity/nationality,0
2013,Број,ugljevik,Укупно,unknown_ethnicity/nationality,13
2013,Број,ugljevik,M,unknown_ethnicity/nationality,11
2013,Број,ugljevik,Ж,unknown_ethnicity/nationality,2
2013,Број,foca,Укупно,unknown_ethnicity/nationality,12
2013,Број,foca,M,unknown_ethnicity/nationality,5
2013,Број,foca,Ж,unknown_ethnicity/nationality,7
2013,Број,han_pijesak,Укупно,unknown_ethnicity/nationality,0
2013,Број,han_pijesak,M,unknown_ethnicity/nationality,0
2013,Број,han_pijesak,Ж,unknown_ethnicity/nationality,0
2013,Број,cajnice,Укупно,unknown_ethnicity/nationality,5
2013,Број,cajnice,M,unknown_ethnicity/nationality,2
2013,Број,cajnice,Ж,unknown_ethnicity/nationality,3
2013,Број,celinac,Укупно,unknown_ethnicity/nationality,9
2013,Број,celinac,M,unknown_ethnicity/nationality,4
2013,Број,celinac,Ж,unknown_ethnicity/nationality,5
2013,Број,samac,Укупно,unknown_ethnicity/nationality,19
2013,Број,samac,M,unknown_ethnicity/nationality,10
2013,Број,samac,Ж,unknown_ethnicity/nationality,9
2013,Број,sekovici,Укупно,unknown_ethnicity/nationality,8
2013,Број,sekovici,M,unknown_ethnicity/nationality,3
2013,Број,sekovici,Ж,unknown_ethnicity/nationality,5
2013,Број,sipovo,Укупно,unknown_ethnicity/nationality,5
2013,Број,sipovo,M,unknown_ethnicity/nationality,3
2013,Број,sipovo,Ж,unknown_ethnicity/nationality,2
