Year,UNIT_MEASURE,ADMIN_AREA,NUMBER_OF_HOUSEHOLDS_BY_HOUSEHOLD_SIZE,Value
2013,Број,republika_srpska,_T,408825
2013,Број,grad_banja_luka,_T,65010
2013,Број,berkovici,_T,636
2013,Број,grad_bijeljina,_T,34309
2013,Број,bileca,_T,3307
2013,Број,bratunac,_T,5945
2013,Број,brod,_T,5599
2013,Број,visegrad,_T,3966
2013,Број,vlasenica,_T,3712
2013,Број,vukosavlje,_T,1537
2013,Број,gacko,_T,2766
2013,Број,grad_gradiska,_T,16939
2013,Број,grad_derventa,_T,9345
2013,Број,grad_doboj,_T,25447
2013,Број,donji_zabar,_T,1191
2013,Број,grad_zvornik,_T,17690
2013,Број,istocna_ilidza,_T,4981
2013,Број,istocni_drvar,_T,38
2013,Број,istocni_mostar,_T,83
2013,Број,istocni_stari_grad,_T,438
2013,Број,istocno_novo_sarajevo,_T,3819
2013,Број,jezero,_T,365
2013,Број,kalinovik,_T,783
2013,Број,knezevo,_T,3168
2013,Број,kozarska_dubica,_T,7492
2013,Број,kostajnica,_T,1896
2013,Број,kotor_varos,_T,5863
2013,Број,krupa_na_uni,_T,543
2013,Број,kupres,_T,128
2013,Број,laktasi,_T,11293
2013,Број,lopare,_T,5081
2013,Број,ljubinje,_T,1077
2013,Број,milici,_T,3579
2013,Број,modrica,_T,8553
2013,Број,mrkonjic_grad,_T,6104
2013,Број,nevesinje,_T,3985
2013,Број,novi_grad,_T,8792
2013,Број,novo_gorazde,_T,1078
2013,Број,osmaci,_T,1675
2013,Број,ostra_luka,_T,971
2013,Број,pale,_T,7158
2013,Број,pelagicevo,_T,1787
2013,Број,petrovac,_T,130
2013,Број,petrovo,_T,2532
2013,Број,grad_prijedor,_T,27961
2013,Број,prnjavor,_T,12166
2013,Број,ribnik,_T,2252
2013,Број,rogatica,_T,3871
2013,Број,rudo,_T,2847
2013,Број,sokolac,_T,4276
2013,Број,srbac,_T,6157
2013,Број,srebrenica,_T,3792
2013,Број,teslic,_T,13255
2013,Број,grad_trebinje,_T,9394
2013,Број,trnovo,_T,800
2013,Број,ugljevik,_T,4867
2013,Број,foca,_T,6544
2013,Број,han_pijesak,_T,1390
2013,Број,cajnice,_T,1662
2013,Број,celinac,_T,5009
2013,Број,samac,_T,5609
2013,Број,sekovici,_T,2517
2013,Број,sipovo,_T,3665
2013,Број,republika_srpska,1_member,91300
2013,Број,grad_banja_luka,1_member,13984
2013,Број,berkovici,1_member,129
2013,Број,grad_bijeljina,1_member,6984
2013,Број,bileca,1_member,629
2013,Број,bratunac,1_member,1155
2013,Број,brod,1_member,1360
2013,Број,visegrad,1_member,1132
2013,Број,vlasenica,1_member,768
2013,Број,vukosavlje,1_member,348
2013,Број,gacko,1_member,522
2013,Број,grad_gradiska,1_member,3782
2013,Број,grad_derventa,1_member,2270
2013,Број,grad_doboj,1_member,6230
2013,Број,donji_zabar,1_member,271
2013,Број,grad_zvornik,1_member,3323
2013,Број,istocna_ilidza,1_member,949
2013,Број,istocni_drvar,1_member,24
2013,Број,istocni_mostar,1_member,29
2013,Број,istocni_stari_grad,1_member,123
2013,Број,istocno_novo_sarajevo,1_member,904
2013,Број,jezero,1_member,86
2013,Број,kalinovik,1_member,245
2013,Број,knezevo,1_member,611
2013,Број,kozarska_dubica,1_member,1898
2013,Број,kostajnica,1_member,384
2013,Број,kotor_varos,1_member,1089
2013,Број,krupa_na_uni,1_member,159
2013,Број,kupres,1_member,44
2013,Број,laktasi,1_member,2093
2013,Број,lopare,1_member,1256
2013,Број,ljubinje,1_member,196
2013,Број,milici,1_member,789
2013,Број,modrica,1_member,1983
2013,Број,mrkonjic_grad,1_member,1538
2013,Број,nevesinje,1_member,766
2013,Број,novi_grad,1_member,1965
2013,Број,novo_gorazde,1_member,270
2013,Број,osmaci,1_member,254
2013,Број,ostra_luka,1_member,277
2013,Број,pale,1_member,1515
2013,Број,pelagicevo,1_member,640
2013,Број,petrovac,1_member,34
2013,Број,petrovo,1_member,726
2013,Број,grad_prijedor,1_member,6423
2013,Број,prnjavor,1_member,2943
2013,Број,ribnik,1_member,642
2013,Број,rogatica,1_member,986
2013,Број,rudo,1_member,696
2013,Број,sokolac,1_member,1022
2013,Број,srbac,1_member,1507
2013,Број,srebrenica,1_member,874
2013,Број,teslic,1_member,3060
2013,Број,grad_trebinje,1_member,1848
2013,Број,trnovo,1_member,223
2013,Број,ugljevik,1_member,1019
2013,Број,foca,1_member,1635
2013,Број,han_pijesak,1_member,389
2013,Број,cajnice,1_member,395
2013,Број,celinac,1_member,951
2013,Број,samac,1_member,1406
2013,Број,sekovici,1_member,708
2013,Број,sipovo,1_member,839
2013,Број,republika_srpska,2_members,107130
2013,Број,grad_banja_luka,2_members,17243
2013,Број,berkovici,2_members,166
2013,Број,grad_bijeljina,2_members,8272
2013,Број,bileca,2_members,719
2013,Број,bratunac,2_members,1345
2013,Број,brod,2_members,1439
2013,Број,visegrad,2_members,1172
2013,Број,vlasenica,2_members,1001
2013,Број,vukosavlje,2_members,425
2013,Број,gacko,2_members,622
2013,Број,grad_gradiska,2_members,4438
2013,Број,grad_derventa,2_members,2598
2013,Број,grad_doboj,2_members,7242
2013,Број,donji_zabar,2_members,290
2013,Број,grad_zvornik,2_members,4288
2013,Број,istocna_ilidza,2_members,1316
2013,Број,istocni_drvar,2_members,7
2013,Број,istocni_mostar,2_members,15
2013,Број,istocni_stari_grad,2_members,146
2013,Број,istocno_novo_sarajevo,2_members,1011
2013,Број,jezero,2_members,89
2013,Број,kalinovik,2_members,213
2013,Број,knezevo,2_members,937
2013,Број,kozarska_dubica,2_members,2021
2013,Број,kostajnica,2_members,477
2013,Број,kotor_varos,2_members,1358
2013,Број,krupa_na_uni,2_members,128
2013,Број,kupres,2_members,48
2013,Број,laktasi,2_members,2768
2013,Број,lopare,2_members,1261
2013,Број,ljubinje,2_members,254
2013,Број,milici,2_members,859
2013,Број,modrica,2_members,2332
2013,Број,mrkonjic_grad,2_members,1806
2013,Број,nevesinje,2_members,939
2013,Број,novi_grad,2_members,2390
2013,Број,novo_gorazde,2_members,288
2013,Број,osmaci,2_members,372
2013,Број,ostra_luka,2_members,243
2013,Број,pale,2_members,1890
2013,Број,pelagicevo,2_members,516
2013,Број,petrovac,2_members,35
2013,Број,petrovo,2_members,760
2013,Број,grad_prijedor,2_members,7125
2013,Број,prnjavor,2_members,3253
2013,Број,ribnik,2_members,673
2013,Број,rogatica,2_members,1120
2013,Број,rudo,2_members,851
2013,Број,sokolac,2_members,1227
2013,Број,srbac,2_members,1729
2013,Број,srebrenica,2_members,858
2013,Број,teslic,2_members,3602
2013,Број,grad_trebinje,2_members,2317
2013,Број,trnovo,2_members,250
2013,Број,ugljevik,2_members,1118
2013,Број,foca,2_members,1877
2013,Број,han_pijesak,2_members,439
2013,Број,cajnice,2_members,442
2013,Број,celinac,2_members,1260
2013,Број,samac,2_members,1408
2013,Број,sekovici,2_members,783
2013,Број,sipovo,2_members,1059
2013,Број,republika_srpska,3_members,79155
2013,Број,grad_banja_luka,3_members,14267
2013,Број,berkovici,3_members,92
2013,Број,grad_bijeljina,3_members,6586
2013,Број,bileca,3_members,620
2013,Број,bratunac,3_members,1137
2013,Број,brod,3_members,1107
2013,Број,visegrad,3_members,724
2013,Број,vlasenica,3_members,747
2013,Број,vukosavlje,3_members,280
2013,Број,gacko,3_members,561
2013,Број,grad_gradiska,3_members,3140
2013,Број,grad_derventa,3_members,1688
2013,Број,grad_doboj,3_members,4956
2013,Број,donji_zabar,3_members,178
2013,Број,grad_zvornik,3_members,3400
2013,Број,istocna_ilidza,3_members,1075
2013,Број,istocni_drvar,3_members,6
2013,Број,istocni_mostar,3_members,12
2013,Број,istocni_stari_grad,3_members,75
2013,Број,istocno_novo_sarajevo,3_members,813
2013,Број,jezero,3_members,75
2013,Број,kalinovik,3_members,136
2013,Број,knezevo,3_members,554
2013,Број,kozarska_dubica,3_members,1351
2013,Број,kostajnica,3_members,384
2013,Број,kotor_varos,3_members,1079
2013,Број,krupa_na_uni,3_members,84
2013,Број,kupres,3_members,16
2013,Број,laktasi,3_members,2241
2013,Број,lopare,3_members,908
2013,Број,ljubinje,3_members,234
2013,Број,milici,3_members,709
2013,Број,modrica,3_members,1567
2013,Број,mrkonjic_grad,3_members,1218
2013,Број,nevesinje,3_members,701
2013,Број,novi_grad,3_members,1669
2013,Број,novo_gorazde,3_members,193
2013,Број,osmaci,3_members,317
2013,Број,ostra_luka,3_members,151
2013,Број,pale,3_members,1438
2013,Број,pelagicevo,3_members,225
2013,Број,petrovac,3_members,22
2013,Број,petrovo,3_members,448
2013,Број,grad_prijedor,3_members,5351
2013,Број,prnjavor,3_members,2183
2013,Број,ribnik,3_members,356
2013,Број,rogatica,3_members,709
2013,Број,rudo,3_members,523
2013,Број,sokolac,3_members,808
2013,Број,srbac,3_members,1106
2013,Број,srebrenica,3_members,656
2013,Број,teslic,3_members,2559
2013,Број,grad_trebinje,3_members,1871
2013,Број,trnovo,3_members,143
2013,Број,ugljevik,3_members,821
2013,Број,foca,3_members,1263
2013,Број,han_pijesak,3_members,249
2013,Број,cajnice,3_members,303
2013,Број,celinac,3_members,985
2013,Број,samac,3_members,971
2013,Број,sekovici,3_members,418
2013,Број,sipovo,3_members,696
2013,Број,republika_srpska,4_members,72771
2013,Број,grad_banja_luka,4_members,12952
2013,Број,berkovici,4_members,84
2013,Број,grad_bijeljina,4_members,6377
2013,Број,bileca,4_members,616
2013,Број,bratunac,4_members,1161
2013,Број,brod,4_members,928
2013,Број,visegrad,4_members,582
2013,Број,vlasenica,4_members,687
2013,Број,vukosavlje,4_members,249
2013,Број,gacko,4_members,480
2013,Број,grad_gradiska,4_members,2878
2013,Број,grad_derventa,4_members,1520
2013,Број,grad_doboj,4_members,4148
2013,Број,donji_zabar,4_members,184
2013,Број,grad_zvornik,4_members,3448
2013,Број,istocna_ilidza,4_members,1028
2013,Број,istocni_drvar,4_members,0
2013,Број,istocni_mostar,4_members,10
2013,Број,istocni_stari_grad,4_members,43
2013,Број,istocno_novo_sarajevo,4_members,702
2013,Број,jezero,4_members,58
2013,Број,kalinovik,4_members,109
2013,Број,knezevo,4_members,551
2013,Број,kozarska_dubica,4_members,1175
2013,Број,kostajnica,4_members,311
2013,Број,kotor_varos,4_members,1206
2013,Број,krupa_na_uni,4_members,72
2013,Број,kupres,4_members,6
2013,Број,laktasi,4_members,2345
2013,Број,lopare,4_members,805
2013,Број,ljubinje,4_members,194
2013,Број,milici,4_members,714
2013,Број,modrica,4_members,1422
2013,Број,mrkonjic_grad,4_members,939
2013,Број,nevesinje,4_members,736
2013,Број,novi_grad,4_members,1422
2013,Број,novo_gorazde,4_members,204
2013,Број,osmaci,4_members,358
2013,Број,ostra_luka,4_members,131
2013,Број,pale,4_members,1418
2013,Број,pelagicevo,4_members,191
2013,Број,petrovac,4_members,19
2013,Број,petrovo,4_members,370
2013,Број,grad_prijedor,4_members,4862
2013,Број,prnjavor,4_members,1953
2013,Број,ribnik,4_members,308
2013,Број,rogatica,4_members,630
2013,Број,rudo,4_members,467
2013,Број,sokolac,4_members,728
2013,Број,srbac,4_members,1011
2013,Број,srebrenica,4_members,652
2013,Број,teslic,4_members,2147
2013,Број,grad_trebinje,4_members,1765
2013,Број,trnovo,4_members,110
2013,Број,ugljevik,4_members,932
2013,Број,foca,4_members,1115
2013,Број,han_pijesak,4_members,194
2013,Број,cajnice,4_members,278
2013,Број,celinac,4_members,964
2013,Број,samac,4_members,823
2013,Број,sekovici,4_members,379
2013,Број,sipovo,4_members,620
2013,Број,republika_srpska,5+_members,58469
2013,Број,grad_banja_luka,5+_members,6564
2013,Број,berkovici,5+_members,165
2013,Број,grad_bijeljina,5+_members,6090
2013,Број,bileca,5+_members,723
2013,Број,bratunac,5+_members,1147
2013,Број,brod,5+_members,765
2013,Број,visegrad,5+_members,356
2013,Број,vlasenica,5+_members,509
2013,Број,vukosavlje,5+_members,235
2013,Број,gacko,5+_members,581
2013,Број,grad_gradiska,5+_members,2701
2013,Број,grad_derventa,5+_members,1269
2013,Број,grad_doboj,5+_members,2871
2013,Број,donji_zabar,5+_members,268
2013,Број,grad_zvornik,5+_members,3231
2013,Број,istocna_ilidza,5+_members,613
2013,Број,istocni_drvar,5+_members,1
2013,Број,istocni_mostar,5+_members,17
2013,Број,istocni_stari_grad,5+_members,51
2013,Број,istocno_novo_sarajevo,5+_members,389
2013,Број,jezero,5+_members,57
2013,Број,kalinovik,5+_members,80
2013,Број,knezevo,5+_members,515
2013,Број,kozarska_dubica,5+_members,1047
2013,Број,kostajnica,5+_members,340
2013,Број,kotor_varos,5+_members,1131
2013,Број,krupa_na_uni,5+_members,100
2013,Број,kupres,5+_members,14
2013,Број,laktasi,5+_members,1846
2013,Број,lopare,5+_members,851
2013,Број,ljubinje,5+_members,199
2013,Број,milici,5+_members,508
2013,Број,modrica,5+_members,1249
2013,Број,mrkonjic_grad,5+_members,603
2013,Број,nevesinje,5+_members,843
2013,Број,novi_grad,5+_members,1346
2013,Број,novo_gorazde,5+_members,123
2013,Број,osmaci,5+_members,374
2013,Број,ostra_luka,5+_members,169
2013,Број,pale,5+_members,897
2013,Број,pelagicevo,5+_members,215
2013,Број,petrovac,5+_members,20
2013,Број,petrovo,5+_members,228
2013,Број,grad_prijedor,5+_members,4200
2013,Број,prnjavor,5+_members,1834
2013,Број,ribnik,5+_members,273
2013,Број,rogatica,5+_members,426
2013,Број,rudo,5+_members,310
2013,Број,sokolac,5+_members,491
2013,Број,srbac,5+_members,804
2013,Број,srebrenica,5+_members,752
2013,Број,teslic,5+_members,1887
2013,Број,grad_trebinje,5+_members,1593
2013,Број,trnovo,5+_members,74
2013,Број,ugljevik,5+_members,977
2013,Број,foca,5+_members,654
2013,Број,han_pijesak,5+_members,119
2013,Број,cajnice,5+_members,244
2013,Број,celinac,5+_members,849
2013,Број,samac,5+_members,1001
2013,Број,sekovici,5+_members,229
2013,Број,sipovo,5+_members,451
