Year,UNIT_MEASURE,Град/општина,Пол,Писменост,Value
2013,Број,Република Српска,Оба пола,Неписмен,34928.0
2013,Број,Република Српска,M,Неписмен,4987.0
2013,Број,Република Српска,Ж,Неписмен,29941.0
2013,Број,Град Бања Лука,Оба пола,Неписмен,3503.0
2013,Број,Град Бања Лука,M,Неписмен,509.0
2013,Број,Град Бања Лука,Ж,Неписмен,2994.0
2013,Број,Берковићи,Оба пола,Неписмен,47.0
2013,Број,Берковићи,M,Неписмен,1.0
2013,Број,Берковићи,Ж,Неписмен,46.0
2013,Број,Град Бијељина,Оба пола,Неписмен,2541.0
2013,Број,Град Бијељина,M,Неписмен,413.0
2013,Број,Град Бијељина,Ж,Неписмен,2128.0
2013,Број,Билећа,Оба пола,Неписмен,144.0
2013,Број,Билећа,M,Неписмен,31.0
2013,Број,Билећа,Ж,Неписмен,113.0
2013,Број,Братунац,Оба пола,Неписмен,865.0
2013,Број,Братунац,M,Неписмен,82.0
2013,Број,Братунац,Ж,Неписмен,783.0
2013,Број,Брод,Оба пола,Неписмен,330.0
2013,Број,Брод,M,Неписмен,53.0
2013,Број,Брод,Ж,Неписмен,277.0
2013,Број,Вишеград,Оба пола,Неписмен,358.0
2013,Број,Вишеград,M,Неписмен,35.0
2013,Број,Вишеград,Ж,Неписмен,323.0
2013,Број,Власеница,Оба пола,Неписмен,350.0
2013,Број,Власеница,M,Неписмен,49.0
2013,Број,Власеница,Ж,Неписмен,301.0
2013,Број,Вукосавље,Оба пола,Неписмен,196.0
2013,Број,Вукосавље,M,Неписмен,31.0
2013,Број,Вукосавље,Ж,Неписмен,165.0
2013,Број,Гацко,Оба пола,Неписмен,110.0
2013,Број,Гацко,M,Неписмен,10.0
2013,Број,Гацко,Ж,Неписмен,100.0
2013,Број,Град Градишка,Оба пола,Неписмен,1526.0
2013,Број,Град Градишка,M,Неписмен,204.0
2013,Број,Град Градишка,Ж,Неписмен,1322.0
2013,Број,Град Дервента,Оба пола,Неписмен,812.0
2013,Број,Град Дервента,M,Неписмен,120.0
2013,Број,Град Дервента,Ж,Неписмен,692.0
2013,Број,Град Добој,Оба пола,Неписмен,1979.0
2013,Број,Град Добој,M,Неписмен,270.0
2013,Број,Град Добој,Ж,Неписмен,1709.0
2013,Број,Доњи Жабар,Оба пола,Неписмен,128.0
2013,Број,Доњи Жабар,M,Неписмен,26.0
2013,Број,Доњи Жабар,Ж,Неписмен,102.0
2013,Број,Град Зворник,Оба пола,Неписмен,2055.0
2013,Број,Град Зворник,M,Неписмен,245.0
2013,Број,Град Зворник,Ж,Неписмен,1810.0
2013,Број,Источна Илиџа,Оба пола,Неписмен,171.0
2013,Број,Источна Илиџа,M,Неписмен,22.0
2013,Број,Источна Илиџа,Ж,Неписмен,149.0
2013,Број,Источни Дрвар,Оба пола,Неписмен,2.0
2013,Број,Источни Дрвар,M,Неписмен,0.0
2013,Број,Источни Дрвар,Ж,Неписмен,2.0
2013,Број,Источни Мостар,Оба пола,Неписмен,19.0
2013,Број,Источни Мостар,M,Неписмен,1.0
2013,Број,Источни Мостар,Ж,Неписмен,18.0
2013,Број,Источни Стари Град,Оба пола,Неписмен,40.0
2013,Број,Источни Стари Град,M,Неписмен,3.0
2013,Број,Источни Стари Град,Ж,Неписмен,37.0
2013,Број,Источно Ново Сарајево,Оба пола,Неписмен,80.0
2013,Број,Источно Ново Сарајево,M,Неписмен,14.0
2013,Број,Источно Ново Сарајево,Ж,Неписмен,66.0
2013,Број,Језеро,Оба пола,Неписмен,43.0
2013,Број,Језеро,M,Неписмен,7.0
2013,Број,Језеро,Ж,Неписмен,36.0
2013,Број,Калиновик,Оба пола,Неписмен,86.0
2013,Број,Калиновик,M,Неписмен,5.0
2013,Број,Калиновик,Ж,Неписмен,81.0
2013,Број,Кнежево,Оба пола,Неписмен,971.0
2013,Број,Кнежево,M,Неписмен,146.0
2013,Број,Кнежево,Ж,Неписмен,825.0
2013,Број,Козарска Дубица,Оба пола,Неписмен,590.0
2013,Број,Козарска Дубица,M,Неписмен,77.0
2013,Број,Козарска Дубица,Ж,Неписмен,513.0
2013,Број,Костајница,Оба пола,Неписмен,115.0
2013,Број,Костајница,M,Неписмен,14.0
2013,Број,Костајница,Ж,Неписмен,101.0
2013,Број,Котор Варош,Оба пола,Неписмен,1042.0
2013,Број,Котор Варош,M,Неписмен,148.0
2013,Број,Котор Варош,Ж,Неписмен,894.0
2013,Број,Крупа на Уни,Оба пола,Неписмен,145.0
2013,Број,Крупа на Уни,M,Неписмен,21.0
2013,Број,Крупа на Уни,Ж,Неписмен,124.0
2013,Број,Купрес,Оба пола,Неписмен,81.0
2013,Број,Купрес,M,Неписмен,27.0
2013,Број,Купрес,Ж,Неписмен,54.0
2013,Број,Лакташи,Оба пола,Неписмен,752.0
2013,Број,Лакташи,M,Неписмен,117.0
2013,Број,Лакташи,Ж,Неписмен,635.0
2013,Број,Лопаре,Оба пола,Неписмен,680.0
2013,Број,Лопаре,M,Неписмен,123.0
2013,Број,Лопаре,Ж,Неписмен,557.0
2013,Број,Љубиње,Оба пола,Неписмен,49.0
2013,Број,Љубиње,M,Неписмен,5.0
2013,Број,Љубиње,Ж,Неписмен,44.0
2013,Број,Милићи,Оба пола,Неписмен,399.0
2013,Број,Милићи,M,Неписмен,51.0
2013,Број,Милићи,Ж,Неписмен,348.0
2013,Број,Модрича,Оба пола,Неписмен,736.0
2013,Број,Модрича,M,Неписмен,119.0
2013,Број,Модрича,Ж,Неписмен,617.0
2013,Број,Мркоњић Град,Оба пола,Неписмен,821.0
2013,Број,Мркоњић Град,M,Неписмен,95.0
2013,Број,Мркоњић Град,Ж,Неписмен,726.0
2013,Број,Невесиње,Оба пола,Неписмен,305.0
2013,Број,Невесиње,M,Неписмен,32.0
2013,Број,Невесиње,Ж,Неписмен,273.0
2013,Број,Нови Град,Оба пола,Неписмен,666.0
2013,Број,Нови Град,M,Неписмен,106.0
2013,Број,Нови Град,Ж,Неписмен,560.0
2013,Број,Ново Горажде,Оба пола,Неписмен,76.0
2013,Број,Ново Горажде,M,Неписмен,5.0
2013,Број,Ново Горажде,Ж,Неписмен,71.0
2013,Број,Осмаци,Оба пола,Неписмен,264.0
2013,Број,Осмаци,M,Неписмен,29.0
2013,Број,Осмаци,Ж,Неписмен,235.0
2013,Број,Оштра Лука,Оба пола,Неписмен,196.0
2013,Број,Оштра Лука,M,Неписмен,32.0
2013,Број,Оштра Лука,Ж,Неписмен,164.0
2013,Број,Пале,Оба пола,Неписмен,293.0
2013,Број,Пале,M,Неписмен,40.0
2013,Број,Пале,Ж,Неписмен,253.0
2013,Број,Пелагићево,Оба пола,Неписмен,179.0
2013,Број,Пелагићево,M,Неписмен,29.0
2013,Број,Пелагићево,Ж,Неписмен,150.0
2013,Број,Петровац,Оба пола,Неписмен,6.0
2013,Број,Петровац,M,Неписмен,0.0
2013,Број,Петровац,Ж,Неписмен,6.0
2013,Број,Петрово,Оба пола,Неписмен,245.0
2013,Број,Петрово,M,Неписмен,28.0
2013,Број,Петрово,Ж,Неписмен,217.0
2013,Број,Град Приједор,Оба пола,Неписмен,2172.0
2013,Број,Град Приједор,M,Неписмен,422.0
2013,Број,Град Приједор,Ж,Неписмен,1750.0
2013,Број,Прњавор,Оба пола,Неписмен,1408.0
2013,Број,Прњавор,M,Неписмен,203.0
2013,Број,Прњавор,Ж,Неписмен,1205.0
2013,Број,Рибник,Оба пола,Неписмен,456.0
2013,Број,Рибник,M,Неписмен,69.0
2013,Број,Рибник,Ж,Неписмен,387.0
2013,Број,Рогатица,Оба пола,Неписмен,351.0
2013,Број,Рогатица,M,Неписмен,38.0
2013,Број,Рогатица,Ж,Неписмен,313.0
2013,Број,Рудо,Оба пола,Неписмен,155.0
2013,Број,Рудо,M,Неписмен,27.0
2013,Број,Рудо,Ж,Неписмен,128.0
2013,Број,Соколац,Оба пола,Неписмен,231.0
2013,Број,Соколац,M,Неписмен,25.0
2013,Број,Соколац,Ж,Неписмен,206.0
2013,Број,Србац,Оба пола,Неписмен,539.0
2013,Број,Србац,M,Неписмен,102.0
2013,Број,Србац,Ж,Неписмен,437.0
2013,Број,Сребреница,Оба пола,Неписмен,627.0
2013,Број,Сребреница,M,Неписмен,64.0
2013,Број,Сребреница,Ж,Неписмен,563.0
2013,Број,Теслић,Оба пола,Неписмен,1980.0
2013,Број,Теслић,M,Неписмен,227.0
2013,Број,Теслић,Ж,Неписмен,1753.0
2013,Број,Град Требиње,Оба пола,Неписмен,237.0
2013,Број,Град Требиње,M,Неписмен,31.0
2013,Број,Град Требиње,Ж,Неписмен,206.0
2013,Број,Трново,Оба пола,Неписмен,76.0
2013,Број,Трново,M,Неписмен,10.0
2013,Број,Трново,Ж,Неписмен,66.0
2013,Број,Угљевик,Оба пола,Неписмен,451.0
2013,Број,Угљевик,M,Неписмен,68.0
2013,Број,Угљевик,Ж,Неписмен,383.0
2013,Број,Фоча,Оба пола,Неписмен,391.0
2013,Број,Фоча,M,Неписмен,51.0
2013,Број,Фоча,Ж,Неписмен,340.0
2013,Број,Хан Пијесак,Оба пола,Неписмен,88.0
2013,Број,Хан Пијесак,M,Неписмен,10.0
2013,Број,Хан Пијесак,Ж,Неписмен,78.0
2013,Број,Чајниче,Оба пола,Неписмен,140.0
2013,Број,Чајниче,M,Неписмен,22.0
2013,Број,Чајниче,Ж,Неписмен,118.0
2013,Број,Челинац,Оба пола,Неписмен,472.0
2013,Број,Челинац,M,Неписмен,56.0
2013,Број,Челинац,Ж,Неписмен,416.0
2013,Број,Шамац,Оба пола,Неписмен,300.0
2013,Број,Шамац,M,Неписмен,55.0
2013,Број,Шамац,Ж,Неписмен,245.0
2013,Број,Шековићи,Оба пола,Неписмен,427.0
2013,Број,Шековићи,M,Неписмен,83.0
2013,Број,Шековићи,Ж,Неписмен,344.0
2013,Број,Шипово,Оба пола,Неписмен,431.0
2013,Број,Шипово,M,Неписмен,49.0
2013,Број,Шипово,Ж,Неписмен,382.0
2013,% од укупно,Република Српска,Оба пола,Неписмен,3.29
2013,% од укупно,Република Српска,M,Неписмен,0.97
2013,% од укупно,Република Српска,Ж,Неписмен,5.48
2013,% од укупно,Град Бања Лука,Оба пола,Неписмен,2.16
2013,% од укупно,Град Бања Лука,M,Неписмен,0.66
2013,% од укупно,Град Бања Лука,Ж,Неписмен,3.53
2013,% од укупно,Берковићи,Оба пола,Неписмен,2.58
2013,% од укупно,Берковићи,M,Неписмен,0.11
2013,% од укупно,Берковићи,Ж,Неписмен,5.07
2013,% од укупно,Град Бијељина,Оба пола,Неписмен,2.7
2013,% од укупно,Град Бијељина,M,Неписмен,0.9
2013,% од укупно,Град Бијељина,Ж,Неписмен,4.4
2013,% од укупно,Билећа,Оба пола,Неписмен,1.49
2013,% од укупно,Билећа,M,Неписмен,0.64
2013,% од укупно,Билећа,Ж,Неписмен,2.35
2013,% од укупно,Братунац,Оба пола,Неписмен,5.16
2013,% од укупно,Братунац,M,Неписмен,1.0
2013,% од укупно,Братунац,Ж,Неписмен,9.17
2013,% од укупно,Брод,Оба пола,Неписмен,2.31
2013,% од укупно,Брод,M,Неписмен,0.77
2013,% од укупно,Брод,Ж,Неписмен,3.76
2013,% од укупно,Вишеград,Оба пола,Неписмен,3.82
2013,% од укупно,Вишеград,M,Неписмен,0.78
2013,% од укупно,Вишеград,Ж,Неписмен,6.59
2013,% од укупно,Власеница,Оба пола,Неписмен,3.63
2013,% од укупно,Власеница,M,Неписмен,1.05
2013,% од укупно,Власеница,Ж,Неписмен,6.04
2013,% од укупно,Вукосавље,Оба пола,Неписмен,4.96
2013,% од укупно,Вукосавље,M,Неписмен,1.57
2013,% од укупно,Вукосавље,Ж,Неписмен,8.35
2013,% од укупно,Гацко,Оба пола,Неписмен,1.4
2013,% од укупно,Гацко,M,Неписмен,0.25
2013,% од укупно,Гацко,Ж,Неписмен,2.58
2013,% од укупно,Град Градишка,Оба пола,Неписмен,3.39
2013,% од укупно,Град Градишка,M,Неписмен,0.94
2013,% од укупно,Град Градишка,Ж,Неписмен,5.71
2013,% од укупно,Град Дервента,Оба пола,Неписмен,3.44
2013,% од укупно,Град Дервента,M,Неписмен,1.05
2013,% од укупно,Град Дервента,Ж,Неписмен,5.69
2013,% од укупно,Град Добој,Оба пола,Неписмен,3.19
2013,% од укупно,Град Добој,M,Неписмен,0.9
2013,% од укупно,Град Добој,Ж,Неписмен,5.33
2013,% од укупно,Доњи Жабар,Оба пола,Неписмен,3.82
2013,% од укупно,Доњи Жабар,M,Неписмен,1.54
2013,% од укупно,Доњи Жабар,Ж,Неписмен,6.12
2013,% од укупно,Град Зворник,Оба пола,Неписмен,4.23
2013,% од укупно,Град Зворник,M,Неписмен,1.03
2013,% од укупно,Град Зворник,Ж,Неписмен,7.32
2013,% од укупно,Источна Илиџа,Оба пола,Неписмен,1.3
2013,% од укупно,Источна Илиџа,M,Неписмен,0.35
2013,% од укупно,Источна Илиџа,Ж,Неписмен,2.17
2013,% од укупно,Источни Дрвар,Оба пола,Неписмен,3.08
2013,% од укупно,Источни Дрвар,M,Неписмен,0.0
2013,% од укупно,Источни Дрвар,Ж,Неписмен,9.09
2013,% од укупно,Источни Мостар,Оба пола,Неписмен,8.41
2013,% од укупно,Источни Мостар,M,Неписмен,0.78
2013,% од укупно,Источни Мостар,Ж,Неписмен,18.37
2013,% од укупно,Источни Стари Град,Оба пола,Неписмен,3.87
2013,% од укупно,Источни Стари Град,M,Неписмен,0.59
2013,% од укупно,Источни Стари Град,Ж,Неписмен,7.01
2013,% од укупно,Источно Ново Сарајево,Оба пола,Неписмен,0.86
2013,% од укупно,Источно Ново Сарајево,M,Неписмен,0.32
2013,% од укупно,Источно Ново Сарајево,Ж,Неписмен,1.35
2013,% од укупно,Језеро,Оба пола,Неписмен,4.52
2013,% од укупно,Језеро,M,Неписмен,1.42
2013,% од укупно,Језеро,Ж,Неписмен,7.84
2013,% од укупно,Калиновик,Оба пола,Неписмен,4.66
2013,% од укупно,Калиновик,M,Неписмен,0.56
2013,% од укупно,Калиновик,Ж,Неписмен,8.53
2013,% од укупно,Кнежево,Оба пола,Неписмен,11.35
2013,% од укупно,Кнежево,M,Неписмен,3.47
2013,% од укупно,Кнежево,Ж,Неписмен,18.97
2013,% од укупно,Козарска Дубица,Оба пола,Неписмен,3.09
2013,% од укупно,Козарска Дубица,M,Неписмен,0.83
2013,% од укупно,Козарска Дубица,Ж,Неписмен,5.24
2013,% од укупно,Костајница,Оба пола,Неписмен,2.21
2013,% од укупно,Костајница,M,Неписмен,0.55
2013,% од укупно,Костајница,Ж,Неписмен,3.81
2013,% од укупно,Котор Варош,Оба пола,Неписмен,6.3
2013,% од укупно,Котор Варош,M,Неписмен,1.83
2013,% од укупно,Котор Варош,Ж,Неписмен,10.56
2013,% од укупно,Крупа на Уни,Оба пола,Неписмен,9.96
2013,% од укупно,Крупа на Уни,M,Неписмен,2.67
2013,% од укупно,Крупа на Уни,Ж,Неписмен,18.51
2013,% од укупно,Купрес,Оба пола,Неписмен,28.93
2013,% од укупно,Купрес,M,Неписмен,18.37
2013,% од укупно,Купрес,Ж,Неписмен,40.6
2013,% од укупно,Лакташи,Оба пола,Неписмен,2.45
2013,% од укупно,Лакташи,M,Неписмен,0.77
2013,% од укупно,Лакташи,Ж,Неписмен,4.08
2013,% од укупно,Лопаре,Оба пола,Неписмен,5.0
2013,% од укупно,Лопаре,M,Неписмен,1.8
2013,% од укупно,Лопаре,Ж,Неписмен,8.23
2013,% од укупно,Љубиње,Оба пола,Неписмен,1.61
2013,% од укупно,Љубиње,M,Неписмен,0.33
2013,% од укупно,Љубиње,Ж,Неписмен,2.85
2013,% од укупно,Милићи,Оба пола,Неписмен,4.21
2013,% од укупно,Милићи,M,Неписмен,1.07
2013,% од укупно,Милићи,Ж,Неписмен,7.36
2013,% од укупно,Модрича,Оба пола,Неписмен,3.28
2013,% од укупно,Модрича,M,Неписмен,1.09
2013,% од укупно,Модрича,Ж,Неписмен,5.36
2013,% од укупно,Мркоњић Град,Оба пола,Неписмен,5.65
2013,% од укупно,Мркоњић Град,M,Неписмен,1.37
2013,% од укупно,Мркоњић Град,Ж,Неписмен,9.56
2013,% од укупно,Невесиње,Оба пола,Неписмен,2.69
2013,% од укупно,Невесиње,M,Неписмен,0.57
2013,% од укупно,Невесиње,Ж,Неписмен,4.76
2013,% од укупно,Нови Град,Оба пола,Неписмен,2.86
2013,% од укупно,Нови Град,M,Неписмен,0.92
2013,% од укупно,Нови Град,Ж,Неписмен,4.78
2013,% од укупно,Ново Горажде,Оба пола,Неписмен,2.8
2013,% од укупно,Ново Горажде,M,Неписмен,0.36
2013,% од укупно,Ново Горажде,Ж,Неписмен,5.42
2013,% од укупно,Осмаци,Оба пола,Неписмен,5.26
2013,% од укупно,Осмаци,M,Неписмен,1.16
2013,% од укупно,Осмаци,Ж,Неписмен,9.31
2013,% од укупно,Оштра Лука,Оба пола,Неписмен,7.94
2013,% од укупно,Оштра Лука,M,Неписмен,2.53
2013,% од укупно,Оштра Лука,Ж,Неписмен,13.62
2013,% од укупно,Пале,Оба пола,Неписмен,1.58
2013,% од укупно,Пале,M,Неписмен,0.45
2013,% од укупно,Пале,Ж,Неписмен,2.59
2013,% од укупно,Пелагићево,Оба пола,Неписмен,4.39
2013,% од укупно,Пелагићево,M,Неписмен,1.44
2013,% од укупно,Пелагићево,Ж,Неписмен,7.26
2013,% од укупно,Петровац,Оба пола,Неписмен,1.86
2013,% од укупно,Петровац,M,Неписмен,0.0
2013,% од укупно,Петровац,Ж,Неписмен,3.49
2013,% од укупно,Петрово,Оба пола,Неписмен,4.2
2013,% од укупно,Петрово,M,Неписмен,1.0
2013,% од укупно,Петрово,Ж,Неписмен,7.14
2013,% од укупно,Град Приједор,Оба пола,Неписмен,2.92
2013,% од укупно,Град Приједор,M,Неписмен,1.17
2013,% од укупно,Град Приједор,Ж,Неписмен,4.56
2013,% од укупно,Прњавор,Оба пола,Неписмен,4.51
2013,% од укупно,Прњавор,M,Неписмен,1.35
2013,% од укупно,Прњавор,Ж,Неписмен,7.46
2013,% од укупно,Рибник,Оба пола,Неписмен,8.5
2013,% од укупно,Рибник,M,Неписмен,2.6
2013,% од укупно,Рибник,Ж,Неписмен,14.25
2013,% од укупно,Рогатица,Оба пола,Неписмен,3.76
2013,% од укупно,Рогатица,M,Неписмен,0.83
2013,% од укупно,Рогатица,Ж,Неписмен,6.56
2013,% од укупно,Рудо,Оба пола,Неписмен,2.22
2013,% од укупно,Рудо,M,Неписмен,0.77
2013,% од укупно,Рудо,Ж,Неписмен,3.7
2013,% од укупно,Соколац,Оба пола,Неписмен,2.18
2013,% од укупно,Соколац,M,Неписмен,0.48
2013,% од укупно,Соколац,Ж,Неписмен,3.82
2013,% од укупно,Србац,Оба пола,Неписмен,3.5
2013,% од укупно,Србац,M,Неписмен,1.35
2013,% од укупно,Србац,Ж,Неписмен,5.55
2013,% од укупно,Сребреница,Оба пола,Неписмен,5.85
2013,% од укупно,Сребреница,M,Неписмен,1.22
2013,% од укупно,Сребреница,Ж,Неписмен,10.26
2013,% од укупно,Теслић,Оба пола,Неписмен,5.93
2013,% од укупно,Теслић,M,Неписмен,1.43
2013,% од укупно,Теслић,Ж,Неписмен,10.0
2013,% од укупно,Град Требиње,Оба пола,Неписмен,0.93
2013,% од укупно,Град Требиње,M,Неписмен,0.25
2013,% од укупно,Град Требиње,Ж,Неписмен,1.57
2013,% од укупно,Трново,Оба пола,Неписмен,4.1
2013,% од укупно,Трново,M,Неписмен,1.13
2013,% од укупно,Трново,Ж,Неписмен,6.84
2013,% од укупно,Угљевик,Оба пола,Неписмен,3.29
2013,% од укупно,Угљевик,M,Неписмен,0.99
2013,% од укупно,Угљевик,Ж,Неписмен,5.61
2013,% од укупно,Фоча,Оба пола,Неписмен,2.41
2013,% од укупно,Фоча,M,Неписмен,0.63
2013,% од укупно,Фоча,Ж,Неписмен,4.21
2013,% од укупно,Хан Пијесак,Оба пола,Неписмен,2.76
2013,% од укупно,Хан Пијесак,M,Неписмен,0.67
2013,% од укупно,Хан Пијесак,Ж,Неписмен,4.61
2013,% од укупно,Чајниче,Оба пола,Неписмен,3.26
2013,% од укупно,Чајниче,M,Неписмен,1.02
2013,% од укупно,Чајниче,Ж,Неписмен,5.55
2013,% од укупно,Челинац,Оба пола,Неписмен,3.46
2013,% од укупно,Челинац,M,Неписмен,0.83
2013,% од укупно,Челинац,Ж,Неписмен,6.01
2013,% од укупно,Шамац,Оба пола,Неписмен,1.99
2013,% од укупно,Шамац,M,Неписмен,0.76
2013,% од укупно,Шамац,Ж,Неписмен,3.14
2013,% од укупно,Шековићи,Оба пола,Неписмен,7.34
2013,% од укупно,Шековићи,M,Неписмен,2.89
2013,% од укупно,Шековићи,Ж,Неписмен,11.67
2013,% од укупно,Шипово,Оба пола,Неписмен,4.74
2013,% од укупно,Шипово,M,Неписмен,1.07
2013,% од укупно,Шипово,Ж,Неписмен,8.46
2013,Број,Република Српска,Оба пола,Непозната писменост,10476.0
2013,Број,Република Српска,M,Непозната писменост,3675.0
2013,Број,Република Српска,Ж,Непозната писменост,6801.0
2013,Број,Град Бања Лука,Оба пола,Непозната писменост,1192.0
2013,Број,Град Бања Лука,M,Непозната писменост,413.0
2013,Број,Град Бања Лука,Ж,Непозната писменост,779.0
2013,Број,Берковићи,Оба пола,Непозната писменост,27.0
2013,Број,Берковићи,M,Непозната писменост,10.0
2013,Број,Берковићи,Ж,Непозната писменост,17.0
2013,Број,Град Бијељина,Оба пола,Непозната писменост,916.0
2013,Број,Град Бијељина,M,Непозната писменост,302.0
2013,Број,Град Бијељина,Ж,Непозната писменост,614.0
2013,Број,Билећа,Оба пола,Непозната писменост,83.0
2013,Број,Билећа,M,Непозната писменост,27.0
2013,Број,Билећа,Ж,Непозната писменост,56.0
2013,Број,Братунац,Оба пола,Непозната писменост,239.0
2013,Број,Братунац,M,Непозната писменост,80.0
2013,Број,Братунац,Ж,Непозната писменост,159.0
2013,Број,Брод,Оба пола,Непозната писменост,178.0
2013,Број,Брод,M,Непозната писменост,59.0
2013,Број,Брод,Ж,Непозната писменост,119.0
2013,Број,Вишеград,Оба пола,Непозната писменост,91.0
2013,Број,Вишеград,M,Непозната писменост,32.0
2013,Број,Вишеград,Ж,Непозната писменост,59.0
2013,Број,Власеница,Оба пола,Непозната писменост,185.0
2013,Број,Власеница,M,Непозната писменост,65.0
2013,Број,Власеница,Ж,Непозната писменост,120.0
2013,Број,Вукосавље,Оба пола,Непозната писменост,76.0
2013,Број,Вукосавље,M,Непозната писменост,29.0
2013,Број,Вукосавље,Ж,Непозната писменост,47.0
2013,Број,Гацко,Оба пола,Непозната писменост,71.0
2013,Број,Гацко,M,Непозната писменост,24.0
2013,Број,Гацко,Ж,Непозната писменост,47.0
2013,Број,Град Градишка,Оба пола,Непозната писменост,423.0
2013,Број,Град Градишка,M,Непозната писменост,163.0
2013,Број,Град Градишка,Ж,Непозната писменост,260.0
2013,Број,Град Дервента,Оба пола,Непозната писменост,368.0
2013,Број,Град Дервента,M,Непозната писменост,135.0
2013,Број,Град Дервента,Ж,Непозната писменост,233.0
2013,Број,Град Добој,Оба пола,Непозната писменост,481.0
2013,Број,Град Добој,M,Непозната писменост,166.0
2013,Број,Град Добој,Ж,Непозната писменост,315.0
2013,Број,Доњи Жабар,Оба пола,Непозната писменост,81.0
2013,Број,Доњи Жабар,M,Непозната писменост,33.0
2013,Број,Доњи Жабар,Ж,Непозната писменост,48.0
2013,Број,Град Зворник,Оба пола,Непозната писменост,666.0
2013,Број,Град Зворник,M,Непозната писменост,204.0
2013,Број,Град Зворник,Ж,Непозната писменост,462.0
2013,Број,Источна Илиџа,Оба пола,Непозната писменост,67.0
2013,Број,Источна Илиџа,M,Непозната писменост,21.0
2013,Број,Источна Илиџа,Ж,Непозната писменост,46.0
2013,Број,Источни Дрвар,Оба пола,Непозната писменост,0.0
2013,Број,Источни Дрвар,M,Непозната писменост,0.0
2013,Број,Источни Дрвар,Ж,Непозната писменост,0.0
2013,Број,Источни Мостар,Оба пола,Непозната писменост,0.0
2013,Број,Источни Мостар,M,Непозната писменост,0.0
2013,Број,Источни Мостар,Ж,Непозната писменост,0.0
2013,Број,Источни Стари Град,Оба пола,Непозната писменост,6.0
2013,Број,Источни Стари Град,M,Непозната писменост,2.0
2013,Број,Источни Стари Град,Ж,Непозната писменост,4.0
2013,Број,Источно Ново Сарајево,Оба пола,Непозната писменост,36.0
2013,Број,Источно Ново Сарајево,M,Непозната писменост,12.0
2013,Број,Источно Ново Сарајево,Ж,Непозната писменост,24.0
2013,Број,Језеро,Оба пола,Непозната писменост,6.0
2013,Број,Језеро,M,Непозната писменост,2.0
2013,Број,Језеро,Ж,Непозната писменост,4.0
2013,Број,Калиновик,Оба пола,Непозната писменост,12.0
2013,Број,Калиновик,M,Непозната писменост,5.0
2013,Број,Калиновик,Ж,Непозната писменост,7.0
2013,Број,Кнежево,Оба пола,Непозната писменост,78.0
2013,Број,Кнежево,M,Непозната писменост,32.0
2013,Број,Кнежево,Ж,Непозната писменост,46.0
2013,Број,Козарска Дубица,Оба пола,Непозната писменост,124.0
2013,Број,Козарска Дубица,M,Непозната писменост,48.0
2013,Број,Козарска Дубица,Ж,Непозната писменост,76.0
2013,Број,Костајница,Оба пола,Непозната писменост,34.0
2013,Број,Костајница,M,Непозната писменост,15.0
2013,Број,Костајница,Ж,Непозната писменост,19.0
2013,Број,Котор Варош,Оба пола,Непозната писменост,216.0
2013,Број,Котор Варош,M,Непозната писменост,73.0
2013,Број,Котор Варош,Ж,Непозната писменост,143.0
2013,Број,Крупа на Уни,Оба пола,Непозната писменост,4.0
2013,Број,Крупа на Уни,M,Непозната писменост,1.0
2013,Број,Крупа на Уни,Ж,Непозната писменост,3.0
2013,Број,Купрес,Оба пола,Непозната писменост,1.0
2013,Број,Купрес,M,Непозната писменост,0.0
2013,Број,Купрес,Ж,Непозната писменост,1.0
2013,Број,Лакташи,Оба пола,Непозната писменост,314.0
2013,Број,Лакташи,M,Непозната писменост,117.0
2013,Број,Лакташи,Ж,Непозната писменост,197.0
2013,Број,Лопаре,Оба пола,Непозната писменост,156.0
2013,Број,Лопаре,M,Непозната писменост,62.0
2013,Број,Лопаре,Ж,Непозната писменост,94.0
2013,Број,Љубиње,Оба пола,Непозната писменост,22.0
2013,Број,Љубиње,M,Непозната писменост,7.0
2013,Број,Љубиње,Ж,Непозната писменост,15.0
2013,Број,Милићи,Оба пола,Непозната писменост,157.0
2013,Број,Милићи,M,Непозната писменост,42.0
2013,Број,Милићи,Ж,Непозната писменост,115.0
2013,Број,Модрича,Оба пола,Непозната писменост,346.0
2013,Број,Модрича,M,Непозната писменост,128.0
2013,Број,Модрича,Ж,Непозната писменост,218.0
2013,Број,Мркоњић Град,Оба пола,Непозната писменост,177.0
2013,Број,Мркоњић Град,M,Непозната писменост,65.0
2013,Број,Мркоњић Град,Ж,Непозната писменост,112.0
2013,Број,Невесиње,Оба пола,Непозната писменост,95.0
2013,Број,Невесиње,M,Непозната писменост,40.0
2013,Број,Невесиње,Ж,Непозната писменост,55.0
2013,Број,Нови Град,Оба пола,Непозната писменост,265.0
2013,Број,Нови Град,M,Непозната писменост,96.0
2013,Број,Нови Град,Ж,Непозната писменост,169.0
2013,Број,Ново Горажде,Оба пола,Непозната писменост,16.0
2013,Број,Ново Горажде,M,Непозната писменост,3.0
2013,Број,Ново Горажде,Ж,Непозната писменост,13.0
2013,Број,Осмаци,Оба пола,Непозната писменост,41.0
2013,Број,Осмаци,M,Непозната писменост,15.0
2013,Број,Осмаци,Ж,Непозната писменост,26.0
2013,Број,Оштра Лука,Оба пола,Непозната писменост,19.0
2013,Број,Оштра Лука,M,Непозната писменост,10.0
2013,Број,Оштра Лука,Ж,Непозната писменост,9.0
2013,Број,Пале,Оба пола,Непозната писменост,99.0
2013,Број,Пале,M,Непозната писменост,31.0
2013,Број,Пале,Ж,Непозната писменост,68.0
2013,Број,Пелагићево,Оба пола,Непозната писменост,132.0
2013,Број,Пелагићево,M,Непозната писменост,59.0
2013,Број,Пелагићево,Ж,Непозната писменост,73.0
2013,Број,Петровац,Оба пола,Непозната писменост,1.0
2013,Број,Петровац,M,Непозната писменост,1.0
2013,Број,Петровац,Ж,Непозната писменост,0.0
2013,Број,Петрово,Оба пола,Непозната писменост,35.0
2013,Број,Петрово,M,Непозната писменост,13.0
2013,Број,Петрово,Ж,Непозната писменост,22.0
2013,Број,Град Приједор,Оба пола,Непозната писменост,816.0
2013,Број,Град Приједор,M,Непозната писменост,283.0
2013,Број,Град Приједор,Ж,Непозната писменост,533.0
2013,Број,Прњавор,Оба пола,Непозната писменост,223.0
2013,Број,Прњавор,M,Непозната писменост,90.0
2013,Број,Прњавор,Ж,Непозната писменост,133.0
2013,Број,Рибник,Оба пола,Непозната писменост,41.0
2013,Број,Рибник,M,Непозната писменост,13.0
2013,Број,Рибник,Ж,Непозната писменост,28.0
2013,Број,Рогатица,Оба пола,Непозната писменост,110.0
2013,Број,Рогатица,M,Непозната писменост,24.0
2013,Број,Рогатица,Ж,Непозната писменост,86.0
2013,Број,Рудо,Оба пола,Непозната писменост,40.0
2013,Број,Рудо,M,Непозната писменост,16.0
2013,Број,Рудо,Ж,Непозната писменост,24.0
2013,Број,Соколац,Оба пола,Непозната писменост,69.0
2013,Број,Соколац,M,Непозната писменост,29.0
2013,Број,Соколац,Ж,Непозната писменост,40.0
2013,Број,Србац,Оба пола,Непозната писменост,250.0
2013,Број,Србац,M,Непозната писменост,90.0
2013,Број,Србац,Ж,Непозната писменост,160.0
2013,Број,Сребреница,Оба пола,Непозната писменост,134.0
2013,Број,Сребреница,M,Непозната писменост,26.0
2013,Број,Сребреница,Ж,Непозната писменост,108.0
2013,Број,Теслић,Оба пола,Непозната писменост,346.0
2013,Број,Теслић,M,Непозната писменост,124.0
2013,Број,Теслић,Ж,Непозната писменост,222.0
2013,Број,Град Требиње,Оба пола,Непозната писменост,188.0
2013,Број,Град Требиње,M,Непозната писменост,59.0
2013,Број,Град Требиње,Ж,Непозната писменост,129.0
2013,Број,Трново,Оба пола,Непозната писменост,12.0
2013,Број,Трново,M,Непозната писменост,4.0
2013,Број,Трново,Ж,Непозната писменост,8.0
2013,Број,Угљевик,Оба пола,Непозната писменост,98.0
2013,Број,Угљевик,M,Непозната писменост,37.0
2013,Број,Угљевик,Ж,Непозната писменост,61.0
2013,Број,Фоча,Оба пола,Непозната писменост,128.0
2013,Број,Фоча,M,Непозната писменост,51.0
2013,Број,Фоча,Ж,Непозната писменост,77.0
2013,Број,Хан Пијесак,Оба пола,Непозната писменост,13.0
2013,Број,Хан Пијесак,M,Непозната писменост,4.0
2013,Број,Хан Пијесак,Ж,Непозната писменост,9.0
2013,Број,Чајниче,Оба пола,Непозната писменост,24.0
2013,Број,Чајниче,M,Непозната писменост,9.0
2013,Број,Чајниче,Ж,Непозната писменост,15.0
2013,Број,Челинац,Оба пола,Непозната писменост,126.0
2013,Број,Челинац,M,Непозната писменост,54.0
2013,Број,Челинац,Ж,Непозната писменост,72.0
2013,Број,Шамац,Оба пола,Непозната писменост,185.0
2013,Број,Шамац,M,Непозната писменост,64.0
2013,Број,Шамац,Ж,Непозната писменост,121.0
2013,Број,Шековићи,Оба пола,Непозната писменост,65.0
2013,Број,Шековићи,M,Непозната писменост,27.0
2013,Број,Шековићи,Ж,Непозната писменост,38.0
2013,Број,Шипово,Оба пола,Непозната писменост,72.0
2013,Број,Шипово,M,Непозната писменост,29.0
2013,Број,Шипово,Ж,Непозната писменост,43.0
