Year,UNIT_MEASURE,ADMIN_AREA,Пол,Educational_attainment,Value
2013,Број,republika_srpska,Укупно,no_education,58651
2013,Број,republika_srpska,M,no_education,9370
2013,Број,republika_srpska,Ж,no_education,49281
2013,Број,grad_banja_luka,Укупно,no_education,5673
2013,Број,grad_banja_luka,M,no_education,921
2013,Број,grad_banja_luka,Ж,no_education,4752
2013,Број,berkovici,Укупно,no_education,104
2013,Број,berkovici,M,no_education,8
2013,Број,berkovici,Ж,no_education,96
2013,Број,grad_bijeljina,Укупно,no_education,3916
2013,Број,grad_bijeljina,M,no_education,650
2013,Број,grad_bijeljina,Ж,no_education,3266
2013,Број,bileca,Укупно,no_education,246
2013,Број,bileca,M,no_education,42
2013,Број,bileca,Ж,no_education,204
2013,Број,bratunac,Укупно,no_education,1297
2013,Број,bratunac,M,no_education,166
2013,Број,bratunac,Ж,no_education,1131
2013,Број,brod,Укупно,no_education,586
2013,Број,brod,M,no_education,90
2013,Број,brod,Ж,no_education,496
2013,Број,visegrad,Укупно,no_education,576
2013,Број,visegrad,M,no_education,65
2013,Број,visegrad,Ж,no_education,511
2013,Број,vlasenica,Укупно,no_education,629
2013,Број,vlasenica,M,no_education,101
2013,Број,vlasenica,Ж,no_education,528
2013,Број,vukosavlje,Укупно,no_education,329
2013,Број,vukosavlje,M,no_education,69
2013,Број,vukosavlje,Ж,no_education,260
2013,Број,gacko,Укупно,no_education,268
2013,Број,gacko,M,no_education,22
2013,Број,gacko,Ж,no_education,246
2013,Број,grad_gradiska,Укупно,no_education,2608
2013,Број,grad_gradiska,M,no_education,425
2013,Број,grad_gradiska,Ж,no_education,2183
2013,Број,grad_derventa,Укупно,no_education,1538
2013,Број,grad_derventa,M,no_education,281
2013,Број,grad_derventa,Ж,no_education,1257
2013,Број,grad_doboj,Укупно,no_education,3364
2013,Број,grad_doboj,M,no_education,496
2013,Број,grad_doboj,Ж,no_education,2868
2013,Број,donji_zabar,Укупно,no_education,209
2013,Број,donji_zabar,M,no_education,37
2013,Број,donji_zabar,Ж,no_education,172
2013,Број,grad_zvornik,Укупно,no_education,3216
2013,Број,grad_zvornik,M,no_education,484
2013,Број,grad_zvornik,Ж,no_education,2732
2013,Број,istocna_ilidza,Укупно,no_education,280
2013,Број,istocna_ilidza,M,no_education,33
2013,Број,istocna_ilidza,Ж,no_education,247
2013,Број,istocni_drvar,Укупно,no_education,5
2013,Број,istocni_drvar,M,no_education,0
2013,Број,istocni_drvar,Ж,no_education,5
2013,Број,istocni_mostar,Укупно,no_education,19
2013,Број,istocni_mostar,M,no_education,1
2013,Број,istocni_mostar,Ж,no_education,18
2013,Број,istocni_stari_grad,Укупно,no_education,61
2013,Број,istocni_stari_grad,M,no_education,5
2013,Број,istocni_stari_grad,Ж,no_education,56
2013,Број,istocno_novo_sarajevo,Укупно,no_education,191
2013,Број,istocno_novo_sarajevo,M,no_education,25
2013,Број,istocno_novo_sarajevo,Ж,no_education,166
2013,Број,jezero,Укупно,no_education,79
2013,Број,jezero,M,no_education,14
2013,Број,jezero,Ж,no_education,65
2013,Број,kalinovik,Укупно,no_education,158
2013,Број,kalinovik,M,no_education,11
2013,Број,kalinovik,Ж,no_education,147
2013,Број,knezevo,Укупно,no_education,1390
2013,Број,knezevo,M,no_education,311
2013,Број,knezevo,Ж,no_education,1079
2013,Број,kozarska_dubica,Укупно,no_education,984
2013,Број,kozarska_dubica,M,no_education,154
2013,Број,kozarska_dubica,Ж,no_education,830
2013,Број,kostajnica,Укупно,no_education,163
2013,Број,kostajnica,M,no_education,28
2013,Број,kostajnica,Ж,no_education,135
2013,Број,kotor_varos,Укупно,no_education,1503
2013,Број,kotor_varos,M,no_education,282
2013,Број,kotor_varos,Ж,no_education,1221
2013,Број,krupa_na_uni,Укупно,no_education,157
2013,Број,krupa_na_uni,M,no_education,19
2013,Број,krupa_na_uni,Ж,no_education,138
2013,Број,kupres,Укупно,no_education,103
2013,Број,kupres,M,no_education,33
2013,Број,kupres,Ж,no_education,70
2013,Број,laktasi,Укупно,no_education,1363
2013,Број,laktasi,M,no_education,229
2013,Број,laktasi,Ж,no_education,1134
2013,Број,lopare,Укупно,no_education,1235
2013,Број,lopare,M,no_education,243
2013,Број,lopare,Ж,no_education,992
2013,Број,ljubinje,Укупно,no_education,110
2013,Број,ljubinje,M,no_education,12
2013,Број,ljubinje,Ж,no_education,98
2013,Број,milici,Укупно,no_education,643
2013,Број,milici,M,no_education,96
2013,Број,milici,Ж,no_education,547
2013,Број,modrica,Укупно,no_education,1278
2013,Број,modrica,M,no_education,241
2013,Број,modrica,Ж,no_education,1037
2013,Број,mrkonjic_grad,Укупно,no_education,1462
2013,Број,mrkonjic_grad,M,no_education,213
2013,Број,mrkonjic_grad,Ж,no_education,1249
2013,Број,nevesinje,Укупно,no_education,545
2013,Број,nevesinje,M,no_education,56
2013,Број,nevesinje,Ж,no_education,489
2013,Број,novi_grad,Укупно,no_education,1036
2013,Број,novi_grad,M,no_education,171
2013,Број,novi_grad,Ж,no_education,865
2013,Број,novo_gorazde,Укупно,no_education,127
2013,Број,novo_gorazde,M,no_education,21
2013,Број,novo_gorazde,Ж,no_education,106
2013,Број,osmaci,Укупно,no_education,397
2013,Број,osmaci,M,no_education,62
2013,Број,osmaci,Ж,no_education,335
2013,Број,ostra_luka,Укупно,no_education,247
2013,Број,ostra_luka,M,no_education,43
2013,Број,ostra_luka,Ж,no_education,204
2013,Број,pale,Укупно,no_education,606
2013,Број,pale,M,no_education,80
2013,Број,pale,Ж,no_education,526
2013,Број,pelagicevo,Укупно,no_education,290
2013,Број,pelagicevo,M,no_education,46
2013,Број,pelagicevo,Ж,no_education,244
2013,Број,petrovac,Укупно,no_education,11
2013,Број,petrovac,M,no_education,0
2013,Број,petrovac,Ж,no_education,11
2013,Број,petrovo,Укупно,no_education,403
2013,Број,petrovo,M,no_education,48
2013,Број,petrovo,Ж,no_education,355
2013,Број,grad_prijedor,Укупно,no_education,3918
2013,Број,grad_prijedor,M,no_education,760
2013,Број,grad_prijedor,Ж,no_education,3158
2013,Број,prnjavor,Укупно,no_education,2654
2013,Број,prnjavor,M,no_education,391
2013,Број,prnjavor,Ж,no_education,2263
2013,Број,ribnik,Укупно,no_education,680
2013,Број,ribnik,M,no_education,118
2013,Број,ribnik,Ж,no_education,562
2013,Број,rogatica,Укупно,no_education,633
2013,Број,rogatica,M,no_education,89
2013,Број,rogatica,Ж,no_education,544
2013,Број,rudo,Укупно,no_education,279
2013,Број,rudo,M,no_education,38
2013,Број,rudo,Ж,no_education,241
2013,Број,sokolac,Укупно,no_education,392
2013,Број,sokolac,M,no_education,52
2013,Број,sokolac,Ж,no_education,340
2013,Број,srbac,Укупно,no_education,1115
2013,Број,srbac,M,no_education,235
2013,Број,srbac,Ж,no_education,880
2013,Број,srebrenica,Укупно,no_education,852
2013,Број,srebrenica,M,no_education,105
2013,Број,srebrenica,Ж,no_education,747
2013,Број,teslic,Укупно,no_education,3299
2013,Број,teslic,M,no_education,471
2013,Број,teslic,Ж,no_education,2828
2013,Број,grad_trebinje,Укупно,no_education,382
2013,Број,grad_trebinje,M,no_education,44
2013,Број,grad_trebinje,Ж,no_education,338
2013,Број,trnovo,Укупно,no_education,143
2013,Број,trnovo,M,no_education,14
2013,Број,trnovo,Ж,no_education,129
2013,Број,ugljevik,Укупно,no_education,856
2013,Број,ugljevik,M,no_education,135
2013,Број,ugljevik,Ж,no_education,721
2013,Број,foca,Укупно,no_education,775
2013,Број,foca,M,no_education,92
2013,Број,foca,Ж,no_education,683
2013,Број,han_pijesak,Укупно,no_education,198
2013,Број,han_pijesak,M,no_education,22
2013,Број,han_pijesak,Ж,no_education,176
2013,Број,cajnice,Укупно,no_education,224
2013,Број,cajnice,M,no_education,31
2013,Број,cajnice,Ж,no_education,193
2013,Број,celinac,Укупно,no_education,832
2013,Број,celinac,M,no_education,109
2013,Број,celinac,Ж,no_education,723
2013,Број,samac,Укупно,no_education,627
2013,Број,samac,M,no_education,90
2013,Број,samac,Ж,no_education,537
2013,Број,sekovici,Укупно,no_education,655
2013,Број,sekovici,M,no_education,120
2013,Број,sekovici,Ж,no_education,535
2013,Број,sipovo,Укупно,no_education,732
2013,Број,sipovo,M,no_education,120
2013,Број,sipovo,Ж,no_education,612
2013,Број,republika_srpska,Укупно,incomplete_elementary,97022
2013,Број,republika_srpska,M,incomplete_elementary,33465
2013,Број,republika_srpska,Ж,incomplete_elementary,63557
2013,Број,grad_banja_luka,Укупно,incomplete_elementary,6483
2013,Број,grad_banja_luka,M,incomplete_elementary,2117
2013,Број,grad_banja_luka,Ж,incomplete_elementary,4366
2013,Број,berkovici,Укупно,incomplete_elementary,229
2013,Број,berkovici,M,incomplete_elementary,74
2013,Број,berkovici,Ж,incomplete_elementary,155
2013,Број,grad_bijeljina,Укупно,incomplete_elementary,10740
2013,Број,grad_bijeljina,M,incomplete_elementary,3999
2013,Број,grad_bijeljina,Ж,incomplete_elementary,6741
2013,Број,bileca,Укупно,incomplete_elementary,747
2013,Број,bileca,M,incomplete_elementary,187
2013,Број,bileca,Ж,incomplete_elementary,560
2013,Број,bratunac,Укупно,incomplete_elementary,1364
2013,Број,bratunac,M,incomplete_elementary,395
2013,Број,bratunac,Ж,incomplete_elementary,969
2013,Број,brod,Укупно,incomplete_elementary,1241
2013,Број,brod,M,incomplete_elementary,328
2013,Број,brod,Ж,incomplete_elementary,913
2013,Број,visegrad,Укупно,incomplete_elementary,783
2013,Број,visegrad,M,incomplete_elementary,203
2013,Број,visegrad,Ж,incomplete_elementary,580
2013,Број,vlasenica,Укупно,incomplete_elementary,758
2013,Број,vlasenica,M,incomplete_elementary,243
2013,Број,vlasenica,Ж,incomplete_elementary,515
2013,Број,vukosavlje,Укупно,incomplete_elementary,719
2013,Број,vukosavlje,M,incomplete_elementary,300
2013,Број,vukosavlje,Ж,incomplete_elementary,419
2013,Број,gacko,Укупно,incomplete_elementary,496
2013,Број,gacko,M,incomplete_elementary,135
2013,Број,gacko,Ж,incomplete_elementary,361
2013,Број,grad_gradiska,Укупно,incomplete_elementary,4821
2013,Број,grad_gradiska,M,incomplete_elementary,1832
2013,Број,grad_gradiska,Ж,incomplete_elementary,2989
2013,Број,grad_derventa,Укупно,incomplete_elementary,2759
2013,Број,grad_derventa,M,incomplete_elementary,1030
2013,Број,grad_derventa,Ж,incomplete_elementary,1729
2013,Број,grad_doboj,Укупно,incomplete_elementary,6019
2013,Број,grad_doboj,M,incomplete_elementary,1823
2013,Број,grad_doboj,Ж,incomplete_elementary,4196
2013,Број,donji_zabar,Укупно,incomplete_elementary,707
2013,Број,donji_zabar,M,incomplete_elementary,304
2013,Број,donji_zabar,Ж,incomplete_elementary,403
2013,Број,grad_zvornik,Укупно,incomplete_elementary,4702
2013,Број,grad_zvornik,M,incomplete_elementary,1472
2013,Број,grad_zvornik,Ж,incomplete_elementary,3230
2013,Број,istocna_ilidza,Укупно,incomplete_elementary,550
2013,Број,istocna_ilidza,M,incomplete_elementary,65
2013,Број,istocna_ilidza,Ж,incomplete_elementary,485
2013,Број,istocni_drvar,Укупно,incomplete_elementary,6
2013,Број,istocni_drvar,M,incomplete_elementary,4
2013,Број,istocni_drvar,Ж,incomplete_elementary,2
2013,Број,istocni_mostar,Укупно,incomplete_elementary,41
2013,Број,istocni_mostar,M,incomplete_elementary,21
2013,Број,istocni_mostar,Ж,incomplete_elementary,20
2013,Број,istocni_stari_grad,Укупно,incomplete_elementary,133
2013,Број,istocni_stari_grad,M,incomplete_elementary,29
2013,Број,istocni_stari_grad,Ж,incomplete_elementary,104
2013,Број,istocno_novo_sarajevo,Укупно,incomplete_elementary,454
2013,Број,istocno_novo_sarajevo,M,incomplete_elementary,89
2013,Број,istocno_novo_sarajevo,Ж,incomplete_elementary,365
2013,Број,jezero,Укупно,incomplete_elementary,105
2013,Број,jezero,M,incomplete_elementary,39
2013,Број,jezero,Ж,incomplete_elementary,66
2013,Број,kalinovik,Укупно,incomplete_elementary,175
2013,Број,kalinovik,M,incomplete_elementary,48
2013,Број,kalinovik,Ж,incomplete_elementary,127
2013,Број,knezevo,Укупно,incomplete_elementary,752
2013,Број,knezevo,M,incomplete_elementary,318
2013,Број,knezevo,Ж,incomplete_elementary,434
2013,Број,kozarska_dubica,Укупно,incomplete_elementary,1894
2013,Број,kozarska_dubica,M,incomplete_elementary,683
2013,Број,kozarska_dubica,Ж,incomplete_elementary,1211
2013,Број,kostajnica,Укупно,incomplete_elementary,387
2013,Број,kostajnica,M,incomplete_elementary,132
2013,Број,kostajnica,Ж,incomplete_elementary,255
2013,Број,kotor_varos,Укупно,incomplete_elementary,1183
2013,Број,kotor_varos,M,incomplete_elementary,391
2013,Број,kotor_varos,Ж,incomplete_elementary,792
2013,Број,krupa_na_uni,Укупно,incomplete_elementary,316
2013,Број,krupa_na_uni,M,incomplete_elementary,165
2013,Број,krupa_na_uni,Ж,incomplete_elementary,151
2013,Број,kupres,Укупно,incomplete_elementary,19
2013,Број,kupres,M,incomplete_elementary,9
2013,Број,kupres,Ж,incomplete_elementary,10
2013,Број,laktasi,Укупно,incomplete_elementary,2504
2013,Број,laktasi,M,incomplete_elementary,946
2013,Број,laktasi,Ж,incomplete_elementary,1558
2013,Број,lopare,Укупно,incomplete_elementary,2118
2013,Број,lopare,M,incomplete_elementary,943
2013,Број,lopare,Ж,incomplete_elementary,1175
2013,Број,ljubinje,Укупно,incomplete_elementary,275
2013,Број,ljubinje,M,incomplete_elementary,64
2013,Број,ljubinje,Ж,incomplete_elementary,211
2013,Број,milici,Укупно,incomplete_elementary,729
2013,Број,milici,M,incomplete_elementary,217
2013,Број,milici,Ж,incomplete_elementary,512
2013,Број,modrica,Укупно,incomplete_elementary,2912
2013,Број,modrica,M,incomplete_elementary,1049
2013,Број,modrica,Ж,incomplete_elementary,1863
2013,Број,mrkonjic_grad,Укупно,incomplete_elementary,1769
2013,Број,mrkonjic_grad,M,incomplete_elementary,777
2013,Број,mrkonjic_grad,Ж,incomplete_elementary,992
2013,Број,nevesinje,Укупно,incomplete_elementary,1048
2013,Број,nevesinje,M,incomplete_elementary,265
2013,Број,nevesinje,Ж,incomplete_elementary,783
2013,Број,novi_grad,Укупно,incomplete_elementary,2172
2013,Број,novi_grad,M,incomplete_elementary,757
2013,Број,novi_grad,Ж,incomplete_elementary,1415
2013,Број,novo_gorazde,Укупно,incomplete_elementary,162
2013,Број,novo_gorazde,M,incomplete_elementary,52
2013,Број,novo_gorazde,Ж,incomplete_elementary,110
2013,Број,osmaci,Укупно,incomplete_elementary,552
2013,Број,osmaci,M,incomplete_elementary,172
2013,Број,osmaci,Ж,incomplete_elementary,380
2013,Број,ostra_luka,Укупно,incomplete_elementary,352
2013,Број,ostra_luka,M,incomplete_elementary,154
2013,Број,ostra_luka,Ж,incomplete_elementary,198
2013,Број,pale,Укупно,incomplete_elementary,986
2013,Број,pale,M,incomplete_elementary,214
2013,Број,pale,Ж,incomplete_elementary,772
2013,Број,pelagicevo,Укупно,incomplete_elementary,1081
2013,Број,pelagicevo,M,incomplete_elementary,459
2013,Број,pelagicevo,Ж,incomplete_elementary,622
2013,Број,petrovac,Укупно,incomplete_elementary,28
2013,Број,petrovac,M,incomplete_elementary,4
2013,Број,petrovac,Ж,incomplete_elementary,24
2013,Број,petrovo,Укупно,incomplete_elementary,733
2013,Број,petrovo,M,incomplete_elementary,180
2013,Број,petrovo,Ж,incomplete_elementary,553
2013,Број,grad_prijedor,Укупно,incomplete_elementary,6219
2013,Број,grad_prijedor,M,incomplete_elementary,1948
2013,Број,grad_prijedor,Ж,incomplete_elementary,4271
2013,Број,prnjavor,Укупно,incomplete_elementary,4458
2013,Број,prnjavor,M,incomplete_elementary,1948
2013,Број,prnjavor,Ж,incomplete_elementary,2510
2013,Број,ribnik,Укупно,incomplete_elementary,641
2013,Број,ribnik,M,incomplete_elementary,249
2013,Број,ribnik,Ж,incomplete_elementary,392
2013,Број,rogatica,Укупно,incomplete_elementary,799
2013,Број,rogatica,M,incomplete_elementary,239
2013,Број,rogatica,Ж,incomplete_elementary,560
2013,Број,rudo,Укупно,incomplete_elementary,719
2013,Број,rudo,M,incomplete_elementary,197
2013,Број,rudo,Ж,incomplete_elementary,522
2013,Број,sokolac,Укупно,incomplete_elementary,747
2013,Број,sokolac,M,incomplete_elementary,207
2013,Број,sokolac,Ж,incomplete_elementary,540
2013,Број,srbac,Укупно,incomplete_elementary,2023
2013,Број,srbac,M,incomplete_elementary,857
2013,Број,srbac,Ж,incomplete_elementary,1166
2013,Број,srebrenica,Укупно,incomplete_elementary,1086
2013,Број,srebrenica,M,incomplete_elementary,308
2013,Број,srebrenica,Ж,incomplete_elementary,778
2013,Број,teslic,Укупно,incomplete_elementary,4433
2013,Број,teslic,M,incomplete_elementary,1551
2013,Број,teslic,Ж,incomplete_elementary,2882
2013,Број,grad_trebinje,Укупно,incomplete_elementary,1156
2013,Број,grad_trebinje,M,incomplete_elementary,210
2013,Број,grad_trebinje,Ж,incomplete_elementary,946
2013,Број,trnovo,Укупно,incomplete_elementary,151
2013,Број,trnovo,M,incomplete_elementary,36
2013,Број,trnovo,Ж,incomplete_elementary,115
2013,Број,ugljevik,Укупно,incomplete_elementary,1829
2013,Број,ugljevik,M,incomplete_elementary,734
2013,Број,ugljevik,Ж,incomplete_elementary,1095
2013,Број,foca,Укупно,incomplete_elementary,1301
2013,Број,foca,M,incomplete_elementary,346
2013,Број,foca,Ж,incomplete_elementary,955
2013,Број,han_pijesak,Укупно,incomplete_elementary,258
2013,Број,han_pijesak,M,incomplete_elementary,61
2013,Број,han_pijesak,Ж,incomplete_elementary,197
2013,Број,cajnice,Укупно,incomplete_elementary,474
2013,Број,cajnice,M,incomplete_elementary,149
2013,Број,cajnice,Ж,incomplete_elementary,325
2013,Број,celinac,Укупно,incomplete_elementary,1317
2013,Број,celinac,M,incomplete_elementary,474
2013,Број,celinac,Ж,incomplete_elementary,843
2013,Број,samac,Укупно,incomplete_elementary,2046
2013,Број,samac,M,incomplete_elementary,731
2013,Број,samac,Ж,incomplete_elementary,1315
2013,Број,sekovici,Укупно,incomplete_elementary,453
2013,Број,sekovici,M,incomplete_elementary,181
2013,Број,sekovici,Ж,incomplete_elementary,272
2013,Број,sipovo,Укупно,incomplete_elementary,908
2013,Број,sipovo,M,incomplete_elementary,351
2013,Број,sipovo,Ж,incomplete_elementary,557
2013,Број,republika_srpska,Укупно,elementary_education,212834
2013,Број,republika_srpska,M,elementary_education,95682
2013,Број,republika_srpska,Ж,elementary_education,117152
2013,Број,grad_banja_luka,Укупно,elementary_education,23011
2013,Број,grad_banja_luka,M,elementary_education,9927
2013,Број,grad_banja_luka,Ж,elementary_education,13084
2013,Број,berkovici,Укупно,elementary_education,430
2013,Број,berkovici,M,elementary_education,221
2013,Број,berkovici,Ж,elementary_education,209
2013,Број,grad_bijeljina,Укупно,elementary_education,18771
2013,Број,grad_bijeljina,M,elementary_education,8590
2013,Број,grad_bijeljina,Ж,elementary_education,10181
2013,Број,bileca,Укупно,elementary_education,1951
2013,Број,bileca,M,elementary_education,867
2013,Број,bileca,Ж,elementary_education,1084
2013,Број,bratunac,Укупно,elementary_education,3893
2013,Број,bratunac,M,elementary_education,1769
2013,Број,bratunac,Ж,elementary_education,2124
2013,Број,brod,Укупно,elementary_education,2986
2013,Број,brod,M,elementary_education,1248
2013,Број,brod,Ж,elementary_education,1738
2013,Број,visegrad,Укупно,elementary_education,1626
2013,Број,visegrad,M,elementary_education,593
2013,Број,visegrad,Ж,elementary_education,1033
2013,Број,vlasenica,Укупно,elementary_education,2268
2013,Број,vlasenica,M,elementary_education,993
2013,Број,vlasenica,Ж,elementary_education,1275
2013,Број,vukosavlje,Укупно,elementary_education,999
2013,Број,vukosavlje,M,elementary_education,472
2013,Број,vukosavlje,Ж,elementary_education,527
2013,Број,gacko,Укупно,elementary_education,1356
2013,Број,gacko,M,elementary_education,530
2013,Број,gacko,Ж,elementary_education,826
2013,Број,grad_gradiska,Укупно,elementary_education,9626
2013,Број,grad_gradiska,M,elementary_education,4493
2013,Број,grad_gradiska,Ж,elementary_education,5133
2013,Број,grad_derventa,Укупно,elementary_education,5260
2013,Број,grad_derventa,M,elementary_education,2463
2013,Број,grad_derventa,Ж,elementary_education,2797
2013,Број,grad_doboj,Укупно,elementary_education,13403
2013,Број,grad_doboj,M,elementary_education,5750
2013,Број,grad_doboj,Ж,elementary_education,7653
2013,Број,donji_zabar,Укупно,elementary_education,815
2013,Број,donji_zabar,M,elementary_education,408
2013,Број,donji_zabar,Ж,elementary_education,407
2013,Број,grad_zvornik,Укупно,elementary_education,11440
2013,Број,grad_zvornik,M,elementary_education,5163
2013,Број,grad_zvornik,Ж,elementary_education,6277
2013,Број,istocna_ilidza,Укупно,elementary_education,1676
2013,Број,istocna_ilidza,M,elementary_education,519
2013,Број,istocna_ilidza,Ж,elementary_education,1157
2013,Број,istocni_drvar,Укупно,elementary_education,9
2013,Број,istocni_drvar,M,elementary_education,2
2013,Број,istocni_drvar,Ж,elementary_education,7
2013,Број,istocni_mostar,Укупно,elementary_education,38
2013,Број,istocni_mostar,M,elementary_education,24
2013,Број,istocni_mostar,Ж,elementary_education,14
2013,Број,istocni_stari_grad,Укупно,elementary_education,166
2013,Број,istocni_stari_grad,M,elementary_education,75
2013,Број,istocni_stari_grad,Ж,elementary_education,91
2013,Број,istocno_novo_sarajevo,Укупно,elementary_education,1087
2013,Број,istocno_novo_sarajevo,M,elementary_education,356
2013,Број,istocno_novo_sarajevo,Ж,elementary_education,731
2013,Број,jezero,Укупно,elementary_education,236
2013,Број,jezero,M,elementary_education,109
2013,Број,jezero,Ж,elementary_education,127
2013,Број,kalinovik,Укупно,elementary_education,334
2013,Број,kalinovik,M,elementary_education,122
2013,Број,kalinovik,Ж,elementary_education,212
2013,Број,knezevo,Укупно,elementary_education,1918
2013,Број,knezevo,M,elementary_education,990
2013,Број,knezevo,Ж,elementary_education,928
2013,Број,kozarska_dubica,Укупно,elementary_education,3921
2013,Број,kozarska_dubica,M,elementary_education,1839
2013,Број,kozarska_dubica,Ж,elementary_education,2082
2013,Број,kostajnica,Укупно,elementary_education,1117
2013,Број,kostajnica,M,elementary_education,486
2013,Број,kostajnica,Ж,elementary_education,631
2013,Број,kotor_varos,Укупно,elementary_education,3809
2013,Број,kotor_varos,M,elementary_education,1797
2013,Број,kotor_varos,Ж,elementary_education,2012
2013,Број,krupa_na_uni,Укупно,elementary_education,524
2013,Број,krupa_na_uni,M,elementary_education,317
2013,Број,krupa_na_uni,Ж,elementary_education,207
2013,Број,kupres,Укупно,elementary_education,53
2013,Број,kupres,M,elementary_education,33
2013,Број,kupres,Ж,elementary_education,20
2013,Број,laktasi,Укупно,elementary_education,6602
2013,Број,laktasi,M,elementary_education,3078
2013,Број,laktasi,Ж,elementary_education,3524
2013,Број,lopare,Укупно,elementary_education,3267
2013,Број,lopare,M,elementary_education,1670
2013,Број,lopare,Ж,elementary_education,1597
2013,Број,ljubinje,Укупно,elementary_education,619
2013,Број,ljubinje,M,elementary_education,261
2013,Број,ljubinje,Ж,elementary_education,358
2013,Број,milici,Укупно,elementary_education,2387
2013,Број,milici,M,elementary_education,1038
2013,Број,milici,Ж,elementary_education,1349
2013,Број,modrica,Укупно,elementary_education,5255
2013,Број,modrica,M,elementary_education,2469
2013,Број,modrica,Ж,elementary_education,2786
2013,Број,mrkonjic_grad,Укупно,elementary_education,2720
2013,Број,mrkonjic_grad,M,elementary_education,1373
2013,Број,mrkonjic_grad,Ж,elementary_education,1347
2013,Број,nevesinje,Укупно,elementary_education,2193
2013,Број,nevesinje,M,elementary_education,961
2013,Број,nevesinje,Ж,elementary_education,1232
2013,Број,novi_grad,Укупно,elementary_education,5660
2013,Број,novi_grad,M,elementary_education,2691
2013,Број,novi_grad,Ж,elementary_education,2969
2013,Број,novo_gorazde,Укупно,elementary_education,612
2013,Број,novo_gorazde,M,elementary_education,229
2013,Број,novo_gorazde,Ж,elementary_education,383
2013,Број,osmaci,Укупно,elementary_education,1146
2013,Број,osmaci,M,elementary_education,495
2013,Број,osmaci,Ж,elementary_education,651
2013,Број,ostra_luka,Укупно,elementary_education,648
2013,Број,ostra_luka,M,elementary_education,348
2013,Број,ostra_luka,Ж,elementary_education,300
2013,Број,pale,Укупно,elementary_education,2570
2013,Број,pale,M,elementary_education,935
2013,Број,pale,Ж,elementary_education,1635
2013,Број,pelagicevo,Укупно,elementary_education,1081
2013,Број,pelagicevo,M,elementary_education,586
2013,Број,pelagicevo,Ж,elementary_education,495
2013,Број,petrovac,Укупно,elementary_education,57
2013,Број,petrovac,M,elementary_education,23
2013,Број,petrovac,Ж,elementary_education,34
2013,Број,petrovo,Укупно,elementary_education,1114
2013,Број,petrovo,M,elementary_education,464
2013,Број,petrovo,Ж,elementary_education,650
2013,Број,grad_prijedor,Укупно,elementary_education,15121
2013,Број,grad_prijedor,M,elementary_education,6682
2013,Број,grad_prijedor,Ж,elementary_education,8439
2013,Број,prnjavor,Укупно,elementary_education,7504
2013,Број,prnjavor,M,elementary_education,3697
2013,Број,prnjavor,Ж,elementary_education,3807
2013,Број,ribnik,Укупно,elementary_education,1275
2013,Број,ribnik,M,elementary_education,651
2013,Број,ribnik,Ж,elementary_education,624
2013,Број,rogatica,Укупно,elementary_education,1761
2013,Број,rogatica,M,elementary_education,717
2013,Број,rogatica,Ж,elementary_education,1044
2013,Број,rudo,Укупно,elementary_education,1332
2013,Број,rudo,M,elementary_education,514
2013,Број,rudo,Ж,elementary_education,818
2013,Број,sokolac,Укупно,elementary_education,1790
2013,Број,sokolac,M,elementary_education,720
2013,Број,sokolac,Ж,elementary_education,1070
2013,Број,srbac,Укупно,elementary_education,3740
2013,Број,srbac,M,elementary_education,1843
2013,Број,srbac,Ж,elementary_education,1897
2013,Број,srebrenica,Укупно,elementary_education,2494
2013,Број,srebrenica,M,elementary_education,1115
2013,Број,srebrenica,Ж,elementary_education,1379
2013,Број,teslic,Укупно,elementary_education,7412
2013,Број,teslic,M,elementary_education,3540
2013,Број,teslic,Ж,elementary_education,3872
2013,Број,grad_trebinje,Укупно,elementary_education,3757
2013,Број,grad_trebinje,M,elementary_education,1267
2013,Број,grad_trebinje,Ж,elementary_education,2490
2013,Број,trnovo,Укупно,elementary_education,342
2013,Број,trnovo,M,elementary_education,106
2013,Број,trnovo,Ж,elementary_education,236
2013,Број,ugljevik,Укупно,elementary_education,2942
2013,Број,ugljevik,M,elementary_education,1398
2013,Број,ugljevik,Ж,elementary_education,1544
2013,Број,foca,Укупно,elementary_education,2975
2013,Број,foca,M,elementary_education,1305
2013,Број,foca,Ж,elementary_education,1670
2013,Број,han_pijesak,Укупно,elementary_education,686
2013,Број,han_pijesak,M,elementary_education,275
2013,Број,han_pijesak,Ж,elementary_education,411
2013,Број,cajnice,Укупно,elementary_education,981
2013,Број,cajnice,M,elementary_education,436
2013,Број,cajnice,Ж,elementary_education,545
2013,Број,celinac,Укупно,elementary_education,3312
2013,Број,celinac,M,elementary_education,1626
2013,Број,celinac,Ж,elementary_education,1686
2013,Број,samac,Укупно,elementary_education,3511
2013,Број,samac,M,elementary_education,1521
2013,Број,samac,Ж,elementary_education,1990
2013,Број,sekovici,Укупно,elementary_education,1397
2013,Број,sekovici,M,elementary_education,610
2013,Број,sekovici,Ж,elementary_education,787
2013,Број,sipovo,Укупно,elementary_education,1848
2013,Број,sipovo,M,elementary_education,882
2013,Број,sipovo,Ж,elementary_education,966
2013,Број,republika_srpska,Укупно,secondary_education,508414
2013,Број,republika_srpska,M,secondary_education,280747
2013,Број,republika_srpska,Ж,secondary_education,227667
2013,Број,grad_banja_luka,Укупно,secondary_education,83044
2013,Број,grad_banja_luka,M,secondary_education,42327
2013,Број,grad_banja_luka,Ж,secondary_education,40717
2013,Број,berkovici,Укупно,secondary_education,771
2013,Број,berkovici,M,secondary_education,446
2013,Број,berkovici,Ж,secondary_education,325
2013,Број,grad_bijeljina,Укупно,secondary_education,43231
2013,Број,grad_bijeljina,M,secondary_education,23560
2013,Број,grad_bijeljina,Ж,secondary_education,19671
2013,Број,bileca,Укупно,secondary_education,4799
2013,Број,bileca,M,secondary_education,2692
2013,Број,bileca,Ж,secondary_education,2107
2013,Број,bratunac,Укупно,secondary_education,7868
2013,Број,bratunac,M,secondary_education,4649
2013,Број,bratunac,Ж,secondary_education,3219
2013,Број,brod,Укупно,secondary_education,7331
2013,Број,brod,M,secondary_education,4080
2013,Број,brod,Ж,secondary_education,3251
2013,Број,visegrad,Укупно,secondary_education,4635
2013,Број,visegrad,M,secondary_education,2672
2013,Број,visegrad,Ж,secondary_education,1963
2013,Број,vlasenica,Укупно,secondary_education,4607
2013,Број,vlasenica,M,secondary_education,2596
2013,Број,vlasenica,Ж,secondary_education,2011
2013,Број,vukosavlje,Укупно,secondary_education,1504
2013,Број,vukosavlje,M,secondary_education,919
2013,Број,vukosavlje,Ж,secondary_education,585
2013,Број,gacko,Укупно,secondary_education,3801
2013,Број,gacko,M,secondary_education,2151
2013,Број,gacko,Ж,secondary_education,1650
2013,Број,grad_gradiska,Укупно,secondary_education,21633
2013,Број,grad_gradiska,M,secondary_education,11815
2013,Број,grad_gradiska,Ж,secondary_education,9818
2013,Број,grad_derventa,Укупно,secondary_education,10884
2013,Број,grad_derventa,M,secondary_education,6033
2013,Број,grad_derventa,Ж,secondary_education,4851
2013,Број,grad_doboj,Укупно,secondary_education,29051
2013,Број,grad_doboj,M,secondary_education,16192
2013,Број,grad_doboj,Ж,secondary_education,12859
2013,Број,donji_zabar,Укупно,secondary_education,1261
2013,Број,donji_zabar,M,secondary_education,739
2013,Број,donji_zabar,Ж,secondary_education,522
2013,Број,grad_zvornik,Укупно,secondary_education,21815
2013,Број,grad_zvornik,M,secondary_education,12776
2013,Број,grad_zvornik,Ж,secondary_education,9039
2013,Број,istocna_ilidza,Укупно,secondary_education,7474
2013,Број,istocna_ilidza,M,secondary_education,4082
2013,Број,istocna_ilidza,Ж,secondary_education,3392
2013,Број,istocni_drvar,Укупно,secondary_education,29
2013,Број,istocni_drvar,M,secondary_education,24
2013,Број,istocni_drvar,Ж,secondary_education,5
2013,Број,istocni_mostar,Укупно,secondary_education,99
2013,Број,istocni_mostar,M,secondary_education,65
2013,Број,istocni_mostar,Ж,secondary_education,34
2013,Број,istocni_stari_grad,Укупно,secondary_education,548
2013,Број,istocni_stari_grad,M,secondary_education,329
2013,Број,istocni_stari_grad,Ж,secondary_education,219
2013,Број,istocno_novo_sarajevo,Укупно,secondary_education,5073
2013,Број,istocno_novo_sarajevo,M,secondary_education,2656
2013,Број,istocno_novo_sarajevo,Ж,secondary_education,2417
2013,Број,jezero,Укупно,secondary_education,435
2013,Број,jezero,M,secondary_education,273
2013,Број,jezero,Ж,secondary_education,162
2013,Број,kalinovik,Укупно,secondary_education,881
2013,Број,kalinovik,M,secondary_education,551
2013,Број,kalinovik,Ж,secondary_education,330
2013,Број,knezevo,Укупно,secondary_education,3485
2013,Број,knezevo,M,secondary_education,2026
2013,Број,knezevo,Ж,secondary_education,1459
2013,Број,kozarska_dubica,Укупно,secondary_education,9698
2013,Број,kozarska_dubica,M,secondary_education,5259
2013,Број,kozarska_dubica,Ж,secondary_education,4439
2013,Број,kostajnica,Укупно,secondary_education,2798
2013,Број,kostajnica,M,secondary_education,1545
2013,Број,kostajnica,Ж,secondary_education,1253
2013,Број,kotor_varos,Укупно,secondary_education,7807
2013,Број,kotor_varos,M,secondary_education,4380
2013,Број,kotor_varos,Ж,secondary_education,3427
2013,Број,krupa_na_uni,Укупно,secondary_education,355
2013,Број,krupa_na_uni,M,secondary_education,236
2013,Број,krupa_na_uni,Ж,secondary_education,119
2013,Број,kupres,Укупно,secondary_education,84
2013,Број,kupres,M,secondary_education,59
2013,Број,kupres,Ж,secondary_education,25
2013,Број,laktasi,Укупно,secondary_education,15658
2013,Број,laktasi,M,secondary_education,8480
2013,Број,laktasi,Ж,secondary_education,7178
2013,Број,lopare,Укупно,secondary_education,5477
2013,Број,lopare,M,secondary_education,3169
2013,Број,lopare,Ж,secondary_education,2308
2013,Број,ljubinje,Укупно,secondary_education,1432
2013,Број,ljubinje,M,secondary_education,800
2013,Број,ljubinje,Ж,secondary_education,632
2013,Број,milici,Укупно,secondary_education,4441
2013,Број,milici,M,secondary_education,2743
2013,Број,milici,Ж,secondary_education,1698
2013,Број,modrica,Укупно,secondary_education,9850
2013,Број,modrica,M,secondary_education,5470
2013,Број,modrica,Ж,secondary_education,4380
2013,Број,mrkonjic_grad,Укупно,secondary_education,6479
2013,Број,mrkonjic_grad,M,secondary_education,3500
2013,Број,mrkonjic_grad,Ж,secondary_education,2979
2013,Број,nevesinje,Укупно,secondary_education,5592
2013,Број,nevesinje,M,secondary_education,3261
2013,Број,nevesinje,Ж,secondary_education,2331
2013,Број,novi_grad,Укупно,secondary_education,11197
2013,Број,novi_grad,M,secondary_education,6273
2013,Број,novi_grad,Ж,secondary_education,4924
2013,Број,novo_gorazde,Укупно,secondary_education,1533
2013,Број,novo_gorazde,M,secondary_education,952
2013,Број,novo_gorazde,Ж,secondary_education,581
2013,Број,osmaci,Укупно,secondary_education,2300
2013,Број,osmaci,M,secondary_education,1406
2013,Број,osmaci,Ж,secondary_education,894
2013,Број,ostra_luka,Укупно,secondary_education,954
2013,Број,ostra_luka,M,secondary_education,578
2013,Број,ostra_luka,Ж,secondary_education,376
2013,Број,pale,Укупно,secondary_education,10069
2013,Број,pale,M,secondary_education,5373
2013,Број,pale,Ж,secondary_education,4696
2013,Број,pelagicevo,Укупно,secondary_education,1264
2013,Број,pelagicevo,M,secondary_education,726
2013,Број,pelagicevo,Ж,secondary_education,538
2013,Број,petrovac,Укупно,secondary_education,169
2013,Број,petrovac,M,secondary_education,96
2013,Број,petrovac,Ж,secondary_education,73
2013,Број,petrovo,Укупно,secondary_education,2821
2013,Број,petrovo,M,secondary_education,1664
2013,Број,petrovo,Ж,secondary_education,1157
2013,Број,grad_prijedor,Укупно,secondary_education,37714
2013,Број,grad_prijedor,M,secondary_education,20808
2013,Број,grad_prijedor,Ж,secondary_education,16906
2013,Број,prnjavor,Укупно,secondary_education,12669
2013,Број,prnjavor,M,secondary_education,7015
2013,Број,prnjavor,Ж,secondary_education,5654
2013,Број,ribnik,Укупно,secondary_education,2154
2013,Број,ribnik,M,secondary_education,1291
2013,Број,ribnik,Ж,secondary_education,863
2013,Број,rogatica,Укупно,secondary_education,4652
2013,Број,rogatica,M,secondary_education,2694
2013,Број,rogatica,Ж,secondary_education,1958
2013,Број,rudo,Укупно,secondary_education,3609
2013,Број,rudo,M,secondary_education,2200
2013,Број,rudo,Ж,secondary_education,1409
2013,Број,sokolac,Укупно,secondary_education,5543
2013,Број,sokolac,M,secondary_education,3105
2013,Број,sokolac,Ж,secondary_education,2438
2013,Број,srbac,Укупно,secondary_education,6472
2013,Број,srbac,M,secondary_education,3466
2013,Број,srbac,Ж,secondary_education,3006
2013,Број,srebrenica,Укупно,secondary_education,4716
2013,Број,srebrenica,M,secondary_education,2832
2013,Број,srebrenica,Ж,secondary_education,1884
2013,Број,teslic,Укупно,secondary_education,14063
2013,Број,teslic,M,secondary_education,8090
2013,Број,teslic,Ж,secondary_education,5973
2013,Број,grad_trebinje,Укупно,secondary_education,13551
2013,Број,grad_trebinje,M,secondary_education,7183
2013,Број,grad_trebinje,Ж,secondary_education,6368
2013,Број,trnovo,Укупно,secondary_education,942
2013,Број,trnovo,M,secondary_education,576
2013,Број,trnovo,Ж,secondary_education,366
2013,Број,ugljevik,Укупно,secondary_education,6085
2013,Број,ugljevik,M,secondary_education,3558
2013,Број,ugljevik,Ж,secondary_education,2527
2013,Број,foca,Укупно,secondary_education,8378
2013,Број,foca,M,secondary_education,4841
2013,Број,foca,Ж,secondary_education,3537
2013,Број,han_pijesak,Укупно,secondary_education,1514
2013,Број,han_pijesak,M,secondary_education,846
2013,Број,han_pijesak,Ж,secondary_education,668
2013,Број,cajnice,Укупно,secondary_education,1993
2013,Број,cajnice,M,secondary_education,1187
2013,Број,cajnice,Ж,secondary_education,806
2013,Број,celinac,Укупно,secondary_education,6411
2013,Број,celinac,M,secondary_education,3550
2013,Број,celinac,Ж,secondary_education,2861
2013,Број,samac,Укупно,secondary_education,6680
2013,Број,samac,M,secondary_education,3735
2013,Број,samac,Ж,secondary_education,2945
2013,Број,sekovici,Укупно,secondary_education,2601
2013,Број,sekovici,M,secondary_education,1563
2013,Број,sekovici,Ж,secondary_education,1038
2013,Број,sipovo,Укупно,secondary_education,4430
2013,Број,sipovo,M,secondary_education,2584
2013,Број,sipovo,Ж,secondary_education,1846
2013,Број,republika_srpska,Укупно,secondary_specialization,7618
2013,Број,republika_srpska,M,secondary_specialization,6324
2013,Број,republika_srpska,Ж,secondary_specialization,1294
2013,Број,grad_banja_luka,Укупно,secondary_specialization,1552
2013,Број,grad_banja_luka,M,secondary_specialization,1261
2013,Број,grad_banja_luka,Ж,secondary_specialization,291
2013,Број,berkovici,Укупно,secondary_specialization,11
2013,Број,berkovici,M,secondary_specialization,11
2013,Број,berkovici,Ж,secondary_specialization,0
2013,Број,grad_bijeljina,Укупно,secondary_specialization,564
2013,Број,grad_bijeljina,M,secondary_specialization,485
2013,Број,grad_bijeljina,Ж,secondary_specialization,79
2013,Број,bileca,Укупно,secondary_specialization,68
2013,Број,bileca,M,secondary_specialization,56
2013,Број,bileca,Ж,secondary_specialization,12
2013,Број,bratunac,Укупно,secondary_specialization,77
2013,Број,bratunac,M,secondary_specialization,61
2013,Број,bratunac,Ж,secondary_specialization,16
2013,Број,brod,Укупно,secondary_specialization,187
2013,Број,brod,M,secondary_specialization,160
2013,Број,brod,Ж,secondary_specialization,27
2013,Број,visegrad,Укупно,secondary_specialization,137
2013,Број,visegrad,M,secondary_specialization,120
2013,Број,visegrad,Ж,secondary_specialization,17
2013,Број,vlasenica,Укупно,secondary_specialization,28
2013,Број,vlasenica,M,secondary_specialization,21
2013,Број,vlasenica,Ж,secondary_specialization,7
2013,Број,vukosavlje,Укупно,secondary_specialization,14
2013,Број,vukosavlje,M,secondary_specialization,12
2013,Број,vukosavlje,Ж,secondary_specialization,2
2013,Број,gacko,Укупно,secondary_specialization,269
2013,Број,gacko,M,secondary_specialization,249
2013,Број,gacko,Ж,secondary_specialization,20
2013,Број,grad_gradiska,Укупно,secondary_specialization,192
2013,Број,grad_gradiska,M,secondary_specialization,142
2013,Број,grad_gradiska,Ж,secondary_specialization,50
2013,Број,grad_derventa,Укупно,secondary_specialization,120
2013,Број,grad_derventa,M,secondary_specialization,94
2013,Број,grad_derventa,Ж,secondary_specialization,26
2013,Број,grad_doboj,Укупно,secondary_specialization,507
2013,Број,grad_doboj,M,secondary_specialization,448
2013,Број,grad_doboj,Ж,secondary_specialization,59
2013,Број,donji_zabar,Укупно,secondary_specialization,10
2013,Број,donji_zabar,M,secondary_specialization,8
2013,Број,donji_zabar,Ж,secondary_specialization,2
2013,Број,grad_zvornik,Укупно,secondary_specialization,277
2013,Број,grad_zvornik,M,secondary_specialization,244
2013,Број,grad_zvornik,Ж,secondary_specialization,33
2013,Број,istocna_ilidza,Укупно,secondary_specialization,140
2013,Број,istocna_ilidza,M,secondary_specialization,123
2013,Број,istocna_ilidza,Ж,secondary_specialization,17
2013,Број,istocni_drvar,Укупно,secondary_specialization,1
2013,Број,istocni_drvar,M,secondary_specialization,0
2013,Број,istocni_drvar,Ж,secondary_specialization,1
2013,Број,istocni_mostar,Укупно,secondary_specialization,0
2013,Број,istocni_mostar,M,secondary_specialization,0
2013,Број,istocni_mostar,Ж,secondary_specialization,0
2013,Број,istocni_stari_grad,Укупно,secondary_specialization,16
2013,Број,istocni_stari_grad,M,secondary_specialization,15
2013,Број,istocni_stari_grad,Ж,secondary_specialization,1
2013,Број,istocno_novo_sarajevo,Укупно,secondary_specialization,81
2013,Број,istocno_novo_sarajevo,M,secondary_specialization,69
2013,Број,istocno_novo_sarajevo,Ж,secondary_specialization,12
2013,Број,jezero,Укупно,secondary_specialization,1
2013,Број,jezero,M,secondary_specialization,1
2013,Број,jezero,Ж,secondary_specialization,0
2013,Број,kalinovik,Укупно,secondary_specialization,16
2013,Број,kalinovik,M,secondary_specialization,13
2013,Број,kalinovik,Ж,secondary_specialization,3
2013,Број,knezevo,Укупно,secondary_specialization,12
2013,Број,knezevo,M,secondary_specialization,11
2013,Број,knezevo,Ж,secondary_specialization,1
2013,Број,kozarska_dubica,Укупно,secondary_specialization,91
2013,Број,kozarska_dubica,M,secondary_specialization,64
2013,Број,kozarska_dubica,Ж,secondary_specialization,27
2013,Број,kostajnica,Укупно,secondary_specialization,23
2013,Број,kostajnica,M,secondary_specialization,18
2013,Број,kostajnica,Ж,secondary_specialization,5
2013,Број,kotor_varos,Укупно,secondary_specialization,74
2013,Број,kotor_varos,M,secondary_specialization,52
2013,Број,kotor_varos,Ж,secondary_specialization,22
2013,Број,krupa_na_uni,Укупно,secondary_specialization,5
2013,Број,krupa_na_uni,M,secondary_specialization,3
2013,Број,krupa_na_uni,Ж,secondary_specialization,2
2013,Број,kupres,Укупно,secondary_specialization,1
2013,Број,kupres,M,secondary_specialization,0
2013,Број,kupres,Ж,secondary_specialization,1
2013,Број,laktasi,Укупно,secondary_specialization,169
2013,Број,laktasi,M,secondary_specialization,141
2013,Број,laktasi,Ж,secondary_specialization,28
2013,Број,lopare,Укупно,secondary_specialization,64
2013,Број,lopare,M,secondary_specialization,45
2013,Број,lopare,Ж,secondary_specialization,19
2013,Број,ljubinje,Укупно,secondary_specialization,81
2013,Број,ljubinje,M,secondary_specialization,72
2013,Број,ljubinje,Ж,secondary_specialization,9
2013,Број,milici,Укупно,secondary_specialization,15
2013,Број,milici,M,secondary_specialization,10
2013,Број,milici,Ж,secondary_specialization,5
2013,Број,modrica,Укупно,secondary_specialization,132
2013,Број,modrica,M,secondary_specialization,103
2013,Број,modrica,Ж,secondary_specialization,29
2013,Број,mrkonjic_grad,Укупно,secondary_specialization,89
2013,Број,mrkonjic_grad,M,secondary_specialization,71
2013,Број,mrkonjic_grad,Ж,secondary_specialization,18
2013,Број,nevesinje,Укупно,secondary_specialization,56
2013,Број,nevesinje,M,secondary_specialization,51
2013,Број,nevesinje,Ж,secondary_specialization,5
2013,Број,novi_grad,Укупно,secondary_specialization,104
2013,Број,novi_grad,M,secondary_specialization,75
2013,Број,novi_grad,Ж,secondary_specialization,29
2013,Број,novo_gorazde,Укупно,secondary_specialization,10
2013,Број,novo_gorazde,M,secondary_specialization,10
2013,Број,novo_gorazde,Ж,secondary_specialization,0
2013,Број,osmaci,Укупно,secondary_specialization,15
2013,Број,osmaci,M,secondary_specialization,12
2013,Број,osmaci,Ж,secondary_specialization,3
2013,Број,ostra_luka,Укупно,secondary_specialization,13
2013,Број,ostra_luka,M,secondary_specialization,11
2013,Број,ostra_luka,Ж,secondary_specialization,2
2013,Број,pale,Укупно,secondary_specialization,247
2013,Број,pale,M,secondary_specialization,205
2013,Број,pale,Ж,secondary_specialization,42
2013,Број,pelagicevo,Укупно,secondary_specialization,4
2013,Број,pelagicevo,M,secondary_specialization,3
2013,Број,pelagicevo,Ж,secondary_specialization,1
2013,Број,petrovac,Укупно,secondary_specialization,0
2013,Број,petrovac,M,secondary_specialization,0
2013,Број,petrovac,Ж,secondary_specialization,0
2013,Број,petrovo,Укупно,secondary_specialization,79
2013,Број,petrovo,M,secondary_specialization,74
2013,Број,petrovo,Ж,secondary_specialization,5
2013,Број,grad_prijedor,Укупно,secondary_specialization,666
2013,Број,grad_prijedor,M,secondary_specialization,492
2013,Број,grad_prijedor,Ж,secondary_specialization,174
2013,Број,prnjavor,Укупно,secondary_specialization,112
2013,Број,prnjavor,M,secondary_specialization,83
2013,Број,prnjavor,Ж,secondary_specialization,29
2013,Број,ribnik,Укупно,secondary_specialization,14
2013,Број,ribnik,M,secondary_specialization,13
2013,Број,ribnik,Ж,secondary_specialization,1
2013,Број,rogatica,Укупно,secondary_specialization,56
2013,Број,rogatica,M,secondary_specialization,49
2013,Број,rogatica,Ж,secondary_specialization,7
2013,Број,rudo,Укупно,secondary_specialization,12
2013,Број,rudo,M,secondary_specialization,11
2013,Број,rudo,Ж,secondary_specialization,1
2013,Број,sokolac,Укупно,secondary_specialization,71
2013,Број,sokolac,M,secondary_specialization,57
2013,Број,sokolac,Ж,secondary_specialization,14
2013,Број,srbac,Укупно,secondary_specialization,61
2013,Број,srbac,M,secondary_specialization,46
2013,Број,srbac,Ж,secondary_specialization,15
2013,Број,srebrenica,Укупно,secondary_specialization,33
2013,Број,srebrenica,M,secondary_specialization,26
2013,Број,srebrenica,Ж,secondary_specialization,7
2013,Број,teslic,Укупно,secondary_specialization,170
2013,Број,teslic,M,secondary_specialization,138
2013,Број,teslic,Ж,secondary_specialization,32
2013,Број,grad_trebinje,Укупно,secondary_specialization,432
2013,Број,grad_trebinje,M,secondary_specialization,394
2013,Број,grad_trebinje,Ж,secondary_specialization,38
2013,Број,trnovo,Укупно,secondary_specialization,15
2013,Број,trnovo,M,secondary_specialization,13
2013,Број,trnovo,Ж,secondary_specialization,2
2013,Број,ugljevik,Укупно,secondary_specialization,97
2013,Број,ugljevik,M,secondary_specialization,89
2013,Број,ugljevik,Ж,secondary_specialization,8
2013,Број,foca,Укупно,secondary_specialization,107
2013,Број,foca,M,secondary_specialization,93
2013,Број,foca,Ж,secondary_specialization,14
2013,Број,han_pijesak,Укупно,secondary_specialization,20
2013,Број,han_pijesak,M,secondary_specialization,20
2013,Број,han_pijesak,Ж,secondary_specialization,0
2013,Број,cajnice,Укупно,secondary_specialization,38
2013,Број,cajnice,M,secondary_specialization,37
2013,Број,cajnice,Ж,secondary_specialization,1
2013,Број,celinac,Укупно,secondary_specialization,69
2013,Број,celinac,M,secondary_specialization,62
2013,Број,celinac,Ж,secondary_specialization,7
2013,Број,samac,Укупно,secondary_specialization,55
2013,Број,samac,M,secondary_specialization,41
2013,Број,samac,Ж,secondary_specialization,14
2013,Број,sekovici,Укупно,secondary_specialization,16
2013,Број,sekovici,M,secondary_specialization,16
2013,Број,sekovici,Ж,secondary_specialization,0
2013,Број,sipovo,Укупно,secondary_specialization,22
2013,Број,sipovo,M,secondary_specialization,20
2013,Број,sipovo,Ж,secondary_specialization,2
2013,Број,republika_srpska,Укупно,first_degree,33960
2013,Број,republika_srpska,M,first_degree,19142
2013,Број,republika_srpska,Ж,first_degree,14818
2013,Број,grad_banja_luka,Укупно,first_degree,7972
2013,Број,grad_banja_luka,M,first_degree,4272
2013,Број,grad_banja_luka,Ж,first_degree,3700
2013,Број,berkovici,Укупно,first_degree,47
2013,Број,berkovici,M,first_degree,34
2013,Број,berkovici,Ж,first_degree,13
2013,Број,grad_bijeljina,Укупно,first_degree,3354
2013,Број,grad_bijeljina,M,first_degree,1805
2013,Број,grad_bijeljina,Ж,first_degree,1549
2013,Број,bileca,Укупно,first_degree,434
2013,Број,bileca,M,first_degree,249
2013,Број,bileca,Ж,first_degree,185
2013,Број,bratunac,Укупно,first_degree,399
2013,Број,bratunac,M,first_degree,230
2013,Број,bratunac,Ж,first_degree,169
2013,Број,brod,Укупно,first_degree,374
2013,Број,brod,M,first_degree,215
2013,Број,brod,Ж,first_degree,159
2013,Број,visegrad,Укупно,first_degree,375
2013,Број,visegrad,M,first_degree,196
2013,Број,visegrad,Ж,first_degree,179
2013,Број,vlasenica,Укупно,first_degree,200
2013,Број,vlasenica,M,first_degree,123
2013,Број,vlasenica,Ж,first_degree,77
2013,Број,vukosavlje,Укупно,first_degree,39
2013,Број,vukosavlje,M,first_degree,25
2013,Број,vukosavlje,Ж,first_degree,14
2013,Број,gacko,Укупно,first_degree,335
2013,Број,gacko,M,first_degree,191
2013,Број,gacko,Ж,first_degree,144
2013,Број,grad_gradiska,Укупно,first_degree,1222
2013,Број,grad_gradiska,M,first_degree,658
2013,Број,grad_gradiska,Ж,first_degree,564
2013,Број,grad_derventa,Укупно,first_degree,542
2013,Број,grad_derventa,M,first_degree,331
2013,Број,grad_derventa,Ж,first_degree,211
2013,Број,grad_doboj,Укупно,first_degree,1827
2013,Број,grad_doboj,M,first_degree,1078
2013,Број,grad_doboj,Ж,first_degree,749
2013,Број,donji_zabar,Укупно,first_degree,37
2013,Број,donji_zabar,M,first_degree,23
2013,Број,donji_zabar,Ж,first_degree,14
2013,Број,grad_zvornik,Укупно,first_degree,1283
2013,Број,grad_zvornik,M,first_degree,716
2013,Број,grad_zvornik,Ж,first_degree,567
2013,Број,istocna_ilidza,Укупно,first_degree,513
2013,Број,istocna_ilidza,M,first_degree,315
2013,Број,istocna_ilidza,Ж,first_degree,198
2013,Број,istocni_drvar,Укупно,first_degree,5
2013,Број,istocni_drvar,M,first_degree,5
2013,Број,istocni_drvar,Ж,first_degree,0
2013,Број,istocni_mostar,Укупно,first_degree,2
2013,Број,istocni_mostar,M,first_degree,2
2013,Број,istocni_mostar,Ж,first_degree,0
2013,Број,istocni_stari_grad,Укупно,first_degree,27
2013,Број,istocni_stari_grad,M,first_degree,14
2013,Број,istocni_stari_grad,Ж,first_degree,13
2013,Број,istocno_novo_sarajevo,Укупно,first_degree,375
2013,Број,istocno_novo_sarajevo,M,first_degree,225
2013,Број,istocno_novo_sarajevo,Ж,first_degree,150
2013,Број,jezero,Укупно,first_degree,16
2013,Број,jezero,M,first_degree,10
2013,Број,jezero,Ж,first_degree,6
2013,Број,kalinovik,Укупно,first_degree,58
2013,Број,kalinovik,M,first_degree,41
2013,Број,kalinovik,Ж,first_degree,17
2013,Број,knezevo,Укупно,first_degree,125
2013,Број,knezevo,M,first_degree,93
2013,Број,knezevo,Ж,first_degree,32
2013,Број,kozarska_dubica,Укупно,first_degree,644
2013,Број,kozarska_dubica,M,first_degree,345
2013,Број,kozarska_dubica,Ж,first_degree,299
2013,Број,kostajnica,Укупно,first_degree,206
2013,Број,kostajnica,M,first_degree,94
2013,Број,kostajnica,Ж,first_degree,112
2013,Број,kotor_varos,Укупно,first_degree,225
2013,Број,kotor_varos,M,first_degree,144
2013,Број,kotor_varos,Ж,first_degree,81
2013,Број,krupa_na_uni,Укупно,first_degree,11
2013,Број,krupa_na_uni,M,first_degree,6
2013,Број,krupa_na_uni,Ж,first_degree,5
2013,Број,kupres,Укупно,first_degree,2
2013,Број,kupres,M,first_degree,2
2013,Број,kupres,Ж,first_degree,0
2013,Број,laktasi,Укупно,first_degree,822
2013,Број,laktasi,M,first_degree,462
2013,Број,laktasi,Ж,first_degree,360
2013,Број,lopare,Укупно,first_degree,217
2013,Број,lopare,M,first_degree,133
2013,Број,lopare,Ж,first_degree,84
2013,Број,ljubinje,Укупно,first_degree,126
2013,Број,ljubinje,M,first_degree,69
2013,Број,ljubinje,Ж,first_degree,57
2013,Број,milici,Укупно,first_degree,213
2013,Број,milici,M,first_degree,113
2013,Број,milici,Ж,first_degree,100
2013,Број,modrica,Укупно,first_degree,483
2013,Број,modrica,M,first_degree,303
2013,Број,modrica,Ж,first_degree,180
2013,Број,mrkonjic_grad,Укупно,first_degree,350
2013,Број,mrkonjic_grad,M,first_degree,204
2013,Број,mrkonjic_grad,Ж,first_degree,146
2013,Број,nevesinje,Укупно,first_degree,384
2013,Број,nevesinje,M,first_degree,236
2013,Број,nevesinje,Ж,first_degree,148
2013,Број,novi_grad,Укупно,first_degree,714
2013,Број,novi_grad,M,first_degree,366
2013,Број,novi_grad,Ж,first_degree,348
2013,Број,novo_gorazde,Укупно,first_degree,48
2013,Број,novo_gorazde,M,first_degree,39
2013,Број,novo_gorazde,Ж,first_degree,9
2013,Број,osmaci,Укупно,first_degree,65
2013,Број,osmaci,M,first_degree,48
2013,Број,osmaci,Ж,first_degree,17
2013,Број,ostra_luka,Укупно,first_degree,36
2013,Број,ostra_luka,M,first_degree,16
2013,Број,ostra_luka,Ж,first_degree,20
2013,Број,pale,Укупно,first_degree,645
2013,Број,pale,M,first_degree,389
2013,Број,pale,Ж,first_degree,256
2013,Број,pelagicevo,Укупно,first_degree,81
2013,Број,pelagicevo,M,first_degree,44
2013,Број,pelagicevo,Ж,first_degree,37
2013,Број,petrovac,Укупно,first_degree,11
2013,Број,petrovac,M,first_degree,6
2013,Број,petrovac,Ж,first_degree,5
2013,Број,petrovo,Укупно,first_degree,166
2013,Број,petrovo,M,first_degree,109
2013,Број,petrovo,Ж,first_degree,57
2013,Број,grad_prijedor,Укупно,first_degree,2448
2013,Број,grad_prijedor,M,first_degree,1252
2013,Број,grad_prijedor,Ж,first_degree,1196
2013,Број,prnjavor,Укупно,first_degree,670
2013,Број,prnjavor,M,first_degree,388
2013,Број,prnjavor,Ж,first_degree,282
2013,Број,ribnik,Укупно,first_degree,99
2013,Број,ribnik,M,first_degree,68
2013,Број,ribnik,Ж,first_degree,31
2013,Број,rogatica,Укупно,first_degree,315
2013,Број,rogatica,M,first_degree,209
2013,Број,rogatica,Ж,first_degree,106
2013,Број,rudo,Укупно,first_degree,277
2013,Број,rudo,M,first_degree,175
2013,Број,rudo,Ж,first_degree,102
2013,Број,sokolac,Укупно,first_degree,393
2013,Број,sokolac,M,first_degree,237
2013,Број,sokolac,Ж,first_degree,156
2013,Број,srbac,Укупно,first_degree,342
2013,Број,srbac,M,first_degree,232
2013,Број,srbac,Ж,first_degree,110
2013,Број,srebrenica,Укупно,first_degree,290
2013,Број,srebrenica,M,first_degree,171
2013,Број,srebrenica,Ж,first_degree,119
2013,Број,teslic,Укупно,first_degree,577
2013,Број,teslic,M,first_degree,335
2013,Број,teslic,Ж,first_degree,242
2013,Број,grad_trebinje,Укупно,first_degree,1442
2013,Број,grad_trebinje,M,first_degree,806
2013,Број,grad_trebinje,Ж,first_degree,636
2013,Број,trnovo,Укупно,first_degree,52
2013,Број,trnovo,M,first_degree,37
2013,Број,trnovo,Ж,first_degree,15
2013,Број,ugljevik,Укупно,first_degree,252
2013,Број,ugljevik,M,first_degree,156
2013,Број,ugljevik,Ж,first_degree,96
2013,Број,foca,Укупно,first_degree,510
2013,Број,foca,M,first_degree,334
2013,Број,foca,Ж,first_degree,176
2013,Број,han_pijesak,Укупно,first_degree,110
2013,Број,han_pijesak,M,first_degree,67
2013,Број,han_pijesak,Ж,first_degree,43
2013,Број,cajnice,Укупно,first_degree,75
2013,Број,cajnice,M,first_degree,48
2013,Број,cajnice,Ж,first_degree,27
2013,Број,celinac,Укупно,first_degree,293
2013,Број,celinac,M,first_degree,186
2013,Број,celinac,Ж,first_degree,107
2013,Број,samac,Укупно,first_degree,478
2013,Број,samac,M,first_degree,265
2013,Број,samac,Ж,first_degree,213
2013,Број,sekovici,Укупно,first_degree,136
2013,Број,sekovici,M,first_degree,76
2013,Број,sekovici,Ж,first_degree,60
2013,Број,sipovo,Укупно,first_degree,191
2013,Број,sipovo,M,first_degree,121
2013,Број,sipovo,Ж,first_degree,70
2013,Број,republika_srpska,Укупно,university_degree,87036
2013,Број,republika_srpska,M,university_degree,42562
2013,Број,republika_srpska,Ж,university_degree,44474
2013,Број,grad_banja_luka,Укупно,university_degree,25924
2013,Број,grad_banja_luka,M,university_degree,12201
2013,Број,grad_banja_luka,Ж,university_degree,13723
2013,Број,berkovici,Укупно,university_degree,92
2013,Број,berkovici,M,university_degree,51
2013,Број,berkovici,Ж,university_degree,41
2013,Број,grad_bijeljina,Укупно,university_degree,8088
2013,Број,grad_bijeljina,M,university_degree,3846
2013,Број,grad_bijeljina,Ж,university_degree,4242
2013,Број,bileca,Укупно,university_degree,791
2013,Број,bileca,M,university_degree,443
2013,Број,bileca,Ж,university_degree,348
2013,Број,bratunac,Укупно,university_degree,1014
2013,Број,bratunac,M,university_degree,515
2013,Број,bratunac,Ж,university_degree,499
2013,Број,brod,Укупно,university_degree,801
2013,Број,brod,M,university_degree,389
2013,Број,brod,Ж,university_degree,412
2013,Број,visegrad,Укупно,university_degree,818
2013,Број,visegrad,M,university_degree,410
2013,Број,visegrad,Ж,university_degree,408
2013,Број,vlasenica,Укупно,university_degree,641
2013,Број,vlasenica,M,university_degree,316
2013,Број,vlasenica,Ж,university_degree,325
2013,Број,vukosavlje,Укупно,university_degree,97
2013,Број,vukosavlje,M,university_degree,55
2013,Број,vukosavlje,Ж,university_degree,42
2013,Број,gacko,Укупно,university_degree,812
2013,Број,gacko,M,university_degree,413
2013,Број,gacko,Ж,university_degree,399
2013,Број,grad_gradiska,Укупно,university_degree,2538
2013,Број,grad_gradiska,M,university_degree,1270
2013,Број,grad_gradiska,Ж,university_degree,1268
2013,Број,grad_derventa,Укупно,university_degree,1242
2013,Број,grad_derventa,M,university_degree,598
2013,Број,grad_derventa,Ж,university_degree,644
2013,Број,grad_doboj,Укупно,university_degree,4634
2013,Број,grad_doboj,M,university_degree,2420
2013,Број,grad_doboj,Ж,university_degree,2214
2013,Број,donji_zabar,Укупно,university_degree,100
2013,Број,donji_zabar,M,university_degree,59
2013,Број,donji_zabar,Ж,university_degree,41
2013,Број,grad_zvornik,Укупно,university_degree,2964
2013,Број,grad_zvornik,M,university_degree,1529
2013,Број,grad_zvornik,Ж,university_degree,1435
2013,Број,istocna_ilidza,Укупно,university_degree,1844
2013,Број,istocna_ilidza,M,university_degree,802
2013,Број,istocna_ilidza,Ж,university_degree,1042
2013,Број,istocni_drvar,Укупно,university_degree,10
2013,Број,istocni_drvar,M,university_degree,8
2013,Број,istocni_drvar,Ж,university_degree,2
2013,Број,istocni_mostar,Укупно,university_degree,14
2013,Број,istocni_mostar,M,university_degree,7
2013,Број,istocni_mostar,Ж,university_degree,7
2013,Број,istocni_stari_grad,Укупно,university_degree,53
2013,Број,istocni_stari_grad,M,university_degree,21
2013,Број,istocni_stari_grad,Ж,university_degree,32
2013,Број,istocno_novo_sarajevo,Укупно,university_degree,1563
2013,Број,istocno_novo_sarajevo,M,university_degree,745
2013,Број,istocno_novo_sarajevo,Ж,university_degree,818
2013,Број,jezero,Укупно,university_degree,30
2013,Број,jezero,M,university_degree,19
2013,Број,jezero,Ж,university_degree,11
2013,Број,kalinovik,Укупно,university_degree,147
2013,Број,kalinovik,M,university_degree,85
2013,Број,kalinovik,Ж,university_degree,62
2013,Број,knezevo,Укупно,university_degree,334
2013,Број,knezevo,M,university_degree,188
2013,Број,knezevo,Ж,university_degree,146
2013,Број,kozarska_dubica,Укупно,university_degree,999
2013,Број,kozarska_dubica,M,university_degree,501
2013,Број,kozarska_dubica,Ж,university_degree,498
2013,Број,kostajnica,Укупно,university_degree,281
2013,Број,kostajnica,M,university_degree,134
2013,Број,kostajnica,Ж,university_degree,147
2013,Број,kotor_varos,Укупно,university_degree,767
2013,Број,kotor_varos,M,university_degree,408
2013,Број,kotor_varos,Ж,university_degree,359
2013,Број,krupa_na_uni,Укупно,university_degree,13
2013,Број,krupa_na_uni,M,university_degree,7
2013,Број,krupa_na_uni,Ж,university_degree,6
2013,Број,kupres,Укупно,university_degree,4
2013,Број,kupres,M,university_degree,3
2013,Број,kupres,Ж,university_degree,1
2013,Број,laktasi,Укупно,university_degree,1729
2013,Број,laktasi,M,university_degree,829
2013,Број,laktasi,Ж,university_degree,900
2013,Број,lopare,Укупно,university_degree,560
2013,Број,lopare,M,university_degree,264
2013,Број,lopare,Ж,university_degree,296
2013,Број,ljubinje,Укупно,university_degree,255
2013,Број,ljubinje,M,university_degree,145
2013,Број,ljubinje,Ж,university_degree,110
2013,Број,milici,Укупно,university_degree,573
2013,Број,milici,M,university_degree,295
2013,Број,milici,Ж,university_degree,278
2013,Број,modrica,Укупно,university_degree,1186
2013,Број,modrica,M,university_degree,605
2013,Број,modrica,Ж,university_degree,581
2013,Број,mrkonjic_grad,Укупно,university_degree,832
2013,Број,mrkonjic_grad,M,university_degree,410
2013,Број,mrkonjic_grad,Ж,university_degree,422
2013,Број,nevesinje,Укупно,university_degree,856
2013,Број,nevesinje,M,university_degree,459
2013,Број,nevesinje,Ж,university_degree,397
2013,Број,novi_grad,Укупно,university_degree,1243
2013,Број,novi_grad,M,university_degree,602
2013,Број,novi_grad,Ж,university_degree,641
2013,Број,novo_gorazde,Укупно,university_degree,145
2013,Број,novo_gorazde,M,university_degree,71
2013,Број,novo_gorazde,Ж,university_degree,74
2013,Број,osmaci,Укупно,university_degree,235
2013,Број,osmaci,M,university_degree,148
2013,Број,osmaci,Ж,university_degree,87
2013,Број,ostra_luka,Укупно,university_degree,55
2013,Број,ostra_luka,M,university_degree,24
2013,Број,ostra_luka,Ж,university_degree,31
2013,Број,pale,Укупно,university_degree,2538
2013,Број,pale,M,university_degree,1148
2013,Број,pale,Ж,university_degree,1390
2013,Број,pelagicevo,Укупно,university_degree,94
2013,Број,pelagicevo,M,university_degree,53
2013,Број,pelagicevo,Ж,university_degree,41
2013,Број,petrovac,Укупно,university_degree,26
2013,Број,petrovac,M,university_degree,13
2013,Број,petrovac,Ж,university_degree,13
2013,Број,petrovo,Укупно,university_degree,259
2013,Број,petrovo,M,university_degree,134
2013,Број,petrovo,Ж,university_degree,125
2013,Број,grad_prijedor,Укупно,university_degree,4646
2013,Број,grad_prijedor,M,university_degree,2220
2013,Број,grad_prijedor,Ж,university_degree,2426
2013,Број,prnjavor,Укупно,university_degree,1336
2013,Број,prnjavor,M,university_degree,627
2013,Број,prnjavor,Ж,university_degree,709
2013,Број,ribnik,Укупно,university_degree,195
2013,Број,ribnik,M,university_degree,108
2013,Број,ribnik,Ж,university_degree,87
2013,Број,rogatica,Укупно,university_degree,702
2013,Број,rogatica,M,university_degree,354
2013,Број,rogatica,Ж,university_degree,348
2013,Број,rudo,Укупно,university_degree,454
2013,Број,rudo,M,university_degree,232
2013,Број,rudo,Ж,university_degree,222
2013,Број,sokolac,Укупно,university_degree,1113
2013,Број,sokolac,M,university_degree,529
2013,Број,sokolac,Ж,university_degree,584
2013,Број,srbac,Укупно,university_degree,798
2013,Број,srbac,M,university_degree,410
2013,Број,srbac,Ж,university_degree,388
2013,Број,srebrenica,Укупно,university_degree,741
2013,Број,srebrenica,M,university_degree,395
2013,Број,srebrenica,Ж,university_degree,346
2013,Број,teslic,Укупно,university_degree,1351
2013,Број,teslic,M,university_degree,689
2013,Број,teslic,Ж,university_degree,662
2013,Број,grad_trebinje,Укупно,university_degree,3262
2013,Број,grad_trebinje,M,university_degree,1642
2013,Број,grad_trebinje,Ж,university_degree,1620
2013,Број,trnovo,Укупно,university_degree,139
2013,Број,trnovo,M,university_degree,66
2013,Број,trnovo,Ж,university_degree,73
2013,Број,ugljevik,Укупно,university_degree,903
2013,Број,ugljevik,M,university_degree,443
2013,Број,ugljevik,Ж,university_degree,460
2013,Број,foca,Укупно,university_degree,1422
2013,Број,foca,M,university_degree,757
2013,Број,foca,Ж,university_degree,665
2013,Број,han_pijesak,Укупно,university_degree,274
2013,Број,han_pijesak,M,university_degree,138
2013,Број,han_pijesak,Ж,university_degree,136
2013,Број,cajnice,Укупно,university_degree,280
2013,Број,cajnice,M,university_degree,152
2013,Број,cajnice,Ж,university_degree,128
2013,Број,celinac,Укупно,university_degree,618
2013,Број,celinac,M,university_degree,290
2013,Број,celinac,Ж,university_degree,328
2013,Број,samac,Укупно,university_degree,911
2013,Број,samac,M,university_degree,494
2013,Број,samac,Ж,university_degree,417
2013,Број,sekovici,Укупно,university_degree,267
2013,Број,sekovici,M,university_degree,144
2013,Број,sekovici,Ж,university_degree,123
2013,Број,sipovo,Укупно,university_degree,423
2013,Број,sipovo,M,university_degree,229
2013,Број,sipovo,Ж,university_degree,194
