Year,UNIT_MEASURE,ADMIN_AREA,Пол,Literacy,Value
2013,Број,republika_srpska,Укупно,illiterate,34928.0
2013,Број,republika_srpska,M,illiterate,4987.0
2013,Број,republika_srpska,Ж,illiterate,29941.0
2013,Број,grad_banja_luka,Укупно,illiterate,3503.0
2013,Број,grad_banja_luka,M,illiterate,509.0
2013,Број,grad_banja_luka,Ж,illiterate,2994.0
2013,Број,berkovici,Укупно,illiterate,47.0
2013,Број,berkovici,M,illiterate,1.0
2013,Број,berkovici,Ж,illiterate,46.0
2013,Број,grad_bijeljina,Укупно,illiterate,2541.0
2013,Број,grad_bijeljina,M,illiterate,413.0
2013,Број,grad_bijeljina,Ж,illiterate,2128.0
2013,Број,bileca,Укупно,illiterate,144.0
2013,Број,bileca,M,illiterate,31.0
2013,Број,bileca,Ж,illiterate,113.0
2013,Број,bratunac,Укупно,illiterate,865.0
2013,Број,bratunac,M,illiterate,82.0
2013,Број,bratunac,Ж,illiterate,783.0
2013,Број,brod,Укупно,illiterate,330.0
2013,Број,brod,M,illiterate,53.0
2013,Број,brod,Ж,illiterate,277.0
2013,Број,visegrad,Укупно,illiterate,358.0
2013,Број,visegrad,M,illiterate,35.0
2013,Број,visegrad,Ж,illiterate,323.0
2013,Број,vlasenica,Укупно,illiterate,350.0
2013,Број,vlasenica,M,illiterate,49.0
2013,Број,vlasenica,Ж,illiterate,301.0
2013,Број,vukosavlje,Укупно,illiterate,196.0
2013,Број,vukosavlje,M,illiterate,31.0
2013,Број,vukosavlje,Ж,illiterate,165.0
2013,Број,gacko,Укупно,illiterate,110.0
2013,Број,gacko,M,illiterate,10.0
2013,Број,gacko,Ж,illiterate,100.0
2013,Број,grad_gradiska,Укупно,illiterate,1526.0
2013,Број,grad_gradiska,M,illiterate,204.0
2013,Број,grad_gradiska,Ж,illiterate,1322.0
2013,Број,grad_derventa,Укупно,illiterate,812.0
2013,Број,grad_derventa,M,illiterate,120.0
2013,Број,grad_derventa,Ж,illiterate,692.0
2013,Број,grad_doboj,Укупно,illiterate,1979.0
2013,Број,grad_doboj,M,illiterate,270.0
2013,Број,grad_doboj,Ж,illiterate,1709.0
2013,Број,donji_zabar,Укупно,illiterate,128.0
2013,Број,donji_zabar,M,illiterate,26.0
2013,Број,donji_zabar,Ж,illiterate,102.0
2013,Број,grad_zvornik,Укупно,illiterate,2055.0
2013,Број,grad_zvornik,M,illiterate,245.0
2013,Број,grad_zvornik,Ж,illiterate,1810.0
2013,Број,istocna_ilidza,Укупно,illiterate,171.0
2013,Број,istocna_ilidza,M,illiterate,22.0
2013,Број,istocna_ilidza,Ж,illiterate,149.0
2013,Број,istocni_drvar,Укупно,illiterate,2.0
2013,Број,istocni_drvar,M,illiterate,0.0
2013,Број,istocni_drvar,Ж,illiterate,2.0
2013,Број,istocni_mostar,Укупно,illiterate,19.0
2013,Број,istocni_mostar,M,illiterate,1.0
2013,Број,istocni_mostar,Ж,illiterate,18.0
2013,Број,istocni_stari_grad,Укупно,illiterate,40.0
2013,Број,istocni_stari_grad,M,illiterate,3.0
2013,Број,istocni_stari_grad,Ж,illiterate,37.0
2013,Број,istocno_novo_sarajevo,Укупно,illiterate,80.0
2013,Број,istocno_novo_sarajevo,M,illiterate,14.0
2013,Број,istocno_novo_sarajevo,Ж,illiterate,66.0
2013,Број,jezero,Укупно,illiterate,43.0
2013,Број,jezero,M,illiterate,7.0
2013,Број,jezero,Ж,illiterate,36.0
2013,Број,kalinovik,Укупно,illiterate,86.0
2013,Број,kalinovik,M,illiterate,5.0
2013,Број,kalinovik,Ж,illiterate,81.0
2013,Број,knezevo,Укупно,illiterate,971.0
2013,Број,knezevo,M,illiterate,146.0
2013,Број,knezevo,Ж,illiterate,825.0
2013,Број,kozarska_dubica,Укупно,illiterate,590.0
2013,Број,kozarska_dubica,M,illiterate,77.0
2013,Број,kozarska_dubica,Ж,illiterate,513.0
2013,Број,kostajnica,Укупно,illiterate,115.0
2013,Број,kostajnica,M,illiterate,14.0
2013,Број,kostajnica,Ж,illiterate,101.0
2013,Број,kotor_varos,Укупно,illiterate,1042.0
2013,Број,kotor_varos,M,illiterate,148.0
2013,Број,kotor_varos,Ж,illiterate,894.0
2013,Број,krupa_na_uni,Укупно,illiterate,145.0
2013,Број,krupa_na_uni,M,illiterate,21.0
2013,Број,krupa_na_uni,Ж,illiterate,124.0
2013,Број,kupres,Укупно,illiterate,81.0
2013,Број,kupres,M,illiterate,27.0
2013,Број,kupres,Ж,illiterate,54.0
2013,Број,laktasi,Укупно,illiterate,752.0
2013,Број,laktasi,M,illiterate,117.0
2013,Број,laktasi,Ж,illiterate,635.0
2013,Број,lopare,Укупно,illiterate,680.0
2013,Број,lopare,M,illiterate,123.0
2013,Број,lopare,Ж,illiterate,557.0
2013,Број,ljubinje,Укупно,illiterate,49.0
2013,Број,ljubinje,M,illiterate,5.0
2013,Број,ljubinje,Ж,illiterate,44.0
2013,Број,milici,Укупно,illiterate,399.0
2013,Број,milici,M,illiterate,51.0
2013,Број,milici,Ж,illiterate,348.0
2013,Број,modrica,Укупно,illiterate,736.0
2013,Број,modrica,M,illiterate,119.0
2013,Број,modrica,Ж,illiterate,617.0
2013,Број,mrkonjic_grad,Укупно,illiterate,821.0
2013,Број,mrkonjic_grad,M,illiterate,95.0
2013,Број,mrkonjic_grad,Ж,illiterate,726.0
2013,Број,nevesinje,Укупно,illiterate,305.0
2013,Број,nevesinje,M,illiterate,32.0
2013,Број,nevesinje,Ж,illiterate,273.0
2013,Број,novi_grad,Укупно,illiterate,666.0
2013,Број,novi_grad,M,illiterate,106.0
2013,Број,novi_grad,Ж,illiterate,560.0
2013,Број,novo_gorazde,Укупно,illiterate,76.0
2013,Број,novo_gorazde,M,illiterate,5.0
2013,Број,novo_gorazde,Ж,illiterate,71.0
2013,Број,osmaci,Укупно,illiterate,264.0
2013,Број,osmaci,M,illiterate,29.0
2013,Број,osmaci,Ж,illiterate,235.0
2013,Број,ostra_luka,Укупно,illiterate,196.0
2013,Број,ostra_luka,M,illiterate,32.0
2013,Број,ostra_luka,Ж,illiterate,164.0
2013,Број,pale,Укупно,illiterate,293.0
2013,Број,pale,M,illiterate,40.0
2013,Број,pale,Ж,illiterate,253.0
2013,Број,pelagicevo,Укупно,illiterate,179.0
2013,Број,pelagicevo,M,illiterate,29.0
2013,Број,pelagicevo,Ж,illiterate,150.0
2013,Број,petrovac,Укупно,illiterate,6.0
2013,Број,petrovac,M,illiterate,0.0
2013,Број,petrovac,Ж,illiterate,6.0
2013,Број,petrovo,Укупно,illiterate,245.0
2013,Број,petrovo,M,illiterate,28.0
2013,Број,petrovo,Ж,illiterate,217.0
2013,Број,grad_prijedor,Укупно,illiterate,2172.0
2013,Број,grad_prijedor,M,illiterate,422.0
2013,Број,grad_prijedor,Ж,illiterate,1750.0
2013,Број,prnjavor,Укупно,illiterate,1408.0
2013,Број,prnjavor,M,illiterate,203.0
2013,Број,prnjavor,Ж,illiterate,1205.0
2013,Број,ribnik,Укупно,illiterate,456.0
2013,Број,ribnik,M,illiterate,69.0
2013,Број,ribnik,Ж,illiterate,387.0
2013,Број,rogatica,Укупно,illiterate,351.0
2013,Број,rogatica,M,illiterate,38.0
2013,Број,rogatica,Ж,illiterate,313.0
2013,Број,rudo,Укупно,illiterate,155.0
2013,Број,rudo,M,illiterate,27.0
2013,Број,rudo,Ж,illiterate,128.0
2013,Број,sokolac,Укупно,illiterate,231.0
2013,Број,sokolac,M,illiterate,25.0
2013,Број,sokolac,Ж,illiterate,206.0
2013,Број,srbac,Укупно,illiterate,539.0
2013,Број,srbac,M,illiterate,102.0
2013,Број,srbac,Ж,illiterate,437.0
2013,Број,srebrenica,Укупно,illiterate,627.0
2013,Број,srebrenica,M,illiterate,64.0
2013,Број,srebrenica,Ж,illiterate,563.0
2013,Број,teslic,Укупно,illiterate,1980.0
2013,Број,teslic,M,illiterate,227.0
2013,Број,teslic,Ж,illiterate,1753.0
2013,Број,grad_trebinje,Укупно,illiterate,237.0
2013,Број,grad_trebinje,M,illiterate,31.0
2013,Број,grad_trebinje,Ж,illiterate,206.0
2013,Број,trnovo,Укупно,illiterate,76.0
2013,Број,trnovo,M,illiterate,10.0
2013,Број,trnovo,Ж,illiterate,66.0
2013,Број,ugljevik,Укупно,illiterate,451.0
2013,Број,ugljevik,M,illiterate,68.0
2013,Број,ugljevik,Ж,illiterate,383.0
2013,Број,foca,Укупно,illiterate,391.0
2013,Број,foca,M,illiterate,51.0
2013,Број,foca,Ж,illiterate,340.0
2013,Број,han_pijesak,Укупно,illiterate,88.0
2013,Број,han_pijesak,M,illiterate,10.0
2013,Број,han_pijesak,Ж,illiterate,78.0
2013,Број,cajnice,Укупно,illiterate,140.0
2013,Број,cajnice,M,illiterate,22.0
2013,Број,cajnice,Ж,illiterate,118.0
2013,Број,celinac,Укупно,illiterate,472.0
2013,Број,celinac,M,illiterate,56.0
2013,Број,celinac,Ж,illiterate,416.0
2013,Број,samac,Укупно,illiterate,300.0
2013,Број,samac,M,illiterate,55.0
2013,Број,samac,Ж,illiterate,245.0
2013,Број,sekovici,Укупно,illiterate,427.0
2013,Број,sekovici,M,illiterate,83.0
2013,Број,sekovici,Ж,illiterate,344.0
2013,Број,sipovo,Укупно,illiterate,431.0
2013,Број,sipovo,M,illiterate,49.0
2013,Број,sipovo,Ж,illiterate,382.0
2013,_%,republika_srpska,Укупно,illiterate,3.29
2013,_%,republika_srpska,M,illiterate,0.97
2013,_%,republika_srpska,Ж,illiterate,5.48
2013,_%,grad_banja_luka,Укупно,illiterate,2.16
2013,_%,grad_banja_luka,M,illiterate,0.66
2013,_%,grad_banja_luka,Ж,illiterate,3.53
2013,_%,berkovici,Укупно,illiterate,2.58
2013,_%,berkovici,M,illiterate,0.11
2013,_%,berkovici,Ж,illiterate,5.07
2013,_%,grad_bijeljina,Укупно,illiterate,2.7
2013,_%,grad_bijeljina,M,illiterate,0.9
2013,_%,grad_bijeljina,Ж,illiterate,4.4
2013,_%,bileca,Укупно,illiterate,1.49
2013,_%,bileca,M,illiterate,0.64
2013,_%,bileca,Ж,illiterate,2.35
2013,_%,bratunac,Укупно,illiterate,5.16
2013,_%,bratunac,M,illiterate,1.0
2013,_%,bratunac,Ж,illiterate,9.17
2013,_%,brod,Укупно,illiterate,2.31
2013,_%,brod,M,illiterate,0.77
2013,_%,brod,Ж,illiterate,3.76
2013,_%,visegrad,Укупно,illiterate,3.82
2013,_%,visegrad,M,illiterate,0.78
2013,_%,visegrad,Ж,illiterate,6.59
2013,_%,vlasenica,Укупно,illiterate,3.63
2013,_%,vlasenica,M,illiterate,1.05
2013,_%,vlasenica,Ж,illiterate,6.04
2013,_%,vukosavlje,Укупно,illiterate,4.96
2013,_%,vukosavlje,M,illiterate,1.57
2013,_%,vukosavlje,Ж,illiterate,8.35
2013,_%,gacko,Укупно,illiterate,1.4
2013,_%,gacko,M,illiterate,0.25
2013,_%,gacko,Ж,illiterate,2.58
2013,_%,grad_gradiska,Укупно,illiterate,3.39
2013,_%,grad_gradiska,M,illiterate,0.94
2013,_%,grad_gradiska,Ж,illiterate,5.71
2013,_%,grad_derventa,Укупно,illiterate,3.44
2013,_%,grad_derventa,M,illiterate,1.05
2013,_%,grad_derventa,Ж,illiterate,5.69
2013,_%,grad_doboj,Укупно,illiterate,3.19
2013,_%,grad_doboj,M,illiterate,0.9
2013,_%,grad_doboj,Ж,illiterate,5.33
2013,_%,donji_zabar,Укупно,illiterate,3.82
2013,_%,donji_zabar,M,illiterate,1.54
2013,_%,donji_zabar,Ж,illiterate,6.12
2013,_%,grad_zvornik,Укупно,illiterate,4.23
2013,_%,grad_zvornik,M,illiterate,1.03
2013,_%,grad_zvornik,Ж,illiterate,7.32
2013,_%,istocna_ilidza,Укупно,illiterate,1.3
2013,_%,istocna_ilidza,M,illiterate,0.35
2013,_%,istocna_ilidza,Ж,illiterate,2.17
2013,_%,istocni_drvar,Укупно,illiterate,3.08
2013,_%,istocni_drvar,M,illiterate,0.0
2013,_%,istocni_drvar,Ж,illiterate,9.09
2013,_%,istocni_mostar,Укупно,illiterate,8.41
2013,_%,istocni_mostar,M,illiterate,0.78
2013,_%,istocni_mostar,Ж,illiterate,18.37
2013,_%,istocni_stari_grad,Укупно,illiterate,3.87
2013,_%,istocni_stari_grad,M,illiterate,0.59
2013,_%,istocni_stari_grad,Ж,illiterate,7.01
2013,_%,istocno_novo_sarajevo,Укупно,illiterate,0.86
2013,_%,istocno_novo_sarajevo,M,illiterate,0.32
2013,_%,istocno_novo_sarajevo,Ж,illiterate,1.35
2013,_%,jezero,Укупно,illiterate,4.52
2013,_%,jezero,M,illiterate,1.42
2013,_%,jezero,Ж,illiterate,7.84
2013,_%,kalinovik,Укупно,illiterate,4.66
2013,_%,kalinovik,M,illiterate,0.56
2013,_%,kalinovik,Ж,illiterate,8.53
2013,_%,knezevo,Укупно,illiterate,11.35
2013,_%,knezevo,M,illiterate,3.47
2013,_%,knezevo,Ж,illiterate,18.97
2013,_%,kozarska_dubica,Укупно,illiterate,3.09
2013,_%,kozarska_dubica,M,illiterate,0.83
2013,_%,kozarska_dubica,Ж,illiterate,5.24
2013,_%,kostajnica,Укупно,illiterate,2.21
2013,_%,kostajnica,M,illiterate,0.55
2013,_%,kostajnica,Ж,illiterate,3.81
2013,_%,kotor_varos,Укупно,illiterate,6.3
2013,_%,kotor_varos,M,illiterate,1.83
2013,_%,kotor_varos,Ж,illiterate,10.56
2013,_%,krupa_na_uni,Укупно,illiterate,9.96
2013,_%,krupa_na_uni,M,illiterate,2.67
2013,_%,krupa_na_uni,Ж,illiterate,18.51
2013,_%,kupres,Укупно,illiterate,28.93
2013,_%,kupres,M,illiterate,18.37
2013,_%,kupres,Ж,illiterate,40.6
2013,_%,laktasi,Укупно,illiterate,2.45
2013,_%,laktasi,M,illiterate,0.77
2013,_%,laktasi,Ж,illiterate,4.08
2013,_%,lopare,Укупно,illiterate,5.0
2013,_%,lopare,M,illiterate,1.8
2013,_%,lopare,Ж,illiterate,8.23
2013,_%,ljubinje,Укупно,illiterate,1.61
2013,_%,ljubinje,M,illiterate,0.33
2013,_%,ljubinje,Ж,illiterate,2.85
2013,_%,milici,Укупно,illiterate,4.21
2013,_%,milici,M,illiterate,1.07
2013,_%,milici,Ж,illiterate,7.36
2013,_%,modrica,Укупно,illiterate,3.28
2013,_%,modrica,M,illiterate,1.09
2013,_%,modrica,Ж,illiterate,5.36
2013,_%,mrkonjic_grad,Укупно,illiterate,5.65
2013,_%,mrkonjic_grad,M,illiterate,1.37
2013,_%,mrkonjic_grad,Ж,illiterate,9.56
2013,_%,nevesinje,Укупно,illiterate,2.69
2013,_%,nevesinje,M,illiterate,0.57
2013,_%,nevesinje,Ж,illiterate,4.76
2013,_%,novi_grad,Укупно,illiterate,2.86
2013,_%,novi_grad,M,illiterate,0.92
2013,_%,novi_grad,Ж,illiterate,4.78
2013,_%,novo_gorazde,Укупно,illiterate,2.8
2013,_%,novo_gorazde,M,illiterate,0.36
2013,_%,novo_gorazde,Ж,illiterate,5.42
2013,_%,osmaci,Укупно,illiterate,5.26
2013,_%,osmaci,M,illiterate,1.16
2013,_%,osmaci,Ж,illiterate,9.31
2013,_%,ostra_luka,Укупно,illiterate,7.94
2013,_%,ostra_luka,M,illiterate,2.53
2013,_%,ostra_luka,Ж,illiterate,13.62
2013,_%,pale,Укупно,illiterate,1.58
2013,_%,pale,M,illiterate,0.45
2013,_%,pale,Ж,illiterate,2.59
2013,_%,pelagicevo,Укупно,illiterate,4.39
2013,_%,pelagicevo,M,illiterate,1.44
2013,_%,pelagicevo,Ж,illiterate,7.26
2013,_%,petrovac,Укупно,illiterate,1.86
2013,_%,petrovac,M,illiterate,0.0
2013,_%,petrovac,Ж,illiterate,3.49
2013,_%,petrovo,Укупно,illiterate,4.2
2013,_%,petrovo,M,illiterate,1.0
2013,_%,petrovo,Ж,illiterate,7.14
2013,_%,grad_prijedor,Укупно,illiterate,2.92
2013,_%,grad_prijedor,M,illiterate,1.17
2013,_%,grad_prijedor,Ж,illiterate,4.56
2013,_%,prnjavor,Укупно,illiterate,4.51
2013,_%,prnjavor,M,illiterate,1.35
2013,_%,prnjavor,Ж,illiterate,7.46
2013,_%,ribnik,Укупно,illiterate,8.5
2013,_%,ribnik,M,illiterate,2.6
2013,_%,ribnik,Ж,illiterate,14.25
2013,_%,rogatica,Укупно,illiterate,3.76
2013,_%,rogatica,M,illiterate,0.83
2013,_%,rogatica,Ж,illiterate,6.56
2013,_%,rudo,Укупно,illiterate,2.22
2013,_%,rudo,M,illiterate,0.77
2013,_%,rudo,Ж,illiterate,3.7
2013,_%,sokolac,Укупно,illiterate,2.18
2013,_%,sokolac,M,illiterate,0.48
2013,_%,sokolac,Ж,illiterate,3.82
2013,_%,srbac,Укупно,illiterate,3.5
2013,_%,srbac,M,illiterate,1.35
2013,_%,srbac,Ж,illiterate,5.55
2013,_%,srebrenica,Укупно,illiterate,5.85
2013,_%,srebrenica,M,illiterate,1.22
2013,_%,srebrenica,Ж,illiterate,10.26
2013,_%,teslic,Укупно,illiterate,5.93
2013,_%,teslic,M,illiterate,1.43
2013,_%,teslic,Ж,illiterate,10.0
2013,_%,grad_trebinje,Укупно,illiterate,0.93
2013,_%,grad_trebinje,M,illiterate,0.25
2013,_%,grad_trebinje,Ж,illiterate,1.57
2013,_%,trnovo,Укупно,illiterate,4.1
2013,_%,trnovo,M,illiterate,1.13
2013,_%,trnovo,Ж,illiterate,6.84
2013,_%,ugljevik,Укупно,illiterate,3.29
2013,_%,ugljevik,M,illiterate,0.99
2013,_%,ugljevik,Ж,illiterate,5.61
2013,_%,foca,Укупно,illiterate,2.41
2013,_%,foca,M,illiterate,0.63
2013,_%,foca,Ж,illiterate,4.21
2013,_%,han_pijesak,Укупно,illiterate,2.76
2013,_%,han_pijesak,M,illiterate,0.67
2013,_%,han_pijesak,Ж,illiterate,4.61
2013,_%,cajnice,Укупно,illiterate,3.26
2013,_%,cajnice,M,illiterate,1.02
2013,_%,cajnice,Ж,illiterate,5.55
2013,_%,celinac,Укупно,illiterate,3.46
2013,_%,celinac,M,illiterate,0.83
2013,_%,celinac,Ж,illiterate,6.01
2013,_%,samac,Укупно,illiterate,1.99
2013,_%,samac,M,illiterate,0.76
2013,_%,samac,Ж,illiterate,3.14
2013,_%,sekovici,Укупно,illiterate,7.34
2013,_%,sekovici,M,illiterate,2.89
2013,_%,sekovici,Ж,illiterate,11.67
2013,_%,sipovo,Укупно,illiterate,4.74
2013,_%,sipovo,M,illiterate,1.07
2013,_%,sipovo,Ж,illiterate,8.46
2013,Број,republika_srpska,Укупно,unknown_literacy,10476.0
2013,Број,republika_srpska,M,unknown_literacy,3675.0
2013,Број,republika_srpska,Ж,unknown_literacy,6801.0
2013,Број,grad_banja_luka,Укупно,unknown_literacy,1192.0
2013,Број,grad_banja_luka,M,unknown_literacy,413.0
2013,Број,grad_banja_luka,Ж,unknown_literacy,779.0
2013,Број,berkovici,Укупно,unknown_literacy,27.0
2013,Број,berkovici,M,unknown_literacy,10.0
2013,Број,berkovici,Ж,unknown_literacy,17.0
2013,Број,grad_bijeljina,Укупно,unknown_literacy,916.0
2013,Број,grad_bijeljina,M,unknown_literacy,302.0
2013,Број,grad_bijeljina,Ж,unknown_literacy,614.0
2013,Број,bileca,Укупно,unknown_literacy,83.0
2013,Број,bileca,M,unknown_literacy,27.0
2013,Број,bileca,Ж,unknown_literacy,56.0
2013,Број,bratunac,Укупно,unknown_literacy,239.0
2013,Број,bratunac,M,unknown_literacy,80.0
2013,Број,bratunac,Ж,unknown_literacy,159.0
2013,Број,brod,Укупно,unknown_literacy,178.0
2013,Број,brod,M,unknown_literacy,59.0
2013,Број,brod,Ж,unknown_literacy,119.0
2013,Број,visegrad,Укупно,unknown_literacy,91.0
2013,Број,visegrad,M,unknown_literacy,32.0
2013,Број,visegrad,Ж,unknown_literacy,59.0
2013,Број,vlasenica,Укупно,unknown_literacy,185.0
2013,Број,vlasenica,M,unknown_literacy,65.0
2013,Број,vlasenica,Ж,unknown_literacy,120.0
2013,Број,vukosavlje,Укупно,unknown_literacy,76.0
2013,Број,vukosavlje,M,unknown_literacy,29.0
2013,Број,vukosavlje,Ж,unknown_literacy,47.0
2013,Број,gacko,Укупно,unknown_literacy,71.0
2013,Број,gacko,M,unknown_literacy,24.0
2013,Број,gacko,Ж,unknown_literacy,47.0
2013,Број,grad_gradiska,Укупно,unknown_literacy,423.0
2013,Број,grad_gradiska,M,unknown_literacy,163.0
2013,Број,grad_gradiska,Ж,unknown_literacy,260.0
2013,Број,grad_derventa,Укупно,unknown_literacy,368.0
2013,Број,grad_derventa,M,unknown_literacy,135.0
2013,Број,grad_derventa,Ж,unknown_literacy,233.0
2013,Број,grad_doboj,Укупно,unknown_literacy,481.0
2013,Број,grad_doboj,M,unknown_literacy,166.0
2013,Број,grad_doboj,Ж,unknown_literacy,315.0
2013,Број,donji_zabar,Укупно,unknown_literacy,81.0
2013,Број,donji_zabar,M,unknown_literacy,33.0
2013,Број,donji_zabar,Ж,unknown_literacy,48.0
2013,Број,grad_zvornik,Укупно,unknown_literacy,666.0
2013,Број,grad_zvornik,M,unknown_literacy,204.0
2013,Број,grad_zvornik,Ж,unknown_literacy,462.0
2013,Број,istocna_ilidza,Укупно,unknown_literacy,67.0
2013,Број,istocna_ilidza,M,unknown_literacy,21.0
2013,Број,istocna_ilidza,Ж,unknown_literacy,46.0
2013,Број,istocni_drvar,Укупно,unknown_literacy,0.0
2013,Број,istocni_drvar,M,unknown_literacy,0.0
2013,Број,istocni_drvar,Ж,unknown_literacy,0.0
2013,Број,istocni_mostar,Укупно,unknown_literacy,0.0
2013,Број,istocni_mostar,M,unknown_literacy,0.0
2013,Број,istocni_mostar,Ж,unknown_literacy,0.0
2013,Број,istocni_stari_grad,Укупно,unknown_literacy,6.0
2013,Број,istocni_stari_grad,M,unknown_literacy,2.0
2013,Број,istocni_stari_grad,Ж,unknown_literacy,4.0
2013,Број,istocno_novo_sarajevo,Укупно,unknown_literacy,36.0
2013,Број,istocno_novo_sarajevo,M,unknown_literacy,12.0
2013,Број,istocno_novo_sarajevo,Ж,unknown_literacy,24.0
2013,Број,jezero,Укупно,unknown_literacy,6.0
2013,Број,jezero,M,unknown_literacy,2.0
2013,Број,jezero,Ж,unknown_literacy,4.0
2013,Број,kalinovik,Укупно,unknown_literacy,12.0
2013,Број,kalinovik,M,unknown_literacy,5.0
2013,Број,kalinovik,Ж,unknown_literacy,7.0
2013,Број,knezevo,Укупно,unknown_literacy,78.0
2013,Број,knezevo,M,unknown_literacy,32.0
2013,Број,knezevo,Ж,unknown_literacy,46.0
2013,Број,kozarska_dubica,Укупно,unknown_literacy,124.0
2013,Број,kozarska_dubica,M,unknown_literacy,48.0
2013,Број,kozarska_dubica,Ж,unknown_literacy,76.0
2013,Број,kostajnica,Укупно,unknown_literacy,34.0
2013,Број,kostajnica,M,unknown_literacy,15.0
2013,Број,kostajnica,Ж,unknown_literacy,19.0
2013,Број,kotor_varos,Укупно,unknown_literacy,216.0
2013,Број,kotor_varos,M,unknown_literacy,73.0
2013,Број,kotor_varos,Ж,unknown_literacy,143.0
2013,Број,krupa_na_uni,Укупно,unknown_literacy,4.0
2013,Број,krupa_na_uni,M,unknown_literacy,1.0
2013,Број,krupa_na_uni,Ж,unknown_literacy,3.0
2013,Број,kupres,Укупно,unknown_literacy,1.0
2013,Број,kupres,M,unknown_literacy,0.0
2013,Број,kupres,Ж,unknown_literacy,1.0
2013,Број,laktasi,Укупно,unknown_literacy,314.0
2013,Број,laktasi,M,unknown_literacy,117.0
2013,Број,laktasi,Ж,unknown_literacy,197.0
2013,Број,lopare,Укупно,unknown_literacy,156.0
2013,Број,lopare,M,unknown_literacy,62.0
2013,Број,lopare,Ж,unknown_literacy,94.0
2013,Број,ljubinje,Укупно,unknown_literacy,22.0
2013,Број,ljubinje,M,unknown_literacy,7.0
2013,Број,ljubinje,Ж,unknown_literacy,15.0
2013,Број,milici,Укупно,unknown_literacy,157.0
2013,Број,milici,M,unknown_literacy,42.0
2013,Број,milici,Ж,unknown_literacy,115.0
2013,Број,modrica,Укупно,unknown_literacy,346.0
2013,Број,modrica,M,unknown_literacy,128.0
2013,Број,modrica,Ж,unknown_literacy,218.0
2013,Број,mrkonjic_grad,Укупно,unknown_literacy,177.0
2013,Број,mrkonjic_grad,M,unknown_literacy,65.0
2013,Број,mrkonjic_grad,Ж,unknown_literacy,112.0
2013,Број,nevesinje,Укупно,unknown_literacy,95.0
2013,Број,nevesinje,M,unknown_literacy,40.0
2013,Број,nevesinje,Ж,unknown_literacy,55.0
2013,Број,novi_grad,Укупно,unknown_literacy,265.0
2013,Број,novi_grad,M,unknown_literacy,96.0
2013,Број,novi_grad,Ж,unknown_literacy,169.0
2013,Број,novo_gorazde,Укупно,unknown_literacy,16.0
2013,Број,novo_gorazde,M,unknown_literacy,3.0
2013,Број,novo_gorazde,Ж,unknown_literacy,13.0
2013,Број,osmaci,Укупно,unknown_literacy,41.0
2013,Број,osmaci,M,unknown_literacy,15.0
2013,Број,osmaci,Ж,unknown_literacy,26.0
2013,Број,ostra_luka,Укупно,unknown_literacy,19.0
2013,Број,ostra_luka,M,unknown_literacy,10.0
2013,Број,ostra_luka,Ж,unknown_literacy,9.0
2013,Број,pale,Укупно,unknown_literacy,99.0
2013,Број,pale,M,unknown_literacy,31.0
2013,Број,pale,Ж,unknown_literacy,68.0
2013,Број,pelagicevo,Укупно,unknown_literacy,132.0
2013,Број,pelagicevo,M,unknown_literacy,59.0
2013,Број,pelagicevo,Ж,unknown_literacy,73.0
2013,Број,petrovac,Укупно,unknown_literacy,1.0
2013,Број,petrovac,M,unknown_literacy,1.0
2013,Број,petrovac,Ж,unknown_literacy,0.0
2013,Број,petrovo,Укупно,unknown_literacy,35.0
2013,Број,petrovo,M,unknown_literacy,13.0
2013,Број,petrovo,Ж,unknown_literacy,22.0
2013,Број,grad_prijedor,Укупно,unknown_literacy,816.0
2013,Број,grad_prijedor,M,unknown_literacy,283.0
2013,Број,grad_prijedor,Ж,unknown_literacy,533.0
2013,Број,prnjavor,Укупно,unknown_literacy,223.0
2013,Број,prnjavor,M,unknown_literacy,90.0
2013,Број,prnjavor,Ж,unknown_literacy,133.0
2013,Број,ribnik,Укупно,unknown_literacy,41.0
2013,Број,ribnik,M,unknown_literacy,13.0
2013,Број,ribnik,Ж,unknown_literacy,28.0
2013,Број,rogatica,Укупно,unknown_literacy,110.0
2013,Број,rogatica,M,unknown_literacy,24.0
2013,Број,rogatica,Ж,unknown_literacy,86.0
2013,Број,rudo,Укупно,unknown_literacy,40.0
2013,Број,rudo,M,unknown_literacy,16.0
2013,Број,rudo,Ж,unknown_literacy,24.0
2013,Број,sokolac,Укупно,unknown_literacy,69.0
2013,Број,sokolac,M,unknown_literacy,29.0
2013,Број,sokolac,Ж,unknown_literacy,40.0
2013,Број,srbac,Укупно,unknown_literacy,250.0
2013,Број,srbac,M,unknown_literacy,90.0
2013,Број,srbac,Ж,unknown_literacy,160.0
2013,Број,srebrenica,Укупно,unknown_literacy,134.0
2013,Број,srebrenica,M,unknown_literacy,26.0
2013,Број,srebrenica,Ж,unknown_literacy,108.0
2013,Број,teslic,Укупно,unknown_literacy,346.0
2013,Број,teslic,M,unknown_literacy,124.0
2013,Број,teslic,Ж,unknown_literacy,222.0
2013,Број,grad_trebinje,Укупно,unknown_literacy,188.0
2013,Број,grad_trebinje,M,unknown_literacy,59.0
2013,Број,grad_trebinje,Ж,unknown_literacy,129.0
2013,Број,trnovo,Укупно,unknown_literacy,12.0
2013,Број,trnovo,M,unknown_literacy,4.0
2013,Број,trnovo,Ж,unknown_literacy,8.0
2013,Број,ugljevik,Укупно,unknown_literacy,98.0
2013,Број,ugljevik,M,unknown_literacy,37.0
2013,Број,ugljevik,Ж,unknown_literacy,61.0
2013,Број,foca,Укупно,unknown_literacy,128.0
2013,Број,foca,M,unknown_literacy,51.0
2013,Број,foca,Ж,unknown_literacy,77.0
2013,Број,han_pijesak,Укупно,unknown_literacy,13.0
2013,Број,han_pijesak,M,unknown_literacy,4.0
2013,Број,han_pijesak,Ж,unknown_literacy,9.0
2013,Број,cajnice,Укупно,unknown_literacy,24.0
2013,Број,cajnice,M,unknown_literacy,9.0
2013,Број,cajnice,Ж,unknown_literacy,15.0
2013,Број,celinac,Укупно,unknown_literacy,126.0
2013,Број,celinac,M,unknown_literacy,54.0
2013,Број,celinac,Ж,unknown_literacy,72.0
2013,Број,samac,Укупно,unknown_literacy,185.0
2013,Број,samac,M,unknown_literacy,64.0
2013,Број,samac,Ж,unknown_literacy,121.0
2013,Број,sekovici,Укупно,unknown_literacy,65.0
2013,Број,sekovici,M,unknown_literacy,27.0
2013,Број,sekovici,Ж,unknown_literacy,38.0
2013,Број,sipovo,Укупно,unknown_literacy,72.0
2013,Број,sipovo,M,unknown_literacy,29.0
2013,Број,sipovo,Ж,unknown_literacy,43.0
