Year,UNIT_MEASURE,Административно подручје,Пол,Disabilities,Value
2013,Број,Република Српска,Оба пола,Укупно,102262
2013,Број,Република Српска,M,Укупно,46720
2013,Број,Република Српска,Ж,Укупно,55542
2013,Број,Град Бања Лука,Оба пола,Укупно,13450
2013,Број,Град Бања Лука,M,Укупно,6251
2013,Број,Град Бања Лука,Ж,Укупно,7199
2013,Број,Берковићи,Оба пола,Укупно,165
2013,Број,Берковићи,M,Укупно,75
2013,Број,Берковићи,Ж,Укупно,90
2013,Број,Град Бијељина,Оба пола,Укупно,8763
2013,Број,Град Бијељина,M,Укупно,3967
2013,Број,Град Бијељина,Ж,Укупно,4796
2013,Број,Билећа,Оба пола,Укупно,813
2013,Број,Билећа,M,Укупно,339
2013,Број,Билећа,Ж,Укупно,474
2013,Број,Братунац,Оба пола,Укупно,1534
2013,Број,Братунац,M,Укупно,688
2013,Број,Братунац,Ж,Укупно,846
2013,Број,Брод,Оба пола,Укупно,1420
2013,Број,Брод,M,Укупно,658
2013,Број,Брод,Ж,Укупно,762
2013,Број,Вишеград,Оба пола,Укупно,1097
2013,Број,Вишеград,M,Укупно,422
2013,Број,Вишеград,Ж,Укупно,675
2013,Број,Власеница,Оба пола,Укупно,786
2013,Број,Власеница,M,Укупно,393
2013,Број,Власеница,Ж,Укупно,393
2013,Број,Вукосавље,Оба пола,Укупно,472
2013,Број,Вукосавље,M,Укупно,226
2013,Број,Вукосавље,Ж,Укупно,246
2013,Број,Гацко,Оба пола,Укупно,597
2013,Број,Гацко,M,Укупно,261
2013,Број,Гацко,Ж,Укупно,336
2013,Број,Град Градишка,Оба пола,Укупно,4427
2013,Број,Град Градишка,M,Укупно,1965
2013,Број,Град Градишка,Ж,Укупно,2462
2013,Број,Град Дервента,Оба пола,Укупно,2529
2013,Број,Град Дервента,M,Укупно,1153
2013,Број,Град Дервента,Ж,Укупно,1376
2013,Број,Град Добој,Оба пола,Укупно,7404
2013,Број,Град Добој,M,Укупно,3292
2013,Број,Град Добој,Ж,Укупно,4112
2013,Број,Доњи Жабар,Оба пола,Укупно,313
2013,Број,Доњи Жабар,M,Укупно,146
2013,Број,Доњи Жабар,Ж,Укупно,167
2013,Број,Град Зворник,Оба пола,Укупно,4328
2013,Број,Град Зворник,M,Укупно,2027
2013,Број,Град Зворник,Ж,Укупно,2301
2013,Број,Источна Илиџа,Оба пола,Укупно,1025
2013,Број,Источна Илиџа,M,Укупно,464
2013,Број,Источна Илиџа,Ж,Укупно,561
2013,Број,Источни Дрвар,Оба пола,Укупно,9
2013,Број,Источни Дрвар,M,Укупно,5
2013,Број,Источни Дрвар,Ж,Укупно,4
2013,Број,Источни Мостар,Оба пола,Укупно,14
2013,Број,Источни Мостар,M,Укупно,4
2013,Број,Источни Мостар,Ж,Укупно,10
2013,Број,Источни Стари Град,Оба пола,Укупно,100
2013,Број,Источни Стари Град,M,Укупно,42
2013,Број,Источни Стари Град,Ж,Укупно,58
2013,Број,Источно Ново Сарајево,Оба пола,Укупно,611
2013,Број,Источно Ново Сарајево,M,Укупно,276
2013,Број,Источно Ново Сарајево,Ж,Укупно,335
2013,Број,Језеро,Оба пола,Укупно,80
2013,Број,Језеро,M,Укупно,37
2013,Број,Језеро,Ж,Укупно,43
2013,Број,Калиновик,Оба пола,Укупно,203
2013,Број,Калиновик,M,Укупно,88
2013,Број,Калиновик,Ж,Укупно,115
2013,Број,Кнежево,Оба пола,Укупно,933
2013,Број,Кнежево,M,Укупно,449
2013,Број,Кнежево,Ж,Укупно,484
2013,Број,Козарска Дубица,Оба пола,Укупно,2078
2013,Број,Козарска Дубица,M,Укупно,919
2013,Број,Козарска Дубица,Ж,Укупно,1159
2013,Број,Костајница,Оба пола,Укупно,475
2013,Број,Костајница,M,Укупно,216
2013,Број,Костајница,Ж,Укупно,259
2013,Број,Котор Варош,Оба пола,Укупно,1857
2013,Број,Котор Варош,M,Укупно,865
2013,Број,Котор Варош,Ж,Укупно,992
2013,Број,Крупа на Уни,Оба пола,Укупно,204
2013,Број,Крупа на Уни,M,Укупно,93
2013,Број,Крупа на Уни,Ж,Укупно,111
2013,Број,Купрес,Оба пола,Укупно,49
2013,Број,Купрес,M,Укупно,27
2013,Број,Купрес,Ж,Укупно,22
2013,Број,Лакташи,Оба пола,Укупно,2445
2013,Број,Лакташи,M,Укупно,1196
2013,Број,Лакташи,Ж,Укупно,1249
2013,Број,Лопаре,Оба пола,Укупно,1612
2013,Број,Лопаре,M,Укупно,791
2013,Број,Лопаре,Ж,Укупно,821
2013,Број,Љубиње,Оба пола,Укупно,197
2013,Број,Љубиње,M,Укупно,84
2013,Број,Љубиње,Ж,Укупно,113
2013,Број,Милићи,Оба пола,Укупно,860
2013,Број,Милићи,M,Укупно,392
2013,Број,Милићи,Ж,Укупно,468
2013,Број,Модрича,Оба пола,Укупно,2458
2013,Број,Модрича,M,Укупно,1119
2013,Број,Модрича,Ж,Укупно,1339
2013,Број,Мркоњић Град,Оба пола,Укупно,1300
2013,Број,Мркоњић Град,M,Укупно,602
2013,Број,Мркоњић Град,Ж,Укупно,698
2013,Број,Невесиње,Оба пола,Укупно,876
2013,Број,Невесиње,M,Укупно,379
2013,Број,Невесиње,Ж,Укупно,497
2013,Број,Нови Град,Оба пола,Укупно,2687
2013,Број,Нови Град,M,Укупно,1179
2013,Број,Нови Град,Ж,Укупно,1508
2013,Број,Ново Горажде,Оба пола,Укупно,206
2013,Број,Ново Горажде,M,Укупно,101
2013,Број,Ново Горажде,Ж,Укупно,105
2013,Број,Осмаци,Оба пола,Укупно,513
2013,Број,Осмаци,M,Укупно,234
2013,Број,Осмаци,Ж,Укупно,279
2013,Број,Оштра Лука,Оба пола,Укупно,394
2013,Број,Оштра Лука,M,Укупно,205
2013,Број,Оштра Лука,Ж,Укупно,189
2013,Број,Пале,Оба пола,Укупно,1289
2013,Број,Пале,M,Укупно,594
2013,Број,Пале,Ж,Укупно,695
2013,Број,Пелагићево,Оба пола,Укупно,688
2013,Број,Пелагићево,M,Укупно,299
2013,Број,Пелагићево,Ж,Укупно,389
2013,Број,Петровац,Оба пола,Укупно,16
2013,Број,Петровац,M,Укупно,6
2013,Број,Петровац,Ж,Укупно,10
2013,Број,Петрово,Оба пола,Укупно,944
2013,Број,Петрово,M,Укупно,399
2013,Број,Петрово,Ж,Укупно,545
2013,Број,Град Приједор,Оба пола,Укупно,7173
2013,Број,Град Приједор,M,Укупно,3333
2013,Број,Град Приједор,Ж,Укупно,3840
2013,Број,Прњавор,Оба пола,Укупно,3309
2013,Број,Прњавор,M,Укупно,1497
2013,Број,Прњавор,Ж,Укупно,1812
2013,Број,Рибник,Оба пола,Укупно,701
2013,Број,Рибник,M,Укупно,323
2013,Број,Рибник,Ж,Укупно,378
2013,Број,Рогатица,Оба пола,Укупно,1012
2013,Број,Рогатица,M,Укупно,464
2013,Број,Рогатица,Ж,Укупно,548
2013,Број,Рудо,Оба пола,Укупно,596
2013,Број,Рудо,M,Укупно,258
2013,Број,Рудо,Ж,Укупно,338
2013,Број,Соколац,Оба пола,Укупно,944
2013,Број,Соколац,M,Укупно,422
2013,Број,Соколац,Ж,Укупно,522
2013,Број,Србац,Оба пола,Укупно,1526
2013,Број,Србац,M,Укупно,714
2013,Број,Србац,Ж,Укупно,812
2013,Број,Сребреница,Оба пола,Укупно,1061
2013,Број,Сребреница,M,Укупно,447
2013,Број,Сребреница,Ж,Укупно,614
2013,Број,Теслић,Оба пола,Укупно,3562
2013,Број,Теслић,M,Укупно,1683
2013,Број,Теслић,Ж,Укупно,1879
2013,Број,Град Требиње,Оба пола,Укупно,1860
2013,Број,Град Требиње,M,Укупно,823
2013,Број,Град Требиње,Ж,Укупно,1037
2013,Број,Трново,Оба пола,Укупно,171
2013,Број,Трново,M,Укупно,70
2013,Број,Трново,Ж,Укупно,101
2013,Број,Угљевик,Оба пола,Укупно,1179
2013,Број,Угљевик,M,Укупно,532
2013,Број,Угљевик,Ж,Укупно,647
2013,Број,Фоча,Оба пола,Укупно,1473
2013,Број,Фоча,M,Укупно,725
2013,Број,Фоча,Ж,Укупно,748
2013,Број,Хан Пијесак,Оба пола,Укупно,269
2013,Број,Хан Пијесак,M,Укупно,99
2013,Број,Хан Пијесак,Ж,Укупно,170
2013,Број,Чајниче,Оба пола,Укупно,461
2013,Број,Чајниче,M,Укупно,208
2013,Број,Чајниче,Ж,Укупно,253
2013,Број,Челинац,Оба пола,Укупно,1672
2013,Број,Челинац,M,Укупно,800
2013,Број,Челинац,Ж,Укупно,872
2013,Број,Шамац,Оба пола,Укупно,1634
2013,Број,Шамац,M,Укупно,724
2013,Број,Шамац,Ж,Укупно,910
2013,Број,Шековићи,Оба пола,Укупно,595
2013,Број,Шековићи,M,Укупно,279
2013,Број,Шековићи,Ж,Укупно,316
2013,Број,Шипово,Оба пола,Укупно,843
2013,Број,Шипово,M,Укупно,391
2013,Број,Шипово,Ж,Укупно,452
2013,Број,Република Српска,Оба пола,eyesight,43020
2013,Број,Република Српска,M,eyesight,18052
2013,Број,Република Српска,Ж,eyesight,24968
2013,Број,Град Бања Лука,Оба пола,eyesight,5370
2013,Број,Град Бања Лука,M,eyesight,2232
2013,Број,Град Бања Лука,Ж,eyesight,3138
2013,Број,Берковићи,Оба пола,eyesight,73
2013,Број,Берковићи,M,eyesight,33
2013,Број,Берковићи,Ж,eyesight,40
2013,Број,Град Бијељина,Оба пола,eyesight,3450
2013,Број,Град Бијељина,M,eyesight,1424
2013,Број,Град Бијељина,Ж,eyesight,2026
2013,Број,Билећа,Оба пола,eyesight,375
2013,Број,Билећа,M,eyesight,159
2013,Број,Билећа,Ж,eyesight,216
2013,Број,Братунац,Оба пола,eyesight,791
2013,Број,Братунац,M,eyesight,328
2013,Број,Братунац,Ж,eyesight,463
2013,Број,Брод,Оба пола,eyesight,596
2013,Број,Брод,M,eyesight,252
2013,Број,Брод,Ж,eyesight,344
2013,Број,Вишеград,Оба пола,eyesight,409
2013,Број,Вишеград,M,eyesight,162
2013,Број,Вишеград,Ж,eyesight,247
2013,Број,Власеница,Оба пола,eyesight,372
2013,Број,Власеница,M,eyesight,171
2013,Број,Власеница,Ж,eyesight,201
2013,Број,Вукосавље,Оба пола,eyesight,157
2013,Број,Вукосавље,M,eyesight,74
2013,Број,Вукосавље,Ж,eyesight,83
2013,Број,Гацко,Оба пола,eyesight,245
2013,Број,Гацко,M,eyesight,107
2013,Број,Гацко,Ж,eyesight,138
2013,Број,Град Градишка,Оба пола,eyesight,1881
2013,Број,Град Градишка,M,eyesight,754
2013,Број,Град Градишка,Ж,eyesight,1127
2013,Број,Град Дервента,Оба пола,eyesight,1172
2013,Број,Град Дервента,M,eyesight,476
2013,Број,Град Дервента,Ж,eyesight,696
2013,Број,Град Добој,Оба пола,eyesight,3265
2013,Број,Град Добој,M,eyesight,1332
2013,Број,Град Добој,Ж,eyesight,1933
2013,Број,Доњи Жабар,Оба пола,eyesight,122
2013,Број,Доњи Жабар,M,eyesight,50
2013,Број,Доњи Жабар,Ж,eyesight,72
2013,Број,Град Зворник,Оба пола,eyesight,1920
2013,Број,Град Зворник,M,eyesight,842
2013,Број,Град Зворник,Ж,eyesight,1078
2013,Број,Источна Илиџа,Оба пола,eyesight,423
2013,Број,Источна Илиџа,M,eyesight,183
2013,Број,Источна Илиџа,Ж,eyesight,240
2013,Број,Источни Дрвар,Оба пола,eyesight,5
2013,Број,Источни Дрвар,M,eyesight,2
2013,Број,Источни Дрвар,Ж,eyesight,3
2013,Број,Источни Мостар,Оба пола,eyesight,9
2013,Број,Источни Мостар,M,eyesight,3
2013,Број,Источни Мостар,Ж,eyesight,6
2013,Број,Источни Стари Град,Оба пола,eyesight,49
2013,Број,Источни Стари Град,M,eyesight,22
2013,Број,Источни Стари Град,Ж,eyesight,27
2013,Број,Источно Ново Сарајево,Оба пола,eyesight,255
2013,Број,Источно Ново Сарајево,M,eyesight,90
2013,Број,Источно Ново Сарајево,Ж,eyesight,165
2013,Број,Језеро,Оба пола,eyesight,44
2013,Број,Језеро,M,eyesight,18
2013,Број,Језеро,Ж,eyesight,26
2013,Број,Калиновик,Оба пола,eyesight,87
2013,Број,Калиновик,M,eyesight,35
2013,Број,Калиновик,Ж,eyesight,52
2013,Број,Кнежево,Оба пола,eyesight,355
2013,Број,Кнежево,M,eyesight,159
2013,Број,Кнежево,Ж,eyesight,196
2013,Број,Козарска Дубица,Оба пола,eyesight,788
2013,Број,Козарска Дубица,M,eyesight,329
2013,Број,Козарска Дубица,Ж,eyesight,459
2013,Број,Костајница,Оба пола,eyesight,226
2013,Број,Костајница,M,eyesight,104
2013,Број,Костајница,Ж,eyesight,122
2013,Број,Котор Варош,Оба пола,eyesight,894
2013,Број,Котор Варош,M,eyesight,374
2013,Број,Котор Варош,Ж,eyesight,520
2013,Број,Крупа на Уни,Оба пола,eyesight,98
2013,Број,Крупа на Уни,M,eyesight,47
2013,Број,Крупа на Уни,Ж,eyesight,51
2013,Број,Купрес,Оба пола,eyesight,12
2013,Број,Купрес,M,eyesight,8
2013,Број,Купрес,Ж,eyesight,4
2013,Број,Лакташи,Оба пола,eyesight,1042
2013,Број,Лакташи,M,eyesight,460
2013,Број,Лакташи,Ж,eyesight,582
2013,Број,Лопаре,Оба пола,eyesight,691
2013,Број,Лопаре,M,eyesight,297
2013,Број,Лопаре,Ж,eyesight,394
2013,Број,Љубиње,Оба пола,eyesight,82
2013,Број,Љубиње,M,eyesight,36
2013,Број,Љубиње,Ж,eyesight,46
2013,Број,Милићи,Оба пола,eyesight,390
2013,Број,Милићи,M,eyesight,165
2013,Број,Милићи,Ж,eyesight,225
2013,Број,Модрича,Оба пола,eyesight,990
2013,Број,Модрича,M,eyesight,443
2013,Број,Модрича,Ж,eyesight,547
2013,Број,Мркоњић Град,Оба пола,eyesight,524
2013,Број,Мркоњић Град,M,eyesight,227
2013,Број,Мркоњић Град,Ж,eyesight,297
2013,Број,Невесиње,Оба пола,eyesight,401
2013,Број,Невесиње,M,eyesight,187
2013,Број,Невесиње,Ж,eyesight,214
2013,Број,Нови Град,Оба пола,eyesight,1236
2013,Број,Нови Град,M,eyesight,483
2013,Број,Нови Град,Ж,eyesight,753
2013,Број,Ново Горажде,Оба пола,eyesight,86
2013,Број,Ново Горажде,M,eyesight,35
2013,Број,Ново Горажде,Ж,eyesight,51
2013,Број,Осмаци,Оба пола,eyesight,243
2013,Број,Осмаци,M,eyesight,102
2013,Број,Осмаци,Ж,eyesight,141
2013,Број,Оштра Лука,Оба пола,eyesight,176
2013,Број,Оштра Лука,M,eyesight,88
2013,Број,Оштра Лука,Ж,eyesight,88
2013,Број,Пале,Оба пола,eyesight,492
2013,Број,Пале,M,eyesight,213
2013,Број,Пале,Ж,eyesight,279
2013,Број,Пелагићево,Оба пола,eyesight,310
2013,Број,Пелагићево,M,eyesight,132
2013,Број,Пелагићево,Ж,eyesight,178
2013,Број,Петровац,Оба пола,eyesight,6
2013,Број,Петровац,M,eyesight,2
2013,Број,Петровац,Ж,eyesight,4
2013,Број,Петрово,Оба пола,eyesight,433
2013,Број,Петрово,M,eyesight,178
2013,Број,Петрово,Ж,eyesight,255
2013,Број,Град Приједор,Оба пола,eyesight,2857
2013,Број,Град Приједор,M,eyesight,1209
2013,Број,Град Приједор,Ж,eyesight,1648
2013,Број,Прњавор,Оба пола,eyesight,1364
2013,Број,Прњавор,M,eyesight,564
2013,Број,Прњавор,Ж,eyesight,800
2013,Број,Рибник,Оба пола,eyesight,293
2013,Број,Рибник,M,eyesight,137
2013,Број,Рибник,Ж,eyesight,156
2013,Број,Рогатица,Оба пола,eyesight,418
2013,Број,Рогатица,M,eyesight,174
2013,Број,Рогатица,Ж,eyesight,244
2013,Број,Рудо,Оба пола,eyesight,231
2013,Број,Рудо,M,eyesight,98
2013,Број,Рудо,Ж,eyesight,133
2013,Број,Соколац,Оба пола,eyesight,368
2013,Број,Соколац,M,eyesight,161
2013,Број,Соколац,Ж,eyesight,207
2013,Број,Србац,Оба пола,eyesight,684
2013,Број,Србац,M,eyesight,291
2013,Број,Србац,Ж,eyesight,393
2013,Број,Сребреница,Оба пола,eyesight,487
2013,Број,Сребреница,M,eyesight,176
2013,Број,Сребреница,Ж,eyesight,311
2013,Број,Теслић,Оба пола,eyesight,1451
2013,Број,Теслић,M,eyesight,633
2013,Број,Теслић,Ж,eyesight,818
2013,Број,Град Требиње,Оба пола,eyesight,736
2013,Број,Град Требиње,M,eyesight,297
2013,Број,Град Требиње,Ж,eyesight,439
2013,Број,Трново,Оба пола,eyesight,62
2013,Број,Трново,M,eyesight,25
2013,Број,Трново,Ж,eyesight,37
2013,Број,Угљевик,Оба пола,eyesight,488
2013,Број,Угљевик,M,eyesight,202
2013,Број,Угљевик,Ж,eyesight,286
2013,Број,Фоча,Оба пола,eyesight,605
2013,Број,Фоча,M,eyesight,263
2013,Број,Фоча,Ж,eyesight,342
2013,Број,Хан Пијесак,Оба пола,eyesight,102
2013,Број,Хан Пијесак,M,eyesight,36
2013,Број,Хан Пијесак,Ж,eyesight,66
2013,Број,Чајниче,Оба пола,eyesight,219
2013,Број,Чајниче,M,eyesight,93
2013,Број,Чајниче,Ж,eyesight,126
2013,Број,Челинац,Оба пола,eyesight,752
2013,Број,Челинац,M,eyesight,313
2013,Број,Челинац,Ж,eyesight,439
2013,Број,Шамац,Оба пола,eyesight,679
2013,Број,Шамац,M,eyesight,277
2013,Број,Шамац,Ж,eyesight,402
2013,Број,Шековићи,Оба пола,eyesight,307
2013,Број,Шековићи,M,eyesight,130
2013,Број,Шековићи,Ж,eyesight,177
2013,Број,Шипово,Оба пола,eyesight,372
2013,Број,Шипово,M,eyesight,155
2013,Број,Шипово,Ж,eyesight,217
2013,Број,Република Српска,Оба пола,hearing,26055
2013,Број,Република Српска,M,hearing,12971
2013,Број,Република Српска,Ж,hearing,13084
2013,Број,Град Бања Лука,Оба пола,hearing,3262
2013,Број,Град Бања Лука,M,hearing,1678
2013,Број,Град Бања Лука,Ж,hearing,1584
2013,Број,Берковићи,Оба пола,hearing,48
2013,Број,Берковићи,M,hearing,28
2013,Број,Берковићи,Ж,hearing,20
2013,Број,Град Бијељина,Оба пола,hearing,2026
2013,Број,Град Бијељина,M,hearing,1028
2013,Број,Град Бијељина,Ж,hearing,998
2013,Број,Билећа,Оба пола,hearing,240
2013,Број,Билећа,M,hearing,122
2013,Број,Билећа,Ж,hearing,118
2013,Број,Братунац,Оба пола,hearing,420
2013,Број,Братунац,M,hearing,196
2013,Број,Братунац,Ж,hearing,224
2013,Број,Брод,Оба пола,hearing,322
2013,Број,Брод,M,hearing,168
2013,Број,Брод,Ж,hearing,154
2013,Број,Вишеград,Оба пола,hearing,276
2013,Број,Вишеград,M,hearing,128
2013,Број,Вишеград,Ж,hearing,148
2013,Број,Власеница,Оба пола,hearing,236
2013,Број,Власеница,M,hearing,117
2013,Број,Власеница,Ж,hearing,119
2013,Број,Вукосавље,Оба пола,hearing,107
2013,Број,Вукосавље,M,hearing,49
2013,Број,Вукосавље,Ж,hearing,58
2013,Број,Гацко,Оба пола,hearing,172
2013,Број,Гацко,M,hearing,80
2013,Број,Гацко,Ж,hearing,92
2013,Број,Град Градишка,Оба пола,hearing,1110
2013,Број,Град Градишка,M,hearing,525
2013,Број,Град Градишка,Ж,hearing,585
2013,Број,Град Дервента,Оба пола,hearing,655
2013,Број,Град Дервента,M,hearing,320
2013,Број,Град Дервента,Ж,hearing,335
2013,Број,Град Добој,Оба пола,hearing,1902
2013,Број,Град Добој,M,hearing,925
2013,Број,Град Добој,Ж,hearing,977
2013,Број,Доњи Жабар,Оба пола,hearing,81
2013,Број,Доњи Жабар,M,hearing,50
2013,Број,Доњи Жабар,Ж,hearing,31
2013,Број,Град Зворник,Оба пола,hearing,1157
2013,Број,Град Зворник,M,hearing,580
2013,Број,Град Зворник,Ж,hearing,577
2013,Број,Источна Илиџа,Оба пола,hearing,267
2013,Број,Источна Илиџа,M,hearing,123
2013,Број,Источна Илиџа,Ж,hearing,144
2013,Број,Источни Дрвар,Оба пола,hearing,4
2013,Број,Источни Дрвар,M,hearing,1
2013,Број,Источни Дрвар,Ж,hearing,3
2013,Број,Источни Мостар,Оба пола,hearing,7
2013,Број,Источни Мостар,M,hearing,1
2013,Број,Источни Мостар,Ж,hearing,6
2013,Број,Источни Стари Град,Оба пола,hearing,29
2013,Број,Источни Стари Град,M,hearing,15
2013,Број,Источни Стари Град,Ж,hearing,14
2013,Број,Источно Ново Сарајево,Оба пола,hearing,153
2013,Број,Источно Ново Сарајево,M,hearing,76
2013,Број,Источно Ново Сарајево,Ж,hearing,77
2013,Број,Језеро,Оба пола,hearing,34
2013,Број,Језеро,M,hearing,18
2013,Број,Језеро,Ж,hearing,16
2013,Број,Калиновик,Оба пола,hearing,56
2013,Број,Калиновик,M,hearing,25
2013,Број,Калиновик,Ж,hearing,31
2013,Број,Кнежево,Оба пола,hearing,251
2013,Број,Кнежево,M,hearing,127
2013,Број,Кнежево,Ж,hearing,124
2013,Број,Козарска Дубица,Оба пола,hearing,490
2013,Број,Козарска Дубица,M,hearing,237
2013,Број,Козарска Дубица,Ж,hearing,253
2013,Број,Костајница,Оба пола,hearing,123
2013,Број,Костајница,M,hearing,65
2013,Број,Костајница,Ж,hearing,58
2013,Број,Котор Варош,Оба пола,hearing,485
2013,Број,Котор Варош,M,hearing,244
2013,Број,Котор Варош,Ж,hearing,241
2013,Број,Крупа на Уни,Оба пола,hearing,59
2013,Број,Крупа на Уни,M,hearing,36
2013,Број,Крупа на Уни,Ж,hearing,23
2013,Број,Купрес,Оба пола,hearing,14
2013,Број,Купрес,M,hearing,10
2013,Број,Купрес,Ж,hearing,4
2013,Број,Лакташи,Оба пола,hearing,610
2013,Број,Лакташи,M,hearing,322
2013,Број,Лакташи,Ж,hearing,288
2013,Број,Лопаре,Оба пола,hearing,400
2013,Број,Лопаре,M,hearing,187
2013,Број,Лопаре,Ж,hearing,213
2013,Број,Љубиње,Оба пола,hearing,68
2013,Број,Љубиње,M,hearing,33
2013,Број,Љубиње,Ж,hearing,35
2013,Број,Милићи,Оба пола,hearing,209
2013,Број,Милићи,M,hearing,98
2013,Број,Милићи,Ж,hearing,111
2013,Број,Модрича,Оба пола,hearing,623
2013,Број,Модрича,M,hearing,318
2013,Број,Модрича,Ж,hearing,305
2013,Број,Мркоњић Град,Оба пола,hearing,388
2013,Број,Мркоњић Град,M,hearing,188
2013,Број,Мркоњић Град,Ж,hearing,200
2013,Број,Невесиње,Оба пола,hearing,254
2013,Број,Невесиње,M,hearing,119
2013,Број,Невесиње,Ж,hearing,135
2013,Број,Нови Град,Оба пола,hearing,706
2013,Број,Нови Град,M,hearing,334
2013,Број,Нови Град,Ж,hearing,372
2013,Број,Ново Горажде,Оба пола,hearing,57
2013,Број,Ново Горажде,M,hearing,31
2013,Број,Ново Горажде,Ж,hearing,26
2013,Број,Осмаци,Оба пола,hearing,144
2013,Број,Осмаци,M,hearing,71
2013,Број,Осмаци,Ж,hearing,73
2013,Број,Оштра Лука,Оба пола,hearing,97
2013,Број,Оштра Лука,M,hearing,65
2013,Број,Оштра Лука,Ж,hearing,32
2013,Број,Пале,Оба пола,hearing,318
2013,Број,Пале,M,hearing,164
2013,Број,Пале,Ж,hearing,154
2013,Број,Пелагићево,Оба пола,hearing,167
2013,Број,Пелагићево,M,hearing,74
2013,Број,Пелагићево,Ж,hearing,93
2013,Број,Петровац,Оба пола,hearing,4
2013,Број,Петровац,M,hearing,1
2013,Број,Петровац,Ж,hearing,3
2013,Број,Петрово,Оба пола,hearing,257
2013,Број,Петрово,M,hearing,134
2013,Број,Петрово,Ж,hearing,123
2013,Број,Град Приједор,Оба пола,hearing,1805
2013,Број,Град Приједор,M,hearing,944
2013,Број,Град Приједор,Ж,hearing,861
2013,Број,Прњавор,Оба пола,hearing,812
2013,Број,Прњавор,M,hearing,383
2013,Број,Прњавор,Ж,hearing,429
2013,Број,Рибник,Оба пола,hearing,199
2013,Број,Рибник,M,hearing,97
2013,Број,Рибник,Ж,hearing,102
2013,Број,Рогатица,Оба пола,hearing,307
2013,Број,Рогатица,M,hearing,150
2013,Број,Рогатица,Ж,hearing,157
2013,Број,Рудо,Оба пола,hearing,169
2013,Број,Рудо,M,hearing,83
2013,Број,Рудо,Ж,hearing,86
2013,Број,Соколац,Оба пола,hearing,257
2013,Број,Соколац,M,hearing,121
2013,Број,Соколац,Ж,hearing,136
2013,Број,Србац,Оба пола,hearing,423
2013,Број,Србац,M,hearing,212
2013,Број,Србац,Ж,hearing,211
2013,Број,Сребреница,Оба пола,hearing,229
2013,Број,Сребреница,M,hearing,109
2013,Број,Сребреница,Ж,hearing,120
2013,Број,Теслић,Оба пола,hearing,881
2013,Број,Теслић,M,hearing,435
2013,Број,Теслић,Ж,hearing,446
2013,Број,Град Требиње,Оба пола,hearing,461
2013,Број,Град Требиње,M,hearing,227
2013,Број,Град Требиње,Ж,hearing,234
2013,Број,Трново,Оба пола,hearing,46
2013,Број,Трново,M,hearing,22
2013,Број,Трново,Ж,hearing,24
2013,Број,Угљевик,Оба пола,hearing,257
2013,Број,Угљевик,M,hearing,117
2013,Број,Угљевик,Ж,hearing,140
2013,Број,Фоча,Оба пола,hearing,430
2013,Број,Фоча,M,hearing,216
2013,Број,Фоча,Ж,hearing,214
2013,Број,Хан Пијесак,Оба пола,hearing,68
2013,Број,Хан Пијесак,M,hearing,28
2013,Број,Хан Пијесак,Ж,hearing,40
2013,Број,Чајниче,Оба пола,hearing,135
2013,Број,Чајниче,M,hearing,66
2013,Број,Чајниче,Ж,hearing,69
2013,Број,Челинац,Оба пола,hearing,457
2013,Број,Челинац,M,hearing,233
2013,Број,Челинац,Ж,hearing,224
2013,Број,Шамац,Оба пола,hearing,419
2013,Број,Шамац,M,hearing,217
2013,Број,Шамац,Ж,hearing,202
2013,Број,Шековићи,Оба пола,hearing,193
2013,Број,Шековићи,M,hearing,96
2013,Број,Шековићи,Ж,hearing,97
2013,Број,Шипово,Оба пола,hearing,219
2013,Број,Шипово,M,hearing,104
2013,Број,Шипово,Ж,hearing,115
2013,Број,Република Српска,Оба пола,walking,63381
2013,Број,Република Српска,M,walking,26903
2013,Број,Република Српска,Ж,walking,36478
2013,Број,Град Бања Лука,Оба пола,walking,8456
2013,Број,Град Бања Лука,M,walking,3667
2013,Број,Град Бања Лука,Ж,walking,4789
2013,Број,Берковићи,Оба пола,walking,109
2013,Број,Берковићи,M,walking,45
2013,Број,Берковићи,Ж,walking,64
2013,Број,Град Бијељина,Оба пола,walking,5530
2013,Број,Град Бијељина,M,walking,2356
2013,Број,Град Бијељина,Ж,walking,3174
2013,Број,Билећа,Оба пола,walking,533
2013,Број,Билећа,M,walking,193
2013,Број,Билећа,Ж,walking,340
2013,Број,Братунац,Оба пола,walking,835
2013,Број,Братунац,M,walking,372
2013,Број,Братунац,Ж,walking,463
2013,Број,Брод,Оба пола,walking,892
2013,Број,Брод,M,walking,392
2013,Број,Брод,Ж,walking,500
2013,Број,Вишеград,Оба пола,walking,598
2013,Број,Вишеград,M,walking,227
2013,Број,Вишеград,Ж,walking,371
2013,Број,Власеница,Оба пола,walking,440
2013,Број,Власеница,M,walking,211
2013,Број,Власеница,Ж,walking,229
2013,Број,Вукосавље,Оба пола,walking,286
2013,Број,Вукосавље,M,walking,130
2013,Број,Вукосавље,Ж,walking,156
2013,Број,Гацко,Оба пола,walking,385
2013,Број,Гацко,M,walking,152
2013,Број,Гацко,Ж,walking,233
2013,Број,Град Градишка,Оба пола,walking,2675
2013,Број,Град Градишка,M,walking,1074
2013,Број,Град Градишка,Ж,walking,1601
2013,Број,Град Дервента,Оба пола,walking,1590
2013,Број,Град Дервента,M,walking,695
2013,Број,Град Дервента,Ж,walking,895
2013,Број,Град Добој,Оба пола,walking,4793
2013,Број,Град Добој,M,walking,1953
2013,Број,Град Добој,Ж,walking,2840
2013,Број,Доњи Жабар,Оба пола,walking,182
2013,Број,Доњи Жабар,M,walking,76
2013,Број,Доњи Жабар,Ж,walking,106
2013,Број,Град Зворник,Оба пола,walking,2535
2013,Број,Град Зворник,M,walking,1092
2013,Број,Град Зворник,Ж,walking,1443
2013,Број,Источна Илиџа,Оба пола,walking,644
2013,Број,Источна Илиџа,M,walking,267
2013,Број,Источна Илиџа,Ж,walking,377
2013,Број,Источни Дрвар,Оба пола,walking,7
2013,Број,Источни Дрвар,M,walking,4
2013,Број,Источни Дрвар,Ж,walking,3
2013,Број,Источни Мостар,Оба пола,walking,8
2013,Број,Источни Мостар,M,walking,2
2013,Број,Источни Мостар,Ж,walking,6
2013,Број,Источни Стари Град,Оба пола,walking,53
2013,Број,Источни Стари Град,M,walking,22
2013,Број,Источни Стари Град,Ж,walking,31
2013,Број,Источно Ново Сарајево,Оба пола,walking,380
2013,Број,Источно Ново Сарајево,M,walking,163
2013,Број,Источно Ново Сарајево,Ж,walking,217
2013,Број,Језеро,Оба пола,walking,60
2013,Број,Језеро,M,walking,29
2013,Број,Језеро,Ж,walking,31
2013,Број,Калиновик,Оба пола,walking,132
2013,Број,Калиновик,M,walking,54
2013,Број,Калиновик,Ж,walking,78
2013,Број,Кнежево,Оба пола,walking,568
2013,Број,Кнежево,M,walking,255
2013,Број,Кнежево,Ж,walking,313
2013,Број,Козарска Дубица,Оба пола,walking,1369
2013,Број,Козарска Дубица,M,walking,549
2013,Број,Козарска Дубица,Ж,walking,820
2013,Број,Костајница,Оба пола,walking,312
2013,Број,Костајница,M,walking,133
2013,Број,Костајница,Ж,walking,179
2013,Број,Котор Варош,Оба пола,walking,1074
2013,Број,Котор Варош,M,walking,475
2013,Број,Котор Варош,Ж,walking,599
2013,Број,Крупа на Уни,Оба пола,walking,112
2013,Број,Крупа на Уни,M,walking,43
2013,Број,Крупа на Уни,Ж,walking,69
2013,Број,Купрес,Оба пола,walking,33
2013,Број,Купрес,M,walking,18
2013,Број,Купрес,Ж,walking,15
2013,Број,Лакташи,Оба пола,walking,1426
2013,Број,Лакташи,M,walking,650
2013,Број,Лакташи,Ж,walking,776
2013,Број,Лопаре,Оба пола,walking,984
2013,Број,Лопаре,M,walking,447
2013,Број,Лопаре,Ж,walking,537
2013,Број,Љубиње,Оба пола,walking,119
2013,Број,Љубиње,M,walking,48
2013,Број,Љубиње,Ж,walking,71
2013,Број,Милићи,Оба пола,walking,508
2013,Број,Милићи,M,walking,224
2013,Број,Милићи,Ж,walking,284
2013,Број,Модрича,Оба пола,walking,1527
2013,Број,Модрича,M,walking,635
2013,Број,Модрича,Ж,walking,892
2013,Број,Мркоњић Град,Оба пола,walking,798
2013,Број,Мркоњић Град,M,walking,355
2013,Број,Мркоњић Град,Ж,walking,443
2013,Број,Невесиње,Оба пола,walking,551
2013,Број,Невесиње,M,walking,209
2013,Број,Невесиње,Ж,walking,342
2013,Број,Нови Град,Оба пола,walking,1711
2013,Број,Нови Град,M,walking,700
2013,Број,Нови Град,Ж,walking,1011
2013,Број,Ново Горажде,Оба пола,walking,135
2013,Број,Ново Горажде,M,walking,61
2013,Број,Ново Горажде,Ж,walking,74
2013,Број,Осмаци,Оба пола,walking,288
2013,Број,Осмаци,M,walking,125
2013,Број,Осмаци,Ж,walking,163
2013,Број,Оштра Лука,Оба пола,walking,224
2013,Број,Оштра Лука,M,walking,99
2013,Број,Оштра Лука,Ж,walking,125
2013,Број,Пале,Оба пола,walking,822
2013,Број,Пале,M,walking,366
2013,Број,Пале,Ж,walking,456
2013,Број,Пелагићево,Оба пола,walking,445
2013,Број,Пелагићево,M,walking,165
2013,Број,Пелагићево,Ж,walking,280
2013,Број,Петровац,Оба пола,walking,8
2013,Број,Петровац,M,walking,5
2013,Број,Петровац,Ж,walking,3
2013,Број,Петрово,Оба пола,walking,602
2013,Број,Петрово,M,walking,231
2013,Број,Петрово,Ж,walking,371
2013,Број,Град Приједор,Оба пола,walking,4451
2013,Број,Град Приједор,M,walking,1891
2013,Број,Град Приједор,Ж,walking,2560
2013,Број,Прњавор,Оба пола,walking,2094
2013,Број,Прњавор,M,walking,860
2013,Број,Прњавор,Ж,walking,1234
2013,Број,Рибник,Оба пола,walking,438
2013,Број,Рибник,M,walking,182
2013,Број,Рибник,Ж,walking,256
2013,Број,Рогатица,Оба пола,walking,640
2013,Број,Рогатица,M,walking,264
2013,Број,Рогатица,Ж,walking,376
2013,Број,Рудо,Оба пола,walking,399
2013,Број,Рудо,M,walking,165
2013,Број,Рудо,Ж,walking,234
2013,Број,Соколац,Оба пола,walking,600
2013,Број,Соколац,M,walking,248
2013,Број,Соколац,Ж,walking,352
2013,Број,Србац,Оба пола,walking,910
2013,Број,Србац,M,walking,412
2013,Број,Србац,Ж,walking,498
2013,Број,Сребреница,Оба пола,walking,621
2013,Број,Сребреница,M,walking,256
2013,Број,Сребреница,Ж,walking,365
2013,Број,Теслић,Оба пола,walking,2201
2013,Број,Теслић,M,walking,973
2013,Број,Теслић,Ж,walking,1228
2013,Број,Град Требиње,Оба пола,walking,1198
2013,Број,Град Требиње,M,walking,489
2013,Број,Град Требиње,Ж,walking,709
2013,Број,Трново,Оба пола,walking,104
2013,Број,Трново,M,walking,41
2013,Број,Трново,Ж,walking,63
2013,Број,Угљевик,Оба пола,walking,734
2013,Број,Угљевик,M,walking,312
2013,Број,Угљевик,Ж,walking,422
2013,Број,Фоча,Оба пола,walking,945
2013,Број,Фоча,M,walking,438
2013,Број,Фоча,Ж,walking,507
2013,Број,Хан Пијесак,Оба пола,walking,187
2013,Број,Хан Пијесак,M,walking,65
2013,Број,Хан Пијесак,Ж,walking,122
2013,Број,Чајниче,Оба пола,walking,262
2013,Број,Чајниче,M,walking,108
2013,Број,Чајниче,Ж,walking,154
2013,Број,Челинац,Оба пола,walking,1038
2013,Број,Челинац,M,walking,469
2013,Број,Челинац,Ж,walking,569
2013,Број,Шамац,Оба пола,walking,1041
2013,Број,Шамац,M,walking,413
2013,Број,Шамац,Ж,walking,628
2013,Број,Шековићи,Оба пола,walking,283
2013,Број,Шековићи,M,walking,125
2013,Број,Шековићи,Ж,walking,158
2013,Број,Шипово,Оба пола,walking,496
2013,Број,Шипово,M,walking,223
2013,Број,Шипово,Ж,walking,273
2013,Број,Република Српска,Оба пола,memory,18330
2013,Број,Република Српска,M,memory,8168
2013,Број,Република Српска,Ж,memory,10162
2013,Број,Град Бања Лука,Оба пола,memory,2300
2013,Број,Град Бања Лука,M,memory,1087
2013,Број,Град Бања Лука,Ж,memory,1213
2013,Број,Берковићи,Оба пола,memory,35
2013,Број,Берковићи,M,memory,13
2013,Број,Берковићи,Ж,memory,22
2013,Број,Град Бијељина,Оба пола,memory,1415
2013,Број,Град Бијељина,M,memory,630
2013,Број,Град Бијељина,Ж,memory,785
2013,Број,Билећа,Оба пола,memory,126
2013,Број,Билећа,M,memory,61
2013,Број,Билећа,Ж,memory,65
2013,Број,Братунац,Оба пола,memory,290
2013,Број,Братунац,M,memory,116
2013,Број,Братунац,Ж,memory,174
2013,Број,Брод,Оба пола,memory,239
2013,Број,Брод,M,memory,104
2013,Број,Брод,Ж,memory,135
2013,Број,Вишеград,Оба пола,memory,309
2013,Број,Вишеград,M,memory,75
2013,Број,Вишеград,Ж,memory,234
2013,Број,Власеница,Оба пола,memory,137
2013,Број,Власеница,M,memory,60
2013,Број,Власеница,Ж,memory,77
2013,Број,Вукосавље,Оба пола,memory,74
2013,Број,Вукосавље,M,memory,37
2013,Број,Вукосавље,Ж,memory,37
2013,Број,Гацко,Оба пола,memory,90
2013,Број,Гацко,M,memory,42
2013,Број,Гацко,Ж,memory,48
2013,Број,Град Градишка,Оба пола,memory,831
2013,Број,Град Градишка,M,memory,338
2013,Број,Град Градишка,Ж,memory,493
2013,Број,Град Дервента,Оба пола,memory,455
2013,Број,Град Дервента,M,memory,195
2013,Број,Град Дервента,Ж,memory,260
2013,Број,Град Добој,Оба пола,memory,1369
2013,Број,Град Добој,M,memory,596
2013,Број,Град Добој,Ж,memory,773
2013,Број,Доњи Жабар,Оба пола,memory,40
2013,Број,Доњи Жабар,M,memory,19
2013,Број,Доњи Жабар,Ж,memory,21
2013,Број,Град Зворник,Оба пола,memory,762
2013,Број,Град Зворник,M,memory,330
2013,Број,Град Зворник,Ж,memory,432
2013,Број,Источна Илиџа,Оба пола,memory,149
2013,Број,Источна Илиџа,M,memory,64
2013,Број,Источна Илиџа,Ж,memory,85
2013,Број,Источни Дрвар,Оба пола,memory,1
2013,Број,Источни Дрвар,M,memory,0
2013,Број,Источни Дрвар,Ж,memory,1
2013,Број,Источни Мостар,Оба пола,memory,3
2013,Број,Источни Мостар,M,memory,2
2013,Број,Источни Мостар,Ж,memory,1
2013,Број,Источни Стари Град,Оба пола,memory,20
2013,Број,Источни Стари Град,M,memory,9
2013,Број,Источни Стари Град,Ж,memory,11
2013,Број,Источно Ново Сарајево,Оба пола,memory,104
2013,Број,Источно Ново Сарајево,M,memory,49
2013,Број,Источно Ново Сарајево,Ж,memory,55
2013,Број,Језеро,Оба пола,memory,27
2013,Број,Језеро,M,memory,15
2013,Број,Језеро,Ж,memory,12
2013,Број,Калиновик,Оба пола,memory,27
2013,Број,Калиновик,M,memory,10
2013,Број,Калиновик,Ж,memory,17
2013,Број,Кнежево,Оба пола,memory,238
2013,Број,Кнежево,M,memory,113
2013,Број,Кнежево,Ж,memory,125
2013,Број,Козарска Дубица,Оба пола,memory,331
2013,Број,Козарска Дубица,M,memory,154
2013,Број,Козарска Дубица,Ж,memory,177
2013,Број,Костајница,Оба пола,memory,98
2013,Број,Костајница,M,memory,41
2013,Број,Костајница,Ж,memory,57
2013,Број,Котор Варош,Оба пола,memory,339
2013,Број,Котор Варош,M,memory,154
2013,Број,Котор Варош,Ж,memory,185
2013,Број,Крупа на Уни,Оба пола,memory,40
2013,Број,Крупа на Уни,M,memory,19
2013,Број,Крупа на Уни,Ж,memory,21
2013,Број,Купрес,Оба пола,memory,13
2013,Број,Купрес,M,memory,9
2013,Број,Купрес,Ж,memory,4
2013,Број,Лакташи,Оба пола,memory,410
2013,Број,Лакташи,M,memory,204
2013,Број,Лакташи,Ж,memory,206
2013,Број,Лопаре,Оба пола,memory,281
2013,Број,Лопаре,M,memory,140
2013,Број,Лопаре,Ж,memory,141
2013,Број,Љубиње,Оба пола,memory,44
2013,Број,Љубиње,M,memory,17
2013,Број,Љубиње,Ж,memory,27
2013,Број,Милићи,Оба пола,memory,158
2013,Број,Милићи,M,memory,64
2013,Број,Милићи,Ж,memory,94
2013,Број,Модрича,Оба пола,memory,478
2013,Број,Модрича,M,memory,194
2013,Број,Модрича,Ж,memory,284
2013,Број,Мркоњић Град,Оба пола,memory,228
2013,Број,Мркоњић Град,M,memory,98
2013,Број,Мркоњић Град,Ж,memory,130
2013,Број,Невесиње,Оба пола,memory,144
2013,Број,Невесиње,M,memory,55
2013,Број,Невесиње,Ж,memory,89
2013,Број,Нови Град,Оба пола,memory,475
2013,Број,Нови Град,M,memory,223
2013,Број,Нови Град,Ж,memory,252
2013,Број,Ново Горажде,Оба пола,memory,36
2013,Број,Ново Горажде,M,memory,13
2013,Број,Ново Горажде,Ж,memory,23
2013,Број,Осмаци,Оба пола,memory,95
2013,Број,Осмаци,M,memory,43
2013,Број,Осмаци,Ж,memory,52
2013,Број,Оштра Лука,Оба пола,memory,60
2013,Број,Оштра Лука,M,memory,30
2013,Број,Оштра Лука,Ж,memory,30
2013,Број,Пале,Оба пола,memory,212
2013,Број,Пале,M,memory,91
2013,Број,Пале,Ж,memory,121
2013,Број,Пелагићево,Оба пола,memory,133
2013,Број,Пелагићево,M,memory,65
2013,Број,Пелагићево,Ж,memory,68
2013,Број,Петровац,Оба пола,memory,3
2013,Број,Петровац,M,memory,1
2013,Број,Петровац,Ж,memory,2
2013,Број,Петрово,Оба пола,memory,150
2013,Број,Петрово,M,memory,62
2013,Број,Петрово,Ж,memory,88
2013,Број,Град Приједор,Оба пола,memory,1532
2013,Број,Град Приједор,M,memory,766
2013,Број,Град Приједор,Ж,memory,766
2013,Број,Прњавор,Оба пола,memory,567
2013,Број,Прњавор,M,memory,240
2013,Број,Прњавор,Ж,memory,327
2013,Број,Рибник,Оба пола,memory,123
2013,Број,Рибник,M,memory,56
2013,Број,Рибник,Ж,memory,67
2013,Број,Рогатица,Оба пола,memory,169
2013,Број,Рогатица,M,memory,72
2013,Број,Рогатица,Ж,memory,97
2013,Број,Рудо,Оба пола,memory,123
2013,Број,Рудо,M,memory,53
2013,Број,Рудо,Ж,memory,70
2013,Број,Соколац,Оба пола,memory,164
2013,Број,Соколац,M,memory,64
2013,Број,Соколац,Ж,memory,100
2013,Број,Србац,Оба пола,memory,316
2013,Број,Србац,M,memory,148
2013,Број,Србац,Ж,memory,168
2013,Број,Сребреница,Оба пола,memory,218
2013,Број,Сребреница,M,memory,82
2013,Број,Сребреница,Ж,memory,136
2013,Број,Теслић,Оба пола,memory,644
2013,Број,Теслић,M,memory,272
2013,Број,Теслић,Ж,memory,372
2013,Број,Град Требиње,Оба пола,memory,313
2013,Број,Град Требиње,M,memory,143
2013,Број,Град Требиње,Ж,memory,170
2013,Број,Трново,Оба пола,memory,39
2013,Број,Трново,M,memory,22
2013,Број,Трново,Ж,memory,17
2013,Број,Угљевик,Оба пола,memory,191
2013,Број,Угљевик,M,memory,78
2013,Број,Угљевик,Ж,memory,113
2013,Број,Фоча,Оба пола,memory,265
2013,Број,Фоча,M,memory,126
2013,Број,Фоча,Ж,memory,139
2013,Број,Хан Пијесак,Оба пола,memory,49
2013,Број,Хан Пијесак,M,memory,15
2013,Број,Хан Пијесак,Ж,memory,34
2013,Број,Чајниче,Оба пола,memory,67
2013,Број,Чајниче,M,memory,30
2013,Број,Чајниче,Ж,memory,37
2013,Број,Челинац,Оба пола,memory,298
2013,Број,Челинац,M,memory,150
2013,Број,Челинац,Ж,memory,148
2013,Број,Шамац,Оба пола,memory,252
2013,Број,Шамац,M,memory,110
2013,Број,Шамац,Ж,memory,142
2013,Број,Шековићи,Оба пола,memory,94
2013,Број,Шековићи,M,memory,38
2013,Број,Шековићи,Ж,memory,56
2013,Број,Шипово,Оба пола,memory,137
2013,Број,Шипово,M,memory,61
2013,Број,Шипово,Ж,memory,76
2013,Број,Република Српска,Оба пола,dressing,13502
2013,Број,Република Српска,M,dressing,5773
2013,Број,Република Српска,Ж,dressing,7729
2013,Број,Град Бања Лука,Оба пола,dressing,1717
2013,Број,Град Бања Лука,M,dressing,774
2013,Број,Град Бања Лука,Ж,dressing,943
2013,Број,Берковићи,Оба пола,dressing,29
2013,Број,Берковићи,M,dressing,11
2013,Број,Берковићи,Ж,dressing,18
2013,Број,Град Бијељина,Оба пола,dressing,1050
2013,Број,Град Бијељина,M,dressing,468
2013,Број,Град Бијељина,Ж,dressing,582
2013,Број,Билећа,Оба пола,dressing,107
2013,Број,Билећа,M,dressing,44
2013,Број,Билећа,Ж,dressing,63
2013,Број,Братунац,Оба пола,dressing,172
2013,Број,Братунац,M,dressing,76
2013,Број,Братунац,Ж,dressing,96
2013,Број,Брод,Оба пола,dressing,143
2013,Број,Брод,M,dressing,55
2013,Број,Брод,Ж,dressing,88
2013,Број,Вишеград,Оба пола,dressing,232
2013,Број,Вишеград,M,dressing,60
2013,Број,Вишеград,Ж,dressing,172
2013,Број,Власеница,Оба пола,dressing,104
2013,Број,Власеница,M,dressing,49
2013,Број,Власеница,Ж,dressing,55
2013,Број,Вукосавље,Оба пола,dressing,53
2013,Број,Вукосавље,M,dressing,30
2013,Број,Вукосавље,Ж,dressing,23
2013,Број,Гацко,Оба пола,dressing,74
2013,Број,Гацко,M,dressing,25
2013,Број,Гацко,Ж,dressing,49
2013,Број,Град Градишка,Оба пола,dressing,617
2013,Број,Град Градишка,M,dressing,252
2013,Број,Град Градишка,Ж,dressing,365
2013,Број,Град Дервента,Оба пола,dressing,298
2013,Број,Град Дервента,M,dressing,114
2013,Број,Град Дервента,Ж,dressing,184
2013,Број,Град Добој,Оба пола,dressing,1011
2013,Број,Град Добој,M,dressing,408
2013,Број,Град Добој,Ж,dressing,603
2013,Број,Доњи Жабар,Оба пола,dressing,31
2013,Број,Доњи Жабар,M,dressing,11
2013,Број,Доњи Жабар,Ж,dressing,20
2013,Број,Град Зворник,Оба пола,dressing,518
2013,Број,Град Зворник,M,dressing,239
2013,Број,Град Зворник,Ж,dressing,279
2013,Број,Источна Илиџа,Оба пола,dressing,175
2013,Број,Источна Илиџа,M,dressing,83
2013,Број,Источна Илиџа,Ж,dressing,92
2013,Број,Источни Дрвар,Оба пола,dressing,0
2013,Број,Источни Дрвар,M,dressing,0
2013,Број,Источни Дрвар,Ж,dressing,0
2013,Број,Источни Мостар,Оба пола,dressing,2
2013,Број,Источни Мостар,M,dressing,1
2013,Број,Источни Мостар,Ж,dressing,1
2013,Број,Источни Стари Град,Оба пола,dressing,15
2013,Број,Источни Стари Град,M,dressing,6
2013,Број,Источни Стари Град,Ж,dressing,9
2013,Број,Источно Ново Сарајево,Оба пола,dressing,77
2013,Број,Источно Ново Сарајево,M,dressing,34
2013,Број,Источно Ново Сарајево,Ж,dressing,43
2013,Број,Језеро,Оба пола,dressing,18
2013,Број,Језеро,M,dressing,9
2013,Број,Језеро,Ж,dressing,9
2013,Број,Калиновик,Оба пола,dressing,26
2013,Број,Калиновик,M,dressing,8
2013,Број,Калиновик,Ж,dressing,18
2013,Број,Кнежево,Оба пола,dressing,171
2013,Број,Кнежево,M,dressing,70
2013,Број,Кнежево,Ж,dressing,101
2013,Број,Козарска Дубица,Оба пола,dressing,243
2013,Број,Козарска Дубица,M,dressing,108
2013,Број,Козарска Дубица,Ж,dressing,135
2013,Број,Костајница,Оба пола,dressing,69
2013,Број,Костајница,M,dressing,24
2013,Број,Костајница,Ж,dressing,45
2013,Број,Котор Варош,Оба пола,dressing,228
2013,Број,Котор Варош,M,dressing,100
2013,Број,Котор Варош,Ж,dressing,128
2013,Број,Крупа на Уни,Оба пола,dressing,19
2013,Број,Крупа на Уни,M,dressing,5
2013,Број,Крупа на Уни,Ж,dressing,14
2013,Број,Купрес,Оба пола,dressing,6
2013,Број,Купрес,M,dressing,3
2013,Број,Купрес,Ж,dressing,3
2013,Број,Лакташи,Оба пола,dressing,324
2013,Број,Лакташи,M,dressing,162
2013,Број,Лакташи,Ж,dressing,162
2013,Број,Лопаре,Оба пола,dressing,190
2013,Број,Лопаре,M,dressing,85
2013,Број,Лопаре,Ж,dressing,105
2013,Број,Љубиње,Оба пола,dressing,44
2013,Број,Љубиње,M,dressing,18
2013,Број,Љубиње,Ж,dressing,26
2013,Број,Милићи,Оба пола,dressing,107
2013,Број,Милићи,M,dressing,42
2013,Број,Милићи,Ж,dressing,65
2013,Број,Модрича,Оба пола,dressing,383
2013,Број,Модрича,M,dressing,152
2013,Број,Модрича,Ж,dressing,231
2013,Број,Мркоњић Град,Оба пола,dressing,203
2013,Број,Мркоњић Град,M,dressing,83
2013,Број,Мркоњић Град,Ж,dressing,120
2013,Број,Невесиње,Оба пола,dressing,104
2013,Број,Невесиње,M,dressing,38
2013,Број,Невесиње,Ж,dressing,66
2013,Број,Нови Град,Оба пола,dressing,373
2013,Број,Нови Град,M,dressing,156
2013,Број,Нови Град,Ж,dressing,217
2013,Број,Ново Горажде,Оба пола,dressing,20
2013,Број,Ново Горажде,M,dressing,7
2013,Број,Ново Горажде,Ж,dressing,13
2013,Број,Осмаци,Оба пола,dressing,43
2013,Број,Осмаци,M,dressing,16
2013,Број,Осмаци,Ж,dressing,27
2013,Број,Оштра Лука,Оба пола,dressing,39
2013,Број,Оштра Лука,M,dressing,17
2013,Број,Оштра Лука,Ж,dressing,22
2013,Број,Пале,Оба пола,dressing,174
2013,Број,Пале,M,dressing,80
2013,Број,Пале,Ж,dressing,94
2013,Број,Пелагићево,Оба пола,dressing,71
2013,Број,Пелагићево,M,dressing,33
2013,Број,Пелагићево,Ж,dressing,38
2013,Број,Петровац,Оба пола,dressing,4
2013,Број,Петровац,M,dressing,1
2013,Број,Петровац,Ж,dressing,3
2013,Број,Петрово,Оба пола,dressing,106
2013,Број,Петрово,M,dressing,40
2013,Број,Петрово,Ж,dressing,66
2013,Број,Град Приједор,Оба пола,dressing,1081
2013,Број,Град Приједор,M,dressing,517
2013,Број,Град Приједор,Ж,dressing,564
2013,Број,Прњавор,Оба пола,dressing,418
2013,Број,Прњавор,M,dressing,182
2013,Број,Прњавор,Ж,dressing,236
2013,Број,Рибник,Оба пола,dressing,111
2013,Број,Рибник,M,dressing,50
2013,Број,Рибник,Ж,dressing,61
2013,Број,Рогатица,Оба пола,dressing,153
2013,Број,Рогатица,M,dressing,59
2013,Број,Рогатица,Ж,dressing,94
2013,Број,Рудо,Оба пола,dressing,85
2013,Број,Рудо,M,dressing,40
2013,Број,Рудо,Ж,dressing,45
2013,Број,Соколац,Оба пола,dressing,143
2013,Број,Соколац,M,dressing,55
2013,Број,Соколац,Ж,dressing,88
2013,Број,Србац,Оба пола,dressing,174
2013,Број,Србац,M,dressing,78
2013,Број,Србац,Ж,dressing,96
2013,Број,Сребреница,Оба пола,dressing,99
2013,Број,Сребреница,M,dressing,34
2013,Број,Сребреница,Ж,dressing,65
2013,Број,Теслић,Оба пола,dressing,499
2013,Број,Теслић,M,dressing,209
2013,Број,Теслић,Ж,dressing,290
2013,Број,Град Требиње,Оба пола,dressing,283
2013,Број,Град Требиње,M,dressing,104
2013,Број,Град Требиње,Ж,dressing,179
2013,Број,Трново,Оба пола,dressing,31
2013,Број,Трново,M,dressing,12
2013,Број,Трново,Ж,dressing,19
2013,Број,Угљевик,Оба пола,dressing,151
2013,Број,Угљевик,M,dressing,63
2013,Број,Угљевик,Ж,dressing,88
2013,Број,Фоча,Оба пола,dressing,230
2013,Број,Фоча,M,dressing,97
2013,Број,Фоча,Ж,dressing,133
2013,Број,Хан Пијесак,Оба пола,dressing,48
2013,Број,Хан Пијесак,M,dressing,15
2013,Број,Хан Пијесак,Ж,dressing,33
2013,Број,Чајниче,Оба пола,dressing,50
2013,Број,Чајниче,M,dressing,23
2013,Број,Чајниче,Ж,dressing,27
2013,Број,Челинац,Оба пола,dressing,210
2013,Број,Челинац,M,dressing,96
2013,Број,Челинац,Ж,dressing,114
2013,Број,Шамац,Оба пола,dressing,159
2013,Број,Шамац,M,dressing,67
2013,Број,Шамац,Ж,dressing,92
2013,Број,Шековићи,Оба пола,dressing,60
2013,Број,Шековићи,M,dressing,29
2013,Број,Шековићи,Ж,dressing,31
2013,Број,Шипово,Оба пола,dressing,127
2013,Број,Шипово,M,dressing,46
2013,Број,Шипово,Ж,dressing,81
2013,Број,Република Српска,Оба пола,communication,10723
2013,Број,Република Српска,M,communication,5103
2013,Број,Република Српска,Ж,communication,5620
2013,Број,Град Бања Лука,Оба пола,communication,1307
2013,Број,Град Бања Лука,M,communication,670
2013,Број,Град Бања Лука,Ж,communication,637
2013,Број,Берковићи,Оба пола,communication,26
2013,Број,Берковићи,M,communication,11
2013,Број,Берковићи,Ж,communication,15
2013,Број,Град Бијељина,Оба пола,communication,793
2013,Број,Град Бијељина,M,communication,398
2013,Број,Град Бијељина,Ж,communication,395
2013,Број,Билећа,Оба пола,communication,89
2013,Број,Билећа,M,communication,44
2013,Број,Билећа,Ж,communication,45
2013,Број,Братунац,Оба пола,communication,135
2013,Број,Братунац,M,communication,56
2013,Број,Братунац,Ж,communication,79
2013,Број,Брод,Оба пола,communication,121
2013,Број,Брод,M,communication,60
2013,Број,Брод,Ж,communication,61
2013,Број,Вишеград,Оба пола,communication,202
2013,Број,Вишеград,M,communication,55
2013,Број,Вишеград,Ж,communication,147
2013,Број,Власеница,Оба пола,communication,96
2013,Број,Власеница,M,communication,50
2013,Број,Власеница,Ж,communication,46
2013,Број,Вукосавље,Оба пола,communication,50
2013,Број,Вукосавље,M,communication,26
2013,Број,Вукосавље,Ж,communication,24
2013,Број,Гацко,Оба пола,communication,70
2013,Број,Гацко,M,communication,30
2013,Број,Гацко,Ж,communication,40
2013,Број,Град Градишка,Оба пола,communication,504
2013,Број,Град Градишка,M,communication,220
2013,Број,Град Градишка,Ж,communication,284
2013,Број,Град Дервента,Оба пола,communication,255
2013,Број,Град Дервента,M,communication,118
2013,Број,Град Дервента,Ж,communication,137
2013,Број,Град Добој,Оба пола,communication,786
2013,Број,Град Добој,M,communication,353
2013,Број,Град Добој,Ж,communication,433
2013,Број,Доњи Жабар,Оба пола,communication,23
2013,Број,Доњи Жабар,M,communication,13
2013,Број,Доњи Жабар,Ж,communication,10
2013,Број,Град Зворник,Оба пола,communication,402
2013,Број,Град Зворник,M,communication,184
2013,Број,Град Зворник,Ж,communication,218
2013,Број,Источна Илиџа,Оба пола,communication,113
2013,Број,Источна Илиџа,M,communication,54
2013,Број,Источна Илиџа,Ж,communication,59
2013,Број,Источни Дрвар,Оба пола,communication,0
2013,Број,Источни Дрвар,M,communication,0
2013,Број,Источни Дрвар,Ж,communication,0
2013,Број,Источни Мостар,Оба пола,communication,2
2013,Број,Источни Мостар,M,communication,1
2013,Број,Источни Мостар,Ж,communication,1
2013,Број,Источни Стари Град,Оба пола,communication,14
2013,Број,Источни Стари Град,M,communication,9
2013,Број,Источни Стари Град,Ж,communication,5
2013,Број,Источно Ново Сарајево,Оба пола,communication,65
2013,Број,Источно Ново Сарајево,M,communication,33
2013,Број,Источно Ново Сарајево,Ж,communication,32
2013,Број,Језеро,Оба пола,communication,14
2013,Број,Језеро,M,communication,6
2013,Број,Језеро,Ж,communication,8
2013,Број,Калиновик,Оба пола,communication,17
2013,Број,Калиновик,M,communication,8
2013,Број,Калиновик,Ж,communication,9
2013,Број,Кнежево,Оба пола,communication,140
2013,Број,Кнежево,M,communication,59
2013,Број,Кнежево,Ж,communication,81
2013,Број,Козарска Дубица,Оба пола,communication,187
2013,Број,Козарска Дубица,M,communication,94
2013,Број,Козарска Дубица,Ж,communication,93
2013,Број,Костајница,Оба пола,communication,53
2013,Број,Костајница,M,communication,21
2013,Број,Костајница,Ж,communication,32
2013,Број,Котор Варош,Оба пола,communication,176
2013,Број,Котор Варош,M,communication,84
2013,Број,Котор Варош,Ж,communication,92
2013,Број,Крупа на Уни,Оба пола,communication,20
2013,Број,Крупа на Уни,M,communication,8
2013,Број,Крупа на Уни,Ж,communication,12
2013,Број,Купрес,Оба пола,communication,6
2013,Број,Купрес,M,communication,4
2013,Број,Купрес,Ж,communication,2
2013,Број,Лакташи,Оба пола,communication,283
2013,Број,Лакташи,M,communication,148
2013,Број,Лакташи,Ж,communication,135
2013,Број,Лопаре,Оба пола,communication,168
2013,Број,Лопаре,M,communication,86
2013,Број,Лопаре,Ж,communication,82
2013,Број,Љубиње,Оба пола,communication,31
2013,Број,Љубиње,M,communication,14
2013,Број,Љубиње,Ж,communication,17
2013,Број,Милићи,Оба пола,communication,77
2013,Број,Милићи,M,communication,27
2013,Број,Милићи,Ж,communication,50
2013,Број,Модрича,Оба пола,communication,309
2013,Број,Модрича,M,communication,139
2013,Број,Модрича,Ж,communication,170
2013,Број,Мркоњић Град,Оба пола,communication,176
2013,Број,Мркоњић Град,M,communication,73
2013,Број,Мркоњић Град,Ж,communication,103
2013,Број,Невесиње,Оба пола,communication,107
2013,Број,Невесиње,M,communication,43
2013,Број,Невесиње,Ж,communication,64
2013,Број,Нови Град,Оба пола,communication,277
2013,Број,Нови Град,M,communication,121
2013,Број,Нови Град,Ж,communication,156
2013,Број,Ново Горажде,Оба пола,communication,18
2013,Број,Ново Горажде,M,communication,5
2013,Број,Ново Горажде,Ж,communication,13
2013,Број,Осмаци,Оба пола,communication,40
2013,Број,Осмаци,M,communication,19
2013,Број,Осмаци,Ж,communication,21
2013,Број,Оштра Лука,Оба пола,communication,26
2013,Број,Оштра Лука,M,communication,10
2013,Број,Оштра Лука,Ж,communication,16
2013,Број,Пале,Оба пола,communication,130
2013,Број,Пале,M,communication,59
2013,Број,Пале,Ж,communication,71
2013,Број,Пелагићево,Оба пола,communication,68
2013,Број,Пелагићево,M,communication,33
2013,Број,Пелагићево,Ж,communication,35
2013,Број,Петровац,Оба пола,communication,1
2013,Број,Петровац,M,communication,0
2013,Број,Петровац,Ж,communication,1
2013,Број,Петрово,Оба пола,communication,64
2013,Број,Петрово,M,communication,36
2013,Број,Петрово,Ж,communication,28
2013,Број,Град Приједор,Оба пола,communication,927
2013,Број,Град Приједор,M,communication,517
2013,Број,Град Приједор,Ж,communication,410
2013,Број,Прњавор,Оба пола,communication,320
2013,Број,Прњавор,M,communication,162
2013,Број,Прњавор,Ж,communication,158
2013,Број,Рибник,Оба пола,communication,91
2013,Број,Рибник,M,communication,45
2013,Број,Рибник,Ж,communication,46
2013,Број,Рогатица,Оба пола,communication,90
2013,Број,Рогатица,M,communication,45
2013,Број,Рогатица,Ж,communication,45
2013,Број,Рудо,Оба пола,communication,68
2013,Број,Рудо,M,communication,29
2013,Број,Рудо,Ж,communication,39
2013,Број,Соколац,Оба пола,communication,112
2013,Број,Соколац,M,communication,43
2013,Број,Соколац,Ж,communication,69
2013,Број,Србац,Оба пола,communication,171
2013,Број,Србац,M,communication,81
2013,Број,Србац,Ж,communication,90
2013,Број,Сребреница,Оба пола,communication,80
2013,Број,Сребреница,M,communication,33
2013,Број,Сребреница,Ж,communication,47
2013,Број,Теслић,Оба пола,communication,387
2013,Број,Теслић,M,communication,189
2013,Број,Теслић,Ж,communication,198
2013,Број,Град Требиње,Оба пола,communication,205
2013,Број,Град Требиње,M,communication,94
2013,Број,Град Требиње,Ж,communication,111
2013,Број,Трново,Оба пола,communication,22
2013,Број,Трново,M,communication,12
2013,Број,Трново,Ж,communication,10
2013,Број,Угљевик,Оба пола,communication,93
2013,Број,Угљевик,M,communication,41
2013,Број,Угљевик,Ж,communication,52
2013,Број,Фоча,Оба пола,communication,170
2013,Број,Фоча,M,communication,81
2013,Број,Фоча,Ж,communication,89
2013,Број,Хан Пијесак,Оба пола,communication,36
2013,Број,Хан Пијесак,M,communication,14
2013,Број,Хан Пијесак,Ж,communication,22
2013,Број,Чајниче,Оба пола,communication,41
2013,Број,Чајниче,M,communication,17
2013,Број,Чајниче,Ж,communication,24
2013,Број,Челинац,Оба пола,communication,163
2013,Број,Челинац,M,communication,72
2013,Број,Челинац,Ж,communication,91
2013,Број,Шамац,Оба пола,communication,146
2013,Број,Шамац,M,communication,71
2013,Број,Шамац,Ж,communication,75
2013,Број,Шековићи,Оба пола,communication,68
2013,Број,Шековићи,M,communication,33
2013,Број,Шековићи,Ж,communication,35
2013,Број,Шипово,Оба пола,communication,92
2013,Број,Шипово,M,communication,42
2013,Број,Шипово,Ж,communication,50
2013,Број,Република Српска,Оба пола,multiple_disabilities,38298
2013,Број,Република Српска,M,multiple_disabilities,16292
2013,Број,Република Српска,Ж,multiple_disabilities,22006
2013,Број,Град Бања Лука,Оба пола,multiple_disabilities,4944
2013,Број,Град Бања Лука,M,multiple_disabilities,2158
2013,Број,Град Бања Лука,Ж,multiple_disabilities,2786
2013,Број,Берковићи,Оба пола,multiple_disabilities,73
2013,Број,Берковићи,M,multiple_disabilities,32
2013,Број,Берковићи,Ж,multiple_disabilities,41
2013,Број,Град Бијељина,Оба пола,multiple_disabilities,3094
2013,Број,Град Бијељина,M,multiple_disabilities,1359
2013,Број,Град Бијељина,Ж,multiple_disabilities,1735
2013,Број,Билећа,Оба пола,multiple_disabilities,350
2013,Број,Билећа,M,multiple_disabilities,151
2013,Број,Билећа,Ж,multiple_disabilities,199
2013,Број,Братунац,Оба пола,multiple_disabilities,566
2013,Број,Братунац,M,multiple_disabilities,243
2013,Број,Братунац,Ж,multiple_disabilities,323
2013,Број,Брод,Оба пола,multiple_disabilities,485
2013,Број,Брод,M,multiple_disabilities,194
2013,Број,Брод,Ж,multiple_disabilities,291
2013,Број,Вишеград,Оба пола,multiple_disabilities,477
2013,Број,Вишеград,M,multiple_disabilities,145
2013,Број,Вишеград,Ж,multiple_disabilities,332
2013,Број,Власеница,Оба пола,multiple_disabilities,305
2013,Број,Власеница,M,multiple_disabilities,130
2013,Број,Власеница,Ж,multiple_disabilities,175
2013,Број,Вукосавље,Оба пола,multiple_disabilities,158
2013,Број,Вукосавље,M,multiple_disabilities,77
2013,Број,Вукосавље,Ж,multiple_disabilities,81
2013,Број,Гацко,Оба пола,multiple_disabilities,219
2013,Број,Гацко,M,multiple_disabilities,84
2013,Број,Гацко,Ж,multiple_disabilities,135
2013,Број,Град Градишка,Оба пола,multiple_disabilities,1641
2013,Број,Град Градишка,M,multiple_disabilities,637
2013,Број,Град Градишка,Ж,multiple_disabilities,1004
2013,Број,Град Дервента,Оба пола,multiple_disabilities,938
2013,Број,Град Дервента,M,multiple_disabilities,385
2013,Број,Град Дервента,Ж,multiple_disabilities,553
2013,Број,Град Добој,Оба пола,multiple_disabilities,3008
2013,Број,Град Добој,M,multiple_disabilities,1227
2013,Број,Град Добој,Ж,multiple_disabilities,1781
2013,Број,Доњи Жабар,Оба пола,multiple_disabilities,89
2013,Број,Доњи Жабар,M,multiple_disabilities,42
2013,Број,Доњи Жабар,Ж,multiple_disabilities,47
2013,Број,Град Зворник,Оба пола,multiple_disabilities,1546
2013,Број,Град Зворник,M,multiple_disabilities,670
2013,Број,Град Зворник,Ж,multiple_disabilities,876
2013,Број,Источна Илиџа,Оба пола,multiple_disabilities,394
2013,Број,Источна Илиџа,M,multiple_disabilities,171
2013,Број,Источна Илиџа,Ж,multiple_disabilities,223
2013,Број,Источни Дрвар,Оба пола,multiple_disabilities,4
2013,Број,Источни Дрвар,M,multiple_disabilities,1
2013,Број,Источни Дрвар,Ж,multiple_disabilities,3
2013,Број,Источни Мостар,Оба пола,multiple_disabilities,7
2013,Број,Источни Мостар,M,multiple_disabilities,2
2013,Број,Источни Мостар,Ж,multiple_disabilities,5
2013,Број,Источни Стари Град,Оба пола,multiple_disabilities,32
2013,Број,Источни Стари Град,M,multiple_disabilities,16
2013,Број,Источни Стари Град,Ж,multiple_disabilities,16
2013,Број,Источно Ново Сарајево,Оба пола,multiple_disabilities,206
2013,Број,Источно Ново Сарајево,M,multiple_disabilities,87
2013,Број,Источно Ново Сарајево,Ж,multiple_disabilities,119
2013,Број,Језеро,Оба пола,multiple_disabilities,40
2013,Број,Језеро,M,multiple_disabilities,17
2013,Број,Језеро,Ж,multiple_disabilities,23
2013,Број,Калиновик,Оба пола,multiple_disabilities,80
2013,Број,Калиновик,M,multiple_disabilities,30
2013,Број,Калиновик,Ж,multiple_disabilities,50
2013,Број,Кнежево,Оба пола,multiple_disabilities,399
2013,Број,Кнежево,M,multiple_disabilities,178
2013,Број,Кнежево,Ж,multiple_disabilities,221
2013,Број,Козарска Дубица,Оба пола,multiple_disabilities,741
2013,Број,Козарска Дубица,M,multiple_disabilities,302
2013,Број,Козарска Дубица,Ж,multiple_disabilities,439
2013,Број,Костајница,Оба пола,multiple_disabilities,209
2013,Број,Костајница,M,multiple_disabilities,93
2013,Број,Костајница,Ж,multiple_disabilities,116
2013,Број,Котор Варош,Оба пола,multiple_disabilities,702
2013,Број,Котор Варош,M,multiple_disabilities,310
2013,Број,Котор Варош,Ж,multiple_disabilities,392
2013,Број,Крупа на Уни,Оба пола,multiple_disabilities,88
2013,Број,Крупа на Уни,M,multiple_disabilities,40
2013,Број,Крупа на Уни,Ж,multiple_disabilities,48
2013,Број,Купрес,Оба пола,multiple_disabilities,21
2013,Број,Купрес,M,multiple_disabilities,13
2013,Број,Купрес,Ж,multiple_disabilities,8
2013,Број,Лакташи,Оба пола,multiple_disabilities,887
2013,Број,Лакташи,M,multiple_disabilities,413
2013,Број,Лакташи,Ж,multiple_disabilities,474
2013,Број,Лопаре,Оба пола,multiple_disabilities,583
2013,Број,Лопаре,M,multiple_disabilities,254
2013,Број,Лопаре,Ж,multiple_disabilities,329
2013,Број,Љубиње,Оба пола,multiple_disabilities,81
2013,Број,Љубиње,M,multiple_disabilities,34
2013,Број,Љубиње,Ж,multiple_disabilities,47
2013,Број,Милићи,Оба пола,multiple_disabilities,314
2013,Број,Милићи,M,multiple_disabilities,130
2013,Број,Милићи,Ж,multiple_disabilities,184
2013,Број,Модрича,Оба пола,multiple_disabilities,927
2013,Број,Модрича,M,multiple_disabilities,399
2013,Број,Модрича,Ж,multiple_disabilities,528
2013,Број,Мркоњић Град,Оба пола,multiple_disabilities,475
2013,Број,Мркоњић Град,M,multiple_disabilities,210
2013,Број,Мркоњић Град,Ж,multiple_disabilities,265
2013,Број,Невесиње,Оба пола,multiple_disabilities,327
2013,Број,Невесиње,M,multiple_disabilities,130
2013,Број,Невесиње,Ж,multiple_disabilities,197
2013,Број,Нови Град,Оба пола,multiple_disabilities,1049
2013,Број,Нови Град,M,multiple_disabilities,446
2013,Број,Нови Град,Ж,multiple_disabilities,603
2013,Број,Ново Горажде,Оба пола,multiple_disabilities,75
2013,Број,Ново Горажде,M,multiple_disabilities,28
2013,Број,Ново Горажде,Ж,multiple_disabilities,47
2013,Број,Осмаци,Оба пола,multiple_disabilities,189
2013,Број,Осмаци,M,multiple_disabilities,79
2013,Број,Осмаци,Ж,multiple_disabilities,110
2013,Број,Оштра Лука,Оба пола,multiple_disabilities,132
2013,Број,Оштра Лука,M,multiple_disabilities,63
2013,Број,Оштра Лука,Ж,multiple_disabilities,69
2013,Број,Пале,Оба пола,multiple_disabilities,446
2013,Број,Пале,M,multiple_disabilities,209
2013,Број,Пале,Ж,multiple_disabilities,237
2013,Број,Пелагићево,Оба пола,multiple_disabilities,268
2013,Број,Пелагићево,M,multiple_disabilities,102
2013,Број,Пелагићево,Ж,multiple_disabilities,166
2013,Број,Петровац,Оба пола,multiple_disabilities,7
2013,Број,Петровац,M,multiple_disabilities,4
2013,Број,Петровац,Ж,multiple_disabilities,3
2013,Број,Петрово,Оба пола,multiple_disabilities,378
2013,Број,Петрово,M,multiple_disabilities,156
2013,Број,Петрово,Ж,multiple_disabilities,222
2013,Број,Град Приједор,Оба пола,multiple_disabilities,2789
2013,Број,Град Приједор,M,multiple_disabilities,1276
2013,Број,Град Приједор,Ж,multiple_disabilities,1513
2013,Број,Прњавор,Оба пола,multiple_disabilities,1199
2013,Број,Прњавор,M,multiple_disabilities,465
2013,Број,Прњавор,Ж,multiple_disabilities,734
2013,Број,Рибник,Оба пола,multiple_disabilities,272
2013,Број,Рибник,M,multiple_disabilities,128
2013,Број,Рибник,Ж,multiple_disabilities,144
2013,Број,Рогатица,Оба пола,multiple_disabilities,407
2013,Број,Рогатица,M,multiple_disabilities,164
2013,Број,Рогатица,Ж,multiple_disabilities,243
2013,Број,Рудо,Оба пола,multiple_disabilities,252
2013,Број,Рудо,M,multiple_disabilities,104
2013,Број,Рудо,Ж,multiple_disabilities,148
2013,Број,Соколац,Оба пола,multiple_disabilities,347
2013,Број,Соколац,M,multiple_disabilities,143
2013,Број,Соколац,Ж,multiple_disabilities,204
2013,Број,Србац,Оба пола,multiple_disabilities,576
2013,Број,Србац,M,multiple_disabilities,257
2013,Број,Србац,Ж,multiple_disabilities,319
2013,Број,Сребреница,Оба пола,multiple_disabilities,381
2013,Број,Сребреница,M,multiple_disabilities,144
2013,Број,Сребреница,Ж,multiple_disabilities,237
2013,Број,Теслић,Оба пола,multiple_disabilities,1374
2013,Број,Теслић,M,multiple_disabilities,585
2013,Број,Теслић,Ж,multiple_disabilities,789
2013,Број,Град Требиње,Оба пола,multiple_disabilities,689
2013,Број,Град Требиње,M,multiple_disabilities,280
2013,Број,Град Требиње,Ж,multiple_disabilities,409
2013,Број,Трново,Оба пола,multiple_disabilities,69
2013,Број,Трново,M,multiple_disabilities,31
2013,Број,Трново,Ж,multiple_disabilities,38
2013,Број,Угљевик,Оба пола,multiple_disabilities,402
2013,Број,Угљевик,M,multiple_disabilities,165
2013,Број,Угљевик,Ж,multiple_disabilities,237
2013,Број,Фоча,Оба пола,multiple_disabilities,581
2013,Број,Фоча,M,multiple_disabilities,262
2013,Број,Фоча,Ж,multiple_disabilities,319
2013,Број,Хан Пијесак,Оба пола,multiple_disabilities,95
2013,Број,Хан Пијесак,M,multiple_disabilities,30
2013,Број,Хан Пијесак,Ж,multiple_disabilities,65
2013,Број,Чајниче,Оба пола,multiple_disabilities,176
2013,Број,Чајниче,M,multiple_disabilities,77
2013,Број,Чајниче,Ж,multiple_disabilities,99
2013,Број,Челинац,Оба пола,multiple_disabilities,624
2013,Број,Челинац,M,multiple_disabilities,269
2013,Број,Челинац,Ж,multiple_disabilities,355
2013,Број,Шамац,Оба пола,multiple_disabilities,567
2013,Број,Шамац,M,multiple_disabilities,228
2013,Број,Шамац,Ж,multiple_disabilities,339
2013,Број,Шековићи,Оба пола,multiple_disabilities,222
2013,Број,Шековићи,M,multiple_disabilities,101
2013,Број,Шековићи,Ж,multiple_disabilities,121
2013,Број,Шипово,Оба пола,multiple_disabilities,322
2013,Број,Шипово,M,multiple_disabilities,132
2013,Број,Шипово,Ж,multiple_disabilities,190
