Year,UNIT_MEASURE,MICS_NUMBER,Value
2000,% од укупно,Укупна стопа преваленце контрацепције,45.1
2006,% од укупно,Укупна стопа преваленце контрацепције,40.7
2011,% од укупно,Укупна стопа преваленце контрацепције,53.7
2000,% од укупно,Стопа преваленце контрацепције (употребом традиционалних методе),29.4
2006,% од укупно,Стопа преваленце контрацепције (употребом традиционалних методе),31.2
2011,% од укупно,Стопа преваленце контрацепције (употребом традиционалних методе),36.9
2000,% од укупно,Стопа преваленце контрацепције (употребом савремених метода),15.7
2006,% од укупно,Стопа преваленце контрацепције (употребом савремених метода),9.4
2011,% од укупно,Стопа преваленце контрацепције (употребом савремених метода),16.8
