Year,UNIT_MEASURE,Врста корисника,Value
2016,Број,Пунољетни корисници,23202
2017,Број,Пунољетни корисници,20279
2018,Број,Пунољетни корисници,21839
2019,Број,Пунољетни корисници,15388
2020,Број,Пунољетни корисници,13381
2016,Број,Малољетни корисници,33125
2017,Број,Малољетни корисници,28767
2018,Број,Малољетни корисници,27222
2019,Број,Малољетни корисници,21862
2020,Број,Малољетни корисници,19210
