Year,UNIT_MEASURE,Област образовања,Врста образовања,Пол,Value
2017,Број,Укупно,Mагистарске студије,Укупно,2140
2017,Број,"Природне науке, математика и статистика",Mагистарске студије,Укупно,67
2017,Број,"Инжeњерство, производња и грађевинарство",Mагистарске студије,Укупно,347
2017,Број,Информационе и комуникационе технологије,Mагистарске студије,Укупно,99
2017,Број,Здравство и социјална заштита,Mагистарске студије,Укупно,35
2017,Број,"Пољопривреда, шумарство, рибарство и ветеринарство",Mагистарске студије,Укупно,206
2017,Број,"Друштвене науке, новинарство и информисање",Mагистарске студије,Укупно,473
2017,Број,"Пословање, администрација и право",Mагистарске студије,Укупно,356
2017,Број,Oбразовање,Mагистарске студије,Укупно,236
2017,Број,Умјетност и хуманистичке науке,Mагистарске студије,Укупно,319
2017,Број,Услуге,Mагистарске студије,Укупно,2
2017,Број,Укупно,Mагистарске студије,M,917
2017,Број,"Природне науке, математика и статистика",Mагистарске студије,M,26
2017,Број,"Инжeњерство, производња и грађевинарство",Mагистарске студије,M,208
2017,Број,Информационе и комуникационе технологије,Mагистарске студије,M,80
2017,Број,Здравство и социјална заштита,Mагистарске студије,M,8
2017,Број,"Пољопривреда, шумарство, рибарство и ветеринарство",Mагистарске студије,M,114
2017,Број,"Друштвене науке, новинарство и информисање",Mагистарске студије,M,176
2017,Број,"Пословање, администрација и право",Mагистарске студије,M,124
2017,Број,Oбразовање,Mагистарске студије,M,39
2017,Број,Умјетност и хуманистичке науке,Mагистарске студије,M,142
2017,Број,Услуге,Mагистарске студије,M,0
2017,Број,Укупно,Mагистарске студије,Ж,1223
2017,Број,"Природне науке, математика и статистика",Mагистарске студије,Ж,41
2017,Број,"Инжeњерство, производња и грађевинарство",Mагистарске студије,Ж,139
2017,Број,Информационе и комуникационе технологије,Mагистарске студије,Ж,19
2017,Број,Здравство и социјална заштита,Mагистарске студије,Ж,27
2017,Број,"Пољопривреда, шумарство, рибарство и ветеринарство",Mагистарске студије,Ж,92
2017,Број,"Друштвене науке, новинарство и информисање",Mагистарске студије,Ж,297
2017,Број,"Пословање, администрација и право",Mагистарске студије,Ж,232
2017,Број,Oбразовање,Mагистарске студије,Ж,197
2017,Број,Умјетност и хуманистичке науке,Mагистарске студије,Ж,177
2017,Број,Услуге,Mагистарске студије,Ж,2
2017,Број,Укупно,Mастер студије,Укупно,31
2017,Број,"Природне науке, математика и статистика",Mастер студије,Укупно,1
2017,Број,"Инжeњерство, производња и грађевинарство",Mастер студије,Укупно,0
2017,Број,Информационе и комуникационе технологије,Mастер студије,Укупно,22
2017,Број,Здравство и социјална заштита,Mастер студије,Укупно,0
2017,Број,"Пољопривреда, шумарство, рибарство и ветеринарство",Mастер студије,Укупно,0
2017,Број,"Друштвене науке, новинарство и информисање",Mастер студије,Укупно,0
2017,Број,"Пословање, администрација и право",Mастер студије,Укупно,2
2017,Број,Oбразовање,Mастер студије,Укупно,1
2017,Број,Умјетност и хуманистичке науке,Mастер студије,Укупно,5
2017,Број,Услуге,Mастер студије,Укупно,0
2017,Број,Укупно,Mастер студије,M,21
2017,Број,"Природне науке, математика и статистика",Mастер студије,M,0
2017,Број,"Инжeњерство, производња и грађевинарство",Mастер студије,M,0
2017,Број,Информационе и комуникационе технологије,Mастер студије,M,14
2017,Број,Здравство и социјална заштита,Mастер студије,M,0
2017,Број,"Пољопривреда, шумарство, рибарство и ветеринарство",Mастер студије,M,0
2017,Број,"Друштвене науке, новинарство и информисање",Mастер студије,M,0
2017,Број,"Пословање, администрација и право",Mастер студије,M,2
2017,Број,Oбразовање,Mастер студије,M,0
2017,Број,Умјетност и хуманистичке науке,Mастер студије,M,5
2017,Број,Услуге,Mастер студије,M,0
2017,Број,Укупно,Mастер студије,Ж,10
2017,Број,"Природне науке, математика и статистика",Mастер студије,Ж,1
2017,Број,"Инжeњерство, производња и грађевинарство",Mастер студије,Ж,0
2017,Број,Информационе и комуникационе технологије,Mастер студије,Ж,8
2017,Број,Здравство и социјална заштита,Mастер студије,Ж,0
2017,Број,"Пољопривреда, шумарство, рибарство и ветеринарство",Mастер студије,Ж,0
2017,Број,"Друштвене науке, новинарство и информисање",Mастер студије,Ж,0
2017,Број,"Пословање, администрација и право",Mастер студије,Ж,0
2017,Број,Oбразовање,Mастер студије,Ж,1
2017,Број,Умјетност и хуманистичке науке,Mастер студије,Ж,0
2017,Број,Услуге,Mастер студије,Ж,0
2017,Број,Укупно,Специјалистичке студије,Укупно,73
2017,Број,"Природне науке, математика и статистика",Специјалистичке студије,Укупно,0
2017,Број,"Инжeњерство, производња и грађевинарство",Специјалистичке студије,Укупно,0
2017,Број,Информационе и комуникационе технологије,Специјалистичке студије,Укупно,0
2017,Број,Здравство и социјална заштита,Специјалистичке студије,Укупно,71
2017,Број,"Пољопривреда, шумарство, рибарство и ветеринарство",Специјалистичке студије,Укупно,0
2017,Број,"Друштвене науке, новинарство и информисање",Специјалистичке студије,Укупно,1
2017,Број,"Пословање, администрација и право",Специјалистичке студије,Укупно,1
2017,Број,Oбразовање,Специјалистичке студије,Укупно,0
2017,Број,Умјетност и хуманистичке науке,Специјалистичке студије,Укупно,0
2017,Број,Услуге,Специјалистичке студије,Укупно,0
2017,Број,Укупно,Специјалистичке студије,M,34
2017,Број,"Природне науке, математика и статистика",Специјалистичке студије,M,0
2017,Број,"Инжeњерство, производња и грађевинарство",Специјалистичке студије,M,0
2017,Број,Информационе и комуникационе технологије,Специјалистичке студије,M,0
2017,Број,Здравство и социјална заштита,Специјалистичке студије,M,33
2017,Број,"Пољопривреда, шумарство, рибарство и ветеринарство",Специјалистичке студије,M,0
2017,Број,"Друштвене науке, новинарство и информисање",Специјалистичке студије,M,1
2017,Број,"Пословање, администрација и право",Специјалистичке студије,M,0
2017,Број,Oбразовање,Специјалистичке студије,M,0
2017,Број,Умјетност и хуманистичке науке,Специјалистичке студије,M,0
2017,Број,Услуге,Специјалистичке студије,M,0
2017,Број,Укупно,Специјалистичке студије,Ж,39
2017,Број,"Природне науке, математика и статистика",Специјалистичке студије,Ж,0
2017,Број,"Инжeњерство, производња и грађевинарство",Специјалистичке студије,Ж,0
2017,Број,Информационе и комуникационе технологије,Специјалистичке студије,Ж,0
2017,Број,Здравство и социјална заштита,Специјалистичке студије,Ж,38
2017,Број,"Пољопривреда, шумарство, рибарство и ветеринарство",Специјалистичке студије,Ж,0
2017,Број,"Друштвене науке, новинарство и информисање",Специјалистичке студије,Ж,0
2017,Број,"Пословање, администрација и право",Специјалистичке студије,Ж,1
2017,Број,Oбразовање,Специјалистичке студије,Ж,0
2017,Број,Умјетност и хуманистичке науке,Специјалистичке студије,Ж,0
2017,Број,Услуге,Специјалистичке студије,Ж,0
2018,Број,Укупно,Mагистарске студије,Укупно,14
2018,Број,"Природне науке, математика и статистика",Mагистарске студије,Укупно,0
2018,Број,"Инжeњерство, производња и грађевинарство",Mагистарске студије,Укупно,0
2018,Број,Информационе и комуникационе технологије,Mагистарске студије,Укупно,0
2018,Број,Здравство и социјална заштита,Mагистарске студије,Укупно,0
2018,Број,"Пољопривреда, шумарство, рибарство и ветеринарство",Mагистарске студије,Укупно,1
2018,Број,"Друштвене науке, новинарство и информисање",Mагистарске студије,Укупно,1
2018,Број,"Пословање, администрација и право",Mагистарске студије,Укупно,0
2018,Број,Oбразовање,Mагистарске студије,Укупно,9
2018,Број,Умјетност и хуманистичке науке,Mагистарске студије,Укупно,3
2018,Број,Услуге,Mагистарске студије,Укупно,0
2018,Број,Укупно,Mагистарске студије,M,6
2018,Број,"Природне науке, математика и статистика",Mагистарске студије,M,0
2018,Број,"Инжeњерство, производња и грађевинарство",Mагистарске студије,M,0
2018,Број,Информационе и комуникационе технологије,Mагистарске студије,M,0
2018,Број,Здравство и социјална заштита,Mагистарске студије,M,0
2018,Број,"Пољопривреда, шумарство, рибарство и ветеринарство",Mагистарске студије,M,0
2018,Број,"Друштвене науке, новинарство и информисање",Mагистарске студије,M,1
2018,Број,"Пословање, администрација и право",Mагистарске студије,M,0
2018,Број,Oбразовање,Mагистарске студије,M,2
2018,Број,Умјетност и хуманистичке науке,Mагистарске студије,M,3
2018,Број,Услуге,Mагистарске студије,M,0
2018,Број,Укупно,Mагистарске студије,Ж,8
2018,Број,"Природне науке, математика и статистика",Mагистарске студије,Ж,0
2018,Број,"Инжeњерство, производња и грађевинарство",Mагистарске студије,Ж,0
2018,Број,Информационе и комуникационе технологије,Mагистарске студије,Ж,0
2018,Број,Здравство и социјална заштита,Mагистарске студије,Ж,0
2018,Број,"Пољопривреда, шумарство, рибарство и ветеринарство",Mагистарске студије,Ж,1
2018,Број,"Друштвене науке, новинарство и информисање",Mагистарске студије,Ж,0
2018,Број,"Пословање, администрација и право",Mагистарске студије,Ж,0
2018,Број,Oбразовање,Mагистарске студије,Ж,7
2018,Број,Умјетност и хуманистичке науке,Mагистарске студије,Ж,0
2018,Број,Услуге,Mагистарске студије,Ж,0
2018,Број,Укупно,Mастер студије,Укупно,2144
2018,Број,"Природне науке, математика и статистика",Mастер студије,Укупно,76
2018,Број,"Инжeњерство, производња и грађевинарство",Mастер студије,Укупно,362
2018,Број,Информационе и комуникационе технологије,Mастер студије,Укупно,120
2018,Број,Здравство и социјална заштита,Mастер студије,Укупно,42
2018,Број,"Пољопривреда, шумарство, рибарство и ветеринарство",Mастер студије,Укупно,189
2018,Број,"Друштвене науке, новинарство и информисање",Mастер студије,Укупно,503
2018,Број,"Пословање, администрација и право",Mастер студије,Укупно,240
2018,Број,Oбразовање,Mастер студије,Укупно,314
2018,Број,Умјетност и хуманистичке науке,Mастер студије,Укупно,291
2018,Број,Услуге,Mастер студије,Укупно,7
2018,Број,Укупно,Mастер студије,M,937
2018,Број,"Природне науке, математика и статистика",Mастер студије,M,28
2018,Број,"Инжeњерство, производња и грађевинарство",Mастер студије,M,229
2018,Број,Информационе и комуникационе технологије,Mастер студије,M,83
2018,Број,Здравство и социјална заштита,Mастер студије,M,12
2018,Број,"Пољопривреда, шумарство, рибарство и ветеринарство",Mастер студије,M,98
2018,Број,"Друштвене науке, новинарство и информисање",Mастер студије,M,163
2018,Број,"Пословање, администрација и право",Mастер студије,M,85
2018,Број,Oбразовање,Mастер студије,M,103
2018,Број,Умјетност и хуманистичке науке,Mастер студије,M,133
2018,Број,Услуге,Mастер студије,M,3
2018,Број,Укупно,Mастер студије,Ж,1207
2018,Број,"Природне науке, математика и статистика",Mастер студије,Ж,48
2018,Број,"Инжeњерство, производња и грађевинарство",Mастер студије,Ж,133
2018,Број,Информационе и комуникационе технологије,Mастер студије,Ж,37
2018,Број,Здравство и социјална заштита,Mастер студије,Ж,30
2018,Број,"Пољопривреда, шумарство, рибарство и ветеринарство",Mастер студије,Ж,91
2018,Број,"Друштвене науке, новинарство и информисање",Mастер студије,Ж,340
2018,Број,"Пословање, администрација и право",Mастер студије,Ж,155
2018,Број,Oбразовање,Mастер студије,Ж,211
2018,Број,Умјетност и хуманистичке науке,Mастер студије,Ж,158
2018,Број,Услуге,Mастер студије,Ж,4
2018,Број,Укупно,Специјалистичке студије,Укупно,160
2018,Број,"Природне науке, математика и статистика",Специјалистичке студије,Укупно,0
2018,Број,"Инжeњерство, производња и грађевинарство",Специјалистичке студије,Укупно,0
2018,Број,Информационе и комуникационе технологије,Специјалистичке студије,Укупно,0
2018,Број,Здравство и социјална заштита,Специјалистичке студије,Укупно,156
2018,Број,"Пољопривреда, шумарство, рибарство и ветеринарство",Специјалистичке студије,Укупно,0
2018,Број,"Друштвене науке, новинарство и информисање",Специјалистичке студије,Укупно,1
2018,Број,"Пословање, администрација и право",Специјалистичке студије,Укупно,0
2018,Број,Oбразовање,Специјалистичке студије,Укупно,2
2018,Број,Умјетност и хуманистичке науке,Специјалистичке студије,Укупно,1
2018,Број,Услуге,Специјалистичке студије,Укупно,0
2018,Број,Укупно,Специјалистичке студије,M,66
2018,Број,"Природне науке, математика и статистика",Специјалистичке студије,M,0
2018,Број,"Инжeњерство, производња и грађевинарство",Специјалистичке студије,M,0
2018,Број,Информационе и комуникационе технологије,Специјалистичке студије,M,0
2018,Број,Здравство и социјална заштита,Специјалистичке студије,M,64
2018,Број,"Пољопривреда, шумарство, рибарство и ветеринарство",Специјалистичке студије,M,0
2018,Број,"Друштвене науке, новинарство и информисање",Специјалистичке студије,M,1
2018,Број,"Пословање, администрација и право",Специјалистичке студије,M,0
2018,Број,Oбразовање,Специјалистичке студије,M,0
2018,Број,Умјетност и хуманистичке науке,Специјалистичке студије,M,1
2018,Број,Услуге,Специјалистичке студије,M,0
2018,Број,Укупно,Специјалистичке студије,Ж,94
2018,Број,"Природне науке, математика и статистика",Специјалистичке студије,Ж,0
2018,Број,"Инжeњерство, производња и грађевинарство",Специјалистичке студије,Ж,0
2018,Број,Информационе и комуникационе технологије,Специјалистичке студије,Ж,0
2018,Број,Здравство и социјална заштита,Специјалистичке студије,Ж,92
2018,Број,"Пољопривреда, шумарство, рибарство и ветеринарство",Специјалистичке студије,Ж,0
2018,Број,"Друштвене науке, новинарство и информисање",Специјалистичке студије,Ж,0
2018,Број,"Пословање, администрација и право",Специјалистичке студије,Ж,0
2018,Број,Oбразовање,Специјалистичке студије,Ж,2
2018,Број,Умјетност и хуманистичке науке,Специјалистичке студије,Ж,0
2018,Број,Услуге,Специјалистичке студије,Ж,0
2019,Број,Укупно,Mагистарске студије,Укупно,16
2019,Број,"Природне науке, математика и статистика",Mагистарске студије,Укупно,0
2019,Број,"Инжeњерство, производња и грађевинарство",Mагистарске студије,Укупно,13
2019,Број,Информационе и комуникационе технологије,Mагистарске студије,Укупно,0
2019,Број,Здравство и социјална заштита,Mагистарске студије,Укупно,0
2019,Број,"Пољопривреда, шумарство, рибарство и ветеринарство",Mагистарске студије,Укупно,0
2019,Број,"Друштвене науке, новинарство и информисање",Mагистарске студије,Укупно,0
2019,Број,"Пословање, администрација и право",Mагистарске студије,Укупно,0
2019,Број,Oбразовање,Mагистарске студије,Укупно,2
2019,Број,Умјетност и хуманистичке науке,Mагистарске студије,Укупно,1
2019,Број,Услуге,Mагистарске студије,Укупно,0
2019,Број,Укупно,Mагистарске студије,M,12
2019,Број,"Природне науке, математика и статистика",Mагистарске студије,M,0
2019,Број,"Инжeњерство, производња и грађевинарство",Mагистарске студије,M,10
2019,Број,Информационе и комуникационе технологије,Mагистарске студије,M,0
2019,Број,Здравство и социјална заштита,Mагистарске студије,M,0
2019,Број,"Пољопривреда, шумарство, рибарство и ветеринарство",Mагистарске студије,M,0
2019,Број,"Друштвене науке, новинарство и информисање",Mагистарске студије,M,0
2019,Број,"Пословање, администрација и право",Mагистарске студије,M,0
2019,Број,Oбразовање,Mагистарске студије,M,1
2019,Број,Умјетност и хуманистичке науке,Mагистарске студије,M,1
2019,Број,Услуге,Mагистарске студије,M,0
2019,Број,Укупно,Mагистарске студије,Ж,4
2019,Број,"Природне науке, математика и статистика",Mагистарске студије,Ж,0
2019,Број,"Инжeњерство, производња и грађевинарство",Mагистарске студије,Ж,3
2019,Број,Информационе и комуникационе технологије,Mагистарске студије,Ж,0
2019,Број,Здравство и социјална заштита,Mагистарске студије,Ж,0
2019,Број,"Пољопривреда, шумарство, рибарство и ветеринарство",Mагистарске студије,Ж,0
2019,Број,"Друштвене науке, новинарство и информисање",Mагистарске студије,Ж,0
2019,Број,"Пословање, администрација и право",Mагистарске студије,Ж,0
2019,Број,Oбразовање,Mагистарске студије,Ж,1
2019,Број,Умјетност и хуманистичке науке,Mагистарске студије,Ж,0
2019,Број,Услуге,Mагистарске студије,Ж,0
2019,Број,Укупно,Mастер студије,Укупно,2109
2019,Број,"Природне науке, математика и статистика",Mастер студије,Укупно,79
2019,Број,"Инжeњерство, производња и грађевинарство",Mастер студије,Укупно,394
2019,Број,Информационе и комуникационе технологије,Mастер студије,Укупно,80
2019,Број,Здравство и социјална заштита,Mастер студије,Укупно,45
2019,Број,"Пољопривреда, шумарство, рибарство и ветеринарство",Mастер студије,Укупно,188
2019,Број,"Друштвене науке, новинарство и информисање",Mастер студије,Укупно,492
2019,Број,"Пословање, администрација и право",Mастер студије,Укупно,236
2019,Број,Oбразовање,Mастер студије,Укупно,298
2019,Број,Умјетност и хуманистичке науке,Mастер студије,Укупно,291
2019,Број,Услуге,Mастер студије,Укупно,6
2019,Број,Укупно,Mастер студије,M,930
2019,Број,"Природне науке, математика и статистика",Mастер студије,M,22
2019,Број,"Инжeњерство, производња и грађевинарство",Mастер студије,M,243
2019,Број,Информационе и комуникационе технологије,Mастер студије,M,59
2019,Број,Здравство и социјална заштита,Mастер студије,M,10
2019,Број,"Пољопривреда, шумарство, рибарство и ветеринарство",Mастер студије,M,98
2019,Број,"Друштвене науке, новинарство и информисање",Mастер студије,M,160
2019,Број,"Пословање, администрација и право",Mастер студије,M,89
2019,Број,Oбразовање,Mастер студије,M,104
2019,Број,Умјетност и хуманистичке науке,Mастер студије,M,142
2019,Број,Услуге,Mастер студије,M,3
2019,Број,Укупно,Mастер студије,Ж,1179
2019,Број,"Природне науке, математика и статистика",Mастер студије,Ж,57
2019,Број,"Инжeњерство, производња и грађевинарство",Mастер студије,Ж,151
2019,Број,Информационе и комуникационе технологије,Mастер студије,Ж,21
2019,Број,Здравство и социјална заштита,Mастер студије,Ж,35
2019,Број,"Пољопривреда, шумарство, рибарство и ветеринарство",Mастер студије,Ж,90
2019,Број,"Друштвене науке, новинарство и информисање",Mастер студије,Ж,332
2019,Број,"Пословање, администрација и право",Mастер студије,Ж,147
2019,Број,Oбразовање,Mастер студије,Ж,194
2019,Број,Умјетност и хуманистичке науке,Mастер студије,Ж,149
2019,Број,Услуге,Mастер студије,Ж,3
2019,Број,Укупно,Специјалистичке студије,Укупно,170
2019,Број,"Природне науке, математика и статистика",Специјалистичке студије,Укупно,0
2019,Број,"Инжeњерство, производња и грађевинарство",Специјалистичке студије,Укупно,0
2019,Број,Информационе и комуникационе технологије,Специјалистичке студије,Укупно,0
2019,Број,Здравство и социјална заштита,Специјалистичке студије,Укупно,170
2019,Број,"Пољопривреда, шумарство, рибарство и ветеринарство",Специјалистичке студије,Укупно,0
2019,Број,"Друштвене науке, новинарство и информисање",Специјалистичке студије,Укупно,0
2019,Број,"Пословање, администрација и право",Специјалистичке студије,Укупно,0
2019,Број,Oбразовање,Специјалистичке студије,Укупно,0
2019,Број,Умјетност и хуманистичке науке,Специјалистичке студије,Укупно,0
2019,Број,Услуге,Специјалистичке студије,Укупно,0
2019,Број,Укупно,Специјалистичке студије,M,72
2019,Број,"Природне науке, математика и статистика",Специјалистичке студије,M,0
2019,Број,"Инжeњерство, производња и грађевинарство",Специјалистичке студије,M,0
2019,Број,Информационе и комуникационе технологије,Специјалистичке студије,M,0
2019,Број,Здравство и социјална заштита,Специјалистичке студије,M,72
2019,Број,"Пољопривреда, шумарство, рибарство и ветеринарство",Специјалистичке студије,M,0
2019,Број,"Друштвене науке, новинарство и информисање",Специјалистичке студије,M,0
2019,Број,"Пословање, администрација и право",Специјалистичке студије,M,0
2019,Број,Oбразовање,Специјалистичке студије,M,0
2019,Број,Умјетност и хуманистичке науке,Специјалистичке студије,M,0
2019,Број,Услуге,Специјалистичке студије,M,0
2019,Број,Укупно,Специјалистичке студије,Ж,98
2019,Број,"Природне науке, математика и статистика",Специјалистичке студије,Ж,0
2019,Број,"Инжeњерство, производња и грађевинарство",Специјалистичке студије,Ж,0
2019,Број,Информационе и комуникационе технологије,Специјалистичке студије,Ж,0
2019,Број,Здравство и социјална заштита,Специјалистичке студије,Ж,98
2019,Број,"Пољопривреда, шумарство, рибарство и ветеринарство",Специјалистичке студије,Ж,0
2019,Број,"Друштвене науке, новинарство и информисање",Специјалистичке студије,Ж,0
2019,Број,"Пословање, администрација и право",Специјалистичке студије,Ж,0
2019,Број,Oбразовање,Специјалистичке студије,Ж,0
2019,Број,Умјетност и хуманистичке науке,Специјалистичке студије,Ж,0
2019,Број,Услуге,Специјалистичке студије,Ж,0
2020,Број,Укупно,Mагистарске студије,Укупно,4
2020,Број,"Природне науке, математика и статистика",Mагистарске студије,Укупно,0
2020,Број,"Инжeњерство, производња и грађевинарство",Mагистарске студије,Укупно,0
2020,Број,Информационе и комуникационе технологије,Mагистарске студије,Укупно,0
2020,Број,Здравство и социјална заштита,Mагистарске студије,Укупно,0
2020,Број,"Пољопривреда, шумарство, рибарство и ветеринарство",Mагистарске студије,Укупно,0
2020,Број,"Друштвене науке, новинарство и информисање",Mагистарске студије,Укупно,0
2020,Број,"Пословање, администрација и право",Mагистарске студије,Укупно,2
2020,Број,Oбразовање,Mагистарске студије,Укупно,2
2020,Број,Умјетност и хуманистичке науке,Mагистарске студије,Укупно,0
2020,Број,Услуге,Mагистарске студије,Укупно,0
2020,Број,Укупно,Mагистарске студије,M,3
2020,Број,"Природне науке, математика и статистика",Mагистарске студије,M,0
2020,Број,"Инжeњерство, производња и грађевинарство",Mагистарске студије,M,0
2020,Број,Информационе и комуникационе технологије,Mагистарске студије,M,0
2020,Број,Здравство и социјална заштита,Mагистарске студије,M,0
2020,Број,"Пољопривреда, шумарство, рибарство и ветеринарство",Mагистарске студије,M,0
2020,Број,"Друштвене науке, новинарство и информисање",Mагистарске студије,M,0
2020,Број,"Пословање, администрација и право",Mагистарске студије,M,1
2020,Број,Oбразовање,Mагистарске студије,M,2
2020,Број,Умјетност и хуманистичке науке,Mагистарске студије,M,0
2020,Број,Услуге,Mагистарске студије,M,0
2020,Број,Укупно,Mагистарске студије,Ж,1
2020,Број,"Природне науке, математика и статистика",Mагистарске студије,Ж,0
2020,Број,"Инжeњерство, производња и грађевинарство",Mагистарске студије,Ж,0
2020,Број,Информационе и комуникационе технологије,Mагистарске студије,Ж,0
2020,Број,Здравство и социјална заштита,Mагистарске студије,Ж,0
2020,Број,"Пољопривреда, шумарство, рибарство и ветеринарство",Mагистарске студије,Ж,0
2020,Број,"Друштвене науке, новинарство и информисање",Mагистарске студије,Ж,0
2020,Број,"Пословање, администрација и право",Mагистарске студије,Ж,1
2020,Број,Oбразовање,Mагистарске студије,Ж,0
2020,Број,Умјетност и хуманистичке науке,Mагистарске студије,Ж,0
2020,Број,Услуге,Mагистарске студије,Ж,0
2020,Број,Укупно,Mастер студије,Укупно,2430
2020,Број,"Природне науке, математика и статистика",Mастер студије,Укупно,93
2020,Број,"Инжeњерство, производња и грађевинарство",Mастер студије,Укупно,399
2020,Број,Информационе и комуникационе технологије,Mастер студије,Укупно,117
2020,Број,Здравство и социјална заштита,Mастер студије,Укупно,52
2020,Број,"Пољопривреда, шумарство, рибарство и ветеринарство",Mастер студије,Укупно,216
2020,Број,"Друштвене науке, новинарство и информисање",Mастер студије,Укупно,619
2020,Број,"Пословање, администрација и право",Mастер студије,Укупно,216
2020,Број,Oбразовање,Mастер студије,Укупно,381
2020,Број,Умјетност и хуманистичке науке,Mастер студије,Укупно,328
2020,Број,Услуге,Mастер студије,Укупно,9
2020,Број,Укупно,Mастер студије,M,1036
2020,Број,"Природне науке, математика и статистика",Mастер студије,M,26
2020,Број,"Инжeњерство, производња и грађевинарство",Mастер студије,M,252
2020,Број,Информационе и комуникационе технологије,Mастер студије,M,82
2020,Број,Здравство и социјална заштита,Mастер студије,M,10
2020,Број,"Пољопривреда, шумарство, рибарство и ветеринарство",Mастер студије,M,119
2020,Број,"Друштвене науке, новинарство и информисање",Mастер студије,M,194
2020,Број,"Пословање, администрација и право",Mастер студије,M,79
2020,Број,Oбразовање,Mастер студије,M,129
2020,Број,Умјетност и хуманистичке науке,Mастер студије,M,142
2020,Број,Услуге,Mастер студије,M,3
2020,Број,Укупно,Mастер студије,Ж,1394
2020,Број,"Природне науке, математика и статистика",Mастер студије,Ж,67
2020,Број,"Инжeњерство, производња и грађевинарство",Mастер студије,Ж,147
2020,Број,Информационе и комуникационе технологије,Mастер студије,Ж,35
2020,Број,Здравство и социјална заштита,Mастер студије,Ж,42
2020,Број,"Пољопривреда, шумарство, рибарство и ветеринарство",Mастер студије,Ж,97
2020,Број,"Друштвене науке, новинарство и информисање",Mастер студије,Ж,425
2020,Број,"Пословање, администрација и право",Mастер студије,Ж,137
2020,Број,Oбразовање,Mастер студије,Ж,252
2020,Број,Умјетност и хуманистичке науке,Mастер студије,Ж,186
2020,Број,Услуге,Mастер студије,Ж,6
2020,Број,Укупно,Специјалистичке студије,Укупно,170
2020,Број,"Природне науке, математика и статистика",Специјалистичке студије,Укупно,0
2020,Број,"Инжeњерство, производња и грађевинарство",Специјалистичке студије,Укупно,0
2020,Број,Информационе и комуникационе технологије,Специјалистичке студије,Укупно,0
2020,Број,Здравство и социјална заштита,Специјалистичке студије,Укупно,170
2020,Број,"Пољопривреда, шумарство, рибарство и ветеринарство",Специјалистичке студије,Укупно,0
2020,Број,"Друштвене науке, новинарство и информисање",Специјалистичке студије,Укупно,0
2020,Број,"Пословање, администрација и право",Специјалистичке студије,Укупно,0
2020,Број,Oбразовање,Специјалистичке студије,Укупно,0
2020,Број,Умјетност и хуманистичке науке,Специјалистичке студије,Укупно,0
2020,Број,Услуге,Специјалистичке студије,Укупно,0
2020,Број,Укупно,Специјалистичке студије,M,39
2020,Број,"Природне науке, математика и статистика",Специјалистичке студије,M,0
2020,Број,"Инжeњерство, производња и грађевинарство",Специјалистичке студије,M,0
2020,Број,Информационе и комуникационе технологије,Специјалистичке студије,M,0
2020,Број,Здравство и социјална заштита,Специјалистичке студије,M,39
2020,Број,"Пољопривреда, шумарство, рибарство и ветеринарство",Специјалистичке студије,M,0
2020,Број,"Друштвене науке, новинарство и информисање",Специјалистичке студије,M,0
2020,Број,"Пословање, администрација и право",Специјалистичке студије,M,0
2020,Број,Oбразовање,Специјалистичке студије,M,0
2020,Број,Умјетност и хуманистичке науке,Специјалистичке студије,M,0
2020,Број,Услуге,Специјалистичке студије,M,0
2020,Број,Укупно,Специјалистичке студије,Ж,131
2020,Број,"Природне науке, математика и статистика",Специјалистичке студије,Ж,0
2020,Број,"Инжeњерство, производња и грађевинарство",Специјалистичке студије,Ж,0
2020,Број,Информационе и комуникационе технологије,Специјалистичке студије,Ж,0
2020,Број,Здравство и социјална заштита,Специјалистичке студије,Ж,131
2020,Број,"Пољопривреда, шумарство, рибарство и ветеринарство",Специјалистичке студије,Ж,0
2020,Број,"Друштвене науке, новинарство и информисање",Специјалистичке студије,Ж,0
2020,Број,"Пословање, администрација и право",Специјалистичке студије,Ж,0
2020,Број,Oбразовање,Специјалистичке студије,Ж,0
2020,Број,Умјетност и хуманистичке науке,Специјалистичке студије,Ж,0
2020,Број,Услуге,Специјалистичке студије,Ж,0
2021,Број,Укупно,Mагистарске студије,Укупно,1
2021,Број,"Природне науке, математика и статистика",Mагистарске студије,Укупно,0
2021,Број,"Инжeњерство, производња и грађевинарство",Mагистарске студије,Укупно,1
2021,Број,Информационе и комуникационе технологије,Mагистарске студије,Укупно,0
2021,Број,Здравство и социјална заштита,Mагистарске студије,Укупно,0
2021,Број,"Пољопривреда, шумарство, рибарство и ветеринарство",Mагистарске студије,Укупно,0
2021,Број,"Друштвене науке, новинарство и информисање",Mагистарске студије,Укупно,0
2021,Број,"Пословање, администрација и право",Mагистарске студије,Укупно,0
2021,Број,Oбразовање,Mагистарске студије,Укупно,0
2021,Број,Умјетност и хуманистичке науке,Mагистарске студије,Укупно,0
2021,Број,Услуге,Mагистарске студије,Укупно,0
2021,Број,Укупно,Mагистарске студије,M,1
2021,Број,"Природне науке, математика и статистика",Mагистарске студије,M,0
2021,Број,"Инжeњерство, производња и грађевинарство",Mагистарске студије,M,1
2021,Број,Информационе и комуникационе технологије,Mагистарске студије,M,0
2021,Број,Здравство и социјална заштита,Mагистарске студије,M,0
2021,Број,"Пољопривреда, шумарство, рибарство и ветеринарство",Mагистарске студије,M,0
2021,Број,"Друштвене науке, новинарство и информисање",Mагистарске студије,M,0
2021,Број,"Пословање, администрација и право",Mагистарске студије,M,0
2021,Број,Oбразовање,Mагистарске студије,M,0
2021,Број,Умјетност и хуманистичке науке,Mагистарске студије,M,0
2021,Број,Услуге,Mагистарске студије,M,0
2021,Број,Укупно,Mагистарске студије,Ж,0
2021,Број,"Природне науке, математика и статистика",Mагистарске студије,Ж,0
2021,Број,"Инжeњерство, производња и грађевинарство",Mагистарске студије,Ж,0
2021,Број,Информационе и комуникационе технологије,Mагистарске студије,Ж,0
2021,Број,Здравство и социјална заштита,Mагистарске студије,Ж,0
2021,Број,"Пољопривреда, шумарство, рибарство и ветеринарство",Mагистарске студије,Ж,0
2021,Број,"Друштвене науке, новинарство и информисање",Mагистарске студије,Ж,0
2021,Број,"Пословање, администрација и право",Mагистарске студије,Ж,0
2021,Број,Oбразовање,Mагистарске студије,Ж,0
2021,Број,Умјетност и хуманистичке науке,Mагистарске студије,Ж,0
2021,Број,Услуге,Mагистарске студије,Ж,0
2021,Број,"Природне науке, математика и статистика",Mастер студије,Укупно,2334
2021,Број,"Инжeњерство, производња и грађевинарство",Mастер студије,Укупно,93
2021,Број,Информационе и комуникационе технологије,Mастер студије,Укупно,461
2021,Број,Здравство и социјална заштита,Mастер студије,Укупно,86
2021,Број,"Пољопривреда, шумарство, рибарство и ветеринарство",Mастер студије,Укупно,69
2021,Број,"Друштвене науке, новинарство и информисање",Mастер студије,Укупно,200
2021,Број,"Пословање, администрација и право",Mастер студије,Укупно,546
2021,Број,Oбразовање,Mастер студије,Укупно,200
2021,Број,Умјетност и хуманистичке науке,Mастер студије,Укупно,367
2021,Број,Услуге,Mастер студије,Укупно,307
2021,Број,Укупно,Mастер студије,M,5
2021,Број,"Природне науке, математика и статистика",Mастер студије,M,915
2021,Број,"Инжeњерство, производња и грађевинарство",Mастер студије,M,24
2021,Број,Информационе и комуникационе технологије,Mастер студије,M,249
2021,Број,Здравство и социјална заштита,Mастер студије,M,60
2021,Број,"Пољопривреда, шумарство, рибарство и ветеринарство",Mастер студије,M,14
2021,Број,"Друштвене науке, новинарство и информисање",Mастер студије,M,101
2021,Број,"Пословање, администрација и право",Mастер студије,M,177
2021,Број,Oбразовање,Mастер студије,M,60
2021,Број,Умјетност и хуманистичке науке,Mастер студије,M,100
2021,Број,Услуге,Mастер студије,M,130
2021,Број,Укупно,Mастер студије,Ж,1419
2021,Број,"Природне науке, математика и статистика",Mастер студије,Ж,69
2021,Број,"Инжeњерство, производња и грађевинарство",Mастер студије,Ж,212
2021,Број,Информационе и комуникационе технологије,Mастер студије,Ж,26
2021,Број,Здравство и социјална заштита,Mастер студије,Ж,55
2021,Број,"Пољопривреда, шумарство, рибарство и ветеринарство",Mастер студије,Ж,99
2021,Број,"Друштвене науке, новинарство и информисање",Mастер студије,Ж,369
2021,Број,"Пословање, администрација и право",Mастер студије,Ж,140
2021,Број,Oбразовање,Mастер студије,Ж,267
2021,Број,Умјетност и хуманистичке науке,Mастер студије,Ж,177
2021,Број,Услуге,Mастер студије,Ж,5
2021,Број,Укупно,Специјалистичке студије,Укупно,156
2021,Број,"Природне науке, математика и статистика",Специјалистичке студије,Укупно,0
2021,Број,"Инжeњерство, производња и грађевинарство",Специјалистичке студије,Укупно,0
2021,Број,Информационе и комуникационе технологије,Специјалистичке студије,Укупно,1
2021,Број,Здравство и социјална заштита,Специјалистичке студије,Укупно,155
2021,Број,"Пољопривреда, шумарство, рибарство и ветеринарство",Специјалистичке студије,Укупно,0
2021,Број,"Друштвене науке, новинарство и информисање",Специјалистичке студије,Укупно,0
2021,Број,"Пословање, администрација и право",Специјалистичке студије,Укупно,0
2021,Број,Oбразовање,Специјалистичке студије,Укупно,0
2021,Број,Умјетност и хуманистичке науке,Специјалистичке студије,Укупно,0
2021,Број,Услуге,Специјалистичке студије,Укупно,0
2021,Број,Укупно,Специјалистичке студије,M,44
2021,Број,"Природне науке, математика и статистика",Специјалистичке студије,M,0
2021,Број,"Инжeњерство, производња и грађевинарство",Специјалистичке студије,M,0
2021,Број,Информационе и комуникационе технологије,Специјалистичке студије,M,0
2021,Број,Здравство и социјална заштита,Специјалистичке студије,M,44
2021,Број,"Пољопривреда, шумарство, рибарство и ветеринарство",Специјалистичке студије,M,0
2021,Број,"Друштвене науке, новинарство и информисање",Специјалистичке студије,M,0
2021,Број,"Пословање, администрација и право",Специјалистичке студије,M,0
2021,Број,Oбразовање,Специјалистичке студије,M,0
2021,Број,Умјетност и хуманистичке науке,Специјалистичке студије,M,0
2021,Број,Услуге,Специјалистичке студије,M,0
2021,Број,Укупно,Специјалистичке студије,Ж,112
2021,Број,"Природне науке, математика и статистика",Специјалистичке студије,Ж,0
2021,Број,"Инжeњерство, производња и грађевинарство",Специјалистичке студије,Ж,0
2021,Број,Информационе и комуникационе технологије,Специјалистичке студије,Ж,1
2021,Број,Здравство и социјална заштита,Специјалистичке студије,Ж,111
2021,Број,"Пољопривреда, шумарство, рибарство и ветеринарство",Специјалистичке студије,Ж,0
2021,Број,"Друштвене науке, новинарство и информисање",Специјалистичке студије,Ж,0
2021,Број,"Пословање, администрација и право",Специјалистичке студије,Ж,0
2021,Број,Oбразовање,Специјалистичке студије,Ж,0
2021,Број,Умјетност и хуманистичке науке,Специјалистичке студије,Ж,0
2021,Број,Услуге,Специјалистичке студије,Ж,0
