Year,UNIT_MEASURE,Област образовања,Пол,Value
2017,Број,Укупно,Укупно,534
2017,Број,"Друштвене науке, новинарство и информисање",Укупно,100
2017,Број,Умјетност и хуманистичке науке,Укупно,100
2017,Број,Информационе и комуникационе технологије,Укупно,17
2017,Број,"Инжeњерство, производња и грађевинарство",Укупно,32
2017,Број,Oбразовање,Укупно,51
2017,Број,"Пољопривреда, шумарство, рибарство и ветеринарство",Укупно,20
2017,Број,"Пословање, администрација и право",Укупно,80
2017,Број,"Природне науке, математика и статистика",Укупно,15
2017,Број,Услуге,Укупно,1
2017,Број,Здравство и социјална заштита,Укупно,118
2017,Број,Укупно,M,252
2017,Број,"Друштвене науке, новинарство и информисање",M,45
2017,Број,Умјетност и хуманистичке науке,M,49
2017,Број,Информационе и комуникационе технологије,M,14
2017,Број,"Инжeњерство, производња и грађевинарство",M,17
2017,Број,Oбразовање,M,14
2017,Број,"Пољопривреда, шумарство, рибарство и ветеринарство",M,10
2017,Број,"Пословање, администрација и право",M,48
2017,Број,"Природне науке, математика и статистика",M,6
2017,Број,Услуге,M,1
2017,Број,Здравство и социјална заштита,M,48
2017,Број,Укупно,Ж,282
2017,Број,"Друштвене науке, новинарство и информисање",Ж,55
2017,Број,Умјетност и хуманистичке науке,Ж,51
2017,Број,Информационе и комуникационе технологије,Ж,3
2017,Број,"Инжeњерство, производња и грађевинарство",Ж,15
2017,Број,Oбразовање,Ж,37
2017,Број,"Пољопривреда, шумарство, рибарство и ветеринарство",Ж,10
2017,Број,"Пословање, администрација и право",Ж,32
2017,Број,"Природне науке, математика и статистика",Ж,9
2017,Број,Услуге,Ж,0
2017,Број,Здравство и социјална заштита,Ж,70
2018,Број,Укупно,Укупно,530
2018,Број,"Друштвене науке, новинарство и информисање",Укупно,101
2018,Број,Умјетност и хуманистичке науке,Укупно,76
2018,Број,Информационе и комуникационе технологије,Укупно,22
2018,Број,"Инжeњерство, производња и грађевинарство",Укупно,33
2018,Број,Oбразовање,Укупно,55
2018,Број,"Пољопривреда, шумарство, рибарство и ветеринарство",Укупно,27
2018,Број,"Пословање, администрација и право",Укупно,67
2018,Број,"Природне науке, математика и статистика",Укупно,23
2018,Број,Услуге,Укупно,3
2018,Број,Здравство и социјална заштита,Укупно,123
2018,Број,Укупно,M,322
2018,Број,"Друштвене науке, новинарство и информисање",M,64
2018,Број,Умјетност и хуманистичке науке,M,46
2018,Број,Информационе и комуникационе технологије,M,5
2018,Број,"Инжeњерство, производња и грађевинарство",M,17
2018,Број,Oбразовање,M,35
2018,Број,"Пољопривреда, шумарство, рибарство и ветеринарство",M,13
2018,Број,"Пословање, администрација и право",M,36
2018,Број,"Природне науке, математика и статистика",M,18
2018,Број,Услуге,M,3
2018,Број,Здравство и социјална заштита,M,85
2018,Број,Укупно,Ж,208
2018,Број,"Друштвене науке, новинарство и информисање",Ж,37
2018,Број,Умјетност и хуманистичке науке,Ж,30
2018,Број,Информационе и комуникационе технологије,Ж,17
2018,Број,"Инжeњерство, производња и грађевинарство",Ж,16
2018,Број,Oбразовање,Ж,20
2018,Број,"Пољопривреда, шумарство, рибарство и ветеринарство",Ж,14
2018,Број,"Пословање, администрација и право",Ж,31
2018,Број,"Природне науке, математика и статистика",Ж,5
2018,Број,Услуге,Ж,0
2018,Број,Здравство и социјална заштита,Ж,38
2019,Број,Укупно,Укупно,466
2019,Број,"Друштвене науке, новинарство и информисање",Укупно,148
2019,Број,Умјетност и хуманистичке науке,Укупно,59
2019,Број,Информационе и комуникационе технологије,Укупно,10
2019,Број,"Инжeњерство, производња и грађевинарство",Укупно,30
2019,Број,Oбразовање,Укупно,48
2019,Број,"Пољопривреда, шумарство, рибарство и ветеринарство",Укупно,11
2019,Број,"Пословање, администрација и право",Укупно,35
2019,Број,"Природне науке, математика и статистика",Укупно,24
2019,Број,Услуге,Укупно,1
2019,Број,Здравство и социјална заштита,Укупно,100
2019,Број,Укупно,M,188
2019,Број,"Друштвене науке, новинарство и информисање",M,65
2019,Број,Умјетност и хуманистичке науке,M,21
2019,Број,Информационе и комуникационе технологије,M,6
2019,Број,"Инжeњерство, производња и грађевинарство",M,12
2019,Број,Oбразовање,M,12
2019,Број,"Пољопривреда, шумарство, рибарство и ветеринарство",M,4
2019,Број,"Пословање, администрација и право",M,22
2019,Број,"Природне науке, математика и статистика",M,9
2019,Број,Услуге,M,1
2019,Број,Здравство и социјална заштита,M,36
2019,Број,Укупно,Ж,278
2019,Број,"Друштвене науке, новинарство и информисање",Ж,83
2019,Број,Умјетност и хуманистичке науке,Ж,38
2019,Број,Информационе и комуникационе технологије,Ж,4
2019,Број,"Инжeњерство, производња и грађевинарство",Ж,18
2019,Број,Oбразовање,Ж,36
2019,Број,"Пољопривреда, шумарство, рибарство и ветеринарство",Ж,7
2019,Број,"Пословање, администрација и право",Ж,13
2019,Број,"Природне науке, математика и статистика",Ж,15
2019,Број,Услуге,Ж,0
2019,Број,Здравство и социјална заштита,Ж,64
2020,Број,Укупно,Укупно,384
2020,Број,"Друштвене науке, новинарство и информисање",Укупно,86
2020,Број,Умјетност и хуманистичке науке,Укупно,65
2020,Број,Информационе и комуникационе технологије,Укупно,11
2020,Број,"Инжeњерство, производња и грађевинарство",Укупно,30
2020,Број,Oбразовање,Укупно,29
2020,Број,"Пољопривреда, шумарство, рибарство и ветеринарство",Укупно,20
2020,Број,"Пословање, администрација и право",Укупно,28
2020,Број,"Природне науке, математика и статистика",Укупно,20
2020,Број,Услуге,Укупно,0
2020,Број,Здравство и социјална заштита,Укупно,95
2020,Број,Укупно,M,156
2020,Број,"Друштвене науке, новинарство и информисање",M,41
2020,Број,Умјетност и хуманистичке науке,M,20
2020,Број,Информационе и комуникационе технологије,M,9
2020,Број,"Инжeњерство, производња и грађевинарство",M,15
2020,Број,Oбразовање,M,7
2020,Број,"Пољопривреда, шумарство, рибарство и ветеринарство",M,13
2020,Број,"Пословање, администрација и право",M,13
2020,Број,"Природне науке, математика и статистика",M,6
2020,Број,Услуге,M,0
2020,Број,Здравство и социјална заштита,M,32
2020,Број,Укупно,Ж,228
2020,Број,"Друштвене науке, новинарство и информисање",Ж,45
2020,Број,Умјетност и хуманистичке науке,Ж,45
2020,Број,Информационе и комуникационе технологије,Ж,2
2020,Број,"Инжeњерство, производња и грађевинарство",Ж,15
2020,Број,Oбразовање,Ж,22
2020,Број,"Пољопривреда, шумарство, рибарство и ветеринарство",Ж,7
2020,Број,"Пословање, администрација и право",Ж,15
2020,Број,"Природне науке, математика и статистика",Ж,14
2020,Број,Услуге,Ж,0
2020,Број,Здравство и социјална заштита,Ж,63
2021,Број,Укупно,Укупно,435
2021,Број,"Друштвене науке, новинарство и информисање",Укупно,117
2021,Број,Умјетност и хуманистичке науке,Укупно,64
2021,Број,Информационе и комуникационе технологије,Укупно,9
2021,Број,"Инжeњерство, производња и грађевинарство",Укупно,37
2021,Број,Oбразовање,Укупно,46
2021,Број,"Пољопривреда, шумарство, рибарство и ветеринарство",Укупно,28
2021,Број,"Пословање, администрација и право",Укупно,28
2021,Број,"Природне науке, математика и статистика",Укупно,20
2021,Број,Услуге,Укупно,4
2021,Број,Здравство и социјална заштита,Укупно,82
2021,Број,Укупно,M,181
2021,Број,"Друштвене науке, новинарство и информисање",M,46
2021,Број,Умјетност и хуманистичке науке,M,32
2021,Број,Информационе и комуникационе технологије,M,5
2021,Број,"Инжeњерство, производња и грађевинарство",M,19
2021,Број,Oбразовање,M,13
2021,Број,"Пољопривреда, шумарство, рибарство и ветеринарство",M,11
2021,Број,"Пословање, администрација и право",M,18
2021,Број,"Природне науке, математика и статистика",M,2
2021,Број,Услуге,M,2
2021,Број,Здравство и социјална заштита,M,33
2021,Број,Укупно,Ж,254
2021,Број,"Друштвене науке, новинарство и информисање",Ж,71
2021,Број,Умјетност и хуманистичке науке,Ж,32
2021,Број,Информационе и комуникационе технологије,Ж,4
2021,Број,"Инжeњерство, производња и грађевинарство",Ж,18
2021,Број,Oбразовање,Ж,33
2021,Број,"Пољопривреда, шумарство, рибарство и ветеринарство",Ж,17
2021,Број,"Пословање, администрација и право",Ж,10
2021,Број,"Природне науке, математика и статистика",Ж,18
2021,Број,Услуге,Ж,2
2021,Број,Здравство и социјална заштита,Ж,49
2022,Број,Укупно,T,430
2022,Број,"Друштвене науке, новинарство и информисање",T,85
2022,Број,Умјетност и хуманистичке науке,T,59
2022,Број,Информационе и комуникационе технологије,T,9
2022,Број,"Инжeњерство, производња и грађевинарство",T,53
2022,Број,Oбразовање,T,35
2022,Број,"Пољопривреда, шумарство, рибарство и ветеринарство",T,23
2022,Број,"Пословање, администрација и право",T,33
2022,Број,"Природне науке, математика и статистика",T,22
2022,Број,Услуге,T,10
2022,Број,Здравство и социјална заштита,T,101
2022,Број,Укупно,M,193
2022,Број,"Друштвене науке, новинарство и информисање",M,46
2022,Број,Умјетност и хуманистичке науке,M,25
2022,Број,Информационе и комуникационе технологије,M,6
2022,Број,"Инжeњерство, производња и грађевинарство",M,30
2022,Број,Oбразовање,M,17
2022,Број,"Пољопривреда, шумарство, рибарство и ветеринарство",M,5
2022,Број,"Пословање, администрација и право",M,9
2022,Број,"Природне науке, математика и статистика",M,7
2022,Број,Услуге,M,8
2022,Број,Здравство и социјална заштита,M,40
2022,Број,Укупно,Ж,237
2022,Број,"Друштвене науке, новинарство и информисање",Ж,39
2022,Број,Умјетност и хуманистичке науке,Ж,34
2022,Број,Информационе и комуникационе технологије,Ж,3
2022,Број,"Инжeњерство, производња и грађевинарство",Ж,23
2022,Број,Oбразовање,Ж,18
2022,Број,"Пољопривреда, шумарство, рибарство и ветеринарство",Ж,18
2022,Број,"Пословање, администрација и право",Ж,24
2022,Број,"Природне науке, математика и статистика",Ж,15
2022,Број,Услуге,Ж,2
2022,Број,Здравство и социјална заштита,Ж,61
2023,Број,Укупно,T,465
2023,Број,"Друштвене науке, новинарство и информисање",T,46
2023,Број,Умјетност и хуманистичке науке,T,71
2023,Број,Информационе и комуникационе технологије,T,8
2023,Број,"Инжeњерство, производња и грађевинарство",T,53
2023,Број,Oбразовање,T,49
2023,Број,"Пољопривреда, шумарство, рибарство и ветеринарство",T,9
2023,Број,"Пословање, администрација и право",T,66
2023,Број,"Природне науке, математика и статистика",T,25
2023,Број,Услуге,T,3
2023,Број,Здравство и социјална заштита,T,135
2023,Број,Укупно,M,179
2023,Број,"Друштвене науке, новинарство и информисање",M,11
2023,Број,Умјетност и хуманистичке науке,M,23
2023,Број,Информационе и комуникационе технологије,M,6
2023,Број,"Инжeњерство, производња и грађевинарство",M,32
2023,Број,Oбразовање,M,7
2023,Број,"Пољопривреда, шумарство, рибарство и ветеринарство",M,6
2023,Број,"Пословање, администрација и право",M,24
2023,Број,"Природне науке, математика и статистика",M,10
2023,Број,Услуге,M,2
2023,Број,Здравство и социјална заштита,M,58
2023,Број,Укупно,Ж,286
2023,Број,"Друштвене науке, новинарство и информисање",Ж,35
2023,Број,Умјетност и хуманистичке науке,Ж,48
2023,Број,Информационе и комуникационе технологије,Ж,2
2023,Број,"Инжeњерство, производња и грађевинарство",Ж,21
2023,Број,Oбразовање,Ж,42
2023,Број,"Пољопривреда, шумарство, рибарство и ветеринарство",Ж,3
2023,Број,"Пословање, администрација и право",Ж,42
2023,Број,"Природне науке, математика и статистика",Ж,15
2023,Број,Услуге,Ж,1
2023,Број,Здравство и социјална заштита,Ж,77
