Year,UNIT_MEASURE,Врста образовања,Пол,Value
2017,Број,Укупно,Оба пола,54
2017,Број,"Природне науке, математика и статистика",Оба пола,4
2017,Број,"Инжeњерство, производња и грађевинарство",Оба пола,6
2017,Број,information_and_communication_technologie,Оба пола,4
2017,Број,Здравство и социјална заштита,Оба пола,1
2017,Број,"agriculture,_forestry,_fisheries_and_veterinary_medicine: ",Оба пола,2
2017,Број,"Друштвене науке, новинарство и информисање",Оба пола,14
2017,Број,"Пословање, администрација и право",Оба пола,16
2017,Број,education,Оба пола,0
2017,Број,Умјетност и хуманистичке науке,Оба пола,7
2017,Број,services,Оба пола,0
2017,Број,Укупно,M,37
2017,Број,"Природне науке, математика и статистика",M,2
2017,Број,"Инжeњерство, производња и грађевинарство",M,3
2017,Број,information_and_communication_technologie,M,3
2017,Број,Здравство и социјална заштита,M,1
2017,Број,"agriculture,_forestry,_fisheries_and_veterinary_medicine: ",M,2
2017,Број,"Друштвене науке, новинарство и информисање",M,10
2017,Број,"Пословање, администрација и право",M,13
2017,Број,education,M,0
2017,Број,Умјетност и хуманистичке науке,M,3
2017,Број,services,M,0
2017,Број,Укупно,Ж,17
2017,Број,"Природне науке, математика и статистика",Ж,2
2017,Број,"Инжeњерство, производња и грађевинарство",Ж,3
2017,Број,information_and_communication_technologie,Ж,1
2017,Број,Здравство и социјална заштита,Ж,0
2017,Број,"agriculture,_forestry,_fisheries_and_veterinary_medicine: ",Ж,0
2017,Број,"Друштвене науке, новинарство и информисање",Ж,4
2017,Број,"Пословање, администрација и право",Ж,3
2017,Број,education,Ж,0
2017,Број,Умјетност и хуманистичке науке,Ж,4
2017,Број,services,Ж,0
2018,Број,Укупно,Оба пола,43
2018,Број,"Природне науке, математика и статистика",Оба пола,1
2018,Број,"Инжeњерство, производња и грађевинарство",Оба пола,3
2018,Број,information_and_communication_technologie,Оба пола,3
2018,Број,Здравство и социјална заштита,Оба пола,0
2018,Број,"agriculture,_forestry,_fisheries_and_veterinary_medicine: ",Оба пола,4
2018,Број,"Друштвене науке, новинарство и информисање",Оба пола,14
2018,Број,"Пословање, администрација и право",Оба пола,12
2018,Број,education,Оба пола,1
2018,Број,Умјетност и хуманистичке науке,Оба пола,5
2018,Број,services,Оба пола,0
2018,Број,Укупно,M,28
2018,Број,"Природне науке, математика и статистика",M,1
2018,Број,"Инжeњерство, производња и грађевинарство",M,1
2018,Број,information_and_communication_technologie,M,3
2018,Број,Здравство и социјална заштита,M,0
2018,Број,"agriculture,_forestry,_fisheries_and_veterinary_medicine: ",M,1
2018,Број,"Друштвене науке, новинарство и информисање",M,9
2018,Број,"Пословање, администрација и право",M,10
2018,Број,education,M,1
2018,Број,Умјетност и хуманистичке науке,M,2
2018,Број,services,M,0
2018,Број,Укупно,Ж,15
2018,Број,"Природне науке, математика и статистика",Ж,0
2018,Број,"Инжeњерство, производња и грађевинарство",Ж,2
2018,Број,information_and_communication_technologie,Ж,0
2018,Број,Здравство и социјална заштита,Ж,0
2018,Број,"agriculture,_forestry,_fisheries_and_veterinary_medicine: ",Ж,3
2018,Број,"Друштвене науке, новинарство и информисање",Ж,5
2018,Број,"Пословање, администрација и право",Ж,2
2018,Број,education,Ж,0
2018,Број,Умјетност и хуманистичке науке,Ж,3
2018,Број,services,Ж,0
2019,Број,Укупно,Оба пола,42
2019,Број,"Природне науке, математика и статистика",Оба пола,2
2019,Број,"Инжeњерство, производња и грађевинарство",Оба пола,1
2019,Број,information_and_communication_technologie,Оба пола,25
2019,Број,Здравство и социјална заштита,Оба пола,2
2019,Број,"agriculture,_forestry,_fisheries_and_veterinary_medicine: ",Оба пола,3
2019,Број,"Друштвене науке, новинарство и информисање",Оба пола,1
2019,Број,"Пословање, администрација и право",Оба пола,3
2019,Број,education,Оба пола,3
2019,Број,Умјетност и хуманистичке науке,Оба пола,2
2019,Број,services,Оба пола,0
2019,Број,Укупно,M,26
2019,Број,"Природне науке, математика и статистика",M,2
2019,Број,"Инжeњерство, производња и грађевинарство",M,0
2019,Број,information_and_communication_technologie,M,19
2019,Број,Здравство и социјална заштита,M,2
2019,Број,"agriculture,_forestry,_fisheries_and_veterinary_medicine: ",M,0
2019,Број,"Друштвене науке, новинарство и информисање",M,0
2019,Број,"Пословање, администрација и право",M,2
2019,Број,education,M,1
2019,Број,Умјетност и хуманистичке науке,M,0
2019,Број,services,M,0
2019,Број,Укупно,Ж,16
2019,Број,"Природне науке, математика и статистика",Ж,0
2019,Број,"Инжeњерство, производња и грађевинарство",Ж,1
2019,Број,information_and_communication_technologie,Ж,6
2019,Број,Здравство и социјална заштита,Ж,0
2019,Број,"agriculture,_forestry,_fisheries_and_veterinary_medicine: ",Ж,3
2019,Број,"Друштвене науке, новинарство и информисање",Ж,1
2019,Број,"Пословање, администрација и право",Ж,1
2019,Број,education,Ж,2
2019,Број,Умјетност и хуманистичке науке,Ж,2
2019,Број,services,Ж,0
2020,Број,Укупно,Оба пола,64
2020,Број,"Природне науке, математика и статистика",Оба пола,0
2020,Број,"Инжeњерство, производња и грађевинарство",Оба пола,3
2020,Број,information_and_communication_technologie,Оба пола,30
2020,Број,Здравство и социјална заштита,Оба пола,5
2020,Број,"agriculture,_forestry,_fisheries_and_veterinary_medicine: ",Оба пола,2
2020,Број,"Друштвене науке, новинарство и информисање",Оба пола,5
2020,Број,"Пословање, администрација и право",Оба пола,8
2020,Број,education,Оба пола,2
2020,Број,Умјетност и хуманистичке науке,Оба пола,9
2020,Број,services,Оба пола,0
2020,Број,Укупно,M,34
2020,Број,"Природне науке, математика и статистика",M,0
2020,Број,"Инжeњерство, производња и грађевинарство",M,0
2020,Број,information_and_communication_technologie,M,21
2020,Број,Здравство и социјална заштита,M,4
2020,Број,"agriculture,_forestry,_fisheries_and_veterinary_medicine: ",M,1
2020,Број,"Друштвене науке, новинарство и информисање",M,3
2020,Број,"Пословање, администрација и право",M,3
2020,Број,education,M,0
2020,Број,Умјетност и хуманистичке науке,M,2
2020,Број,services,M,0
2020,Број,Укупно,Ж,30
2020,Број,"Природне науке, математика и статистика",Ж,0
2020,Број,"Инжeњерство, производња и грађевинарство",Ж,3
2020,Број,information_and_communication_technologie,Ж,9
2020,Број,Здравство и социјална заштита,Ж,1
2020,Број,"agriculture,_forestry,_fisheries_and_veterinary_medicine: ",Ж,1
2020,Број,"Друштвене науке, новинарство и информисање",Ж,2
2020,Број,"Пословање, администрација и право",Ж,5
2020,Број,education,Ж,2
2020,Број,Умјетност и хуманистичке науке,Ж,7
2020,Број,services,Ж,0
