Year,UNIT_MEASURE,Научна област,Пол,Value
2017,Број,Укупно,Оба пола,130
2017,Број,"Природне науке, математика и статистика",Оба пола,10
2017,Број,"Инжeњерство, производња и грађевинарство",Оба пола,4
2017,Број,Информационе и комуникационе технологије,Оба пола,12
2017,Број,Здравство и социјална заштита,Оба пола,25
2017,Број,"agriculture,_forestry,_fisheries_and_veterinary_medicine",Оба пола,9
2017,Број,"Друштвене науке, новинарство и информисање",Оба пола,50
2017,Број,"Пословање, администрација и право",Оба пола,10
2017,Број,education,Оба пола,0
2017,Број,Умјетност и хуманистичке науке,Оба пола,10
2017,Број,services,Оба пола,0
2017,Број,Укупно,M,70
2017,Број,"Природне науке, математика и статистика",M,6
2017,Број,"Инжeњерство, производња и грађевинарство",M,3
2017,Број,Информационе и комуникационе технологије,M,9
2017,Број,Здравство и социјална заштита,M,6
2017,Број,"agriculture,_forestry,_fisheries_and_veterinary_medicine",M,4
2017,Број,"Друштвене науке, новинарство и информисање",M,29
2017,Број,"Пословање, администрација и право",M,4
2017,Број,education,M,0
2017,Број,Умјетност и хуманистичке науке,M,9
2017,Број,services,M,0
2017,Број,Укупно,Ж,60
2017,Број,"Природне науке, математика и статистика",Ж,4
2017,Број,"Инжeњерство, производња и грађевинарство",Ж,1
2017,Број,Информационе и комуникационе технологије,Ж,3
2017,Број,Здравство и социјална заштита,Ж,19
2017,Број,"agriculture,_forestry,_fisheries_and_veterinary_medicine",Ж,5
2017,Број,"Друштвене науке, новинарство и информисање",Ж,21
2017,Број,"Пословање, администрација и право",Ж,6
2017,Број,education,Ж,0
2017,Број,Умјетност и хуманистичке науке,Ж,1
2017,Број,services,Ж,0
2018,Број,Укупно,Оба пола,119
2018,Број,"Природне науке, математика и статистика",Оба пола,8
2018,Број,"Инжeњерство, производња и грађевинарство",Оба пола,3
2018,Број,Информационе и комуникационе технологије,Оба пола,11
2018,Број,Здравство и социјална заштита,Оба пола,37
2018,Број,"agriculture,_forestry,_fisheries_and_veterinary_medicine",Оба пола,9
2018,Број,"Друштвене науке, новинарство и информисање",Оба пола,16
2018,Број,"Пословање, администрација и право",Оба пола,10
2018,Број,education,Оба пола,3
2018,Број,Умјетност и хуманистичке науке,Оба пола,22
2018,Број,services,Оба пола,0
2018,Број,Укупно,M,56
2018,Број,"Природне науке, математика и статистика",M,3
2018,Број,"Инжeњерство, производња и грађевинарство",M,2
2018,Број,Информационе и комуникационе технологије,M,11
2018,Број,Здравство и социјална заштита,M,9
2018,Број,"agriculture,_forestry,_fisheries_and_veterinary_medicine",M,6
2018,Број,"Друштвене науке, новинарство и информисање",M,8
2018,Број,"Пословање, администрација и право",M,4
2018,Број,education,M,3
2018,Број,Умјетност и хуманистичке науке,M,10
2018,Број,services,M,0
2018,Број,Укупно,Ж,63
2018,Број,"Природне науке, математика и статистика",Ж,5
2018,Број,"Инжeњерство, производња и грађевинарство",Ж,1
2018,Број,Информационе и комуникационе технологије,Ж,0
2018,Број,Здравство и социјална заштита,Ж,28
2018,Број,"agriculture,_forestry,_fisheries_and_veterinary_medicine",Ж,3
2018,Број,"Друштвене науке, новинарство и информисање",Ж,8
2018,Број,"Пословање, администрација и право",Ж,6
2018,Број,education,Ж,0
2018,Број,Умјетност и хуманистичке науке,Ж,12
2018,Број,services,Ж,0
2019,Број,Укупно,Оба пола,165
2019,Број,"Природне науке, математика и статистика",Оба пола,10
2019,Број,"Инжeњерство, производња и грађевинарство",Оба пола,0
2019,Број,Информационе и комуникационе технологије,Оба пола,0
2019,Број,Здравство и социјална заштита,Оба пола,65
2019,Број,"agriculture,_forestry,_fisheries_and_veterinary_medicine",Оба пола,9
2019,Број,"Друштвене науке, новинарство и информисање",Оба пола,58
2019,Број,"Пословање, администрација и право",Оба пола,5
2019,Број,education,Оба пола,8
2019,Број,Умјетност и хуманистичке науке,Оба пола,10
2019,Број,services,Оба пола,0
2019,Број,Укупно,M,71
2019,Број,"Природне науке, математика и статистика",M,6
2019,Број,"Инжeњерство, производња и грађевинарство",M,0
2019,Број,Информационе и комуникационе технологије,M,0
2019,Број,Здравство и социјална заштита,M,19
2019,Број,"agriculture,_forestry,_fisheries_and_veterinary_medicine",M,6
2019,Број,"Друштвене науке, новинарство и информисање",M,28
2019,Број,"Пословање, администрација и право",M,2
2019,Број,education,M,5
2019,Број,Умјетност и хуманистичке науке,M,5
2019,Број,services,M,0
2019,Број,Укупно,Ж,94
2019,Број,"Природне науке, математика и статистика",Ж,4
2019,Број,"Инжeњерство, производња и грађевинарство",Ж,0
2019,Број,Информационе и комуникационе технологије,Ж,0
2019,Број,Здравство и социјална заштита,Ж,46
2019,Број,"agriculture,_forestry,_fisheries_and_veterinary_medicine",Ж,3
2019,Број,"Друштвене науке, новинарство и информисање",Ж,30
2019,Број,"Пословање, администрација и право",Ж,3
2019,Број,education,Ж,3
2019,Број,Умјетност и хуманистичке науке,Ж,5
2019,Број,services,Ж,0
2020,Број,Укупно,Оба пола,184
2020,Број,"Природне науке, математика и статистика",Оба пола,12
2020,Број,"Инжeњерство, производња и грађевинарство",Оба пола,2
2020,Број,Информационе и комуникационе технологије,Оба пола,5
2020,Број,Здравство и социјална заштита,Оба пола,96
2020,Број,"agriculture,_forestry,_fisheries_and_veterinary_medicine",Оба пола,14
2020,Број,"Друштвене науке, новинарство и информисање",Оба пола,22
2020,Број,"Пословање, администрација и право",Оба пола,1
2020,Број,education,Оба пола,8
2020,Број,Умјетност и хуманистичке науке,Оба пола,24
2020,Број,services,Оба пола,0
2020,Број,Укупно,M,79
2020,Број,"Природне науке, математика и статистика",M,8
2020,Број,"Инжeњерство, производња и грађевинарство",M,1
2020,Број,Информационе и комуникационе технологије,M,3
2020,Број,Здравство и социјална заштита,M,35
2020,Број,"agriculture,_forestry,_fisheries_and_veterinary_medicine",M,9
2020,Број,"Друштвене науке, новинарство и информисање",M,12
2020,Број,"Пословање, администрација и право",M,0
2020,Број,education,M,8
2020,Број,Умјетност и хуманистичке науке,M,3
2020,Број,services,M,0
2020,Број,Укупно,Ж,105
2020,Број,"Природне науке, математика и статистика",Ж,4
2020,Број,"Инжeњерство, производња и грађевинарство",Ж,1
2020,Број,Информационе и комуникационе технологије,Ж,2
2020,Број,Здравство и социјална заштита,Ж,61
2020,Број,"agriculture,_forestry,_fisheries_and_veterinary_medicine",Ж,5
2020,Број,"Друштвене науке, новинарство и информисање",Ж,10
2020,Број,"Пословање, администрација и право",Ж,1
2020,Број,education,Ж,0
2020,Број,Умјетност и хуманистичке науке,Ж,21
2020,Број,services,Ж,0
